text_id,text,annotator_1,annotator_2,annotator_3,label
swahili_text_2271_emotion_1,Me nta Breed to ma 🐕  Na niishi kwa Amani,"['fear', 'sadness']",['disgust'],['fear'],['fear']
swahili_text_5444_emotion_1,Kuna siku hand held shower head karibu ifanye nitoke bafu na magoti 🥴🥴🥴  Those things are not to be trifled with 😭😭😭,"['fear', 'surprise']",['fear'],"['disgust', 'sadness']",['fear']
swahili_text_354_emotion_1,Mwanaume unataka mwanaume mwingine akubambe aje whatsapp sasa 😅,['anger'],['sadness'],['anger'],['anger']
swahili_text_2536_emotion_1,Huyo ndranya huuza mboi alaf bado ye ugonga kastama wake bei has guts to diss Eastleigh niggas,[],['anger'],[],[]
swahili_text_899_emotion_1,"@nice_euna and he had the guts kuniambia niharakishe leo ni friday,anatoka mapema.",['fear'],['sadness'],['anger'],[]
swahili_text_1239_emotion_1,"Sometimes nikiwa rock bottom hujipata Kwa some dark webs and one of them ni chaturbate, that site is the ghetto, unapata mmama ako na 1 viewer doing all sorts of Babylonian shit bana hahaha","['disgust', 'surprise']","['disgust', 'joy', 'sadness']",['disgust'],['disgust']
swahili_text_5196_emotion_1,"Its okay not to like someone apa Twitter for whatever reasons, lakini  kitu mbaya ni kumchocha bei ndio uingie DM akupee nyap.",[],['joy'],['disgust'],[]
swahili_text_362_emotion_1,Chebet pink is true definition of a beautiful twitter honey hawa wengine ni maji maji,['disgust'],['joy'],['joy'],['joy']
swahili_text_3287_emotion_1,@Milele_FM @EvaMwalili AMEN EVAH ASANTE KWA MAOMBI ALFAJIRI HII NJEMA #BarakaZaMilele,['joy'],['joy'],['joy'],['joy']
swahili_text_5454_emotion_1,"Hizi mashida ni mingi, wacha nipigie mzazi nimuombe pesa","['anger', 'sadness']",['sadness'],['sadness'],['sadness']
swahili_text_2185_emotion_1,Eo ni nini larry anafanya surely?  Dancing career down!!!,"['anger', 'disgust']","['joy', 'surprise']",['disgust'],['disgust']
swahili_text_2143_emotion_1,Niliambiwa nikinyoa nywele ni kama nitawachwa 😂😂😂😭😭,"['fear', 'sadness']",['joy'],['sadness'],['sadness']
swahili_text_3618_emotion_1,Naona watu wameanza kukosa adabu nakuongea vitu vyandani hadhari oh sijui nani hajatairiwa.haya hio yako tupigie picha utupostie tuakikishe. https://t.co/qMP9ux7JJa,['disgust'],['disgust'],['anger'],['disgust']
swahili_text_1497_emotion_1,@UncleEvra Niliingia kwa kennel na haipendi,['sadness'],['joy'],[],[]
swahili_text_4930_emotion_1,Woooi kesho ni iile siku bana Monday 5th Arsenal igongwe alafu Agwambo pia mahakama imgonge khaiiiiiiii 💔,[],"['joy', 'surprise']",['sadness'],[]
swahili_text_5222_emotion_1,"Yoh grammar nazis,mkishinda doh Elitebet hua  mnaikataa juu ya hiyo meso venye ii hukuja na grammar wrong?","['anger', 'disgust']",[],['surprise'],[]
swahili_text_1744_emotion_1,@nellieafc Tukiwa wengi hawaezi tuua zote if ni mega demo,[],[],['anger'],[]
swahili_text_3964_emotion_1,Mnapenda beer ama ni beer pressure?,['anger'],['surprise'],['surprise'],['surprise']
swahili_text_2064_emotion_1,Hii ni kali ati Raila odinga amepigania kiti hajawai kukaalia lakini yeye amemakalia this is genius 😂😂😂😂 https://t.co/Oi1gF17lPc,['joy'],['joy'],['joy'],['joy']
swahili_text_4686_emotion_1,Venye hizo siku zimeenda haraka aki bado sijaeelewa!,['surprise'],['joy'],['surprise'],['surprise']
swahili_text_4631_emotion_1,Fan wa arsenal hawezi pitia nje ya ufungamano hse,[],[],['joy'],[]
swahili_text_1980_emotion_1,"Daaamn it, uyu ameona akisaidia babake vita atweza, haha wamchapwa pamoja na babake 😂😂😂",['surprise'],['joy'],['joy'],['joy']
swahili_text_3017_emotion_1,Watu hamdate on valentine's day mtakuwa mnafanya nini niwacopy😉,['fear'],['joy'],['joy'],['joy']
swahili_text_5046_emotion_1,But Nairobi people have money bro. Ukisema huns pesa ni wewe pekee yako hahaha,[],['joy'],['joy'],['joy']
swahili_text_829_emotion_1,@Osama_otero Kuna Ford flani huwa inakongoa mahindi ni mzee hadi ilipoteza number plate,['anger'],['surprise'],[],[]
swahili_text_202_emotion_1,"Kanairo increasingly becoming so confusing, unapata dem mrembo kisha unaambiwa ni lesbian.",['disgust'],"['sadness', 'surprise']","['anger', 'sadness']",['sadness']
swahili_text_4663_emotion_1,Na kuna mtu tu mahali analala leo usiku vizuri halafu by end of tomorrow's demos inampata pabaya?,['sadness'],['joy'],['sadness'],['sadness']
swahili_text_3907_emotion_1,"Mwanaume ni ku-beep madem kama kumi at once alafu anakimbia ku-tweet  ""just called bae. She aint pickin up!""",['joy'],['surprise'],['fear'],[]
swahili_text_3050_emotion_1,@Makiadi_ Unakuanga na wisdom mingi sana,['surprise'],['joy'],[],[]
swahili_text_250_emotion_1,Juzi my neiba nilisikia nduru kwenda nikapata the guy is beating up the lady the man isn't working he stays in the house whole day when the woman comes apike afue afanye everything yet hatafuti job when the lady asked he started beating her he wanted to stub her she screamed https://t.co/f0mh1q6Csu,['sadness'],"['disgust', 'sadness']","['anger', 'sadness']",['sadness']
swahili_text_878_emotion_1,WOOOI I MIC KIBAKI NA MATUSI ZAKE,['disgust'],['disgust'],"['sadness', 'surprise']",['disgust']
swahili_text_2876_emotion_1,"Sasa hawa lady footballers, huwa wanacheza mechi time wananyesha kweli?",['surprise'],['disgust'],['surprise'],['surprise']
swahili_text_5423_emotion_1,"Kuna professor hukam inooro fm late nights, manze huyo msee hujifanya anajua kila kitu",['disgust'],['disgust'],['disgust'],['disgust']
swahili_text_2431_emotion_1,@SesomKenya @GiladMillo @Kiss100Kenya TENA SANA #TeamADELLE #KISS,[],[],[],[]
swahili_text_1507_emotion_1,"Unaniguza na boobs alafu unaniambia pole, nani amekwambia nimeumia?🧐 In fact niguze tena ndio nikusamehe 😅🤣",['disgust'],['joy'],"['joy', 'surprise']",['joy']
swahili_text_4688_emotion_1,@Jadytrix Wewe mwenye umecheza na madaktari wamefunga ngapi?,['disgust'],[],[],[]
swahili_text_2456_emotion_1,watu 50 wanifollow niwabariki,[],[],[],[]
swahili_text_618_emotion_1,Huwa najua mwezi ni ngumu nikiamka daily  kabla alarm haija go off at 7am lol,['disgust'],['sadness'],[],[]
swahili_text_4377_emotion_1,Kuna subaru nilikua nimelipia nusu jiji nikaambiana nirudishiwe dooh juu niko na shoe-baru zangu kejani https://t.co/cCCpGu6jHb,['joy'],['surprise'],['disgust'],[]
swahili_text_4316_emotion_1,"Kuna bigwig alinifollow nikamfollow...after one day akani unfollow nikam unfollow pia.... Leo ni kama amesahau akanifollow tena, anadhani mi ni mjinga,sichezi io game😂😂😂",['joy'],['surprise'],"['sadness', 'surprise']",['surprise']
swahili_text_677_emotion_1,Naskia fiti sana,['joy'],['joy'],['joy'],['joy']
swahili_text_1770_emotion_1,@Sam_Lulli Pole Sana,['sadness'],[],['sadness'],['sadness']
swahili_text_4463_emotion_1,Pro abortion gang niwa gani tena,['surprise'],"['fear', 'surprise']",['surprise'],['surprise']
swahili_text_5305_emotion_1,"Kusearch job huku Kenya imekua noma,beste yangu flani imebidii adye nywele grey kidogo ndio ikae ni kama ako na experience.","['sadness', 'surprise']",['joy'],[],[]
swahili_text_4771_emotion_1,"DAKTARI SHAFIK, HELPS IN, MAN POWER, LUCKY RING, WIN BETTING, KUPATA MTOTO, SIASA, KINGA ZA BOMA, MAPENZI, KESI KOTINI, DAKTARI SHAFIK, HELPS IN, MAN POWER, LUCKY RING, WIN BETTING, KUPATA MTOTO, SIASA, KINGA ZA BOMA, MAPENZI, KESI  9LUCKY RINGS ,ETC CALL +254700423361",[],[],[],[]
swahili_text_2662_emotion_1,Very good to read about 4 people rescued alive today #HurumaMiracle Asante sana to all those involved in the rescue efforts - I salute YOU,['joy'],[],['joy'],['joy']
swahili_text_3348_emotion_1,Spinstors ndio tuko in the streets tunatafta ni nini tutakula supper.,['anger'],['joy'],[],[]
swahili_text_729_emotion_1,Mmesema kaa dreadi za tweep ni short hio ni kwashiakoo ama?,['disgust'],['disgust'],['surprise'],['disgust']
swahili_text_3466_emotion_1,Lakini kuna watu hawana haya mna msee ufungue catfish🚮 tabia oza kapsaa,['disgust'],['surprise'],"['disgust', 'sadness']",['disgust']
swahili_text_5266_emotion_1,Ndio nimebuy panga ntakata nayo waba leo,[],['joy'],[],[]
swahili_text_4180_emotion_1,KumuOA DEM MLUHYA  NA UJAPANDA MAHINDI ACRE KUMI NI KUJITACKLE,['fear'],['surprise'],[],[]
swahili_text_3125_emotion_1,Mwanaume imebidii ajifunze kupika 😣😣 very sad state of affairs .my ancestors hope wanaelewa sio mapenzi yangu.,['anger'],['sadness'],['sadness'],['sadness']
swahili_text_3036_emotion_1,"btw I have never met a woman who doesn't enjoy cooking. Heh, hawa wa Twitter complaining about cooking 4 their men sijui ni wa sampuli gani",['disgust'],['surprise'],"['disgust', 'surprise']","['disgust', 'surprise']"
swahili_text_4793_emotion_1,"Wanaume siku moja waamke wavute watu kazi for all manner of sins past and current bana, if it is to end in fire then we should all die togeather.",['anger'],['anger'],['disgust'],['anger']
swahili_text_931_emotion_1,"But your first car mtu huwa mpumbavu Sana, I remember I used to go to the carwash everyday, siku hizi mimi hungojea mvua.",['disgust'],['anger'],['surprise'],[]
swahili_text_755_emotion_1,Ni mimi solo napenda ivar the boneless ama niko na shida... His intelligence is something else bana,['disgust'],['joy'],[],[]
swahili_text_4203_emotion_1,@GhettoRadio895 @MajimajiKenya @King_Kafu BIG UP KILA MTU AKO LOKT @GhettoRadio895 SAUTI YA MTAA.📻📻📻 #Brekko @MajimajiKenya @King_Kafu,[],['joy'],[],[]
swahili_text_1233_emotion_1,@254_icon @TrevyLord Vibaya sana,['sadness'],['sadness'],[],['sadness']
swahili_text_3217_emotion_1,Wale machief waliambiwa watarudisha hadi motorbike waanze kusiphon hiyo mafuta saa hizi😂😂😂,['fear'],['surprise'],"['disgust', 'surprise']",['surprise']
swahili_text_1235_emotion_1,Obama karibu kenya but ujue Nairobi ni ngori kuna alshaabab wezi polisi na Twitter hunnies hao chungana nao sana,['fear'],"['fear', 'joy']",[],['fear']
swahili_text_3109_emotion_1,HAHAHAHA mko na ufala sana,['joy'],['joy'],['joy'],['joy']
swahili_text_5080_emotion_1,Blocked AIRTEL... Sasa Waringe,[],[],[],[]
swahili_text_5500_emotion_1,Hawa madem wa mayolo ni warembo buana 😘😍🇰🇪🇰🇪🇰🇪🇰🇪🇰🇪🇰🇪,[],['joy'],['joy'],['joy']
swahili_text_2570_emotion_1,Juzi nilikunywa keg flani imeekwa maji I have never been so disappointed in my life,['sadness'],['sadness'],"['anger', 'disgust']",['sadness']
swahili_text_4862_emotion_1,Better wake up tomorrow Morning With Drake's Respond!,[],[],[],[]
swahili_text_2352_emotion_1,Kudate neighbour ni shida...siwezi sahau day tulichoma makaa kwetu wakaniforce niende niulize kama wanaeza buy🤣Dark days then,['sadness'],['sadness'],['joy'],['sadness']
swahili_text_5483_emotion_1,@Belive_Kinuthia Mtu mungwana sana huyu jamaa wa barua,[],[],[],[]
swahili_text_5443_emotion_1,@radiomaisha @antondiema Asanti kwa Mungu #SafariNaNdiema,['joy'],[],['joy'],['joy']
swahili_text_3992_emotion_1,"Sasa akinyakuliwa na tweep mwingine si hio ni mezesha hehe, alafu siku ifike ngeos idai ""he's the love of my life""",['fear'],['surprise'],[],[]
swahili_text_4620_emotion_1,The two-day retreat  brings together Permanent Representatives from 55 AU member states and eleven members of ACHPR to discuss various issues of concern between the commission and member states with special focus on issue of protection of human rights within the continent.#AU https://t.co/F0idFcCsF8,[],[],[],[]
swahili_text_3330_emotion_1,ni kama watu walikula quail zote zikaisha kenya,['disgust'],['surprise'],['surprise'],['surprise']
swahili_text_2019_emotion_1,Sparking by cronnix.... #Dundaa...my Dj @deejaykatta ... bigop WAINGO WA CHOO AKOSONGI KWA HII SHOO ANATAMBUA @GhettoRadio895,[],['joy'],[],[]
swahili_text_2547_emotion_1,Harakisha Kumaliza Campus tukuonyeshe Sites za Mjengo,[],[],['anger'],[]
swahili_text_491_emotion_1,Our admin is fucking stupid haoni fans vile wamejam na yeye ni kuweka tweets tu,['anger'],"['anger', 'sadness']","['anger', 'disgust']",['anger']
swahili_text_5235_emotion_1,Haya wale wakora pia kenya mnadanganya watu sahii ni sabuni tosha bora maji yawe ni ya kupita https://t.co/aql9AIcde3,[],[],[],[]
swahili_text_2050_emotion_1,@VincentOngera Tuwache kupangia Mungu kazi yake 😂😂😂,[],['joy'],['joy'],['joy']
swahili_text_3822_emotion_1,@dexxe Asubui weka videos mapema kabla hao watu wa dmca waamke,['disgust'],['sadness'],['fear'],[]
swahili_text_703_emotion_1,"Van Gaal TUMECHOKA BWANA, TUWACHE TAFADHALI THOOOOOH ,",['anger'],['anger'],[],['anger']
swahili_text_4473_emotion_1,Sasa huyu mzee ni nn shida yake?,['anger'],['anger'],"['anger', 'disgust']",['anger']
swahili_text_3853_emotion_1,"We recently booked our client at La Maison Royale Nairobi, a 4 star superior boutique business hotel with a “French taste” it did not disappoint.  @MagicalKenya https://t.co/IzBrBUX4CH",['fear'],['joy'],['joy'],['joy']
swahili_text_2100_emotion_1,Mimi ukiniona online nakuwaga tu nikingoja bae a reply. Nyinyi wengine ni collateral damage.,"['disgust', 'surprise']",[],[],[]
swahili_text_1021_emotion_1,Skia sasa💥💥💥🔔🔔 @ShattaTikiTaka @Deejayrambo1 #UsikuSacco,[],['surprise'],[],[]
swahili_text_1183_emotion_1,Kuna watu apa watumia slogan ya watu wengine hio tabia wataacha coz wakamasai ni mmoja apa radio Citizen wakome na izo wizi ya kuiba slogan za watu wengine,['anger'],['anger'],['anger'],['anger']
swahili_text_5287_emotion_1,"Kuna jamaa iliniambia eti Messi hawezi beba team one man hii statement ilinibreak vibaya sana,I almost cried but nikacheka tu",['sadness'],['sadness'],['sadness'],['sadness']
swahili_text_1093_emotion_1,@KenyanTchalla @Kalasinga_ @calvin9_3 Hapo ni mungu tu ndio anajua sasa,[],[],"['fear', 'sadness']",[]
swahili_text_3590_emotion_1,Kama wewe uko twitter jua wewe ni attention whore,"['anger', 'disgust']",['sadness'],"['anger', 'disgust']","['anger', 'disgust']"
swahili_text_1981_emotion_1,@AthianiFM @likuyidaniel37 Pamoja,[],[],[],[]
swahili_text_3139_emotion_1,This is one of the reasons why talking with an Ex when you are dating is a bad idea huyu sasa amekuwa cheated on 😭😭🥺,['disgust'],['surprise'],['fear'],[]
swahili_text_1421_emotion_1,@TheKaslim Tuko pamoja,[],[],[],[]
swahili_text_5471_emotion_1,Najua kuna mtu hapa anasema hawezi ni Date✅  Sikutaki wewe umbwa🤣,['anger'],['anger'],['joy'],['anger']
swahili_text_3918_emotion_1,Mpasho kiherehere smh wanasema lucia musau anaexpect twins na yeye mwenyewe hana habari,['surprise'],['surprise'],"['sadness', 'surprise']",['surprise']
swahili_text_1070_emotion_1,@Just_Wanjiru Hawa ni akina nani hawana adabu hivi,['surprise'],['anger'],['surprise'],['surprise']
swahili_text_5008_emotion_1,"Acha ni ghost huyu, huwezi niambia how to treat you nikama sijui kitu nafanya.",['anger'],['surprise'],['disgust'],[]
swahili_text_415_emotion_1,Mat ikiwa chafu hata ulipishe mbao madem hawawez ingia.  Hii ni nai 2014,['sadness'],['disgust'],['sadness'],['sadness']
swahili_text_5505_emotion_1,Ombachi amefanya nika skia njaa bana sasa lazima ni nunue kuku buana,['sadness'],['anger'],['joy'],[]
swahili_text_3687_emotion_1,Ni kama mtu aki tweet via iphone anapewa pesa venye wana behave,['disgust'],['surprise'],['surprise'],['surprise']
swahili_text_4506_emotion_1,"@ZukuOfficial ningependa kutuma salamu kwa Wepukhulu, Nafula na Wang'ombe,  pia Ndungu amewasalimia sana",[],[],['joy'],[]
swahili_text_1613_emotion_1,"@sheilah_chep @Biancawamu2 @Sheikhmakau Ile inanisinya hata saidi ni venye wanasema hakutakuwa na interviews, they want to sit down somewhere and just select who they want, hapo ndio ukora itafanywa mingi","['anger', 'disgust', 'sadness']",[],"['anger', 'fear']",['anger']
swahili_text_693_emotion_1,"Slay Queen wengi hapa wako ushago,huwezi waona wakipost hizo magitheri wanakula na hii ukame,sahii wanadownload picha za food zenye wame google ndio wanapost,we know you pipo,pambana na hali yenu sichupiti",['anger'],"['disgust', 'surprise']",[],[]
swahili_text_2440_emotion_1,@Thu_oh Hahaha hii GW nimekua LopeteGui,['surprise'],[],['joy'],[]
swahili_text_5158_emotion_1,"Mtu anasema mimi ni darkskin, hajui mimi ndio mjaluo lightskin hii twitter yote",[],"['joy', 'surprise']",['joy'],['joy']
swahili_text_3527_emotion_1,"You know, membership of the APRM is voluntary and open to all African Union (AU) countries.   #APRMReportLaunch",[],[],[],[]
swahili_text_3301_emotion_1,@karigoh Shit happened to back then in 2011 i even met the director hadi leo sijai itwa hahaha,['disgust'],['surprise'],['joy'],[]
swahili_text_2370_emotion_1,"Alafu mzee akiona mtoto ni mwerevu, anajitokeza eti mtoto ni wake 😂😂 https://t.co/kOzTFpGAxV",['surprise'],['joy'],['joy'],['joy']
swahili_text_2268_emotion_1,OMG! so late to wake up!! SillyMe,"['sadness', 'surprise']",['anger'],"['anger', 'sadness']","['sadness', 'anger']"
swahili_text_1757_emotion_1,Siasa msiweke kwa roho ata mapenzi imewashinda,['fear'],['surprise'],[],[]
swahili_text_4033_emotion_1,Kama hauna homa sahii shukuru shida zako haha,[],['surprise'],['joy'],[]
swahili_text_600_emotion_1,VIJANA WAWILI WA SHULE YA MSINGI YA AMANI KULE KARANGATHA HUKO KINGAPO KUSINI WALIAGA DUNIA HAPO JANA BAADA YA KUZAMA MAJINI,['sadness'],['sadness'],['sadness'],['sadness']
swahili_text_212_emotion_1,mbunde naona ni regular viewer wa tujuane labda yuatafuta r/ship advice coz zake huwa haziwork,[],['sadness'],[],[]
swahili_text_3946_emotion_1,Kericho MCAs nyinyi ni washenzi President William Ruto amesema niwaambie ivo  😂😀 https://t.co/oiND6TViD7,['anger'],['surprise'],['anger'],['anger']
swahili_text_4212_emotion_1,ume wahi amka ukaoga uka vaa kwenda kazi lakini uka shindwa kwenda,['sadness'],['surprise'],"['sadness', 'surprise']","['sadness', 'surprise']"
swahili_text_5089_emotion_1,@MB_254 icio ni iria uugaga kaba kũraara mwetũkainĩ ta ngiria,[],[],[],[]
swahili_text_736_emotion_1,Hiyo ata nilikuwa naona ni red,[],['sadness'],['surprise'],[]
swahili_text_5399_emotion_1,Si i thought kidnapping ni kufunga mtoi nape ama??,['surprise'],['surprise'],['joy'],['surprise']
swahili_text_4085_emotion_1,Lakini jamaa pia inainsist kupelekana out ata mrembo akisema io night hafeel poa.. halafu unamblame ukipata ananyesha,['sadness'],['disgust'],['fear'],[]
swahili_text_2836_emotion_1,sasa mnasema safe abortion na nyinyi ni wauwaji you all losers need Jesus,['anger'],['sadness'],['disgust'],[]
swahili_text_1255_emotion_1,"Sala: Ninakuabudu wewe Mungu uliye jificha kweli katika Ekaristi, katika maumbo ya mkate na divai. Moyo wangu wote unajikabidhi kwako, kwa kukutafakari wewe unajikabidhi kwako. Asante Bwana kwakungarisha maisha yangu kila siku kwa chakula cha malaika. Yesu, nakuamini wewe. Amina.",[],[],['joy'],[]
swahili_text_1491_emotion_1,@Lukumbamba @Rys__dad @_GreatnessTupu Wacha ni google hypergamic ndio point isink in vile inafaa,[],['joy'],[],[]
swahili_text_3089_emotion_1,Watu huwa hawaelewi vile support from online strangers hukuwa appreciated. Juu kwenu labda hakuna mtu anaamini💀,['surprise'],['sadness'],['sadness'],['sadness']
swahili_text_133_emotion_1,Haha failed marriage niggaswanataka kila mtu awe their level https://t.co/bmy1rf202q,['disgust'],['surprise'],['sadness'],[]
swahili_text_1801_emotion_1,Hii huduma number nayo hapanaa 🤔,['disgust'],['anger'],['sadness'],[]
swahili_text_4910_emotion_1,Ati tunatoka kwa vitabu tunaingia vilabu🤦🏾‍♀️ Campus kids hehe,['surprise'],['joy'],['disgust'],[]
swahili_text_2016_emotion_1,Haha nikama ni wanaume pekee hawananga story za bestfriends kosokoso manze,['surprise'],[],"['joy', 'surprise']",['surprise']
swahili_text_448_emotion_1,"@miss_illa1 @NyceFMke @sweetboy_sb hayo ni makosa makubwa sana mtu afaa atafute rika lake,kumtongoza mama nikukosa heshima.",['anger'],"['anger', 'disgust']",['sadness'],['anger']
swahili_text_3889_emotion_1,Nini imewaksirisha leo ?,"['anger', 'surprise']",['sadness'],['anger'],['anger']
swahili_text_4807_emotion_1,Unachukia Ethics cha ukweli ama ni peer pressure tu?,[],[],['disgust'],[]
swahili_text_4907_emotion_1,"@freddyholysan Okay, maybe i didn't know about that.. Maybe you can share a link to any of what you have said ndio pia mimi nijisomee izo allegations.",[],[],['sadness'],[]
swahili_text_3212_emotion_1,@kilunda_  Si Juzi Ulikua Unalia Lia Hapa Tu,['surprise'],['anger'],[],[]
swahili_text_4666_emotion_1,Ushai watch  video za primitive living pale YouTube?? Sahii ndio nime shindwa mbona hawa watoto wame konda hivi na vile wana shindanga waki kula?🤔 https://t.co/caYfkEB6jZ,['surprise'],['surprise'],['surprise'],['surprise']
swahili_text_786_emotion_1,@Chamanenyu_ Umesaidia watu wengi Sana,['joy'],['joy'],['joy'],['joy']
swahili_text_5018_emotion_1,@Hey__Z Haha hukua hivo...huwa wanachezwa mbaya...no wonder most of them unawaeza waona wanaishi hio lifestyle ya diani and stuff but in reality wako broke af cuz wazae wanawapee life but si doo🤣,"['anger', 'disgust']",['joy'],"['disgust', 'joy']","['disgust', 'joy']"
swahili_text_3744_emotion_1,"Hao wanatupiana subs,na labda saa huu mkia iko ndani ikiosha kuma.Mnatubebanga aje lakini??",['anger'],['disgust'],['disgust'],['disgust']
swahili_text_2307_emotion_1,Hahahha paparazzi ni wengi ala!,"['sadness', 'surprise']",['surprise'],['joy'],['surprise']
swahili_text_2423_emotion_1,Jana niliangukia sure alafu spesa na elite zote wakakataa nikibet saitan,['sadness'],[],['anger'],[]
swahili_text_84_emotion_1,wale mlienda tao kusaka maisha ukipatana na yangu nileteee niko muranga,['disgust'],['joy'],[],[]
swahili_text_996_emotion_1,Mmembiwa muache kutusi single mothers huku juu ni mama za watu pia,['disgust'],['anger'],['sadness'],[]
swahili_text_1266_emotion_1,Huyo msee asichore tena walahi 🤣🤣🤣🤣🤣🤣🤣,"['disgust', 'joy']",['joy'],['joy'],['joy']
swahili_text_852_emotion_1,@Ranzolyn @DjKymNickDee USINICHIZISHE NA HIO CELEBRATION. POLE POLE MR. DJ...KWANI LEO UMEAUAJE..NIHARIBU KICHWA KABISA LETA ROZAY BOX CHEVY,['sadness'],['joy'],[],[]
swahili_text_76_emotion_1,"Watu wanateta kuhusu bei ya hizo sweeti ndo hupitia wines and spirit before waende club wanashinda wamenyonya boti moja alafu following day  wanasema ""last night was lit you guy my guy""",['anger'],['sadness'],['sadness'],['sadness']
swahili_text_3379_emotion_1,Campaign money imefika hapo kwenu? ama niwaletee,['joy'],['joy'],['joy'],['joy']
swahili_text_4330_emotion_1,Sasa huyo dame wa kinyozi nini mbaya na yeye ?,['anger'],['anger'],['surprise'],['anger']
swahili_text_1288_emotion_1,@JoyceLorna hahaha..but the flowers were seasonal..so you were busy only during a season..wakati mwingine nikuchill tu..hehe,"['joy', 'surprise']",['joy'],"['joy', 'surprise']","['joy', 'surprise']"
swahili_text_1205_emotion_1,It is really bad kama wewe ni mtu wakupayuka ukirukwa line 😂😂😂 wamama hamna adabu bana,"['anger', 'sadness']","['joy', 'sadness']",['joy'],"['sadness', 'joy']"
swahili_text_186_emotion_1,"Leo nikama nita dandia matt hadi mtaa, fueya ongee",['sadness'],['fear'],['sadness'],['sadness']
swahili_text_2502_emotion_1,@Jduke41263935 @AldrinOuma @K24Tv Kwani Mimi ni hakimu ndio niitishe evidence?,['anger'],[],['surprise'],[]
swahili_text_2851_emotion_1,@tarus_caleb @PeratoN_Senior AKACHANGANYIKIWA SANA,['fear'],['surprise'],['anger'],[]
swahili_text_5245_emotion_1,Hizo ni fonts gani munatumia ah jameni,"['anger', 'sadness']",['joy'],['surprise'],[]
swahili_text_1745_emotion_1,Mukapate kutakasswa na kufanywa viumbe wapya ndani ya Mokozi,[],[],['joy'],[]
swahili_text_5173_emotion_1,Yaani that mama has rode in the beast??? Na huku kuna wenye wanang'ang'ana kuchotwa na probox?,['surprise'],['surprise'],"['disgust', 'surprise']",['surprise']
swahili_text_4932_emotion_1,"Kama you have ever experienced some  mental shit you will understand that, kuambia  mtu anakapitia ati ""keep going"" is not enough maahn....",[],[],['sadness'],[]
swahili_text_871_emotion_1,@bonniemusambi Pole sana Boni,['sadness'],['sadness'],[],['sadness']
swahili_text_2762_emotion_1,@BramJambo  wanasiasa hawana uhakika na wapiga kura.hiyo inawafanya waibe wakijuwa hata wasiporudishwa wana cha kujivunia walitoa huko,['fear'],['disgust'],['anger'],[]
swahili_text_3385_emotion_1,Eeee na ni yy ameiba beshte yangu polisi nao huwa hawataki kuskiza aki  https://t.co/cEiN3s3zsm,['sadness'],['surprise'],['anger'],[]
swahili_text_4922_emotion_1,@KTNNews @MKapombe HI NI KUINUA UFISADI NA KUANGAMIZA WAKENYA,"['anger', 'sadness']",[],['sadness'],['sadness']
swahili_text_555_emotion_1,Sasa they have exposed that gambler to migori thugs na venye ni wengi hazi ma leaders wao sad bana we are our own enemies bana,['fear'],['sadness'],"['anger', 'fear']",['fear']
swahili_text_551_emotion_1,Kuna bet nililoose leo baado sijarcover bana almost won 250k...wah,['sadness'],['sadness'],['anger'],['sadness']
swahili_text_849_emotion_1,Huyu nae amesema Rao ni mzee wacha atimuliwe,['joy'],['anger'],[],[]
swahili_text_5025_emotion_1,Kisumu Dala wa,[],[],[],[]
swahili_text_1347_emotion_1,Dem akikushow ata uangalie maziwa isimwagike kitchen heri uache imwagike tu juu next ni kufua utamfulia haha,['surprise'],['joy'],['disgust'],[]
swahili_text_893_emotion_1,MSHAURI WA NDOA NAYE KATOMBEWA 🥺🤔🤣🤣,['anger'],"['disgust', 'surprise']",['sadness'],[]
swahili_text_1252_emotion_1,Nimeona hako kamrembo ka arsenal welele the problem ni kusupport the wrong team,['surprise'],['joy'],['disgust'],[]
swahili_text_4297_emotion_1,sasa girlchild huku ali ni block like the intelligent guy that i am niko na account ingine namkatia nayo✌✌✌✌✌✌✌,['joy'],['surprise'],['anger'],[]
swahili_text_1492_emotion_1,Shoba alisema ati we twitter people ni rich kids hatueleweli struggles za ku buy vitu kwa soko tunaendeanga supermarket haha,"['disgust', 'joy', 'sadness']",[],"['joy', 'surprise']",['joy']
swahili_text_4946_emotion_1,Wee ni umbwa saana na vile babako amewatesa https://t.co/lyIbJ1X7SG,['anger'],['anger'],['disgust'],['anger']
swahili_text_329_emotion_1,"@BarchokHillary Pole sana, may his soul RIP",['sadness'],['sadness'],['sadness'],['sadness']
swahili_text_2752_emotion_1,Kesho kuna watu wataamka  wakose kazi na wengne wataamka na stock ya kuuza. Ile wizi iko  apa wathii n kama wenye waliset moto walikua wamejipanga,"['fear', 'sadness', 'surprise']",[],['surprise'],['surprise']
swahili_text_3756_emotion_1,Kuna mtu alisema most women feel like the men in their lives fumbled them. Like hakuna mwanamke mwenye alifumble and I love that level of delusion. 😂😂😂,['disgust'],['surprise'],['joy'],[]
swahili_text_1565_emotion_1,Jamani jana kidogo nishangae bundles ziko lakini kusaf ikawa balaa nawapata from ikonyero kakamega show iko juu #kazimpango,['surprise'],[],[],[]
swahili_text_802_emotion_1,BALE MPYA WALE WA MTUSH SAFI SAFI 🔥 AVAILABLE WITH AFFORDABLE PRICES 🧢✨ LOCATED @ KIRIGITI-KAMITI ALL YOUR WELCOME https://t.co/ZVIrciJvVH,[],['joy'],[],[]
swahili_text_4652_emotion_1,Watu wa bmw Kenya hukaa sawa but deep down wanataka  barabara wanaeza pita right all the way through,[],['joy'],['joy'],['joy']
swahili_text_4379_emotion_1,@AishaWanjiku_ @JheneAiko Wacha watu wafungue,[],['surprise'],[],[]
swahili_text_2919_emotion_1,Kuna watu mkidebate hawataki kushindwa,"['anger', 'disgust']",['disgust'],['surprise'],['disgust']
swahili_text_2537_emotion_1,Hyo mechi sijui ni kae posture gani ndio ni some matusi,[],['surprise'],['surprise'],['surprise']
swahili_text_5150_emotion_1,#MwashumbeNaShugaboy REPRESENTING KASARANI MWIKI MY HOOD LOCKED HADI TAMATI,[],[],[],[]
swahili_text_1441_emotion_1,"Hiini common, alafu ukirudi home mzazi anakuuliza mbona huwa unalala at times till 12 , hajui ni kuzoea umezoea. https://t.co/zGEP4AbZTJ",[],[],[],[]
swahili_text_1702_emotion_1,Ungati sitambui ni mtu kuniongelesha vile anajiskia,"['anger', 'disgust']",[],['anger'],['anger']
swahili_text_36_emotion_1,@UKenyatta TUKO PAMOJA ALWAYS KUSEMA NA KUTENDA UHURU TANO TENA,[],[],[],[]
swahili_text_4351_emotion_1,@RadioJamboKenya @skmusyoka uLIMI YA @Gidiogidi IKO NJE AMA  ANATAKA KULA NYAMA..HE HEEE,['joy'],['surprise'],['surprise'],['surprise']
swahili_text_2071_emotion_1,"Last week Friday nilienda kulewa nikafika keja nikajiwekelea around 8, nilikuja kujiskia 5 asubuhi na nilikuwa nimeweka simu airplane mode, nilishtua mtu vibaya Sana coz she thought I died aki",[],"['sadness', 'surprise']",[],[]
swahili_text_5184_emotion_1,Ati bei ya shrooms ilikuwa ngapi?,[],['surprise'],[],[]
swahili_text_5321_emotion_1,My dogs need to be disciplined😑. Kazi ni kukojolea maua na kupoop kila mahali,['sadness'],['disgust'],['disgust'],['disgust']
swahili_text_2913_emotion_1,"WE WILL NOT ALLOW JUBILEE PARTY TO IMPOSE A PERSON ON US. NAIVASHA IS OUR BUSINESS,LAKEVIEW IS MY PRIDE AND THE SEAT IS OUR BUSINESS .WE WANT TO BATTLE IT OUT FAIR AND SQUARE ON THE BALLO. TWATAKA HAKI YETU .HAKI YA UCHAGUZI WA USAWA NA HAKI KWA BALLOT.@WilliamsRuto @susankihika",['fear'],['anger'],['anger'],['anger']
swahili_text_4006_emotion_1,Mungu asante kwa mahaters,['sadness'],['joy'],[],[]
swahili_text_4874_emotion_1,My baby loves everything hata dawa anakunywaga anaramba mdomo plus kijiko 😂😂,[],['joy'],['joy'],['joy']
swahili_text_137_emotion_1,Vile nateseka hivi huezi amini kuna watu wakona deni yangu,['surprise'],['sadness'],"['anger', 'sadness']",['sadness']
swahili_text_1586_emotion_1,@NanjieGalgalo @HELBpage Asante sana,['joy'],[],['joy'],['joy']
swahili_text_797_emotion_1,Leo whiskey river imejaa kweli ni end month,['fear'],['joy'],[],[]
swahili_text_1486_emotion_1,@mwilu254 Asante sana,['joy'],[],['joy'],['joy']
swahili_text_543_emotion_1,Join and get Karibu bonus available to all new @ChezaCash participants. #ChezaCash https://t.co/mxiMSQO57e,[],['joy'],[],[]
swahili_text_1581_emotion_1,Africans huwa na ushamba mwingi sana ukatoboa pua ushaaitwa shoga 🤣🤣,['surprise'],['joy'],['surprise'],['surprise']
swahili_text_4513_emotion_1,Sasa hao mafans walikuwa wamejaa wameenda wapi wote nkt,['anger'],['surprise'],['anger'],['anger']
swahili_text_416_emotion_1,Weed nayo inakuwa extinct na 4:20 inakaribia hehe mtabakia mmevuta waya tu,['surprise'],['fear'],[],[]
swahili_text_54_emotion_1,"Most liquor store owners huku, no creativity at all, unapata almost all of them zinaitwa, 'The Liquor store ' ni Font tu wanabadilisha","['disgust', 'surprise']",['sadness'],['sadness'],['sadness']
swahili_text_1868_emotion_1,Hii kukuliwa dem ni doe? Si mtu anapeana pussy yake?,['surprise'],['joy'],['surprise'],['surprise']
swahili_text_4462_emotion_1,Itumbi is not tweeting results za Machakos bana... Ameona hapo ni kichapo cha mbwa wanapokea,"['fear', 'surprise']",['surprise'],['surprise'],['surprise']
swahili_text_4155_emotion_1,Nikipatana na crush ka sijapiga luku huwa naskia ka nta mwambia asimame hapo nifike kejani nirudi 😏,['anger'],['surprise'],['sadness'],[]
swahili_text_1536_emotion_1,Hapa kwa Rihanna tutapanga line mpaka Yesu arudi,"['disgust', 'sadness']",[],[],[]
swahili_text_3812_emotion_1,Lakini ukipigiwa kwako huna authority ya kurepresent wasee abt their places haha,['fear'],['surprise'],['sadness'],[]
swahili_text_1651_emotion_1,@QwetuRadio @DorahManya #QwetuJumapili Nashukuru kwa Maana Umetenda Bwana @EmilyNakhungu,['joy'],[],['joy'],['joy']
swahili_text_5109_emotion_1,@EuMordue @Peter_Monari @StateHouseKenya Karibu,[],[],[],[]
swahili_text_2021_emotion_1,Hii dunia wengine wetu tuliletwa kuona wengine wakiponda maisha vilivyo,['sadness'],"['joy', 'surprise']",['anger'],[]
swahili_text_5128_emotion_1,"The political history of mafias is dead, tuko kenya na sisi ni wakenya, tunaamua kulingana na yule anayefanya kazi",[],['sadness'],['sadness'],['sadness']
swahili_text_3002_emotion_1,Hawa watu wa makueni hawataacha tupumue 😏😏😏😪,['anger'],['sadness'],['disgust'],[]
swahili_text_3489_emotion_1,Watu tulikuwa nao jana ndio wanaingia sahi in shades and shit🤣,['disgust'],['surprise'],"['joy', 'surprise']",['surprise']
swahili_text_3769_emotion_1,@MwalimuRachel Kujia yangu😂😂,['joy'],['surprise'],['joy'],['joy']
swahili_text_1659_emotion_1,Asante sana Baba yetu Uliye Juu,['joy'],[],['joy'],['joy']
swahili_text_301_emotion_1,Hio pesa wanataja wamepotezea kwa event moja yenye ata ingekuwa ya ukweli wangeleta huyo ninja wa Nigeria akuje kuudhi watu with 27 minutes club appearance disguised as a playback performance wakinipatia naweza weka event once every month for like 5 months straight buana.,['surprise'],"['anger', 'sadness']",['sadness'],['sadness']
swahili_text_4785_emotion_1,Sasa tena ati mwanaume hafai kuoga twice!! Navenye naoga twice a day 20min each session n use 2 different soaps. Sawa acha tu nilale sasa,['surprise'],['joy'],"['anger', 'disgust', 'surprise']",['surprise']
swahili_text_2412_emotion_1,"heard this music, usinishike nyonyo lakini nshike kwingine kote........",['surprise'],['disgust'],['surprise'],['surprise']
swahili_text_4236_emotion_1,@AdanZamuh Lunch ya Ugali na mbosho,[],[],[],[]
swahili_text_653_emotion_1,Hawa wasee wa Strath wameteta hivi na ni drill tu Sasa si ingekuwa terror attack hatungelala,['anger'],['fear'],"['sadness', 'surprise']",[]
swahili_text_3343_emotion_1,Hio building mpya tao inaumwa na rickets ni ya organization ipi?,"['anger', 'sadness']",['sadness'],[],['sadness']
swahili_text_216_emotion_1,@bonniemusambi @BettyGatonye @KBCChannel1 KUTOKA KATI KATI YA VIOSK VYA NRB HADI COUNTY YA MAGENCHE... NIKO NA MTOTO WA SISTER YANGU ANAITWA DENNIS OPIYO MORARA KUTOKA IBENCHO RITEK'E PRIMARY SCHOOL STD 8 I WISH SUCCESS BY OMWAMBA MORONYA WA MAGENCHE #Darubini,[],['joy'],[],[]
swahili_text_5212_emotion_1,LOCATION  SHUKIA TEGETA KWA NDEVU CHUKUA PIKIPIKI MWAMBIE BODA BODA AKUPELEKE SHULE YA KINGDOM NAULI NI ELFU MOJA  ASANTE FANYA MAAMUZ ODA NDO HIZO,[],[],['joy'],[]
swahili_text_2525_emotion_1,Mnalewa mnalazimishwa kijojo 😂 cha nguvu mnasema ni generousity ya ulevi,[],['surprise'],['joy'],[]
swahili_text_4511_emotion_1,@omwambaKE kuna zile burukenge za kulike their own tweets ...walai hio nkama kunyonga,['disgust'],['disgust'],['surprise'],['disgust']
swahili_text_5166_emotion_1,Kuna ndume ziko home zikarealise watoto wako secondary ju waliacha watoto wakiwa grade 4 walipoenda maby pass na kwa wakalucy 🤣🤣🤣🤣,['surprise'],['joy'],['joy'],['joy']
swahili_text_5061_emotion_1,"@Kotsocha_ke @rogue_kenyan Sasa huko ni mbaya saidiii,utadinywa",[],['disgust'],[],[]
swahili_text_758_emotion_1,"Lrt, kuna mtu atauliza Niamey ni nini.",['surprise'],['surprise'],['sadness'],['surprise']
swahili_text_1063_emotion_1,@MichaelLenya @CarolRadull Peleka makalamishi kwa Gachagua,['anger'],['disgust'],[],[]
swahili_text_3701_emotion_1,TANADHARI: KWA MCHOYO KULA KWA PUPA KWA MKARIMU KULA TARATIBU @radiomaisha #NURUYALUGHA,[],[],[],[]
swahili_text_1039_emotion_1,Umewahi hi hi hi na ni chapo unataka kununua nilishuka down stairs niakenda kubuy za kumi,['joy'],['surprise'],['joy'],['joy']
swahili_text_3243_emotion_1,sometimes i wonder kama kuna dame husema mimi ni crush wake,['disgust'],['surprise'],[],[]
swahili_text_5262_emotion_1,si ata aambie watu wake wasitumie mpesa,['surprise'],[],['surprise'],['surprise']
swahili_text_4477_emotion_1,Banters are beyond ikiwa ni a certain group hahaa,[],['joy'],['joy'],['joy']
swahili_text_5113_emotion_1,hawa watu wa middle class wanatuharibia maisha huku ruaka,"['anger', 'sadness']",['anger'],['disgust'],['anger']
swahili_text_1649_emotion_1,Pakistanis wanadhani sisi wote tunafanana wamaasai 😂😂but if we say they look like Indians were racists,['surprise'],['joy'],"['anger', 'disgust']",[]
swahili_text_901_emotion_1,Kubembeleza mwanamke ni upuzi saana yeye hukuona kama loser na wewe unadhani ni love haha,['disgust'],"['anger', 'surprise']","['anger', 'sadness']",['anger']
swahili_text_3246_emotion_1,Ama ni juu nimemaliza mkate mzima nikisingizia cravings?,['surprise'],['surprise'],['surprise'],['surprise']
swahili_text_2815_emotion_1,@LeKibet Asante sana,['joy'],['joy'],['joy'],['joy']
swahili_text_1471_emotion_1,@AimKorir Nimeona Java hapo Karibu Shell,[],['surprise'],[],[]
swahili_text_96_emotion_1,Manzee lesbian fulani ananitext ananishow niachane na manzi yake,"['anger', 'surprise']",['disgust'],['disgust'],['disgust']
swahili_text_2660_emotion_1,@davidmakali1 @OmbetaC It is called MOJA KWISHA or PIGA UA,[],[],[],[]
swahili_text_4796_emotion_1,"Wacha nianze social media detox leo, nitakuwa naingia huku kama dawa",[],[],['joy'],[]
swahili_text_2632_emotion_1,"Sijapanda mat in sijui how long then kupanda hatujaenda ata 300mtrs matatu ishaashikwa. Reason being,watu hawajafunga seat belts🤦‍♂🤦‍♂🤦‍♂","['anger', 'sadness']",[],['disgust'],[]
swahili_text_1631_emotion_1,"Lakini kusoma Dms za twitter hunnies ni kujiletea stress, unapata alitumiwa humongous dic pics na 5 others, ukijiangalia unashangaa why she picked you.",['surprise'],[],"['disgust', 'sadness']",[]
swahili_text_1500_emotion_1,Mwanammr mmoja akienda chemba kukojoa ndio unajuanga kumbe kuna wengine kumi walikua wamekazwa,['surprise'],[],['surprise'],['surprise']
swahili_text_695_emotion_1,Unaitisha pambio na ni wewe anaongelelea 😂😂😂😂😂😂😂😂,['surprise'],['surprise'],['surprise'],['surprise']
swahili_text_5069_emotion_1,Hii jua ni ya mvua month,[],[],[],[]
swahili_text_4964_emotion_1,Dating some kenyan girls ni kama tw kulipia loan hukuwahi chukua,['anger'],['joy'],['disgust'],[]
swahili_text_4219_emotion_1,Jana nilidiscover niko na bonga points sahi ziko almost kuisha,['sadness'],['surprise'],['surprise'],['surprise']
swahili_text_2675_emotion_1,"huyu amepata nikiskiza reggae ananjambia ni mchome, kwani waizi sikuizi mnajipeana🤔🤔??",['surprise'],['surprise'],['surprise'],['surprise']
swahili_text_4917_emotion_1,Anyway ni kama mwili yangu imekataa cheap alcohol kabisa,['sadness'],['joy'],['joy'],['joy']
swahili_text_5417_emotion_1,@JAYBuNgu @gynton @mckennarific Ooh haha nilikuwa naconfirm that mtu yangu bado anaput in the e shift,[],[],[],[]
swahili_text_4376_emotion_1,Hawa ni wale tunaitanga mamblaina?,['surprise'],['sadness'],['surprise'],['surprise']
swahili_text_2603_emotion_1,Kwani sisi ni wanawake 😂😂😂😂tweets are madness,[],['joy'],['joy'],['joy']
swahili_text_3951_emotion_1,Gikuyu food huwa nasty ...hadi za their restaurants    these guys hawajui kupika,['disgust'],['sadness'],"['disgust', 'sadness']","['disgust', 'sadness']"
swahili_text_5384_emotion_1,Nilipoteza contacts za mine sasa kila msee akinipigia ni new number,['sadness'],['sadness'],['disgust'],['sadness']
swahili_text_4242_emotion_1,I totally forgot leo ni Monday 🤔🏃🤭😂😂 weehhh na saaii ndio naamka,"['joy', 'sadness']","['sadness', 'surprise']",['surprise'],"['sadness', 'surprise']"
swahili_text_1459_emotion_1,Kuna watu hapa wanakuanga tribal af,"['anger', 'disgust']",[],['anger'],['anger']
swahili_text_3903_emotion_1,Akili ni kichwa si forehead,['anger'],['surprise'],[],[]
swahili_text_525_emotion_1,"Lol makarao ni wengi kuliko students kimathi, apa tukatry ufala ni kugenya tu",['surprise'],['fear'],"['fear', 'sadness']",['fear']
swahili_text_2372_emotion_1,@StandardDailyKe Asanti kwa kutusikiliza  #LuchivyaNaWilbrodaMilele,['joy'],[],['joy'],['joy']
swahili_text_4141_emotion_1,Hawa racers wengine wanakuwa out lapped ni kama wako driving school 😂😂,['joy'],['surprise'],['joy'],['joy']
swahili_text_5114_emotion_1,Hata kupea mtu shoutout mnasema ni ulambi smh.,"['sadness', 'surprise']",[],['disgust'],[]
swahili_text_4174_emotion_1,Martial alingizwa pale local mafala wakapiga kelele nikama washashinda,['disgust'],['anger'],['anger'],['anger']
swahili_text_1099_emotion_1,@TheLosa Karibu ^Jamo,[],['joy'],[],[]
swahili_text_2978_emotion_1,MUSALIA MUDAVADI AONYA DHIDI YA MJADALA UNAOENDELEA KUHUSIANA KESI ZA ICC HUENDA UKAWAGANYA WANANCHI,['fear'],['fear'],['fear'],['fear']
swahili_text_2048_emotion_1,huyu ni kama hutaka ni chujwe hapa ndio achukue position yangu na hata hajui me hufanya nini smh,['anger'],"['joy', 'surprise']","['anger', 'sadness']",['anger']
swahili_text_4098_emotion_1,Nani alipika hiyo pilau sasa?,"['anger', 'disgust']",['disgust'],['surprise'],['disgust']
swahili_text_122_emotion_1,Good morning my Twitter family 🤝  Tumshukutu Mungu Kwa siku Hii 🙏,['joy'],['joy'],['joy'],['joy']
swahili_text_2202_emotion_1,@NailanteiKenga Asante sana,['joy'],[],['joy'],['joy']
swahili_text_1110_emotion_1,Mimi unianike uku kama huyo Brenda namwendea uko ijue beating inaeza descend on em at any time hapana tambua hio shit!,['anger'],['anger'],['anger'],['anger']
swahili_text_1539_emotion_1,@MarthaKarua DP. IN WAITING AND AZIMIO LA UMOJA ONE KENYA ALLIANCE  DON'T ACCEPT NULLIFICATION  OF PRESIDENTIAL  ELECTION BUT  DEMAND FOR RECOUNT AND VERIFICATION  ONLY . GOING BACK TO FRESH PRESIDENTIAL ELECTION WILL S SHAME. https://t.co/SdeZuLWBlu,['sadness'],[],[],[]
swahili_text_3485_emotion_1,"So, kuingia mtaa nkamshow nimefika na yy akanishow ako ready. Some few minutes later nkamchapia place nmewekwa na pro box,( uko nduthi ni very expensive kutumia). Akaniambia fuata iyo njia tu tupatane. Nikiwa some few metres away.....",['disgust'],['surprise'],['surprise'],['surprise']
swahili_text_3505_emotion_1,"@RadioCitizenFM Lutungu Bungoma tunawapokea maridadi, hongera kwa mjadala",['joy'],['joy'],['joy'],['joy']
swahili_text_3553_emotion_1,Wee nidharau tu ka tissue... but after haja kubwa ndio utajua mi ni issue,['anger'],['disgust'],['anger'],['anger']
swahili_text_3976_emotion_1,"Kujifanya Ninja wakati mwingine huwa haidai, unaezwa vunjwa ukijidai mjuaji hapa",['sadness'],['sadness'],['sadness'],['sadness']
swahili_text_3350_emotion_1,Si wangoje added time ndio wa waste,['disgust'],['anger'],['anger'],['anger']
swahili_text_1508_emotion_1,Dem kienyeji ni Yule anaweza washa kisiagi solo,[],['joy'],[],[]
swahili_text_2208_emotion_1,"US prominent people hupita hata through cable za stima wasionekane, Kenya zile siren zitawapigia kelele tu ju mca anaenda job ?","['anger', 'disgust']",['joy'],['disgust'],['disgust']
swahili_text_1394_emotion_1,Kuna prisoners huwa wako kwa hii fence ya Prison Dispensary along Lang'ata Road hapo karibu Wilson Airport. Kwani nini huwa wana mine hapo,['surprise'],[],['surprise'],['surprise']
swahili_text_1356_emotion_1,7. Multiple referendum questions not ripe for determination 8. Each party to bear it's own costs  #BBIFinalVerdict  @YouthKePolitics Sauti ya Vijana kwa Uongozi Kenya,['anger'],[],[],[]
swahili_text_1405_emotion_1,"Kuishi hizi countries system zinawork pia ni noma, you can't get away with small small crimes smh","['anger', 'fear', 'sadness']",[],['sadness'],['sadness']
swahili_text_2150_emotion_1,"Yaani sistangu mdogo anajaribu kunipiga exile, heeh. Wacha sasa hata ndiyo nivae pajamas😗",['surprise'],['joy'],"['sadness', 'surprise']",['surprise']
swahili_text_4586_emotion_1,@Gandalf_vih @malks_88 Uachane na wizi wa mabafu,"['anger', 'disgust']",[],[],[]
swahili_text_1087_emotion_1,@queen_qamarn @jeffoyowo @KenyanTraffic @BoniMuthoni @Ma3Route Na vile nilirudia zingine wish ningekuekea ungezipata,[],['sadness'],['sadness'],['sadness']
swahili_text_4217_emotion_1,@Coachsaid @MukamiWaEmbu Wapiga kura wa Bahati asilimia 60 ni wa Kale,[],['surprise'],['anger'],[]
swahili_text_1074_emotion_1,Nimekuwa niskia wasee wa boda wakibonga story za Simba zinaroam magizani nikadhani ni ufala lol,['fear'],['surprise'],['surprise'],['surprise']
swahili_text_5086_emotion_1,Kumbe huyo dem ni Paychosins 😂😂😂 nimeshangaa niaje Paychosins alipotea kumbe kali change gender,['surprise'],['joy'],"['joy', 'surprise']","['surprise', 'joy']"
swahili_text_4959_emotion_1,@thee_kavana haha hakuna shida...ni vile niliona watu wanarusha bash blue tick ikifika haha,['surprise'],['surprise'],['joy'],['surprise']
swahili_text_2572_emotion_1,@Limo_alan @Miss_Chess Weka njugu ndani ndio ujue wot u hav been missing,[],['surprise'],[],[]
swahili_text_5192_emotion_1,@Brianmbunde Na umeamulia watu wa media,[],[],[],[]
swahili_text_3007_emotion_1,Ukiambia mtu kuiba ni mbaya na aendeleee kuiba what else do you have to do? 🤔,['fear'],['sadness'],['sadness'],['sadness']
swahili_text_2474_emotion_1,"@EvahMwalili @Milele_FM #barakazamilele Tunashukuru Mungu kwa kuamka salama,,,Kutoka Juja",[],['joy'],['joy'],['joy']
swahili_text_162_emotion_1,"Zakayo hudanganya,alafu anasahu kile amesema,anadanganya tena kufunika damage,kisha anaongezea chumvi mnatulia. aaaa jamaa mkora yule",['sadness'],['sadness'],['sadness'],['sadness']
swahili_text_5402_emotion_1,May be hizo pete za omwega ni zile sufuria za ma neiba upotea mtaani,[],['joy'],['joy'],['joy']
swahili_text_547_emotion_1,@OneLoveCTV Huyo dj Leo alikuwa anamix kaa amechanganyikiwa kiasi,['fear'],"['anger', 'sadness']",['surprise'],[]
swahili_text_3237_emotion_1,Hivi wewe ni mwanamke au daraja?,['disgust'],['surprise'],[],[]
swahili_text_977_emotion_1,Tukisema FreeArsenal Amber Rose Ako Za FreeTheNipple,['joy'],['sadness'],[],[]
swahili_text_1772_emotion_1,haha RT @_C_hacha Lakini nilishawashow siz yangu anafanana na mimi mbaya so ka mnadai kuchomoka shauri yenu,[],[],['joy'],[]
swahili_text_1399_emotion_1,Nimeingia local sijafika in over a year nikagotewa na nikaulizwa kama bado ni Heineken ama nilichange. Eh.,['surprise'],[],['surprise'],['surprise']
swahili_text_4508_emotion_1,mimi ukiniambia nakaa kama cbc project niko tayari kukutukania mzazi,['anger'],['surprise'],['anger'],['anger']
swahili_text_275_emotion_1,Kitu wanawake wanafaa wafunzwe ni sayans ya reproduction.,['anger'],[],[],[]
swahili_text_2178_emotion_1,@jstkoome Kuna siku hawa watu wa chakras walikuja na mbwa jiweke pia,"['fear', 'surprise']",['joy'],"['joy', 'surprise']","['surprise', 'joy']"
swahili_text_2509_emotion_1,@Phoebe_Okowa You are welcome Prof. Tumetoka mbali na tunaenda mbali kwa uwezo wake Mungu,['sadness'],[],['joy'],[]
swahili_text_4354_emotion_1,"@2njeri Hahaha eeeeh ni vile niliamka na njaa itabidi nipike Kwanza, ndio nikagundua sikudie",['sadness'],['surprise'],['surprise'],['surprise']
swahili_text_610_emotion_1,@Milele_FM @EvaMwalili #LigiYawashindi Servicecheck Naenda ZION P A G CHINI YA PSTR BETREACE LUGALO.LEO NI ASSEMBLY SIKU YA KUTOA TITHE,[],['joy'],[],[]
swahili_text_3802_emotion_1,"huenda ni mzungu anaitwa ""mollis i sullender""",['fear'],['surprise'],['fear'],['fear']
swahili_text_4535_emotion_1,"#gainwithxtiandela mtu mwili ndogo bt akienda choo anakunia juu,mavi yenyewe unathi ni ndovu imekunia.unashangaa mavi ingine ilikuwa mfukoni","['anger', 'surprise']",['sadness'],"['disgust', 'joy']",[]
swahili_text_1513_emotion_1,"Kuna a certain mamaa who calls me at night na sipendi vibes zake,nkt","['anger', 'disgust']",['disgust'],"['anger', 'disgust']","['anger', 'disgust']"
swahili_text_3654_emotion_1,Acha ni watch movie kabla nilale,[],['joy'],[],[]
swahili_text_2459_emotion_1,Hii ni madharau sasa,"['anger', 'sadness']",['anger'],['anger'],['anger']
swahili_text_4540_emotion_1,@ayushy06 I think zile vitu nilikuwa naandika jana ni njaa ndio ilikuwa inanisumbua 😂,['sadness'],['joy'],"['joy', 'surprise']",['joy']
swahili_text_3857_emotion_1,@JeanLitiema Bahati mbaya hata sijui hio ni nini,['disgust'],['sadness'],['surprise'],[]
swahili_text_5211_emotion_1,Hii mvua inafaa inyeshe nikitoka tao.,[],['anger'],['disgust'],[]
swahili_text_4600_emotion_1,@danielkibet245 PRIDE COMES BEFORE A FALL ANAJUA HAJUI APAMBANE NA HALI ZAKE.,['anger'],[],['sadness'],[]
swahili_text_1686_emotion_1,Huduma number ilipita ivo tu 😂😂😂😂  mbelebiz hawakuieka walieka id,"['joy', 'surprise']",['joy'],['joy'],['joy']
swahili_text_152_emotion_1,"#CORONAVIRUS HATUKO TAYARI KWA UDHARURA_KWA SASA KUNA MCHEZO UNAOENDELEA KUHUSU VIRUSI VYA CORONA, MATAIFA MENGI ULIMWENGUNI YAMESITISHA KUINGIA NA KUTOKA KWA WATU KATIKA MATAIFA YAO HUKU KENYA INAJIPIGA KIFUA IKISEMA IKO TAYARI KUKABILIANA NA JANGA HILI🤔🤔🤔🤔🤔 ITAFIKA WATAJUA",['fear'],['anger'],['surprise'],[]
swahili_text_4732_emotion_1,The que at nyayo house quite huge passports on demand sijui watu wanaenda wapi,[],['surprise'],[],[]
swahili_text_4645_emotion_1,Sit-ups ni za ma richkid haha sisi wengine yetu ni kata-tumbo 🤣😅,[],['joy'],['joy'],['joy']
swahili_text_817_emotion_1,This is why i hate Nairobi. Kama ni ocha ningekimbia tu hapo Mathioya nichote maji.,['anger'],['anger'],['sadness'],['anger']
swahili_text_4333_emotion_1,Nimeskia wataprint more money watupee ndio economy ikue mzuri na hali ya maisha ikue mzuri.,['sadness'],['surprise'],['surprise'],['surprise']
swahili_text_294_emotion_1,@Nelsonguto alafu hungenichapia niletee hata kiombitho.. Za ovyo hizo nigga,['anger'],['anger'],[],['anger']
swahili_text_149_emotion_1,KWANI NI KESHO!!,['surprise'],[],['surprise'],['surprise']
swahili_text_4908_emotion_1,"@ne3mo__ Hii nayo ni kweli kabsa,jamaa wa the other side hawajaconcede???",['surprise'],['surprise'],[],['surprise']
swahili_text_5422_emotion_1,Kuna msichana alinitumia 50bob mpesa karibu nkt,"['anger', 'sadness']",['anger'],['disgust'],['anger']
swahili_text_3459_emotion_1,I keep  on  postponing  that  appointment.  Kesho  nisipoenda sitawai enda tena,"['anger', 'fear']",['surprise'],['fear'],['fear']
swahili_text_4134_emotion_1,Saa hii hat tukapata another penalty ref anaweza amua ikae bana haha,['fear'],['joy'],['sadness'],[]
swahili_text_3073_emotion_1,mna watch nini niwa copy bana,['disgust'],[],[],[]
swahili_text_3082_emotion_1,@inooroke WANASIASA WAJIEPUSHE NA SIASA KWA MAZISHI,['disgust'],['sadness'],"['anger', 'disgust']",['disgust']
swahili_text_1859_emotion_1,How did she manage to make 44 children within 38 years.... Kwani alizaliwa akiwa na mimba ama aiiiiii haimake sense ata😂😂,['surprise'],['joy'],['surprise'],['surprise']
swahili_text_787_emotion_1,"Lakini looking at her general physicality, Serena was built to win.",['joy'],['joy'],[],['joy']
swahili_text_287_emotion_1,Msipee huyo dem attention hata kidogo naona ni clout anatafuta. Nkt!!,['anger'],['disgust'],['anger'],['anger']
swahili_text_3279_emotion_1,@Wavinya_Ndeti RIP BABA WA TAITA,['sadness'],['sadness'],['sadness'],['sadness']
swahili_text_1278_emotion_1,Wale madem I don't need your money i need love walienda wapi ama ni mimi sitembei niko broke,['surprise'],[],['surprise'],['surprise']
swahili_text_70_emotion_1,@EvaMwalili @Milele-Fm #barakaZamilele MUNGU NI MWEMA NAJUA ATANITOSHELESHA.KAWANGWARE MLANGO SOKO NAKUPATA,['joy'],[],[],[]
swahili_text_591_emotion_1,"But kusema tu ukweli, siwezi bebwa na mdame mwenye ana endesha motorcycle",['anger'],['disgust'],[],[]
swahili_text_5039_emotion_1,RIGATHI NI MJINGA SANA KUFIKIRIA SAKAJA ATABAKI UDA NA MCAs WOTE WA NAIROBI NI AZIMIO!! ...... MOSES KURIA https://t.co/sW0kOh1Leu,['anger'],[],['disgust'],[]
swahili_text_4847_emotion_1,"Sasa si mretweet io pinned tweet acheni za ovyo😂😂,,, tutakunywa muratina kazi ikipatikana","['anger', 'sadness']",[],['joy'],[]
swahili_text_2371_emotion_1,Good night @AlibabaKenya tukutane kesho kwa majalaliwa @QwetuRadio #QwetuSebuleni inshallah,[],[],[],[]
swahili_text_3532_emotion_1,@mauvoonews Kalonzo ataenda kwa Azimio soon,"['disgust', 'surprise']",['surprise'],['fear'],['surprise']
swahili_text_3805_emotion_1,Ukishajua Huna sura unaanza kueka red thighs kwa DP,['anger'],['sadness'],['disgust'],[]
swahili_text_2120_emotion_1,"SO MR. PRESIDENT UHUNYE ANAVUKA ETHIOPIA LEO,SI ANGEHUSTLE LIFT JANA AOKOREE HIO FARE YOTE MAHN #KUAMJANJAPREZZO #MWEZIIKOUDUU",['surprise'],[],['sadness'],[]
swahili_text_3635_emotion_1,@KotOcpd Kamatia Juu,[],['joy'],[],[]
swahili_text_4338_emotion_1,Miko bash na nimeabiwa am cute na dem light skin so sioni kesho pia nikilala,['joy'],['joy'],['joy'],['joy']
swahili_text_3583_emotion_1,@HomeboyzRadio  PLIZ PLAY TATOO HAPO KWA THIGH PLIIIIIIIIIIZ,"['disgust', 'fear']",['joy'],['fear'],['fear']
swahili_text_1641_emotion_1,Mbuzi gang wanafaa wachange management whats this sasa,['disgust'],['surprise'],['anger'],[]
swahili_text_2669_emotion_1,Madem wengine ni hote cake ..But wewe ni microwave😶 😂😂ujinga ukiambia dem wa mtaa anashindwa ii ni ujinga gany unaongea 😂😂😂,"['disgust', 'surprise']",['joy'],['disgust'],['disgust']
swahili_text_1294_emotion_1,We vile hutukanana ovyo ovyo uku nashangaa unateta nini  me vitu ndogo ndogo ka izi hua hazinisumbui @mwendeeh: @b3laze See how you ar,"['disgust', 'surprise']",['surprise'],['surprise'],['surprise']
swahili_text_2809_emotion_1,An americano and banana bread alafu nilale njaa leo,['disgust'],['surprise'],['sadness'],[]
swahili_text_2274_emotion_1,@AmRoggoz @OwuorMichael @MtuPombe @Capitalzone4 Noma Sana! 😍😍,[],['surprise'],['joy'],[]
swahili_text_2850_emotion_1,@SitieneiAgui @Kenyans Twitter should start interviewing new subscribers sababu hii sasa ni ujinga,['anger'],['disgust'],['anger'],['anger']
swahili_text_3420_emotion_1,@kafangi 😂😂😂i pity that person ....hawa  ndio huwa wanajiua juu ya mapenzi,['sadness'],['sadness'],['sadness'],['sadness']
swahili_text_1362_emotion_1,Mimi heri nitembee hadi grogon kutafuta an item I need rather than buy off your Instagram shops. Mnaibiwa in broad daylight ni kama akili zenyu zimejaa mate tu,"['disgust', 'fear']",[],"['anger', 'disgust']",['disgust']
swahili_text_913_emotion_1,But wewe ni matako sana na ndio maana unatukanwa @j_irungu,['anger'],"['anger', 'disgust']",['anger'],['anger']
swahili_text_4982_emotion_1,"Siku izi akuna Kutuma Fare,Unamuambia apande Gari ya Campaign na mambo inakua Shwari kabisa Rasta 👌",[],['surprise'],['joy'],[]
swahili_text_2334_emotion_1,Sunday's tao hua like a dating city.. kafukuswiiii kila mahali wameshika mikono,[],['joy'],['disgust'],[]
swahili_text_3472_emotion_1,Babe juu sasa ni mambo na takeaway unadai nikufungie hii githambutha kabla 8pm?,['disgust'],['surprise'],['surprise'],['surprise']
swahili_text_5053_emotion_1,Huyu jamaa ni nani lakini?,['disgust'],['surprise'],['surprise'],['surprise']
swahili_text_1514_emotion_1,Huyu naye nilimwonyesha pedi akaacha kuniita form. People are so ungrateful,['sadness'],['disgust'],['anger'],[]
swahili_text_2727_emotion_1,Woi leo nita lala wapi ?,[],['fear'],['fear'],['fear']
swahili_text_225_emotion_1,Lakini watu watadungana visu hizi monologues zikiendelea hivi,['disgust'],"['disgust', 'sadness']","['anger', 'fear']",['disgust']
swahili_text_315_emotion_1,Mnapenda Gilbeys ama ni peer pressure tu??,['surprise'],[],['surprise'],['surprise']
swahili_text_4566_emotion_1,Orengo alitaka kuonyesa eti yeye nishindi anamdanganya baba,[],[],['disgust'],[]
swahili_text_4584_emotion_1,@chapatimistress Hizo nyembamba mnaeza sanya kumi mniundie ikiwa moja but zikue tano,[],['joy'],['joy'],['joy']
swahili_text_384_emotion_1,Mtu anaambiwa aende na madazi ako locals na marafiki juu hapo ndio peace iko 😂,[],['joy'],['joy'],['joy']
swahili_text_1994_emotion_1,Hizo relationship za alphabets waushinda wamepiga fellow women ajab .,['surprise'],['surprise'],['surprise'],['surprise']
swahili_text_4437_emotion_1,@TheCo_Zing haha! lol Chaguo waliiba....bado bado ngoja tu kiasi maybe MTV awards heheehehehhe,['disgust'],[],['sadness'],[]
swahili_text_209_emotion_1,#TeamAfterBurn pamoja 👌 @KeepItKiss @AfterburnKISS @AngelMaLaiKa @k4 @DjKymNickDee,[],[],[],[]
swahili_text_3570_emotion_1,@IamWangui_ Karibu uende kwa baba,['fear'],['fear'],['fear'],['fear']
swahili_text_1701_emotion_1,Wanajaribu kucheki clear na ndani ni ma glitchy effects&gt;&gt;&gt;,['sadness'],[],[],[]
swahili_text_4855_emotion_1,@Redding__ Yes pls!! Acha nitanunua hata unga sijui kama hii iko hapa bado ni fresh😂😂,[],"['joy', 'surprise']",['joy'],['joy']
swahili_text_3611_emotion_1,Jana kuna mdem alipigwa bare hadi wig ikaanguka 😂😂😂😂,"['joy', 'sadness']",['surprise'],"['disgust', 'surprise']",['surprise']
swahili_text_4740_emotion_1,"@PraiseMumbejja SALAMU KWA WOTE NDUGU NA DADA ZANGU, NI SHEIKH DAUDA HERBALIST DOCTOR, HELPS IN, LOVE PORTION, BUSINESS BOOSTING, COURT CASES, WIN BETTING, LOST ITEMS, FAMILY ISSUES, GET VISA, JOB PROMOTIONS, LAND PROBLEM, RIVENGI, KUPATA MIMBA , CALL ME ON, +254701212158, OR,  +254704350372",[],[],[],[]
swahili_text_417_emotion_1,@wambui_01 Pwani Nzuri sana Yapendeza,['joy'],['joy'],[],['joy']
swahili_text_1317_emotion_1,ukiwa na bae mwanaume ni kuona muvi ka the fault in our stars ka unakata kitungu,[],[],['disgust'],[]
swahili_text_2922_emotion_1,@MainaKaibere Pole sana,['sadness'],['sadness'],['sadness'],['sadness']
swahili_text_438_emotion_1,"Wengine wetu hatuwezi juggle ata machungwa mbili,  sasa ni kujuggle women?",['disgust'],['sadness'],['surprise'],[]
swahili_text_3571_emotion_1,Ayayayaii nimepiga picha zingine deadly pale beach with the sunrise ngoja ntazibwaga nkiamka 😂,['sadness'],['joy'],"['joy', 'surprise']",['joy']
swahili_text_2444_emotion_1,So Harambee stars pia inacheza leo?? acha nilale...iv had enough stress already,['sadness'],['anger'],"['sadness', 'surprise']",['sadness']
swahili_text_810_emotion_1,People break out of meaningless relationships at 24/25 to focus on personal improvement. Acha kutupigia kelele online ni kama wewe ndiyo umeokoka uokovu yesu hakuleta.,['anger'],['anger'],['surprise'],['anger']
swahili_text_2633_emotion_1,Kuna mtu aliwatch mechi ya jana?,[],[],[],[]
swahili_text_1089_emotion_1,Keg boys wanaenda kulewa pamoja then wailer anawapangia ngeta,['disgust'],['sadness'],['sadness'],['sadness']
swahili_text_4601_emotion_1,"Kama ni wewe nilikupea hoodie yangu Vineyard nirudishie tu, sikua nakupea fore...","['anger', 'sadness']",[],['joy'],[]
swahili_text_809_emotion_1,"Punda amechoka, ni watoto utatafutia ama ni polisi, the hatrade between the police and the public is becoming worse https://t.co/wY3YP357Kv",['disgust'],['anger'],[],[]
swahili_text_4583_emotion_1,"Sasa ni kila msee na pen knife take, ama nail cutter ju itabidi tu","['fear', 'sadness']",[],['fear'],['fear']
swahili_text_3752_emotion_1,@moigeshmarion Pole sana,['sadness'],['sadness'],['sadness'],['sadness']
swahili_text_3383_emotion_1,Hio nayo itaitwa half time ya full time??,['disgust'],['surprise'],['surprise'],['surprise']
swahili_text_528_emotion_1,Huyu anafkiria mimi ni babake,['fear'],['anger'],['anger'],['anger']
swahili_text_1590_emotion_1,That Mwangi Kiunjuri presser about Locusts should have been aired on Dstv super sport 3! Hio ni mchezo tupu huyo jamaa ako nayo!,"['anger', 'disgust']",['anger'],['disgust'],"['anger', 'disgust']"
swahili_text_2078_emotion_1,@Ali_Manzu @smusyoka @Asmali77 Bwana Ahmadi yulikuwa yuwaleta za kanairo akapigwa vibe mpaka kubakie mmoja goma anaenda nalo,['surprise'],[],[],[]
swahili_text_2984_emotion_1,Ati ni simu gani zilizimwa?? napigia yengs na haiendi thru,['surprise'],['sadness'],['surprise'],['surprise']
swahili_text_5045_emotion_1,Hii January unaenda local kuzubaa na moja ukiwatch game kidogokidogo unarushiwa rounds unqkuta ni 3am na game iliisha 10,['surprise'],['surprise'],['joy'],['surprise']
swahili_text_187_emotion_1,Mimi nilisema nitaamini we've achieved gender equality siku bar fight itatokea ngeos akose kusimama nyuma yangu arushe mangumi pia.,['disgust'],['disgust'],[],['disgust']
swahili_text_2395_emotion_1,@kiptuii bird brain yu got....bedbug ni wewe jibambe though,['anger'],['disgust'],['anger'],['anger']
swahili_text_3762_emotion_1,Nyinyi mnatumia mbisha yangu mpaka mnafanya my mom ananipigia all the way from shags akifikiria nimeachwa na niko sad hii town. Smh,['anger'],['sadness'],['sadness'],['sadness']
swahili_text_1680_emotion_1,Hao ni wale huogea pale river nyando ukiingia kisum city,['disgust'],[],[],[]
swahili_text_171_emotion_1,Lakini Reggae vitu itanionyesha heh.... Mat ni orere but niko ndani juu inasamba reggae walaeh,['surprise'],['joy'],['surprise'],['surprise']
swahili_text_5499_emotion_1,Most of y'all ni kama mnakuanga verified uko ma wee hours for only 30 minutes haha,['surprise'],['surprise'],"['disgust', 'joy']",['surprise']
swahili_text_4091_emotion_1,Ati karibu @WilliamsRuto atanza kusema hawa watoto mimi ndio nimewazalia,['fear'],['sadness'],['surprise'],[]
swahili_text_160_emotion_1,Naskia hiyo pesa ya gambling ukishinda hawa kupei yote,['fear'],['fear'],['sadness'],['fear']
swahili_text_4984_emotion_1,"So am asking, Kuna nyesha Sasa? So watoto wengine hawatasoma?? Nakosa kuelewa vitu zingine lakini","['disgust', 'sadness']",['joy'],[],[]
swahili_text_3628_emotion_1,ⓘSITEGEMEI FAMILIA MIMI,['anger'],[],['anger'],['anger']
swahili_text_664_emotion_1,@Lily_nganga Ww ndio ulimwacha ama ni yeye alikuwacha,['surprise'],['surprise'],['surprise'],['surprise']
swahili_text_3072_emotion_1,@bonniemusambi @RadioTaifaFM Nashukuru Mungu kwa Juma mzima asanti Mungu #BonnieMusambiZinga,['anger'],['joy'],['joy'],['joy']
swahili_text_1569_emotion_1,Ku chase nayo ni kuogopa pombe,['disgust'],[],[],[]
swahili_text_145_emotion_1,Mimi siku moja ntawaambia vile niliuziwa mafuta ya kupika nikaambiwa ni beard oil.,['disgust'],['disgust'],['sadness'],['disgust']
swahili_text_4674_emotion_1,@ShazieKe Ya Kwanza,[],[],[],[]
swahili_text_3772_emotion_1,@Onorpik @mercybringel Kazi ya Mungu haina makosa,[],[],[],[]
swahili_text_5450_emotion_1,Huyo boys amekua akipeana pressure pale gram kumbe kazi ni kupasuliwa msamba for money . Anyway kila msee ako na ethics and integrity zinamguide,['disgust'],['anger'],"['joy', 'surprise']",[]
swahili_text_4599_emotion_1,Sasa mbona 'the best player in the PL' hakuwaokoa?,"['anger', 'surprise']",['surprise'],"['anger', 'disgust']","['anger', 'surprise']"
swahili_text_1805_emotion_1,Nowadays ni kuwekewa sheria ovyoovyo that no entering Machakos County for vehicles coming from Mombasa!!!,"['disgust', 'surprise']",['surprise'],['anger'],['surprise']
swahili_text_3704_emotion_1,"@RadioCitizenFM  #DriveOnReloaded  @ITEN KEIYO NORTH  #SwalaKuu BAADA YA UKOMVI YOTE ""BASI KILA MMOJA AKAE KWA NYUMBA YAKE""",[],['sadness'],['fear'],[]
swahili_text_4561_emotion_1,Soo kulipia Dem mkamba dowry is this expensive? 🥲 Mimi kitu tuu naeza lipa ni 2 crates of soda na hapo watakua wamenifinyaa😂,['surprise'],['joy'],"['joy', 'surprise']","['surprise', 'joy']"
swahili_text_2040_emotion_1,Eeeh juu hiyo ni utoto huwa wanatweet hehe https://t.co/SFRCQih1cu,"['disgust', 'surprise']",['joy'],['joy'],['joy']
swahili_text_1588_emotion_1,@SpaceYaMagari @bakanjo Kaeendee Sana,['joy'],[],[],[]
swahili_text_5006_emotion_1,Hiyo mancheater haijafungwa hapo inje?,"['anger', 'disgust']",['surprise'],['surprise'],['surprise']
swahili_text_1289_emotion_1,The itch from a new tattoo is unmatched aki!  Mnishikilie ama nigware ink yote mimi,"['anger', 'surprise']",['disgust'],[],[]
swahili_text_2206_emotion_1,Asante kwa kutazama #NipasheWikendi na @KanzeDena na @LuluHassan  @citizentvkenya #CitizenTV https://t.co/lMKYzABowq,[],[],['joy'],[]
swahili_text_173_emotion_1,We ona tu hatujui unatucheza tunajua adi jamaa anakukula na imagine huyu beste yangu alinambia unamnyimaga kumbe pia yeye ni chally yako ni venye hajui wewe ni manzi yangu akanambia kila kitu adi jamaa anakukula 😅😅👌🤑,['disgust'],"['disgust', 'surprise']",['disgust'],['disgust']
swahili_text_3887_emotion_1,Haha wameponea hao maharamia,['anger'],['anger'],['joy'],['anger']
swahili_text_2749_emotion_1,Kuna mtu anaweza kumaliza Atlas mbili za 16% alcohol?,[],[],['surprise'],[]
swahili_text_3388_emotion_1,Saa zingine mi huujiangalia najiuliza mbona nilizaliwa msawa. Karibu ata nijipee ball after… https://t.co/zufas8XMT0,['anger'],['sadness'],[],[]
swahili_text_3278_emotion_1,@KibaaraA @Kalasinga_ Tupatane pale kwa WhatsApp,['disgust'],[],[],[]
swahili_text_3210_emotion_1,"Kuna kitu moja inafanyanga ni mpende Trump, anaongeanga ukweli kuhusu hii maneno",['joy'],['joy'],['joy'],['joy']
swahili_text_518_emotion_1,Am I the only one mwenye mamake akienda supermarket in their kid days alikuwa anaachwa apo nje ama my mum just wanted me to get lost or kidnapped 😭😂,['anger'],['surprise'],"['anger', 'fear']",['anger']
swahili_text_3356_emotion_1,Ni mimi pekee sijai date mkale?,['sadness'],['surprise'],['surprise'],['surprise']
swahili_text_2557_emotion_1,Nikikumbuka niliwai ambiwa I'm not circumcised on this app because my second names sounds Luo Hua nasema nikitoka hii app siwezi rudi tena...,['sadness'],['disgust'],['sadness'],['sadness']
swahili_text_3721_emotion_1,That small headache may be from dehydration na wewe unajusukumia tu madawa.,['fear'],['surprise'],['sadness'],[]
swahili_text_889_emotion_1,Wa Kale wakinona athletes tutatoa wapi sasa,"['anger', 'disgust']",['surprise'],[],[]
swahili_text_564_emotion_1,Kuna vita wapi??,['fear'],['fear'],['surprise'],['fear']
swahili_text_2765_emotion_1,@ArapGilbert Na ni kama it will take time ndo hii shida itatuliwe,['fear'],['fear'],[],['fear']
swahili_text_982_emotion_1,"Poverty ni kitu mbaya. Badala mtu aite tu fundi wa stima afanye repair unajipea stress and even get electrocuted trying to be a ""i can fix it myself""  nigga hahaha",['sadness'],['sadness'],"['fear', 'sadness']",['sadness']
swahili_text_4465_emotion_1,Kale kamto Ngong kametuzuia kufika Leo ni kulala kwa Nganya tu,['sadness'],[],['sadness'],['sadness']
swahili_text_4828_emotion_1,Uko homa bay ni ka kidero aliwin lkn deep state ikafanya ile kitu💯💯,[],['joy'],['joy'],['joy']
swahili_text_3023_emotion_1,@Gaddafess @keyakinuthia @Mwirigi Kuku za class mzima aki hawaoni ni ulafi?🤣🤣🤣🤣 naeza peleka mtoto asubuhi akisha present narudi nayo home. Acha niitishe off day,['disgust'],['surprise'],['joy'],[]
swahili_text_3457_emotion_1,All Kenyans are so confused especially politics and police akikupata kwa njia toa k2 kidogo n una mkosa yanyi munaipia hard raya w kawaida hii dunia ingekua gari ingesimama nishuke kuliko kuteseka,['disgust'],['sadness'],['anger'],[]
swahili_text_194_emotion_1,Ata kama ni mtaro mbona unamfinger na vidole za miguu💀 unataka ikuwe kisima😂,['disgust'],['disgust'],"['disgust', 'sadness']",['disgust']
swahili_text_180_emotion_1,Nani mwingine alidanganywa akiwa mtoi ati akianguka during a rainy season mushroom itamea hapo place amaenguka?,['disgust'],['surprise'],"['sadness', 'surprise']",['surprise']
swahili_text_5332_emotion_1,It's very important ukipeana your personal data ujue vile inatumika because hapo ndipo frauds huchukua advantage unapata mtu amekupigia ati umeshida pesa and you don't participate in any gambling.,[],[],[],[]
swahili_text_276_emotion_1,Men hii App huongea about marriage ni watu hata staying with a Woman two days huwa shida 🤣,['disgust'],['surprise'],['joy'],[]
swahili_text_2275_emotion_1,Kenyans again remain undefeated Hawa watu hawawezi shindwa kabisa😂,['surprise'],['surprise'],['joy'],['surprise']
swahili_text_1184_emotion_1,#JKLive migrant fund utasikia wakikatwa kwa salary nawajua bwana cs huwezi hii kazi hawa waarabu wanataka hawa victims ndio wata dili nao wewe naona shuffle ikifanywa utupwe kwa wanyama pori huruma hko ndio hakuna,"['anger', 'sadness']",[],['disgust'],[]
swahili_text_21_emotion_1,@Asamoh_ Unacheka kwa mazishi wee nugu,['anger'],"['anger', 'joy']",['anger'],['anger']
swahili_text_1206_emotion_1,@NonnieMacharia Tuma kwa mpesa,[],[],[],[]
swahili_text_3319_emotion_1,Nyi huambiwa game hai anzi 1-0 hamskii ata a beg ame change haiezi resonate na reputation yake juu baby dady anaeza omoka arudishe lost sheep nyumbani ubaki umekuwa heart broken in the name of being a gentle man,[],['surprise'],[],[]
swahili_text_542_emotion_1,Sijawai cheka kama leo aki 😂😂😂my brother anasema vile anaombangwa food mimi nasema auze vile nilikuwa nafanya mum amescream nikaisha😂,['joy'],['surprise'],['joy'],['joy']
swahili_text_4510_emotion_1,@injilipaul Asante sana Paul,['joy'],[],['joy'],['joy']
swahili_text_4991_emotion_1,"@Its_dickie @kennaz_ Hio ni poa,wasikue ka kina boateng walikia wanaretire after 4 yrs wanarudi,wakichukwa wanaretire tena kungoja next wc",['anger'],[],['disgust'],[]
swahili_text_967_emotion_1,Sasa nimeelewa mbona mnatuma kamzigo ushago🥲! Aka nikulia tu😞,['anger'],['sadness'],['sadness'],['sadness']
swahili_text_3885_emotion_1,@mulamwah Can't see anything wrong with this young pretty gal..nyinyi wenye mnacomment negatively si muonyeshe hao watu mnaita mabae of which hata najua screen itahung ku upload their photos.,"['anger', 'disgust']",['sadness'],"['anger', 'disgust']","['anger', 'disgust']"
swahili_text_541_emotion_1,I thought nimeenda ushago ku have peace of mind sasa angalieni wameniroga,"['anger', 'disgust']",['sadness'],['anger'],['anger']
swahili_text_1554_emotion_1,Kuna mtu apa local amekuja kuniaddress kama mwalimu na because I was created weird sitamuuliza ni nani na alinijua aje,[],[],['surprise'],[]
swahili_text_426_emotion_1,@EvahMwalili @Milele_FM #BarakaZaMilele  FIMBO YA HARUNI,[],['joy'],[],[]
swahili_text_1521_emotion_1,Pastoralists ni kina nani vile?,[],['surprise'],[],[]
swahili_text_3479_emotion_1,Ile endurance hawa madem wako nayo.. Heeeeh.... Mimi sahii nimgekuwa nimetapika kidney,"['anger', 'surprise']",['joy'],"['disgust', 'surprise']",['surprise']
swahili_text_3075_emotion_1,Eti kuna house wife analipwa 450k.  Hata kama bwana anapanguzia Jeff bezos makamasi hawezi lipwa hivyo,['disgust'],['surprise'],['disgust'],['disgust']
swahili_text_2162_emotion_1,Kutoka nikunywe Ethanol nikiwa form three chemistry practical cjai rudi normal mpaka waleo😂,['sadness'],['joy'],['joy'],['joy']
swahili_text_1622_emotion_1,Koome alihug hao mapresident wote😂i think his husband is sleeping asinyamazie kitu kama hio,['surprise'],['joy'],"['disgust', 'joy']",['joy']
swahili_text_4643_emotion_1,"Hakunanga nyama mbaya, ile mbaya ni yenye haijaiva.",[],['disgust'],[],[]
swahili_text_5394_emotion_1,WAKUBWA NAUZA AIRTIME YA ORANGE YA 5SOK @ 350KSH,[],[],[],[]
swahili_text_497_emotion_1,"Huwa mna expect nini ziwe hapo? Esp those who come to you and say ""nipples""... as in mumama anajua ziko, ni zake, hata wewe uko nazo. It would be more concerning kama hazingekua hapo https://t.co/37yAn52WdZ",['disgust'],"['disgust', 'surprise']",['disgust'],['disgust']
swahili_text_3826_emotion_1,Si ni wewe umeleta issue haziko https://t.co/0n3zE201hT,['anger'],['anger'],['sadness'],['anger']
swahili_text_622_emotion_1,Madem ni wakora mbaya,['anger'],['sadness'],['fear'],[]
swahili_text_3430_emotion_1,Wamesema hawaezi saidia mwanaume juu sio mama zao. I woke up to see such nonsense.,['fear'],"['anger', 'sadness']","['anger', 'disgust']",['anger']
swahili_text_4770_emotion_1,@Moha001_Onyango @SolomonKarori2 It's hard to know exactly what women need money or luv kuna mwingine ametoroka hapa juu mwanaume anachamka Na hana pesa,[],[],['joy'],[]
swahili_text_2872_emotion_1,Ii mtaa hukuwa na cartels ukikasirisha moja wao ama uibe their thunder wanakukujia hahahah,['disgust'],['sadness'],"['sadness', 'surprise']",['sadness']
swahili_text_5412_emotion_1,@matasi_philip @HON_GGWACHIRA Kenyans like rumours hii ni vipindireee please ukweli utajulikani wewe kijusi,"['disgust', 'sadness']",['anger'],['disgust'],['disgust']
swahili_text_2010_emotion_1,@bonniemusambi @RadioTaifaFM Moto sana Ndaya,[],[],[],[]
swahili_text_473_emotion_1,Depay anajifanya frustrated na ni yeye anabore,['disgust'],"['anger', 'disgust', 'sadness']",['sadness'],"['disgust', 'sadness']"
swahili_text_44_emotion_1,Kesho ni thika road drops by 10:00 nikuwe nimemaliza siku,[],[],[],[]
swahili_text_556_emotion_1,Awamu ni ya #Taratibu Ndani ya #DriveOnRealoded Tukikuchezea Ngoma za Kukutuliza na Kukuliwaza Jioni hii ya Leo,['joy'],[],[],[]
swahili_text_682_emotion_1,"Jana macuzo wangu walichapa bong ingine ikone some fire strain ya weed, bado wamezima mpaka saa hiii 🤣🤣🤣⚰️",['anger'],['disgust'],['disgust'],['disgust']
swahili_text_3271_emotion_1,So my form 1 level of physics ikanishow nizipeleke kwa fundi aangalie maybe zinafaa ziwekwe cable iko na fuse ..lmaoo,['disgust'],['surprise'],[],[]
swahili_text_4750_emotion_1,Wata ni wia radhi hawawezi niongoza mimi sio mtumwa wao,['anger'],['anger'],['anger'],['anger']
swahili_text_4884_emotion_1,yeah i know i was pathetic...suddenly i spotted the owner of the bash sitted somewhere  nikajua watu hawakuwa wana dance na yy...,['sadness'],['joy'],['sadness'],['sadness']
swahili_text_2887_emotion_1,Asante kwa kukesha nami @KakaZema kwenye #CitizenExpress Endelea kutegea @RadioCitizenFM kwa burudani zaidi!! Kesho Majaaliwa Tukutane tena!,['joy'],['joy'],['joy'],['joy']
swahili_text_3424_emotion_1,Me cab labda niingie nkiwa mgonjwa inipeleke hosi kama nmebakisha dakika thate nikufe,['sadness'],['surprise'],['fear'],[]
swahili_text_5108_emotion_1,Lol nani amekosea olet lakini?,[],['surprise'],['surprise'],['surprise']
swahili_text_830_emotion_1,Yaani Uber driver ananigombeza mimi juu namwambia mahali niko na hanioni,['anger'],"['anger', 'sadness', 'surprise']",['surprise'],"['anger', 'surprise']"
swahili_text_3711_emotion_1,@kibeandy Kibe shika matako tu Mungu hubariki kazi ya mikono,['anger'],"['disgust', 'sadness']",['disgust'],['disgust']
swahili_text_4612_emotion_1,@Faykenzy haha...hata nimeachana na hiyo beef..sijui mbona nilikuwa naipepeta,['surprise'],[],['joy'],[]
swahili_text_4817_emotion_1,Asante sana @ZukuOfficial,['joy'],[],['joy'],['joy']
swahili_text_4385_emotion_1,Mamen mwabili is from coast  labda hata nyuma ishai funguliwa bana may hata yeye ndio bibi huwezi jua,"['fear', 'surprise']",['disgust'],['surprise'],['surprise']
swahili_text_464_emotion_1,Ghai! End month huyo ni wewe ama naona vitu zangu?,['anger'],['surprise'],['surprise'],['surprise']
swahili_text_456_emotion_1,"Watu huku ni kama wali extend holiday, hadi ata net akuna",['disgust'],['sadness'],"['joy', 'sadness']",['sadness']
swahili_text_2813_emotion_1,I'll marry my best friend. Hii mambo ya lovers ni mfuko tu,['disgust'],[],['sadness'],[]
swahili_text_4266_emotion_1,Acha hao maghasia wapigane. 2022 ni next year btw,['anger'],['anger'],"['anger', 'sadness']",['anger']
swahili_text_3306_emotion_1,Gaaii nlikuwa nishazoea nikifinya retweet I go to the top of my screen kuRT sasa😂😂 nimejipata nikifanya hivyo mara mbili sasa😂,['disgust'],['surprise'],"['joy', 'surprise']",['surprise']
swahili_text_2648_emotion_1,Mi najua tu insects zingekuwa na makabila mosquitoes zingekuwa wakisii 😂😂😂,['joy'],['joy'],['joy'],['joy']
swahili_text_657_emotion_1,It is with great pleasure that we announce our new partnership with Sauti Advocacy - Kenya. The collaboration gives us higher hopes that we shall be able to enhance collective efforts and access to reliable data and statistics by young people on Gender Equality.  @sauti_advocacy https://t.co/HDFokNH018,[],['joy'],['joy'],['joy']
swahili_text_4200_emotion_1,"@ntvkenya @LabanCliff These are just lies to submit and cover up fake results,We're watching.Fare and free results PEKEE YAKE",['anger'],['surprise'],['anger'],['anger']
swahili_text_2461_emotion_1,"Kitambo nilikuwa napokea msg kuja ukule, nowadays ni mabare tu😓",['sadness'],['sadness'],['sadness'],['sadness']
swahili_text_3174_emotion_1,@RadioCitizenFM @OgalTina @abdimunai Nko poa nashukuru mungu kwa uhai @OgalTina @abdimunai #JamboakenyaRadioNomberOne,[],['joy'],['joy'],['joy']
swahili_text_35_emotion_1,Heh jana nilikua nimelegea sana . Jeso!   Whisky river ni choo sitawahi rudi tena nkt!,['surprise'],['surprise'],"['anger', 'joy', 'surprise']",['surprise']
swahili_text_3501_emotion_1,"@joymariga wewe sema hvyo tu na kuna wasichana hawajui the price of their own drinks, struggle mbaya mbovu!","['anger', 'disgust']",['surprise'],"['anger', 'disgust']","['anger', 'disgust']"
swahili_text_4063_emotion_1,@soi_collins UhuRuto Tano Tena,[],[],[],[]
swahili_text_3627_emotion_1,"Kuna dem nmeona uku lakini namna paka samaki ni wengi hata hujui who is who 🤣. Wacha nijiekee kierehere,siko ready kutrend saa ii.",['disgust'],['fear'],['surprise'],[]
swahili_text_492_emotion_1,@kenyanpundit Fair point hapo @Wamathai @antoneosoul,[],[],[],[]
swahili_text_1571_emotion_1,"Mzae amenipasha, self quarantine ni lazima",['anger'],['fear'],['sadness'],[]
swahili_text_4824_emotion_1,@nellieafc Alifungisha local hapa mtaani usiku mzima tulikuwa tunakunywa maji home juu we couldnt acess,['sadness'],[],['disgust'],[]
swahili_text_3813_emotion_1,hahahahaha mwizi huyu me niliwambia mungu amuue aka ni block https://t.co/51oN6w1akx,['disgust'],['sadness'],['surprise'],[]
swahili_text_4780_emotion_1,"So unawezaskia chenye Eminem anasema akirap but lecturer akidictate notes unashinda tu ""pardon""  pitia finance office uchukue fees back.","['anger', 'sadness']",['joy'],"['disgust', 'joy']",['joy']
swahili_text_5365_emotion_1,"Huku ndo mlisema dem ako aloud kupost ""short men disgust me"" and it is ok but chali akisema "" employed Brownskin women under 55 kgs😍😍 "" dunia mnataka isimame ..💀💀💀💀💀💀💀","['disgust', 'sadness']",['surprise'],"['disgust', 'joy']",['disgust']
swahili_text_4996_emotion_1,Don't forget to register with as little as you have ..... register with our mc joan...ama any of the leaders mwenye unaeza mfikia !,[],[],[],[]
swahili_text_3993_emotion_1,Hehehe watu wengine hawatawai acha ushamba,['joy'],['surprise'],"['joy', 'surprise']","['joy', 'surprise']"
swahili_text_376_emotion_1,"Eti maziwa freshi kikombe cha chai buku 150sh , kwani hayo maziwa mmemkamua dume!",['surprise'],"['sadness', 'surprise']",['surprise'],['surprise']
swahili_text_4241_emotion_1,"Parading betting company's bigdogs wealth in the papers is so lame, kama mtu anaendesha porsche na mimi niliekelea bet nikakula mia nane nikasaidia mtu ako njaa kama mamen @OsamaOtero and am satisfied why should I feel the extra pressure on the company's profit??",['disgust'],['sadness'],['surprise'],[]
swahili_text_1891_emotion_1,Baba Amesema #NoReformsNoElection,[],[],[],[]
swahili_text_419_emotion_1,Shukran kwa kuungana nasi kwenye mpango wa #JamboKenya #MondayEdition Twaondoka Uwe na siku njema #Bye,[],['joy'],[],[]
swahili_text_3930_emotion_1,Nimerudi tl saile nimejua watu wamenyamaza kidogo,['joy'],[],[],[]
swahili_text_1927_emotion_1,Arsenal kitu wanaeza funga ni mdomo hahahaha useless,['anger'],[],['joy'],[]
swahili_text_1103_emotion_1,@Bloke_Broke_ Ni Mungu tu,[],['joy'],[],[]
swahili_text_1066_emotion_1,Awamu ni ya #Taratibu Ndani ya #DriveOnRealoded Tunakuchezea Ngoma za Kukutuliza na Kukuliwaza Baada ya siku Burudika,['joy'],['joy'],[],['joy']
swahili_text_4538_emotion_1,Hii maisha ni short Mtu huona ivyo ukizika mtu ulikua unajua Yaani hakuna mtu anaweza epuka kifo,"['sadness', 'surprise']",['joy'],['sadness'],['sadness']
swahili_text_1025_emotion_1,Yani toto anatoka ushago ananiambia kuni za ushago zilikuwa refu,['disgust'],['surprise'],['sadness'],[]
swahili_text_2778_emotion_1,Acha nilale nikifikiria vile some men are trash.,['disgust'],['disgust'],['anger'],['disgust']
swahili_text_4811_emotion_1,Wanaume wametoka mens coference lakini bado wanasimp,"['disgust', 'sadness']",[],[],[]
swahili_text_4426_emotion_1,Monday inakuwa mbaya mpaka hata kukiwa kuzuri unashindwa ni nini mbaya,[],['joy'],['surprise'],[]
swahili_text_1350_emotion_1,@Mr_Mann18 @Kenyans @Mtu_Bossman Unajua we uko na akili unaeza ona ni ufala tu bt most Kenyans wanachukua hizi vitu ye husema kama the gospel. Probably ndio maana ye husema hizi vitu zenye ni obviously lies.,"['anger', 'disgust', 'sadness']",[],[],[]
swahili_text_4238_emotion_1,"Unaniambia tupatane hapo cafeteria saa saba tudiscuss orthopedics,watu si wajinga bana.",['anger'],['anger'],['sadness'],['anger']
swahili_text_2782_emotion_1,Aki kuna nguo zingine mnavaa hata kama ni fashion ala!!!!,['surprise'],['disgust'],"['disgust', 'sadness']",['disgust']
swahili_text_4492_emotion_1,"Mamilioni waandamana Brazil hidi ya rais wa nchi hiyo Dilma Rousseff, huku wengi wao wakitaka afunguliwe mashtaka ya ufisadi mkubwa",[],[],[],[]
swahili_text_1001_emotion_1,sasa hapa Morocco ni wagani na Iran ni wagani? wote ni mawalach na wanafanana bana. haha,['surprise'],['surprise'],['surprise'],['surprise']
swahili_text_4317_emotion_1,"@Dendricck Mahn ile time umewaste pale jamaa alibuy nduthi, ngombe na akaanzisha familia we unatoka ni bangi tu umevuta",['sadness'],['anger'],['disgust'],[]
swahili_text_1889_emotion_1,Na ni kama hii homa inahitaji kachomwa na gin kiasi itulie 😩,['disgust'],['sadness'],['sadness'],['sadness']
swahili_text_4992_emotion_1,Lakini kuna watu huwa hawatosheki,"['anger', 'surprise']",['surprise'],['disgust'],['surprise']
swahili_text_3596_emotion_1,"Vile walevi hu risk ni mbaya,mse anatoka club anatembea design ni ka mguu moja ni fupi kuliko ingine anagurumisha gari na anadai dinga inajua home.",['disgust'],['surprise'],['fear'],[]
swahili_text_1035_emotion_1,@vincentateya Kayole Nimeamka nimebumburuka nashukuru Mungu kwa kunipa uhai hadi wa leo @QwetuRadio #QwetuAsubuhi,['surprise'],['joy'],['joy'],['joy']
swahili_text_5304_emotion_1,@GovWOparanya Tell UHURU HII KENYA SIO YA MAMA YAKE,['anger'],[],['anger'],['anger']
swahili_text_4093_emotion_1,Sasa surely hizi moods ni za? Ah,['sadness'],['sadness'],['surprise'],['sadness']
swahili_text_142_emotion_1,Unaeza kataa kwenda qutar??,['surprise'],['surprise'],[],['surprise']
swahili_text_2042_emotion_1,IEBC YALENGA WAPIGA KURA MILIONI NNE KWENYE USAJILI UNAOANZA KESHO @MweteeliAlfred,[],[],[],[]
swahili_text_206_emotion_1,@SirAlexas Aki ya Mungu,['fear'],['surprise'],['surprise'],['surprise']
swahili_text_2017_emotion_1,@Kass_FM AZIMIO LA KUZIMU LIPAMBANE NA HALI ZAKE,['disgust'],[],[],[]
swahili_text_4179_emotion_1,"Mnaskianga aje mkijibu watu ""awky"" instead of ""ok""?",['disgust'],['surprise'],['sadness'],[]
swahili_text_2108_emotion_1,If you are a lady and since morning no man has told you kuna baridi ambia babako akuonyeshe place ujenge.,[],['joy'],['disgust'],[]
swahili_text_1321_emotion_1,"Kumbe jana nilikunywa hadi fare, hae pls my peoples",['surprise'],['sadness'],['sadness'],['sadness']
swahili_text_4979_emotion_1,Nimeamka kwa uwezo wake Mwenyezi Mungu,[],[],['joy'],[]
swahili_text_4954_emotion_1,Mnaongelea kaswende na ni end month haha ...bado those subaru and salaried niggas watareremsha hizo bendera,[],"['disgust', 'surprise']",['joy'],[]
swahili_text_614_emotion_1,Mwanaume unanunulia dem pombe na mkienda ushago mnalala jikoni Shida ni problem!!!,"['anger', 'disgust']","['disgust', 'sadness']",['sadness'],"['disgust', 'sadness']"
swahili_text_4865_emotion_1,@kenyafilmcomm @swahilipothub @MahmoudNoor03 @nadia_abdalla_ @TimothyOwase1 @EstherKoimett @mucheru @KncciMombasa @MombasaCountyKe @TourismMombasa At #Neptrix Theatre GROUP Tunasema Asante sana,['joy'],[],['joy'],['joy']
swahili_text_2411_emotion_1,Acha nikapike soya yangu nielekee kuskiza neno.,[],['surprise'],['sadness'],[]
swahili_text_2211_emotion_1,@KinyanBoy @C_NyaKundiH @NLC_Kenya @OAG_Kenya Hapa Wizi Tu,"['fear', 'sadness']",['fear'],['anger'],['fear']
swahili_text_215_emotion_1,Watoto wa CBC wanafanya harusi alafu kuna wewe,['anger'],['surprise'],['surprise'],['surprise']
swahili_text_4322_emotion_1,Juu sina Dem Wacha hii 2k ningemtumia ninunue cans za tusker nilewe 😂😂,['sadness'],['surprise'],['joy'],[]
swahili_text_2068_emotion_1,No wonder ma bouncers wa club huwa hawa fikirii ni gym i have concluded,[],['joy'],['disgust'],[]
swahili_text_1107_emotion_1,@ahmed_zuena @bartlettdaron @fmrsema @Raflastking Asante sana,['joy'],['joy'],['joy'],['joy']
swahili_text_1108_emotion_1,"As other institutions are expanding libraries and lecture halls,  Cooperative university just felt it's the right time to  expand the school Club🌚😂 Kwani walevi ni wengi aje hawatoshei bar lakini class inatoshewa","['sadness', 'surprise']","['disgust', 'joy']",['disgust'],['disgust']
swahili_text_2295_emotion_1,Kamukunji cops huwa washenzi... Ata ni kama wamepata iyo corona wakishika watu kiholela tao,['anger'],['anger'],"['anger', 'surprise']",['anger']
swahili_text_839_emotion_1,@CliffeRocker Hapa ni before the final turn?  Kwenye kuna mteremko?,['disgust'],['surprise'],['surprise'],['surprise']
swahili_text_1285_emotion_1,nikipanda ntafanya vile roho yangu inataka!,['anger'],['joy'],['joy'],['joy']
swahili_text_1136_emotion_1,@SirAlexas Easy Salamu kwa stairs 😂,['joy'],['joy'],['joy'],['joy']
swahili_text_3357_emotion_1,Kimani Ichungwa trying to insinuate that ' maguta Maguta' means oil. Watu si wajinga buanaa,['anger'],['surprise'],['anger'],['anger']
swahili_text_5059_emotion_1,Napatana na watu siku hizi wananishow nimepunguza weight ni kama nawork out hawajui ni kukonda juu ya shida buana.,['sadness'],['joy'],['joy'],['joy']
swahili_text_3468_emotion_1,Fuel nayo walikunywa yote alafu Sasa fair ipandishwr hapa wanyee naendanga na kumi kesho iwe fefty ghaii,['anger'],['sadness'],['anger'],['anger']
swahili_text_674_emotion_1,@chrisjumaa @Luchivya @wilbrodanyamin Asanti kwa kutusikiliza,['joy'],['joy'],['joy'],['joy']
swahili_text_3083_emotion_1,@katemwesh @DorahManya @QwetuRadio Tumushukuru Mungu kwa upendo wake #BarakaZaQwetu #BarakaZaQwetu,['joy'],['joy'],['joy'],['joy']
swahili_text_4450_emotion_1,zile njoti nmenunuliwa this week ni mob utadhani nmekua nkinyandua whales pale mjeii,['surprise'],['disgust'],"['joy', 'surprise']",['surprise']
swahili_text_1872_emotion_1,WAKE UP &amp; LIVE TODAY,[],[],[],[]
swahili_text_4501_emotion_1,MUNGU HAPENDI UTANI UKIMTANIYA BASI NAWE UTABAKI KUHANGAIKA RUDI KWA MOLA WAKO,[],[],[],[]
swahili_text_2432_emotion_1,"Hao wasee hubonga hivo hadi hukua weak asf,kofi moja fahamu iko border. https://t.co/NqNkrlWqGL","['anger', 'sadness']",['surprise'],['anger'],['anger']
swahili_text_1976_emotion_1,Kama una bebah mavuli yake handbag uta shndwa aje ??,"['disgust', 'surprise']","['joy', 'surprise']",['surprise'],['surprise']
swahili_text_2427_emotion_1,"Mimi mtu akiniambia mimi ni mfupi, my reply is always that’s sauti sol did this jam because we are...... https://t.co/f0PgeSin5d",[],[],[],[]
swahili_text_1236_emotion_1,"Ms hawa watu wa supermetro how bad can the damage be,juu hizo lines from Nairobi to Durban sijai elewa",['surprise'],['sadness'],['surprise'],['surprise']
swahili_text_3766_emotion_1,Haha my nigga alinichapia kuna dem alipiga finger ass nimecheka bana ...mi dem akajaribu acha kunifinger ass kugrab my ass anaweza receive slap .That's gayshit.,"['anger', 'disgust']",['disgust'],"['joy', 'surprise']",['disgust']
swahili_text_5081_emotion_1,@chepkirui____ Unapendeza sana,[],['surprise'],['joy'],[]
swahili_text_115_emotion_1,Leo nmeona ass kubwa with mayais siet. Kwani niko dala?,['surprise'],['disgust'],['disgust'],['disgust']
swahili_text_1370_emotion_1,#NP #PattySmythe @LoveAintJustEnough Ndani Ya #Taratibu #DriveOnRealoded OnStandBy #Werrason @Solution @OgalTina  Enjoy,[],[],[],[]
swahili_text_5506_emotion_1,@betikaKe Helloo betika leo mmeninyima pesa  nilicancel game thn nikaplace bet again ikaniambia bet copied succesfully na game zote zimegothru kunaendaje,[],[],['surprise'],[]
swahili_text_4496_emotion_1,"Ana tupima mongo yeye hubeba sheets zake ,labda yeye hubeba sheets zao,kuna kitu tunafichwa washika dau na wadaudet",[],[],['surprise'],[]
swahili_text_3914_emotion_1,Sisi watu hatunanga affiliation to football teams or whatevers hatuna letu game zikichezwa 😂😂😂,['joy'],['surprise'],[],[]
swahili_text_2379_emotion_1,Jabali ajifanye anaenda ocha a park hadi nguo me nilienda hadi nika book gari smh hizo times nilikapitia,['sadness'],[],['anger'],[]
swahili_text_2740_emotion_1,@Wangeshi_s They run away ndio wasipatwe. Ata we ukiibia mtu tao utasimama hapo?,[],['surprise'],['surprise'],['surprise']
swahili_text_670_emotion_1,Unaiyemwita baby anawezabebwa kama begi,['anger'],['surprise'],[],[]
swahili_text_5181_emotion_1,Huyo commentator anani bamba venye anaongea ni kama anaimba 😂😂,['joy'],['joy'],['joy'],['joy']
swahili_text_801_emotion_1,Kuna lightskin hapa ananiambia nimpeleke out ati juu leo ni Eclipse day 😂😂😂😂😂  #SolarEclipse,"['disgust', 'surprise']",['surprise'],"['joy', 'surprise']",['surprise']
swahili_text_953_emotion_1,Kuna HTC imeanguka hapa mwenyewe akaona vile screen inakaa akamwaga machozi.,"['sadness', 'surprise']",['sadness'],[],['sadness']
swahili_text_832_emotion_1,Ushawahi kuona married man amepigiwa kelele mpaka ukamuhurumia na ata hajafanya kosa any but kelele anapigiwa ni Ka mtoto bana..I once saw that nikaskia tu kulia,['disgust'],['sadness'],"['sadness', 'surprise']",['sadness']
swahili_text_5251_emotion_1,"Kinachofuata ni chuma kukamata, acha zogo okota dodo.",[],[],[],[]
swahili_text_246_emotion_1,Wale watu walikuwa wanatembea na guitar tao walienda wapi?,['disgust'],[],['surprise'],[]
swahili_text_5334_emotion_1,Huyu jirani yangu anaeka volume kubwana ni mchana.  Ngoja ninunue redio watajua snoopdogg na eminem in one night.,"['anger', 'disgust', 'sadness']",['surprise'],['disgust'],['disgust']
swahili_text_4412_emotion_1,Sasa hawa watu wa stima hawanijibu.,['sadness'],['anger'],['sadness'],['sadness']
swahili_text_4635_emotion_1,Mbona madem wengi wameweka tattoos kwa thighs?,['surprise'],['surprise'],['disgust'],['surprise']
swahili_text_2720_emotion_1,One thing nilisema sitawahi fanya ni kununua kuku ama nyama supermarket.. Naah that shit taste like chemicals bana,['sadness'],['anger'],['disgust'],[]
swahili_text_3537_emotion_1,Hizo mat ni expensive juu mnaongea kizungu smh,['fear'],['surprise'],['surprise'],['surprise']
swahili_text_420_emotion_1,@Radiokimuri Pamoja kwa mpigo Tena Sana hadi tamati,[],['joy'],[],[]
swahili_text_69_emotion_1,Meanwhile the gods of football really want Arsenal to win the EPL but Arsenal is being Arsenal wata fumble hapo mbele 🙊,['sadness'],['sadness'],['surprise'],['sadness']
swahili_text_4229_emotion_1,Ati hio club masugarmummy inaitwaje??,['surprise'],['surprise'],[],['surprise']
swahili_text_4233_emotion_1,Hii Nchi Si Ya Mamako!    #KenyaIn5Words,['anger'],['anger'],['anger'],['anger']
swahili_text_325_emotion_1,@Babu_Owino peleka hisia hiyo bungeni tafadhali mheshimiwa ila barabara zetu zirekebishwe ni mbaya haswaa,['surprise'],['anger'],[],[]
swahili_text_2251_emotion_1,Kuna dem imebidi afanye io challenge na matiti juu naye nyuma ni vybz pekee.,['sadness'],['joy'],[],[]
swahili_text_1131_emotion_1,Mungu awape nguvu familia na wakaaji wa Nyeri,[],[],['sadness'],[]
swahili_text_4048_emotion_1,"Huyo wanyonyi ni wa wapi sasa, that one hata my grandma would hav scored","['anger', 'surprise']",['sadness'],['anger'],['anger']
swahili_text_3302_emotion_1,Ghai! Ni kina nani hawa wanaharibia Kisii University jina?,['surprise'],['sadness'],['surprise'],['surprise']
swahili_text_4023_emotion_1,Wacha nicheki hizi last episode za Blackish alafu nilale. Kumbe siku zicheki smh,['joy'],['anger'],[],[]
swahili_text_3056_emotion_1,@C_NyaKundiH @AMB_A_Mohammed Wazee eni sawa kama mumelipa AP hafanye hivyo wamama wametaja kwa television sasa hawa mama mtawa do?,['disgust'],['anger'],['sadness'],[]
swahili_text_1545_emotion_1,Mwanaume mwenye hajui kucheza pool na kadi huyo ni Cynthia 💀,"['disgust', 'sadness']",['surprise'],['disgust'],['disgust']
swahili_text_769_emotion_1,"Let it be known, Wakadinali had the song of the year 2019...  Usilete makasiriko hapa hii ni fact",['anger'],['anger'],['joy'],['anger']
swahili_text_1032_emotion_1,Balo si mguise mbaya bt decision making yake ndo inam mess...,['anger'],['sadness'],[],[]
swahili_text_4981_emotion_1,Kuna shati sijavaa for ages mpaka zinadhani nilikufa bana,[],['joy'],['joy'],['joy']
swahili_text_4397_emotion_1,Wah karibu ni sex chat dem ya mwenye ananibaia tei na tuko na yeye hapa,"['fear', 'sadness']",['surprise'],['surprise'],['surprise']
swahili_text_2022_emotion_1,@EvahMwalili Nashukuru kwa Neno #BarakaZaMilele Nimepokea,[],[],['joy'],[]
swahili_text_767_emotion_1,Nyinyi wote mkiimba eti akuna mahaba wenye mko ni relationship mfanya nini surely😂😂😂😂😂,['disgust'],['surprise'],['surprise'],['surprise']
swahili_text_1992_emotion_1,Lolz petroheads wa kanairo ni savages…kuna mans alipeleka madem Vasha wakawanyima bana walirudi na basi za western,['surprise'],"['joy', 'surprise']",['sadness'],['surprise']
swahili_text_1068_emotion_1,Tumekaza sana,['joy'],[],[],[]
swahili_text_4721_emotion_1,Leo nimeenda kunyolewa wakadai sun burns za uso lazma wascrub... Nimeingia bar kukunywa clubman nikichase na faxe manhood irudi,['sadness'],[],['sadness'],['sadness']
swahili_text_3059_emotion_1,Kama alikua mdosi hustler akaikatia insurance wasiwasi ameumia.,['fear'],['disgust'],['sadness'],[]
swahili_text_4267_emotion_1,Ule nigga wa Zimbabwe alidedi tu ivyo akaacha mali yote nyuma. Enyewe izi stuffs uwa ni vanity,['sadness'],['sadness'],['sadness'],['sadness']
swahili_text_5312_emotion_1,Sieeeet kuamka hii mapema yote only means nitaka chinese macho all day ni usingis,"['anger', 'sadness']",['surprise'],['anger'],['anger']
swahili_text_2667_emotion_1,Tumepatana na lec kwa gari za campaign tukashuka chini pamoja kucheka😂😂😂💔,"['joy', 'surprise']",['joy'],['joy'],['joy']
swahili_text_2579_emotion_1,Huyu naye alifunga goal moja uefa saaai analea mbwa to,['disgust'],['disgust'],['anger'],['disgust']
swahili_text_4983_emotion_1,"Uki itiwa bootycall after saa hii na upatane na GSU halafu una show wewe ni foodstuff in transit,hau deserve beating, sindio?",[],[],['joy'],[]
swahili_text_3258_emotion_1,Sasa kama mtu ni only child atakufa izi prophecy za Owuor zikikam kupass ama yeye ni lastborn? 🤔🤔,['fear'],['surprise'],['fear'],['fear']
swahili_text_2911_emotion_1,Si niliwaambia nikipata mtu hamtapenda? 😭 endeleeni tu.,['fear'],['surprise'],['surprise'],['surprise']
swahili_text_1711_emotion_1,@mainneli_ @OCTOPIZZO man haku ambia  poa alafu akaambiwa anaskilia watu machungu juu zao hawa pewi na mzungu hahaha hana hasira huyu,['sadness'],[],"['joy', 'surprise']",[]
swahili_text_63_emotion_1,@Zed_shantall Usikose kufika kwa RAO,['fear'],[],[],[]
swahili_text_3981_emotion_1,Shiet huyo ninja alinyoa mdemu wake 😭,"['anger', 'surprise']",['surprise'],['sadness'],['surprise']
swahili_text_105_emotion_1,Kithure kindiki hafai kufanyiwa vetting that guy ni mnoma sana.,['joy'],['joy'],['surprise'],['joy']
swahili_text_1475_emotion_1,@DrAlfredMutua Pia naona Nzeki kwa karibu eh,[],[],[],[]
swahili_text_3550_emotion_1,"Jamaa huko side za Othumo amebugda after kuvamiwa na dogi  David Ondere aligenya jana morning after kuumwa na German shepherd nnei akiwa raundi zake hapo mtaa yao Kaunda village, Rabuor.",[],['sadness'],['sadness'],['sadness']
swahili_text_3143_emotion_1,@Mollis_kot @DicksonKitavi Pole kwa kazi friend,['anger'],[],['sadness'],[]
swahili_text_2928_emotion_1,Huyo player amepiga chuma kichwa na ni kipara 😂,['anger'],['surprise'],"['joy', 'surprise']",['surprise']
swahili_text_3451_emotion_1,Haha hakuna wasee hujua kupeana maoni kama tweeps. Lakini ukiwapea kitu wafanye wanashindwa,['anger'],['surprise'],['surprise'],['surprise']
swahili_text_4012_emotion_1,@dailynation YULE MZEE KWA CORNER JAMEMI APATIWE SOFTA NITALIPA,['sadness'],[],['joy'],[]
swahili_text_4634_emotion_1,Wanasema voters turnout ilikua low.. Yet hawamalizi kuhesabu hizo kura.. Kwani ni ngapi?,"['anger', 'surprise']",[],"['anger', 'disgust']",['anger']
swahili_text_2289_emotion_1,"Akaniuliza kama najua stella,nikamshow namjua,stella ni dem we met a couple of weeks and we are just smashing,no emotions attached.Manze kusema namjua mbogi yote ikanikaribia,mmoja akanishika mkono na na mwingine shingo...","['fear', 'surprise']",[],['fear'],['fear']
swahili_text_3410_emotion_1,Amina ni kama ni yeye alifill gap iliachwa na minji minji pale statoe,['disgust'],['surprise'],['disgust'],['disgust']
swahili_text_4350_emotion_1,@HMalumu @SospeterWaHtown @Alex_Mwakideu @wilbrodanyamin @DicksonMpapale Asante kwa kutusikiliza #AlexNaWilbrodaMilele,['joy'],['joy'],['joy'],['joy']
swahili_text_1965_emotion_1,@jemiNgure @MaryjaneMwanza Some product are cheap zingine expensive Alafu pia part ya quality products zingine watu wanachezwa walai,['sadness'],[],['sadness'],['sadness']
swahili_text_919_emotion_1,Hawo wasichana unaona ni warembo huwa hatureply text zao 😂😂😂,['anger'],['surprise'],['surprise'],['surprise']
swahili_text_5248_emotion_1,Kwa nini unawashwa na maisha ya watu,"['anger', 'surprise']",['joy'],['surprise'],['surprise']
swahili_text_2743_emotion_1,Kama ulikuwa hunitaki ungeniambia tuu sasa mpaka uniombe pesa?,['sadness'],[],['sadness'],['sadness']
swahili_text_864_emotion_1,Mi naye sijawahi pata mwanamke ashawahi nipiga character development hadi nikaogopa dating scenes.,['sadness'],['surprise'],['surprise'],['surprise']
swahili_text_4419_emotion_1,Jamaa wengine wanaeza enda church wakiskia kuna free wi-fi huko,['surprise'],['surprise'],['joy'],['surprise']
swahili_text_3088_emotion_1,Siku hizi ni hawker anakimbia tu akiona kanjo 😁😁 https://t.co/Ef2mox6LrB,"['disgust', 'fear', 'sadness']",['fear'],['surprise'],['fear']
swahili_text_4835_emotion_1,hawa wenye waist Beads tunaeza elewa lakini ikifika wanavaa hiyo kitu hadharani kwa mguu wale cheza mbali sana,['fear'],[],['joy'],[]
swahili_text_2154_emotion_1,"Life's too short to wake up in the morning with regrets. Enjoy Life, Love the ones who care, and Appreciate what you have in your life.",[],['surprise'],['joy'],[]
swahili_text_4430_emotion_1,But capt chege if he's good at his work mpeeni kazi dont cancel yet but hiyo nayo ametweet ni upuzi.,['anger'],['anger'],['disgust'],['anger']
swahili_text_2193_emotion_1,@RadioCitizenFM HAPA KWETU NI BARAKA.MAZIWA KWA WINGI.LAKINI SIJUI KAMA COUNTY GOVT IKO TAYARI KUKABILIANA NA MAFULIKO#kbirigwi LKIRINYAGA,"['joy', 'sadness', 'surprise']",[],['joy'],['joy']
swahili_text_4104_emotion_1,Ndo maana sipendi kutuma pic ig ka hiyo ndo tabia,['anger'],['disgust'],['sadness'],[]
swahili_text_4944_emotion_1,@NtvJamrock @KrissDarlin @waithera7 @stella_katiwa @Deejaysejo @mpole_fazul MBONA KATIWA HATAKAGI TUONE NYWELE YAKE #NTvjamrock,[],[],[],[]
swahili_text_131_emotion_1,Alafu huku leafy suburbs ni mvua tu ..,['surprise'],['surprise'],['surprise'],['surprise']
swahili_text_4045_emotion_1,Ni Kama watamani kuvaa chupi kichwani nikikutana nawe. Sitishiwi mie https://t.co/99pwygcNgq,['sadness'],['disgust'],['disgust'],['disgust']
swahili_text_1019_emotion_1,"@KenyaPower_Care is there rationing in Kakamega that nobody has mentioned. This 7-9pm black outs everyday, is your office working?ama ni kukata tu ndio wanajua",['surprise'],['anger'],"['anger', 'sadness']",['anger']
swahili_text_3373_emotion_1,Retired mps ni gani tena aise?!,['fear'],['surprise'],['surprise'],['surprise']
swahili_text_1760_emotion_1,@MillicentOmanga Watu wa kumangwa,[],[],['anger'],[]
swahili_text_2460_emotion_1,"Hahaha uko irrelevant ndio maana story za 2019 bado zinakuuma hadi una subtweet king kong 3 years later, sons mkuwe na present father figures tafadhali😂😂😂","['disgust', 'sadness']",['joy'],"['anger', 'surprise']",[]
swahili_text_2344_emotion_1,"Watu wa ruaka, barabara ya kutoka ruaka to banana hill iko sawa ama inakaa venye inataka?",[],[],[],[]
swahili_text_3593_emotion_1,Hao nao kama hawataki tuone hio final waseme tuende shughuli zengine,['anger'],['anger'],['anger'],['anger']
swahili_text_118_emotion_1,@lynbinsari Tunaenda kwa @Njoki_Njanja,[],[],[],[]
swahili_text_385_emotion_1,"Watu wa mombasa walifungua maduka 12:30pm..saa izi naona kuna wenye wamefunga,yaani kusema ukweli hawa watu hawananga haraka ya kutafta pesa??",['disgust'],['surprise'],['sadness'],[]
swahili_text_581_emotion_1,IG kuna hizo shops wanauza nguo za madem na wanaweka models weeh mko sure ni nguo wanauza sio noko ??,['disgust'],['surprise'],"['disgust', 'surprise']","['disgust', 'surprise']"
swahili_text_4029_emotion_1,@Benedictmuturia Very true huyu Ata Lilia kwa choo,['surprise'],['sadness'],['sadness'],['sadness']
swahili_text_1674_emotion_1,Kuna yule ex mkikutana lazima mkulane....si ni kweli?🤣🤣,[],['joy'],['joy'],['joy']
swahili_text_5340_emotion_1,Kuna watu watashow some magegooo zimeonja chumvi. https://t.co/VC6FQE7bNb,['disgust'],[],['disgust'],['disgust']
swahili_text_2276_emotion_1,You are used to females asking for money mpaka ukipata mwenye haombi unafkiri  ni set up,[],['surprise'],[],[]
swahili_text_3130_emotion_1,Kama ushai guza hii kihara send 300+50 ama niwaitie buffalo ama ndio wildebeest iwakanyange mkufe😂,['disgust'],"['joy', 'surprise']",['surprise'],['surprise']
swahili_text_41_emotion_1,@AndyOboskyz Watu tunatafuta dawa ya corona wee uko hapa unalia unaloose followers ama wee ni yesu ni disciples unawaloose,['surprise'],['anger'],['anger'],['anger']
swahili_text_249_emotion_1,Iyo storey building ilianguka kiujinga ni kama imeundwa na karatasi,"['fear', 'sadness']",['sadness'],"['sadness', 'surprise']",['sadness']
swahili_text_2039_emotion_1,Haha pale dem akicheat unahutia kitu unaondokea juu pia wewe utaachwa tu .,['sadness'],"['joy', 'surprise']",['joy'],['joy']
swahili_text_2141_emotion_1,@NCBALoop mmeamua that efficiency ni rocket science kwenyu?,[],['surprise'],['anger'],[]
swahili_text_2824_emotion_1,The other day I saw people queuing at a movie shop to buy movies karibu nisimame kupiga picha. Kumbe these things still happen in 2016 lol..,['disgust'],['surprise'],['surprise'],['surprise']
swahili_text_3595_emotion_1,Haha saa hii Ndio narealise hao couple walikua patanisho leo asubuhi ni my next door neighbors bana,['joy'],['surprise'],['surprise'],['surprise']
swahili_text_4741_emotion_1,Lmao kuna nugu apa ndani zikisema shit iko down nyinyi mafala pia mna watch mkiwa na mixed feelings alafu mnakuja na same opinions 😂😂😂 even if whatever u watching is elite. Lmao some of u need to grow up,['anger'],['joy'],['disgust'],[]
swahili_text_2203_emotion_1,Bigwigs wamesema saba saba ni holiday or nah,[],['surprise'],['surprise'],['surprise']
swahili_text_2409_emotion_1,@jaychedah na kukunyua ethanol kwa lab ya Bio,[],[],[],[]
swahili_text_3806_emotion_1,"Kenyan men are not romantic, nimemskia radio jambo gidi na ghost 'nampenda buana yangu kama maarakwe' 😂😂😂",['fear'],['surprise'],['joy'],[]
swahili_text_4772_emotion_1,"Kuna day niko high, gaidi akanishw ""niwekee T-Shirt(that migos song)"" Mii nikamchukulia T-shirt yangu avae nikiwa na furaha, ilibidi anipige slap lol",[],['joy'],['joy'],['joy']
swahili_text_1000_emotion_1,Sai ni saa ngapi mna hold space hamna watu wanawa penda hata jeez,"['anger', 'surprise']",['sadness'],['surprise'],['surprise']
swahili_text_3717_emotion_1,But huyo si Alai anatweet ni kahawa tungu nawajua,[],['sadness'],['anger'],[]
swahili_text_2994_emotion_1,pongezi Sirkali na ingwe kwa nidhamu waliyoionyesha Jumapili #SSKPL,['joy'],['joy'],['sadness'],['joy']
swahili_text_908_emotion_1,Hizo pics nilitumiwa hahahahaha wacha tu!!,['joy'],['joy'],['joy'],['joy']
swahili_text_571_emotion_1,@Pispah_ Hii ata si early kickoff ni postponed match...hii leave itanionesha mambo,['anger'],['surprise'],['surprise'],['surprise']
swahili_text_866_emotion_1,Natakanga tu nikafunge niondokee this City nikajenge hao ya macontainer somewhere gishagi,[],['anger'],[],[]
swahili_text_2549_emotion_1,Akikuambia mambo yangu mimi usikuje kuniambia hiyo ni mambo yenu😂😂😂,[],['joy'],['joy'],['joy']
swahili_text_4881_emotion_1,Hawa Villarreal ni ovyo sana bana,['anger'],['anger'],['disgust'],['anger']
swahili_text_5125_emotion_1,Conductors wenye hukushukisha mbali na stage alafu wanakwambia utembee ni pale tu have a spot in hell😭😭,"['anger', 'sadness']",['sadness'],['disgust'],['sadness']
swahili_text_4089_emotion_1,@RodgersKipembe Hii ni ile wheelbarrow  itapita tukimpeleka nyumbani hatutaki rough road and we are heading to rainy season so hatutaki wheelbarrow  ikwame kabla hatujefikisha mzee nyumbani mapema na salama,['fear'],['anger'],[],[]
swahili_text_2346_emotion_1,PAMOOOOJAAAA TENA ZAIDI @inooroke #Msiriri RUAKA BYPASS NKO TUNED,[],[],[],[]
swahili_text_843_emotion_1,Saa zingine si maringo.. ni kuavoid heshima ndogo na madharau,['anger'],"['anger', 'fear']",['sadness'],['anger']
swahili_text_2804_emotion_1,"Ndo pedi kuingia na mali after 4days, ametoka kutuchapia stori utaeza dhani yeye ni superman🤣🤣🤣",['fear'],['surprise'],"['joy', 'sadness']",[]
swahili_text_4290_emotion_1,Wamebomoa wapi leo?,['sadness'],['sadness'],['fear'],['sadness']
swahili_text_665_emotion_1,"Leo ma DJ wanapata pumzi kidogo, wanageuziwa then something comes up wanasahauliwa kidogo. But bado najua watageuziwa",['fear'],[],[],[]
swahili_text_2205_emotion_1,Lakini mtu mnono akiitwa hippo hafai kuskia vibaya.,[],['joy'],['joy'],['joy']
swahili_text_2221_emotion_1,AMEFUFUKA! YESU AMESHINDA KIFO! TUMSHANGILIE LEO KAFUFUKA! LEO NI FURAHA....HALELUYA!,['joy'],['joy'],['joy'],['joy']
swahili_text_4234_emotion_1,Lmao nikiweka hiyo nitakuwa namaliza mtu kabisaaa. Hii ni upuzi gani sasa? https://t.co/FBp5nhsbna,['anger'],['anger'],['sadness'],['anger']
swahili_text_1067_emotion_1,"Lakini hizi mbu zimenizoea, I guess intention yao siku hizi si kuninyonya damu hata ni kunidummy ndio nijipige kofi!!!","['anger', 'disgust']",['anger'],['anger'],['anger']
swahili_text_1058_emotion_1,Mnauza accounts zenu alafu mnashinda mkisema 'we rise again' . kwani nypi ni yesu m rise again 🤔,['anger'],['sadness'],['surprise'],[]
swahili_text_1448_emotion_1,@Mstephano_ Kwani you were going after someone's wife? Kwani we ni mchaluo? Hao ndio hawana heshima kwa ndoa,"['disgust', 'surprise']",[],"['disgust', 'surprise']","['disgust', 'surprise']"
swahili_text_2373_emotion_1,Hupewi more than one rounds juu mtu anapima njoti akapee galdem mwingine. Saa hizo unajiambia ooh this man has had a long day of work acha kalale😭😭😭😭i have soffad,['sadness'],['joy'],['sadness'],['sadness']
swahili_text_279_emotion_1,That fuckn moment morning hrs jibwa la mtu kantishia atanistaki eti nimemwibia-... kuma mayo si simple ulivo dhania-... kesho ni zamu yangu,['anger'],['anger'],['anger'],['anger']
swahili_text_4260_emotion_1,Kuna ploti token huwa hazilii?,['surprise'],['surprise'],[],['surprise']
swahili_text_5386_emotion_1,"So prisoners are now allowed to have long hair in our country? Mimi hamwezi niambia kitu,  this whole thing was following some script,  eeeii buana","['anger', 'surprise']",['anger'],['joy'],['anger']
swahili_text_939_emotion_1,Huku ocha wakikuona na dem wa matako kubwa wanampiga boils anashindwa kukaa 😂😂💔,['anger'],"['disgust', 'sadness', 'surprise']","['disgust', 'joy']",['disgust']
swahili_text_3991_emotion_1,So jana at the club nikiwa nazikwenda some random chic walked up to me and kissed na kila mtu alishangilia. Am i a victim of sexual harassment too?,"['joy', 'surprise']",['surprise'],['surprise'],['surprise']
swahili_text_4253_emotion_1,Wangapi walikuwa nazo saa hizi wanashangaa hivyo sivyo,['surprise'],['surprise'],['surprise'],['surprise']
swahili_text_870_emotion_1,TAREHE NI SALASINI!!,[],['joy'],['joy'],['joy']
swahili_text_4198_emotion_1,My biggest fear ni kuenda majuu  alafu nifukuzwe na mbwa haijui 'kwera',['fear'],['anger'],['fear'],['fear']
swahili_text_1137_emotion_1,Saaaasa simu ni za nn c wangeandikiana sms?,"['anger', 'disgust']",['anger'],['disgust'],"['anger', 'disgust']"
swahili_text_2092_emotion_1,Mnakumbuka ile siku Lucy Kibaki aliitisha press ndio Mwai Kibaki atuambie venye Lucy is his only wife.. lmaooo that woman was crazy af😂😂😂😂😂😂😂😂😂,"['joy', 'surprise']",['joy'],['joy'],['joy']
swahili_text_1620_emotion_1,Kumbe alai hakunyi pombe hawa ni wale uenda loo kushuta alafu wanaflush,"['disgust', 'surprise']",['joy'],['disgust'],['disgust']
swahili_text_3061_emotion_1,@pizzahmwitu @IamMukui Nini,[],[],[],[]
swahili_text_4420_emotion_1,Huyu amesema anafika home anipigie 😭 sasa mimi pesa natoa wapi jameni,['sadness'],"['anger', 'surprise']",['sadness'],['sadness']
swahili_text_3155_emotion_1,Hivi wanaposema human poacher ni kwamba kuna watu wanawinda binadamu au mbona balaa hii,['anger'],['surprise'],['sadness'],[]
swahili_text_741_emotion_1,Ni Kama watu hawajui niko na exam form ishaanza kutolewa,['disgust'],['joy'],['surprise'],[]
swahili_text_4309_emotion_1,Kesho masaa kama hii ntakuwa nacheka vile watu wamesuguliwa na Real Madrid 😂😂😂😭,['joy'],['joy'],['joy'],['joy']
swahili_text_5449_emotion_1,Kuongea ni bure tho.,[],[],[],[]
swahili_text_4967_emotion_1,@rihanna @EscrowSZN Usiweke Siasa kwa Roho,[],[],[],[]
swahili_text_1978_emotion_1,Mnasema watu wapake toothpaste kwa balls ndo watoto wa Rift Valley wasikue na brown teeth?,['disgust'],['joy'],['surprise'],[]
swahili_text_4172_emotion_1,@WanjikuHSC Serikali ya mahasoras,['sadness'],['surprise'],['disgust'],[]
swahili_text_4689_emotion_1,Sikuizi Nairobi unakatia dame anakuuliza uko na pesa ama ni ujinga tu?,[],"['anger', 'surprise']","['disgust', 'joy']",[]
swahili_text_4079_emotion_1,Hapa nibets zinaungua tu acha nilale,['sadness'],['sadness'],['sadness'],['sadness']
swahili_text_4556_emotion_1,@Milele_FM @EvaMwalili #BarakaZamilele Mungu ni wa Ajabu.,[],[],['joy'],[]
swahili_text_2292_emotion_1,Lakini premier league tote ilitunyesheaa saa sahii wamepigwa,['joy'],[],['joy'],['joy']
swahili_text_3368_emotion_1,"Tuko na ujuzi ya kuiba ,kulialia na ukabila  Uhuru Kenyatta",['anger'],['sadness'],"['anger', 'disgust']",['anger']
swahili_text_4850_emotion_1,Hii vita ya celebrities/influencers na watu wa bedsitters itawai isha kweli?,[],['fear'],['disgust'],[]
swahili_text_820_emotion_1,Kuna haja ya kuendelea na the same conversation after mtu amelala?,['surprise'],['surprise'],['sadness'],['surprise']
swahili_text_1963_emotion_1,Yaani I've had to pass through a long route ju ya kuhepa mtu... Hizi ni gani sasa?,"['fear', 'surprise']","['joy', 'sadness', 'surprise']",['anger'],['surprise']
swahili_text_2391_emotion_1,Kuvumilia kuwa ManU fan,['sadness'],[],['sadness'],['sadness']
swahili_text_4905_emotion_1,"Unauliza mzae umeona  remote anakuuliza utahama lini smh,  ii ni kufukuzwa mtaa kiplan 😡",['anger'],['sadness'],['sadness'],['sadness']
swahili_text_252_emotion_1,@LemaVictorglema Kuteseka ni kwa Muda tu kaka z😂😂,[],['joy'],[],[]
swahili_text_1597_emotion_1,Watu wengine wanajipea pressure because of strangers.Kuna mwingine ameenda kutengeneza nails lkn n sawa tu😂😂💔,"['joy', 'sadness', 'surprise']",['surprise'],"['disgust', 'joy']","['joy', 'surprise']"
swahili_text_4578_emotion_1,Kisumu - Kakamega highway pale Obunga kuna smell ingine inaweza uwa nzi,['disgust'],['surprise'],"['disgust', 'joy']",['disgust']
swahili_text_1153_emotion_1,Sisi ni wale wasee sisi huvaa viatu ju ni necessity bila kujali the brand: synthetics are a no no though!!!,[],['surprise'],[],[]
swahili_text_3054_emotion_1,#hiphoprpublik @GhettoRadio895  @Curtiswakijeey  @Wakadinali KUTIZO SCAR ANA WEZA ACHILIYA NGOMA MOJA NA CHALI WA MTA LAKINI ANA KAKITU,['disgust'],['surprise'],['anger'],[]
swahili_text_1396_emotion_1,Pombe ni mbaya magoti ilikataa kazi bana hadi bien akama muinua muache pombe bana,['disgust'],[],['sadness'],[]
swahili_text_5093_emotion_1,"@Ma3Route @DaivMwenda Nyali bridge pia asubuhi ingekuwa inafunguliwa side zote ziwe za kuenda town like jioni, jioni jam huwa ni kidogo",[],[],['disgust'],[]
swahili_text_1538_emotion_1,@KBonimtetezi Tuko pamoja,[],[],[],[]
swahili_text_2932_emotion_1,Mnajua ni nyinyi tu mnaleta hizi fake news online 😂 mnazitoa wapi?,"['anger', 'disgust', 'fear']",['surprise'],"['joy', 'surprise']",['surprise']
swahili_text_3748_emotion_1,Ceo wa radio Africa alisema p ni  p according to evans gikundi who the fuck are you??,[],['disgust'],['joy'],[]
swahili_text_2683_emotion_1,Who is Ruto yeye ndio awe anatengeneza serikali baada ya serikali.?,[],['surprise'],['surprise'],['surprise']
swahili_text_3567_emotion_1,Kuna jamaa alisema married fellows huwa tuko na dry spell ingine ajab ata kuliko bachelors. What might be the problem 🤔,['surprise'],['sadness'],"['sadness', 'surprise']","['surprise', 'sadness']"
swahili_text_2996_emotion_1,Mimi hata mahali niko concerned ni kama strippers walirushanishwa kwa cell matako tupu tu hivo. Mnajua karao hata huwa hawakubali ujivae aki,['disgust'],['sadness'],['disgust'],['disgust']
swahili_text_1975_emotion_1,Hahaaa btw hawajuagi si ulala pamoja haaaa @winy_rose,"['joy', 'surprise']",[],['joy'],['joy']
swahili_text_2281_emotion_1,@RadioCitizenFM @VincentAteya @MelodySinzore1 Nimeamka salama sana coaches na Melody na Namshukuru Mungu kwa kuendelea kuwa mwema na mwelekezi wa Maisha yangu.Salamu kwa My Mum Alice na Dad Echochi Karani.,[],[],['joy'],[]
swahili_text_2220_emotion_1,hata hawezi tembea poa hamuogopi ukiwa juu apate pressure ??,['fear'],['surprise'],['surprise'],['surprise']
swahili_text_1629_emotion_1,Naona sasa nivae khanga tu badala ya kuambiwa nimetweet hate speech,[],[],['anger'],[]
swahili_text_2544_emotion_1,Watu wa sheesha ban iko ama bado mnapuliza?,[],['joy'],['surprise'],[]
swahili_text_3955_emotion_1,Kwani team yenye haina strikers inakaaje?,['surprise'],['surprise'],['surprise'],['surprise']
swahili_text_2945_emotion_1,Why don't we just live with this virus.... It's the new normal... Naona mtu anasema turudi curfew na lockdown ati to control surging cases... Tutashinda hivi hadi lini?,['disgust'],['sadness'],"['fear', 'sadness']",['sadness']
swahili_text_4618_emotion_1,Kuna rumours zinatembea ati mimi sio handsome😂avoid those rumours,['joy'],['joy'],['joy'],['joy']
swahili_text_1454_emotion_1,@WachiraMundia1 @CaribiaCane Hapo Sasa,[],[],[],[]
swahili_text_3091_emotion_1,"Kuna hii mbogi ya bitter souls, akipata hajui kitu fulani ameulizwa badala ya kukubali hana idea anarusha kale foolish phrase ""iyo itanisaidia wapi"" 😂😂",['anger'],['surprise'],['disgust'],[]
swahili_text_189_emotion_1,Kuna venye mtu hulewa anaona madem wote wakiwa warembo!😂,['disgust'],['surprise'],"['sadness', 'surprise']",['surprise']
swahili_text_5209_emotion_1,"#Oomf Nakuona, ni sawa though, karma is a bitch wajua",['anger'],['anger'],['disgust'],['anger']
swahili_text_196_emotion_1,"@obegi_nixon hapo Stoke ni tricks but wanaeza come thru, iko tu sawa",[],['sadness'],[],[]
swahili_text_5356_emotion_1,Kila mtu ni bad guy apa,[],['anger'],['sadness'],[]
swahili_text_14_emotion_1,Mmesema ni tremor sio earthquake. Yes?,['surprise'],['surprise'],"['fear', 'surprise']",['surprise']
swahili_text_5082_emotion_1,Ndio ubomoe hiyo mjengo ni pesa tena ku anza ni pesa weh,['sadness'],['surprise'],['disgust'],[]
swahili_text_4247_emotion_1,@PaulKatiambo Karibuuu sana,[],['joy'],['joy'],['joy']
swahili_text_2601_emotion_1,@Propesaa Ogopa watu wa buibui,['fear'],['fear'],['fear'],['fear']
swahili_text_2044_emotion_1,Vile watoto hubeba chapo wakirudi shule watoto waluhya hubeba ugali?,[],['joy'],"['joy', 'surprise']",['joy']
swahili_text_5359_emotion_1,"Saluti kwa wazee wetu!!! Saluti kwa tamaduni zetu!!! Vyakula, Mavazi na Lugha ndio kinachobaini tamaduni zetu.  Tujivunie siku ya leo, tujivunie utamaduni wetu.  #ForHAKI #StandUp4HumanRights  #Utamaduniday2021 https://t.co/Zl5IZFMAzl",[],[],[],[]
swahili_text_3463_emotion_1,Kesi mashinani wanaume mwenye aliwaroga alizikwa wapi tuitwe Yule pastor wa south Africa amfufue #billynatricky,['disgust'],['surprise'],['surprise'],['surprise']
swahili_text_237_emotion_1,Tunakufutilia tena sana usitie taifa aibu https://t.co/NyebuFEvRG,['fear'],"['fear', 'sadness']",['fear'],['fear']
swahili_text_3727_emotion_1,Nimekuwa nikivumilia some of you men so troll me if you know hujawai kuwa in my dm nkt faggots!!!,['anger'],['anger'],['anger'],['anger']
swahili_text_1933_emotion_1,Watu wa Manchester mmesema wanakaa wapi,[],['surprise'],[],[]
swahili_text_4899_emotion_1,Haha hio arrest ilikuwa staged,[],[],['surprise'],[]
swahili_text_1584_emotion_1,Heri nilambe frying pan lakini nisikwambie am sorry 😂😂😂,"['disgust', 'joy']",['joy'],['disgust'],"['disgust', 'joy']"
swahili_text_3030_emotion_1,May be jon doe alimbia shee kichwa tu shee aka dhani ni forehead,['disgust'],['surprise'],['surprise'],['surprise']
swahili_text_482_emotion_1,Sasa kila dem anajiita overthinker halafu?,['anger'],['surprise'],['surprise'],['surprise']
swahili_text_1385_emotion_1,MimI NAONA TU HERI MUNGU ANGESEMA WATU WAOANE BILA KUWA NA PASTORS,"['anger', 'disgust']",['surprise'],[],[]
swahili_text_2717_emotion_1,Karibu nidate huyo woman but matusi ilikuwa daily nikajitoa na bado nikatusiwa mbaya... anyway it's the past,['sadness'],['sadness'],"['fear', 'sadness']",['sadness']
swahili_text_3821_emotion_1,Aguero ni ule msee!,['joy'],"['joy', 'surprise']",['joy'],['joy']
swahili_text_2934_emotion_1,@DavidNdii Hapa watu wa Kuzimia watasema nini jameni,['anger'],['sadness'],['surprise'],[]
swahili_text_3985_emotion_1,Pale highschool hakuna mtu alikuwa anajiona kama amemake it in life kama lab technician 😆😆😆😆😆,['disgust'],['joy'],"['sadness', 'surprise']",[]
swahili_text_4696_emotion_1,Nigerians coming to seek job in kenya how jobless and poor is your country...#nigeriavskenya and yall here bragging i think wamephotoshop izo wao hukua nayo,"['disgust', 'surprise']",[],['disgust'],['disgust']
swahili_text_138_emotion_1,"Si bei watu huwa hawafiki, ni kunyang'anywa live live walikataa.",['disgust'],['fear'],"['fear', 'surprise']",['fear']
swahili_text_837_emotion_1,Kuna wenye wana hype Trio mio to fit in otherwise hawaja skiza songs zake.,['disgust'],['surprise'],['sadness'],[]
swahili_text_1428_emotion_1,@_the_lionesss Kumbe we ni thot,"['disgust', 'surprise']",[],[],[]
swahili_text_3639_emotion_1,"Hawa watu wa liquid glass protector walienda wapi, after conning people",['disgust'],['disgust'],['surprise'],['disgust']
swahili_text_3314_emotion_1,@nyariaroo hahaha sema tu niambie hawa @KCBGroup wakusaidie na loan its okay haina shida naelewa hali yako,['disgust'],['sadness'],[],[]
swahili_text_406_emotion_1,"Secretly madem wanawish leo ingekua friday ndio msishinda mkiblow their phones with messages pale green app, ndio the next day waamke wakiwaambia walilala mapema juu whatsapp ilikua down",[],['sadness'],[],[]
swahili_text_2715_emotion_1,"Sasa mtu akiongea na haimake sense, does it real have to make sense ndio nionge sense😂😂",[],['disgust'],['joy'],[]
swahili_text_2700_emotion_1,Ukiona mwanaume anakasirika kasirika ovyo ovyo wachana na yeye hao ni wale hudeep mkate kwa chai alafu wakishiba wanatembea wakidondosa. 😂😂😂,"['anger', 'disgust']",['joy'],['joy'],['joy']
swahili_text_3377_emotion_1,Naishi nakula kwa neema ya Mungu @EvahMwalili @Milele_FM #MileleGospelSunday,['joy'],['joy'],['joy'],['joy']
swahili_text_4146_emotion_1,@okwaro_albert Asante sana🙏,['joy'],['joy'],['joy'],['joy']
swahili_text_1240_emotion_1,"Mnitafute mnikose, Nairobi ikibidi niongoze nipate shillingi niose halafu nisote mpaka ni kope",['sadness'],['sadness'],[],['sadness']
swahili_text_2216_emotion_1,@lomarueth karma is worse juu she talked me like a month ago ako kwa fix i give her some soft loan... Nilikumbuka then nikakuwa mcold af,['anger'],['joy'],[],[]
swahili_text_3880_emotion_1,Mbona sijaona msichana anaweza kuwa maid mzuri Kwa hao wenye mnapost wote wanakaa wezi na HIV transmitters 🙄💔,"['anger', 'surprise']",['disgust'],"['disgust', 'sadness']",['disgust']
swahili_text_4585_emotion_1,Karibu tusahau na kazi,[],['joy'],[],[]
swahili_text_2710_emotion_1,"It's been an year since ninunue mkate, hahaha nimeenda kubuy na ambiwa ni 55bob.. Wacha niendelee kula kiporo mimi.","['sadness', 'surprise']",['joy'],['surprise'],['surprise']
swahili_text_5124_emotion_1,Omosh alirudi sherehe pesa ikaisha ama ni ukweli alilipa madeni?,[],['surprise'],['surprise'],['surprise']
swahili_text_4597_emotion_1,May be jon doe alimbia shee kichwa tu shee aka dhani ni forehead a,[],[],['joy'],[]
swahili_text_2981_emotion_1,Hii baridi ni ya saitan,['anger'],['sadness'],"['anger', 'sadness']","['anger', 'sadness']"
swahili_text_1407_emotion_1,Mbona madem wa kabarak university hawananga matako😒😂😂,"['disgust', 'surprise']",['disgust'],['surprise'],"['disgust', 'surprise']"
swahili_text_4310_emotion_1,Nashukuru kwa maisha,['joy'],['joy'],['joy'],['joy']
swahili_text_2218_emotion_1,@Mstephano_ Mimi ii mchezo siwezi i always come first bana sai dunia  haitaki kiherehere utateseka nobody gives a damn about you,['sadness'],['sadness'],['fear'],['sadness']
swahili_text_818_emotion_1,@jaydabliu Nimeshukuru sana.,['joy'],['joy'],[],['joy']
swahili_text_5213_emotion_1,"Basi na Sisi pia,kwa kuwa tunazungukwa na Wingi kubwa la mashahidi namna hii,na tuweke kando kila mzigo nzito,na dhambi Ile ituzingayo kwa upesi;na tupige mbio kwa saburi katika mashindano yaliyowekwa mbele yetu.  WAEBRANIA 12:1",[],[],[],[]
swahili_text_4000_emotion_1,@ShaffieWeru @ADELLEO hahahahaha wewe kuja uone vile utachengwa hahaha,['surprise'],['joy'],['joy'],['joy']
swahili_text_3245_emotion_1,Twende sasa watoe hizo jacket tuwapige haraka...,['disgust'],['surprise'],[],[]
swahili_text_925_emotion_1,Mgombero ni nini?,['anger'],['surprise'],[],[]
swahili_text_4391_emotion_1,Nani ako na ile pic ya Bruno akiwa nikama ana lia?,['sadness'],['sadness'],[],['sadness']
swahili_text_303_emotion_1,Mtu hujipata aje anapita wrong side Thika Road? Na bado anaendelea na kudrive hiyo si ni kuchizi ama zimeshika.,"['disgust', 'sadness']",['sadness'],['fear'],['sadness']
swahili_text_2109_emotion_1,Nyinyi wote mlipoteza simu?,['surprise'],['surprise'],['surprise'],['surprise']
swahili_text_3103_emotion_1,Nimekua nje nakaskia mtu amewhistle kumbe ni dem yangu amevaa thong akashuta. https://t.co/wi57eeEldd,['anger'],['disgust'],['surprise'],[]
swahili_text_2436_emotion_1,Mnaita mtu kaswende billionaire atakosa kujam aje sasa?,['surprise'],['anger'],['anger'],['anger']
swahili_text_1864_emotion_1,Tweeting at 10.6K dream ni 11K l.   Nani sijafollow?,[],[],[],[]
swahili_text_5107_emotion_1,Sijasahau vile nilipeleka dem dates Tatu alafu baadae akanishow yeye anapenda madem kama sijahit. 😭😭😭😭,['sadness'],['sadness'],['disgust'],['sadness']
swahili_text_3206_emotion_1,@Pinchezwagukaa1 Ahsante sana,['joy'],['joy'],['joy'],['joy']
swahili_text_5373_emotion_1,mtu kama mnadharauliana ni poa kwenda hapo na mmalizane   tene ni tene,[],['surprise'],['disgust'],[]
swahili_text_3763_emotion_1,Shukran zote kwake Mwenyezi Mungu kwa kunipa uzima siku ya leo Nimeamka salama usalimin tukutane ndani ya #JamboKenya @RadioCitizenFM,['joy'],['joy'],['joy'],['joy']
swahili_text_3035_emotion_1,Saii kuna mdemu anamwagiwa ndani ndaniii,['joy'],['disgust'],"['disgust', 'surprise']",['disgust']
swahili_text_3165_emotion_1,Arsenal mechi zetu these days zinawekwa usiku wa manane because no one gives a shit about us haha,['disgust'],['surprise'],"['anger', 'sadness']",[]
swahili_text_1985_emotion_1,eh. funga iyo biarasha sasa baba. https://t.co/fpiAcYAQzF,['disgust'],['joy'],[],[]
swahili_text_760_emotion_1,"@Edgar_Amutavi: @mckennarific hehe smh, for real! Hardware or software issue? Software.. usiulize nini haswa juu sijui pale nitaanzia aki","['fear', 'sadness']",['surprise'],[],[]
swahili_text_1176_emotion_1,Hapana...nilichana ni hizo kuhang hang phones jamaa https://t.co/Sj849k8nh2,[],[],[],[]
swahili_text_2861_emotion_1,Haiya leo pia kuna boli?,['surprise'],['surprise'],[],['surprise']
swahili_text_4901_emotion_1,"@Nothando0o you can never be too careful but you ought be to careful at least, kuna watu wataswitch up on you yes, but kuna wale wanaonyesha their true colors even during the talking stage - hawa ndio she is talking about",[],[],['sadness'],[]
swahili_text_2255_emotion_1,"Oa huyo unasema ni mtaro,kwani mnataka niwapee mawaidha kila siku😏",['anger'],['joy'],"['disgust', 'sadness']",[]
swahili_text_203_emotion_1,Amka tujumuike katika mpango wa #JamboKenya Tunakupa fursa ya kupeperusha salamu na kuinuliwa na nyimbo za Injili,[],['joy'],[],[]
swahili_text_4235_emotion_1,Unasema msee anajichocha na ni yeye amekubuy tei wewe......that's fuckin hoe,['disgust'],['sadness'],"['anger', 'disgust']",['disgust']
swahili_text_3536_emotion_1,#AlexNaTrickyMilele   HABARI ZA MILELE NAE @OmondiJobO,[],[],[],[]
swahili_text_1358_emotion_1,Ni mimi nimekuwa nikisuffer siku mzima tena najitafutia suffering?,"['sadness', 'surprise']",['anger'],['surprise'],['surprise']
swahili_text_3655_emotion_1,Hehhe wanaoteseka ni wanawake pale https://t.co/A4GOcsmNu6,['joy'],['fear'],['surprise'],[]
swahili_text_5436_emotion_1,The anonymous message thing is annoying  now because mimi ni mdaku,['anger'],['anger'],['disgust'],['anger']
swahili_text_1476_emotion_1,Am sure njeri alikua anakaa aprill ule wa Botswana akiwa age yake,['disgust'],[],[],[]
swahili_text_3454_emotion_1,"Hawa watu wa ""hide your wimenz"" ndo hucum after 30 seconds wakienda mechi,  na wanakulanga indomie wanalala",['anger'],['surprise'],[],[]
swahili_text_2690_emotion_1,Mtu wa Kuangukia na Mtu wa kujitafutia,[],['surprise'],[],[]
swahili_text_1232_emotion_1,Viagra ni mbaya kuna bwoy beshty yangu aliitumia alafu kuenda kushag na dame after some mins dame akafaint,"['sadness', 'surprise']",[],"['fear', 'sadness']",['sadness']
swahili_text_1895_emotion_1,Siku moja ntakua na hio pesa nyii hufikiria niko nayo,[],[],['joy'],[]
swahili_text_3136_emotion_1,@inooroke pamoja sana sis Njuri na Areki  guku Gituamba Gatundu North kabisa,[],[],[],[]
swahili_text_2318_emotion_1,Mulamwah alichoma ile shati dem alikuwa ame fall in love nayo haha,[],['joy'],"['joy', 'surprise']",['joy']
swahili_text_2680_emotion_1,Shukran kwa kuungana nasi Twaondoka na kukuacha mikononi mwa wana #ChapaKazi Kwaheri #JamboKenya,[],[],['joy'],[]
swahili_text_3690_emotion_1,"SOME MEN JAMANI,UNAVAAJE TROUSER IMEKUNJANA KANA KWAMBA IMETOLEWA KWA MDOMO YA NGO'MBE,MMH!",['disgust'],['disgust'],['disgust'],['disgust']
swahili_text_4436_emotion_1,Au ni makende ilifanya mka lazwa ?,"['anger', 'disgust']",['disgust'],['surprise'],['disgust']
swahili_text_3123_emotion_1,"@GeeChegeh  hii mvua joh, na ni 20 minutes nitokelezee, ama twende Zodiak tungojee iishe?",['sadness'],['sadness'],[],['sadness']
swahili_text_365_emotion_1,Oooh pure power and speed...kwani hawa Fijians huwa farmers wote,[],['surprise'],[],[]
swahili_text_210_emotion_1,Saa zingine mi huketi chini nakumbuka vile mapenzi ya toxic relationships huwa moto naisha 😂,['sadness'],['joy'],"['anger', 'sadness']",['sadness']
swahili_text_2129_emotion_1,"Sasa hawa madem hufanya plastic surgery, wakipata injury wao huita mtu wa chomelea.",['disgust'],['joy'],['surprise'],[]
swahili_text_5140_emotion_1,@wambie Utarudi tu,[],[],[],[]
swahili_text_2145_emotion_1,But 🌈 people are rich bana... hawa wa Kenya tu ndio huwa wamesota sijui kwanini....,['surprise'],['joy'],['surprise'],['surprise']
swahili_text_1922_emotion_1,@Milele_FM @Paulomuchesi Bwana Yesu asifiwe sana Muchesi. Namshukuru Mungu kwa kuniwezesha kuamka leo #BarakaZaMilele niko Kivumbini Nakuru,[],[],['joy'],[]
swahili_text_2210_emotion_1,Those married couples on YouTube wakisema wana break up utaona vile wamama wanalia ni kama wao ndio wali lipa mahari kwa hiyo wedo 😂😂😂😂,['surprise'],['joy'],['joy'],['joy']
swahili_text_3620_emotion_1,"People who grew in single mothehood walikua wanaambiwa baba yao alikanyangwa na lori akakufa, ndio maana huwa wanatafuta baba zao wakiwa watu wazima because women are natural liars😭😭😭",['disgust'],['sadness'],"['fear', 'sadness']",['sadness']
swahili_text_940_emotion_1,Kuna peeps wanakuwaga plugged in kwa deep state mbaya sana.,"['disgust', 'surprise']",['surprise'],[],['surprise']
swahili_text_4173_emotion_1,The peace that comes after you've replied to her horny texts with👍........as in Ni Mimi nikitaka kukidinya ndo ntakudinya sio wewe ukitaka kudinywa nikudinye.,['joy'],['sadness'],['anger'],[]
swahili_text_4256_emotion_1,Sisi jeshi ya kibadasanki hatuwezi relate KFC ni football club gani ?,['sadness'],['surprise'],['surprise'],['surprise']
swahili_text_1905_emotion_1,"Leteni  hizo hate speech zenu sasa, I am ready with the propaganda.  twende kazi... is onyango oloo still jubilee chairman???? he","['anger', 'surprise']",['anger'],['surprise'],"['anger', 'surprise']"
swahili_text_2921_emotion_1,@Kevlan_ Niliona kwa TL. Ulifanyia nini watu jamani😅,['fear'],['surprise'],"['joy', 'surprise']",['surprise']
swahili_text_2783_emotion_1,#DROPZONETAKINGOVER @VDJClyde   JUA CALI UNATESA JUA CALI UNAWEZA JUA CALI UNABAMBA JUA CALI WEWE NI MKALI KULIKO JUA KALI @VDJClyde,['anger'],['joy'],[],[]
swahili_text_3344_emotion_1,@Sphinx_jf So like mtu anakunywa a whole bottle ndio akue level ya mtu amekunywa mzinga ama its taken as per dosage?,['fear'],['sadness'],['surprise'],[]
swahili_text_3791_emotion_1,De Jong anafanya ujinga gani hapo?,"['anger', 'disgust']",['anger'],['anger'],['anger']
swahili_text_2580_emotion_1,@phuuckaaa 😂😂😂 sasa washinde wakiniita maskini jeuri hauna mtu wakukutoa na nko na pesa mahali zii,"['anger', 'sadness']",['joy'],['joy'],['joy']
swahili_text_1349_emotion_1,Nimeogopa ata kuenda sleep over watu wanapigwa picha wakiwa uchi😑,"['fear', 'surprise']",['fear'],"['disgust', 'fear']",['fear']
swahili_text_1677_emotion_1,"Kuna dem ametweet anataka kustrip ju ya joto karibu nimwambie ""tweet pic"" nikakumbuka nilishaona nudes zake pale IG ikiitwa art nikaendelea na zangu.",['surprise'],[],['disgust'],[]
swahili_text_4543_emotion_1,Wenye walikuwa promised kikojoi after lockdown ndio wamekasirika zaidi,[],[],['surprise'],[]
swahili_text_874_emotion_1,Hio game ya Manchester united v AS Roma tunaiona channel gani?,['anger'],['joy'],['surprise'],[]
swahili_text_894_emotion_1,"Dem imepata boy wake anamcheat na another boy, infact dem ndiye side 🤣🤣🤣🤣🤣",['disgust'],['surprise'],['disgust'],['disgust']
swahili_text_2772_emotion_1,Huwa anakutumia kakitu ukiumwa na kichwa au ni wale wa kusema kunywa maji nyingi🤔😂?,['disgust'],['surprise'],['surprise'],['surprise']
swahili_text_1190_emotion_1,Hiyo miaka tano anawaomba ni ya baba.,['disgust'],['surprise'],[],[]
swahili_text_4144_emotion_1,Those people who cut tissue without following the dotted line Shida iko wapi lakini??,['disgust'],['surprise'],['disgust'],['disgust']
swahili_text_3781_emotion_1,Mbona mna chukia tailoring students na vile tailoring ina ela? Ushai ulizia kushonewa suti moja ni ow much?,['disgust'],['sadness'],['surprise'],[]
swahili_text_1125_emotion_1,leo ilikuwa kaguu nisaidie thka rd…woi poleni,"['fear', 'sadness']",['sadness'],['sadness'],['sadness']
swahili_text_4349_emotion_1,Imagine after hio kutombwa yote kuna boychild itaoa karigo 😢😢😢😢,['surprise'],['disgust'],['disgust'],['disgust']
swahili_text_3846_emotion_1,@KamamiFay @VioletOmbaka @fombuya I have missed you @Milele_Fm #MileleDrive @massaweJapanni @cleopasawinja Tukutane kesho kwa Majaliwa,['joy'],['joy'],['joy'],['joy']
swahili_text_2843_emotion_1,Lakini mlianza tabia mbaya mkiwa wadogo how old is the chapo peddler??,"['anger', 'disgust']",['sadness'],"['disgust', 'fear']",['disgust']
swahili_text_5479_emotion_1,Asante sana kwa kuungana nasi kati mpango wa #JamboKenya siku ya leo Uwe na siku njema tukutane kesho #Kwaheri,['joy'],[],['joy'],['joy']
swahili_text_3530_emotion_1,Tamu sana,['joy'],['joy'],['joy'],['joy']
swahili_text_4230_emotion_1,#ishiamtaa kuna wasee walikuja mtaa wa kplc check transfomer after that kila msee alikua anadai matha wa kibanda ya chipohapo alisanyamafut,['fear'],['disgust'],['anger'],[]
swahili_text_2101_emotion_1,"Nko hapa grao napanga kuunda my person ,  sasa mmesema matope iko sawa?",['disgust'],"['joy', 'surprise']",[],[]
swahili_text_2279_emotion_1,Can't wait nioe do nifikange kejani saa tano kaa watu wmelala alafu naamsha kila mtu,[],['surprise'],['joy'],[]
swahili_text_3031_emotion_1,Acha niweke minions analfu ni declutter huku. Maybe nitachoka nisahau shida,['sadness'],['sadness'],['sadness'],['sadness']
swahili_text_2706_emotion_1,@DorahManya @QwetuRadio Mungu kwangu wewe ni kimbilio na Msaada upatikanao wakati wa shida #Qwetu jumapili.,[],[],['joy'],[]
swahili_text_3183_emotion_1,Mnaambiwa mshinde mmeanika tunyunyui kwa jua ndio tutoshane hivo?,['disgust'],"['disgust', 'sadness']",['disgust'],['disgust']
swahili_text_2958_emotion_1,One errand that bado sijazoea ni kufeed our dogs....bado hazijanizoea na mimi huona kama zitanigeukia,['fear'],['surprise'],['fear'],['fear']
swahili_text_1799_emotion_1,@Lil_shawrry Sasa kama mungu mwenyewe kasema hajawai umba mwanamume anaetosheka na mwanamke mmoja sasa ww unauliza mungu swali,['surprise'],[],['anger'],[]
swahili_text_1427_emotion_1,@RadioCitizenFM #GoodEveningKenya  #GoodEveningKenyaTbt Kamau mimi nilikanyanga ka flower bed mwalimu wetu alikua mkali kama siki nilimpigia magoti asinipige akanihurumia arafu ikawa aaaaaah sasa nimefanya???,"['anger', 'disgust', 'surprise']",['fear'],['disgust'],['disgust']
swahili_text_1419_emotion_1,@NassiDoreen @DEE_RW @Cpt_Otos Asanti kwa kutusikiliza. #DeeNaOtosMilele,['joy'],[],[],[]
swahili_text_2043_emotion_1,Sudanese guy hapa anakatia madame wa ryma na rusungu yawa hahaha,['surprise'],['joy'],['joy'],['joy']
swahili_text_1311_emotion_1,@_CrazyNairobian Asante sana broski 👊🏾,['joy'],['joy'],['joy'],['joy']
swahili_text_4335_emotion_1,@RobertK03073906 @Gilbert28914133 @WilliamsRuto @OleItumbi Hauezi ata tumia tu akili ujue hii ni fake account ?,['anger'],['anger'],['anger'],['anger']
swahili_text_2883_emotion_1,Nmekuja kugundua hawa born 2000 ndo hulia sana wamekua abused kwa relationship.,['surprise'],['sadness'],['surprise'],['surprise']
swahili_text_1014_emotion_1,@damonalleki Mbona nmekuwa nkifikiri ni winger all this time? Hahaha,['surprise'],['surprise'],"['joy', 'surprise']",['surprise']
swahili_text_4269_emotion_1,Paintings zingine zinakaaga ni kama zina pima mtu ebu angali huyu vile anakuangalia alafu unambie kama hii sio matharao😂😂😂💔💔 https://t.co/uwmumGSQqI,['joy'],['surprise'],['sadness'],[]
swahili_text_4521_emotion_1,@EvahMwalili @Milele_FM Mungu hutenda kwa Wakati wake. #BarakaZaMilele,[],[],['sadness'],[]
swahili_text_1455_emotion_1,Mko? Wacha nijibuyie pork halafu nikuje kusema ni ex,['disgust'],[],[],[]
swahili_text_2869_emotion_1,Ati Mtu husoma kulingana Na shinda za kwao  #UniversityStudentsProverbs,[],['surprise'],['surprise'],['surprise']
swahili_text_4969_emotion_1,@zilani_ke Sasa niamulie tu zile vijiti huuzwa na wamaasai sio,['sadness'],[],[],[]
swahili_text_932_emotion_1,Hakuna mtu ananotice athletico walichapwa pia,"['anger', 'surprise']",['sadness'],[],[]
swahili_text_3448_emotion_1,Hawa Geographers Hua wanaenda deep in the forest wanastudy maisha ya a certain type animal alafu wanarecord. Legends hao,[],['surprise'],[],[]
swahili_text_2122_emotion_1,Shukran kwa kutazama na kuchangia kwenye #K24SaaMoja. Endelea kutazama @K24Tv. @franklinwambugu @ikituri,[],[],['joy'],[]
swahili_text_5474_emotion_1,Aldis Hodge 👉🏿👈🏿🥺🥺 listen are those muscles legal yawa? Anakaa mtu wa Siaya flexxin muscles fwaaa fwuiii,['surprise'],[],['surprise'],['surprise']
swahili_text_201_emotion_1,@JILLKUI Mimi hata nilichokanga na kuvaa i got those bests that have 2 layers navaa hivo naenda nikidunga watu macho,['fear'],['fear'],[],['fear']
swahili_text_3470_emotion_1,Huwa mnafanya nini ndio isimame🤔?,['disgust'],['disgust'],"['fear', 'surprise']",['disgust']
swahili_text_2870_emotion_1,United wameanza kutupea  excuses  za why wamefumble the bag  with the most expensive squad mapema sana hahaha puta!,['disgust'],"['sadness', 'surprise']",['disgust'],['disgust']
swahili_text_3939_emotion_1,"But seriously, hawa wa Jamaica hushinda wakisema mambo ya kurudi motherland, hawaonagi vile shamba zimeibiwa na watu wanachinjana?","['fear', 'sadness']",['anger'],"['fear', 'sadness']","['fear', 'sadness']"
swahili_text_1679_emotion_1,Unachokienzi wengine hawakidhamini,[],[],[],[]
swahili_text_4204_emotion_1,"Kitu nilisema sitawahi ingili kati ni relationship issues kama cheating cause mtu hubaki kama fala but vita, hiyo nayo apana.",['fear'],['sadness'],['sadness'],['sadness']
swahili_text_1060_emotion_1,@ledamalekina @JunetMohamed Wahenga walisema akili ni nyele una nyingi lakini nikama zako hazikusaidii,['anger'],['sadness'],['sadness'],['sadness']
swahili_text_673_emotion_1,Bagpack ndio gani? Hii hata teachers wakilipwa hawaezi msaidia,['anger'],['surprise'],[],[]
swahili_text_1682_emotion_1,Watu mnakuanga na 64gb storage phone huwa mnaManage aje with that small storage?,"['disgust', 'surprise']",[],['surprise'],['surprise']
swahili_text_4752_emotion_1,@Milele_FM @EvahMwalili Mungu kuwa upande wangu #BarakaZaMilele,[],[],[],[]
swahili_text_3006_emotion_1,Mlisema sponsors ni kina nani?,['fear'],['disgust'],['surprise'],[]
swahili_text_2351_emotion_1,Ama hao players wa Liverpool huenda side hustle wakifika field wamechoka,[],['surprise'],['anger'],[]
swahili_text_1238_emotion_1,YANI HAMUTAKI AMANI KENYA HAMUONI MWACHOCHEA FUJO KUPINGA HII BILL?,"['anger', 'disgust']","['fear', 'sadness']",['fear'],['fear']
swahili_text_2995_emotion_1,"@Baba_Jamila If we dealt in salt production tumgeweza jibu, otherwise hio ni mambo pia sisi tunaskia tu",['surprise'],['sadness'],['surprise'],['surprise']
swahili_text_2975_emotion_1,Ukimake eye contact na ninja iko jaba hio ni salamu unapokea,"['disgust', 'fear']",['surprise'],['surprise'],['surprise']
swahili_text_5353_emotion_1,Vyenye huwa tuna watch porn za lesbians madem huwa wana watch za gay ?🤔,['surprise'],['disgust'],['surprise'],['surprise']
swahili_text_560_emotion_1,So mmesema hizo boobs ni kubwa kuliko Bedsitter?,['surprise'],['disgust'],[],[]
swahili_text_860_emotion_1,REST IN PEACE  YOU WERE TRUE AFRICAN NA MTETEZI WA WANYONGE MAY GOD REMEMBER YOU FOR THE GOOD WORK YOU DID TO THE PEOPLE OF EAST AFRICA https://t.co/WStPrWt8KQ,['sadness'],['sadness'],['sadness'],['sadness']
swahili_text_2477_emotion_1,Rais Uhuru: Tunaomba kura zenu ili tuweze kuendelea na kazi yetu ya maendeleo.Mungu awabariki.,[],[],[],[]
swahili_text_770_emotion_1,@JMo05034878 @Ma3Route @KagochiMuthunga Noma sana..hatari kwa usalama,['fear'],"['fear', 'sadness', 'surprise']",[],['fear']
swahili_text_4352_emotion_1,@ntvkenya @janengoiri Nimewasili na walimu na Tuko pamoja na Dada Jane hadi mwisho. Endelea na kazi yako nzuri. Uko na mavazi mazuri. Asante,['joy'],['joy'],[],['joy']
swahili_text_4665_emotion_1,Wacha niingie ninunuliane matunda watu wasikae njaa.,[],['joy'],[],[]
swahili_text_457_emotion_1,"Baraka zako ziwe na mimi, Na macho yako yawe na mimi, Mapenzi yako yawe na mimi kwa mkono wako kweli umenibariki @hopeonair #TheWorshipHour",[],['joy'],[],[]
swahili_text_297_emotion_1,@shicoshix @hot_96kenya  @IAMRAPCHA  @galata_carzola  #dropzonetakinover WIMBO YA KUKARIBISHA POPE,[],['joy'],[],[]
swahili_text_1361_emotion_1,hakuna mtu anaweza nimiss hadi niongee?,['surprise'],['surprise'],['surprise'],['surprise']
swahili_text_3990_emotion_1,Kudate mmatha sahi haina difference na ex vajo vile aliwa anakuta mboch age difference ni sawa,['disgust'],['disgust'],['fear'],['disgust']
swahili_text_1096_emotion_1,Huyo mumama wa NYS amepigwa kiboko vile inafaa,['joy'],['anger'],['sadness'],[]
swahili_text_3870_emotion_1,@QwetuRadio @kakajpJNR #MgaragazanoViwanjani Ruai tuko ndani kwa Mpigo... Ndio kutotea kwa pilika pilika za Maisha,[],['joy'],[],[]
swahili_text_5230_emotion_1,Hii kenya bana jana nilikua na space about unemployment na kuna kitu ili come up About corruption in kazi mtaani jobs wale ma chief wanaiba pesa taa gui bana,"['disgust', 'sadness']",[],['disgust'],['disgust']
swahili_text_292_emotion_1,Weuh kushiba sana,['surprise'],['joy'],[],[]
swahili_text_917_emotion_1,"Ukinyonga kingwelo ndio uvute baadaye, ni sawa kusema ""doo-bie continued",['disgust'],['sadness'],[],[]
swahili_text_585_emotion_1,@Muinde83 @weak_spell Kwenu Kuna mtu mwingine wanategemea ama ni wewe tu?,['surprise'],"['anger', 'disgust']",['surprise'],['surprise']
swahili_text_3855_emotion_1,Msee akibebewa mtoi na surrogate mother io ni division of labor?,['disgust'],['surprise'],[],[]
swahili_text_4083_emotion_1,Anayekuponya kichaa ni bora kuliko anayekufunga kamba #Tafakari,['joy'],['surprise'],[],[]
swahili_text_1846_emotion_1,Lakini hii wiki ndio nimeona me ni mtu bladifakin. Mbona huwa situmiwi fare ama 70 bob? 😂,['anger'],['surprise'],['sadness'],[]
swahili_text_4878_emotion_1,Wale mlikuwa mnataka wamama wa harrier mkuje wamejaa Othaya wanataka ashoulder tu put their legs on,[],['joy'],['joy'],['joy']
swahili_text_3552_emotion_1,@miss_explosivo Today he was confused tbh plus the defense was trash😥 I’m also mad but our “competitors” wamepigwa pia😂😂😂😂,['anger'],"['anger', 'joy']","['anger', 'sadness']",['anger']
swahili_text_2733_emotion_1,"Unaingia jav imecrom ngeus, kange anapadisha fare na ashu inabaki ni wee tu umawika foul",['sadness'],[],"['anger', 'sadness']",['sadness']
swahili_text_1484_emotion_1,Spaces  ziliisha ama ni mimi nimekua nikilala mapema?,['surprise'],[],['surprise'],['surprise']
swahili_text_3261_emotion_1,Upuzi gani hio welbeck anafanya?,['anger'],['anger'],['disgust'],['anger']
swahili_text_3843_emotion_1,Mbona mosquito zina nihuma hapa sitting room eti ni movie nina watch kaa ninalipwa good nite wazeiyah,['disgust'],['disgust'],['anger'],['disgust']
swahili_text_1438_emotion_1,I want to take those naps za unaamka unashangaa uko wapi na ni saa ngapi.,[],['joy'],[],[]
swahili_text_3226_emotion_1,"@_C_hacha @X_ChrisM hahaha walai mkajua hii story yani mtacheka mlie walai , ni noma vibaya wueh",['joy'],['joy'],[],['joy']
swahili_text_3151_emotion_1,Hakuna watu wanapenda muguka kama wakamba bro😂😂😂 those mofos would chew a whole tree talking about sex😂kings.,['anger'],['surprise'],"['disgust', 'sadness']",[]
swahili_text_3095_emotion_1,Sato sherehe inapigwa hadi nimeogopa,['fear'],['joy'],[],[]
swahili_text_2868_emotion_1,MPANGO WA KANDO WILL AFFECT OUR FUTURE GENERETION,[],['sadness'],"['anger', 'fear']",[]
swahili_text_5459_emotion_1,"Aliona pc iko na mastima zinawakawaka nikawaambia ni cheap ata kuliko tv, hehe, if she knew https://t.co/WodoyF2IEi",[],[],['joy'],[]
swahili_text_3974_emotion_1,#DROPZONETAKINGOVER  Strictly roots @Hot_96Kenya  @IAMRAPCHA  @VDJClyde   LEO RAPSHA HANA BAHATI NA FUNGA LUPITA ALAFU NIYONGE ALAINE,[],[],[],[]
swahili_text_2088_emotion_1,"Kila saa ""niko free"" we grab ""lunch"" ma ngai if umeelewa hizo quoted words you can relate",[],['joy'],['disgust'],[]
swahili_text_1253_emotion_1,Nimekaa hapa student Centre aimlessly nikiomba tu mtu asitokwe simu juu hapa kumamaye watasema ni mimi💀,"['disgust', 'fear']",['sadness'],['fear'],['fear']
swahili_text_3540_emotion_1,Bwaaana weeh ..watu ambao hawajui where the shoe pinches ndio wanapotray their ignorance hapo tu😏 https://t.co/J682narfHT,['anger'],['anger'],"['anger', 'sadness']",['anger']
swahili_text_4182_emotion_1,"Kumbe you people mnakuanga loyal hivo kwa this country, sasa mwingine hajakula supper juu ya hiyo trauma ya news za leo.","['sadness', 'surprise']",['sadness'],['surprise'],"['sadness', 'surprise']"
swahili_text_2446_emotion_1,Nilishikwa na KIUna njaa pale #JCC nikaambiwa hawapeanangi lunch.,['sadness'],['joy'],['sadness'],['sadness']
swahili_text_4902_emotion_1,Kumbe madem huwa mnavaa nguo za watoto then mnaziita croptop 😂,['surprise'],['joy'],['joy'],['joy']
swahili_text_4325_emotion_1,@gidikariuki Noma sana. Usijali mungu atakusaidia,['sadness'],['sadness'],[],['sadness']
swahili_text_3045_emotion_1,Kiambu watu ni kungoja tu the swearing in ceremony but kunakaa hivi hivi tu 🤔 https://t.co/Lt2vzu081r,['sadness'],['surprise'],['sadness'],['sadness']
swahili_text_3557_emotion_1,Hapa kibanda kuna dem female m UG waah ni dark skin but loaded na hoot ka fucken,['anger'],['surprise'],['sadness'],[]
swahili_text_1731_emotion_1,Kuna picha yengs hua wanashare online hadi unashangaa why they choose to share them,['surprise'],[],"['disgust', 'surprise']",['surprise']
swahili_text_5148_emotion_1,@kipmurkomen Tuwache tafadhali,['sadness'],[],[],[]
swahili_text_4452_emotion_1,@inooroke  @Jeff_KuriaM  #Kuihuria Tuko pamoja sana,[],[],[],[]
swahili_text_937_emotion_1,@HonAdenDuale Pole sana Kiongozi. Fataja za Mungu,['sadness'],['sadness'],['sadness'],['sadness']
swahili_text_3282_emotion_1,Sasa ni kuchezea yeye kalongolongo akiitisha log book https://t.co/cr0jvPS6wp,"['disgust', 'fear']",['sadness'],['fear'],['fear']
swahili_text_1901_emotion_1,Ni wapi kuna pombe ya bure this weekend?,[],[],[],[]
swahili_text_5277_emotion_1,"But kuna dem unamwangalia unamhurumia, ule ukaweza mgusanisha mabega na magoti upige shughuli anatoka mchwasi",['sadness'],['surprise'],['joy'],[]
swahili_text_1736_emotion_1,@mbate @CharlesGacheru @Benogola This is getting interesting... Wacha nivute stool juu hapa ni kama mtu ametupa tu some word tuone anajua kizungu.,['surprise'],['surprise'],['surprise'],['surprise']
swahili_text_4202_emotion_1,"@RonaldOkoth__ Kama hao makarao pia huibiwa ,who is now safe in kenya ??",['fear'],['fear'],['fear'],['fear']
swahili_text_159_emotion_1,@MutukuJMutua @OsamaOtero Kwa suppliers,[],[],[],[]
swahili_text_1474_emotion_1,"One simple measure of the economy doing well is when there are many accidents over the weekend or end month   It’s not that motorists are now better,ni pesa ya fobe ndio hawana","['disgust', 'sadness']",[],['disgust'],['disgust']
swahili_text_2906_emotion_1,Early morning twitter ni wale mattresses zao ni konde mpaka usingizi inaisha haraka,['disgust'],['surprise'],[],[]
swahili_text_2029_emotion_1,@vineeofficiale spesa ni injury mtu anapewa mob,['sadness'],[],['sadness'],['sadness']
swahili_text_3200_emotion_1,@MKasudi Kujaribu tu,[],[],[],[]
swahili_text_4664_emotion_1,Huyo alikuwa ameenda kutoa ball na ni human rights activist ama nini hizi naona??,['surprise'],['surprise'],"['disgust', 'sadness']",['surprise']
swahili_text_1425_emotion_1,@HonOscarSudi @tunajibu Kijana wa Mkono wa MAMA NDOVU,['disgust'],[],[],[]
swahili_text_4026_emotion_1,Ule yengs aliweka picha za nails huku niliona hadi madem wakimuita a girl shosho mkacheka. Ama hio sio bullying?,['surprise'],['sadness'],['surprise'],['surprise']
swahili_text_363_emotion_1,Ahsante kwa kuwa nasi #AmkanaWestFm #AmkanaWestFm #AmkanaWestFm #AmkanaWestFm #AmkanaWestFm @WestFmKenya @PPkemei,[],['joy'],['joy'],['joy']
swahili_text_1888_emotion_1,They Thought Watatupea Banter Leo LooL,"['joy', 'surprise']",['surprise'],['joy'],"['joy', 'surprise']"
swahili_text_4764_emotion_1,Mimi jokes za mulamwa labda nicheke juu nipewa laughing gas,['disgust'],['joy'],['disgust'],['disgust']
swahili_text_2597_emotion_1,End of a perfect start 😂😂😂 stoke hawajui winning streak ni nini,[],['joy'],['joy'],['joy']
swahili_text_5461_emotion_1,@Philosopher254 @robertkigunye @GrayMarwa Chap Chap ni 200 hadi kwenu do the math after getting 3 more people. Najua uli que kuchukua huduma number pia sio?,"['anger', 'disgust']",[],['surprise'],[]
swahili_text_3750_emotion_1,Hizi jokes za hawa wasee ni dry kushinda throat ya covid patients,['anger'],['sadness'],['disgust'],[]
swahili_text_3318_emotion_1,Watu wa madre ni wengi hapa,['fear'],[],['sadness'],[]
swahili_text_319_emotion_1,"Halafu mtu anakupea one week umee ndevu as if ndevu ni nyasi,umbwaa 😂😂😂",['anger'],"['anger', 'surprise']","['anger', 'sadness']",['anger']
swahili_text_4043_emotion_1,Unaamua leo utembee atleast uone venye kemsa inakaa 😂kidogo wewe ni millionaire. https://t.co/5uMnm9Ktde,['joy'],['surprise'],"['joy', 'surprise']","['joy', 'surprise']"
swahili_text_5501_emotion_1,Kama Kuna watu  watasota sasa waite polisi aki hawa majamaaa walikuwa wametake advantage Sana juu ya curfew,[],['surprise'],"['disgust', 'surprise']",['surprise']
swahili_text_1442_emotion_1,Je wajua hapo mtaani kwenu kuna watu wanakuhesabia masiku kwasababu wanajua uko na ukimwi?,['surprise'],['fear'],['sadness'],[]
swahili_text_2880_emotion_1,@BeautflBlkChld Tupeleke kwa Osumo kesho baaas,['disgust'],[],[],[]
swahili_text_4283_emotion_1,Hiyo game ya harambee ni saa ngapi ??,[],[],['surprise'],[]
swahili_text_5026_emotion_1,hata draw ni sawa tu,['sadness'],[],[],[]
swahili_text_2376_emotion_1,Bigwig hana verification ni bigwig tu... Halafu mwenye ako na verification ni bigBraid ama?,[],['surprise'],['surprise'],['surprise']
swahili_text_4382_emotion_1,pengine huyo jamaa ni madeni ilifanya ajiue sio story na domestic issues,['sadness'],['sadness'],[],['sadness']
swahili_text_3601_emotion_1,Vile kanjo hukua fast kubomoa vibanda ziko on public land walikuwa wapi Taj Mall ikijengwa?,['anger'],['sadness'],['anger'],['anger']
swahili_text_2387_emotion_1,Siku moja nitachota Giza niiiangalie mchana nione inakaaaje 😌,[],['joy'],"['joy', 'surprise']",['joy']
swahili_text_936_emotion_1,Watu wa Senegal ground ni yenu sasa 😄,['joy'],['joy'],[],['joy']
swahili_text_782_emotion_1,Lunch mnakula nini niwacopy?,['sadness'],[],['surprise'],[]
swahili_text_4279_emotion_1,"Aye, nani anajua kama pombe ya Galileo imeisha?",[],"['anger', 'fear']",['surprise'],[]
swahili_text_1245_emotion_1,@CuteEyedBee Tuachie hapo😂😂,['joy'],['joy'],['joy'],['joy']
swahili_text_4226_emotion_1,That Money heist song has been on my mind tangu jana... Hii ni uchawi ama,['fear'],['fear'],['surprise'],['fear']
swahili_text_4851_emotion_1,@Stan_Subru @BirdbikersKe hii picha ilikuwa slanted nanii  @rex_maina hii ni ukweli ama ni story anatupanga?,[],['surprise'],['disgust'],[]
swahili_text_5219_emotion_1,Kila msee huzaluwa akiwa lightskin... Jua ndio huleta madharau,[],[],['joy'],[]
swahili_text_4049_emotion_1,Maziwa ya Nyayo #WhyIWillNeverForgetMoi,['joy'],['joy'],[],['joy']
swahili_text_2923_emotion_1,@bakirmohamed2 Asante sana Ndugu,['joy'],['joy'],['joy'],['joy']
swahili_text_4074_emotion_1,Lakini mkanyeshewa pia si mbaya. Probably hiyo ndio itakuwa the closest wengi wenu mtawaiona your crushes wakiwa wet.,['joy'],['disgust'],[],[]
swahili_text_1625_emotion_1,Mimi yule pastor ataamsha matiti zimeanguka ndio nitamini 😂😂😂😂hawa wengine ni scam.   @Crazy_Nairobian @nyaboke_kelly,"['disgust', 'joy']",['joy'],['joy'],['joy']
swahili_text_663_emotion_1,Kuna msee ananitrippisha pale wozzap acha nitulie huku,['sadness'],['anger'],"['anger', 'fear']",['anger']
swahili_text_1340_emotion_1,MTAAAMBIA WATU NINI NA HAMNA TROPHY THIS SEASON,[],['surprise'],['disgust'],[]
swahili_text_4827_emotion_1,Huyoo amesema atii body count yake pekee ni enough kuingiza loot-o statoe 😂😂Weeeuh are cold..,['surprise'],['joy'],['joy'],['joy']
swahili_text_50_emotion_1,"@Kianangih Na vile some babe akiandika thread huku ,but nilijua Tu ni wewe unasemwa 🤣🤣🤣🤣",['sadness'],['joy'],[],[]
swahili_text_4958_emotion_1,@NaswaliMbaghala Na kwa njia,[],[],[],[]
swahili_text_3435_emotion_1,Aisee! Tunye kwa utaratibu ☕ @Ali_Manzu,[],[],['surprise'],[]
swahili_text_952_emotion_1,Dexx naye alikua ana post pics za players wetu before game sasa tuna maliswa,['anger'],['sadness'],['surprise'],[]
swahili_text_2286_emotion_1,Wale directors wa private schools now that haziko in session wakuwe careful Sana na hizo accounts juu walikula pesa yote alafu watoi wakirudi hakutakuwa na anything unadai wazazi.,[],[],[],[]
swahili_text_1446_emotion_1,Ni mimi naona vibaya ama huyu ni @nissieokoth pale KBC?,['surprise'],['disgust'],['surprise'],['surprise']
swahili_text_3320_emotion_1,"Wadau kweli hii lent huenda miezi ngapi juu pia leo naambiwa hakuna nyama inapikwa, na mimi ndio nimenunua! Úyú ní kúnjegeka aranjegeka na maangai níakuona kíría aretha!",['surprise'],['sadness'],"['fear', 'sadness']",['sadness']
swahili_text_62_emotion_1,@Ex_Virgin hahaha poa wewe afadhali mimi nilichange yangu kabla watu most kunijua,['disgust'],['joy'],['surprise'],[]
swahili_text_2025_emotion_1,Sisi ndio wale Friday night ni kesha la sivyo movie mtaani,[],"['anger', 'joy', 'surprise']",[],[]
swahili_text_3333_emotion_1,Nafikiria biz ya kuanza,[],['joy'],[],[]
swahili_text_2506_emotion_1,@thuowakenya Wanao close the roads ni hao hao then watakao toanisha hizo taka kwa roddy bado ni hao hao imgn,['surprise'],[],[],[]
swahili_text_5145_emotion_1,Is Coronavirus a pandemic ama ni  Neocolonialism ndio inaendelea hapa?,[],['surprise'],['surprise'],['surprise']
swahili_text_1244_emotion_1,"Lakini men aaaiii hapana, some raped a monitor lizard and killed it, others dug up a dead girl and raped her 😭😭😭😭 surely!!","['anger', 'sadness', 'surprise']","['anger', 'sadness']",['disgust'],"['anger', 'sadness']"
swahili_text_5247_emotion_1,Even your parents? RT @obegi_nixon: tangu i lost my phone only my ex ndio amenitafuta wengine ni mefi tu,"['sadness', 'surprise']",['joy'],"['disgust', 'surprise']",['surprise']
swahili_text_8_emotion_1,Hawa watu hupimwa wapi bana👀👀👀ama izi cases zinareportiwa police station😂😂,['surprise'],['fear'],['surprise'],['surprise']
swahili_text_1231_emotion_1,"Kuna hawa wasee wakikuona huchange direction, hii ni upuss bana utoto infact",['anger'],['sadness'],['disgust'],[]
swahili_text_4196_emotion_1,Awamu ni ya @Taratibu Ndani ya #DriveOnReloaded Tunakupa Mziki ya Kukutuliza na Kukuliwaza @RadioCitizenFM @KakaZema @MunaiGenerali,['joy'],['joy'],[],['joy']
swahili_text_4076_emotion_1,@RadioJamboKenya #gidinaghostasubuhi Happy new month wanakwetu Namshukuru Mungu kwa kunikirimia neema ya kuuona mwezi mpya wa October Kama kawa niko Magongo Mombasan Nawasabahi na kuwatakia mchana mwema Wamogho wote maeneo ya Mbale Wundanyi Taita Mungu ni mwema kila wakati Pamoja https://t.co/LqTaUxHutT,['joy'],['joy'],['joy'],['joy']
swahili_text_1925_emotion_1,"Wasaa wa Majogoo #CitizenExpress @RadioCitizenFM Kubarikiwa kwa nyimbo za sifa, tukiangalia anga na usalama @KakaZema #CitizenExpress",[],[],[],[]
swahili_text_5273_emotion_1,Maraga pia amepata accident na niko sure si drunk driving,[],['joy'],[],[]
swahili_text_5323_emotion_1,@obala_paul @MlNTINTOSH Asanti sana ndugu,['joy'],['joy'],['joy'],['joy']
swahili_text_2294_emotion_1,@ReinhardNyabut3 @MmboneMercy1 @Tyrahmercie @Cpt_Otos @DancanJalango1 @JacyntahMakau @IddahMudasia Asante kwa kutusikiliza  #TyraNaOtosMilele,['joy'],[],['joy'],['joy']
swahili_text_1154_emotion_1,@iGachango Mara Moja,[],[],[],[]
swahili_text_4743_emotion_1,Hii mvua hapa thika aki.... /o\,"['anger', 'sadness']",['anger'],['disgust'],['anger']
swahili_text_280_emotion_1,"Kuna hii class ya minority cigarettes somkers wenye wanakuanga addicted mapaka wakikosa kuvuruta sigara they nosebleed,huwa nawahurumia sana.",['disgust'],['sadness'],"['disgust', 'sadness']","['disgust', 'sadness']"
swahili_text_4131_emotion_1,@GhettoRadio895  WANAOGOPA JUU NCHI ZA AFRICA SOMETIMES ZINAASUME MSIWAFIRE BOM,['anger'],['sadness'],[],[]
swahili_text_1088_emotion_1,@ShiruMumbi hahaha mimi sijadharau hizo meno but kuna mtu anasema hauezi karibia magnet,['disgust'],['surprise'],[],[]
swahili_text_3418_emotion_1,Huyu mf shida yake ni gani sasa,['surprise'],['anger'],['anger'],['anger']
swahili_text_1612_emotion_1,Tunatafta kwa kivuli tunakula kwa jua,['joy'],['surprise'],['surprise'],['surprise']
swahili_text_5027_emotion_1,Kwani how should cleaning ladies write? Some of them have gone to school ni vile tu hawana funds for college..,[],['joy'],['disgust'],[]
swahili_text_4095_emotion_1,Yengs hajui kupika huwanga ni turn off maze,['disgust'],['anger'],"['disgust', 'fear']",['disgust']
swahili_text_3753_emotion_1,"Alafu ladies ukidarwa please jaribu kuresist kidogo ndio ikue interesting, si kunyenyekea ni kaa uko kwa mganga😭😂😂😂",['disgust'],['surprise'],['surprise'],['surprise']
swahili_text_3046_emotion_1,Yaani kitu nimemwaga hii mwezi ni jasho tu😭,['anger'],['disgust'],['sadness'],[]
swahili_text_1779_emotion_1,@paulinenjoroge Wale  husema the beautiful ones are not yet born hawajui ni nini wao husema,"['disgust', 'sadness']",[],['surprise'],[]
swahili_text_4880_emotion_1,Nakwambia hawa watoi wako kwa mass come January wakifungua shule hawatashkika.,[],['joy'],['surprise'],[]
swahili_text_1180_emotion_1,Hii Competition Authority inaweza saidia kama sponsor ana try ku cross na bae ?,['surprise'],['fear'],['disgust'],[]
swahili_text_3549_emotion_1,"Zile date nimepewa za pekejeng,corona ikiisha acha tu,sijui nitaanza kukula nani na zote ni mpya mpya",['joy'],['surprise'],"['disgust', 'sadness']",[]
swahili_text_1188_emotion_1,Saaa ndio madem wenu wantoka kwa side niggas wao waku danganye walikua ocha,"['disgust', 'surprise']",['joy'],['disgust'],['disgust']
swahili_text_3202_emotion_1,I realized the courts huwa young lawyers wanakapitia ..vile hawa sc wanaku demean badala ya kudeal na kesi iliyo mbele yenu,['disgust'],['sadness'],['sadness'],['sadness']
swahili_text_4553_emotion_1,"Leo nmeona vituko za nigeria women live 😂😂😂wuee ukisikia wakisema kwa movie , ""i will cut your manhood"" jua wanaeza , kuna mwingine karibu atoe mwanaume makei huku pipu kama sio vile wanaume tumeingililia😂😂😂",['surprise'],['joy'],['surprise'],['surprise']
swahili_text_5012_emotion_1,sasa hii ascent ametoa wapi,['anger'],['surprise'],['disgust'],[]
swahili_text_2077_emotion_1,Ahsante kwa Rehema #AmkanaWestFm #AmkanaWestFm #AmkanaWestFm #AmkanaWestFm @WestFmKenya,['joy'],[],['joy'],['joy']
swahili_text_2874_emotion_1,"@Hs_Aboud @khalidjoho @Madridsta858 @Alawijamalileil @kiruti @alwahda33 @kiramjoho Itakuwa vizuri sababu majanga pasua kichwa,kuna mganga alivurugwa na wake zake akapatikana kichochoroni yuwalia",[],['surprise'],['sadness'],[]
swahili_text_2671_emotion_1,@MikeSonko Boss hakuna Barbara... hizi vitu zote ulitengeneza ni potholes kuruka. Kuna msee anakucheza mbaya!,['sadness'],['sadness'],['anger'],['sadness']
swahili_text_1520_emotion_1,Ebu niwaulize wale madem wako na tits kubwa  hio ndio  huitwa kifua kikuu ama ?🤣🤣🤣🤣🤣,"['joy', 'surprise']",['joy'],"['joy', 'surprise']","['joy', 'surprise']"
swahili_text_1020_emotion_1,@qzimq Asante sana bro,['joy'],['joy'],['joy'],['joy']
swahili_text_244_emotion_1,My G's wako offline wote my guess ni wame peleka madem wao diani alafu weno wa anze kusema nipike ugali wana kuja na mboga mwingine ana kuja na nyanya,['joy'],['sadness'],['sadness'],['sadness']
swahili_text_3460_emotion_1,"Sio uchawi , ni maombi  !",['joy'],['joy'],['joy'],['joy']
swahili_text_834_emotion_1,Sasa kina ghafla washachukua hio screenshot kabla manugu wamalize kuisambaza whatsapp,['surprise'],['anger'],['disgust'],[]
swahili_text_3969_emotion_1,Watu wa western wataweka wapi sofa set though wakienda na iyo zion?,['surprise'],['surprise'],[],['surprise']
swahili_text_2215_emotion_1,When you compare yourself to others you lack Emotional maturity Great piece of Advice leo,[],[],['anger'],[]
swahili_text_3126_emotion_1,"Nakuaga mi kwaheri Nami ninakutakia la heri Kukupenda mi siwezi Jamani, mpenzi kwaheri https://t.co/NhOg5kAfaN",['disgust'],['joy'],[],[]
swahili_text_4875_emotion_1,@__Johnte Sikatai pia Mimi ni muagly but Kuna angle ukinicheki nayo ntakukunywa mbaya😂😂😂,[],['joy'],['joy'],['joy']
swahili_text_2033_emotion_1,@Milele_FM Amen #BarakaZaMilele asanti kwa Neno Nimepokea,['joy'],[],['joy'],['joy']
swahili_text_2283_emotion_1,Kama hii sio ujinga ni nini?😕,"['anger', 'sadness']",['anger'],['disgust'],['anger']
swahili_text_2951_emotion_1,Tangu story ya safety belt ikue serious watu wengine wamechukua hiyo kama advantage.. Mse anajifanya anatafuta safety belt kumbe ameingia kwa mfuko yako ya trouser,['anger'],['anger'],['sadness'],['anger']
swahili_text_3819_emotion_1,Nimekosana na watu kwa ndoto,['disgust'],['surprise'],['surprise'],['surprise']
swahili_text_2018_emotion_1,Hehehe ni over confidence zingine niliskia before game .. https://t.co/px2g9aIcHb,['sadness'],['joy'],['joy'],['joy']
swahili_text_3950_emotion_1,Hii twitter  ukichochwa utusiane jua ni wana haha,['surprise'],['surprise'],['joy'],['surprise']
swahili_text_2272_emotion_1,"Out of everyone in kibera hawa journalists wali jua aje watu wali receive m-chwa kutoka kwa gava? Mimi nashuku hii story, kuna ma actors hapo, na this time wame fanya poa unlike uli patient zero 😊",['surprise'],['surprise'],"['joy', 'surprise']",['surprise']
swahili_text_184_emotion_1,AWAMU NI YA GUMZO NDANI YA CITIZEN EXPRESS NA NAHODHA WAKO @reggaematics  SMS 22106,[],[],[],[]
swahili_text_3321_emotion_1,Buda mimi I pay on delivery...my trust issues haiwezi kubali nipee some random stranger my money ati you will deliver smh,['disgust'],['fear'],"['anger', 'disgust', 'fear']","['disgust', 'fear']"
swahili_text_3811_emotion_1,@KuiKaringithi @Kurlycheeks @Kawiria @bar_curl Kenya deals exclusively with Kenyan brands. They are a lifesaver in walking you through the natural hair journey. Natural Hair Kenya in SASA Mall on Moi Avenue also have a great stock of local brands.,[],['sadness'],[],[]
swahili_text_1562_emotion_1,Zikuje zingine hii ni maneno nishazoea lately,['sadness'],[],[],[]
swahili_text_2608_emotion_1,Ukichunguza vizuri utapata wakamba ndo wanarescue watu kwa hizi floods..later wanaachwa wakikunyua maji..,[],['sadness'],[],[]
swahili_text_3641_emotion_1,@inooroke @WambuiGithongo karibu sana kwa mtambo,['anger'],['joy'],['joy'],['joy']
swahili_text_1638_emotion_1,😭😭😭 jua tu iyo chai ni refu you can see the bottom of the okombe but pia iko na cream floating hapo juu.,"['sadness', 'surprise']",['sadness'],['sadness'],['sadness']
swahili_text_1549_emotion_1,@FamilyBankKenya ni bundles mnataka ndio mjanjaruke. Ama pia hizo mtaandika barua!?,"['anger', 'disgust']",['joy'],['anger'],['anger']
swahili_text_4075_emotion_1,Sijui ni nunue printer niweke mansion. Nimechoka kulipa hawa wasee wa cyber my small small monies https://t.co/fFTYMkyb5I,['sadness'],['sadness'],[],['sadness']
swahili_text_2326_emotion_1,Hii njaa ugali tu ndio inaweza imaliza....,[],[],[],[]
swahili_text_5034_emotion_1,Woi sasa hapa iko shida,['sadness'],['sadness'],['fear'],['sadness']
swahili_text_471_emotion_1,Leo tume train na mchinku ...hao wasee enyewe ni blind AF...maans amekimbia grao na spects..anasema akitoa haoni shiiit 😂😂😂,['surprise'],"['joy', 'surprise']",['joy'],"['surprise', 'joy']"
swahili_text_1213_emotion_1,@RaassGido @DorahManya Pamoja Sana kwa mambo #QwetuKazini,[],[],[],[]
swahili_text_1834_emotion_1,@Josh001J Acha nifike pia mimi mans tuchome iishe watoto wetu wasipate,[],[],[],[]
swahili_text_2192_emotion_1,@Old_Moses1 Hiyo nayo ni rahisi ambia mtu apoop mara tatu umtambue😂😪,['disgust'],['joy'],['disgust'],['disgust']
swahili_text_2249_emotion_1,Hakika kazi ya Mungu haina makosa. Asante sana Ken Walibora kwa mchango wako katika lugha ya Kiswahili. Tunaomba Mungu ailaze roho yako pahali pema. Makiwa kwa familia na wapenzi wa vitabu vyake,['sadness'],['sadness'],['joy'],['sadness']
swahili_text_4921_emotion_1,Wazazi wako wanaenda kwa zoo kuona monkeys ama wametosheka na ww,['disgust'],"['joy', 'surprise']",['joy'],['joy']
swahili_text_1018_emotion_1,Kumbe hizi ear phones za xiaomi ni anti noise n shit,['surprise'],['surprise'],"['anger', 'sadness', 'surprise']",['surprise']
swahili_text_4856_emotion_1,"Huyu ni the same Nonu mlikua mnachocha anaenda World cup after one big run na one carry, sahii mnacheka vile anakua tossed around? 🤣🤣🤣🤣",['sadness'],['joy'],['joy'],['joy']
swahili_text_4132_emotion_1,#KFCBatLasVegasWatuWote ABOUT Watu Wote The 2015 Mandera bus attack was immortalized in a film Watu Wote which means All of us and it was competing for an #Oscars90,['sadness'],['sadness'],[],['sadness']
swahili_text_1694_emotion_1,Wengine huona tu waniharibie siku nikiamka  😏,"['anger', 'sadness']",['surprise'],"['anger', 'disgust']",['anger']
swahili_text_698_emotion_1,@levice_ochieng Pamoja,[],[],[],[]
swahili_text_3677_emotion_1,Kueka fresh dreads ni expensive kafucken 4k mtu mmoja wacha nikae na afro yangu.,['anger'],['surprise'],['anger'],['anger']
swahili_text_2902_emotion_1,@CharlesKenha @_kambas Kwenda na wewe haaaaa si hiyo umechoma clutch mapema haaaaa,['disgust'],['joy'],['surprise'],[]
swahili_text_1216_emotion_1,@Milele_FM @EvaMwalili #Barakazamilele wewe Mungu ni Mwamba wa wokovu wangu.,[],[],['joy'],[]
swahili_text_553_emotion_1,Siku hizi bongo si tamu kama some years back Bana ama ni Mimi sijui zile mzuri?,['disgust'],['sadness'],['surprise'],[]
swahili_text_2891_emotion_1,"@sethonserio @QwetuRadio Kutoka KK Security, tukiwa na Nyakundi, Ogutu, Kerama, Collins, Abiola, Nancy na Esther. Pole sana kwa familia yangu kwa kumpoteza baba mzazi mzee Michira Kerama",['sadness'],['sadness'],['sadness'],['sadness']
swahili_text_2628_emotion_1,@albbizzy 💯 accident si hii theory naona hapa aty van dijk was blocking sijui defenders na mguu ya left,['sadness'],['sadness'],[],['sadness']
swahili_text_1675_emotion_1,Mungu wa Ruto ni wa maajabu,['surprise'],[],['surprise'],['surprise']
swahili_text_2328_emotion_1,Hapo Eastleigh nilisema jana that where the head of terrorism is infact that place should be flatenned,[],['anger'],['anger'],['anger']
swahili_text_2713_emotion_1,"Kuna siku nmechoma vibaya sanaa nkiwa primary nkaface public humiliation Hadi nkatransfer bana what the hell was ""I was sick in the head matam"" Sahio it's an absenteeism letter,sijui hata kuandika😭😭.",['sadness'],[],['joy'],[]
swahili_text_1720_emotion_1,"Wale mnapost motivation quotes pale whotsapp tunajua mmesota😇😇msitutishe 🤒🤒, pambaneni tu mwezi iishe",['disgust'],['surprise'],['joy'],[]
swahili_text_3180_emotion_1,Huyo anafaa achane hiyo nywele kiasi,['disgust'],['disgust'],"['anger', 'disgust']",['disgust']
swahili_text_3146_emotion_1,LOL its cliche to look for a job?   Kwani mama zenu ni kina nani,['disgust'],[],['anger'],[]
swahili_text_1429_emotion_1,Ile siku Rama angeacha tu Polycarp apigwe ndio apate akili. Hii upuzi ingekuwa ishaisha.,"['anger', 'disgust']",[],['disgust'],['disgust']
swahili_text_5136_emotion_1,Alafu mnasema ni pilots wanaangusha kq 🤦🏾‍♂️,['anger'],['surprise'],['disgust'],[]
swahili_text_4576_emotion_1,Hii bei ya unga i  find  it  more of a conspiracy.,['sadness'],['joy'],"['anger', 'disgust', 'sadness']",['sadness']
swahili_text_19_emotion_1,Huwa mnaprotect tweets ndio nini isiibwe???,['disgust'],['anger'],['surprise'],[]
swahili_text_2160_emotion_1,@CharledOkwara @MrRightke_ Asante Mungu kwa kunifikisha hapa,['joy'],[],['joy'],['joy']
swahili_text_1827_emotion_1,Kwani austo ni mdogo aje?,['surprise'],['surprise'],['surprise'],['surprise']
swahili_text_793_emotion_1,"Tiktok wablock wakalee bana hadi tumin iishe, kuna clip nimeona mzae akikatika na sijafurahia",['anger'],['anger'],['sadness'],['anger']
swahili_text_4086_emotion_1,Ati kuna mizinga 21 huko kasarani?,['surprise'],['fear'],['surprise'],['surprise']
swahili_text_3988_emotion_1,@RkLelei @NdiemaJibril @BelAkinyii Huko kwa mahindi,[],[],[],[]
swahili_text_4491_emotion_1,Sijui kama ni gari ama the guy seated next ndio ananuka mbolea,['disgust'],"['joy', 'surprise']",['joy'],['joy']
swahili_text_2384_emotion_1,MAJIBIZANO KATI YA MAWAKILI WA WILLIAM RUTO NA FATOU BENSOUDA ..,[],[],[],[]
swahili_text_3609_emotion_1,haha! hawa watu huwa watoto sana.,['joy'],['surprise'],"['anger', 'disgust']",[]
swahili_text_4472_emotion_1,Nakula kwa macho.....kwa macho...@Jeff_KuriaM @inooroke #TeamKuihuria,[],[],['joy'],[]
swahili_text_1064_emotion_1,@iWairera: The rate at which people are getting verified on this app is something else. Nani amepewa hiyo tick tena?,['surprise'],['fear'],['sadness'],[]
swahili_text_4341_emotion_1,"My bros are funny creatures, wanakupata kwa local they order whatever they want drink haraka haraka then they leave wakiambia waiter bill ni yangu na ata hawajanisalimia 😭😭😭",['sadness'],['surprise'],['surprise'],['surprise']
swahili_text_573_emotion_1,hawa walimu hawataki kwenda north eastern TSC ini2mie letter saa hii,['anger'],['fear'],"['anger', 'sadness']",['anger']
swahili_text_1784_emotion_1,@wallacemoses95 Most of the kicks apa ni za kitambo...mqnze alafu hizo suti zao joh the coats wanakaa wacongo,['surprise'],[],['joy'],[]
swahili_text_2835_emotion_1,We ukipata dem on the act akikuwekea mchele utafanya nini?,['disgust'],['surprise'],['fear'],[]
swahili_text_558_emotion_1,Nilikua nashangaa mbona uyu dem hatoi mask apo booking office na ni perfect petite kumbe anakaa vile anataka,['disgust'],['disgust'],['surprise'],['disgust']
swahili_text_4646_emotion_1,"Wueeeh haha Australia after kukaza hiyo yote mnakuja kuwachilia sahii, si mnge spread hizi points out evenly lol",['disgust'],[],['surprise'],[]
swahili_text_2983_emotion_1,Mlisema weave zitolewe watu wakiomba ama?,['disgust'],['surprise'],['surprise'],['surprise']
swahili_text_112_emotion_1,Sigh. Tunaishi kwa imani.,[],[],[],[]
swahili_text_2661_emotion_1,mtu anani dm kuuliza kama anaweza nyonga monkey na hiyo coconut oil.. smh,['surprise'],[],"['anger', 'disgust']",[]
swahili_text_3074_emotion_1,Kuna tweet nimefav saa hii nangojea tu community shield ni ifufue,['anger'],['joy'],[],[]
swahili_text_5161_emotion_1,Hii kitu ni mbaya ka mwanaume anaeza iendea pwani,['fear'],['surprise'],['surprise'],['surprise']
swahili_text_3698_emotion_1,Mimi singewai kuja home na kitu sijanunulia bila kuulizwa nimetoa wapi ama nirudishe kule nimetoa,['fear'],['surprise'],['surprise'],['surprise']
swahili_text_4073_emotion_1,"Kuna boy flani, from my estimation ni kama ako primo class 7,yeye hu hawk njoti daily,had it been within my reach ,I'd be buying his whole stock on daily basis niki muona ndio asi pige ma lap throughout.",['sadness'],['sadness'],['sadness'],['sadness']
swahili_text_1904_emotion_1,Kuna wengine wetu tumekunywa maji,[],[],[],[]
swahili_text_710_emotion_1,@AddihUche Tumeni za quarter,['sadness'],[],[],[]
swahili_text_1632_emotion_1,@QwetuRadio @maroa_wambura @mastermogaka #QwetuAsubuhi Happy new month wanakwetu Namshukuru Mungu kwa kunikirimia neema ya kuuona mwezi mpya wa October Kama kawa niko Magongo Mombasani Nawasabahi na kuwatakia mchana mwema Wamogho wote maeneo ya Mbale Wundanyi Taita Mungu ni mwema https://t.co/nsajsJwzKj,[],[],['joy'],[]
swahili_text_5364_emotion_1,@Muhingah: @stanoambeyi that money goes to private developers @Superjohna07 ehee leo hao wamepatwa corner mbaya,[],[],[],[]
swahili_text_654_emotion_1,@Belive_Kinuthia Jamaa alifinywa kama Mutua kwani,['anger'],['sadness'],['surprise'],[]
swahili_text_5445_emotion_1,"Me and my mahn have never tried any other style apart from https://t.co/KmWFBU9zk6 this day,tukifuck nikamwambia acha nikuje juu nikuride,mahn alitoka juu akalala akiwa amejicoil😂🚮alafu mm nikalala nikiwa horny😥💔","['sadness', 'surprise']",['sadness'],['joy'],['sadness']
swahili_text_5227_emotion_1,"Watu uchoma shule haafu wanapitia neighboring schools wakiwacheka haha, mnashika nare pia nyinyi mnachoma",[],['joy'],['joy'],['joy']
swahili_text_2563_emotion_1,Hii nyumba ilipikwa last on wednesday,"['sadness', 'surprise']",[],['surprise'],['surprise']
swahili_text_4819_emotion_1,Magwaya ni mbwa,['anger'],['joy'],[],[]
swahili_text_2228_emotion_1,@ledamalekina Chama cha Utapeli,[],[],['anger'],[]
swahili_text_4499_emotion_1,Hiyo space ya moha iko wapi. Kuna wababa watanichukia hapa,[],['joy'],['disgust'],[]
swahili_text_4554_emotion_1,Sufuria ikiwa kubwa peleka mwiko kando kando,[],[],[],[]
swahili_text_3436_emotion_1,"So mnataka kusema hamjui ""chuodho"" ni weed...kweli nyinyi ni Ngati...ama Ngati pia hamjui ni nini??",['fear'],['surprise'],['surprise'],['surprise']
swahili_text_4928_emotion_1,"Hii word 'bespoke', ndio imewekwa kwa dictionary ama niaje! Kila mtu anaipenda, kuitumatumia ni kama ndio the in word sasa","['anger', 'disgust']","['joy', 'surprise']",['disgust'],['disgust']
swahili_text_3132_emotion_1,Google Maps don't function here... ati lazima niende offices za lands and survey ndio nipewe map,['anger'],['surprise'],['sadness'],[]
swahili_text_2026_emotion_1,Ispokua ni Diamond hatungejua Tanasha anaweza andika mashairi poa ivo 😂😂😂😂😂,"['joy', 'surprise']",['joy'],['joy'],['joy']
swahili_text_1986_emotion_1,Ayayayaya....ningekuwa hapo ninge shangilia lmao 😂😂😂😂😂😂😂😂,['joy'],[],['joy'],['joy']
swahili_text_1414_emotion_1,Mlisema Belgium haiendi mbali wacha tuonea sasa,[],['surprise'],[],[]
swahili_text_1259_emotion_1,@Jemalito heee hiyo ni ile mbaya nilistuka,['surprise'],['fear'],['surprise'],['surprise']
swahili_text_2858_emotion_1,UEFA BURE SANA,"['anger', 'sadness']",['anger'],['surprise'],['anger']
swahili_text_2105_emotion_1,Vile colleagues wangu hupiga sherehe ni ka hatulipwi same because !!,['surprise'],[],['surprise'],['surprise']
swahili_text_3660_emotion_1,"@_intentional3 Mimi ni wewe natetea, if we blame shetani na hatuwezi kaa chini na yeye tumwambie akiache the situation will not change",['disgust'],['sadness'],['fear'],[]
swahili_text_1541_emotion_1,@mapengo_ @CrKinyan Kuosha Mtoto Kwa sink,['surprise'],[],['disgust'],[]
swahili_text_132_emotion_1,Hii mvua ni ya kichwa tu,['disgust'],['surprise'],"['fear', 'sadness']",[]
swahili_text_3194_emotion_1,Mbona uliambia side chick ye ni main?,['disgust'],['joy'],"['anger', 'disgust', 'sadness']",['disgust']
swahili_text_1268_emotion_1,Alikua ananiita beib kila siku🥰 kumbe ni gaidi amesahau jina langu 👿👿👿😂😂,['surprise'],['joy'],"['joy', 'surprise']","['surprise', 'joy']"
swahili_text_5452_emotion_1,@bekimwamburi @RadioCitizenFM KUTOKA KATI KATI YA VIOSK VYA NAIROBI HADI COUNTY YA MAGENCHE turned NAWAKILISHA BOGISIANKIO MOGUMO HOME PAMOJA HADI MWISHO BY OMWAMBA MORONYA AMACHIKO #MichezoNaBurudani,[],[],['joy'],[]
swahili_text_1944_emotion_1,@valentinecakes: @PeterzMwash course 3 comes through tomorrow morning... hayawi hayawi huwaaa na leo ni course 3 ya somo letu la upishi,[],[],[],[]
swahili_text_2487_emotion_1,😂😂 Kuna mzae amesema umtiti ni mkisii pale local,['joy'],['surprise'],['joy'],['joy']
swahili_text_3979_emotion_1,Ile homa ilikuwa na Covid symptoms is back? That shit wasn’t interesting at all 🥴🥴🥴,['fear'],['sadness'],"['fear', 'surprise']",['fear']
swahili_text_3188_emotion_1,"In masajida ay dowladu amar ku bixiso in la xiro waa dulmi,masajidku waa xijab marka dhib dhaco loo cararo. meelaha fawaxishta leh ee jilki so kacayey bi'iyey balwada lagu cuno ee wali furan ha xirto dowladu",[],[],[],[]
swahili_text_3720_emotion_1,Si Kwa ubaya but spending alot of money on alcohol on a single night is supposed to be an achievement or is it a sign you have made it in life?,['disgust'],['surprise'],['surprise'],['surprise']
swahili_text_4249_emotion_1,"Namwamba ni fisi, hii lazima akule ama ashakula tayari. https://t.co/AQdWuD8tzP",['surprise'],['sadness'],[],[]
swahili_text_120_emotion_1,@inooroke Ndirenditheria Italy uhotani na urathimwo ni gu tu update munesh na niguthakwa rwa jeff munga ni mmmmmmmmwaaaaaaaaa,['joy'],['joy'],[],['joy']
swahili_text_3529_emotion_1,Nimepata kisunzi nikiwa tao nikashindwa ni nini. Kumbe sijakula siku mzima,"['anger', 'surprise']",['sadness'],"['sadness', 'surprise']","['surprise', 'sadness']"
swahili_text_59_emotion_1,Hii project inanikula kichwa sana mmoja ako Mombasa(kiongozi wetu) mwingine nasikia alishikiwa Uganda💔💀 mm ni joker😂 mwingine anajitayarisha kuwa mca 2027😂💔,['disgust'],"['anger', 'sadness']","['anger', 'fear']",['anger']
swahili_text_1960_emotion_1,@chiro_martin Hizi ni zile wahenga walisema zimeingia mchanga?,[],[],['joy'],[]
swahili_text_4261_emotion_1,@PravinBrown Ni God,['sadness'],['joy'],['joy'],['joy']
swahili_text_1678_emotion_1,Mbunde anaenda ingo na hangoji nimtume asalimie watu?,['surprise'],['joy'],['anger'],[]
swahili_text_1574_emotion_1,Mtoi mdogo akikuuliza 'watoto huwa wanatoka wapi' unafaa kujibu aje???,['surprise'],['surprise'],['surprise'],['surprise']
swahili_text_3624_emotion_1,Huyo Wamahiga pengine hajui kusoma  no wonder yeye hukosa kureply Otero😂😂😂,['fear'],['surprise'],['joy'],[]
swahili_text_1830_emotion_1,Hio thread ya ladies and guns bana. Kuna mtu alipigwa ridhe ya kichwa,"['fear', 'surprise']",[],['surprise'],['surprise']
swahili_text_4564_emotion_1,"Mwanamume amekonda hadi anamiss mvua,halaf et anahate,,,what a confused m f",['anger'],['joy'],['disgust'],[]
swahili_text_4642_emotion_1,Usiwahi jiforce kwa maisha ya wenyewe,[],['joy'],['sadness'],[]
swahili_text_100_emotion_1,Hio pesa governors wanaulizia si ni mob sana,['anger'],['surprise'],['sadness'],[]
swahili_text_4609_emotion_1,@MumboKarani AZIMIO LA UMOJA GENERALS,[],[],[],[]
swahili_text_927_emotion_1,Niggas in relationship hata hawaja pewe leo so sad,['sadness'],['anger'],['sadness'],['sadness']
swahili_text_706_emotion_1,Wale wa South C naskia munaumia mbaya na drainage si mnipee job nikuje niwa fanyie drainage design,['disgust'],['disgust'],"['anger', 'disgust']",['disgust']
swahili_text_2191_emotion_1,"Mbona madem mezani b4 m’serve food mnajiteteanga “by the way me ni foodie, napenda kukula”? 😂",['surprise'],['joy'],"['joy', 'surprise']","['surprise', 'joy']"
swahili_text_2454_emotion_1,@Antie_Bobo same way unaeza beba dem uki dhani ni light skinned ukifika mtaa unatapa anakukaa,['sadness'],['fear'],['disgust'],[]
swahili_text_4386_emotion_1,"Watu wengine wanakuaga wachoyo excess hadi ukiwafollow hawawes follow back na hawajafikisha followers 100, lol",['anger'],['sadness'],['sadness'],['sadness']
swahili_text_2814_emotion_1,@joymariga over a month ni long. Ama nikuje niipike?,['disgust'],[],[],[]
swahili_text_2435_emotion_1,Uzuri ni mimi nilishakubali am a fucking crackhead,['sadness'],['surprise'],[],[]
swahili_text_2252_emotion_1,@Milele_FM  @EvaMwalili  #BarakaZaMilele TUMEAMKA KWA UWEZO WA BWANA MUNGU WACHA TUMUABUDU,[],[],['joy'],[]
swahili_text_4080_emotion_1,Shida yangu nikikaa karibu na peng huwa mchuma inasimama saa sita,"['fear', 'sadness']",['disgust'],['surprise'],[]
swahili_text_781_emotion_1,Mnapenda kujishugulisha sana na maisha ya watu,['anger'],['anger'],['sadness'],['anger']
swahili_text_771_emotion_1,@WilliamsRuto Hongera kwa Dada wetu,['joy'],['joy'],[],['joy']
swahili_text_3387_emotion_1,Skia mbwa. Me arguing with my father akisema Chelsea ni kali kuliko man u,['anger'],['anger'],"['fear', 'surprise']",['anger']
swahili_text_1854_emotion_1,Kumbuka Ni wakati wa #SwalaKuu #DriveOnReloaded @OgalTina Enjoy,[],[],[],[]
swahili_text_2297_emotion_1,Next mkiniona nibcoach football mahali mjue ni bag tunasecure.The kind of money hao wasee wanalipwa is insane.,['surprise'],['surprise'],['surprise'],['surprise']
swahili_text_4581_emotion_1,@HonKangata Mhesh tuko pamoja,[],[],['joy'],[]
swahili_text_4314_emotion_1,Sasa @masikacw legend ikichomeka mtaenda wapi?,['fear'],['fear'],['fear'],['fear']
swahili_text_1746_emotion_1,Kuna wengine walikua wameekwa hapo kando wakiwa na mabegi zao nikaskia mmoja ameitishwa 5k sijui ju ya makosa gani. Wengine wakipewa agent numbers za kuwithdraw pesa smh,"['disgust', 'sadness']",[],['anger'],[]
swahili_text_25_emotion_1,Zarika anapenda Chini kwa Chini #NairobiFightNight,['joy'],['joy'],['joy'],['joy']
swahili_text_5232_emotion_1,@fuwadii Idea Poa sana,['joy'],[],[],[]
swahili_text_3970_emotion_1,Kuna church girl alikuwa anaimba huko mbele nikamfinyia macho akasmile.. nimemfuata after service akanipea number but I doubt yeye ni bad girl,['surprise'],['fear'],['fear'],['fear']
swahili_text_1798_emotion_1,"Yup, mostly juu hood tales huwachenga. Then kuna vitu nikitweet na the queen's language Oomph! inapotea. https://t.co/XHLuxOj6SD",['sadness'],[],[],[]
swahili_text_3345_emotion_1,@OmbetaC Karibu sana sana Bro 🙏❤️,['joy'],['joy'],['joy'],['joy']
swahili_text_3921_emotion_1,"These days madem huitwa ""angel"" wakiwa watoi tu after apo jina inachange to ""hoe"" and they can't do nothing about it lmao",['disgust'],['surprise'],['disgust'],['disgust']
swahili_text_708_emotion_1,Leo nayo imebidi nipige magoti hapo tao hao wakora waniombee juu hii exam ya leo bila maombi nieza toka ka brain cells zimekufaka,['disgust'],['disgust'],[],['disgust']
swahili_text_166_emotion_1,Wali mwaga gauge but wanafaa kujiuliza hii hangover nilitoa wapi,['anger'],['surprise'],['surprise'],['surprise']
swahili_text_661_emotion_1,hiyo diss track imenibamba waah,['joy'],['joy'],['joy'],['joy']
swahili_text_2232_emotion_1,If a whole treasurer of a party can resign citing lack of democracy.  Hio ni chama kweli?,['sadness'],['surprise'],['surprise'],['surprise']
swahili_text_1337_emotion_1,Huku tutaonyeshwa maneno watu hawaogopi ata,['surprise'],['surprise'],['surprise'],['surprise']
swahili_text_505_emotion_1,Kila mtu anajua alpha male lazima awe na pack hiyo ndio responsibility,[],['sadness'],[],[]
swahili_text_1411_emotion_1,@claudiowangu Wewe nikaa ulianguka shimo la tewa ukindani ni condom ilikua na shida,"['disgust', 'surprise']",[],['disgust'],['disgust']
swahili_text_3211_emotion_1,Np utamaduni Nikki Mbishi  kichwani niko high mgongoni niko na kush bag kando mama watoto na   muita mamushka tukiwa kitandani ni kama ufuska kamasutra mpaka kuna pambazuka,['disgust'],['surprise'],[],[]
swahili_text_4742_emotion_1,"jana gaidi amenivutia anakam nikaclean hadi nikapika lunj,but alaasment...😏😏😏😏",['sadness'],['sadness'],"['disgust', 'sadness']",['sadness']
swahili_text_1197_emotion_1,@ednahjacksons @lenana_ VITU ZA BURE ZILIISHA MLIPOA UA YESU HATA IKO KWA BIBLE,"['anger', 'disgust']",['sadness'],[],[]
swahili_text_3013_emotion_1,watu wanafanya medicine genuinely hautawai waona wakipost picha na lab coats lakini hawa wasee wa butchery,['anger'],['surprise'],"['anger', 'disgust']",['anger']
swahili_text_3199_emotion_1,Tunakushukuru  kwa kusikiza @RadioCitizenFM na tunakutakia baraka zake mwenyezi Mungu #Pambazuzuka,['joy'],['joy'],['joy'],['joy']
swahili_text_3699_emotion_1,"Ni kulipwa hajalipwa, ni Kenyan artists wanamfrustrate, ni mtoto? I'm confused",['disgust'],['disgust'],['surprise'],['disgust']
swahili_text_1502_emotion_1,Peanut butter for supper...duka zimefungwa na njaa ndio hiyo,['sadness'],[],"['disgust', 'sadness']",['sadness']
swahili_text_2577_emotion_1,@MMuendo Pole sana,['sadness'],['sadness'],['sadness'],['sadness']
swahili_text_4758_emotion_1,haha  @victormatara @sandra_bosset ni new client ama?,[],[],[],[]
swahili_text_4859_emotion_1,@darmpya_ @SuluhuSamia Msenge sana huyu,['anger'],"['anger', 'joy']",['disgust'],['anger']
swahili_text_1887_emotion_1,"@EvyonK @Milele_FM @EvahMwalili Ahsante mwaka mzima, kwa neema na rehema zako Mungu #BarakaZaMilele",[],[],['joy'],[]
swahili_text_4034_emotion_1,Na mbona watu hawakuli lunch usiku🙄🙄🙄🙄,['surprise'],['surprise'],['surprise'],['surprise']
swahili_text_1813_emotion_1,Kama ni maradhi niambie dawa yake niijue,[],['joy'],[],[]
swahili_text_5095_emotion_1,@NiiteTitan @benkatwiga Mwenyekiti wa Kamati ya Rohombaya,[],['surprise'],[],[]
swahili_text_2051_emotion_1,@ahmednasirlaw @JunetMohamed Arudishe Pesa ya wagonjwa,['anger'],[],['anger'],['anger']
swahili_text_1796_emotion_1,Me hupata vyombo zimeoshwa nadhani ni ghost,['surprise'],['joy'],['fear'],[]
swahili_text_504_emotion_1,haha huyu hajasoma hiyo message for two years sasa.,['surprise'],['surprise'],['joy'],['surprise']
swahili_text_5047_emotion_1,"@ednahjacksons umewatch why did I get married? Ama for better for worse??   That crazy lady, hahah yu zusha kila kitu ata akiletewa maua",['surprise'],['surprise'],['joy'],['surprise']
swahili_text_4251_emotion_1,Iyo mvua inakam walai nikama itabeba watu leo,['fear'],['fear'],['fear'],['fear']
swahili_text_5074_emotion_1,This ones are joking kwani walikuwa wanpiga simu gani,['surprise'],['anger'],"['anger', 'disgust']",['anger']
swahili_text_4292_emotion_1,"Mimi mse akona kipara haezi niambia kitu, unafikiria na nini basi","['anger', 'disgust']",['surprise'],['surprise'],['surprise']
swahili_text_89_emotion_1,Hizi dawa ni kama haziishii... Still have five more days!,['surprise'],['sadness'],['sadness'],['sadness']
swahili_text_494_emotion_1,"Pit latrine pia ni form kivyake, ukishamaliza biz hakuna kuworry about floater!!",['disgust'],['disgust'],[],['disgust']
swahili_text_5195_emotion_1,mnakumbuka the 5th ni nani ??,[],[],[],[]
swahili_text_2097_emotion_1,@AnyendeTyson @eddubrown_ @AnyendeCliff Jana amenitokea ame tak-in leather jacket nikashindwa form?? Ni mori inanionyesha ama ni reality 🤣🤣,['surprise'],['joy'],['joy'],['joy']
swahili_text_4446_emotion_1,Mimi sijawaiona Ruto akitembea na 257 police officers meaning ni wakenya ameandika Kwa hizo properties ndio hulindwa kwani tangu 2013 leo ndio mnauliza anyway mti wenye matunda ndio hupigwa mawe lini umeona Cyprus ikilengwa mawe?,"['anger', 'surprise']",[],['surprise'],['surprise']
swahili_text_807_emotion_1,"Kwa jaba ata wakitaka waeke snails or whatever disgusting shit,taxin lazima ijae",['disgust'],['disgust'],['disgust'],['disgust']
swahili_text_5239_emotion_1,nikiwa huko diaspora 3 years ago nilikua naambiwa niseme nimekula by my boss masaa ya lunch alafu narudi kufyeka compound. Sijawai sahamea mamangu for that,['sadness'],[],['joy'],[]
swahili_text_5155_emotion_1,@OKeneti @Kotsocha_ke Miguna Miguna si loya ni barrister ama attorney sijui tofauti but hapendi kuitwa loya,[],[],['surprise'],[]
swahili_text_4302_emotion_1,"Kama mnapewa dockets mnazitandika zinalala chini kama bahasha, na mkipewa hii nchi mtaifanyia nini?",['disgust'],['anger'],[],[]
swahili_text_5333_emotion_1,@SalimAbebe @cbs_ke Pumbavu ni wewe afya niyako sio yangu,['anger'],['joy'],['disgust'],[]
swahili_text_2293_emotion_1,Kudate mwizi isikufanye ufikirie kila mtu anataka kukuibia gifts ziliibwa uletewe!,[],['surprise'],['anger'],[]
swahili_text_4572_emotion_1,"nikiwaambia whatever you post on social media might come to fuck you up one day mnaonanga kama ni mchezo, now look at Pauline Njoroge",[],['anger'],['disgust'],[]
swahili_text_3015_emotion_1,"Nyumba zenu huwa zimeshona like hamwezi hama on short notice, mimi huishi kama ndege",['disgust'],['surprise'],['sadness'],[]
swahili_text_586_emotion_1,I need a remedy. Plain water is becoming a threat to me. Nafaa kuanza kutake sips na straw ndio ni nione ka ntaimprove,['fear'],['sadness'],"['fear', 'sadness']","['fear', 'sadness']"
swahili_text_3610_emotion_1,"@EvahMwalili @Milele_FM Wewe Ni Bwana juu ya mabwana Umetukuka milele Amina , Ufalme wako wandumu milele na milele Amina #BarakaZaMilele","['anger', 'joy']",['joy'],['joy'],['joy']
swahili_text_854_emotion_1,Karibu Kenya @POTUS #ObamaInKenya,[],['joy'],['joy'],['joy']
swahili_text_1921_emotion_1,Sasa mbona wananyimana cash out aki?,['anger'],[],['anger'],['anger']
swahili_text_2594_emotion_1,Watu wengine hawajionei huruma sasa zikitokea fuyo sababu ya kauli za fidodido akashitakiwa ICC so itakuwa balaa tupu.,"['sadness', 'surprise']",['sadness'],['sadness'],['sadness']
swahili_text_2165_emotion_1,"Watu wengine hawajui jokes,unaniletea chakula nakushow nimeshiba halafu unataka kurudisha..weka tu hapo ungoje nishibuke","['sadness', 'surprise']",['joy'],['sadness'],['sadness']
swahili_text_2670_emotion_1,"Tangu nianze kwenda muthiga I have been sreing the same old faces dancing for money every friday, jameeeeni maisha gani hii???",['sadness'],['sadness'],['sadness'],['sadness']
swahili_text_1284_emotion_1,@inooroke #teammsiriri Hakuna Mungu kama wewe Bwana,[],[],['joy'],[]
swahili_text_3876_emotion_1,Kuvuta sigara nayo sijewai elewa utamu wake,['disgust'],['disgust'],['surprise'],['disgust']
swahili_text_1505_emotion_1,Vile wakamba wanajiita wakamba na hiyo kamba iki katika watajiita wa nini ??,"['joy', 'surprise']",['joy'],['surprise'],"['joy', 'surprise']"
swahili_text_1544_emotion_1,"Hii simu imeanguka thrice tangu jana, mlisema kureplace screen ni mangapi as I wait ipasuke?","['fear', 'surprise']",[],[],[]
swahili_text_3597_emotion_1,Dem mrefu kuniliko hautai nipata karibu na yeye,['anger'],['surprise'],['disgust'],[]
swahili_text_2425_emotion_1,Unawekewa pesa hadi siku yenye unalipwa unatoa stress nayo inaisha unabaki pale pale,['sadness'],[],['sadness'],['sadness']
swahili_text_662_emotion_1,Kabla nitweet Netherlands wanapiga come back wamepigwa free kick ya kimataifa,['disgust'],['joy'],[],[]
swahili_text_1560_emotion_1,Mbona watu wa Man United hawatukejeli?,['surprise'],['surprise'],['surprise'],['surprise']
swahili_text_4050_emotion_1,Hakuna mkenya hajui yule jamaa number two ni dingo,['surprise'],['surprise'],[],['surprise']
swahili_text_213_emotion_1,Saa hii zimeshika naweza kasirika niambie hawa ukweli mimi nmechoka https://t.co/HGr1q4aMjE,['anger'],['anger'],['anger'],['anger']
swahili_text_318_emotion_1,@Haturudinyuma tuko pamoja,['anger'],['joy'],[],[]
swahili_text_399_emotion_1,Joseph Nyanchama ambaye ni motivational speaker yuko studioni tunaangazia masuala mbali mbali yanayothiri jamii #sikika,[],[],[],[]
swahili_text_393_emotion_1,"Kama hawa ndio mabibi they are meant for us , we are very unlucky","['fear', 'sadness']",['sadness'],"['sadness', 'surprise']",['sadness']
swahili_text_1774_emotion_1,Huyo ameabuse mbuzi hadi ikakojoa wtf are people turning into,['surprise'],[],"['anger', 'disgust']",[]
swahili_text_5327_emotion_1,Ushai enda kwa Beach ama uko tuu,['surprise'],['surprise'],[],['surprise']
swahili_text_2035_emotion_1,Zidi kuzungukwa na wema wa Mungu maishani mwako Amen. Sikiliza #WinguLaBaraka na @SyombuaMwele,[],[],['joy'],[]
swahili_text_2938_emotion_1,@tedd_gavin @OfficialShetta NIMEJARIBU LEO #TeamADELLE #KISS,['joy'],['joy'],['surprise'],['joy']
swahili_text_1212_emotion_1,@QwetuRadio @DorahManya #QwetuJumapili Ruai tuko Tayari kwa Ibada Ya Qwetu Radio.. My Siz Dorah Pokea Salamu za Jamii yangu,[],[],['joy'],[]
swahili_text_1377_emotion_1,@I_Isaac_: But sijaelewa mbona maziwa imekuwa expensive? Ng'ombe wana-import pia?hahaha,"['disgust', 'surprise']",[],['surprise'],['surprise']
swahili_text_3894_emotion_1,"The morios on Thika road woiyee! Halafu trapped is a fellow who sang ‘kuumeria kuumeria’ saying si uchawi ni maombi,Government eats it’s own children","['disgust', 'sadness']",['sadness'],"['anger', 'sadness']",['sadness']
swahili_text_3667_emotion_1,Reason nimeboeka kwenda daro ni juu nitakuwa nameet na ex daily ladies and gentlemen never form a relationship na course mate,['disgust'],['joy'],"['disgust', 'fear']",['disgust']
swahili_text_1865_emotion_1,Kwani depression ni kaswende?,['surprise'],['joy'],['disgust'],[]
swahili_text_4822_emotion_1,@ochiengstephen5 Asante kwa maoni yako ^Jamo,[],[],['joy'],[]
swahili_text_5149_emotion_1,Huyo malaya mweusi huwa bitter na watu instead ange blame parents wake may be walikua wakimbiaji zina haja beba,"['anger', 'disgust']",['surprise'],"['anger', 'disgust']","['anger', 'disgust']"
swahili_text_439_emotion_1,@EliazCastro1 @Cpt_Otos Asante kwa kutusikiliza  #TyraNaOtosMilele,['joy'],['joy'],[],['joy']
swahili_text_4738_emotion_1,Sasa huyo AP ameuliwa Imara Daima mtaruka si hasla ameua?,[],['surprise'],['disgust'],[]
swahili_text_5475_emotion_1,"Jamaa anadaiwa anasema yuko na shida ya macho,anasema haoni akilipa",[],['surprise'],['joy'],[]
swahili_text_3241_emotion_1,Hao mugithi festival sijui mbona naona ni mwosho bana hahahaha wacha tuone,['disgust'],['surprise'],['fear'],[]
swahili_text_5465_emotion_1,Wait nikiitwa hun mnasema ni parody tena.....niliwafanyia nini? Let a nigga prosper lmao,['surprise'],['anger'],['disgust'],[]
swahili_text_1210_emotion_1,"#BREAKING Peace mediator Monica Juma says the AU will organize a training workshop for the UK parliament after MPs in the crisis-torn, oil-rich west European kingdom first vote to approve strongman Boris Johnson's #Brexit deal and only thereafter for more time to read through it.",[],[],[],[]
swahili_text_4323_emotion_1,"Hao watu huambia mtu ""talk to someone suicide is not an answer"" mi huskia kuwaokota videvu","['anger', 'sadness']",['surprise'],['anger'],['anger']
swahili_text_1752_emotion_1,"Akili ime hang,work schedule ina ni peleka teke,nadai jabare",['sadness'],[],[],[]
swahili_text_1829_emotion_1,Babu owino akiwa young alikua anaitwa aje ju sahi ni BABU,[],['joy'],['surprise'],[]
swahili_text_1403_emotion_1,Mimi nimelewa jana mpaka nimeshindwa kwenda kazi,"['sadness', 'surprise']",['sadness'],[],['sadness']
swahili_text_3565_emotion_1,Hizi rumors za total lockdown mnatoa wapi?,['fear'],['fear'],['surprise'],['fear']
swahili_text_840_emotion_1,Mngekuwa police officers hamgefuata orders za wakubwa?,['anger'],['anger'],['surprise'],['anger']
swahili_text_951_emotion_1,Huyu Andrew Tate mwenye anakulwa ban kila mahali ni nani surely 🤔,['surprise'],"['sadness', 'surprise']",['surprise'],['surprise']
swahili_text_744_emotion_1,Kitu mbappe angeenda nayo ni ball😂😂,"['anger', 'disgust']",['joy'],['joy'],['joy']
swahili_text_320_emotion_1,Hahha kina Mbadi na mafirimbi kwa Parliament,['surprise'],['surprise'],['joy'],['surprise']
swahili_text_4993_emotion_1,@Trans_Nzoia MIMI NAULIZA IO PESA YA VIKUNDI NI YA MAMA YA SENETOR YA GOVERNOR YA MP  AU MCA.NKT I WISH TO REPORT THIS ASSHOLES KWA ANTICO..,['anger'],[],"['anger', 'disgust']",['anger']
swahili_text_2157_emotion_1,"@Phickyliciouz HABARI KWA WOTE NDUGU NA DADA ZANGU, NI SHEIKH DAUDA SEMPIRA, MGANGA WA MTI SHAMBA, KWA SHIDA NA MAGONJWA MBALI MBALI, KAMA, MAPENZI, NGUVU ZA KIUME, KIFAFA, KUPATA VISA, KESI KOTINI, KUSHIKA WEZI AKITUMIA NYUKI, , PIGA SIMU KWA, +254701212158, OR, +254704350372",[],[],[],[]
swahili_text_3389_emotion_1,Wtf do you mean nisipake blueband sides zote mbili za slice??,['disgust'],['anger'],['surprise'],[]
swahili_text_3705_emotion_1,@KTuiyott Samahani kwa hilo ^Jamo,[],['sadness'],['sadness'],['sadness']
swahili_text_4340_emotion_1,Nakuanga na ndoto za ajabu,['fear'],['sadness'],[],[]
swahili_text_4868_emotion_1,@MikeSonko Hata chebukati anangoja results itangazwe vile tulimngoja yeye atangaze  Si mungu ni mwema,[],[],['joy'],[]
swahili_text_4593_emotion_1,Kweli kuna watu hujiona sana hizi streets haha,"['disgust', 'surprise']",['anger'],['disgust'],['disgust']
swahili_text_580_emotion_1,@HoseaWainaina @gidikariuki Nunua ya KDDS,[],[],[],[]
swahili_text_1026_emotion_1,"Ndo naamka napata kunanyesha, i guess leo ni avocado mkate na mzinga.","['anger', 'disgust']",['surprise'],"['disgust', 'surprise']","['disgust', 'surprise']"
swahili_text_3591_emotion_1,Karibu @Missgaitho @MwangiJmacs @WANJERI_JOSPHAT,[],[],[],[]
swahili_text_2514_emotion_1,"HAPPY BIRTH DAY HON. GLADYS WANGA, MAY YOU LIVE LONG AND CONTINUE HAVING GOOD POLITICAL WILL FOR  HOMABAY RESIDENTS. ASHANTE SANA ABEL WOMAN AND INDEED A TRUE PATRIOT OF THIS GREAT NATION KENYA https://t.co/3wQC0ME8eU",[],[],['joy'],[]
swahili_text_3615_emotion_1,Enyewe life changes. Kitambo chuo ingeboo utamani ukol off at any point of the semester term but hungeweza but sahii. Yaani ukifeel like umechoka. Jayden ni nani anacheza ka yeye 😂😂😂,['disgust'],['surprise'],[],[]
swahili_text_4488_emotion_1,Kupewa blue badge halafu unyang’anywe tena nashuku inafeel kama kuwa number one daro halafu urudi number two after jamaa ilikuwa number two ipeleke complain ya missing marks.,['sadness'],[],['joy'],[]
swahili_text_3984_emotion_1,Mabazenga wame jaa kwa replies hawajui ni wa pande ile ingine 😂😂 https://t.co/hgKjYU0pmt,['joy'],['joy'],['joy'],['joy']
swahili_text_3264_emotion_1,"Trying to cry in a low tone is soo hard,im trying not to make a sound ndo nisiamshe watu💔😢",['sadness'],['sadness'],['sadness'],['sadness']
swahili_text_4670_emotion_1,"Wale hushikisha kimalamala daily wanakataa kuenda hustle ,shauri yao,everything has limits na starehe bado ni gharama",[],['surprise'],['disgust'],[]
swahili_text_1524_emotion_1,@Carytosh kai mimi zangu ziliniweza  sato ata singeenda alaine n had tickets,"['sadness', 'surprise']",[],['sadness'],['sadness']
swahili_text_3575_emotion_1,Mbona madem wananunua products za kutighten pudesh hahaha,['disgust'],['surprise'],"['disgust', 'sadness']",['disgust']
swahili_text_1646_emotion_1,so mumesema cccarolyne ni catfish?,['surprise'],['surprise'],['surprise'],['surprise']
swahili_text_3039_emotion_1,@Belive_Kinuthia Pole sana Ndugu @HonMoses_Kuria,['sadness'],['sadness'],['sadness'],['sadness']
swahili_text_2179_emotion_1,Ni 366/366 si 365🤦🏾‍♂️...leap year mliambiwa ni nini shule yenu?,['surprise'],['joy'],['sadness'],[]
swahili_text_2239_emotion_1,Kuna matime club wanaekanga gospel lakini juu ya ulevi zako unajipatanga umebanjuka ka mahfucker🤣🤣🤣,['joy'],['joy'],['joy'],['joy']
swahili_text_1077_emotion_1,Mnapenda sea food kweli ama ni kujifanya,['surprise'],['surprise'],['surprise'],['surprise']
swahili_text_5175_emotion_1,Sasa ukifanyana na mtu halafu akuambukize homa hiyo pia iko under STDs?,[],['disgust'],['joy'],[]
swahili_text_4381_emotion_1,Mnataka aje victor apitch creative ideas na bado sijui atengenese demographics zifanye kosokoso aaaargh mnakuanga na kizungu mingi sana bana,['disgust'],['sadness'],['sadness'],['sadness']
swahili_text_561_emotion_1,MPEPETAJI MKUU WA COVID https://t.co/YVH5XnnitP,['sadness'],['fear'],[],[]
swahili_text_3128_emotion_1,There is this bank called housing finance ati ukiwithdraw pesa wanakata 500#ya nini jamenii#style up jo!,['anger'],['anger'],"['anger', 'sadness']",['anger']
swahili_text_4685_emotion_1,Siwess taka bibi ambitious saa hii bana anawesa kua ananiamsha 4am ati twende hustle na nataka kulala mimi....am lazy leave me alone godamn it!!!!!,['anger'],[],['joy'],[]
swahili_text_2952_emotion_1,"Kuna wagonjwa wa akili huwa hawaoni shida zao. Ukimsho use your brain anasema I am only reacting ni mimi nimechokozwaaa. Like, u mean to say all the time you the victim? Wewe ni mungu ama mathare tu. Ushawahi onea mtu huruma vile anafikiria 😂",['disgust'],['surprise'],[],[]
swahili_text_2552_emotion_1,I think tweep mmoja tu akipewa hii country anaeza i-run kushinda Jayden juu kila msee anakaa kujua kitu anafanya!!,"['anger', 'sadness']",[],['anger'],['anger']
swahili_text_1323_emotion_1,Me may be nipromote porn ya magari pekee  hizo zingine ni ujinga,"['anger', 'disgust']",[],['disgust'],['disgust']
swahili_text_2250_emotion_1,"Mdenge msapere ukimstua akudungie ki arch anakuuliza ""ní itina úúkire kúría kana na gym...?"" na hio ngwati inatamatia hapo!",['sadness'],['disgust'],['sadness'],['sadness']
swahili_text_4365_emotion_1,Ronaldo anadhani yeye pekee ndo anafaa kufunga??,['anger'],['sadness'],['surprise'],[]
swahili_text_1601_emotion_1,Mvua inanyesha alafu signal inaharibika the only station iko poa ni soap opera iko mateso,"['anger', 'sadness']",[],['anger'],['anger']
swahili_text_4821_emotion_1,Sijui kama ni wa ki colle ama working class but ana zigo ime stand,[],[],[],[]
swahili_text_892_emotion_1,@LordChitechi Mi nataka kujua Mungu wa Phil Jones,[],['joy'],['surprise'],[]
swahili_text_407_emotion_1,"Hizo retweets ndio nakula lunch so, msichelewe kunipa.",['disgust'],['joy'],[],[]
swahili_text_1158_emotion_1,@Wamuhu_ nimepata mtu akikuywaa cabbage water ( fermented) bana cult is deep than i was expecting ule ni movement 😂😂😂,"['joy', 'sadness', 'surprise']",['disgust'],['disgust'],['disgust']
swahili_text_310_emotion_1,"Ujue una nusu ya moyo wangu unanusu iliyobaki kwangu Yote inakupenda wewe Una jua langu, na mwezi wangu Unatembea na roho yangu~Kiboko Yangu",['disgust'],['joy'],['joy'],['joy']
swahili_text_3517_emotion_1,Kila mahali #obamawelcomehome  no reporter went to work today mlijua kila kitu ni obeeezy,['surprise'],['surprise'],[],['surprise']
swahili_text_2134_emotion_1,Ju wanesema no prison visits....i wondervif makarao bado wanashika watu 😨😂😂😂,['surprise'],['joy'],"['joy', 'surprise']","['surprise', 'joy']"
swahili_text_2086_emotion_1,@KCBGroup hey i paid my loan jana na bado naambiwa sijalipa whats wrong?,['surprise'],[],['anger'],[]
swahili_text_3263_emotion_1,Youths wengi saii hawaezi pata usingizi kama hawajatumia pombe ama drugs and it's sad,['disgust'],['sadness'],"['fear', 'sadness']",['sadness']
swahili_text_2620_emotion_1,Pole sana kwa watu wa Uasin Gishu na Huruma kwa jumla. https://t.co/LkXJhNQZkF,['sadness'],['sadness'],['sadness'],['sadness']
swahili_text_2337_emotion_1,WELCOME TO KENYA 🇰🇪 KING OF DUBPLATE @Jasonpanton  @ZJHENO Thanks for Bringing him and @Protoje  Chukua Dubplate za Tommy Lee Sparta,[],[],['joy'],[]
swahili_text_2987_emotion_1,ATI UAMBIE HAWA WATU WA #10YearsChallenge KAMA WANAONA WANAJUA SANA PIA WAANZE #BaeExChallange TUONE KAMA KITAELEWEKA 😅😅😅😅😅 @ Ranson Hotel https://t.co/jbBAinByn1,['anger'],['surprise'],[],[]
swahili_text_4016_emotion_1,Hii ndiyo maana mtu huambiwa ajibebe akili yake na ajipiganie juu hawa politicians hawakujali 😂 https://t.co/1lPK2dU8Iz,['disgust'],['sadness'],['sadness'],['sadness']
swahili_text_263_emotion_1,au hiyo account ni kinyest the simp anatumia??,"['anger', 'disgust']",[],['surprise'],[]
swahili_text_408_emotion_1,Huku west pokot sahizi boma yote ni butchery nyama ni fwaaa,"['disgust', 'surprise']",['surprise'],['joy'],['surprise']
swahili_text_2013_emotion_1,Ukipata muda wa kuishi basi ishi na watu kwa wema #ElimikaWikiendi,[],[],[],[]
swahili_text_2903_emotion_1,"@ntvkenya their even tagging themselves in their own tweet,hawa watu kichwa yao sio mzuri kabisa",['anger'],['anger'],['sadness'],['anger']
swahili_text_2399_emotion_1,hiyo ni bs,['anger'],[],[],[]
swahili_text_1458_emotion_1,"nime anza kulewa, for intergerty reasons mmoja wenu aniekee epl table below this tweet",[],[],[],[]
swahili_text_2170_emotion_1,ni mimi nimefika tao mapema ama watu washaanza holiday,['surprise'],['joy'],['surprise'],['surprise']
swahili_text_4610_emotion_1,@Imeldah___ Watu wa Limuru,[],[],[],[]
swahili_text_5029_emotion_1,MUNGU KWANZA,[],[],[],[]
swahili_text_2131_emotion_1,Watu hapa ni ka kabambe ama simu za china wana make noise lakini ni light weight bado hawaja break voice manzeee,"['disgust', 'surprise']",[],['sadness'],[]
swahili_text_593_emotion_1,@AfterburnKISS Kabisa kama ni hivi bora hilo gonjwa maana watakao umia ni wengi,['anger'],['sadness'],['anger'],['anger']
swahili_text_2998_emotion_1,"Lakini Nameless huwa one of the best top performers ikikam ni kupiga mziki live,never disrespect him. Naona mnasulubisha huyo mumama  hahaha",['fear'],['surprise'],['joy'],[]
swahili_text_3506_emotion_1,Kuna time karibu nikuwe father,['disgust'],['surprise'],[],[]
swahili_text_779_emotion_1,Psv drivers hufikitia barabara ni zao pekee,[],['anger'],[],[]
swahili_text_2417_emotion_1,@frankzaga24 ni plan tu vile waited for it sasa nanua torch nimulike juu ka nitaona hiyo eclipse,[],[],[],[]
swahili_text_2941_emotion_1,Btw huwa mnakumbuka aje mtu alitweet kuhusu topic fulani na sa hio SS ni ya five years ago au huwa mnaweka waiting to use it.. asking for my cream tweet,['disgust'],['sadness'],['surprise'],[]
swahili_text_812_emotion_1,@Belive_Kinuthia Hata Kwa dawa,['anger'],['surprise'],[],[]
swahili_text_2207_emotion_1,mnakula nini sapa niwacopy ?,[],['joy'],[],[]
swahili_text_4010_emotion_1,@Lush_Purity Hahaha anyway ni poa kujenga keja but si ati wasee wapewe pressure. Kila msee afanye kile anataka,['sadness'],['joy'],[],[]
swahili_text_1822_emotion_1,"Najua pale Uganda House business is booming bana. Zile simu zimeibiwa hii December, wueh 😂😂",['surprise'],['joy'],['joy'],['joy']
swahili_text_323_emotion_1,Sasa nikuwatch #Mayweather akichapa mtu after #Afc played sensationally!,['joy'],['joy'],[],['joy']
swahili_text_1695_emotion_1,"If someone buys you a gift alafu iishe but you can’t afford it atm, are you allowed to ask them to get you another one? 😂😭 Ama hiyo ni tabia mbaya?",[],['joy'],['joy'],['joy']
swahili_text_3700_emotion_1,Sasa mtu mfupi anawezaje  niambia ati put yourself in my shoes 💔😭,['anger'],['surprise'],['joy'],[]
swahili_text_3971_emotion_1,Yaani mnaumwa hivi vyote juu wasee waliamua kuprint T- Shirt bila kuwaambia??,['surprise'],['sadness'],"['sadness', 'surprise']","['surprise', 'sadness']"
swahili_text_2615_emotion_1,One kenyan Athletics coach was sent home for posing as an athlete and even giving a urine sample. Huku aki ni yesu mwenyewe tu anaeza saidia,['sadness'],['joy'],['anger'],[]
swahili_text_890_emotion_1,Wakalucy fish pale bypass guess leo itabidi nipitie hiyo mtaa,[],['joy'],[],[]
swahili_text_3104_emotion_1,"@OgulaPat Anakulaa baroda shida yenyu ni ganii,,,migogoroo ikisuluhishwa shida yenyu ni ganii",['disgust'],['anger'],['disgust'],['disgust']
swahili_text_2164_emotion_1,"@EvahMwalili @Milele_FM Ahsante kwa Wema wako matendo yako twashukuru , umenikomboa , kuniponya uhimidiwe Juu mbinguni na nduniani tamalaki @MutulaNancy @nelsonkirui24 @TabbyMbinya @OmulupiSamuel @bonnymangwa2 @irinechemai @KevinMusonye7 @Dalmaslwadenge1 #BarakaZaMilele",['joy'],[],['joy'],['joy']
swahili_text_1729_emotion_1,Leo mnakula nini lunch niwacopy?,[],['sadness'],[],[]
swahili_text_5236_emotion_1,Hawa wasee uhunye anafaa awashikishe adabu wajue ni yeye prezzo na hafai kuambiwa kosokoso non issue,['anger'],[],['disgust'],[]
swahili_text_2248_emotion_1,Sasa niulize hawa manugu wa man utd si mlale,['disgust'],['anger'],['anger'],['anger']
swahili_text_811_emotion_1,@samson77406566 Vibaya sana,[],['anger'],[],[]
swahili_text_5324_emotion_1,"Zi'unfollow tu, that way zitaget the message @phat_rice sijui ni lambe hizi nugu ndio zi'fb ama nijifanye mjinga nitegee...",['anger'],['surprise'],['surprise'],['surprise']
swahili_text_2916_emotion_1,"Is it true Chenye nyi husema about kamba ladies loving sex, if it's true nipewe mmoja",['disgust'],['joy'],[],[]
swahili_text_4008_emotion_1,@MakauWaMuli @NjeruNichasius APAMBANE NA HALI ZAKE,['anger'],['sadness'],['anger'],['anger']
swahili_text_857_emotion_1,"All those attending the African Bar Association (AFBA) Annual Conference in Nairobi this week are encouraged to visit the Juta stand and register for our weekly e-news service, @IBALegalAfrica, which is sponsored by the International Bar Association - https://t.co/lJXbNUcHEw https://t.co/FVb9TfcKh2",[],['joy'],[],[]
swahili_text_2052_emotion_1,@niiteevanso incases of a car breakdown kwa highway hawa wasee huinua hazard walienda driving school gani,['surprise'],['joy'],['surprise'],['surprise']
swahili_text_1821_emotion_1,Nataka iyo condom ndio nianze kunyandua bila was,['fear'],['joy'],[],[]
swahili_text_4208_emotion_1,Ha ha ha ati Chelsea wamechapwa kama mlango ya choo na mtu anaskia kuhara,['joy'],['joy'],"['sadness', 'surprise']",['joy']
swahili_text_4167_emotion_1,Hi kitu ya g money sijui electric avenue ameficha wapi?,['anger'],['sadness'],['surprise'],[]
swahili_text_5512_emotion_1,@Iam_njerii We we sio mmoja wale walipotelea sijui ni kayole sababu boredom ya lockdown ?,['surprise'],[],['surprise'],['surprise']
swahili_text_3184_emotion_1,Playing Now #TooMuchBloodARun @MorganHeritage Ndani ya Awamu ya Pili Ni Wakati wa Kufumbua #Fumbo @Ksh21500 Jaribu Bahati,[],[],[],[]
swahili_text_796_emotion_1,TOA NDANI!!,['anger'],['joy'],[],[]
swahili_text_366_emotion_1,Kuna agemate yangu nimesikia hapo homeboyz akiambia dem aty anampenda na anadai kumuoa..😂😂,['surprise'],['surprise'],['joy'],['surprise']
swahili_text_4831_emotion_1,Am in church nawaombea nyinyi wote,[],['joy'],['joy'],['joy']
swahili_text_1005_emotion_1,Kuna shetani ishawainidanganya nikatumia massage oil (menthol) kama lube. 😫😫😫,['anger'],['sadness'],"['anger', 'sadness']","['anger', 'sadness']"
swahili_text_1300_emotion_1,Kwani contravening laws by KFCB ni criminal case ama civil?,['surprise'],[],['surprise'],['surprise']
swahili_text_1668_emotion_1,Unpopular opinion but nikiona my ex akiwa na ball mimi hufarai juu nikama nilikuaga fala kutumia condom.,['anger'],['disgust'],['sadness'],[]
swahili_text_4722_emotion_1,@EvahMwalili @ShushoChristina @Radio47KE Hallelujah on My Way to Machakos Nyavu nashusha kwa nguvu Zake Mwenyezi Mungu #Nuru47 #Redio47KEHapaNdipo #HappyEaster,[],[],['joy'],[]
swahili_text_1380_emotion_1,Na @yvonnebuluma  I've not seen your statement regarding Unai.. ni nini hua mbaya na wewe???,"['anger', 'surprise']",['anger'],['anger'],['anger']
swahili_text_5389_emotion_1,Kama kuna mtu amekuwa na parodies mingi hii twitter ni Billy Jamaa alikuwa anachange Avi na haipiti hata seconds parody zishamcopy,[],['surprise'],['surprise'],['surprise']
swahili_text_284_emotion_1,@ledamalekina Gachagua ako na akili ya Mungu,['disgust'],[],[],[]
swahili_text_4025_emotion_1,Huyu kipembe ni fraud sana….msee amwambie hatutambui hio nopeu shit,['anger'],['sadness'],['anger'],['anger']
swahili_text_2264_emotion_1,Haha kuna dem nilikuwa naye alishaisuggest 3some nikajifanya holly i wish i knew .,['sadness'],[],['sadness'],['sadness']
swahili_text_2687_emotion_1,@lomarueth the worst happened sijui machokosh walitoka wapi like 20+ with stones they started stoning us every one ni mbio bana juu ya mawe,"['fear', 'sadness']",[],[],[]
swahili_text_3847_emotion_1,Kuna dem ameambiwa ako na pussy kubwa kuliko haga😂😂😂😂,['anger'],['disgust'],['disgust'],['disgust']
swahili_text_974_emotion_1,Hii Twitter ilifanya nikaachwa after niliita mtu meffi 😂😂😂kumbe ni huku to,['anger'],['surprise'],['disgust'],[]
swahili_text_3490_emotion_1,Shida ha watu wanafanya wash wash ni kujigamba ... Kuna mandem thika wamefanya io kitu hadi wakafungua club problem is kila mtu anajua pesa ni haramu,"['anger', 'disgust']",['disgust'],['surprise'],['disgust']
swahili_text_2510_emotion_1,@jemmo_44 @Yvonneh254 Lakini huyu migujikenda naitambua ni yule Dem alitorokwa na morio chake😂😂😂😂😂😂😂😂😂😂😂😂😂😂😂😂,[],['joy'],['joy'],['joy']
swahili_text_243_emotion_1,Nlikuwa nimedhani mmejam juu tunapangia watu hypothetical money??,['fear'],['sadness'],['surprise'],[]
swahili_text_3446_emotion_1,Njaa tu ndo inaweza nitoa hapa kitandani,['anger'],['surprise'],['sadness'],[]
swahili_text_4387_emotion_1,Nous prions pour la paix dans le sud du Soudan,[],[],[],[]
swahili_text_5024_emotion_1,"@Inclusivefolks @Bliss_cole Umisha njururi (water beetle) uone ziki 💣🎆 Madem wengine hukuwa kifua ultra-biggest with no behinds, unataka kutushow ni natural?",['disgust'],[],['disgust'],['disgust']
swahili_text_2964_emotion_1,@esikuri_zablon @wa_chamwada Asanti kwa kutusikiliza #AlexNaWilbrodaMilele,['joy'],['joy'],['joy'],['joy']
swahili_text_1792_emotion_1,"Wakubwa,,,,link ya ku stream hio ma 👊👊iko wapi???",[],['joy'],[],[]
swahili_text_619_emotion_1,Siku ya divorce proceedings unaita Michelle atoe farewell speech ghaaaai divorce mnasahau,['disgust'],['surprise'],['sadness'],[]
swahili_text_2909_emotion_1,Hadi nilijifunza lugha yakwao  imagine 😂😂😂😂😂😂😂😂😂😂 nimesadikia wahenga  mkataa kwao ni mtumwa  🤣😂 ulijuwa nitaandika nn  🤣😂 ndo salami hiyo jeni kabila gani hilo 😂😂😂😂😂😂😂😂,['disgust'],['joy'],['joy'],['joy']
swahili_text_179_emotion_1,@kerubo_hillary The worst part of is that hata kama unataka wakuexchangie with another cylinder wanakataa,['anger'],['anger'],['sadness'],['anger']
swahili_text_1135_emotion_1,Nimeamka nikiumwa na kila mahali oh my!,"['anger', 'sadness']",['sadness'],['sadness'],['sadness']
swahili_text_774_emotion_1,Sasa mkiniambia and 2 others followed me hao ni kina nani?!,['surprise'],['surprise'],['surprise'],['surprise']
swahili_text_705_emotion_1,Itumbi anataka kuvie seat gani isikuwe ni Mûrindûko ward MCA amefanyia threatrics hivi.,['disgust'],['sadness'],[],[]
swahili_text_3496_emotion_1,@BinHamzaOffici1 Asante sana,['joy'],['joy'],['joy'],['joy']
swahili_text_498_emotion_1,"Kuna a clique of very young boys hapa wamespecialize in matusi, hiding behind cartoon avi spewing filth, better stay far from them.",['fear'],"['disgust', 'sadness']",['disgust'],['disgust']
swahili_text_219_emotion_1,Kuna ka salam hapo Pogba na Bailly walifanya. Hiyo ni ya wakora,['disgust'],['disgust'],"['anger', 'surprise']",['disgust']
swahili_text_972_emotion_1,Mmoja wenu akuje anieleze like a 2 yr old what the hell constructivism in FP is ama niseme masomo si suruali???,['disgust'],['anger'],['surprise'],[]
swahili_text_1010_emotion_1,IDENTITY KWA KISWAHILI NI UTAMBULISHO......MUNGU WA UTAMBULISHO..@EvahMwalili @Milele_FM #BarakaZaMilele,[],['joy'],['joy'],['joy']
swahili_text_5383_emotion_1,Wewe ni dem na unaweka status inakaa mchele?Tafuta mtu mbwa,"['anger', 'disgust']",['anger'],['disgust'],"['anger', 'disgust']"
swahili_text_5190_emotion_1,@Iam_meista Yaani pia wewe ni deep state unajua hizi vitu?,['surprise'],['surprise'],['surprise'],['surprise']
swahili_text_2522_emotion_1,TBH men should just get over the stigma and normalize using commercial sex workers badala ya hii kuibiwa mnaibiwa hapa when there is a thriving industry for just that.,[],[],['anger'],[]
swahili_text_3560_emotion_1,"Lrt ,women shaming women ,hawa watu hawatawai pendana",['disgust'],['sadness'],['fear'],[]
swahili_text_394_emotion_1,@JoGabbie Niseme nini😂,['surprise'],['joy'],"['joy', 'surprise']","['surprise', 'joy']"
swahili_text_5102_emotion_1,Nakusaidia then you thank god kwini ni god ama mimi ndio alikusaidia,"['anger', 'sadness']",['surprise'],['disgust'],[]
swahili_text_116_emotion_1,Umewahi jiuliza mbna kuna watu wamesoma na hawana kazi ila kuna wale hawajasoma vile na wana ajira.,['disgust'],['sadness'],['sadness'],['sadness']
swahili_text_2079_emotion_1,Haha kuna mwingine alinishow ata ni mzee kuliko our first born ikabidi niende mitini https://t.co/jEG2rDLIq6,['surprise'],['joy'],"['joy', 'surprise']","['surprise', 'joy']"
swahili_text_5335_emotion_1,Hii weather ni mbaya,[],['anger'],[],[]
swahili_text_1930_emotion_1,@MbuiMumbi @RailaOdinga Asante sana kwa kuwambia watu wengine ukweli mtupu!,['joy'],[],['joy'],['joy']
swahili_text_1301_emotion_1,@SifaKarabu Ni Mungu tu,[],[],['joy'],[]
swahili_text_634_emotion_1,Greetings to @donmoen Karibu Kenya,['joy'],['joy'],"['joy', 'surprise']",['joy']
swahili_text_489_emotion_1,@kibbowen Usiweke kwa roho,[],[],[],[]
swahili_text_1371_emotion_1,Mocha and ukiniita wanafaa kusettle iyo beef yao kiwanaume,"['anger', 'disgust']",[],[],[]
swahili_text_2613_emotion_1,"Kuna dem mrembo amepita hapa kama tumechill na maboys tu, dem ni karembo ajab but petite. Kiasi nikaskia mtu ameshout ""Duka ni stock ,si decoration.""   Enyewe uswahilini kuna vituko 😂😂",['surprise'],['joy'],['joy'],['joy']
swahili_text_2967_emotion_1,@Belive_Kinuthia Pole Sana,['sadness'],['surprise'],['sadness'],['sadness']
swahili_text_727_emotion_1,Ok so mmesema mnaona wazazi wenyu ni kama hawakuwa wana make sense wakiwazaa in harsh financial times? I thought mnakuanga proud of them for going through the worst to give you the best life... Ama hamkuangi criaz?,['disgust'],"['sadness', 'surprise']",['sadness'],['sadness']
swahili_text_592_emotion_1,"Haha izo shiet za kina Popcaaan,konshens, Charly Black ni watoto wamenyc zao",['joy'],['surprise'],['surprise'],['surprise']
swahili_text_1076_emotion_1,Hizi subs wangesema team inalead 2-0 iwe ikistick na the three bure hapa watu wataitana,['fear'],['surprise'],['sadness'],[]
swahili_text_4151_emotion_1,And why is kitengela trending ama ni ile vumbi yetu??,['surprise'],['sadness'],['surprise'],['surprise']
swahili_text_5010_emotion_1,Tumekaribisha Mou na umama yake yote OT,['disgust'],['surprise'],['disgust'],['disgust']
swahili_text_911_emotion_1,Kazi ya Mungu haina makosa~ @nadia_mukami,[],['joy'],[],[]
swahili_text_666_emotion_1,#Kabete98@20 Wake up call WACHA ATA MIMI NITAFUTE 6DS😂😂 NDO NIKUE CEO,['joy'],['joy'],[],['joy']
swahili_text_865_emotion_1,"@AppleCereal__ @Osama_otero Sasa mtu akienda gym alafu anauliza swali innocent, then they come online ans see hat tweet.What else are they supposed to think? 😂😂😂 The two tweets could be unrelated tho 😂😂",['anger'],"['disgust', 'surprise']",[],[]
swahili_text_912_emotion_1,Uko US police brutality ni normal. Blacks wanageuzwa kichungi bila tafash,['sadness'],"['fear', 'surprise']",['fear'],['fear']
swahili_text_3842_emotion_1,Marafiki wa mathe wananiabisha bana.. ati watu wako wapi?,['fear'],['surprise'],['surprise'],['surprise']
swahili_text_217_emotion_1,Hao wahenga fossils zao hazijawahi chimbwa na archeologists?,['disgust'],['sadness'],[],[]
swahili_text_488_emotion_1,Mimi nilitupwa soko some months ago na nimekuwa Nikibeba nyanya zimeoza na bado zingine hazitaki kubebwa like damn https://t.co/TjU2xEbn0W,[],['sadness'],['sadness'],['sadness']
swahili_text_885_emotion_1,@machosmall @2njerii Lakini leo nikiingia mtaa earlier sikuwa nimewaona. Nilikuwa nimebeba mizigo nimeskia tu wamenilamba zgwembe ati kunisalimia. Karibu niwapige mateke,['sadness'],['surprise'],[],[]
swahili_text_1011_emotion_1,65 dead from illicit brew! Sasa ni magaidi tutafuata ama ni changaa tutakunywa?,['anger'],"['sadness', 'surprise']","['anger', 'sadness']","['anger', 'sadness']"
swahili_text_4625_emotion_1,"Ukishikwa na polisi ati hajafunga seatbelt, na uwekwe kwa landrover haina seat belt, kataaaa..waambie haupandi tena gari haina seat belt it is an offence!!!",[],['joy'],['joy'],['joy']
swahili_text_2636_emotion_1,@CiikuGitonga Pole sana,['sadness'],[],['sadness'],['sadness']
swahili_text_2841_emotion_1,Mbao ameruka kina shikwekwe na aicy design niliruka maboy wangu high school after kushikwa na shati za kuiba 😂😂😂😂😂,['disgust'],['surprise'],"['joy', 'surprise']",['surprise']
swahili_text_3488_emotion_1,Jaba inaezafanya morio ukatafuta simu na umeishika sahiiyo ni 530 asubuhi bado hata hujalala 😂,['disgust'],['surprise'],['joy'],[]
swahili_text_3004_emotion_1,Kumbe kuvaa skirt ni mzuri hivi?,"['joy', 'surprise']",['surprise'],['surprise'],['surprise']
swahili_text_3014_emotion_1,Niliacha waliweka laws that they shouldn't use lyrics to prosecute someone kumbe ni upus. https://t.co/fPmd5Dr3VU,['anger'],['anger'],['sadness'],['anger']
swahili_text_4791_emotion_1,Galileo ni kama waitress waliambiwa kila mtu anafaa kukua na boobs kubwa ama mwenyewe ndio alikua anachagua zile zinamashungwa kubwa,[],['joy'],"['joy', 'surprise']",['joy']
swahili_text_5264_emotion_1,NP #FerreGolaNaVictoriaKimani @Tucheze OnStandBy #SanaipeiTande @RastaMan Ndani Ya #DriveOnReloaded @OgalTina  Enjoy,[],[],[],[]
swahili_text_1756_emotion_1,@Morara__ Tutakuja na Konshens kukutoa ndani😂,[],[],['joy'],[]
swahili_text_2653_emotion_1,Kuna story inaendelea pale citizen TV wanawake ni Wanyama,[],['disgust'],['anger'],[]
swahili_text_1013_emotion_1,@eddiebutita Ni Mimi naona mbaya au ni njahe zimeekwa hapo?,['disgust'],['surprise'],['surprise'],['surprise']
swahili_text_3982_emotion_1,"Jamaa anakutusi in English hadi unadhani ni kijaluo,na ndio ameanza tu kuanza",['surprise'],['surprise'],[],['surprise']
swahili_text_3332_emotion_1,"@FauzKhalid Mkuki kwa nguruwe matamu, una uchungu kwa binadamu.","['anger', 'disgust']",['sadness'],[],[]
swahili_text_4844_emotion_1,Na mbna wamama wote matajiri wamenona kupita kiasi?,['surprise'],['joy'],['joy'],['joy']
swahili_text_3566_emotion_1,Hahaa bado ni yeye atasoma jana my Airtel had an issue nilishinda hapo leo had to go to town to replace it https://t.co/4Ttm6xTTxp,['joy'],['sadness'],"['anger', 'fear']",[]
swahili_text_2263_emotion_1,Tusifanye vitu holy ka ni holiday.,[],['surprise'],[],[]
swahili_text_5349_emotion_1,"Umekua nurse saana, ukathani wewe ni daktari #tgif #hawawarembo",[],[],[],[]
swahili_text_483_emotion_1,Hawa watu husema you cannot die juu ya kukosa dame wanakuwanga desparate asf,['fear'],['disgust'],['surprise'],[]
swahili_text_5256_emotion_1,@Wakabando Like the Coastal region Mheshimiwa wa Kabando,[],['joy'],[],[]
swahili_text_719_emotion_1,MOROCCO WAMEMALIZA KILELENI KUNDI F! 🇲🇦  TIMU YA KWANZA YA AFRIKA KUSHINDA KUNDI LAO KARNE HII👏 https://t.co/uhLVYyYyNi,[],['joy'],[],[]
swahili_text_3793_emotion_1,Nimelisha izi mbwa nkiwa njaa karibu nijipate nimeuma mifupa zao,['disgust'],['surprise'],['surprise'],['surprise']
swahili_text_2523_emotion_1,Lakini hapa kazini kwetu kuna vituko..huyu ameambia mwenzake “ mkamba mzuri ni yule tu amekufa 😊”..maanake huyo hawezi kusaliti 🤣🤣🤣,[],['disgust'],['joy'],[]
swahili_text_969_emotion_1,@Hot_96Kenya @IAMRAPCHA @CocoSoboo @vjace_kenya  BILA KUSIKILIZA RAPCHA ITAKUWA NGORYYYYYYYYYY #CLUB96,['sadness'],['anger'],['fear'],[]
swahili_text_3883_emotion_1,Kwa hivo ndingi mwana anzeki hajawai kua ndingi mzee anzeki,['surprise'],['surprise'],['surprise'],['surprise']
swahili_text_632_emotion_1,Kura yangu imeharibika nifanyaje?,['sadness'],['sadness'],"['sadness', 'surprise']",['sadness']
swahili_text_2511_emotion_1,Na ulizaaa hizi siasa zitaisha lini  ni kama mnaboo hadi,['anger'],[],['anger'],['anger']
swahili_text_304_emotion_1,Naskia kuna missionary style ni gani mnishoo walahi🤔🤔😓,['surprise'],['surprise'],[],['surprise']
swahili_text_5052_emotion_1,"@JamalGaddafi Katika maisha. Jijue, jifahamu, jielewe na ujitambue. Muhimu sana.",[],[],[],[]
swahili_text_2304_emotion_1,@Somaliya_Cusub DUGSI IYO MADARASO HADU LEYAHAY WA CILMI ADUN IYO AKHARO,[],[],[],[]
swahili_text_1207_emotion_1,"@OKTO1710 @gathurari_ no application is sent for CS posts ...nilijuaga  babako ni mjinga ndio ,sikujua pia wewe",['surprise'],['disgust'],['anger'],[]
swahili_text_1955_emotion_1,Mwenye ameLeak hizo convo ni a niccvr that has been trying to smash...,"['anger', 'disgust']",['surprise'],['anger'],['anger']
swahili_text_1177_emotion_1,Nasema Asante kwa Mungu wa Manabii wakuu wa Bwana kutupa nafasi ingine kushiriki jumapili ibada kuu zaidi duniani kote. https://t.co/Ca5nHqHuap,['joy'],[],['joy'],['joy']
swahili_text_3331_emotion_1,@Smileycherry2 Unajua venye mtu hutweet msifikiria anamfurahisha hizo ni vitu ye hufanya 😊😊😊,['disgust'],['surprise'],['disgust'],['disgust']
swahili_text_819_emotion_1,Kolo toure ameweka mandefu anakaa wale chiefs wa nigeria,['surprise'],['surprise'],['surprise'],['surprise']
swahili_text_2333_emotion_1,Kesho pale Nairobi live on Snapchat tunataka warembo peke yake. Kama wewe unajua umechapa kaa kando,[],['joy'],['anger'],[]
swahili_text_3759_emotion_1,Atoke kwa ndoa ama apate Mombasa Raha kutoka kwa PESA JUU Alikuja kwa ndoa kwajili ya PES @BramJambo  @RadioJamboKenya,['disgust'],['sadness'],"['anger', 'disgust']",['disgust']
swahili_text_2438_emotion_1,"Apart from wacha mkono ikae hapo sitafanya kitu, ni uongo gani tena mwanaume anakuanga nayo wakati anataka kutoa kijuku??",[],['anger'],"['anger', 'disgust']",['anger']
swahili_text_1138_emotion_1,Wale mlikuwa mnatuma pesa kwa wrong number bado wapo kweli maan ni siku mingi sijawasikia,['surprise'],['surprise'],['surprise'],['surprise']
swahili_text_3897_emotion_1,Enyewe kitengela ni mbali!!,['fear'],['surprise'],['surprise'],['surprise']
swahili_text_2925_emotion_1,"HAJUI WAZAZI WAKE,BABA,MAMA,MANDUGU OR EVEN RELATIVES #regepoison",['disgust'],['sadness'],['surprise'],[]
swahili_text_3546_emotion_1,Huku ocha kila mtu anaitwa doctor ni lazima awe anafanya kazi hospitali 😂😂😂,['disgust'],['surprise'],['surprise'],['surprise']
swahili_text_352_emotion_1,"Hawa kutambui hapo,  huyo anaongea nini","['anger', 'disgust']",['anger'],"['fear', 'sadness']",['anger']
swahili_text_2226_emotion_1,Hawa madem husema am not their type kwani mimi nilitengenezwa na kokoto,"['anger', 'disgust', 'sadness']","['anger', 'sadness']","['anger', 'surprise']","['anger', 'sadness']"
swahili_text_735_emotion_1,Mvua ilikam through jana usiku freeshiii!!!shida ni ati uyo nlikuwa nae pia alikuwa ananyesha 😭🤦🏾‍♂️,['disgust'],['sadness'],"['sadness', 'surprise']",['sadness']
swahili_text_3119_emotion_1,"Hiyo likoni road wangeiacha tu vile ilikuwa , wtf is that mess hapo 😩","['disgust', 'sadness']",['anger'],['sadness'],['sadness']
swahili_text_4209_emotion_1,@NYAANGAR @tallbertmaangi Bure sana,['sadness'],['anger'],['sadness'],['sadness']
swahili_text_140_emotion_1,"Kumekucha kulichele , kuanzia saa 12 ungana na kikosi cha #JamboKenya kwa habari na burudani @vincentateya @RadioCitizenFM @inspektamwala https://t.co/oWYWr4AWam",[],['joy'],[],[]
swahili_text_4218_emotion_1,The humiliation Kenyans have passed and no one has come up to speak because they fear them. We all die. Kwani mnataka heshima gani. Kama nikuwachagua tunawachagua sasa mkimea pembe!!!!,"['anger', 'sadness']",['anger'],['anger'],['anger']
swahili_text_247_emotion_1,"msidangangwe ati konshenz akikuja yuwa women hukuwa ratchets... kuna show alikuja apo kicc after victoria kimani kum fanyia  curtain raise, mans aliperform for 30 mins na akajitoa.. yuwa women hawakuduu any.",['disgust'],['surprise'],[],[]
swahili_text_3644_emotion_1,Watu hawajasoma sana ndio matajiri God is this a sign,['fear'],['surprise'],['fear'],['fear']
swahili_text_445_emotion_1,hehe watu wengine hapana tu kazi yao ni kupeana comebacks moto moto kuumiza.,['joy'],['surprise'],['joy'],['joy']
swahili_text_1707_emotion_1,But haujui curve kama haujawai ona fine yengs akipewa email ya kuapply job na wewe ukiitisha unaambiwa ni kama position imekuwa filled.,['sadness'],[],"['anger', 'disgust']",[]
swahili_text_169_emotion_1,Should have been the days before Covid when we would be out till late nikamumunye jegi mbili za dark ndio nirudi nikiwa sijijui sijielewi.,['anger'],['joy'],[],[]
swahili_text_5490_emotion_1,Mimi nachemsha maji mwoto nimwagilie mattress nilale na joto😊😊 https://t.co/tB9NtjU2qJ,[],['joy'],[],[]
swahili_text_4380_emotion_1,Ama utapata ni the alcohol based sanitizer ilimlewesha...,['surprise'],['surprise'],[],['surprise']
swahili_text_745_emotion_1,@Carytosh nikaa ni wewe niliona tao jana just confirmation nini nini hehe,['disgust'],['joy'],['surprise'],[]
swahili_text_4994_emotion_1,"@shobanes Kama hakuna proven evidence mtu alipata heart attack after kupanda nganya,kaende kaende",[],[],['joy'],[]
swahili_text_1436_emotion_1,Tanzanians ni kama waliambiwa wasivae masks,['surprise'],[],[],[]
swahili_text_1432_emotion_1,@Osama_otero Haha yangu niliuliza bei ya screen nikasema heri ninunue ingine,"['joy', 'surprise']",['surprise'],['anger'],['surprise']
swahili_text_1713_emotion_1,Naona mafans wa Arsenal hapa wameshaaccept fate yao,"['joy', 'sadness']",['joy'],['sadness'],"['joy', 'sadness']"
swahili_text_3290_emotion_1,@Mutuabrian_M Safari Sasa,[],[],[],[]
swahili_text_5319_emotion_1,@DGachien @ItsBravin Meza mmoja😂😂😂,[],[],[],[]
swahili_text_766_emotion_1,@FarryAbdi001 Msee wake anatukulia dooh yetu na mkid wake anakuliwa hagaa,['disgust'],['surprise'],"['disgust', 'sadness']",['disgust']
swahili_text_1478_emotion_1,Mmeru ni mmeru tu haha,"['disgust', 'sadness']",['joy'],['joy'],['joy']
swahili_text_3144_emotion_1,@WangechiMiss Haha yeaah actually ziko tu sawa wacha niende phototoshoot kesho utacheki ni uzito,['anger'],['surprise'],['joy'],[]
swahili_text_2027_emotion_1,Hao Twitter Z huwa ni kina nani ?,['surprise'],"['joy', 'surprise']",['surprise'],['surprise']
swahili_text_3138_emotion_1,"Hayibo! Mtu anaachwa alafu the first text ananitumia after a long time of no communication ni ""nakuja Kentwood unitafutie mubaba"" ....nie ma🤦🏿‍♀️🤦🏿‍♀️",['surprise'],['surprise'],"['disgust', 'surprise']",['surprise']
swahili_text_5279_emotion_1,Sijui mbona nakuanga on low moods kila krisi  Mfuko huwa hali mbaya,['sadness'],['surprise'],['sadness'],['sadness']
swahili_text_2259_emotion_1,Ukiona mwanaume akona kucha kubwa jua ni kama hajamangana off late,[],['disgust'],['sadness'],[]
swahili_text_1128_emotion_1,Mpambe ame cheza kama yeye,[],['surprise'],[],[]
swahili_text_5162_emotion_1,Unaezashtukia ii ni kifunga macho vaccine za covid zihepeshwe. Kenya huwezikuwa sure. https://t.co/I0f3gG660b,"['sadness', 'surprise']",['fear'],['disgust'],[]
swahili_text_3005_emotion_1,ni kama oomf anapigwa na bibi hahaha,['joy'],['surprise'],"['anger', 'disgust', 'fear']",[]
swahili_text_5351_emotion_1,those complaining to have been blocked by Brenda Wambui kwani ni ye alifungua twitter accounts zenu ile akiwa block zinafungwa?,"['anger', 'disgust']",['surprise'],['surprise'],['surprise']
swahili_text_2790_emotion_1,Hizi mosquitoes huku ni kama zimezoea repellent juu bado zinauma ata nikijipaka. Smh,['sadness'],['sadness'],['anger'],['sadness']
swahili_text_1855_emotion_1,Izi mraiya hazinanga jobo kwenda kukula teargas tu,"['anger', 'disgust']",[],['surprise'],[]
swahili_text_4053_emotion_1,@Earl_S3 Haha unasaka msupa wewe? Hujui story za madem wasupa ni psychos,"['fear', 'surprise']",['surprise'],['fear'],"['fear', 'surprise']"
swahili_text_2655_emotion_1,KARIBU #HotDrive 👊🏾👊🏾👊🏾 @Hot_96Kenya,[],[],['joy'],[]
swahili_text_3372_emotion_1,@ItsChanzu Muhimu sana alete hio Form kwa ligi,[],['joy'],['joy'],['joy']
swahili_text_2539_emotion_1,Mimi nayo siwezii fungiwa room nilale injee,[],['joy'],[],[]
swahili_text_3672_emotion_1,"This would have been a dope time for my wedding so that I tell people, si unajua ni hii covid",['disgust'],['surprise'],['joy'],[]
swahili_text_941_emotion_1,Ati madem hawaezi kula cabbage juu watakua na maji mingi🤣🤣🤣🤣,['disgust'],"['disgust', 'surprise']",['disgust'],['disgust']
swahili_text_3432_emotion_1,Maybe hao kidnappers walikua wanadai curfew itolewe kama ransom,['disgust'],['sadness'],['surprise'],[]
swahili_text_3063_emotion_1,"Leo ni Sato, alafu kesho ni Sunday then Monday ni holiday eeh mniite tu viongozi  nitakuja na akili na charger 😂😂😂😂😂😂",['joy'],['joy'],['joy'],['joy']
swahili_text_1982_emotion_1,These light skins thou kuchat..kidogo kidogo wanadai utume ya rent,"['disgust', 'surprise']",[],['disgust'],['disgust']
swahili_text_4158_emotion_1,KAULI YA SIKU IMEKUA NZITO NA NMEIKUBALI #AlexNaTrickyMilele  @McaTricky  @Alex_Mwakideu  @Milele_FM  @bigsam_kenya  @DicksonMpapale,['sadness'],[],[],[]
swahili_text_401_emotion_1,@ItsMainaKageni #MainaAndKingangi Maina maybe hata hao wanaume wanapayuka hapa were brought up by men who were not their biological fathers,['disgust'],['anger'],['surprise'],[]
swahili_text_414_emotion_1,"Sasa surely kabla nizaliwe nijipikie, nani Sasa alikuwa ananipikia akiii🤣🤣🤣",['anger'],['surprise'],['sadness'],[]
swahili_text_4870_emotion_1,"Hii baridi mmeshinda mkiongelelea inafanya nishuku ka Niko Kenya ,  ju huku jua ni Kali design ingine noma",['surprise'],['joy'],['surprise'],['surprise']
swahili_text_3294_emotion_1,Smh leo hata skua najua ni tue btw,['disgust'],['surprise'],['surprise'],['surprise']
swahili_text_2168_emotion_1,Tukipigana na ww on Public nione unanishida nitarudi nyuma kiasi nikuwahi mawe kisha nipotee 💀😏👀😂,"['anger', 'disgust', 'fear']",['joy'],[],[]
swahili_text_3362_emotion_1,Hehehe sioni shida na hao Chinese kufungia wasee after 5pm..muende mkule kwenu.. Ata clubs huwa na limits hehehe,['joy'],['sadness'],['anger'],[]
swahili_text_5087_emotion_1,Masten Wanjala amepatikana na watu hawajui due process ni nini? Why does it take so long for the law to take its course even after the serial killer admitted to have killed all the 13 children?,"['anger', 'surprise']",[],"['anger', 'disgust']",['anger']
swahili_text_4579_emotion_1,NADAI IYO TISHO YA RESIST SANA NITAPATA WAPI,[],['joy'],[],[]
swahili_text_1331_emotion_1,Hii sinia hunikalia ni. Kama niko jela ata mimi hahaha,"['sadness', 'surprise']",['joy'],['joy'],['joy']
swahili_text_2212_emotion_1,85% of the pastors wamevaa ngozi za kondoo ila nimafisi wanaletewa pesa makanisani na wana siasa wanahadaa waumini,"['anger', 'sadness']",['anger'],"['anger', 'disgust']",['anger']
swahili_text_2725_emotion_1,@tima16339118 Lakini babako akiuza hiyo shamba yenu anipeleke zanzibar aitakuwa mbaya,[],[],[],[]
swahili_text_2420_emotion_1,Kuna mechi naona iko warm up,['joy'],[],[],[]
swahili_text_2730_emotion_1,Madem wa nyeri hukula nn lakini??,['surprise'],['surprise'],['surprise'],['surprise']
swahili_text_3996_emotion_1,Kila mtu aendeshe yake huko angani itakuwaje?,['surprise'],[],[],[]
swahili_text_1490_emotion_1,Mbona wabukusu wakisoma wanaonanga tu waoe mzungu?,['surprise'],['surprise'],['surprise'],['surprise']
swahili_text_1926_emotion_1,Hello @itelMobileKenya  Habari za leo,[],[],[],[]
swahili_text_5021_emotion_1,Hii baridi iko strike nini?,"['anger', 'sadness']","['anger', 'surprise']",['sadness'],"['anger', 'sadness']"
swahili_text_1946_emotion_1,@ms_mabila Asante sana jaber,['joy'],[],['joy'],['joy']
swahili_text_3845_emotion_1,@EricoDrogba 🤣🤣 ukisoma io story yao hawa wasee ni ka walikiwa wnaa roll na polisi hawakuwa idhaa yao saaana,['fear'],['surprise'],['surprise'],['surprise']
swahili_text_3159_emotion_1,@KenyaPower_Care  Tumelala na kuamka kwa giza huku Tuala,['anger'],['anger'],['sadness'],['anger']
swahili_text_3630_emotion_1,Unapea mtu roho kumbe ni mwili anataka.,['anger'],['surprise'],['sadness'],[]
swahili_text_2300_emotion_1,Kama hawa 47 senators wametulemea sasa hao 94 tutapelekana wapi,"['anger', 'surprise']",[],['surprise'],['surprise']
swahili_text_2479_emotion_1,Waislamu nawao ni wachoyo mchele sufuria nusu tulibakisha mchana saa hii wanasema imeisha😒😂,"['sadness', 'surprise']",['surprise'],"['anger', 'sadness']","['sadness', 'surprise']"
swahili_text_1165_emotion_1,Dynasty wameogopa wanjigi wakaenda ku sema kwa mum saa hii wana push tag ya uongo tl,"['disgust', 'fear', 'sadness']",[],['anger'],[]
swahili_text_2630_emotion_1,"Acha ni prepare mtb nitafute trails jioni, leo imekuwa tu siku mbaya",[],['sadness'],['sadness'],['sadness']
swahili_text_4140_emotion_1,Mitumba you all need to shut up ni watu wangapi hapa hawajawai patana yano at any point na akavaaa ama kutumia ?,['anger'],['surprise'],['surprise'],['surprise']
swahili_text_2834_emotion_1,Sasa barabara imefungwa mbona tsk,['fear'],['anger'],['anger'],['anger']
swahili_text_4156_emotion_1,Tuko nyumbani na haturingi kwa Habari tendeti @QwetuRadio @vincentateya @mastermogaka #QwetuAsubuhi #QwetuAsubuhi #QwetuAsubuhi #QwetuAsubUh,['joy'],['joy'],['joy'],['joy']
swahili_text_1658_emotion_1,Man Utd funs ground ni yenu sasa maumbwa tumepigwa vile mlikua mnataka 😖😖🤣🤣,"['anger', 'disgust']",['sadness'],['sadness'],['sadness']
swahili_text_3404_emotion_1,@ItsMutai @JBoinnet @NPSOfficial_KE Wrong side pap 👮‍♀️ ni kikuyu mwenzako kweli,['fear'],['anger'],['surprise'],[]
swahili_text_4727_emotion_1,Nakuta Nimesota kwa meza tu nimablue,['sadness'],[],['sadness'],['sadness']
swahili_text_3077_emotion_1,@Milele_FM Pamoja #AlexNaWilbtodaMilele,[],[],[],[]
swahili_text_1109_emotion_1,@nkobur @am_alphas @amugira Watubwengine ni kichwa ngumu hawataelewa hii,"['sadness', 'surprise']",['anger'],['disgust'],[]
swahili_text_4525_emotion_1,ni kama hamjui allegations bila evidence ni useless,['anger'],['joy'],['anger'],['anger']
swahili_text_2773_emotion_1,Uongo ukikaribia ukweli utakua bado ni uongo..Jee ukweli ukikaribia uongo utakua ni ukweli bado?,['disgust'],['surprise'],[],[]
swahili_text_1408_emotion_1,Kipchoge ame pewa ile kofia mbaya ya Ruto aka itoa in less than 0.0000159 seconds. 😂😂😂 did y’all see that shit he was like fuck this corruption shit on my head 🤛🏾🤛🏾 legendary man right there 🔥🔥,['disgust'],['joy'],['joy'],['joy']
swahili_text_2910_emotion_1,Asante Frederick kwa kucheza kiburi ya kaberere @FredMuitiriri @faithmwende20 @EdwinOkwara @Mosseh4 @BabuTimnah #Safari,['joy'],['joy'],['joy'],['joy']
swahili_text_71_emotion_1,@_misplacedhuman Mimi nilishikwa mara nne ivi ata walisare wakaniacha hakuna mtu alikua anagusa CD zangu,['disgust'],['sadness'],"['disgust', 'sadness', 'surprise']","['disgust', 'sadness']"
swahili_text_4767_emotion_1,Sasa ukinipea like noma ni gani,[],[],['surprise'],[]
swahili_text_3021_emotion_1,Nimeona mats zimerudi highway nikakuwa service lane ni vituko https://t.co/6NxoVS1mmr,['fear'],['disgust'],[],[]
swahili_text_172_emotion_1,"Wasichana ya pesa hawanitaki,hawa wenye hawana pesa pia hawanitaki","['sadness', 'surprise']",['surprise'],['sadness'],"['sadness', 'surprise']"
swahili_text_991_emotion_1,Woi a few phases later kidogo wasee wa green wang'oe huyo muhindi chwakis aki...hapo nayo imebidi pena. Na jamaa wa green amekula yellow.,['disgust'],['sadness'],['sadness'],['sadness']
swahili_text_4594_emotion_1,@SpeakerJBMuturi Sasa wewe si uende kwa Ruto mudanganye watu,['anger'],[],['disgust'],[]
swahili_text_1250_emotion_1,"@NjorogeHsc Uko na mdudu kwa akili,","['anger', 'disgust']",['anger'],['disgust'],"['anger', 'disgust']"
swahili_text_5071_emotion_1,@RonneyNdanyi haha please najua wewe ndiyo unaweza pull stunt kama hiyo juu una makwekwe tiambo mimi nilikam kuliatu afula opportunity came!,[],['surprise'],['joy'],[]
swahili_text_743_emotion_1,@iamjuddah @privatefigure_ saa nne kuna watu wanakula pilau wanadhani ni jioni juu hawajatoka nje,['disgust'],['surprise'],[],[]
swahili_text_295_emotion_1,@PLesaina Mtalia sana,['sadness'],['sadness'],[],['sadness']
swahili_text_2780_emotion_1,Huyu anishow nimtrust nikamuuliza kaa yeye ni Fabrizio,['anger'],['sadness'],['fear'],[]
swahili_text_3148_emotion_1,Watu ni funny huwa wanakutusi alafu wanatuma group,"['anger', 'disgust']",['sadness'],['sadness'],['sadness']
swahili_text_4361_emotion_1,Nyi watu huenda butchery and insist on nyama haina mfupa. Kwani ni earthworm ilikuwa imechinjwa?,['disgust'],['surprise'],['surprise'],['surprise']
swahili_text_4611_emotion_1,@ochiengR1 @johnnjenga Reasoning ya Jaluo,[],[],[],[]
swahili_text_4211_emotion_1,Sasa hawa watu bado tutawalipa loan after watuletee virusi na hakuna mtu anatumia train yao sahii?,['sadness'],['sadness'],['anger'],['sadness']
swahili_text_4747_emotion_1,@lutilogregory @VinceChepkwony 😂😂😂😂 Hii supplies yangu nadhani kumbe ninge I-practice ningekua nishafungwa. Ama kizimbani now na over 1 billion imepotea Wacha tu nikae mjengo,['fear'],['joy'],"['disgust', 'joy']",['joy']
swahili_text_3760_emotion_1,"@kelvinricch82 @bigotten_son @AfricaFactsZone Unaongea vibaya kuhusu Kiswahili vile tu wewe ni malenge, sivyo?",['anger'],['surprise'],['anger'],['anger']
swahili_text_214_emotion_1,@DeKelvoh kuku hii ni wewe ulikuwa inanilipa? Si ungenilipa atleast nikunywe juo hehe,['anger'],['joy'],[],[]
swahili_text_3768_emotion_1,@MigunaMiguna @RailaOdinga Utangoja sana  Baba na mama mpaka kwa debe,['anger'],[],['anger'],['anger']
swahili_text_5049_emotion_1,@Sop_hie10 Huyo ni wanaume wenye huwa wamekudinya huwa wanapiga kelele🤣🤣wengine huwa tumenyamaza😎,['disgust'],['joy'],"['disgust', 'joy']","['disgust', 'joy']"
swahili_text_4575_emotion_1,USILETE COMPE KWANZA KWA DAME WANGU MANZE AISEE   USINILETEE HIYO NI MALI YANGU MANZE EHHH https://t.co/Sc52bQ135O,['anger'],[],['joy'],[]
swahili_text_1653_emotion_1,Wanaume wawili watu wazima mnashikana vipi kiuno comfortably hivo aki??,"['disgust', 'surprise']",['disgust'],['disgust'],['disgust']
swahili_text_1748_emotion_1,"Mbona nilipe 3k nikaone fireboy,si ninunue tu system niskizange nyimbo zake kwangu","['disgust', 'surprise']",['joy'],['surprise'],['surprise']
swahili_text_3707_emotion_1,🙆🙆🙆🙆🙆 mteja wa hiyo namba hapatikani,"['anger', 'surprise']",['sadness'],[],[]
swahili_text_4445_emotion_1,Nimeona kule kwa edgar that ule madam wa freebies anaji compare ba intl artists na photoshoots zao. Ama ni mimi sijaelewa?,['surprise'],[],['surprise'],['surprise']
swahili_text_995_emotion_1,Pls why is the other party behaving like this .tell. them to save dep govoner na wajue leo ni yeye na kesho ni hao pls.,['anger'],['anger'],['sadness'],['anger']
swahili_text_2229_emotion_1,Lakini sasa mtu anaoga na ndoo mchanga ikisplash?,[],['surprise'],['sadness'],[]
swahili_text_4265_emotion_1,@evetet hahhahaa why???by holding so tight ama??ama ni zire ziko na shuma hapo chini,['joy'],['surprise'],"['disgust', 'surprise']",['surprise']
swahili_text_1145_emotion_1,Hehe nimsupa hadi nimeshinda nta mwambia nini,"['fear', 'surprise']",['joy'],['joy'],['joy']
swahili_text_1885_emotion_1,may be ni mimi but wasee wamenionyesha dust af,"['fear', 'sadness']",['joy'],['anger'],[]
swahili_text_3234_emotion_1,@sam_dollarsign Labda amechapa ndio wanamuheba sasa,['fear'],['sadness'],['sadness'],['sadness']
swahili_text_2956_emotion_1,@ictraimy we douche bado haijafika but raundi hii dhafu ni plus log. sin n tan,['disgust'],['surprise'],[],[]
swahili_text_3937_emotion_1,@pronounced_roy I’m just wondering now will the kid stay home juu wamekataa alipiwe fée,"['sadness', 'surprise']",['surprise'],['surprise'],['surprise']
swahili_text_4252_emotion_1,EBU RUDIA UMESEMA NINI 😂 😂  SIJASIKIA   #ReggaeVibesKbc @StanoDj  @RadioTaifaFM,['joy'],['joy'],[],['joy']
swahili_text_2755_emotion_1,@inooroke Ruai pamoja,[],[],['joy'],[]
swahili_text_199_emotion_1,@JacqueKanana Bwana ni mvua itanipiga ama ni wewe utanivamia,['surprise'],['fear'],"['fear', 'sadness']",['fear']
swahili_text_4526_emotion_1,@Farhiyaa4 some are simply colonized in the mind why hate your own? so what if someone is light? Nikitaka mweupe nitaoa mzungu tena basi au?,"['sadness', 'surprise']",[],"['anger', 'disgust']",[]
swahili_text_3564_emotion_1,@RobertAlai Mudavadi alisema huyo mtu ni mzito kubeba wengi tukamcheka,['anger'],['surprise'],['joy'],[]
swahili_text_2049_emotion_1,WE WERE RIGHT! MUNGU WETU MUNGU WA NABII JEHOVAH AMEINUA KIWETE! NA SASA KIWETE ANATEMBEA!  HEEEHEE HEEEEHEE A CRIPPLE HAS WALKED! A CRIPPLE HAS WALKED! A CRIPPLE HAS WALKED! A CRIPPLE HAS WALKED!  JAEL CHEMTAI FROM MT ELGON IS WALKING!  #ACrippleHasWalked https://t.co/8LL8ht1wtS,['joy'],[],['joy'],['joy']
swahili_text_1952_emotion_1,Blizzie ndo alipiga sister wa DJ Creme kofi ama ni yeye alipigwa? hahaha,['surprise'],['joy'],['surprise'],['surprise']
swahili_text_658_emotion_1,@NdindiNyoro Poleni sana kwa msiba huo,['sadness'],['sadness'],['sadness'],['sadness']
swahili_text_3612_emotion_1,"@Milele_FM @mosesbabu @EvahMwalili Mama taifa Nashukuru Mungu kwa baraka zake za milele, #Barakazamilele nikiwa Mukuru Kwa Reuben!",['joy'],['joy'],['joy'],['joy']
swahili_text_1046_emotion_1,@fatma_amaar hawa ndio baadae wanaibia watu manyumbani wache wafanywe what they deserve and even more,['disgust'],['fear'],"['sadness', 'surprise']",[]
swahili_text_322_emotion_1,Unaenda kuona pastor then kitu funny receptionist anakushow kuona pastor ni 5k aki hii injili,['disgust'],['sadness'],"['sadness', 'surprise']",['sadness']
swahili_text_1092_emotion_1,@MarigaThoithi Serikali ya vitisho,['fear'],['anger'],['sadness'],[]
swahili_text_4916_emotion_1,"Lakini kuna outfit nilipata 💥💥Nangojea tu kuambiwa ""toka twende""",['joy'],['joy'],['joy'],['joy']
swahili_text_1611_emotion_1,Tuende sana,[],[],[],[]
swahili_text_1919_emotion_1,"@WestFmKenya @MishiZiro #katajasho , na jamaa na marafiki wa butali, na pole zangu kwa familia ya Shiro kule Timbito kwa kifo cha Liambila",['sadness'],[],['sadness'],['sadness']
swahili_text_1006_emotion_1,"Giroud out Gignac in, wanatoa mwiba watia sindano sasa",['fear'],['surprise'],['surprise'],['surprise']
swahili_text_465_emotion_1,@Halztopia Umejua sasa🙌,[],['surprise'],[],[]
swahili_text_5011_emotion_1,"Maze napiga hesabu ya free money huenda betting sites watu wakibet jackpot regularly na hawakuli bado, mnasema mumesota si mfungue bank account moja ya wakenya wote wakue wakidrop lose cash uko zitusaidie sisi wanyonge",['sadness'],[],['sadness'],['sadness']
swahili_text_2230_emotion_1,Leo Daktari aliniambia niwache pombe nikamshow ntarudi after two months we have that convo....,[],['surprise'],['anger'],[]
swahili_text_638_emotion_1,but hawa watu wako na premature baldness ndio wana hate on dreadlocks.,['anger'],['surprise'],['anger'],['anger']
swahili_text_3313_emotion_1,@afro_whisky Hapo wacha ni cheze mbali since sijui anything,['anger'],['surprise'],[],[]
swahili_text_5352_emotion_1,"The last time nilikunywa pombe was back in early January, so January majority sikulewa, February march pia but reason for this ni msoto",[],['sadness'],[],[]
swahili_text_1910_emotion_1,Ushai shuka matt ju haingii watu alafu kidogo kodogo wamama wa chama wanakuja wanaijaza inaenda😂😂😂💔,['surprise'],['joy'],['joy'],['joy']
swahili_text_822_emotion_1,Watu wengine hapa hukaa ni kama hawajawai ona shida ata siku moja maishani mwao..,['surprise'],['sadness'],[],[]
swahili_text_2578_emotion_1,"Morara amesaliti huyo dem ,ni kama huyo ndio alimwitia waiter 🤣",[],['sadness'],['joy'],[]
swahili_text_5072_emotion_1,Dem mwengine nilikua nakaa nae Athi River sa zingine nakam Kama nimelewa chakari annachukua kijiko ananipea food kama mtoto 😂😂😂maarif wakija kunitafuta anawashoo nimelewa sana siezi tembea. Naona nilirudi huko nilipendwa sana !,['sadness'],['joy'],['joy'],['joy']
swahili_text_5117_emotion_1,Ata ukikula manzi yangu atarudi kwangu,[],['disgust'],['disgust'],['disgust']
swahili_text_3403_emotion_1,@EvahMwalili @Milele_FM #barakazamilele Mama Taifa tumepokea neno mie na mke wangu Patience Wakio Kimbwereza hapa Magongo Mombasani Tumeachana na Lutu wa mahangaiko ya dunia maana Mungu wetu ni mwaminifu haiezi kutuacha wala kutupungukia,[],['joy'],['joy'],['joy']
swahili_text_3551_emotion_1,Watu KPLC wakikata stima alafu wabebe cut out huipeleka wapi ?,['disgust'],['sadness'],['anger'],[]
swahili_text_2277_emotion_1,Enyewe hiyo nude mtu anaitisha pia kichwa yake si poa 😂😂😂😂,"['disgust', 'surprise']",['joy'],['joy'],['joy']
swahili_text_4872_emotion_1,"Lmao, hawa wanachase clout kama primary school kids. https://t.co/4GgDNZZL4N","['anger', 'surprise']",[],['disgust'],[]
swahili_text_1704_emotion_1,Me nae heri nijiongeleshe huku but siezi pea hawa mafrauds pesa ati ndio nipewe shout out na engagement kwa tweet zangu🙄,['disgust'],['surprise'],['disgust'],['disgust']
swahili_text_2378_emotion_1,Kama siecs ni tamu mbon mtu unachoka?,['surprise'],['joy'],['surprise'],['surprise']
swahili_text_3949_emotion_1,Kuna a twitter parent amenilipa good money nikaweke mtoi wake dreadii leo huko ubabini 🥺🥺🥺🥺,['joy'],['surprise'],['joy'],['joy']
swahili_text_30_emotion_1,"@SannieSanford he he..anyway jokes aside, hebu ni whatsapp ASAP..kuna mazuri mahali",['joy'],['joy'],['joy'],['joy']
swahili_text_759_emotion_1,@B3laze @Master_Cheezy Mimi kuna mwenye aliniacha hivo she ended up a single mom,['sadness'],['disgust'],[],[]
swahili_text_1081_emotion_1,Kule Instagram kuna maneno  Kuna slay queen anaringa ati amefanywa nails za 10k nimeacha akiambiwa ati ata Carpenter hununua nails za 10k na hawatusumbui 😂😆,['disgust'],['surprise'],[],[]
swahili_text_351_emotion_1,I wonder ile keg ya 30 Bob nilikunywa jana ni worth ngapi sahi,['disgust'],['sadness'],['surprise'],[]
swahili_text_1488_emotion_1,Kukua mkisii ni kama kua Maiti kwa jeneza https://t.co/ylqAMSkdcP,"['anger', 'disgust']",['surprise'],['disgust'],['disgust']
swahili_text_2986_emotion_1,Nakuwanga nimemap barabara most lakini za kurudi tao from inda zi hunichanganya ajab,['disgust'],['surprise'],['fear'],[]
swahili_text_2999_emotion_1,YAA ALLAH! YA ALLAH! YA ALLAH!,['joy'],['surprise'],[],[]
swahili_text_3223_emotion_1,Poverty ni shameful.. Inaingia place.. Inajipata hufiki bei unajifanya kuna kitu umesahau,['sadness'],['sadness'],"['anger', 'sadness']",['sadness']
swahili_text_2985_emotion_1,@inooroke #Kurikiria pamoja Sana,[],['surprise'],[],[]
swahili_text_1150_emotion_1,@IAMRAPCHA @shixkapienga @Hot_96Kenya @chepchumba13 @SuewaKuria @NjengaRacheal #DROPZONE GITHURAI 45 MWIHOKO NIKO DANE MIMI UIIIIIII,['joy'],['joy'],[],['joy']
swahili_text_4668_emotion_1,@amerix Daktari karibu Asyana Gardens,[],[],[],[]
swahili_text_373_emotion_1,Ugly women ufight on behalf of their pretty friend ...lmao hadi wanaeza fanya ukataliwe,['anger'],['sadness'],[],[]
swahili_text_562_emotion_1,Heri wewe unapatanga dem sisi wengine ni kunyonga monkey https://t.co/wkX8ZQxDyy,['disgust'],['disgust'],['surprise'],['disgust']
swahili_text_5374_emotion_1,Hyo documentary ya night runners ni upuuss tupu...hao wajaka wamejiangusha mbaaya 🤣🤣 heri aketch sasa,['anger'],['anger'],"['disgust', 'joy']",['anger']
swahili_text_903_emotion_1,"Wanaume ni kama hawapendi pussie,unaachia mtu aichunge anakwambia imepotea na amerelax tu badala akaitafute🤦",['disgust'],"['disgust', 'sadness']",['sadness'],"['disgust', 'sadness']"
swahili_text_2971_emotion_1,Kibandaski ukibakisha supu kwa sahani unanyimwa maji unaambiwa ukunywe hiyo supu ikona maji ndani 😊😊,['anger'],['joy'],['surprise'],[]
swahili_text_1175_emotion_1,Hii 1824 kumbe bado huwa tu sawa.,[],[],[],[]
swahili_text_3141_emotion_1,@MargaretGithig2 @KamleshKamau @kameme101 @leahwachira21 @nduta_gitau #Ririmbukaoverdrive Teresia Chini kwa chini,['joy'],['joy'],['joy'],['joy']
swahili_text_5435_emotion_1,Hawa watu walivotia uhuruto mara tatu hawafai kupatiwa chance wavote tena...eeeh! These people have dragged us in mad that we might never come out of it.,"['anger', 'sadness']",['surprise'],"['anger', 'disgust']",['anger']
swahili_text_2_emotion_1,"LMFAO sasa nikisema nimeacha pombe naambiwa ni cover ndio nipewe mizinga niwekange :""D",['surprise'],['sadness'],"['joy', 'surprise']",['surprise']
swahili_text_1375_emotion_1,"@droid254 Mimi ni mwingine alinizungusha and I was running late, eti “hiyo barabara iko na traffic sai acha tutumie hii”","['anger', 'surprise']",['surprise'],['anger'],"['anger', 'surprise']"
swahili_text_499_emotion_1,@NjeriWandia2 Pole sana Njeri,['sadness'],['sadness'],['sadness'],['sadness']
swahili_text_4293_emotion_1,sigara kubwa imenishii nikakumbuka tu vnye mlitoanisha teeth za ule dem lmao y'all wild asf,['disgust'],['sadness'],['fear'],[]
swahili_text_633_emotion_1,Sasa unacheka nini na uchumi ni mbaya,['sadness'],['sadness'],['sadness'],['sadness']
swahili_text_3214_emotion_1,@fidelmaithya @BrendaWairimu @Ephysaint @ShowmaxKenya @neilschell @ScollyC Bado tuko kwa Makenzie na Selina ako na ujinga,['disgust'],['disgust'],['disgust'],['disgust']
swahili_text_4383_emotion_1,Hawa wasee wa Kenya wako tu kwa media na wanasema mechi shamelessly maze nimeishq mzae ananiuliza rada.,"['anger', 'disgust']",['sadness'],['sadness'],['sadness']
swahili_text_4622_emotion_1,Ama tuambie kamwana Kenya ni mzinga maybe ataifungua 🤔,['sadness'],['surprise'],['disgust'],[]
swahili_text_4542_emotion_1,Lakini watu wengine inafaa tu wapigwe,"['anger', 'disgust']",['anger'],['disgust'],"['anger', 'disgust']"
swahili_text_1999_emotion_1,"Shida ya amapiano ni beats zote ni the same, nkt",['anger'],['joy'],"['anger', 'disgust']",['anger']
swahili_text_2859_emotion_1,Walai leo tukishindwa hawa watu wa man u hawatanyamaza hadi next year,['anger'],['surprise'],['fear'],[]
swahili_text_732_emotion_1,@FmCoro Nisaidiwe na watu wa Makomboki,[],[],[],[]
swahili_text_3973_emotion_1,By thaa Hio salad huwa mangapi... Huwa inaekwa chumbi?,['fear'],"['anger', 'surprise']",[],[]
swahili_text_2820_emotion_1,Its bad watu wengine wakikuzoea,['surprise'],"['anger', 'sadness']",['fear'],[]
swahili_text_1911_emotion_1,"Hako ka ugonjwa ni kama tume kaweza, wale wako infected naomba wapone faster na life iridi kama bafo",[],[],[],[]
swahili_text_5249_emotion_1,Kuna time karibu nitoboe pua nikakumbuka vita mthama ashawai nitwanga nikiwa youngin after anione na magnetic studs...alisemanga akiwa uhai kuna vitu hafai kuona tukifanya and we had to abide by that. I love that woman sana.,['fear'],['joy'],['joy'],['joy']
swahili_text_2961_emotion_1,"It’s like that deadline today will see dust 😰 mambo ni mengi, muda ndio mchache 😬",['fear'],['fear'],"['anger', 'fear']",['fear']
swahili_text_4460_emotion_1,@ConfusedFin Najua Leo,[],[],[],[]
swahili_text_1662_emotion_1,@PhannieAK Hapo kwa Ujaluo ndipo umeanika ujinga wako,"['anger', 'disgust']",[],['disgust'],['disgust']
swahili_text_2574_emotion_1,Nimeona msee akisema ati huwa anaingiza tarimbo haijaoshwa kwa ikus  Y'all are just weird,['surprise'],['disgust'],['disgust'],['disgust']
swahili_text_722_emotion_1,Wanafanya delay tactics lakini mzee alishabeba,['disgust'],['joy'],['sadness'],[]
swahili_text_3286_emotion_1,"Nikiwa mtoi mimi na sindano ilikuwa kama mafuta na maji bana, kuna siku pale gulshan penye bakarani ilikuwa waliona mambo😂Nilivuka barabara ni kama nilikuwa najua mpaka nurses wakanifuata nlibebwa kama gunia la mahindi 😂",['disgust'],['joy'],['fear'],[]
swahili_text_3134_emotion_1,@Ali_Manzu @KTNLeo Twasubiri kwa hamu na gamu.Asante.,['surprise'],['joy'],[],[]
swahili_text_1084_emotion_1,"Unaamka asubuhi kuhugg wife halafu kitu anfanya ni kukusukuma, utadoo?!",['surprise'],['disgust'],['sadness'],[]
swahili_text_4464_emotion_1,Hii baridi iko hii mtaa inataka mtu,['sadness'],[],[],[]
swahili_text_3947_emotion_1,That annoying moment umeshuka ndai apo valley road juu kuna jam afu ukifika tu ivi Kenyatta road J inafunguka dondaa anakucheka ndai ikipita,['anger'],['surprise'],['sadness'],[]
swahili_text_1114_emotion_1,Hata watu wa Ruiru wanasema hio factory ya guns walionea tu kwa news hawajui iko wapi 😂😂,"['joy', 'surprise']",['joy'],['joy'],['joy']
swahili_text_2862_emotion_1,Hawa watu nifanye nini 😂😂😂,"['anger', 'disgust']",['surprise'],"['joy', 'surprise']",['surprise']
swahili_text_1328_emotion_1,@Milele_FM Tiyari kwa Neno #barakazamilele,[],[],['joy'],[]
swahili_text_520_emotion_1,@Mbuucu Hadi wanabrag venye imekam mapema wale hawana connections wataipata kesho,['surprise'],['joy'],[],[]
swahili_text_5434_emotion_1,"KARIBU RHUMBA NIGHT YA MILELE FM NDANI YA BELASCO LOUNGE ELDORET,JUMAMOSI HII(JAMHURI DAY) KIINGILIO NI 300/= https://t.co/meEOZsLOM9",[],[],[],[]
swahili_text_4400_emotion_1,Kuna kanisa bana wamekazana kueka volume juu mapema asubuhi sijui walifanya makusudi ama nini because today it was extremely loud,['anger'],['anger'],['sadness'],['anger']
swahili_text_3062_emotion_1,Haha huyo akikam mbinde ata sio mimi namchapa anachapwa na ananyolewa hiyo manyoya mshenz,['surprise'],['anger'],['anger'],['anger']
swahili_text_2059_emotion_1,Baizeweii si ati ukinipigia lazma nishike simu yako ooe....simu ni yangu hautanipangia cha kufanya nayo 😅🤣,['anger'],['joy'],['joy'],['joy']
swahili_text_4942_emotion_1,Mko idle sana.. Acha niwabebe ufala kidogo,[],"['joy', 'surprise']",['joy'],['joy']
swahili_text_3398_emotion_1,Na hiyo doooh yote nigga inatry kucommit suicide,['disgust'],['anger'],['surprise'],[]
swahili_text_240_emotion_1,Leo ndio wanatoka vasha wakuje wa kunywe tap water a whole week,['disgust'],['disgust'],['sadness'],['disgust']
swahili_text_1037_emotion_1,@McTeargas Mwisho wa Mawazo,[],['sadness'],[],[]
swahili_text_4011_emotion_1,huyu willian ni generator anatumia au ni kifua kile,"['anger', 'disgust']",['surprise'],['surprise'],['surprise']
swahili_text_1733_emotion_1,@Gichy_ natumianga cricfree na hiyo shit huwa iko nyuma na 2 minutes bana sijui ni net yangu ama niaje,"['anger', 'sadness']",[],['sadness'],['sadness']
swahili_text_3617_emotion_1,Vile watu wanatafuta bwana hauwezi amini Kama wao ndiowalikuwa wanablue tick watu 5 years ago😥,['disgust'],['sadness'],['surprise'],[]
swahili_text_1983_emotion_1,PLAYING YOU THE VERY BEST OF THE KENYAN USIC KWENYE 1ST HOUR #CampusIconFriday @victormatara @amos_njeru @KU999FM,[],[],[],[]
swahili_text_1990_emotion_1,Nimeongeza Ruto kwa Bio,[],['joy'],[],[]
swahili_text_5146_emotion_1,"In Nairobi West, hizo laws za kukazia watu kuroria ni kama ziko suspended, hawatambui shit!!",[],['surprise'],['surprise'],['surprise']
swahili_text_3442_emotion_1,"Hahaha exams ni noma , mimi hadi January sasa hizo urogi sizioni",['fear'],['joy'],['joy'],['joy']
swahili_text_1550_emotion_1,"Hallo any update on mombasa rd heading airport pliz, am in community na ni noma",['sadness'],['fear'],[],[]
swahili_text_2377_emotion_1,Hakuna kitu huniudhi kama jamaa mzima anapata missed call na harudishi,"['anger', 'sadness']",['disgust'],['anger'],['anger']
swahili_text_607_emotion_1,Mbona uko defensive mtu akisema weed ni mbaya...? Meaning you got a problem,['anger'],['anger'],"['disgust', 'surprise']",['anger']
swahili_text_1182_emotion_1,@KenyaPower_Care hapo mnanienjoy.  almost a whole month after I gave the same documents.  sasa niko gizani sijui mnataka nini nyinyi,"['anger', 'disgust', 'surprise']",[],['anger'],['anger']
swahili_text_3877_emotion_1,"Watu mmefika ndani, mnafkuzwa mbona?","['anger', 'surprise']",['anger'],['surprise'],"['anger', 'surprise']"
swahili_text_1269_emotion_1,@shish_hope Any Matatu Watu hupandia kwa mlango,[],[],[],[]
swahili_text_337_emotion_1,"Vile bar soaps in public places huwa messy, mimi siwezi gusa hiyo shit in the name of hygiene.",['fear'],['disgust'],['surprise'],[]
swahili_text_3026_emotion_1,Should i use mu insurance on my knee rehabilitation yet naona ni vitu naweza jifanyia?,['disgust'],[],['surprise'],[]
swahili_text_575_emotion_1,Kwani ni Jambo lipi hilo yeye asilo liweza!,['surprise'],['joy'],['joy'],['joy']
swahili_text_4677_emotion_1,"Nikishaaapigia watu wote nilifaa kuwacall naskia soo free, phone cslss so difficult",[],[],[],[]
swahili_text_228_emotion_1,"Women are very pretenders,hawa watu wanaeza pretend hata time ya sex wanaskia utamu😊😊",['disgust'],['surprise'],['sadness'],[]
swahili_text_4919_emotion_1,Wacha nikule nilale juu hii baridi nayo apana wueh😭😭😭,"['sadness', 'surprise']",['sadness'],['sadness'],['sadness']
swahili_text_624_emotion_1,Mbona walevi wakinunua smirnoff wanapenda kuspank hiyo chupa kwanza?,['surprise'],['surprise'],"['sadness', 'surprise']",['surprise']
swahili_text_850_emotion_1,Hahaha muimbi atasummoniwa tena kutukanwa vile kunaenda😭😭😭😭,['surprise'],"['sadness', 'surprise']",['sadness'],"['surprise', 'sadness']"
swahili_text_1989_emotion_1,Kila mwanaume ako na sauti pesa ndio  volume .,[],['joy'],[],[]
swahili_text_1389_emotion_1,"Jukwaa lako: Je, unaamini Kenya itaafikia usawa wa kijinsia katika masuala ya uwakilishi na ugavi wa kazi za umma?  #K24Wikendi @ikituri",[],[],[],[]
swahili_text_3419_emotion_1,Ni wapi walikua wamesema women watapewa 50%?,['disgust'],['surprise'],['surprise'],['surprise']
swahili_text_4066_emotion_1,Kuna mtu anasema murkomen aki tengeneza airstrip in every county ita boost our economy..... Kama hio ndio akili yeye hutumia kuvuka barabara it's a miracle he is still alive,['anger'],['sadness'],['sadness'],['sadness']
swahili_text_3656_emotion_1,Niliambia msee anisaidie chupa akatoka teke. Kwani nini hiyo sijui mnichanue,['anger'],['surprise'],['surprise'],['surprise']
swahili_text_4281_emotion_1,Most of the celebs are frauds... Mmoja nmemtengenezea gari hadi leo hii hachukui simu...alinichocha atatuma following day sasa ni 2 months down the line,['anger'],['sadness'],['sadness'],['sadness']
swahili_text_3421_emotion_1,Wanawake si watu wazuri haha,"['disgust', 'fear']","['disgust', 'joy']",['fear'],"['disgust', 'fear']"
swahili_text_1275_emotion_1,Mnashangaa mbona naficha pic za ex wangu😂😂💔 current akijua n uyu anaweza pata cancer and 99 other disease https://t.co/bujiQVptkC,['surprise'],"['joy', 'sadness']","['joy', 'surprise']","['surprise', 'joy']"
swahili_text_1194_emotion_1,@TinahKorosso @zulekhaa89 @Kambua NP #Usiku na mchana.Tunampa sifa Mungu kwa yote ametutendea #Maishajioni,['joy'],[],['joy'],['joy']
swahili_text_2153_emotion_1,"Ask this how old are you? Not when were you born? Mwingine hapa tuko na yy klabu ni born 2000, mm akili inaniambia ni ""minor""",['surprise'],['joy'],['surprise'],['surprise']
swahili_text_5194_emotion_1,Naskia kesho ni holiday ni kweli?,[],[],['surprise'],[]
swahili_text_2521_emotion_1,Uyo Boko Haram wa TZ,['anger'],[],[],[]
swahili_text_3999_emotion_1,Haha mnadhani kuita msee bulky ama hulk ni matusi?,['surprise'],['surprise'],['surprise'],['surprise']
swahili_text_4344_emotion_1,Yaani tumekuwa pamoja na mtu like two hours ago na hivi sasa eti amepelekwa hospitalini amepata ajali 😖,['sadness'],['sadness'],"['fear', 'sadness']",['sadness']
swahili_text_3775_emotion_1,"Wau, si mnakuanga hypocrites na maroho chafu chafu tu 😤",['anger'],['sadness'],"['anger', 'sadness']","['anger', 'sadness']"
swahili_text_4199_emotion_1,@vincentvoiyoh @Milele_FM Pamoja #SokaSantimaa,[],[],[],[]
swahili_text_4995_emotion_1,Hii ndio huitwa uchawi,[],['surprise'],[],[]
swahili_text_3794_emotion_1,@lorkodi We should normalize appreciating women who make things happen for themselves sio wote ni wale wa nibuyie saa zote,['disgust'],['anger'],['anger'],['anger']
swahili_text_1561_emotion_1,@EvahMwalili @RevRuthWamuyu @Milele_FM @EvahMwalili  kwa hakika huyu Mungu ameinuliwa juu sana,[],['joy'],['joy'],['joy']
swahili_text_1657_emotion_1,Hii ni madharau,['anger'],['anger'],['anger'],['anger']
swahili_text_2530_emotion_1,Sa hizi urushe mawe randomly Kisii Town itagonga MCA aspirant  Kila mtu ni mheshimiwa,[],[],['joy'],[]
swahili_text_316_emotion_1,Asante Mwana wa Ali kwa brifs #Regepoison,['joy'],['joy'],[],['joy']
swahili_text_4563_emotion_1,@Its_Roddie @kafangi Siet nishaikapitia ...alafu that morning it rained mbaya sana 😂,"['anger', 'sadness']",['joy'],['disgust'],[]
swahili_text_2426_emotion_1,Ndume ziku hizi pia mnatumia filters pia? ...hio kitu bila wallet strong ni bure hahaha,['disgust'],[],"['joy', 'surprise']",[]
swahili_text_5151_emotion_1,@nyuma_ndogo Watu wengine huwa hawafikirii,"['anger', 'sadness']",['anger'],['disgust'],['anger']
swahili_text_4966_emotion_1,Kuna dem apa kazi mtaani anachimba mtaro ...alafu ex wake akapita akamuuliza mbona unachimbua mwenzako!😨😭😭,[],['sadness'],['sadness'],['sadness']
swahili_text_5289_emotion_1,Ati nyinyi mtu mnaeza follow ni Jesus christ 😂😂😂,[],['joy'],['joy'],['joy']
swahili_text_5457_emotion_1,@ThisIsJalas Pamoja,[],[],[],[]
swahili_text_4649_emotion_1,"Watu mnafollow huyo dem ama you know her in a way and you can help, si dm her bana",[],['joy'],['disgust'],[]
swahili_text_2791_emotion_1,Nikiwa mdogo nilikua nadhani head ni kichwa 🤦🏾‍♂️,['disgust'],['surprise'],['surprise'],['surprise']
swahili_text_453_emotion_1,@miss_worldlady Ukijaribu Kunyonga Monkey kwa bathroom na kumeteleza,['disgust'],['fear'],['fear'],['fear']
swahili_text_4432_emotion_1,Karibu UDA https://t.co/p3kkSaIqVL,[],[],[],[]
swahili_text_2822_emotion_1,My small sister anaekeanga watoi ile ngoma ya sisi ni walevi tunapenda kamnyweso,['disgust'],['surprise'],"['fear', 'sadness']",[]
swahili_text_523_emotion_1,Chelsea fans should be a sleep right now .... mnatuambia nini lakini ???,['anger'],['sadness'],['surprise'],[]
swahili_text_4032_emotion_1,@dexxe @Muchembi Wakuje tusaidiane kulipa rent bas sasa hii wizi in this economy hata wao wanaona ikiwa sawa kweli?,['sadness'],['anger'],"['sadness', 'surprise']",['sadness']
swahili_text_4273_emotion_1,My type ni wale madem huvaa neat clothes za job,['disgust'],['joy'],[],[]
swahili_text_513_emotion_1,Ma group leaders wote wanyanyuane sasa...,['surprise'],['surprise'],['disgust'],['surprise']
swahili_text_3634_emotion_1,"#PARTYTIMEEEE,.,.,WAZEE  WAMELALAAAAA ,.,SISI WENGINE PETE KWA MFUKO TUJIACHILIE NA KUTOA  STRESS.,..MBILU YA VAVA ITEMBEEEE..STANO KWA LEOO",['joy'],['joy'],['joy'],['joy']
swahili_text_631_emotion_1,Conférence sur la Population et développement: Uhuru Kenyatta donne le top départ des travaux https://t.co/rllt4hioRF,[],[],[],[]
swahili_text_1527_emotion_1,Nko na Doshi slender na baraka za wazazi,[],['joy'],[],[]
swahili_text_772_emotion_1,@Milele_FM #ShangweNaUtukufu matendo yetu yawe Nuru ya ulimwengu,['joy'],['joy'],['joy'],['joy']
swahili_text_195_emotion_1,"Kama uko depressed na unadai kuchangiwa 210k ndito u heal alafu uchangiwe 7k, alafu ukose kuji ua basi hukuwa depressed enough to start with.",['surprise'],['sadness'],[],[]
swahili_text_595_emotion_1,Watu wametoka hyo class bure lakini mm nmetoka hivi😂 tough times,['fear'],['joy'],['surprise'],[]
swahili_text_4285_emotion_1,Huyo naye agrow up anatweet porn kama kihii,['disgust'],['disgust'],['disgust'],['disgust']
swahili_text_4457_emotion_1,Lakini kama hali ni mbaya hapo nyumbani... si huyu blaza wetu anayekuwa nje ya nyumba kila mara si angepatikana na hayo mafua huko majuu?,[],[],['surprise'],[]
swahili_text_1721_emotion_1,"@thecccarolyne Iyo tweet sijaiona, but all the same, who would run to a dirty person.. 😂😂 mi mikukimbuka hadi nlikua napigiwa nikule matunda na nikunywe maji ndio nikae hydrated and healthy  hahahaha","['fear', 'sadness']",[],['joy'],[]
swahili_text_2065_emotion_1,mbona hamkuwai niambia juua ya twitter night mode?,"['sadness', 'surprise']","['joy', 'surprise']",['surprise'],['surprise']
swahili_text_1856_emotion_1,Utajifanya ati vile change of venue imeharibu kila kitu sasa hutaenda but deep down ni ticket huna😩😂😂,['sadness'],['joy'],"['joy', 'sadness']","['sadness', 'joy']"
swahili_text_800_emotion_1,@east_facts Kuku anayekula mchele mchana naye analiwa na wali jioni,['disgust'],['surprise'],[],[]
swahili_text_503_emotion_1,Menu hukuwa useless sana we nipee chapo beans,['disgust'],['anger'],['anger'],['anger']
swahili_text_2167_emotion_1,Kuna boyz nilimpata hapo Juja Square akiwa na boxer solo ni ka alishindwa kulipa bill akanyang'anywa nguo zote 😂,"['joy', 'surprise']",['joy'],['joy'],['joy']
swahili_text_3716_emotion_1,@_sir_brandon_ @Kalasinga_ Hio ni  stori ya jaba imfact  ukiangukia ya gava alafu ikuwe work ticket haijasigniwa unakuwa mafutani,['disgust'],['surprise'],['sadness'],[]
swahili_text_4890_emotion_1,Ile baridi iko huku nikama tu nitaenda tu nyumbani saa hii but first ebu nikunywe soup😍😍,['surprise'],['joy'],['joy'],['joy']
swahili_text_339_emotion_1,Kila mtu anashinda akisema yeye ni introvert na hamnyamazi. Anyway hata hatukuuliza,['disgust'],[],['sadness'],[]
swahili_text_1696_emotion_1,Mwanaume atalamba sahani after amemaliza kukula.....lakini umpee🍑 sijui nini ufanyika after ameikulala,['surprise'],[],['surprise'],['surprise']
swahili_text_1863_emotion_1,@Jooels: @J_preety18 ulightskin tu smh haha nilikukataza kuniambia hivyo wewe haha,['disgust'],[],['joy'],[]
swahili_text_2087_emotion_1,Kama we ni mwenyeji,[],[],[],[]
swahili_text_4105_emotion_1,Kuna jamaa ameuluza kama ni yeye ndo alikamuliwa 😂😂 https://t.co/poeTRdln9m,['disgust'],['surprise'],['joy'],[]
swahili_text_4935_emotion_1,Kila soko lina wandazimu wake!,[],['surprise'],[],[]
swahili_text_4763_emotion_1,@Magic4Girl @Nairobi_Gossips Uko sure ni wewe unaongea?,['surprise'],[],['surprise'],['surprise']
swahili_text_381_emotion_1,@EvahMwalili @Milele_FM #Barakazamilele Hakuna Mungu mwingine kama wewe,['fear'],['joy'],['joy'],['joy']
swahili_text_1369_emotion_1,@patric_githaiga Wacha nigoogl nikipata si zenyewe utanyongwa sana,['anger'],[],[],[]
swahili_text_2756_emotion_1,@bekimwamburi @RadioCitizenFM Tunabarikiwa Sana tunashukuru Mungu asente Kwa kazi nzuri,['joy'],[],['joy'],['joy']
swahili_text_3106_emotion_1,Hio sampuli ya retired hoes hanishtui ju hawa vijana huwa na surname ya wamama watawashughulikia,['fear'],['surprise'],['anger'],[]
swahili_text_1314_emotion_1,@Milele_FM @EvaMwalili #MileleGospelSunday Servicecheck naenda ZION P A G HAPA KAWANGWARE LEO NI ASSEMBLY CHINI YA PASTOR BETREACE LUKALO,[],[],[],[]
swahili_text_5503_emotion_1,@QoiRose Unapendeza sana,['joy'],['surprise'],['joy'],['joy']
swahili_text_3935_emotion_1,IG mayengs ni vacations tu na wanaume ni picha za pombe hahaha.,['joy'],['surprise'],['joy'],['joy']
swahili_text_1412_emotion_1,@Wambuijustina Niaje mtu wa Bangi 😂😂😂,"['disgust', 'joy']",['joy'],['joy'],['joy']
swahili_text_2806_emotion_1,@Gibore_Silas Huku ni Kenya power mazee Hawa watu hawafanyi poa,['fear'],['sadness'],"['anger', 'disgust']",[]
swahili_text_308_emotion_1,@JamesJumba Hii kenya yetu watu hurudishiwa kweli? Idk why huwa siwaamini saaana,['anger'],['fear'],"['joy', 'sadness']",[]
swahili_text_1920_emotion_1,madem warembo hawajipostingi lakini hawa wakisii wengine 😂😂,"['disgust', 'surprise']",['joy'],['joy'],['joy']
swahili_text_5509_emotion_1,Kama nmewai kukosea usiwahi nisamehe,['anger'],['anger'],[],['anger']
swahili_text_2488_emotion_1,Vile naharakisha ndio nipate katime kakukunywa wine before bedtime. Juu kesho kanitha!! Kaii,['sadness'],['joy'],[],[]
swahili_text_3674_emotion_1,"Tukutane kwa debe, iko nini! @TheODMparty @pakujah",['anger'],['surprise'],['anger'],['anger']
swahili_text_2209_emotion_1,"Madem wanapenda drugs ajab ,ni nini hii wanahepa ivo ?",['surprise'],['surprise'],['surprise'],['surprise']
swahili_text_1529_emotion_1,@realOsodo @KuisanMacharia @LarryMadowo bana huwu ni attention anatafuta tu tuna jua,"['anger', 'disgust']",[],[],[]
swahili_text_4568_emotion_1,What happened ndo that lady awe roughed up hivo mbaya mbaya...watu wa boda nikama nzige,"['disgust', 'fear']",['surprise'],"['anger', 'sadness']",[]
swahili_text_4806_emotion_1,Yenyewe hawa watu wa sportpesa ni relatives wa maplayers,[],[],['joy'],[]
swahili_text_1320_emotion_1,Watu wanapanda mbegu ni watu wamechoka kupanda ma bibi zako nini?,['surprise'],['anger'],['disgust'],[]
swahili_text_1850_emotion_1,"Nimebuy iphone ,pale kayole ebu mniangalilie hapo chini ni tweet for ?",[],[],['fear'],[]
swahili_text_2926_emotion_1,Chargers za madem wenu zitaharibika from leo ndio msiongee hadi Monday haha,['joy'],['surprise'],['sadness'],[]
swahili_text_3754_emotion_1,Nakumbuka nikiitisha overtime allowance naambiwa madam anadai hakuna kitu kama hio.,['disgust'],['surprise'],['surprise'],['surprise']
swahili_text_3515_emotion_1,Lakini ya louis ni guess work,['fear'],['surprise'],"['disgust', 'fear']",['fear']
swahili_text_5231_emotion_1,"Hii ni ya madem wali nilenga, nili panga bei 😂","['anger', 'sadness']",['surprise'],['joy'],[]
swahili_text_4698_emotion_1,Yaani ile mapenzi huyo jamaa uonyeshwa ni fake https://t.co/zJbYYRTb4s,['surprise'],['surprise'],['surprise'],['surprise']
swahili_text_2177_emotion_1,@OushDA hahaha ameitaja nikaona ni ka ni kitu poa,[],['joy'],['joy'],['joy']
swahili_text_1647_emotion_1,Izi streets mali safi anakufollow unaona nkama anakudai...kumbe khasia iko dunia yake 😢😢😂😂😂,"['disgust', 'surprise']",['joy'],['joy'],['joy']
swahili_text_4766_emotion_1,hawa maref wa epl ni maumbwa,['anger'],['anger'],"['anger', 'disgust']",['anger']
swahili_text_4087_emotion_1,"@Patel_inc vile hua mnashikisha wasee wengine maji, si mnunue mwavuli",['joy'],['surprise'],[],[]
swahili_text_1942_emotion_1,`ni mimi nimeitwa umbwa kweli?this early?smh,['surprise'],"['anger', 'disgust']","['anger', 'sadness']",['anger']
swahili_text_2852_emotion_1,How do y'all take food pics at a public places though? Mimi nikinawa mkono huwa sigusi simu tena bro hadi nidishi mwanzo,['disgust'],['surprise'],['disgust'],['disgust']
swahili_text_2464_emotion_1,Kuna vyenye mtoto anaeza kaa ama akiwe mjinga design sijawai ona hata mimi nifanye DNA test.,['fear'],['joy'],['surprise'],[]
swahili_text_2483_emotion_1,But some cultures 🚮 mimi mtoto wangu hawezi rusha rushwa hivyo,['disgust'],[],"['anger', 'disgust']",['disgust']
swahili_text_1503_emotion_1,RAILA ODINGA KUMPIGIA DEBE MOSES KAJWANG DEBE LICHA YA UPINZANI .,['surprise'],['joy'],[],[]
swahili_text_5004_emotion_1,2 chains hudanganya these niggas born in 2000s abt hoes  na yeye pale bibi ni proff 😂😂😂,"['anger', 'disgust', 'surprise']",['joy'],"['disgust', 'joy']","['disgust', 'joy']"
swahili_text_1473_emotion_1,ile siku nitabuy Gari nitaitoa mlango ndo nikiwa ndani nikiendesha mkuwe mnaniona!,"['anger', 'disgust']",['joy'],[],[]
swahili_text_2219_emotion_1,#MaishaConcertFriday the is just started mwenye anasema inaisha hiyo ni yakeeee,[],[],['joy'],[]
swahili_text_3649_emotion_1,Unashindwa mbona umepigwa na dryspell hivo kumbe n maombi ya mamako yu akuombea wasichana wasikukaribie,['surprise'],['surprise'],['surprise'],['surprise']
swahili_text_1494_emotion_1,Mimi nayo kuchat na dem ilinishinda kaabisa heri calls buh chatting naah,[],['fear'],[],[]
swahili_text_2329_emotion_1,"Kwa vichache ulivyotaka, ni vingi ulivyo acha",[],[],[],[]
swahili_text_3433_emotion_1,Btw na hakuna madem huwa wame sota kama hawa waki babie mates,['disgust'],['surprise'],[],[]
swahili_text_1330_emotion_1,Mimi niko single dating na player pia depends ni nani ananiaproach Soo mfuko muhimu,[],['joy'],[],[]
swahili_text_3568_emotion_1,@DorahManya pole kwa yote yaliyo kukumba na bado mungu alisimama na wewe #QwetuJumapili,['fear'],['sadness'],['sadness'],['sadness']
swahili_text_3394_emotion_1,@CheruiyotHon @susankihika Tuko Pamoja 💯%,[],['joy'],['joy'],['joy']
swahili_text_2651_emotion_1,@LevyMuloma Karibu,[],[],['joy'],[]
swahili_text_3795_emotion_1,@isizo1 najua @Kevin_teya ni fun bt hii cijui ametoka nayo wapi labda atuambie,['surprise'],['surprise'],['surprise'],['surprise']
swahili_text_1517_emotion_1,Hio ferry nayo pengine wanifungie na kamba hapo otherwise sipandi breh,['fear'],['joy'],['fear'],['fear']
swahili_text_944_emotion_1,@m3nteh Ahsante sana,['joy'],['joy'],['joy'],['joy']
swahili_text_4680_emotion_1,@robaa_K @kdfinfo akia mungu ni ukweli man there are people who are realy  suffering,[],[],['sadness'],[]
swahili_text_4799_emotion_1,huyo ali replace mama Jayden hamisi 1 aki dhani wanawake ni tofauti hahaha ??,['disgust'],['joy'],['surprise'],[]
swahili_text_2261_emotion_1,Umeamkaje? Ahsante kusikiliza #JamboKenya kwa nyimbo za baraka.,[],[],['joy'],[]
swahili_text_4307_emotion_1,hii homa nayo iwache ujinga,['disgust'],['anger'],"['anger', 'sadness']",['anger']
swahili_text_4703_emotion_1,Hawa walinipea gin hadi homa ikaisha,[],['joy'],['surprise'],[]
swahili_text_4687_emotion_1,@nduruupstairs Umeamua kuongeza takataka kwa nyama,"['disgust', 'sadness']",[],[],[]
swahili_text_3228_emotion_1,Saa hizi based on the current situation ni heri unyambe in public kuliko kukohoa bana 🌝  😂😂😂,['fear'],['disgust'],['disgust'],['disgust']
swahili_text_1552_emotion_1,Ile movie ya rihanna huitwa?,[],['surprise'],[],[]
swahili_text_5489_emotion_1,How many Luhya sub-tribes are there? It's like I learn of a new one each time I'm in the N. Rift Wa'khusa sasa ni wagani,['surprise'],[],['surprise'],['surprise']
swahili_text_3852_emotion_1,Umelala ama unajaribu kumpigia mara ya mwisho,"['disgust', 'surprise']",['surprise'],[],['surprise']
swahili_text_3619_emotion_1,Si mdinyane tu si kuleta sexual frustration hapa,['anger'],['sadness'],['anger'],['anger']
swahili_text_3572_emotion_1,leo nimekatazwa kusend parcel Uganda ati kuna noma juu ni fabric ?? wtf happened to East African community??,['disgust'],['anger'],['anger'],['anger']
swahili_text_2890_emotion_1,Tab walai leo ni tatu,['fear'],['fear'],['surprise'],['fear']
swahili_text_4476_emotion_1,Maina puuuuullllop puuuuullllop @ItsMainaKageni Nakula kwa macho,[],['joy'],['joy'],['joy']
swahili_text_2917_emotion_1,Hahaha wahenga hawakukosea vile walisema hasira kama mki see 😂😂😂,['surprise'],['joy'],[],[]
swahili_text_1045_emotion_1,@ANGIENDAR Asante kwa maoni yako ^Jamo,['joy'],['joy'],[],['joy']
swahili_text_3607_emotion_1,Nimekaa hivi nikakumbuka mi ni mtu amesoma parts of a grasshopper 😄 #KenyaKwisha,['disgust'],['surprise'],['surprise'],['surprise']
swahili_text_4221_emotion_1,"Kuna mumama nimetarget apa Twitter, siku atajipa walai ni yeye ataleta testimony",['anger'],['anger'],['disgust'],['anger']
swahili_text_5015_emotion_1,Hujambo mtoto wa watu @vincentvoiyoh @QwetuRadio #QwetuSebuleni,[],['joy'],['joy'],['joy']
swahili_text_3069_emotion_1,Na madame ni roho chafu walai....,['disgust'],['sadness'],['anger'],[]
swahili_text_1948_emotion_1,"@Its_Selianfr Na mimi si gym rat, nikakuwa naeza kupiga mbaya",['anger'],[],['anger'],['anger']
swahili_text_3437_emotion_1,Wewe ni ka macho ilikua imepotea.Utachukua aje mtu anakaa hivi shually? https://t.co/5WY7JTO4YA,['anger'],"['sadness', 'surprise']",['sadness'],['sadness']
swahili_text_3_emotion_1,Hiyo video ya transline iko wapi!,['anger'],['anger'],[],['anger']
swahili_text_3325_emotion_1,Pitieni pinned tweet wadau mimi ama nilie,"['disgust', 'sadness']",[],"['fear', 'sadness']",['sadness']
swahili_text_1703_emotion_1,#TopReply 🡅 7 points Women in male-dominated careers have it tougher. No wonder wengi ni makasiriko tupu,['anger'],['surprise'],[],[]
swahili_text_4061_emotion_1,"Skiza nikwambie, mama Dada kaka baba niwaimbie toka jadi mpaka Leo mi na flow vinoma..",['joy'],[],[],[]
swahili_text_4224_emotion_1,Its a whole week mnaniambia hivi bana mkijua hasara mumeni fanyia au mume wahi ni fanyia i need a timeline place ntangoja tena hadi yesu arudi ??? https://t.co/5cn04bS1Wc,['sadness'],['anger'],['anger'],['anger']
swahili_text_4305_emotion_1,harambee stars ni maumbwa hahaha,['anger'],['anger'],"['anger', 'sadness']",['anger']
swahili_text_1603_emotion_1,#NP #BoyzToMen @WaterRunsDry Burudani Tamu Ndani Ya #DriveOnReloaded @OgalTina Enjoy,['joy'],[],[],[]
swahili_text_4449_emotion_1,Huyu naye anashinda akiangalia what I'm typing tf!,['anger'],['anger'],['anger'],['anger']
swahili_text_778_emotion_1,Sisi ni wale lazima tupige our parents kuwakumbusha birthdays zetu zikishafika juu circumstances hazingeallow waifanye priority yao.,['fear'],"['disgust', 'surprise']",['sadness'],[]
swahili_text_5511_emotion_1,Sad that Matiba died akatuachaa kama bado hatujapata uhuru!!,['sadness'],['sadness'],['sadness'],['sadness']
swahili_text_5058_emotion_1,But hii mambo ya nywele kuturn brown as it grows ni deformity ama?,[],['surprise'],['surprise'],['surprise']
swahili_text_2585_emotion_1,Hawa tweeps hujiita netizens shida yao huwa ni gani 🤔,['anger'],['anger'],['anger'],['anger']
swahili_text_1149_emotion_1,Hakunanga kitu uchungu ka kuchezea draw alafu pale 90 the other team ishikwe na shaito iweke ndani,['sadness'],['sadness'],['anger'],['sadness']
swahili_text_3346_emotion_1,Jogoo road near stage market ni mdogo mdogo,[],['joy'],[],[]
swahili_text_4020_emotion_1,@NthenyaKiilu Ungebaki tu kwa maembe aki,['sadness'],['surprise'],['anger'],[]
swahili_text_3830_emotion_1,Sasa kuna mosquito breed mpya?,['fear'],['fear'],['surprise'],['fear']
swahili_text_1053_emotion_1,@_kylaxx Lakini mlifanya vibaya man...huyo toto alikuwa ananipigia simu naskia nimeishaa nguvu damn it,['anger'],['joy'],['sadness'],[]
swahili_text_2361_emotion_1,@inooroke pamoja sana guku Gituamba Gatundu North,[],[],[],[]
swahili_text_2037_emotion_1,@KenedyKaunda heeeeeee ken ataruka hiyo maneno aseme majina ufanana not unless kuna I'd number wot made you think she has a baby in first place enyewe pia wewe sio mchahe bro,['surprise'],[],['surprise'],['surprise']
swahili_text_816_emotion_1,Huyu si ni mwenye ameandikiwa thread careless driving??? https://t.co/vISDlNBMxg,['anger'],['sadness'],['surprise'],[]
swahili_text_3718_emotion_1,"I have thought about it and I am ready to be the relative that went abroad and never came back, question is ni abroad gani nitaenda???",['disgust'],['surprise'],"['anger', 'sadness']",[]
swahili_text_3622_emotion_1,I haven’t been to town in like 2 months mpaka nashuku next time nitaenda huko itabidi nikuwe na mtu wa kunishika mkono anivukishe barabara.,['fear'],['surprise'],['fear'],['fear']
swahili_text_4502_emotion_1,@QwetuRadio @sellyamutabi #BarakaZaQwetuNaKadot Ruai tunachota Baraka kwa mpigo,[],[],['joy'],[]
swahili_text_451_emotion_1,Hata haja ya ku unpack ni gani sasa?,['fear'],['sadness'],['surprise'],[]
swahili_text_524_emotion_1,"@citizentvkenya opararanya and khalwale please hizo ni kura za 2022 zinapotea, act quickly to curb the so called malaria in our county!??",['anger'],['fear'],['sadness'],[]
swahili_text_4848_emotion_1,"@VictorKombeNzai @Kiss100kenya If u asked me this question 3 years ago ningekushow king ni nani,sai akuna king apo Kuna mcees najua wanaeza wapea wote muosho mmoja😂",[],[],['joy'],[]
swahili_text_2924_emotion_1,"Kesho ni Friday, kuna baridi hauna mtu plus haukunywi pombe😪😂, si depression itakuuwa wewe","['disgust', 'fear']",['surprise'],['sadness'],[]
swahili_text_5514_emotion_1,@cytokings Polisi walichoka ni kama hawakupewa kakitu,[],['surprise'],[],[]
swahili_text_2073_emotion_1,Wasee wa nduthi wakikupee story za life experiences zao vile wameponea kifo ndio utajua wewe hakuna kitu umeona hii dunia.,"['fear', 'surprise']",['surprise'],['sadness'],['surprise']
swahili_text_1624_emotion_1,@Jacy_chelanitulipokuwa shuleya msingi pale lamaiywo pri kulikuwa na kijana ambaye angekimbia akilia eti anafukuzwa na watu wanataka kumpiga,"['sadness', 'surprise']",[],[],[]
swahili_text_4871_emotion_1,Me bata akothe si ogopi ni cuzo yake hahaha,['fear'],['joy'],['joy'],['joy']
swahili_text_67_emotion_1,Tweets zingine hapa tu ni cringeworthy,['anger'],['anger'],[],['anger']
swahili_text_4955_emotion_1,I would rather swallow my own cum than get a dick piercing ..shit...ata kutairi   ni mbikoooosss traditions otherwise ningekuwa na use steppler hyo nyama na i pin  akuna ata kutumia CD.,['fear'],['disgust'],"['disgust', 'joy']",['disgust']
swahili_text_4783_emotion_1,@emmanuelsasala1 Tuma kitu na uweke ya kutoa,[],[],[],[]
swahili_text_3477_emotion_1,Siamini ni mimi nimecause chaos hivi leo 😭 I mean jana  Na leo pia lol 😭,"['disgust', 'fear']",['sadness'],"['anger', 'sadness']",['sadness']
swahili_text_4401_emotion_1,Highschooler ananiuliza murife ni nani...nimwambie aje .😂😂,['joy'],['surprise'],"['joy', 'surprise']","['joy', 'surprise']"
swahili_text_557_emotion_1,@SketchMmoja @BCbanxx  THEN HE USSES ALCOHOL KWA FOOD ZOTE,[],['disgust'],[],[]
swahili_text_971_emotion_1,"It is another time for hoax and scammers to steal from desperate teachers, parents and students by selling them fake KCSE papers nawaona mnajoin telegram mbio sana,mtalia na hii nawapromise mtalia tena sana.",[],['sadness'],"['anger', 'disgust', 'sadness']",['sadness']
swahili_text_1673_emotion_1,Kumbe ni ukweli mtu ukiniangalia na angle mbaya unaeza ona nakaa fiti 😹😹,['surprise'],['joy'],['joy'],['joy']
swahili_text_3335_emotion_1,@LaQueenJ @osumo_brad Allsops Niko ndani,[],[],[],[]
swahili_text_4867_emotion_1,Ndani ya Awamu ya Kwanza Tunapokea #TabiaChwara Tabia za Kushangaza Mtaani #DriveOnReloaded @OgalTina @MunaiGenerali @RadioCitizenFM,[],[],[],[]
swahili_text_3189_emotion_1,Nikilewa leo ni disaster,['fear'],['fear'],['fear'],['fear']
swahili_text_4068_emotion_1,"@RadioCitizenFM Hujambo Melody, Pongezi sana kwa mweshimiwa Natembeya kwa kazi nzuri #JamboKenya",['joy'],['joy'],['joy'],['joy']
swahili_text_5188_emotion_1,@Neurick1 @PrinceRaymondke @mbiombaya1960 ni vile tu niliwahi attacho haikanji otherwise ningekuchangamkia kishash walahi,['sadness'],['anger'],['joy'],[]
swahili_text_4726_emotion_1,Sasa mtoto aki preach kuna shida gani.  Wazazi wake hawa complain mbona we una complain,[],[],['disgust'],[]
swahili_text_1862_emotion_1,Jamaa amefanya DNA akapata mtoto si wake smh,['sadness'],['sadness'],"['anger', 'sadness']",['sadness']
swahili_text_1341_emotion_1,Nani anaeza niambia mahali naeza weka izi pesa ndogo ndogo nikiweka Kwa mpesa nanua nayo credo yote,[],['joy'],[],[]
swahili_text_3585_emotion_1,Uhuru ama Ruto washawahi meet watu hawawataki this past year? Baba amewakubali kila mtu anacheka nao sio?,['disgust'],['sadness'],['surprise'],[]
swahili_text_3197_emotion_1,@bonniemusambi Pole Sana. May She RIP,['sadness'],['sadness'],['sadness'],['sadness']
swahili_text_2063_emotion_1,Nimekua my local imefungwa maze sina kidris kejani all there is ni mayai..... Hio ndio ita shukisha hii pombe,['sadness'],['joy'],['sadness'],['sadness']
swahili_text_5485_emotion_1,Kumbuka watu wako Mungu. @EvaMwalili @Milele_FM #barakazamilele #barakazamilele,[],['surprise'],['sadness'],[]
swahili_text_5164_emotion_1,"@X_ChrisM haha maze ndio nacheki na bado players wake wote hawajacheza smh , mimi niko na 39 with 2 players left",['sadness'],[],['surprise'],[]
swahili_text_4716_emotion_1,Hii mvua itafanya tukuwe sober na vyenye ni mapema.,['sadness'],['anger'],[],[]
swahili_text_3312_emotion_1,Tuma na ya kutoa - Kenyan Proverb,"['disgust', 'joy']",['surprise'],[],[]
swahili_text_5366_emotion_1,Burale nilijua ako na shida  wakati alisema masturbation is sin .That's is unforgivable.,"['anger', 'sadness']",['surprise'],['disgust'],[]
swahili_text_2708_emotion_1,Hahaha hii nayo hapana...kupigwa hivi ni shule pekee. https://t.co/pZC5Fr2hkG,"['anger', 'sadness', 'surprise']",[],['joy'],[]
swahili_text_3814_emotion_1,Alafu leo nimekazwa dreads mpaka Pubic hair zika curl😭😭😭😭 niko hapa naskia uchungu kwa scalp like a bitch.,['sadness'],['disgust'],['sadness'],['sadness']
swahili_text_3975_emotion_1,"@itsKiragu Kwanza, maternity -hunters",[],"['anger', 'joy']",[],[]
swahili_text_1931_emotion_1,Niko kazi on a saturday afternoon .....buana poverty ni kitu mbaya,['sadness'],[],['sadness'],['sadness']
swahili_text_4775_emotion_1,@OwichBrio Mmeamua kuonyesha mko na Umoja kwa ujinga?,['disgust'],[],['disgust'],['disgust']
swahili_text_641_emotion_1,Yule tweep dem mwenye hupost videos akiimba huitwanga aje?,[],[],['surprise'],[]
swahili_text_2119_emotion_1,Naona siku moja nitakua big wig nikue nawapiga shout out kila wakati pia nyi mgrow 🙏🙏💯,[],['joy'],[],[]
swahili_text_2450_emotion_1,@nkingatua Huwezi shinda dem kwa umalaya,[],['joy'],['anger'],[]
swahili_text_3895_emotion_1,So there are people who wake up and don't make their beds? Inakaa hivyo fwaa the whole day aiii,"['disgust', 'surprise']",['disgust'],['surprise'],"['disgust', 'surprise']"
swahili_text_2889_emotion_1,"Madem wawachane na shisha kabisa, ile kitu wanafaa kuvuta ni hizo nguo fupi ziteremke wafiche stretch marks",['anger'],['disgust'],"['anger', 'sadness']",['anger']
swahili_text_5486_emotion_1,Kama bado unanunuanga fixed matches we ni duanzi,['anger'],[],['disgust'],[]
swahili_text_1249_emotion_1,"@Hot_96Kenya @DavidOyuke @Andrewmustafa THANK YOU FOR THE WARM WELCOME, KESHO NI HAPAHAPA #THEHOTBREAKFAST",['joy'],[],['joy'],['joy']
swahili_text_1430_emotion_1,Tusilie kwa kuwa sisi Ni dhahabu.@EvahMwalili @Milele_FM #barakazamilele,"['joy', 'sadness']",[],['joy'],['joy']
swahili_text_3239_emotion_1,GTV ata hawakua na notice msee.... mnaamka mnapata blank screens tu,['anger'],['sadness'],"['anger', 'disgust', 'surprise']",['anger']
swahili_text_4832_emotion_1,Kila mse tl anachonga threads refu refu inakaa highschool days nikichora page moja wengine wakiitisha extra papers.,"['sadness', 'surprise']",['joy'],['disgust'],[]
swahili_text_1912_emotion_1,andy na mchungaji hakuna difference yeye ni kulinda kondoo but mwenyewe ndio huchinja,[],[],['disgust'],[]
swahili_text_3322_emotion_1,"Kuna truck ya Nairobi Water huwa inakuja huku … that car is driven sooo recklessly, unaeza ata gongwa 😭","['disgust', 'fear']",['sadness'],"['fear', 'sadness']","['fear', 'sadness']"
swahili_text_5361_emotion_1,@BEATBOX_K24 NDANE KWA SANA,[],[],[],[]
swahili_text_3664_emotion_1,"Why do men get mad at make up, weaves, wigs, etc? Si mvae pia nyinyi 🤣🤣",['anger'],['surprise'],['anger'],['anger']
swahili_text_3240_emotion_1,@BonneyBennerd Why do women need  make up???even the Brown ones still apply make up???? Na wengine hata hwajui kujipaka,['disgust'],['sadness'],['surprise'],[]
swahili_text_4546_emotion_1,@inooroke Kariobangi tuko pamoja @Wambui_Githongo,[],[],[],[]
swahili_text_4614_emotion_1,Wewe dinywa dinywa Tu Shauri ya mwenye atakuoa,['disgust'],['joy'],['disgust'],['disgust']
swahili_text_3835_emotion_1,"Mata ,Matata kwa sana","['fear', 'sadness']",['sadness'],[],['sadness']
swahili_text_4512_emotion_1,Gai all these IG stores stories are just scaring me. Vile IG has cuuuuttteee things lol maybe zote ni scam,"['fear', 'sadness']",['fear'],['fear'],['fear']
swahili_text_161_emotion_1,Jamaa nilidinyia dem nimemuona na mwingine Tena type yangu exactly 😏,"['joy', 'surprise']",['surprise'],"['disgust', 'sadness']",['surprise']
swahili_text_3220_emotion_1,Eric Omondi anafanya nini?,"['disgust', 'fear']",['surprise'],[],[]
swahili_text_2126_emotion_1,"@mwendemacharia1 @Clemmo25flow  @dj2one2 #TuVibe mbola dogodogo sababu mtaelewana haraka, lakini hao wakubwa watajivanya vile wanajua",[],[],[],[]
swahili_text_4495_emotion_1,Arrest ths mf siz yake alitumiwa mimba kwa sms au alipanua??,"['anger', 'disgust', 'sadness']",[],['disgust'],['disgust']
swahili_text_987_emotion_1,@StandardKenya WAUNGANE TUWANYOROSHE VIZURI!  HAPA WATAPATA KURA MOJA TU,['anger'],['joy'],[],[]
swahili_text_2360_emotion_1,@kkkeison una dhani hapo hostel ni mbali?,[],[],[],[]
swahili_text_5092_emotion_1,@GandiaMtrue Asante sana,['joy'],[],['joy'],['joy']
swahili_text_5345_emotion_1,Nzuki na yeye anajibu maswali za Limo innocently alafu akaambiwa apande gari arudi ukambani haha,[],['sadness'],['joy'],[]
swahili_text_2609_emotion_1,Wewe unadhani dem yako ni thick kumbe ni sindano ya family planning ifanya awe ivo 😂😂😂💔,['sadness'],['joy'],['joy'],['joy']
swahili_text_4145_emotion_1,@K24Tv  CDF IKAE KWA WABUNGE. WANANCHI MASHINANI,[],[],['anger'],[]
swahili_text_2787_emotion_1,@UnaManutd Huyu akinipenda na vile January ni kunoma ata sijui naweza uza kidney ama ntafanya aje,['disgust'],"['sadness', 'surprise']",['fear'],[]
swahili_text_2702_emotion_1,Na mi naye mtu hawezi niambia kitu nakula btw ☝🏼,['anger'],['joy'],['disgust'],[]
swahili_text_4015_emotion_1,Kama hujawai enda kupika ugali ukabaki umeikunywa ka uji huwezi niambia anything about suffering,['anger'],['surprise'],['sadness'],[]
swahili_text_2640_emotion_1,"Ndevu za wanaume wakisii nayo zililaainiwa,,,,yaani hawana, stunted growth bana😆😂",['sadness'],['joy'],['joy'],['joy']
swahili_text_3808_emotion_1,Iyo family yote ya madowo wanakaa walipoteza plot kitambo sana,"['disgust', 'fear']",['sadness'],['surprise'],[]
swahili_text_4728_emotion_1,Mi oomff alinishow pale dm vile nime m-approach haezi nipea namba yake but niliwa nimefika group stage,['sadness'],[],[],[]
swahili_text_2342_emotion_1,@UleKioko Karibu sana,[],[],['joy'],[]
swahili_text_4720_emotion_1,@juanne4life @dcijuja Hapo,[],[],[],[]
swahili_text_1664_emotion_1,yule bugwig alirudishiwa stima?,[],['joy'],['surprise'],[]
swahili_text_3019_emotion_1,"#NyamaChomaMix wanyina kuhana atia,,Mbaru uraciunurira kuuu umuthiii,,,uchoyo leo nimekataaaaaaaa twende kaaaziiii",['disgust'],['surprise'],"['joy', 'surprise']",['surprise']
swahili_text_875_emotion_1,Niaje hawa female athletes wanoma wa Ethiopia most wanaitwa diBABA?,['disgust'],['surprise'],['surprise'],['surprise']
swahili_text_4036_emotion_1,Sasa mtuambie mnakunywa pombe wapi gishagi baada ya kulala jikoni,['surprise'],['surprise'],['anger'],['surprise']
swahili_text_4882_emotion_1,Na hii haircut yangu si ni supuu😍 nani anataka kunipeleka date? Nitalipa,[],['joy'],['joy'],['joy']
swahili_text_5307_emotion_1,Hii chai iko?,[],['anger'],[],[]
swahili_text_2402_emotion_1,@IshaDiana Yes and sina shida na kukupea food shida ni mbona hauheshimu chakula yangu?,"['anger', 'sadness']",['surprise'],['surprise'],['surprise']
swahili_text_963_emotion_1,Wake up each morning with a grateful heart,['joy'],['joy'],['joy'],['joy']
swahili_text_4701_emotion_1,Heh huku ni kama ku own iPhone huwa issue saidii,['surprise'],[],['surprise'],['surprise']
swahili_text_2349_emotion_1,Tunaingia katika awamu ya pili ya mpango wa #JamboKenya Hapa twaangusha burudi na uchanganuzi wa soka,[],[],[],[]
swahili_text_4255_emotion_1,Hakuna Kitu Mpya Chini ya Jua,[],[],[],[]
swahili_text_1052_emotion_1,@inooroke pamoja sana njuri guku Gituamba Gatundu North tuko ndani,[],['joy'],[],[]
swahili_text_4843_emotion_1,TEAM KUBWA!,[],[],[],[]
swahili_text_1453_emotion_1,"Mazee leo mi ni mgonjwa, sijui kesho masaa za derby ntakuwa naskiaje?!",['sadness'],[],['sadness'],['sadness']
swahili_text_443_emotion_1,"Hewa ya kikuyu town is so fresh bana.. Ample parking, silent and clean.. Sioni nikirudi polluted air ukianzia hapo kangemi😫😫😫🚮🚮🚮",['joy'],['joy'],['joy'],['joy']
swahili_text_3710_emotion_1,Life enyewe haina guarantees juu it's crazy to think dem mrembo mahali hajui atakula nini for supper hahaha,['surprise'],['surprise'],['surprise'],['surprise']
swahili_text_3799_emotion_1,Sasa hii ni nini nafanya?,"['disgust', 'sadness']",['anger'],['surprise'],[]
swahili_text_4136_emotion_1,Mnaitisha mkate wa ndizi na Hamtaki kulipa hamheshimu kazi ya mwingine,['anger'],['sadness'],['sadness'],['sadness']
swahili_text_2496_emotion_1,Kuna time dem ashainiuliza who are we nikasema just friends iyo day nilinyimwa pussy na mpaka leo nikikumbuka nashikwa na depression,"['fear', 'sadness']",['disgust'],['sadness'],['sadness']
swahili_text_1292_emotion_1,Kuna ka umama Fulani kananiambia nioge,"['disgust', 'surprise']",['disgust'],['fear'],['disgust']
swahili_text_2918_emotion_1,Lmao kipii yangu uiba simu ya mamake kinanipigia..,['anger'],['joy'],['surprise'],[]
swahili_text_642_emotion_1,The last time tukiongea na mzae ni nikitoka home kukuja shule,['disgust'],['surprise'],[],[]
swahili_text_3502_emotion_1,@iamlegitdaily_ Mtu haezi afford kukula fiti ata sanitation ni shida as in struggles tu alafu umwambie abuy mask hiyo ni,['anger'],['sadness'],['sadness'],['sadness']
swahili_text_4621_emotion_1,Hakuna mtu anadai internship ya law a.take on hiyo kesi?,['surprise'],[],['disgust'],[]
swahili_text_3249_emotion_1,Mkiambiwa ni sisi ndio tuko mnadhnai ni jokes haha https://t.co/LLp4angU4e,['disgust'],['joy'],"['joy', 'surprise']",['joy']
swahili_text_510_emotion_1,Wadau kesho ni sato fikeni pinned tweet ni drop offers za kesho,['joy'],['joy'],['surprise'],['joy']
swahili_text_3032_emotion_1,"@tukei_ Niliona jana nikaisha mbaya, mimi all the times nimeenda sijawai ona shida kama hiyo",['disgust'],['sadness'],['sadness'],['sadness']
swahili_text_3117_emotion_1,waria ni kidevu moja anatema kikohozi bahali yake,['surprise'],"['disgust', 'surprise']",['anger'],['surprise']
swahili_text_4654_emotion_1,"Huku Twitter, asubuhi kabisa hamkuwangi mmeamka. Ikifika 9.45AM ni time mnaitwa sojas mkaretweet pinned za watu. Na hapa pia ndio chaos za jana zinakuwa summarized.",[],[],[],[]
swahili_text_1230_emotion_1,Toa ndani alaaaa,['anger'],['surprise'],['surprise'],['surprise']
swahili_text_1305_emotion_1,@Safaricom_Care Asanteni sana kwa kusikia kilio chetu,['joy'],[],['joy'],['joy']
swahili_text_2676_emotion_1,@ex_village_gir wengine ni meleya...kwani ww hujui vile mwizii anaogopa kuibiwa,[],[],['fear'],[]
swahili_text_853_emotion_1,Kuna Jehova witness na kuna hawa wamama huuza sabuni za choo,"['anger', 'disgust']",['anger'],[],['anger']
swahili_text_3528_emotion_1,Wa mandevu alikuwa amesema dunia inaisha leo?,['disgust'],['fear'],['anger'],[]
swahili_text_2884_emotion_1,Hii traffic imeamua nipewe memo job,['disgust'],['sadness'],[],[]
swahili_text_4398_emotion_1,"@RadioCitizenFM #DRIVEON,SHIDA!!! SHIDA!!!SHIDA!!!MSAFA YA 96.10fm HAIMO HEWANI ELGEYOMARAKWET KAUNTI",[],[],[],[]
swahili_text_3222_emotion_1,Naskia Arufu ya Ankara,['disgust'],['joy'],['disgust'],['disgust']
swahili_text_422_emotion_1,Let me Watch NJORO WA UBA S5,[],['joy'],['joy'],['joy']
swahili_text_3820_emotion_1,Nishaifanya balaa hadi shetani akaogopa..oyaa mi mtu mbaadi,['surprise'],['disgust'],['surprise'],['surprise']
swahili_text_1062_emotion_1,Mbona watu hukashifu nissans ivo ?,['disgust'],['sadness'],['surprise'],[]
swahili_text_4976_emotion_1,@Phat_rice Mimi siichukulii kijokes acha nijue leo,['anger'],[],['disgust'],[]
swahili_text_4800_emotion_1,@QwetuRadio @vincentateya @mastermogaka #QwetuAsubuhi Kwa Burudani kamili ya kuanza Siku yako Tuned to Qwetu Radio,[],[],[],[]
swahili_text_775_emotion_1,Usiwahi lala njaa nikiwa karibu. Enda skia njaa na huko,['anger'],['surprise'],[],[]
swahili_text_3011_emotion_1,Huko illuminati ni wapi?,['disgust'],['fear'],"['anger', 'fear']",['fear']
swahili_text_146_emotion_1,Wajackoyah anakaa hivi anadhani hatujui ni clout anachase,['disgust'],['sadness'],['sadness'],['sadness']
swahili_text_490_emotion_1,Sasa emotionally unavailable ndio kusema nini Cynthia 🤔kama ulitaka kuniacha unasema tu sio ati sasa unaanza siasa mingi,['disgust'],['anger'],"['anger', 'sadness']",['anger']
swahili_text_4637_emotion_1,Mimi ni mfanyikazi hewa#serikaliinakatalianapesa zangu,['sadness'],[],['sadness'],['sadness']
swahili_text_2093_emotion_1,@PerisLily Osa Vinya Pole sana,['sadness'],['sadness'],['surprise'],['sadness']
swahili_text_2724_emotion_1,Lakini kuzaa na mwanamke hajasoma na hana pesa ni shida tupu,['sadness'],['sadness'],['sadness'],['sadness']
swahili_text_3726_emotion_1,Mtoto ni mzazi atalea ama msanii ndio ataambiwa lazima akasafishe content... https://t.co/S7rO3RcrUc,[],['surprise'],['sadness'],[]
swahili_text_2929_emotion_1,@BramJambo good evening sir! Tunasikiza Rhumba tu kwa gari tukielekea Huruma. @RadioJamboKenya #MazungumzoWaziWazi,[],['joy'],['joy'],['joy']
swahili_text_1968_emotion_1,KATIBA ... RHUMBA JAPAN by SAUTI SOL @sautisol Itaweza @KoinangeJeff @VDJClyde @Hot_96Kenya  #jeffandclydeonhot,[],[],[],[]
swahili_text_916_emotion_1,Nimekula tilapia ingine hapa bwakure sasa ni kulalisha tumbo lazily nikichill Barcelona orgasms,['joy'],['joy'],[],['joy']
swahili_text_3959_emotion_1,Dem anakuambia anainama kumbe ni ukweli siet😂,['sadness'],['disgust'],['surprise'],[]
swahili_text_692_emotion_1,Mlisema dawa ya sore throat ni?,['sadness'],['disgust'],['surprise'],[]
swahili_text_2873_emotion_1,Lakini hawa politicians hutuchezea akili sana. Mtu analipwa 600K na anasema yeye ni beggar,['anger'],['surprise'],"['anger', 'disgust']",['anger']
swahili_text_960_emotion_1,"Eeh, huko Forty Forty watu hawavai bra?",['fear'],['disgust'],['joy'],[]
swahili_text_479_emotion_1,Lmao RT @Kimanzi_: IG Kila mtu anaweka picha na mzae wake utadhani ni Parents day pale,['anger'],['sadness'],[],[]
swahili_text_3478_emotion_1,@BillyMiya @McaTricky @radiomaisha Asanteni sana,['joy'],['joy'],['joy'],['joy']
swahili_text_3850_emotion_1,Mwanaume hafai kununuliwa kitu mwanaume ni kuuzwa Iran akapigane vita uko 🙄 https://t.co/TG6QoycR8Y,['anger'],['sadness'],['anger'],['anger']
swahili_text_3215_emotion_1,Hawa wanakaa ni kama ata lunch hawakua wamekula bana https://t.co/LbV96WFhu0,['disgust'],['sadness'],['surprise'],[]
swahili_text_701_emotion_1,@MMuendo Wacha tucheze kwa ligi yetu duni,['disgust'],['sadness'],[],[]
swahili_text_248_emotion_1,Nikisema hii mwaka yote sijaonja 🍑 mtasema mimi ni fala lakini ni sawa tu🤤🚶,['disgust'],['surprise'],['disgust'],['disgust']
swahili_text_4883_emotion_1,"Some siblings be so funny, utakaskia kakisema 'mum nipee chapo moja, sitamaliza nusu'😂😂💔",[],['joy'],['joy'],['joy']
swahili_text_962_emotion_1,Ukiona maisha inakulemea songa kando tujaribu na sisi tuone ni kipi kilichokushinda..,['disgust'],['surprise'],[],[]
swahili_text_1903_emotion_1,Nimenotice nikiacha sherehe I'd  be saving more than acha tu per month. Swali ni after kazi nifanye?,['sadness'],[],"['sadness', 'surprise']",['sadness']
swahili_text_3474_emotion_1,@QwetuRadio @vincentateya @DorahManya @zulekhaa89 @AwinjaNyamwalo #NiWakatiWaMsafi Zuch na kuja hapo kwa kibanda ya Msafi unipe Sabuni,[],['surprise'],[],[]
swahili_text_4035_emotion_1,@Salma_Zeinab @iam_osiemo real women are there outside busy working and trying to please there men.. wewe uko hapo tu unakatiwa,"['anger', 'disgust']",['surprise'],['disgust'],['disgust']
swahili_text_371_emotion_1,Kweli dunia ni mduara tarajia chochoke wakati wowote ule,['fear'],['fear'],['surprise'],['fear']
swahili_text_4598_emotion_1,Siku hizi form ni kukaa macho the whole night juu bro ako halfterm....anaeza choma  nyumba akidhani ni dorm.,"['fear', 'sadness']",['joy'],['joy'],['joy']
swahili_text_4030_emotion_1,Umeshikwa hii mwezi ama ni homa tu inakushikashika 😂,['joy'],['surprise'],['surprise'],['surprise']
swahili_text_2343_emotion_1,Dame ni msupa mtaani bt anapenda kutembea na mathake hadi huwezi msalimia mazee!,['sadness'],['surprise'],['sadness'],['sadness']
swahili_text_148_emotion_1,@BlackBarmitzvar @king_surul umekae badala ulale unajichocha wee ni dere 😂😂 hizi slim wire huchokesha mtu bro,['disgust'],['sadness'],['surprise'],[]
swahili_text_4124_emotion_1,@VuukaFM @DennisKamariki #Zanzarika Pamoja,[],[],['joy'],[]
swahili_text_3213_emotion_1,Hii maisha ni complicated hahahaha mtu hutaki ndio anakutaka yake yote na msee unataka hananga ata time yako😂😂😂😂😂,['disgust'],['surprise'],['joy'],[]
swahili_text_4319_emotion_1,"Bwana when will African leaders become serious with air transport?   Flying from Barcelona to Paris is USD 31 ( Kshs 3,534)  Flying from Nairobi to Entebe is USD 285 ( Kshs 32,490)  No wonder mtu akipanda ndege mnaona ni tajiri 🤭",['disgust'],['surprise'],['anger'],[]
swahili_text_5387_emotion_1,But awa Wasomali wo huongea kweli ama ni sound effects wao hutoa??,['surprise'],['joy'],['joy'],['joy']
swahili_text_512_emotion_1,Wacha kuoa mdem anasmoke pia wewe unasmoke aje ama hamjipendi pia 😉,['disgust'],['disgust'],['surprise'],['disgust']
swahili_text_981_emotion_1,Hehe vile nliwa nasema ntakam hapa kuwauzia ma remy martin na tequila zisonge ka upus,['joy'],['surprise'],[],[]
swahili_text_1628_emotion_1,Ukitaka kuomoka mix maombi na kaukora kwa umbali,[],[],[],[]
swahili_text_3561_emotion_1,@BmMariaria Asante sana ndugu,['joy'],['joy'],['joy'],['joy']
swahili_text_711_emotion_1,Bae amenilenga leo bt ni sawa tu,['anger'],"['sadness', 'surprise']",['sadness'],['sadness']
swahili_text_4408_emotion_1,"Hhehe, hii ni gani tena?",['surprise'],['joy'],['surprise'],['surprise']
swahili_text_3911_emotion_1,Ka dem anakunywa makali anaeza pea dem mwingine ball si pia anaeza manga boy doggystyle,['surprise'],['disgust'],['disgust'],['disgust']
swahili_text_656_emotion_1,Kila time nikitaka kukuuliza umepata grade gani nakumbuka sio mimi nilikuwa nalipia hiyo ghasia school fees 😂,['disgust'],['surprise'],"['anger', 'sadness']",[]
swahili_text_3980_emotion_1,same story like #Westgate wameshindwa mabwana zao wa America itakua wao kdf they can't kill alshabab so better removed them from Somalia.,['anger'],['anger'],['sadness'],['anger']
swahili_text_647_emotion_1,But if you help someone who lies bado ni sawa tu,['disgust'],['sadness'],['sadness'],['sadness']
swahili_text_3524_emotion_1,@otienowalter2 @d_mmahat @RobertAlai GARISSA WAJIR NA MANDERA NI YA MAMA YAKO???NUGU YA KA MTU,['anger'],"['anger', 'sadness']",['anger'],['anger']
swahili_text_1351_emotion_1,Ile pain and resilience yenye watu walikuwa wanaiona kwa hio story ndio wanafeel sahii.,['sadness'],[],[],[]
swahili_text_327_emotion_1,"Kuna siku flani dame yangu alipewa hug na ninja akainuliwa juu,kabla ashukishwe chini nilikuwa nisha- move on",['anger'],['surprise'],['sadness'],[]
swahili_text_1665_emotion_1,Nmepita hapo taoo na mgikuyu anasema Trapikoo tatu neikumi.  Kumbe idiot anasema tropical tatu ni kumi.,"['anger', 'disgust']",[],['disgust'],['disgust']
swahili_text_64_emotion_1,Ukambani ukijaribu kukojoa unaweza pigwa hadi useme pahali umetoa maji🤣🤣.,"['anger', 'surprise']",['surprise'],"['joy', 'sadness']",['surprise']
swahili_text_1073_emotion_1,Fellow fashion gurus nitapata wapi denim jacket yenye haina macollar za upus??,['anger'],['joy'],"['joy', 'surprise']",['joy']
swahili_text_2672_emotion_1,lmao ati wakale wengine wamehype hyo graduation ya Ruto as if tl hakuna gowns zingine zinapostiwa 😂😂,['disgust'],['joy'],"['disgust', 'joy']","['disgust', 'joy']"
swahili_text_3170_emotion_1,"Mkuki kwa nguruwe mtamu, kwa binadamu uchungu!",['disgust'],['fear'],[],[]
swahili_text_53_emotion_1,"@Patienc17412976 MGANGA WA WAGANGA DAKTARI DAUDA, MAPENZI, BIASHARA, KINGA ZA BOMA, KUPATA MIMBA AU MTOTO, KESI KOTINI, KIFAFA, WIN BETTING, LOST ITEMS, FAMILY ISSUES, GET VISA, JOB PROMOTIONS, CALL ME ON, +254701212158",[],[],['surprise'],[]
swahili_text_4587_emotion_1,Kibe anaongelea simple boy alafu hapo mwishoa ana thirst hizo nyondo za hiyo mama,['surprise'],['joy'],"['disgust', 'surprise']",['surprise']
swahili_text_2030_emotion_1,Lol hii mvua mtachoka nayo ata by next week,['disgust'],"['joy', 'surprise']",['joy'],['joy']
swahili_text_2067_emotion_1,"Madem wa zamani wakiamka wanawasha jiko, wa siku hizi wanawasha data😂😂😂😂🤣🤣🤣","['joy', 'surprise']",['joy'],['joy'],['joy']
swahili_text_3671_emotion_1,Getting home on a rainy day feels so nostalgic. Sijui nipige munyoe moja safi,['disgust'],['sadness'],['joy'],[]
swahili_text_3114_emotion_1,Fiti sana @mfalmeMuriungi,[],['joy'],[],[]
swahili_text_4970_emotion_1,Ukitoka garage unakumbuka ile raia zote wote wenye unawadai msee.,"['fear', 'sadness']",['surprise'],['disgust'],[]
swahili_text_3085_emotion_1,mgaa gaa na upwa hali  wali mkavu hula crocodile meat,['joy'],['surprise'],['surprise'],['surprise']
swahili_text_5496_emotion_1,Urethral intercourse ni gani?,[],['disgust'],['surprise'],[]
swahili_text_4192_emotion_1,@Philosopher254 Asante sana Kiongozi.,['joy'],['joy'],['joy'],['joy']
swahili_text_2816_emotion_1,Kuna mtu ametoa mita tisa 😭😭😭😭,"['disgust', 'surprise']",['surprise'],['surprise'],['surprise']
swahili_text_3722_emotion_1,Bangi ni mbaya says a person who also drinks,['surprise'],['surprise'],"['disgust', 'sadness']",['surprise']
swahili_text_3338_emotion_1,Shukrani sana @maryndu1 @NJOKIMILKAH1 @DynahNdenga @BHusema @shiku_kamum Karibuni Kisumu #MixedFlavors,['joy'],['surprise'],[],[]
swahili_text_1057_emotion_1,So mnasema nimind my own business. Mnajifanya hamdai kujua ni nani but nina hadi video na photos🤣🤣🤣🤣,['anger'],['surprise'],"['joy', 'sadness']",[]
swahili_text_1793_emotion_1,"Those looking to fuel, Total mbagathi way iko but usikue na haraka line ni refu sana.",[],['joy'],[],[]
swahili_text_4691_emotion_1,@Cindikate madrid wana tabia mbaya sana sijui kina kroos wanajiambia wao ndio watakaa huko long enough to be legends ama ?,['surprise'],[],"['disgust', 'fear']",[]
swahili_text_2955_emotion_1,Hii jua inakaa ukiwa swimmo inaweza chemsha io maji mchomekee huko ndani,['disgust'],['surprise'],"['fear', 'surprise']",['surprise']
swahili_text_3406_emotion_1,Ama mchanga ni unga imeficha white..🥴,['disgust'],['surprise'],[],[]
swahili_text_3078_emotion_1,Wamalize huyo wamabati  ama ni aluminicha.She thinks she's who? https://t.co/5A7dTiExuQ,['anger'],['anger'],['sadness'],['anger']
swahili_text_5395_emotion_1,@Juveh_music Tulishajenga brathe atleast ukininyima lift jua ntapandisha rent ndio ninunue yangu hapa ni gg,[],['joy'],['disgust'],[]
swahili_text_2181_emotion_1,WEWE UKIKULA MOTO MBUNDE ANA KULA BAE WAKO,['disgust'],[],[],[]
swahili_text_353_emotion_1,Nilikataa kushuka gari mimi LMAO,['anger'],[],['surprise'],[]
swahili_text_4422_emotion_1,Mwenyezi Mungu tulinde na shida na mizozo ya hapa na pale.,[],[],['sadness'],[]
swahili_text_3673_emotion_1,BABE UKINIFURAHISHA  HII WIKI YOTE   NGUVU YA KUPOST MEMES NITATOA WAPI🤔🤣🤣🤣🤣🤣❤️👊,['anger'],['disgust'],['joy'],[]
swahili_text_1546_emotion_1,"Heri nyinyi mnawait alarm , you wake up mwende kazi acha nisake usingizi .",['sadness'],[],['sadness'],['sadness']
swahili_text_2808_emotion_1,Naona kama Morocco watapewa 3 day holiday wakishinda,['joy'],['joy'],['surprise'],['joy']
swahili_text_868_emotion_1,"@CrazyNairobian Hawa ni wale mademu wa hapa Twitter hujifanya they come from rich families, ona sasa wengi hapa wamezaa wakaachia mama zao watoto ushago wakiangaika hata hawatumi kakitu,lakini social media hawawezi acha tupumue,volume iko sawa","['anger', 'disgust']",['anger'],['surprise'],['anger']
swahili_text_3495_emotion_1,Hao watu wa maji ata hawawezi tengeneza usiku wakae tu nyumbani pia,['disgust'],['sadness'],"['disgust', 'sadness']","['disgust', 'sadness']"
swahili_text_3349_emotion_1,@cartoon_addict1 Mbone ni nyeusi na mwenyewe ni mweupe?,['anger'],['surprise'],['surprise'],['surprise']
swahili_text_3455_emotion_1,Hawa wanaume huleta mabibi zao wajawazito kula pork shida yenyu huwa nini?,['anger'],['surprise'],['anger'],['anger']
swahili_text_1171_emotion_1,Potter anataka squad iwe sawa ndo washow individual brilliance but time tutapata injuries kitaumana tena,[],['fear'],['fear'],['fear']
swahili_text_3539_emotion_1,@MnejaMeja Ongeza kwa list,[],[],['joy'],[]
swahili_text_4368_emotion_1,Hii mtaa Yesu ndo Kusema #LifeInAbundance,[],['joy'],['joy'],['joy']
swahili_text_3518_emotion_1,@Mueni_mtamu Na kutoboa mashimo kwa belt😎,[],['joy'],[],[]
swahili_text_2685_emotion_1,Wamesema virgin aombee sadaka mama akaniangalia ni kama hanijui 😂😂😂💔,['sadness'],['joy'],['surprise'],[]
swahili_text_1530_emotion_1,Kuna DMs nta frame ndo nikue naona kule nimetoka ma men,['surprise'],[],[],[]
swahili_text_3900_emotion_1,Nani alidanganya hawa vijana wako na tu  dread wanashida wamebeba  tu bags kwa kifua huwa hamchoki  ati ndio wanaoneka ati wako yo 😂😅😹,['disgust'],['surprise'],['sadness'],[]
swahili_text_4487_emotion_1,Hawa nao wameeka kamati ya wamama hapa nje ya store yangu hadi can hiwezi funguka kama hawajachungulia,['anger'],[],"['anger', 'disgust']",['anger']
swahili_text_1008_emotion_1,Ref ame bet ama ni nini.!?,['anger'],"['anger', 'surprise']",['surprise'],"['anger', 'surprise']"
swahili_text_2775_emotion_1,Kidogo kidogo utaskia Waiguch akidai hajui Duale ni nani but ashawahi mcheki clips za Alshabaab.,['disgust'],['sadness'],['surprise'],[]
swahili_text_738_emotion_1,@Milele_FM @MmboneMercy1 @KakaZema @DicksonMpapale @marryanne26 @cleophasoluoch Napasua nikisema watoto wa sikuizi wanajifanya wanajua hakuna zao hawarekebiki aki #kazimpango,['anger'],['sadness'],[],[]
swahili_text_2618_emotion_1,Kuna joto au ni mimi,['surprise'],['surprise'],['surprise'],['surprise']
swahili_text_2382_emotion_1,Nikibuyiwa unliminet hio inatosha kunimake nikill mtu https://t.co/VAgH6pfV0O,[],[],['anger'],[]
swahili_text_23_emotion_1,Kura kwa Lendrix,[],['joy'],[],[]
swahili_text_3260_emotion_1,@Itiswinny Imeanza na fujo sana,"['anger', 'surprise']",['surprise'],['sadness'],['surprise']
swahili_text_604_emotion_1,Ahsante kwa zawadi ya uhai #AmkanaWestFm @WestFmKenya #AmkanaWestFm #AmkanaWestFm #AmkanaWestFm #AmkanaWestFm #AmkanaWestFm @PPkemei,['joy'],['joy'],['joy'],['joy']
swahili_text_3997_emotion_1,@GhettoRadio895 shukran kwa Sana,['joy'],['joy'],['joy'],['joy']
swahili_text_4636_emotion_1,Ni kupika na kuzaa watafanya ama ni coups wataongoza?,['disgust'],[],['disgust'],['disgust']
swahili_text_1838_emotion_1,@WakioMwakio: @jeffrey_mbugua turns out i dint go to sleep...i recorvered frm the ceremony haha sawa nilijua tu,"['joy', 'surprise']",[],['joy'],['joy']
swahili_text_2204_emotion_1,"Haki clients wangu wa leo, 1st one ananiambia nishuke gari nijifungulie gate cz soldiers hawatafungua cz it’s ’self service’ na yeye hawezi kuja nje ya gate. Wa pili, akona gunia tatu namuuliza hizi zitawekwa wapi? Eti kunja viti zako tuziweke nie ma 😂😂😂",['surprise'],['joy'],"['joy', 'surprise']","['surprise', 'joy']"
swahili_text_3481_emotion_1,Kuna mtu amesema ati ni kama nilinguka nikiwa mdogo nikagongwa kichwa😕,['disgust'],['sadness'],['sadness'],['sadness']
swahili_text_2298_emotion_1,Niligrow nikijua wasee hucheza pool ni majambazi haha,[],['joy'],['joy'],['joy']
swahili_text_45_emotion_1,Jana ndio nilijua ni ukweli kuna class hehe kuna watu wenye sisi hujua kutafta pesa na kuna wale wanajua kutumia pesa,['surprise'],['joy'],"['joy', 'surprise']","['surprise', 'joy']"
swahili_text_905_emotion_1,Nyinyi mnasema gas ni chafu na mimi hupika na makaa; sasa nitaosha jiko pia?!!,['disgust'],['joy'],['surprise'],[]
swahili_text_3723_emotion_1,@Evekusini @EvansPoriot @Kiptoo024 @isaacpkasin @kiptootitus Yes sasa they are trying to destroy our leaders na wengine hapa hawaoni,[],['sadness'],[],[]
swahili_text_2855_emotion_1,Feminists hawajawai question kwanini mnabadilisha wasichana na ng'ombe kwa dowry,"['disgust', 'surprise']",['surprise'],['anger'],['surprise']
swahili_text_3860_emotion_1,I ate food for breakfast and I'm already hungry 😂😂😂😂 hizi ni minyoo gani aki,['disgust'],['surprise'],['surprise'],['surprise']
swahili_text_1954_emotion_1,I love getting drunk with my boys juu najua hatutakosana kama time nikiwa na dem ama kuwekewa mchele,[],['surprise'],['joy'],[]
swahili_text_1572_emotion_1,Hii ndio wanaitanga fake news eh,['surprise'],['surprise'],['surprise'],['surprise']
swahili_text_1892_emotion_1,Sasa wewe nifanye?,['anger'],[],['surprise'],[]
swahili_text_1334_emotion_1,Low quality men must be the men that know their worth hawatumiki kutumianga wanawake pesa fuaaaa na favors hapa na pale za kishenzi,['disgust'],[],['disgust'],['disgust']
swahili_text_5159_emotion_1,@MwambinguPius karibu,[],[],[],[]
swahili_text_4348_emotion_1,"Huwa mnaomba aje doh from your mehns?Mi hua na fake nikilia juu nisipo,atadhani sihitaji sana😂","['joy', 'surprise']",['surprise'],['surprise'],['surprise']
swahili_text_2405_emotion_1,@RadioCitizenFM KUTOKA KATI KATI YA VIOSK VYA NAIROBARI HADI COUNTY YA MAGENCHE NAWAKILISHA BOGISIANKIO MOGUMO HOME PAMOJA HADI MWISHO BY OMWAMBA MORONYA AMACHIKO #ChapaKazi https://t.co/jPTGnFLGS5,[],[],[],[]
swahili_text_563_emotion_1,Na hao wakale ni warembo aje,['surprise'],['surprise'],['surprise'],['surprise']
swahili_text_4615_emotion_1,Where was ruto when gedion alikua akimkaribisha dictator mseveni? Ama ni kweli tunavoambiwa kwamba ni yeye sasa si tena ruto!,['anger'],[],"['sadness', 'surprise']",[]
swahili_text_3898_emotion_1,Wakubwa movie ya james bond pale ntv....when it was Piers brosnan season 😊😊,[],['surprise'],['joy'],[]
swahili_text_1273_emotion_1,Nawaona mkishikana mikono mkiendea sapa ndio msiachane. Afu kuna mimi apa nimeshikilia longi ndio isianguke😂😂😂😂💀,"['joy', 'sadness', 'surprise']",['joy'],['joy'],['joy']
swahili_text_1875_emotion_1,Mwanamme ni kukula ndizi akiwa amejificha,[],[],[],[]
swahili_text_42_emotion_1,Ni pombe gani huyo alikunywa ikaonyesha yeye huyo mama nisiwahi kunywa ?,['fear'],['surprise'],['anger'],[]
swahili_text_2936_emotion_1,@KakaZema @Milele_FM Tuko pamoja #KaziMpango,[],['joy'],[],[]
swahili_text_5328_emotion_1,@ItsChanzu Ni hujumaaaaa😭,['sadness'],[],[],[]
swahili_text_529_emotion_1,Yule mwalimu ni kama atapigwa transfer hadi ocha,['fear'],['fear'],['surprise'],['fear']
swahili_text_2158_emotion_1,Btw mumama amesema msikua mnani pigia past 5pm unless ni kazi.,"['fear', 'surprise']","['joy', 'surprise']",[],['surprise']
swahili_text_3352_emotion_1,Street cred yangu iko in the mud ni ju my fellow hobos hawajajua shit.,['fear'],['anger'],['sadness'],[]
swahili_text_2875_emotion_1,People grew up eating #githeri while in boarding school sasa wamesahau wapi walitoka.,['sadness'],['surprise'],['sadness'],['sadness']
swahili_text_1656_emotion_1,@Thee_mavERIC Jaribu kunywa uji uone venye itaingia kwa mug,[],[],[],[]
swahili_text_2241_emotion_1,So sasa bigwig influencers hawadai kuona small influencers wakiprospee ama wozgoing on?,"['sadness', 'surprise']",[],['surprise'],['surprise']
swahili_text_3288_emotion_1,City will win today swali ni clean sheet ama gg,['fear'],['joy'],[],[]
swahili_text_5446_emotion_1,Hii story ya Slaves ndio bado inanishtua tu yani,['surprise'],['fear'],['surprise'],['surprise']
swahili_text_707_emotion_1,Hawa watu wa retweet na like we follow you back hukua wakora hawakufollow adi just doing that to bait the hopeless,['disgust'],['disgust'],['anger'],['disgust']
swahili_text_441_emotion_1,Yaani Ashley Young anaongea like kuna kitu anafanya of late,['fear'],['surprise'],[],[]
swahili_text_1072_emotion_1,Wacha nibaki with my solo travels hii hanger ons ni shida tupu lol,[],['sadness'],[],[]
swahili_text_2024_emotion_1,Na hii story ya waluhya risking their lives just because of some trashy pussy itabidi mmeacha 😂😂😂,['disgust'],['joy'],['joy'],['joy']
swahili_text_720_emotion_1,@MOH_Kenya @BojomMoureen Lakini hawa watu mnapima mnatoa wapi,"['disgust', 'surprise']",['surprise'],['surprise'],['surprise']
swahili_text_1402_emotion_1,Niko huku kwa Mukuru,[],['joy'],[],[]
swahili_text_1974_emotion_1,Anadai yeye huniona base hajaijua mimi mnyama bed.,['surprise'],[],[],[]
swahili_text_742_emotion_1,"The karaos at Railway take aa lot of money from these matatus...mmoja anaingia anapewa,mwingine baadaye na si shida yake mshapea mwingine",['surprise'],['sadness'],['surprise'],['surprise']
swahili_text_83_emotion_1,@Mainswitch001 Tungangana na Hali yetu kwanza,[],['sadness'],[],[]
swahili_text_2480_emotion_1,"Kuna pesa inanisumbua apa sijui niifanyie nini, na staki niende nayo diani juu itaisha bure. What should I invest in??",[],[],['sadness'],[]
swahili_text_5068_emotion_1,Haha nakumbuka Kuna wasee walikua wanakaa hadi late kutweet about Nairobi Diaries na hawakulipwa 😂😂😂😂,"['disgust', 'joy']",['joy'],['joy'],['joy']
swahili_text_4246_emotion_1,Men with beards and protruding tummies ndio wanafanya hiyo mchezo ya copy pasting,['sadness'],['sadness'],['sadness'],['sadness']
swahili_text_344_emotion_1,SOTE PAMOJA.  Ruto my president #RutosBlindAmbition,[],['joy'],[],[]
swahili_text_1818_emotion_1,Lmao mukuru kwa zuckerburg guys are funny af ati acha nisome hizi comments haraka mvua inakam,['surprise'],[],['joy'],[]
swahili_text_740_emotion_1,@mmkalla @RadioCitizenFM Si mtuweke sauti yake yeyote iliyorekodiwa jamani?,['sadness'],['anger'],['surprise'],[]
swahili_text_4225_emotion_1,Wakienda wataenda na pesa zao zote ...kenya ibakie na hio government inasema somalis are a threat to security,"['fear', 'sadness']",['sadness'],['disgust'],['sadness']
swahili_text_2803_emotion_1,Hii baridi yote na ati niko single?!,['anger'],['surprise'],"['anger', 'sadness', 'surprise']","['anger', 'surprise']"
swahili_text_5203_emotion_1,Kumbe nyi wote ni manyoks😂😂 mnaruka Kimani aje?,"['disgust', 'sadness']",['joy'],"['disgust', 'joy']","['disgust', 'joy']"
swahili_text_5470_emotion_1,"HII WORLDCUP SIO YA MAMA YAKO BANA, SIO YA BABA YAKO!!!!",['anger'],[],['anger'],['anger']
swahili_text_2643_emotion_1,Swali ni Muchiri ndio alitambariza hio mali birthday ama why is he involved?,['surprise'],['surprise'],['surprise'],['surprise']
swahili_text_4945_emotion_1,and they cannot pretend and atleast pick a shopping basket. Had to ask an attendant if they work there ananiambia wengine hapa ni wezi,[],[],"['disgust', 'surprise']",[]
swahili_text_1415_emotion_1,"@_Nzuki football gods are so unfair at times, sasa hawa wanaenda wapi","['anger', 'sadness']",['anger'],['disgust'],['anger']
swahili_text_1762_emotion_1,picha za madem wanono wanono wakiwa bruch bado hazija fika,[],['joy'],['surprise'],[]
swahili_text_3636_emotion_1,One of yuwa boyfriends amenichekesha pale kwa video call wah 😂😂😂,['joy'],['joy'],[],['joy']
swahili_text_4178_emotion_1,sasa kuta rudi sawa when the last one month sijai kula tabu hivo,['sadness'],['sadness'],['fear'],['sadness']
swahili_text_4072_emotion_1,Usipolala hii weekend ujue the next chance unapata ni hapo mid January zile sherehe ziko hapa mbele,['joy'],['joy'],['fear'],['joy']
swahili_text_1404_emotion_1,Tl is hawt lyke fire fire ni kama moto moto..,['joy'],[],[],[]
swahili_text_421_emotion_1,Watu hata hawafiki chwani shiet,['anger'],"['anger', 'sadness']",['anger'],['anger']
swahili_text_1907_emotion_1,"Kwa makasi gang, nani huuliza mwengine questions about the movie they are both watching for the first time?",['surprise'],[],[],[]
swahili_text_5043_emotion_1,@fmcoro Pamoja Sana,[],['joy'],[],[]
swahili_text_4384_emotion_1,2017 nilisota mbaya. I can't remember even a single day being horny. It was a yr of less sex but balls hazikua kubwa yet sperm production continued as usual.,"['sadness', 'surprise']",['disgust'],"['sadness', 'surprise']","['sadness', 'surprise']"
swahili_text_4719_emotion_1,@radioSimbafm @DorahManya Tuko Pamoja tena sana,[],[],[],[]
swahili_text_2877_emotion_1,"@radiomaisha @Alex_Mwakideu #TeamMaishaAsubuhi #TeamMaishaAsubuhi #TeamMaishaAsubuhi #TeamMaishaAsubuhi #TeamMaishaAsubuhi SHOW KUBWA""",[],['joy'],[],[]
swahili_text_2541_emotion_1,Kuna time huko watsapp video ya Jose akiwa studio ilienda viral bana bado naisha 😂,['joy'],['joy'],['joy'],['joy']
swahili_text_4657_emotion_1,Herrera ndio tulinunua 89m ama ni huyu mwingine?,[],['joy'],['surprise'],[]
swahili_text_909_emotion_1,"Wacha nirudi niwapostie memes,, Meme game yenu iko chini ajabu😂","['anger', 'disgust']",['surprise'],"['sadness', 'surprise']",['surprise']
swahili_text_1654_emotion_1,@annjogu Nakuru tuko mbele pamoja @MbariaNelson,[],[],[],[]
swahili_text_1874_emotion_1,@lawrencekitema Bro ata husiongee ushawaiona mama anapika lakini chakula anapea watoto na yeye hajaonja ata kidogo??,['surprise'],['surprise'],[],['surprise']
swahili_text_578_emotion_1,Kuna bigwigs huku hawana kazi ama shida bado ni hustler tawara?,['fear'],['sadness'],['surprise'],[]
swahili_text_2056_emotion_1,Pesa nikama ukimwi kila mtu anasema hana 😁😁,['surprise'],['joy'],"['joy', 'surprise']","['surprise', 'joy']"
swahili_text_3111_emotion_1,Kuna dem nilikua nataka kubaia izi akakata kuniuliza what's for Christmas. Iyo pesa ntajispoil nayo vibaya sana. https://t.co/rx7hyks058,['disgust'],['sadness'],['joy'],[]
swahili_text_43_emotion_1,Tafteni pesa vijana hizo rangi za mwili sio zenu ni shida tuu...,['sadness'],['disgust'],['sadness'],['sadness']
swahili_text_1833_emotion_1,#JamboMassawe @RadioJamboKenya @MassaweJapanni KASARANI-MWIKI MY HOOD WELL REPRESENTED DANI YAKE,[],[],[],[]
swahili_text_4545_emotion_1,Hired crowds wametoka polepole juu mtu wa kupigia nduru ameambiwa ataongea juu ya gari,[],[],[],[]
swahili_text_3751_emotion_1,"na kuna hustler anangoja maisha irudi chini 😂😂😂😂,  rich know how to bend laws and find legal ways to avoid paying taxes, wht about poor ???",['anger'],['sadness'],['disgust'],[]
swahili_text_5207_emotion_1,Taharuki Njoro kufuatia wizi wa mifugo #Dira #JamboKenya @ngetichfred @vincentateya,[],[],[],[]
swahili_text_4416_emotion_1,Ni mimi pekeake sijawai kula indomie ama tunakuanga wengi??,['surprise'],['surprise'],['joy'],['surprise']
swahili_text_4825_emotion_1,@RadioCitizenFM  JK ni baba john hapa Nakuru kiratina tunakutengea haditamati leo hujapewa machungwa,[],[],[],[]
swahili_text_3096_emotion_1,@UKenyatta tunaelewa watoto wako hawaezi soma primary school hao ni wa grp of schools nini nini but si mlipe ju walimu watoto warudi kusoma,['anger'],['anger'],['anger'],['anger']
swahili_text_3663_emotion_1,@kyambia_michu @OmusayuProtus Watu wengine sijui nini huwafanya,['surprise'],['anger'],['disgust'],[]
swahili_text_1717_emotion_1,@carolinespencer hapa ndo mtu hupanguza screen labda ni macho haioni vipoa,['sadness'],[],[],[]
swahili_text_2634_emotion_1,"I swear the sun peeping nikitoka kejani, sasa weather imeamua kujifanya vile ina taka",['sadness'],['anger'],"['anger', 'sadness']","['sadness', 'anger']"
swahili_text_1248_emotion_1,Mtu hajafungua parody ya hiyo pink mat ..hahaha,['surprise'],['joy'],['joy'],['joy']
swahili_text_4248_emotion_1,It’s about to smell bad from the looks of things kuna lorry imepita hapa na hao watu wa kofia za red hawacheki buana.,['fear'],['fear'],['fear'],['fear']
swahili_text_431_emotion_1,Hawa watu waliiba 50M wakaenda kukaa nayo kwa nyumba?,"['disgust', 'surprise']",['fear'],['surprise'],['surprise']
swahili_text_2707_emotion_1,Linda Mama – Unaweza Kupata huduma hizi bila malipo -Huduma ya Mama Mjamzito -Kujifungua kwa kawaida au kwa upasuaji -Huduma za Afya kwa Mama na motto baada ya kujifungua  Jiunge Hapo ulipo kwa kubonyeza *263#na ufuate maagizo  #NHIFLindaMama  @Sang_254  @Ugaman01,[],[],[],[]
swahili_text_1685_emotion_1,Mwanaume kitu inaweza mpea pressure nikama kanyunyui hakasimami. As long as kanasimama hizo vitu zingine ni unnecessary 😂😂😂,[],['joy'],['joy'],['joy']
swahili_text_3681_emotion_1,Btw uliwacha kuchapwa na wazazi ukiwa darasa la ngapi???,['fear'],['surprise'],[],[]
swahili_text_4110_emotion_1,"Tukiachana, tafadhali punguza kuniweka kwa your conversations!",['anger'],['anger'],['anger'],['anger']
swahili_text_4250_emotion_1,"Kama your boyfriend bado ana reverse words akikutext you really need to work hard and stand out! Ati ""uko zabe niga leo babe"" mbwaaaaa wewe",['disgust'],['disgust'],['disgust'],['disgust']
swahili_text_3600_emotion_1,"Nadai mitigation tuu,nishikishe mos mos ndio by the time nasaidika kame ni runda diambo",['sadness'],['sadness'],['joy'],['sadness']
swahili_text_4028_emotion_1,Alidishi chipo za pale odeon akaenda kudenki Pepinos,['sadness'],['surprise'],[],[]
swahili_text_4058_emotion_1,Mnasemanga zetu zimesag alafu mwenzenu anawaonyesha firm mnateta pia? Mnatakanga aje lakini?,"['anger', 'surprise']",['disgust'],['anger'],['anger']
swahili_text_2299_emotion_1,Our parents used to take relationships serious those days. Sisi ni mchezo tu hapa na pale haha,['sadness'],['joy'],['joy'],['joy']
swahili_text_5442_emotion_1,Sasa Huyu,['anger'],['anger'],[],['anger']
swahili_text_383_emotion_1,hii ndom ni thicke,['disgust'],"['disgust', 'surprise']",[],['disgust']
swahili_text_5421_emotion_1,@dukeofkajulu @geemogambi Uyo bado ni yeye ama mwingine?,['surprise'],['surprise'],['surprise'],['surprise']
swahili_text_3339_emotion_1,Our gallant CS Amb. Amina Mohamed would be the best AU Chair Person.,['joy'],['joy'],['joy'],['joy']
swahili_text_1254_emotion_1,Dstv mwitu iko scrambled na mwenye decoder hayuko so leo ni DSTL 😁,"['joy', 'sadness']",['joy'],['joy'],['joy']
swahili_text_959_emotion_1,"Gor mahia toying with yanga watajua hawajui, ni opira sio mpila #sirkal",['disgust'],['fear'],['sadness'],[]
swahili_text_2330_emotion_1,"Boss wetu hupiga gari picha unaweza dhani kulikuwa na blizzard 😂😂 "" ee hihi taì hùraga mbisha atya "" juu nikimpigia ziutokea poa .",['surprise'],['joy'],['joy'],['joy']
swahili_text_5397_emotion_1,Dennis Okari naye badala akajipime suti ni kutweet tu,['disgust'],['anger'],"['disgust', 'joy']",['disgust']
swahili_text_1050_emotion_1,Wale wenye walikua wanakumbusha walimu watupee homework ndio hawa sasa 😂😂 https://t.co/6cFCTYlInD,['disgust'],['surprise'],[],[]
swahili_text_348_emotion_1,@Diana_Bahati Ukifanya hio umalaya hao wanaume wooooooooote walikuwa wanavaa condom?,['anger'],['disgust'],['disgust'],['disgust']
swahili_text_3689_emotion_1,"@MzeeJalango baba tulia hawa watoto wameajiliwa na wasasi wao neither they don't teach them how life is, it is not like the past age .",['disgust'],['sadness'],['fear'],[]
swahili_text_4681_emotion_1,@Milele_FM @Mercyken @EvaMwalili servicecheck Eva soma tu ZION P A G NDIO KANISA YANGU NAELEKEA MKUTANO NI WA WAMAMA,[],['joy'],[],[]
swahili_text_2375_emotion_1,Izo inapigwa kila game why,[],['surprise'],[],[]
swahili_text_5031_emotion_1,"Madame warembo ndo hawananga kiburi,  lakini hawa hukaa venye wanataka huwa na kiburi fulani sijui wanatonga wpi","['anger', 'surprise']",[],['surprise'],['surprise']
swahili_text_552_emotion_1,"Kama hukuwai lipa mia kuingia ibiza hatuezi argue about anything ,nyamazisha !!",['disgust'],['anger'],"['sadness', 'surprise']",[]
swahili_text_2322_emotion_1,Hawa madame wote wana nywele refu kwa hii ceremony after July 13th wataamka wakiwa vipara..wasiulize ziko wapi,['disgust'],['joy'],[],[]
swahili_text_1959_emotion_1,Kenya media this days si mchezo .kidogo kidogo upate wakianika mzazi kwa TV wakiprove alicheat,['fear'],[],"['disgust', 'fear']",['fear']
swahili_text_5309_emotion_1,Hii homa watu wanaongelelea si ni covid tu?,[],['surprise'],['surprise'],['surprise']
swahili_text_418_emotion_1,Uluya ni calling uyu anatusho alienda kibanda akaitisha ugali tatu akawekewa ka popcorns itabidi amelala njaa,['surprise'],['surprise'],[],['surprise']
swahili_text_3328_emotion_1,Laka ni mbwa,['anger'],['anger'],['anger'],['anger']
swahili_text_2699_emotion_1,"Ngware alfajiri tuko on,unaeza dhani ni majira",[],[],['surprise'],[]
swahili_text_1306_emotion_1,Been travelling since 2pm..hii safari ni ndefu kweli,"['anger', 'disgust', 'sadness', 'surprise']",['surprise'],[],['surprise']
swahili_text_4097_emotion_1,Going through our childhood photos na ni kama am going to be rich through blackmail juu we hawa si nyinyi😂😂,"['joy', 'sadness']",['surprise'],['surprise'],['surprise']
swahili_text_1585_emotion_1,"Lakini niukuwa na jokes mingi za kizungu,nivenye hamuwezi elewa.","['joy', 'sadness']",[],['joy'],['joy']
swahili_text_1069_emotion_1,@EvaMwalili  @Milele_FM #barakaZamilele Asante Yesu kwa Afya,['joy'],['joy'],['joy'],['joy']
swahili_text_5260_emotion_1,kaswende ni nini?,[],['joy'],[],[]
swahili_text_1761_emotion_1,"Mnakuanga mmemud local women, hawananga hopes za healthy relationships 😂",['sadness'],['joy'],['joy'],['joy']
swahili_text_5077_emotion_1,Be very careful we listening to the kenyan media sio yote wao usema ni ukweli,"['fear', 'sadness']",['surprise'],[],[]
swahili_text_5261_emotion_1,@kinyuaWaMuthoni Kama sio mzungu hata sijui owich angeka anatumia bundz gani,[],['joy'],['surprise'],[]
swahili_text_4433_emotion_1,"AU Summit focuses on reforms, free trade area  #30thAUSummit",[],[],[],[]
swahili_text_4619_emotion_1,"Lakini sio ati watu wako bitter, ni njaanuary, otherwise mngekuwa mnatwitpic ma picha za lunch saa hii.",[],['joy'],['sadness'],[]
swahili_text_2453_emotion_1,@Kalahari_T Zii but sasa huyo ni nani shuali?,"['anger', 'sadness']",['anger'],['surprise'],['anger']
swahili_text_1691_emotion_1,hao wa mama wa twitter walikua wanapandisha kijojo nduthi juu ya njabo alafu mnasemaga malaya wako sabina joy hahah,['disgust'],['surprise'],['surprise'],['surprise']
swahili_text_2719_emotion_1,Hakuna taasis ya Serikal wala binafs iliyojenga nyumba za bei nafuu.Serikal itaanzisha Sheria ya Mamlaka ya Kuratibu Shughul za Ujenz-Lukuvi,[],[],['surprise'],[]
swahili_text_4413_emotion_1,Academic writing ni kama uchawi.. Ni ngumu kupata mwenye anasema anajua akufunze,[],['surprise'],['disgust'],[]
swahili_text_574_emotion_1,"Nadai kama kapa kumi, Mungu fanya maneno yako 🤲",[],['joy'],[],[]
swahili_text_5121_emotion_1,Saidieni Hio Ninja na Pads,['disgust'],[],[],[]
swahili_text_3033_emotion_1,Nko na mzae kwa Gari zero Vibe Heri ningebaki na shosh,[],['sadness'],"['disgust', 'sadness']",['sadness']
swahili_text_2045_emotion_1,Vile mimi hucriticize jamaa za ngwai tukiwa na mzae wangu kills me inside,['surprise'],"['joy', 'surprise']",['sadness'],['surprise']
swahili_text_1416_emotion_1,@Kenyans The kind of people who should be removed hawa watu wachie wengine chance,"['anger', 'disgust']",[],[],[]
swahili_text_1535_emotion_1,@RadioCitizenFM @FredMatiangi KUTOKA KATI KATI YA VIOSK VYA NRB HADI COUNTY YA MAGENCHE TUNED,[],[],[],[]
swahili_text_527_emotion_1,@chipukeezyvini wewe pia mimi nawapigia niwapee mashida zangu i also have a merry go round lovin ua show lakini,['fear'],['joy'],['sadness'],[]
swahili_text_143_emotion_1,LEO SILIPI TAXI KWENDA HOME! I BETTER WALK!!!!,['anger'],['anger'],['anger'],['anger']
swahili_text_1737_emotion_1,@HonWetangula WEWE UNAPIGWA NA BIBI  KAA CHINI,['anger'],[],['disgust'],[]
swahili_text_2005_emotion_1,Uzuri kitu ilinisaidia ni hii kuongea soprano so soldier hakugundua.,[],[],[],[]
swahili_text_321_emotion_1,Haha 3-0 haha kwani hawa makoreans hawaoni yawa!,['joy'],['sadness'],['joy'],['joy']
swahili_text_1360_emotion_1,Sai nataka nioge nikate hadi zilipuke,[],['disgust'],[],[]
swahili_text_3012_emotion_1,Redrawing is zero pain tbh. Sasa part ya fingers ndio naogopa 😂,['fear'],['disgust'],['fear'],['fear']
swahili_text_1059_emotion_1,Leo watu wa downtown wamengara,['surprise'],['surprise'],[],['surprise']
swahili_text_2714_emotion_1,Kuna boyz wetu tuliita dunda akasema hana pesa tukamwambia tutamsponsor akasema hataki kuenda huko ye ndiyo ananunuliwa ni kama hana wazazi😂😂😂😂😂,['joy'],['joy'],['joy'],['joy']
swahili_text_5244_emotion_1,Wale wanapenda rock ni illuminati tu,[],['surprise'],[],[]
swahili_text_945_emotion_1,Swapiano ni gani tena?,['surprise'],[],['surprise'],['surprise']
swahili_text_4714_emotion_1,"Dunia haina mwenyewe..Leo kwangu kesho kwako,mungu hana ubaguzi @QwetuRadio @vincentateya @mastermogaka @paulLugai @WerreChris #QwetuAsubuhi",[],[],['sadness'],[]
swahili_text_699_emotion_1,Kwani nyinyi madame muliambiwa mkisupport Liverpool hamtapata boyfriends? Mbona kupata ata mmoja hapa ni ngumu... Smh,['disgust'],['surprise'],['sadness'],[]
swahili_text_1276_emotion_1,SHUKRAN kwa kuungana na kikosi cha #JamboKenya Kigogo @Luchivya @inspektamwala na @wilbrodanyamin  kuanzia 5-9am Twakuacha na #ChapaKazi,['joy'],[],['joy'],['joy']
swahili_text_4082_emotion_1,@WanandegeSacco Karibu,[],['joy'],['joy'],['joy']
swahili_text_2345_emotion_1,Kikuyu single mothers will ensure that their son gets their feminine names. Kuna jamaa nimekuwa nikimuheshimu sana Hadi nlipogundua anaitwa Muthoni,['surprise'],['joy'],['disgust'],[]
swahili_text_2894_emotion_1,"Lakini mbona small small things huwakasirisha? Hamskiangi kama mmechoka mkikasirika aki? Anyway, si ni life tu ama?🤷🏾‍♂️",['surprise'],['sadness'],['sadness'],['sadness']
swahili_text_813_emotion_1,Kwani hawa watu wa saf com wako aje,['anger'],['surprise'],['surprise'],['surprise']
swahili_text_4713_emotion_1,Si huyo caroline mutoko mulisema ni NIS? 🤔 Hakuna surprises hapo,[],[],['surprise'],[]
swahili_text_1433_emotion_1,@MarthaKarua @StateHouseKenya @DrAlfredMutua Tumerudi kwa KENYA ya ZAMANI.,"['anger', 'sadness']",[],[],[]
swahili_text_2184_emotion_1,NKT!! SASA TUKO KWA MATATU AU MKOKOTENI. MVUA TU KIDOGO NANYESHEWA NI KAMA NIKO NJE.,['anger'],[],['anger'],['anger']
swahili_text_1970_emotion_1,Huku leafy suburbs of Waithaka ni kama tuko Russia buana..... Kanyunyui kamejificha na huko ndani siiieeeet,"['anger', 'disgust']",['surprise'],['disgust'],['disgust']
swahili_text_718_emotion_1,We used to call each other kumbafu sai sijui what happened ama it's like kila mtu amekua mwerevu ameenda zake 😔 😟,['disgust'],['surprise'],['sadness'],[]
swahili_text_764_emotion_1,"Wali ban plastic bags.. Zile za green, yellow na black zika lost lakini watu wa jaba bado wako nazo",['surprise'],['surprise'],['sadness'],['surprise']
swahili_text_4736_emotion_1,This women smh ati mkate ni yuck but dick za strangers ni yum,['surprise'],"['disgust', 'surprise']",['disgust'],"['surprise', 'disgust']"
swahili_text_1040_emotion_1,Kuna CID fulani  jirani yangu mlango yangu inaface yake  mzae aliacha anichungulie  huku Pangani it is now 3 months hajai niona leo amepigiea mzae kuumuliza  ka nilihama ama bado niko kwa hiyo keja 🤣🤣🤣🤣🤣🤣🤣🤣🤣,['sadness'],['surprise'],['joy'],[]
swahili_text_4754_emotion_1,Mimi pia nililipa dstv thao kumi na hawajarenew subscription.,"['anger', 'sadness']",['surprise'],['anger'],['anger']
swahili_text_282_emotion_1,Kitu najua kuna watu hawana cha kulose in all this,"['disgust', 'sadness']",['sadness'],['sadness'],['sadness']
swahili_text_1378_emotion_1,Ukiona anakuzungusha sana we mwambie akuuzie bana life is too short😁,"['anger', 'disgust']",['surprise'],['joy'],[]
swahili_text_1825_emotion_1,@RadioCitizenFM @SyombuaOsiany KUTOKA KATI KATI YA VIOSK VYA NAIROBARI HADI COUNTY YA MAGENCHE NAWAKILISHA BOGISIANKIO MOGUMO HOME SALIMIA BABANGU OMWALIMU MORONYA OYENDE NA MAMA JANE OKENYURI MORONYA BY OMWAMBA MORONYA AMACHIKO #WinguLaBaraka https://t.co/dMiFhqviyZ,[],[],[],[]
swahili_text_3371_emotion_1,Uliye wa thamani kushinda wakerubi Unaye utukufu kupita Vila kiasi waserafi Uliye Mungu Neno Uliye Mwana wa Mungu kweli tunakusujudu #tenzi,['joy'],['joy'],['joy'],['joy']
swahili_text_3099_emotion_1,@EvahMwalili @Milele_FM Keroka kisii tumekubaliana na Mungu na tumeteka anga pamoja. #BARAKAZAMILELE,[],['joy'],['joy'],['joy']
swahili_text_4373_emotion_1,Mtu nilipelekea nguo ashone ni ka alienda christmas pia what if zilikuwa za christmas,"['sadness', 'surprise']",['surprise'],['sadness'],"['sadness', 'surprise']"
swahili_text_4893_emotion_1,"Niliambiwa niende pale frontilne church siku moja niongee. Eee apana nilisema tu ""God is good, He is good and that's His nature!"" Siezi afford kuongea vitu mingi kujifanya. Hawakuwai niita tena 😏😏😏🙁",[],"['disgust', 'joy', 'sadness', 'surprise']",['joy'],['joy']
swahili_text_3577_emotion_1,"Mungu Baba wa Abraham,Daudi na Jacob 😲",[],[],['joy'],[]
swahili_text_3242_emotion_1,Kumbe hii kimtu kinajiita Robert Alai ni mca 🤣🤗,['anger'],['surprise'],['surprise'],['surprise']
swahili_text_4853_emotion_1,Mchali lightskin ndo wanaoga na hii  weather sisi wengini ni passport tu tukisonganga,[],['joy'],['joy'],['joy']
swahili_text_1617_emotion_1,Kuna dem ameambiwa matiti zake ni chopi kumliko,"['disgust', 'sadness', 'surprise']",[],['disgust'],['disgust']
swahili_text_3796_emotion_1,Ruto's first attempt to presidency ni kama ile dem virgin akishika mimba first seggz hahaha,['disgust'],['joy'],"['disgust', 'joy']","['disgust', 'joy']"
swahili_text_24_emotion_1,@ItsJobu Haha mimi uskia kucheka unajua i was olaying lowkey huyo jamaa alikuwa ananitusi daily kisha akaniita ungreatful cunt na ata mi i was minding my business ..but juu ni kilunda hana makosa 🤭,['joy'],['anger'],['joy'],['joy']
swahili_text_3323_emotion_1,"Kuna mtu anasema ati #edgarobare humoarn during sex, eti ako na umama sana!",['surprise'],['surprise'],['disgust'],['surprise']
swahili_text_2553_emotion_1,Mtu akiniona hapa hawezi sema mimi ndio nilikuwa napea grasshoppers nyasi nikiwa nimezitoa miguu yote!!!! https://t.co/UraERwAYZa,['surprise'],['disgust'],['surprise'],['surprise']
swahili_text_3972_emotion_1,UHURU TANO TENA!,['joy'],['joy'],['joy'],['joy']
swahili_text_4353_emotion_1,nairobi peeps be blowing errthing out of proportion smh hata hiyo mvua pia ilinyesha huku jana,['disgust'],['fear'],['surprise'],[]
swahili_text_5169_emotion_1,Yaani mnapenda gin hivyo tu bila a gun to yuwa heads?,[],['surprise'],"['joy', 'surprise']",['surprise']
swahili_text_3203_emotion_1,Huyu anasema hivi juu huwa mnamuingilia akireply tweet za elon musk https://t.co/Eb8FuCR8eu,['sadness'],['joy'],['surprise'],[]
swahili_text_2482_emotion_1,"Kuna time nmeenda shule bare footed,  no break fast sometimes no lunch.  Hii kukula ni conditioning.  Unaweza condition your body to eat once every 48 hrs btwy",[],['sadness'],['sadness'],['sadness']
swahili_text_1447_emotion_1,"Hiyo upepo imebeba stima, acha niweke hii nilale. https://t.co/bzMh3ds0qs",['surprise'],['joy'],['anger'],[]
swahili_text_2485_emotion_1,Unadhani amepotea sana kumbe ni mimba anaficha,[],['surprise'],['disgust'],[]
swahili_text_4573_emotion_1,Na vile hao ma father wa catholic huletewa zawadi mob sunday😂😂 mbona wakule mabibi za watu??,"['disgust', 'surprise']",['joy'],['disgust'],['disgust']
swahili_text_1573_emotion_1,Hii mvua nayo inyeshe.,"['anger', 'disgust']",['anger'],[],['anger']
swahili_text_2003_emotion_1,"@Safaricom_Care @Safaricom_Care  @SafaricomPLC  Bana hamtaki kunipea fuliza,na transaction nafanya ni most,imagine naopt in alafu inakataa,mshwari yangu pia haifanyi,mnataka niahamie telkon na vile bundles zenyu si huwasaidia tu pesa💔💔💔😭😭😭😭😭",['sadness'],['sadness'],['sadness'],['sadness']
swahili_text_5139_emotion_1,Nasa wanachangamkia hii story ya jimmy wanjigi design ya venye watu hucheka dry jokes za jamaa ule anabuy mzinga,['disgust'],['surprise'],['joy'],[]
swahili_text_336_emotion_1,@m_oush but it hapens evrywea kuna hii nugu alipewa awe CEO akadai eti pesa zitakua controled eti 4 library n catering tu,['anger'],['anger'],['sadness'],['anger']
swahili_text_2009_emotion_1,@Olez I am telling people Kiambu road has not rained even a drop watu hawaamini,['surprise'],['surprise'],[],['surprise']
swahili_text_400_emotion_1,"Alafu juzi nkaringa vile nimeenda IMAX, kuulizwa kunakaaje msee nilisema vile nilichoma sikumbuki any","['joy', 'surprise']",['surprise'],['surprise'],['surprise']
swahili_text_511_emotion_1,@korir_abreu @Hot_96Kenya @elvo_sniper #dropzonetakingover  @BrianOmache  SHIX KAYOLE SAUTI YAKO LOVELY ISHA FIKA,[],['joy'],[],[]
swahili_text_502_emotion_1,@Ongwenyi_Kibai Deni ya uhai kwa mwenyezi Mungu,[],['joy'],[],[]
swahili_text_749_emotion_1,wailer must be one strong chap bana dem yake saa hii ako labda na oti womb ime shiftiwa place yeye hajai fika,['surprise'],['surprise'],[],['surprise']
swahili_text_1781_emotion_1,@ItsArapKemboi Asanti kwa kutusikiliza #ChrisNaTrickyMilele,['joy'],[],['joy'],['joy']
swahili_text_4112_emotion_1,Na harufu inatoka ni kama alikula mzoga nkt,"['anger', 'disgust']",['disgust'],"['disgust', 'sadness']",['disgust']
swahili_text_3967_emotion_1,Lakini mtu atahata works on monday ni kihii.,['disgust'],['fear'],['anger'],[]
swahili_text_81_emotion_1,@itsangelkelly Shukrani sana. Habari za uliko,['joy'],[],[],[]
swahili_text_3507_emotion_1,Seems like Azimio wameibiwa but hawajui ni how😂😂,['fear'],['surprise'],[],[]
swahili_text_1298_emotion_1,@YangyRoyal #IAmAReason  @Hot_96Kenya @IAMRAPCHA @shicoshix  #dropzonetakingover  NAFUNGA CLIDE NDIO NIPATE CHANCE YA KUNYONGA SHIX,[],['fear'],[],[]
swahili_text_4052_emotion_1,@Milele_FM @Paulomuchesi @cedrick_shiks #BarakaZaMilele KAWANGWARE MLANGO SOKO TUNABARIKIWA NDANI #BARAKAZAMILELE,[],['joy'],[],[]
swahili_text_1739_emotion_1,Lazma Kijana wa Bandari angefunga,[],[],[],[]
swahili_text_1563_emotion_1,Mmesema UCL ikuwe Jehova witness Arsenal watangoja mlango igongwe like vile tunawait 2nd coming of Jesus.,['surprise'],[],['surprise'],['surprise']
swahili_text_37_emotion_1,President akikagua gwaride. Ni nini huwa anakagua specifically?🤣🤣,['surprise'],['joy'],['joy'],['joy']
swahili_text_5241_emotion_1,@GukenaFMKenya kwa mtambo Sana,[],[],[],[]
swahili_text_313_emotion_1,Nikama naenda kwa Baba,['fear'],['fear'],['sadness'],['fear']
swahili_text_1379_emotion_1,Lakini unaweza skia second half wamepewa pena tano na hivyo ndio wakashinda,['surprise'],[],['disgust'],[]
swahili_text_4669_emotion_1,@broke_jk @ZPlanmaster Nashuku Mungu kwa kuniwezesha kuiona Siku hii @smokeoh,['joy'],[],['joy'],['joy']
swahili_text_5432_emotion_1,Utatumia aje mwanaume mwenzako pesa afadhali hio pesa utupe ana ubet iogelee,"['anger', 'disgust']",['surprise'],['disgust'],['disgust']
swahili_text_369_emotion_1,saa p n mamake wameamka wacha nirudi ni kasirikiwe,['anger'],['sadness'],[],[]
swahili_text_2534_emotion_1,Si hawa washenzi wanaudhika venye hawapatani na watu huko nje,['anger'],['anger'],['anger'],['anger']
swahili_text_300_emotion_1,😂😂😂😂 sasa mbona huyu mama anapost nudes na ni mzee,"['disgust', 'surprise']",['disgust'],"['anger', 'disgust', 'sadness']",['disgust']
swahili_text_1841_emotion_1,"hehe halafu ni kama watu wameshindwa kuspin hii story ya doctors, even former activists hahaha",['surprise'],[],['joy'],[]
swahili_text_1159_emotion_1,Yani nilikuwa na hopes za kupata bae bt sai zime die,['sadness'],['fear'],['sadness'],['sadness']
swahili_text_4056_emotion_1,Mwanaume hafai kufunga scarf.. unless anajaribu ku commit suicide nayo..  Kuhisi baridi ni uchomoki.,['disgust'],['surprise'],['disgust'],['disgust']
swahili_text_4184_emotion_1,Watu watano ndio walivote laikipia yaani.,['surprise'],['sadness'],['surprise'],['surprise']
swahili_text_117_emotion_1,Sijaielewa hawa watu wana private account pale ig na picha ni tatu,['anger'],['surprise'],"['sadness', 'surprise']",['surprise']
swahili_text_3147_emotion_1,@Shann_099 mmh mtaka cha mvunguni sharti ainame si ww ndo uliinama tena unataka nkuinue shenzi😂😂😅🤣🤣,['anger'],['surprise'],['joy'],[]
swahili_text_1803_emotion_1,"@alawiabdul anachapana vitu, huyo wife wake ndio agent wake he does what she says",['surprise'],[],[],[]
swahili_text_60_emotion_1,Unapita sehemu ukiteleza ninja zinadhani we ni tajiri,['anger'],['sadness'],['surprise'],[]
swahili_text_867_emotion_1,Mlisema kaa sufuria ni kubwa unapitisha mwiko kando kando😋😂😂,['surprise'],"['disgust', 'surprise']","['joy', 'surprise']",['surprise']
swahili_text_5246_emotion_1,Ok hii ni ile siku madem hawapatikani skype,[],['surprise'],[],[]
swahili_text_4760_emotion_1,"@KareyTess Unaona vile watu hu gas skinny niggas.. ikiwa ni madem, mambo inakuanga different 😂😂",[],['joy'],[],[]
swahili_text_836_emotion_1,Nime blockiwa hadi na grace msalame yeye ni nani,['anger'],['sadness'],['surprise'],[]
swahili_text_896_emotion_1,Ati who is the chief justice of Kenya 5000 send your answers to ....  Huo  ni upuuzi nanii..wakenya msiibiwe hawa  ni Makanyari pia,['anger'],['anger'],"['anger', 'sadness']",['anger']
swahili_text_3053_emotion_1,The Comprehensive African Agriculture Development Programme has been formed under AU to enhance growth and create wealth through agriculture,[],['joy'],[],[]
swahili_text_4017_emotion_1,Wanaume wakubwa wanakaa chini na wanaamua kuwatch Maria lmao,['disgust'],['surprise'],['sadness'],[]
swahili_text_5137_emotion_1,Hii space ni kila mtu ako nayo or the chosen few,['surprise'],['surprise'],['surprise'],['surprise']
swahili_text_5226_emotion_1,Ati kunakuwa kubaya mpaka mnatokea appointment with your own HIV test kits badala ya kondiko?,['surprise'],['joy'],"['joy', 'surprise']","['surprise', 'joy']"
swahili_text_2863_emotion_1,Nime furahia kwa keshi ya Uhuru kuisha,['joy'],['joy'],['joy'],['joy']
swahili_text_2512_emotion_1,@NakobaN  Sasa,[],[],[],[]
swahili_text_4524_emotion_1,Naishaaa😂😂😂 watu hawajagusa  game,['joy'],['joy'],['joy'],['joy']
swahili_text_4602_emotion_1,"Utajiri, hekima na elimu ya Mungu ni kuu mno! Huruma zake hazichunguziki, na njia zake hazieleweki! Kama yasemavyo Maandiko Matakatifu~Waroma 11:33",[],[],[],[]
swahili_text_3070_emotion_1,"Jesus alihurt Romans alikuwa anawaambia eti yeye ni baba yao, imagine kuambia mtu mwenye amefiwa ati wewe ni baba yake.","['disgust', 'sadness']",['sadness'],[],['sadness']
swahili_text_106_emotion_1,@AsaadQuincy Pole sana,['sadness'],['sadness'],[],['sadness']
swahili_text_1090_emotion_1,Spotify ni mafala nimechane playlist na bado inaplay masong za mapenzi 🚮 me nmekubali nko single 🚸 but say high to your girlfriends,['disgust'],['surprise'],['joy'],[]
swahili_text_1957_emotion_1,"@mwabilimwagodi Siku zote mimi najua mwanamke mja mzito ni ""mama kijacho""",[],['joy'],['surprise'],[]
swahili_text_1883_emotion_1,Hahaha a kidogo walk around this town kila mtu ni 'Pewa pewa' @kisingamwaki ikalaa umatanithyitye,['surprise'],['joy'],['joy'],['joy']
swahili_text_1215_emotion_1,"@hmmuigai Mum tried the dairy... Akarudi pale pale.,it would be okay if the system worked. Ie farmers are paid fairly for a litre and on time. It's a business. If your purchaser exceeds 45 days of payment.. Unaanza kufund biashara mwenyewe wacha ikae imagine","['disgust', 'sadness']",[],['sadness'],['sadness']
swahili_text_4980_emotion_1,@andsjeff Ukoloni mambo Leo,[],[],[],[]
swahili_text_3284_emotion_1,Siku moja mtajaribu hiyo ujinga mnafanyia morara upate KOT yote imepull up tuwacharaze ka maghasia.,"['anger', 'disgust']",['surprise'],['anger'],['anger']
swahili_text_4103_emotion_1,Kuna mchuuzi hapa alikuwa anawauzia illegal arms ie pepper spray and teasers akidai ako na license for each 😂 😂 😂,['joy'],['surprise'],['joy'],['joy']
swahili_text_4547_emotion_1,@RadioCitizenFM Pamoja Githurai 45,[],[],[],[]
swahili_text_509_emotion_1,Kila mtu ni plug wa ticket hapa.  Wacha ningojee last day ndio nibuy ticket na bei nafuu,['fear'],[],[],[]
swahili_text_1127_emotion_1,Mnataka Malaya wabadilishe tabia alafu sisi wenye tunawapenda tufanye nini??,"['fear', 'sadness']",['anger'],"['anger', 'surprise']",['anger']
swahili_text_2288_emotion_1,@herboldsoul Tuulize shule za Gumbaru,[],[],[],[]
swahili_text_1971_emotion_1,Nilisema hapa juzi mkinyima hawa watu mshahara watarudi shule before 5th. Those loans can't pay themselves fam. Though they should be paid.,[],['surprise'],[],[]
swahili_text_4393_emotion_1,Ex vajo anakuanga weak niggah unafikaje mpaka dem anakua comfortable kukushow about boy wake,['surprise'],['surprise'],['surprise'],['surprise']
swahili_text_1218_emotion_1,Me siwezi lipa dm mahari fuck hiyo shit,"['anger', 'disgust']","['anger', 'disgust']",['disgust'],"['anger', 'disgust']"
swahili_text_2171_emotion_1,Wacha nipande rooftop nionyeshe hii jua kuwaka ni nini🫴,[],['surprise'],['anger'],[]
swahili_text_3461_emotion_1,@Wakenya_Pamoja Leadership if you ask me and dedication #KenyaMbeleLove,[],['joy'],[],[]
swahili_text_2812_emotion_1,Previously on Abby Vs whoever is trying to get her kicked ourra here... Sijui niandike thread 😹😹 nimetoka Kwa pool nikona psych mwenda 😹,"['disgust', 'sadness']",['disgust'],['joy'],['disgust']
swahili_text_1804_emotion_1,Ushai kunwa mbaka ukaskia u want again ama nyi ni wenye mnakunwa mnasema imetosha😂😂,[],['joy'],['joy'],['joy']
swahili_text_3514_emotion_1,Kuna dem amebeba kwenda huku supa,['joy'],['surprise'],[],[]
swahili_text_3434_emotion_1,Nimeuliza huyu dem kama yeye ni mvua juu ananyesha sahii sioni Dp 😂😭,['disgust'],"['disgust', 'surprise']",[],['disgust']
swahili_text_4949_emotion_1,@MigunaMiguna Utakaa canada sana na ujinga yako,['anger'],['anger'],['anger'],['anger']
swahili_text_2591_emotion_1,Ila huyu Borthwick Jackson alikujaje kuwa footballer?,['surprise'],['surprise'],['surprise'],['surprise']
swahili_text_269_emotion_1,Hawa watu mnaamkaga na asante mko sure mnaamkaaga mnapata mlilala na yeye?,['disgust'],[],['surprise'],[]
swahili_text_5371_emotion_1,Mnasema Mimi chokoraa wa 2.5k followers iyo indomie hawaezi ni surprise??,[],['sadness'],['joy'],[]
swahili_text_2568_emotion_1,#NiajeNiaje brown gal apo apo hadi tamati plz nichezee hii goma mi udai daily naunichezei ..ashu mufukoni by neccery noise inabambe nikiwa apa rongai😃😃😃😃,[],[],['joy'],[]
swahili_text_697_emotion_1,I have decided from today nakatia madem wa ushago wale wamekuja kuchanuka Cole nai. Hizi slay queens ni ma ndume.,['disgust'],"['anger', 'sadness', 'surprise']",[],[]
swahili_text_2113_emotion_1,Juu we nimasikini ndiyo maana ukipewa doo unaona unapendwa 💔🤣,"['disgust', 'sadness']",['joy'],['disgust'],['disgust']
swahili_text_5317_emotion_1,Huyu msee ameimba dame wako handsome pandemic anakaa mzee kuniliko bana na mimi ni mzee ta gui😂,[],['anger'],['joy'],[]
swahili_text_3526_emotion_1,@Muniu_Muniu Tutapumzika kwa kaburi,"['disgust', 'sadness']",['sadness'],['anger'],['sadness']
swahili_text_5218_emotion_1,Converse za kesho zinakauka,[],[],[],[]
swahili_text_2827_emotion_1,Ruto drinks water. The crowd: 👏 👏 👏   Ni kama waliambiwa kama hawapigi makofi hawatapewa fare,['surprise'],['surprise'],['disgust'],['surprise']
swahili_text_2738_emotion_1,"Mwanaume ni kuficha machozi, haha",[],['joy'],['joy'],['joy']
swahili_text_517_emotion_1,Instead mtu atopoe maisha ni mwili tu ameshinda akitopoa.,['disgust'],"['disgust', 'sadness']",['sadness'],"['disgust', 'sadness']"
swahili_text_1258_emotion_1,"huyo amefanya kama Mollis..,si thats how the audio was leaked ama","['sadness', 'surprise']",[],['surprise'],['surprise']
swahili_text_4047_emotion_1,Ka ingekuwa spesa ukilose bet wanakujia pesa yao ka rent hawangewahi nipata kwangu,['fear'],['sadness'],[],[]
swahili_text_38_emotion_1,ati mmesema wazazi wa kimpembe walikuwa wanalala room yake wakiogopa usiku,['fear'],['fear'],['fear'],['fear']
swahili_text_2146_emotion_1,Mwanaume mgani anakasirikiwa leo for being born a man?,"['disgust', 'surprise']",['joy'],['surprise'],['surprise']
swahili_text_983_emotion_1,Shukran kwa kuwa nami katika mpango wa #RogaRoga naondoka sasa #HappyEasterWeekend,['joy'],['joy'],[],['joy']
swahili_text_2517_emotion_1,"Adelle na hizo pearcings zake huwa anavaa shorts zingine za jeans anakaa chali smh, alafu nigga hapa zinasema ni msupuu --&gt; \__",['disgust'],[],"['anger', 'disgust']",['disgust']
swahili_text_968_emotion_1,Men are cruel kamami na unatumia pesa yao hahahaha,['fear'],['surprise'],['surprise'],['surprise']
swahili_text_4808_emotion_1,Hao wasee wa bodaboda walikuwa wameishi dry spell mbaya😂😂😂💔,[],['joy'],"['disgust', 'joy']",['joy']
swahili_text_2801_emotion_1,Meanwhile nimeskia wamama wa ploti hapa nje wakisema 'unaona hawa wanaume wanaandika andika kila… https://t.co/0mkONyhO9m,['surprise'],['surprise'],[],['surprise']
swahili_text_4152_emotion_1,"To bad you won't be with ""the dog""you shot..malipo ni hapa hapa duniani",['sadness'],['sadness'],['anger'],['sadness']
swahili_text_3803_emotion_1,Oya @Kane_Mataza_ tuma za Mnazi,[],['joy'],[],[]
swahili_text_3818_emotion_1,Asante kwa kazi nzuri https://t.co/OxJZM5UsbV,['joy'],['joy'],[],['joy']
swahili_text_2473_emotion_1,"Duka zingine surely unafaint aje karibu na shop unapewa maji😂😂😂what happened to soda,ndizi na mkate zinauswa hapo surely 🤔mimi kuna shops zitawai faint tena karibu nazo😂😂😂😂",['sadness'],['joy'],['joy'],['joy']
swahili_text_3216_emotion_1,Unakaa Diego Costa na unadai wewe ni 18......hiyo ni thate fae,['anger'],['surprise'],['surprise'],['surprise']
swahili_text_1470_emotion_1,Nakula kwa macho 👀👀😋  #FridayTurnUp,['joy'],['joy'],['joy'],['joy']
swahili_text_4965_emotion_1,Mdomo yawa itauwa wasee wengine,"['anger', 'sadness']",[],['joy'],[]
swahili_text_3899_emotion_1,And btw Zaha is auditioning for a big club shida ni it's like alirogwa no one comes for him,['surprise'],['sadness'],['sadness'],['sadness']
swahili_text_2176_emotion_1,@shee_bree jana uliambiwa nilikua nakutafuta?,[],[],[],[]
swahili_text_58_emotion_1,Acha nichukue hio screenshot itacome in handy siku moja but for now siwezi rt,['anger'],[],['surprise'],[]
swahili_text_2081_emotion_1,Lakini nini husumbua hawa magaidi??,['anger'],['anger'],"['anger', 'disgust']",['anger']
swahili_text_3309_emotion_1,Alafu this month unapigia msee mwenye hujapigia in a while anadhani unataka kumwomba pesa kumbe ni deal ilikuwa imeingiana unataka mchape na yeye.,['disgust'],['surprise'],[],[]
swahili_text_2652_emotion_1,@JamstaMusic_ Alas ni ukweli juu kuna kenye napenda nilikuwa nakakatia alafu kueka pic hapa walikuwa hapo wakiniita bure na nikasuspect haha waaaaah,"['sadness', 'surprise']",[],['joy'],[]
swahili_text_4165_emotion_1,@ChinuaChepe Tukaze hapo kwa Emmen sana,[],[],[],[]
swahili_text_2415_emotion_1,Kwani kunanyesha hapo inje?,[],['surprise'],['surprise'],['surprise']
swahili_text_3745_emotion_1,Mwanaumme ni kukiss dame wake kila wakati ndo asiongee maneno mob.,['fear'],['surprise'],['joy'],[]
swahili_text_1826_emotion_1,Kuna manjege wa traffic huwa hapo githu uki ingia rounda maguys huwa tu blatantly corrupt. Ngware una patanga wame panga laini wakikula mat na lorry bila aibu. Unalipa kah ume songanga,"['disgust', 'surprise']",[],['disgust'],['disgust']
swahili_text_5187_emotion_1,"Mimi nikiwa Wateba hakuna kufanya damage control, mwanaume ni kujifanya hujui what's going on",[],['joy'],['joy'],['joy']
swahili_text_377_emotion_1,Kama hamwes nisupport si msupport prince raymond basi msikuwe hivo,['sadness'],['anger'],['sadness'],['sadness']
swahili_text_702_emotion_1,"Everyone who meets me is like ""aki wewe ni mfupi"" nirefuke niende wapi??",['fear'],['surprise'],['anger'],[]
swahili_text_3879_emotion_1,@inooroke Salimia all Laikipians na Tuko pamoja saana,[],['joy'],['joy'],['joy']
swahili_text_3521_emotion_1,"In this country of ours, its kings who walk bare foot while servants ride on horses - ni hayo tu kwa sasa",['sadness'],['surprise'],"['anger', 'disgust']",[]
swahili_text_3411_emotion_1,@KENT4890 Ndio. Kwani nilitaka kuanikwa kila mahali nikijivinjari?,['surprise'],['disgust'],['sadness'],[]
swahili_text_784_emotion_1,Adi lec amenicall kuniuliza ni nini hizo niliandika😂😂,['surprise'],['joy'],['surprise'],['surprise']
swahili_text_623_emotion_1,Kuishi na auntie ni mbaya? Lol,['anger'],['sadness'],['surprise'],[]
swahili_text_4514_emotion_1,Jana niliambiwa nisikunywe vitu baridi.. now see who is suffering.,['sadness'],['sadness'],['disgust'],['sadness']
swahili_text_1608_emotion_1,Ile masaa watu hulaliana ndio hii sasa,[],[],['joy'],[]
swahili_text_4849_emotion_1,@tomchilande @waluwande Sasa si hawa ni wa juzi ama Wewe ndio unagrow up sahii?,['surprise'],[],['surprise'],['surprise']
swahili_text_4360_emotion_1,Ka kuna kitu naogopa ii dunia ni kudonate damu,['fear'],['fear'],['fear'],['fear']
swahili_text_5115_emotion_1,iMugeh kujiweka kwa menjon za watu na mahun,[],[],[],[]
swahili_text_1511_emotion_1,Me hufurahi sana nikikunywa na watu wangu,['joy'],[],['joy'],['joy']
swahili_text_5370_emotion_1,@EvahMwalili @Milele_FM Mungu Ni Mungu tu,[],[],[],[]
swahili_text_922_emotion_1,Goalkeeper 🥅 wa Senegal na defender wake wanafanyiwa bad things hahaaa,['sadness'],['surprise'],['joy'],[]
swahili_text_1626_emotion_1,CRYPTO IS  THEE NEWWW WAYYY GUYSSS KENYAN YOUTHS WAKE UPPPPPP,['disgust'],['joy'],['joy'],['joy']
swahili_text_296_emotion_1,@Kenyans Kama Biro alinunua this nane si atauza mpaka free issued gvt condoms,['surprise'],['disgust'],"['disgust', 'surprise']","['surprise', 'disgust']"
swahili_text_2099_emotion_1,@king_hysteria Acha mvua iishe kwanza kwetu ni huko vikwatani sahii kuna matope.,[],"['joy', 'surprise']",[],[]
swahili_text_55_emotion_1,Kwani watu wote wenye huwa na vipara huvaa miwani?,['surprise'],['surprise'],['surprise'],['surprise']
swahili_text_1849_emotion_1,"My neighbors kid can’t stop crying, ingekua back in the day ilekofi angewekelewa watoto wasikuhizi wako na bahati sana.","['anger', 'disgust']",['joy'],[],[]
swahili_text_4709_emotion_1,Wale wamama walikuwa wa undress juu waiguru wanavua lini,[],[],['disgust'],[]
swahili_text_3484_emotion_1,Si mniambie ni gani hii pls https://t.co/EDAUTlFMLq,['fear'],[],['fear'],['fear']
swahili_text_3135_emotion_1,"If bad decisions had a name ingekuwa Wenger, hizi ni sub gani anafanya sasa?",['anger'],['anger'],['sadness'],['anger']
swahili_text_806_emotion_1,@zubeidahkananu @KTNNews @loftymatambo #JukwaaLaKtn Nimejiunga na Ndugu LOFTY kwa kipindi cha Cerebral Palsy,[],['joy'],['fear'],[]
swahili_text_1043_emotion_1,@FirstLadyKenya @PresidentKE  Tuko Pamoja,[],[],[],[]
swahili_text_3983_emotion_1,"Mlisema mtu akidream about you, form inaezakuwa ni gani?",['fear'],['surprise'],['surprise'],['surprise']
swahili_text_4114_emotion_1,VAR inaharibu furaha ya mpira Bana,['sadness'],['sadness'],['anger'],['sadness']
swahili_text_262_emotion_1,5 people amefanya nini tena.Ama alibebwa na upepo jana🤣,['anger'],['surprise'],"['joy', 'surprise']",['surprise']
swahili_text_3317_emotion_1,Hawa ni watu kweli,"['disgust', 'fear']",['surprise'],['joy'],[]
swahili_text_2478_emotion_1,I’m huku near south b na sioni nikienda home anytime soon 😭😭😭,['sadness'],['sadness'],['sadness'],['sadness']
swahili_text_1263_emotion_1,"Eh hio mvua kuharibu maneno. Siezi toka hata, sio lazma koo isafishwe leo","['anger', 'sadness']",['fear'],['anger'],['anger']
swahili_text_268_emotion_1,Na kama wewe ni makasi gang unasema mapema wanaumme wasispend effort ya bure.,['anger'],['anger'],[],['anger']
swahili_text_2135_emotion_1,Mwanaume ni kuwacha viombo zote zichafuke ndio ufikirie kuziosha.,[],['disgust'],[],[]
swahili_text_4940_emotion_1,"Am I the only person huchukia kuona mtu mmoja ama wawili wanalike tweets zako zote fwaaaa, especially ikuwe ni mwanaume",['disgust'],[],['disgust'],['disgust']
swahili_text_2933_emotion_1,"Amua leo umwambie huwa unamtaka, utaogopa hadi lini?🤔☹😂😂🚮💔",['disgust'],['joy'],['joy'],['joy']
swahili_text_2133_emotion_1,Leo karibu nilie bana nikakumbuka zile vitu hii Nairobi imenionyesha nikaona I've been through worse nikawacha hio upus,['sadness'],[],['anger'],[]
swahili_text_2002_emotion_1,Huyo mtu deserves to be conned. Unaimagine mtu anakupigia anasema ni president amekujia bribe na unakubali?,"['anger', 'disgust']",['anger'],['joy'],['anger']
swahili_text_2543_emotion_1,WHAT CAN MURKOMEN PROUDLY SAY HE HAS DONE FOR HIS COUNTY LET ALONE KENYA?WEWE ROKOTA HILE RUTO ANA ANGUSHA MFUKO IKIJAA,"['anger', 'sadness']",[],[],[]
swahili_text_1693_emotion_1,"But those that went on “holiday “ in August, watarudia tena sasa? Heh jameni 😕",['sadness'],['surprise'],['sadness'],['sadness']
swahili_text_5318_emotion_1,@MuthoniKe @NationBreaking @StateHouseKenya @ChineseEmbKenya Btw hawa watu watoke kenya aki we don’t need them anymore what is there use here in Kenya apart from being given works zenye  tunaeza fanya watoke,"['anger', 'sadness']",['joy'],"['anger', 'disgust']",['anger']
swahili_text_3110_emotion_1,Na hawa waingereza wanaendelea tu hata kama siwatakii utamu. Hii pilipili si imeniwasha haki?,['anger'],['disgust'],['sadness'],[]
swahili_text_910_emotion_1,@jamlick__ Shida ni watu wa Twitter hujiona woke hahaha,['disgust'],['joy'],['joy'],['joy']
swahili_text_4301_emotion_1,Ndio Tuko kwa Nyaugenya enroute Nairobi CBD,[],['surprise'],['surprise'],['surprise']
swahili_text_4963_emotion_1,Nini hiyo hawa polisi wa Kenya wanafanya in all honesty??,"['anger', 'surprise']",['surprise'],"['anger', 'disgust', 'sadness']","['anger', 'surprise']"
swahili_text_2565_emotion_1,"Mimi vitu kama Man United haviwezi  nisumbua akili, nina vitu vingi ambavyo vinanisumbua hivi sasa","['disgust', 'sadness']",[],['sadness'],['sadness']
swahili_text_3908_emotion_1,Hawa wasichana wa Nairobi wananitumia picha wakiwa uchi aii 😂 mimi nablock mtu bana sipendi ujinga.,['disgust'],['disgust'],['disgust'],['disgust']
swahili_text_3182_emotion_1,Haha kuna msee alisema zimeshika kuliko laana ya raila very uncouth people 😭😭😂,['fear'],['anger'],['fear'],['fear']
swahili_text_1699_emotion_1,Sasa atii unanikazia nisichekeshe manzi yakoo.. If she finds me funny si anafaa kuchekaa 😂😂the rest ni shida yako 😅,"['disgust', 'surprise']",['joy'],['joy'],['joy']
swahili_text_5105_emotion_1,"Shit just remembered wale watoto walikuwa wanasomea the likes of makini schools, brookhouse, etc still tweet amongst us😂😂",['surprise'],['joy'],['joy'],['joy']
swahili_text_56_emotion_1,Form nikubuy mbwenya zingine juu izi zikifuliwa zinaeza kauka December,['sadness'],['sadness'],['sadness'],['sadness']
swahili_text_2470_emotion_1,"These days i wake up, at the very least, 4 times a night to pee. And drink water. Ungedhani kuna joto. Nikimalizana na hizi dawa nitafurahi mimi",['sadness'],['fear'],['sadness'],['sadness']
swahili_text_375_emotion_1,@SeitaiLeparan Choose who feeds you. Hata mbwa haukulangi mfupa imerushwa na kila mpita njia,"['anger', 'sadness']",['fear'],[],[]
swahili_text_2881_emotion_1,Yikes dem anafanya Pipita akuwe chizi ni kiatu bana hahaaa,['disgust'],['surprise'],['sadness'],[]
swahili_text_5099_emotion_1,@JimJayce lol ata sijui sijabonga nae ntapeana salamu lakini,[],[],[],[]
swahili_text_2284_emotion_1,Some mzungu driving a British Army lorry amegwarwa na Foward Sacco wakishindania space. Anadhani hapa ni kwao 😂😂,"['disgust', 'surprise']",['joy'],['joy'],['joy']
swahili_text_2313_emotion_1,"Next year nayo mtanilipa tu ndio nipige kura, siwezi amka kutafutia mtu kazi mimi akuwe president na connections pia 🙄","['anger', 'sadness']",['anger'],['sadness'],"['anger', 'sadness']"
swahili_text_1101_emotion_1,@hos_utd haha watu huku hawaaminiani,['fear'],['surprise'],"['joy', 'surprise']",['surprise']
swahili_text_1984_emotion_1,"Kuna mtu amenitext ati ""Early kick off"" sielewi ni nini?",[],['surprise'],['surprise'],['surprise']
swahili_text_3493_emotion_1,Kesho nipeleke nani movie pale imax-?,[],['joy'],['surprise'],[]
swahili_text_5347_emotion_1,Hiyo picha ya kuku zikiwa loo ni njama ya kutumalizia sisi waluhya appetite lakini bafo hamtafaulu,[],['surprise'],['disgust'],[]
swahili_text_3945_emotion_1,Ngori Ni wapi,['sadness'],['fear'],[],[]
swahili_text_924_emotion_1,@its_dericolson @cakeingredients @LaQueenJ Amesema Nini bway,['surprise'],"['joy', 'sadness']",[],[]
swahili_text_1618_emotion_1,@Tabbykanyungu NOMA SANA MOTO WA KUOTEA MBALI SANA,[],['fear'],[],[]
swahili_text_2657_emotion_1,Mmeamua ni covid mnaambukizana haha,['sadness'],['joy'],['surprise'],[]
swahili_text_5382_emotion_1,I keep on hearing Fulani grilled by EACC bt sijaona mtu amefungwa nini mbaya,"['sadness', 'surprise']",['surprise'],['surprise'],['surprise']
swahili_text_4291_emotion_1,mnadai eti ni menopause imemrudisha io base hahaha,['joy'],['surprise'],['surprise'],['surprise']
swahili_text_5229_emotion_1,Yaani wewe ni mstingy  hadi hauwezi pay attention🤔🤔🤔,"['sadness', 'surprise']",['anger'],['joy'],[]
swahili_text_4171_emotion_1,Lakini hawa wasee hungoja nudes... hawana works?,"['sadness', 'surprise']",['disgust'],['disgust'],['disgust']
swahili_text_1814_emotion_1,@Esilovey stress 2.naona mpaka kaka manager amebidi asalimu amri tu maana ameamua kumuanika mpk yeye.wanasema kichaa sio lazma aokote makopo,"['sadness', 'surprise']",[],['sadness'],['sadness']
swahili_text_3788_emotion_1,"Hapa mahali niko kila mtu amekumbatia mwenzake, I’m here dancing to Chris Martin alone like a pringle 😭😭",['disgust'],['surprise'],['surprise'],['surprise']
swahili_text_2217_emotion_1,Lol sijaenda interview in years htfa sijui watu huvaa nini,['sadness'],[],['surprise'],[]
swahili_text_2321_emotion_1,"Siku ya Uhuru, tujipe uhuru na #TwendeIsambo2019",[],['anger'],[],[]
swahili_text_2008_emotion_1,"@WMMartha AZIMIO LA VITA, MAWE, PURUKUSHANI, VITUKO, SARAKASI, VITIMBI, VIOJA.",[],[],[],[]
swahili_text_4240_emotion_1,How I am broke at this time of the month is just puzzling.. Na ni unga n mafuta tu nilinunua,['surprise'],['sadness'],['surprise'],['surprise']
swahili_text_2503_emotion_1,Hio hotel ya bomet wanapata vitu tax free ama,[],['surprise'],['surprise'],['surprise']
swahili_text_2682_emotion_1,@UDAPartyKe My president H.E UHURU AND H.E RAILA please Stop highly highly abuse of our COK order We are all are over 18yrs  Raila's above 18yrs  Ruto's above 18 yrs KILA MTU ABEBE MUSARABA YAKE,"['anger', 'sadness']",[],['anger'],['anger']
swahili_text_3298_emotion_1,Hii mvua fom yake ni gani?,['disgust'],['anger'],['surprise'],[]
swahili_text_3361_emotion_1,Sasa curfew ikiisha watu ushago mnakam town then Sisi pia tunatravel ushago😂😂,['disgust'],['surprise'],['joy'],[]
swahili_text_2386_emotion_1,"Mna date watu hamwezi post, si mnaforce issues huku inje 😏😏","['sadness', 'surprise']",['sadness'],['sadness'],['sadness']
swahili_text_1553_emotion_1,Tatizo unaskiza sana magazeti #MapenziAuPesa,['disgust'],[],['sadness'],[]
swahili_text_3164_emotion_1,Io event ya old school music mlisema iko lini ama bado haija pangwa,['sadness'],['surprise'],['surprise'],['surprise']
swahili_text_2353_emotion_1,cheza ni kama umepigwa radi uuuuiiii,[],['surprise'],[],[]
swahili_text_694_emotion_1,"Badala ya JAP  Kupigana na Ufisadi, Wanapigana na WanaCORD #FreeNyakundi",[],"['anger', 'sadness']",[],[]
swahili_text_1234_emotion_1,Mawezere za Chebet,['disgust'],[],[],[]
swahili_text_3113_emotion_1,@droid254 haha hata wewe unajua hakuna makosa yoyote real huyo kijana amefanya. shida ni he’s not on the right side of the coin. anyway 🤣🤣🤣,['fear'],['surprise'],['joy'],[]
swahili_text_2497_emotion_1,Nlikuwa nashangaa pahali homa ilikuwa inatoka Kumbe ni hii ghasia,"['anger', 'sadness']",['anger'],"['anger', 'disgust']",['anger']
swahili_text_4403_emotion_1,Kwani ni Nairobi yote haina stima?,['surprise'],['sadness'],['surprise'],['surprise']
swahili_text_5441_emotion_1,Wengine ata wafanye nini hawawezi tumiwa fare,['sadness'],['joy'],['anger'],[]
swahili_text_1947_emotion_1,Hii mtaa ina manyoka siamini,['surprise'],"['disgust', 'fear', 'surprise']",['surprise'],['surprise']
swahili_text_1464_emotion_1,@maumausdaughter heri nikufe njaa or worse ni cough ugali,"['anger', 'disgust']",[],['anger'],['anger']
swahili_text_3093_emotion_1,Lakini men are so easy to micromanage. Just find the right switch ! Hawa watu huwa ata hawafikirii😂😂,['disgust'],['surprise'],['joy'],[]
swahili_text_4929_emotion_1,Biashara iko na more than two brokers achana nayo ata kama profit margins inakaa poa smh at double crossers.,['fear'],[],[],[]
swahili_text_645_emotion_1,Politicians have one thing in common ignoring call and sms kama sio sisi hawange fika hapo.,['anger'],['anger'],"['anger', 'sadness']",['anger']
swahili_text_298_emotion_1,"Okay, mimi nataka kujua, huwa mashoot shots aje?",['surprise'],['surprise'],[],['surprise']
swahili_text_1860_emotion_1,Ni mi nimekula ugali nikaboeka ama ni game inabore,['surprise'],[],['disgust'],[]
swahili_text_2424_emotion_1,@RadioJamboKenya Tuko Pamoja,[],[],[],[]
swahili_text_1166_emotion_1,@EvahMwalili Tunamshukuru Mungu kwa kila jambo #BarakaZaMilele,['joy'],[],['joy'],['joy']
swahili_text_2734_emotion_1,"Having lunch ,mtu   amekaa karibu yangu ameitisha chapati sita,zikatakatwe ndio zisionekane nyingi !",['surprise'],['joy'],['surprise'],['surprise']
swahili_text_3112_emotion_1,Dem wangu amenipata nikikiss beshte yake😞😞but otherwise  namwona akiboil maji🙄🙄najua ni chai ananipikia,['fear'],"['fear', 'surprise']","['sadness', 'surprise']","['fear', 'surprise']"
swahili_text_3904_emotion_1,Niko tao nanyonya icepop naangaliwa nikama ni mimi niliasha moto farms za kamwana,['disgust'],['surprise'],['fear'],[]
swahili_text_1866_emotion_1,Hahaa. Amemwadikia Rais barua-   Barua kwa Rais. @GicheruGicheru,"['joy', 'surprise']",['joy'],"['joy', 'surprise']","['joy', 'surprise']"
swahili_text_1759_emotion_1,"Mwanaume mzima hauna mtoi na unaamka ukismile, unasmile nni sasa😂😂",['disgust'],['joy'],['joy'],['joy']
swahili_text_1525_emotion_1,Ukiingia tao hakuna Street unaweza kosa hao Kanjo askaris juu ni wengi ajab and most of them ni wakora sijui nani aliwapea right ya kupokonya wati funguo za nduthi,"['disgust', 'surprise']",[],['disgust'],['disgust']
swahili_text_4331_emotion_1,"Kwangwaru imefanya ninjas na ghels kuimbia their 120kg plus BAE's this ""basi jilegeze nikubebe mgongo""    kumbe mtu anaumia tu hapo 😵😵",['sadness'],['surprise'],['surprise'],['surprise']
swahili_text_3172_emotion_1,Natafuta bed hadi nimegive up. Hawa fundi wote ni liars,['anger'],['sadness'],"['anger', 'sadness']","['anger', 'sadness']"
swahili_text_455_emotion_1,"Mtu aseme accident ni accident, ingekuwa kuna mtu wenu amekufia hapo ata hungeweza kuongea ungedemand for justice",['disgust'],['sadness'],"['anger', 'sadness']",['sadness']
swahili_text_2606_emotion_1,Hapa blame ni TenHag. Hajui kenye anafanya,"['anger', 'sadness']",['sadness'],['anger'],"['anger', 'sadness']"
swahili_text_835_emotion_1,Si labda wanakunywa mzinga moja ikiisha waamue kama wataongezea.. lazima mtu anunue ikae juu ya meza ndio mjue pesa iko?,['anger'],['surprise'],"['sadness', 'surprise']",['surprise']
swahili_text_611_emotion_1,Mmefanyia nini mtu liquor ?,['surprise'],['sadness'],['surprise'],['surprise']
swahili_text_3592_emotion_1,"Ju hakuna kitu hamjuangi, ni action movie gani moto sijawatch so far?",['joy'],['surprise'],['surprise'],['surprise']
swahili_text_2508_emotion_1,@Amamacho @carolinespencer hahaha wakiamka wapate wako peek yao,[],[],['joy'],[]
swahili_text_4829_emotion_1,Lakini maDJ ndio huwa wanafuliwa nguo kweli?,[],['joy'],['surprise'],[]
swahili_text_629_emotion_1,Mnajifanya sasa ati pombe mshaacha anyway nitakuwa nimekosea nani?,['disgust'],['sadness'],['anger'],[]
swahili_text_5122_emotion_1,Campus za majuu hukua na sex week lol,['surprise'],['disgust'],['surprise'],['surprise']
swahili_text_2032_emotion_1,"@PMG_Gospel_Rap Pigwa rungu ya yesu ,🙆🙆🙆🙆nikikufa ni #RobertAlai  ameuwa mtu hakuwai mngonjwa ni umama umeamua",['disgust'],[],"['fear', 'surprise']",[]
swahili_text_2867_emotion_1,Asante kwa wema wako @Chomba @EvaMwalili @Milele_FM #BarakaZaMilele #BarakaZaMilele #BarakaZaMilele,['joy'],['joy'],['joy'],['joy']
swahili_text_5280_emotion_1,Kuwa mnono ni stress hata ukichew tu pk unakaa kama mtu anakula ovyo ovyo.,"['disgust', 'sadness']",['sadness'],['joy'],['sadness']
swahili_text_1909_emotion_1,@inooroke tuko pamoja sana Mutati gatundu south,[],[],['joy'],[]
swahili_text_4168_emotion_1,Dem inafa akuwe na asset's   hawa wengine ni malayabilities😂😂😂😂,['joy'],"['disgust', 'sadness']",['disgust'],['disgust']
swahili_text_2555_emotion_1,@bonifacemwangi @serenahotels Pole sana,['sadness'],['sadness'],['sadness'],['sadness']
swahili_text_1842_emotion_1,Guarantee trust bank(former fina bank) is okay i guess...lol ama pia hii nafaa kuanza kuogopa?,['fear'],[],['fear'],['fear']
swahili_text_4795_emotion_1,LRat ni juu akajatajwa kajamaa ka mjengo hahaaaa,['disgust'],['anger'],['joy'],[]
swahili_text_5130_emotion_1,Hio Chopper inawesa beba mtu amevaa Maxi Dress??,['surprise'],[],['joy'],[]
swahili_text_5362_emotion_1,Heri nilale na njaa na nisilale pekee yangu,[],['joy'],['joy'],['joy']
swahili_text_1812_emotion_1,@e_odeo salimia watu wa Mwingi,[],[],[],[]
swahili_text_3943_emotion_1,WEATHER YA KUDINYANA!,['joy'],['joy'],['disgust'],['joy']
swahili_text_1853_emotion_1,@General_Leftyy ndo iyo thou nadai fika tena naambiwa mei ziko sete,[],[],[],[]
swahili_text_3041_emotion_1,Mlisema ni Liverpool sio?,"['disgust', 'fear']",[],[],[]
swahili_text_4177_emotion_1,Sai ndio US niggas warealize hao ni blacks kama sisi,['disgust'],['surprise'],['surprise'],['surprise']
swahili_text_4164_emotion_1,hata afadhali wenye wameenda concours de elegance wameget value for their money,['anger'],['sadness'],"['disgust', 'surprise']",[]
swahili_text_5090_emotion_1,Ati Kuna mtu amesema fuel price ikipanda haitamwaffect ati juu hana gari 😕,"['sadness', 'surprise']",['joy'],['disgust'],[]
swahili_text_5339_emotion_1,@Milele_FM @EvahMwalili #barakazamilele Mwenyezi Mungu ni mwingi wa huruma,[],[],['joy'],[]
swahili_text_1117_emotion_1,watu kazi ni chrome na konyagi wanasema hawezi vaa kinyasa af it atujui wameparara,['disgust'],[],['anger'],[]
swahili_text_253_emotion_1,"Ee Mungu twaomba uilinde, jumuia Afrika Mashariki. Tuwezeshe kuishi kwa amani. Tutimize na malengo yetu#EACC anthem",['joy'],[],[],[]
swahili_text_1270_emotion_1,Painful Lips... They better heal ndio nikule food vizuri.. But naona hii ni homa,"['fear', 'sadness']",['anger'],['sadness'],['sadness']
swahili_text_2332_emotion_1,Hii mzoeano si poa lakini,"['anger', 'sadness']",['anger'],['anger'],['anger']
swahili_text_3009_emotion_1,I have  two requests za kuchangia 2 projects   1. A kitchen in a certain  church 2. Classrooms for a certain  church sponsored school  Hizi michango nikilenga naweza itwa mchoyo kweli ?,['anger'],[],['fear'],[]
swahili_text_4318_emotion_1,"Miaka elfu mbilo zilizopita,katika nchi ya Israeli waliofanya makosa walikuwa wasulubiwa",['sadness'],['sadness'],"['sadness', 'surprise']",['sadness']
swahili_text_1605_emotion_1,Huyu ameniambia ati reggae roots music ni za sufferation ata sijaskia vibaya,['sadness'],['joy'],['sadness'],['sadness']
swahili_text_1697_emotion_1,Mshaenda church kubebwa ufala sasa,"['anger', 'surprise']",['anger'],['anger'],['anger']
swahili_text_4299_emotion_1,"Wale wamama walikuwa wanaweka mate katikati ya matako y mtoi,,waliendanga wapii 😂😂",['surprise'],['surprise'],['disgust'],['surprise']
swahili_text_4841_emotion_1,Hamtaki watu wanunue home theatres  hahaha,[],[],['joy'],[]
swahili_text_2401_emotion_1,@TeamWiliamRuto Waiting Sana on the ground VITU IMECHANGE,[],[],[],[]
swahili_text_2430_emotion_1,Watu hawaamini Amanda is dead,[],[],['sadness'],[]
swahili_text_3676_emotion_1,Serikali kuendelea kusambaza tarakilishi kwa shule za umma nchini  https://t.co/ahlngwUVAA https://t.co/qIAVrwEMCZ,[],['joy'],[],[]
swahili_text_2199_emotion_1,na venye alikua anasema ati miracle baby ni m diagarah kumbe ilikua chocha,['surprise'],['fear'],[],[]
swahili_text_3367_emotion_1,@gracendanu3 ..ghai???..ni ww kweli?? ama ni mwingine?,['surprise'],['surprise'],['surprise'],['surprise']
swahili_text_5208_emotion_1,But ni hufeel mbaya nkiona dame ameupload picha nlipigwa nayeye after amenicrop,['sadness'],['joy'],['sadness'],['sadness']
swahili_text_3533_emotion_1,@Milele_FM @MmboneMercy1 #MileleGospelSunday Tumsifu Yesu Kristo Namshukuru Mungu nimeamka vyema kijijini Mogho-Makululu maeneo ya Mogho Mbale Wundanyi Na sasa niko Wundanyi tayari kuanza safari kuelekea Mombasani baada ya likizo fupi mashinani Jumapili njema kwa Wamogho wote kimpigo Pamoja,[],['joy'],['joy'],['joy']
swahili_text_346_emotion_1,Ukiachwa ndio utajua huyo jama alikuwa alisema hivyo akiwa amelewa🤣 https://t.co/UTbHlpHc9k,['disgust'],['surprise'],['surprise'],['surprise']
swahili_text_2604_emotion_1,"navile napigwa na mvua alafu dem yangu akue anapeana , heee naeza m..... ama wacha tu😮‍💨","['disgust', 'sadness']",['anger'],['anger'],['anger']
swahili_text_4421_emotion_1,Tombwa wadogo wakubwa waogope iko nini,['fear'],[],[],[]
swahili_text_82_emotion_1,"My neighbors, a couple ar fighting, bibi amefungiwa nje! Najua my mom atasuggest alale kwetu! Hii marriage mnatakanga inakaa ni ngumu 🤷🏾‍♀️","['disgust', 'joy']",['sadness'],['surprise'],[]
swahili_text_2748_emotion_1,Na hawa wasichana warembo wanatunyima number kwa club shida yenu inakuaga nini?,"['anger', 'sadness']",['joy'],"['anger', 'surprise']",['anger']
swahili_text_4268_emotion_1,kuna mtu nimeambia ani correct grammar ??,['fear'],['surprise'],[],[]
swahili_text_921_emotion_1,Sasa unapiga mwamaume naabda ata hajui hapo ni Kwako lmao catch me dead before i fight another mans because of my cheating wife https://t.co/8nNbQ45REE,['anger'],['sadness'],"['sadness', 'surprise']",['sadness']
swahili_text_4753_emotion_1,So mmesema kesho ni Chuom Boys vs Juja boys?   Let it cooome!!!!,[],['anger'],['joy'],[]
swahili_text_5425_emotion_1,"Lakini first borns sisi hutumwa sana hadi mum akisema ""niletee nini"" based na tone na time amekutumma unajua ni nini excatly anataka 😎😎",[],['surprise'],['joy'],[]
swahili_text_5360_emotion_1,@L_Shera_ Kuteseka kwa Muda,[],['fear'],[],[]
swahili_text_2282_emotion_1,Mniambie ni wapi nitatoa viazi karai and ukwaju saahii saahii or I'm dying,[],['fear'],['sadness'],[]
swahili_text_2231_emotion_1,Mipango ya Mungu,[],[],['joy'],[]
swahili_text_5267_emotion_1,Shida zote ni mimi hujiletea kumbe,"['sadness', 'surprise']",['surprise'],['surprise'],['surprise']
swahili_text_2457_emotion_1,Kitu inauma fans wa arsenal ni ati martial anafananishwa na henry while hawajawahi pata his replacement,[],['surprise'],['anger'],[]
swahili_text_1168_emotion_1,Ati single mothers ni wenye mabwana wamekufa hoa wengine ni malaya 😭😭😭,"['disgust', 'sadness']",['sadness'],['sadness'],['sadness']
swahili_text_3589_emotion_1,@OnlyWangui @Newtons_Autos Asante sana Wangui,[],['joy'],[],[]
swahili_text_1391_emotion_1,@Mwawasi__ Siezi bishana na mkulima wa kunde,['disgust'],[],['disgust'],['disgust']
swahili_text_2148_emotion_1,Ike mia tatu niliibiwa na janeece saa hii ningekua nimejenga 4 bedroom limuru alafu niende Ibiza nayo approximately ingekua inaisha this weekend,['sadness'],[],['sadness'],['sadness']
swahili_text_4439_emotion_1,Watu wa payslip mlisema tarehe ni ngape?,[],[],[],[]
swahili_text_1768_emotion_1,"Kumeza dawa huwa stress manze, man nakunywa tablet kama 15 in a day, nikiimagine nakunywa for more that 7 months nachoka akili","['anger', 'sadness']",['sadness'],"['anger', 'sadness']","['anger', 'sadness']"
swahili_text_86_emotion_1,@ogollarh @kalex254 HUYO ADMINISTRATOR AMEZE WEMBE SANA NA BADO APAMBANE NA HALI ZAKE.,['anger'],['anger'],['anger'],['anger']
swahili_text_588_emotion_1,TRAFFIC UHURU HIGHWAY KUTOKA HARAMBEE AVENUE KUELEKEA GPO KENYATTA AVENUE HAMNA MSONGAMANO @MweteeliAlfred,[],['joy'],[],[]
swahili_text_293_emotion_1,Mimi sahi chenye nataka ni rent tu izo zingine zitaingiana,['sadness'],['fear'],[],[]
swahili_text_5174_emotion_1,Mimi dame akiamua anataka kuspend money on me siwezi kataa,[],['joy'],['joy'],['joy']
swahili_text_5348_emotion_1,"Mshuta kwa hasira, hujiharia",[],['disgust'],['joy'],[]
swahili_text_3105_emotion_1,@Mothoni_ Pambana na Hali ya Yours,['disgust'],['sadness'],['anger'],[]
swahili_text_669_emotion_1,Ubaya nikiwa mlevi huwa naomba kila mfu doh 🤦🏼‍♀,['disgust'],"['disgust', 'sadness']",['sadness'],"['disgust', 'sadness']"
swahili_text_1495_emotion_1,Napoteza funguo za nyumba ndio nirudi home nipige kufuli munju juu bado ni keys,"['anger', 'joy', 'sadness']",['joy'],[],['joy']
swahili_text_637_emotion_1,Acheni niende VCT hii baridi sioni ka ni  normal😪,['fear'],['fear'],['fear'],['fear']
swahili_text_2641_emotion_1,@Michelle_xq Ile nilikubeba nayo Sato ilikuwa baiskeli?,[],['surprise'],['surprise'],['surprise']
swahili_text_3685_emotion_1,Wengi ni cameras tu zimechange,['disgust'],['surprise'],['disgust'],['disgust']
swahili_text_4632_emotion_1,Ushawai simama kwa barabara uone ni madem wangapi is anaspin high end vehicles?,['surprise'],['joy'],['surprise'],['surprise']
swahili_text_2893_emotion_1,hiyo ni wimbo ama ni spoken word jameni?,['disgust'],['surprise'],['surprise'],['surprise']
swahili_text_570_emotion_1,"Lmao ,hii app ,niggas do alot to prove they getting laid.  Sasa steel wire na slip ons relationship iko wapi?",['surprise'],['fear'],['disgust'],[]
swahili_text_768_emotion_1,Ni Mungu tuu,[],['joy'],[],[]
swahili_text_2404_emotion_1,Kama ni hizo ndio vitu mna date sijafurahia 😂ju utaambia nini village members 😂,"['disgust', 'sadness']",['joy'],"['disgust', 'joy']","['disgust', 'joy']"
swahili_text_3178_emotion_1,My neighbor daughter is barely 20 lakin ashabebwa na gari za nguvu kuliko babake who around 45 . this gender 💃🏼 though,"['anger', 'disgust']",['surprise'],['sadness'],[]
swahili_text_3280_emotion_1,Kuna female karaos hapa wanasalamia madereva ama  conductors bana wa kila matatu they must be one very social beings around😂,['surprise'],['surprise'],['surprise'],['surprise']
swahili_text_3776_emotion_1,Mzee ashasema. Lakini kijana anasikia kweli ama bado ni kupayuka kisakubimbi? 🤔 https://t.co/ZiIhm14Lf3,['disgust'],['anger'],['anger'],['anger']
swahili_text_2315_emotion_1,Jamaa wangu wa boda ameshika tukiwa na yeye na makarao bana alafu wananitisha ati tuta kuweka pigu hata sijatoa earphones aka niacha poa nimesimama,"['fear', 'sadness', 'surprise']",[],['surprise'],['surprise']
swahili_text_1765_emotion_1,@mogire_jusper Nasikia tu Likwos,[],[],[],[]
swahili_text_1445_emotion_1,@janetmachuka_ @AmanaCapitalKE Umejaribu Sana,[],[],[],[]
swahili_text_685_emotion_1,Manze mtu anisave na Thao walai ni kubaya walai,['sadness'],['fear'],['sadness'],['sadness']
swahili_text_485_emotion_1,Pia spinach nikama ukizifunika ziive hua zinaenda mahali broken hearts go when they can't find their way home,[],['sadness'],['sadness'],['sadness']
swahili_text_3158_emotion_1,What usually happens at roysambu on Sundays🤔🤔🤔vile hawa watu wanakuanga wamejaa weuh!!,"['disgust', 'surprise']",['surprise'],['surprise'],['surprise']
swahili_text_5388_emotion_1,Watu pale IG ni sherehe tu inakaa mimi ndio nimesota anyway we move on,['sadness'],['sadness'],['surprise'],['sadness']
swahili_text_731_emotion_1,@Son_of_Laikipia Kwani hawa mapoliticians ni porojo tu hakuna kitu watatufanyia,"['anger', 'sadness']",['anger'],[],['anger']
swahili_text_3266_emotion_1,@Mohamedida Maskini akiokota huambiwa ameiba sisi wenye wazazi hawakuwa na title tunahesabiwa kama wezi,"['anger', 'disgust', 'fear']",['sadness'],['sadness'],['sadness']
swahili_text_566_emotion_1,Shida yenu sas mkiambiwa ukweli mnaanza kusome oh sijui ni oh sijui upus.,['anger'],['anger'],['anger'],['anger']
swahili_text_4002_emotion_1,@Iz_patel Umejua Leo,[],[],"['anger', 'disgust']",[]
swahili_text_1080_emotion_1,Watu wa nakuru eagle nest kaytrixx aliwapigia ngoma fiti,['joy'],['joy'],['joy'],['joy']
swahili_text_689_emotion_1,@Jooels: @J_preety18 sawa lightskin haha nilijua hivyo ndio utaniita tu haha,['disgust'],['joy'],['joy'],['joy']
swahili_text_2213_emotion_1,@Dolphinthedj Tuko chini sana,['sadness'],['anger'],['sadness'],['sadness']
swahili_text_5129_emotion_1,Kwani hii stream yangu iko nyuma baba,['surprise'],['surprise'],['surprise'],['surprise']
swahili_text_2223_emotion_1,Wacha nilalishe hii kitu,['sadness'],['surprise'],[],[]
swahili_text_3482_emotion_1,A smile never falls out of fashion ..lakini huku njee watu wamejam mbaya..,['fear'],['surprise'],['surprise'],['surprise']
swahili_text_141_emotion_1,@Ma3Route its #AprilFools traffickza leo ni ukweli?,['surprise'],['fear'],['surprise'],['surprise']
swahili_text_4101_emotion_1,Sasa mtapigana mangwala in the name of kutaka watoto na kutotaka?,['anger'],['surprise'],['surprise'],['surprise']
swahili_text_4550_emotion_1,Kuna beshte yangu driver wa lorry ka mikate alinishow before walikuwa wanakuwa allowed kutoa maboflo from crates for breakfast and lunch but since waletewe a bitter wet crack manager lunch wanajisimamia,"['anger', 'sadness']",['joy'],"['disgust', 'sadness']",['sadness']
swahili_text_3305_emotion_1,"Sasa they won't stop retweeting their win over Bayern, kweli maskini akipata matako hulia mbwata",['surprise'],['surprise'],['anger'],['surprise']
swahili_text_121_emotion_1,Ni ukweli hii hukuwa tamu ama nijaribu ???,['fear'],['joy'],['surprise'],[]
swahili_text_1583_emotion_1,Mungu ni mmoja shetani ni wengi,[],['anger'],[],[]
swahili_text_4154_emotion_1,Asante sana @ProfIpaleiJayj @Hoofingking @KoinangeJeff @NationFMKe #CountryRoadsKE,[],['joy'],['joy'],['joy']
swahili_text_128_emotion_1,Sasa huyu ananiangalia hivi na mimba imefika hukooooo,"['fear', 'surprise']",['disgust'],['surprise'],['surprise']
swahili_text_2551_emotion_1,@VuukaFM @DennisKamariki Pamoja #Zanzarika,[],[],[],[]
swahili_text_435_emotion_1,Alcohol from Radico industries ata ukiongeza chase ni hasara tu !,['disgust'],['sadness'],['fear'],[]
swahili_text_1747_emotion_1,Huyu dem alikuwa anauza mshuto sasa aligonjekanga with uncontrolled farting ni kama rectum imekuwa loose sasa. Ndio maana mnaambiwa muwache kulazimksha mambo bana  #kameshika na #kanaflow,['sadness'],['disgust'],['sadness'],['sadness']
swahili_text_3169_emotion_1,"@obwocha_brian Mi namutingi mpaka nmechoka, ama ni juu Jack ananipelekanga bondo so nikirudi script ni ile ile, 😂",['anger'],['surprise'],['joy'],[]
swahili_text_4972_emotion_1,Zibambwe nayo imefanyikiwa nini?,['surprise'],['surprise'],[],['surprise']
swahili_text_821_emotion_1,Tunakiri Damu ya Yesu Inaokoa Inakomboa..Imeponya Viwete nahata Ukimwi,['joy'],['joy'],['joy'],['joy']
swahili_text_207_emotion_1,Idk why my tl looks sijui aje but it's time I block some of you juu hizi ni gani sasa,"['fear', 'sadness']",['disgust'],"['anger', 'sadness']",['sadness']
swahili_text_3815_emotion_1,@leeeyo_ Kuna mwenye alilipiwa almost 60k alikuwa anabuy tv,['disgust'],['surprise'],[],[]
swahili_text_1518_emotion_1,It's sunday yoh tabia mbaya tuweke pause sasa...,[],"['anger', 'disgust']",['disgust'],['disgust']
swahili_text_4997_emotion_1,Acceptance. Muhimu sana.,[],[],['sadness'],[]
swahili_text_4434_emotion_1,Teletubbies anapigana aje na ni dolly??,['surprise'],['surprise'],['surprise'],['surprise']
swahili_text_1751_emotion_1,@KiprutB sijui bana mi nimetoka hiyo site hadi,"['sadness', 'surprise']",[],[],[]
swahili_text_2527_emotion_1,"Shout Out To All The Dark Ladies Who Apply Pink Lipstick and Mascara,Then End up Looking Like Ribena Bottles.!!.#NIOKOTWE KWA SOSSION #FRANK",['disgust'],[],['disgust'],['disgust']
swahili_text_5343_emotion_1,Sasa vile kuna jua  hivi si madem kadhaa waamue wanyeshe😂😂,[],['joy'],['joy'],['joy']
swahili_text_4761_emotion_1,"Mimi tweet iko na typo siwezi retweet, vile nilifunzwa grammar nitakosa peace",['disgust'],[],[],[]
swahili_text_260_emotion_1,Yani men hampendi candy crush na it's just an app like other game apps ama shida ni?,['disgust'],['sadness'],['surprise'],[]
swahili_text_5431_emotion_1,"Nimezoea prices za Eldoret za salon ndio maana huwa  nakawia kusongwa ka niko mjini, huku ni expensive bana",['sadness'],['anger'],['sadness'],['sadness']
swahili_text_2308_emotion_1,Alafu kuna wewe hapo umeishi kujiuliza mbona mambo yangu hainiendei poa kumbe ile msemo wa malipo ni hapa hapa duniani inakunyorosha makosa ulifanyia mwenzako,['sadness'],[],['anger'],[]
swahili_text_4004_emotion_1,Sa walimu watalipwa after hii rally?,['fear'],[],[],[]
swahili_text_65_emotion_1,Hahaha watu wamepepetana iko nini 🔥🔥,['joy'],['joy'],['joy'],['joy']
swahili_text_2860_emotion_1,sasa ni mimi ndio nalipa hizi bills ju tumechapwa fuck this team,['disgust'],['sadness'],['anger'],[]
swahili_text_2227_emotion_1,@DarthSlimme Uchambuzi wa kimataifa,[],[],[],[]
swahili_text_549_emotion_1,Haya mnapigania nini leo wakubwa na wajuaji?,['disgust'],['surprise'],[],[]
swahili_text_1592_emotion_1,@Salma_zeinab Hii kudrop inanichosha niletee hadi cv ndio nipate followers am tiyadii nimechoka mimi🤢🤢🤕🤕🤕,['sadness'],['surprise'],['sadness'],['sadness']
swahili_text_2642_emotion_1,Kitu sielewi ni mbona ex wa 2019 anashinda akikuja kwa ndoto after every two days bana,['surprise'],['anger'],['fear'],[]
swahili_text_2904_emotion_1,"@9negredo9 @BrianOm93632720 @Kenyans kelele hizo. mwajifanya yaani sasa hilo jimwizi leo hii yeye ndo ywapendwa sana maanake ni ""mcha mungu"" katumwa atukomboe! 😂😂",['disgust'],['joy'],['disgust'],['disgust']
swahili_text_2829_emotion_1,@KTNNews @jamessmat  hapana msapere ni msapere tu haize pea mtu mwingine kura so raila he is just tellin the us samthin we couldnt have know,[],['anger'],['anger'],['anger']
swahili_text_5116_emotion_1,hapo ndo unatambua akufukuzaye hakwambii toka,[],['sadness'],['disgust'],[]
swahili_text_3929_emotion_1,Kama bado unaomba na kizungu na si mother tongue shida zako ni kidogo morning tweeps,['sadness'],['surprise'],[],[]
swahili_text_3708_emotion_1,@NduruuMan Naeza ibadilisha kuwa Kichungii ya chai,['surprise'],[],[],[]
swahili_text_532_emotion_1,So mayolo kuna msee anaitwa safaree na mna expect huyo jamaa ata tulia kwa relationship?,['surprise'],['fear'],['surprise'],['surprise']
swahili_text_3378_emotion_1,@kameme101 @mansaimo @Kattajkatta #Humuka kinangop tuko pamoja Sana,['fear'],['joy'],['joy'],['joy']
swahili_text_1709_emotion_1,Mnawatch nini on YT niwacopy?,[],['joy'],['surprise'],[]
swahili_text_3792_emotion_1,Wanaume wote watavaa hizi ni wanyonge. https://t.co/dW0hLdk803,['anger'],['surprise'],['surprise'],['surprise']
swahili_text_3952_emotion_1,@shobanes Tunakuwanga wagonjwa sana tukikosa,['sadness'],['sadness'],['sadness'],['sadness']
swahili_text_902_emotion_1,Kwani kila kazi ni social media executive siku  hizi?,['disgust'],['sadness'],['surprise'],[]
swahili_text_18_emotion_1,#MainaAndKingangi @ItsMainaKageni KINDLY send my special shout out to MADEM WOTE BESTLADY COSMETICS ELDORET Happy Wololo Wednesday,['joy'],['joy'],[],['joy']
swahili_text_1797_emotion_1,"Lmao huyu donda ni bongo lala Ata hakumbuki nlipandia mat wapi,",['anger'],['joy'],['joy'],['joy']
swahili_text_569_emotion_1,"#gainwithxtiandela some sins nowaday r serial,naombea mtu ka sijafunga macho,unaeza fungua macho upate hauna mixer,ama jamaa amekugonga sana",['fear'],['sadness'],['surprise'],[]
swahili_text_5141_emotion_1,Tumeanza kwa vishindo! 😎  #MasculinitySaturday,[],[],['joy'],[]
swahili_text_104_emotion_1,"Inahuzunisha kukosa kuwa na marafiki,Pia inahuzunisha zaidi kukosa maadui",['surprise'],['sadness'],['sadness'],['sadness']
swahili_text_3966_emotion_1,NO MAANDAMANO TOMORROW 😢AGUAMBO NILISHATUMA PESA YA IPHONE😭😭,['sadness'],['sadness'],['sadness'],['sadness']
swahili_text_3936_emotion_1,@Dalmundu @WestFMKenya1 Pamoja,[],[],[],[]
swahili_text_2442_emotion_1,@Nyaberih_ Wao hujiskia Sana,['anger'],['anger'],[],['anger']
swahili_text_724_emotion_1,Acha nijifanye cool kid hawezimiss events za leo ndio waniachie flight ticket.,['disgust'],['joy'],[],[]
swahili_text_2356_emotion_1,Hio line up ya Chelsea ata hawatajua what hit them 😂😂,['surprise'],[],['joy'],[]
swahili_text_2726_emotion_1,I never understand what my mum says on message so nikasema sawa sasa naulizwa nasema sawa nini 😕,['sadness'],['surprise'],['sadness'],['sadness']
swahili_text_224_emotion_1,@muruleseth2 asanti sana,['joy'],[],[],[]
swahili_text_5282_emotion_1,Watu wa Murima Kenya,[],[],[],[]
swahili_text_3048_emotion_1,Watu wa Migori Mko na sauti kweli,['disgust'],[],[],[]
swahili_text_799_emotion_1,@mwihirito pamoja sana Mutati gatundu south,[],[],[],[]
swahili_text_887_emotion_1,@mpenda_ndudhi Kwanza ww ni catfish kwenda uko,['anger'],['anger'],['disgust'],['anger']
swahili_text_2312_emotion_1,Mnakuanga obsessed na politics niaje? Hadi mnaenda personal exchanging abuses on someone who never cares who you are..!,"['anger', 'surprise']",['surprise'],['disgust'],['surprise']
swahili_text_2839_emotion_1,"Hawa watu husema ""i cut people off"" real quick kwani wanakuanga na panga gani hizo??",['disgust'],['surprise'],"['anger', 'disgust']",['disgust']
swahili_text_2745_emotion_1,Yaani Ovie is 6’7😧 mimi ningekuwa 6’7 baba yangu angekuwa ananitoa socks nikifika home😂😂,[],['joy'],"['joy', 'surprise']",['joy']
swahili_text_906_emotion_1,Nakunywa na kdf na hawa watu are rowdy then dem nakunywa na yeye anakuanga kisirani,['disgust'],['fear'],"['anger', 'sadness']",[]
swahili_text_2712_emotion_1,Pata Pata Burudani ya Kukata na Shoka Ndani ya #JamboKenyaChangamka Tukizidi Kukuchangamsha Jumamosi Hii ya Leo,[],[],[],[]
swahili_text_2533_emotion_1,"Kuna dem flani vile anacheza jamaa wake like nonzez,my trust to wimenz isaa nooo😭😭😭😭😭😭","['fear', 'sadness', 'surprise']",['disgust'],"['fear', 'sadness']","['fear', 'sadness']"
swahili_text_3499_emotion_1,Hio story ya citizen ya hao watoi ni sad manze🤦‍♂️ hao watoto wanasumbua huyo maddam.,"['sadness', 'surprise']",['sadness'],['sadness'],['sadness']
swahili_text_2848_emotion_1,@DecranHarp @MutahiNgunyi Nguruwe wewe sikufundishi kuona mimi si mama yako,['disgust'],['anger'],['anger'],['anger']
swahili_text_4139_emotion_1,Kabla mwende shule msisahau kesho ni thigh thursday...😂,['joy'],['surprise'],['surprise'],['surprise']
swahili_text_915_emotion_1,"Kuna mtu anakua auctioned sahi ,anashindwa afanye nini.",['fear'],['sadness'],['fear'],['fear']
swahili_text_4005_emotion_1,Lakini mr diana akakutandika headi unapelekwa mortuary direct utafuatwa uko na daktari wa mitishamba,['sadness'],['surprise'],['fear'],[]
swahili_text_3844_emotion_1,acha mimi niskizie moshi juu hii ndio maisha niko nayo,['anger'],['surprise'],['sadness'],[]
swahili_text_2684_emotion_1,BLACK OUT TENA KPLC TUTAISHI HIVI KITOKA 5PM.,"['anger', 'sadness']",['sadness'],['anger'],"['anger', 'sadness']"
swahili_text_780_emotion_1,"Today, Goal Rush should collaborate with La  Liga",[],['surprise'],[],[]
swahili_text_3800_emotion_1,Kama hii ndio mwaita omelete kwenyu afadhali nipe mayai nipige boiro,['anger'],['joy'],['disgust'],[]
swahili_text_1716_emotion_1,so kuna tweeps wanakula ugali?? shame on you!!,['disgust'],['joy'],"['anger', 'surprise']",[]
swahili_text_1309_emotion_1,yaaani honorable members are abusing each other on twitter anadhani ni sufferer fulani?,"['anger', 'sadness', 'surprise']",['sadness'],['surprise'],"['sadness', 'surprise']"
swahili_text_5079_emotion_1,Kama ni hii northlands ya hapa ruiru sidhani that place is highly guarded fence   ni za nare alafu sasa kuna hawa makarao wa horse wakikushika hizo area manyhahunyo hutembea videdly,"['fear', 'sadness']",[],['disgust'],[]
swahili_text_5508_emotion_1,Mimi hao fraudsters wakifanya sim swap watanicheka sana washangae ni nini nafanya uku duniani,[],[],['joy'],[]
swahili_text_2257_emotion_1,Nimedhani vile ni weekend mtakua na tweets zikona content kumbe nyinyi wote ni ghasia tu,"['anger', 'sadness']",['anger'],['anger'],['anger']
swahili_text_5497_emotion_1,Nani alipigwa na mtu wake ?,['surprise'],['surprise'],[],['surprise']
swahili_text_2500_emotion_1,Ati huyo Producer ni mnoma hadi alirecord his own beating 😂 🐐 tings 😂🙌🏽🙌🏽,[],['joy'],['joy'],['joy']
swahili_text_4998_emotion_1,Mnasema kesho ni holiday?,[],['surprise'],[],[]
swahili_text_4143_emotion_1,"Kama umeinama lunch dm nikutumie kakitu,na unionyeshe vile umeinama😂",['sadness'],['surprise'],"['joy', 'surprise']",['surprise']
swahili_text_2123_emotion_1,Uzuri ata niki mention jina 'fuck' tukiwa na mzae hawezi jua ni nini,[],['joy'],['joy'],['joy']
swahili_text_5342_emotion_1,"Wadau ameniambia pills ni 600 shillings,,is this true ama anataka kunikulia doh 🥺",[],['fear'],"['sadness', 'surprise']",[]
swahili_text_725_emotion_1,@Asaphjay Yes. The one that chucked ikiwa alive niliamka asubuhi nikapata mama yake amemkula lol,['joy'],['surprise'],[],[]
swahili_text_5510_emotion_1,"Kijijini watu hutumia nguvu, mjini twatumia akili licha ya pandashuka zilizoko. Mwaambaje lakini?",[],['surprise'],['joy'],[]
swahili_text_1851_emotion_1,"@IAMartin_ Sijui huyu anaongea nini,Yeye mwenyewe haeleweki anachokifanya yukoyuko 2",['anger'],[],['disgust'],[]
swahili_text_4617_emotion_1,@GKwatemba @Milele_FM @EvahMwalili @OmulupiSamuel @fedhamofatt @EvyonK @GetrudeMwalufu3 @MoseMungai @ItsMutai #UsinipiteMediaTour pamoja,[],[],[],[]
swahili_text_4329_emotion_1,"Mzazi unapeleka watoto wako shule mzuri wanakula mzuri,wanala mzuri watu wakiwaona wanafurahia lakini ile kitu hauwafanyi ni maombi!!",['sadness'],['surprise'],['sadness'],['sadness']
swahili_text_2695_emotion_1,Hii jua ni ya baridi.,[],['surprise'],['surprise'],['surprise']
swahili_text_2339_emotion_1,@willie_rajah @adraine1630 @rasta_gurll Sasa wewe ndio haujaelewa hiyo explanation kabisa,['sadness'],['disgust'],['anger'],[]
swahili_text_4041_emotion_1,@GJawziyyah @YouTube banaee jamaa yuwaenjoy sasa shalo yuko ndani yy njee afanya mambo zake,['disgust'],['surprise'],[],[]
swahili_text_360_emotion_1,let me send the management of this apartment an anonymous email..wtf are these power outages everyday and it's just us and they don't seem bothered ni rent tu wanajua kuitisha.,['disgust'],['anger'],"['anger', 'sadness']",['anger']
swahili_text_4308_emotion_1,"Mnaongelea dem yangu mpaka sai ananyongwa tu na mate, akikufa mtanipea mwingine 😑😑",['sadness'],['surprise'],['sadness'],['sadness']
swahili_text_1687_emotion_1,Yani ata nifike 7.30 am still the earliest.  Watu hawapendi ii job ama ni ju bado mi ni mgeni?,['surprise'],[],['sadness'],[]
swahili_text_579_emotion_1,Ile baridi iko hii mtaa,['fear'],['sadness'],[],[]
swahili_text_4604_emotion_1,Hakuna madem useless kama hawa madem ushinda wamejiita baddie.,"['anger', 'disgust']",['joy'],"['anger', 'disgust']","['anger', 'disgust']"
swahili_text_2366_emotion_1,@ItsMainaKageni Pamoja tena sana,[],[],[],[]
swahili_text_2186_emotion_1,Shule zimefungwa ama ni mimi sirauki vile 🤔🤔,['surprise'],"['disgust', 'fear']",['surprise'],['surprise']
swahili_text_1667_emotion_1,Me ni ka mzae alitumia rib yangu nusu 🥲🥲,['sadness'],['joy'],['sadness'],['sadness']
swahili_text_1928_emotion_1,Wahenga wanakuwa idle hadi wananusa kwa mafi ya kale wajue hanuki😂😂😂💔,"['disgust', 'surprise']",[],['joy'],[]
swahili_text_762_emotion_1,Mimi nimedate all kind of crazy women and to be precise spendi madem wafupi ni visirani.Mtu anaboeka from no where anaanza kukutusi,"['disgust', 'fear']",['disgust'],['anger'],['disgust']
swahili_text_5355_emotion_1,"Walikataa mask ndio, lakini lazima uambiw mwenye anauza eti walikataa. 🤌🏼😂😏",[],['surprise'],['surprise'],['surprise']
swahili_text_4648_emotion_1,Siku hizi huwa mnaulizwa nini huko talking stage?,[],[],[],[]
swahili_text_4244_emotion_1,Hao wali bomb nyumba ya Boniface mwangi wamekula breakfast ??,['anger'],['sadness'],['sadness'],['sadness']
swahili_text_2519_emotion_1,Huyo msichana ameeka sijui sexual what ever kwa bio sio waku trust bana,['fear'],[],['disgust'],[]
swahili_text_5037_emotion_1,"Kuna ujinga alafu kuna hawa madem huvaa label,headphones alafu wanafunga shati kwa waist and end up looking like a first years fuckboys",['anger'],['surprise'],['disgust'],[]
swahili_text_4304_emotion_1,@Osama_otero Angemchocha mapema akona roomie alafu aite beste yake akuje ajifanye pia yeye anakaa hio nyumba😂😂,['joy'],['surprise'],['joy'],['joy']
swahili_text_5240_emotion_1,Mbona watu wanakata maji hivyo leo?,['surprise'],['disgust'],['surprise'],['surprise']
swahili_text_3693_emotion_1,"ata leo sijapata morning babe text yeyote😫😢😢ni sawaa tuu,acha ninunue mbs niview awa bae wenu😒😒",['sadness'],['sadness'],['sadness'],['sadness']
swahili_text_3771_emotion_1,I think this month I will have to sleep with socks on.......hata kama ni u gay wacha niitwe,['sadness'],['sadness'],['sadness'],['sadness']
swahili_text_3804_emotion_1,Lol kuna watu wataachwa 😂😂😂,"['fear', 'joy', 'sadness']",['surprise'],['joy'],['joy']
swahili_text_4060_emotion_1,Lakini watoto wako wakigrow wakuwe kama hawa wamama wa hashtags siunaweza jidharau.,['disgust'],['sadness'],['sadness'],['sadness']
swahili_text_5502_emotion_1,Haki hii siju ilikuwa noma kuanza tu   Leo ndio nimeona ile kitu nyinyi husema  Ati hapa nje ni kunoma,"['fear', 'sadness']",['fear'],"['sadness', 'surprise']","['fear', 'sadness']"
swahili_text_785_emotion_1,Lakini kuna hutu tuslayqueen tuoudhani kupiga lap mtaani na chiwawa ni kumake it in life.. bure kabisa #kotloyalsonly,['disgust'],['anger'],['sadness'],[]
swahili_text_476_emotion_1,@Red_pill__ Kama watu wame soma ndo hu reason along tribal lines sioni iki isha,['disgust'],['surprise'],"['fear', 'sadness']",[]
swahili_text_4424_emotion_1,Sio flat tummy ni njaa... Tafuta chakula acha ujinga🙄😂,['anger'],['joy'],['joy'],['joy']
swahili_text_2381_emotion_1,Reggae inachezwa hapa ni hatari sana,['joy'],['fear'],['joy'],['joy']
swahili_text_4762_emotion_1,Mnalia mans ni kusundwa amesundwa,[],[],[],[]
swahili_text_1843_emotion_1,Naeza taka kuwai date this Astrology babes ndio incase ni fuck up naanza kumwambia babe you know i’m a scorpio right?,[],['surprise'],['joy'],[]
swahili_text_590_emotion_1,@Alice_alicious nikubaya i tell mimi sijui i fake one na iwe on contract mpaka thinks cool down,['anger'],['fear'],['fear'],['fear']
swahili_text_4755_emotion_1,Lakini zile baloon kubwa hakuna mtu aliwai shinda ama ilikuwa ya mtoto was mwenye duka?,"['sadness', 'surprise']",[],['joy'],[]
swahili_text_1027_emotion_1,Nime catfish mzae amenishoo ati yeye hukua divorced na watoto wake wote walikufa kwa accident 😂😂,['fear'],"['disgust', 'sadness']",['sadness'],['sadness']
swahili_text_2350_emotion_1,Pale high-school ni nini motivational speaker aliwai sema mkajua tu anawabeba ufala??🤔😂😂,[],['joy'],['joy'],['joy']
swahili_text_5064_emotion_1,Lakini uyo beshte as Michael pia akuwe serious biatch ass niggah that one,['anger'],['anger'],['disgust'],['anger']
swahili_text_423_emotion_1,mnapigania airtime zenye cartels walishatumiwa jana usiku.... izi ni formalities tu raiya wanatupima hapa,['anger'],"['disgust', 'sadness']",['sadness'],['sadness']
swahili_text_2489_emotion_1,"Kampumpi atakuwa anabullt womens huku,  wanamwambia kama wewe ni mwanaume tweet it with yout voice note, inabidi aende mitini juu ako na 5, year old baby girl voice",[],[],['sadness'],[]
swahili_text_2920_emotion_1,Kama leo unalala dryspell  iyo ni  shida ya kujitakia,['sadness'],['disgust'],[],[]
swahili_text_678_emotion_1,Hili jua la machakos ni too much,['sadness'],['sadness'],[],['sadness']
swahili_text_3563_emotion_1,Niko Ile ukambani ya karibu na north eastern..buda siwes doz hao mabro wakuoa macuzo wanaeza tokea anytime,[],['fear'],['disgust'],[]
swahili_text_3060_emotion_1,Hawa ni wazazi bana wanabehave.hivi https://t.co/Wvz1gKq6qx,['surprise'],['sadness'],"['disgust', 'surprise']",['surprise']
swahili_text_1015_emotion_1,@EvahMwalili Kuna watu wenye majina lakini walipokufa walisauliwa lakini jina la yesu ni jina la kipekee,['joy'],['joy'],['joy'],['joy']
swahili_text_3658_emotion_1,Hawa watu ni maumbwa walai,['anger'],['anger'],['anger'],['anger']
swahili_text_3364_emotion_1,Vaccinated mfs hawaamini tumeona new year wanaumwa sana😂😂😂💔,"['anger', 'disgust']",['joy'],"['joy', 'surprise']",['joy']
swahili_text_1749_emotion_1,"I remember the first time nikienda supermarket kubuy mkate,nikachukua nikalipa hao watu wanasimamanga  hapo,kutoka nje niliambiwa hujalipa nikawambia nimelipa Kwa  hule, wakasema enda akupee pesa ukam ulipe hapa kwa cashier,nilienda nikapewa bt nilijicheka  sana hahahah 😃😃😃😃","['joy', 'surprise']",['joy'],['joy'],['joy']
swahili_text_2992_emotion_1,"Mimi kenye niliona Jana siwezi rudi barabarani tena, form ni kutarget mdenge mmoja tuandamane hadi kwangu✌️😌😂","['disgust', 'fear']",['surprise'],['fear'],['fear']
swahili_text_4570_emotion_1,Mourinho anafaa kuambiwa hawa players wakae kando kwanza wakiwa ready kuchezea jina iko apo mbele ya jersey warudi kumanyoko,['anger'],[],['disgust'],[]
swahili_text_2753_emotion_1,Huyu kijana anafanya vipusa watauni wavue mashati mapanty ni kama hawaoni,[],['joy'],[],[]
swahili_text_5131_emotion_1,Kukunia mchana nayo ni show off,[],['joy'],['joy'],['joy']
swahili_text_540_emotion_1,The inflammation I get when i take a shower during the cold season is really bad. Sijui nitawahifanya nini bana.,['fear'],['sadness'],"['fear', 'sadness']","['fear', 'sadness']"
swahili_text_306_emotion_1,Lakini Brown aje aseme alikuwa anatosheleza aje hiyo mti kwa hizo matako juu zilikuwa nono kupindukia!Hakukwama pale kakangu alipigania kuma senge,['surprise'],['disgust'],['surprise'],['surprise']
swahili_text_2833_emotion_1,hao ma waiter wa mojos maze sini wasupa wawawawah,['joy'],['surprise'],['surprise'],['surprise']
swahili_text_1342_emotion_1,Ati term 3 iko tu na two  months?  Hawa watoto hawasomi enough,"['anger', 'surprise']",['surprise'],['surprise'],['surprise']
swahili_text_671_emotion_1,So Nani alienda kuona lady leshurr ama anaitwanga Nani?! Socials yote sifwati hata mtu mmoja mwenye alienda.,['disgust'],['surprise'],[],[]
swahili_text_4153_emotion_1,Haha funniest shit nimeskia leo ni ati hawkers wame snick into a hospital where Covid19 patients are admitted kuwauzia mkate na mayai.,['surprise'],['surprise'],"['joy', 'sadness']",['surprise']
swahili_text_831_emotion_1,Nimetoka tuh kula lunch karibu na hizi vibandaski za Moi avenue primary school kidogo hivi nabambwa na some undercover cop hati nimetoka kuvuta ngwai nkts,['anger'],['anger'],"['joy', 'sadness']",['anger']
swahili_text_1939_emotion_1,Sasa hii mvua inataka aje?,['anger'],"['anger', 'sadness']",['anger'],['anger']
swahili_text_1808_emotion_1,@psalm254 Prof Stanley Khainga was the lead doctor in the operation involving reattachment of a hand belonging to a young man called Joseph Theuri..Ama Siku hizi Khainga ni jina la mzungu?,['surprise'],[],[],[]
swahili_text_333_emotion_1,"Stop thinking your competition, Think different Check alternatives You'll wake up in BLUE OCEANS.",[],['surprise'],[],[]
swahili_text_5147_emotion_1,"Lakini ukiona mse ameomoka na hana bibi na watoi, na hapendi story za mangoko, huyo walai ni illuminati!",[],['anger'],['fear'],[]
swahili_text_274_emotion_1,"#NP SHAURI YAO/ DJ CREME FT KRISTOFF,KHALIGRAPH &amp; CHIWAWA *PUMP IT OR DUMP IT* #SLAMHBR @JinxLike",[],[],[],[]
swahili_text_3995_emotion_1,Nyeff hawa watu wangenyamaza tu,[],['anger'],['anger'],['anger']
swahili_text_4555_emotion_1,"@jereoffishal Uko na kazi za leo , Watu wa lala salama",[],[],[],[]
swahili_text_2327_emotion_1,@Joboyengo Nilikuuzia kwa Hillary,[],[],[],[]
swahili_text_484_emotion_1,Yaani mpaka mshajua ni Nani pale natives eeih😂,['surprise'],['joy'],['surprise'],['surprise']
swahili_text_519_emotion_1,Mimi si mtu aninunulie hizo boxers na happy socks mnakataa 😏,['disgust'],['surprise'],['sadness'],[]
swahili_text_3116_emotion_1,@YesuMkenya Tunakuheshimu tu juu tunakujua,"['disgust', 'sadness']",['anger'],[],[]
swahili_text_4274_emotion_1,Adi nikaacha shule ndo nikuwe mjinga kama yeye lkn wapi🤔,"['anger', 'disgust']",['sadness'],['sadness'],['sadness']
swahili_text_3122_emotion_1,"Nikiwaambia nilifika mtaani salama na hiyo gari nitakuwa nawadanganya😂😭 Hiyo gari nayo ilikuwa na issues manze and for those of you who knows how a signed agreement works,hainanga reverse gear,had to pay the remaining amount within the agreed time of which I had no option",['disgust'],['anger'],['sadness'],[]
swahili_text_3336_emotion_1,Stock ya maji imeisha itabidi nmeendea.makonde zinarushwa hapa watu lazma wakunywe maji,['fear'],['disgust'],"['disgust', 'fear']","['fear', 'disgust']"
swahili_text_955_emotion_1,@EtalePhilip Utakula juju leo,['sadness'],['disgust'],[],[]
swahili_text_332_emotion_1,"Lets pray for our brother Hajji. May Allah (SWT) make it easy for the family. I hope and pray to the almighty, that he survives this. May Allah (SWT) give him quick recovery In Shaa Allah 🙏🏼🙏🏼 Amiin Ya Rabb",['sadness'],['sadness'],['fear'],['sadness']
swahili_text_1614_emotion_1,Jana raiya imepigwa adi na teargas mtaani wafunge works ndio waishie kejani na bado enumerators hawakufika...smh,"['anger', 'sadness']",[],['sadness'],['sadness']
swahili_text_3133_emotion_1,Hii ndio ile mwezi mtakuwa mnaeka flowers na chupa za wines nje ya mlango yenyu then mna act surprised that someone anonymous ameweka hizo presents hapo akaenda https://t.co/f2HfeMQYEu,['disgust'],['surprise'],"['anger', 'sadness']",[]
swahili_text_5513_emotion_1,Ni waschana hawanitaki ama ni mimi sijakuwa serious 😪😪🥲,"['sadness', 'surprise']",['surprise'],['sadness'],"['sadness', 'surprise']"
swahili_text_477_emotion_1,"Sometimes work place hukua disgusting 🤢 mwanaume mzima aty juu ameoa unapata ameenda Choo then anaacha ka hujaflash, sijui wabebage mabibi zao to clean after them, is it common ama shida ni kwenye nafanya kazi🤔 wazito.",[],"['anger', 'disgust']",['anger'],['anger']
swahili_text_1106_emotion_1,"Unadhani sina kazi niku follow ukose Kuni follow back??nakupea leo pekee yake ukuwe ushanifollow back,mimi ni nani sija follow huku,mmmh 😊😊kama nime follow adi steavo simple boy ni nani nimebakisha 😕😕😕","['anger', 'disgust']",['anger'],['anger'],['anger']
swahili_text_222_emotion_1,Penalty za Leo! Nuksi,['anger'],['sadness'],['anger'],['anger']
swahili_text_2639_emotion_1,"yesterday I saw some of you talking shit about guards (watchies) and mahn, nikiwa mkubwa nataka privilege ile mko nayo.","['fear', 'surprise']",['anger'],['surprise'],['surprise']
swahili_text_2169_emotion_1,Magoha hutaka authority yake ikue felt haha,['disgust'],['joy'],['anger'],[]
swahili_text_2103_emotion_1,"Jamani, leo mtu akishikwa na polisi ati hajafunga seatbelt, ati na uwekwe kwa landrover haina seat belt, kataaaa..waambie haupandi tena gari haina seat belt it is an offence!!!",['anger'],[],['anger'],['anger']
swahili_text_1908_emotion_1,Mnakula nini niwa copy,[],['surprise'],[],[]
swahili_text_2136_emotion_1,@CiruSmith Asante sana,['joy'],[],['joy'],['joy']
swahili_text_4443_emotion_1,"Sioni akileak hizo DMs, infact hakuna kitu ni attention tu",['anger'],[],['sadness'],[]
swahili_text_5458_emotion_1,Mnasema mlitetea Omanyala mnadhani hii gava inaweza waskiza haha naisha mimi,['surprise'],[],['joy'],[]
swahili_text_5253_emotion_1,Respect sana,[],[],[],[]
swahili_text_3682_emotion_1,@PreetieJules @beebree0 Some lady in a hoodie hahaha...niliwa nashindwa huyu ni nani,['surprise'],['surprise'],[],['surprise']
swahili_text_3755_emotion_1,Nimemtumia picha ikapigwa filters kupostiwa ata mimi mwenyewe sikuwa najijua😂😂😂😂 Ni yeye anajaribu kunielezeà ati uyo n mm🤭🤭🤭💔💔💔,['fear'],['surprise'],['surprise'],['surprise']
swahili_text_696_emotion_1,Haha kuna mtu alisema hawezi lipa kwenda kuona the jamaican version of a kyuk babe  And I can't forget that,['anger'],['surprise'],['surprise'],['surprise']
swahili_text_3296_emotion_1,@azamtvtz Hongereni sana Azam kwa kutuletea burudani.,['fear'],['joy'],['joy'],['joy']
swahili_text_147_emotion_1,PALE KWA INTERVIEW YA KDF NILIAMBIWA NIKO NA BLOOD PRESSURE NA PROTEIN MINGY KWA MKOJO YANGU,"['fear', 'sadness']","['disgust', 'sadness']","['sadness', 'surprise']",['sadness']
swahili_text_3650_emotion_1,@iam_bett Tutashukuru sana,['joy'],['joy'],['joy'],['joy']
swahili_text_2847_emotion_1,"Niambie utakalo Bwana, Nipe nguvu ya kushinda Majaribu Yesu nakuhitaji maishani mwangu @Milele_FM @EvahMwalili #BarakaZaMilele",['sadness'],['joy'],[],[]
swahili_text_776_emotion_1,"Ile tackle hunimaliza hadi wa leo ni ""imagine this sperm won"" lmaoo",['disgust'],['surprise'],['joy'],[]
swahili_text_3849_emotion_1,@smileycherry2 😅😅😅wasema 2 weeks wewe mimi ilichukuwa a whole year adi nika uninstall hio app ndio ata nimerudi juzi juzi sai progress si mbaya.,[],['surprise'],[],[]
swahili_text_4667_emotion_1,@WelBeast @ElNnenyM poleni sana,['sadness'],[],['sadness'],['sadness']
swahili_text_2445_emotion_1,"MARKO 12;30 30 nawe mpende Bwana Mungu wako kwa moyo wako wote, na kwa roho yako yote, na kwa akili zako zote, na kwa nguvu zako zote",[],[],['joy'],[]
swahili_text_5_emotion_1,Watu walipata degree ya Arizona wanaitumia kupata kazi wapi ?,['disgust'],['surprise'],[],[]
swahili_text_4914_emotion_1,"Usiwai fanya biashara illegal na dem bana, Raila na Uhuru nikama hawakujua hii.. sasa ona vile gumama gukubwa hakajui simple arithmetic....","['disgust', 'sadness']",[],['surprise'],[]
swahili_text_2974_emotion_1,“@masaku_: Kuna time nilitry kukata kata sukuma nikashindwa ikabidi nipike hizo leaves ka chapati.”hahaha,['disgust'],['surprise'],['joy'],[]
swahili_text_5281_emotion_1,@UDAPartyKe Ni Mungu,[],[],[],[]
swahili_text_5183_emotion_1,Mwanaume kubeba umbrella ni uchomoki...,['disgust'],['joy'],['joy'],['joy']
swahili_text_4549_emotion_1,DIBAJI @WallahBin : KUISHI NI AMRI YA MUNGU @radiomaisha #NURUYALUGHA,[],[],[],[]
swahili_text_4298_emotion_1,Nitakuja kupiga msichana wa mtu huku Mimi,['anger'],['anger'],['anger'],['anger']
swahili_text_49_emotion_1,Lakini hii story ya El Niño mnaona ikikuwa? Hii jua si ile ya mvua.,['surprise'],['surprise'],['fear'],['surprise']
swahili_text_2224_emotion_1,Ni mimi pekee naona CBD ikiwa chafu?,['surprise'],['disgust'],['surprise'],['surprise']
swahili_text_680_emotion_1,Ni kwa Neema na Rehema asante baba,['joy'],['joy'],['joy'],['joy']
swahili_text_4342_emotion_1,"Nakumbuka nkiwa first year campus,nkipresent group work for the first time nliambia beshte yangu anirecord na nkapost status 😂I was such a kienyeji bana💔",['sadness'],['surprise'],['disgust'],[]
swahili_text_12_emotion_1,Alafu niwaulize ile rangi ukuwa kwa sabuni ukioga huwa inaenda wapi!??,['disgust'],['surprise'],['surprise'],['surprise']
swahili_text_3467_emotion_1,@HildaropC @likuyidaniel37 @BHusema Pamoja,[],[],[],[]
swahili_text_2638_emotion_1,"Kuna venture nimekuwa nikikula L for almost 3 months but nikiwahi what nasaka, ni kuomoka once and for all.",[],['surprise'],[],[]
swahili_text_1387_emotion_1,@julienataka Kwn ww unaez kosa maziwa hali hio nsamee sije nkafungua saum yangu,"['sadness', 'surprise']",[],[],[]
swahili_text_3931_emotion_1,Gun🔫 on head fungua hizo macho kabla nikumalize hata kama wewe ni uyo kipofu uta ngoja kweli,['fear'],['fear'],['fear'],['fear']
swahili_text_1776_emotion_1,Kuna fan wa arsenal kando yangu nikama white cap imewacha kushuka😂😂😂😂😂,['sadness'],[],['joy'],[]
swahili_text_5464_emotion_1,@Kenyans Na SI amenona kichwa kwani ni yeye tu analipwa na wengine hawalipwi or,['disgust'],['joy'],['joy'],['joy']
swahili_text_350_emotion_1,@thuggish1 @bintikombo @PrinceRaymondke Kwani sasa mtese mzee ya mwenyewe na pesa ziliumbiwa tuwape wanawake,['disgust'],['surprise'],['surprise'],['surprise']
swahili_text_3412_emotion_1,But sisi madem huwa mapretenders sana unashow chali unataka lunch hukoo sarova alafu next day unampata kibandani akifukuzia chapati madondo.,['disgust'],['surprise'],['sadness'],[]
swahili_text_5176_emotion_1,@gikuyu254 maendeleo tu huku 034,[],[],[],[]
swahili_text_4366_emotion_1,"Hao watu waliona kama mimi ni Malaya nikasema i am a God loving person , wakasema I don't deserve to push a dating app, see God? Hawajalipwa",['sadness'],['surprise'],['surprise'],['surprise']
swahili_text_928_emotion_1,Ule sex pod cast merchant ako na dreads ana kekeke about shaffie lakini hawezi osha nyumba yake hahaha what a loser,['anger'],['sadness'],"['disgust', 'surprise']",[]
swahili_text_1941_emotion_1,@MoraaNyarangi Karibu,[],[],['joy'],[]
swahili_text_1610_emotion_1,Bado hajasema ni utapeli?,['surprise'],['surprise'],['surprise'],['surprise']
swahili_text_379_emotion_1,Hawa watu wanani follow ni kazi wamekosa??,['anger'],['anger'],['anger'],['anger']
swahili_text_2187_emotion_1,So mhindi ameinua akaacha kondoo alidanganya zipambane na hali yao eh?? 😂😂😂😂,['surprise'],['joy'],['joy'],['joy']
swahili_text_3244_emotion_1,"@mwetich__ Niliambiwa yenye ilitolewa ni sijui ya first time home buyers, nikamsho akalipa nikaachana na hiyo story",['anger'],['sadness'],['fear'],[]
swahili_text_777_emotion_1,Umewai sota hadi ukianalyse games za spesa zote zinakam poa bt huna doo ya kubet,['sadness'],['surprise'],"['sadness', 'surprise']","['sadness', 'surprise']"
swahili_text_942_emotion_1,Sifuna amesema mrape hawa watu😂😂😂,"['disgust', 'surprise']",['disgust'],['disgust'],['disgust']
swahili_text_2062_emotion_1,Kama this ess amewachwa then hii life kila msee ni loner,['surprise'],['surprise'],['sadness'],['surprise']
swahili_text_3960_emotion_1,Hii chapo moja wacha nipeleke cyber niifanyie photocopy ikue mob😌😌,['sadness'],['surprise'],['joy'],[]
swahili_text_4647_emotion_1,"Mungu anisaidie nikioa nisiwai waste effort na pesa ndio nibang watoto wa wenyewe, hiyo nguvu bibi na watoto wataihitaji.",[],['joy'],['sadness'],[]
swahili_text_1951_emotion_1,Hii Christmas ni kama itabounce coz hata sijaona ngano na kuku geni😂😂💀,['sadness'],['joy'],"['joy', 'surprise']",['joy']
swahili_text_3270_emotion_1,@DollarsDola Ama labda juu hao wengine ni machali ikabidi niomoke na yote,['joy'],['joy'],[],['joy']
swahili_text_1151_emotion_1,Gas yangu imetegea ninunue kimeza flani impulse buying ndio nayo ikaisha,['sadness'],[],['sadness'],['sadness']
swahili_text_2198_emotion_1,Na tushoga ni twingi hii tl...kabla ndume iangalie sura ya mwenzake hua inatafuta nini?,"['anger', 'disgust']",['surprise'],['disgust'],['disgust']
swahili_text_1966_emotion_1,Nani alidanganya hao mafala kwenda kuiba Gigiri? Huko ni kubaya,['fear'],"['joy', 'surprise']","['anger', 'surprise']",['surprise']
swahili_text_4746_emotion_1,Hao watu wamekasirika mnaita wengine jealous 😂sasa mkipata hiyo story ya siphoning public funds from Muranga ni ukweli mtafanya🤔😂,['surprise'],"['joy', 'sadness']","['disgust', 'surprise']",['surprise']
swahili_text_4527_emotion_1,mfanye kazi sio kuitisha pesa juu mume twerk who raised some of you niggas ??,"['anger', 'disgust']",['joy'],['disgust'],['disgust']
swahili_text_3824_emotion_1,Leo watu wako na pesa hehe niko locals nimekunywa keg 3 na hata sija tumia doo yangu kumbe hivi ndio light skin ufeel,['joy'],['surprise'],['surprise'],['surprise']
swahili_text_119_emotion_1,GARI LANGU LIMEFIKA SASA  ILA  TATIZO MAFUTA  SASA 😭😭  LITA 3000 ⛽,['sadness'],['sadness'],['sadness'],['sadness']
swahili_text_387_emotion_1,Mbona ukisetty kama umefacsce juu shada haiwezikunyonga?,['disgust'],['surprise'],['joy'],[]
swahili_text_789_emotion_1,Mnagoma wakati ule mimi ndio nataka kupanda ndege? Nkt!,['anger'],['sadness'],['sadness'],['sadness']
swahili_text_2769_emotion_1,"@jessicah_jessy How the oranges,the umbrellas and the cokrels won't you use a wheelbarrow to handle them?  That is a shallow way of reasoning BUT WE ALL AGREE THAT THESE A POLITICAL PARTY SYMBOL YOU NEED EVEN A TEACHER TO TEACH YOU THIS,TUMUMIA AKILI YA KUZALIWA!",['sadness'],"['anger', 'fear']","['anger', 'disgust']",['anger']
swahili_text_1593_emotion_1,"Mwanaume ni kukwama na mwendazimu wake,ndume true lazima apende na avumilie sumbua,ni watu delicate ,bembeleza hao apan choka brathe.","['disgust', 'surprise']",[],[],[]
swahili_text_3631_emotion_1,@osoroKE Hata wewe huwezi ona hizo vitu ni fabricated. Hiyo ni catfish na boy mwenzake wametengeneza hizo ujinga ndio watrend Leo. See,['disgust'],['anger'],['anger'],['anger']
swahili_text_2110_emotion_1,"Kuna kc nimeonja apa walai sio ya eabl, anyway, to promoting local businesses 🍻",[],[],['surprise'],[]
swahili_text_5007_emotion_1,Wacha sasa nifike liquor store nione kama ntapata kangumuu,[],[],['joy'],[]
swahili_text_3311_emotion_1,Nliachana na church vile nliona pastor anakiwasha alaf anaenda kuaambia watu wasikiwashe... Ur preaching the wrong gospel pastor,['anger'],['sadness'],['disgust'],[]
swahili_text_3425_emotion_1,A mother somwere just bore Moses Kuria .. This dude kin tunaelewa yeye,['disgust'],['disgust'],['disgust'],['disgust']
swahili_text_5189_emotion_1,Lmao all my followers kumbe ni maskini hivi,"['sadness', 'surprise']",['surprise'],['surprise'],['surprise']
swahili_text_4458_emotion_1,"Mwanamke ni tabia, sura hata mbuzi anayo.",[],['surprise'],['disgust'],[]
swahili_text_3989_emotion_1,Smh Fulham ni maumbwa,['anger'],['anger'],"['anger', 'sadness']",['anger']
swahili_text_1310_emotion_1,Sasa hawa wananitag ndio nini iendeleee,['disgust'],['disgust'],['surprise'],['disgust']
swahili_text_2476_emotion_1,Kidogo kidogo uta skia njoki ni misfart mwitu,[],['joy'],['surprise'],[]
swahili_text_2038_emotion_1,"Mimi hata pesa ya kufanya photocopy za assignments pale jkuat nlikuwa nanyimwa,mimi ningepelekwa usiu hata fare siitishi",['sadness'],"['joy', 'surprise']",['sadness'],['sadness']
swahili_text_2265_emotion_1,Mzazi ni mtoto atalea ama ni Msanii ataambiwa akasafishe content?,['surprise'],['surprise'],['surprise'],['surprise']
swahili_text_2844_emotion_1,TOT poleni sana,['sadness'],['sadness'],['sadness'],['sadness']
swahili_text_2357_emotion_1,Mafala nimekaa nao ni wa arsenal.So bill mi nawaachia tho mi ndio nilikua na washikia leo,[],['anger'],['disgust'],[]
swahili_text_3787_emotion_1,niki sema Bob Collymore  ni GAY ntakua nimetukana mtu unaonaje mwanaume mwenzako ni UGLY???,['disgust'],['disgust'],['anger'],['disgust']
swahili_text_4271_emotion_1,With all those women in parliament saizi madem wa shule hawafai kua wananunua sanitary towels.,"['anger', 'disgust']",['sadness'],['sadness'],['sadness']
swahili_text_965_emotion_1,Naambiwa nilikatia hadi karao lakini jam ikafunguka kabla nipewe number 😭😭😭😭,['sadness'],['surprise'],['sadness'],['sadness']
swahili_text_4936_emotion_1,"Mi sasa ubaya ni nikishachoka na wewe, ni ivo. Like dass it !",['anger'],['joy'],['disgust'],[]
swahili_text_4187_emotion_1,"Any man interacting with catfish sexual contents on this app; 1. Is an idiot. 2. Is sexually starving. 3. Lacks father figure. As for ladies, hizo ni shida za wamama na hazinihusu.","['anger', 'disgust']",['anger'],"['anger', 'sadness']",['anger']
swahili_text_2287_emotion_1,Huko Nigeria ni Kama hawaamini results vile zinakuja 😂😂,[],['joy'],"['joy', 'surprise']",['joy']
swahili_text_10_emotion_1,Boys anachange avi more than twice a day lol...Hao ndo wale wa kujipaka lotion,['disgust'],['surprise'],"['joy', 'surprise']",['surprise']
swahili_text_1467_emotion_1,@rutesrider Si hata wewe unajua ni ukweli?,[],[],[],[]
swahili_text_5498_emotion_1,Huyu Jackie Maribe ni mrembo wapi sasa/?,"['anger', 'disgust']",['surprise'],['disgust'],['disgust']
swahili_text_4911_emotion_1,Huku Loresho kuna majamaa wamedandiwa na makarao wa hii stenje wakiwa hawajavaa masks... Wamewekwa kwa pajero sasa wa naenda quarantine hahaha,[],[],"['joy', 'surprise']",[]
swahili_text_589_emotion_1,@inooroke #TeamCuacua pamoja Sana,[],['joy'],[],[]
swahili_text_251_emotion_1,Waziri wa Ardhi Awashutumu Baadhi ya Wakuu Serikalini  #KashFaZaUfisadi,"['disgust', 'sadness']",['anger'],[],[]
swahili_text_3250_emotion_1,sasa hawa tumeona ndio females wako kwa rap industry hehe,['surprise'],['surprise'],[],['surprise']
swahili_text_3712_emotion_1,@limukii_f Umi maize meal ain't consumable... Hiyo kitu ni mbaya,['anger'],['sadness'],['disgust'],[]
swahili_text_2407_emotion_1,Jamaa anaekelea Kenya kichwa ni kama yeye ndio anaenda fungia Harambee stars bao. https://t.co/WNbJEqZOCA,['disgust'],['joy'],['surprise'],[]
swahili_text_530_emotion_1,Watu wenye gari zao huibiwa aki mimi huwaonea huruma,['sadness'],['sadness'],['sadness'],['sadness']
swahili_text_2076_emotion_1,@janyakach_ @otienofw watu wengine hawakuagi sawa kiakili acha nilenge,['anger'],[],['anger'],['anger']
swahili_text_3680_emotion_1,Yani 8yrs of marriage mmekuwa mkijichocha mnapendana  #neyo 🤣🤣🤣 tuseme tu ukweli nimechoka na shimo moja,['anger'],['surprise'],['surprise'],['surprise']
swahili_text_1708_emotion_1,@Biancawamu2 Anataka namba ama mwenye namba ata utakuta ni mtoto mara nyingi anaongea hivyo,['surprise'],[],['surprise'],['surprise']
swahili_text_5172_emotion_1,Hawa wamathe wa ushago wanakuambia hutaki kunisalimia na niko na msichana wangejua dryspell napitia,['sadness'],['surprise'],['joy'],[]
swahili_text_1229_emotion_1,@TajiriWangu Siku imekua mufti sana. Shukran sana Tajiri Wangu kwa Kuka.👊🏾,['joy'],['joy'],['joy'],['joy']
swahili_text_3299_emotion_1,Leo mmeniweza aki 😂😂😂,"['disgust', 'surprise']",['joy'],['joy'],['joy']
swahili_text_1282_emotion_1,@Pamtua @KikeiMike  EEH AMESAHAU NA ALIKUWA ANATAKA NUMBER YA NANCY,"['sadness', 'surprise']",[],['surprise'],['surprise']
swahili_text_4737_emotion_1,@ItsChanzu Piga nduru kwa nyumba,[],[],[],[]
swahili_text_626_emotion_1,@OsamalEvans Sasa hivi,[],[],[],[]
swahili_text_2960_emotion_1,@justinawamae @CJMarthaKoome Hata chebukati anangoja results itangazwe vile tulimngoja yeye atangaze  Si mungu ni mwema,['disgust'],['sadness'],['joy'],[]
swahili_text_4694_emotion_1,#WolfForHire IPSOS knows that the only way to be relevant in Kenya is by mentioning @RailaOdinga in each and every poll.  Upuss tu,['anger'],[],['disgust'],[]
swahili_text_4027_emotion_1,Nashangaa mbona niko na headache kumbe ni ati sijakunywa chai siku mzima,['surprise'],['surprise'],['surprise'],['surprise']
swahili_text_2475_emotion_1,Yule mtu alisema 'come rain or shine' either hajawa Mombasa ama ni mjinga tuu.,['anger'],['surprise'],['disgust'],[]
swahili_text_1115_emotion_1,KINDLY DON'T COME TO MY DMS WITH NONSENSE.   KUJA HAPA KWA TL,"['anger', 'disgust']",['anger'],['anger'],['anger']
swahili_text_2173_emotion_1,"Ati women will say i want a rich guy with six packs, that combination does not exist😂kama unataka pesa ulee hiyo kitambi😂😂😂",[],['joy'],['joy'],['joy']
swahili_text_2968_emotion_1,"Aki people, you drink bad and you want to drive! Huyu mzee hapa down totally drunk na anataka kwenda ameweka ngoma. Watu hawajipendi!",['disgust'],"['disgust', 'sadness']","['fear', 'sadness']","['disgust', 'sadness']"
swahili_text_2980_emotion_1,ATI KUNA DEM AMEANGUSHA KIBETI  TAO NIKAMWAMBIA EXCUSE ME MADAM!!..AKADAI I HAVE A BOYFREND...SAI NAKULA KUKU,['joy'],['joy'],['joy'],['joy']
swahili_text_3289_emotion_1,Student leaders in Kenyan universities normally plan for strikes and violent demonstrations. At the end they are expelled from the institutions . They should be embracing dialogue  . Najua jamaa mmoja alipewa expulsion Laikipia university siku hizi yeye ni changaa tu,[],['sadness'],['sadness'],['sadness']
swahili_text_3469_emotion_1,Kila shimo mnapanda miti hamjali kabisa ona sasa wa manywele ako na kisonono,"['disgust', 'sadness']",['sadness'],['disgust'],"['disgust', 'sadness']"
swahili_text_1054_emotion_1,@chrisjumaa @ankali_ray @Cpt_Otos Asanti kwa kutusikiliza #AnkaliNaOtosMilele,['joy'],['fear'],[],[]
swahili_text_4781_emotion_1,Nikona short what the fuck. Na bado nitaingia.. hahaha. Hakuna difference ni jina tu nasema,"['anger', 'surprise']",['joy'],['joy'],['joy']
swahili_text_2583_emotion_1,Hull city ni kale kadem hukukazia usiku yote then asubui before kaende kanagive in,"['disgust', 'surprise']",['joy'],['surprise'],['surprise']
swahili_text_851_emotion_1,Awa watu wana taka aje,"['fear', 'surprise']",['anger'],['surprise'],['surprise']
swahili_text_1308_emotion_1,"I am 26, ati imebaki miaka ngapi sasa nioe?",[],['joy'],[],[]
swahili_text_29_emotion_1,Lovely comrades  kesho pia n siku kwa Mungu,[],['joy'],[],[]
swahili_text_4889_emotion_1,Kumbe blackjack ni mboga legit hivi?hakuna kulala njaa tena 😂😂😂,['surprise'],['joy'],['joy'],['joy']
swahili_text_616_emotion_1,Asante Baba Mungu......asante kwa yote baba uliyotujalia,['joy'],['joy'],['joy'],['joy']
swahili_text_5193_emotion_1,Damn mvua imeniosha from eldoret mpaka timboroa😂hiyo ni laana,"['anger', 'sadness']",['joy'],['joy'],['joy']
swahili_text_4836_emotion_1,@whiisperz hahaha nilikuwa nadhani uko na hamu sanaa ungekamia morning juu naeza shinda kejani siku mzima,[],[],['joy'],[]
swahili_text_5283_emotion_1,Mimi hata sijui niseme nini😂😂🤦🏿‍♂️🤦🏿‍♂️I need a fat blunt and a bottle of tequila,"['sadness', 'surprise']",[],['joy'],[]
swahili_text_1082_emotion_1,@PabloKabama Mimi nikeimaliza 😂 But nashindwa hawa madem hawaonangi wakidanganywa,['surprise'],['sadness'],"['sadness', 'surprise']","['surprise', 'sadness']"
swahili_text_3924_emotion_1,Iyo game ya Arsenal iko super sport gani?,[],['joy'],[],[]
swahili_text_2504_emotion_1,kama haujaoaaukuolewa consider having protection,[],['surprise'],[],[]
swahili_text_3355_emotion_1,@BravinYuri Muhimu sana,[],[],[],[]
swahili_text_2197_emotion_1,"@dikkinyua @brucepacc anajua mbao ni za kuni tu, hii kosokoso ingine hatambui","['sadness', 'surprise']",[],['disgust'],[]
swahili_text_584_emotion_1,@EldonLangat @Crazy_Nairobian Karibu Victon,[],[],[],[]
swahili_text_3670_emotion_1,@Macynicky1 Hio ndo maana iliitwa chuma juu ni dhabiti  ikingia shimo LA tewa unaifeeel,['disgust'],['surprise'],['joy'],[]
swahili_text_681_emotion_1,Kenya ata ukikubali peacefully wakuarrest bado  utapigwa ..i wonder what kenya police learn in their institutions mimi nishaipigwa macho karibu itoke na sijakataa  niko na pingu kwa mkono alredy na ndio maana wanakufa ka maumbwa,[],['anger'],"['anger', 'sadness']",['anger']
swahili_text_2340_emotion_1,Happy Birthday Hon @RailaOdinga na pole sana kwa msiba,"['joy', 'sadness']",['sadness'],['sadness'],['sadness']
swahili_text_2882_emotion_1,"Only like 2 of my friends are good people, hao wote wengine ni wagaidi😂",['disgust'],['joy'],['joy'],['joy']
swahili_text_4046_emotion_1,Kwani jowie alikuwa anaishi wapi before he met maribe?,['surprise'],['sadness'],['surprise'],['surprise']
swahili_text_5168_emotion_1,😭😭😭😭😭😭😭😭😭alafu unafika date chali amevaa matambara hivo alafu abitch about ex wake date mzima😂😂😂😂😂😂,"['disgust', 'sadness']",['disgust'],['disgust'],['disgust']
swahili_text_5123_emotion_1,Watu wakubwa hawajui kupika pilau yaani?,"['sadness', 'surprise']",['surprise'],['surprise'],['surprise']
swahili_text_4481_emotion_1,"#LuchivyANABaitEMilele KASARANI MWIKI MY HOOD LOCKED KAMA PADLOCK YA KAMITI,,,, KABOOM",[],[],['joy'],[]
swahili_text_1512_emotion_1,"Usiniletee zako hapa na ni birthday week nitakutupanisha na huko, mbwa!",['anger'],['anger'],['anger'],['anger']
swahili_text_3453_emotion_1,Mwizi number moja kenya unajua ni nani ?,['anger'],['sadness'],[],[]
swahili_text_1810_emotion_1,"Weed smokers quote Ezekiel 47:12 hehehe, enyewe Bible ni venye wewe mwenyewe utaielewa.",['surprise'],[],"['disgust', 'joy']",[]
swahili_text_472_emotion_1,Lakini reason mnazi always get the Brewers in problems is that the environment where its taken akways harbour criminal,[],['surprise'],[],[]
swahili_text_1949_emotion_1,Anyway tupatane kesho pale kwa Zukabaga 🤘 https://t.co/U4jLeTxgo4,[],[],[],[]
swahili_text_5419_emotion_1,Asante Bwana kutufikisha jioni ya leo. Tuhesabie mema tuliyoyatenda katika hazina yetu ya milele. Tusamehe tuliyokosa kwako. Amen.,[],[],['joy'],[]
swahili_text_5331_emotion_1,its been months na bado mpaka wa leo wanatafuta hio nduru bado???,"['sadness', 'surprise']",['surprise'],['joy'],['surprise']
swahili_text_3255_emotion_1,Leo ndio nimeona kweli kimuzi ni mjinga tu smh,['anger'],['anger'],['anger'],['anger']
swahili_text_3881_emotion_1,"Kitu mimi hunichelewesha kuenda place ni kuangalia ass. The more the asses, the later I'll be","['anger', 'disgust']",['disgust'],['disgust'],['disgust']
swahili_text_5460_emotion_1,Ala !! ati mtu ameambiwa afanye nini kwanza?,"['disgust', 'surprise']",['surprise'],['surprise'],['surprise']
swahili_text_4064_emotion_1,"Twitter yangu haionyeshi images,niambieni shida ni nini?","['fear', 'sadness']",['sadness'],['surprise'],['sadness']
swahili_text_2486_emotion_1,Ushenzi tu,['anger'],['anger'],['anger'],['anger']
swahili_text_2325_emotion_1,@citizentvkenya Pole Sana Qr,['sadness'],[],['sadness'],['sadness']
swahili_text_1969_emotion_1,alafu maviatu akiget married itabidi ata mimi niwe in a relationship pia...where is the ideal place to get a GF?,[],['joy'],['surprise'],[]
swahili_text_17_emotion_1,Naishi in fear. Any call napata ni enjoyment na mihadarati. Akuna ata mtu ananipigia aniambie how to grab land?,"['fear', 'sadness']",['fear'],"['fear', 'sadness']","['fear', 'sadness']"
swahili_text_2532_emotion_1,Hiyo station imejua haina listeners mkatumwa mtushow venye a 21 year old is been busted 😂😂,"['sadness', 'surprise']",[],['joy'],[]
swahili_text_5405_emotion_1,Kwa ivo mmesema Barcelona ni Arsenal imeomoka tu 😂😂😂,[],['joy'],['joy'],['joy']
swahili_text_4739_emotion_1,Huku twitter hakuna mtu naona anasema kwao ni mau forest wana evictiwa......kwani nyinyi wote hutoka karen?,['surprise'],['surprise'],"['joy', 'surprise']",['surprise']
swahili_text_2788_emotion_1,Huwezi jiita a girl toto na uwe unachinja kuku in fact wee ni kimoda 😂😂😂💔,['disgust'],['surprise'],"['joy', 'surprise']",['surprise']
swahili_text_3694_emotion_1,Huyo nguvano ana weza mbaya sana!,['disgust'],['joy'],[],[]
swahili_text_1152_emotion_1,Utapata ata results za election bado hazijatoka ilikuwa clout chasing...in whose hands are we safe. ..nmechoka acha nkunywe maji nisusu nilale 😅😅,"['anger', 'disgust']","['joy', 'surprise']","['fear', 'joy']",['joy']
swahili_text_2501_emotion_1,Lavenda ni dem mgany mwenye ni conwoman?,"['disgust', 'surprise']",['surprise'],['surprise'],['surprise']
swahili_text_2331_emotion_1,When you wake up from a dark war and breath in the deliverance of the LORD! How beautiful are those moments! Indeed the LORD is a Strong Tower!  Give Me JESUS,[],['joy'],['joy'],['joy']
swahili_text_961_emotion_1,@MmboneMercy1 @FrankTheDeejay @Milele_FM #ShangweNaUtukufu Tumsifu Mungu katika kila hali,['fear'],['joy'],['joy'],['joy']
swahili_text_2513_emotion_1,Acha nilipe rent juu hii mwezi sitalipa ntakuwa ocha,[],[],[],[]
swahili_text_2626_emotion_1,Kueda homabey nikiwa na homa yangu ni how much,[],[],['surprise'],[]
swahili_text_1741_emotion_1,"Kuna missed calls zingine ata siezi bother ku call back, number inaanza na 0790 hio ata ni operator gani?",['disgust'],['joy'],"['anger', 'surprise']",[]
swahili_text_4262_emotion_1,"SI UCHAWI, NI MAOMBI",['joy'],['joy'],['joy'],['joy']
swahili_text_168_emotion_1,Nipatie quote moja yenye dj afro anakunisingi nayo Yangu ni ukiachwa achika nani....,[],['sadness'],['joy'],[]
swahili_text_1274_emotion_1,"So, I just woke seems today is Saturday na kesho ni Monday right?",[],['surprise'],[],[]
swahili_text_2786_emotion_1,@YangyRoyal @Hot_96Kenya @IAMRAPCHA #IAmAReason   @shicoshix  #dropzonetakingover  NAFUNGA CLIDE NDIO NIPATE CHANCE YA KUNYONGA SHIX,[],['joy'],['fear'],[]
swahili_text_66_emotion_1,Kudeal na watu hawajasoma ni stress,['anger'],['anger'],['sadness'],['anger']
swahili_text_2306_emotion_1,@FriendsOfBaba Starting with those who stole Kazi kwa Vijana,"['anger', 'sadness']",[],['anger'],['anger']
swahili_text_660_emotion_1,So mimi huwa sielewi kama tuliwapiga wakahepa ama walitupiga tukafaint 🤣🤣🤣,['anger'],['surprise'],['surprise'],['surprise']
swahili_text_4406_emotion_1,Ukichase dem mwezi mmoja upate hayuko idhaa achana na yeye😕,['anger'],['surprise'],['sadness'],[]
swahili_text_508_emotion_1,Nkiwaambia story yangu na huyo fii mnasema mnaezapigwa na butwaa,"['anger', 'disgust']",['surprise'],['surprise'],['surprise']
swahili_text_1604_emotion_1,"I fucked her friend, hapo apology inaanza aje?",['surprise'],['surprise'],['sadness'],['surprise']
swahili_text_4658_emotion_1,@king_maosa @its_abok Na kumuuwa nimsahau kabisa ni ngapi?,[],[],['anger'],[]
swahili_text_5462_emotion_1,@callmesymon Lol nikikuwa attachment hapo county offices sijawahi kimbia ofisi namna hiyo,['surprise'],[],['joy'],[]
swahili_text_2310_emotion_1,Bitlipa ni nini?,[],['surprise'],[],[]
swahili_text_5300_emotion_1,Mnaingilia graduands na huku nyinyi mnapush tags different daily  mpaka mnakuwa na wivu mnaanza ku block wengine wasipewe hahaha,['surprise'],['disgust'],['disgust'],['disgust']
swahili_text_4924_emotion_1,Mnaonanga kila mtu ni wenu ndio muongee venye mnajiskia 😂,"['anger', 'surprise']",['anger'],['disgust'],['anger']
swahili_text_51_emotion_1,Kwa relationship after break up kila mtuu husema vile alikuwa mzuri na vile partner wake alifanya mbayaa 😂😂,['disgust'],['joy'],[],[]
swahili_text_1576_emotion_1,Kuna dem ame turn 25 this year ana feel amefika miaka za ku settle na wanaume wanamkatia wote ni wa ku tap na ku step.,"['sadness', 'surprise']",['disgust'],['disgust'],['disgust']
swahili_text_367_emotion_1,Ma parents wenu wanajua nyinyi ni transporters wa vitu za kukojoa ??,['disgust'],['surprise'],['surprise'],['surprise']
swahili_text_5143_emotion_1,@DrBlakAende Mwenyezi Mungu amlaze kwa wema peponi,[],['sadness'],['sadness'],['sadness']
swahili_text_1906_emotion_1,@Beinggiddy Wanawin by the way hujaona za wengine huficha msijue wamewin ngapi,['surprise'],[],[],[]
swahili_text_3556_emotion_1,Tukaribishe uyu mtu wa vitendawili,"['anger', 'disgust']",['surprise'],[],[]
swahili_text_3386_emotion_1,Team KUBWA,[],['joy'],['joy'],['joy']
swahili_text_3326_emotion_1,"Mi nataka uyo Drae aingie space alafu waanze kuargue mmoja aambiwe ""sasa unataka kulia ?""",['disgust'],['surprise'],['surprise'],['surprise']
swahili_text_2982_emotion_1,@Evabulence hahaha...... ni waste mistari alafu usitokee?,['disgust'],['sadness'],['sadness'],['sadness']
swahili_text_3376_emotion_1,Kuna hawa wasee tukiwa chuo walikuwa wanatranslate sheng to English  Mi ni baba yao Became I am their father  😆,['joy'],['joy'],['surprise'],['joy']
swahili_text_3519_emotion_1,@MissMandii Huku tunaungua,['anger'],['joy'],['sadness'],[]
swahili_text_683_emotion_1,Guilty women ata huwa hawana words za kujitetea,['anger'],['surprise'],['sadness'],[]
swahili_text_1079_emotion_1,Huyo atakaangwa mpaka apotee juu how tf does someone think like that haha wueh,"['disgust', 'sadness']",['surprise'],['sadness'],['sadness']
swahili_text_1033_emotion_1,Aka kaploti mate ni karembo sasa nikwenda uko kuulizia usb cable lazma cv tumwage,['joy'],['joy'],['joy'],['joy']
swahili_text_4475_emotion_1,Incase nipewe job huku mnisuport wadau bedsitter life is never  that nice..,['sadness'],['surprise'],['disgust'],[]
swahili_text_409_emotion_1,Na ndio maana tulichapa sherehe hiyo namna ju sasa curfew ni hadi next year 💀😭,['disgust'],['joy'],['sadness'],[]
swahili_text_858_emotion_1,Now I know ni nywele yangu tu imekataa kuwa thick😠 people outchea have nice hair.,['surprise'],['sadness'],"['anger', 'sadness']",['sadness']
swahili_text_844_emotion_1,"Apart from Ronaldo,ni msanii mgani mwingine unajua😁",['surprise'],['surprise'],[],['surprise']
swahili_text_3415_emotion_1,"Lakini mbona paka za Kenya hazinanga manners🤔🤔🤔 zinarukanga, utadhania zili originate from Masai land 😏😏😏yaani zo ukimbia kea mabati tadhania ni wachawi",['anger'],['disgust'],"['anger', 'surprise']",['anger']
swahili_text_1795_emotion_1,Na kuna accident drive in?,[],[],[],[]
swahili_text_468_emotion_1,Those who were raised by career civil servants like me know that our existence depended entirely on loans. Mzazi mmoja akichukua loan huyu mwingine anangoja hiyo pesa iishe then achukue ingine,[],['sadness'],[],[]
swahili_text_436_emotion_1,Corona virus has been there for ages bana hizi tecnoo phose mna dhani ni nini wajamaa??,['surprise'],['anger'],['surprise'],['surprise']
swahili_text_3020_emotion_1,@Kevoh_254 @Mutai___ @keyveen @SpaceYaMagari Tunakuja kwa space vibaya sana,['anger'],['surprise'],['anger'],['anger']
swahili_text_4469_emotion_1,Nimeona B14 flane ikindakiwa asapa brown mia nne nikasema ni sawa tu,['sadness'],[],['sadness'],['sadness']
swahili_text_3940_emotion_1,Dawa ya kufantoo nikiwa tajiri ni gani bana... Hii ni too much sasa😔😔,['sadness'],['anger'],['sadness'],['sadness']
swahili_text_2959_emotion_1,Wacha ni lale niachie Malaya na wezi giza,['joy'],['disgust'],"['anger', 'disgust']",['disgust']
swahili_text_4222_emotion_1,ETI WALUHYA HATA LABOUR DAY WANAENDA USHAGO KUSHEREHEKEA?,['surprise'],['surprise'],['surprise'],['surprise']
swahili_text_2885_emotion_1,Ile vumbi iko hii mtaa unaanika nguo za White asubui jioni unapata zikiwa brown,"['anger', 'sadness']",['sadness'],[],['sadness']
swahili_text_4343_emotion_1,Mtu apee huyo dem mimba sasa. ati office of the first daughter. Nani atafunga  kengele?,['anger'],['surprise'],['sadness'],[]
swahili_text_2125_emotion_1,HII BEAT NA HII SHIT ZINASHIKANA KAMA DC NA SISI,[],[],[],[]
swahili_text_4971_emotion_1,Uyu super Marcus anafaa awe  football commentator sasa,[],['joy'],['surprise'],[]
swahili_text_1567_emotion_1,Weeeh ni kama hii Nakuru watu hawaogopi maugonjwa. https://t.co/8v0bf2Sbcc,"['fear', 'surprise']",[],['surprise'],['surprise']
swahili_text_4782_emotion_1,Mtu akiwa verified anaonanga tweets za tweeps wako na followers below 10000?,['disgust'],['surprise'],['surprise'],['surprise']
swahili_text_4001_emotion_1,AUUUUUWI HIO SAUTI  #MAINAANDKINGANGI,['joy'],['joy'],['joy'],['joy']
swahili_text_404_emotion_1,"That  githurai tweep amesema us ugly  niggas hatuwezi date  cute chics  bila pesa,  i have  no words for  her 😤",['anger'],['anger'],"['anger', 'sadness']",['anger']
swahili_text_1876_emotion_1,Kufulia hubby ni sawa bt just a boyfriend?nooo,['disgust'],['joy'],['disgust'],['disgust']
swahili_text_3071_emotion_1,Ya mwisho halafu niombee hawa niende home,['fear'],[],[],[]
swahili_text_1836_emotion_1,That time when the boner misbehaves..  Hii baridi ndio msedes inasimama tisti hadi unaacha kuvaa jeans 😒😒😒,"['anger', 'sadness']",[],['sadness'],['sadness']
swahili_text_2704_emotion_1,Hongera @samatta77 kwa kutupia bao Ulaya!,[],[],['joy'],[]
swahili_text_4974_emotion_1,Watu walikuwa na 360 atlas walikuwa wanajiskia sana!,"['anger', 'disgust']",['joy'],['disgust'],['disgust']
swahili_text_1452_emotion_1,Waroge kwa kuchutama na wasimame wima,[],[],[],[]
swahili_text_1655_emotion_1,Pombe ni mbaya walai,[],['anger'],[],[]
swahili_text_5477_emotion_1,@ireneabuje Don't tell me iyo kichwaa yotee ni mlengee iwezi ikafikilia inangoja zingine zifikilie,"['sadness', 'surprise']",[],"['anger', 'disgust']",[]
swahili_text_2085_emotion_1,#kibaovodka @GhettoRadio895 #KibaoVodka #goteana apana tambua ingine mimi ni mp hapo na kusema bado kibao iko on point mbayaaaaaaaaaaaaaaaa,[],['joy'],['joy'],['joy']
swahili_text_4943_emotion_1,@RoseMuturi_1 @DiscoverJKUAT Pole sana,['sadness'],['sadness'],['sadness'],['sadness']
swahili_text_4021_emotion_1,Mimi nishaipewa mechi na hoe flani ingine hatari nikasahau niko single mahn,['joy'],['surprise'],['surprise'],['surprise']
swahili_text_2766_emotion_1,Shukran kwa kuwa nami @SyombuaMwele ndani ya #WinguLaBaraka,['joy'],['joy'],['joy'],['joy']
swahili_text_3785_emotion_1,Kuna siku mwili yangu itachoka,['anger'],['fear'],['fear'],['fear']
swahili_text_1579_emotion_1,Menu za kibanda ni zile unaweza nunua kila kitu hapo,[],['surprise'],['joy'],[]
swahili_text_3998_emotion_1,Watu wametupora since independence ndo mna-sympathise nao wakiibiwa kondoo,['anger'],['anger'],[],['anger']
swahili_text_4519_emotion_1,"Nairobi ni . Just seen my two crushes know each other, niko tempted kufungua group niwaambie sasa tujuane.",[],['surprise'],['joy'],[]
swahili_text_1771_emotion_1,Lmao emba wana beba watu uki kutikana bila mask,['surprise'],[],['joy'],[]
swahili_text_1260_emotion_1,Kama mnadhani insecurity ni jokes mbna bill gates ameanzia makueni,['surprise'],"['fear', 'sadness']",['fear'],['fear']
swahili_text_2074_emotion_1,Shida tuko nayo kenyan youths ni wamama wamekuwa warembo kuliko wasichana.. A worrying trend perhaps.. Lmaoo,"['fear', 'surprise']",['surprise'],"['joy', 'surprise']",['surprise']
swahili_text_4679_emotion_1,So hawa maboy wa Met wamekuwa accurate this time,[],[],['surprise'],[]
swahili_text_1880_emotion_1,@Mr_Guantai Someone (she didnt mean it in a bad way i think) told me to wear a bra because peoples' husbands are present. Aki i just chuckled nikasema hata nikivaa bra wanajua niko na matiti so sio mimi shida 😂,['disgust'],['joy'],['joy'],['joy']
swahili_text_2931_emotion_1,Hii homa nayo itajua nani mwenye mwili 😒,['anger'],['sadness'],['anger'],['anger']
swahili_text_1041_emotion_1,Kidogo kidogo nianze kuitiwa chai na kila mtu ati mi si m expensive,['surprise'],['surprise'],[],['surprise']
swahili_text_3334_emotion_1,Hahaa kuna time watu hapa walijaribu kusema Edgar Obare should trade carefully anaweza jipata kwa ngori na experts wakasema hakuna kitu anaweza fanyiwa ako na rights.,['disgust'],['surprise'],['fear'],[]
swahili_text_3865_emotion_1,"Eti sasa form ni kuchapana cable combi alaf una screenshot mtandaoni,,,,awuoro jokisumo",['surprise'],['surprise'],"['sadness', 'surprise']",['surprise']
swahili_text_4653_emotion_1,@OmulupiSamuel  @MutulaNancy  @EvahMwalili @Milele_FM Niko mbele zako Mungu muumba wa vyote Mungu wa huruma nakuambundu #BarakaZaMilele,[],[],['joy'],[]
swahili_text_1286_emotion_1,Wewe ni mfupi hadi shetani ana kuita master.,['disgust'],['joy'],['disgust'],['disgust']
swahili_text_3274_emotion_1,Watu Watatu,[],[],[],[]
swahili_text_2866_emotion_1,"Shida ya parody account utagain alafu siku unachange username watu hawakujui wanaskip tu tweets zako, na wakigindua wanacatch wanaku-unfollow wote😂😂😂tiyas.","['disgust', 'fear']",['surprise'],"['fear', 'sadness']",['fear']
swahili_text_628_emotion_1,Uyo naye anataka kumeet kila mtu dem utakulwa dicks ushangae,['anger'],"['disgust', 'sadness']",['sadness'],['sadness']
swahili_text_2138_emotion_1,@KingMwangi1 @DonaldBKipkorir Sasa wewe hii ni nini?,"['anger', 'sadness']",['joy'],['disgust'],[]
swahili_text_4392_emotion_1,Kuna mechi tl,[],[],[],[]
swahili_text_1376_emotion_1,@ManenoIzaak Sababu huwa wanaonanaga wametoboa kimaisha la sivyo msoto uko pale pale,"['sadness', 'surprise']",[],[],[]
swahili_text_4735_emotion_1,@jamesmu93446592 @PalmerChris1 @Belive_Kinuthia Uko na akili kidogo kama kifaranga kwa kujibu vitu hauelewi,['anger'],[],"['anger', 'disgust']",['anger']
swahili_text_299_emotion_1,@SitieneiAgui @MutahiNgunyi Are you stupid? What has the price of gas got to do with which tribe I come from? Kwenu ni wewe tu ama kuna mwingine anategemewa?,['disgust'],['anger'],['anger'],['anger']
swahili_text_5067_emotion_1,Endeni mpande hizo ndege msiseme watu waliwakataza juu hawakupewa kazi.,['anger'],['surprise'],['surprise'],['surprise']
swahili_text_3854_emotion_1,You all use international delivery services in kenya alafu mnasema delivery services ni expensive hahhaa foools,['surprise'],['surprise'],['disgust'],['surprise']
swahili_text_3329_emotion_1,Waaah hapa ni wapii,"['fear', 'surprise']",['surprise'],['surprise'],['surprise']
swahili_text_2247_emotion_1,In 20 minutes umepata 7 missed calls unadhani ni kitu serious alafu ukipiga anasema ni just saying hey,"['anger', 'sadness']","['anger', 'joy']",['disgust'],['anger']
swahili_text_2593_emotion_1,Kuna love birds wawili wanafly hapa ndani yawa,['disgust'],['joy'],['surprise'],[]
swahili_text_13_emotion_1,"Ni Wakati Wa #DriveOnRealoded Tunasema Karibu sana Alhamisi Tulivu kwa Burudani Isiyo Kifani @OgalTina ,@MunaiGenerali",[],[],[],[]
swahili_text_750_emotion_1,Na leo mmeamka mapema yawa hehehe,['surprise'],['joy'],['joy'],['joy']
swahili_text_1364_emotion_1,@gynton Yeah nimeiwatch...nikujie thao yangu wapi? Ma dibo ndio hutuangusha 🤣🤣🤣🤣 mtu akikuona ukirusha maneno huku atadhani wewe ndio buda wa terminator.,"['disgust', 'surprise']",['joy'],['disgust'],['disgust']
swahili_text_3129_emotion_1,Mliambia jambojet influenza yeye ni fat and old bana akacut weight 😂😂,['disgust'],['surprise'],['joy'],[]
swahili_text_2732_emotion_1,Yani hii nyama ya nakumatt ni tasteless hivi na venye ni expensive jamani,['sadness'],['disgust'],['disgust'],['disgust']
swahili_text_5297_emotion_1,"I accidentally tuned to a channel called utv, chenye naskia ni total conning @ItsMutai unasikia huyo conman anatumia Bible haha expose them","['disgust', 'surprise']",['joy'],"['disgust', 'surprise']","['disgust', 'surprise']"
swahili_text_4715_emotion_1,Hii scene ina niudhi mbaya shit !!,['anger'],['anger'],"['anger', 'disgust']",['anger']
swahili_text_2573_emotion_1,@pinchezkn12 @AtwoliYa__ @MVerdose @_CitySpy @itsBen_100 @itsku_kijana @mlipuzii Baaas wewe ndo uliipata hawa hawagivingi fuck about periods wao sex hawapatangi yenye ukionja tu kidogo kesho atakuambia alimiss periods zake,"['anger', 'fear', 'sadness']",['disgust'],['surprise'],[]
swahili_text_1431_emotion_1,@UDAPartyKe SHUKISHA BEI YA UNGA NA STIMA KWANZA,['anger'],['anger'],[],['anger']
swahili_text_2550_emotion_1,@jamlick__ @EtanaStrongOne Hapo sawa👊,[],[],['joy'],[]
swahili_text_3782_emotion_1,Him: what is this?  Me: it’s micellar water.  Him: what is micellar? Me: ..... Him: hii ni maji imeongezwa sabuni,['disgust'],['disgust'],['surprise'],['disgust']
swahili_text_1714_emotion_1,"Kuna jamaa hapa anaitwa stool scammer. Ati ako na exhauster, ukimuita anyonye stool, ananyonya hewa ndio umuite tena in a week time!! Kenya is a funny place to be 😂😂😂","['joy', 'surprise']",['joy'],['joy'],['joy']
swahili_text_2253_emotion_1,Unakaa na mtu ukidhani anakupenda kumbe akona ww ndio watu wasijue yeye ni Lgbtq 😂,['sadness'],['surprise'],['joy'],[]
swahili_text_4193_emotion_1,"Ndio hao waluhya tena wanabeba vitanda, viti, matress na utensils wanarudi nairobi 😂😂😂",['surprise'],['surprise'],['joy'],['surprise']
swahili_text_4682_emotion_1,Mbona nyi bado hurudi hio Milan after hizo complains zote mihuona huku?,"['disgust', 'surprise']",['joy'],['disgust'],['disgust']
swahili_text_4810_emotion_1,"Kama kuna pose nachukia Yoga ni Fallen Star😢. Unakaza tumbo , nyash bado balancing inasumbua",['anger'],['joy'],['disgust'],[]
swahili_text_450_emotion_1,ali waste hadi make up alafu fan ni mmoja hahaha ameskia venye sisi huskia akilenga dm zatu https://t.co/BsL6SpGJ0Y,['surprise'],"['joy', 'sadness']",[],[]
swahili_text_4456_emotion_1,@dan_tizer Aendee kwa Uhuru.,['anger'],[],[],[]
swahili_text_5414_emotion_1,Hatuongei kwa mdomo kesho matendo itaongea#TukoWengi,[],['anger'],[],[]
swahili_text_2947_emotion_1,@HomeboyzRadio @Demakufu Pamoja,[],['joy'],[],[]
swahili_text_3890_emotion_1,hata kaa hunipendi unajua ni nani beast hapa,"['anger', 'sadness']",['anger'],['anger'],['anger']
swahili_text_1616_emotion_1,Hii traffic yote ni ya nini?,"['anger', 'surprise']",['anger'],['surprise'],"['anger', 'surprise']"
swahili_text_1029_emotion_1,Nyumba mkisii inafaa kurudi by 6pm latest otherwise village mzima utaambiwa vile wewe ni malaya😂😂 https://t.co/JXLd0Itls2,['sadness'],"['disgust', 'surprise']",[],[]
swahili_text_4497_emotion_1,@inooroke @Jeff_KuriaM #Kuihuria Ruai Tuko ndani kwa mpigo,[],[],[],[]
swahili_text_5322_emotion_1,Hii game mtu anachengwa anaturn kama lorry,"['disgust', 'surprise']",['surprise'],['disgust'],"['disgust', 'surprise']"
swahili_text_4213_emotion_1,@AlexChamwada @KenyaAirways @ChamsMedia Karibu nyumbani kwa Krisimasi,['joy'],['joy'],['joy'],['joy']
swahili_text_4733_emotion_1,The first world did not rely on GMOs for food security or even to grow their economies... Chenye naona hapa kenya ni sarakasi ya watu wamechanganyikiwa.,"['anger', 'sadness']",['joy'],['disgust'],[]
swahili_text_4607_emotion_1,"Haiya it’s raining, ama ni maji inapumpiwa.",[],[],[],[]
swahili_text_2900_emotion_1,Nilianza kwenda gym January ndio nikuwe nimeunga biSep😊,['disgust'],['joy'],['joy'],['joy']
swahili_text_5314_emotion_1,Arsenal haven't won a game since the Victorian era but still tuko nyuma yao ii ni uchawi,['anger'],[],['sadness'],[]
swahili_text_1299_emotion_1,Hizi billions hawa politicians huficha abroad ata si wakuje waanzishe nazo companies za Internet ndio tupate hizo speed za 500 Mbps to 1 Gbs per second.,['disgust'],['sadness'],['anger'],[]
swahili_text_668_emotion_1,wewe unablock watu 500 ni wewe uko na kasoro btw..,['anger'],['sadness'],['surprise'],[]
swahili_text_4321_emotion_1,@BlackroseBea Unapendeza sana,['joy'],['joy'],[],['joy']
swahili_text_4990_emotion_1,Nimeona story zake kumbe huyo jamaa ni fraud ajab https://t.co/HWcs2KBj9X,['surprise'],['anger'],['surprise'],['surprise']
swahili_text_5120_emotion_1,Hawa watu mnasema wameshinda wako confirmed ama ni projections tu?,['surprise'],['anger'],['surprise'],['surprise']
swahili_text_3621_emotion_1,Mimi na Varane tumewachana na masaa but pesa kwangu ilipotea njia,['fear'],['surprise'],['sadness'],[]
swahili_text_1227_emotion_1,Ex wengine hutaki ata kuskia hiyo jina yao mbaya ikitajwa mahali karibu na wewe,"['anger', 'disgust', 'sadness']",['anger'],['disgust'],"['anger', 'disgust']"
swahili_text_4957_emotion_1,Kwanini town za Kenya uwa chafu ?,['surprise'],"['disgust', 'surprise']",['disgust'],"['surprise', 'disgust']"
swahili_text_4503_emotion_1,Watu warudishe Bunduki kwa SERIKALI,"['anger', 'fear']",['joy'],[],[]
swahili_text_2629_emotion_1,"Shillings,dollars money ..Kila msee anadai kulive lavish",[],[],['surprise'],[]
swahili_text_4232_emotion_1,Kwa media me huona watu wakiwa in different sectors that kitambo used to be seen kama za watu hawajaenda campo. Wanasemanga amongst them kuna watu wengi wamesoma ni job hakuna. Me hungoja sana kuona the other ones walienda campo na jobs zikakam wapatie youngins hope lakini sijai,['sadness'],['surprise'],[],[]
swahili_text_1297_emotion_1,So mtanaka kusema asamo ni steak holder???,['surprise'],['surprise'],['surprise'],['surprise']
swahili_text_5376_emotion_1,Vile mnakunywa pombe na kuvuta bangi ningekuja io 5 aside ingekua walk in the park.,[],['surprise'],[],[]
swahili_text_3102_emotion_1,"@GraceKuriaKE Hivi virusi havijui mtu mwerevu, vikikushika wewe ni mpumbavu si mwerevu tena kaa nyumbani",['fear'],['fear'],['anger'],['fear']
swahili_text_3599_emotion_1,Wuuuuuueeeeeehhhh Nairobi is freezing 😭😭😭😭 heh. Hii kuolewa shosh alikuwa anaimba itajipa at this rate 🙄🙄🙄🙄,"['disgust', 'sadness', 'surprise']",['sadness'],['fear'],['sadness']
swahili_text_3483_emotion_1,Nilijua nimekuwa mkubwa wakati nilipita mtaa na watoto walikuwa wamekaa chini wakasimama banah💀,['joy'],['joy'],['surprise'],['joy']
swahili_text_1191_emotion_1,@TonyGachoka @simon_adalla HABARI YA Mr.Gachoka,[],[],[],[]
swahili_text_4937_emotion_1,@Wambui_Githongo @inooroke Tuko pamoja,[],['joy'],[],[]
swahili_text_4142_emotion_1,@RadioCitizenFM  @KakaZema  #CitizenExpress  @ITEN KEIYO NORTH @KakaZema NIPE KIBAO CHA EMMYKOSGEI TAAI NITABARIKIWA,[],['joy'],[],[]
swahili_text_5493_emotion_1,Modern parents mnavaa hivyo mkienda PTA ama PTA ni nini?,[],[],['disgust'],[]
swahili_text_447_emotion_1,Matasi rudi kwa post nugu,['anger'],['anger'],['anger'],['anger']
swahili_text_2367_emotion_1,kuna kitu kibe amesema na ni ukweli the more she is beautiful the more dicks ameona,[],['joy'],[],[]
swahili_text_2390_emotion_1,"Alafu mnarukia kwenda kusema hakuna father figure hapo but believe you me, dads are not magical bullets to good parenting. There’s lots of spoiled kids (or just plain rebellious, experimenting kids as is Ashley here) with present dads.",[],[],['anger'],[]
swahili_text_1071_emotion_1,Hii pesa watu wanamwaga kwa club inaokotwa wapi pia mimi niende niokote,['disgust'],['surprise'],['surprise'],['surprise']
swahili_text_4580_emotion_1,"@YeahImNene_ haha maze ni noma , alafu huku kuna mayai moja unashindwa sasa utafanya nini nayo","['sadness', 'surprise']",[],['joy'],[]
swahili_text_904_emotion_1,These cops who hop into javs kwa traffic halafu wanakaa hapo mbele do they really pay fare?,['disgust'],"['sadness', 'surprise']",['surprise'],['surprise']
swahili_text_1479_emotion_1,Madere wa nganya wanaeza ua watu just coz kuna dem amekaa mbele wakitaka kumsho vile wanajua kuspin,['disgust'],['anger'],"['anger', 'disgust']","['disgust', 'anger']"
swahili_text_1501_emotion_1,Ama man eater ni mwanaume anakuanga watu,['disgust'],['surprise'],['surprise'],['surprise']
swahili_text_4729_emotion_1,Those files won't change anything. Bado mtavote kama wasee hawana akili,"['anger', 'sadness']",['joy'],"['anger', 'disgust']",['anger']
swahili_text_4633_emotion_1,Nasaha Za busara #JomvuMiritini,[],[],[],[]
swahili_text_3588_emotion_1,#Dropzone @HOT96KENYA @IAMRAPCHA @shicoshix  LIMURU TKO PAMOJA,['joy'],[],['joy'],['joy']
swahili_text_4947_emotion_1,Moi uni waki riot gsu ifike wanajipata peke yao,[],[],['joy'],[]
swahili_text_576_emotion_1,Nani ataoa hawa madem wa yunifasti🤔😂,['fear'],"['fear', 'sadness']",['surprise'],['fear']
swahili_text_1209_emotion_1,@Rigathi22 AZIMIO LA KUZIMU LIPAMBANE NA HALI ZAKE,['anger'],[],[],[]
swahili_text_460_emotion_1,"Alaf mmengoja akuwe arrested ndio mzushe, mngeaza time hash tag ilianza. If he wasn't arrested mngekuwa mkicheka vile hash tags ni useless",['disgust'],['anger'],[],[]
swahili_text_3252_emotion_1,Watu wako na natural smell hujua wananuka?,"['anger', 'disgust']",['disgust'],['disgust'],['disgust']
swahili_text_5358_emotion_1,Sasa FC Bayern watatoa wapi mabao tatu?,['disgust'],['surprise'],['disgust'],['disgust']
swahili_text_534_emotion_1,Nmekua nimelala nikakumbuka hadi hio missionary style siijui😭💔,['joy'],['joy'],['sadness'],['joy']
swahili_text_4411_emotion_1,Hapo kwa ngombe na nyasi 😂😂😂#PoriLaUporaji,[],['joy'],['surprise'],[]
swahili_text_1392_emotion_1,Kama hii ndio baridi si afadhali mtunyonge bas.,"['anger', 'sadness']",['joy'],[],[]
swahili_text_4493_emotion_1,"WW3 inaenda kuanza na bado mnachocha twitter birds , nyinyi ni shetani tu mnataka kumuona inakaa",['surprise'],"['anger', 'sadness']",['disgust'],[]
swahili_text_4779_emotion_1,@WambuiMuriuki__ Chuna kwa mti,[],[],[],[]
swahili_text_3713_emotion_1,Kuku mzima ni 700 but chicken burger ni 800 hahaha mnatuonaga aje???,['disgust'],['surprise'],"['anger', 'surprise']",['surprise']
swahili_text_4442_emotion_1,@CiruKinuthia @Kiss100Kenya ASANTE SANA #TeamADELLE  #KISS,['joy'],[],['joy'],['joy']
swahili_text_4595_emotion_1,UTAONA GHASIA IKI RT TWEETS ZA MAGIZANI KESHO MCHANA 😂😂,['disgust'],['joy'],['joy'],['joy']
swahili_text_4057_emotion_1,Kama wewe ni mwanaume na ukona screen protector rudisha man card fool,['disgust'],['sadness'],['anger'],[]
swahili_text_3534_emotion_1,@RoseKanjii @Kemboy254 😂😂😂😂😂😂😂😂😂 Kwani yeye ni mnono aje??,['surprise'],['surprise'],['surprise'],['surprise']
swahili_text_2472_emotion_1,eti kuna phone mpya imetokea inauzwa 140k!!!!!!!!!! heri ni nunue ploti huko kanjūìrì,['surprise'],[],['surprise'],['surprise']
swahili_text_4536_emotion_1,Watu wengine sijui hii baridi mwafanyaje?,['surprise'],['anger'],['surprise'],['surprise']
swahili_text_3051_emotion_1,@Son_of_Laikipia Kuna mtu amekuwa akitweet in Kikuyu na ni chotara I thought ni wewe unamanage that account.Mameuga uko mùrùaru wapi??,['anger'],['anger'],['surprise'],['anger']
swahili_text_2659_emotion_1,Mi ni mchuzi ndiyo maana hii ni kionjo 🔥,[],['joy'],[],[]
swahili_text_773_emotion_1,Tuendelee kuserekea siku ya wamama na tuendelee kuwaombea,['joy'],['joy'],[],['joy']
swahili_text_712_emotion_1,"Na pia kuna wale wa:   I won't vote, it won't change anything.   Sasa hizi hashtag mnabweka nazo zita change nini?",['surprise'],['anger'],['sadness'],[]
swahili_text_3719_emotion_1,Before ni nunue mzinga advice zikwom haha,['joy'],['surprise'],[],[]
swahili_text_7_emotion_1,Short people.. Huwa mnatoa wapi hiyo hasira yenye mko nayo?,['disgust'],['anger'],"['sadness', 'surprise']",[]
swahili_text_1506_emotion_1,@KenyaPower mnagoja tu nijitayarishe kuenda shower ndio mzime stima Kerugoya?,"['anger', 'sadness']",[],['anger'],['anger']
swahili_text_3587_emotion_1,...ni endmonth mambo ni mengi,['disgust'],['joy'],['fear'],[]
swahili_text_1208_emotion_1,@gabrieloguda Zote hizi za Azimio,[],['anger'],['surprise'],[]
swahili_text_3733_emotion_1,Eeh nyinyi watu wenye mnasupport some idiots saying specific tribes should be killed muone effect bottomline.,['anger'],['anger'],['anger'],['anger']
swahili_text_1028_emotion_1,Gosh kumbe hizi masaa huwa ni madness tupu😬,['surprise'],['sadness'],['surprise'],['surprise']
swahili_text_1383_emotion_1,"Kama mnafikiri huko Nairobi mnapiga sherehe, hamjaona watu wa ushago💀💀",['surprise'],['joy'],[],[]
swahili_text_392_emotion_1,#NP #JimReeves @AnOldChristmas Ndani Ya Awamu Ya Pili #JamboKenyaChangamka Karibu sana Asubuhi sana Ikiwa Ni Msimu wa Upendo @OgalTina,[],['joy'],[],[]
swahili_text_2950_emotion_1,Shisha huwa illegal ?ama nini husumbua makarao mtu akiamua kukula his hard earned money polepole,"['anger', 'disgust']",['surprise'],['anger'],['anger']
swahili_text_5003_emotion_1,"Siku hizi unatweet ""men are trash"" kidogo kidogo sonko rescue team wana knock ku empty dustbin",[],[],['joy'],[]
swahili_text_2915_emotion_1,Mkitwambia about pinned tweets mbona mnawanga smooth kama KC😂😂😂? Afu tukifanya vile mnataka mnakua triple distilled kama jameson apa🤔🙄?,['fear'],['joy'],['surprise'],[]
swahili_text_4288_emotion_1,Achieng amefanya nini na ni nani?,['surprise'],['surprise'],['surprise'],['surprise']
swahili_text_879_emotion_1,I doubt naweza ogopa msee juu ako na doo mob kunishinda. Unless nyinyi ni omba omba mnaogopa hamtapata free things,['disgust'],['sadness'],[],[]
swahili_text_3703_emotion_1,Ukienda national park then usi exit si utakua ume ondokea stress ya beating after 19:00hrs,"['disgust', 'sadness']",['surprise'],[],[]
swahili_text_3770_emotion_1,Kesho ni either bash ibash ama nilale,['disgust'],['joy'],[],[]
swahili_text_1480_emotion_1,Sasa bigwigs wanasema tuende lunch saa ngapi?,"['disgust', 'fear']",[],[],[]
swahili_text_139_emotion_1,Gangster ukishapiga your 3 honest seconds ii ingine ni kujichokesha tu,['disgust'],['disgust'],[],['disgust']
swahili_text_2692_emotion_1,"Mimi badala nipelekee mtu kama pastor Ng'ang'a pesa yangu ati ni sadaka, afadhali nikunywe pombe niskie vile ataskia akilewa na hiyo sadaka yangu.",['disgust'],[],"['anger', 'disgust']",['disgust']
swahili_text_1357_emotion_1,@dcijuja Kuna mwingine anakupikia ama ni wewe tu,['surprise'],[],[],[]
swahili_text_804_emotion_1,Wamama ata wacut weight aje bado tumbo ya guiness haiwesi enda,['anger'],['surprise'],"['disgust', 'sadness']",[]
swahili_text_644_emotion_1,Hii ni Tottenham kweli?,['surprise'],['sadness'],['surprise'],['surprise']
swahili_text_3986_emotion_1,@_nafty_ @Daizzytottich 😂😂 Hio day nikiwaonanga nilikuwa nahamia place ingine ama naingia hio dais hapo juu,['joy'],[],[],[]
swahili_text_2722_emotion_1,#MaishaniMPESATu maze mm hata sidai keja hizo points zangu change zikue pesa munisukumie mpesa ile kusota nimesota hata nikiona anything green nadhani ni mpesa naingia,['sadness'],[],[],[]
swahili_text_2946_emotion_1,Masikio ya Mungu yanasikia  Good morning Kenya,[],['joy'],['joy'],['joy']
swahili_text_3107_emotion_1,Leggo hawa watu wanataka mengo,"['anger', 'fear']",[],['anger'],['anger']
swahili_text_5448_emotion_1,@magwaz3 Hata hapeani pesa watuvwanampea tena ako na paybill wakati wa kampein tunamtumia anapendwa lakini bure huyu mzee anatuuza mwisho,[],[],"['anger', 'disgust']",[]
swahili_text_4127_emotion_1,@shobanes @wstf_ke @ngatia247 @ingutia_edith Corprate Safi sana Asante,[],['joy'],['joy'],['joy']
swahili_text_288_emotion_1,"Siyet, nilidrink call watu twedi fae",[],[],[],[]
swahili_text_5274_emotion_1,#presidentelect Ni mara yangu ya pili kufika hapa Bomas Nimefurahi sana Asanteni sana Mungu awabariki #AmaNamnaGani,['joy'],[],['joy'],['joy']
swahili_text_1619_emotion_1,Lakini ati si waluhya ukaa pamoja  ni wajaka unakuta ni bedsitter siater ya bibi na brother ya bwana wanalala hiyo nyumba huwa wanadishiana saa ngapi?,"['anger', 'surprise']",['surprise'],['surprise'],['surprise']
swahili_text_1738_emotion_1,"Kama kweli kuna wahatimu wa shahada ya uzamili wameandikiwa research wametunukiwa digrii, basi weledi wa taaluma yao ni feki!",['anger'],[],['disgust'],[]
swahili_text_5409_emotion_1,"lakini bibi ya cyclone huwa peng, hua mnashinda mkimtroll huku and y'all eating ugly hoes hahahahaha","['disgust', 'sadness']",['joy'],"['joy', 'surprise']",['joy']
swahili_text_531_emotion_1,Hio colour landlords wanapenda sana kupaka kwa manyumba inaitwa?,['anger'],[],[],[]
swahili_text_1469_emotion_1,Hahaha wuueeh mmesema leo ni kufa dereva kufa makanga,"['joy', 'surprise']",['fear'],['joy'],['joy']
swahili_text_667_emotion_1,So tuseme ivi mtu akiwa place kama USA alafu upatane na ndege za Ethiopian Airlines unafeelingi nikama umeona mat za kwenu🤗?,['disgust'],"['joy', 'surprise']",[],[]
swahili_text_3584_emotion_1,@itsRealkev @Billl_ke Attention ndo anatafuta but I’m not wasting my time nikijibizana na yeye,['fear'],['anger'],['sadness'],[]
swahili_text_4891_emotion_1,ni kama rent is due,[],[],[],[]
swahili_text_4336_emotion_1,Hahaha waliambia ndichu brothers wasiseme kitu ata ata apology mkasema ni upuzi.. Sasa Video inachomoka sijui investors watasema nini?,['fear'],['sadness'],['surprise'],[]
swahili_text_2166_emotion_1,Mbona lazima ni retweet tweet mara mbili ndo iretweet?,"['anger', 'surprise']",[],['anger'],['anger']
swahili_text_4037_emotion_1,"@Milele_FM @EvaMwalili #BarakaZaMilele Mungu Ana Badilisha moyo Uliokua Mugumu kama Wa Farao,hadi Unakua Mwororo wa Kumpokea",['joy'],['joy'],[],['joy']
swahili_text_4802_emotion_1,Tunaeza kuwa tunasoma ivi vyote alafu Yesu arudi siku ya Graduation ☺️☺️☺️,[],['joy'],['joy'],['joy']
swahili_text_605_emotion_1,We unajua njia ni panda kwenda mbinguni but usherati unafanya 😂😂  😂,['disgust'],['sadness'],"['disgust', 'sadness']","['disgust', 'sadness']"
swahili_text_3953_emotion_1,Tayari kwa kazi,[],['joy'],['surprise'],[]
swahili_text_3586_emotion_1,"Theres a guy of mine who when i see his call, namuomba pesa immediatly after receiving the call, because nikidelay ni yeye ataniomba",['disgust'],['surprise'],['fear'],[]
swahili_text_2194_emotion_1,waah watanzania ni waungwana kweli...jamaa yuwalalamika lakini aongea hoi sana,['surprise'],['joy'],['joy'],['joy']
swahili_text_3746_emotion_1,So nyinyi wote hamjui?,['surprise'],[],['surprise'],['surprise']
swahili_text_4950_emotion_1,"@vincentateya @Zablon_okore  @Joy_gertrude @mugowaruth @Robert_Ndalo  KIJITO CHA UTAKASO NDIPO TUNAOSHWA DHAMBI ZETU, ASIFIWE #QwetuJumatatu",[],[],['joy'],[]
swahili_text_3416_emotion_1,"Class nimefika mbele na lecturer hajafika😤,..Nako  student center kumefungwa🚮... Pia Mimi nisipokuwa serious musinijudge sasa😌😂",['disgust'],['sadness'],"['anger', 'surprise']",[]
swahili_text_3427_emotion_1,hahaha strike ya matatu haezi ata last two days.....,['disgust'],['surprise'],"['joy', 'surprise']",['surprise']
swahili_text_1141_emotion_1,Wenye walikua waandamane hadi DCI in solidarity mbona siwaoni 🤣🤣,"['joy', 'surprise']","['disgust', 'joy']",['joy'],['joy']
swahili_text_598_emotion_1,"Kuna wanawake wanapoolewa hubeba dada zao kwenda kuishi nao na mume wake.Tatizo katika nyumba ile kazi zote za kumshughulikia mumewe wanawaachia dada zao,hivi hii waichukuliaje?",['surprise'],['sadness'],['surprise'],['surprise']
swahili_text_3233_emotion_1,Nmefollow watu 1k then 6 so wanafollow back?? Ama hawajalog in,['surprise'],['surprise'],"['sadness', 'surprise']",['surprise']
swahili_text_990_emotion_1,Hii bike nikitoka nayo kwenda kuona game polisi wakiskia tu sauti wanatoka nje kunigonja😭😂,['anger'],"['sadness', 'surprise']",['surprise'],['surprise']
swahili_text_5439_emotion_1,@EACCKenya Tueneze ufisadi kwa matajiri maskini aagamie,"['anger', 'sadness']",[],[],[]
swahili_text_3863_emotion_1,Organisers wa hiyo heavy weight championship ndio akina nani?,"['anger', 'surprise']",[],['surprise'],['surprise']
swahili_text_1098_emotion_1,I am suppose to go play bball but kuna mtu hapa anablaze pictures tu,['fear'],['surprise'],[],[]
swahili_text_4227_emotion_1,"#gainwithxtiandela na kila mtu atauchukuaa mzigo wake mwenyewe,wonder hw he wil carry all te glabbed land n stolen cash.were nt fools",['disgust'],['sadness'],['anger'],[]
swahili_text_4978_emotion_1,I thot l Bsp Wanjiru wld be an arbitrator bt hw mistaken i ws. Just another typical selfish politician champion of slavery shamba la wanyama,"['anger', 'sadness']",[],"['anger', 'disgust']",['anger']
swahili_text_5075_emotion_1,Ukiona mtu ana kuwa appreciated hivo ni kubebwo ufala but inakuwa romanticized. https://t.co/PtK0OmLxsv,[],['joy'],['disgust'],[]
swahili_text_603_emotion_1,"Unasalimia mtu ""uko aje"" anakujibu ""niko poa kusota tu"" sasa sijui nani alimwambia nataka kumwomba pesa. 😂🚮",['disgust'],['surprise'],['surprise'],['surprise']
swahili_text_3267_emotion_1,@Megrata_ Kuna mwingine anategenewa kwenu ama ni wewe tu???,"['fear', 'surprise']",['anger'],['anger'],['anger']
swahili_text_3207_emotion_1,"What if people stuttered in writing too, wengine wenu hamngekuwa twirra!!!",['anger'],['anger'],['fear'],['anger']
swahili_text_4900_emotion_1,Sasa hao wanajifanya funny wasipokuwa recognised watado.,['surprise'],['sadness'],['joy'],[]
swahili_text_1684_emotion_1,Watu wa huduma number walikua wana behave kama wao ndio wata hesabiwa solo,['disgust'],['anger'],['disgust'],['disgust']
swahili_text_1173_emotion_1,Nakuta madame na wamama wamekuja kuona kylian bana  Sasa itabidi nikule nirudi mtaa nkameze jug zangu😂,"['joy', 'sadness', 'surprise']",['joy'],['joy'],['joy']
swahili_text_2115_emotion_1,huyo haji nae alikaliwa na hawa watu hakuna kazi ya maana amefanya,"['disgust', 'sadness']",[],['anger'],[]
swahili_text_2750_emotion_1,Weuh this thing about sending a tweet or a message to different people then unapata ni group will embrazzz us bana or even get us caught haha..hapa twitter wameshinda!,[],[],"['disgust', 'joy']",[]
swahili_text_359_emotion_1,Kuna mtu jana zilishika nikamuita baby na tunaheshimiana. Nitarudisha form aje sasa ju convo iliishia hapo,['fear'],['fear'],['sadness'],['fear']
swahili_text_2137_emotion_1,@epcogal haaa madem hawapendi hizo macondom za sure,[],[],['disgust'],[]
swahili_text_2635_emotion_1,Nakumbuka kuna time nlikua naona bangi ni kitu mbaya sana..na wenye wanatumia ni wakora...hehe enyewe dunia duara,['surprise'],['surprise'],"['joy', 'surprise']",['surprise']
swahili_text_3475_emotion_1,Haha as usual Kimindiri amejitokeza kusema ashaa kula io msichana just vile alikula female teachers akiwa Primo.,['disgust'],['surprise'],['disgust'],['disgust']
swahili_text_4059_emotion_1,@ArapTilingi @chebess_ Na yule uncle bibi wake ndio mbaya ni nani?,['sadness'],[],['surprise'],[]
swahili_text_5427_emotion_1,Watu wa Arsenali na @StarTimesKenya 🤞🏿#StarTimesON,[],[],[],[]
swahili_text_2569_emotion_1,#MakeAKenyanMadIn3Words Niko kwa Jam,[],['joy'],[],[]
swahili_text_2172_emotion_1,"Shida ni gani,mnaachana alafu all of a sudden mnataka kuomoka what are you trying to prove","['anger', 'surprise']",['surprise'],['disgust'],['surprise']
swahili_text_1811_emotion_1,Yesu angezaliwa Kenya kitu nayo hangepata ni 3 wise men,['surprise'],['joy'],['sadness'],[]
swahili_text_4453_emotion_1,@Laitorian Upuzi wa hali ya juu,"['anger', 'sadness']",[],['disgust'],[]
swahili_text_783_emotion_1,"Si eti namtetea but hakumpeleka out, she came to his table akalewa ujinga.... Hiyo ni shida ya nani sasa?",['anger'],['disgust'],['sadness'],[]
swahili_text_1169_emotion_1,@kameme101 @mansaimo @Kattajkatta Pamoja #Humuka,[],[],[],[]
swahili_text_1307_emotion_1,@ro_maggy  #Dropzone @Hot_96Kenya  @shixkapienga   MANGURO KARIBIA TUMALIZEE HII BARIDII,[],[],[],[]
swahili_text_2797_emotion_1,Shida yenu ni kukataa kujikubali,"['disgust', 'sadness']",['sadness'],['anger'],['sadness']
swahili_text_746_emotion_1,Btw nilinyeshewa pia nkt,['anger'],['disgust'],['anger'],['anger']
swahili_text_3841_emotion_1,Mafans nikama wanataka nianguke lakini mungu wangu ni nani hahahah,"['disgust', 'fear']",['joy'],['joy'],['joy']
swahili_text_790_emotion_1,@li_chuma Hahaha unataka ni release hiyo video watu waone ni nani alikuwa anaweka mafuta😂😂😂😂,['anger'],['surprise'],['joy'],[]
swahili_text_5223_emotion_1,"Ndio una majegi,, lakini wapi haga?!",[],['surprise'],[],[]
swahili_text_1725_emotion_1,RAO ni wale wasee hata Uhunye akishuta in public anampeleka kortini ati anaharibia wakenya hewa,"['anger', 'disgust']",[],['disgust'],['disgust']
swahili_text_841_emotion_1,But dem hana long term goals mnaenda wapi na yeye honestly??,['surprise'],['sadness'],['surprise'],['surprise']
swahili_text_1094_emotion_1,Wazimu anajijua yeye sio wazimu we- we ndo unajua yeye ndio wazimu sasa nani ndo wazimu🤔😃,['disgust'],['surprise'],['surprise'],['surprise']
swahili_text_2443_emotion_1,#pambazuka alhamisi ukiwa na @ChimeaHarriet na PatoRich swala:kutatua tatizo ni kwa mazunguzo au mangumi? na kwanini? Tujadiliane,[],['anger'],['joy'],[]
swahili_text_863_emotion_1,Awamu ni Pili Ndani ya #JamboKenyaChangamka Kama Kawa Tunazidi Kukupa Burudani ya Kufukuza Kijibaridi Jumamosi hii ya Leo Burudika,[],[],[],[]
swahili_text_2130_emotion_1,You got a new name bro.. From today henceforth wewe ni munyambi,[],['joy'],[],[]
swahili_text_1030_emotion_1,Si waamke leo waseme ni holiday,['disgust'],['joy'],[],[]
swahili_text_1211_emotion_1,Wake up so that we suffer together,['sadness'],['joy'],[],[]
swahili_text_1578_emotion_1,Bado tunatafuta penye tutaapisha huyu mzee ....ile kasarani ni ndogo buana,[],['anger'],['sadness'],[]
swahili_text_5014_emotion_1,Nimepata msupa wangu na ule morio alinishow ni cousin yake kwa chemist waki buy rubber,"['sadness', 'surprise']","['disgust', 'surprise']","['anger', 'sadness']","['sadness', 'surprise']"
swahili_text_2912_emotion_1,Ama Diana Marua ni mawe tulizo ambiwa zitaambia mungu ?,['fear'],['surprise'],['surprise'],['surprise']
swahili_text_2990_emotion_1,"Kenyans we are united by the constitution, presidency,flag let not tear gas divide us.YA ALLAH SAVE KENYANS",['fear'],['sadness'],"['fear', 'sadness']","['fear', 'sadness']"
swahili_text_458_emotion_1,Kama utaleta slayqueen ushago Xmas mwambie hamna tap water. Kwa ground vitu ni different!,['sadness'],['surprise'],['surprise'],['surprise']
swahili_text_4065_emotion_1,Kufollow dem huku juu ni mrembo is usually not a good idea,['fear'],['sadness'],[],[]
swahili_text_1261_emotion_1,@Limo_alan Nawatega nikiwapee mimba tu,[],['disgust'],[],[]
swahili_text_1262_emotion_1,So everyone here is tweeting from his compound..Just imagine thats how coward you are mimi niko hapa stage hakuna mtu anapiga watu😞,['disgust'],['sadness'],['anger'],[]
swahili_text_1870_emotion_1,"Hahaha nyinyi hamjui vile Kenyan reps hunifurahisha walai , Jeff Anthony the mushroom farmer na Huddah pale sijui camera shy",['disgust'],['joy'],['joy'],['joy']
swahili_text_5329_emotion_1,Leo Nakula Cafe Sioni Nikienda Choo For The Next 8 Days,['sadness'],['disgust'],['joy'],[]
swahili_text_3696_emotion_1,Kama place uko kuna power nyinyi ndio hutap illegally from ghost powers kplc should arrest you before power irudi,['disgust'],['surprise'],['anger'],[]
swahili_text_3079_emotion_1,Hadi huyo mmama umepost ni girl ? 🙄,['surprise'],['disgust'],['surprise'],['surprise']
swahili_text_39_emotion_1,Skinny chic hamjaonana for some time alafu mkipatana anakurukia ati ni hug alafu unajipata umekamata ak47.,"['disgust', 'sadness']",['joy'],"['joy', 'surprise']",['joy']
swahili_text_3353_emotion_1,"Shida ta kunguni ni moja, ukiiona mahali kila kitu inakuguza unadhani ni kunguni 🤦‍♂️",['fear'],['joy'],['disgust'],[]
swahili_text_4138_emotion_1,"Haha #'Kwani nilikuwa nalupwa na ndizi,,,quote kidero,) tell them wuod baba u were being paid in pounds n dollars.",['surprise'],['surprise'],[],['surprise']
swahili_text_2183_emotion_1,Hii uchungu yote ni juu nmekwambia wensday  hakuna kuuza dawa za mende tutakua na mkutamo kamkunji ? https://t.co/MOA3PJVy3S,['surprise'],[],['anger'],[]
swahili_text_1157_emotion_1,Sasa vee Edwin Chiloba aliuawa kuna mwanaume pahali amerudi soko😂😂😂,"['disgust', 'surprise']",['joy'],['disgust'],['disgust']
swahili_text_5063_emotion_1,YULE NO2,[],[],[],[]
swahili_text_4369_emotion_1,Nilifika ocha nikapata wasichana wote wamenyoa kipara ikabidi nimeficha cornrows zangu,['sadness'],['surprise'],['surprise'],['surprise']
swahili_text_2398_emotion_1,"@och1eng Huku kwetu hakuna goal keeper main, unaambiwa ni wewe leo ndo unashika😂😂na saa hizo unachezanga number 7","['sadness', 'surprise']",['joy'],['joy'],['joy']
swahili_text_2935_emotion_1,"Ni mapema itabidi ujipange, hawa mafala hawataki si tumange",['anger'],['anger'],['sadness'],['anger']
swahili_text_3157_emotion_1,"Nmekuja kurealise that vijana ata hawako addicted to betting, hawa wazee ndo wako into it sana.",['surprise'],"['joy', 'surprise']",['surprise'],['surprise']
swahili_text_5170_emotion_1,@WaruiJohn2 @Charlie28901252 Juu hukunidefend😌😌😭,['sadness'],[],['sadness'],['sadness']
swahili_text_3578_emotion_1,"Hivi swali la ""Unanipenda au hunipendi"" ni swali la kumuuliza kweli au ni kutokujiamini tuu kimapenzi?",['disgust'],['joy'],[],[]
swahili_text_1332_emotion_1,Watu wa media wanachocha hao polisi na hawatawatetea mtu akipigwa transfer mandera ama ras kamboni,"['anger', 'disgust']",[],[],[]
swahili_text_3257_emotion_1,Mm dem nikikukatia alafu uniambie unaitwa Anna😯😯....siezi endelea juu uyo ata anaeza kua h-Anna iyo kitu🤓🤓🤓.,['fear'],['surprise'],['joy'],[]
swahili_text_5456_emotion_1,Kuna mtu alibuyiwa omo secret santa 🎅 😂,"['joy', 'surprise']",[],['joy'],['joy']
swahili_text_756_emotion_1,"@I_KIBZ Wenye wanajuskia kutoka unajua watu hawajali,siezi advice mtu,baba atokee aongoze yeye bibi na watoto na viongozi alafu wengine wafuate wenye hawaogopi",['fear'],['sadness'],['sadness'],['sadness']
swahili_text_1095_emotion_1,"@HEBabuOwino Pole zangu Kwa familia,jamii na Kwa wakenya Kwa ujumla.",['sadness'],['sadness'],['sadness'],['sadness']
swahili_text_1763_emotion_1,Mlisema mwanaume ni kurauka  hata kaa ni sato. Juu bills zinakungonja ni zile zile.,['sadness'],[],[],[]
swahili_text_2901_emotion_1,"Hio mvua yote halafu mtaani ni vumbi tu, ukambani ni noma",['anger'],['surprise'],"['fear', 'sadness']",[]
swahili_text_3426_emotion_1,Ayana anapanua gap kuwin gold na uko apa kitu unapanua ni miguu tu,['disgust'],['joy'],['sadness'],[]
swahili_text_3428_emotion_1,Sasa unataja Jameson maze io ni tbt kwangu talk of something hve never tried n I want to try it today kina legend izo ndio nataka kutry,['disgust'],['joy'],[],[]
swahili_text_2698_emotion_1,"MEN ARE FISH ""Tis new 😂😂"" HUYU ALICHEZWA CHINI YA MAJI😂🔥🔥🔥",[],['disgust'],['joy'],[]
swahili_text_4270_emotion_1,@ValMwende Twasija kwa mpigo😂,['joy'],['joy'],['joy'],['joy']
swahili_text_4744_emotion_1,@Milele-Fm@PauloMuchesi #MileleGospelSunday AMEN ASANTE KWA MAOMBI MUCHESI. KAWANGWARE MLANGO SOKO NAWAKILISHA,[],[],['joy'],[]
swahili_text_4886_emotion_1,Na hawa watu walikufa wanazikwa lini?,[],"['disgust', 'surprise']",[],[]
swahili_text_1203_emotion_1,@benofficial_b @Njamasi_ Asante Mungu kwa nafasi hii njema,['joy'],[],['joy'],['joy']
swahili_text_3901_emotion_1,Ni yeye bado alichapwa na mapoko wa downtown hahaha,['disgust'],['surprise'],['disgust'],['disgust']
swahili_text_5233_emotion_1,Watu wa per person sharing amkeni muandike good morning zenye zitajibiwa saa saba!,"['anger', 'disgust']",['surprise'],['joy'],[]
swahili_text_3225_emotion_1,"@Osama_otero Lmao, siku ingine tulikuwa hapo alispeak out his heart nilikuwa nimeisha ajab😂",['disgust'],['joy'],['joy'],['joy']
swahili_text_231_emotion_1,"Its illegal n I repeat illegal to share stuff with a nigga, sasa hii nugu ina drop kejani kunigotea then isha anza kujipaka cologne yangu.",['anger'],['anger'],"['anger', 'sadness']",['anger']
swahili_text_3715_emotion_1,So nikishuka regen nikuje mpka hapo PCEA KIHUMO utachukuwa https://t.co/pD1qmoQTo6,[],[],[],[]
swahili_text_3594_emotion_1,Enyewe wajaluo tutahiriwe bana. Kila time nikimangana mi hufeel proud hiyo  foreskin haiko,"['anger', 'disgust']",['disgust'],['joy'],['disgust']
swahili_text_103_emotion_1,@NationFMKe mzae anakol anasema ati ametoka morning jog 10km haha ukijaribu hiyo apa eastland ngeta utapigwa hehe,['fear'],['joy'],"['joy', 'surprise']",['joy']
swahili_text_4334_emotion_1,"Hizi ma mix siwezi kaa sana, ziko kibao na lazima ni sample kaa zote",['sadness'],['fear'],[],[]
swahili_text_4120_emotion_1,@KeEquityBank_F5 Karibu Nairobi,[],['joy'],[],[]
swahili_text_4792_emotion_1,"Hello 👋 Nakutakia kila heri ya Krismasi msimu huu, taa la Krismasi likuelekeze kwa mafanikio na ustawi na kuleta furaha na amani katika maisha yako!    KRISMASI NJEMA.  RICHARD WAMALWA https://t.co/z2CtJHDEBf",[],[],['joy'],[]
swahili_text_1758_emotion_1,hawa watu hawanaga kichwa mzuri,"['disgust', 'surprise']",['surprise'],['disgust'],"['disgust', 'surprise']"
swahili_text_4444_emotion_1,Acha niwaekee location ya uongo ndo msinipige,[],[],[],[]
swahili_text_2159_emotion_1,Mnaambiwa muimbe kumbaya Lakini mnasema ni kubaya!,[],['joy'],['surprise'],[]
swahili_text_4951_emotion_1,@samwelmarutivio si vile mm niko tu labda ww,[],[],[],[]
swahili_text_3657_emotion_1,"Nimeangalia Economy ya kenya alafu nikakumbuka kuna dem aliniuliza kama nitafanya harusi na yeye, nimetulia nikamtext wedding aborted!",['anger'],['surprise'],"['fear', 'sadness']",[]
swahili_text_3562_emotion_1,Azimio la Fujo na Ushenzi!,['anger'],['sadness'],"['anger', 'sadness']","['anger', 'sadness']"
swahili_text_2397_emotion_1,Ati cech struck with virus sema tu amepewa rest,[],[],[],[]
swahili_text_3120_emotion_1,Unakaa kupenda kuride sana https://t.co/IkTOm4WCku,['disgust'],['joy'],['surprise'],[]
swahili_text_554_emotion_1,@HonMoses_Kuriaa Mkuki mtamu kwa nguruwe kwa binadamu uchungu,['disgust'],['sadness'],[],[]
swahili_text_5051_emotion_1,@ivans254  WEWE KILA NYANI NA STAREHE YAKE,[],['joy'],[],[]
swahili_text_125_emotion_1,Aki kplc saa hii ni saa ngapi mnazima stima?,['anger'],['anger'],"['anger', 'sadness']",['anger']
swahili_text_3902_emotion_1,Awamu ya Taratibu #DriveOnReloaded @RadioCitizenFM @KakaZema @MunaiGenerali #DriveOnReloaded #DriveOnReloaded #DriveOnReloaded # Enjoy,[],['joy'],['joy'],['joy']
swahili_text_1460_emotion_1,Me nikiwa president naeza 8ta hao watu wa LGBTKIU state House niwachoche tunaamend laws alfu niwaeke kwa ndege niwatupe Indian Ocean wakufe huko wote,"['anger', 'disgust']",['anger'],"['anger', 'disgust']","['anger', 'disgust']"
swahili_text_1038_emotion_1,Uyo naye anatwitpic akiwa topless nkt,['anger'],"['disgust', 'sadness']","['anger', 'disgust']","['anger', 'disgust']"
swahili_text_2406_emotion_1,Mnakuwanga on Betty's case mbaya sana mtu anaeza dhani you live different live while mnahoe mbaya sana,"['disgust', 'sadness']",[],"['anger', 'disgust']",['disgust']
swahili_text_264_emotion_1,Hoi ndio mtu anachekanga tu... Nothing much just laugh and laugh,['surprise'],['joy'],['joy'],['joy']
swahili_text_4877_emotion_1,Izi ndio vitu zinapea mtu heart attack na bado time yake haijafika,['sadness'],[],['disgust'],[]
swahili_text_2644_emotion_1,"Serikali kutokuweka ulinzi wa mali na raia, hivyo raia kupoteza haki yao ya kumiliki mali na kwenda popote kwa amani #ChukuaHatua",['sadness'],['fear'],[],[]
swahili_text_5306_emotion_1,@RadioCitizenFM @eddyngaira @joygituro KUTOKA KATI KATI YA VIOSK VYA NAIROBARI HADI COUNTY YA MAGENCHE NAWAKILISHA BOGISIANKIO MOGUMO HOME PAMOJA HADI MWISHO BY OMWAMBA MORONYA AMACHIKO https://t.co/kNNTUeQ0LJ,[],[],[],[]
swahili_text_1214_emotion_1,Bra ni mzito kuliko tithe na unadai kuingia choir💔,"['disgust', 'surprise']",['disgust'],['disgust'],['disgust']
swahili_text_918_emotion_1,Sometimes unaweza nicheck nikijibongeza but am not talking to myself ni devils ananiita namshow bado thats y unaweza skizia nikisema noooo,['fear'],['surprise'],['surprise'],['surprise']
swahili_text_3840_emotion_1,@andrewsuleh @KenyaRenal @PrideInnParadis Karibu Mombasa,[],['joy'],[],[]
swahili_text_4852_emotion_1,At least sasa tunajua manure hawawin epl,[],[],['joy'],[]
swahili_text_3441_emotion_1,Tanzanian 🇹🇿 hawasemi tano tena??,['disgust'],[],[],[]
swahili_text_2546_emotion_1,Lmao ata mimi siwezi haribu mahali nakulia juu yenyu mfs,['anger'],[],['anger'],['anger']
swahili_text_3016_emotion_1,@kavsmaina Nimekuja kwa upole Kavs,['fear'],[],[],[]
swahili_text_4596_emotion_1,Wakubwa mlisema socks zikiingia ndani ya viatu unafanya nini?,[],['disgust'],['joy'],[]
swahili_text_1700_emotion_1,"Hakuna vaccine ziliexpire pale JKIA, ni kumangwa zilimangwa, kina buda kahush wasake para inengi",['surprise'],[],[],[]
swahili_text_3758_emotion_1,Watu wa census bado hawajalipwa?,['disgust'],['surprise'],['surprise'],['surprise']
swahili_text_686_emotion_1,@6ixT3rd This joke is at zero velocity .....we jua we ulizaliwa na apeleka mwenye ni mimi,['disgust'],['anger'],[],[]
swahili_text_3741_emotion_1,Man nikama mimi nililaaniwa,"['anger', 'fear']",['sadness'],['sadness'],['sadness']
swahili_text_34_emotion_1,"Walisema dawa y sura mbaya n make-up,,,my sister usifanye juu wtu wanafanya juu some of us look like american amadillo😉",['anger'],['disgust'],['surprise'],[]
swahili_text_4039_emotion_1,Watoto wa kiswazi watakuja kunimalisaa mimi,['sadness'],['fear'],['joy'],[]
swahili_text_5165_emotion_1,Aki iyo speech obama angeinvite traffic police wote kwanza alafu mamp waekewe mabig screen apo parliament,[],['joy'],['joy'],['joy']
swahili_text_2538_emotion_1,"Hawa watu wanaona eclipse waeke photos, huku ni mawingu",['sadness'],['joy'],['sadness'],['sadness']
swahili_text_290_emotion_1,"Kama mzee alipenda nyama and lived upto 95, niskie mtu anasema nyama ni mbaya",['disgust'],['surprise'],['anger'],[]
swahili_text_2296_emotion_1,Kj alikuwa ame organise football  tournament huku mtaa alafu anapeana  prize money ya ufala lmaooooo,['disgust'],[],['sadness'],[]
swahili_text_5488_emotion_1,The only time nishai piganiwa ni pale staffroom kila mwalimu akisema niachie mimi uyo 🤦🏾‍♂️💔😹😹😹,['sadness'],['joy'],"['joy', 'sadness']","['sadness', 'joy']"
swahili_text_2561_emotion_1,"Nini mbaya na hii mvua, si itulie ah",['anger'],['anger'],['anger'],['anger']
swahili_text_2433_emotion_1,mko bullies mwingine ameambia randull  haja like hiyo picha juu haija wekwa make up hahaha,[],['joy'],['joy'],['joy']
swahili_text_3049_emotion_1,Hatukatai ni wewe ndio unamlipianga doh ya salon but unajua ni Mimi ndio huwa naguza hio nywele,['disgust'],['surprise'],['joy'],[]
swahili_text_5138_emotion_1,Y'all have 76 minutes mnitolee form ama nilewe pekee yangu mimi,[],['joy'],[],[]
swahili_text_4693_emotion_1,@dovejill Asante sana Jillian,['joy'],[],['joy'],['joy']
swahili_text_5271_emotion_1,@its_Chibo Alafu unapitia hapo githurai airport anatandikq kichwa mzima,[],['surprise'],[],[]
swahili_text_2531_emotion_1,I hate town jameni 😭😭😭😭 Sasa huku ni wapi,"['anger', 'sadness']",['sadness'],['sadness'],['sadness']
swahili_text_1346_emotion_1,Btw mnaona hizo vitu Messi anafanya?,['surprise'],['joy'],[],[]
swahili_text_378_emotion_1,Lakini majamaa wafupi waki dara madame warefu inakaaga nikama wanachange bulb.,['joy'],['joy'],['disgust'],['joy']
swahili_text_3342_emotion_1,Wamama wanatuma pesa then kuna wale najua ata kuninunulia kahawa ni shida ni must i ask indirectly,['disgust'],['surprise'],['sadness'],[]
swahili_text_2451_emotion_1,Mbona watu hu vaa official wakienda church?,[],['joy'],['surprise'],[]
swahili_text_331_emotion_1,Nimeletewa hii kitu na sijui ni nini. What's this ama nimerogwa ? https://t.co/Qpf8hCu8MD,['anger'],['disgust'],['surprise'],[]
swahili_text_2428_emotion_1,"@Oaksupreme heard hata dem anaeza kua paged but still anaget periods,, hawa watu go through much",['surprise'],['sadness'],['surprise'],['surprise']
swahili_text_2779_emotion_1,@Milele_FM  @chris001Ke tafadhali kaa tu nai nimetoka mariakani asubuhi saa hii niko mtito andei baridi baba we track driver kcs 056a ndani hadi tamati,['fear'],[],['sadness'],[]
swahili_text_652_emotion_1,Ukibully watu wanono huwa inakurudia mimi pia nataka mtu anipee stress nikonde. https://t.co/1amLpqL5n3,['disgust'],['surprise'],"['fear', 'sadness']",[]
swahili_text_4084_emotion_1,Church was great wacha nikasugue macladi sasa!!,['joy'],[],['joy'],['joy']
swahili_text_4804_emotion_1,National anthem yetu ile maombi tunaomba huko ni opposite na kile tunapata siiet,"['anger', 'sadness']",[],['disgust'],[]
swahili_text_181_emotion_1,Siwezi lala njaa nikose kupika juu tweeps wamesema wanaume hupika ni pick me niggas haha,['disgust'],['disgust'],[],['disgust']
swahili_text_3834_emotion_1,Gai sasa ni sore throat naenda kupata? Is this fair???,['fear'],['sadness'],"['fear', 'sadness']","['fear', 'sadness']"
swahili_text_3944_emotion_1,Edward Matekwa: Tumepanga kukutana na kamati ya Afya Bungeni  kuelezea shida zinazotukabili kama AMEK. @vincentateya  #JamboKenya,[],[],[],[]
swahili_text_452_emotion_1,@MrRightke Bdo Kuna wtu wanatuma fare😂😂🖐🏼me I thought tuliamua tukue tunawapea credit card akijiskia kukam sawa akikataa ni sawa,['disgust'],"['joy', 'sadness']",['sadness'],['sadness']
swahili_text_1296_emotion_1,Hiyo paka inakaa fishy nka imetumwa...,"['fear', 'surprise']",['disgust'],['disgust'],['disgust']
swahili_text_2973_emotion_1,Kuna msee alikuwa analipia dem campo keja weekend amekuja na shopping kupeep kejani bae ananyanduliwo tiambo kimsee kilishuta man,"['disgust', 'sadness']","['disgust', 'sadness']",['disgust'],"['disgust', 'sadness']"
swahili_text_823_emotion_1,Some King is crying on radio 😂😂😂😂 hunnie wake amepewa mimba  na buda yake 😂😂😂😂😂 maisha gani hii,['surprise'],['disgust'],"['disgust', 'sadness']",['disgust']
swahili_text_5044_emotion_1,"A part from usikojoe hapa,  ni sheria gani ingine wakenya hawatambui?@fhersy @CaxstonePKigata @RashidFaruq @eng_ibnmahat",[],['surprise'],['joy'],[]
swahili_text_3732_emotion_1,Waseme hio pia ni off bas,['disgust'],['sadness'],[],[]
swahili_text_838_emotion_1,"Wadau niko na idea si tuombe IMF ile loan yetu tulikuwa tumekataa then tununue Manchester United football club then tuhame uko wote then we disband this country , iyo £4 billion si mingi .",['surprise'],"['sadness', 'surprise']",['surprise'],['surprise']
swahili_text_5016_emotion_1,Mbona watu wanaumwa na pesa hawakuchangia?,"['anger', 'surprise']","['anger', 'surprise']",['disgust'],"['anger', 'surprise']"
swahili_text_4161_emotion_1,Utulivu wa  Kimawazo na Ukombozi wa Fikra,[],['joy'],[],[]
swahili_text_891_emotion_1,There cafeteria guys are a scam. Wanaficha chapo na ndondo ndo watu wakule nyama alafu watu kwa like wakipungua ndo wanazichomoa 🤣🤣,['anger'],"['joy', 'surprise']","['fear', 'sadness']",[]
swahili_text_872_emotion_1,Twitter gangsters wanakuambia huku usi apologise to your woman na kwa ground wanafanya the same same thing hahah,['anger'],"['joy', 'surprise']","['joy', 'surprise']","['joy', 'surprise']"
swahili_text_3492_emotion_1,Hahaha mzae alijua weee ni cry baby acha ukasumbukie nahuko https://t.co/t9rtw3FqFS,['surprise'],['sadness'],"['joy', 'sadness']",['sadness']
swahili_text_788_emotion_1,Ntv kuna rental agent wanatoa milango kwa nyumba usipolipa rent hahaha,['surprise'],['surprise'],['sadness'],['surprise']
swahili_text_1348_emotion_1,@DjCreepaGlobal LEO NAYO NA TOKEZEA,[],[],[],[]
swahili_text_3679_emotion_1,@Gidikim Shughulika na mahindi ya Eldoret,[],['anger'],['anger'],['anger']
swahili_text_2599_emotion_1,"Women are trash.Boychild is suffering st the expense of women ,maybe hao wasee wawili walikataa kumlipa ata kumlima ndio maana anasema   alirapiwa.","['anger', 'sadness']",['disgust'],['anger'],['anger']
swahili_text_2001_emotion_1,niliona cameltoe fulani mtaani karibu nigongwe na tuktuk  some women are a gorgeous piece of art,['surprise'],['surprise'],['joy'],['surprise']
swahili_text_1222_emotion_1,"@wakariowa oya jana nilipitia huko kwenu, ningekutafuta but net ikawa ni trouble",[],['sadness'],[],[]
swahili_text_235_emotion_1,Unai nae ni mbwa tu,['anger'],['anger'],['anger'],['anger']
swahili_text_3909_emotion_1,tutaambia watu nini #COYG,['fear'],['sadness'],"['fear', 'sadness']","['fear', 'sadness']"
swahili_text_3281_emotion_1,Hii joto imetoka wapi yawa,['surprise'],['disgust'],['surprise'],['surprise']
swahili_text_3702_emotion_1,"I wanna ask, sheria za Kenya hazimchokeshi tayari ndio mwende mtafute zingine za clique?",['disgust'],['sadness'],['anger'],[]
swahili_text_3084_emotion_1,MATTRESS YANGU IMENYESHEWA,"['anger', 'sadness']","['sadness', 'surprise']",['sadness'],['sadness']
swahili_text_4644_emotion_1,Wazazi wengine zii mbona ujue mtoto amefunga shule anafaa kuja home na hutumi fare! Kwan anafaa kutembea kutoka kakamega hady nyamira nkt.,"['anger', 'sadness']",[],"['anger', 'disgust']",['anger']
swahili_text_2937_emotion_1,@Sysca_ Watatuombea kwa Barabara Woi,['fear'],['surprise'],['fear'],['fear']
swahili_text_1972_emotion_1,"Mimi, nioge na hii baridi, nipate homa kisha nipelekwe #KNH, nifanyiwe brain surgery,,, Yarabi nisitiri😢😢😢😢",['fear'],['sadness'],['fear'],['fear']
swahili_text_815_emotion_1,Ku discuss football na watu hawaja fikisha 40 points ni draining asf,['sadness'],['surprise'],['sadness'],['sadness']
swahili_text_2819_emotion_1,This product can also be used  as an example hawa watu wanafanya mambo kotini,['fear'],[],[],[]
swahili_text_356_emotion_1,kuna vodka ingine inaitwa SPIRITUAL VODKA....smh ni tu venye niliacha pombe,"['disgust', 'sadness']",['surprise'],"['disgust', 'fear']",['disgust']
swahili_text_4531_emotion_1,Usiweke Imani yako kwa Binadamu #AmkanaWestFm #AmkanaWestFm #AmkanaWestFm #AmkanaWestFm #AmkanaWestFm @WestFmKenya @PPkemei,[],[],['sadness'],[]
swahili_text_2516_emotion_1,@kipro_hon @MurituGathecha Utalia sana,[],[],[],[]
swahili_text_2997_emotion_1,"Is Susan Wambui made of rare fiber or she just detested Waititu, one yr?  ..... the way hawa watu wakiambu bora waripwo.",['anger'],['sadness'],['disgust'],[]
swahili_text_1832_emotion_1,Y'all are just yapping juu ni mdomo mko nao: how many of you would last even 3 or 6 months right now if you lost your means of production?,['anger'],['disgust'],['anger'],['anger']
swahili_text_4756_emotion_1,Kuna watu screenshot zao hazinaga hako ka kitu ka alarm . Yaani hamuogopangi ku oversleep ama mnaaminia biological clock ?,['fear'],['joy'],['surprise'],[]
swahili_text_4410_emotion_1,Kama unakunywa chai na haikutoi jasho hiyo sio chai🙆😂,['joy'],['surprise'],['surprise'],['surprise']
swahili_text_4562_emotion_1,Wenye mmeeka profile pic za madem na unajua wee ni mwanaume hio ni umama. Alafu pale dm mnasex chat manze you are very GAY 😅🤣,"['anger', 'disgust']",['joy'],['disgust'],['disgust']
swahili_text_3187_emotion_1,Wadau ni kama na waste time mlisema talking stage inafaa kutake how long??,['fear'],['surprise'],['fear'],['fear']
swahili_text_3381_emotion_1,Lukaku na yeye anaskuma mwenzake ni ka amemshow i fucked your siz,['disgust'],['disgust'],"['disgust', 'surprise']",['disgust']
swahili_text_5440_emotion_1,Tukei anaona kutoa elfu mbili on a date nikama kujiuza juu yeye mwenyewe ni 2K tu 😁 😁,"['anger', 'sadness', 'surprise']",[],['joy'],[]
swahili_text_4277_emotion_1,"@Sowetojul Hongera sana Kwa kazi nzuri ulifanya, Mungu mbele",['joy'],['joy'],['joy'],['joy']
swahili_text_2728_emotion_1,@CollinsKaranja3 Kuna jamaa alichochwa eti gym itafanya dick yake iwe ndogo hajawahi rudi hahaha,[],['joy'],['joy'],['joy']
swahili_text_259_emotion_1,That SGR station at Masenyi..... Why the fuck do we have a whole station there for? Kuna mse ashawai shukia hapo hata? Kuna mse ashawai pandia hapo?,['surprise'],['anger'],['anger'],['anger']
swahili_text_4427_emotion_1,But can't dudes adjust their trousers without insisting on grabbing IT??? Kuna kunguni ndani?,"['anger', 'disgust']",[],['disgust'],['disgust']
swahili_text_3192_emotion_1,Kuna boychild ameniambia ako jobless life imekua ngumu hadi anakula keki na mandizi asubuhi ndio afure tumbo asahau njaa the whole day.,['disgust'],['surprise'],['sadness'],[]
swahili_text_717_emotion_1,@MugambiKibwi @WilsonKOT Hapo hakuna pain yeyote je sisi wakuchichwa ka mwili ijaganda tutasema aje,[],['sadness'],['surprise'],[]
swahili_text_309_emotion_1,My little mans takes cod liver oil willingly and I am wondering which version of childhood did this lil nigga subscribe to? Hio kitu tulikuwa tunaforciwa kukula under duress.,['disgust'],['anger'],['disgust'],['disgust']
swahili_text_1303_emotion_1,@Virginia_Kioko Umesema kuku ya jirani ilale kwangu,"['disgust', 'surprise']",[],[],[]
swahili_text_4069_emotion_1,Hii mtaa pia mayayes ni wengi,['surprise'],['sadness'],['surprise'],['surprise']
swahili_text_4286_emotion_1,Haha wewe huuliza hizi maswali ni kama unaumwangwa every time when someone states their opinions https://t.co/ftuWXB7uGb,['sadness'],['anger'],['sadness'],['sadness']
swahili_text_2849_emotion_1,Guok Acha ukabila hawa wote ni wakenya https://t.co/1r0kmRmYBh,['fear'],['anger'],[],[]
swahili_text_1065_emotion_1,"Kuna beste yangu home hajuangi kusoma na kuandika though haezi admit. Kila time akitumiwa text dem huwa  ananipea simu ananiambia  "" hebu mjibu instead namtusi Bure"" 😂 😂",['disgust'],['surprise'],[],[]
swahili_text_3697_emotion_1,"Ile siku madem watachimba kaburi ya dem amepas, nitaamini kuna equality!",['disgust'],['sadness'],"['anger', 'disgust']",['disgust']
swahili_text_4284_emotion_1,Yaaa..nakubaliana na kauli hiyo maana wazazi wengi wanajihusisha na shughuli ya kusaka mapato wakisahau kua wanamajukumu ya kulinda watoto,['sadness'],['sadness'],[],['sadness']
swahili_text_2117_emotion_1,Hiyo ni kuonewa bana,['anger'],[],[],[]
swahili_text_3417_emotion_1,"Natafuta cahakula za kuku, wapi zinauzwa being poa?!",[],[],[],[]
swahili_text_109_emotion_1,@petwaweru @Jr_2M But its a kao name. Sasa nikianza hapa kujiita Carol Mwaaahngeey ni uzungu ama ni ukoloni?,['disgust'],['disgust'],['surprise'],['disgust']
swahili_text_5418_emotion_1,Mwanaume kueka mwanaume mwenzake status ati happy birthday ni uchomoki,['anger'],['disgust'],['disgust'],['disgust']
swahili_text_1642_emotion_1,Kuna wasichana wana sauti nyororo mtu anaeza nyonga primate nayo,['surprise'],['joy'],[],[]
swahili_text_1388_emotion_1,"Acha niachie hapo ,hii aibu vile kulienda ndio naficha siieett",['fear'],['surprise'],['sadness'],[]
swahili_text_4191_emotion_1,kwani photographer anapewa ngapi huko kwa gava ?,['surprise'],['surprise'],['surprise'],['surprise']
swahili_text_2602_emotion_1,Lakini ayee @Safaricom_Care mbona nyinyi ni waongo hivi?,"['anger', 'sadness']",['surprise'],['anger'],['anger']
swahili_text_4956_emotion_1,@KilifiCountyGov Asante sana,['joy'],['joy'],['joy'],['joy']
swahili_text_3816_emotion_1,@Raphenomania Kwetu bado tuko na watu wa Mungu.,['joy'],['joy'],['joy'],['joy']
swahili_text_522_emotion_1,MAENDELEO YA WANAUME CHAIRMAN NDERITU NJOKA CALLS ON KENYAN MEN TO BOYCOTT SEX TODAY! #THEHOTBREAKFAST @JessyTheMC @Hot_96Kenya,[],['surprise'],[],[]
swahili_text_5038_emotion_1,"Kamau mimi baba alikuwa akiinita nongwe, mpaka leo sijawahi kuelewa hiyo ni kitu gani dunia hii, niko kitale",['sadness'],['surprise'],[],[]
swahili_text_4220_emotion_1,Hiyo story iko verified kweli?But Kenya huwa hakuna rumours. Kenye unadhani ni rumours kumbe ndio ukweli😊,['fear'],"['disgust', 'fear']",['fear'],['fear']
swahili_text_2957_emotion_1,Siri ya Machozi Mungu unaijua @EvaMwalili @Milele_FM #BarakaZaMilele,['sadness'],['joy'],[],[]
swahili_text_1924_emotion_1,@flinyonyi Lazima Siezi shindilia Kizungu na Swa na siko kwa ofisi,['disgust'],[],[],[]
swahili_text_5199_emotion_1,Wanipee mic ata mimi nirant na kiswahili,[],[],[],[]
swahili_text_4639_emotion_1,#SomeoneTellNTVKenya ntv journalists areno wea to be anywea in the tl wamehamua instagram na fb sasa shame  report facts not friction,['anger'],[],[],[]
swahili_text_341_emotion_1,Mimi nyama siwezi nunua kama sijaonja ni confirm of its soft enough kana ni ya funda,['anger'],['fear'],[],[]
swahili_text_4588_emotion_1,Eti sisi ndume ni anything wet and female? Hiyo ni sexism,['anger'],['disgust'],['surprise'],[]
swahili_text_1353_emotion_1,@inooroke #Msiriri @WambuiGithongo Ndakaini pamoja,[],[],[],[]
swahili_text_3859_emotion_1,@radiomaisha Bunge La Maisha #BillyNaTricky,[],[],['joy'],[]
swahili_text_2053_emotion_1,Playing Now #MarashiYaPemba @InternationalSafariSounds Ngoma za Kukutuliza na Kukuliwaza Ndani ya #DriveOnRealoded Enjoy,[],[],[],[]
swahili_text_2090_emotion_1,hao wanajeshi wote anyway sasa nani anaeza iba maiti surely??,['surprise'],"['disgust', 'surprise']","['fear', 'surprise']",['surprise']
swahili_text_3605_emotion_1,@dimples_mercy sasa bae alinitoka....na venye hii weather ni mbaya,['anger'],['sadness'],"['anger', 'sadness']","['anger', 'sadness']"
swahili_text_4197_emotion_1,Uyo politician anipelekee Naivasha buana. Izo ni pesa zetu either way,['anger'],['sadness'],['sadness'],['sadness']
swahili_text_5392_emotion_1,@mogire_jusper @MarthaKarua @honkabogo @moseskuria_MP APAMBANE NA HALI ZAKE,['anger'],[],[],[]
swahili_text_4834_emotion_1,Sikuizi ikifika weekend elitebet inakataa kuniallow nibet but i think ni blessing in disguise,['sadness'],['sadness'],['surprise'],['sadness']
swahili_text_2742_emotion_1,"Nowadays I always buy groceries from car boot fellas hapa mtaani. Ni siwes buy Kwa msee mjamo kila kitu,rwabe mtagawana nyii wote .",[],[],[],[]
swahili_text_2761_emotion_1,"Lakini niwaulize mbona mnapenda kuendea hawa madame pyscho, shida zingine ni nyinyi tu huniteletea juu mnataka kudishi anything that is moving",['disgust'],['sadness'],"['anger', 'disgust', 'sadness']","['disgust', 'sadness']"
swahili_text_2481_emotion_1,Hio story nafaa kupewa poa ndio kneelewe because....,[],[],[],[]
swahili_text_713_emotion_1,Mimi hujichocha vile nitakalia movie nikifika cabin  alafu usingizi inanibeba,['disgust'],['surprise'],['sadness'],[]
swahili_text_2588_emotion_1,"I don't understand why waititu was chased away the big thieves sat at the VIP area, they even addressed the nation si angekaa tu na wezi wenzake 😂😂","['disgust', 'sadness']",['joy'],"['joy', 'surprise']",['joy']
swahili_text_3201_emotion_1,Mbappe aliwapiga vijembe zengine safi hapo.,['disgust'],['joy'],[],[]
swahili_text_2854_emotion_1,"Wakubwa, mlisema watu wenye hukua excited juu ya Friday ni small minded ama?","['disgust', 'fear']",['surprise'],[],[]
swahili_text_5091_emotion_1,@inooroke #TeamKurikiriaForever pamoja Sana,[],['joy'],[],[]
swahili_text_4245_emotion_1,Murkomen anakuanga na ujinga sana,['anger'],['sadness'],['anger'],['anger']
swahili_text_2410_emotion_1,Mwenye aliuza giroud kwenda chelsea anafaa viboko mingi sana,['anger'],['anger'],['anger'],['anger']
swahili_text_3545_emotion_1,@OderaTeresa Napenda kazi na kuifanya kwa moyo wangu wote. Asante kwa kutazama.,['joy'],['joy'],['joy'],['joy']
swahili_text_5254_emotion_1,Hii hustler fund n sustainable kweli ama ndo itakuwa first scandal ya hawa Pr merchant's?,['surprise'],[],['surprise'],['surprise']
swahili_text_4115_emotion_1,Lakini si mnatwangana hii mtaa..,['sadness'],['surprise'],"['sadness', 'surprise']","['sadness', 'surprise']"
swahili_text_3633_emotion_1,Hehe kama ni Messi anapiga hiyo freekick Buffon anaokota ndani,"['disgust', 'fear']",['joy'],['surprise'],[]
swahili_text_5268_emotion_1,Serikali ya kusema na kutender,[],[],[],[]
swahili_text_1950_emotion_1,@RadioCitizenFM Leo naenda kutoa misa ya shukurani kwa ajili ya Mungu kuwezesha uhusiano wangu na mpenzi wangu. st. James catholic mtopanga,['joy'],[],['joy'],['joy']
swahili_text_5214_emotion_1,"SISI WATU WA MZEE HATUKUFUATILIA HII STORY YA HUSTLER  SAANA, AND SINCE I HAVE AN AMBITIONS FOR ELECTIVE POST IN 2027 EBU MREWINE HII STORY TENA I WANT TO GET IT RIGHT..HAPO KWA MAOMBI SANA SANA, BIBI TAYARI AMEANZA.#JOURNEYTO2027  @WilliamsRuto  @Kenyadecides",[],[],['joy'],[]
swahili_text_340_emotion_1,msee amesema alinyonga na sanitizer omuzigidi ikatoshana na toothpick. ati hapo ndo alijua kumbe ni uchafu huwa amebeba sio Doshi 🤣🤣🤣🤣🤣,['disgust'],['disgust'],['disgust'],['disgust']
swahili_text_1397_emotion_1,Barely a week and this sailors song is at 1million view is it that they so good at what they do ama ni nyinyi mnawachocha,['surprise'],[],[],[]
swahili_text_5410_emotion_1,@AaliyahNelly007 MNAFAA KUULIWA NYI WOTE,['anger'],['anger'],[],['anger']
swahili_text_4303_emotion_1,Kwani huko Zambia hakuna twitter?,['surprise'],['surprise'],['surprise'],['surprise']
swahili_text_4894_emotion_1,Kukosa 527 inafnya mnasema zesta sasa ni mbaya hahaha,['sadness'],['joy'],['joy'],['joy']
swahili_text_2091_emotion_1,@DMachiry @Forever_Wanjiku Vitu Kwa ground,[],[],[],[]
swahili_text_4448_emotion_1,Adi nikafanyia mamake deworming lakini wapi,['sadness'],['surprise'],['sadness'],['sadness']
swahili_text_1648_emotion_1,Mzae hushinda ameniimbia venye I will one day get married and have kids sijui ntamuambia aje mimi ata siko iyo idhaa,[],[],"['fear', 'sadness']",[]
swahili_text_4483_emotion_1,It's how Kenyans were in shambles jana alafu leo ni sherehe 😂😂😂😂😂😂😂😂😂😂 mumakagia maa 😂😂😂😂😂😂,['surprise'],['joy'],['disgust'],[]
swahili_text_602_emotion_1,@thatgal_ann 😂😂 mimi ata mbuzi's gîthagiro ndio inawezanishtua nikiskia sipewi,['surprise'],['sadness'],[],[]
swahili_text_5368_emotion_1,Kila mtu ana zeros difference ni mahali decimal point iko,[],[],['joy'],[]
swahili_text_183_emotion_1,Chai inaweza fanya watu wapigane,[],['surprise'],"['sadness', 'surprise']",['surprise']
swahili_text_1237_emotion_1,previously on scramble for mat za kasa😂😂😂😂😂😂😂😂😂 weeeh hapo ni vita mbaya,"['joy', 'surprise']",['joy'],['joy'],['joy']
swahili_text_1055_emotion_1,Kuna watu wameamka kupigana na jam ya thika road then there is me🤣🤣🤣,['anger'],['surprise'],"['sadness', 'surprise']",['surprise']
swahili_text_2566_emotion_1,@gracemella95 @uniquepie2212 Maombi maombi maombi  Kumshukuru Mungu kwa siku mpya,[],[],['joy'],[]
swahili_text_5478_emotion_1,"Kuwa mfungwa ni ngori,msee ni mgonjwa labda ako na upele lakini warden hawezi mtoa ma chengerere",['sadness'],[],['sadness'],['sadness']
swahili_text_3616_emotion_1,Huku kila mtu ameweka grey ticks ni mimi tu 😂,['surprise'],['surprise'],['surprise'],['surprise']
swahili_text_33_emotion_1,Si kuna mtu asha confirm ni nani huyo ametuacha sasa mnataka Maina aseme nini ingine?,['disgust'],['sadness'],"['anger', 'sadness']",['sadness']
swahili_text_2663_emotion_1,Baada ya mazungumzo na Mchanganuzi @OmariAdv Tujiachilie sasa kwa burudani mfululizo hadi tamati #JamboKenya,[],[],['joy'],[]
swahili_text_1979_emotion_1,@QwetuRadio @DorahManya #QwetuKazini Ruai tuko ndani ya bonke la Burudani na kuelimishwa,[],[],['joy'],[]
swahili_text_2303_emotion_1,Kwani wengine sio wakenya jamani eeeeeeeeeh mnyomge hana haki kabisa.,"['anger', 'sadness']",['joy'],['sadness'],['sadness']
swahili_text_4638_emotion_1,Mwanaume ni kubeba ugali na kuingia sonford unaitisha quarter,[],['joy'],['joy'],['joy']
swahili_text_3779_emotion_1,Lakini huyu msimchukue wallai..naeza shindwa kupumua bna,"['disgust', 'fear']",['fear'],['fear'],['fear']
swahili_text_2840_emotion_1,Kitambo nilikuwa nadhani mtu selfish ni mtu anauza fish.,['surprise'],['surprise'],['surprise'],['surprise']
swahili_text_4887_emotion_1,Ama ni venye hujaikuwa wcw wa mtu???,['sadness'],[],['disgust'],[]
swahili_text_3765_emotion_1,Nikiambiwa yangu ni fake nawaambia wanionyeshe original inakaa aje. Tuna compare word for word. Juu siwezi bebwa uwizi. https://t.co/YuADFzJgGc,['disgust'],['anger'],['anger'],['anger']
swahili_text_3392_emotion_1,hao wote wanafaa kua prison ati girls criminals,['fear'],['sadness'],[],[]
swahili_text_2116_emotion_1,@ahmednasirlaw Ulishimdwa kuongea kwa matanga,['surprise'],['sadness'],[],[]
swahili_text_4778_emotion_1,Shida yetu mandem ni njoti..before uget hio nut hutumii akili,"['anger', 'disgust']",['joy'],['disgust'],['disgust']
swahili_text_4077_emotion_1,Kama wewe ni mwenyeji,[],[],[],[]
swahili_text_5404_emotion_1,Na tukifika pale kwa Miguna Miguna? https://t.co/mMpJmCFF3X,[],[],[],[]
swahili_text_3397_emotion_1,"@LauraKaindi Thank you for visiting us, karibu tena for more exhilarating experiences with us @LMotorcross",['joy'],['joy'],['joy'],['joy']
swahili_text_1730_emotion_1,Sasa itakuaje hawa wameshapiga bao,[],['surprise'],['sadness'],[]
swahili_text_757_emotion_1,@migosi_brian HIYO PESA ALIPEA KINA MADVD KILA KHALWALE CLEO MALALA AND WETANGULA TO CAMPAIGN IN WESTERN TUKO ALMOST KUMALIZA AND ON 9TH WATAKUWA HOME WE #VoteBlue2022 #VoteBabaNaMartha SIGOI 6AM IN THE MORNING AUGUST 9TH,[],['sadness'],[],[]
swahili_text_2886_emotion_1,"Hio association inajua tu vizuri hawawezi pewa ruhusa. If they d, clubs zinaisha hivyo",['anger'],['anger'],['fear'],['anger']
swahili_text_4259_emotion_1,Mtu uko 23yrs bado unaniambia maneno na feelings ni utombwe ama utembeze kiatu aint got no time for mediocrity,"['anger', 'disgust']",['anger'],['disgust'],"['anger', 'disgust']"
swahili_text_2590_emotion_1,Hizi withdrawal symptoms ni zenye zinamalizanga mtu Ile time unaulizangwa kama uko na condom nani saa sita usiku unasema hapana.,['sadness'],['joy'],['sadness'],['sadness']
swahili_text_177_emotion_1,Hehehe hajawaimwona hiyo ni photoshop  https://t.co/KS690keKrT,['surprise'],['joy'],['joy'],['joy']
swahili_text_1570_emotion_1,"Niliwaambia hio tweet itafanya acc mingi ziende , sasa ona 23 accs have been suspended 💔😭💯",['sadness'],['sadness'],['sadness'],['sadness']
swahili_text_3729_emotion_1,AZIMIO LA KUZIMIA 😂😂😂😂,['anger'],['surprise'],['sadness'],[]
swahili_text_4537_emotion_1,Wamama walizua tukichangia Jemima wako wapi sasa haha,[],['joy'],[],[]
swahili_text_3695_emotion_1,Utaskia soon pastors wakiambiwa waende waponye watu public hospitals juu madaktari hawafanyi kazi yao.,['disgust'],['surprise'],"['disgust', 'surprise']","['disgust', 'surprise']"
swahili_text_114_emotion_1,Huyu john wick ni mbaya kuliko ata jet li hyaaaaaa,['anger'],['surprise'],['surprise'],['surprise']
swahili_text_2789_emotion_1,"Huyo jamaa anakubali msupa wake apelekwe lunch na male friends one day ataambiwa..."" You are not even jealous..."" halafu awachwe 🤣🤣","['disgust', 'surprise']",['joy'],['joy'],['joy']
swahili_text_3195_emotion_1,@Sirajitz1 @BlackSingapore2 Asante MUNGU kwa upendo wako usiokuwa na kifani.,['joy'],['joy'],['joy'],['joy']
swahili_text_3598_emotion_1,Hii spaces ni yeye amepanga naona mnatubeba ujinga https://t.co/uM9tFMgCKf,['disgust'],['fear'],['anger'],[]
swahili_text_2495_emotion_1,Sasa Oliech amekuja hapa akaconfuse women na mimi ushinda nao na hakuna mmoja nishaiona akiwa confused,"['sadness', 'surprise']",['joy'],['surprise'],['surprise']
swahili_text_1280_emotion_1,So twitter hunnies wanataka sekete ikue more than 1st half ya football match?,['surprise'],['fear'],['surprise'],['surprise']
swahili_text_3152_emotion_1,@CharleneRuto @Zeus24713104 Huyu mnjamaa raoo anaeza amua ni kuripisha all amekua akinyimwa bana,['disgust'],['sadness'],[],[]
swahili_text_2828_emotion_1,Mabao ni mengi masaa ndio machache,['disgust'],['joy'],[],[]
swahili_text_1042_emotion_1,Hii shida ni ngumu kuisha juu wako protected. Mzae hunichapia wakitaka wanaweza maliza hawa watu kwanza venye military wakona tech fiti sahii si kama zile enzi yao. https://t.co/UWjH6gyYbi,['anger'],['anger'],['sadness'],['anger']
swahili_text_2104_emotion_1,Lakini kana ni ukweli Rihanna aliachwa fr sitetei the guy Rocky but au she's the problem au all these men go fuck and leave her what's the actual problem??? Wajua women with money vile Wana masharti na kiburi,"['disgust', 'surprise']",['joy'],"['anger', 'surprise']",['surprise']
swahili_text_93_emotion_1,@i_am_ianoh @Migreecky @Benassi_earth @kylai24 Mtafocus Sasa na Almiron,[],[],[],[]
swahili_text_2972_emotion_1,"Haha ati kubebwa na nduthi ni uchomoki gui, kidogo utaskia kunyolewa na boyz pia","['disgust', 'fear']",['surprise'],['disgust'],['disgust']
swahili_text_950_emotion_1,Nipe chupa yoyote cheap hahaha hood niggas juu hakuna keg na kanuthu,['joy'],['surprise'],[],[]
swahili_text_1509_emotion_1,Vile niliona Azimio🙆🙆 supporters wamekua fans wa Brazil🇧🇷🇧🇷🇧🇷 nilijua tuh it is over✌️✌️☺️,"['sadness', 'surprise']",['fear'],"['joy', 'surprise']",['surprise']
swahili_text_4295_emotion_1,"@yunise_murray Mi njaa, if a famine was to happen, mi ntakufa tu na siku mbili nikiwa bado mnono.",['sadness'],['surprise'],['fear'],[]
swahili_text_4428_emotion_1,Ule mseh wa supermarket chain si aombe msamaha hizi duka zifunguliwe,['sadness'],[],[],[]
swahili_text_2242_emotion_1,Wenye wanacelebrate Moi Day ni wenye walikunya maziwa ya nyayo ama?,[],['surprise'],['surprise'],['surprise']
swahili_text_3161_emotion_1,@MwauraRobert2 @Oleshangay @MariaSTsehai Sasa wewe ni mtanzania?,[],['anger'],['surprise'],[]
swahili_text_1343_emotion_1,Toa ndani umbwaaaa,['anger'],['anger'],[],['anger']
swahili_text_4438_emotion_1,Mnachekingi ni kama nyi wote mtaenda majuu 😂😂😂,[],['joy'],['joy'],['joy']
swahili_text_687_emotion_1,Nani hajawai shinda  bet yake plae jengacash,['surprise'],['surprise'],[],['surprise']
swahili_text_5228_emotion_1,Aaah ukiona movie ina violence mob sijui nn hukufanyia kwa subconscious ukilala usiku unaona nikama ni ww una act.. It's bad.,['fear'],[],['disgust'],[]
swahili_text_5299_emotion_1,Wacha niende hivi ni come,[],[],[],[]
swahili_text_5259_emotion_1,Lakini kuscreenshot meme umetagiwa hapo chini na kurepost ni ufala topnotch   wewe malizana na huyo mtu DM bwana nkts💀,['anger'],[],"['anger', 'disgust']",['anger']
swahili_text_949_emotion_1,@Mate_Tongola 🔥🔥🔥🔥🔥🔥NDANI YAKE   MOJA YA FREDDIE McGregor IKUJEEE  #ReggeaSplash,[],['joy'],[],[]
swahili_text_4355_emotion_1,@jackndunya @BravinYuri Kwa hivyo watanzania ambao wanatumia lugha ya kiswahili watoto wao wamefungwa kwenye vijiji?,['disgust'],['surprise'],['surprise'],['surprise']
swahili_text_4864_emotion_1,Hawa wasee wa trade union wamekula L kubwa sana,[],['joy'],[],[]
swahili_text_4895_emotion_1,"Askari flani hana heshima imebidi nimwambie ukweli,ngati sana kumanina zake.","['anger', 'disgust']",['joy'],['disgust'],['disgust']
swahili_text_979_emotion_1,Na by the way hio pesa mnasave ni ya nini?,['disgust'],['surprise'],['surprise'],['surprise']
swahili_text_3337_emotion_1,Huyu jamaa wa saltbae bado anajaribu kustay relevant,['disgust'],['sadness'],[],[]
swahili_text_3851_emotion_1,hizi servers wanasema hazikuwa opened zile days za petition ama ni mimi ndo sielewi hii mambo😂😂💔,['disgust'],['surprise'],['surprise'],['surprise']
swahili_text_5134_emotion_1,Nikieza text mzee happy father's day anaeza toka keroka hadi kajiado na nyahunyo,['fear'],['fear'],['joy'],['fear']
swahili_text_4282_emotion_1,@EAukot Tuko pamoja,[],['joy'],[],[]
swahili_text_5005_emotion_1,MADAXWEYNAHA DALKA WAXAN KA CUDSANA IN ARINTAN WAX U KA QABTA WA ARIN CEEB KU AH SOMALIA IN U MADAXWEYNAHA UGANDA SAAN U UHADLA. FDLN VILLA SOMALIA WAR DEG DEG  AH HAKA SO SARTA. Fadln,[],[],[],[]
swahili_text_4479_emotion_1,Big Up @HDMwas !!! Hizo Video Noma !!!,[],[],[],[]
swahili_text_4425_emotion_1,"Ile character development service providers/vendors huchapa wasee wa procurement, wueeee wacha tu. Unakasirika then unakasirikwo 😅","['sadness', 'surprise']",['joy'],['joy'],['joy']
swahili_text_1161_emotion_1,"Hii ni kunyonywa hata sio kukamuliwa.....its bittersweet, but cha ukweli its bitter. 🤔 https://t.co/kC0PrIKHBT","['sadness', 'surprise']","['disgust', 'sadness']",['sadness'],['sadness']
swahili_text_1172_emotion_1,Acha niende fb nisake kienyeji mja safi nitulie sasa,[],[],[],[]
swahili_text_2760_emotion_1,@SakajaJohnson @Mesh_Muli @Alex_Mwakideu @fokango IKO TU SAWA,['joy'],[],[],[]
swahili_text_4186_emotion_1,"Kipera cha #AmkanaWestFm :""Kupaka Mafuta Kwa Mgongo wa Chupa "" @WestFmKenya",[],['surprise'],[],[]
swahili_text_716_emotion_1,"Sasa pia nyinyi wenye hamna stima, mnatuaffect sisi wenye tuko nayo because...tutachat na who?",['anger'],['sadness'],[],[]
swahili_text_1002_emotion_1,By why back in the day hapo shule tulikua tunapigwa tuki-fail  exams na n sisi tulikua tunafanya hio exam sio wao???,['disgust'],"['sadness', 'surprise']",['anger'],[]
swahili_text_4941_emotion_1,"In short, Njoki Chege amesema kama sio cigar, kitu mwanaume anafaa kuvuta ni mkokoteni pekee.",[],['joy'],['joy'],['joy']
swahili_text_3833_emotion_1,Mimi ukiona nimeanza game 1 nil or above ujue nimerogwa ama somebody is threatening me somewhere,['anger'],['surprise'],"['fear', 'sadness']",[]
swahili_text_2899_emotion_1,ANDIKA INSHA FUPI KUHUSU NYUMBA YAKO. 20mks.  ME:MIMI SINA NYUMBA NIMERENT,['disgust'],['surprise'],[],[]
swahili_text_5363_emotion_1,@Hot_96Kenya @IAMRAPCHA @shicoshix MEMBAH WA BOCHA BIGUP LEO NI HBD YAKE,[],[],['joy'],[]
swahili_text_3401_emotion_1,Ati dem akiachwa na jamaa mwenye doo hufeel ni kama amefutwa kazi 😂😂😂😂😂😂,['disgust'],['surprise'],['joy'],[]
swahili_text_3579_emotion_1,Ndio manzi yqko amenirudia na ukimwi ni mfanyeje wadau😂😂💔🤔,['anger'],['sadness'],['disgust'],[]
swahili_text_2616_emotion_1,"Kutoka leo ukiattack Manchester united nakublock, uki retweet anything inatroll Manchester united nakublock bado mbwa",['anger'],['anger'],['anger'],['anger']
swahili_text_4823_emotion_1,"Okay, huwa mwauliza watu ""Mko"" ndio nini sa ifanyike?😏",['surprise'],['joy'],['disgust'],[]
swahili_text_402_emotion_1,"Sasa naweza zima live that’s enough, the rest mawakili mtatuambia",['anger'],[],[],[]
swahili_text_4402_emotion_1,Before quarantine watu waliwa wanapepeta chai on Sunday mornings sa ii ni daily routine,['fear'],['surprise'],[],[]
swahili_text_5447_emotion_1,@Silvia_Wangecii He also knows ni kuchifanya anajifanya,"['anger', 'disgust', 'sadness']",[],[],[]
swahili_text_3395_emotion_1,Kama tamaa iliuwa fisi mbona fisi hawajaisha,['disgust'],['surprise'],['surprise'],['surprise']
swahili_text_5473_emotion_1,Chakula zimepikwa na valon ni tamu ajab 😁😁💀,['surprise'],['disgust'],['joy'],[]
swahili_text_3504_emotion_1,Stop complaining ni mtaro chimba iyo kitu nani  ikue mtoni😌✌️,['anger'],['disgust'],['anger'],['anger']
swahili_text_3439_emotion_1,Mlisema make up sex ni ile unamnyandua akikua na make up mob??,['disgust'],['surprise'],['disgust'],['disgust']
swahili_text_233_emotion_1,Playing from the back hukua tu blunder juu hujui ni defender yupi atasnap apoteze concentration na Ivo ndio mnafungwa,['fear'],['sadness'],['sadness'],['sadness']
swahili_text_3380_emotion_1,@Mr_K79 @kot_hacker @droid254 Wewe ni kama hujawai tembea places kama hizi. Watu hata huwa hawaonani unaongea kuhusu network,[],['surprise'],['surprise'],['surprise']
swahili_text_827_emotion_1,Yaani wewe ni caretaker na una roho mbaya ivo ??Sembuse ungekuwa landlord ?,"['anger', 'sadness']",['anger'],"['sadness', 'surprise']","['anger', 'sadness']"
swahili_text_3784_emotion_1,Jackie Maribe has shown why we should fear baby mamas. Unless there is a legal document controlling how you two behave around each other then be sure to be involved in an extreme sport.  Sazingine uanaambiwa anapeleka mtoi kuona baba yake kumbe ni fayawud anaedea,['disgust'],['sadness'],['surprise'],[]
swahili_text_1100_emotion_1,Alafu mnasema watu hawataenda kununua watoi kayole??,['disgust'],['sadness'],"['anger', 'fear', 'sadness']",['sadness']
swahili_text_4312_emotion_1,HATA MIMI HUSITA KUPATIA KONKODI NOTI IMECHAPA,['fear'],['surprise'],['fear'],['fear']
swahili_text_651_emotion_1,Mtapata taabu sana,['anger'],['sadness'],['sadness'],['sadness']
swahili_text_4116_emotion_1,Kitaani kuna tetesi mwana hapigi mechi,['surprise'],['sadness'],['sadness'],['sadness']
swahili_text_4123_emotion_1,Lmao nimepatana na Mwalimu Wangu wa Sunday school kwa local 😂😂😂😂😂,['surprise'],['joy'],['joy'],['joy']
swahili_text_2888_emotion_1,@GukenaFMKenya pamoja Sana,[],['joy'],[],[]
swahili_text_3706_emotion_1,"Kikao kinaashiria kina maswali juu yangu, hii inatokana na ndio mzee na ahadi zangu.",['disgust'],[],['sadness'],[]
swahili_text_1645_emotion_1,Kenya is a country where Ukiwa brown skin unapendwa ata Kama wewe ni mwizi,['surprise'],['surprise'],['surprise'],['surprise']
swahili_text_4918_emotion_1,@RadioCitizenFM Nashukuru Mungu kwa ulinzi na uhai niliyo nayo #Pambazuka,['joy'],[],['joy'],['joy']
swahili_text_3173_emotion_1,Wasee huwa wameengage gear kwa hizi streets aye,"['anger', 'disgust']",['surprise'],"['sadness', 'surprise']",['surprise']
swahili_text_3613_emotion_1,"@KenyanTraffic @ntsa_kenya @NPSOfficial_KE @PRSA_Roadsafety @Mbuguawacamp wtf ,,hii hata breaks iko nayo kweli?? ama wanawekanga mawe mbele",[],['sadness'],['anger'],[]
swahili_text_3142_emotion_1,"Watu skinny tumeambiwa shida zetu ni small small, zao ndio top two na ati imejaza both slots. We move regardless though.",['disgust'],['surprise'],['sadness'],[]
swahili_text_5480_emotion_1,Ama ni kwasababu hawakuinvitiwa birthday bash ndio maana wanarant?,['surprise'],"['joy', 'surprise']",['surprise'],['surprise']
swahili_text_1461_emotion_1,Alafu hasoras wakapigwa na butwa kwamba the fund sio ya Bure🤭😂😂😂,['surprise'],['joy'],['joy'],['joy']
swahili_text_938_emotion_1,@abdallasambul Shukran sana bro,['joy'],['joy'],['joy'],['joy']
swahili_text_1017_emotion_1,@jwaweruh I think wasee huwa tofauti ikifika ni hii mambo.,['anger'],['joy'],[],[]
swahili_text_2545_emotion_1,@kiramjoho @DrAlfredMutua Aliniblock kwa mambo ya kijinga Sana,"['anger', 'sadness']",[],['anger'],['anger']
swahili_text_3736_emotion_1,Kuna mtu alisema ile sa umeacha drugs ndio life hua inakupea reasons za  kutumia izo drugs,['disgust'],['surprise'],"['fear', 'sadness']",[]
swahili_text_3407_emotion_1,@arthurkwasky 🤣🤣 Pole kwa Masahibu,['sadness'],['sadness'],['sadness'],['sadness']
swahili_text_2668_emotion_1,"Btw, nkionanga sub ya Sly mimi hucheka ata siwes mention yeye.","['disgust', 'joy']",[],['joy'],['joy']
swahili_text_856_emotion_1,Nini hiyo?,['surprise'],['anger'],['surprise'],['surprise']
swahili_text_700_emotion_1,I can't imagine niki oa wife atakuwa ananipitishia nari ya kuwasha tire,['fear'],['surprise'],[],[]
swahili_text_5492_emotion_1,"Alah, UDA didn't win the Machakos senatorial seat?  Lol, hii chama ni mdomo pekee","['anger', 'surprise']",[],['disgust'],[]
swahili_text_1024_emotion_1,Jamaa aliyekuwa ameamua kujisaidia baada ya watu kwenda kanisa na kuiba maduka mjini Manyatta akamatwa na raia na kupondwa sawasawa.,['sadness'],['sadness'],[],['sadness']
swahili_text_3831_emotion_1,Leo nilijua tu lazima two rivers our brothers and sisters from eastleigh south c wajae huko traffic maaaad,['disgust'],['surprise'],['anger'],[]
swahili_text_2000_emotion_1,Mtoi anapiga sherehe alafu sasa kuna wewe https://t.co/ogwVVBdNgV,['surprise'],['surprise'],[],['surprise']
swahili_text_1794_emotion_1,Vile ni mfupi ilibidi tukate the long story short 😂😂,"['disgust', 'joy']",['joy'],['joy'],['joy']
swahili_text_751_emotion_1,Leo mtakuwa wapi tukam,[],[],[],[]
swahili_text_3456_emotion_1,Tulisema expectations ni mzuri ikiwa zero.,['disgust'],['surprise'],['joy'],[]
swahili_text_999_emotion_1,@oresi_casphine @BHusema Pamoja,[],[],[],[]
swahili_text_1124_emotion_1,Mm ata sijali hao ni kina nani but what tv is that? https://t.co/maw0XselnR,"['disgust', 'surprise']",['sadness'],['surprise'],['surprise']
swahili_text_855_emotion_1,Hio ndo kushikwa makende na mimi nilisema siwezi. https://t.co/1kMu7pq3mv,['anger'],"['disgust', 'sadness']",['disgust'],['disgust']
swahili_text_2799_emotion_1,Tuanzebe sasa ni kijana mgani huyo?,['fear'],['surprise'],[],[]
swahili_text_2455_emotion_1,@RealGich @floral_prints Maybe ni vile hawajawacha,[],[],['surprise'],[]
swahili_text_4106_emotion_1,@Ragzson kuna mwingine anaitwa no simping sijui ni nini pia,[],['sadness'],['surprise'],[]
swahili_text_2784_emotion_1,Am confused sijui ni jibambe ama nkae home niamke kama sijasota🤔,['fear'],['surprise'],['fear'],['fear']
swahili_text_1940_emotion_1,"Sasa ukini text anga your name and where you live, unataka nifanye?",['disgust'],"['joy', 'surprise']","['anger', 'surprise']",['surprise']
swahili_text_220_emotion_1,Lmaoo hiyo pic ni ya who?,['surprise'],['surprise'],['surprise'],['surprise']
swahili_text_2962_emotion_1,Kuna mechi inakaa,[],[],[],[]
swahili_text_2701_emotion_1,@__mghetto @Hylinee2 Hawa ni wale wanapewa kiss manze anaenda rehidration,['surprise'],['joy'],['anger'],[]
swahili_text_2907_emotion_1,@1mwawa 😂 Labda ni msee ananijua alikuwa anadai kunigotea maze,['anger'],['joy'],['joy'],['joy']
swahili_text_930_emotion_1,"I want one of those Thailand ladies, shida yao ni huwa wameboeka kila saa buh they seam great when gerrrin it!!",['joy'],['surprise'],['surprise'],['surprise']
swahili_text_3150_emotion_1,@_the_lionesss Iko kitu mnaweza piga ni kelele tu,['sadness'],['fear'],[],[]
swahili_text_3137_emotion_1,@POKO_T_69 @B3laze Haha siwezi mimi ni vile najua a drowning man akikuwahi heri wewe huende yeye asave,"['anger', 'disgust']",['surprise'],[],[]
swahili_text_2646_emotion_1,Sasa kenyans tumekuwa wa kubebwa ufala si hata 2017 walikuwa wameishusha hadi 80bob after election they reverted it to 120??,"['anger', 'disgust', 'sadness']",['surprise'],"['anger', 'disgust']","['anger', 'disgust']"
swahili_text_4803_emotion_1,unfortunately sai ni mchana apa Australia nimeona watu wanasema its almost midnight in Kenya 😎watu wakulane Kenya morning glory ama ni Saa ngapi wadau,[],['joy'],['joy'],['joy']
swahili_text_2795_emotion_1,Wacha nitoe location on naweza kujiwa na watu huku buana,['fear'],['fear'],['fear'],['fear']
swahili_text_5346_emotion_1,@Kimathi__ Yeah hapo ndio nimecheka yangu yote. But hio harassment ni noma. Four women hata hawezi hepa woi,"['fear', 'surprise']",[],['joy'],[]
swahili_text_3452_emotion_1,Sasa mwenye a nafanya wedding sarto a Nafeel aje saai?,['fear'],['joy'],['surprise'],[]
swahili_text_4370_emotion_1,"Siku yenye sibet ndo watu wanakula, what sort of fuckery is this","['anger', 'sadness']",['sadness'],['anger'],"['anger', 'sadness']"
swahili_text_2317_emotion_1,"Wadosi humistreat their juniors wengine ata ni wivu anaona huenda utampita ,idiats,thick https://t.co/YBSKSBq9q7 bado tunawapita tu juu ukiwa na hiyo roho chafu hakuna mahali mbali utaenda","['disgust', 'sadness']",[],['anger'],[]
swahili_text_3730_emotion_1,mwenye alikuja na hii idea ya liquid screen protector anafaa kushikwa na awe charged na fraud,['anger'],['anger'],['anger'],['anger']
swahili_text_2392_emotion_1,Huyo dermatologist amesema tatoo ni disorder siiet,['sadness'],[],['disgust'],[]
swahili_text_4126_emotion_1,Kuna take away cat inachukuliwa next week na ata sijui swali,['surprise'],[],[],[]
swahili_text_2976_emotion_1,@MuneneOfficial Ntapotea Aje Nkiwa Hapa kwa Bedsitter. SmH,[],['surprise'],"['anger', 'surprise']",['surprise']
swahili_text_3731_emotion_1,Hayati ni ya matajiri hio yako ni marehemu infact wewe ni mfu 😂😂😂💔,['anger'],['surprise'],['sadness'],[]
swahili_text_3651_emotion_1,Asante Mungu Baba kwa kipaji cha uhai.,['joy'],['joy'],['joy'],['joy']
swahili_text_239_emotion_1,@QwetuRadio @DorahManya #QwetuJumapili Mtetezi wangu Nakuitaji Karibu Kwangu @Kavosa_bena @gladiouh,[],['joy'],[],[]
swahili_text_3948_emotion_1,@kipmurkomen sasa hii harambee stars inataka kupelekwa world cup mara ngapi ndio ianze kuchapa mtu?,['anger'],['sadness'],['anger'],['anger']
swahili_text_5495_emotion_1,Nini usumbua huyu mwanaume ....Monica akitajwa anafikiriaga ni yeye,"['anger', 'surprise']",[],"['disgust', 'surprise']",['surprise']
swahili_text_2466_emotion_1,Ikifika stage unaachwa na hushtuki jua wewe ni malaya,['surprise'],['anger'],['sadness'],[]
swahili_text_1533_emotion_1,@Kimuzi_ Naambiwa ni hii whatsapp gb sijui anga gani hio,[],[],[],[]
swahili_text_1251_emotion_1,Mimebakisha kula tu mkale bana halafu ni settle down,[],['joy'],[],[]
swahili_text_5400_emotion_1,Mlisema shetani anakaa aje juu hapa nikoo na manzi mwimgine mrembo ajab  walai hadi namshuku,['surprise'],['joy'],['joy'],['joy']
swahili_text_4119_emotion_1,Kuna siku nimewai jifanya nimekufa ndio mzae anibuyie maziwa pale tao ile ukwaju nilipewa sijawai fikiria ata kulala kando ya mzae,['sadness'],['disgust'],['surprise'],[]
swahili_text_108_emotion_1,Mimi nishaqiri kwamba hiyo bao ni kali,['disgust'],[],['joy'],[]
swahili_text_601_emotion_1,@harnie_black 😂😂😂but si wewe ni friend unaelewa ?,['surprise'],['joy'],[],[]
swahili_text_2422_emotion_1,@Greatness_tupu Vibaya sana na niingize mkia katikati ka miguu,['fear'],['disgust'],['fear'],['fear']
swahili_text_5085_emotion_1,But kukuwa obsessed na celebrities ushinde ukipost mambo zao nayo hio ni weakness na upuzii!,['anger'],['anger'],['disgust'],['anger']
swahili_text_1861_emotion_1,"@Realshiinski Now, nownow,  which is which,  hapo juu mwingine amesema  kamaunatumia dark mode wewe ni mchawi alafu sasa kuna wewe unasema kama sio dark mode mtu ni monster",['surprise'],[],[],[]
swahili_text_4798_emotion_1,Lakini wengine wenu hughostiwa juu ya terrible game lakini in your heads it was fire hahahaha,['surprise'],['joy'],"['disgust', 'joy']",['joy']
swahili_text_1381_emotion_1,Wanakuanga sawa hawa watu?,"['disgust', 'surprise']",['anger'],['anger'],['anger']
swahili_text_79_emotion_1,Si ufagie tu kwako na ufurahie maisha 😅,['joy'],['joy'],['surprise'],['joy']
swahili_text_920_emotion_1,Mtu amefanya job alafu mnabehave ni kama ni favour mnawafanyia smh,['anger'],['anger'],"['anger', 'sadness']",['anger']
swahili_text_3938_emotion_1,Nini ii inaitwa badoo?,['surprise'],['anger'],['surprise'],['surprise']
swahili_text_3259_emotion_1,Nani uyo amechapwa sasa?,"['fear', 'sadness']",['sadness'],['surprise'],['sadness']
swahili_text_3659_emotion_1,"@ntvkenya @janengoiri @nimrodtaabu Shukrani kwa makala ya haki,Wakenya wasio na hatia kusumbuliwa huku na huku http://t.co/LTMIqhfwcu",['joy'],['anger'],"['anger', 'disgust']",['anger']
swahili_text_985_emotion_1,"Sawa, mtakua gay activists hadi ike siku ur son walks into ur house hand in hand with another nigga as the better half..",['disgust'],"['disgust', 'sadness']",['disgust'],['disgust']
swahili_text_4926_emotion_1,@AfyaCentreCrew @sagittarius2090 Hii gender ni apana tambua,[],[],[],[]
swahili_text_3198_emotion_1,"Kwa Atwoli kesho hata haikuagi Labour day yeye huiona tu kama ""Pay Increase day"" all the same ni holiday kwetu hio ndio importanter",['disgust'],['joy'],['joy'],['joy']
swahili_text_1515_emotion_1,Mbona hujaolewa ??eeeh ni wewe nauliza .,['anger'],['anger'],['surprise'],['anger']
swahili_text_1140_emotion_1,@DorahManya  #QwetuJumapili KAWANGWARE MLANGO SOKO TUKO NDANI NA TUNABARIKIWA,[],[],['joy'],[]
swahili_text_2758_emotion_1,But hawa riders wa @SafeBoda si ma time wanaeza chokesha mtu 😤,['anger'],['sadness'],['anger'],['anger']
swahili_text_3886_emotion_1,Kwani huku twitter hunnies mmetappiwa nyinyi nyote?,['surprise'],['surprise'],['surprise'],['surprise']
swahili_text_2214_emotion_1,In a mat n the discussion on ghetto radio makes u agree masomo kidogo ni mbaya,['sadness'],[],[],[]
swahili_text_5430_emotion_1,Kuna wenye wako awake wakitweet from sitting room ndio tudhani wako raev,[],['joy'],['disgust'],[]
swahili_text_1439_emotion_1,@KapsabetWater maji Safi kwa wote,[],[],[],[]
swahili_text_2529_emotion_1,"Huyo anakula wine na mandas, 'Wine Twitter' mnasemaje hiyo maneno?",[],['surprise'],['disgust'],[]
swahili_text_5106_emotion_1,Unadate aje dem aliruka stage ya hips broadening ile ya adolescence man....si atakuruka pia😅😅,['disgust'],['joy'],['joy'],['joy']
swahili_text_4100_emotion_1,@GOtvKenya ....hi 423 ni wizi ama vp?nimelipa na bado natolewa pesa kimpango tu,['surprise'],['sadness'],['surprise'],['surprise']
swahili_text_3055_emotion_1,Tunafika moja kwa moja hadi signal Iduna Park,[],['joy'],['joy'],['joy']
swahili_text_3956_emotion_1,Oya oya watu wakudeportiwa mko ready? Haswa wenye walikuwa wanifanyie discovery huko Swaziland.,['anger'],['surprise'],['surprise'],['surprise']
swahili_text_612_emotion_1,Hata watu wa jua kali huoga asubuhi hahhaa,['surprise'],['joy'],['joy'],['joy']
swahili_text_4038_emotion_1,@inooroke pamoja sana njuri guku Gituamba Gatundu North,[],[],[],[]
swahili_text_5142_emotion_1,Hao ni wale wamezoea za free rape my foot,"['anger', 'disgust']",['disgust'],['disgust'],['disgust']
swahili_text_923_emotion_1,Wasee hulive by hand to mouth hawana anything to save. Ata mkiawaambia wasave pesa kidogo Hua wanashangaa mnawaambia nini,['sadness'],['surprise'],"['sadness', 'surprise']","['sadness', 'surprise']"
swahili_text_3316_emotion_1,Huyu ni mimi mnalenga hivi!,['anger'],['sadness'],['surprise'],[]
swahili_text_4533_emotion_1,Hii thread enyewe imenishow sio mimi pekee hupitia shida.. https://t.co/kzylYhrkvf,[],['joy'],['sadness'],[]
swahili_text_2677_emotion_1,hawa watu hupenda mawe,[],['surprise'],['disgust'],[]
swahili_text_3604_emotion_1,"MAPENZI KIZUNGUZUNGU : Je, Ni sawa Mume au Mke kuwa na PIN ya simu ya Mwenzake?   #QwetuSebuleni #KaribuNyumbani 📻 https://t.co/anTO8IJn71",[],[],[],[]
swahili_text_2767_emotion_1,Kirima family watakuwa vizuri gava ikibuy hizo ploti za ngara,[],['joy'],['joy'],['joy']
swahili_text_5144_emotion_1,Lakini hawa watu hulipa mtu tip ya thao alafu wanakuambia ununue soda huwa wanatubeba ufala sana,"['anger', 'disgust', 'sadness']",['anger'],['disgust'],"['anger', 'disgust']"
swahili_text_1964_emotion_1,@RizzBee Lakin hii Nairobi si mtu anaeza end up ameninyonga nikakufa?,['surprise'],"['fear', 'surprise']",['fear'],"['surprise', 'fear']"
swahili_text_2908_emotion_1,Nilijificha nikaenda kudishi samosa peke yangu nisishare na mtu now my stomach wants to end me 😭😭😭,"['anger', 'sadness']",['sadness'],"['anger', 'sadness']","['anger', 'sadness']"
swahili_text_1034_emotion_1,Hawa watu wengine wanasema hawawezi peana job juu ya Twitter na labda yeye hufanya kazi ya kufagia,['anger'],['surprise'],['sadness'],[]
swahili_text_649_emotion_1,Jeff anasema ati akipewa wet wipe anaweza anaweza reset face ya nani?,['surprise'],['surprise'],[],['surprise']
swahili_text_1186_emotion_1,Asante mungu kwa afya na pumzi @FredMuitiriri @faithmwende20 @EdwinOkwara @Mosseh4 @BabuTimnah @faithlovelyvata #Safari,['joy'],[],['joy'],['joy']
swahili_text_113_emotion_1,Iron chapos ni nani ama ni ule dem ako na forehead kubwa akiangalia juu haraka anaweza iona 😂🤣,['disgust'],['disgust'],[],['disgust']
swahili_text_2200_emotion_1,Kuna watu wataanza kuitisha hizo masks za corona na retweets!,['sadness'],['joy'],[],[]
swahili_text_1987_emotion_1,@realkomrade @kijana_ghetto Wajinga wengine wanajifanyaga ni kama hawapati information alafu wana lose,['anger'],[],['anger'],['anger']
swahili_text_4289_emotion_1,@PhillipMacloud 😂😂😂nimekimbiza kuku for 20mins naambiwa huyo ni wa nyanya na anataga niachilie nishike mwengine mwenye amekataa kitaga😂😂,['sadness'],['surprise'],['joy'],[]
swahili_text_1048_emotion_1,Hii Nairobi nimelipa parking twice after kamjo wamenifumania wakapark vyenye siwezi hepa 😂😂😂,['disgust'],['surprise'],"['joy', 'surprise']",['surprise']
swahili_text_4861_emotion_1,When ukambani politicians say Alfred Mutua has done nothing wish mnaweza fika huku kwetu,['surprise'],[],['disgust'],[]
swahili_text_330_emotion_1,Wamenitroll wadau ety formula nko mayo solo ni dental formula 💔💔😒,['disgust'],['sadness'],['sadness'],['sadness']
swahili_text_4404_emotion_1,@deejayruffkut @DonaldBKipkorir Haha vitu hawkers wana uza tao hivyo ndio wana zi make,['joy'],['surprise'],['surprise'],['surprise']
swahili_text_2492_emotion_1,"Nimekuwa addict wa maziwa mala... And the worst part is, laazima bado nikunywe a whole packet of Normal milk.",[],['surprise'],['sadness'],[]
swahili_text_1718_emotion_1,@Milele_FM Sitafinyika tena Mungu ameniona #BarakaZaMilele,[],[],['joy'],[]
swahili_text_4078_emotion_1,@C_SOI @R_SOI Pole sana CATHERINE,['sadness'],['sadness'],['sadness'],['sadness']
swahili_text_2581_emotion_1,"@lillian_owinga Mlisema Ruto ni mwizi who's laughing now, hata Kidero mtamsujudia tu hivi karibuni",[],[],['joy'],[]
swahili_text_5094_emotion_1,Jamaa wa growth hormone anatafutiwa hasaidiki,['disgust'],[],[],[]
swahili_text_2142_emotion_1,"Bae wangu akikutext mpige block bana,ni huyo tu sina mwingine 😂😂😂💔",['fear'],['joy'],"['fear', 'joy']","['fear', 'joy']"
swahili_text_1322_emotion_1,mayb safcom hua wananunua internet yao from airtel alafu wanatuuzia ndo wamake profit,"['disgust', 'sadness', 'surprise']","['disgust', 'joy']","['joy', 'surprise']","['disgust', 'surprise', 'joy']"
swahili_text_2595_emotion_1,"Tangu nisikie siz yangu akiambia mtu wake ati ""I can kill my family because of you beb"" siku hizi nalalanga na panga just in case.😂😂😂",['fear'],['joy'],"['fear', 'joy']","['fear', 'joy']"
