text_id,text,annotator_1,annotator_2,annotator_3,label
darija_text_899_emotion_1,مدججون بالسيوف بفاس نوضوها شفرة,['surprise'],['fear'],['fear'],['fear']
darija_text_2670_emotion_1,وفاة رائدة العمل الإنساني فالصحرا مديرة مكتب الهلال الأحمر فالعيون,['sadness'],['sadness'],['sadness'],['sadness']
darija_text_2084_emotion_1,تعاون كبير بين المغرب ومجلس أوروبا فمجال مكافحة تبييض الفلوس وتمويل الإرهاب والاتجار فالبشر,[],['joy'],[],[]
darija_text_717_emotion_1,نينا بانون ماتت. صحافية بدات فاذاعة طنجة فالخمسينات,['sadness'],['sadness'],['sadness'],['sadness']
darija_text_727_emotion_1,دخل الحكومة بشعارات التغيير لكنهم أفسد كل شيء حان وقت الرحيل و المغادرة,['anger'],['anger'],['anger'],['anger']
darija_text_1210_emotion_1,الرميد يذكر بالخمسة بضوابط التجمهر. قال بأن حرية ممارسته ماشي مطلقة ومكتعنيش الفوضى,[],[],['anger'],[]
darija_text_1854_emotion_1,كبور ولحبيب 2. ها الفرقة الجديدة وها المخرج وها مول الشكارة =صورة,[],[],[],[]
darija_text_1590_emotion_1,الوفا عقد شباط. الامين العام للاستقلال لا يفوت فرصة للهجوم عليه وصفه في اخر هجوم بـ”العبد المطيع لبنكيران,['anger'],['surprise'],['anger'],['anger']
darija_text_1600_emotion_1,b7ala chftiha b3eynik hadi wa7d sata kant tadwi fl mosawat w kda w t9et3atsowlat wa7d sat wch 3ndk garro galliha kayn marquise gatlih oh merde,"['disgust', 'surprise']",['surprise'],['surprise'],['surprise']
darija_text_1375_emotion_1,"“ال ناثيونال” : المغرب طرد ناشطين صبليونيين كانو باغين يتلاقاو مع الانفصالية سلطانة خيا,",['surprise'],['surprise'],[],['surprise']
darija_text_1557_emotion_1,مطلوبون في قضايا جنائية خطيرة يتصدرون قائمة المرشحين للانتخابات,['surprise'],"['anger', 'disgust', 'surprise']",['surprise'],['surprise']
darija_text_777_emotion_1,"ولا انا متحزب ولكن حزب العدالة """""""""""""""" بنكيران"""""""""""""""" أخبت خلق الله",['anger'],['anger'],['anger'],['anger']
darija_text_724_emotion_1,سكوب…مستجدات جديدة في قضية أصغر رئيسة جماعة,[],[],[],[]
darija_text_432_emotion_1,الريسوني ماقادرش يوقف فالمحاكمة وحالتو صعيبة بسباب إضرابو على الماكلة.. والدفاع تقدم مرة اخرى بطلب إطلاق سراحو,['surprise'],['sadness'],['sadness'],['sadness']
darija_text_517_emotion_1,chi wehdin ybano ghi f chofo m3ana had lmo9abala min jito jito beda 3awno m3a f teswiit wela tedkhlo ghi 3la hsab lmeslaha,['anger'],['anger'],['anger'],['anger']
darija_text_1143_emotion_1,"بوريل : موقف الحكومة الاسبانية لا يتعارض مع قرارت الامم المتحدة والاتحاد الاوروبي,",[],[],[],[]
darija_text_1385_emotion_1,واش كازا غادة نحو الدخول لمرحلة وبائية خطيرة؟ مقرات مهنية تسدات بعد تسجيل حالات إصابة بالفيروس وسط العاملين بها,"['fear', 'sadness']",['sadness'],"['fear', 'sadness']","['fear', 'sadness']"
darija_text_2587_emotion_1,ديما هو آخر من يعلم. العثماني مكانش فراسو إحداث وزارة للشؤون الخارجية,['surprise'],['anger'],['anger'],['anger']
darija_text_826_emotion_1,مغربي مات فالفيضان لي ضرب مورسيا (فيديو صادم للفيضان),['sadness'],"['fear', 'sadness']",['sadness'],['sadness']
darija_text_243_emotion_1,الريسوني دخل فإضراب على الماكلة ابتداء من اليوم,"['anger', 'sadness']",['sadness'],['sadness'],['sadness']
darija_text_1419_emotion_1,أدعي الله عز وجل ان لا يحرمك من رؤيته هو الملك الحق أما محمد السادس ليس الا بشر مثلك,['joy'],['surprise'],['anger'],[]
darija_text_1899_emotion_1,المغرب غادي يستافد من معدات جديدة لمحاربة الحريگ بتمويل من الاتحاد الأوروبي,['joy'],['joy'],[],['joy']
darija_text_2439_emotion_1,المغرب حطم الروكور فالموت بكورونا اليوم. 43 مغربي ومغربية ماتو و1191 تصابو و1327 تشافاو.. الطوطال 1184 وفاة و63781 مصاب و48922 حالة شفاء. و13675 كيتعالجو منهم 198 فحالة خطيرة,"['fear', 'sadness', 'surprise']","['fear', 'sadness']","['fear', 'sadness']","['fear', 'sadness']"
darija_text_2463_emotion_1,كَاد المالح: ماعنديش الجنسية الفرنسية.. وجراو عليا 8 ديال المدارس فالمغرب!,['surprise'],[],"['anger', 'sadness']",[]
darija_text_2054_emotion_1,انعدام “السيولة”فالگيشيات دالبنكات جر بنشعبون للمساءلة البرلمانية,[],"['sadness', 'surprise']",[],[]
darija_text_1249_emotion_1,قلق متزايد بالداخلية من استمرار الاحتجاجات في الريف,['fear'],"['fear', 'sadness']",['fear'],['fear']
darija_text_2195_emotion_1,شاعلة ف جمعية الأعمال الاجتماعية لموظفي مجلس المستشارين ونايضة استقالات,['anger'],['surprise'],"['anger', 'surprise']","['anger', 'surprise']"
darija_text_295_emotion_1,اللجنة الوطنية لمواكبة إصلاح التعليم: خاص الإسراع بتنزيل مقتضيات قانون الإطار,[],['joy'],['sadness'],[]
darija_text_677_emotion_1,محمد صالح نجم ليفربول جاي للمغرب.. وها علاش,[],[],[],[]
darija_text_1780_emotion_1,والي العيون يبدع اسلوبا لمحاربة البطالة : أبناء الصحراء يدخلون سوق العمل بقطاع الصيد التقليدي,['surprise'],['joy'],['joy'],['joy']
darija_text_1098_emotion_1,تعطيل الحوار الثلاثي ماعاجبش ال”سي دي تي”: غادي نواصلو مواجهة كل التراجعات الحقوقية والاجتماعية,['anger'],['anger'],['anger'],['anger']
darija_text_1684_emotion_1,أسعار المحروقات شعلات مواجهة كبيرة بين العدالة والتنمية والبام بمجلس النواب,['anger'],['sadness'],[],[]
darija_text_2452_emotion_1,نواب البيجيدي بالشرق يطالبون بلجنة تقصي الحقائق حول إحداث جرادة ويساءلون لفتيت,['anger'],[],[],[]
darija_text_2418_emotion_1,@user @user ........https://t.co/sJOnDagYqZ nakhjal ?? aha hada rah lmaghrib ya 3anza !! blad li mat7elmoch tweslo liha wa chokran,"['anger', 'joy']",['anger'],['anger'],['anger']
darija_text_462_emotion_1,اختلاسات مالية تهز مندوبية المياه والغاب­ات وها التفاصيل ديال­ها,"['sadness', 'surprise']","['sadness', 'surprise']",['surprise'],"['sadness', 'surprise']"
darija_text_266_emotion_1,تحية لناس الحسيمة المغاربة الحرار,['joy'],['joy'],['joy'],['joy']
darija_text_1685_emotion_1,إننا في زمن الخرافات وكأن الإنسان الذي يسمع ويرى الهرج المرضي الذي يروجه هذا المتاجر بخزعبلاته استغلالا لسذاجة الكثيرين والذين لا يعرفون مفهوم التدين الا في نسخته الداعشية.',['anger'],['sadness'],['anger'],['anger']
darija_text_1110_emotion_1,تعاون تجاري واقتصادي جديد جاي فالطريق بين المغرب والسعودية,['joy'],[],[],[]
darija_text_1969_emotion_1,ها 2 رجالات القذافي للي خرجو على ساركوزي ووصلوه للاعتقال والمحاكمة. واحد تقتل ولاخر مضروب بجوج قرطاسات فكرشو,['surprise'],"['fear', 'sadness']","['fear', 'sadness']","['fear', 'sadness']"
darija_text_1488_emotion_1,البوليساريو رفعات دعوى قضائية ضد صندوق الإستثمار النيوزلندي بسباب فوسفاط الصحرا,['anger'],['surprise'],['surprise'],['surprise']
darija_text_195_emotion_1,أسئلة سخيفة يستغلون بها الضعفاء تساله مارايه فيمن تضع العدسات سؤال بليد لشخص يفتقر لابسط الاشياء و هو العيش الكريم',['anger'],"['disgust', 'sadness']","['anger', 'disgust']","['anger', 'disgust']"
darija_text_1291_emotion_1,سعد لمجرد كيتفاعل بالقلوبة مع الفنانين وملتزم الصمت تنفيذا لتعليمات المحامي ديالو,"['joy', 'sadness']",['sadness'],['joy'],"['joy', 'sadness']"
darija_text_78_emotion_1,شبكة للابتزاز الجنسي عبر الفايسبوك تثير الرعب وسط تلميذات بالبيضاء,"['disgust', 'fear', 'sadness']",['fear'],"['disgust', 'fear']","['disgust', 'fear']"
darija_text_1956_emotion_1,من مدينة بركان نقدم تعازينا الى أهل الفقيد والى اهل الحسيمة إن لله وإن إليه راجعون كلنا محسن فكري,['disgust'],['sadness'],['sadness'],['sadness']
darija_text_1974_emotion_1,ان لله وان اليه راجعون ولا حول ولاقوة الابالله العلي العظيم',['sadness'],['sadness'],['sadness'],['sadness']
darija_text_319_emotion_1,عدوزة دنيا باطما ورقتها.. كاع داكشي لي بان فروبورتاج دوزيم غير كذوب (فيديو),['anger'],"['disgust', 'surprise']",['anger'],['anger']
darija_text_2229_emotion_1,yemkan ma baghachi sol7 ana hdartlek 3la hadok li ma3andomchi prbl o ana ma3andich mochkil m3a ihab 3andi m3a hadok li,['anger'],[],['anger'],['anger']
darija_text_761_emotion_1,machi tbe3d niit hit houa li baghi liha lkhir tema mais dir lhodod safi,[],[],[],[]
darija_text_1440_emotion_1,فزمان كورونا.. المغرب هو ثاني أفضل وجهة عند البلجيكيين,[],['joy'],['joy'],['joy']
darija_text_1937_emotion_1,حصيلة كسيدة مغاربة أوكرانيا ارتفعات لـ4 قتلى.. طالبة من الجرحى ماتت اليوم,"['fear', 'sadness']",['sadness'],['sadness'],['sadness']
darija_text_2474_emotion_1,بروكَرام مشارجي عند الحكومة هاد السيمانة.. فيه عرض على الخطة الوطنية للديمقراطية وحقوق الإنسان وقوانين الإنتخابات,[],[],[],[]
darija_text_2073_emotion_1,موظفي الداخلية طلع ليهوم الجوك. ها شحال رقى حصاد بوزارته,"['joy', 'surprise']",['joy'],[],['joy']
darija_text_1807_emotion_1,شحال عطاك بنكيران,[],['surprise'],"['anger', 'disgust']",[]
darija_text_630_emotion_1,ضاعو دوك 41 مساكن😂😂,['joy'],['joy'],['sadness'],['joy']
darija_text_1651_emotion_1,@user AY HAJA TJI M3AKOM WKHOSOUSAN ILA KAN FIHA HARF L9AF :D,"['anger', 'joy']",['disgust'],['joy'],['joy']
darija_text_112_emotion_1,تحالف الأغلبية وحزب الاستقلال حيد الأمازيغية ف الفلوس,['surprise'],[],[],[]
darija_text_2164_emotion_1,الحب والبضاض.. راجل ومراتو عاشو مع بعضهم 65 عام وماتو في نهار واحد,['joy'],['disgust'],['sadness'],[]
darija_text_2191_emotion_1,@user @user ya 5iti 3la ghzala lay7miha 7biba,['joy'],['joy'],['joy'],['joy']
darija_text_1075_emotion_1,rah ghalet ghalt f l3onwan yemchi y9elb fjiha khora,['anger'],[],['anger'],['anger']
darija_text_626_emotion_1,لائحة أغنى رجال الأعمال ف إفريقيا لسنة 2018 وفيهم جوج مغاربة,[],[],['surprise'],[]
darija_text_2162_emotion_1,"الأسعار دايرا الگرون فكولشي.. وزير التجهيز: مواد البني تزادت بزاف بسبب تكاليف النقل,",['anger'],"['anger', 'sadness']",['anger'],['anger']
darija_text_1108_emotion_1,اش واقع اليوم : حصيلة هاد النهار من الجرائم و الحوادث,['surprise'],[],[],[]
darija_text_680_emotion_1,واش هو طرد او اعادة. الصبليون اجلوا ترحيل 200 مغربي من سبتة حقاش السلطات المغربية ماعطاتهومش الترخيص,[],['sadness'],[],[]
darija_text_2647_emotion_1,عقلية اجرامية بامتياز باد الامن الأمان,[],"['anger', 'fear']",['anger'],['anger']
darija_text_689_emotion_1,الحب.. جون ترافولتا احتفل بذكرى وفاة مراتو كيلي بريستون بالشطيح مع بنتهم -فيديو,['joy'],['joy'],"['joy', 'sadness']",['joy']
darija_text_2063_emotion_1,لفتيت دخل فبلوكاج جهة وادي نون وها شكون استدعى,[],['surprise'],[],[]
darija_text_2442_emotion_1,عمل يليق بالحمامة البيضاء 💕💞💗﻿ ',['joy'],['joy'],['joy'],['joy']
darija_text_1237_emotion_1,غير هادي خاصو يمشي عليها الحبس، واش هاد الكيدار كان تيهضر بصفتو رئيس حكومة و لا مرشح!!!؟,"['anger', 'surprise']",['anger'],['anger'],['anger']
darija_text_2231_emotion_1,دفاع بوعشرين. تهمة الاتجار بالبشر ماكايناش فالمشتكيات,['surprise'],[],[],[]
darija_text_1298_emotion_1,التكناوتي: كنشكر الوداديين على دعمهم وغادي نديرو شي حاجة هاد المرة فالمونديال,['joy'],['joy'],['joy'],['joy']
darija_text_465_emotion_1,تبرعات بالملاين لترميم نوتردام باريس.. ومن بين المساهمين “ابل” و توتال” و”لوريال”,[],['joy'],['surprise'],[]
darija_text_2012_emotion_1,نبيلة منيب هي لبيدها الحل [[PHOTO]],[],['joy'],[],[]
darija_text_218_emotion_1,أديداس تفارقات مع الجزائر من بعد فضيحة الزليج ديال المغرب,['surprise'],['joy'],['surprise'],['surprise']
darija_text_686_emotion_1,اكثر من مجرد نادي',[],['joy'],[],[]
darija_text_993_emotion_1,وا الأساتذة : مزيان تبينو مجهوداتكم ف القسم ولكن حذار من تصوير الأطفال و نشر صورهم بلا ترخيص,['anger'],[],"['anger', 'fear']",['anger']
darija_text_1638_emotion_1,ou wahed lhaja omggg daba ana je parle pas souvent a aym ou hua kan baghi iakhed dftari while knt kan3red l9or2an ou ou 3iyet,['surprise'],['joy'],[],[]
darija_text_2250_emotion_1,wayeh ta ana hadchi li ban li,[],[],[],[]
darija_text_2014_emotion_1,khasna rabho matchat kamlin daba ana m3awal 3la ziyach 🙏🏻🙏🏻🙏🏻🙏🏻,"['fear', 'joy']",['joy'],['joy'],['joy']
darija_text_1466_emotion_1,شارل سان برو: رد الفعل الجزائري على تقرير البنك الدولي كيخفي حالة الإفلاس الشاملة,[],['sadness'],['sadness'],['sadness']
darija_text_2486_emotion_1,أرشيف. وزير دفاع الدزاير السابق خالد نزار: بوضياف كان مع مغربية الصحراء- فيديو,[],[],[],[]
darija_text_2180_emotion_1,شكرا أخي الخبر تم نشره صباح اليوم',['joy'],[],['joy'],['joy']
darija_text_2462_emotion_1,هدا شئ فاش حدكين يالعرب شوفو الفلسطنين قبل خيول',['anger'],['sadness'],['anger'],['anger']
darija_text_2130_emotion_1,الحبس ل «زعيم» المتربصين بالملك بتطوان,[],[],[],[]
darija_text_253_emotion_1,تحية نضالية للدكتورة نبيلة منيب,['joy'],['joy'],['joy'],['joy']
darija_text_921_emotion_1,هاد تلفونات مغاديش يبقا فيها الواتساب خدام ف 2021,[],[],[],[]
darija_text_1065_emotion_1,غوغل يكشف جريمة قتل. دارت بحث على طريقة القتل بدون انكشاف والبوليس حصلها,['surprise'],['fear'],['surprise'],['surprise']
darija_text_1008_emotion_1,ntoumma dimane l a9wa ou ghadine tb9aw ntoumal a9wa,[],[],['joy'],[]
darija_text_919_emotion_1,يخطو بثبات هذا اللاعب ♥♥ انا متاكد سيكون له شان كبير .',['joy'],[],['joy'],['joy']
darija_text_1330_emotion_1,الإتحاد الإشتراكي ربح مقعد المستشارين بفارق هربان على العدالة والتنمية,['joy'],['joy'],['joy'],['joy']
darija_text_1873_emotion_1,فضيحة عاود ففاس.. شريط جنسي ديال طالبة داير روينة فالواتساب,['surprise'],['surprise'],['surprise'],['surprise']
darija_text_1002_emotion_1,حميد شباط اكبر مفسد في المغرب و حتا خارجه      كفاكم نفاق,['anger'],['anger'],['anger'],['anger']
darija_text_2661_emotion_1,الامازيغ اول المعزين للرئيس الفرنسي بعد الملك محمد السادس,[],[],[],[]
darija_text_1540_emotion_1,خبر زوين.. أول حالة تشفات من كورونا بجهة العيون وغادي يغادر المستشفى,"['joy', 'surprise']",['joy'],['joy'],['joy']
darija_text_2091_emotion_1,أمريكية مابغاش ينعس معاها صاحبها وهي تسلخو – صورة,['surprise'],['surprise'],['surprise'],['surprise']
darija_text_924_emotion_1,آمين نتمنا الحكومة تاخد حق المضلوم مشي تضلام,['anger'],[],"['anger', 'sadness']",['anger']
darija_text_475_emotion_1,بعد خسارة رئاسة الحكومة و خسارة الامانة العامة للحزب، نعلن رسميا نهاية مرحلة بن كيران السيئة',"['anger', 'sadness']",['joy'],['joy'],['joy']
darija_text_1947_emotion_1,nta li wa3r a khoya,['joy'],"['anger', 'disgust']",[],[]
darija_text_1827_emotion_1,ملايرية فكازا قالو للدولة طز فيك ودارو ما بغاو وجابوها فريوسهم. تقدمو اليوم بعد ما تحداو كلشي,['anger'],['surprise'],['anger'],['anger']
darija_text_213_emotion_1,الأرسنال بدا فالمفاوضات مع زياش.. دا صن: مدرب المدفعجية معجب بنجم الأسود,['surprise'],['joy'],['joy'],['joy']
darija_text_696_emotion_1,النكليز قهرو السويد وتأهلو للنصف النهاية لي غابو عليها من 1990,"['joy', 'surprise']",['joy'],['joy'],['joy']
darija_text_1362_emotion_1,تطورات جديدة في الاعتداء الوحشي على شاب فكلميم وطلب فدية من عائلته,"['fear', 'sadness']","['anger', 'fear']",['fear'],['fear']
darija_text_1168_emotion_1,جديد زواج المغربيات بالسواعدة: خاص السعودي مايكونش عندو سوابق والمرا تكون موافقة !!,['surprise'],['surprise'],[],['surprise']
darija_text_323_emotion_1,مزال نايضة على تعديل النظام الداخلي لتمكين لشكَر من ولاية ثالثة فقيادة الاتحاد الاشتراكي.. بنعتيق: هادي خروقات كتمس بمصداقية التوجاد لمؤتمر الحزب,['anger'],['surprise'],[],[]
darija_text_2161_emotion_1,@user had nemra kharjatni f Kansas,[],[],[],[]
darija_text_15_emotion_1,عامين دالحبس للشابين لي صورو البشير السكيرج والتهمة « السرقة »,"['fear', 'sadness', 'surprise']",['joy'],['surprise'],['surprise']
darija_text_679_emotion_1,المنشورات كيف مكان نوعها فقط التضامن مع محسن فكري الله يرحمو برحمته ويصبر أهله بارب,['sadness'],['sadness'],['sadness'],['sadness']
darija_text_1354_emotion_1,ها شحال عطات الوداد فمراد باتنة,[],['joy'],[],[]
darija_text_2171_emotion_1,حكيمي فرحان قبل ما يمشي مع الريال لموندياليتو,['joy'],['joy'],['joy'],['joy']
darija_text_2560_emotion_1,الوداد مهدد بفقدان قطبي دفاعه الموسم المقبل,['fear'],['sadness'],[],[]
darija_text_1444_emotion_1,نصبو على خليجي باسم كولونيل مزيف وشركة وهمية وبغاو يبيعو ليه الحوت في البحر,"['sadness', 'surprise']","['disgust', 'surprise']","['disgust', 'surprise']","['surprise', 'disgust']"
darija_text_75_emotion_1,أميرة في النرويج تخلات على اللقب ديالها باش تخدم مع خطيبها في هاد المجال,['surprise'],['surprise'],['surprise'],['surprise']
darija_text_1151_emotion_1,واش كيوجد يردو يلعب مع الأسود؟ الركراكي غيسافر للسعودية باش يتلاقى مع حمد الله,[],[],[],[]
darija_text_663_emotion_1,توقيفات فصفوف مترشحين لكونكور توظيف المحررين القضائيين.. ها التفاصيل,['surprise'],['surprise'],[],['surprise']
darija_text_498_emotion_1,البوليس الإسباني فك ريزو مكلف بنقل الحشيش المهرب من المغرب لفرنسا – فيديو,"['fear', 'surprise']",['surprise'],['anger'],['surprise']
darija_text_404_emotion_1,Youssef Hawari شكرا لك أخي الكريم و لأمثالك من المغاربة الأحرار تحياتي,['joy'],['joy'],['joy'],['joy']
darija_text_2483_emotion_1,@user @user @user ghir b9ay tbani mara mara rah 3andha jawla inchaalah t9dar tjii,['joy'],[],[],[]
darija_text_1170_emotion_1,raki f chahal mabantich wla rani ghalta,[],[],[],[]
darija_text_1510_emotion_1,حسبنا الله ونعم الوكيل، أليسوا هؤلاء أولى بالتنمية أولا قبل الكوت ديفوار ؟ ',['sadness'],['sadness'],['sadness'],['sadness']
darija_text_308_emotion_1,ماكان ترامب ليأخذ هذا القرار لولا الضوء الاخضر من بعض حكام العرب وخاصة محمود عباس والمحيطين به وبذلك يكون قد عرى عوراتهم ',['sadness'],['disgust'],['surprise'],[]
darija_text_1999_emotion_1,مساخيط هاذو . شدو مهاجرين من جنوب الصحراء صوبو تبويقة كيطر مولاها,['surprise'],['surprise'],['anger'],['surprise']
darija_text_1759_emotion_1,iwa siri hta tsam3ih mzyan rah 3douya li kayhdar ou yhkam bla mayssma3 ok,['anger'],['anger'],['anger'],['anger']
darija_text_1214_emotion_1,غش في غش كلشي مغشوش بديت نشك الي كان شي حد في المغرب كيخدم بنزاهة وضمير كنضن قليل الي من رحم ربي',['anger'],['anger'],['anger'],['anger']
darija_text_1951_emotion_1,rfa3ti rasna w rfa3ti rayat bladna lah yhfdek wykhalik lina jtm ♥♥,['joy'],['joy'],['joy'],['joy']
darija_text_2391_emotion_1,10 سنين نافذة لفرملي اغتاصب مريضة وسط صبيطار فـ ميريكان – فيديو,['disgust'],"['anger', 'disgust', 'fear', 'sadness', 'surprise']","['anger', 'disgust', 'sadness']","['disgust', 'anger', 'sadness']"
darija_text_2102_emotion_1,البي جي دي على البرلمانيين المستشارين لي تمردو: مبقيتوش معنا ومعندكمش الحق فالتمثيلية باسم الحزب,['anger'],['surprise'],['anger'],['anger']
darija_text_2166_emotion_1,شابة مغربية أصغر برلمانية بمليلية بعد فوزها في الانتخابات الاخيرة,['surprise'],['joy'],['joy'],['joy']
darija_text_489_emotion_1,@user hhhhhhhhhhhhhhhhhhhhhhhhhh nari 9taltini ou fakartini bih maskin moul kant khdam,['joy'],['joy'],[],['joy']
darija_text_1067_emotion_1,بوليس تطوان قرقبو على جوج متهمين جداد حتى هوما حرضو الناس للخروج فمسيرات العصيان,[],"['fear', 'surprise']",[],[]
darija_text_1825_emotion_1,الدرهم فمجلس جهة العيون.. كنرفضوا التصويت على مشروع الميزانية وها أسبابنا,['anger'],[],[],[]
darija_text_1910_emotion_1,فاش كنا كنخرجو 😂,['joy'],['joy'],[],['joy']
darija_text_843_emotion_1,واخا فيها الحرب.. الصبليون والبرتغال عوضو المغرب بأوكرانيا فتنظيم مونديال 2030,['surprise'],"['fear', 'surprise']",[],['surprise']
darija_text_329_emotion_1,وعكة صحية تلم بعميد الأسود المهي بنعطية,['sadness'],['sadness'],['sadness'],['sadness']
darija_text_1876_emotion_1,جورنالات بلادي: الأسر المغربية غارقة في ديون تتجاوز 323 مليار درهم..وشركة كتحتكر صفقات المستشارين,['surprise'],"['anger', 'sadness']",[],[]
darija_text_2435_emotion_1,ntoma dokhlo ghir so9 raskom bina wbinhom hna 3andna kolchi bdala2il,['anger'],['anger'],['anger'],['anger']
darija_text_2203_emotion_1,حاميها حراميها. ها شحال خدا البوليسي اللي سطا عـلى وكالتين بنكيتين بآسـفي,['surprise'],"['anger', 'surprise']",['anger'],"['surprise', 'anger']"
darija_text_2378_emotion_1,عاجل. زعيمة اليمين المتطرف ماري لوبين تجبد المغرب فحربها مع هولاند ومعركتها ضد الاتحاد الاوربي,['surprise'],['surprise'],['surprise'],['surprise']
darija_text_648_emotion_1,شوبير: ازارو ضرب يدو مع الحيط و تهرس ليه صبعو بسبب مشكل مع مدرب الاهلي,['surprise'],['sadness'],['sadness'],['sadness']
darija_text_2511_emotion_1,ف زمن الكورونا..المغاربة توحشو القهوة,['sadness'],[],['sadness'],['sadness']
darija_text_441_emotion_1,اختراق نقطة مرورية وس­ط فاس وإصابة ضابط شرط­ة بجروح خطيرة,"['fear', 'surprise']",['sadness'],['sadness'],['sadness']
darija_text_1009_emotion_1,الجمعية المغربية فرع طانطان كاعية على اعتقال معطلين بالمدينة,['anger'],['anger'],['anger'],['anger']
darija_text_2036_emotion_1,فعلا ويقولون لك الإسلام دين إرهاب وقتل',"['sadness', 'surprise']",['anger'],['anger'],['anger']
darija_text_288_emotion_1,@user wa l eval mem si sot ala 9adou mais les idee kanou mtart9in madayrinch,['joy'],['joy'],[],['joy']
darija_text_888_emotion_1,https://t.co/cjJsU3La3p Guys ajiw n3awdou nsd3ouu hadii wakha 9alttlina ah ms mahdratch m3a mounir wla zineb #zinaboussamasoon,[],[],[],[]
darija_text_1867_emotion_1,oui bassoma hna dima m3ak,['joy'],['joy'],['joy'],['joy']
darija_text_931_emotion_1,سائحة من سويسرا دوزات كونجي فالمغرب وغير رجعات لبلادها لقات عقرب حارگ معاها وسط الباگاج ديالها,['surprise'],"['fear', 'surprise']",['surprise'],['surprise']
darija_text_587_emotion_1,كل التشجيع والتقدير ن طاقم cap24 وبالأخص صديقي سفيان الفاصيقي',['joy'],[],['joy'],['joy']
darija_text_234_emotion_1,سيدنا غادي يخاطب المغاربة اليوم بمناسبة ذكرى المسيرة الخضراء,['joy'],['joy'],[],['joy']
darija_text_1052_emotion_1,@user wlad l7aram ga3ma kay39lo 3la lbachar,['anger'],"['anger', 'disgust']",['anger'],['anger']
darija_text_2086_emotion_1,@user wa nti t pas vu le message li sefett l hanan fikoum ghir lhedraa tfo,['anger'],['anger'],['anger'],['anger']
darija_text_1708_emotion_1,لم يكدب فالملك محمد السادس حفيد الرسول صَل الله عليه و سلم و هو من السلالة  رسول,['surprise'],[],[],[]
darija_text_1382_emotion_1,5ti rah t3atlo bach italbo biha daba rah lassami wat7ato 7na talbna bibtissam mli 5rjat mn lacademy,['sadness'],[],[],[]
darija_text_920_emotion_1,بريطانيا تهتز على وقع فضيحة طبية. التحقيق مع طبيب متهم نقل السيدا لـ 22 ألف مريض,['surprise'],"['fear', 'surprise']","['anger', 'fear', 'sadness', 'surprise']","['surprise', 'fear']"
darija_text_784_emotion_1,"الفلاحة هاد العام.. كثر من 50 فالمائة من محصول الحبوب ضاع و352 ألف هكتار حالتو سيئة,","['sadness', 'surprise']",['sadness'],['sadness'],['sadness']
darija_text_3_emotion_1,سبور جورنالات بلادي2: غير مشا الزاكي عدد من المحترفين رجعو للمنتخب وها شرط لرونار للإشراف على الأسود والحافيظي يغادر الرجاء,['surprise'],[],['sadness'],[]
darija_text_392_emotion_1,"المحكمة الإدارية ففاس دخلات قضية إقالة رئيس شعبة القانون العام للمداولة,",[],['surprise'],['anger'],[]
darija_text_526_emotion_1,"@user mli ghadi itfarcho papa j veux 100dh, mais send nudes d'abord",['disgust'],"['disgust', 'surprise']",[],['disgust']
darija_text_1889_emotion_1,في الصورة ابتسام تسكت جميلة والكل يشاهد ذتلك',['surprise'],['joy'],['joy'],['joy']
darija_text_48_emotion_1,awal soal kanjawb 3lih khatae o marbaht ta no9taaa hhh,['joy'],['surprise'],[],[]
darija_text_114_emotion_1,"معبر باب سبتة ماغديش يتفتح اليوم.. مزال خاص شي أيامات أخرى عاد تكون السلطات الإسبانية واجدة,",['sadness'],[],[],[]
darija_text_1424_emotion_1,المغرب كيعيش مشكلة سياسية والحل خاصو يكون سياسي. انتخابات سابقة لاونها ولا تعيين ولاة وعمال ولا حتى تعديل دستوري غادي يحل المشكلة: خاص الداخلية تبعد على الانتخابات وصوت المواطن باش يتحتارم بلا قوالب,['sadness'],['joy'],['anger'],[]
darija_text_321_emotion_1,اللوفر فتح باب التبرعات باش يشري بواطة ديال الكارو  ديال الذهب من القرن 18,['surprise'],['surprise'],[],['surprise']
darija_text_460_emotion_1,الطوارق نوضوها مع شركات مغربية وتونسية,['anger'],['anger'],[],['anger']
darija_text_2355_emotion_1,إنها عاهرة من العاهرات الكبار',['anger'],"['anger', 'disgust']","['anger', 'disgust']","['anger', 'disgust']"
darija_text_118_emotion_1,بوادر انفراج في ملف حراك الريف,['surprise'],['joy'],[],[]
darija_text_1164_emotion_1,بابا توندي يغادر الرجاء مجددا,['surprise'],[],[],[]
darija_text_520_emotion_1,@user @user @user @user @user @user sokti ya bnt franciss fin kat3rfi chi tarikh,['anger'],['anger'],['anger'],['anger']
darija_text_435_emotion_1,شفرو جامع فلسطين اللي دشنه الملك محمد السادس الجمعة الفايتة,['anger'],['anger'],"['anger', 'sadness', 'surprise']",['anger']
darija_text_1320_emotion_1,chehad chi khesskum abssat haja dkhlo fiha btissam w dounia rah bnadam kayntahal chakhssya,['anger'],['surprise'],['anger'],['anger']
darija_text_2349_emotion_1,الله ارحم الاخ محسن فكري,['sadness'],['sadness'],['sadness'],['sadness']
darija_text_196_emotion_1,وزير الدفاع الأمريكي استاقل.. وترامب علن على الخبر فتغريدة على تويتر!,['surprise'],['surprise'],[],['surprise']
darija_text_143_emotion_1,"بسباب تصويرو لمرا ولاحها ف”فايسبوك” بلا خبارها.. ابتدائية فاس ضربات شخص بـ6 شهور نافذة,","['fear', 'sadness']",['surprise'],['anger'],[]
darija_text_496_emotion_1,سرقة الأحذية في المساجد..صورة من داخل مسجد بالبيضاء في رمضان,['surprise'],['surprise'],['surprise'],['surprise']
darija_text_1006_emotion_1,الله يرحموا 😢 كلنا محسن فكري ✌,['sadness'],['sadness'],['sadness'],['sadness']
darija_text_185_emotion_1,wadima hagrinnn lmgharba wa bzaaaaaaaaaaaaf hadchi 3la l3onssoria,['anger'],['sadness'],['sadness'],['sadness']
darija_text_2520_emotion_1,أوامر باعتقال 3 أمنيين بفاس عرضوا شابا للتعذيب في المنطقة الأمنية الرابعة,['sadness'],"['fear', 'surprise']",['sadness'],['sadness']
darija_text_53_emotion_1,الشركات في الدول المتقدمة تساهم في بناء أوطانها بدفع الضرائب وفي بلدنا العزيز الشركات تطلب من الدولة أن تخدم عليها؟,['sadness'],['surprise'],['anger'],[]
darija_text_2424_emotion_1,وفاة سجين نيجيري بسجن عكاشة,['surprise'],"['sadness', 'surprise']",['sadness'],"['surprise', 'sadness']"
darija_text_2261_emotion_1,@user hanane khalik ma3a rafayel rah kaybrik bzf ljomhor l3arabi wlmaghribi kaybri tkoni dima bjanbo madirich 3la dok les twiter,['joy'],['joy'],[],['joy']
darija_text_1703_emotion_1,إعتقال مغربي فهولندا بعد مذكرة بحث دولية بتهمة تفجير 17 صراف آلي,['fear'],['surprise'],['surprise'],['surprise']
darija_text_2637_emotion_1,@user HHHHHHH DONIA LA FIN HAD SYEDA,['joy'],['joy'],[],['joy']
darija_text_728_emotion_1,بسباب نشرو لفيديوهات جنسية خاصة.. أكثر من 30 مرا رفعو دعوى ضد موقع پورنو,['surprise'],['surprise'],"['anger', 'surprise']",['surprise']
darija_text_1334_emotion_1,"كسيدة خايبة فالداخلة.. جوج ماتو بعدما تقلبات بيهم طوموبيل وسط المدينة,",['sadness'],['sadness'],['sadness'],['sadness']
darija_text_2525_emotion_1,الظلام بالنهار فكازا..تلاميذ دخلو لاقسامهم فالعتمة و ساعة الحكومة الإضافية طلعات للمغاربة فالراس,['surprise'],['anger'],['anger'],['anger']
darija_text_1438_emotion_1,@user kaydor f internet yallah ban lia mpartagé had sba7,[],[],[],[]
darija_text_1325_emotion_1,لعاب آخر توعت فالرجاء,['sadness'],['sadness'],['sadness'],['sadness']
darija_text_2649_emotion_1,مخطط التهيئة العمراني­ة لكازا غدي يتراجع وه­ا علاش,[],[],[],[]
darija_text_1571_emotion_1,بألف صحة و راحة لكن أخي حذاري من المقليات',['joy'],['joy'],[],['joy']
darija_text_38_emotion_1,عموتة عيط لـ3 لعابة جداد لمعسكر المحليين,[],['joy'],[],[]
darija_text_581_emotion_1,hafl jilo ra b 1200 dh ochofi bachar hhh,['joy'],[],[],[]
darija_text_556_emotion_1,"تفاصيل توصيات تقرير المجلس الوطني لحقوق الإنسان على الحق فالصحة اللي خرج اليوم,",[],[],[],[]
darija_text_2393_emotion_1,sif o lbhar wili wili 😆,"['joy', 'surprise']",['joy'],['joy'],['joy']
darija_text_676_emotion_1,قضية لمقدم اللّي تشد بعدما حصلوه كيشد الرشوة : الموقوف خرج على قايد بعدما صرّح أن الفلوس كانت غادية ليه,['surprise'],['anger'],[],[]
darija_text_1461_emotion_1,"الوزير ميراوي مكانش واضح وصريح.. لبارح قال: انا مجيتيش نوقف مشاريع امزازي.. واليوم: خيارات هاد الوزير مافيدهاش ومصالحاش,",['disgust'],['surprise'],['surprise'],['surprise']
darija_text_752_emotion_1,ما شاء ألله﻿ ',['joy'],[],['joy'],['joy']
darija_text_1575_emotion_1,اليهود اهل الزوايا المظلمه ويحبون جمع المال باي وسيله',['surprise'],['sadness'],['disgust'],[]
darija_text_1012_emotion_1,البيان الشوهة ديال الاحزاب ب4: ها اللي قلق بنكيران وخرج عقلو: جبدو الملك ودخلوه فالمفاوضات وهاجمو حكومتو اللي كان الاحرار والحركة فيها,['anger'],[],['anger'],['anger']
darija_text_2152_emotion_1,كنّا نامل في حكومة بنكيران التغيير ولاكن غيرتم جيوبكم من الاسوء الى الأفضل ',['sadness'],['sadness'],['anger'],['sadness']
darija_text_374_emotion_1,جنيل اوى اوى وحكم حلوة والله',['joy'],['joy'],['surprise'],['joy']
darija_text_270_emotion_1,مغربية أرملة مليونير سعودي شهير تطالب بإثبات نسب ابنها ومنحه نصيبه,['sadness'],['anger'],['sadness'],['sadness']
darija_text_1114_emotion_1,ana tyban liya a tarja3 lmaghrib 7amla b 7raymi massi7i mn chamkar raha galt mn 17 3am tat7lam b hadchi,['anger'],"['anger', 'disgust', 'surprise']","['anger', 'disgust']","['anger', 'disgust']"
darija_text_591_emotion_1,ها محاربة الفساد كيخاصها تكون ماشي عافا الله عما سلف. 95 في المائة من متهمي الفساد فالسعودية قبلوا يردو لفلوس لي نهبو,['anger'],['anger'],['anger'],['anger']
darija_text_2575_emotion_1,سنصوت للدكتورة نبيلة منيب هي املنا الوحيد,['joy'],[],[],[]
darija_text_2506_emotion_1,اجمل وارجل واشيك شعب فى العالم شعب الشجعان بنت ارجل من العالم العربى كله',['joy'],['joy'],['joy'],['joy']
darija_text_2396_emotion_1,رئيس النيابة العامة فمنزل الطالب اللّي قتلوه رميا الرصاص فمراكش +صورة حصرية,['sadness'],['sadness'],['sadness'],['sadness']
darija_text_1961_emotion_1,@user makaynch mn dik lhedra ga3.. Hna ghir makan3rfuhomch Mzn ..amma rahom bkhbiizthom,['anger'],[],"['anger', 'disgust']",['anger']
darija_text_2170_emotion_1,جاب الربحة. تايلاندي حكمو عليه ب34 عام بسباب تدوينة فالفايس,['surprise'],['surprise'],[],['surprise']
darija_text_208_emotion_1,مرتكب حادث الدهس فمراكش لي تصابو فيه 11 قرقبو عليه البوليس,"['fear', 'sadness']",['surprise'],['sadness'],['sadness']
darija_text_2616_emotion_1,المكملات الغذائية كاتهدد الأدوية ومجلس المنافسة دخل على الخط,['surprise'],[],[],[]
darija_text_2678_emotion_1,النقابة الوطنية ديال صناعات البترول مزالة محيحة على الحكومة وها باش كتطالب,['anger'],['surprise'],['anger'],['anger']
darija_text_758_emotion_1,مكافأة للعابا ديال الرجاء من بعد ما ربحو السوالم,['joy'],['joy'],[],['joy']
darija_text_2643_emotion_1,فقد ذاكرته وبعد 22 سنة عاد الى عائلته,['joy'],['joy'],"['joy', 'surprise']",['joy']
darija_text_2279_emotion_1,لا خير في قوم لا يحترم علمائه شيخ الإسلام إبن تيمية أشرف منكم وأعلم يا حثالة السياسة الغربية,['anger'],"['anger', 'disgust']",['anger'],['anger']
darija_text_666_emotion_1,مسابقة أجمل رجلين ديال العيالات منوضة حالة.. ومولاها كيتسناه 5 سنين ديال الحبس,['surprise'],['surprise'],['surprise'],['surprise']
darija_text_659_emotion_1,"أول باطو صبليوني دخل لمرسى بني نصار فالناظور اليوم,",[],[],[],[]
darija_text_2009_emotion_1,كيفاش درتي ليها تبا على بلاد',['anger'],['sadness'],['anger'],['anger']
darija_text_2535_emotion_1,جواز السفر المغربي ثامن أقوى جواز في العالم العربي عبر سماحه للمغاربة بالسفر إلى 55 دولة بدون تأشيرة,['joy'],[],[],[]
darija_text_2541_emotion_1,@user ana maghadich nsawlakk ms ghadi n9olikk kanhma99 3likk ntmana lik kol tawfi99 yarabb💋 💋,['joy'],['joy'],['joy'],['joy']
darija_text_205_emotion_1,"واش إشارة للإعتراف بمغربية الصحرا؟. التلفزيون الرسمي فهولندا نشر خريطة المغرب مكمولة,","['joy', 'surprise']",['joy'],['surprise'],"['joy', 'surprise']"
darija_text_2268_emotion_1,جوهر عموم الناس في المعاملات',['joy'],[],[],[]
darija_text_140_emotion_1,الحب هو معجزة الكون. بعد 77 سنة على رفض والده زواج ابنه من حبيبته يرفض أبناءها زواجهما فقررا الهرب… وها آش وقع,['surprise'],['surprise'],['surprise'],['surprise']
darija_text_49_emotion_1,عثمان ناصري يتمنى لكم سنة سعيدة من قرية بامحمد محليات خاص بالقرية بامحمد مهرجان السنوسية في دورة الخامسة,['joy'],['joy'],['joy'],['joy']
darija_text_2480_emotion_1,رئيس ليبيريا: بلادي كتدعم مشروع انبوب الغاز النيجيري المغربي,['joy'],[],[],[]
darija_text_664_emotion_1,بعد طنجة. غلاء فواتر الكهرباء يخرج ساكنة بني ملال للاحتجاج وتنظيم مسيرة نحو ولاية الجهة,['anger'],['anger'],['anger'],['anger']
darija_text_2220_emotion_1,ها بشحال تحكم على عناصر فرقة أمنية مزورة نصبات على مواطنين,[],['surprise'],['anger'],[]
darija_text_1911_emotion_1,ناس الحسيمة شكرا لكم جميعا,['joy'],['joy'],['joy'],['joy']
darija_text_281_emotion_1,salam ana jadid 3atweeter momkin ta3araf 3ala assdi9aa,[],['joy'],[],[]
darija_text_966_emotion_1,يالطيف يالطيف يالطيف .. تفو على هذا المرض المزمن السرطاني الأسرائيلي',"['anger', 'sadness', 'surprise']","['anger', 'disgust', 'sadness']",['anger'],"['anger', 'sadness']"
darija_text_2263_emotion_1,"تفاصيل لقاء أخنوش مع وزير الخارجية ميريكان.. هضرو على الأوضاع العالمية وارتفاع الأسعار والمبادلات التجارية والاستثمار بين البلدين – تصاور,",['joy'],[],[],[]
darija_text_2004_emotion_1,راس العام دموي فطنجة: مصرع شخص واصابة خمسة آخرين في حادثة سير وسط طنجة,['sadness'],['sadness'],['sadness'],['sadness']
darija_text_2548_emotion_1,العلمانية في خطر. النقاش الدائر في فرنسا خاطئ لانه يشعرنا ان الاسلام وحده ينتج المتطرفين,"['anger', 'fear']",['fear'],['anger'],"['anger', 'fear']"
darija_text_260_emotion_1,"بعد شكاية للنيابة العامة.. التحقيق فاتهامات بـ”غسيل الأموال والسطو على عمارة حدا البرلمان وتكوين عصابة”,","['fear', 'sadness']",['surprise'],['fear'],['fear']
darija_text_2225_emotion_1,ماقدهومش انتحال صفة الامن فالمغرب داروها تا فالطاليان. إعتقال مغربي دار راسو دركي وبدا كيفتش الناس فوسط الطريق,['surprise'],['surprise'],['anger'],['surprise']
darija_text_2323_emotion_1,الحبس و الخطية لجوج محترفين ف السعاية,['surprise'],['surprise'],['anger'],['surprise']
darija_text_1280_emotion_1,تقنين القنب. ها كيفاش غايتم تحويل وتصنيع القنب الهندي,[],['joy'],[],[]
darija_text_654_emotion_1,كيما محنتينا فهاد البرد الله يجعل ربي يمحنك ',['joy'],['anger'],['anger'],['anger']
darija_text_413_emotion_1,،استغرب لهاذ السياسية خصوصا و ان شبابنا يعاني من البطالة و الفقر ',['surprise'],['surprise'],['sadness'],['surprise']
darija_text_2557_emotion_1,الملك ينعي عبد الهادي التازي، وها آش قال عليه,['sadness'],['sadness'],['sadness'],['sadness']
darija_text_989_emotion_1,الجامعة محيحة بالقرارات التأديبية هاد الأسبوع: ها شحال من فرقة جات فيها الدقة,['anger'],['surprise'],['anger'],['anger']
darija_text_1232_emotion_1,الرئيس الفرنسي ماكرون: ها شحال غادي نزيدو فالأجور,[],['joy'],['joy'],['joy']
darija_text_1106_emotion_1,رسالة تهنئة الملك محمد السادس لـ”وهبي” مافيهاش إشادة لبنشماش: واش غضب عليه؟,['surprise'],[],[],[]
darija_text_1581_emotion_1,"جوندارم الداخلة فككو محل لصناعة الفلايك اللي كتستعمل فالحريكَ والطراباندو,",['fear'],"['fear', 'surprise']",['fear'],['fear']
darija_text_596_emotion_1,@user @user 9alek moul lfez kay9fezz ! ma9al walou w nti kathedri khti wsselti lwa7ed daraja kalakh li ghadi ndir lik fiha bloque,['anger'],"['anger', 'disgust']",['anger'],['anger']
darija_text_24_emotion_1,مشكورة انا والله يوفقك و',['joy'],['joy'],['joy'],['joy']
darija_text_2243_emotion_1,محكمة في فرانسا صدمات واحد من المشتبه فيهم اللي شفرو الذهب ديال كيم كاردشيان,['surprise'],['surprise'],['surprise'],['surprise']
darija_text_236_emotion_1,"مؤشر الإرهاب العالمي 2022.. المغرب هو البلد الأكثر أمانا فالمغرب العربي,",['joy'],['joy'],['joy'],['joy']
darija_text_1311_emotion_1,لا اله الا الله. الله ارحم التلميذ شادي . واصبر ميمتو . لي مات ماعمرو إتعوض وخا عطاوك مال دنيا كلها . إنا لله وإنا إليه راجعون .',['sadness'],['sadness'],['sadness'],['sadness']
darija_text_1563_emotion_1,اللهم ارحمه برحمتك الواسعة واسكنه فسيح جناتك وألهم أهله وذويه الصبر على فراقه.  كلنا محسن فكري,['sadness'],['sadness'],['sadness'],['sadness']
darija_text_1492_emotion_1,رحم الله الفنان العبقري الراحل عبـد الحــليم حافظ الذي قل نظيره في زمن الرداءة والتسيب المقصود والممنهج في وطننا لاكلمات لالحن يشفيان غليل ذوقنا اليتيم، فاقد الشيئ لايعطيه',['sadness'],['sadness'],['sadness'],['sadness']
darija_text_1485_emotion_1,عفو ملكي عن معتقلي «حراك الريف» يلوح في الأفق. 60 طلب قدم لحد الآن وهذا ما كشفه مصدر من إدارة السجون,['joy'],['joy'],[],['joy']
darija_text_1949_emotion_1,@user chiro hbiba twahachnak bzf mstaniyin nchofek fe l maghrib fa9rab wa9t,['joy'],['joy'],['joy'],['joy']
darija_text_2224_emotion_1,خاص. كيفاش استاقل اليوبي وقال لصحابو: استقالتي نهائية الا ايلى دخل القصر,[],[],['surprise'],[]
darija_text_559_emotion_1,70 عام د الحبس لمهربين لحشيش تشدو حدا آسا,[],['fear'],[],[]
darija_text_268_emotion_1,بوليسي فمكناس كبتها. نصب وخان مرتو وعطا شيك بدون رصيد وعدد ضحاياه وصل لـ 6.. وها القرار لي تخاد فحقو,"['disgust', 'fear', 'sadness']","['disgust', 'surprise']",['anger'],['disgust']
darija_text_977_emotion_1,عاجل. بن عرفة تلف وقصد بنكيران,['surprise'],[],[],[]
darija_text_502_emotion_1,Sheitana nskrou ana wiyek,"['disgust', 'surprise']",[],[],[]
darija_text_375_emotion_1,كلنا مغاربة مع الشهيد محسن فكري وكلنا مغاربة ضد اشعال نار الطائفية وايقاض الفتنة,['anger'],['sadness'],[],[]
darija_text_1018_emotion_1,hhhh y9dar tanchk frasi tangol wach madrtoch,['joy'],[],[],[]
darija_text_1471_emotion_1,مع نهاية 2016.. أحلام تعتذر وتطلب السماح,['surprise'],['joy'],[],[]
darija_text_1392_emotion_1,البام بمساعدة الداخلية والاستخبارات,[],['joy'],[],[]
darija_text_257_emotion_1,تفاصيل جديدة على ڤاكسان كورونا ڤيروس اللي واصل السبت للمغرب: ها معاش واصل وها شحال من دوز,['fear'],['joy'],[],[]
darija_text_2122_emotion_1,مصرية باش ما يشكو فيها جيرانها ستاغلات شهر رمضان وقلبات دارها وكر دعارة بالنهار,['surprise'],"['disgust', 'surprise']",['disgust'],"['surprise', 'disgust']"
darija_text_1583_emotion_1,من بعد طلاقها الأول.. بشرى أهريش كتعتبر حياتها الخاصة خط أحمر,['anger'],[],[],[]
darija_text_291_emotion_1,بوليس فرنسا تدخل لمنع مؤتمر ديال الرئيس الموريتاني السابق فبوردو,['surprise'],['disgust'],[],[]
darija_text_1007_emotion_1,allah ywaf9ak wysahal 3lik ya rab,['joy'],['joy'],['joy'],['joy']
darija_text_1767_emotion_1,pliz akhti khasna kamlin nkhdmo 3la had hachtag f maslhat hanan,['sadness'],[],[],[]
darija_text_1917_emotion_1,..اللهم رزقنا الصبر كما رزقته عبادك من قبل وأرنا المفسدين و الضالمين منا وفضحهم يا رحمان سبحانك',['anger'],[],['sadness'],[]
darija_text_703_emotion_1,تيار الاستوزار في «البيجيدي» نايض لبنكيران. عارض التمديد له لولاية ثالثة,['anger'],['anger'],['anger'],['anger']
darija_text_247_emotion_1,و للاسف تاخذ الاموال من الشعب غصبا عنهم. لا نريد دفع اي ضريبة لها. ',['sadness'],[],['anger'],[]
darija_text_94_emotion_1,واسي العدالة اش غاديروا مع صندوق النقد الدولي تبيعونا ليهم,['anger'],['fear'],['anger'],['anger']
darija_text_1926_emotion_1,الصحراء مغربية نجول فيها شمالا وجنوبا ونتمتع بخيراتها البرية والبحرية ونتوما كلسو تقولو غربية ولا شرقية ولا ميركانية ',"['anger', 'joy']",['joy'],['anger'],"['anger', 'joy']"
darija_text_86_emotion_1,habibtna ya ghadoch wach 3andak chi a3mal o imta gha diri jayartk lil lmagheribb,[],['joy'],['joy'],['joy']
darija_text_2299_emotion_1,حنا نفلسو أي جنس بشري. زلزال فالداخلية الايطالية وإعتقال موظفين سامين بعد تورطهم في قضايا رشوة مع مغربي,"['anger', 'surprise']",['surprise'],"['anger', 'surprise']","['anger', 'surprise']"
darija_text_2353_emotion_1,"الحقوق المهضومة"""""""""""""""" '",['joy'],['anger'],['anger'],['anger']
darija_text_2183_emotion_1,وفقكم الله لما فيه الخير للبلاد و العباد',['joy'],['joy'],['joy'],['joy']
darija_text_2097_emotion_1,القضاء يحجز على مقرات بنجلون بعد مقتل ملياردير على يد مدير بالبنك,['surprise'],"['anger', 'sadness', 'surprise']",[],['surprise']
darija_text_2150_emotion_1,كلنا محسن فكري 😭😭😭,['sadness'],['sadness'],['sadness'],['sadness']
darija_text_128_emotion_1,القضاء يُوزّع 34 سنة سجنا نافذا في حق ال­متهمين بتعذيب المكنا­سية شيماء بكلية العل­وم,"['disgust', 'sadness']","['joy', 'sadness', 'surprise']","['anger', 'sadness']",['sadness']
darija_text_1633_emotion_1,قبل مقتله آخر كلمة قالها ...عاش الملك عاش الملك ...اللهم احفظ لنا ملكنا ...رحمة الله على فكري,['sadness'],['sadness'],['sadness'],['sadness']
darija_text_909_emotion_1,@user @user o tafahat b3ida 3lihoom man ch7al hadi ms bnadm kaystafzzak,['anger'],['anger'],['anger'],['anger']
darija_text_2126_emotion_1,كُورُونَا” ف الدزاير.. ارتفاع حالة الوفيات وحتى هوما حبسو الصلاة ف الجوامع والرئيس تبون غادي يخطب اليوم,"['fear', 'sadness']",['sadness'],[],['sadness']
darija_text_802_emotion_1,@user @user mohim laknti maghribiya mathadrich b smitna hna kanhma9ou 3la chi haja smitha zineb oussama ......&lt;3,['anger'],[],['anger'],['anger']
darija_text_539_emotion_1,الطلاق بين الرجا وفاخر,[],[],[],[]
darija_text_125_emotion_1,qhertek yaki nti o f7alk hdrtk naqsa zayda ghir mo5lafat l7orob,['anger'],['disgust'],"['anger', 'disgust']","['anger', 'disgust']"
darija_text_1456_emotion_1,للتاريخ. هكذا تحدث النجم الراحل نور شريف لـ”كود” عن معشوقته مراكش وعن الملك محمد السادس وإسلام تركيا وسلفيي مصر ورئيسها,['surprise'],['joy'],[],[]
darija_text_2052_emotion_1,اودي كونما بنكيران والله لا سمعتي الاذان فدوزام هو الاخر,['anger'],[],"['anger', 'disgust']",['anger']
darija_text_1920_emotion_1,شوهة مغربية في المونديال الافريقي. المغرب منهزم امام الرأس الاخضر بهدف دون رد,"['disgust', 'surprise']",['anger'],"['anger', 'sadness']",['anger']
darija_text_2499_emotion_1,لن ترضى عنا اليهود ولا النصارى حتى نتبع ملتهم يا غبي',['anger'],['anger'],['anger'],['anger']
darija_text_405_emotion_1,"النيابة العامة وحربها على ملفات الفساد.. الوكيل العام فمراكش حرك ضوصي جماعة “بيكَودين” نواحي تارودانت اللي مشتبه بللي فيها اختلالات مالية وقانونية,","['fear', 'sadness']",['disgust'],['surprise'],[]
darija_text_2598_emotion_1,حقدكم وتحالفكم الخبيث ضد بنكيران وحزبه العدالة والتنمية يجعل المواطن المغربي بقليل من الوعي يصوت على المصباح,['anger'],['anger'],['anger'],['anger']
darija_text_1111_emotion_1,مافهمتش كيفاش المغاربة أنانيين وكيقدسو الحولي كثر من حياتهم وحياة عائلاتهم.. وهانيا واخا يديرو الكسايد ويموتو بكورونا ويقتلو واليديهم.. المهم هو الشوا وبولفاف,['anger'],"['anger', 'disgust']",['anger'],['anger']
darija_text_2087_emotion_1,سعيد باي فرحان بعائلتو الصغيرة: هي المأوى والحب والآمان -تصاور,['joy'],['joy'],['joy'],['joy']
darija_text_1667_emotion_1,Rai huwa lRnb dlmghrib,[],['surprise'],[],[]
darija_text_653_emotion_1,المغربية مريم حسين فرحانة بحداكة بنات بلادها,['joy'],['joy'],['joy'],['joy']
darija_text_409_emotion_1,روعه ياعاشق ',"['joy', 'surprise']",['joy'],[],['joy']
darija_text_1356_emotion_1,"#IbtissamTiskat mghribiya wa aftakher f toooop (Maroc, jordan, arab) waaaaaw http://t.co/2QviJcKw1b",['joy'],['joy'],['joy'],['joy']
darija_text_1115_emotion_1,بالصـور..حريق كبير يلتهم معملا للنسيج في منطقة لهراويين,['surprise'],"['fear', 'sadness']",[],[]
darija_text_1732_emotion_1,“الشهب الاصطناعية” خرجات على شي وحدين ففاس: غادي يدوزو اليوم أمام المحكمة الابتدائية,['anger'],['surprise'],['anger'],['anger']
darija_text_1090_emotion_1,هذه هي نسبة الشباب المغاربة اللي عانوا من العنصرية ف الخدمة ف اوروبا,['sadness'],[],['sadness'],['sadness']
darija_text_1729_emotion_1,ibtissam i3mil li follow darori,[],[],[],[]
darija_text_2198_emotion_1,"وزيرة السياحة محزمة بالمؤثرين والمؤثرات. بغات “فرصة” توصل باهانة الصحافة واقحام المؤثرين,",['surprise'],"['anger', 'surprise']",['anger'],"['surprise', 'anger']"
darija_text_2366_emotion_1,مسافرين فرحلة جوية بين كازا وانواكشوط عاشوا لحظات صعيبة والطيارة هبطات اضطراريا بالداخلة,['fear'],"['fear', 'surprise']",['fear'],['fear']
darija_text_2409_emotion_1,أين الحكومة أين المؤسسات الاجتماعية أين الجمعيات التي أصبحت تسترزق على أبناء الشعب بدون تقديم أي شيء',['anger'],['anger'],['anger'],['anger']
darija_text_2248_emotion_1,الله يبددل الساعة بما احسن فهاد البلاد ديال الويل. #طحن_مو,['anger'],['anger'],"['anger', 'sadness']",['anger']
darija_text_1525_emotion_1,مورينهو معجب بموهبة مغربية,['surprise'],['joy'],['joy'],['joy']
darija_text_2289_emotion_1,"الدكتور التازي واللي معاه تابعوهم بتهمة “الاتجار فالبشر”.. والقضية عندهم حامضة بزاف,","['anger', 'surprise']","['fear', 'surprise']",['anger'],"['anger', 'surprise']"
darija_text_682_emotion_1,الله يحفضه وينصر ملكنا محمد السادس يحفض الشعب المغربي من طنجة لكويرة,['joy'],['joy'],[],['joy']
darija_text_2240_emotion_1,ها علاش اختار الملك يجي لفاس فهاد الوقت ويكلس فالضعية ديال ضويات فمولاي يعقوب,[],[],['surprise'],[]
darija_text_254_emotion_1,خليك مع طعريجتك آش داك للسياسة..باااااااااااز,['anger'],['disgust'],['disgust'],['disgust']
darija_text_2623_emotion_1,تظلمات القضاة من التعيينات والتنقيلات.. ها وقتاش غادي يبث فيها المجلس الأعلى للسلطة القضائية,"['sadness', 'surprise']",[],[],[]
darija_text_2448_emotion_1,قناة السويس اللي تسدات.. محاولات جديدة باش يفكو بلوكاج باطو “إيفر كَيفن EVER GIVEN” اللي تسبب ف خسائر كبيرة للتجارة العالمية,['sadness'],[],[],[]
darija_text_400_emotion_1,ناس جرادة عاجبهم الحال خاص غا التنفيذ التعهدات الرسمية,['joy'],['joy'],[],['joy']
darija_text_2540_emotion_1,الصبليون شدات عشرين حراك جنوب كَران كناريا,['surprise'],['surprise'],[],['surprise']
darija_text_1657_emotion_1,شوهة. زمالك شحاتة تقلب الطاولة على الماص وتتأهل من فاس للدور المقبل من المسابقة الإفريقية (فيديو),"['joy', 'surprise']",['joy'],[],['joy']
darija_text_935_emotion_1,عاجل..الزفزافي يخوض اضراب مفتوح عن الطعام والماء والسكر: ميمكنش نعيش فوطن يحتقرني,['anger'],"['sadness', 'surprise']","['anger', 'sadness']","['anger', 'sadness']"
darija_text_1209_emotion_1,اولى نتائج المؤتمر. اعادة الاعتبار للغلبزوري الامين الجهوي لحزب البام بالشمال,['surprise'],['joy'],[],[]
darija_text_2132_emotion_1,خسرة للريال',['sadness'],['sadness'],['sadness'],['sadness']
darija_text_515_emotion_1,انتشار السل وسط الأطباء ديال مراكش,['fear'],['fear'],['fear'],['fear']
darija_text_1495_emotion_1,لشكر مرمد الاتحاد فالأرض.. بعدما رشح ولدو لحسن جاب بنتو لمؤسسة الفقيه التطواني وغالبا غايرشحها للانتخابات,['anger'],"['disgust', 'surprise']",['anger'],['anger']
darija_text_2419_emotion_1,"@user iwa chofih chno zad 9al daba a bent l7ayawan !! 9al anaho kan kaytfala, w min ma ye3ref Ibtissam ! chokran ^^",['anger'],"['anger', 'disgust']",['anger'],['anger']
darija_text_1085_emotion_1,العيون.. بحار مات بعدما طاح من باطو ديال الصيد,['surprise'],['sadness'],['sadness'],['sadness']
darija_text_528_emotion_1,البام اول فريق برلماني يفكر في قانون ينظم زراعة الكيف,[],[],[],[]
darija_text_2193_emotion_1,: 🎶🎶🎶🎶راه مكاين خير لا تعمل عشير,['joy'],[],[],[]
darija_text_1604_emotion_1,الأناقة في الأسلوب',[],['joy'],['joy'],['joy']
darija_text_1550_emotion_1,"الناموس محيح فالناظور.. ومواطنين لـ”كَود”: كنطالبو المسؤولين باش يديرو الحل قبل ما توقع شي كارثة صحية فالمدينة,",['fear'],"['disgust', 'fear']",['anger'],['fear']
darija_text_289_emotion_1,"جايبها من لاس بالماس.. الديوانة حجزات أكثر من 3000 قرقوبية عند مسافر فمطار العيون – تصاور,","['fear', 'surprise']",['surprise'],['surprise'],['surprise']
darija_text_1387_emotion_1,لافير دموت حسن طاهيري.. المنتدى المغربي لحقوق الإنسان كيطالب بفتح تحقيق: تعرض للضرب والمضايقات وخاص تتعرف ملابسات الوفاة,['anger'],['sadness'],"['fear', 'sadness']",['sadness']
darija_text_299_emotion_1,"حافيدي: حجم الاستثمارات العمومية فمناطق الواحات وشجر الأركَان وصل لـ105 مليار درهم,",[],['joy'],['joy'],['joy']
darija_text_1484_emotion_1,حافظوا على عبد الواحد الراضي. سينتهي المغرب ذات زمان ويبقى الراضي دليلا على أننا كنا موجودين يوما,[],['joy'],['joy'],['joy']
darija_text_362_emotion_1,wa machi kolchi f de9a waa3,['anger'],[],['anger'],['anger']
darija_text_2451_emotion_1,ach kayn albnat mafhamt walo,['surprise'],[],['surprise'],['surprise']
darija_text_873_emotion_1,اول فنان مغربي عربي تصل اغنيته ل خمسة مئة مليون مشاهدة على يوتيوب',[],['joy'],['joy'],['joy']
darija_text_2345_emotion_1,بعد اليورو البرتغال ربحات اليوروفيزيون,['joy'],['joy'],[],['joy']
darija_text_2313_emotion_1,daba each cest sa cousine ou tante ou ma3reft,[],[],['surprise'],[]
darija_text_1149_emotion_1,من غير الحليف التقليدي فرنسا. ناصر بوريطة فشل يجيب أصوات أوروبية أخرى تدعم مبادرة الحكم الذاتي علانية.. وعلاش غابت إسبانيا لّي هي المستعمر التاريخي للصحرا المغربية ؟,['anger'],['sadness'],['sadness'],['sadness']
darija_text_864_emotion_1,لانتيرنيت بدلات كلشي.. حتى الطريقة باش كيبيعو الدريات لحمهم,['anger'],"['disgust', 'sadness']","['anger', 'disgust', 'sadness']","['anger', 'disgust', 'sadness']"
darija_text_870_emotion_1,الدولة يا أخي هي لتحكم عليه حكم يتناسب مع ماقاله أظن أن الإعدام حكم جيد,[],['anger'],[],[]
darija_text_2124_emotion_1,ها آش كاتجيب السيبة. ركود إقتصادي بفاس وسياح يغادرون المدينة نتيجة حادثة السياح الالمان,['anger'],"['anger', 'disgust']",['anger'],['anger']
darija_text_823_emotion_1,النيابة العامة فتطوان صيفطات مستشارة جماعية للحبس.. حصلات كتدوز الحشيش و القرقوبي لمحابسي كان فالصبيطار,['surprise'],['surprise'],['surprise'],['surprise']
darija_text_306_emotion_1,هذه وعود حكومة بنكيران : نسبة نمو في 5.5 في المائة ومحاربة اقتصاد الريع وتخفيض نسبتي البطالة والأمية والاهتمام بالطبقة المتوسطة,[],[],['sadness'],[]
darija_text_1319_emotion_1,ازولاي  يهودي  شيء عادي  ان يحضر  جنازة  الرئيس اﻹسرائيلي السابق  لا تخلطو  اﻷمور الشخصية   بالسياسة,[],[],['anger'],[]
darija_text_1250_emotion_1,عاش محمد السادس بلة به المغرب مي سوا والو,['joy'],['joy'],['joy'],['joy']
darija_text_979_emotion_1,لا اظن انه توجد مدن في العالم اقبح و ابشع من المدن المغربية.',['anger'],"['anger', 'disgust']",['disgust'],"['anger', 'disgust']"
darija_text_2599_emotion_1,ana ghaaaaa tan3awnk o sf and low key baghaha fihom devil mskin 3ya,['sadness'],[],"['anger', 'sadness']",['sadness']
darija_text_1891_emotion_1,واش عندها علاقة بتوجه جديد لـ”ال سعود”.. الأميرة السعودية الي جات للمضيق شكرات بزاف الملك,"['joy', 'surprise']","['joy', 'surprise']",[],"['joy', 'surprise']"
darija_text_1838_emotion_1,هادشي خطير بزاف. كلاشنيكوف تجبد فحرب الجدارمية على عصابات لحشيش فالجنوب,"['fear', 'surprise']",['fear'],['fear'],['fear']
darija_text_974_emotion_1,مدير وكالة المغرب العربي للانباء الشاعر الصحافي خليل الهاشمي: الشعر بالنسبة لي تجاوز لليومي في كل ما هو محبط وغير عادل,[],[],['joy'],[]
darija_text_2264_emotion_1,وهادا مقاتل ماشي قائد. اتهام قائد بالعيون بالتسبب بعاهة مستدامة ـ صورة الضحية‎,"['sadness', 'surprise']",['surprise'],"['anger', 'sadness']","['sadness', 'surprise']"
darija_text_1710_emotion_1,كورونا خدامة كطحطح فالريسطورات والقهاوي.. رقم معاملات المطاعم والسناكات نقص ب 40 فالمائة والدق كان أشد فالمدن الساحلية بعد سدان البحورة والقهاوي لي مقدراتش تحل وصل لـ9 فالمائة بعد العيد لكبير,"['fear', 'sadness']",['sadness'],"['anger', 'sadness']",['sadness']
darija_text_799_emotion_1,هل أصبح المغرب جنة للمجرمين الإنجليز المطلوبين دوليا من الأنتربول؟,['surprise'],['surprise'],['anger'],['surprise']
darija_text_2374_emotion_1,استدعاءات امنية جديدة لنشطاء الحراك الاجتماعي بالحسيمة,['anger'],['sadness'],[],[]
darija_text_2423_emotion_1,ها بشحال ديال لحبس ضربو أحد القاصرين الفارين من سجن سلا,['surprise'],"['fear', 'sadness', 'surprise']",[],['surprise']
darija_text_509_emotion_1,نايضة في مدرسة “الكاك”,['anger'],['surprise'],['anger'],['anger']
darija_text_644_emotion_1,@user 3afak ana 3andi wahid num kannsouni owalo ghir boite vocale bghit na3raf wach hia ola mach hia please jawbini ghir b ah ola nn,[],[],[],[]
darija_text_1328_emotion_1,الرشاد البرنوصي كيتحدى الكاف على قبل يوسف روسي,[],[],['anger'],[]
darija_text_2352_emotion_1,Oooooooooohhhhhh ou l coupe d'Afriiiiiiiiiiiiiiique Oooooooooohhhhhh ou ch7al sawiiii Oooooooooohhhhhh mebrok 3liiiiiiiik Eeeeeeeeeeehhhhhh ya raajaaawi💚 https://t.co/t4pbAEXSTi https://t.co/2buKMm6JdB,['joy'],['joy'],['joy'],['joy']
darija_text_2079_emotion_1,wa nta li pauvré,['anger'],['sadness'],['anger'],['anger']
darija_text_1717_emotion_1,ولد الرشيد خدام فهيمنتو على الاستقلال. رئيس لجنة مؤتمر الشبيبة صحراوي من اتباعه,[],['surprise'],['anger'],[]
darija_text_1676_emotion_1,"بسباب ارتفاع الأسعار.. العدالة والتنمية: مجلس المنافسة خاصو يخرج تقريرو على سوق المحروقات فأقرب وقت والحكومة ماقدراتش تواجه هاد الغلا اللي كاين,",[],['sadness'],[],[]
darija_text_1634_emotion_1,"هادي أجندة وزير خارجية مريكان لي جاي للمغرب وغادي يتلقا محمد بنزايد ويدوز للجزائر,",[],[],['surprise'],[]
darija_text_1156_emotion_1,Zin li 3tani lah 3emro matel9ah #كليب_انا_الصاحب,['joy'],['joy'],[],['joy']
darija_text_1074_emotion_1,باش نجحو فرفع الحجر الصحي.. وزارة الصحة غادي دير تقريبا 2 مليون تيست ديال كورونا ف 3 شهور.. وغاتستعمل السكانير للكشف على الفيروس عند الحالات بلا أعراض,[],[],"['fear', 'sadness']",[]
darija_text_1445_emotion_1,شكون اللي خلى الاتحاد الدستوري اللي ما عمرو يحل فمو يحتج ويكول باللي وكيل لائحة سيدي قاسم غطاوه رخصة باش يولي معاهم؟ وعلاش هاد الحزب اللي ما فيه روح كيسكت باش كيديو ليه حتى قيادتو,['anger'],['surprise'],['anger'],['anger']
darija_text_2663_emotion_1,مطاردة أمنية تنتهي بوفاة جانح سقط عرضياً من فوق قنطرة علوها 6 أمتار بجرسيف,['sadness'],"['sadness', 'surprise']",['sadness'],['sadness']
darija_text_1058_emotion_1,لا شيء يدعونا للاحتفال ب20 فبراير علينا ان نشطب عليها من ذاكرتنا: كمازوشيين أصيلين نحتفل في كل ذكرى بهذه الخيبة المسماة 20 فبراير,['anger'],['anger'],['anger'],['anger']
darija_text_2646_emotion_1,akid ya ahla hanooooan mmmmah 3lik khask takoni 9wiya bzaf arifiya dyaliiiiii,['joy'],['joy'],['joy'],['joy']
darija_text_956_emotion_1,فـ خطاب شابع نظرية المؤامرة كيف العادة.. تبون: كاينين بؤر توتر فـ دول الجوار وبغينا نعززو العلاقات مع ميريكان وروسيا والصين,[],"['anger', 'disgust']",['anger'],['anger']
darija_text_353_emotion_1,قاصر غراق فواد “غيس” ضواحي الحسيمة,['sadness'],['sadness'],"['sadness', 'surprise']",['sadness']
darija_text_1529_emotion_1,@user @user li mabghitich t3amrih kteb none,[],[],[],[]
darija_text_915_emotion_1,يجب على الحكومة ، ان تمنع البنات من الذهاب الى دول الخليج بشكل نهائي ، طيحو من قيمة المغرب الله يخليها سلعة,['anger'],['anger'],"['anger', 'disgust']",['anger']
darija_text_875_emotion_1,تعطا الضو الاخضر لبيع اوطيلات تابعة لمكتب الخليع,[],[],[],[]
darija_text_2427_emotion_1,أختي نجوى الغالية ربي يحفظها راك غزالة مشاء الله',['joy'],['joy'],['joy'],['joy']
darija_text_223_emotion_1,كيدعي علاقتو بالداخلية.. مول ميرسيديس تكرفس على سيد وبهدلو قدام البوليس فمراكش,['sadness'],"['anger', 'disgust', 'sadness', 'surprise']",['anger'],"['sadness', 'anger']"
darija_text_1787_emotion_1,مراسلو إسبانيا بالمغرب تكتموا عن الأمر وراخوي اعتبر إجلاسها جنب خالد مشعل “مقلب” من العدالة والتنمية,['surprise'],['surprise'],['anger'],['surprise']
darija_text_1813_emotion_1,#IbtissamTiskat pllllz sawtou onachro mathawnouch kan far9 ktar mn 200 sawt daba wla 97 yalaah !!,['surprise'],['joy'],[],[]
darija_text_1691_emotion_1,استمرار “المواجهة” بين الدولة والعدل والاحسان.. برلماني يراسل وزير الداخلية,[],['sadness'],['anger'],[]
darija_text_2633_emotion_1,سعد لمجرد مقصح وكيدوي على المبالغة في الحب!,['sadness'],['sadness'],['sadness'],['sadness']
darija_text_68_emotion_1,svp imkan n3arfo mnak imta ghadouz had l7al9a,[],[],[],[]
darija_text_553_emotion_1,3ide mobarake sa3ide bi siha wa salama wa tawfi9e alfe mabrok li dahabia al 3alamia ahla horia,['joy'],['joy'],['joy'],['joy']
darija_text_103_emotion_1,وضعية صعبة في جبال جزر الوقواق !!ليس في هذا البلد مثل هذه الضروف .',"['fear', 'sadness']",['sadness'],['sadness'],['sadness']
darija_text_1815_emotion_1,بالصور. دباز خايب بين مغاربة وشيشانيين فبلجيكا روع حي كامل,['anger'],['fear'],"['disgust', 'fear']",['fear']
darija_text_1218_emotion_1,hanane taj fo9 rasskom ya l3ahirat dyal bessah #HananeElKhader @user #حنان_الخضر_كايده_العذال,['anger'],['anger'],['fear'],['anger']
darija_text_2584_emotion_1,ارتفاع فحصيلة الوفياة والإصابات بكورونا فالصبليون,"['fear', 'sadness']","['fear', 'sadness']","['fear', 'sadness']","['fear', 'sadness']"
darija_text_1585_emotion_1,z3ma chkoun li baghi yt3lm l arabe,['anger'],['joy'],[],[]
darija_text_1060_emotion_1,فرنسا دولة العدالة لا تعترف بالأسماء فما بالك بفنان عربي له سوابق في نفس الموضوع,['anger'],[],['anger'],['anger']
darija_text_1679_emotion_1,ولاية امن طنجة: ما كاين لا احداث شغب لا والو وغاديين نتابعو صحاب الفايك نيوز,[],['joy'],[],[]
darija_text_592_emotion_1,"بوعياش: الابتزاز الجنسي من جرائم الاتجار فالبشر ونسبة الاستغلال الجنسي وصلات لـ50 فالمية من مجموع هاد الجرائم عالميا ف2020,",['disgust'],"['fear', 'sadness']","['fear', 'sadness']","['fear', 'sadness']"
darija_text_570_emotion_1,ها الصبليون شوهونا. صحاب الجنسية الاسبانية من لمغاربة مسموح ليهم يرجعو ولكن المغرب اللي كيقرر,['anger'],[],[],[]
darija_text_1276_emotion_1,wwrawni nchofo kifach 3rafto anaha tssajlat,[],[],[],[]
darija_text_83_emotion_1,dani dito walah makhalito dito o dani wallah makhalini dani dani dito wallah makhaito dito o dani rah howa zmani #رافاييل_نورت_تويتر,['joy'],['joy'],[],['joy']
darija_text_186_emotion_1,مينا تفركَعات على سارح ديال الغنم فنواحي أوسرد,['anger'],['surprise'],[],[]
darija_text_2301_emotion_1,بعد الشراكة مع جامعة بن كَوريون الاسرائيلية.. جامعة محمد السادس سينات اتفاقية مع الجامعة العبرية فالقدس,['surprise'],['joy'],[],[]
darija_text_774_emotion_1,أنا شخصيا أشكركم على كل ما قدمتم من إنجازات وصوتي دائما لحزبكم حزب العدالة وتنمية',['joy'],['joy'],['joy'],['joy']
darija_text_2596_emotion_1,j pense dakchi d charikat mohal tjawb 3lih nsswlo 3la hafalatha o aham haja tour o fo9ach ghada l uae,[],['joy'],[],[]
darija_text_1751_emotion_1,اللاعب غير مُقيد في لائحة الأساسية للفريق',[],[],[],[]
darija_text_343_emotion_1,قتل صديقه في جلسة خمرية بالبيضاء وأوقف داخل حافلة متوجهة نحو خريبكة,"['fear', 'sadness', 'surprise']","['sadness', 'surprise']","['anger', 'sadness']","['sadness', 'surprise']"
darija_text_926_emotion_1,منيب ارتكبت خطئا جسيما بدخولها في مهزلة الانتخابات بالمغرب يجب ان تتركها لتجار الدين وقطاع الطرق,['anger'],['anger'],['anger'],['anger']
darija_text_349_emotion_1,نجم المنتخب الإنجليزي روني يعلن اعتزاله اللعب دوليا بعد مونديال 2018,[],['surprise'],['sadness'],[]
darija_text_549_emotion_1,حصري. هكذا سقطت شبكة الدعارة الرّاقية بفاس التي تتزعمها مهندسة دولة. كيفاش كتجند وكيفاش كتخدم,['surprise'],['surprise'],['surprise'],['surprise']
darija_text_1130_emotion_1,سابقة. محكمة أكادير الإدارية توقف تنفيذ ميزانية مجلس جهة كلميم وادنون,['surprise'],[],['surprise'],['surprise']
darija_text_1562_emotion_1,37 رجل أعمال كوري بالرباط باش يقويو الاستثمار مع المغرب,['surprise'],['joy'],['joy'],['joy']
darija_text_1020_emotion_1,الحمد لله ان هده ( القناة ) تعترف برلمان المغرب.,[],[],['joy'],[]
darija_text_1345_emotion_1,اعتداء جديد على البوليس فكازا. عائلة بارون مخدرات فرگعو لبوليسي راسو فمولاي رشيد,['fear'],"['disgust', 'fear', 'sadness']",['fear'],['fear']
darija_text_1940_emotion_1,قضية معتقلي البي جي دي المتابعين بالارهاب: مصدر من مندوبية التامك لـ«گود»: ما يطلبه المحامي الإدريسي غير قانوني وهاشكون من حقو يزورهم في الحبس,['anger'],['surprise'],[],[]
darija_text_1096_emotion_1,العدالة و التنمية إن شاء الله. ههههههههههههه,['joy'],[],[],[]
darija_text_939_emotion_1,العاصفة ديال الشتا جاية فالطريق والأرصاد الجوية: عنداكم الرياح القوية فهاد المناطق,['fear'],['fear'],['fear'],['fear']
darija_text_1900_emotion_1,تشبثي بزوجك يا عواطف! دون شعارات تمكنتِ يا عواطف من إحياء الكتلة الديمقراطية,['surprise'],['joy'],['joy'],['joy']
darija_text_614_emotion_1,ههههههه عبادة البام انتحروا خير لكم !!,"['anger', 'joy', 'surprise']","['anger', 'disgust']",[],['anger']
darija_text_1530_emotion_1,"كَارديان ديال الطوموبيلات فتطوان دار كارثة وصيفط دري صغير للصبيطار فحالة خطيرة,","['fear', 'surprise']",['fear'],"['anger', 'sadness']",['fear']
darija_text_360_emotion_1,ma 3endnach la tv li t9der dirha mni kant la3ba zamalek tma m3aha nit nile ne9lat lmatch,[],['joy'],['anger'],[]
darija_text_1749_emotion_1,ila kan hada maci hors jeu wlah la 3awdt tfrjt f koora,"['anger', 'surprise']",['surprise'],['anger'],"['anger', 'surprise']"
darija_text_1011_emotion_1,hanouna nmout alik nti ou ihab ou sousou,['joy'],['joy'],['joy'],['joy']
darija_text_1101_emotion_1,سلام عليكم هنيئا للشعب المغربي بهذا الإنجاز العظيم الذي اتمنى ان لا يقف عند هذا الحد ب',['joy'],['joy'],['joy'],['joy']
darija_text_2189_emotion_1,الفيفا بغات تحارب التحيز الجنسي في كرة: طلبات من ناقلي البث التلفزي فالمونديال مايركزوش على المشجعات الزوينات فالتيرانات,['surprise'],['surprise'],['surprise'],['surprise']
darija_text_1207_emotion_1,الغرب: الملك جابها فالتسعين,[],[],[],[]
darija_text_731_emotion_1,لابيجي ديال البوليس فتحت لونكيط ف واقعة العثور على جثة رجل مسن فيها اثار الضرب ف برشيد,[],"['fear', 'sadness']","['anger', 'sadness']",['sadness']
darija_text_649_emotion_1,صحاب التعليم الخاص كيرفضو يعطيو شهادة المغادرة باتفاق مع الوزارة باش مايوقع هروب جماعي للتلاميذ من التعليم الخاص ومصدر من الوزارة ينفي تورطهم,['surprise'],"['disgust', 'surprise']",['anger'],['surprise']
darija_text_574_emotion_1,لاعب المنتخب الألماني بودولسكي ولا كيبيع شواراما,['surprise'],['surprise'],['surprise'],['surprise']
darija_text_1135_emotion_1,بالفيديو. شرين عطاتها للشطيح والرديح مع زوجها بعد القرار النهائي الي صدراتو محكمة مصرية فالقضية ديالها,['joy'],['joy'],[],['joy']
darija_text_1190_emotion_1,سلطات أسا زاك تمنع الجمعية المغربية لحقوق الإنسان من استغلال فضاء عمومي,['sadness'],"['sadness', 'surprise']",[],['sadness']
darija_text_714_emotion_1,مقدم مشا يدير خدمتو ويراقب العشوائي جات فيه حجرة وهزوه لبيت الخطار,['surprise'],"['fear', 'sadness']","['fear', 'sadness']","['fear', 'sadness']"
darija_text_2542_emotion_1,ouii kont merra f concert dyalo w ghenaha💃 wow raw3a 😍,['joy'],['joy'],['joy'],['joy']
darija_text_2196_emotion_1,"خاص. تفاصيل صادمة على جريمة اغتصاب تلميذة قاصرة من طرف أستاذ ففاس,","['disgust', 'sadness']","['anger', 'disgust', 'fear', 'sadness', 'surprise']","['anger', 'disgust', 'fear', 'sadness']","['disgust', 'sadness', 'anger', 'fear']"
darija_text_836_emotion_1,خلاف تافه بين جوج جيران فالمحمدية سالا بجريمة قتل,['surprise'],"['fear', 'sadness']","['sadness', 'surprise']","['surprise', 'sadness']"
darija_text_2337_emotion_1,"جديد قضية تبديد فلوس عمومية اللي كيتحقق فيها مع 8 أشخاص بينهم مسؤولين وأطر أمنية.. كَاع المتهمين هبطو للحبس,",[],[],['anger'],[]
darija_text_2184_emotion_1,"لشكر بالصحة و الراحة تستحق وسام مخزني بجدارة و استحقاق""""""""""""""""'",['anger'],['joy'],['joy'],['joy']
darija_text_206_emotion_1,"من بعد بلاغ الأغلبية.. الحموني لـ”كَود”: كنا كنساينو الحكومة تقدم للرأي العام مخطط واضح لمواجهة هاد الأزمة ديال الغلا لكنها رجعات بحال شي وكالة أنباء,",['surprise'],['sadness'],['anger'],[]
darija_text_816_emotion_1,من دابا البرنامج ديال الحكومة المقبلة مسطر !!!!! ماجدوى الانتخابات اذا ؟؟؟؟!!!!!!,"['anger', 'surprise']",['anger'],['anger'],['anger']
darija_text_2314_emotion_1,plz matdwiha 7ta f chi wa7d ila mtaf9in khliwna n3awno wakha hi bretwet,['anger'],[],[],[]
darija_text_2369_emotion_1,زلزال يضرب الحركة الشعبية بإفران. أزيد من 100 عضو يقدمون استقالاتهم وها علاش,['surprise'],['surprise'],[],['surprise']
darija_text_941_emotion_1,البام كيساءل وزير الداخلية فالبرلمان على قضية المحامي اللي دارولو الافراغ,[],[],[],[]
darija_text_181_emotion_1,a laaaa drari 3ndna kil3bo b real so,[],['joy'],[],[]
darija_text_479_emotion_1,بوحناك ديال التصرفيق بغى شي وزارة، عطيه ابن كيران وزارة الرياضة على الله ادير السبور,['anger'],['anger'],"['anger', 'disgust']",['anger']
darija_text_1171_emotion_1,الياس العماري يرفع الحرج عن البي جي دي عبر “كود”: احترم اي موقف ياخدو العدالة والتنمية وراني جيت نساهم فمغرب يسع الجميع وتتسع فيه الحريات الجماعية والفردية,[],[],[],[]
darija_text_2267_emotion_1,سكوب.. الوزير السابق الداودي لـ”كود”: بنتي مريضة وكتعاجل بين سلا وكازا وكتخرج من الدار بلا خبارنا ولاخور هو (سفيان بحري) اللّي تعدا عليها,"['sadness', 'surprise']","['sadness', 'surprise']","['anger', 'sadness']","['sadness', 'surprise']"
darija_text_133_emotion_1,ها هو أندر قرد فالعالم وها الفصيلة اللي تابع ليها وها فين عايش,[],[],['surprise'],[]
darija_text_1261_emotion_1,لماذا مازالت مستمرة؟ لماذا لم توضع اليد على مكان الخلل؟ لماذا تستمر الادارة الحالة في تسييرها؟ لماذا هي خارج نطاق سلطة الحكومة',"['anger', 'surprise']",['surprise'],['anger'],"['anger', 'surprise']"
darija_text_501_emotion_1,هولندا: هجوم اوتريخت ارهابي والمشتبه فيه مخبع فأحد المباني-فيديو مباشر,['fear'],['fear'],['fear'],['fear']
darija_text_1856_emotion_1,ها للي كيساهم فالاغتصاب والعنف فكازا. مجلس كازا همش الثقافة. 50 أستاذا للموسيقى خلاوهم بلا عيد وما تخلصوش هادي 3 اشهر,"['anger', 'disgust', 'fear']","['sadness', 'surprise']",['anger'],['anger']
darija_text_1229_emotion_1,أنا عن نفسي قمت بمسح هذه القناة من برامجي و هذه القناة طال الزمن أو قصر مصيرها إلى ; ',['disgust'],[],['anger'],[]
darija_text_2319_emotion_1,جديد الباركو لي تقلب حدا طرفاية. تعتقو 3 ديال البحارة من الموت والبحث باقي على 7 آخرين مفقودين,"['sadness', 'surprise']",['fear'],['sadness'],['sadness']
darija_text_2641_emotion_1,"تقرير : الجيش المغربي كيفاوض شركات عالمية باش يشري مدرعات عسكرية متطورة,",[],[],[],[]
darija_text_1025_emotion_1,مناطق الواحات وشجر اركان غادة وكتحسن والمؤشرات فيها كلها فالخضر: معدل الفقر هبط ب 6.6 نقطة ما بين 2007 و2019 والاستثمارات العمومية وصلو لـ 93.4 مليار درهم ف 2020 وتخلق 92.624 منصب شغل بين 2012 و 2019,['joy'],['joy'],['joy'],['joy']
darija_text_573_emotion_1,فيصل عزيزي محتفل ب200 ألف مشاهدة بطريقة خاصة,[],['joy'],['joy'],['joy']
darija_text_1342_emotion_1,الميداوي ينبش في ملفات جماعة يرأسها تجمعي. منتمون للبام والتقدم والاشتراكية تحدثوا عن وجود اختلالات في التدبير,[],['surprise'],[],[]
darija_text_1740_emotion_1,sauf que wella tahowa 3amer bezzaf makaynch fin tstalasioni,[],[],['anger'],[]
darija_text_1343_emotion_1,هذا ما تخطط له حركة 20 فبراير لاستعادة وهجها وهذا برنامجها النضالي في الذكرى الثانية لانطلاقتها,[],['joy'],[],[]
darija_text_769_emotion_1,"أستاذ اغتاصب تلميذة قاصرة.. ها شحال خدا ديال الحبس اليوم بعدما تنازلات الضحية قدام جنايات فاس,",['disgust'],"['anger', 'disgust', 'fear', 'sadness', 'surprise']","['anger', 'disgust', 'fear', 'sadness']","['disgust', 'anger', 'fear', 'sadness']"
darija_text_2169_emotion_1,بنعرفة ما دافعش على منتخبيه مزيان. ما جبدش التصرفيقة اللي عطاها والي الرباط لعمدتها وقلل من الاستقالات: صبرو وصمدو وما طيحوش امام الاستفزاز وراني معتز بيكم,['anger'],['anger'],"['anger', 'disgust']",['anger']
darija_text_1864_emotion_1,hbiba achno kalimat oghniya bghit nssma3 lihaa,['joy'],['joy'],[],['joy']
darija_text_1763_emotion_1,عصابة تهاجم رجال الشرطة بـ “الكريموجين” والقيادة العليا للهيأة الحضرية تعزز أسطولها لمحاربة تصاعد الجريمة والسرقة بفاس,['fear'],"['fear', 'surprise']","['anger', 'joy']",['fear']
darija_text_80_emotion_1,جريدة فاشلة',['anger'],['anger'],[],['anger']
darija_text_1321_emotion_1,Wach le chiffre qui est trop présent wala hna li walina radine lbal bezzaf https://t.co/N1M1nhOz6L,['surprise'],[],['surprise'],['surprise']
darija_text_1964_emotion_1,"بيدرو سانشيز فمجلس النواب الإسباني: قرار دعم مبادرة الحكم الذاتي جاي من إرادة إسبانيا ورغبتها فحل ملف الصحرا,",['joy'],['joy'],[],['joy']
darija_text_184_emotion_1,جوج منقبات سدو الشارع وقلبوها دباز على شكون ياخذ صدقة! + فيديو,"['disgust', 'surprise']","['disgust', 'surprise']",['anger'],"['disgust', 'surprise']"
darija_text_2591_emotion_1,شباط وحمدي وولد الرشيد وغلاب أول من وصلوا مؤتمر الاستقلال +صور,[],[],[],[]
darija_text_593_emotion_1,الجامعة تنظر اليوم في إمكانية عودة بودريقة,[],[],[],[]
darija_text_2635_emotion_1,كوثر براني خرجات من دارها من بعد 20 يوم ديال الحجر الصحي باش دير الجلبة لبنتها وكتعيش خوف مضاعف,"['fear', 'surprise']",['fear'],['fear'],['fear']
darija_text_2055_emotion_1,الفايسبوك مقلوب بفيديو بان فيه طفل طاح فقادوس بعدما شفرو شخص فحي تابريكت فسلا والبوليس وقفو,['surprise'],"['anger', 'disgust']",[],[]
darija_text_2081_emotion_1,hada lidar hadchi ollah ta ghayt3deb f l9br hhhhh,"['anger', 'joy']",['fear'],['disgust'],[]
darija_text_1976_emotion_1,fakertini 3andi wa7ed sa7bi 3roubi en vacances en ce moment 3andek hahaha msawer m3a nejma dial tom cruise 😂😂😂 goultlo tafertih 😂😂😂,['joy'],['joy'],[],['joy']
darija_text_2205_emotion_1,قلوب طيبة',['joy'],['joy'],['joy'],['joy']
darija_text_929_emotion_1,الحسيمة هادئة من يروج هده الصور ويريد اشعال الفتنة,"['anger', 'sadness']",[],['anger'],['anger']
darija_text_991_emotion_1,الجنس الجماعي في اكادير. 5 السواعدة و4 المغربيات بغاو يديرو أفلام بورنو,"['anger', 'disgust']","['disgust', 'sadness']",['disgust'],['disgust']
darija_text_2592_emotion_1,شكرا على المجهودات ....اتمنى لو كانت الترجمة',['joy'],['joy'],['joy'],['joy']
darija_text_1121_emotion_1,@user @user @user @user @user Ta ana 3ziza 3lia dounia bezaf !! ma fhemtch ach wa9e3 men lbare7 !!!!,['disgust'],"['joy', 'surprise']",[],[]
darija_text_2100_emotion_1,@user ila kenti fans li hanane 3mli sourtha f lprofile,[],[],[],[]
darija_text_908_emotion_1,الجدارمية فمولاي يعقوب حصلوا طوموبيل فيها كميات كبيرة من الحوت الفاسد -تصاور,['surprise'],"['disgust', 'surprise']",[],['surprise']
darija_text_2239_emotion_1,ردو البال. نوت 7 خطار وحرق دار كاملة وإدارة الطيارن ديال الميريكان قالت للركاب ماتجيبوهش معاكم,"['fear', 'surprise']",['surprise'],"['fear', 'surprise']","['fear', 'surprise']"
darija_text_1455_emotion_1,تحياتي من نضيرة صديقة الفايسبوك  لك عفاف 😍﻿',['joy'],['joy'],['joy'],['joy']
darija_text_459_emotion_1,أول قافلة للنصرة لجماعة العدل والإحسان في اتجاه منزل أمينها العام محمد العبادي بوجدة تضيع طريقها وهذه هي الأسباب,[],['surprise'],[],[]
darija_text_1422_emotion_1,les supporters du zamalik 7taflou w nachttou w far7ou w mchaw yna3ssou w ntouma mazalin tatnb7ou 🤔,['anger'],['disgust'],['disgust'],['disgust']
darija_text_934_emotion_1,wayeeh serbia 9rit kano ki9tlo les muslims hhhhhhhhh mais daba mab9awch o lah o3lem,['surprise'],['sadness'],[],[]
darija_text_1674_emotion_1,المؤبد لمغربي قتل مراتو الصبليونية وولدها,"['disgust', 'fear', 'sadness']","['fear', 'sadness']","['fear', 'sadness']","['fear', 'sadness']"
darija_text_340_emotion_1,وربي يسعدك وينورك ياأغلی إنسان عزيز علی قلبي ويخليلك ويعيشلك الوالدين ديالك يانور عنيا أنت الكبدة وأنت العمر وأنا نحبك كثر وكثر',['joy'],['joy'],['joy'],['joy']
darija_text_1076_emotion_1,الله آرحمه كلنا محسن فكري من مدينة تطوان الله يأخذ الحق في الظالمين,['sadness'],['sadness'],['sadness'],['sadness']
darija_text_194_emotion_1,خلعة خايبة شدات فالمسافرين فالتران ففاس وها علاش,['fear'],['fear'],['fear'],['fear']
darija_text_965_emotion_1,مصيبة هادي.. الحبس لميليارديرة ميريكانية عطات فلوس صحيحة لجماعة متهمة باستعباد العيالات جنسيا,"['disgust', 'surprise']","['anger', 'disgust', 'fear', 'sadness']","['anger', 'disgust', 'fear', 'sadness']","['disgust', 'anger', 'fear', 'sadness']"
darija_text_79_emotion_1,كرايدية في الأمن داو ليها 100 مليون من الفيلا ديالها في الهرهورة,"['sadness', 'surprise']","['fear', 'surprise']",['fear'],"['surprise', 'fear']"
darija_text_646_emotion_1,انت خرجتي على حزب التقدم والاشتراكية وشباط على الاستقلال وداك راس البغل على الاتحاد الاشتراكي,['anger'],['anger'],['anger'],['anger']
darija_text_267_emotion_1,إجراءات التخفيف بالمنطقة 2 بدات اليوم. محلات ديال الحوايج فكازا كتوجد لفتح أبوابها نهار السبت,['joy'],['joy'],['surprise'],['joy']
darija_text_2509_emotion_1,ولاه تا الناس ديال الحسيمة رجولة 👏👏👍👍,['joy'],['joy'],['joy'],['joy']
darija_text_2481_emotion_1,hadchi kayn ghi fel mghrib plutôt ghi fel wydad,"['joy', 'surprise']",[],['anger'],[]
darija_text_1681_emotion_1,الناصري: من حقي ندير السياسة وحتى واحد ما من حقو يمنعني,[],[],[],[]
darija_text_685_emotion_1,وتوما هدروا على أش غدير لحكومة جديدة أشمن منتخب ولا زبل,['anger'],['anger'],['anger'],['anger']
darija_text_2315_emotion_1,إغضب...فأنت لا تسحق أرضك إن بقيت ذليلا و تستلذ دور المظلومين',['anger'],['anger'],['anger'],['anger']
darija_text_2176_emotion_1,تجميد عضوية المنياري بمجلس المستشارين بعد طرده من المركزية النقابية,['surprise'],['surprise'],[],['surprise']
darija_text_1037_emotion_1,أكره كرها شديدا هدا البلد المغرب من اعماقي بسبب غياب الإنسانية عند صيادلة وأطباء المغاربة',['anger'],['anger'],['anger'],['anger']
darija_text_2638_emotion_1,3aychin f blad bnadem ki golik ( bghit gher n3ich ) ...,"['anger', 'sadness']","['anger', 'sadness']","['anger', 'sadness']","['anger', 'sadness']"
darija_text_1829_emotion_1,هذا ما يستهل العرب.هذه الا البداية .يتركون المساجد فارغة و يخرجون بالشعارات و والوقفات في الشوارع ',['anger'],['anger'],"['anger', 'sadness']",['anger']
darija_text_2062_emotion_1,عاجل. الحموشي عطى ترقيات استثنائية لـ3 ديال البوليس وفيهوم جوج من ضحايا تران بوقنادل,['joy'],['joy'],[],['joy']
darija_text_420_emotion_1,أيلون ماسك منع الخدمة عن بعد للموظفين ديال “تويتر”  وها شنو قاليهم,['surprise'],['surprise'],['surprise'],['surprise']
darija_text_735_emotion_1,فهاد البلاد ما كاين لا دين لا قانون شي يشرق اوشي اغرب شي احلال اوشي احرم شي اطبق القانون اوشي اقلب على الثغرات فالقانون ',['anger'],['anger'],['anger'],['anger']
darija_text_1923_emotion_1,ma7bosin tal9ohom ki nas ydoro wla ydakhlo 3ndhom kameratjarna hrab man tamak w 3awd lina ach kayn wkifach rahom 3ychin,['surprise'],['fear'],[],[]
darija_text_1415_emotion_1,قاضي الأحداث يستنطق تفصيل­يا قاصرين شاركوا في مواجهات الطلبة والأمن,"['disgust', 'sadness']",['sadness'],['anger'],['sadness']
darija_text_694_emotion_1,صورة البنت لي دايرة فالفايس ماشي ديال ضحية المضيق والضحية الرابع هزوه للرباط,['sadness'],['sadness'],[],['sadness']
darija_text_1556_emotion_1,التراكتور أون بان: بنشماش رفض المصالحة مع تيار وهبي,[],['sadness'],[],[]
darija_text_2106_emotion_1,نايضة ف محاكم مدريد على صبليونية لاباس عليها عندها عقارات ف المغرب,['anger'],['surprise'],[],[]
darija_text_438_emotion_1,where are those 😍😍😚 kanchofo ghir 9a3 d tanjra hnaya w 3ad zaydinha benefkha 😒😒😒,"['disgust', 'surprise']",['disgust'],[],['disgust']
darija_text_2290_emotion_1,لماذا أحب الدولة؟. خمسة عشرة سببا تجعلني أعشق الدولة وأهيم فيها حبا,['joy'],['joy'],['joy'],['joy']
darija_text_1672_emotion_1,مشكل الحسيمة غادي يزيد يتعقد أكثر بوفاة جديدة. الحداد مات بعد يوم من نقله إلى المستشفى الجامعي بوجدة,['sadness'],['sadness'],['sadness'],['sadness']
darija_text_2311_emotion_1,تباركل جتي واعر انت ديما واعر الله ينور طريقك بحال قلبك واخلاقك وجهك',['joy'],['joy'],['joy'],['joy']
darija_text_1901_emotion_1,بربك قلي من أنت,['surprise'],[],['surprise'],['surprise']
darija_text_2445_emotion_1,الإعلام حزب الفساد البام,['anger'],['anger'],['anger'],['anger']
darija_text_1857_emotion_1,العافية ما زال شاعلة في بيت ترك. دنيا بطمة قلات السم لطليقة زوجها في عيد ميلا ابنتها والأخيرة ترد. محمد تبدل بزاف ملي تزوج بالفنانة المغربية,"['anger', 'surprise']","['anger', 'sadness']","['anger', 'disgust', 'sadness']","['anger', 'sadness']"
darija_text_671_emotion_1,مصرع أربعة أشخاص وجرح 51 آخرين في حادثة السير قرب تازة,['sadness'],['sadness'],['sadness'],['sadness']
darija_text_798_emotion_1,الجنين يسبح في بطن أمه مهاجرا إلى سبتة! ما حدث لا يعنينا في شيء…إنه شأن خارجي,['surprise'],['surprise'],['anger'],['surprise']
darija_text_2376_emotion_1,inshalah ya amira ikono mitl said o adil o bmd o hind o ranya jdidi,['joy'],['joy'],['joy'],['joy']
darija_text_1183_emotion_1,الحاكم الأوحد في المغرب هو محمد السادس اما البرلمان والاحزاب والانتخابات فهي لزوم ديكور,['anger'],[],['anger'],['anger']
darija_text_84_emotion_1,من بعد ألمغاربة من بعد',[],[],[],[]
darija_text_2024_emotion_1,@user w kol wahd 3ando jamhoro ach had tafkiir ayi haja ydirha zwina rah kaymatal wla jmhoor 3lach mamnh9ooch y3amlha zwiiin ??,['anger'],['surprise'],['anger'],['anger']
darija_text_2209_emotion_1,plz hbiba siri mashi msg dyalak daba ydawzouh lhahana baraka 3liha ghir lf9ays li tama,['joy'],[],['sadness'],[]
darija_text_1044_emotion_1,الاسبرين مضاد للالتهابات في محاربة السرطان,[],[],[],[]
darija_text_1884_emotion_1,هذي هيا حكومة بن كيران حكومة التعنيف و قمع الشعب و توقيف المظاهرات بالقوة وبالضرب و الجرح المتظاهرين,['anger'],['sadness'],['anger'],['anger']
darija_text_603_emotion_1,لاينبغي لصحفي يحترم نفسه ويحترم مهنته ان يطرح مثل هذا السؤال',['anger'],['anger'],['anger'],['anger']
darija_text_2003_emotion_1,خلى غي الجيران. سمحات فيه صاحبتو.. قتلها هي وصاحبها الجديد وعائلتها,"['sadness', 'surprise']","['disgust', 'fear']",['fear'],['fear']
darija_text_302_emotion_1,إليسا: كنعيش قصة حب جديدة ومغاديش نقول لكم معامن,[],['joy'],['joy'],['joy']
darija_text_1016_emotion_1,الزفزافي يوجه مدفعيته الثقيلة إلى الدولة. اتهمها بشن حرب عرقية وعنصرية ضد الريف !,"['anger', 'surprise']",['anger'],['anger'],['anger']
darija_text_410_emotion_1,شلل تام يضرب مختلف المحاكم الأسبوع المقبل,['surprise'],['anger'],['surprise'],['surprise']
darija_text_2494_emotion_1,3lach alaghini dyalk matadirihomch vidyou clib,[],[],[],[]
darija_text_1372_emotion_1,hhhhhhhhhhh fado souk ch7al fikom hadra mktsaloch mani tssalo 3lmoni,['joy'],['joy'],[],['joy']
darija_text_1274_emotion_1,nihad goli l betty rah salah dayarlha follow,[],['joy'],[],[]
darija_text_2377_emotion_1,ها 23 لاعب الذين يتنافسون على جائزة أفضل لاعب في العالم,[],[],[],[]
darija_text_2070_emotion_1,خاص. الداعشيين لي طاحو اليوم كلهم تلاميذ,['surprise'],[],['anger'],[]
darija_text_1692_emotion_1,إغضب...فإن الارض تعشق الثائرين',['anger'],['anger'],['anger'],['anger']
darija_text_1049_emotion_1,اخنوش عزيز رجل المرحلة بإمتياز.. و الرهان عليه  سيكون من اجل المصلحة الوطنية,[],[],[],[]
darija_text_1580_emotion_1,شباط: حزب الاستقلال يشكل “لجنة من الخبراء” لمقاضاة رئيس الحكومة الاسبوع المقبل,[],[],[],[]
darija_text_748_emotion_1,"“الفاو”: أسعار المواد الغذائية فالعالم شاعلة فيها العافية بسباب الحرب فأوكرانيا,",['surprise'],['sadness'],"['anger', 'sadness']",['sadness']
darija_text_275_emotion_1,حادثة سير بالحسيمة تنهي حياة شيخ كان راجلا، وإصابة سائق السيارة بجروح خفيفة + صور,['sadness'],['sadness'],['sadness'],['sadness']
darija_text_2035_emotion_1,هذا افتراء وكلام كاذب المغرب دولة مسلمة سنية وليس بها شيعة هذه بلبلة وإشاعة مفبركة,"['anger', 'surprise']",['anger'],['anger'],['anger']
darija_text_1520_emotion_1,السلطات المصرية كتفرق تذاكبر بلا فلوس لمشجعي الجزائر فنهائي الكان أمام السنغال والرئيس بنصالح حاضر للماتش,['joy'],['surprise'],['surprise'],['surprise']
darija_text_1271_emotion_1,رحيل فنان مبدع: حمادي التونسي. كاتب اغنية “يا الغادي فالطونوبيل” دوز حياة فنية زوينة,['sadness'],['sadness'],['sadness'],['sadness']
darija_text_155_emotion_1,الصحراء المغربية بكل متحمل الكلمة دائماا المغرب #حتى يرث الله الأرض ومن عليها',['joy'],['joy'],['joy'],['joy']
darija_text_818_emotion_1,الكريساج ديال الطوموبيلات فالمحمدية.. مول الفلعة تشد اليوم وكيدير راسو “متشرد” بلش يشفر,['surprise'],['surprise'],[],['surprise']
darija_text_1788_emotion_1,العضاض سواريز فرتت عظام الملكي. هاتريك للمهاجم الأوروغوياني فكلاسيكو الأرض اللي حسماتو البارصا بخماسية,['surprise'],[],"['joy', 'surprise']",['surprise']
darija_text_2657_emotion_1,بالفيديو. ترامب سنة 1992 كيهضر مع برهوشة وكيقولها انتصاحب مع هاد البنت بعد 10 سنين!,['disgust'],"['disgust', 'surprise']",['disgust'],['disgust']
darija_text_817_emotion_1,العز للمغاربة الرجال أو الريافة الأحرار يمشيو العيان يموتو المغرب فيه شعب متحضر,['joy'],['joy'],['anger'],['joy']
darija_text_2664_emotion_1,داعش كتاكل راسها. تنظيم الدولة الاسلامية يعدم واليه بالموصل بتهمة الخيانة العظمى,['anger'],['fear'],['anger'],['anger']
darija_text_1673_emotion_1,المشكلة تاواحد محسن من واحد كلهم شفارة بنكيران فايتهم بحاجة وحدة تايتهلا فيريوس لكبيييرة على ضهر المسكين هادشي باش هو زين,['anger'],"['disgust', 'surprise']",['anger'],['anger']
darija_text_1119_emotion_1,الأمير مولاي رشيد يحتفل بأول عيد ميلاد “مجردا” من لقب “أشهر عازب” في المملكة,['joy'],['joy'],['joy'],['joy']
darija_text_2648_emotion_1,اعتقال مغربي قتل مواطنه بمدينة درسدن الالمانية,['surprise'],"['fear', 'sadness']",[],[]
darija_text_85_emotion_1,الكلاب المدربة شمشات على كمية مهمة من لحشيش وكانت مخبعة فنفاخات (صور),['surprise'],['surprise'],['surprise'],['surprise']
darija_text_1297_emotion_1,الوردي يوقف مجموعة من الممرضين بسبب احتجاجهم ونقابات الصحية تندد,['anger'],"['anger', 'sadness']",['anger'],['anger']
darija_text_1640_emotion_1,هنيئا لنا على التخلص من حكيمة الحيطي! مباشرة بعد ذهاب الوزيرة سيُصبِح المغرب نقيا ونظيفا، فالقضية كما يبدو لا تتعلق بالنفايات، بل بشخص هذه المرأة التي جعلنا منها وحشا واتحدنا جميعا من أجل القضاء عليها,['joy'],['disgust'],['anger'],[]
darija_text_1235_emotion_1,عاش المغرب دولة الدستور الاسلامي هدا هو شعارنا,[],['joy'],['joy'],['joy']
darija_text_1314_emotion_1,المغربي الحسناوي يسجل هدفا جديدا في الدوري الهولندي,['joy'],['joy'],[],['joy']
darija_text_157_emotion_1,تنظيم “داعش” يُهدّد حسناء العراق شيماء قاسم,['fear'],['fear'],['fear'],['fear']
darija_text_483_emotion_1,سكوب. “كود” تكشف حقيقة ما وقع يوم السبت الأسود فدونور وكيف انتفض “الإيغلز” ضد “الغرين بويز” بعد إشارة الراقي,['anger'],['surprise'],['anger'],['anger']
darija_text_445_emotion_1,@user @user @user @user blamatchokay a 5ti da7ki o 5ali danya d7ak lik nsay 3lik bnadm o ach yktbo,['joy'],['joy'],[],['joy']
darija_text_1832_emotion_1,استفتاء الأهرام: تاعرابت أفضل محترف في أوروبا وبرادة أفضل دولي صاعد ولمياغري يحصد جائزة التميز,['joy'],['joy'],[],['joy']
darija_text_232_emotion_1,"مزال دايخ.. زعيم البوليساريو: مافهمناش هاد التحول الخطير فموقف إسبانيا من ملف الصحرا,",['surprise'],"['sadness', 'surprise']",['surprise'],['surprise']
darija_text_709_emotion_1,من بعد لحريك والتشدد والتهريب. الجوندارم قرقبو على جوج و350 الف اورو مهربة حدا الداخلة,['surprise'],['surprise'],[],['surprise']
darija_text_104_emotion_1,نصاب خاص. أسس مقاولات وهمية باستعمال بطائق وطنية لأشخاص متوفين ونصب على خمس شركات في 2 ملياري سنتيم,"['fear', 'sadness', 'surprise']",['surprise'],['surprise'],['surprise']
darija_text_380_emotion_1,شد حبل بين الماص وثلاثة من لاعبيه,[],[],[],[]
darija_text_39_emotion_1,اعتقال متظاهرين في تنغير وها علاش,['anger'],"['anger', 'disgust']",['sadness'],['anger']
darija_text_394_emotion_1,اليوم الاثنين تنطلق محاكمة عشريني مغربي بإسبانيا بتهمة التمجيد بالارهاب بعدما نشر فيديوهات لصالح تنظيم القاعدة تحت إسم الملا عمر,"['fear', 'sadness', 'surprise']","['sadness', 'surprise']",['anger'],"['sadness', 'surprise']"
darija_text_2148_emotion_1,إعتقال مغربي و4 ديال الصبليون خطفوا ألماني جوج سيمانات وسلخوه عصا وكانو غايقتلوه بالجوع,"['fear', 'sadness']","['anger', 'surprise']",['fear'],['fear']
darija_text_1518_emotion_1,iwa hit mosalima kathdar 3la islam b 39al ama sahayina rah moskhin kaysabo fina bla may7aso,['anger'],['disgust'],['anger'],['anger']
darija_text_1632_emotion_1,nn khass ydaghto 3lihom bach y9alsso lmoda habo baghin ydiro labass 3la dharna,['anger'],['surprise'],['anger'],['anger']
darija_text_961_emotion_1,الحرب.. صور أقمار صناعية بينات توسع سريع لمقبرة جنوب أوكرانيا,[],"['fear', 'sadness']","['fear', 'sadness']","['fear', 'sadness']"
darija_text_1612_emotion_1,سخيف ههههههههه,['joy'],['joy'],['joy'],['joy']
darija_text_746_emotion_1,نعم للعدالة الاجتماعية والاقتصادية والسياسية لا للفتنة اللهم انصر الاسلام والمسلمين,['anger'],['joy'],['anger'],['anger']
darija_text_1199_emotion_1,baghin tkarho ga3 nas f hanane fans mriid,"['sadness', 'surprise']",['anger'],['anger'],['anger']
darija_text_2344_emotion_1,مبارك عواشركم اخوتي المثقفين. تعيدو وتعاودو,['joy'],['joy'],['joy'],['joy']
darija_text_2177_emotion_1,نوال الزغبي غادي تعتازل الغنا وها فوقاش- فيديو,['surprise'],['surprise'],[],['surprise']
darija_text_1481_emotion_1,@user @user achmn aghlabiya o dok nass likano hadrin machi mgharba ...nass monafi9in tl9ahom kitfarjo o9olo mabaghinoch ..,['anger'],['sadness'],['anger'],['anger']
darija_text_1244_emotion_1,f al 7a9i9a 3ajbatni kalimat o l 7ikam li ktabti mai eqt ce que tu es lun de mes amis ou quoi,['joy'],['joy'],['joy'],['joy']
darija_text_1709_emotion_1,بان ليك غير المغرب والملك يلا معجبك الحال سير عيش فشي دولة عربية احسن من المغرب,['anger'],['anger'],['anger'],['anger']
darija_text_832_emotion_1,كل الفرق التي دربها فشل معها. اقول لسي زاكي سير ترتاح راك شوهتي .حشم شويا',['anger'],['anger'],['anger'],['anger']
darija_text_2260_emotion_1,machi darori tkhayel m3aya bnek de 5 ans chiyar chi lo3ba jatek nel 3aynina dabezti m3a jara konti kharja men bab we weld l7awma tira fe ballon jak nel 3aynina mohim tzer9atlek l3aynina we sab7a khadama had make up tutorial ye9dar ynef3ek,['anger'],[],[],[]
darija_text_2211_emotion_1,المغرب كيتقوى عسكريا. دبابات «أبرامز» أمريكية إضافية بصياد قاتل في طريقها للمغرب,['joy'],['joy'],['surprise'],['joy']
darija_text_2335_emotion_1,اويلي اش هاد العجب ياربي السلامه',['surprise'],['surprise'],"['fear', 'surprise']",['surprise']
darija_text_70_emotion_1,تحية لاهل الحسيمة,['joy'],['joy'],['joy'],['joy']
darija_text_2326_emotion_1,الجنرال البرهان هو الرئيس الجديد للسودان,[],[],[],[]
darija_text_1118_emotion_1,trans almou nta w zhrak t9dar tti7 f wa7d jdid 7ssan mn ctm c+ o t9dar tti7 f wa7d kfass mn trans kam 7ni9za 😅,[],[],[],[]
darija_text_1470_emotion_1,يالمذلولا الذل لي راكم عايشين فيه يكفيكم وزيادة اصبحتم أضحوكة العالم',"['anger', 'disgust']","['anger', 'disgust']",['disgust'],"['anger', 'disgust']"
darija_text_2030_emotion_1,جوج مثليين سالاو الجنس جبدو لمضا على بعضياتهم,['surprise'],['surprise'],['disgust'],['surprise']
darija_text_1722_emotion_1,الدزاير مقروصة من المغرب. بوكَادوم مشا لمالي يتلاقى لجنة انقاذ الشعب المالي بعد إشادتها بالملك,['anger'],['surprise'],['anger'],['anger']
darija_text_1916_emotion_1,في الصورة حمزة منديل وشقيقه الصغير ههههه. حمزة لاعب ضعيف لا يستحق التواجد بالمونديال',['joy'],['sadness'],"['anger', 'disgust']",[]
darija_text_2092_emotion_1,هادو طلع ليهم الجوك هاد السيمانة: تعيينات جديدة في مناصب سامية صادق عليها بنكيران,['surprise'],['joy'],[],[]
darija_text_2103_emotion_1,ها وقتاش غادي يقدم بنعرفة للملك طلب إعفاء الوزير الداودي وتعديل حكومي جديد ينتظر الحكومة,[],[],[],[]
darija_text_2392_emotion_1,مواجهات عنيفة فعين اللُّوح صيفطات 17 عنصر من القوات العمومية للمستشفى الإقليمي بإفران,['fear'],"['anger', 'fear', 'surprise']","['anger', 'sadness']","['fear', 'anger']"
darija_text_765_emotion_1,بعدما اعتاقلو الانتربول فأوروبا. استئنافية مراكش ضربات مسؤول فالجمارك سرق 6 مليار ب12 العام دالحبس,['surprise'],['surprise'],['surprise'],['surprise']
darija_text_458_emotion_1,دارولو شوهة حقيقية. بالفيديو مواطنون يحاصرون رئيس جماعة بالناظور ويتهمونه بنهب الجماعة قبل أن ينقذه رجال الدرك,"['fear', 'sadness']",['surprise'],"['fear', 'sadness']","['fear', 'sadness']"
darija_text_2320_emotion_1,الإحتقان كيزيد. مجموعة الصم والبكم فالعيون دايرين اعتصام بسطح مبنى محاذي للجهة والوكيل العام فك الجرة(+فيديو وصور),['anger'],"['anger', 'surprise']","['anger', 'sadness']",['anger']
darija_text_2028_emotion_1,الدولة تحارب الارهاب علاش متحاربش هدشي راه الناس كيعانيو بزاف من هاد ...,['anger'],['disgust'],['anger'],['anger']
darija_text_1526_emotion_1,"نظام العسكر فالدزاير : كندينو عمليات القصف اللي كتقوم بيها القوات المغربية ف”المنطقة العازلة”,",[],['surprise'],"['disgust', 'surprise']",['surprise']
darija_text_1669_emotion_1,7yati kamla o ana kntsena tnud li le7ya kbira bash ndir no shave november mazal kntsena 😭,['sadness'],['sadness'],['sadness'],['sadness']
darija_text_110_emotion_1,ضربة اخرى للمرأة. “دوزيم” تمنح برنامجا دينيا لعالم دين يجيز ضرب الزوج لزوجته!,"['disgust', 'fear', 'sadness']","['anger', 'disgust']","['anger', 'disgust']","['disgust', 'anger']"
darija_text_1050_emotion_1,محبي الرجاء البيضاوي: اعتقال هاجر الريسوني تصفية حسابات سياسية,['surprise'],['surprise'],['anger'],['surprise']
darija_text_911_emotion_1,"خاصة بالعمرة.. الفريق الحركي كيطالب من وزير النقل باش يزيد رحلات جوية أخرى للسعودية,",[],[],[],[]
darija_text_2673_emotion_1,الشناقة ديال لبام جهلوا وﻻوا غير كينبحو بحال لكﻻب [[positiveHOTO]],['anger'],"['anger', 'surprise']",['anger'],['anger']
darija_text_883_emotion_1,#IbtissamTiskat tssawro dak nass lihajro hissabat dyalhom chi mn chhar 12 xhi 1 chi 2...tssawro irej3okamliin o talo 3lina hhhh knhlm bezf,['joy'],['joy'],[],['joy']
darija_text_32_emotion_1,"هنيئا لك يا عالمي نحن فخورون بك جدااا جدااا جدااا ... جدااا """""""""""""""" مبرووووووووووك الربحة الليلة الفرحة'",['joy'],['joy'],['joy'],['joy']
darija_text_1117_emotion_1,هجوم عنيف على غزاوي بسبب تحوله من قراءة القرآن إلى الغناء,['anger'],['surprise'],"['anger', 'fear']",['anger']
darija_text_2361_emotion_1,ach katgoli britiha dir lik hafla heda bab darkom hhh,['joy'],[],['anger'],[]
darija_text_605_emotion_1,بدم بارد.. جوج خوت ففاس قطعو لواحد الكف ديال يديه فمنطقة سهب الورد,"['fear', 'sadness']","['anger', 'fear', 'sadness']","['disgust', 'fear']","['fear', 'sadness']"
darija_text_940_emotion_1,البام هو الرابح الاول من الريال. مؤسسة يرأسها بكوري توقع اتفاقية مع ريال مدريد,[],[],[],[]
darija_text_1377_emotion_1,سميرة سعيد تبوح ببعض أسرارها: ساعود للاستقرار بالمغرب واللي يقلقني فالفايس هما دوك التعاليق اللي كذكرني بعذاب القبر,['sadness'],[],[],[]
darija_text_743_emotion_1,اوا سيرو تخدموا راكوم كتحيدو الدم لعباد الله فالعام والخاص ماكاتحشموش ',['anger'],['anger'],['anger'],['anger']
darija_text_2659_emotion_1,الملك يطير إلى طنجة,[],[],[],[]
darija_text_1866_emotion_1,فيسبوكيون ينعون “مي ميلودة” التي توفيت قبل مشاهدة قصتها ببرنامج “الحبيبة مي” على دوزيم,['sadness'],['sadness'],['sadness'],['sadness']
darija_text_1686_emotion_1,ناس جهة العيون فرحو بعدما مشى بوشعاب يحظية وطلبو مايكونش الوالي الجديد بحال لي سبقوه,['joy'],['joy'],['joy'],['joy']
darija_text_1139_emotion_1,اختي نحن المغربا نحب الجزائريين أصحاب العقول الرقية اما المغرب شراف الكول دولة عربية,['anger'],[],['anger'],['anger']
darija_text_2660_emotion_1,شكرًا لكم بزاف .. قريت جميع التعاليق و أسعدني تفاعلكم ♥️ أسعدكم الله 🌸﻿',['joy'],['joy'],['joy'],['joy']
darija_text_412_emotion_1,المغرب حطم الروكور فعدد الإصابات الجديدة بكورونا اليوم: 570 تصابو و228 تشافاو و7 ماتو.. الطوطال: 18834 مصاب و16100 متعافي و299 متوفي .. و2435 كيتعالجو,"['fear', 'sadness', 'surprise']","['sadness', 'surprise']",['sadness'],"['sadness', 'surprise']"
darija_text_65_emotion_1,مندوبية السجون: المعطي منجب علمنا شفويا أنه دخل دابا ف إضراب على الماكلة وحاولنا نقنعوه باش يوقفو و مابغاش,['surprise'],"['sadness', 'surprise']",['sadness'],"['surprise', 'sadness']"
darija_text_345_emotion_1,الأغلبية الحكومية: ها التفاصيل كولها ديال الاجتماع اللّي درنا,[],[],[],[]
darija_text_1430_emotion_1,بالفيديو. شاب طلع يدير سيلفي فوق تران عبط ميت,['surprise'],['sadness'],['sadness'],['sadness']
darija_text_698_emotion_1,لي قتل غارديا طوموبيلات فمولاي رشيد فكازا جابوه البوليس,['surprise'],"['fear', 'sadness']","['fear', 'sadness']","['fear', 'sadness']"
darija_text_530_emotion_1,"فحملة بتنسيق مع “الديستي”.. الفرقة الوطنية طيحات ريزو متورط فإطلاق النار فتصفية حسابات بين بزناسة – تصاور,",[],['fear'],['fear'],['fear']
darija_text_56_emotion_1,حديقة حيوانات ولازال هنالك اناس لا يؤمنون بنظرية التطو',['anger'],['surprise'],[],[]
darija_text_1748_emotion_1,hhhhhhhhhh a sidi rir siro mn jihty,['joy'],['joy'],"['disgust', 'joy']",['joy']
darija_text_880_emotion_1,sba7ek ward o foll o yasmin,['joy'],['joy'],['joy'],['joy']
darija_text_801_emotion_1,اغتصاب الديمقراطية بموافقة الوالدين,"['anger', 'surprise']","['anger', 'disgust']",['anger'],['anger']
darija_text_476_emotion_1,ميزانية 2023.. التصويت بالإجماع على فرض الضرائب على المعسل ديال الشيشا لي مافيهش التبغ,['surprise'],[],[],[]
darija_text_944_emotion_1,دواير الزمان وقلة الوفاء. بنعرفة وصحابو فالتحالف: اجيو نجريو على البي بي اس والغلة غادية ياكلها لشگر,['anger'],['disgust'],['anger'],['anger']
darija_text_2455_emotion_1,أرى فقط اصحاب العقول الراقية هي التي تقف وراء هذا الرجل .الله اغلبك عليهم السي بنكيران,['joy'],['joy'],['anger'],['joy']
darija_text_2684_emotion_1,شهادات من الامارات2: وحدة من المغربيات الي عايشين فالخليج توفات! وها التصريحات ديالها لكود قبل ماتموت + صور,['surprise'],['sadness'],['sadness'],['sadness']
darija_text_2265_emotion_1,✌✌👍👍👍تحية لسكان الحسيمة,['joy'],['joy'],['joy'],['joy']
darija_text_424_emotion_1,@user siri a ghita ana bghit lik jenna o yarebi nfrhouha o tbki blfrha nhar jm3a #hananeelkhader #staracarabia,['joy'],['joy'],['joy'],['joy']
darija_text_2438_emotion_1,ها تفاصيل عملية القوات المسلحة لحجز 3200 كيلو دالحشيش حدا الجدار,['surprise'],['surprise'],[],['surprise']
darija_text_813_emotion_1,لعافية شاعلة ف سمارة : حريق مهول بالغابة و السكان خايفين على ديورهم (صورة حصرية)‏,['fear'],"['fear', 'sadness']","['fear', 'sadness']","['fear', 'sadness']"
darija_text_335_emotion_1,@user hahahahhahah nissan ach ban lik f omar lotfi ma3bdi manssalou jab sarout dek nhar li d7akna 3la chawki,['joy'],['joy'],[],['joy']
darija_text_669_emotion_1,كيتكلف حتى بالجثث المتحللة.. غيني مكلف بالدفن والبحث على هوية المهاجرين المجهولين اللي لاحهم البحر فالناظور: كنرتاح فهذ العمل التطوعي واخا كيألمني ندفن ناس ماسول فيهم حد,['sadness'],['sadness'],['sadness'],['sadness']
darija_text_1429_emotion_1,wala ihamk ghir khalihoum mnhoum llah,"['anger', 'sadness']",['disgust'],['anger'],['anger']
darija_text_1588_emotion_1,قاصر ينتحر شنقا حيث ماجابش نقطة مزيانة في الامتحان',"['sadness', 'surprise']","['anger', 'sadness']",['sadness'],['sadness']
darija_text_1103_emotion_1,"أزمة “أساتذة الكونطرا”.. بنموسى: حققنا ليهم عدد من المطالب وآخرها الانخراط فال”CMR” وعبرنا ليهم بزاف ديال المرات على استعدادنا لفتح نقاش صريح,",[],[],['anger'],[]
darija_text_1980_emotion_1,اعتقال شابة مغربية فإسبانيا قتلات ولدها بموس مباشرة بعد ولادته,"['disgust', 'sadness', 'surprise']","['fear', 'sadness']",[],['sadness']
darija_text_2523_emotion_1,كلنا سعد   لانه يصنع دواء القلب .  لايعلم الحقيقة الا الله   عاش الملك محمد السادس نصره الله,['joy'],[],"['joy', 'sadness']",['joy']
darija_text_215_emotion_1,بوهمو خواف ما عندو خرقة. اختار التعليم باش يدير بيزنس ديالو ويبعد من كل منافسة مع الهولدينگ الملكي,['anger'],['surprise'],[],[]
darija_text_497_emotion_1,@user @user hhhhhhhhhhhhh mina kharjatha wa3a mn fomha bhala kat3ayet nit 3la chi mina dyalna hhhh,['joy'],['joy'],[],['joy']
darija_text_2514_emotion_1,راه خاصهم زيادة ولبقعة الارضية  .راه هما لي كايخدمو الدولة,['anger'],[],['anger'],['anger']
darija_text_233_emotion_1,حشومة عليه طمع فيها مسكينة',['sadness'],['sadness'],['sadness'],['sadness']
darija_text_2123_emotion_1,ديما منيب كلامها في الصميم,[],['joy'],['joy'],['joy']
darija_text_688_emotion_1,هادشي لاش مشاو لأوروبا. جزائريين هاجموا قاصر مغربي باش يسرقوه في بلغراد وهو يضرب واحد فكرشو بموس,"['anger', 'surprise']","['fear', 'sadness']","['anger', 'sadness']","['anger', 'sadness']"
darija_text_2010_emotion_1,قاضي التحقيق المكلف بملفات الارهاب غادي يتصنت تفصيليا للسويسري والمغاربة اللي قتلو السائحتين فشمهاروش,['sadness'],['sadness'],[],['sadness']
darija_text_1528_emotion_1,كلنا محسن فكري الي مات حنت تيبيع بالجملة حوت تاع الباونات توع الحوت,['sadness'],['sadness'],['sadness'],['sadness']
darija_text_1124_emotion_1,الصحافي الشرعي شاف على شخصيات كبيرة بزاف من المخابرات والسياسة والجيش فامريكا واسرائيل وبريطانيا وسنغفورا,[],[],[],[]
darija_text_1042_emotion_1,«الديربي» فهاد الدورة.. والوداد يستهل حملة دفاعه عن اللقب باستقبال هذا الفريق,[],[],[],[]
darija_text_367_emotion_1,هادا مشى بعيد فحقارتو. أرناكور بغا 2000 درهم كل سيمانة من شاب اغتصبو بالعنف,"['anger', 'disgust', 'fear']","['anger', 'disgust', 'sadness']",['anger'],"['anger', 'disgust']"
darija_text_2042_emotion_1,"Awdi lah ikhrjna mn dar l3ib bla 3ib, makat3rf mnin tbdaha, lah irhmo w isbr walidih w safi",['sadness'],['sadness'],['sadness'],['sadness']
darija_text_131_emotion_1,بعدما غبرات على الساحة الفنية.. شذى حسون رجعات لجمهورها -فيديو,"['joy', 'surprise']",['joy'],['surprise'],"['joy', 'surprise']"
darija_text_2464_emotion_1,نتما مكتفهمو والو في سياسة أكتهضرو وباز,['anger'],"['anger', 'disgust']",['anger'],['anger']
darija_text_2139_emotion_1,شكرا ناس الحسيمة ناس اﻻخﻻق والحضارة,['joy'],['joy'],['joy'],['joy']
darija_text_810_emotion_1,جوج أستاذات تهمو مدير وحارس بالتحرش وإحداهن حامل لوكيل الملك: قاليا غير جوج بوسات كيقضيو الغرض,['disgust'],"['anger', 'disgust', 'fear', 'sadness']","['anger', 'disgust']","['disgust', 'anger']"
darija_text_256_emotion_1,الأخبار. الحكومة تفرج عن قانون المالية قبل ظهور نتائج اقتراع الجمعة المقبل,['surprise'],['joy'],[],[]
darija_text_2204_emotion_1,شكرا اورونج فالا نترنيت تصل الينا حتى البوادي وان لم اقل الجبال فاورنج انهت عزلتنا شكرا مرة اخرى عيد ميلاد سعيد مع المزيد والحرص على العمل ',['joy'],['joy'],['joy'],['joy']
darija_text_2674_emotion_1,نايضة في الجامعة.. أعضاء غاضبون من لقجع ويهددون بالاستقالة.. وها علاش,['anger'],[],['anger'],['anger']
darija_text_1254_emotion_1,العين بالعيس و السن بالسن. هدا لي قال طحن مو . بغيناه يتطحن قدام شعب.,['anger'],['anger'],['anger'],['anger']
darija_text_2432_emotion_1,البرشا متعة وميسى ظاهرة لكن تتكرر',[],['joy'],['joy'],['joy']
darija_text_1064_emotion_1,شكرا لبنكيران لانه اقتطع من راتبي  ولاية ثانية انشاء الله,['joy'],['anger'],['anger'],['anger']
darija_text_1458_emotion_1,وثائق من المحكمة الأوروبية تدين الجمهورية الإيطالية وتلزمها بأداء غرامات كبيرة للإتحاد الأروربي ،حيث تعترف الجمهورية الإيطالية بخطر هذه النفايات على صحة الإنسان والبيئة ،وتدين المحكمة الأوروبية الجمهورية الإيطالية بعدم ٱلتزامها بشروط السلامة والصحة في معالجة هذه النفايات ،وهذه النفايات منذ وهي مخزنة في أماكن خاصة ولم يكن باٌستطاعة أي معمل إيطالي معالجتها ، لماذا اليوم نفايات إيطاليا بالمغرب بالضبط؟‼ بارطاجي يا مواطن وٱفضخ الخونة المفسدون،،',"['disgust', 'sadness']",['surprise'],['anger'],[]
darija_text_348_emotion_1,نيجليك خصم الرجاء فالعصبة دار خطوة مهمة باش يربح الخضرا فالنيجر,[],['joy'],['surprise'],[]
darija_text_366_emotion_1,ترح و ترجع بالسلام ياحبيبي',['joy'],['joy'],['joy'],['joy']
darija_text_2433_emotion_1,صاحب ترامب الملياردير المريكاني جيفري إبشتاين انتاحر فالحبس.. كان غيدوز 40 عام بتهمة الاتجار والاسغلال الجنسي ديال القاصيرات,"['sadness', 'surprise']","['disgust', 'sadness']",['sadness'],['sadness']
darija_text_352_emotion_1,La petite princesse @user bghat tgolikom chi 7aja nsam3o liha alors ;) #FVX #JVTK… https://t.co/0Rl5j9KhKQ,['joy'],[],[],[]
darija_text_173_emotion_1,لعاب فالبطولة فتح على القلب ولاصيرونس رفضت تعوضو فمصاريف العملية,['surprise'],['surprise'],['sadness'],['surprise']
darija_text_1735_emotion_1,ila nti katchofih mo9aziz babah khoto mamah mo3jabih kaychofoh a7san wa7id kima katchofek mamak zwin,['anger'],[],"['anger', 'disgust']",['anger']
darija_text_152_emotion_1,يا ربي تلطف بنا الله يرحم الناس لي ماتوا و يصبر اهلهم .',"['joy', 'sadness']",['sadness'],['sadness'],['sadness']
darija_text_217_emotion_1,الأمن الجزائري يمنع 270 مغربيا من العبور إلى ليبيا بدعوى الاشتباه في تخطيطهم للإلتحاق بداعش في ليبيا,"['sadness', 'surprise']",['surprise'],"['anger', 'surprise']",['surprise']
darija_text_693_emotion_1,فضيحة ف المعرض الدولي للسياحة..جاو ليه ناس معندهوم علاقة بالسياحة على ظهر المال العام,['surprise'],"['anger', 'surprise']",['anger'],"['surprise', 'anger']"
darija_text_6_emotion_1,الصهد دالمعقول جاي فالطريق. مديرية الأرصاد الجوية تُحذر: راه الحرارة غادي توصل حتى لـ44 درجة مائوية,['surprise'],['fear'],['fear'],['fear']
darija_text_494_emotion_1,تحية للشريفات المغربيات ',"['joy', 'surprise']",['joy'],['joy'],['joy']
darija_text_2586_emotion_1,بعدما تفارقات مع خطيبها.. جنيفر لوبيز خوات ميامي باش تعيش قريبة من بن أفليك,[],[],[],[]
darija_text_1410_emotion_1,شباط خلى حتى الحركة تخرج للعار. حزب العنصر: علال الفاسي راه كيتقلب في قبره جراء هجمات شباط,"['fear', 'surprise']","['disgust', 'sadness']",[],[]
darija_text_2655_emotion_1,يا بني ، لقد فاتك القطار ، كونا منتخب بدونك وحتي وإن انهزم فلا بأس. ',['sadness'],"['anger', 'sadness']",['anger'],"['sadness', 'anger']"
darija_text_2389_emotion_1,"نايضة ف “الگونگريسو” على طرد ناشطين صبليونيين كانو باغين يتلاقاو مع الانفصالية سلطانة خيا,",['anger'],['surprise'],[],[]
darija_text_1396_emotion_1,ردو بالكم يا لمغاربة. هاد المضادات الحيوية خاصكم تبعدو منها نهائيا,['surprise'],[],[],[]
darija_text_858_emotion_1,"لتمويل الاقتصاد الأخضر .. البنك الأوروبي لإعادة الإعمار حط 163 مليون أورو للمغرب,",[],['joy'],[],[]
darija_text_783_emotion_1,مؤشرات على قبول الاستقلال المشاركة فالحكومة: شباط امام معارضة قوية لجهات الصحراء والشرقية اللي نوضوها مع البام,['anger'],['surprise'],['anger'],['anger']
darija_text_1310_emotion_1,@user ghanthalaw fiha mzyan balbayd ghir goliha tji dik sa3a une fois ngol lmgharba hadik 9assmat bladna ytal3o yakloha,"['anger', 'surprise']",['surprise'],['anger'],"['anger', 'surprise']"
darija_text_2137_emotion_1,nn machi hadra ana 3tito num lmara lawla 3ayet liha w 9alet lih mssafra lmasr w 3yet liha lmarra tanya,[],[],['anger'],[]
darija_text_1028_emotion_1,بعدما غبرها الزواج على الساحة الفنية.. حنان الخضر كتوجد باش ترجع تغني,[],[],[],[]
darija_text_2175_emotion_1,@user Hhhh hadok ysawebo Kolchi. Tarikhe ki katbouh a bi stylo bik hhh,['joy'],['joy'],[],['joy']
darija_text_1303_emotion_1,ان الله يمهل ولا يهمل الله يجازي كل من كان له السبب في موت محسن فكري,['sadness'],"['anger', 'sadness']","['anger', 'sadness']","['sadness', 'anger']"
darija_text_2305_emotion_1,طنجة كتوجد باش تبدا مشروع تحلية الما ديال البحر فمواجهة الخصاص الخطير فالما الصالح للشرب,['joy'],['joy'],['fear'],['joy']
darija_text_1071_emotion_1,بغاو ايرجعو الجهة زاوية.. جهة الداخلة خصات 4.5 مليون درهم لجمعية ديال العدالة باش ايسيطرو على المساجد,['anger'],['surprise'],['anger'],['anger']
darija_text_2617_emotion_1,اختراق الموقع الرسمي ديال وزارة التعليم العالي والبحث العلمي والقضية وصلات للقضاء,['surprise'],['surprise'],[],['surprise']
darija_text_64_emotion_1,live men studio chi haja apare lmixtape 🎤🎵🎧🔊 sahararecords,['joy'],['joy'],[],['joy']
darija_text_2107_emotion_1,هجوم جديد لمهاجرين أفارقة على باب سبتة..تشدو 300 والقوات العمومية دارت استنفار,['fear'],"['anger', 'fear']",['fear'],['fear']
darija_text_1420_emotion_1,L3am li ja tl9ana ghir kantle9aw lbnadem 3emmerna terna. Ya rebbi chi ghebara lcoombia http://t.co/uBlbB4b3zP,['anger'],['joy'],['anger'],['anger']
darija_text_2527_emotion_1,الحل الحقيقي الوحيد فالقضية ديال الإرث هو تغيير هاد القانون المتخلف لي كيحسب المرأة نص بنادم,['anger'],['anger'],['anger'],['anger']
darija_text_1305_emotion_1,فريق طبي بالمستشفى الجامعي ابن رشد ينجح في إجراء عمليات استئصال وزرع متعدد الأعضاء,['joy'],['joy'],['joy'],['joy']
darija_text_2400_emotion_1,hhh ana dert liha blok mab9itch kan9raa ac kaktbb mais bayna jatha lala homa m3rofin katjihom lhala,['anger'],['disgust'],['anger'],['anger']
darija_text_878_emotion_1,دراسة. السلام القوي كينجيكم من مرض القلب!,['surprise'],['joy'],['surprise'],['surprise']
darija_text_2683_emotion_1,ترحيل ابن أخ وزير العدل التونسي عبر مطار محمد الخامس. وجوده في المغرب مخالف للقانون,['surprise'],[],[],[]
darija_text_1350_emotion_1,ريزو ديال الحريكَ والاتجار فالبشر طاح فيد البوليس فطانطان,"['disgust', 'fear']",['fear'],['fear'],['fear']
darija_text_889_emotion_1,نايضة بين النيابة العامة ودفاع بوعشرين بسباب الصحافي مبارك المرابط,['anger'],['anger'],['anger'],['anger']
darija_text_855_emotion_1,ratb9a dima mghribya hadi 9adyat hayat aw mawt bnssba lmgharba,[],[],['anger'],[]
darija_text_971_emotion_1,رسالة إلى محمد السادس,[],[],[],[]
darija_text_120_emotion_1,عائلة كتربح 4 ملايين دولار كل ساعة,['surprise'],['surprise'],['surprise'],['surprise']
darija_text_212_emotion_1,هاذي في برشيد. حصة تعذيب ديال الرقية الشرعية تنتهي باغتصاب وكي بالنار وفقدان ذاكرة الضحية,"['disgust', 'fear', 'sadness']","['anger', 'disgust', 'fear', 'sadness']","['anger', 'fear', 'sadness']","['disgust', 'fear', 'sadness', 'anger']"
darija_text_2136_emotion_1,هذه هي طبخة المفسدين باختصار ',['anger'],['surprise'],"['anger', 'disgust']",['anger']
darija_text_869_emotion_1,أخبار على تماسيح خرجو من النيل وخلعو المصريين.. والوزارة ردات,"['fear', 'surprise']","['fear', 'surprise']",['fear'],"['fear', 'surprise']"
darija_text_2487_emotion_1,ولا ولد الشعب النفاق عقنا بالقالب',['anger'],['anger'],['anger'],['anger']
darija_text_2134_emotion_1,البرلمان وافق على تشكيل لجنة استطلاعية على ضعف جودة الخدمات القنصلية لمغاربة الخارج,[],['joy'],[],[]
darija_text_1195_emotion_1,"شفت هاد """"شوف لخرا"""" ما باين لهم غير البيجيدي ...  صفحة ديال ولاد ..... قولاً وفعلاً  تفوووووووو",['anger'],['anger'],['anger'],['anger']
darija_text_261_emotion_1,المزابية مايا جاتهم من اللخر: أنا ماشي مسطية نتزوج دابا ونصبح على نفس الكمارة كل نهار..وعندي 5 صحابي نبوسهم ونعنقهم كيفما بغيت -فيديو,"['anger', 'surprise']","['joy', 'surprise']",['disgust'],['surprise']
darija_text_1221_emotion_1,كَارْ تقلب ضواحي مراكش.. الحصيلة: إصابة 26 شخص بجروح مختلفة وفيهم حالات خطيرة,"['fear', 'sadness']",['sadness'],['sadness'],['sadness']
darija_text_473_emotion_1,@user @user chokeran lik hbib lmaghrib,['joy'],['joy'],['joy'],['joy']
darija_text_478_emotion_1,كريم طابو أحد أشهر الوجوه ديال حراك الدزاير خرج من الحبس,"['fear', 'surprise']",['surprise'],['surprise'],['surprise']
darija_text_389_emotion_1,"ضربات الدبلوماسية المغربية دارت زلزال فعدد من مناصب المسؤولية فالدزاير.. جراو على 16 مسؤول فالخارجية ولونصاو حركة تعيينات جديدة,",['surprise'],['joy'],['surprise'],['surprise']
darija_text_1941_emotion_1,وصعيبة حتى التعاويد. 2 من خدام الدولة غاديين يشرفو على تحقيق بخصوص تأجيل مشاريع منارة الحسيمة. وبزاف جيبو وزرا محبوبين ماشي لفتيت وبوسعيد ويرجعو اراضي الدولة بعدا,['surprise'],['sadness'],['anger'],[]
darija_text_1511_emotion_1,"بوكلاطة نائب الوكيل العام للملك ففاس: الفايق بحالو بحال أي محابسي وكيستافد من رعاية صحية فالحبس وها علاش اعتارضات النيابة العامة على ملتمس السراح,",[],[],[],[]
darija_text_970_emotion_1,الثلوج تُحرم تلاميذ من الدراسة في جبال الأطلس,['sadness'],['sadness'],['sadness'],['sadness']
darija_text_176_emotion_1,جورنالات بلادي: الحقاوي تعطلات فإخراج مراسيم الإعاقة..وإقالة بنشماش قبل المؤتمر الاستثنائي,[],['surprise'],['sadness'],[]
darija_text_2089_emotion_1,"أخنوش: معندناش عصا سحرية باش نحلو جميع المشاكل.. والحكومة مستمرة في إنجاز برنامجها واخا كاينا الأزمة,",['anger'],[],[],[]
darija_text_2364_emotion_1,ta ana ma cheftouch ki dayer wessfih lina 3afak 😎,['surprise'],[],[],[]
darija_text_182_emotion_1,أموال طائلة تصرف في الهباء كل سنة صفقات أسلحة ارضاءا للغرب',"['anger', 'fear', 'sadness']",['surprise'],"['anger', 'sadness']","['anger', 'sadness']"
darija_text_2049_emotion_1,ربحا ولا دبحا.. الأسطورة ميسي غادي يلعب آخر مونديال مع الأرجنتين فقطر,[],['joy'],"['fear', 'joy']",['joy']
darija_text_272_emotion_1,@user @user chwiya ta jat dik faroha ...makhalat ma9alt .obtabi3t hal massektoch lihaa o hna bda sdaa3 ....o ana mni hdrt m3aha,['anger'],['anger'],['anger'],['anger']
darija_text_1024_emotion_1,Wliti tz3mi tlbi 3assir a kmart rayb o l7lib b siro,['anger'],"['anger', 'disgust']",['anger'],['anger']
darija_text_1894_emotion_1,ايام زمان.. فاش الحسن الثاني لغى العيد الكبير 3 مرات,['surprise'],[],[],[]
darija_text_1834_emotion_1,الجامعة بدات تبيع تذاكر مباراة الوداد و مازيمبي.. وها فين غادي يلقاهم الجمهور,[],['joy'],[],[]
darija_text_1608_emotion_1,معطيات حصرية.. الشقة اللّي كان فيها زعيم الخلية المفكّكة اليوم قريبة من 6 فنادق مصنفة وها فوقاش دخلو المتفجرات والأسلحة,['surprise'],['fear'],['fear'],['fear']
darija_text_1154_emotion_1,مشات التأشيرة ومشا مولاها. وفاة الرجل الذي أضرم النار في جسمه أمام القنصلية الفرنسية بأكادير,['surprise'],"['anger', 'sadness']",['sadness'],['sadness']
darija_text_1549_emotion_1,بغا يدير اللعاقة دغيا. بوليسي في تمارة حصل في قضية كبيرة ديال النصب والاحتيال,"['anger', 'surprise']",['surprise'],"['disgust', 'surprise']",['surprise']
darija_text_1491_emotion_1,ها رجل الاعمال اللي حصلوه كيتكرفس على ربيبتو وكيمارس عليها الجنس وهابشحال ضربوه,['disgust'],"['anger', 'disgust', 'fear']","['anger', 'disgust', 'fear', 'sadness']","['disgust', 'anger', 'fear']"
darija_text_632_emotion_1,@user @user @user aji fin jaw 3afakoum l adresse,[],[],[],[]
darija_text_248_emotion_1,الوداد يحسم اللقب بنسبة كبيرة. بعد فوزه على الحسنية وتعثر فارس دكالة,['joy'],['joy'],[],['joy']
darija_text_2292_emotion_1,هاد الرجل الأغنى في العالم.. بفضل «بلاك فرايدي»,['surprise'],['joy'],['surprise'],['surprise']
darija_text_1283_emotion_1,@user @user Oui ana mojoud khass ghir SiAziz i9ad programme . Twahachnak khouya .,['joy'],['joy'],[],['joy']
darija_text_684_emotion_1,"خاص. تفاصيل جديدة لـ”ضربة معلم” فقطاع الصحة: البوليس جبدو ملفات المخلوضين فالمال العام بوزارة الصحة بعد شكاية حطها ايت الطالب فـ2019 ومصدر لـ”كود”: الوزير عجباتو الخدمة لي دارت الفرقة الوطنية,",['surprise'],[],[],[]
darija_text_1647_emotion_1,لفتيت: الحكومة دارت 4 زيارات للريف والمعتقلين يتابعون بجميع الضمانات وكانت ممارسات متطرفة فحق القوات العمومية,[],[],[],[]
darija_text_2611_emotion_1,بالصور.. نصّاب بوگوص طاح فتطوان: عندو 12 روشرش وها كيفاش كيقولب المستخدمات فالعيادات والمدارس الخاصة وها شنو لقاو عندو,['surprise'],['surprise'],['sadness'],['surprise']
darija_text_2672_emotion_1,siri jam3i rasak wdo5li sou9 mo5ak l7mara kalba chomir barka t3ayri finas nti marabya bent darkom ma5aliti tawa7ad ma3andak madi,['anger'],"['anger', 'disgust']",['anger'],['anger']
darija_text_1752_emotion_1,مرات الريسوني ردات على مندوبية السجون عبر “كود”: يخرجو تسجيلات لقاءنا إلى قالو أني ماطلبتوش يوقف إضرابو على الماكلة,['anger'],['sadness'],['anger'],['anger']
darija_text_203_emotion_1,العلمي يمرر صفقات مثيرة بالملايين في الوقت الميت من عمر الولاية البرلمانية,['surprise'],"['joy', 'surprise']",[],['surprise']
darija_text_546_emotion_1,العنف ضد العيالات واقع كيتعاش فالمغرب فكل ثانية، وماشي غير ضد العيالات بل حتى ضد الرجال والاطفال والحيوان والجماد ، بحال الى فحرب ، المغاربة سلوكاتهم عنيفة اتجاه بعضياتهم وإتجاه باقي الكائنات الحية لي قادرين يوصلو ليها,"['anger', 'disgust']",['sadness'],"['anger', 'sadness']","['anger', 'sadness']"
darija_text_437_emotion_1,@user akid basoma btistahil akta ana mabachba3ch min sotha,['joy'],['joy'],['joy'],['joy']
darija_text_1765_emotion_1,amina hhh benisba les j aimes mashi 3lik ntii hh 3la meriemm mai 3lax saybty liha l twitter,['joy'],['joy'],['joy'],['joy']
darija_text_1446_emotion_1,نجاة بلقاسم فالو ذات الأصول المغربية ضمن الوفد الفرنسي بالمغرب,[],['joy'],['joy'],['joy']
darija_text_2476_emotion_1,و لا تزال الادارة تتماطل في إخراج لوائح التعيينات ،',"['anger', 'sadness']","['anger', 'disgust', 'surprise']",['anger'],['anger']
darija_text_58_emotion_1,"@user @user sob7an lah t7arar wlala ach dakhlok ? 3lach dakhlin chbo9na ?? kola ydkhal so9 jwah w baraka man ramy somom,7tarmi",['anger'],"['disgust', 'surprise']",['anger'],['anger']
darija_text_1542_emotion_1,الجزائري بنشيخة مشرفا عاما لفريق فارس البوغاز,[],['joy'],[],[]
darija_text_220_emotion_1,شحال عطينهم أعداء البام باش خرجو انبحو,['anger'],['disgust'],['anger'],['anger']
darija_text_2077_emotion_1,بزاف على التبلحيس..البرلماني المدان بجرائم الأموال كيصبغ فوزير الداخلية: انت سر من أسرار الله,['anger'],['joy'],"['anger', 'disgust']",['anger']
darija_text_1791_emotion_1,سعد لمجرد وسميرة سعيد كيتبادلو بيناتهم رسائل الحب. كتب ليها: علمتني كيفاش نتعامل مع مشاكل الدنيا وكنبغيك – تدوينة,['joy'],['joy'],['joy'],['joy']
darija_text_1452_emotion_1,هؤلاء المدعوون إلى عرس مولاي رشيد اليوم,[],['joy'],['joy'],['joy']
darija_text_627_emotion_1,الحقيقة لي كايرفضوها بزاف د الرجال انه كاينين رجال فحالهم طوال عراض بموسطاشاتهم بمناصبهم بقرايتهم و”سومي” ! كايبغيو المرا تعفط عليهم و كايظلو يسيفطو للبنات فالانبكس ” بغيت نولي كلبك و نقوليك هاو هاو”! هاد الناس راه خاص نحتارمو الميول الجنسي ديالهم و ماشي فين مامشاو نضربوهم بالبيض!,['anger'],[],['anger'],['anger']
darija_text_673_emotion_1,أخنوش من بني ملال: مرحبا بصحاب اغراس اغراس,['joy'],['joy'],[],['joy']
darija_text_789_emotion_1,ضرة دنيا باطما دات ليها الدراري,['surprise'],['surprise'],['sadness'],['surprise']
darija_text_2157_emotion_1,"Liberland katqelleb 3la lmowatinin o mabaghash le3reb, malna 7na yhoud yhoud???",['anger'],['anger'],['anger'],['anger']
darija_text_1277_emotion_1,جابها فراسو.. الجدارمية حصلو صاحبهم الجدارمي فحضن العشيقة ديالو فأجلموس,"['disgust', 'sadness', 'surprise']",['surprise'],['surprise'],['surprise']
darija_text_214_emotion_1,kayna chi whda hsn mn hdi f twitter,['joy'],[],[],[]
darija_text_484_emotion_1,تبرك الله عليك مزيد من تألق نشألله  طوب طوب',['joy'],['joy'],['joy'],['joy']
darija_text_531_emotion_1,محال ان يضيع حق الشهيد محسن فكري وأمثالكم يطالب بحقه,"['anger', 'fear', 'sadness']",['sadness'],['sadness'],['sadness']
darija_text_1887_emotion_1,الكولونيل لي مات فحادثة سير كان معاه كومندار وكولونيل آخور حالتهم خطيرة,"['sadness', 'surprise']",['sadness'],"['fear', 'sadness']",['sadness']
darija_text_81_emotion_1,شكون غادي يكون هاد الستاتي مفسد في الارض وبغيتي تريكتو تخرج صالحة يمهل ولا يهمل صدق الله العظيم وباقي ماشفتي والو ياموسطاش الكلب',['anger'],"['anger', 'disgust', 'surprise']","['anger', 'disgust']","['anger', 'disgust']"
darija_text_2407_emotion_1,الوداد كيوجدو 3 اللعابا للبطولة والعصبة,[],[],[],[]
darija_text_2190_emotion_1,بوليسي تيرا بالقرطاس ف كازا باش يشدو شخص تعدا على واليديه,['fear'],"['anger', 'fear', 'sadness', 'surprise']","['anger', 'sadness']","['fear', 'anger', 'sadness']"
darija_text_637_emotion_1,@user Kaynta9do f Mawazin ze3ma w kay9ol lik kaykhesro flous cha3b w dik lhadra dyal lKilo !! nsaw bila Ibtissam rah fih had l3am !!!,"['anger', 'surprise']",['anger'],['anger'],['anger']
darija_text_2669_emotion_1,حقيقة مولات الصاك اللي خلعات الناس فجامع فكازا,['surprise'],[],[],[]
darija_text_388_emotion_1,قنات يهودية تريد ان تعلمنا سياسة التقشف تاع اليهود فماذا تنتضرون منها ان تعطيكم دروس في الدين مثلا!.,['anger'],['anger'],['anger'],['anger']
darija_text_2668_emotion_1,عارضة الأزياء اللبنانية ميريام كلينيك تتعرى بالكامل + بالصور,['surprise'],['surprise'],['surprise'],['surprise']
darija_text_2187_emotion_1,لي ماجاهش حب الشباب تشمت. علماء يؤكدون أن الذين عانوا من حب الشباب في الصغر لي يشيخون بسرعة,['surprise'],['surprise'],[],['surprise']
darija_text_1202_emotion_1,لأنك راجل و ابن راجل و ابن أصول ❤️',['joy'],['joy'],['joy'],['joy']
darija_text_1142_emotion_1,عاجل. الشاب خالد فلت من إرهابيين كانو غادي يديرو عملية إرهابية فمسرح عنابة,['surprise'],['fear'],['fear'],['fear']
darija_text_1061_emotion_1,قبل القمة الافريقية. وزير خارجية الدزاير مازال كيروج لأوهام الجنرالات بالمنطقة.. حاول ينسق مواقف بلادو المعادية مع تشاد اللي أصلا سحبات اعترافها بالبوليساريو هادي اكثر من 14 عام,['anger'],['surprise'],['anger'],['anger']
darija_text_1843_emotion_1,بعد ترجيح فرضية انتحار مساعد الطيار: شركات عالمية اتخذات هاد الاجراء ولارام مزال ناعسة,"['anger', 'sadness']",['surprise'],['anger'],['anger']
darija_text_1933_emotion_1,مجلس النواب كيدين القتل الوحشي لعشرات الفسلطيين اليوم,['sadness'],"['anger', 'sadness']",[],['sadness']
darija_text_1409_emotion_1,طوشاك مقلق من لاعبي الوداد,['anger'],['sadness'],['sadness'],['sadness']
darija_text_2145_emotion_1,مسجد الشعب المغربي المقهور',"['anger', 'sadness']","['anger', 'sadness']",['anger'],"['anger', 'sadness']"
darija_text_700_emotion_1,"الحكومة عطات هدايا جديدة للمقاولات الوطنية لي كتشد الصفقات العمومية..منها تمديد آجال الأشغال واسترجاع الضمانات وفسخ الكونطرا وديا,",['joy'],['joy'],['joy'],['joy']
darija_text_1997_emotion_1,charaff liya khtii abi ikhalikk,['joy'],['joy'],['joy'],['joy']
darija_text_2363_emotion_1,la fiha jebda aslan f bir kassem hadiha lahh,[],[],[],[]
darija_text_598_emotion_1,الشطاحة والمغنية نورا فتحي شعلاتها في الهند مع ديدجي سنايك -صور وفيديو,[],['joy'],[],[]
darija_text_1781_emotion_1,ميريكان مع مغربية الصحرا وها اخر قرار ترامب واللي غادي يطير لفريخ للبوليساريو,['joy'],['joy'],['joy'],['joy']
darija_text_89_emotion_1,ها أقصر وأطول ساعات الصيام فبلدان العالم,['surprise'],[],['surprise'],['surprise']
darija_text_1868_emotion_1,Sbah lkhir o sbah mbrok o nhar mabrok o jomo3a mobaraka o 3wacher mabroka inchallah bkol matatmanna 😀,['joy'],['joy'],['joy'],['joy']
darija_text_2025_emotion_1,قانون مالية 2022.. لشكَر: غادي يزيد من تكاليف الكريديات ديال برا وحتى العمومية وغايتسبب فـ مشاكل اجتماعية,"['anger', 'surprise']",['sadness'],"['anger', 'fear']",['anger']
darija_text_1718_emotion_1,ها علاش نافع السلاح مع المشرملين.. بوليسي فسيدي بنور جبد فردي على مجرم نوض الروعة فشارع محمد الخامس وهو يسلم راسو,['anger'],['fear'],"['anger', 'surprise']",['anger']
darija_text_1501_emotion_1,@user @user merci beaucoup akiiid bensawet o hiya li rah terbah https://t.co/4zhsem9Geu,['joy'],['joy'],[],['joy']
darija_text_1650_emotion_1,لوبي المصحات الخاصة حالف يهلك جيوب المغاربة وف عز أزمة كورونا.. فتحو 44 مصحة جديدة فـ2020 وحتى وحدة مكاينة فالمناطق المهمشة,['anger'],"['anger', 'sadness']",['anger'],['anger']
darija_text_2078_emotion_1,tfarji fl vedio walaw ghir mara bach tfahmi ach kayn wana manhmalch chi had ana ba3da manchofoch aslan machi ntab3o n3ayar fih,['anger'],[],['anger'],['anger']
darija_text_384_emotion_1,walakin lamap kaykoun dima m3tlin,['sadness'],['surprise'],[],[]
darija_text_1509_emotion_1,حزب “الأحرار” فاز برئاسة غرفة الصناعة التقليدية فـ كازا – تصاور,['joy'],['joy'],[],['joy']
darija_text_706_emotion_1,Had chi li kain. https://t.co/0KZwaC1oNx,[],[],[],[]
darija_text_1918_emotion_1,monkar ntouma li dartouh ya wjah lwil li kathadro f sahra li aslan ma3roufa maghribiya w mali nchart had tweet ya3ni m3tarfa bh,['anger'],['anger'],['anger'],['anger']
darija_text_1272_emotion_1,الأمير هاري مامسوقش للقواعد الملكية قبل ما يجي المغرب,['anger'],['surprise'],[],[]
darija_text_169_emotion_1,اش غدي اوقع كاع المغرب دولة قوية والحد لله بملكه وجنوده شعبه كلنا مع الوطن وعاش الملك .,['joy'],[],['joy'],['joy']
darija_text_1165_emotion_1,عندها قرن وعامين وخذات دكتوراه ف الطب بعد 77 عام من دفاعها عن اطروحتها!,"['disgust', 'surprise']",['joy'],['surprise'],['surprise']
darija_text_82_emotion_1,بعد عشر سنوات على الجريمة. محكمة ايطالية ضربات جوج بوليس ب8 شهور دالحبس بسباب عدم تقديم مساعدة لمغربي,['surprise'],['joy'],['anger'],[]
darija_text_1010_emotion_1,فيديو فضح قضية كبيرة ديال احتجاز وضرب وجنس ف بوزنيقة,"['anger', 'disgust']","['disgust', 'fear']","['anger', 'disgust', 'fear', 'sadness']","['anger', 'disgust', 'fear']"
darija_text_1693_emotion_1,تأجيل محاكمة الناشطة الحقوقية هيلينا مالينو المتهمة بالتورط في التهجير السري بطنجة إلى متم شهر يناير,[],['sadness'],[],[]
darija_text_324_emotion_1,الســـــــــــــــــــــــــــــودان نقف قلبا وقالبا معكم لموازرة قضية محسن فكري ومامشي معاكم باس,[],['sadness'],['sadness'],['sadness']
darija_text_1128_emotion_1,محامي المشتكيات ف ملف بوعشرين.. الحاجي خدموه عند عبيابة,[],[],[],[]
darija_text_2608_emotion_1,لا للظلم في دولة الحق والقانون وعاش الملك ناصف الضعفاء,['joy'],['joy'],['anger'],['joy']
darija_text_1743_emotion_1,بالفيديو. نايضة على مزارع طيور النعام فجنوب افريقيا كيعذبو هاد الطيور بشكل وحشي,['anger'],['sadness'],['anger'],['anger']
darija_text_1804_emotion_1,جنازة مهيبة للشيخ بوخبزة وتجمع غفير وإن دل ذلك فإنما يدل على مدى المحبة و الإحترام اللذان يحظى بهما الفقيد تغمده الله برحمته,"['joy', 'sadness']",['sadness'],['sadness'],['sadness']
darija_text_665_emotion_1,فوقت منع التنقل فهاد الجايحة.. منتخبين من البام ببوجدور دّاو قطيع ديال الجمال للأمير القطري جوعان وما تسوقش ليهم,['anger'],['anger'],['anger'],['anger']
darija_text_1771_emotion_1,الجمعية المغربية لحقوق الإنسان: أسر معوزة تقصات من دعم صندوق “كورونا” وكاين عون سلطة بفاس ابتز شي حد,"['anger', 'sadness']",['sadness'],['anger'],"['anger', 'sadness']"
darija_text_764_emotion_1,هذا السيد حقق انجازات لم تحققها اي حكومة من الحكومات السابقة,['joy'],['joy'],['joy'],['joy']
darija_text_1869_emotion_1,شاء من شاء وآبى من آبى ..',[],[],['anger'],[]
darija_text_1948_emotion_1,واخيرا انزاح راس من رؤوس الخرافات و الاحلام المنمقة و الكلمات الفضفاضة فهو لم يكن يوما صديقا للشعب ولا ودودا به ولا مدافعا غن مسكين بل هو نسخة من فتح الله اولعلو في صورة متسيلم على وزن دون كشوط يحارب الاشباح والتماسيح والعفاريت ...والمساكين والشعب المسحوق بالفاظ لا تمت لرجل سياسة لا من قريب ولا من بعيد فهو دمية مهرجة فقط فلا بارك الله فيك ولا في من صوت عليك',['anger'],['anger'],['anger'],['anger']
darija_text_1587_emotion_1,له يعطيك الصحة والعافية والقوة لا ترهق نفسك 😘',['joy'],['joy'],['joy'],['joy']
darija_text_1757_emotion_1,سلطات مليلية شدات 5 قاصرين بعدما احتجو على مركز إيواء ماخلاهومش يدخلو يباتو,['anger'],['anger'],"['anger', 'disgust']",['anger']
darija_text_1806_emotion_1,قرقبو على بوفال فالصبليون,[],['surprise'],[],[]
darija_text_2357_emotion_1,الحكومة: عندنا وعي للإشكالية لي ثارتها لجنة المحروقات وها وقتاش غادي ناخدو القرار المناسب,[],[],[],[]
darija_text_2417_emotion_1,@user hhhhh hadi bayna chi mo3wa9a bent lme3za olm3owa9a messakin weslat fihom le3dem sir alah i3tik chi techtita had nhar,['anger'],"['anger', 'disgust']",['anger'],['anger']
darija_text_2613_emotion_1,الزايدي: تجميد لـ15 مليار درهم دفعة أولى من قرارات مالية والحكومة فتحت أبواب السيادة الاقتصادية المغربية أمام المؤسسات الدولية,['joy'],[],[],[]
darija_text_350_emotion_1,الصوت الجميل',['joy'],['joy'],['joy'],['joy']
darija_text_1777_emotion_1,بالفيديو. الفنان عبد الحق الزروالي. لوكان ماشي المسرح كنت غانخرج حمق ولا حباس ولا فالقبر,['surprise'],['surprise'],"['fear', 'joy']",['surprise']
darija_text_1611_emotion_1,رئيس بلدية كلميم بلفقيه يحمل المسؤولية للداخلية و الوزارات في فاجعة الفيضانات بالوثائق,[],"['anger', 'sadness']","['anger', 'sadness']","['anger', 'sadness']"
darija_text_828_emotion_1,@user @user bsa7 nti tbarkllah 3lik mrbya mzian ca se voi,['joy'],['joy'],['joy'],['joy']
darija_text_2008_emotion_1,الداخلية ترفض منح بطائق المستشارين الـ90 الذين انتهت ولايتهم البرلمانية,['surprise'],['joy'],[],[]
darija_text_14_emotion_1,خاص..فضيحة اخلاقية تهز مؤسسة تعليمية بقصبة تادلة والتلاميذ يحتجون ونيابة التعليم تتدخل,"['fear', 'sadness', 'surprise']",['sadness'],"['anger', 'disgust', 'fear']","['fear', 'sadness']"
darija_text_1144_emotion_1,القضاء كيخفف العقوبات الحبسية فحق معتقلي حراك جرادة,[],[],[],[]
darija_text_1994_emotion_1,عبد النباوي يُحيل ملف ثقيل على الوكيل العام بفاس: فجروه المهندسون الطبوغرافيون والقضية فيها التزوير والمحافظة العقارية,['surprise'],['surprise'],[],['surprise']
darija_text_490_emotion_1,أحسنت كلام في منتهى الروعه',['joy'],['joy'],[],['joy']
darija_text_1404_emotion_1,حسبي الله ونعم الوكيل فيهم اللهم شل أيديهم وارجلهم واخرس السنتهم واجعلهم عبرة لمن لا يعتبر العملاء الخونة',['sadness'],['disgust'],['anger'],[]
darija_text_1120_emotion_1,اضحك مع “السخافة” الجزائرية. الاكستازي مغربي وكيسبب العقم والجنون,[],['surprise'],['anger'],[]
darija_text_612_emotion_1,"صندوق النقد العربي : المغرب عندو 4 أفضل اقتصاد فترتيب التنافسية الاقتصادية بين الدول العربية,",['joy'],[],[],[]
darija_text_1073_emotion_1,المغربية “روبي” هاربة من دار لإيواء الفتيات المضطربات عقليا في صقلية,['surprise'],['surprise'],['surprise'],['surprise']
darija_text_2420_emotion_1,الله ياخد فيهوم الحق شفارا ديما كنشوفهوم كي تايتعاملو مع المحتجيين حدا البرلمان,['anger'],['anger'],['anger'],['anger']
darija_text_1750_emotion_1,@user chkoun hada tani ? ( sauf lee),['surprise'],[],['surprise'],['surprise']
darija_text_1816_emotion_1,لكم ألف تحية من قلب الريف..أيها الأحرار,['joy'],['joy'],['joy'],['joy']
darija_text_900_emotion_1,الجزائر مابغاتش تعطي الفيزا لمدرب غانا الإسرائيلي تضامنا مع الشعب الفلسطيني,['surprise'],[],[],[]
darija_text_468_emotion_1,الحكومة على جامع المعتصم: كفاءة كبيرة ودبر ملفات بجدارة واستحقاق ومهنية,[],['joy'],['surprise'],[]
darija_text_2075_emotion_1,المالكي رد على وهبي: كل القرارات اللي خداتها هياكل مجلس النواب خلال حالة الطوارئ تمت بالاجماع والتصويت الالكتروني غير دستوري,[],[],['anger'],[]
darija_text_1001_emotion_1,"بينتر وصلات لفاس. خط جديد من كنارياس للعاصمة العلمية,",[],[],['joy'],[]
darija_text_633_emotion_1,اللهم ارحم شهيد الكرامة محسن فكري و اسكنه فسيح جنانك يا رب العالمين,['sadness'],['sadness'],['sadness'],['sadness']
darija_text_258_emotion_1,الأغنية الجديدة ديال بيلي آيليش حققات نجاح كبير بزاف – فيديو,"['joy', 'surprise']",['joy'],['joy'],['joy']
darija_text_31_emotion_1,#HananeElKhader #socialmedianight Bent bladi ofakhrna db bghina la9ab hna farhanin bik darbi orakzi 3la eval osam3i nasa2ih lasatida.ghnili,['joy'],['joy'],['joy'],['joy']
darija_text_264_emotion_1,اعتقال المتورط في مقتل عشريني والتمثيل بجثته بالداخلة,['fear'],['sadness'],['fear'],['fear']
darija_text_1514_emotion_1,سلطات العيون تُزيل لافتة ولد الرشيد غير القانونية‎,[],['surprise'],[],[]
darija_text_1340_emotion_1,جورنالات بلادي: 200 حافلة مزورة ف المدن المغربية..والتسخينات الانتخابية بدات بين الأحزاب,['surprise'],"['anger', 'disgust', 'sadness']","['disgust', 'surprise']","['surprise', 'disgust']"
darija_text_1102_emotion_1,"@user rah bayn bli @user """"""""ana o rassi"""""""",iwis ntmazirt waman la ya3rifoh,ghatkoun 7al9a top mli fiha AHMED o MONTASSIR",['joy'],['joy'],[],['joy']
darija_text_2253_emotion_1,هو الباب الوحيد الذي بقي في يد الشعب الذي لايمكن للحكومة أن تتدخل في إغلاقه أو حجزه,['sadness'],[],['anger'],[]
darija_text_292_emotion_1,طالبة مصرية صفاتها لماماها حقاش نتاقدات نتيجتها الدراسية,['surprise'],"['fear', 'sadness', 'surprise']",['fear'],"['surprise', 'fear']"
darija_text_1315_emotion_1,"فاليوم العالمي لمحاربة الملاريا.. وزارة الصحة كتحذر من إمكانية رجوع هاد المرض لبلادنا وكتوصي على الفحص المبكر,",[],[],['fear'],[]
darija_text_1711_emotion_1,الصحف ما غادياش تباع كلها غدا. البي دي اف مازال وها علاش,[],[],['anger'],[]
darija_text_2473_emotion_1,محاكمة مغربي اخترق النظام المعلوماتي لشركة تجارية خليجية ونصب على الزبناء ديالها في عشرات الملايين,['surprise'],['surprise'],[],['surprise']
darija_text_1273_emotion_1,anti ya annissa ba3ida kolla lbo3d 3an lfahm l7a9i9i w wad3 l omour fi nissabiha,['anger'],[],['anger'],['anger']
darija_text_1299_emotion_1,الكولونيل اياني المتحدث باسم القوات المسلحة الفرنسية: غلق المجال الجوي الجزائري أمام طيارتنا ماغاديش يأثر على العمليات والمهام الاستخباراتية ديالنا,[],[],[],[]
darija_text_1746_emotion_1,أبناء مدينتي الحبيبة أسأل الله ان يرحمكم ويصبر اهاليكم . تحية نضالية للساكنة الصامدة',['sadness'],['sadness'],['sadness'],['sadness']
darija_text_342_emotion_1,أصدق سياسي مغربي مر على الحكومات المتعاقبة ..',['joy'],['joy'],[],['joy']
darija_text_701_emotion_1,chkoun had fnana elissa chrine ragheb chkon likitwassel m3a jomhoro b tari9a li bghaw tisskatiyin,['anger'],['joy'],['surprise'],[]
darija_text_641_emotion_1,@user @user @user hhh bayna mli tgoula l bent tamchi tdi deri lghaba o t3era 3lih rah katesswaw nit hh,['joy'],"['anger', 'disgust']","['anger', 'disgust']","['anger', 'disgust']"
darija_text_1912_emotion_1,بوريطة على امتلاك البوليساريو لدرون كاميكاز: إيران وشي دول بغاو يخربو المنطقة بالإرهاب,['surprise'],"['anger', 'fear']",['anger'],['anger']
darija_text_1736_emotion_1,ها التصطية ديال الانتخابات بدات. مستشار دخل بلدية سوق الاربعاء الغرب وبغى يحرق راسو بليصانص وها علاش,['surprise'],['surprise'],"['anger', 'fear']",['surprise']
darija_text_2182_emotion_1,ن لا ترغب أن تلعب مع الأسود ! الأسبقية و المشاركة لمن له غيرة و قتالية على بلده و لمن شارك في الاقصاءيات و ليس لانتهازي اختار للعب لبلد آخر !!',['anger'],['anger'],"['anger', 'disgust']",['anger']
darija_text_762_emotion_1,باب الصحراء يغلي ضد آل بلفقيه.. وأعيان يتوجهون إلى القصر الملكي,[],['anger'],['anger'],['anger']
darija_text_2186_emotion_1,الداهي أكاي ل”كود”.ايلى تلاقيت بمحمد السادس فالعيون فزيارتو القادمة ها اش غادي نكول ليه. وها كيفاش نحلو مشكل الصحراء (فيديو),[],[],[],[]
darija_text_1465_emotion_1,"الكَيرا فأوكرانيا.. روسيا كتهدد باستخدام السلاح النووي و وزارة دفاعها : 14 ألف تقتلو و16 ألف تجرحو من الجيش الأوكراني,",['anger'],['sadness'],"['fear', 'sadness']",['sadness']
darija_text_385_emotion_1,من أشهر اليخوت فالعالم.. إسبانيا صادرات باطو ديال روسي مقرب من بوتين,['surprise'],['surprise'],['surprise'],['surprise']
darija_text_216_emotion_1,hhhhhhhh chkoun jbad ljazayirah wla li fih lfaz kay9faz sobhan alah rah ntoma li kadakhlo,"['anger', 'joy']",['sadness'],[],[]
darija_text_491_emotion_1,@user @user @user hna bghinaha bla aghani t9harto daratkom f 3damkom,['anger'],['surprise'],[],[]
darija_text_1833_emotion_1,البايرن: ها حالة ساديو ماني,[],[],[],[]
darija_text_450_emotion_1,مقاول تسبب فتجويع عشرات المرضى بالسبيطار ديال خنيفرة,"['fear', 'sadness']","['anger', 'sadness']",['anger'],"['sadness', 'anger']"
darija_text_1922_emotion_1,ra malayin kitfarjo f dak barnamaj o ghayakhdo sora khayba 3la ibtissam 9belma y3arfoha,['sadness'],['sadness'],['anger'],['sadness']
darija_text_1589_emotion_1,المنتخب غادي يشد الطيارة للإمارات ولكن ماشي كاع اللعابا غادي يمشيو,[],['joy'],[],[]
darija_text_1031_emotion_1,النوري فاق من الغيبوبة,['joy'],['joy'],['joy'],['joy']
darija_text_1413_emotion_1,عصابة إجرامية منضية خدمتها. شي كيسرق الطوموبيلات. شي كيزور الاوراق والكاشيات وشي كيرشي وكيبيع,['fear'],['surprise'],['fear'],['fear']
darija_text_1943_emotion_1,جريمة “إيموزار كندر”.. مول الفعلة شداتو لابيجي وكان سكران,['surprise'],"['disgust', 'sadness']",['anger'],[]
darija_text_2284_emotion_1,عشرين عام ديال الحبس فحق الخياطة اللّي قتلات العشيق ديالها,"['sadness', 'surprise']","['disgust', 'fear', 'sadness']",['sadness'],['sadness']
darija_text_2167_emotion_1,koulchi skhef b had sehd wla ghir ana,[],[],[],[]
darija_text_1554_emotion_1,هاذي زوينة. مغاربة يحتجزون مغاربة فوق التراب الإسباني. تعطي الفلوس تمشي فحالك,['joy'],"['fear', 'surprise']",['surprise'],['surprise']
darija_text_1105_emotion_1,شفارة كشطو جامع في بني ملال وها لي تقادو منو,['surprise'],['surprise'],['surprise'],['surprise']
darija_text_1089_emotion_1,هل إدخال السياسة في الذين هذا هو اﻹسﻻم الله إنعل لي ميحشم,['anger'],"['anger', 'disgust']",['anger'],['anger']
darija_text_1487_emotion_1,الافضل في التاربخ اللعب بدون احدية وفي الايادي الهراوات',['joy'],['anger'],['surprise'],[]
darija_text_569_emotion_1,حقا خاصنا الأمن وخاصنا البوليس ولكن لي خاصنا كثر هو نظام قضائي صارم ونزيه ، ومايبقاش بنادم يدير المونتيف وتجي ختو من الإمارات تفاصل عليه ويدوز عام ويخرج ، وفهاد العام يدوزها ضارب سيرفيطات لاكوسط وكوبرى ، وكيضرب القس لي عمرو حلم بيه برا,['anger'],"['anger', 'sadness']",['anger'],['anger']
darija_text_2218_emotion_1,توقيف رجلي أمن في العيون بسبب 20 درهم,['surprise'],['surprise'],['surprise'],['surprise']
darija_text_1191_emotion_1,إحداث منطقة التصدير الحرة فجهة سوس غادي يخلق 24 ألف منصب شغل,[],['joy'],['joy'],['joy']
darija_text_2270_emotion_1,حصيلة كورونا: 51889 خداو الجرعة اللولة من الفاكسان وماتو 4,"['sadness', 'surprise']","['fear', 'sadness']","['fear', 'sadness']","['sadness', 'fear']"
darija_text_159_emotion_1,"عائلة بنصالح ستحودات على “مصرف المغرب”. شراتو من الفرانسيس,",['surprise'],"['joy', 'surprise']",[],['surprise']
darija_text_619_emotion_1,هذا صحافي مسكين الحقد والغل املئ قلبه',['sadness'],['anger'],['anger'],['anger']
darija_text_2434_emotion_1,الله آرحمه كلنا محسن فكري من مدينة وادي زم الله يأخذ الحق في الظالمين,['sadness'],"['anger', 'sadness']","['anger', 'sadness']","['sadness', 'anger']"
darija_text_1014_emotion_1,رسميا..بتنسيق بين وهبي وقيوح: الاستقلال دعم مرشحة البام فالانتخابات الجزئية لمجلس المستشارين,[],[],[],[]
darija_text_2467_emotion_1,@user swl swl w jawbna demain rak nta hwa le docteur hhh,['joy'],['joy'],[],['joy']
darija_text_985_emotion_1,بﻻدي ومنبع أجدادي أفتخر بها أينما دهبت روعة من الجمال وخﻻبة بمناطرها طبيعية',['joy'],['joy'],['joy'],['joy']
darija_text_1416_emotion_1,mohim bnsbaaa nas li tzwjooo ftwitter 3answrlikom fabor,['surprise'],['joy'],[],[]
darija_text_1892_emotion_1,نجم آخر من الدوري المغربي في طريقه للأهلي المصري.. وها شكون,[],['joy'],[],[]
darija_text_23_emotion_1,الحصيلة الوبائية لكورونا فالجهات هاد الصباح: 203 تصابو فبؤرة آسفي و62 فكازا و37 فالعيون,['fear'],"['fear', 'sadness']","['fear', 'sadness']","['fear', 'sadness']"
darija_text_604_emotion_1,@user hna bikhir ahbiba twahachnak bzaf okanatmanaw tkoni bikhirr,['joy'],['joy'],[],['joy']
darija_text_318_emotion_1,بالصور. ملاك الرحمة ديال بصح سمحات فعرسها ومشات عند مريضها,['surprise'],"['joy', 'surprise']",['surprise'],['surprise']
darija_text_2488_emotion_1,جميل اختي عفاف  حبيت ♡♡﻿  ',['joy'],['joy'],['joy'],['joy']
darija_text_568_emotion_1,ها كيفاش ردات الرباط على الجزائر على قضية قنصل وهران وها شكون جا فبلاصتو,[],[],[],[]
darija_text_1286_emotion_1,رونالدو يضيف من مراكش إنجازا جديدا يعجز ميسى عن تحقيقه,['surprise'],['joy'],['joy'],['joy']
darija_text_2413_emotion_1,حصري. بالفيديو: عسكريين فالبوليساريو لحماية الموالين ليها لي غادي يسدو الكَركرات,['surprise'],[],[],[]
darija_text_2543_emotion_1,أطر في حزب الاستقلال تستعين بعون قضائي لمقاضاة اللجنة التنفيذية بعد توقيفهم وتجميد عضويتهم,['surprise'],['surprise'],[],['surprise']
darija_text_852_emotion_1,راه دارو تحليل للفيديو لقاو بلي صاحبو قتلو بالخطا بضغط زر الطحن,['surprise'],"['fear', 'sadness']",['sadness'],['sadness']
darija_text_2257_emotion_1,بعد تحقيق گود.. فريق برلماني كيطالب بالكشف عن حقيقة شراء وزارة الصحة لـ500 جهاز تنفس غير صالح,['surprise'],['surprise'],['anger'],['surprise']
darija_text_283_emotion_1,Ha wa7ed l9l*** bda ytkeyef 7daya 3awtani....in3el ******,['anger'],['anger'],['disgust'],['anger']
darija_text_1642_emotion_1,الشباب يموت والا حول ولا قوة الا بالله',['sadness'],['sadness'],['sadness'],['sadness']
darija_text_535_emotion_1,كنت تانقول مانصوتش ساع ملي شفت كلشي ضد بنكيران فهادا يعني هو فيه الضو عليكم,['anger'],"['anger', 'surprise']",['anger'],['anger']
darija_text_732_emotion_1,انفجار يهز موقف الطائرات في مطار بإسطنبول,"['fear', 'surprise']",['fear'],"['fear', 'sadness', 'surprise']","['fear', 'surprise']"
darija_text_1449_emotion_1,had khatia mo2amara massonia bach ykhrjo 3lya,['anger'],['surprise'],"['anger', 'disgust', 'fear']",['anger']
darija_text_1122_emotion_1,إيطالية بغات تغتصب مغربي في الشارع. السيد عونوه غير برجليه ولكن شبعات فيه عضان,['surprise'],"['anger', 'disgust', 'fear', 'sadness']","['disgust', 'fear', 'sadness']","['disgust', 'fear', 'sadness']"
darija_text_294_emotion_1,رجل أعمال مصري يتعهد بجلب مهاجم الوداد إيفونا للأهلي. هاش حال عطا فيه وها شحال طالب فيه الناصري,['surprise'],['joy'],['surprise'],['surprise']
darija_text_1962_emotion_1,الله أكبر والعزة لله الله يحميكم وينصركم',['joy'],['joy'],['joy'],['joy']
darija_text_2411_emotion_1,المطرب المصري تامر حسني مستعد لإقامة 100 حفل زواج للمغربية بسمة بوسيل. أكد أنه تزوجها منذ 3 أشهر (فيديو),[],['joy'],[],[]
darija_text_607_emotion_1,صاحب المغرب زادوه ولاية جديدة فرواندا. محمد السادس: مبروك عليك,['joy'],['joy'],['joy'],['joy']
darija_text_580_emotion_1,أقـول: ملكنا واحد،، محمـد ',['joy'],['joy'],[],['joy']
darija_text_2237_emotion_1,علاش السجاد ديال المهرجانات حمر؟ دخلو تعرفو شكون أول لي ستعملو وعلاش,[],[],[],[]
darija_text_5_emotion_1,دنيا باطما تترك الغناء وتقتحم عروض الأزياء,['surprise'],[],['surprise'],['surprise']
darija_text_2512_emotion_1,سوس مركز المغرب.. صراع انتخابي كبير بين الأحرار والبي جي دي,['anger'],"['anger', 'surprise']",[],['anger']
darija_text_1236_emotion_1,"الأزمة فسبتة غادا وكتزاد والبطالة وصلات لرقم قياسي هو الأعلى فإسبانيا والأمل كلو على حلان معبر باب سبتة ورا العيد,",['fear'],['sadness'],['sadness'],['sadness']
darija_text_229_emotion_1,عيد ميلاد محسن متولي مدازش عادي (صور),['joy'],[],[],[]
darija_text_2559_emotion_1,واش الياس العماري باغي ينتاقم من صعود اخنوش باستغلال المقاطعة,['surprise'],"['anger', 'surprise']",['anger'],"['surprise', 'anger']"
darija_text_845_emotion_1,الصبليون: خفر السواحل والحرس المدني عتقو 39 حراگ مغربي من بينهم أطفال,['joy'],['joy'],['sadness'],['joy']
darija_text_2385_emotion_1,أكبر المنافقين الذين يشهد عنهم تاريخ البشرية هو بنعبدالله  صاحب مصلحة بامتياز كبير ولايمكن أن بنكيران ليس على علم,['anger'],['surprise'],['anger'],['anger']
darija_text_1586_emotion_1,هؤلاء هم السفراء الأجانب الذين قدموا أوراق اعتمادهم للملك في تطوان,[],['joy'],[],[]
darija_text_2308_emotion_1,hadi hiya najma li kharjat men 3endkom wa chokran,[],[],[],[]
darija_text_827_emotion_1,وزير الخارجية الاسباني من مليلية. سبتة ومليلية قاعدتين لإرسال الجهاديين إلى العراق وسوريا,['surprise'],['fear'],['anger'],[]
darija_text_1826_emotion_1,ولد الرشيد رد على إضراب طاكسيات المرسى بتوفير حافلات,['anger'],['joy'],['joy'],['joy']
darija_text_2227_emotion_1,daba wach hada tanz oula hna hmir oulz ils nous prennent pour des hmirs 100 000 par mois ou mskine yallah ferech salon bazzaz,['anger'],['anger'],['anger'],['anger']
darija_text_785_emotion_1,عاش الملك سيدي محمد السادس نصره الله الله يحفظو وينصرو,['joy'],['joy'],['joy'],['joy']
darija_text_2567_emotion_1,“ما بغيتش نتحمل الخطيئة”.. مغني روسي مشهور انتحر باش ما يشاركش في الحرب ضد أوكرانيا ,['surprise'],['sadness'],['sadness'],['sadness']
darija_text_1545_emotion_1,"موقع “أكسيوس” المريكاني : ها شنو تگال بين بلينكن وبن زايد فالمغرب,",[],[],[],[]
darija_text_834_emotion_1,والله حتى دارها.. “ابن عرفة البيجيدي” دشّن ولايته الحكومية بأوعر كذبة في شهر أبريل!,['surprise'],['surprise'],['anger'],['surprise']
darija_text_2426_emotion_1,إلى غير رجعة انت وحزبك المنافق يا سبب مشاكل هذا البلد',['anger'],['anger'],['anger'],['anger']
darija_text_338_emotion_1,دونالد ترامب بحالو بحال بنكيران. حارباتو الدولة العميقة وكلشي كان ضدو ولكن الشعب اختارو,['surprise'],[],[],[]
darija_text_433_emotion_1,من هو صاحب القميص الأكثر مبيعاً في العالم.. ميسي أم رونالدو؟ ها هوما اللاعبة اللي احتلوا المراكز الـ10 الأولى عالميا,[],['joy'],['surprise'],[]
darija_text_1705_emotion_1,سيري تنعسي قبل مايفيقو العصافير 🐦🐦,['joy'],['joy'],[],['joy']
darija_text_972_emotion_1,ان عنف مثل هدا الفصيلة الافريقية مثل عنف القردة المتوحشة وبهدا التمرد المفتعل الخطير',['surprise'],['fear'],"['anger', 'fear']",['fear']
darija_text_1316_emotion_1,بدر هاري بدل حياة “ريكو”. المقاتل الهولندي باغي يبدلها أكثر على ظهر الفتى الذهبي بنزال جديد,[],['joy'],[],[]
darija_text_772_emotion_1,اصلا منيب باقي معرفاش الرجعية لتعمل بها واش اليهودية أو النصرانية أو البودية اما الإسلامية بززززززاف عليها,['anger'],['anger'],['anger'],['anger']
darija_text_368_emotion_1,Ma kat kadroch nas li 3endhom l Maharat 😑😢,['anger'],['joy'],['sadness'],[]
darija_text_805_emotion_1,شكرًا للكاتب',['joy'],['joy'],['joy'],['joy']
darija_text_2590_emotion_1,العدالة و التنمية إلى مزبلة التاريخ,['anger'],['anger'],['anger'],['anger']
darija_text_1092_emotion_1,مرا وگادة. بالفيديو. تايوانية نقذات راجلها من هجوم مسلح,['surprise'],"['fear', 'joy']",['surprise'],['surprise']
darija_text_1260_emotion_1,ضبط امرأة تهرّب المخدرات داخل عضوها التناسلي بسجن عين قادوس بفاس,"['disgust', 'surprise']",['surprise'],['surprise'],['surprise']
darija_text_2061_emotion_1,gaa3 nass katkon 3andhom machakil howa ila kan kissemi rasso sahafi makhassoch idakhel f nass bhad tari9a,['anger'],[],['anger'],['anger']
darija_text_326_emotion_1,كل عام وانت بخير يا احلى معلم بالوطن العربى والعالم كله وانشاء الله تكون سنة سعيدة عليك ',['joy'],['joy'],['joy'],['joy']
darija_text_2090_emotion_1,علاش كاين استقرار في المغرب بلا خبار الشعب ',[],[],['anger'],[]
darija_text_2593_emotion_1,ihab ya ihab fsaraha bravo rak rajel wi nas wi3tmdo 3lih nas onta mchi ghaby ghnily m3a soso,['joy'],['joy'],[],['joy']
darija_text_804_emotion_1,وراق الطاليان وعقلية المغرب. بوليس ايطاليا منعو مغربي يكمل طريقو لطنجة بعد مالقاوه هاز صالون كامل فوق طونوبيلتو,['surprise'],['surprise'],['anger'],['surprise']
darija_text_2532_emotion_1,الله يكرمك ويرضي عنك',['joy'],['joy'],['joy'],['joy']
darija_text_1721_emotion_1,لقاه مع مراتو وهو يداويه باش عمرو يقرب لمرات الراجل. موريتاني يقتل زوجته ويبتر العضو الذكري لعشيقها,"['anger', 'disgust']","['anger', 'disgust', 'fear', 'sadness']",['disgust'],"['anger', 'disgust']"
darija_text_916_emotion_1,سنتان وأربعة أشهر سجنا في حق العاطلين التسعة بسلا واغماءات في صفوف زملائهم,['surprise'],['surprise'],['sadness'],['surprise']
darija_text_2252_emotion_1,بالفيديو.. فان دام صدق مسلم وقاليك خاصنا نتبعو سيد النبي فحياتنا,['surprise'],[],['surprise'],['surprise']
darija_text_2579_emotion_1,الأمريكي لي بغا يهتك عرض قاصر فالفقيه بنصالح غادي يتقدم اليوم الوكيل العام للملك ببني ملال,['disgust'],"['anger', 'disgust', 'fear', 'sadness', 'surprise']","['anger', 'disgust', 'sadness']","['disgust', 'anger', 'sadness']"
darija_text_2530_emotion_1,الجواهري يعلن الحرب على الشيكات المسروقة والتي بدون رصيد أو الحسابات التي جمدها القضاء,['anger'],[],['anger'],['anger']
darija_text_2013_emotion_1,ناس الحسيمة ما كيتسناو حد يجيب حقهم .. هناك رجال يجيبو حقهم و لو طارت معزة...,['anger'],['joy'],['anger'],['anger']
darija_text_1907_emotion_1,"مجموعة طاليس العالمية حلات مركز عملياتي للأمن السيبيراني فالمغرب,",[],[],[],[]
darija_text_2044_emotion_1,جرائم عمرانية واقتصادية واجتماعية في حق الشعب.',['sadness'],['sadness'],['anger'],['sadness']
darija_text_2558_emotion_1,@user @user nti b7ali konti tatfargi ana min ktart ma fr7ana bih swart loghnya kamla,['joy'],['joy'],['joy'],['joy']
darija_text_511_emotion_1,cho ra2yk b btisam tiskat bbidayat michwarha et merci,[],[],[],[]
darija_text_298_emotion_1,اوا شوف اسي نبيل الوضع الحقيقي  و قولها لسيك بنكيران راكم خرجتوا عل  المغاربة,['anger'],['anger'],['anger'],['anger']
darija_text_1818_emotion_1,@user @user ghatb9aa mwaarek 3la ssmiyaa dyalha ghaykherjolik des vidéos okatb9a tfarej mais tb9a mwarek,['anger'],[],[],[]
darija_text_1890_emotion_1,الإصابات اليومية طالعين حتى اليوم.. وصلنا لـ951 مصاب.. وغير 2000 اللي خداو الجرعة الثانية من اللقاح,['sadness'],"['fear', 'sadness']",[],['sadness']
darija_text_2605_emotion_1,محتاجينها مع جايحة كورونا.. كاتي بيري خرجات أغنية جديدة كلها فرحة وحياة زوينة وابتسامة,['joy'],['joy'],['joy'],['joy']
darija_text_2388_emotion_1,en plus hna ma3ndna ta haja dad chi hd kolhum mgharba btissam chj3naha o ba9in m3aha o lokhrin lah y3awnhum twfi9,['joy'],['joy'],['anger'],['joy']
darija_text_1161_emotion_1,ها علاش باقين المتقاعدين والأرامل محرومين من رفع الحد الأدنى للمعاشات لي قرراتها حكومة بنكيران,['sadness'],[],['anger'],[]
darija_text_2634_emotion_1,بالفيديو. خبيرة ماكياج كاتماكي للبنات برجليها!,['surprise'],['surprise'],['surprise'],['surprise']
darija_text_2627_emotion_1,@user bravo adil tbarkllah 3lik 7mrti lina lwjh ... the5 homa l x factor f 9loubna bn chnace &lt;3,['joy'],['joy'],['joy'],['joy']
darija_text_1304_emotion_1,: تحت هاد التغريدة كاين مجموعة لثنائيات من المصطلحات بالدارجة المغربية اللي مختالفة بحرف واحد تقريبا. كل واحد يقول لينا كيفاش…,[],[],[],[]
darija_text_1845_emotion_1,رغم كل المجهودات المبذولة من طرف وزارة الفلاحة فلا زال المواطن المغربي يشكو من الارتفاع الصاروخي للاسعار والسبب الرئيسي السماسرية لي مابغاوش يتقاو الله ',['anger'],['anger'],['anger'],['anger']
darija_text_197_emotion_1,الزهر طيح صحاب اللعاقة ففاس كانوا دايرين شبكة ديال التزوير,['surprise'],"['disgust', 'surprise']",['surprise'],['surprise']
darija_text_2354_emotion_1,"الشفار “ولد العساس” اللي رونها كَريساج ففاس تشد مع صاحبو,","['fear', 'surprise']",['fear'],['anger'],['fear']
darija_text_572_emotion_1,فيديو مأساوي. بحارة فالناظور نقذوا 30 مهاجر وثلاثين اخرين مابان عليهوم خبار,['sadness'],['sadness'],['sadness'],['sadness']
darija_text_1570_emotion_1,تفكيك شبكة إجرامية متورطة ف تعدد السرقات وها شنو لقاو عندها,['fear'],['fear'],['fear'],['fear']
darija_text_957_emotion_1,10 مناطق في الريف تؤكد خروجها لليوم السابع على التوالي إحتجاجا على الاعتقالات,['anger'],['anger'],['anger'],['anger']
darija_text_2519_emotion_1,Kan Ja Galbek kima galbi- Cheb Hasni https://t.co/DeLQPmN7E7,['joy'],['joy'],[],['joy']
darija_text_2213_emotion_1,فاتي جمالي ماجايبة لدنيا خبار.. وخدامة على راسها فعمل جديد,[],[],['surprise'],[]
darija_text_4_emotion_1,ana radya b hyati mali w malkoum,['anger'],['joy'],"['anger', 'joy']","['anger', 'joy']"
darija_text_1606_emotion_1,بالفيديو. مغربية في التايلاند خرجات عريانة وكملتها فالكوميسارية (+18),['surprise'],['surprise'],['surprise'],['surprise']
darija_text_1029_emotion_1,ychedha lik ywsaa lik said,[],['disgust'],[],[]
darija_text_2550_emotion_1,بونو تألق مع إشبيلية ضد سوسيداد وخا خسرات والنصيري لعب وقدم مستوى مزيان,['joy'],['joy'],['joy'],['joy']
darija_text_1652_emotion_1,باينة ف وجهم شريرات',['sadness'],['anger'],['disgust'],[]
darija_text_976_emotion_1,أين هو أمير المؤمنين و ملك الفقراء ؟؟؟؟ ما حاجتنا لقمر صناعي و لا يزال البلد غارقا في المشاكل الاجتماعية؟؟',"['anger', 'surprise']",['anger'],['anger'],['anger']
darija_text_2585_emotion_1,اعتقال ثلاثة مغاربة بسبب الغش في إسبانيا. ولكن ماشي ف الباك ها فاش غشو بأجهزة متطورة,['surprise'],['sadness'],[],[]
darija_text_1760_emotion_1,هل تعلم :أن محمد السادس القائد والملك الوحيد في العالم الذي لا يحتاج الي مترجم في لقائاته الرسمية والغير رسمية ؟',['surprise'],[],"['joy', 'surprise']",['surprise']
darija_text_249_emotion_1,ها كيفاش دازت الاحتفالات بمعبر الكركرات فعيد المسيرة -تصاور,['joy'],['joy'],['joy'],['joy']
darija_text_2283_emotion_1,بنغلاديشي كيرغب الحكومة باش تقتل ولادو وحفادو!!,"['disgust', 'surprise']",['surprise'],['surprise'],['surprise']
darija_text_1670_emotion_1,درار يقود كلوب بروج إلى الفوز في الدوري البلجيكي,[],['joy'],['joy'],['joy']
darija_text_315_emotion_1,finek al2i3lam lmaghribi 3ib lfenanin dyawelena yl9aw da3em fkharij o febladena nn,['anger'],['sadness'],['anger'],['anger']
darija_text_1682_emotion_1,هذه القناة هي اصلا قاطعها المغاربة لانحرافها عما هو موكول لها.ففي افلاسها ليس خسارة للمغاربة بل تحررا من البرامج المدمرة',['anger'],['sadness'],['anger'],['anger']
darija_text_2522_emotion_1,ليس غريبا عن الاخوان في الاردن وابطالها',['joy'],[],['joy'],['joy']
darija_text_1635_emotion_1,لقد فقدنا العروبة والدين والهوية لا حول ولا قوة الا بالله العلي العظيم',"['anger', 'sadness']",['sadness'],['sadness'],['sadness']
darija_text_2394_emotion_1,للمرة الثانية ف سيمانة.. خارجية روسيا استقبلات السفير المصري ف موسكو و هضرو على قضايا المنطقة و منها ملف الصحرا,['surprise'],[],[],[]
darija_text_1782_emotion_1,المغاربة خاصهوم دولة بدون فساد لأن المغاربة شرفاء,['joy'],['anger'],['anger'],['anger']
darija_text_1753_emotion_1,ستين عام وهوما صحاب وفالاخير طلع خوه ماشي صاحبو,['surprise'],['surprise'],['surprise'],['surprise']
darija_text_304_emotion_1,هل سيعفى ادريس بنهيمة من مهامه بينما يبقى الكلب حرا طليقا! نتمنى أن يشعر الكلب بوخز الضمير، ويتحمل مسؤولية ما وقع، كي لا تتسع دائرة ضحاياه,['anger'],"['disgust', 'sadness']",['anger'],['anger']
darija_text_1842_emotion_1,نايف أكرد: كنحلم من صغري نلعب كأس العالم وغادي نخليو المغاربة يفتاخرو بنا,['joy'],['joy'],['joy'],['joy']
darija_text_1973_emotion_1,واش بغيتوهم يبداو يتكرفسو على العادي والبادي عاد تبقاو أنتما على خاطر خاطركم ',['anger'],"['anger', 'fear']",['anger'],['anger']
darija_text_1828_emotion_1,حنا المغاربة والله مكنسواو شي ريال في هده الدولة,['anger'],"['anger', 'sadness']",['anger'],['anger']
darija_text_618_emotion_1,خسر الفقراء و ربح الفساد',['anger'],['sadness'],['anger'],['anger']
darija_text_1987_emotion_1,3ammou hamza li kidir mosaba9at lbniwtat f dm hhhhhhhh,['joy'],['joy'],[],['joy']
darija_text_165_emotion_1,من بعد صورة منال بنشليخة مع راجلها بالبيكيني.. شي عيالات متخلفات طيحو علينا الذل.. قاليك الراجل هو اللي يتحكم فالمرا ويغطيها بالشراوط وخاصها تطيعو وتخدمو.. أودي دخلو سوق راسكم !! عايشين بحال العبيد وبغيتو تفرضو العبودية على العيالات الحرات صحا,['anger'],['anger'],['sadness'],['anger']
darija_text_1995_emotion_1,استمعت لخطاب بنكيران وصل المضمون قام بإصلاحات جوهرية غير ظاهرة للمواطن  في الحقيقة الناس خدامين مع أحزاب أخرى وكيقولو سنصوت للعدالة,['surprise'],"['joy', 'surprise']",['anger'],['surprise']
darija_text_2365_emotion_1,أغلبية المكتب السياسي ديال البام ماحضراتش لاجتماع دعا ليه الامين العام وواخا هكاك بنشماش داير الاجتماع,['surprise'],[],['surprise'],['surprise']
darija_text_645_emotion_1,مشاءالله عليكي منوره ياغاليه احلا واجمل فنانه بالكون',['joy'],['joy'],['joy'],['joy']
darija_text_1566_emotion_1,إنفراد.. العثماني داير ضغط كبير على المركزيات النقابية وها علاش,[],['fear'],[],[]
darija_text_2219_emotion_1,رئيس الجماعة الاسلامية بريبول يتحدث عن الامام المغربي المفترض انه زعيم خلية كاطالونيا والاخير كان فبروكسيل ببلجيكا معقل ارهابيي مولنبيك,['fear'],['fear'],['anger'],['fear']
darija_text_2019_emotion_1,طنجة والزاكي قراب من الفراق,['surprise'],['sadness'],[],[]
darija_text_831_emotion_1,قصة أخرى ورا اختطاف قاصر فدكالة وطلب فدية 30 ألف درهم لتحريرها,['surprise'],['surprise'],['fear'],['surprise']
darija_text_2163_emotion_1,هذه خطة رونالدو للفوز بالكرة الذهبية,[],[],[],[]
darija_text_1968_emotion_1,ها شحال من محابسي غادي يدوّز امتحانات البَاكْ وها شحال من مركز امتحان تخصص ليهوم,['surprise'],[],['joy'],[]
darija_text_1087_emotion_1,ضربة جديدة للديستي. شبكة ديال تزوير لفلوس والنصب عبر مواقع التجارة الالكترونية طاحت فيد البوليس,['surprise'],"['fear', 'surprise']",[],['surprise']
darija_text_2500_emotion_1,ها المفاجآت لي موجداها المطربة المغربية جنات لضيوفها فعرسها,['joy'],['joy'],['surprise'],['joy']
darija_text_861_emotion_1,ارتفاع عدد المصابين بفاس إلى 305 حالة ومكناس وصلات لـ102: ها أرقام الجهة كولها,['fear'],"['fear', 'sadness']","['fear', 'sadness']","['fear', 'sadness']"
darija_text_41_emotion_1,الفقر والجوع والغلاء البطالة السبب الرئيسي في فاجعة الصويرة وغيرها',"['anger', 'sadness']","['disgust', 'sadness']","['anger', 'fear', 'sadness']","['anger', 'sadness']"
darija_text_2589_emotion_1,حراك الريف. جوج معتقلين فالحسيمة كيتسناهوم حكم بعشرين سنة,['surprise'],['surprise'],"['anger', 'sadness']",['surprise']
darija_text_523_emotion_1,#لا_لقمع_الأطر',['anger'],[],['anger'],['anger']
darija_text_1262_emotion_1,تبارك الله عليك معلم ف كلشي جاتك زوينة واعرة فيها دلالة امازيغية واصالة مغربية تحياتي لك',['joy'],['joy'],['joy'],['joy']
darija_text_1500_emotion_1,النفاق السياسي بين شفيقا عين الشق البرلمانيان المتطاحنان ..لعداوة تابثة و الصواب يكون !,['surprise'],['disgust'],[],[]
darija_text_807_emotion_1,لوبي الدزاير و التنوعير.. بغاو يحطو ملف الصحرا فـ بروكَرام البرلمان الإيطالي,['anger'],['surprise'],['anger'],['anger']
darija_text_2333_emotion_1,حمد الله مامركاش فقمة إتحاد جدة والنصر ومستواه كان ضعيف,['joy'],['sadness'],[],[]
darija_text_2341_emotion_1,لن ننام مطمئين يا عمر! بدل أن نطالب بالحريات، صرنا كل شهر ننكب على المطالبة ب”تحرير” واحد/ة من أصدقائنا ورفاقنا!,['anger'],['sadness'],"['anger', 'sadness']","['anger', 'sadness']"
darija_text_1348_emotion_1,الحكومة ما بقاتش باغية تصرف عليهم.. الرئيس السابق ديال كوريا الجنوبية بغا يتخلى على الكلاب ديالو,['anger'],['sadness'],['sadness'],['sadness']
darija_text_2_emotion_1,الفتح حتى هو تأهل واخا خسر,['surprise'],['surprise'],['surprise'],['surprise']
darija_text_636_emotion_1,موليم لعروسي ردا على آمنة ماء العينين بخصوص نضال الصاية واسطول غزة: معركة النساء تهمني وتهم حفيدتي وتهم بلدي,['anger'],[],['anger'],['anger']
darija_text_521_emotion_1,نعم أنا مغربي حر في بلد حر وملكي محمد السادس نصره لله.',['joy'],['joy'],['joy'],['joy']
darija_text_1646_emotion_1,واقلا هادك البنت لي خدامات في الامانة العامة ماشي بنتك ولا مافي راسكش انها بنتك',['surprise'],['surprise'],[],['surprise']
darija_text_2065_emotion_1,@user Ana mojoda lwa9t li bghiti,[],['joy'],[],[]
darija_text_43_emotion_1,هاد السيد واعر عندو مهارات مكيناش عند رونالدو مي عندو السرعة زيرو',['anger'],['joy'],[],[]
darija_text_1201_emotion_1,nsite a samira lbare7 kente f paris 😂😂 3nd jada 😷😂😷 w rada ranmchi l souide 🔫🔫💣 w f ljomo3a r nmchi l ksa nzidek wla brak🙇,['joy'],['joy'],[],['joy']
darija_text_2053_emotion_1,مختل عقلي دبح مو بجنوبية نواحي اسفي,"['fear', 'sadness', 'surprise']","['anger', 'sadness']",['fear'],"['fear', 'sadness']"
darija_text_2116_emotion_1,عصابة المقنعين اللي خربتها فثلاثة ديال المدن جابت الربحة فالسطات,"['joy', 'surprise']",['surprise'],[],['surprise']
darija_text_1026_emotion_1,مظاهرات التلاميذ وتخسار الهدرة فالشعارات ديالهم بينو بلي طالع جيل كيعيش نوع من المساواة الحقيقية بين البنات والدراري,[],['surprise'],"['anger', 'sadness']",[]
darija_text_1541_emotion_1,عاجل. ...الأصالة والمعاصرة كيدفعو التراكتور ديالهم مبغاش يديماري هههههه,['joy'],['joy'],['disgust'],['joy']
darija_text_2504_emotion_1,tfo kon ghir knt lpharamacie 7ala dak nhar,['sadness'],['anger'],['anger'],['anger']
darija_text_716_emotion_1,البوندسليغا. البايرن جاب اللقب للمرة السادسة على التوالي,['joy'],['joy'],[],['joy']
darija_text_2652_emotion_1,العاهل السعودي يدعو الملك محمد السادس لحضور القمة العربية,['joy'],[],[],[]
darija_text_850_emotion_1,Diali ana lli kbir 3lik ! sic Benkirane .,['surprise'],['disgust'],['anger'],[]
darija_text_2600_emotion_1,Lfounoun à la prochaine inchalah .. Bon courag ❤ en Menara Mall Marrakech https://t.co/iB4ZwJYcOI,['joy'],['joy'],['joy'],['joy']
darija_text_1268_emotion_1,تبا لمن قال مادمت في المغرب فلا تستغرب. أنا مغربي ومنذ صغري غارق في الاستغراب والعجيب أن وزارة الداخلية تشبهني تماما,"['anger', 'surprise']",['joy'],['anger'],['anger']
darija_text_166_emotion_1,لفلوس شايطين على بنادم. ساعة ديال 200 درهم تباعت بمليار ونص وها علاش,['surprise'],['surprise'],['surprise'],['surprise']
darija_text_452_emotion_1,أب بيكيه: شاكيرا هي السبب في اعتزالو كرة القدم,[],['surprise'],['disgust'],[]
darija_text_1133_emotion_1,لاربيتر ديال ماتش دالكورة تيرا بالقرطاس باش يوقف الروينة وسط التيران – فيديو,"['fear', 'surprise']",['fear'],['surprise'],"['fear', 'surprise']"
darija_text_962_emotion_1,التجمعية تابعمرانت: خاص نحميو ونعززو دور المعهد الملكي للثقافة الامازيغية وخاص ترسيم رأس السنة الاماريغية ويولي عطلة,['anger'],[],[],[]
darija_text_1774_emotion_1,هاعلاش الوكيل العام صيفط زويتن الباطرون السابق د المكتب الوطني للسياحة لقاضي التحقيق,[],[],[],[]
darija_text_146_emotion_1,b7al hadchii lli khasso yb9a yhat f hissabato machi sowar 3chwa2iyya,['anger'],['joy'],[],[]
darija_text_1290_emotion_1,عاجل: سبعينية أولى ضحايا “مِينِي تْسُونَامِي,['sadness'],['sadness'],"['fear', 'sadness']",['sadness']
darija_text_422_emotion_1,وقفة تضامنية مع ضحايا الأحداث الإرهابية التي شهدتها الدار البيضاء,['sadness'],['sadness'],['sadness'],['sadness']
darija_text_745_emotion_1,إوا مع هاته النسبة لا شرعية للبرلمان أن يشرع في أمورنا وهذا نظام فاقد لشرعيته عليه بالتخلي.,['anger'],['anger'],['anger'],['anger']
darija_text_672_emotion_1,لمن تعاود خطابك يا محمد السادس: خاطب مجلس فيه 10 بالمائة فيهم متهمين: تمثيل المواطنين امانة عظمى عليكم اداءها تجاه الناخبين والاشخاص راحلون والمؤسسات دائمة,['anger'],['sadness'],['anger'],['anger']
darija_text_1176_emotion_1,"روسيا فطريقها لتغيير مواقفها من قضية الصحرا وتجي فالصف ديال المغرب,",['joy'],[],['joy'],['joy']
darija_text_968_emotion_1,aah 5l3toni wach daz li9a2 dyalo fl7ora lyom knt 5arja machftoch,['fear'],['fear'],['fear'],['fear']
darija_text_2029_emotion_1,موت الراقصة غزل يكشف موت الضمائر في عالمنا العربي,"['sadness', 'surprise']",['sadness'],"['anger', 'sadness', 'surprise']","['sadness', 'surprise']"
darija_text_1572_emotion_1,حمد الله محيح فالسعودية. دا احسن لاعب والحذاء الذهبي وقال: هاد الجائزة يستحقها امرابط,['joy'],['joy'],[],['joy']
darija_text_192_emotion_1,محمد السادس للسيسي: بالتوفيق لمهامكم وأنا والشعب المغربي سنظل إلى جانب مصر,['joy'],['joy'],['joy'],['joy']
darija_text_1285_emotion_1,daba ana ktabt lih 9bayla,[],[],[],[]
darija_text_2327_emotion_1,فـ عيد ميلادها 32.. الممثلة “پايال كَوش” غاتهدي شعرها للدراري اللي فيهم الكونصير – تغريدة و تصاور,"['joy', 'surprise']",['joy'],['joy'],['joy']
darija_text_922_emotion_1,قاليك إلا عطاك العاطي لا تحرث لا تواطي! علاش فرانسا ماحاملاش قطر و كاتحسدها؟‎,['anger'],[],['anger'],['anger']
darija_text_1353_emotion_1,عاشا معا وماتا معا. رسامة نمساوية رمات راسها فسكة الطران من بعد موت زوجها الرسام السوري,"['sadness', 'surprise']",['sadness'],['sadness'],['sadness']
darija_text_814_emotion_1,"“إل باييس” : الشركات ف جزر الكناري خايفة من قوة تنافسية الشركات المغربية,",['fear'],[],['fear'],['fear']
darija_text_2472_emotion_1,"أرقام كتخلع جابتها مندوبية التخطيط فالعنف الزوجي والأسري.. 52,1 فالمية دالعيالات المزوجات كياكلو العصا.. و56,1 فالمية من العكَوزة والنساب ","['fear', 'surprise']",['surprise'],"['anger', 'fear', 'sadness']","['fear', 'surprise']"
darija_text_2656_emotion_1,المغرب ضاع لا أمل للشباب و لامكان للطموح',['sadness'],"['anger', 'disgust', 'sadness']","['anger', 'sadness']","['sadness', 'anger']"
darija_text_333_emotion_1,فيديو ديال خليجي مقصر مع مغربيات في البحر منوضها في الفايس,"['anger', 'disgust']",['joy'],['disgust'],['disgust']
darija_text_57_emotion_1,أول مرة غنشوف شي يوتوبوز مغربية بمحتوى مفيد و رائع فيه احترافية تبارك الله عليك عفاف 💙❤﻿',"['joy', 'surprise']",['joy'],['joy'],['joy']
darija_text_994_emotion_1,بوليس الصبليون حررو 15 بنت من المغرب ودول افريقية كانت كتستغلهم شبكة دعارة فالميريا,['surprise'],"['anger', 'disgust', 'fear', 'sadness']","['anger', 'disgust', 'sadness']","['anger', 'disgust', 'sadness']"
darija_text_1970_emotion_1,عاجل : جثة فتاة بالعيون مرمية خلف محكمة الاستئناف وعليها اثار الضرب,['surprise'],"['anger', 'fear', 'sadness']",[],[]
darija_text_540_emotion_1,الرجاء يستهل موسمه الكروي الجديد بمشاكل مالية. ها شحال خسر بعد فسخ عقود لاعبيه,['surprise'],['sadness'],[],[]
darija_text_1560_emotion_1,ها تشكيلة الوفد الدبلوماسي الروسي لي جا للعيون وتلاقى رئيس المينورسو,[],['joy'],[],[]
darija_text_2215_emotion_1,هجوم طاراغونا اصيب فيه بوليسي صبليوني وست مدنيين,"['fear', 'sadness']",['fear'],['sadness'],"['fear', 'sadness']"
darija_text_1533_emotion_1,كيف ندعي أننا ندمج الأفارقة و مواطنون مشردون في وطنهم ',['anger'],['sadness'],['sadness'],['sadness']
darija_text_161_emotion_1,دراسة: هاد الشعب مابقاش عندو مع الجنس,['surprise'],['surprise'],[],['surprise']
darija_text_2619_emotion_1,ريهانا دخلات لنادي المليارديرات وولات اكثر مغنية مرفحة فالعالم,['joy'],['joy'],[],['joy']
darija_text_791_emotion_1,"انتخابات شاعلة عند لينوطير فجهة فاس.. الموثقة جقاوة لـ”كَود”: ماعندي حتى علاقة بالتحالفات الاستقطابات اللي واقعة دبا,",['anger'],[],['anger'],['anger']
darija_text_718_emotion_1,اللهم صيبا نافعا.. نقول بعده : مطرنا و الحمد لله',['joy'],['joy'],['sadness'],['joy']
darija_text_2482_emotion_1,مبروك على الناس لي ربحوا و سعدات ناس كازا دوزوا معاك وقت زوين',['joy'],['joy'],['joy'],['joy']
darija_text_1741_emotion_1,@user Bonne nuit bassoumaaa . hna wladek o nti bentna hhhhhhhh tisbahi 3la alf khir #IbtissamTiskat #jevousaimelesfilles,['joy'],['joy'],['joy'],['joy']
darija_text_1038_emotion_1,hhh ana saraha dahkouni ma9dartch nasbar man kalakh dyalhoum safi hadi akhir mara najbdhoum,['joy'],"['disgust', 'joy']",['anger'],['joy']
darija_text_200_emotion_1,إسرافيليات : تقنين الإجهاض ..هل سيصبح سعد الدين العثماني..سيمون ڤايل المغرب؟,[],['joy'],['anger'],[]
darija_text_2285_emotion_1,اش هد المستوى ديال الويل حشومة وعيب هاشي',['anger'],['anger'],['anger'],['anger']
darija_text_90_emotion_1,التكنولوجيا القاتلة. صراع حول الحاسوب يدفع طفل قاصر إلى الانتحار بفاس‏,"['sadness', 'surprise']","['anger', 'sadness', 'surprise']",['sadness'],"['sadness', 'surprise']"
darija_text_1146_emotion_1,رائعة غاليتي كالعادة وفقك الله﻿ ',['joy'],['joy'],['joy'],['joy']
darija_text_897_emotion_1,قريب غادي يتعلن عليه.. حجر صحي و منع التنقل بالليل ف رمضان ومصدر حكومي لـ”كَود”: ها كيفاش غادي يدوز هاد الشهر,"['fear', 'sadness']","['fear', 'sadness']","['fear', 'sadness']","['fear', 'sadness']"
darija_text_1468_emotion_1,سكوب: مجلس وزاري 18 في عهد حكومة بنكيران الاثنين وها علاش غادي يصادق,['surprise'],[],[],[]
darija_text_639_emotion_1,زيت الزيتون تسببات فالبلوكاج ديال 11 كار فميناء بني انصار,['surprise'],['surprise'],['surprise'],['surprise']
darija_text_1373_emotion_1,تبارك الله على سي حكيمي بالتوفيق',['joy'],['joy'],['joy'],['joy']
darija_text_1205_emotion_1,اكتتاب من أجل تشكيل الحكومة! ما دمنا عاجزين عن تشكيلها. فلنأت بها مطبوخة. لنأت بها ملفوفة في ورق الألمنيوم. لنأت بها مفككة من الخارج. ثم نسخنها في الميكرو أوند. ثم نركبها هنا. في الرباط.,['surprise'],['sadness'],['anger'],[]
darija_text_1185_emotion_1,"منظمة دول شرق بحر الكاريبي فتحات تمثيلية دبلوماسية ليها فالداخلة – تصاور,",[],[],[],[]
darija_text_2612_emotion_1,روينة فمجلس جهة الداخلة.. والمعارضة حطات شكاية فبيرو الوالي بسباب تبخيس مجهودات الدولة -وثيقة,['anger'],['surprise'],['anger'],['anger']
darija_text_782_emotion_1,wach 9aloha lyom fin cheftiha,[],[],[],[]
darija_text_1112_emotion_1,المغرب واحد واحنا مغاربة موحدين من طنجة لكويرة أن شاءالله بقيادة ملكنا المحبوب محمد السادس,['joy'],['joy'],['joy'],['joy']
darija_text_1000_emotion_1,الرمضاني: فين غاديين. ما سوقيش اش كيقول اخنوش ولكن واش الملك كيتسب تحت السمطة عادية؟ وعلاش اللي كلاو الغلة كيسبو اليوم فالملة,['anger'],['surprise'],['anger'],['anger']
darija_text_2580_emotion_1,رحم الله الفقيد القدافي',['sadness'],['sadness'],['sadness'],['sadness']
darija_text_723_emotion_1,بعد إعتقاله للإشتباه في قتله شقيقه. القضاء الاسباني يطلق سراح مغربي بسبب عدم وجود نية القتل,['joy'],"['fear', 'sadness']","['sadness', 'surprise']",['sadness']
darija_text_841_emotion_1,بعد أنباء عن سوء معاملة المهاجرين المغاربة في نقاط العبور لجنة استطلاعية برلمانية لتتبع ظروف عودتهم,['joy'],"['joy', 'sadness']","['anger', 'sadness']","['joy', 'sadness']"
darija_text_545_emotion_1,nta machi m3ana 7na lghlade ga3 😤,['anger'],['sadness'],[],[]
darija_text_2405_emotion_1,آخر واحد من قبيلة معزولة ف الأمازون مات بسباب كورونا,['surprise'],['sadness'],['sadness'],['sadness']
darija_text_13_emotion_1,@user @user khti diri follow na3tik lhissab dyali sawti bih,['disgust'],[],['anger'],[]
darija_text_189_emotion_1,اسمه محسن فكري وليس سماك الحسيمة  .. شهيد الحكرة ...في زمن غابت فيه الكرامة..  .,"['anger', 'disgust', 'sadness']",['sadness'],[],['sadness']
darija_text_997_emotion_1,مرا ناوية على الطلاق بعدما قهرها راجلها بالتفراج فـ الرسوم المتحركة,['surprise'],['surprise'],['surprise'],['surprise']
darija_text_1174_emotion_1,مصائب قوم عند قوم فوائد,[],[],[],[]
darija_text_2113_emotion_1,إدانة شخص تشد كيحاول يغتاصب دري داخل مؤسسة تعليمية فرمضان,['surprise'],"['anger', 'disgust']",['disgust'],['disgust']
darija_text_1880_emotion_1,مي العيدان شرشمات مريم حسين على قبل بنتها – فيديو,['anger'],['surprise'],[],[]
darija_text_1414_emotion_1,@user ana ghanmchi n3ess tsabho 3la khir makrahtch lkn t3atlt hhh,['joy'],['joy'],[],['joy']
darija_text_2031_emotion_1,أحلام هدرات على طلاقها من راجلها القطري,['surprise'],['sadness'],[],[]
darija_text_1141_emotion_1,اختي ليلى الله ينجحك و يسهل عليك كل ماصعاب قولي لي الموضوع العام لي عطاوكوم فمباراة المالية الله يرحم الوالدين هاهي نمرتي فالواتساب ',[],['joy'],[],[]
darija_text_2307_emotion_1,حل الدولتين في المغرب! دولة لأصحاب المهن الحرة ودولة للموظفين,['surprise'],['anger'],['anger'],['anger']
darija_text_177_emotion_1,براد بيت يكسر حاجز الصمت ويتحدث لأول مرة عن طلاقه بجولي,['surprise'],['sadness'],['surprise'],['surprise']
darija_text_93_emotion_1,@user Aji had lyamat kayn wa7d Can -23 Fin howa lmghrib ???,['surprise'],[],[],[]
darija_text_1306_emotion_1,هادي جديدة. مشروع قانون فمصر خاص بمواقع البورنو!!,['surprise'],['surprise'],['surprise'],['surprise']
darija_text_312_emotion_1,"وزيرة الانتقال الطاقي: مكنشريوش الغاز من اسبانيا وها شنو تافقنا معها.. وكنوجدو صفقات مع دول صديقة منها قطر باش نستوردو الغاز الطبيعي,",[],['joy'],['joy'],['joy']
darija_text_303_emotion_1,من أجمل المناظر الطبيعية في فصل الشتاء ، تلك التلال من الثلوج ، التي تتيح للسائح التمتع بممارسة رياضة الثلج  على الجليد ، و اللعب على الجليد و الاستمتاع به ،والاستمتاع بالأماكن الثلجية الجميلة والهادئة',['joy'],['joy'],['joy'],['joy']
darija_text_1675_emotion_1,ماشاء الله على شباب الحسيمة رجال من صلب الرجال,['joy'],['joy'],['joy'],['joy']
darija_text_558_emotion_1,قربالة نايضة على مراهق بريطاني غبر في ظروف غامضة فمراكش (صور),['surprise'],"['fear', 'surprise']",['anger'],['surprise']
darija_text_344_emotion_1,المغرب يدعو المجتمع الدولي إلى التدخل العاجل لحماية تراث مالي,['sadness'],['joy'],['anger'],[]
darija_text_513_emotion_1,و باز والله مكتحشم.بنكيران كيمص دماء ديالنا.ودا لينا رزقنا. الله ياخد غيه الحق هو واتباعه,['anger'],"['anger', 'sadness']",['anger'],['anger']
darija_text_1963_emotion_1,يارب تنصرو..... وطول في عمرو..... ويخليه للشعب والعائلة الملكية...... شكرا محمد السادس,['joy'],['joy'],['joy'],['joy']
darija_text_1908_emotion_1,مول مكتبة حط نونوسات فبلايص على برا باش يضحك الناس فظروف هاد الجايحة,['joy'],['joy'],['joy'],['joy']
darija_text_1537_emotion_1,"النظام الأساسي الجديد الموحد لأطر وزارة التربية الوطنية.. بنموسى: كنخدمو فهاد الإطار لاعتماد ميثاق أخلاقيات بهدف ربط المسؤولية بالمحاسبة فالقطاع,",[],['joy'],[],[]
darija_text_1644_emotion_1,تينهينان جدة الطوارق في الصحراء الكبرى  اما جد الامازيغ فهو ماسينيسا مؤسس الدولة النوميدية,[],['joy'],[],[]
darija_text_2233_emotion_1,"منظمة الصحة العالمية رصدات 170 حالة إصابة بمرض كبدي مجهول المصدر كيقيس الدراري الصغار,","['fear', 'sadness', 'surprise']",['fear'],"['fear', 'sadness']","['fear', 'sadness']"
darija_text_199_emotion_1,شوفو فين وصل مستوى النقاش ف انتخابات الرئاسية الامريكية: “مراتي أجمل من مراتك”,['disgust'],"['disgust', 'surprise']",['disgust'],['disgust']
darija_text_1184_emotion_1,هنيء لنا بامثالك المغرب مازال فيه بنات الناس,['joy'],['joy'],['joy'],['joy']
darija_text_1660_emotion_1,جورنالات بلادي1: وحش آدمي بالرماني يغتصب طفلين شقيقين وكبار ضباط الجيش يتفقدون الشريط الحدودي,['disgust'],"['anger', 'disgust', 'fear', 'sadness']","['anger', 'disgust', 'fear', 'sadness', 'surprise']","['disgust', 'anger', 'fear', 'sadness']"
darija_text_963_emotion_1,lach katheto tag betyyy pllz messhih nass baghin fach itfarjou,[],[],['anger'],[]
darija_text_2348_emotion_1,تفجيرات باريس الارهابية. وثقبة كبيرة فالامن بفرنسا . صلاح عبد السلام داز من 3 حواجز تفتيش ففرنسا وعطى للبوليس عنوانو فلجيكا,['surprise'],['fear'],"['anger', 'sadness']",[]
darija_text_1548_emotion_1,البوصيري شعلها بالغش في البطولة : برشيد مشى للمحكمة,"['disgust', 'surprise']",['surprise'],"['anger', 'disgust']","['disgust', 'surprise']"
darija_text_1870_emotion_1,السلفيون يُخلّدون اليوم العالمي لحقوق الإنسان أمام إدارة السّجون,[],['surprise'],[],[]
darija_text_2561_emotion_1,جوج تقاسو بكورونا فبوجدور فيهم عون سلطة ومستخدم فشركة للطاقة الريحية,['sadness'],"['fear', 'sadness']",['sadness'],['sadness']
darija_text_1909_emotion_1,عريس نصاب.. دار العرس بالملايين وخلا مراتو غارقة فالكريديات ومجرجرة فالمحاكم,"['disgust', 'surprise']",['surprise'],['anger'],['surprise']
darija_text_1208_emotion_1,وغاتجي وزارة الداخلية وتقول ليك نسبة المشاركة فاقت 80% هههه هذا إستحمار قبل الإستعمار,['anger'],['anger'],['anger'],['anger']
darija_text_1370_emotion_1,واااااااااااو طووووووووب ولاااد بلادي الله يحفضكم سعد انت التواااضع بنفسه ',['joy'],['joy'],['joy'],['joy']
darija_text_1034_emotion_1,جمعية حقوقية: ها اللي خاصنا نديرو باش ما تبقاش جهة طنجة تطوان اول مشتل للإرهابيين,['surprise'],[],[],[]
darija_text_2390_emotion_1,حتى بلجيكا خصم المغرب فالمونديال علنت على لائحة كأس العالم,['surprise'],[],[],[]
darija_text_1578_emotion_1,بسباب المقاطعة.. دانون سنطرال رفضات توزع 148 مليون درهم على المساهمين وغتنقلها ديريكت لحساب الشركة,['sadness'],['surprise'],['surprise'],['surprise']
darija_text_1400_emotion_1,تتويج الجزائر بطلا لكأس أبطال إفريقيا لسنة 2019 بعد مباراة نهائية متعبة أمام السنغال,['joy'],['joy'],['joy'],['joy']
darija_text_1886_emotion_1,فالوقت اللي كازا كتسجل إصابات كثيرة يوميا بالفيروس.. بنادم مزال مامسوقش وكثرو الناس اللي كيخرقو حظر التجول بالليل,"['anger', 'fear', 'sadness']",['sadness'],"['anger', 'fear']","['anger', 'fear', 'sadness']"
darija_text_2498_emotion_1,قناص تارجيست ينفي نيته نشر الأشرطة المتبقية لديه حول رشوة الأمنيين ويشكر الملك بعد العفو عن أخيه,['joy'],[],[],[]
darija_text_1928_emotion_1,ماشاء الله زوينة الله يحفظك اختي العزيزة نموت فيك',['joy'],['joy'],['joy'],['joy']
darija_text_2639_emotion_1,أمنيستي كضغط على القضاء باش يبرأ موالي للبوليساريو فالعيون,['surprise'],[],['anger'],[]
darija_text_1954_emotion_1,خاص. وزير الداخلية حصاد يتفقد المسيرة,[],[],[],[]
darija_text_1070_emotion_1,مأساة. شارجور شعل العافية فدار بفاس وتسبب فمصرع طفل عمره سنتين,['sadness'],"['fear', 'sadness']",['sadness'],['sadness']
darija_text_543_emotion_1,bezaaaaaf tebe9a te9eraa te9eraaa moura douctoura ou 3ad chouf wach tefehem had 😂😂😂😂,['joy'],['joy'],[],['joy']
darija_text_1188_emotion_1,hram 3lik hanane tlab menk t3awnha nta mamsawa9ch lawla 7gartoha o tani pff salami ali haydi saho,['sadness'],['sadness'],"['anger', 'sadness']",['sadness']
darija_text_1421_emotion_1,دار صفحة فايسبوكية ونشر فيها صور جنسية مفبركة لقاصرات,['disgust'],"['anger', 'disgust', 'fear', 'sadness']","['disgust', 'fear']","['disgust', 'fear']"
darija_text_1181_emotion_1,ها آش قال البشير عبدو على اعتقال سعد المجرد للمرة الثانية بسباب تهمة اغتصابو للبنات,[],[],[],[]
darija_text_1302_emotion_1,عاش محمد السادس عاش الشعب,['joy'],['joy'],['joy'],['joy']
darija_text_755_emotion_1,mskin o hwa mnin 9aliha bla terbaya bla akhla9 mslahjya ananya matjrhatch ach ngoulikom lah y3tikom l3z ama dl rakom fih,"['anger', 'sadness']","['anger', 'disgust']",['anger'],['anger']
darija_text_1625_emotion_1,شقران المرشح لرئاسة الاتحاد الاشتراكي: أجهزة الحزب ضعافت ومع هاد القيادة فقد بزاف من مصداقيتو,[],['sadness'],['sadness'],['sadness']
darija_text_2536_emotion_1,نحن شباب مغاربة في الغربة متعاطفين مع حزب العدالة و التنمية كلنا أمام التلفاز ننتضر بشوق هدا اللقاء التلفزيوني وفقك الله دولة الرئيس',['joy'],[],[],[]
darija_text_175_emotion_1,smahli mais wach mcharjinek a khoya kat3awd nafss hadra o katjbed lina ghiir sdaa3 9leb 3lihom ola hayed tag bety o dir libghti,['anger'],['disgust'],[],[]
darija_text_480_emotion_1,هذه المعارضة التي نحتاج,['joy'],['joy'],[],['joy']
darija_text_2384_emotion_1,كم هو ممتع أن نؤمن بسعيد بنجبلي! أتذكر أنه كان يمشي في الأسواق، لكني لم أتوقع حينها أني سأكون أول مصدق له، وأول حوارييه، وأول ناشر لرسالته ولاكتشافه,['joy'],['joy'],['joy'],['joy']
darija_text_668_emotion_1,o ybadlo namra li f instagram hada jahdi a koti hh lmohim ogal liya ntoma shof festivalat fbara,['joy'],[],[],[]
darija_text_1004_emotion_1,واش غايكون شي انفراج فالملف؟. احكام جديدة على حراكيي الريف فيها البراءة والحبس سورسي,['surprise'],[],[],[]
darija_text_130_emotion_1,فقدان أكثر من 10 آلاف طفل بعد وصولهم أوروبا,"['fear', 'sadness']",['sadness'],['sadness'],['sadness']
darija_text_1081_emotion_1,اسبانيا.. متشرد مغربي مات فظروف غامضة: لقاو الجثة ديالو متفحمة,['surprise'],"['fear', 'sadness']",['sadness'],['sadness']
darija_text_1083_emotion_1,300 سنة لزعماء حراك الريف. ازمة ديبلوماسية مغربية هولندية. الخارجية تستدعي سفيرة هولندا. المغرب: الريف موضوع داخلي وما نتلقاو دروس من حد ووزير خارجية هولندا لمغاربة هاد البلد: ردو بالكم,['anger'],[],['anger'],['anger']
darija_text_1830_emotion_1,mabrouk l marwan o lahel lobnan .. tstahlo kol khir,['joy'],['joy'],['joy'],['joy']
darija_text_565_emotion_1,@user @user @user akiddddd ana kanhma99 3la adhamm,['joy'],['joy'],['joy'],['joy']
darija_text_1602_emotion_1,akbar ghalat drt fhyati howa fach chdit lbac kmelt 9rayti flmghrib 🤦🏽‍♂️,"['anger', 'sadness']",['surprise'],['anger'],['anger']
darija_text_851_emotion_1,لو كانت فنانة عاهرة لتضامنت معها الدولة.ولكن هدا ليس الا مجاهد من اجل خدمة الوطن.,['anger'],"['anger', 'disgust']",['anger'],['anger']
darija_text_132_emotion_1,فصل ربيع ساخن. العلمي ومن معه يمثلون من جديد أمام قاضي جرائم المالية في فاس بتهم ثقيلة,"['fear', 'sadness']",['surprise'],['surprise'],['surprise']
darija_text_495_emotion_1,أشرف حكيمي 19 السنة فخر المغرب ',['joy'],['joy'],[],['joy']
darija_text_1932_emotion_1,ها مصير معلمة مراكش لي كتبيع بنتها للراغبين في ممارسة الجنس.. وها علاش تجرات معاها حتى ختها في القضية,['disgust'],"['anger', 'disgust', 'fear', 'sadness', 'surprise']",[],['disgust']
darija_text_754_emotion_1,هجوم هوليودي على ولد رئيس جماعة فالعيون,['anger'],['fear'],['surprise'],[]
darija_text_1982_emotion_1,عاجل. شكون قطع الضو على مزوار فالعيون؟ واش ولد الرشيد عندو شي علاقة,['surprise'],['surprise'],['surprise'],['surprise']
darija_text_600_emotion_1,فين أيامك يا الوردة. اتحادي ساخط بغى يبيع مقر الحزب وحتى لشكر على الأنترنت وها شحال طالب,['sadness'],['anger'],['surprise'],[]
darija_text_594_emotion_1,لكريساج والتهديد بالسيوفة طيح شخصين ف يد بوليس المرسى,['surprise'],['fear'],['fear'],['fear']
darija_text_262_emotion_1,منورين ربي يحميكي',['joy'],['joy'],['joy'],['joy']
darija_text_1836_emotion_1,مدرب الجزائر ما تسوقش لبوتفليقة. اعلن رسميا انفصاله عن الجزائر وقال: ما مسامحش بعض الصحافة الجزائرية,['anger'],['surprise'],['anger'],['anger']
darija_text_1776_emotion_1,mais non cest pas vrais 😂😂😂 wa chty kunt dima kanqulk dak lqet katquli raha qteta,['joy'],"['joy', 'surprise']",['surprise'],"['joy', 'surprise']"
darija_text_2485_emotion_1,العرايشي يمر لسرعة قصوى في قضية الصحافي راضي الليلي: حراس مبنى الشركة الوطنية للاذاعة والتلفزة يمنعونه من الدخول,['surprise'],['surprise'],[],['surprise']
darija_text_2531_emotion_1,la façon bach kayflowi fih dik lfr7a dial lah wa akhiran l9it la rime 😭😭,['joy'],['joy'],['joy'],['joy']
darija_text_425_emotion_1,@user hhhhhhhhh ya sahbi kayen ghi charfat f had domaine titiz sghir walo :v,['joy'],"['joy', 'surprise']","['disgust', 'sadness']",['joy']
darija_text_1443_emotion_1,khouya douzi momkin dkhel chaîne dyali tsanat ljadid,[],['joy'],[],[]
darija_text_1258_emotion_1,المندبة كبرات فالمغرب بعدما غرق الفيسبوك بصور جثث شباب ماتو فمحاولات حريگ فاشلة,['sadness'],['sadness'],"['anger', 'sadness']",['sadness']
darija_text_2437_emotion_1,"فرقة الصقور فالداخلة فككات ريزو ديال الحريكَ,",['surprise'],['surprise'],[],['surprise']
darija_text_1779_emotion_1,"مبعوث الأمم المتحدة للصحرا: غادي ندير جولة إقليمية بالمنطقة,",[],['joy'],[],[]
darija_text_160_emotion_1,الحرب.. الرئيس بوتين سينا رسميا على قانون ضم 4 ديال المناطق فأوكرانيا,"['disgust', 'fear']",['surprise'],['surprise'],['surprise']
darija_text_952_emotion_1,12 ألف مرا مغربية معنفة ف 2018,"['sadness', 'surprise']","['anger', 'fear', 'sadness']",['sadness'],['sadness']
darija_text_1993_emotion_1,ولله أحسن رئيس حكومة فتاريخ المغرب وكل منتقديه أعداء النجاح,"['anger', 'joy']",['surprise'],"['anger', 'joy']","['anger', 'joy']"
darija_text_1346_emotion_1,ax awa hadok mirikan ghir tnso 3lina,['anger'],['surprise'],['anger'],['anger']
darija_text_1230_emotion_1,تنصيب الوكيل العام الجديد لدى محكمة الاستئناف بالعيون,[],['joy'],[],[]
darija_text_1104_emotion_1,العثور على شخص مصاب بطلق ناري بالقرب من مستشفى بتمارة,"['fear', 'sadness']","['fear', 'sadness']","['fear', 'sadness']","['fear', 'sadness']"
darija_text_954_emotion_1,hhhhhhhhhhhhhhhhhhhhhh ana ga3ma sma3tt ach kant kat9oll kanrakazz ghir m3a zineb oyassmin ochirine,['joy'],['joy'],[],['joy']
darija_text_1162_emotion_1,@user hxouma 3lik knt bikhiir hhh off tfou kheliha hta hiya testahel Wllh hta jatni lbekya hh Khra Hada 3awtani lah y3tih mousiba,"['anger', 'joy', 'sadness']","['anger', 'disgust', 'sadness']","['anger', 'sadness']","['anger', 'sadness']"
darija_text_1147_emotion_1,عشرات الالاف يشاركون في تظاهرة مناهضة للتقشف في اسبانيا,['anger'],[],['anger'],['anger']
darija_text_1784_emotion_1,المغرب فطوب 10 للدول الأكثر مبيعا لطوموبيلات رونو ف العالم,"['joy', 'surprise']",['joy'],['joy'],['joy']
darija_text_550_emotion_1,ها آش قال رونالدو للمدرب ديال البرتغال بين شوطي الماتش ضد المغرب,[],[],[],[]
darija_text_1931_emotion_1,tbarkaLAH 3La LALLA NOZHA O SDI LBACHIR #SAM_B @user #SaadLamjarred #Lm3allem #سعد_المجرد #لمعلم http://t.co/jIrY2Cl9qX,['joy'],['joy'],['joy'],['joy']
darija_text_2200_emotion_1,اعتقال التلميذ اللّي شرمل الزميل ديالو بفاس والأكاديمية ديال التعليم: هداك راه ماشي تلميذ راه لص محترف,"['sadness', 'surprise']",['surprise'],"['anger', 'sadness', 'surprise']","['sadness', 'surprise']"
darija_text_1700_emotion_1,زواج القاصرات فـ المغرب.. أغلبيتهم من طبقات فقيرة ورئاسة النيابة العامة: نسبة مهمة من رجال التعليم والفقها كيتزوجو بنات صغار,"['disgust', 'sadness']",['sadness'],['anger'],['sadness']
darija_text_1527_emotion_1,مدرب الجزائر متخوف من مواجهة أسود الأطلس,['fear'],['fear'],[],['fear']
darija_text_1123_emotion_1,ها اللّي طلع ليهوم الجُّوكْ فالمناصب العليا هاد الأسبوع والجنس اللّطيف كالعادة مكاينش,['surprise'],[],['anger'],[]
darija_text_2234_emotion_1,هنا بعض المعلقين وصلت بهم الغباء الى حد تجعله يهاجم النصارى',['anger'],['surprise'],['anger'],['anger']
darija_text_442_emotion_1,اطلاق سراح قياديين بالرباط والبيضاء بعد توقيفهما والسبب توزيع بيانات مقاطعة الانتخابات,['surprise'],['surprise'],[],['surprise']
darija_text_1593_emotion_1,وثيقة مسربة تزلزل القلعة الخضراء,['surprise'],['surprise'],['fear'],['surprise']
darija_text_136_emotion_1,سنصوت على السي بنكيران إن شاء الله رجل الثقة بامتياز غير كونوا هانين,['joy'],['surprise'],['disgust'],[]
darija_text_1898_emotion_1,فرنسا كانت ولا زالت بلد ديمقراطية. ......... عفوا دكتاتورية,['disgust'],[],['disgust'],['disgust']
darija_text_504_emotion_1,العملاء برا برا و المغرب أرضي حرة',['joy'],['joy'],['anger'],['joy']
darija_text_1275_emotion_1,تقرير المخابرات البلجيكية: علاش السلفيين كايشكلو مشكل ف المجتمع؟,['surprise'],['sadness'],[],[]
darija_text_1773_emotion_1,سامية أقريو تؤدي عيوط جبالة في حفل تكريمها,['joy'],['joy'],['joy'],['joy']
darija_text_1716_emotion_1,"الديوانة فالكركرات حجزات كثر من طون ديال الحشيش فكاميو جاي من كازا وغادي لدولة إفريقية -تصاور,",[],"['fear', 'surprise']",['surprise'],['surprise']
darija_text_2165_emotion_1,راقي جاب الربحة فكازا. عجباتو كليانة وتعرى عليها باش يجري على الجنون,"['disgust', 'surprise']","['anger', 'disgust', 'fear']","['anger', 'disgust']","['disgust', 'anger']"
darija_text_571_emotion_1,انرتي نجمتي',['joy'],['joy'],['joy'],['joy']
darija_text_1865_emotion_1,أساتذة باحثين ومفكرين شاعلين على الصمدي,['anger'],['anger'],['anger'],['anger']
darija_text_1998_emotion_1,ديما مشرفينا…ألمانيا رحلات “ملك الشفارة” لي طلع مغربي,['anger'],['disgust'],"['anger', 'disgust']","['anger', 'disgust']"
darija_text_363_emotion_1,dik sa9a hdri m3ha rah ghadi ykono bzzaf la79ach starac taytab3oh hna bzzaf,[],['joy'],[],[]
darija_text_1126_emotion_1,ach daret 3awod mbc hhhhhhhh daba nedkhol d cava azin kander tlila hna wlhih d belya khayba,['joy'],[],[],[]
darija_text_2271_emotion_1,عمليات مكثفة لمراقبة الجودة والأسعار.. ف5 أيام: إتلاف 16 طن من المواد الفاسدة وتسجيل 130 مخالفة,['surprise'],['surprise'],[],['surprise']
darija_text_1175_emotion_1,ها ثمن تجيبو بحالو: باش يكون عندك رئيس حكومة اسمه ابن عرفة قتل حزبو وقتل السياسة يولي الحدث هو يصلي بالقبض,['surprise'],[],['anger'],[]
darija_text_753_emotion_1,بعد “إنت معلم” شباب مغاربة دارو شوهة لأغنية لمجرد الجديدة وقلدوها بطريقة ساخرة (فيديو),['surprise'],['surprise'],"['anger', 'surprise']",['surprise']
darija_text_2667_emotion_1,bb sawti m3ana hna plz hahya tari9a,[],[],[],[]
darija_text_1952_emotion_1,مدمن على القرقوبي صفّاها للأب ديالو فكازا وداز لختو وللأم ديالو,['surprise'],"['fear', 'surprise']",[],['surprise']
darija_text_2489_emotion_1,عودة الأساليب القديمة: معطل طالب بالشغل فوضعوه بمستشفى الأمراض العقلية,['sadness'],"['anger', 'surprise']","['anger', 'sadness']","['sadness', 'anger']"
darija_text_797_emotion_1,على هاد صندوق مازال متصلح 🤔🤔🤔 و زيادة على ذالك ما فائدة الصندوق و أنتم حررتم أسعار نفط و منتوجات غذائية',"['anger', 'surprise']","['anger', 'surprise']",['anger'],"['anger', 'surprise']"
darija_text_1163_emotion_1,ra hiya a hbiba li dart lih wahad l9alba khayba,['anger'],[],[],[]
darija_text_882_emotion_1,دائرة الغضب على لشكر تتسع.. اتحاديو الحسيمة: ساعتك قريبة تسالي وتصريحاتك على الريف لا تلزمنا,['anger'],['anger'],['anger'],['anger']
darija_text_1820_emotion_1,هيفاء وهبي على أعتاب القفص الذهبي وها شكون هو لعروس للي دايرة معاه علاقة حميمية منذ سنوات,['joy'],['joy'],[],['joy']
darija_text_886_emotion_1,نجم بوليود أميتاب باتشان محتافل ب46 عام ديال الزواج والحب,['joy'],['joy'],['joy'],['joy']
darija_text_1689_emotion_1,awili 3la mlahin ra kissawtouuuu ra 178 ta3 far9 o kitzad 3andhom ohna wa9fin,['surprise'],['surprise'],['anger'],['surprise']
darija_text_2128_emotion_1,ما عرفناهم معامن.. محادثة وابتسامة بين رئيسة الحكومة التونسية ورئيس إسرائيل دارت البوز – فيديو,['surprise'],['surprise'],['anger'],['surprise']
darija_text_347_emotion_1,جوج دالمغاربة طحنهوم تران فإيطاليا فظروف غامضة,"['fear', 'sadness']",['sadness'],['sadness'],['sadness']
darija_text_2553_emotion_1,koul fans fih fiaa dyaal nass ki3ayrouu o kissebouu hadi mafihach chek lkn khet fenana,['anger'],[],['anger'],['anger']
darija_text_514_emotion_1,جمهور أسفي رفض يدخل فصداع الوداد والترجي…اطلب من المحرضين يدخلوا سوق راسهم,['anger'],[],['anger'],['anger']
darija_text_1837_emotion_1,بعد رحيله..بنكيران: أحرضان زعيم حقيقي وجا من رحم الشعب ومنجم للمعلومات وهو ثاني شخص تشاورت معه فاش عيني الملك رئيسا للحكومة,['joy'],"['joy', 'surprise']",[],['joy']
darija_text_1730_emotion_1,ورغم هذا لازلنا نعاني من الغلاء والفلاحة مابغاوش يوعاو ويديرو حد للوسطاء والسماسرية .الله يعفو علينا من هاد الناس ',"['anger', 'sadness']",['sadness'],"['anger', 'sadness']","['anger', 'sadness']"
darija_text_1851_emotion_1,قلة الشي اش كيدير: كلشي تابع مايسة اش كلات مع الزفزافي: ماش المخزن ما عندو ما يدار يرسلها مرسولة,['anger'],['joy'],['anger'],['anger']
darija_text_317_emotion_1,جوزيف بوريل: كاندعمو جهود الأمم المتحدة فـ ملف الصحرا وخاص الحفاظ على أمن المنطقة,[],['joy'],['surprise'],[]
darija_text_890_emotion_1,الشيكات المحررة بتيفيناغ الامازيغية تمتحن الابناك,[],[],[],[]
darija_text_1129_emotion_1,مع العدالة و التنمية رغم هذه المسرحيات و إن كان قد أصيب أحد منهم فمنهم هم أنفسهم لإلصاق التهمة بالعدالة و التنمية. هناك فيديوهات بالواتساب.,[],['surprise'],['anger'],[]
darija_text_1442_emotion_1,حشومة وعيب عار راكم كتقتلوا كازا. علاش تمديد السدان مع التسعود لشهر ثاني واللي فيها كورونا فتراجع,"['anger', 'disgust']",['sadness'],['sadness'],['sadness']
darija_text_794_emotion_1,دابا في المغرب كاين غير صايتي و الاشباح و صحاب البزولة و البيجيدي ',['anger'],['disgust'],['anger'],['anger']
darija_text_973_emotion_1,البوليساريو خايفة على بلاصتها فالاتحاد الإفريقي وكتهدد بورقة المنطقة العازلة,[],[],"['anger', 'fear']",[]
darija_text_121_emotion_1,الوزيرة الفرنساوية السابقة كريستيان توبيرا: هاذ الشي ديال تقليص الفيزات للمغاربة ماشي عقلاني,['anger'],[],['anger'],['anger']
darija_text_2505_emotion_1,الإطاحة بعصابة إجرامية اللّي فرعات التجار بالسرقات,['surprise'],"['fear', 'surprise']",[],['surprise']
darija_text_1287_emotion_1,@user hchoma 3lik nta baghi liya lforiyan o ila rditih lakhtek ndih ach ban lik,"['anger', 'sadness']",['fear'],['sadness'],['sadness']
darija_text_1798_emotion_1,@user @user yako ana wlah 7ta baghi lkhir llwatan,['joy'],['joy'],[],['joy']
darija_text_500_emotion_1,صينية قاومات زرّامْ فأصيلة مني جا يشفّر ليها البورطابل,"['fear', 'sadness']",['fear'],['surprise'],['fear']
darija_text_499_emotion_1,khlas kolchi momkin ms f3alam net haja 3adya dnc mchi chi haja kbira hedra oghadoz o l7acharat ghtb9a 7acharat,['anger'],['disgust'],[],[]
darija_text_715_emotion_1,حشومة عليه مرعاش إعاقة ديالها ',['sadness'],['sadness'],"['anger', 'sadness']",['sadness']
darija_text_2569_emotion_1,القيمة ديال الدرهم ارتفعات مقابل الدولار وانخفضات مقابل الأورو فهاد الفترة,['joy'],[],[],[]
darija_text_948_emotion_1,كل سنة شهداء بلا حساب حسبنا الله ونعم الوكيل',['sadness'],['anger'],"['anger', 'sadness']","['sadness', 'anger']"
darija_text_2306_emotion_1,سبحان الله من قلبي مكنحملوش. ماعرفتش علاش !!؟؟؟؟ من نهار دخل للحكومة .,"['anger', 'surprise']",['anger'],"['anger', 'disgust']",['anger']
darija_text_662_emotion_1,سخرية من الأسود في الغابون,['disgust'],"['sadness', 'surprise']",['anger'],[]
darija_text_830_emotion_1,أي رمضان هذا، وأي صيام، بلا لعبة زدي دي دي وعرام التشيش! ويوم انتصر المسك على جيل “ماجي”. أيها الولد الشقي، ليس لك ما تحكيه عن رمضان في المستقبل، وأنت قابع في البيت تلعب كاندي كراش وتحملق في الفيسبوك,['anger'],['anger'],['anger'],['anger']
darija_text_695_emotion_1,"الاحتجاجات ضد ارتفاع أسعار المواد الغذائية بدات من تطوان.. لبارح تجمعو العشرات طالبو الحكومة بدعم المواطن البسيط,",['anger'],['anger'],['anger'],['anger']
darija_text_905_emotion_1,hta ana kanou kayt7ydouli shi 2 jrs hadi wa9ila db la,[],[],[],[]
darija_text_2318_emotion_1,البغدادي كيجمع الميداليات والمشاهير!. بطل العالم في الملاكمة التايلاندية ينضم لداعش,['surprise'],"['fear', 'surprise']",['surprise'],['surprise']
darija_text_548_emotion_1,hadchi mnin katkoni kharja f zan9a rah katchofi ghalat dyalhom anahom 3acho hyathom 3adi wnsaw camera,['sadness'],[],[],[]
darija_text_1177_emotion_1,يا ربي يطيرك الملك !! راه طلعتيلينا في راسنا ! مابغينا حكومة ولا زعتر خلي الملك يحكم كل شي,['anger'],['anger'],['anger'],['anger']
darija_text_1247_emotion_1,الف مبررروك يانجم النجوم 🌟 المغرب الأول العالمي الدوزي💖 يارب من نجاح لنجاح',['joy'],['joy'],['joy'],['joy']
darija_text_2334_emotion_1,نعم، أتفق مع الشيخ النهاري أن أعياد الميلاد ورأس السنة حرام! لكن رجاء اصنع لنا عيدا حلالا. شرط أن تكون فيه بهجة ورقص وغناء. وأن نخرج فيه بعد منتصف الليل,['surprise'],[],['anger'],[]
darija_text_1981_emotion_1,بعيوي واخا حكمات عليه المحكمة بتبذير المال العام.. داير منتدى دولي باش يلمع صورتو,['surprise'],['surprise'],"['anger', 'disgust']",['surprise']
darija_text_505_emotion_1,المواطن الفاسد',['anger'],"['disgust', 'sadness']",['anger'],['anger']
darija_text_439_emotion_1,سفيان أمرابط ربح جائزة فالطاليان,['joy'],['joy'],['joy'],['joy']
darija_text_1742_emotion_1,ميساج مهم من الوينرز للعابا وجمهور الوداد باش الفرقة تربح التواركة,[],['joy'],[],[]
darija_text_1762_emotion_1,قررو يحطو تصاورهم فالسوشل ميديا وينشرو الحب والإيجابية.. المثليين المغاربة انتفضو ضد حملة التشهير والسب اللي بداتها ضدهم صوفيا طالوني,['anger'],[],['anger'],['anger']
darija_text_2278_emotion_1,استقالة الحكومة الملتحية ضرورة,['anger'],['anger'],['anger'],['anger']
darija_text_1393_emotion_1,الحكم بـ 20 سنة سجنا لأستاذة تسببت في وفاة خادمتها,['sadness'],['sadness'],['surprise'],['sadness']
darija_text_129_emotion_1,@user @user 7ta ana yalah 2 li sam3o mani,['sadness'],[],[],[]
darija_text_1567_emotion_1,الحرب.. استئناف المفاوضات بين روسيا وأوكرانيا وموسكو حطات شرط أساسي قبل العودة لطاولة الحوار,[],['joy'],['fear'],[]
darija_text_937_emotion_1,ممثل المملكة عند الأمم المتحدة عمر هلال غادي فوفد أممي لإفريقيا الوسطى,[],[],[],[]
darija_text_2331_emotion_1,@user Oui kola wa7d shkon taish3j mohim hna m3ahom ts les 2 w li ma3jbosh shi candidat bla mai3airou c ts :),['joy'],[],['anger'],[]
darija_text_1257_emotion_1,6 تقاسو بكورونا فجهة كَليميم فيهم جوندارم وتجار وموظف بدائرة حضرية,"['fear', 'sadness']",['sadness'],"['fear', 'sadness']","['fear', 'sadness']"
darija_text_163_emotion_1,مشروع تكميم المغاربة.. المجلس الوطني لحقوق الإنسان كيوجد لجلسات حوار وفتح نقاش عمومي على حرية التعبير والصحافة,[],['joy'],['joy'],['joy']
darija_text_1082_emotion_1,الشاب خالد يفحم الاعلام الجزائري. القانون يسمحلي ب دوبل ناسيوناليطي وأنا درت جنسية ديال لمغاربة خوتي وجيراننا + فيديو,['anger'],[],[],[]
darija_text_1960_emotion_1,@user @user @user warah nti li katbrdi 3la rask ahbibti bayna madahafik 7ad albayra 3liha katbri 3la rask,['anger'],['anger'],['anger'],['anger']
darija_text_1088_emotion_1,khti hiya makadir waloo chno dnbha lakan 3ziz 3liha wktgls m3ah yak galo liha diri hodod darthom had fans fitna,[],[],['anger'],[]
darija_text_111_emotion_1,البوليس تيراو بالقطراس على مجرم خطير شرمل عباد الله وهرّسْ الطنوبيلات بـ”مقدة” +صور حصرية,"['fear', 'sadness']","['anger', 'fear']",['fear'],['fear']
darija_text_2686_emotion_1,أخيرا. سعد لمجرد حر لكن مقابل مبلغ مالي كبير,['joy'],[],['joy'],['joy']
darija_text_2206_emotion_1,تبارك الله ماشاء الله عليه',['joy'],['joy'],['joy'],['joy']
darija_text_1476_emotion_1,المغاربة ولاو كيقتلو على أسباب تافهة.. واحد قتل جارو فوزان على والو,['sadness'],"['anger', 'sadness']","['fear', 'sadness']",['sadness']
darija_text_1623_emotion_1,من غير المعقول أن المغرب لي كان سابق الخليج من ناحية الحريات والحقوق باقي فيه وكال رمضان يمشي الحبس ومثلي يتبعو للعزلة وجوج مصاحبين ساكنين يتسمى فساد والطاسة يشربوها المغاربة بلا قانون وغير مدرحة.. وفي نفس الوقت دول الخليج لي منبع التشدد سالات مع هادشي.. راه عيب عيب,['anger'],[],['anger'],['anger']
darija_text_1747_emotion_1,"نظام العسكر فالدزاير طلق اللجام لأبواقو للهجوم على وزير خارجية إسبانيا,",['anger'],['surprise'],"['anger', 'disgust']",['anger']
darija_text_1645_emotion_1,من الحسيمة تحية خالصة لناس كازا و جميع مناطق المغرب و الله يرحم أخونا محسن   #طحن_مو,['joy'],['sadness'],['sadness'],['sadness']
darija_text_339_emotion_1,بالصورة. توشاك هنأ الوداد و الناصيري و ها باش طالبهم,[],['joy'],['joy'],['joy']
darija_text_1944_emotion_1,طفل عضاتو عقرب فوزان مات فمستشفى سانية الرمل فتطوان,['sadness'],['sadness'],[],['sadness']
darija_text_1278_emotion_1,سلطات الهند هدمات معبد لأشخاص كانو كايعبدو الرئيس الهندي,['anger'],['surprise'],['surprise'],['surprise']
darija_text_2119_emotion_1,باءع السمك # محسن فكري# يستحق كل الجيمات والرحمات والبركات ..,['joy'],['sadness'],['sadness'],['sadness']
darija_text_1778_emotion_1,L'khobz daro jouaa Tlek skhoun #mkaiela #casaport ⚓ 😍😊😄 @user Mquilla Casa Port https://t.co/mIbMG3c0x2,['joy'],['joy'],['joy'],['joy']
darija_text_1895_emotion_1,سدو 4 وحدات لتجميد الحوت ومستودع بسباب مخالفة تدابير الوقاية من كورونا فالداخلة,['surprise'],['sadness'],[],[]
darija_text_1915_emotion_1,صحفي مفقوس مسكين',"['anger', 'sadness']",['sadness'],['sadness'],['sadness']
darija_text_2516_emotion_1,والاقتطاعات من اجور الموظفين البسطاء و منحة البرلمانيين لانتهاء العهدة,['sadness'],['anger'],['anger'],['anger']
darija_text_2294_emotion_1,hdana hhhhhhhh wa mn chhal hadi chi 5 ans,['joy'],['joy'],[],['joy']
darija_text_2168_emotion_1,يلعن كرامتك أن بقي منها شيئ اصلآ ذليل قزم ذيل الكلب',['anger'],['anger'],"['anger', 'disgust']",['anger']
darija_text_1614_emotion_1,مكناس : مجرم شرمل ضابط وزاد لجوج بوليس آخرين ومانفع معاه غير القرطاس,"['fear', 'sadness']",['fear'],['fear'],['fear']
darija_text_2583_emotion_1,التنسيق المبكر لـ”قيامة 2021″.. توافق حزبي لتقديم تعديلات مشتركة على القوانين الانتخابية,[],[],[],[]
darija_text_2360_emotion_1,الحب ومايدير.. راجل بنا دار كتضور باش مراتو ميجيهاش الملل,['surprise'],"['joy', 'surprise']","['joy', 'surprise']","['surprise', 'joy']"
darija_text_1921_emotion_1,wach hadchi li kteb mosaab yalah had liyam wla ch7al hada,[],[],[],[]
darija_text_2287_emotion_1,اش غايوقع يلا مات البيلوط ديال الطيارة وماكاينش لي يسوقها؟. قرا باش تعرف أش دير,['fear'],['surprise'],[],[]
darija_text_355_emotion_1,سعد لمجرد حزين بسبب وفاة صديقه,['sadness'],['sadness'],['sadness'],['sadness']
darija_text_1255_emotion_1,الإنسان عديم الإنسانية هو من يغتصب الأطفال وغير الأطفال بل يغتصب حتى نفسه. ',"['anger', 'disgust']","['anger', 'disgust', 'fear', 'sadness']",['anger'],"['anger', 'disgust']"
darija_text_1499_emotion_1,حفل زواج الكلب الكندي “روبي” في طنجة يخلق ضجة. العرس أحيته فرقة موسيقية محلية عريقة,['surprise'],"['joy', 'surprise']",['surprise'],['surprise']
darija_text_2172_emotion_1,"أكثر من 180 مدير ديال الليسي و الكوليج دازو فعملية الانتقاء الأولي الخاص بهاد المناصب ف2022,",[],[],[],[]
darija_text_158_emotion_1,انفراد. خاص تعبئة وطنية ضد السعودية. اكثر من 50 مغربية شادينها فالسعودية بلا موجب قانون: طيحو عليهم الباطل هادوك المتخلفين ديال الامر بالمعروف وحنا ساكتين,"['anger', 'disgust', 'sadness']","['disgust', 'fear']",['anger'],"['anger', 'disgust']"
darija_text_2497_emotion_1,شكون يوقف هاد لفضايح. واش هاد جراح التجميل جسوس كيتحدى القضاء وفين وزارة الصحة. كيفاش بعد ما ماتت وحدة عندو هادي شهر.. عاد خرج كيهدر وعلاش ما خلاهاش فعيادتو وداها لاخرى,['anger'],"['anger', 'surprise']",['anger'],['anger']
darija_text_1084_emotion_1,الجنرال دوكور دارمي فاروق بلخير فالبنتاغون وها مع من تلاقى,[],[],[],[]
darija_text_1441_emotion_1,تفاصيل جديدة على كارثة تران بوقنادل : 7 قتلى و119 جريح منهم ضابط شرطة وأجنبي,['sadness'],['sadness'],['sadness'],['sadness']
darija_text_1786_emotion_1,سامسونج ربحات آبل فال­محكمة العليا الأمريكي­ة ورجعات فلوسها,['surprise'],['joy'],[],[]
darija_text_198_emotion_1,سكان بالعيون يطالبون بالأمن وينددون بالأوضاع الأمنية المتردية,['anger'],['sadness'],[],[]
darija_text_1313_emotion_1,كلنا بنكيران وكلنا معك,[],['joy'],['joy'],['joy']
darija_text_585_emotion_1,دخلنا للديموقراطية الحسنية بيس. ايلى خسرتي الانتخابات وما كانتش عندك شعبية وحزبك ما عندو وجود فالمجتمع ولا خرجتي على بوه يمكن ليك دير حكومة واخا ملك لبلاد عين رئيسها غير بقى غير تسنى التعليمات وغادي تربح,['anger'],"['anger', 'disgust']",['anger'],['anger']
darija_text_472_emotion_1,تفاصيل صادمة عن اتهام مدير ثانوية بالتحرش بأزيد من 8 تلميذات داخل المؤسسة التعليمية,"['fear', 'sadness', 'surprise']","['anger', 'disgust']","['disgust', 'surprise']","['surprise', 'disgust']"
darija_text_2212_emotion_1,الحمد لله الذي اغاثنا على قدر بنيتنا التحتية. ',['joy'],[],['joy'],['joy']
darija_text_2468_emotion_1,اوباما سلات ساعتو باقي 3 ايام على الرئيس الجديد,['surprise'],[],[],[]
darija_text_2529_emotion_1,الوداد علن رسميا على إصابة 5 لعابا آخرين بكورونا,['sadness'],"['fear', 'sadness']",['sadness'],['sadness']
darija_text_144_emotion_1,ماتفرزش شكون هي الام. أمريكية تلتقي بإبنتها بعد 82 عاما على فراقهما!,['surprise'],"['joy', 'surprise']",['joy'],"['surprise', 'joy']"
darija_text_2304_emotion_1,ديكتاتورية ” المقاطعين” ! آجي لهنا نسولك، واش مامنحقيش مانقاطعش؟ ‎,['anger'],[],['anger'],['anger']
darija_text_674_emotion_1,احتجاجات كبيرة أمام محكمة الإستئناف بطنجة بعد فرض جواز التلقيح وغياب المحامين والموظفين خلق فوضى وتسبب فشلل داخل المحكمة,['anger'],['anger'],['anger'],['anger']
darija_text_2515_emotion_1,معقلش عليهم جواد. 12 قاصر رونو طوبيس فكازا وها آش دار ليهم الشيفور,"['sadness', 'surprise']","['fear', 'surprise']",[],['surprise']
darija_text_564_emotion_1,أول تجمع أمازيغي رحب باستئناف العلاقات مع اسرائيل: هذا عيد خصنا نحتافلو بيه,[],['joy'],['joy'],['joy']
darija_text_2246_emotion_1,@user dounia lehbiba dyali kan7maa9 3lik o kanmouut 3lik rak dima mtfew9a o dima f 9loubna &lt;3,['joy'],['joy'],['joy'],['joy']
darija_text_624_emotion_1,"لجنة العدل والتشريع مدافعة على الحريات الفردية: خاص تعزيزها وحمايتها باش يكون مناخ الثقة,",[],[],[],[]
darija_text_1579_emotion_1,هل تم اكتشاف اول حالة ايبولا في اكادير؟ مصدر طبي: لا يمكن الجزم بان المريض مصاب بايبولا,"['sadness', 'surprise']",['fear'],['fear'],['fear']
darija_text_1361_emotion_1,awiili ra hadik laila hediwi lay3amerha dar ama haway hiya li mkalfa b fa9rat nojouum,['surprise'],[],[],[]
darija_text_2217_emotion_1,رئيس المجلس البلدي للحسيمة يتهم اطرافا وظفت الاطفال كحطب للنار ويهاجم جهات تريد نسف المصالحة,"['anger', 'surprise']",['surprise'],['anger'],"['anger', 'surprise']"
darija_text_1039_emotion_1,حاملون لـ “السيدا” يزرعون الرعب بالبيضاء ويهددون بحقن دم ملوثة,['fear'],"['anger', 'fear']",['fear'],['fear']
darija_text_2631_emotion_1,المحامي بوعبيد المتهم باحتجاز بوليسي خرج من الحبس لهاذ السبب,[],[],[],[]
darija_text_2032_emotion_1,الشعب يريد إسقاط الخونة',['anger'],[],['anger'],['anger']
darija_text_1594_emotion_1,لكم الحق في التصويت وليس لكم الحق في فوسفاط وجوج بحورة هذه هي الديمقراطية في الملكة المغربية,['anger'],['surprise'],['anger'],['anger']
darija_text_796_emotion_1,ها آش قال الحسن الثاني فحوار مع أحد القنوات الفرنسية على محمد الخامس + فيديو نادر,[],[],[],[]
darija_text_105_emotion_1,إضراب. مدن الفوسفاط على صفيح ساخن بعد دعوة إلى إضراب ابتداء من يوم غد,['anger'],"['sadness', 'surprise']",['surprise'],['surprise']
darija_text_606_emotion_1,انا متضامنة مع سكان الحسيمة بسبب طحن مواطن في شاحنة الازبال حسبي الله ونعم الوكيل,['sadness'],"['anger', 'sadness']","['anger', 'sadness']","['sadness', 'anger']"
darija_text_1483_emotion_1,"الحرب على البزناسة متواصلة ففاس.. طاحو 3 بين “الجنانات” و”المسيرة” وحجز كميات كبيرة ديال السيليسيون والحشيش والكيف – تصاور,","['anger', 'disgust']",['joy'],['fear'],[]
darija_text_631_emotion_1,إسبانيا لن تقفل سوى قنصلية مدينة العرائش,[],[],[],[]
darija_text_33_emotion_1,"“الأو سي بي” جنبات المغرب تعديل قانون المالية وعتقات ميزانية الدولة وضخات 8.1 مليار درهم فالخزينة,",['surprise'],"['joy', 'surprise']",['sadness'],['surprise']
darija_text_1925_emotion_1,نايضة في كريان سنطرال بكازا. مواجهات عنيفة بين الأمن والسكان بسبب هدم آخر براريك الكريان واعتقال البعض بتهمة العصيان,['anger'],"['anger', 'fear']",['anger'],['anger']
darija_text_2298_emotion_1,حقير وضيع. بقا يقلد افلام البورنو. بيدوفيلي عشريني اغتصب طفلة عندها 12 عام وصور كلشي في البورطابل,"['anger', 'disgust']","['anger', 'disgust', 'fear', 'sadness', 'surprise']","['anger', 'disgust', 'sadness']","['anger', 'disgust', 'sadness']"
darija_text_2454_emotion_1,كنا متعاطفون معكم أما الأن سوف أكون أكبر معارض لكم بعتو الزعيم ابن كيران',['anger'],"['anger', 'surprise']",['anger'],['anger']
darija_text_507_emotion_1,مول فضيحة إرسال طائرة محملة ب «أشباه الفنانين» إلى الحسيمة يسأل من قبل قضاة جطو. خرجع قطاع السياحة ودار صفقات مشبوهة,['surprise'],['anger'],['surprise'],['surprise']
darija_text_193_emotion_1,بوعزيزي ماكاينش بحالو. عشر­يني شعل فراسو العافية­ حيتاش مخلاوهش يدخل ل­ملهى ليلي,['surprise'],"['anger', 'fear', 'sadness', 'surprise']","['sadness', 'surprise']","['surprise', 'sadness']"
darija_text_1474_emotion_1,bnadem toxic fhala 3ashe f cartel qwed mn l mexique,['anger'],['disgust'],['anger'],['anger']
darija_text_1233_emotion_1,@user @user @user pffffffffffffff ache had 3a9liya 9lat tanchkar ga3 jomhori ou maba9ich li taybri hanane taybriha kif kant,['anger'],['disgust'],['anger'],['anger']
darija_text_1093_emotion_1,الناس فالناس وصفاء حبيركو فمشيط الراس: صدعوني الناس بسؤال امتى غادي تحملي!,"['anger', 'surprise']",['surprise'],['anger'],"['anger', 'surprise']"
darija_text_2181_emotion_1,3la 9bl dik lmraa la plupart d entre vs kanu kiswtuu l dounia w hna swtna l zineb w btissam fstarsonline,[],[],[],[]
darija_text_795_emotion_1,فضيحة: التلفزيون يؤكد موافقة مجلسه الإداري على تمديد عقود الإنتاج القديمة والخلفي يصر في البرلمان على إعمال الحكامة وبنكيران يلتزم الصمت,[],['surprise'],[],[]
darija_text_1990_emotion_1,ylh lahdt bli bdl tof hhhhhhhhhhhhhhhhhh,['joy'],['joy'],[],['joy']
darija_text_320_emotion_1,ألهمكم الله و إيانا الصبر و السلوان ر حمة الله عليك يا #محسن_فكري,[],['sadness'],['sadness'],['sadness']
darija_text_1077_emotion_1,الله أكبر الله أكبر تقبل الله صيامكم الأصدقاء و بالصحة فطوركم day_8,['surprise'],['joy'],['joy'],['joy']
darija_text_1605_emotion_1,طنجة. الخضرة دارت لگرون بسباب اضراب الشاحنات,['anger'],['sadness'],[],[]
darija_text_88_emotion_1,إنه الدب الروسي بارع في فنون الحرب،وكذلك مبدع في فنون السياسة(إسترجاع القرم إلى حضن الوطن),['joy'],['joy'],[],['joy']
darija_text_942_emotion_1,ها بشحال حكمو على واعظة دينية حصلوها كتاجر في الأطفال في خنيفرة بعد شكاية مجهول,[],"['anger', 'disgust', 'fear', 'sadness']","['anger', 'fear', 'sadness']","['anger', 'fear', 'sadness']"
darija_text_1536_emotion_1,جورنالات بلادي1. بنكيران منزعج بعد إحالة قضية “رشوة 70 مليونا” على قاضي التحقيق والقضاء سيوجه استدعاءات للتحقيق مع قياديين في البيجيدي والاستقلال والتجمع والحكومة تتجه إلى الزيادة في أسعار السكر ابتداء من يناير المقبل,"['fear', 'sadness']",['surprise'],['anger'],[]
darija_text_1701_emotion_1,معبر مليلية على صفيح ساخن. الأمن الإسباني يطلق عيارات نارية ويصيب مُواطنين مغاربة +صور حصرية,['anger'],"['anger', 'fear', 'surprise']",['anger'],['anger']
darija_text_1883_emotion_1,سعد لمجرد دوز العيد مع عائلتو.. وهذا جديد قضيته,['joy'],[],[],[]
darija_text_2450_emotion_1,داعش تتغلغل. تلاميذ يكتبون عبارات تمجد لتنظيم “داعش” بفاس قبل أن يعمدوا إلى طمسها,['surprise'],['fear'],"['anger', 'fear']",['fear']
darija_text_45_emotion_1,تجارة الدين   الوزارة أدرى بالمقر,['sadness'],['sadness'],['disgust'],['sadness']
darija_text_1582_emotion_1,أسيري اتقي الله ونوضي تصلي ركي شرفتي أشبغيتي ب شي سياسة,['anger'],['surprise'],['anger'],['anger']
darija_text_583_emotion_1,الوداديين عطاو مكافأة للحسين بنعيادة على الاجتهاد ديالو,['joy'],['joy'],['joy'],['joy']
darija_text_1267_emotion_1,عاجل.. ها شنو داز فالاجتماع ديال الاغلبية,['surprise'],[],[],[]
darija_text_1072_emotion_1,@user ja lhssabi mal9a tahaja galiya 3atyak flouss bach daf3i 3liha ... o makhala ma9al fiya khedmtk khedmat lil ozid o zid...,[],['sadness'],['anger'],[]
darija_text_1881_emotion_1,تسريبات محاضر البوليس فالقضايا اللي كتستأثر باهتمام الرأي العام تجبدات فندوة الجريمة.. وها آش كال عليها الدخيسي,['surprise'],['surprise'],[],['surprise']
darija_text_1094_emotion_1,الأغلبية تُسائل بنكيران عن التحضيرات الجارية لتنظيم الانتخابات‏,[],[],[],[]
darija_text_2321_emotion_1,بعد الفنيدق. سبتاوة تا هوما غاينوضو يحتجو باش يطالبو بفتح المعابر,['anger'],"['anger', 'surprise']",['anger'],['anger']
darija_text_2140_emotion_1,حسبي الله ونعم الوكيل محاولة خلق أعذار للفشل أعذار تافهة',['sadness'],"['anger', 'sadness']",['anger'],"['sadness', 'anger']"
darija_text_2017_emotion_1,واش جاية موجة جديدة من “كورونا”؟. البروفيسور قنجاع لـ”كود”: مراقبين تطور الحالات,[],['fear'],['fear'],['fear']
darija_text_786_emotion_1,tssawrii wa9t li tzad dio b 10000 o ndir mabghit b ktar mn 11000 mn bareh blil lyom hiya tzadetb200,['surprise'],[],[],[]
darija_text_377_emotion_1,بالبوكس.. أقوى درية فالعالم طيحات شجرة على كَدها! – فيديو,['surprise'],['surprise'],['surprise'],['surprise']
darija_text_246_emotion_1,كيفاش كيعطيك دماغك أنك تشوف قبالتك جوج سناكات عندهم تقريبا نفس المنتوج وجنبهم كزار داير البلانشة، وجنبهم شواية وبيناتهم محلبة وغير كينشو الذبان وتجي نتا وتزيد قبالتهم سناك واحد آخر، بلا حتى حاجة جديدة راه باينة غادي تخسر وغادي تسد وتبيع الماتريال,"['anger', 'sadness']",[],[],[]
darija_text_399_emotion_1,الخلفي حول إعفاء افيلال لـ”كود”: العثماني له رغبة كبيرة في صيانة وتدعيم الأغلبية وحريص على العلاقات الجيدة مع التقدم والاشتراكية,[],['joy'],[],[]
darija_text_2251_emotion_1,ويستمر التامك في تطهير سجون المملكة. إحالة موظفين بالمندوبية على القضاء بسبب عدم إنجاز محاضر رسمية حول المخدرات المحجوزة بالسجون,['surprise'],['surprise'],[],['surprise']
darija_text_244_emotion_1,للعام الثاني على التوالي. اول مولودة فسبتة ف2019 مغربية الاصل,"['joy', 'surprise']",['joy'],['surprise'],"['joy', 'surprise']"
darija_text_2422_emotion_1,المغربي بنعطية في التشكيل المثالي في البوندسليغا,['joy'],[],[],[]
darija_text_486_emotion_1,طقوس سحر وشعوذة في مقبرة بالخميسات,"['fear', 'sadness', 'surprise']","['disgust', 'surprise']",['disgust'],"['surprise', 'disgust']"
darija_text_1812_emotion_1,غيريتس يكشف عن لائحة الأسود المشاركين في كأس العرب,[],[],[],[]
darija_text_1835_emotion_1,استنفار أمني فطنجة هاد الصباح بعدما لقاو جثة باكستاني وهي فوضعية متقدمة من التحلل,"['fear', 'sadness', 'surprise']",['sadness'],[],['sadness']
darija_text_381_emotion_1,ها علاش الاتحاد الدستوري غادي يبقى فالحكومة واخا يتيريو فساجيد وفولد فردوس,[],[],[],[]
darija_text_853_emotion_1,شركة متهمة بالتعامل مع اسرائيل توظف القرآن في اشهارها. اتهامات للهاكا بغض الطرف عن توظيف الرموز الدينية,"['anger', 'surprise']",['surprise'],['anger'],"['anger', 'surprise']"
darija_text_1559_emotion_1,علاش كاتكذب علاش و تتقتطع الكلام خارج سياقه تدليس و تحريف و استحمار للعقول',['anger'],"['anger', 'sadness']",['anger'],['anger']
darija_text_811_emotion_1,عاجل. طونوبيلة دالعسكر تقلبات حدا السمارة وماتو 2 وجوج خراين فالخطار,['surprise'],['sadness'],['sadness'],['sadness']
darija_text_2351_emotion_1,مواطنين شدو عصابة كتسرق الجمال وتبعيها للمجازر فالعيون,['surprise'],['surprise'],[],['surprise']
darija_text_240_emotion_1,موازين لا روح له. هو بحال واحد صحيح عندو غير العضلات والقوة وما كيعترفش بالروح. جا للرباط بالقوة وتفرض على لمغاربة بالقوة,"['anger', 'disgust', 'sadness']",['anger'],['sadness'],"['anger', 'sadness']"
darija_text_1417_emotion_1,بلا بلا بلا .كون كان هو احسن حزب كون مخداش لبام 102 مقعد,['anger'],[],['anger'],['anger']
darija_text_918_emotion_1,محاكمة معاق فالحسيمة قولب بزاف ديال الخلق وقاليهوم غانصيفطكوم لأوروبا,['surprise'],['surprise'],['surprise'],['surprise']
darija_text_675_emotion_1,واش رحلة الزاكي لأوروبا فاشلة. الألمان يقفون في وجه التحاق بلعربي بأسود الأطلس,['surprise'],['surprise'],['sadness'],['surprise']
darija_text_747_emotion_1,حجرة جات ف كوميسير وهزوه للمستعجلات بخريبكة.. والبوليس شدو عدد من القاصرين,['surprise'],"['fear', 'sadness', 'surprise']","['sadness', 'surprise']","['surprise', 'sadness']"
darija_text_395_emotion_1,الاستقلال يفوز برئاسة بلدية زايو ويزيد ست سنوات أخرى فوق الاربعين سنة التي حكم بها الجماعة,['joy'],['joy'],['surprise'],['joy']
darija_text_188_emotion_1,البوليس ربحو ماتش الكلاسيكو ضد لمخازنية فالعيون,['joy'],[],['surprise'],[]
darija_text_691_emotion_1,مراكش بدات كتنفس.. مسؤولين شداتهم الخلعة بعد اعتقال شبكة تبيض الأموال ديال الصراف ورجال اعمال رجعو يخدمو وداعمين الحملات لي داير الحموشي للقضاء على الفاسدين لي خرجو على المدينة,['fear'],['fear'],['joy'],['fear']
darija_text_1699_emotion_1,السياحة مقابل البيتكوين، فعلا فكرة رائعة و غير مسبوقة. و إشهار مجاني للسياحة بالمغرب كما أشار المقال. أتمنى أن يتدارك المغرب الموقف و يلتحق بالركب. ارحموا هذا البلد السعيد.',"['joy', 'surprise']",['joy'],['joy'],['joy']
darija_text_1802_emotion_1,هادو مريكلين لكن حصلوا. بوليس مكناس يضبط شخصين بالمحطة الطرقية كان يُحاولان تهريب الحشيش داخل علب الحليب الكرتونية,['surprise'],['surprise'],['surprise'],['surprise']
darija_text_1099_emotion_1,حريق في شركة نجارة بمراكش,['surprise'],"['fear', 'sadness']",[],[]
darija_text_964_emotion_1,لاحول ولا قوة الا بالله دوك لي كايصورو تخايلو خوك ولا فاميلتك كيف غا تحس كما تدين تدان',['disgust'],['sadness'],"['anger', 'sadness']",['sadness']
darija_text_726_emotion_1,من تركيا كلنا محسن فكري,"['anger', 'sadness']",['sadness'],['sadness'],['sadness']
darija_text_1239_emotion_1,ها هو أحسن برنامج لتح­صلي على مؤخرة مشدودة,[],[],[],[]
darija_text_1927_emotion_1,حرب الاستوزار تندلع داخل الاتحاد,['anger'],['anger'],['anger'],['anger']
darija_text_1408_emotion_1,فضيحة ديال المخدرات ضربات بوليوود الهندية ونجوم كبار فقلب التحقيقات,['surprise'],['fear'],['fear'],['fear']
darija_text_1369_emotion_1,المغربي عنصري اتجاه بني جلدته من شلح و عزي و عروبي، مابالك عن سلوكه اتجاه الافارقة الذين لهم ثقافة و دين مختلف.',['anger'],[],[],[]
darija_text_250_emotion_1,تواضع و علم وحكمة .. الن الحاضر والمستقبل',[],['joy'],['joy'],['joy']
darija_text_1544_emotion_1,derby catalunya ml3ub 3la goal wahd,[],[],[],[]
darija_text_692_emotion_1,أبدعت اختزلت الواقع',['joy'],[],['joy'],['joy']
darija_text_780_emotion_1,بلجيكا..اعتقال مغربية لتحريضها على شن هجمات إرهابية,['fear'],"['fear', 'surprise']",['fear'],['fear']
darija_text_2501_emotion_1,Rani wakha rqiq kanakul bzaf 😢😢 matbqawsh t7egruni,['sadness'],['sadness'],"['anger', 'sadness']",['sadness']
darija_text_276_emotion_1,حرام عليكم كتشوهوفي سمعة الفنانة المغاربة',"['anger', 'sadness']",['sadness'],['disgust'],['sadness']
darija_text_225_emotion_1,أزيد من 100 حكم إعدام في مصر وبين المحكومين الرئيس السابق محمد مرسي والعالم يوسف القرضاوي,"['fear', 'sadness', 'surprise']",['surprise'],['sadness'],"['sadness', 'surprise']"
darija_text_211_emotion_1,هاهو ابو عزرائيل مول المقدة اللي حالف يطحن الدواعش فينما مشاو,"['anger', 'fear', 'sadness']",['fear'],['fear'],['fear']
darija_text_191_emotion_1,amiir je suis fiére de toi nta ou souhaila jito m3a ba3diyatkom mais 9adma ba3adti manha hsak lik hit ra makatbghikch,['joy'],['joy'],['anger'],['joy']
darija_text_1489_emotion_1,باراكا متعلفو فولادكم راه الغلض كيكلخ. دراسة: السمنة فسن مبكرة كتأثر على الذكاء وممزياناش للذاكرة,"['anger', 'disgust']",['surprise'],['surprise'],['surprise']
darija_text_2155_emotion_1,الكتاب المثير الملك المستحود سيترجم إلى الدارجة المغربية والإسبانية,[],['surprise'],['joy'],[]
darija_text_1317_emotion_1,"بعدما تحرش بالتوريست وسط ريسطو.. شخص تعدى على مخازني بجنوية فتغازوت نواحي أكَادير,",['disgust'],"['fear', 'sadness', 'surprise']",['fear'],['fear']
darija_text_2658_emotion_1,أزمة سياسية غير مسبوقة فتونس.. رئيس الحكومة التونسي الفخفاض حط استقالتو,['surprise'],['surprise'],[],['surprise']
darija_text_1035_emotion_1,الدم كيوجد لزيارة ابن عرفة العدالة والتنمية للحسيمة. من حزبهم: بشاعة الصور تسائل مغرب حقوق الانسان,[],"['anger', 'fear', 'sadness']",['anger'],['anger']
darija_text_1539_emotion_1,hadi ghir rwayd je pense,[],[],[],[]
darija_text_2379_emotion_1,البكاء ليس سمت الرجال ..البكاء سلطة الضعفاء لكسب التعاطف ..انا لست ضد بنكيران وانما الرجل الصالح هو الذي يفعل ما يقول ولا يبكي الا عند النصر,['anger'],[],['anger'],['anger']
darija_text_1405_emotion_1,لا تيأس يا كريم التازي! تعال نؤسس أنا وأنت حزبا جديدا. ومنك الدعم واللوجستيك . ومني أن أجمع لك اليساريين من كل الأنواع. وبثمن لا مثيل له في السوق,['sadness'],['surprise'],"['anger', 'disgust', 'sadness']",['sadness']
darija_text_1179_emotion_1,daba nti mghribya bezaf 3lik akhti tgouliha wakha bdehk o had lmra bagha tm3ch9i f habib l9alb diriha mais b3id 3la hanane ok,['anger'],['anger'],['anger'],['anger']
darija_text_2571_emotion_1,تحاليل كورونا قليلة بحال العادة كل اثنين.. دارو 7828 تيست خرج منهم 473 واحد مصاب بالڤيروس,['joy'],"['fear', 'sadness']","['fear', 'sadness']","['fear', 'sadness']"
darija_text_2101_emotion_1,قصة أربعيني اغتصب إبنة عمّته القاصر بمساعدة أمها,['disgust'],"['anger', 'disgust', 'sadness']","['disgust', 'sadness']","['disgust', 'sadness']"
darija_text_54_emotion_1,جريمة.. كوپل شينوي باعو 5 من ولادهم,"['disgust', 'fear', 'sadness', 'surprise']",['surprise'],['anger'],['surprise']
darija_text_1160_emotion_1,الشطاحة مايا مامفاكاش مع المنتقدين: مغاديش ندخل سوق راسي نهائيا -فيديو,[],['surprise'],['anger'],[]
darija_text_2142_emotion_1,saad lemjered mcha l omra houa o hatim amor,[],['joy'],[],[]
darija_text_891_emotion_1,hbiban caad cv 3lik db librak trnii fa3rsooo chno ydiir blizz jwb ila kan 3ndak chi wa9ttt,[],['joy'],[],[]
darija_text_1848_emotion_1,وزارة النقل علنات على الشروع  في التسجيل باش المهنيين ياخذو دعم إضافي,['joy'],['joy'],['joy'],['joy']
darija_text_522_emotion_1,فضيحة الطبيب الامريكي لي غتاصب 140 قاصر بينهم بطلات امريكيات في الاولمبيات تعود للواجهة,"['disgust', 'surprise']","['anger', 'fear', 'sadness']","['disgust', 'fear', 'sadness']","['disgust', 'fear', 'sadness']"
darija_text_1327_emotion_1,"عاجل. جنايات فاس فرقات 14 لعام ديال الحبس على جدارمية ومخازنية متهمين بالتهريب الدولي للمخدرات,","['fear', 'surprise']",['surprise'],['surprise'],['surprise']
darija_text_1599_emotion_1,منظر رائع جداً.....',"['joy', 'surprise']",['joy'],['joy'],['joy']
darija_text_2146_emotion_1,"@user kaydiro des contrats 5 wla 10 ans w ma kaykhedmoch lik l2aghani kif bghiti, w machi w9t li wjedti choghlek tkherjo, l9arar lihom",[],[],[],[]
darija_text_2644_emotion_1,وانا كنgولو سير الله يعطيك العمى وطولان العمر الشفار نعلك الله',['joy'],"['anger', 'disgust']",['anger'],['anger']
darija_text_508_emotion_1,الحصيلة الوبائية لفيروس كورونا فهاد 24 ساعة: 220 تصابو و247 تشافاو و5 ماتو.. الطوطال: 17962 مصاب و15636 متعافي و285 متوفي .. و2041 كيتعالجو,['sadness'],"['fear', 'sadness']","['fear', 'sadness']","['sadness', 'fear']"
darija_text_346_emotion_1,ممتاز:لو لم يكن للبطاطس شأنا لما خلق لها مركزا دوليا في البيرو و هو (بنك البطاطس) ',"['joy', 'surprise']",['surprise'],['surprise'],['surprise']
darija_text_1697_emotion_1,عوتني طل علنا مول الكراطة اد المرة عطواه وزارة المالية بش نبقاو على الضس,['anger'],['disgust'],['anger'],['anger']
darija_text_907_emotion_1,فهم تتصطا. بوليسي يروج لقرص مخدر منتشر بالبيضاء,['surprise'],['surprise'],"['anger', 'surprise']",['surprise']
darija_text_1668_emotion_1,جورنالات بلادي. قرارات عزل جديدة لرؤساء جماعات ونوابهم والقضاء يحقق في تسعة ملفات لتبييض أموال المخدرات والاختلاس والتزوير,"['anger', 'fear']",['surprise'],"['fear', 'surprise']","['fear', 'surprise']"
darija_text_2410_emotion_1,ارموا الأفكار الخامجة عن الجنس والحب والخلوة فيرفع عنكم الحرج ..ثم إنكحوا كما يفعل قرود البونوبو ..,['anger'],['disgust'],"['anger', 'disgust']","['anger', 'disgust']"
darija_text_2259_emotion_1,ليسوا أشرارا يا زغلول النجار !,['anger'],[],['anger'],['anger']
darija_text_2109_emotion_1,عنصرية اليمين المتطرف فـ اسبانيا.. كتبو عبارات كتسب المغرب واسرائيل على باب المقبرة اليهودية فـ مدريد,['anger'],['anger'],['anger'],['anger']
darija_text_1265_emotion_1,"@user kon makanch baghi gha des amis , nhar lwl f hisa dial bety maygolch bli kaybghi chi whda o mazal kaybghiha l db ola la ?",['anger'],[],[],[]
darija_text_1958_emotion_1,بن الشويخ العاملة ديال بنمسيك طايحة على راسها..بغات تورط الملك فتدشين جردة فيها الويفي. تشد الكونيكسيون يمشي ليك التلفون,['surprise'],"['disgust', 'surprise']",['anger'],['surprise']
darija_text_1322_emotion_1,بوليس العيون شدو 3 أشخاص متورطين فقضية اختطاف وطلب فدية,"['fear', 'sadness']",['fear'],['fear'],['fear']
darija_text_1180_emotion_1,ها بشحال تحكم على شبكة للدعارة المثلية فكازا فيها وسطاء ومرفحين,['surprise'],"['anger', 'disgust', 'fear', 'sadness']",[],[]
darija_text_741_emotion_1,و لا توجد في واقعنا المرير',['sadness'],['sadness'],['anger'],['sadness']
darija_text_2573_emotion_1,@user Ketro had lbi kan7tarm ray2 chakhssi walakin i hate bi ppl,['anger'],['anger'],"['anger', 'disgust']",['anger']
darija_text_1568_emotion_1,بغا ينقد رزقه لي رماواه فالزبل و البوليسي قليهم طحن مو منتحرشي,"['disgust', 'sadness']","['disgust', 'sadness', 'surprise']",['sadness'],"['disgust', 'sadness']"
darija_text_893_emotion_1,لن تربح العدالة و التنمية لأن الشعب عاق بهم .,['anger'],[],['anger'],['anger']
darija_text_690_emotion_1,الحرب.. بوتين أكد باللي تم تعبئة 318 ألف واحد للقتال ويأمر بإجلاء سكان خيرسون,['fear'],"['fear', 'sadness']",['sadness'],"['fear', 'sadness']"
darija_text_1799_emotion_1,فلتنا من فاجعة أخرى. تسمم غذائي في وليمة بتازة ينقل 27 شخصاً إلى المستشفى بينهم 15 طفل,"['fear', 'sadness']",['sadness'],['anger'],['sadness']
darija_text_1246_emotion_1,غير التحت ، الفوق لا 😂,"['joy', 'surprise']",['joy'],[],['joy']
darija_text_1888_emotion_1,المصارع الروماني غيتا جاهز لمواجهة المقاتل المغربي بدر هاري,[],[],[],[]
darija_text_658_emotion_1,جورنالات بلادي2. زعيم شبكة الدعارة الراقية بمراكش يحصل على ثلث ما تجنيه الفتيات من الزبناء وهاربة تفضح شبكة لتهجير مومسات إلى الخليج,"['disgust', 'surprise']","['disgust', 'sadness']","['anger', 'fear', 'sadness']","['disgust', 'sadness']"
darija_text_2118_emotion_1,o kayan far9 mabiin hoob l watan o hayat chakhesiya nifa9 jetima3i huwa hada,[],['surprise'],['anger'],[]
darija_text_902_emotion_1,العيساتي يرغب في الانضمام إلى البارصا,[],[],[],[]
darija_text_2074_emotion_1,أخنوش تلاقى ثاني اليوم في الرباط نقابة التعليم العالي,[],[],[],[]
darija_text_1849_emotion_1,بالصور. رونالدو فالمغرب وصحف إسبانيا تهاجمه مرة أخرى,['anger'],['surprise'],[],[]
darija_text_87_emotion_1,علاش ماينقدوهش كون كانت دولة أوربية كون نقدوه ..شحال ديال البشر وغير كيصور وكيتفرج. .شعب مكلللخ,"['anger', 'disgust', 'sadness']",['anger'],['sadness'],"['anger', 'sadness']"
darija_text_525_emotion_1,nnn rah casa machi rabat,[],[],[],[]
darija_text_683_emotion_1,ماتو جدودنا و ماتو والدينا و رانا خايفين نموتو و نخليو ولادنا تلعبو بيهم كيما تلعبو بينا..... المسلم أخو المسلم.',"['fear', 'sadness']","['anger', 'fear', 'sadness']","['anger', 'fear']","['fear', 'sadness', 'anger']"
darija_text_643_emotion_1,شركة طرام كازا خرجلها العقل بسباب اوطيل لينكولن.. البارح حبسات الخط 1 واليوم طلقاتو بلا ما تشرح علاش,['anger'],['surprise'],['anger'],['anger']
darija_text_582_emotion_1,بعدما ركز على التمثيل.. البسطاوي قرر يرجع للغنا -فيديو,[],['joy'],[],[]
darija_text_1627_emotion_1,sbah lkhir bety kent kanftar sbah ou tfakartek mazal kantssna f follow dyalek ghadi nktb lik kl nhar,[],['joy'],['joy'],['joy']
darija_text_652_emotion_1,مغني راب تونسي مشهور يلتحق بتنظيم الدولة الإسلامية (فيديو),['surprise'],['fear'],[],[]
darija_text_1137_emotion_1,خاصو دكتوراه إجرامية. اختطف واغتصب وضرب الكوك وسالاها بالأرنكة,['disgust'],"['anger', 'disgust', 'fear', 'sadness']","['anger', 'disgust', 'fear']","['disgust', 'anger', 'fear']"
darija_text_2554_emotion_1,من ينتقد بن كران هم خصوم معارضة لى خاصها هي سلطة لا تهتم لوضعية مواطن,['anger'],[],['anger'],['anger']
darija_text_2133_emotion_1,الله ينصرك على المفسدين، إن شاء الله انتصار كبير',['joy'],['joy'],['joy'],['joy']
darija_text_431_emotion_1,"البوليس فالمحافظة العقارية بعين الشق. التحقيق فتزوير وثائق 6 گطارات,","['sadness', 'surprise']",['surprise'],['anger'],['surprise']
darija_text_1032_emotion_1,صوتوا على الدكتورة نبيلة منيب امرأة عضيمة الرمز الرسالة,[],[],[],[]
darija_text_1744_emotion_1,السلطات غاتبدا فنزع الاراضي لربط الناظور بالاوطوروت,['anger'],['surprise'],['anger'],['anger']
darija_text_1965_emotion_1,ولكن كولشي على الاعلام الي كيصور اوروبا في الافلام على انها ',['disgust'],['disgust'],[],['disgust']
darija_text_455_emotion_1,السياسة حرب قدرة هي فن بيع الكذب للمواطنين البسطاء الخاسر الاكبر هو التنمبة والتقدم والعيش الكريم ؟,['anger'],"['anger', 'disgust']",[],['anger']
darija_text_1503_emotion_1,برافو خطوة موفقة في علوم التكنلوجيا تضاف الي سجل المغرب البطل وستكون له مهام عديدة في استكشاف مايدور علي الارض وردع العدو الطامع',['joy'],['joy'],['joy'],['joy']
darija_text_119_emotion_1,حقيقة مرة لهذا أطالب و نطالب محاربة هذا الفكر بالإقتصاد و الدين و الإعلام',['anger'],[],[],[]
darija_text_190_emotion_1,أكَنوش: الدولة هي اللي خص تقرر واش يحضر الشيخ عبد الكافي ولا يتمنع ماشي المثقفين,['anger'],[],[],[]
darija_text_933_emotion_1,hana hbibt lmaroc rahna farhanin bik okhalik m3a lmaystro dyalna ihab okhalikom m3a haydi ou rafa ou ali ou sohayla ganiw cha3bi,['joy'],['joy'],['joy'],['joy']
darija_text_331_emotion_1,dkhlo hna chufo chnu tari,['surprise'],[],['surprise'],['surprise']
darija_text_2117_emotion_1,سؤال يدل على قمة لحقد تجاه المغرب',['anger'],['anger'],['anger'],['anger']
darija_text_503_emotion_1,الأسطورة رونالدو قريب يجي للمغرب لافتتاح لوطيل ديالو بمراكش,[],['joy'],[],[]
darija_text_485_emotion_1,باش تبدى صفحة جديدة ظروف جديدة باش ياخد بوعشرين ومهداوي والزفزافي وصحابو ياخدو عفو وخاص امثال سفيان بحري يختفيو,['anger'],['surprise'],[],[]
darija_text_2402_emotion_1,no one ma grand mère rah dak lkhedama dak lmoujrima ma bghatch tb9a tji w zayda talba 1l dzit w 9altek khassek telbi meni sma7a,['anger'],['anger'],['anger'],['anger']
darija_text_2273_emotion_1,بعيدا عليك الحكومة بزاف اسي العتماني اومعندكش شخصيتها بحال بنكيران',['anger'],"['anger', 'surprise']",['anger'],['anger']
darija_text_109_emotion_1,انفراد : شباط هو من أنقذ الأغلبية في التصويت على قوانين إصلاح التقاعد، وها القالب لي دار الفريق الاستقلال باش يدوزو المشروع، ونقابة الاتحاد المغربي طلع معهم القالب حيث انسحبوا,['joy'],['surprise'],['anger'],[]
darija_text_1159_emotion_1,wlah ya babaha wojat nlemaghrib ya7ta ndiroliha 3aha mosetadima bach nweriwha mgharba chkaysewaw,['anger'],"['anger', 'disgust', 'surprise']",['anger'],['anger']
darija_text_376_emotion_1,4 ملايير تنبعث من قبر حامل مقتولة,"['disgust', 'fear', 'sadness', 'surprise']","['sadness', 'surprise']",['anger'],"['sadness', 'surprise']"
darija_text_1966_emotion_1,موريتانيا: خبر غرق 52 شاب موريتاني فسواحل المغرب غير كذوب,['surprise'],[],['anger'],[]
darija_text_487_emotion_1,الشعوب العربية و شعوب شمال إفريقيا لا تريد شريعتكم الهمجية، الشريعة دمرت سوريا والعراق وأفغانستان واليمن وليبيا والجزائر العشرية السوداء ',['anger'],"['anger', 'sadness']","['anger', 'disgust']",['anger']
darija_text_1712_emotion_1,المدابزة على الفلوس والتبرعات عطلات الموالين للبوليساريو يسدو الكَركَرات,['anger'],"['anger', 'surprise']",['anger'],['anger']
darija_text_846_emotion_1,الله على اخلاق شي مغاربة. فوسط حريق سوق المركب. البوليس شدو ما يقارب 50 شفار فيهم مول محل كيشفر جيرانو,['anger'],"['disgust', 'fear', 'sadness']",['anger'],['anger']
darija_text_1671_emotion_1,حمام تركي هو سباب القربالة لي نايضة بين حسبان وبدريقة,['surprise'],['surprise'],['surprise'],['surprise']
darija_text_1300_emotion_1,حصيلة كورونا فهاد 24 ساعة: 308 تصابو و131 تشافاو.. الطوطال: 15079 حالة منها 11447 تعافاو و242 توفاو و3390 مازال كيتعالجو,"['fear', 'sadness']",['sadness'],"['fear', 'sadness']","['fear', 'sadness']"
darija_text_2565_emotion_1,oghniya wa3ra bzaaaaaaaaaaaaaaaaaaaaaaaaaaaafff y3tik saha mn najah ila najah ya 3arosat lmaghrib,['joy'],['joy'],['joy'],['joy']
darija_text_2496_emotion_1,فيديو رائع تبارك الله عليك﻿ ',['joy'],['joy'],['joy'],['joy']
darija_text_123_emotion_1,ترتيبات فكازا استعدادا لزيارة ملكية مرتقبة,['joy'],['joy'],['surprise'],['joy']
darija_text_766_emotion_1,حسبان وافق باش يشمي فحالو,[],[],[],[]
darija_text_1814_emotion_1,7 ديال السواق تسدُّو بسبب عدم احترام التدابير الصحية المطلوبة,['sadness'],['anger'],[],[]
darija_text_2276_emotion_1,هذشى كاين الاغلبية ديال الشعب  عارف الله  غالب,"['anger', 'sadness']",['sadness'],"['anger', 'sadness']","['anger', 'sadness']"
darija_text_1754_emotion_1,الثنائي كريم الأحمدي وسفيان أمرابط يتألق ويساهم في الفوز والتأهل أمام ويليم في كأس هولند',['joy'],['joy'],['joy'],['joy']
darija_text_226_emotion_1,دولة اللصوص ملايير تنفق من اجل تشجييع الفساد حسابكم عند الله',"['fear', 'sadness']",['surprise'],['disgust'],[]
darija_text_536_emotion_1,صحراوة الوحدويين واش قادرين على مواجهة البوليساريو. وفين مشا ولد الرشيد رئيس جماعة العيون ؟‎,['anger'],[],['anger'],['anger']
darija_text_2582_emotion_1,+126 حالة جديدة +43 حالة شفاء +1 وفاة كورونا_المغرب,"['fear', 'sadness']","['fear', 'sadness']",['sadness'],"['fear', 'sadness']"
darija_text_793_emotion_1,ميشيل أوباما دخلات طول وعرض في ترامب.. والرئيس الأميركي رد عليها,['anger'],['surprise'],['surprise'],['surprise']
darija_text_2682_emotion_1,حسبي الله و نعم الوكيل .اش خصك العريان الامازيغية امولاي.حنا ما مفاهمين حتى بالعربية ',"['anger', 'sadness']",['surprise'],['anger'],['anger']
darija_text_792_emotion_1,دقة تابعة دقة عند شب­اط.. مهندسو الاستقلال ينقلبون عليه ويُطا­لبون برأسه,['anger'],['anger'],['anger'],['anger']
darija_text_1308_emotion_1,"الدق فالبوليس متواصل من حموشي على اللي كيفرطو فتطبيق القانون فالسربيس.. توقيف مفتش شرطة ممتاز والتحقيق مع أمنيين وها علاش,",['anger'],['surprise'],['anger'],['anger']
darija_text_1379_emotion_1,ما لا يقوله الاسلاميون عن مثلهم الأعلى رجب طيب أردوغان: احترم حقوق المثليين و يجب حمايتهم قانونيا+ فيديو,['surprise'],['joy'],[],[]
darija_text_470_emotion_1,بالصور. موالين الطاكسيات دايرين الفتنة في كازا عاوتاني..غلقو شارع الجيش الملكي وأججوا احتجاجات مواطنين في منطقة الرحمة والسلطة كتتفرج,['anger'],['fear'],['disgust'],[]
darija_text_704_emotion_1,عارفين غير البرويصيات والزيادات على ظهر الفقراء',['anger'],['anger'],['anger'],['anger']
darija_text_415_emotion_1,"المعارضة فالبرلمان بغات وزير الفلاحة يجاوب كيفاش بلادنا تعاملات مع الحرب الروسية الاوكرانية لي كتهدد الأمن الغدائي للمغاربة بسبب القمح,",[],[],['fear'],[]
darija_text_361_emotion_1,الشعباني: ما شي ساهل تربح الرجا ف دونور,[],[],['joy'],[]
darija_text_1337_emotion_1,ادانة ربعة ديال القاصرين فحراك الريف,"['disgust', 'sadness']","['anger', 'sadness']",['anger'],"['sadness', 'anger']"
darija_text_2098_emotion_1,هاد الحكومة كلشي طالع ليها واقتصادنا بيخير. نسبة النمو في الاشهر الثلاث الاخيرة بلغت 4.6 بالمائة,['joy'],['joy'],['joy'],['joy']
darija_text_1505_emotion_1,conane likid3ambety o abdsalam dar bareh hamla 9alek hejmo 3la had siyed bach ibtissam t9dar dir 3ando aflam,['fear'],['joy'],[],[]
darija_text_2622_emotion_1,"فيها أكثر من 380 كيلو.. رزامي ديال الحشيش ضبطات فالقنيطرة وجوج بزناسة طاحو – تصويرة,",['surprise'],['surprise'],['surprise'],['surprise']
darija_text_597_emotion_1,Nasse ra waslo boston ou bnadam ba9i madarab ghire m3a karo .....?! https://t.co/o93jHKjsfG,['anger'],"['anger', 'disgust']",['anger'],['anger']
darija_text_1598_emotion_1,الوداد واجدين للتواركة,[],['joy'],[],[]
darija_text_1822_emotion_1,انتخابات البرلمان الأوروبي: تعرف على الأحزاب اليمينية المتطرفة التي حصدت الكراسي,[],[],[],[]
darija_text_2046_emotion_1,أبو حفص لـ”كود”: الفكر الإرهابي مزال قائم وخاصنا استراتيجية كبيرة للقضاء عليه عن طريق بناء جيل جديد ومجهودات الأجهزة الأمنية مكافياش بوحدها,[],[],['fear'],[]
darija_text_2381_emotion_1,صحيفة. اصحاب المليارات خايفين من نهاية العالم وها اش دارو,['fear'],['fear'],['fear'],['fear']
darija_text_1723_emotion_1,الناشطة الاسبانية إيلينا مالينو : بوليس المغرب حتارمني اكثر من بوليس الصبليون والحكومة الاسبانية كتكذب,['anger'],['surprise'],['anger'],['anger']
darija_text_687_emotion_1,احسنت القول كل من له عقل ناضج يتقن تحليل الامور سوف يعرف ان كل اصلاحات بنكيران في المستوى,[],['anger'],['joy'],[]
darija_text_126_emotion_1,الله أكبر القدس عاصمة فلسطين الأبدية و لقد فتحتم أبواب جهنم عليكم يا يهود',"['anger', 'disgust']",['anger'],['sadness'],['anger']
darija_text_562_emotion_1,حروب باطما متواصلة.. ها باش ردات على تسميتها ب «دينا بطة»,['anger'],[],['anger'],['anger']
darija_text_1790_emotion_1,@user @user hhh machi ana li saybto khti LAH ikhliha lina,['joy'],['joy'],['joy'],['joy']
darija_text_1524_emotion_1,مشروع تقنين الكيف مزال مرون البيجيدي.. شبيبة الحزب: مافهمناش علاش تدار المشروع فهاد الوقت و كنرفضو يدوز ف البرلمان قبل ما يكون عليه نقاش عمومي,['anger'],['surprise'],[],[]
darija_text_2156_emotion_1,هيئات الدفاع عن الراضي والريسوني: محاكماتهم ماشي عادلة وفيها خرق لقانون المسطرة الجنائية.. وكنطالبو بإطلاق سراحهم ودخول الريسوني للإنعاش,['anger'],['sadness'],['anger'],['anger']
darija_text_1847_emotion_1,موفق إن شاء الله سبحانه.',['joy'],['joy'],['joy'],['joy']
darija_text_959_emotion_1,.أنهم تابعون مثل الجار والمجرور ويمشون ذلك انتخابات نزيهة وماهي إلا طبخة جاهزة تنتظر الموافقة فقط . ',['anger'],['anger'],['anger'],['anger']
darija_text_1609_emotion_1,"رحلات جوية لترحيل الحراگة المغاربة من گران كناريا للمملكة. هاذ المرة الرحلات غادي تشمل كازا وأكادير,",['sadness'],[],[],[]
darija_text_1_emotion_1,#SocialMediaNight #HananeElKhader hnan bnt bladi ya fakhr lmaghrib nti w ihab khlikom jmi3 wkhadmo mzn whna m3akom ghniwli rifi mwah 3likom,['joy'],['joy'],['joy'],['joy']
darija_text_2297_emotion_1,الزمالك مقدرش على صفقة أيوب الكعبي. تراجع بعدما وصل لهاد الثمن,['surprise'],[],['sadness'],[]
darija_text_1341_emotion_1,لمغرب العربي تحت رحمة السياسة الفرنسية',"['anger', 'surprise']",['sadness'],['sadness'],['sadness']
darija_text_2372_emotion_1,إيناس الدغيدي تفجر مفاجأة وتكشف قصة أحمد عز والفنانة دينة (فيديو),['surprise'],['surprise'],['surprise'],['surprise']
darija_text_47_emotion_1,الى كانوا هدو هم الاوباش. فانا وبش مثلهم وافتخر. العز والنصر لناس الحسيمة ريافة الحرار. الله ينصركم,['anger'],['surprise'],['surprise'],['surprise']
darija_text_1637_emotion_1,ana jdid fi twiteer hal min asdi9ae,['joy'],['joy'],[],['joy']
darija_text_2068_emotion_1,منظمة السياحة العالمية: سيدي كاوكي من بين أفضل 44 قرية سياحية فالعالم,[],['joy'],[],[]
darija_text_848_emotion_1,عدوى الانتحار تنتقل الى السلفيين. محاولة انتحار سلفي بسجن ايت ملول واتهام مدير ورئيس السجن باستفزازه,['surprise'],"['sadness', 'surprise']",['sadness'],"['surprise', 'sadness']"
darija_text_885_emotion_1,"الكَيرا فأوكرانيا.. قصف روسي جديد طيح عدد من الضحايا ف”خاركيف” والعاصمة “كييف” والرئيس زيلينسكي: تصفية المقاتلين ديالنا غادي تحبس المفاوضات,","['anger', 'fear']",['fear'],"['anger', 'fear', 'sadness']","['anger', 'fear']"
darija_text_1897_emotion_1,diha frassk okhli 3lik ihab o soha o rah al mghriib kamlo m3ahom o nta monafi9 o lah ital3ak nominie,['anger'],['anger'],['anger'],['anger']
darija_text_1648_emotion_1,ها جديد تسونامي الامني دكازا. نائب والي الامن ورئيس الاستعلامات دخلو للرباط لهاد المديرية,['surprise'],['surprise'],[],['surprise']
darija_text_1659_emotion_1,"بدات كتقاقي عاود من الشينوا.. رصدو أول حالة إصابة ب”أنفلونزا الطيور” من سلالة “H3N8”,",['fear'],['fear'],['fear'],['fear']
darija_text_1817_emotion_1,واش ديال البي جي دي تقولب ففضيحة المخدرات فاسفي. المخبر يهدد يقلب الطاولة على الدرك في قضية لبزيوي,['anger'],"['sadness', 'surprise']","['anger', 'fear']",['anger']
darija_text_2210_emotion_1,وزارة الأوقاف.. هل تضع المدونة الجديدة حدا للريع؟,['surprise'],[],[],[]
darija_text_2247_emotion_1,رفض السراح المؤقت للمرتضى إعمراشن وتأجيل النطق بالحكم فالقضية ديالو للاربعاء القادم,['surprise'],[],[],[]
darija_text_1351_emotion_1,@user Kayna chi haja had sata matatfhemch fiha ? Dima hala dergoumha 3la walou,['surprise'],['disgust'],['anger'],[]
darija_text_1447_emotion_1,ها علاش أغلب الارهابيين ف أوروپا ريافة,"['disgust', 'surprise']",['fear'],['fear'],['fear']
darija_text_1203_emotion_1,aygolia nti li majritish mzyan bash tchdi train,['sadness'],[],[],[]
darija_text_2050_emotion_1,“مسيرة بيضاء” إحياء لذكرى الإمام المغربي الذي قتل ببروكسل,[],['sadness'],['sadness'],['sadness']
darija_text_183_emotion_1,o had klma kanolha diima ya3ni fhad lahda fahmouuni ana baa3iida 3la anani nsseb onkrah blad kamla,"['anger', 'sadness']",[],['anger'],['anger']
darija_text_914_emotion_1,البام هو المرشح الاول بشراء الاصوات والتحريض بشتى القوالب ضد البيجيدي.,['anger'],['surprise'],['anger'],['anger']
darija_text_1871_emotion_1,الاسلاميون ربحو فانتخابات قاطعوها الدزايريين,['joy'],['surprise'],[],[]
darija_text_1538_emotion_1,بعد مغادرة زوجته للتراب الوطني رفقة ابنته القاصر، مواطن مراكشي يراسل وزير العدل للتحقيق في تزوير وثائق رسمية,['surprise'],['sadness'],['surprise'],['surprise']
darija_text_448_emotion_1,أرفض رفضا مطلقا مشاركة هذا اللاعب ضمن المنتخب المغربي',['anger'],['surprise'],['surprise'],['surprise']
darija_text_1066_emotion_1,"الجدارمية طيحو واحد من الشفارة اللي كشطو دار فسيدي رحال الشاطي ومزال كيقلبو على صحابو,",[],[],[],[]
darija_text_1677_emotion_1,ترمضينة خايبة فاس. مواجهات في حي شعبي تنتهي بإصابة قاصر بجروح خطيرة,"['anger', 'sadness']","['fear', 'sadness']","['fear', 'sadness']","['sadness', 'fear']"
darija_text_1324_emotion_1,المغاربة في مقدمة المهاجرين الجدد بالكيبيك,[],['surprise'],[],[]
darija_text_1893_emotion_1,الإعلام المصري يقود حربا ضد المغرب بمخطط “الضرب من تحت الحزام”. يقدمه على أنه بلد الدعارة والسحر والشعوذة (فيديو),"['anger', 'surprise']","['disgust', 'sadness', 'surprise']","['anger', 'surprise']","['anger', 'surprise']"
darija_text_341_emotion_1,#كفى_من_العبث',['anger'],[],['anger'],['anger']
darija_text_231_emotion_1,لا شَر َّ يؤذينــا لا ظُلمَ يؤذينــا والحب للجميع',['joy'],['joy'],['joy'],['joy']
darija_text_269_emotion_1,"الجوندارم حجزو طن ديال الحشيش فالشاطئ الأبيض نواحي كَلميم,","['fear', 'sadness']",['surprise'],['surprise'],['surprise']
darija_text_1859_emotion_1,الصواب : اول دولة في العالم تمنع السجاءر,['surprise'],['joy'],[],[]
darija_text_1167_emotion_1,بنعرفة دالبيجيدي يتحدث عن الوفاء!: لا تنصتوا للتشويش فنحن أوفياء وملتزمون بتحالفاتنا خاصة مع التقدم والاشتراكية,['surprise'],[],['anger'],[]
darija_text_2016_emotion_1,"مجلس الأمن الدولي غادي يعقد جلسة لمناقشة ملف الصحرا فهاد الشهر,",[],['joy'],[],[]
darija_text_1641_emotion_1,الفتنة ناءمة لعن الله من ايقضها اتقوا الله لمذا لا نحتج على المخدرات في الحسيمة كلنا مع المرحوم,"['anger', 'sadness']",['sadness'],"['anger', 'sadness']","['anger', 'sadness']"
darija_text_2258_emotion_1,المشاهير والعيد الكبير.. البوزات والشوا والجلالب وصلو لانستكَرام – فيديوهات وتصاور,['surprise'],['joy'],[],[]
darija_text_51_emotion_1,@user wana ghanji nriyeb lik l7afla ndir chwiya dial hooliganisme,"['joy', 'surprise']",['fear'],[],[]
darija_text_1490_emotion_1,الفايسبوك طيح شبكة لتحريض القاصرات على الدعارة,"['disgust', 'surprise']","['fear', 'joy']",['fear'],['fear']
darija_text_2528_emotion_1,عصبة ابطال أوروبا.. حكيم زياش ثالث للعاب مغربي كيربح اللقب,['joy'],['joy'],['joy'],['joy']
darija_text_322_emotion_1,ميسي المغرب نتمنى له عودة موفقة',['joy'],['joy'],['joy'],['joy']
darija_text_1288_emotion_1,الملك يعلن عن الجهوية اليوم,[],['joy'],[],[]
darija_text_2642_emotion_1,عصابة ضربات ملايين صحيحة لشركات قروض الاستهلاك غير بالكاشيات المزورة,['surprise'],['surprise'],[],['surprise']
darija_text_313_emotion_1,الحبيب المالكي: البرلمان فقير معندنا والو..وتبخيس المؤسسات خطير على الديمقراطية,['sadness'],['surprise'],['anger'],[]
darija_text_1719_emotion_1,الوكيل العام يحيل أقارب أكبر منعش عقاري بالشمال على قاضي التحقيق بتهم الاختطاف والاحتجاز ودرك طنجة استداعهم فمسطرة أخرى عندها علاقة بالمخدرات,"['fear', 'surprise']",['surprise'],['surprise'],['surprise']
darija_text_932_emotion_1,الفرقة الوطنية بدات التحقيق في اتهام رئيس جماعة صفرو باستغلال أملاك عمومية خارج القانون,[],[],[],[]
darija_text_1003_emotion_1,لحماق والظلم. اعتقال مسافر مطار القاهرة حقاش باطوز!!,"['anger', 'surprise']","['anger', 'sadness']","['anger', 'surprise']","['anger', 'surprise']"
darija_text_164_emotion_1,"مانويل ماكرون ومارين لوبين فالدور الثاني فالانتخابات الرئاسية ونهاية للاشتراكيين وضربة لليمين المحافظ,",[],[],[],[]
darija_text_287_emotion_1,خاص. رئيس جماعة ميدلت الموقوف عن ممارسة مهامو كان كيشد تعويضات ماشي قانونية والخازن الجهوي دخل على الخط,"['sadness', 'surprise']",['surprise'],['anger'],['surprise']
darija_text_466_emotion_1,گـود في خضم الحروب الإيديولوجية الإلكترونية,[],['fear'],['sadness'],[]
darija_text_1462_emotion_1,قبل راس العام.. اعتقال 25 متطرف كانو كيخططو لهجمات إرهابية فبلادنا,"['fear', 'surprise']",['fear'],['fear'],['fear']
darija_text_1355_emotion_1,تضامن واسع مع الزميل عمر راضي..رحاب: تضييق غير مقبول وعمر عبر على رأيو والمفروض يتابع بقانون النشر والصحافة,['sadness'],['sadness'],['sadness'],['sadness']
darija_text_1522_emotion_1,soltana mbrouk roujo3ik w inchallah fi ta9adom bn chance w khdemi f leval mzian je taime,['joy'],['joy'],['joy'],['joy']
darija_text_1756_emotion_1,اسأل الذي جمعنا في دنيا فانية أن يجمعنا ثانية في جنة قطوفها دانية عام هجري سعيد.',['joy'],['joy'],['joy'],['joy']
darija_text_840_emotion_1,"قيادة العدالة والتنمية هاجمات الحكومة بسباب برنامج “فرصة”: 2.3 مليار سنتيم من المال العام مشات للإشهار والمؤثرين وهادشي سبابو ضعف تواصل الوزرا,",['anger'],['anger'],['anger'],['anger']
darija_text_127_emotion_1,جورنالات بلادي 2. الإعدام لقاتل يهودي وزوجته بالبيضاء واحتجاجات الحسيمة تدخل البرلمان,"['anger', 'fear', 'sadness']",['sadness'],['sadness'],['sadness']
darija_text_1738_emotion_1,hbiba gathaydi hadik photo dyali mn lprophil bla sda3 minoucha 27,['anger'],[],['anger'],['anger']
darija_text_1381_emotion_1,الرميد ينظم الحقوق حتى ديال الحيوانات: اصحاب الحمير وكوتشيات احذروا تنتظركم 1200 درهم غرامة وها علاش,['surprise'],['surprise'],['surprise'],['surprise']
darija_text_2281_emotion_1,مزاد علني فيه رسائل مارسيل بروست فشل.. 16 رسالة مداها فيها حد,['surprise'],"['sadness', 'surprise']","['sadness', 'surprise']","['surprise', 'sadness']"
darija_text_2495_emotion_1,يوسف الكناوي: والله ما نزيد مع الرجاء,['anger'],[],['anger'],['anger']
darija_text_2416_emotion_1,اتهامات خطيرة بالشفرة ضد يوسف أوزيلال بتصاور من كاميرات المراقبة,['anger'],['surprise'],[],[]
darija_text_951_emotion_1,كلنا محسن فكري أن لله وانا اليه راجعون,['sadness'],['sadness'],['sadness'],['sadness']
darija_text_906_emotion_1,هذا ليس موضوعنا يالصحافة الفساد   #الشارع_هو_الحل  #طحن_مو  #طحنونا_كاملين,['anger'],"['anger', 'sadness']","['anger', 'sadness']","['anger', 'sadness']"
darija_text_1136_emotion_1,عاجل. الفرقة الوطنية جات للرئيس المعزول لجماعة دار بوعزة عبد الكريم شكري,['surprise'],[],[],[]
darija_text_2371_emotion_1,كلب عيط لحمارة وانتهت المكالمة',"['anger', 'surprise']",['disgust'],['anger'],['anger']
darija_text_945_emotion_1,عايشين الحب.. أشرف حكيمي كيوجد مع صاحبتو هبة أبوك تفاصيل الولادة وخفافيش الظلام كيسبو فيه -تصاور,[],['joy'],['joy'],['joy']
darija_text_1086_emotion_1,السّيبة. نايضة مضاربات بالسيوفا فحي البطحاء بفاس سالات بإصابات ومطاردات أمنية,['anger'],['fear'],"['anger', 'fear']","['anger', 'fear']"
darija_text_11_emotion_1,ومشينا بعيد. المغرب يستدعي سفير اميركا في الرباط وها علاش وماشي الفعفاع اللي استقبلو: ما جاء في بيان الخارجية الامريكية اهانة للمغرب,"['anger', 'disgust', 'surprise']",['anger'],"['anger', 'joy']",['anger']
darija_text_2007_emotion_1,مدرب آخر فالبطولة سالات ساعتو,['anger'],['surprise'],[],[]
darija_text_138_emotion_1,اعتقال بوليسي طالياني كيسرق الباسبورات وكيعطيها لمغربي يزورها,['surprise'],"['fear', 'surprise']",['surprise'],['surprise']
darija_text_711_emotion_1,الشطاحة مايا غادة تدخل عالم التقديم ببرنامج غاتعطي فيه النصائح للعشاق وللعيالات,['surprise'],['surprise'],['surprise'],['surprise']
darija_text_2056_emotion_1,@user le7wa kayjib f ay w9ita xD,"['disgust', 'joy']",['disgust'],[],['disgust']
darija_text_2428_emotion_1,ahah mais khskum thello 3inikuom w ntuma mtab3in l3anz rah baghin ynawdo lfitna,"['anger', 'joy']",['anger'],['anger'],['anger']
darija_text_391_emotion_1,انسان من كلمة تعرفة وش صادق وﻻ كداب  بنكيران كيبن لي صادق يتكلم بدون مراوغة,[],['joy'],[],[]
darija_text_542_emotion_1,دراسة. الناس كيكونو اكثر سعادة ملي كيقربو يموتو,['surprise'],['surprise'],['surprise'],['surprise']
darija_text_538_emotion_1,سلطات الطرفاية قرقبات على 64 مرشح للحريكَ مخبيين بين آخفنير والعيون,['surprise'],[],[],[]
darija_text_440_emotion_1,منتهى الاستهتار بمؤسسة البرلمان.',"['disgust', 'sadness']",['disgust'],['disgust'],['disgust']
darija_text_751_emotion_1,asgass ambarki awltma koul 3am w nti b alff 5ir inchaallah ♥♡,['joy'],['joy'],['joy'],['joy']
darija_text_2194_emotion_1,hhh wach kayhdar 3la bloque awili maymknchh akhayy ndirha lik ila ana nta rak 3ziz,['surprise'],['joy'],"['joy', 'surprise']","['surprise', 'joy']"
darija_text_1127_emotion_1,عصابة «القرود» تهدد زواج ميسي,['surprise'],[],[],[]
darija_text_396_emotion_1,المغرب،دولة متخلفة بكل،المقاييس.زعما الدولة مسكينة عندها الكريدي،بزاف.ولكن اين هي،الثروة بطبيعة الحال،موجودة في،بنوك سويسرا,['anger'],['anger'],['surprise'],['anger']
darija_text_1967_emotion_1,"جثة رضيع مرمية فالخلا استنفرات السلطات فتطوان,","['anger', 'disgust', 'sadness']",['sadness'],"['anger', 'sadness']","['anger', 'sadness']"
darija_text_1223_emotion_1,الجديدة ضيعو الرباح فديربي دكالة عبدة ضد آسفي,['sadness'],['sadness'],[],['sadness']
darija_text_988_emotion_1,مغربي كيواجه الحبس فمليلية بسباب اغتصاب صبليونية,['disgust'],"['anger', 'disgust', 'fear', 'sadness']","['disgust', 'sadness']","['disgust', 'sadness']"
darija_text_1840_emotion_1,"القوميين الإسبان فجزر كناريا ما عجبهمش الحال من بعد اكتشاف 2 مليار برميل ديال النفط فسواحل أكَادير,",['anger'],['surprise'],['anger'],['anger']
darija_text_1853_emotion_1,“الكورفا سود” كتطالب بحكام أجانب ودخلت طول وعرض فمديرية التحكيم والرياضية,['anger'],['anger'],[],['anger']
darija_text_1269_emotion_1,خلية اولاد نمة الارهابية: من عامين ل4 سنين ل4 اعضاء,['sadness'],['fear'],['fear'],['fear']
darija_text_1407_emotion_1,فجر وحكيمي ماسوقوش للصحافيين المغاربة,['surprise'],['surprise'],['anger'],['surprise']
darija_text_1486_emotion_1,شوفو لحماق. الوليد بن طلال شرا عشرة كلمات مكتوبة بنصف مليون ريال وها علاش + صورة,['surprise'],['surprise'],['surprise'],['surprise']
darija_text_987_emotion_1,سبعيني مات بعدما شدوه بوليس المحمدية,['surprise'],['sadness'],['sadness'],['sadness']
darija_text_1048_emotion_1,ادريس شويكة دخل فرئيس لجنة تحكيم مهرجان طنجة الوطني: باش تفضل ربورطاج تلفزيوني على فيلم سينمائي ما تستحقش مني اي احترام وغادي تبقى وصمة عار فتاريخ السينما,['anger'],['surprise'],['anger'],['anger']
darija_text_2144_emotion_1,اليوم خرجتي بإدنو ولا لا هههههههههه,['joy'],['joy'],[],['joy']
darija_text_2425_emotion_1,مدلولات واخا الراجل يكون تيقطر بالزين خص البنت تدير الهمة والشان لراسها ومتتحرش بيهم.,['anger'],['disgust'],"['anger', 'disgust']","['anger', 'disgust']"
darija_text_1690_emotion_1,ana makanchouf hta 3enza hit bloc howa ssilahi oila derto bhali ghathenaaw,['anger'],[],['anger'],['anger']
darija_text_227_emotion_1,تبارك الله علينا و صافي',['joy'],['joy'],['joy'],['joy']
darija_text_759_emotion_1,انا متافقة معاك امين جطيوي ماتبدل صاحبك غي ما كرف هاحنا غادي نشوفو هاد الحكومة اش غادي دير,['anger'],[],['anger'],['anger']
darija_text_2398_emotion_1,mal bnadm cha3l tayh ktr mn nayd wach katjch3o bnt bladkom chj3oha obskat madkhloch fhyatha chkhsya bnadm hbel wllh lah y3fo,['anger'],['anger'],['anger'],['anger']
darija_text_2238_emotion_1,مغربية فالطاليان قتلات صاحبها بالسم وبغات تقطعو بالمنشار,"['disgust', 'surprise']","['disgust', 'fear', 'sadness']","['disgust', 'sadness']","['disgust', 'sadness']"
darija_text_2104_emotion_1,جورنالات بلادي2: ذبح زوجته بسبب الشك وصفقة الرادار تلغى للمرة الثامنة والبوليساريو تعذب موريتانيا بقندهار,"['fear', 'sadness']","['anger', 'disgust', 'fear', 'sadness', 'surprise']",[],"['fear', 'sadness']"
darija_text_1219_emotion_1,عاش الملك محمد السادس اللهم ادم علينا نعمة الامن والامان,['joy'],['joy'],['joy'],['joy']
darija_text_2677_emotion_1,الاساتذة المتعاقدين مامربينش وتعداو على طاقم القناة الثانية بالسبان.. واخا تكون الحرب الصحافة كتبقا صحافة خصها تحترم وخاص متابعة كل من يتطاول عليها,['anger'],['surprise'],['anger'],['anger']
darija_text_1936_emotion_1,chno had tberhich a kheti donia ghadi tefro akid w ibtissam tahia wenti ghatb9ay hna diri ghi fel machakil w galsa f bitek,['anger'],['sadness'],"['anger', 'disgust']",['anger']
darija_text_876_emotion_1,"الذبيحة السرية دايرة الروينة ف”صهريح كَناوة” ففاس.. حجز أكثر من 100 كيلو ديال اللحم والبوليس حصلو كَزارة كيوجدو يذبحو جوج بكَرات – تصويرة,",['surprise'],['surprise'],['anger'],['surprise']
darija_text_1661_emotion_1,نطلب لك التوفيق والنجاح من عند الله. الشيء الذي لا نفهمه هو لماذا الدولة لا تهتم بشؤون أصحاب الاحتياجات الخاصة في النقل ودخل شهري يحفظ لهم كرامتهم ويعوض لهم مكانتهم وحقهم داخل هذا الوطن.',['anger'],['joy'],[],[]
darija_text_622_emotion_1,دراسة.ممارسة الجنس مهمة بزاف لي فاتو 65 عاما وها هلاش,[],[],['surprise'],[]
darija_text_2064_emotion_1,2m مع البام الله يمسخكم لأنكم علمانيين,['anger'],['surprise'],['anger'],['anger']
darija_text_642_emotion_1,موفق ان شاء الله يارب',['joy'],['joy'],[],['joy']
darija_text_1222_emotion_1,الرشوة الأمريكية وليس المال الأمريكي، لا تختلف عن جرائم أمريكا. التي لا تعد ولا تحصى.',"['disgust', 'sadness']",['disgust'],['anger'],['disgust']
darija_text_1059_emotion_1,كريمة نادر : شاركت في الجزائر بصفتي متعاونة مع منظمة إيرلندية ولا علاقة لي بالجمعية المغربية لحقوق الانسان,[],[],[],[]
darija_text_892_emotion_1,pas le choix 😭😭 ghadi nmchi bkri w safi ba9yine ka ykhrejou bnadem m3a 18h,['sadness'],[],"['anger', 'sadness']",['sadness']
darija_text_2143_emotion_1,"ممكن اسي بن كيران تجي تضرب شي دورة فسلا مورا ولا مع العصر !""""""""""""""""'","['anger', 'surprise']",['anger'],['anger'],['anger']
darija_text_336_emotion_1,تصيور بنات عريانات صحة وابتزازهم صيفط 11 للبنيقة بينهم 8 ديال العيالات فمكانس,"['disgust', 'fear', 'sadness']","['disgust', 'fear']",['disgust'],"['disgust', 'fear']"
darija_text_20_emotion_1,a ghir mwensahoum wellah 😂😭😂😭 w brasserie la cigale in casablanca grand casablanca,"['joy', 'surprise']",['joy'],['joy'],['joy']
darija_text_106_emotion_1,ouiiiii fa9ssounii hadak rapha ra khatirrr howa w 3abas mn lawal mahmalthomch,"['anger', 'disgust']",['anger'],['anger'],['anger']
darija_text_1622_emotion_1,كورونا تسببات فانتحار كوبل بعدم تأجيل عرسهم,"['sadness', 'surprise']",['sadness'],['sadness'],['sadness']
darija_text_1795_emotion_1,واش هذه الأحزاب السياسية كلها عندنا .والناس عندها فقط يمين يسار قاديه الغرض,"['anger', 'joy']",['sadness'],['anger'],['anger']
darija_text_670_emotion_1,الى كنتي رئيس حكومة سير صلح راسك,['anger'],['anger'],['anger'],['anger']
darija_text_1766_emotion_1,لالالا مستحيل ان أقبل بتاجر دين رئيس لحكومة ذئب ملتحي يرتدي لباس حمل وديع,['anger'],['anger'],"['anger', 'disgust']",['anger']
darija_text_849_emotion_1,فصل المقال فيما بين التربية والتلقين من انفصال,[],[],[],[]
darija_text_2022_emotion_1,تسريبات تقرير كَوتيريس. الأمم المتحدة خايفة من تهديدات البوليساريو بالحرب,['fear'],['fear'],['fear'],['fear']
darija_text_1862_emotion_1,"تقرير: مفاوضات إسرائيلية تركية سرية ناقشو فيها يدار أنبوب غاز مشترك لتزويد اوروبا,",[],['joy'],[],[]
darija_text_1517_emotion_1,جورنالات بلادي1: تعليمات للداخلية ومؤسسات الدولة بمقاضاة المسؤولين السياسيين بسبب الانتخابات وفرق الأغلبية والمعارضة تطالب بتشكيل لجنة تقصي الحقائق حول استيراد النفايات الإيطالية,[],['joy'],[],[]
darija_text_429_emotion_1,عاجل. تأجيل محاكمة الزفزافي وصحابو بسباب رفض المعتقلين الحضور,['surprise'],[],['surprise'],['surprise']
darija_text_1519_emotion_1,الدرك الملكي يحجز ازيد من 7 طن من التين المجفف ويعتقل صاحبه,['surprise'],['surprise'],['surprise'],['surprise']
darija_text_881_emotion_1,شفارة السعودية: دخلو دري صغير وسط الصندوق- فيديو,['surprise'],"['disgust', 'fear', 'sadness', 'surprise']","['sadness', 'surprise']","['surprise', 'sadness']"
darija_text_1062_emotion_1,متقاعد اهتك عرض قاصرين ف العرايش,['disgust'],"['anger', 'disgust', 'fear', 'sadness']","['anger', 'disgust', 'sadness']","['disgust', 'anger', 'sadness']"
darija_text_697_emotion_1,محاكمة مغربي فهولندا صفا مغربي آخر فحرب المافيات,['surprise'],"['fear', 'sadness']","['anger', 'sadness']",['sadness']
darija_text_2563_emotion_1,20 عام ديال الحبس لمغربي كان سباب وفاة 49 مهاجر غرقا,['surprise'],['surprise'],['sadness'],['surprise']
darija_text_1242_emotion_1,حملات أمنية مكثفة طيحات عصابات إجرامية دارت غزاوة فعباد الله بفاس (صور),['surprise'],['joy'],['fear'],[]
darija_text_839_emotion_1,dak lwld li lfou9 kan f shra dyal rass l3am yak lol,['joy'],[],[],[]
darija_text_2120_emotion_1,يلا بغيتو نسلفوكوم. هولندا باغيا تسد اربعة سجون بسباب قلة المجرمين,[],['joy'],['disgust'],[]
darija_text_2179_emotion_1,بنكيران يزور بلكورة المتهم باختلاس أموال عمومية في مكناس وها علاش,[],['disgust'],[],[]
darija_text_776_emotion_1,كوريا الشمالية صنعات حوايج كيتكالو,['surprise'],['surprise'],['surprise'],['surprise']
darija_text_563_emotion_1,أموال الإمارات تجعل مهرجان أبوظبي من أهم عشرة مواقع للإنتاج السينمائي العالمي ومراكش لم تدخل اللائحة,[],['surprise'],[],[]
darija_text_1595_emotion_1,فيلم عن الغازات السامة بالريف يدخل منافسة السينما الافريقية بمصر,['joy'],['joy'],[],['joy']
darija_text_1695_emotion_1,أساتذة الكونطرا.. خمس نقابات كتشكا من فقدان الثقة ف الحكومة وكتهدد بالتصعيد,['anger'],"['disgust', 'surprise']",['anger'],['anger']
darija_text_1531_emotion_1,ملكنا محمد السادس انسان متواضع و من  تواضع لله رفعه وحفظه .,['joy'],['joy'],['joy'],['joy']
darija_text_2460_emotion_1,7ta ntl3 l tanger w njibalk,[],[],[],[]
darija_text_561_emotion_1,انا أحب دين الأسلام وأستمع للعلماء المسلمون',[],[],['joy'],[]
darija_text_311_emotion_1,تحليل إخباري. خبر ماشي بريء وفيه رسالة للسلطات المغربية. صحيفة إسبانية : عملاء من الحرس المدني كيقتاحمو الاراضي المغربية لنقل تقارير إستخباراتية عن الهجرة والمخابرات يمكن عندها يد فتدريب المهاجرين على الاقتحام,"['fear', 'sadness']",['surprise'],['anger'],[]
darija_text_2343_emotion_1,"منذ بداية الولاية الحكومية. 8475 منصب شغل مباشر وغير مباشر جديد خرج للوجود.. أخنوش: خاص الحرص على الفعالية فدراسة المشاريع اللي كتدوز فلجنة الاستثمارات,",['joy'],[],['joy'],['joy']
darija_text_1683_emotion_1,"بوليسي تيرا بالقرطاس على شخص نوض روينة بجنوية فحي “معطى الله” فالعيون,","['fear', 'sadness']","['anger', 'fear', 'sadness']",['fear'],"['fear', 'sadness']"
darija_text_1301_emotion_1,عاجل: المكتب المركزي للأبحاث القضائية يتنقل إلى الحسيمة وزايو لاقتحام مخازن في ملكية الداعشي الفاسي,[],['fear'],['fear'],['fear']
darija_text_2269_emotion_1,بودريقة.. رجعات فيه الروح (فيديو),['surprise'],['joy'],['joy'],['joy']
darija_text_1200_emotion_1,"ضربة خايبة لمرشحة اليمين المتطرف تزامنا مع الانتخابات الرئاسية ففرنسا.. المكتب الأوروبي لمكافحة الاحتيال: مارين لوبان فايت هرفات على 600 ألف أورو,",['surprise'],['surprise'],[],['surprise']
darija_text_1153_emotion_1,nari kon sar9oh o talbo lfidya kon 97ab lmadlola lobnaniya 5anan rah taytchafa f ihab o sohayla walakin llah kbir 😍😍,['anger'],['disgust'],[],[]
darija_text_969_emotion_1,shiti had shi kolo li ktabti rada ytssawar w rada ymshi l youssra w nshofha tarabikoum shwyaa tssanay,['anger'],['anger'],['anger'],['anger']
darija_text_2173_emotion_1,اللهم انصر الاسلام والمسلمين في كل مكان القدس عربيه وستبقى عربيه وعاصمه فلسطين يارب احميها',['joy'],['joy'],['joy'],['joy']
darija_text_1775_emotion_1,تقرير: 6 في المائة من المغربيات تعرضن للعنف الجسدي في حياتهن,"['disgust', 'fear', 'sadness', 'surprise']","['anger', 'fear', 'sadness']","['anger', 'disgust', 'fear', 'sadness']","['disgust', 'fear', 'sadness', 'anger']"
darija_text_2047_emotion_1,برافو لسكان مدينة الحسيمة الجميلة على اخلاقكم ووعيكم سكان مدينة وجدة نحبكم كثيرا.,['joy'],['joy'],['joy'],['joy']
darija_text_403_emotion_1,مجلس حكومي غدا غايتدارس مشروع قانون المالية لـ2021,[],['joy'],[],[]
darija_text_2127_emotion_1,اللعابا ديال الوداد كتسناهم مكافأة من بعد ماتش التواركة,['joy'],['joy'],['joy'],['joy']
darija_text_316_emotion_1,: أتفهم العثماني وأتفهم الجدل الشعبي. الحل: حان وقت تنزيل شامل للجهوية المتقدمة وتحمل المتخبين الجهوين لكامل صلاحياتهم لشرح تفا…,['anger'],[],[],[]
darija_text_1543_emotion_1,"ألباريس: كنارياس غيكون عندها ممثل فمفاوضات ترسيم الحدود البحرية مع المغرب,",[],['joy'],[],[]
darija_text_859_emotion_1,شيفور ف حالة غير طبيعية قتل 3 مواطنين فطنجة,['surprise'],"['fear', 'sadness']","['anger', 'sadness']",['sadness']
darija_text_2666_emotion_1,يوميات الحراك: اضراب ما باغينوش وبراح الحكومة قاهرنا غير بالبلا بلا وبي جي دي الشمال قلبات الطابلة على الياس العماري وليل الريف مازال مظلم بزاف,['anger'],[],"['anger', 'sadness']",['anger']
darija_text_1535_emotion_1,ها آش قال لقجع على اصطدام الأسود بالفيلة,[],[],[],[]
darija_text_1515_emotion_1,@user tu fais le malin ghir mli makikoun endek matjaoueb.,['anger'],['joy'],[],[]
darija_text_1607_emotion_1,الخزي والعار لهاته الحكومة التي تغلط العالم والمغاربة عبر تضليل الرأي العام بإنجازات وهمية والشعب يعيش تحتت عتتبة الفقر,['anger'],"['anger', 'sadness']","['anger', 'disgust', 'sadness']","['anger', 'sadness']"
darija_text_1140_emotion_1,سبعيني فوارزازات قتلاتو شهوتو الجنسية. ها كيفاش تقتل فدار ديال الدعارة,"['disgust', 'surprise']","['disgust', 'sadness']","['disgust', 'sadness']","['disgust', 'sadness']"
darija_text_1584_emotion_1,المغربية عزيزة جلال رجعات تغني والارتباك كان حليفها,[],['joy'],['joy'],['joy']
darija_text_1507_emotion_1,إصابة تقنية مختبر فسبيطار الداخلة رون السلطات,[],['fear'],['fear'],['fear']
darija_text_430_emotion_1,البطل المغربي زكرياء التجارتي ربح النسخة الرابعة للجائزة الدولية الكبرى ديال الملك محمد السادس للكيك بوكسينغ,['joy'],['joy'],['joy'],['joy']
darija_text_446_emotion_1,مقتل جورج فلويد.. المتظاهرين فميركان خربو شركة ديال بريتني سبيرس وكتبو شعارات ضد العنصرية على الحيوطا,['anger'],['sadness'],['anger'],['anger']
darija_text_1329_emotion_1,وتكوون ايامك مليئه بالنجاح لانك موهبه ممتاازة وبالتوفيق ان شاءالله ف جميع اعمالك ',['joy'],['joy'],['joy'],['joy']
darija_text_1546_emotion_1,Hbiba nbghiwk bzf fmaroc khlik m3a ihab hanan rafa ghniw mghribi goli lihom ighniw lik happy birth day #socialmedianight #souhailabenlachhab,['joy'],['joy'],['joy'],['joy']
darija_text_1005_emotion_1,كيف سمحت لك نفسك ان تقارن اردوغان بالحمار بنكيران للتذكير انا #ممصوتش,['anger'],['anger'],['anger'],['anger']
darija_text_656_emotion_1,إحالة سمسار المحاكم عادل وأمنيين ومحامٍ على المحكمة الزجرية فكازا,[],['surprise'],[],[]
darija_text_1248_emotion_1,مرحبا را شباب الحسيمة خاصهم مدرب,[],['surprise'],[],[]
darija_text_2632_emotion_1,ihaaab nta tstaleel la9ab o nta charaftii l maghreeb tkp pas hna mftakhriin biiik wlah ila raak charaf l mdint asefi kan7ma9 3lik,['joy'],['joy'],['joy'],['joy']
darija_text_309_emotion_1,سير قاد غير راسك اش بينك وبين السياسة اعشيري,['anger'],['disgust'],['disgust'],['disgust']
darija_text_2502_emotion_1,بنشعبون: غرضنا من قانون المالية التعديلي ندعمو المقاولات بجميع أنواعها بعد كورونا,[],[],['joy'],[]
darija_text_1270_emotion_1,"@user Jayba lik chi khbar lkhir haka kano y9oulo jdoudna """"""""khbar lkhir a lalla 7lima tagrramt"""""""" raha cherifa 😅",['surprise'],['joy'],['joy'],['joy']
darija_text_2112_emotion_1,"وزير خارجية اسبانيا : بغينا بلادنا تولي “فاعلة” وماشي “متفرجة” فمسار حل قضية الصحراء,",[],['joy'],['anger'],[]
darija_text_37_emotion_1,اختناق كبير فلوطوروط فمداخل كازا بسباب قرار الاغلاق الغبي اللي خداتو الحكومة.. بلوكاج طوطال وصدور الناس ضاقت قبل العيد,"['anger', 'sadness']",['anger'],['anger'],['anger']
darija_text_999_emotion_1,العدالة و التنمية إنشاء لله,[],[],[],[]
darija_text_2018_emotion_1,مجلس المستشارين في ورطة وبيد الله في وضع حرج وبنكيران يبحث عن حل والداخلية تفضل عدم تجديد الثلث,['surprise'],['surprise'],[],['surprise']
darija_text_2625_emotion_1,لا توجد شفافية ولا ديمقراطية,"['anger', 'sadness']",['anger'],['anger'],['anger']
darija_text_2362_emotion_1,ها التشيع غادي يكثر وبموافقة حكومة بنكيران. بعثات طلابية من المغرب للدراسة في إيران قريبا,['anger'],['surprise'],"['anger', 'surprise']","['anger', 'surprise']"
darija_text_1473_emotion_1,الجزيرة تخلطو ليها لعرارم. لالة حسناء ولات لالة الحسن (صورة),[],['surprise'],['surprise'],['surprise']
darija_text_423_emotion_1,الجو بدا يصفا بين المغرب وموريتانيا. الملك عارض على ولد عبد العزيز فمراكش,['joy'],['joy'],['joy'],['joy']
darija_text_2490_emotion_1,"إحالة محامي على النيابة العامة ففاس بسباب تورطو فانتزاع عقار من مولاه,",['surprise'],['surprise'],[],['surprise']
darija_text_527_emotion_1,مجلس جماعة فاس صادق بالأغلبية على مشروع النظام الداخلي وشباط جا روطار لهاد الدورة الاستثنائية ومراتو فاطمة طارق غابت – فيديو,[],[],[],[]
darija_text_1785_emotion_1,ملكة جمال قطعات رجلها بعدما كتاشفت خلل فالشرايين,['surprise'],['sadness'],"['sadness', 'surprise']","['surprise', 'sadness']"
darija_text_2228_emotion_1,فدوى طالب قصفات ملكة جمال الإمارات لي قللات من المغربيات: راهم يمحنوك !,['anger'],['anger'],['anger'],['anger']
darija_text_481_emotion_1,hana wallah chrft l maghreb ahssan tachriiif,['joy'],['joy'],['joy'],['joy']
darija_text_608_emotion_1,شي يتقاتل شي يديها باردة هادو باغيين يديرو امشاكل لالمنتخب الاعبين ماي قبللوشي بهاد المنظر ',['anger'],['anger'],['anger'],['anger']
darija_text_2552_emotion_1,وش كتغد بي 150ريال وكتفطر بي80ريال وتعش200ريال وحمد الله وشكر سير شي دولة خر وشوف معيش,['anger'],[],['anger'],['anger']
darija_text_1502_emotion_1,نحن مع سي بنكيران دائما ليستمر الاصلاح .,['joy'],['joy'],[],['joy']
darija_text_1401_emotion_1,hadak li 3amel follow le btissam tle3 faux compte,[],['surprise'],[],[]
darija_text_1558_emotion_1,بالفيديو. هندي سمح فمراتو حقاش يحب الابقار بدل النساء!,['disgust'],['surprise'],['surprise'],['surprise']
darija_text_657_emotion_1,واش من ايران؟. قيادي فالبوليساريو: وصلونا درونات حربية كاميكاز,['surprise'],['fear'],['fear'],['fear']
darija_text_1402_emotion_1,سيدنا عطى توجيهات باش يتفتحو الجوامع اللي مسدودين بشكل تدريجي,[],['joy'],['joy'],['joy']
darija_text_879_emotion_1,الداودي لـ”كود”: حكومة بنكيران أنقذت البلاد من الغرق والوضعية المالية تقادات وغانردو 40 مليار درهم ديال كريدي هاد العام,[],[],['joy'],[]
darija_text_768_emotion_1,مشرمل طنجة لي بان في فيديو هاز سيف طاح فيد البوليس,['surprise'],['fear'],['fear'],['fear']
darija_text_2651_emotion_1,العالم دخل 2015 بالسعادة وهادو دخلوها بالذبيحة. تنفيذ أول حكم بالقتل قصاصا في السعودية في 2015,['fear'],['surprise'],"['anger', 'sadness']",[]
darija_text_854_emotion_1,سفارة هولندا فالرباط راسلات إدارة المهرجان الدولي للسنيما باش يرجعو ليها الفلوس اللي عطات,[],['surprise'],[],[]
darija_text_96_emotion_1,هيفاء وهبي بـ”هوت شورت” في بوستر أغنيتها الجديدة,"['anger', 'disgust']",[],['surprise'],[]
darija_text_1464_emotion_1,هده شروط قاسية سيما في حق لعبين اجتهدوا ودافعوا بكل استماتة عن القميص الوطني مثل حمزة منديل و النصيري و بوفال. ',['anger'],['sadness'],"['anger', 'sadness']","['anger', 'sadness']"
darija_text_1792_emotion_1,"خليهن منسق مجموعة “السي دي تي” فمجلس المستشارين لـ”كَود”: الأغلبية الحكومية ماقدراتش على تجيري هاد المرحلة وكاينة روينة فتدبير ملف التعليم,",['anger'],"['disgust', 'sadness']","['anger', 'disgust']","['anger', 'disgust']"
darija_text_2310_emotion_1,الأمم المتحدة: 22 مدني منهم أطفال ماتو بسبب القصف الجوي لي دار التحالف السعودي الإماراتي,['sadness'],"['fear', 'sadness']",['sadness'],['sadness']
darija_text_55_emotion_1,مروى مرات حمزة منديل كتعدد النعم لي عايشة فيها -تصاور,['joy'],['joy'],['disgust'],['joy']
darija_text_95_emotion_1,ana kan7awl nfhm stat stat,['surprise'],[],[],[]
darija_text_1450_emotion_1,ولينا فشوارع تكساس. عاجل متقاعد خوا القرطاس فأسرة فبركان وقتل الاب والام فحالة خطيرة,"['fear', 'sadness']","['fear', 'sadness']","['fear', 'sadness']","['fear', 'sadness']"
darija_text_99_emotion_1,الجامعة وقفت عدد من اللعابا فالبطولة وضربت فراقي بالخطية,['anger'],['surprise'],"['anger', 'sadness']",['anger']
darija_text_1498_emotion_1,إسرائيل لمواطنيها. غير تكيفو لحشيش والله مانشدوكوم,['surprise'],['surprise'],['surprise'],['surprise']
darija_text_903_emotion_1,dakchi alach hamdoulah mereta7 et en bonne santé 😂,['joy'],['joy'],['joy'],['joy']
darija_text_2621_emotion_1,انتشال جثة شاب قضى غرقا قرب مدينة فاس,['sadness'],['sadness'],['sadness'],['sadness']
darija_text_628_emotion_1,الجدارمية شدوا ثلاثة ديال الشينوا لقاوهم دايرين مصنع سري لتجفيف خيار البحر,['surprise'],['surprise'],['surprise'],['surprise']
darija_text_1437_emotion_1,defined a khouya dakchi fel library li ma baynach 7it ma katbthach,[],[],[],[]
darija_text_1186_emotion_1,الحكومة كاااااين لي كيحكمها بن كيران راه غي ادا مسرقش الدولة يكفيييينا وحنا متؤكدين من نزاهتو وياريت كل واحد يقوم بداورو عوض هاد الهجمات والمكاااائد,['anger'],[],['anger'],['anger']
darija_text_1619_emotion_1,يا لروعه كلامك ...لك تحياتي .....اتمنى من جميع ان يأخذوا كلامك عبر للحياة ....للسير نحو',"['joy', 'surprise']",['joy'],['joy'],['joy']
darija_text_1293_emotion_1,ikhlik lili a l7biba dyali,['joy'],['joy'],['joy'],['joy']
darija_text_172_emotion_1,hhhhhhhhhhhhhhhh hadik lbnt li 9alt ihaaaaaaab aktar chohra 3ndna f lmghrib mn khanan odina omaraouan,['joy'],['joy'],['joy'],['joy']
darija_text_1187_emotion_1,حادث طعن بسكين داخل ملهى ليلي يزرع الرعب فعين الذئاب.. واستنفار أمني لإيقاف الجاني. الضحية امرأة وعدد المعتقلين لحد الآن 4.. وها الجريمة لي دارو,['fear'],"['fear', 'sadness']","['fear', 'sadness']","['fear', 'sadness']"
darija_text_862_emotion_1,شاعلة ف مكناس. اعتداءات وتهديدات بالتصفية الجسدية تطال مرشحين ديال البيجيدي في بوفكران,['anger'],['anger'],"['anger', 'fear']",['anger']
darija_text_1621_emotion_1,دارو شبكة ديال الابتزاز!. إعتقال أب وإبنه كيبتزوا الناس، الولد كيدير الجرائم والاب كيطلب من الناس لفلوس باش ميورطهومش ولدو وها مشحال كيطلبو,['fear'],['surprise'],"['disgust', 'fear', 'surprise']","['fear', 'surprise']"
darija_text_228_emotion_1,المسلمون يحاربون بعضهم البعض ',['sadness'],"['sadness', 'surprise']","['anger', 'disgust', 'sadness']",['sadness']
darija_text_1472_emotion_1,للأسف سوء التسير و سياسة القناة هما السببان الرئيسيان وراء ما يجري في القناة',['sadness'],['sadness'],['sadness'],['sadness']
darija_text_444_emotion_1,بالفيديو. إنتشال جثة وزير بلجيكي سابق إنتحر صباح اليوم، والاشتباه في إنتحاره بسبب قضية إستغلال جنسي لمغربية,"['fear', 'sadness', 'surprise']","['anger', 'disgust', 'sadness']",['sadness'],['sadness']
darija_text_2214_emotion_1,ملياردير كيقلب على “حب حياتو”.. ومواعدها برحلة للقمر,[],['surprise'],['surprise'],['surprise']
darija_text_975_emotion_1,هادشي كيخلع. مستشفيات المغرب تنتج سنويا أزيد من 6000 طن من النفايات الطبية الخطيرة,['fear'],"['fear', 'surprise']","['fear', 'surprise']","['fear', 'surprise']"
darija_text_1227_emotion_1,"ماريانو راخوي : خاص المغرب واسبانيا يشرحو للرأي العام وجميع المتدخلين بوضوح تفاصيل الاتفاق اللي توصلو ليه,",[],[],[],[]
darija_text_271_emotion_1,الممثلة العالمية هايدن بانيتيري كيضربها صاحبها.. وصحابها خايفين على حياتها وهي مابغاتش تفارق معاه,"['fear', 'sadness', 'surprise']","['fear', 'surprise']",['fear'],"['fear', 'surprise']"
darija_text_790_emotion_1,hhhhhhhhhhhhhhhh dahk rafihouum omahassin biiih ila bghaw ihadro iba3do 3la moda whadro khenzethom akbar dalil hhhh,"['anger', 'joy']",['disgust'],['anger'],['anger']
darija_text_824_emotion_1,الأخبار. مجلس الحسابات: مكتب التسويق والتصدير في شكله الحالي غير قابل للاستمرار,[],[],[],[]
darija_text_1448_emotion_1,حتى اجد الشغل و الكرامة و الحرية و...... حينها ا فكر في الصحراء.هدا الامر لا يهمني اطلاقا.و شكر',['anger'],['surprise'],['anger'],['anger']
darija_text_274_emotion_1,ندوة للتجمع الوطني للأحرار تبحث عن مكان اختفاء دفاتر تحملات الخلفي وتعجز عن صياغة توصيات بسبب انقسام الآراء حول مضمونها وغياب الحكومة عن المشاركة فيها,['sadness'],['surprise'],['anger'],[]
darija_text_2080_emotion_1,بريطانيا.. نايض الصداع على الطرقان الذكية بعدما مات راجل فيها عمرو دار شي كسيدة فحياتو,['anger'],['anger'],['sadness'],['anger']
darija_text_314_emotion_1,هادي طبايع الرجال. مصرية شدات راجلها كيخونها بعد دقائق من انتهاء عرسهم!!,"['anger', 'disgust', 'sadness', 'surprise']",['surprise'],['disgust'],"['disgust', 'surprise']"
darija_text_773_emotion_1,@user akhir wahdin yehadrou 3ela la mode homa ntouma nssiti cheno ketelbess 3enza wela nfakrak sata2ir sidaar ..... hhhhhh,['anger'],['disgust'],['anger'],['anger']
darija_text_117_emotion_1,ميسي موعت.. وهذه مدة غيابه عن الملاعب,['sadness'],['sadness'],"['sadness', 'surprise']",['sadness']
darija_text_357_emotion_1,إفريقية غرقات الرباط بالماحيا.. وها فين كانت دايرة المعمل السري ديالها,"['disgust', 'fear', 'sadness', 'surprise']",['surprise'],"['fear', 'surprise']","['fear', 'surprise']"
darija_text_428_emotion_1,ma3jbtnich tari9a bach kathdar bagha dir li9a2 omaradyach thdar m3aha 7sn blach,['anger'],['disgust'],[],[]
darija_text_230_emotion_1,سكان يحاصرون عراقي وفتاتين داخل شقة بالبيضاء قبل أن يتدخل الأمن لإيقافهم من أجل ممارسة الدعارة,"['anger', 'disgust', 'surprise']","['disgust', 'sadness']","['disgust', 'surprise']","['disgust', 'surprise']"
darija_text_2241_emotion_1,أولا وقبل كل شيء أحبكم في الله وأدعوا لكم ولملكنا وكافة الشعب المغربي بكل الخير كلما دعوت لنفسي و أهلي ',['joy'],['joy'],['joy'],['joy']
darija_text_91_emotion_1,داعش يعدم قائدا أمنيا مغربيا بصفوفه فشل في تأمين حياة قيادي عسكري بارز بالتنظيم,"['disgust', 'fear', 'sadness']","['anger', 'disgust', 'fear', 'sadness', 'surprise']",['fear'],"['disgust', 'fear', 'sadness']"
darija_text_1574_emotion_1,نحن دولة بترولية. عندنا مال كتير. لا تقارن نفسك بنا.,['anger'],['surprise'],[],[]
darija_text_1819_emotion_1,"الكَيرا فأوكرانيا.. دول غربية كتوجد لعقوبات جديدة على موسكو بسباب ارتكاب جرائم حرب فبوتشا والرئيس الأوكراني للعالم: عاونونا باش ما كان,",['anger'],"['fear', 'sadness']",[],[]
darija_text_1197_emotion_1,كلنا محسن فكري و الله لا يضيع أجر المحسنين,['sadness'],['sadness'],"['anger', 'sadness']",['sadness']
darija_text_2447_emotion_1,awel haja galina tbib de khedma hya ke les fumeurs i9edo ichedu lvirus kter ikon kdeb 3lina 🤔🤔 o 3awtani rah kan galiya tes depressive o khassk tchufi psy 9bal ma diri fe rassk chi haja 🤷‍♀️🤷‍♀️🤷‍♀️,['surprise'],"['fear', 'surprise']",['fear'],"['surprise', 'fear']"
darija_text_25_emotion_1,انفراد. ها اسماء العمال ورجال السلطة لي عيطو ليهوم,[],[],['surprise'],[]
darija_text_477_emotion_1,الرابطة المغربية للمواطنة: الشوافرية لمغاربة لعالقين فموريتانيا كيعيشو ظروف مزرية والحكومة خاصها تعاونهم,['sadness'],['sadness'],"['anger', 'sadness']",['sadness']
darija_text_1831_emotion_1,هاااا علاش ماكانبغيوش نصوتوا لي ان الدولة والمسولين نساونا,['anger'],['sadness'],"['anger', 'sadness']","['anger', 'sadness']"
darija_text_1919_emotion_1,la kayn chabah chwiya f had tswira wlah,"['joy', 'surprise']",['joy'],[],['joy']
darija_text_1631_emotion_1,الحرية للاصدقاء الشهيد محسين فكري,"['anger', 'joy']",['sadness'],['sadness'],['sadness']
darija_text_1015_emotion_1,wakhad 3lik nadra zwina insane rai3a i7ssas bik rhdyi tkon insan jamil 😍😊😊,['joy'],['joy'],['joy'],['joy']
darija_text_2336_emotion_1,فيديو صادم لعارضة أزياء تتعرض للعنف من طرف زوجها,"['disgust', 'fear', 'sadness']","['fear', 'surprise']","['anger', 'disgust', 'sadness', 'surprise']","['disgust', 'fear', 'sadness', 'surprise']"
darija_text_153_emotion_1,مغربي لقاضي إيطالي : حنا الراجل يصرفق مراتو عادي وراه ماشي عنف أسري والقاضي يرد : إندمج معانا بلا متستورد لينا ثقافتكم,"['disgust', 'fear', 'sadness', 'surprise']","['disgust', 'fear', 'surprise']","['anger', 'disgust']","['disgust', 'fear', 'surprise']"
darija_text_720_emotion_1,بوليس تركيا فركش عرس وعتاقل لعريس ووالديه بسباب لعروسة لي مازال برهوشة,['anger'],"['anger', 'disgust', 'fear', 'sadness', 'surprise']","['disgust', 'sadness', 'surprise']","['anger', 'disgust', 'sadness', 'surprise']"
darija_text_273_emotion_1,مجزرة فعرباوة.. واحد قتل امرأة حيتاش ماب­غاتش تزوّج بيه وكان غادي يصفّيها مع ختها,"['fear', 'sadness', 'surprise']","['anger', 'disgust', 'fear', 'sadness', 'surprise']","['anger', 'sadness']","['fear', 'sadness', 'surprise', 'anger']"
darija_text_2071_emotion_1,dok rimat li kaylo7 ljassous fkroni f dak dessert w lkhdra li kayb9aw f l3chia dial sou9,['joy'],"['disgust', 'joy']",['disgust'],"['joy', 'disgust']"
