id,tweet,anno1,anno2,anno3,label
129595561,Nyansa biaa nnim Why shout for help when it’s rubbish you’re carrying.,abuse,abuse,abuse,abuse
129595816,WKHKYD Ohianiba s3 woa gyi wei ni so sia toliwa 🤣🤣🤣,abuse,abuse,abuse,abuse
128546659,Hw3 na no. Akoa yi ho nny3 f3.,abuse,abuse,abuse,abuse
129596087,Hw3 omo gyimii s3 you will come for us.... Nkwasiafoc mmienu Who is coming you mmoa ,abuse,abuse,abuse,abuse
129596575,"So the second lady should wear rags right? Frankly speaking, there's no iota of sense in what you're asking, or you want people to see you too you're on twitter? Smh, find something to do wai! Kyerɛ sɛ nsɛmfo sɛiaa ong?",abuse,abuse,abuse,abuse
128545362,"3ny3 easy oooo RT@MaunikaD: Ene3 na wo ti ewu dier RT  @ryplae : ""haha D7 RT@MaunikaD: A1 in  rot not (cont)",abuse,abuse,abuse,abuse
128544910,People mean to tell me this man has been doing blood money from 1977...42 solid years😂😂😂😂😂 Don’t find money and keep saying nkwasiasem 🤣🤣,abuse,abuse,abuse,abuse
129596425,Wo naa wagyimi wo saa akoa wei..they should have kept you locked up till your brain factory resets. Siato,abuse,abuse,abuse,abuse
128546919,Akoa ho nny3 f3... Aahh 😹😹😹,abuse,abuse,abuse,abuse
128546284,Akwasi Bronii 1 Koo Bibinii 0,normal,hate,hate,hate
128546586,wabon! how is review cancel?,abuse,abuse,abuse,abuse
128547004,"🙏🏽☺️ Some old things must change. I never understood why we had to cut our hair, the flimsy excuse they give is ""it distracts us from learn"" and does it hold the brain from thinking? Chale. Hair or not wo ti ewu aah ewu oo 😂",abuse,abuse,abuse,abuse
128547107,Aboa mey3 Abdul Salam?,abuse,abuse,abuse,abuse
128546873,"Since alatafuo kɔ dru Braizay, mate sɛ ɛhɔ a starti sɛ ɛbon kan kan!!!",abuse,hate,abuse,abuse
128545452,"Asantefo) ne Nkwasia brofo ne Nkurases3m dierrr No no no! . Bla Elic so when kotoko then has go pray the much🤣🤣🤣
Kwasia line seyi🤣🤣",hate,hate,abuse,hate
128547513,Bra mesiiii people Dey use ohiaaa talk nkwasiasem oo😂😂😂 Herh... people can’t be happy for others k3k3 Boi3,abuse,abuse,abuse,abuse
129596359,"I no send u momo no mean say we no be friends again. If i meet u i wee greet u buh wannye so ah,wotiri so😂😂😂",abuse,abuse,abuse,abuse
128545033,"The way aget 2,2 for my FPL de3 more than tuutuunii oo😭😭",abuse,abuse,abuse,abuse
128546879,Mudryk akoa no w’asa forken,abuse,abuse,abuse,abuse
128546276,Chelsea sef no go do this. Animguasefoɔ,abuse,abuse,abuse,abuse
128545655,Alonso nu w’asa o herh 😂,normal,abuse,abuse,abuse
128545100,That Bailly guy dey fucking bore me! Aboa!,abuse,abuse,abuse,abuse
129596151,"Public wonitweasidi.. Kwasia, were we not here when they picked a someone in similar style here which took the likes of hon Ablakwa and Sammy gyamfi before the person was released?  Aboataaa",abuse,abuse,abuse,abuse
128545685,Ayigbefo) ne  aduro 😂😂😂,hate,hate,hate,hate
128546133,Intelligent Critic says he’s in his “65s” if I say wabon you won’t understand 🤣,abuse,abuse,abuse,abuse
128547324,"""Sɛ wompɛ sɛ wobɛhohoro wo trumu dea, mɛnkɔ ware kramoni""",abuse,abuse,hate,abuse
128545298,Chale Apakye self go fit take your woman 😂😂,hate,abuse,hate,hate
128545550,Wabon Nso kokotiii ne dw33🤧,abuse,abuse,abuse,abuse
129596204,"Go and check, that your 50k you dey receive be one week salary for here fuuluuwaaa🤣🤣🤣",abuse,abuse,abuse,abuse
129595540,Them say shon the motromodwo things wai nah you Jon 😂😂😂😂 I tear,abuse,abuse,abuse,abuse
128546590,Kurasenii a wotwi dadepcnkc s3 kontronfi. ,abuse,abuse,abuse,abuse
129595633,Wow) bayie aa woni bayie nky3n me wo Mene wo b3tena paaa,abuse,abuse,abuse,abuse
128544767,Imagine this guy is your neighborhood abokyi. He will ruin it for everybody!,hate,abuse,hate,hate
128545753,Npp ni aboa . Preko ba 🐷,abuse,hate,abuse,abuse
128545558,"Wode ab)dwes3 b3 hunahuna obi a,na 3ny3 zongoni ba.",abuse,abuse,hate,abuse
129595805,"This is someone who changed the FECAFOOT constitution and extended his tenure from 4 to 7 years, in addition he can run for three terms. You believe he doesn’t know what he is doing? Azaa nkoaa",abuse,abuse,abuse,abuse
128547382,"Kweku, call them out with lawsuit for them to apologise
Nkuraasesɛm sei yɛn soso so ooo",abuse,abuse,abuse,abuse
128545583,"He either wrote it himself or paid a ghostwriter and recorded himself reading it in his best radio voice. And none of the punches landed.
Lamer than apakye 💀💀💀💀",abuse,abuse,hate,abuse
128547108,Kasa sɛ panyin  @AbeikuSantana  na w'anum kasa nyɛ. He motivates they youth so he should look other way when tens of thousands of cedis worth of items can't be accounted for?,abuse,abuse,abuse,abuse
128547536,"Abodamfo) kasa sei, forget dem.",abuse,abuse,abuse,abuse
128546900,Ghanafuo should not expose the meaning of 'Alatafuo' to them.,normal,normal,hate,normal
128546755,Same. Don Moen kasa nyɛ me kasa,abuse,normal,normal,normal
129596533,"The reason why I say “NPP nii biaa agyimi” is, it’s only NPP supporters who’ll believe this post. Just check the comments",hate,hate,hate,hate
128545610,Kai . Abodamfo) nkoaa,abuse,abuse,abuse,abuse
129596474,Azaa nkoaa see how you Dey talk like Peter for twi Jesus movie 🤣,abuse,abuse,abuse,abuse
128546592,Babes am still out i'll get home soon madam don't worry abt me RT  @gyikie : @kwabenabaylor hahahahah...otweaa!go home n sleep!!!!,abuse,abuse,abuse,abuse
129595770,Siaman Mo nyinaa mop3 give away no bi 😂😂💔,abuse,abuse,abuse,abuse
128545486,Nipa ny3 oo😂💔😭cos ahh,normal,abuse,abuse,abuse
129595773,But Sasabonsam be wild o🤣🤣🤣 I’m sorry for what she might have gone through ,abuse,normal,abuse,abuse
129596546,lol we give them pressure saa they have changed from ongoing to Advancing . But hey its just English it means the same thing lol otweaa you will be in opposition screaming incompetent Mahama lol,abuse,abuse,abuse,abuse
128547100,Frank ebi video wanum kasa nyɛ nti obiara ablocki wo,abuse,abuse,abuse,abuse
129595717,"Who needs ofon to his side, who needs a devil on his side. NDC yenim s3 ya atanfu dorsuoo, berma odi nkonkonsa eii, niho mba, oy3 ofon, ofon, ofon, mu ofon, NDC y3 ni abodamfour neuro, y3 ni mpreko enguro at3cj3 mu wai. Bonboclat...",hate,abuse,abuse,abuse
128545437,"You people attack Asantes and Akans even saying if you bring a goat in NPP colours vs Obama in NDC colours, Asantefo) would vote for the goat.",normal,hate,hate,hate
128544786,Ah moagyimi anaa wah this ah 😭,abuse,abuse,abuse,abuse
129596265,Yes. Ghana do Ghana. Issokay. Fa wo bayie ne wo kwasia kɔ,abuse,abuse,abuse,abuse
128546209,"You pay 150 pounds for a clit piercing wagyimi,take buy safety pin then do your own thing errr",abuse,abuse,abuse,abuse
128545909,"I swear 😹 he say he be gender fluid, meaning he fit be male today and female tomorrow 🤣🤣🤣🤣🤣🤣🤣🤣🤣 gyimisɛm sei",hate,hate,abuse,hate
129596058,Charle. Gyae mb3l3di nu  Fa wo gyimie nu fri ha k)  Wo ho fi watse!,abuse,abuse,abuse,abuse
128545810,bronii bɛkɔso adi mo so saa cos moagyimi,abuse,abuse,abuse,abuse
128546786,"Ayigbefoɔ pɛ lotto too much, NSMQ results nso wode compare lotto numbers😂😂",hate,hate,hate,hate
128545990,"""We have the men"" 3y3 kasa hunu nkoaaaa",abuse,abuse,abuse,abuse
128544890,My betting career all this one wey pain me ah? 40 mins no corner aw na moagyimi anaa,abuse,abuse,abuse,abuse
128547134,"Tell de people your policies,message,and see Opana,gyimie saaa...
You think Voltarians are fools,dis is an insult to de intelligence of all Voltarians,your own backyard, Bole,your votes dey drop...always drunk so not surprised",abuse,abuse,abuse,abuse
129595796,This small girl has given her life to max international and the way she's feeling wise and smart erh. Time paa na akwadwofo waste no sei.,abuse,abuse,abuse,abuse
128546024,High Standards Saa Then You Die Single..Some Of You Girls Dey Fokop..Stop Living In Dreamland.Kurasini,abuse,hate,abuse,abuse
128545896,Just a normal chief like the Asantehene. Odwan. Y3mes3 y3 ny3n wo. Wo Ho fon s3 atin. Wo maame as3i ni tw3 kwa. Musuo nka wo ni wo abusua.,hate,abuse,abuse,abuse
128544999,Jackson eh...n'adwene ketekete sɛ ntatea twɛ. Kwasea player sei,abuse,abuse,abuse,abuse
128546948,Wilshere de3 wagyimi agyimi agyimi agyimi agyimi agyimi,abuse,abuse,abuse,abuse
128546400,debby is a foool..dada pa na wagyimi saa nu,abuse,abuse,abuse,abuse
128544876,"Nahhhhh, what type of gyimisɛm is this?? Lmao she's awful",abuse,abuse,abuse,abuse
128546637,Ghanafuo mmaa> alatafuo mmaa,abuse,hate,hate,hate
129595545,Nkwasiafoc no nk)to ma Bawumia wai  See 2021 o herh💔,abuse,abuse,abuse,abuse
128545213,Abodamfo) koraa nim the real 🐐,abuse,abuse,abuse,abuse
128547400,Eii again??? Leverkusen moagyimi anaa 😂😂,abuse,abuse,abuse,abuse
128545587,"Asantefo) se, y3w) class ooo 3na y3w) crass 😂😂",hate,hate,hate,hate
128547555,He is just an Educated version of Chairman WONTUMI and Abrony3 DC school mpepa gyimie.,abuse,abuse,abuse,abuse
128546429,"Obiaa nim dada! Ofui "" @badboy1288 : Obiaa b3hunu wo kurasini ah woy3 ne wo gyimi 
@icet88",abuse,abuse,abuse,abuse
129596641,Hurry up and insult I go fit send you stonebwoy him house address and. Go tell am cz this social media dier it no Dey go anywhere.. aboaba bi Jon,abuse,abuse,abuse,abuse
128546176,"Afei deɛ wahunu sɛ wagymi,type in English dey insult in twi 😂,mo deɛ mo nhunu nyansa sɛ Asantefo da!",hate,abuse,hate,hate
128544916,Kramoni na wodi ashawo sei,abuse,abuse,abuse,abuse
129595739,Kwasia point any tweet you tweet here that makes sense kramanba,abuse,abuse,abuse,abuse
128545226,"Portuguese Sean Dyche couldn’t qualify Fenerbahce to the UCL. 
I can already see him play 2-2 against a team like Kasimpasa on a Saturday 5:30pm game to spoil our slips. Saa ne gyimie no",abuse,abuse,abuse,abuse
128547409,"menya 200 kraa aa mema Kojo wura papaye gye 1 pack, kasa hunu sei",abuse,abuse,abuse,abuse
128545791,Since I was born all the Yaa girls I've met are so calm and understanding except my cousin wagyimi roff,abuse,abuse,abuse,abuse
129596606,"As a church treasurer, you couldn't account for church monies under your care but you want to be Head Pastor. Gyama woyale ong?!!!!  ",abuse,abuse,abuse,abuse
129595788,Finding a way to stay relevant 🥱 siato olumine !,abuse,abuse,abuse,abuse
129596128,Aboafunu today u are quiet sake of them Dey do some give you eii onua 😂😂🤣💔,abuse,abuse,abuse,abuse
129596012,"Waaahw3 Gyimii saa ma wawu kwa Wei nyinaa go preg some dema daughter, no wonder they say mma p3 nkwasiafoc yi",abuse,abuse,abuse,abuse
128546023,Mo ne gyimie de3 .... are we not issuing passport that last for 10 yrs before renewal? how much more drivers license,abuse,abuse,abuse,abuse
128547155,Girls wei de33 onyame nfa me bone nky3 me )mo ho nny3 f3 koraa upon all the makeup chai🤮👎🏾,abuse,abuse,abuse,abuse
129596256,This one you vex but you dey call mahama drunkard aboaa,abuse,abuse,abuse,abuse
128547228,For the trends and gyimie too,abuse,abuse,abuse,abuse
128547531,he say final. kurasini,abuse,abuse,abuse,abuse
128546120,Just Got Some Big Homie Advice From  @SoundBoyT .... I really must stop doing Kurasini stuff.... #LessonLearned,abuse,abuse,abuse,abuse
128544743,"Kwasia kwa! Hahahaha eni3 WMT oooo RT 
@YaahBerry
: I don't want u to cry siaaa kwa adea kwabena kevin ede (cont)",abuse,abuse,abuse,abuse
128545968,Wo ti ewu papa. Sahara ɛhɛfa na ensuo wɔ?,abuse,abuse,abuse,abuse
129595813,Pls take off the motromodwo guy in Suit & Tie. He insults people with their disability on Social Media. He is a Christian when there's money to be made. On the other hand he says he comes from the streets when it comes to insults,abuse,abuse,abuse,abuse
129596370,Aboaba tantan. She thinks because she has a sharp tongue she's anything good but clearly she can't see through plain deception.,abuse,abuse,abuse,abuse
128547041,"It's not a private school na moagyimi, fully government school.",abuse,abuse,abuse,abuse
128545173,"He's not what he says forget him, he will leave you for Tottenham before his contract expires you see.!
Premier league  tuutuunii.",abuse,abuse,abuse,abuse
128546487,eyy na moagyimi saa? ei🤣🤣🤣,abuse,abuse,abuse,abuse
128547263,"I tried everything convincing .. All he said was 'oh 3ny3 s3 ony3 good, ayigbefo) naa na memp3' n I was like 😟😟😟😟😟😟eiiii",hate,normal,hate,hate
128546947,A writer wey he no dey like music. Kurasini 😂,abuse,abuse,abuse,abuse
128547196,He's anti-progressive play!  wabon serious!,abuse,abuse,abuse,abuse
128547624,"Paapa y3 guy👌🏽, ne nim as3 tugyimi rice😂😂",abuse,abuse,abuse,abuse
128547389,"Clutching to straw?
Hisense is now your economic indicator.
Animguasefoɔ",abuse,hate,abuse,abuse
129595899,Like I go seize he wheel chair. Siaman,abuse,abuse,abuse,abuse
128546050,Nkuraasesɛm sei.....me papa ne wo papa ooo nti yɛn nyinaa yɛ mmoa ba😘,abuse,abuse,abuse,abuse
129596005,"I expected you to say YOU, not your dead parents...I'm in the business directly, I can say more, and the  challenges the sector faces... not this useless policy that won't see the light of the day..)kramanba!",abuse,abuse,abuse,abuse
129595954,Hiding behind who? Hw3 berma bi anim tweakai. Woho s3 fufufunu wo specs s33 konko aa yatiaso gyimii 😂😂😂,abuse,abuse,abuse,abuse
129596020,See the creation he dey do 😂😂 He was able to walk to his premiere and walk for thanksgiving the next day but can't walk now  Azaa nkoaa,abuse,abuse,abuse,abuse
128547471,Fan page dierr I don’t expect you to have sense 🤣🤣😂😂😂 keep waiting for Dede Ayew to change your miserable life . You go hungry till thy kingdom come . Agyankabatis3wu wohofon s3 circle iPhone wati 😂😂😂😂 you ankasa you be t3b3lu 🤡🤡🤡🤣🤣😂😂😂😂😂,abuse,abuse,abuse,abuse
128546371,Ah but even if 1GAD is an apakye still he looks better than you Wale 😂… no sensible girl will pick you Shatta over 1GAD..gbee nabu wa no gba yaa s3 biibibi aa y3mbc din lol,abuse,abuse,hate,abuse
129596422,"He should do it now, kontomponi😏",abuse,abuse,abuse,abuse
128545763,So the aburokyire Tracy has gone to hy33 all she hasn't changed!!! Still wagyimi!!!,abuse,abuse,abuse,abuse
128545970,Ohhkkk gyimie maate wai,abuse,abuse,abuse,abuse
128545480,"‘alatafuo’ isn’t a slur for nigerians, pls rest... it literally means ‘nigerian people’",hate,normal,normal,normal
128545055,"Girl come your dm to tell you how sorry she is and because you think you got sarknatives at your back, you took screenshot of the chat and captioned “hw3 ne Jon”….. nigga woy3 kwasia papa herh",abuse,abuse,abuse,abuse
128544920,Abokyi afa ha garanteeee😹😹😹,hate,abuse,hate,hate
128546968,Aden wabon saa anaa???,abuse,abuse,abuse,abuse
128546816,Woho nny3 f3 nso aa don’t post your picture we beg,abuse,abuse,abuse,abuse
128545923,My guy shut up over there. Wabon forking,abuse,abuse,abuse,abuse
128545984,Aboa 😂 u wan dey top . Tweaa,abuse,abuse,abuse,abuse
129596078,"“opanin a wanyini, ne dee wako Serem aba, ne dee wako Aburokyire aba, won ne atorofo a wow man mu.”",abuse,abuse,abuse,abuse
128547267,w’abɔ wo trumu dam.,abuse,abuse,abuse,abuse
128546727,“Ayigbefo) nte as3m ase”,hate,hate,abuse,hate
129595702,"Aponkyeba, stop fooling and see reason. Prako ba.",abuse,abuse,abuse,abuse
129595851,"He’s a Muslim and everyone knows what it means when they(Muslims) describe one as a “pig”. He’s an idiot paaa. If he’s got even one of these guys in his family sef, won’t he be happy! Nantwieba, Gyimii",abuse,hate,abuse,abuse
128545914,Aniwuo na akye mo animguasefoɔ,abuse,abuse,abuse,abuse
129596176,My biggest problem with him is he’s inconsistent. He should ignore with his chest and stop doing this motromodwo things,abuse,abuse,abuse,abuse
128547309,Ntafo) mp3 ade pa 🙆🚵,hate,hate,hate,hate
129596395,Fa wo gyimi kɔ tu wi maame ne wo papa fo. Aboafunu Du-bois,abuse,abuse,abuse,abuse
128544791,w’abon papa herh,abuse,abuse,abuse,abuse
128545212,"The annoying part kraa bi say they had two great legends in the studio oo and instead of interviewing them, they left them there to be arguing abt this nonsense topic and also call mdk to ask him nkwasiasem smh ",abuse,abuse,abuse,abuse
128545007,Kwasiasem adɛn a 2.5GB for 10. W'abɔ wo dam. Aside de zone bundle which other relevant packages do you have as a Teleco?,abuse,abuse,abuse,abuse
128547487,Nkranfo ntafo afahyɛ. Ma afofro nso nhu senea w’afahyɛ yɛ fɛ.,normal,normal,normal,normal
129595886,"They are quick to disrespect people from Ashanti region. their double standards alone baffles me.  @gyaigyimii  Aboaba saa no, only in Ghana you will get platform to fool without been pressed",abuse,abuse,abuse,abuse
128545218,Ntafo) no ad))so w) me dm mu,normal,normal,hate,normal
129595870,nyansa baako mpo nnim sei,abuse,abuse,abuse,abuse
129595830,"What a foolish country, when  @stonebwoy  dey try shatta fans Dey sub am when  @shattawalegh  Dey try bhimnation Dey sub am can this country win at all ? Mmmmooaaaaaaaaaaaa mpreko ne mponkye",abuse,abuse,abuse,abuse
128545740,All of a sudden chairman turned a motivational speaker by force lol 😂  The same person who  called Stonebwoy apakye and said he go break his leg for this same stadium show ooo. Eii Nii Nicodemus 🤣😂😂😂,abuse,abuse,abuse,abuse
128547374,Video no nny3 f3. Let’s be serious ahhh,abuse,abuse,abuse,abuse
128547168,Ghanafuo mu ye BRUTA!! Ye fri Ghana ena ye wo Swaga kaiiii...intia na sa alatafuo nu entimi taki☺,hate,hate,hate,hate
128547063,Chale ghanafuor bi mu nyansa as3 ntatea nyansa. Moagyimi ankasa because where's the sense in what you have posted? 😂😂😂 you can't tell it's the same track?,abuse,hate,abuse,abuse
129596304,Maame wagyimi anaaa ahhhh,abuse,abuse,abuse,abuse
128546207,Ɔmo ahunu sɛ gyimisɛm na ɔmo yɛɛyɛ no,abuse,abuse,abuse,abuse
128544801,He fuuuu 😂😂😂😂😂,abuse,abuse,abuse,abuse
129596209,"So, Joe Laka and Pkay the General Tikelenkele were dark in complexion saaa? Michael Jackson aba Ghana..... eehu paaaa o",abuse,abuse,abuse,abuse
128546202,Eyiyi one one sε Asantefo) brofo,normal,hate,hate,hate
128547416,Deɛ ɔmo nim a nono... Animguasefoɔ!,abuse,abuse,abuse,abuse
129596387,Hayy Kosorokobo!! What's up?,hate,abuse,abuse,abuse
128545187,Herh Asantehene wati #AsanteheneInKyebi  see i am a Ga i love my tribe but oh my Asantefo culture is beautiful wow. 😍😍😍😍,normal,normal,normal,normal
128546375,Apakye be killing it every night but we tryna sleep 😔,normal,hate,hate,hate
128546810,Girl no 3y3 bon. Na wabon anaa autocorrect ?,abuse,abuse,abuse,abuse
128546300,No no no justice for obolo  Cos how can you say they are looking for obolo people for tugyimi advert😂,hate,hate,abuse,hate
128544768,Your sister go choose Apakye over Gbenabu Eei😅🤣,hate,abuse,abuse,abuse
129596269,So is the video doctored? Or I should refer to the dictionary before I can understand what he meant better? Woyale ong😂😂😂,abuse,abuse,abuse,abuse
129595785,Ndwan every player you dey want,abuse,abuse,abuse,abuse
128547165,"@LFC , yɛn pɛ gyimisɛm biaa, allow Arsenal pass through in peace!",abuse,abuse,abuse,abuse
128546466,A woman of TUGYIMI SUBSTANCE wei,abuse,abuse,abuse,abuse
128545150,Kurasinii gayni where in the post did I mention Netflix? Woho fon s3 atadwi,hate,abuse,abuse,abuse
128546020,Abokyi perfumes de3 the whole world will smell you 😂,abuse,abuse,hate,abuse
128546158,Support abond3?? He shaaaa way support again,abuse,abuse,abuse,abuse
129596278,Wagyimi ruff ruff. So like make we continue dey act sheepish because of peace? That 50gh per diem edey take on the show enter ein head. Siaman lydat,abuse,abuse,abuse,abuse
128545528,Blackett y3 kurasini dread,abuse,abuse,abuse,abuse
128546034,"I no shock. If goat sef wear skirt,he go chop. Tuutuunii beema!",hate,abuse,abuse,abuse
128547518,"Y'all never fail to prove me wrong.. Chale, Alatafuo dɔ Ghanafuɔ paaa.. they can't go a single day w/o bringing us up 🌚",normal,normal,hate,normal
128546397,"Woho fon sɛ weeni bini
If the country were to be good, will you run to the UK? Aboa funu",abuse,abuse,abuse,abuse
129595811,woho kankan tis3 Vybz Kartel trumu wai 🤣🤣🤣🤣🤣 aden aa dwene woho 🤣🤣. herh w'anum kankan tis3 Vybz Kartel amotuom wai 🤣🤣🤣🤣🤣.,abuse,abuse,abuse,abuse
128545926,Asantefo) de3 dem fight everybody for the Ghana here. Patapaa s3m b3n nono?,hate,hate,hate,hate
128546849,Make them use that strategy fix the economy…. Gyimisɛm nkoaaa na aka Mo,abuse,abuse,abuse,abuse
129595935,Na is it true?🙄😂 Otorofo. Love story wei di3 boi3,abuse,abuse,abuse,abuse
128547584,Nkwasia kasa b3n nono. 2024 and we still think like this,abuse,abuse,abuse,abuse
129595685,See the way I'm happy in my head Otweaa😂😂😂,abuse,abuse,abuse,abuse
128545252,Nkwasiasem ne nsem hunu sei aaa! Nyame,abuse,abuse,abuse,abuse
129595573,"This guy ein issue I don’t seem to understand, he’s so chill man, this nonsense can’t happen to 50cent walahi, you my wife and separation come so you wan claim my assets? Wabodam",abuse,abuse,abuse,abuse
128546018,This is the Tori girl see her heavy jaw🤣🤣 w’abon nso koraa ka ho ewurade,abuse,abuse,abuse,abuse
128547183,Sickle cell girl gyimie nkoaa,abuse,hate,abuse,abuse
128546409,Nothing special on the day just pure luck and vibes. Kasa hunu saaa,abuse,abuse,abuse,abuse
129596508,Weii mu y3 team tweaa 😂😂 nkoasia weii mu 😂😂 ,abuse,abuse,abuse,abuse
128546717,"You ankasa 6'7, where you dey go? Otweaa",abuse,abuse,abuse,abuse
128545658,"""Sesei de3 ntafo) no nbude3 ooo..."" I'm crying here! My Auntie is deeply hurt by Mahama's comments. LOL",hate,hate,hate,hate
128544825,Asantefo) ne eyie.. :|,normal,normal,hate,normal
129596372,J hus said wapampaso... Y'all go run it up🤠,abuse,abuse,abuse,abuse
128546610,You then gyimie deɛ 4 and 5 paa oo😂😂,abuse,abuse,abuse,abuse
128545013,If me den my woman get issues I nuh dey come Twitter diss am so sey the world go think sey I be real. Ɛyɛ nkuraasesɛm.,abuse,abuse,abuse,abuse
129596114,Nsɛmfo paa na w'aka no oo,abuse,abuse,abuse,abuse
128544968,"Ghana deɛ gyimie saaa oo 
Let a popular world wide influencer come to them and say he wants to do the same for them here in Ghana and see the way dem go ahosh am",abuse,hate,abuse,abuse
128547424,Me de3 mey3 hustler. Obrefuoba ne me so menp3 hasty games.,normal,normal,hate,normal
128546292,50gh can only buy tugyimi rice but no ingredients,normal,abuse,abuse,abuse
129596019,"When it was Mahama’s reign as president you called him “incompetent “ and all sort of names , but it’s your favorite Addo D so make we no talk ?? Woyale!!! Azui!",abuse,abuse,abuse,abuse
129596071,Napo wo nnim nyansa,abuse,abuse,abuse,abuse
128546752,Ayigbefo) ne nam. Abi You want eat am,hate,hate,hate,hate
128544794,Enti ne kra kraa ne s3n😂 Ei koo Bibinii.,normal,hate,hate,hate
128546044,Hw3 neho basaa bi Look at how black and white your face is Nkwasiasem nkoa na wcy3 wcha Sia banku,abuse,abuse,abuse,abuse
128546422,"Wedding cake for what 😒😒😒""AH?”wah?""woy3 p3p333 paa. Nipa b)ne ni😒",abuse,abuse,abuse,abuse
128545269,"s3 Frafrani nya wo na wɔnku wo a, hwɛ ne ba ani ase.",hate,hate,hate,hate
128546760,Pɛ nkwan papa ka ho  na gyai nsem hunu ka,abuse,abuse,abuse,abuse
129596483,"Do you mean all tribes, including the north, bowed to Otumfour? Hey, stop twisting history, okay. Why would another tribe leader bow to another tribe leader?  Otumfour is king is Ashante region only, period.  Nsɛmfo kɛkɛ. Why would my tribe leader kowtow to otumfour? Abeg, shift",abuse,abuse,abuse,abuse
128545962,Ewu Gambia woho fon,hate,abuse,abuse,abuse
129595634,"Chale wanum di333 I dey shit oooo 😂😂😂😂😂, Ad3n ntira na wanum b)n ? Me ne gum 😂😂, Odwan, ask your old girl abt the local dogs in your area, nkraman di no tw33 😂😂, womaame w) nkraman yare3 , 😂😂 . Kwasiato! Kramanba!",abuse,abuse,abuse,abuse
128547207,If I insult you rn they’ll say I don’t respect but deɛ wokeka nyinaaa yɛ gyimisɛm.,abuse,abuse,abuse,abuse
128545781,They think they know.....wo ti ewu focken nim na won nim!,abuse,abuse,abuse,abuse
128546516,We go watch apakye ne akakye,abuse,hate,hate,hate
129595647,"I have a theory that certain bad relationship choices made by people are influenced by romantic novels they read growing up.The nice guy never wins the girl whilst the mean, nonchalant guy is our Prince Charming. You’ll follow this and go and date a narcissistic Sasabonsam irl",abuse,abuse,abuse,abuse
129595957,"dem for make he do ""adanko maso 3den"" for 3hrs. 😂😂😂😂 siaman",abuse,abuse,abuse,abuse
128546359,Stop retweeting every mention you get! Kurasini,abuse,abuse,abuse,abuse
128544753,Abodamfo) Lieutenant General Alhaji Pepe,abuse,abuse,abuse,abuse
128546289,Wo nni girl nti gyimisɛm nkoaaa siaa😂😂😂,abuse,abuse,abuse,abuse
128546955,Herh you gyimie ooo😂,abuse,abuse,abuse,abuse
128544903,Look harder na wo ti awu dodo 😂😂😂,abuse,abuse,abuse,abuse
128544879,So what's the insult in this Kurasini aaaa wenum kankai s3 woyere Tw3 mu Kwasea woho Fon s3 Togo fuo tea adweeeba next time bring out good suggestions and not insult Aboabi Ba....,abuse,abuse,abuse,abuse
128546319,Saa nkurases3m wei na 3ma obiara ani sà  Asantefo) no oo. You comment was needless. Wei,hate,hate,abuse,hate
128545870,Abokyi hasn’t done anything to you but you’re destroying the soul inside,normal,normal,hate,normal
128546490,"Omu di ba aaa, yɛ bɔ omu aba so; yɛdi kɔ aaa, na omu awia. 
Nanso Ghanafuor si mayɛn ka.. Ɛdeɛn gyimisɛm nono?",abuse,abuse,abuse,abuse
128546897,"Gyimie naaa, what has he done to be great for? The looting, corruption, murdering of innocent people, stealing, wickedness and devilish behavior? Give people a break wai",abuse,abuse,abuse,abuse
128546130,"The whites are writing books like ""Retire Young Retire Rich "" and koo bibinii is writing ' The Golden Breast""😂 bibinii y3 nipa oo",normal,hate,hate,hate
128547144,"S3 wabon aa, you can’t even copy properly 🤣🤣🤣🤣",abuse,abuse,abuse,abuse
128546380,"If Eno good a, come back eerr gyimiii… you’re there and still advising nonsense",abuse,abuse,abuse,abuse
128546193,Woho fon sɛ abɛtsiɛ,abuse,abuse,abuse,abuse
129596431,You coming from wotiri so ne wapampa so. Akura nkwan,abuse,abuse,abuse,abuse
128545154,Ei Awurade Nkuraasesɛm paa ni,abuse,abuse,abuse,abuse
128547508,Woho fon s3 tipper mate,abuse,abuse,abuse,abuse
128545890,If it’s because of me then Woy3 aboa,abuse,abuse,abuse,abuse
128545482,Tuutuu nii like ur mother !!! So no one can share da view saf of wat ?!!,hate,abuse,abuse,abuse
129595769,Nkurasefoc People's Party (NPP) nyansa ni obiaa tirim for there. Mmoa go to America and other countries practicing 24hr. In their country. Ei na moy3 nkwasiafoc saa,abuse,hate,abuse,abuse
128547296,"herh NPP, animguasefoɔ nkurasefoɔ ankasa, kai...
#OccupyJulorbiHouse",hate,hate,abuse,hate
128547402,"Kroboni baa papa aweni3 gu ne sisi,  OKomfo Anokye de edwaman no abo ne dua",abuse,hate,abuse,abuse
128546834,Why hide when you can just dismember and sell to abokyi? Then get that acid that can dissolve even bones and dissolve the human identifiable parts ,normal,normal,hate,normal
128545866,"gyimi gyimii, wo maame tuutuunii no kraa s3 )w) h)",abuse,abuse,abuse,abuse
128546503,Enimguasefoɔ. Common IMF bailout sef your useless government is suffering to get,abuse,hate,abuse,abuse
128545431,“We all believe Jesus Christ died and going to come back to save us”- Kramoni Bawumia,normal,hate,hate,hate
128545369,Vini Jr nu w’abon ruff,abuse,abuse,abuse,abuse
128546423,Te s3 frafrafo) asa😂😂😂😂😂,hate,hate,hate,hate
128545242,Nigeria foɔ wei deɛ akoa no asa no ɔmo nka nkyerɛ no sɛ w’asa o na ɔmo sosɔ ne so. Ɔbɛ wu ahyɛ mo 😂😂😂😂,abuse,hate,hate,hate
128545939,She's such a kurasini smh,hate,abuse,abuse,abuse
128545682,"Sarkodie disappointed u? Aaah kalyjay nu wagyimi anaaa?😀😃 Sark be ur class or mate? Ad3n a he disappointed me. Kwasia wen ur mahama was in government and things were messed up, did u join any of the demos Ghanaians embarked on? Woho fon s3 wanim wae😃",abuse,abuse,abuse,abuse
128546494,The time dem dey play the qualifiers den he be apakye. Kwasia,hate,abuse,abuse,abuse
129596396,Yet you will still get some people demma Favourite artist wey go still chop this fufufunu ,normal,abuse,abuse,abuse
128545656,"Me, at home, realizing I left the khebab I bought on my way home back at the Abokyi’s place",normal,normal,hate,normal
128546670,Man City dema odds dey increase like tugyimi rice 😭😭adey fear oo,abuse,normal,normal,normal
128547125,Ne papa sika ny3 ne sika sen? Wo kasa saa me tumi hunu s3 wonyaa sika pen,abuse,abuse,abuse,abuse
128545390,The reason y I dun want dis akolaa to cum n slp in ma rum ooo.....kasa hunu,abuse,abuse,abuse,abuse
128546474,"Nkuraasesɛm wɔ bi mo aniso oo eii, I blame social media, clout and fame is like a drug, they take small aah, they will do anything to sustain the high.. Obia sɔre a na wafa camera asi ne so na ogyimi 😂😂",abuse,abuse,abuse,abuse
128545773,Baba iddrisu is very much not focused today. But @SaddickAdamsKevin bassey no W’asa brutal!,normal,abuse,abuse,abuse
128547317,Oh Akɔkwaa aa ɔbu Oman nti atɔ no nɛ nsɛmkwaa ɛnɛ bɔhyɛ hunu...,abuse,abuse,abuse,abuse
128545073,Abodamfo) hi krom ha oh!,abuse,abuse,abuse,abuse
128547484,This is not a safe space aboa,abuse,abuse,abuse,abuse
128545352,Kwasia Jon gyimii nii ba is the English for u? Wohofon. Wo papa kwasea wai. At least uve understood what I said. Hianii ba 🤣,abuse,abuse,abuse,abuse
128546094,Cbaa wotwa bet sei aden wagyimi anaa??😂,abuse,abuse,abuse,abuse
128547053,U have iniesta.. Xavi.. Pedro.. Jesus... N u make Ramos take a penalty.. Wagyimi.?,abuse,abuse,abuse,abuse
128546312,Girls go pose someway for pics ein... u can't even tell if the are apakye or not...,hate,hate,hate,hate
128547511,"Ghana girls, omo ye ahofe paa kye alatafuo emaaa 😍👏",normal,normal,hate,normal
129596427,"First sex was a mistake, we accept that  But multiple sex without knowing anything about the guy is not a mistake  Girl nu agyimi, guy nu adi no free",abuse,abuse,abuse,abuse
129596430,Jimmi saaa where he say Ashanti’s are thieves this ur tribal politics won’t work this time Siato Panintoto,abuse,abuse,abuse,abuse
128545624,Hmm Alatafuo 😂😂.. Snapchat is never that serious ,hate,hate,hate,hate
129596195,Kosorokobo girls be wilding,hate,abuse,abuse,abuse
129596272,Stop streaming his songs and use that money to buy food aboaba…,abuse,abuse,abuse,abuse
128545403,"Koo gyimie, was this one of the sensible question Sheldon wanted to ask?🤣",abuse,abuse,abuse,abuse
128547227,"Wodin ne woho Nam s3 
Kwasia 😀😀😀",abuse,abuse,abuse,abuse
129596157,Otweaa wob3ka wanokor3 😂😂😂,abuse,abuse,abuse,abuse
129596094,Smallest time RT @ClitoriaDickson: oh bra hmm RT otumfuo_papa: Ka na ka biom RT ClitoriaDickson: adwuma fon ntes3 kr)no,abuse,normal,abuse,abuse
128547114,"Ayigbefoɔ sereɛ, you'll think they're weeping",hate,hate,hate,hate
128545188,"Kraman Eiii, you just envy the guy. Kwasiato, what have you done for others? Someone is spending huge money to take care of people to change from drugs you’re here talking bad about him, odwan eiii gyae aho)yaa no nyini ky3",abuse,abuse,abuse,abuse
128547256,kasa hunu nkoaa na y3 mo d3. sia go and play erh,abuse,abuse,abuse,abuse
129596267,Aboafunu like U shut up  Odwan,abuse,abuse,abuse,abuse
128545606,"Ah na wey gyimie talk this man dey talk so, The girl chop me like 10k ah you say secof wanna genotypes no dey match make we break up, Jon we go marry make we raise the apakye like that… sia lai sei 💔😂",abuse,abuse,abuse,abuse
128546800,Wo saa akoa wei wo kasa Nyɛ koraa,abuse,abuse,abuse,abuse
129596517,You ankasa ebi this Adey expect from you…siaman,abuse,abuse,abuse,abuse
128545206,akoa wey y3 kurasini ....aaah,abuse,abuse,abuse,abuse
128547499,Nsem hunu sei yaaaa chew and pour after they can’t even defend a chicken in Togo . My African people 😂,abuse,hate,hate,hate
128546530,"Which brain… gyimisɛm brain weei
",abuse,abuse,abuse,abuse
129595801,"Azaa Nkoaa, Shatta Wale knew the minds of Ghanaian elected officials  Fake promises nkoaaa... Ghanaians are no longer fools, they have wised up.",abuse,abuse,abuse,abuse
128547566,Masa that song nor reach tamele sef rest !! U confuse people milking y’all tugyimi just for clicks and likes to outreach🤣🤣,abuse,abuse,abuse,abuse
128547362,Abodamfo nkwaaa,abuse,abuse,abuse,abuse
129595823,Massa w’anum bɔn ah gyae kasa bebree nu hoh,abuse,abuse,abuse,abuse
129595987,"Wabodam lol 😂, wisdom is calling @NPP4All  but they are refusing to answer lol ",abuse,abuse,abuse,abuse
128544972,Oh hoh!!😂 Egg and okro? Alatafuo yi will laugh at us p333,normal,hate,hate,hate
128545280,"Odogo with no elegance, ne ball nny3 f3",normal,abuse,abuse,abuse
128546248,General Arts is just as important as all other courses na moagyimi dodo😕,abuse,abuse,abuse,abuse
128547179,"Obroni is abit bate now, but we still have ""Aletafou"" :P loooooool shhhh!""<Lool but isn't it alatafuo?",normal,normal,hate,normal
129595966,that’s the end for wotiriso  mmoa,abuse,abuse,abuse,abuse
129595968,Some Atialege fit show you something make u sign all your properties to am...Bysh tell me...,abuse,normal,abuse,abuse
129595568,Ofui if ebi so then you love shatta wale pass efo .. kramanba 😂😂😂😂,abuse,abuse,abuse,abuse
129595692,"Today you are De Zerbi, tomorrow you are Nagelsmann, motromodwo football fan aboa",abuse,abuse,abuse,abuse
129595735,"W'anum kankan s3 b)nka. Gyimi gyimii"" ",abuse,abuse,abuse,abuse
129596027,Fine boy na w'anum bɔn saa no?,abuse,abuse,abuse,abuse
128545408,You go goo inside na gyimie ni hook up na )y3 🤣🤣,abuse,abuse,abuse,abuse
128545341,Wajimi a na mete woho?,abuse,abuse,abuse,abuse
128546097,Aboa !! 😂😂😂😂😂 and u flow me say I fool ! Make them direct some bro go riv Jordan ! Wagyimi paaaa wo 😂😂😂,abuse,abuse,abuse,abuse
128545700,Wtf is this? Tugyimi Jollof,normal,abuse,abuse,abuse
129595797,Atorofo adiifo committee 😂,abuse,abuse,abuse,abuse
128547096,"If I was Rashford, by now I would plan to leave United and go somewhere to start afresh .. b3t I am not so he will stay to chop the money ( me P3 sika dia di nkwasiasem)🤣🤣",abuse,abuse,abuse,abuse
128545840,Player your name be Sharp but wo ti awu,abuse,abuse,abuse,abuse
128545114,Wabon. What makes you think Jude wouldn't have gotten same hype at City or Liverpool?,abuse,abuse,abuse,abuse
128544851,wat is dis killa alomie tins abokyi is doing,abuse,abuse,hate,abuse
128545673,Mey3 fine sen woni ne wo se. Wo papa anwo wo yie nti woho koraa nny3 wo f3. Aboa ba. Woho tantan wo papa hwene mu,abuse,abuse,abuse,abuse
129596542,"It's better than given it away to foreigners like Komenda Sugar Factory. Ibrahim Mahama has Dzata Cement Factory, employing thousands, including subsidiary jobs, Akuffo Addo has been rich since childbirth, has he even open a toffee kioks to employ just an SHS leaver?.  Aboafunu.",abuse,abuse,abuse,abuse
129596629,"Nkwasia Kasa Saaa Na Ɛdeɛ Akye. Krɔno Kankan Nti Panin Paa Bue N'ano A, Na N'anum Kasa Ayɛ Bini.",abuse,abuse,abuse,abuse
128545701,Them say some tugyimi better 😂,normal,abuse,abuse,abuse
128547006,"My division 3 team won't even play like how ""Continental 6 masters"" played
Animguasefoɔ  @didipreko moho aniwu",abuse,abuse,abuse,abuse
128545166,Asantefo) ne anumdwa..,hate,hate,hate,hate
128546710,Massa gyae gyimie no na w'anyini,abuse,abuse,normal,abuse
128545834,How is this your concern? Mo derrrr gyimie!!! Think about you favs stretch marks MMOA!!!,abuse,abuse,abuse,abuse
128545395,Ɔman foo deɛ mote bi mu oo. Not a single day goes by without somebody being shot. And you have time to talk sexual rights instead of (value for) human life. Animguasefoɔ deɛ mo yɛ bi paa!,abuse,hate,abuse,abuse
129595906,"Odwan kramanba, Aponkye Mr weed man you're here🤪🤪. There are competent people managing Auroras not bootlickers. I will forever hail Togbe not your ass licking beggars  Abooooooowa",abuse,abuse,abuse,abuse
128545133,Wo ni wabusua na eye mmoa! Kwasia baa! Go check kidd page now ofui! Where is your tuutuu nii baaa Erica? Lilo is now the It gal in his life kwasia kwa!,abuse,abuse,abuse,abuse
128544902,"But is the man still alive… 
The gyimie enter ur heart and soul all 💔😂",abuse,abuse,abuse,abuse
128547516,Video – Abodamfo)  Asefo) How This Little Doren Wisely lashes Mzbel & Her Son over…video shøcks,abuse,abuse,abuse,abuse
129596225,Hw3 ne ho fon ne ne kwasia bi! Wo ho fi s3 pete! Kwasia!,abuse,abuse,abuse,abuse
128546022,Nyame nhyira wo wate coz Ghana girls ti app wie so keka nkwasiasem kyer3 y3n https://t.co/PA9b7qaaJ4,abuse,abuse,abuse,abuse
129596582,I posted a lady and my ex was like eei whose daughter again. siakwa wotiri so😹😹😹😹,abuse,abuse,abuse,abuse
129595859,A statement he has come out himself to  apologize and you're here defending this trash 🗑️.  Ma adwene no nyɛ adwuma wai. Siato!,abuse,abuse,abuse,abuse
128545876,"IGP giving shouts in his speech as if they've achieved something.
'Grateful to our sister security agency in the country and the sub-region'
Tweakai. Ghana police service... Animguasefoɔ",abuse,hate,abuse,abuse
129595836,"Bayie nu, 3noaa nie",abuse,abuse,abuse,abuse
128546449,Ne ti sɛ kɔntoa😂😂😂,abuse,abuse,abuse,abuse
128546938,Wanfa wo nsem hunu anko aa wob3 hu tsww,abuse,abuse,abuse,abuse
128546704,He say you be tuutuunii,abuse,abuse,abuse,abuse
129596362,"Akoa yi agyimi rough, we will never vote for a Muslim who eats pork!",abuse,abuse,hate,abuse
128545491,"Been on this app for like 5 to 6 years and no lady has ever crushed on me. 
Ah ad3n me ho nny3 f3 anaa? Or you people think I’m taken? 😉",normal,abuse,abuse,abuse
128545022,Eii....you dey Gh dey crush on him and you're comparing your bf to him.....wagyimi oo!,abuse,abuse,abuse,abuse
128545389,The coach de33 I no wan talk en matter w’asa ruff,normal,abuse,abuse,abuse
128546199,Feel free to do more research on that. Stop being emotionally distress when you fail to accept that wabon. Siaaa,abuse,abuse,abuse,abuse
129596523,"Yes because you came to lie, kill, steal and destroy Ghanaians and the felt for it to vote for u sasabonsam",abuse,abuse,abuse,abuse
129596402,"He diss u diss ur mother all u still day support him.... Aboataaa, MASRE ATA😁😂😂😂...Masa gyai ayesem nu na #Fapimso ma me!!!",abuse,abuse,abuse,abuse
128546528,The Arsenal fans too are laughing. Apakye too dey laugh somebody he dey wear bandage,hate,hate,hate,hate
129596198,Them say Madrid open the roof o wabodam!!🤣🤣🤣,abuse,abuse,abuse,abuse
129596493,Ne kwasia ne n3nim chickenpox bi..as3 sasabonsam,abuse,abuse,abuse,abuse
129595860,The breast on your avi evi sef fetch you 49000k Sef rest 😂🤣😂🤣 Siato,abuse,abuse,abuse,abuse
129596636,He’s wiser than you lots who turn blind eyes to the wrong governance we are going through. Kramanba,abuse,abuse,abuse,abuse
128547423,Obiaa nkaa hwee masa. W'ahocyaa nny3 f3 koraa ah😅,abuse,abuse,abuse,abuse
128546294,What Ayigbefo) too go talk?,normal,normal,hate,normal
128545935,This Afcon is a clear example of one goal project. Koo bibinii doesn’t play over 1.5,normal,hate,hate,hate
128545266,Gyimi fo)!!! He stay at which area? Someone dey spend lots of money dey take care of people you dey here dey talk ill about him and you too dey support am say he Dey stay at same area. Wone guy no nyinaa moy3 mmoaa!!!,abuse,abuse,abuse,abuse
129596499,Oh Carlos. Why you bore? Ebi two goals p3 from the aponkyeba Marcus Rashford,abuse,abuse,abuse,abuse
128545036,"Hahaha "" @Giocondo_ : #GhanaAbraborNti kraman nnya asu w) frafrani fie.""
",normal,hate,hate,hate
128546758,The thing be say the masses be jons so when someone gets few numbers from give aways and trashing celebs then he or she is seen as an elite yet intellectually wabon,abuse,abuse,abuse,abuse
128545129,Wabon aa wose difficult to understand,abuse,abuse,abuse,abuse
128545867,"one is being congratulated and the other is being ' wo maame ne maame ne twɛ' wo nana twɛ....moagyimi papa....
The gap wiiideee",abuse,abuse,abuse,abuse
128547597,This is the most kurasini coach on the planet. Silas Tetteh koraa won't do this. Coach yi y3 aboa adanko.” He begs,abuse,abuse,abuse,abuse
129595892,He's suffered 🤦‍♀️medeɛ medidi ɔmo atɛm arh mede ɔmo fave bɛka ho oo arh nsɛmfo bɛn nono,abuse,abuse,abuse,abuse
128546598,Tuutuu nii berma😂..go to church,abuse,abuse,abuse,abuse
129596638,"A SIAwoman is always a SuperWoman, so chose wisely!❤️💛💙",abuse,normal,abuse,abuse
129595691,.whaaaat !!! 😂😂😂 aboataaa,abuse,abuse,abuse,abuse
128544878,the ntafo) line dey kill me🤣🤣🤣🤣🤣,normal,hate,hate,hate
128544874,Gyimie saaaa. Wei wo si me girl.,abuse,abuse,abuse,abuse
128547380,Herrr Koo Bibinii 😂😭😭,hate,abuse,hate,hate
128545787,That Awkward Moment When You Board A Trosky And An Apakye Comes To Sit Beside You... And He Won't Sit Still Too :(,abuse,hate,hate,hate
128546706,"As for NPP supporters your God given conscience has been traded for balderdash, the document is fake yet the content is being implemented. Keep collecting GH¢700 a month to defend these nation wreckers whilst your resources are stolen and given to gyimakplas, Ofuii tugyimi",abuse,hate,abuse,abuse
129595882,Oh fior w'anum bɔn 😒😏,abuse,abuse,abuse,abuse
128545723,"Nkuraasesɛm nkoaaa.  
Ghanaians must open their eyes cos you fool too much. How about the host nation who also got kicked out ?? ",abuse,hate,abuse,abuse
128544818,LOOOOL na wu alatafuo are getting me tight,normal,hate,hate,hate
128547310,Alatafuo are pressed in the comments oo,normal,hate,hate,hate
128545279,"Kwasea boy. Wo gyimii size s3 land mark of Russia. Onye. Aboa dwan, woho fon s3 momone",abuse,abuse,abuse,abuse
128544861,Everyone on the TL is suddenly ghanain today. Ghanafuo yen ye dede. Alatafuo won ye kom,normal,hate,hate,hate
128544728,If I no make them kwashee you in December make pono ein first born be apakye.,hate,abuse,hate,hate
128545547,But seriously woho nny3 f3 koraa ooo,abuse,abuse,abuse,abuse
128545465,"this man don’t know how to talk one bit, 
Kumasi boy paa nah gyimie ahy3 ne ma saa no 🤦‍♂️",abuse,hate,abuse,abuse
129595521,Ghana deɛ yɛsosɔ nsɛmfo so rɔf,abuse,abuse,abuse,abuse
128545997,"mo deɛ mo gyimii ne saa  Kumasi people, Kumasi people no",abuse,abuse,hate,abuse
128546754,You put your nicest picture on and you caption it boredom ... Wagyimi,abuse,abuse,abuse,abuse
129596428,"He said Agenda 111 is not possible, now promising to complete it and employ nurses, the one building them will he employ ndwan?",abuse,abuse,abuse,abuse
128546160,Nti na yedii Wo maame kurasenii no wc abonten no 😂😂kwasia nkoraa nketewa na di Wo maame 😭wode33 wagyimi oo,abuse,abuse,abuse,abuse
128546748,Like the cooked story about missing guinea fowls? Gyimisɛm sei,abuse,abuse,abuse,abuse
128545128,People for shun dey talk say some artist or celebrity put Ghana for the map . If Ghana no dey the map already for you then it means you never learn anything in social studies. W'abon paa,abuse,abuse,abuse,abuse
128547287,Mo so so nkwasiasem so sei,abuse,abuse,abuse,abuse
128546593,"Gyimisɛm nkoaaa... The only thing - the only act Jesus told His people to do in His remembrance mmom, they don't do it.Nkwaseasɛm no nkoaaa",abuse,abuse,abuse,abuse
129595964,This guy want 500k a week? Wabodam anaa?,abuse,abuse,abuse,abuse
129596010,so TIKELENKELE was'nt strong afterall??? just one heading n da bitch wud fly..... smh,hate,abuse,abuse,abuse
128545415,Wo kɔte ketewa wate! Kramoni a woyɛ aboa sei deɛ menhu bi DA. Woni twasidi,abuse,hate,abuse,abuse
128545200,"Wo nso w'abon too much. 
An intelligent person saying ""rocking shoulders with"" 😂😂",abuse,abuse,abuse,abuse
128545818,Akokc de3 s3 ne ho nny3 f3,normal,abuse,abuse,abuse
128547057,now let ghanaians use dier local strikers lets c........#kasahunu na m)p3!!,abuse,abuse,abuse,abuse
128547266,The bet trick ankasa adey teach for free bah eno dey mean say you sort me out something small afterwards aa ano go take. Koo bibinii y3 ungrateful dodo😂😂😂,normal,hate,hate,hate
128546314,They are pretty and intelligent ❤️Mo sur3 aaa mo posti nkwasiasem for likes. 3bi w) wo fie anka wo da alpha hour 33da Nyame ase. Dwedwetwe3,abuse,abuse,abuse,abuse
128547051,me mome tuutuu nii? you'll hear from my lawyer 😂😂😂😂😂,abuse,abuse,abuse,abuse
128547449,Aboa kowensani. Menni Kumasi. 😹,abuse,abuse,abuse,abuse
129595951,You're the real kontomponi! Osoro Nyankopon tua wo ka!,abuse,abuse,abuse,abuse
129595598,The bearded one be otorofo pass,abuse,abuse,abuse,abuse
128546767,"A traditionalist?
Then he needs some education on that because he’s obviously a fan fooler.🤣
Yenyenyen “I’m a traditionalist” w’abon papa. ",abuse,abuse,abuse,abuse
128547129,ei saana  winter girl no oy3 apakye?,hate,hate,hate,hate
129596389,But “my father is a demon” de3 someway o. Na sasabonsam koraa y3 dissi no sei eii,abuse,normal,abuse,abuse
129595740,Brofo diier wuti paaaa nansu Nyansa baako mpo sei 3nim. ,abuse,abuse,abuse,abuse
129595639,"Which IMC are you referring to? Checks indicate that only Nana Kontomponi Aferehene was there, as well as the coach. This sounds to be an agenda to distract the discussion of the poor state that kotoko is in.",abuse,abuse,normal,abuse
128547478,wo ky3 s3 bookman. Wo ho nny3 f3 nso wano katekate,abuse,abuse,abuse,abuse
128545679,Animguasefoɔ team... Aduro nkoaa na mo nim tu... Kai!!!,abuse,abuse,abuse,abuse
128545648,"Bisa biom o, counsel 😂😂. Kasa hunu nkoaa",abuse,abuse,abuse,abuse
128544951,"Nkansah, pls u jx cnt be missin all d tech gals u met ds repo. Jack, wagyimi anaa?",abuse,abuse,abuse,abuse
129595961,Level 100 I hated this guy cos my crush was crushing on him. I didn’t mind cos he won’t take her do anything. Rachel Wotiri so 👍 😣,abuse,abuse,abuse,abuse
128545359,"Alatafuo literally means Nigerian. Like many words when you add tone to it, it adds feeling. Just like Oyinbo is the Yoruba translation for a White person. Both words are ultimately description words.",normal,normal,normal,normal
128546058,Koo Bibinii na nsuo gyae mu eh?,normal,hate,hate,hate
129595822,One funny thing about you is that you can’t handle banter yet you always create one.  Siato,abuse,abuse,abuse,abuse
128544925,"🤣🤣🤣🤣🤣🤣🤣🤣🤣🤣🤣🤣🤣🤣
When u visit Volta Region, the inhabitants tend to have conversations with you in English unlike other regions.
Kindly tell the facebookni n) se3 on sueah brofo na w'abon dodoo",abuse,abuse,abuse,abuse
128545945,"Ayigbefo) die3 mo suban aa no no ""@Korku_3: I really want disturb Kofi today""",hate,hate,hate,hate
129596448,The president does not even pay how much more Ohianiba Dwomoh,abuse,abuse,abuse,abuse
129595594,😂  artificially kosorokobo,abuse,abuse,abuse,abuse
128546162,Wo Kwasia nothing like that happened. Show proof or Fa wo gyimie Fri ha ko!,abuse,abuse,abuse,abuse
129595893,We dont have Corrupt Leaders anymore. We have wicked Leaders. Sasabonsam fuor,abuse,abuse,abuse,abuse
128545793,Ntafo) jollof ?😂Akaiiii🤮 ,hate,hate,hate,hate
129596586,Let's wotiri so! Deɛ mooyɛ yi enti ɛyɛ?,abuse,abuse,abuse,abuse
128545520,Kowensani ntasuo 🌚😭,abuse,abuse,abuse,abuse
128545142,Saa ntafo) wei de3😂😂😂😂,hate,hate,hate,hate
128545080,"lool 4k be the new Tv in town  e no bi 4000 dollars wey she dey talk,kurasini ",abuse,abuse,abuse,abuse
129596293,We are now seeing the nkwasiafoc one by one,abuse,abuse,abuse,abuse
129596119,"Nkwasiafoc mmoaaaaaa Tescon, illiterate members in useless association. Do you know the kind of mess bawumia and akuffo dey create in this country. Nkwasiafoc,",abuse,hate,abuse,abuse
128546925,Alatafuo ni home training nti na omo ye fraudsters,hate,hate,abuse,hate
129595532,The Tokunbo movie make i shake small. Herrhh Aboaa bi b3 ka wo aaa.....,normal,normal,normal,normal
128546391,Moagyimi papa🤣🤣🤣🤣🤣,abuse,abuse,abuse,abuse
128545507,Yaa Pono ne Nkuraasesɛm rap what is this??,abuse,abuse,abuse,abuse
129595723,"Abrewa kontomponi kohwinii, who is lying to this woman? We live to see!",abuse,abuse,abuse,abuse
128546320,Ne papa sika nny3 ne sika s3n??🙄 Wo kasa saa me tumi hunu s3 wonyaa sika p3n.,abuse,abuse,normal,abuse
129596174,Now you dey come rec faulty generator ankasa tweaa,abuse,abuse,abuse,abuse
128547501,"Reason why Sark won't come to your station. Nkuraasesɛm, anka mo deɛ entertainment fa mo hon bɛn? Is it not politics you're good at?",abuse,abuse,abuse,abuse
128546792,"But you were here the last time whining about the blackstars being turned into a Muslim congregation..Is Salisu a Sefwi?
..you tweet needlessly for clout..Kowensani",abuse,abuse,hate,abuse
129596229,"Some small girls and their stinking double standard attitudes. See that werrey making noise over there that the girls are hard for attacking the man. Immediately the situation is reversed she remembers girls are not to be touched like that, sia. Men are logs innit. Aboafunu",abuse,abuse,abuse,abuse
128544970,Captain nie. Gyimie nie,abuse,abuse,abuse,abuse
128546820,"Oh bro ebi nkuraasesɛm, why as he meet am first 3na 3y33 d3n, wei y3 news? 😂",abuse,abuse,abuse,abuse
128545817,Nkwasia line sei,abuse,abuse,abuse,abuse
129595669,"Wo ho fi s3 pr3ko, gyimifo) ba instead to promote ur candidate see how you're fuulishly insulting people cus dey don't support your candidate",abuse,abuse,abuse,abuse
128545736,"We've been using charcoal and the head of the plantain peel to clean our teeth for years. It was described as ""nkuraasesɛm"". Today we have Pepsodent charcoal and other charcoal-based tooth paste.",abuse,abuse,abuse,abuse
128546750,"He also had 3 pills he gave. A white one, a red and yellow. No matter your 'bomitting' situation. Tweaa",abuse,abuse,abuse,abuse
129596222,"knowing govt appointees even before they are appointed is no news. Some1 leaked info of the appointees to them and they decide to add lies. Once they know the appointees, they write some false scandals attached to the person's name to make the govt unpopular  Ndc 3y3 azaa nkoaa😂",hate,abuse,hate,hate
128545886,“I miss your outing” nsem hunu sei 😂😂😂,abuse,abuse,abuse,abuse
129596301,"If your foolish and stinky self thinks that was an insult, you can burn the sea 😂😂😂😂. W'anum kankan tise womame trumu 🤣🤣🤣",abuse,abuse,abuse,abuse
129595537,Wagyimi kraa dodo gyai stadium k) Any Ghanaian here 🤣 ,abuse,abuse,abuse,abuse
128547047,wo ndii frafrani akolaa da w)n?,hate,abuse,hate,hate
128545095,Me: I don't even know why you're talking like it's not a big deal Mom: seh ma bodam na mi kasa kasa wa hunu,abuse,abuse,abuse,abuse
129596444,"Has Your Money Lost Or Something? What's What Wrong With Your Mind? Masa Me I Hate Jealousy And Bad Energy ooo Nsɛmfo Nkwaseasɛm Saa Kwa. Thunder⚡⚡⚡ Fire You W'ate, Hater Like You.",abuse,abuse,abuse,abuse
128547178,Some people and gyimie de33 ooo no... So what are we supposed to do with this post?,abuse,abuse,abuse,abuse
128544790,"mo deɛ mo nkuraasesɛm no a, mo de te kurom ha no w'ahu.
agyimifoɔ! if you want to drag him tag me and see.
onyɛ sorrmi",abuse,abuse,abuse,abuse
129595529,Commot for see ur face like fufufunu shameless man,abuse,abuse,abuse,abuse
128546911,"Ɛmomm paaa dieɛɛ, me kasa mose me nyɛ... Gyimii nkoaaa",abuse,abuse,abuse,abuse
128545202,This is nonsense vibe from an unserious country called Ghana a country whose president is always seen sleeping at national events and ceremonies. This thing you won't see it anywhere aside Ghana. NKURAASESƐM,abuse,hate,abuse,abuse
129596312,Woy3 kwasea! Wonitw3m kankan s3 w’anum! Odwan talk about your village chief! Ask Mahama the help he provided during their IMF negotiations? You think everything is for social media or he does things to please you? Wab)dam! Stop fooling around,abuse,abuse,abuse,abuse
128546791,i was at this party yesterday & ppl were arguing over whose better asantefo) or akuapimfo) |  Akuapim trumps!,hate,normal,hate,hate
128547332,We will suffer saa. S3 mose moagyimi.,abuse,abuse,abuse,abuse
128545617,I am just trying to share my foolishness and the fools are retweeting..esp Yaga..wagyimi roff!,abuse,abuse,abuse,abuse
128546191,Thank God. I am happy paa. Let's be forward thinking small. What would compel us to honour such a useless friendly match at such a crucial time of the season. The FA should tell us how much they earned. Animguasefoɔ,abuse,abuse,abuse,abuse
128546235,Na Obaa na bawee sei .... S3nkuba,abuse,abuse,abuse,abuse
128547195,Aafee Tuutuu would have been appropriate,abuse,abuse,abuse,abuse
128546836,I tell u gyimmie saaa wey dem dey do for der,abuse,abuse,abuse,abuse
129596211,Nantwi ne ndwan mmiensa.,abuse,abuse,abuse,abuse
128545014,hwan ba nie na ckeka nsem hunu sei,abuse,abuse,abuse,abuse
128547383,"they gave it to some girl bi..right after she got the prize her first words to us was abodamfo..""Lmao 😂",abuse,abuse,abuse,abuse
128547587,Mf posed as a lady and tried to steal my account yesterday but onim s3 me I'm way ahead of my time. Alatafuo yi paaa🤣🤣🤣,hate,hate,hate,hate
129596337,Coming from someone who looks like a rejected sacrifice . Your face like you’ve been cursed. My friend don’t let me change it for you . I bet you’d eat Tophers feaces when he comes out of the house. Don’t fool and miss your destiny helper. Aboafunu ,abuse,abuse,abuse,abuse
128547313,"Eeeih NPPfoɔ. Deɛ akɔdru ni?
Animguasefoɔ party. Hahaha.",hate,hate,hate,hate
129595956,Silence is golden but ebi nso a w'anum bɔn nti wompɛ kasa,abuse,abuse,abuse,abuse
129595928,The cabal is the reason why Otumfour placed KONTOMPONI AFƐRƐ on the IMC,normal,abuse,normal,normal
128546481,Arsenal fo di....wagyimi d3333mmaaaaaaaa,abuse,abuse,abuse,abuse
128544964,Mo dierr nkuraasesɛm nkoaa. Oh?,abuse,abuse,abuse,abuse
129596308,"Some of y'all aren't real aswear, at this point fa wo gyimi firi ha koraa na mabrɛ arh aboa nipa bɛn nso ni? sɛsɛɛ neho nkrapan bi aa ɔde te ne phone akyi keka nsɛmfo sei tsewww",abuse,abuse,abuse,abuse
128547342,Ntafo) bi dieerr... not not not😩,hate,hate,hate,hate
128545384,"So you people all went to school to study how to borrow, waste the borrowed money and run to IMF abi? You all don't have any new ideas on how to run a country eh? Why are we even wasting our time over the two of you sef, NPP NDC. Mo nyinaa moyɛ animguasefoɔ ankasa",abuse,hate,abuse,abuse
128545504,Winning a bet is now an occupation in Ghana liable for 10% tax. gyimisɛm sei,abuse,abuse,abuse,abuse
129596352,Kurasinii kwasiapanin aboa di wo fie asem kramanba  You think hating on him will bring him down aponkye concentrate on your 2by3 Jon show,abuse,abuse,abuse,abuse
128546693,And some people were trying to shift the title. Not under our watch. Nkuraasesɛm sei 😁,abuse,abuse,abuse,abuse
128546555,Ibi fanbelt wey she dey need. Nkwasiasem sei😂😂,abuse,abuse,abuse,abuse
128545371,"Gyimie things nkoaa 
Tchouamani Gyimie things
Vinicius Gyimie things
Mendy Gyimie paaaaaa",abuse,abuse,abuse,abuse
129596400,Wo maame tw3 you hear kwasia ba go and find job to do NDC will never come and give you work to do Aponkyeba ,abuse,abuse,abuse,abuse
128545944,"Wonte brofo ar, wosee somebro dey use big big english. You use some erh, anaa wo ti awu?",abuse,abuse,abuse,abuse
129595655,"EPL doesn't respect those with a great qualities. They will make you think all the leagues are farmers.. PL got fufu players, playing fufufunu football 😂😂💔",abuse,abuse,abuse,abuse
128547031,Herh wabon paa The Twi metaphors dey go over your head ruff,abuse,abuse,abuse,abuse
129596555,emmom paa w'agyimi o.. woyale ankasa.,abuse,abuse,abuse,abuse
128545463,"Them say 
@sarkodie
 be Baba Rahman
defender a w’abon 😂😂",abuse,abuse,abuse,abuse
128546220,Wenum kasa nyɛ,abuse,abuse,normal,abuse
129595640,Snoop Dog no Wabodam anaaa. This wee can serve Ashaiman Bhim Kwashe boys for like 3 days. Hherrrr 🤧🚶🏻‍♂️,abuse,abuse,abuse,abuse
128546589,Naaaah I’ve seen enough chale… kraman apakye!🥲😭😭,hate,abuse,hate,hate
128546340,Alatafuo....oh my God what did u just said???😂😂😂😂😂😂  ahhh Obi mbra oo🤪🤪,normal,hate,hate,hate
128547548,Them for show Bolobo the tweet give me. Moro de3 that tugyimi go chase shadows die.,abuse,abuse,abuse,abuse
129596268,Pray for wotrisu ni wapampa so,abuse,abuse,abuse,abuse
128547104,"Social media management in this country is so embarrassing. You don't have to tweet like an agenda boy or try to be excessively humorous. 0% wit, 100% unadulterated gyimisɛm.",abuse,abuse,abuse,abuse
128545192,3y3 nokr3 prophet....gyimiii no y3 too much...kasa hunu nkoaaa,abuse,abuse,abuse,abuse
128546851,tweaa nie Mahama nie,abuse,abuse,abuse,abuse
128546309,Gyimie teachings b3n nso nie? 😂,abuse,abuse,abuse,abuse
128544948,Wo ti awu forken forken😭,abuse,abuse,abuse,abuse
128547463,What's all these 'apakye' tweets. Isn't funny anymore. Smh.,hate,normal,hate,hate
128545634,"The man behind Dumsor, wabon rof",abuse,abuse,abuse,abuse
129596287,🤣🤣🤣🤣🤣obonu tv is full of aKwadwofo) journalists 🤣🤣🤣,abuse,abuse,abuse,abuse
129596026,Africa bayie ne nkuraasesɛm,abuse,hate,abuse,abuse
128547455,Na sɛ dabiaaa nso mo nso men are trash nso mokɔda hɔ kɔgye hyɛ moho! Animguasefoɔ😂😂😂,abuse,abuse,abuse,abuse
128547617,"W’abon too much, your income ampa🤦‍♀️",abuse,abuse,abuse,abuse
128545969,Menfa anibr3 ne aho)yaa nka nkwasiasem...,abuse,abuse,abuse,abuse
128545358,As3m ooh 😂🤣 omo gyimie 🤦🏽‍♂️,abuse,abuse,abuse,abuse
128547089,Unless Tugyimi ne Kivopepper oooo,abuse,normal,abuse,abuse
128547193,Tuutuunii Nii ni😂😂😂 only song in my mind 😹😹😹😹,abuse,abuse,abuse,abuse
128547221,I dont own 2 pairs lemme turn to apakye… what a shoe,abuse,abuse,hate,abuse
128547258,Ayigbefo)no asweepi awards no nyinaaa. Aduro w) baabi,hate,hate,abuse,hate
128547226,"Luis Diaz woho fon sɛ mpɛtɛ dan mu, i hope you’re taking notes?",abuse,abuse,abuse,abuse
128546258,"Gyimisɛm kɛkɛ…
Can’t you just say No?
Why would you intentionally lure someone to be humiliated like this?
This is total BS!!!",abuse,abuse,abuse,abuse
128545956,Why doesn't McDonald's sell hotdogs = Alatafuo nkua na wormu wri kraman.,hate,hate,hate,hate
128546645,"Now ebi houseboy's dey run the TL oo
Gyimie nkwaa",abuse,abuse,abuse,abuse
128544880,That is the reason why you are sitting at home. Your f00lishness is nauseating. The f00ls are too many in Ghana. Gyimie foɔ dei,abuse,abuse,abuse,abuse
128545001,"Abeg I’m tired of these people 
Gyimie saaa😂😂😂😂",abuse,abuse,abuse,abuse
129596258,Akwesi Aboagye wo triso me wapampa so  🖕🖕🖕🖕🖕🖕🖕🖕🖕🖕🖕🖕🖕🖕🖕,abuse,abuse,abuse,abuse
128546392,"Masa, wabon beyond repair",abuse,abuse,abuse,abuse
129596097,When Roman Abramovic sold Chelsea you know Nkwasiasem sei Mo nnim nyansa baako sei,abuse,abuse,abuse,abuse
128547308,"Hmm rizz wei de3 rizz tugyimi, “in Amerado’s voice” ",abuse,abuse,abuse,abuse
128546355,Alatafuo momm paa dirr smh lol,hate,hate,hate,hate
128545309,Alata samina (smells nice) #theresnoneedforyou to be called (ALATA) Alatafuo hu boune.,hate,hate,hate,hate
128545800,Ɔmo di ɔmo nkwaseasɛm ne nkuraasesɛm no aduru dansoman Mt Olivet Methodist.,abuse,abuse,abuse,abuse
128546833,Wo di3 gyimie de3. Go and learn twi. What is disrespectful about this?,abuse,abuse,abuse,abuse
128545506,"I'll insult you with your own language ""wo maame tw3 nsuo nsuo s3 dofokye3""",abuse,abuse,abuse,abuse
128546008,This two de3 e check like you be tuutuu nii,abuse,abuse,abuse,abuse
128547236,It means mo mmienu nyinaa ara moagyimi.,abuse,abuse,abuse,abuse
128546518,Healthy beef dierr unless you go Abokyi o,normal,normal,hate,normal
129596342,Yes🔥🔥 No size🤣🤣😂😂 Emmomm Mpreko yi agyimi oo,abuse,abuse,abuse,abuse
128546867,Ahh Chale the ball lef my inside sef. Toni Kroos y3 aboa pii😠,abuse,abuse,abuse,abuse
128546881,lmfaoooo ah kasa hunu ben nie ?,abuse,abuse,abuse,abuse
128546052,lmaoo mo yɛ animguasefoɔ paa herh,abuse,abuse,abuse,abuse
128546666,Wonso de3 nsem hunu y3 wo d3 paaa oo.,abuse,abuse,abuse,abuse
129596146,"Wo ho fi wati ! Woho basabasa wati ,Kwasia Nnipa ",abuse,abuse,abuse,abuse
128545445,Lmao makakyer3 wo s3 mep3 ntafo awo seseiaa?,hate,normal,normal,normal
128547084,"Wo kwasea, ayigbefoɔ ne ntafoɔ nso wobɛka dɛn? Ɛyaa mongyae tweeniasidi nsɛm no",abuse,abuse,abuse,abuse
128544979,Oluman girl yi ho nny3 f3 de3,abuse,normal,abuse,abuse
128545164,"Nka bring Jessica back mpo errrr tswww
Obaa ho bawee with her fake wannabe AmericanBritish accent tsww",hate,abuse,abuse,abuse
128546861,Nom wee no wie p3 nsem hunu nkoaa but today he’s right wai 😂😂😂,abuse,abuse,abuse,abuse
128546563,i’m glad Odoi is playing right back.. that’s where he deserves to play w’asa basaaaa!,abuse,abuse,abuse,abuse
128546330,"As people dey go church, we dey come talk nkwasiasem. It’s a miracle.",abuse,abuse,abuse,abuse
129596380,This sasabonsam player is an idiot. What was that?,abuse,abuse,abuse,abuse
128546109,Adɛn m'anum bɔn mɔmɔne anaa?,abuse,abuse,normal,abuse
128546177,ei saaa??? woy3 nipa b)ne paa!! na meka wo hwee,abuse,abuse,abuse,abuse
128545285,"Chelsea fans deɛɛ dem check lyk funny face nu. Dem dey chuk emo pass.
Small score dem score you,
You dey abuse player. Kaii 😂😂😂
Animguasefoɔ",abuse,hate,abuse,abuse
128545296,"A Ga man wishing his Ex girlfriend happy birthday.

MAN: Happy birthday Tuutuu yoo.
😂😂😂😂😂😂😂😂😂😂😂😂",hate,abuse,abuse,abuse
128544962,"And what’s the benefit of this settings?? If you are saying this. What does he want you Sauzkhid to think about him that he’d so this settings??
Kyer3 Bibinii de3 ade3 aa 33f3 nny3 ne f3 oo. Eiiiiii",hate,hate,hate,hate
128546540,Alatafuo gyimie! 😂😂,hate,hate,abuse,hate
128545725,Today is world mental health day. I wish all the abodamfo) (mad people) speedy recovery,abuse,abuse,abuse,abuse
128546990,Mo deɛ mo borɔfo nie ... ɛna faceless account ... Animguasefoɔ .....,abuse,abuse,abuse,abuse
128546412,Ghanafoɔ ne nkuraasesɛm ne asɛm ɛnfa wɔn ho. 🤦🏿‍♂️,hate,hate,abuse,hate
129595550,Womanitwɛ tsakatsaka. Kwasiabiba. Kramanba,abuse,abuse,abuse,abuse
128546348,I won't chill biaaaa.... saaa guy nu wɔyɛ Tuutuu ni berma 🤣🤣🤣🤣🤣,hate,abuse,abuse,abuse
129595531,"Aboataaa. you dey fear 😂😂😂😂😂😂😂, you've forgotten about what you told the Supreme Court judges",abuse,abuse,abuse,abuse
128547559,W3gymi sen tugyimi rice 🤣🤣,abuse,abuse,abuse,abuse
128545615,Ayigbefoɔ ne anibue ayɛ sɛ fufuo ne sugar nkwan 😂😂😂,abuse,hate,hate,hate
129596378,You feed yourselves with fake news that’s why chairman wontumi treat you guys like mpreko 😂😂😂😂 ,abuse,abuse,abuse,abuse
128545343,Kwasia biaaa den e get chance dey Talk gyimisɛm,abuse,abuse,abuse,abuse
128547046,"Sekof dem gv you part(chicken change)of our stolen http://money.Like how you go take get Twitter badge with your us3l3ss tweets??
KALYJAY built himself.gyimie.",abuse,abuse,abuse,abuse
128547032,Kyer3s3 ntafo) nkoaa oo 😂😂,normal,hate,normal,normal
128546115,Wei 3y3 gyimie s3n periodt 😂,abuse,abuse,abuse,abuse
128546388,His commitment to his folks. Tuutuu nii b3ma. 😂 😂 😂,hate,abuse,abuse,abuse
128546502,Anka )b3ti Zongofo) no nka,normal,normal,hate,normal
129596120,Saa nsɛmfo no nti kraa na yɛbɛkɔ,abuse,abuse,abuse,abuse
129596445,Ka na ka biom RT @ClitoriaDickson: adwuma fon ntes3 kr)no,abuse,abuse,abuse,abuse
128546385,This is who some of you were defending. Moagyimi too too much.,abuse,abuse,abuse,abuse
128545368,S3 me ka ho asem aa medi n’at3m fri s3 nea cka y3 no y3 gyimisem paaa mo manpanyin no n’adwene nny3 adwuma anaa,abuse,abuse,abuse,abuse
128546192,Voldy liked too much drama. Kasa hunu ne ahantan kwa. Ah.,abuse,abuse,abuse,abuse
128547260,Tweaa nonfa what did blacko do on the song ,abuse,abuse,abuse,abuse
128545271,A whole former President kasa hunu nkoaa 😎😎,abuse,hate,abuse,abuse
128547212,You people are here dicussing abodamfo couture,abuse,abuse,abuse,abuse
128545185,"I'm talking about you n don't talk about government to me ok, wo kasa koraa nyɛ",abuse,abuse,abuse,abuse
129596449,You get me for your house ah like you nor dey like aboaa ba..show your face!!! Why machala dey your avi top..aboa beast!!,abuse,abuse,abuse,abuse
128547036,N'adwene ketekete s33 3mbaa watch😂😂💔,abuse,abuse,abuse,abuse
128546556,Abokyi people too dey like Barca Jersey,normal,hate,hate,hate
128544917,Somebody tell you “Woho fon” before?🥹🥲😂😂😂,abuse,abuse,abuse,abuse
128545902,Herh wo ho twa s3 Abokyi bread knife. Whaaat? ,normal,normal,hate,normal
128545456,"Unrelated to anything happening now but I’m so happy I distanced myself from this energy, kyerɛ sɛ nkuraasesɛm paa a eii 😂😂😂😂😂",abuse,abuse,abuse,abuse
128546324,What I hate is obaa okasa nso wabon,hate,abuse,abuse,abuse
128546622,Have in mind I walked through the rain from the Uni to Sams..and wu ha me..wagyimi paa.,abuse,abuse,abuse,abuse
128547105,those aunties who call nigerians alatafuo are so judgemental.,hate,normal,hate,hate
129595970,"Oh sorry i wanted to say your father instead, aboaba..... Hahahaha 😂😂😂",abuse,abuse,abuse,abuse
128546082,Tuutuunii b33ma kidi 😅,hate,abuse,abuse,abuse
128547028,"The way things are going, abodamfo nyinaa wants the country fixed #ByForce oo. Hw3. Afei de3 y3 bl3 papa",abuse,abuse,abuse,abuse
128545846,"Kurasini Kowensani Nkranni Broni 
@ajeezayGH 😂😂😂😂😂😂😂😂😂😂",hate,hate,hate,hate
128547595,Kyerɛsɛ kurom ha deɛ gyimisɛm noaa 😅😅😅,abuse,abuse,abuse,abuse
129596558,Take casemiro out na w'agyimi do do,abuse,abuse,abuse,abuse
128547019,Opeeele dierr lef am. Nkuraasesɛm nkoaa,abuse,abuse,abuse,abuse
128544932,"I mean, I don’t know much but Amin is talking theory over and over again. Wabon anaa?",abuse,normal,abuse,abuse
128544738,Any fan who wants us to sell #11 n’adwene nny3 adwuma,abuse,abuse,abuse,abuse
129596040,"Nkwaseafo ka wɔ wɔn koma mu se, “Onyankopɔn bi nni hɔ.” Wɔn nyinaa yɛ atorofo na wɔayɛ bɔne akɛseakɛse; na wɔn mu baako mpo nyɛ papa. - Nnwom 14:1",abuse,normal,abuse,abuse
128545508,Aing. Upon all da blows jux 4-3? Abodamfo) RT @Mr_Scarvy : Cheating nkoaa RT selormfromGH:,abuse,abuse,abuse,abuse
128546596,Wo bisa me gyimisɛm,abuse,abuse,abuse,abuse
128546351,"Herr! I can't believe grown-ups on this app are justifying sleeping with under-18s. Moho na 3ny3 f3, monni sika, anaa moagyimi? ",abuse,abuse,abuse,abuse
129595912,Salah e mind dey afcon siaman,abuse,abuse,abuse,abuse
128544894,Macho man na wabon saa no,abuse,abuse,abuse,abuse
128545729,"Nice nice but what be the ""anh"" he come talk inside?? 😂😂😂 Kurasini 😂 ",abuse,abuse,abuse,abuse
128544749,Turtle neck and jacket eeii Kwame Eugene whyyy🤦🏽‍♂️ Wabon dodo,abuse,abuse,abuse,abuse
128546903,Offlate you Dey post nkwasiasem o 😪,abuse,abuse,abuse,abuse
129596491,"“Wahu s3 Wagyimi, “ in fact Wagyimi paa. Where is the logic in your statement and  you’ve long write it. Is it an idiom, proverb or gyimi..",abuse,abuse,abuse,abuse
128546254,N’anum kasa nny3 baako sei wonso wabon.,abuse,abuse,abuse,abuse
128545434,Oohh Charley RT @3fo_Selormm: I was having doubts abt this barber bcos he was an apakye... And I was right... He messop my hair gv me 😩😩,abuse,abuse,hate,abuse
128547062,But you were saying the boys are not heroes. Kurasini ,abuse,abuse,abuse,abuse
128545397,M3nfa ahukyer3 hu ka nkwasiasem😂😂,abuse,abuse,abuse,abuse
129596254,One twi word for that is called... Motromodwo...,abuse,normal,abuse,abuse
128545719,Kwasi wagyimi paaaaa wo maame shito kankan,abuse,abuse,abuse,abuse
128546486,Well I bet your dog actually own you cos eget sense pass you. U bi jon pass😂😂😂… sia man 🖕🏾,abuse,abuse,abuse,abuse
128547279,Sɛ wo pɛ kasa tenten a gyimisɛm seiyaa. Toaso👍🏾,abuse,abuse,abuse,abuse
128545483,So this is how far Ghana Politics have come? Ei Koo bibinii in Twene Jonas voice... Hmmm ,normal,hate,hate,hate
128546455,I need a dagaate friend to teach me dagaare coz mab)n,abuse,abuse,abuse,abuse
128546663,Nahhh nice gerr na wabon gidigidi saa no?? Oh oh oh😭😭😭😭,abuse,abuse,abuse,abuse
128546215,na s3 mode3 gyimie noaaa Fri tete,abuse,abuse,abuse,abuse
128547396,"What about the man? Ne dua da ne nsam na ɔ de nam. Barima tuutuunii, barima kotobonkɔ , barima kɔhwinii",abuse,abuse,abuse,abuse
128547495,Ni tsi nsu nny3 f3😂😂😂,abuse,abuse,abuse,abuse
128546830,It will hurt our economy s3n? abeg  gyae gyimisɛm nu. The sanctions should be imposed on politicians not targeting the economy. Ban visas for politicians. We can start there,abuse,abuse,abuse,abuse
128546904,Then abokyi do you fariwaaa oh ah my guy 😂😂😂😂 abokyi chuck your eye with that timberland top 😂😂😂😂😂😂😂😂,abuse,abuse,abuse,abuse
128545641,Show us Volta region. Aboa!,abuse,abuse,abuse,abuse
128547633,Hw3 ne gyimie keka bi. Go and ask ur grandfather. Stomach politician,abuse,hate,abuse,abuse
128544831,Wo ti awu dread,abuse,abuse,abuse,abuse
129595781,"On the Portfolio matters arising of Shatta Wale and stonebwoy, just listen to this brilliant, fact and sensible submissions he made, which dat brainless Obolo tui DJ slim don’t have, just empty. Somebody you bi Obolo but u call urself Dj slim, Hehehe akoa 3gyimii.! 🤣",abuse,abuse,abuse,abuse
128545182,"You’re saying this with zero shame. “He saved us again..” 
Animguasefoɔ",abuse,abuse,abuse,abuse
129595998,You sit behind computers and draft shit and you want us to believe it. Aboafunu,abuse,abuse,abuse,abuse
128545453,Kwasia wasn’t it your Apakye of an artiste on TikTok speaking Kwasia patois😂 ,abuse,abuse,abuse,abuse
129596264,Wotiri so w'ate,abuse,abuse,abuse,abuse
128544829,A few years ago the monthly interest payments on my savings account is what I used to buy groceries today I have almost no savings and you tell me to keep quiet because this stupid gov’t that cried foul after the 2012 election petition is vindictive 😂😂😂 Moagyimi gyimi,abuse,hate,abuse,abuse
128546031,You have to see people for the nkurasefoɔ they are even when they polish up because it's not cloths or change in setting that will remove nkuraasesɛm. It's a behavior.,abuse,abuse,abuse,abuse
128546893,Wo Maame a ɔwoo wo ni twaasidi. Aboa gyimii. You den those pastors all no get sense,abuse,abuse,abuse,abuse
128546382,This guy den entertainment bloggers for ghana here no difference... kasa hunu nkoaaa,abuse,hate,abuse,abuse
128546928,No time deirrr wabon dodo 😹😹😹😹,abuse,abuse,abuse,abuse
128544765,"Wo de3 wo se w’agyimi de3 
Obaa fon sei 
Wo wig bawee s3 de3 y3 de starch ahy3.",hate,abuse,abuse,abuse
128545392,Tell spotify to remove it from shatt's page since you know it better than them Aboa sei,abuse,abuse,abuse,abuse
128547571,"People will do anything to back nonsense, if ntafo) dey chew dog meat that's it mean Akanfo) must chew some..",hate,hate,hate,hate
128545160,My town dat o 😂😂😂 so wey place dem boss u nu?tuutuu line or.....,abuse,normal,abuse,abuse
128545293,My day at Kurasini Children's home yesterday,abuse,normal,abuse,abuse
129596011,If that’s the definition for play date then for ohianiba everyday is a play date. Sake of you close from school naa you dey go out go play 😀,abuse,normal,abuse,abuse
128546420,Nkwasiasem nkoaa u people dey tweet for this X app top,abuse,abuse,abuse,abuse
128547526,If Havertz dey Ghana like we go call am Obaa Berima,hate,abuse,hate,hate
128544827,"@Wankawawa,otweaa,s3 wo crdt n'asa...nw tweet mk we see.aponkye!!!",abuse,abuse,abuse,abuse
128545421,Bongo be obaa berima?🤣,hate,abuse,hate,hate
128544822,"Nsem hunu Kwa 🙄 Go n win ,wo kasa dodo ,wei yaaaa🙄🙄🙄",abuse,abuse,abuse,abuse
128545958,Oh I’m just an occasional kowensani,abuse,abuse,abuse,abuse
128545099,¢400 drop so now them bundle dey take push silly agenda. animguasefoɔ.,abuse,abuse,abuse,abuse
128547242,Papa panyin na wagyimi sei? Kasa fii wei y3 ka?,abuse,abuse,abuse,abuse
128545276,Craving for Ayigbefo) Energy Drink (Akpeteshie) 😂😂,hate,hate,hate,hate
128544828,3456 I never liked your matters till I met you in person..keep it up..wagyimi paa lol,abuse,abuse,abuse,abuse
128546306,From the comments seems the Ugandans got a problem with a hairy lady. But gyimie ne nkuraasesɛm bɛn nono?,abuse,hate,abuse,abuse
128545795,abokyi sekaen paaaa...Wo y3 guy wate,normal,normal,hate,normal
128545865,Ahye wo papa... I decide when you'll eat... Aboa nua.. Wanum kankan sɛ kɔtɔkɔ trumu.. 😂 😂 😂 😂... Will be waiting for you,abuse,abuse,abuse,abuse
128545938,Yawa boys.we've kicked them out of the big school category. Enimguasefoɔ,hate,abuse,abuse,abuse
129595896,Wo maame tw3 toilet gyimi ni cabbage stew sia ohianiba,abuse,abuse,abuse,abuse
129595644,Even the teachers at Siato kraa use twi at school. We dey br3 o,normal,abuse,normal,normal
128544984,"Nkorɔfo bi te sɛ mo nti na ɔtwerɛɛ no wɔ potɔ kasa mu.
Ma wo kuro mu kasa nyɛ wo dɛ.",normal,normal,normal,normal
129596466,Woy3 otorofo number 1!  @JDMahama,abuse,abuse,abuse,abuse
128546232,Guy no ho nny3 f3 koraaa 😂,abuse,abuse,abuse,abuse
128545363,"I hate it whenever I hear this “ … is the situation everywhere … go to Europe, America etc” from these incompetent politicians always trying to compare their underperformance to the western world whenever they are asked to do better. Nkwasiasem nkoaaa na akomo",abuse,hate,abuse,abuse
128546093,What has ntafo) got to do with this,normal,normal,hate,normal
128544779,Kwame Eugene de3 eii Obaa Berima aa wcy3 ahantan sei de3 ei😂😂😂🔥🔥🔥🔥,hate,abuse,abuse,abuse
128547018,Lukman dey use these lines for the zongo girls since. Tuutuu nii barima🤣🤣🤣🤣😭,abuse,abuse,abuse,abuse
128545825,but ABOKYI DRAYI  be some hard name mmom,normal,normal,hate,normal
129595894,How they treat you will tell. The truth is always in the actions. You can't pretend forever unless bayie sh3 wani ase,abuse,abuse,abuse,abuse
128547131,"ECG if i were a billionaire,i would have bought u n turned u into abodamfo) hospital",abuse,hate,abuse,abuse
129595527,"Wo ho fi paa 😂😂😂. If he clocks  15/20 GAs, he has  delivered",abuse,abuse,abuse,abuse
128545861,Abodamfo) link up🔥🔥,abuse,abuse,abuse,abuse
129596315,Herh Gbawe Ken Block! Woyale,abuse,abuse,abuse,abuse
128545755,"Wagyimi is not considered an insult anymore ""
@Priscie_Twyla
: Usually I don't know if I should cry or laugh when someone tells me ""ah wagyimi",abuse,normal,abuse,abuse
128547068,You always dey mention the same but nothing dey show for it so sup? Gyae gyimie no na ebi God and demma own hard work,abuse,abuse,abuse,abuse
128544912,Moagyimi o. The dress is ugly. The finishing is so bad like it was seen by an apprentice,abuse,abuse,abuse,abuse
128546579,Winter do ein legs like micrometer screw gauge dey tag Elon say make he take my account. Yoo grow but gyimie nkoaa 😂,abuse,abuse,abuse,abuse
129596170,We de3 wede weg am muom..siaman,abuse,abuse,abuse,abuse
128544730,Alatafuo ne 3k)m dier daabi da ,hate,hate,hate,hate
128545404,"“I schooled in America” 🤡 so did most ghanaian politicians lol, schooling there didn’t change your kurasini mentality?",abuse,hate,abuse,abuse
128546180,Change the interviewer e mindset first,normal,normal,normal,normal
128546186,Mo de3 bibiaa nny3 mo f3 🤣🤣🤣,normal,abuse,normal,normal
129596103,"You gave her too much room to operate Bro. Right from start, you shd have made her aware that you're the head and in control. There were so many demands she made, you shd have stood your grounds to deny her. After all that, she could block you on social media. Nsɛmfo kwa",abuse,abuse,abuse,abuse
128547140,Eeiii he is here already oooo. Tuutuunii ft Kwasiampanii paaaaa herrrrrr these two hmmm,abuse,abuse,abuse,abuse
128544886,Ade3 aa me kyiri y3 panyin aa wagyimi,abuse,abuse,abuse,abuse
129595672,Oh dabi..wo maame p3 na agyimi...nti na ne tw3 bon no..wo maame agyimi ky3n mahama,abuse,abuse,abuse,abuse
128547030,Moagyimi saaa? Everyday I get surprised by the depths of stupidity over here.,abuse,abuse,abuse,abuse
128547050,Kasa hunu nkoaaaaa,abuse,abuse,abuse,abuse
128546998,if you people no go give me better internet send me my money back na mo pɛ gyimisɛm kraa dodo! ,abuse,abuse,abuse,abuse
128546886,eiii Gloria kowensani hahhahahahhaha,abuse,abuse,abuse,abuse
128546098,"Sɛ Frafrani nya wo na wɔnku wo a, hwɛ ne ba ani ase.",hate,hate,hate,hate
128547283,Can't they whip that bush meat? Kowensani like that.....,abuse,abuse,abuse,abuse
129595600,IGP where are u? Wahu s3 woy3 otorofo)? Anim na aguase hoooo,abuse,abuse,abuse,abuse
128545652,"Wo team fon wo sa gyina hɔ sɛɛ for what
Ɛyɛ aa brɛ woho ase 😂😂",abuse,abuse,abuse,abuse
129596329,"These people can never be trusted. Wow! Even in their stock in trade, which is lies, they still contradict themselves. Tweaa!",abuse,abuse,abuse,abuse
128547005,"Destroy everything, really? Gyimie b3n koraa ni 
Just continue the thing er no be the whole country go benefit 🤦‍♂️",abuse,abuse,abuse,abuse
128545721,"Gidigidi we're going to play UCL.
Ɛno nie? Ɛɛno nie??
Mo nkoa mo mfa mo nkwasiasɛm no ndi wai.
Enimguasefoɔ Man United",abuse,abuse,abuse,abuse
129595973,Tikelenkele no sense,abuse,abuse,abuse,abuse
128546733,Wanim tantaaatain s3 lapaz ashawo brazier a titi…,abuse,abuse,abuse,abuse
128545744,Tuutuunii berma,hate,abuse,abuse,abuse
129595620,Fufufunu want advice someone ? Eiii 😂😂..ewiase as3e,abuse,abuse,abuse,abuse
128546065,Pantang abodamfo) na Afei wani gye omo ho? 🤔 ,normal,abuse,abuse,abuse
128547629,You no vote but ato wo ne nkwasiasem,abuse,abuse,abuse,abuse
128547452,"This year's election ankasa the candidates all be full ntebe 
But this side ahomaso) ne gyimie no d))so😔",abuse,hate,abuse,abuse
128545396,"Kwasi can't even talk to girls kraa,kurasini lOOOOOOL #AfrikkaRadio",abuse,abuse,abuse,abuse
128545457,This is how the Abokyi guys wey dem dey sell fabrics head looks like,normal,abuse,abuse,abuse
128545333,Nkranfoɔ mbabuno no se ɔmo bosom no mpɛ dede enti ɔmo aduru Methodist asɔre dan mu kɔ di nkwaseasɛm.,hate,hate,abuse,hate
128545205,"we see new things every day ,e be today wey I see say them get sharwarma ein tugyimi for there",abuse,abuse,abuse,abuse
129595538,Kwasae we Dey knack knack your man on every music and videos streaming platforms use your energy for there .. kramanba😂😂😂,abuse,abuse,abuse,abuse
128544919,Ei I figa “mey3 tuutuu nii”,abuse,abuse,abuse,abuse
128547427,Odwanba… go school,abuse,abuse,abuse,abuse
128545765,Aaah is dat lil wayne coming  naa saa zongofo) lil wayne,normal,hate,hate,hate
128545227,Nipa ny3 oo chale 😮‍💨💔,normal,abuse,abuse,abuse
128546029,As3 )yare na 3kasa oo  Dey will see it clear 7dec,abuse,abuse,abuse,abuse
128545801,3nti saa maame wei wagyimi saa? dabi dabi dabi........ http://,abuse,abuse,abuse,abuse
129596134,Wotiri so trick,abuse,abuse,abuse,abuse
128547564,Ibi money anor get or this be nkwasiasem?🤣🤣🤣,abuse,abuse,abuse,abuse
128546128,"Look at this imbecile😂, apɔnkye! Woho fon wati",abuse,abuse,abuse,abuse
129596450,Yesterday I saw a tweet where someone was against you praising Nana Kontomponi Af3rehene and i was like what is going on,abuse,normal,normal,normal
128546736,"""Asantefo) y3 boniay3""",hate,hate,hate,hate
129596160,We will choose him over a liar because otorofo biaa y3 kronfo).  Said by Miracle Aboagye,abuse,abuse,abuse,abuse
128547607,Daz why we no dey follow gyimii nigga🤣,abuse,abuse,hate,abuse
129596461,Rydee you turn blogger aponkyeba,abuse,abuse,abuse,abuse
128546651,Abokyi u be ma real nega till we die,normal,normal,hate,normal
128547431,Na boy wei w’anum kasa nyɛ fine koraa,abuse,abuse,abuse,abuse
128544893,"Panin toto Gyimifuo, mede s3 woSe kowensani no. Aboafunu!",abuse,abuse,abuse,abuse
128545798,I know boys go use the WC dem no go flush mmoa,abuse,abuse,abuse,abuse
128545874,Why ? Koo bibinii . This z bad la all jokes aside.,normal,hate,hate,hate
128546514,"Moagyimi dodo do a research 
What he said is very possible",abuse,abuse,abuse,abuse
128545534,Addo Dee dierrr wabon,abuse,abuse,abuse,abuse
129595824,Some boys think it’s a taboo to pamper their women with good stuff and will also attack those who do it! 3ny3 bayie aaa na ne k)te akyea… 🙄🙄🙄,abuse,abuse,abuse,abuse
129596600,"The thing go you, you dey blend languages all. Lmao😂 Should I say your stupid mother will judge him properly? Answer me. Kramanba😂",abuse,abuse,abuse,abuse
129596117,Hoh fa firi y3n so. Wotiri ho s3 mm3fe,abuse,abuse,abuse,abuse
129595787,I go be Obolo tui plus dancer walahi talahi 😂😂😂,hate,abuse,abuse,abuse
129596240,You dey diss me but see you too aboafunu sia,abuse,abuse,abuse,abuse
128545354,Koo bibinii ☹️ Who cursed us?,normal,hate,hate,hate
129596394,This one here dey come from Ksi I guess 😂😂😂 Waakye 5gh woyale 😂,abuse,hate,abuse,abuse
128546035,Kumasi bounces ne nkuraasesɛm,abuse,hate,abuse,abuse
128546771,"“Oh 3y3 content, Ghana fuo de3 momma ade3 nny3 f3 kraa oo”😂😂😂",abuse,abuse,normal,abuse
129595615,Lmao we never have 6 am classes. Tweaa. Admin dier 3y3 o ,abuse,abuse,abuse,abuse
128547491,Wo life nny3 f3 koraa😭😭😂,abuse,abuse,abuse,abuse
129595591,See his face like fufufunu Now go and talk that nonsense in court ,abuse,abuse,abuse,abuse
129596038,"Ibe wo tire so game. Kwasiakwa aponkyeba, you should rather grow up. When people like you choose to be hypocritical abt issues that affect the vulnerable in society, you think we ll keep quiet? Aboa nkye wo nwe.",abuse,abuse,abuse,abuse
129596321,"Shualenge gawo nii akokora apakye abochie 2pieces Martin koteboto the scammer even organised a common meet n greet cos of gift n money, infact he's broke as fuck,only mouth mouth dey do the afuom anum kankan kontomire fanbase 🤣🤣🤣 ",hate,abuse,abuse,abuse
129595817,Barima deɛ ɛwɔ sɛ w'anum bɔn nsa.,abuse,normal,abuse,abuse
128544740,"Jon guy, so you were honking for what exactly?  Nkuraasesɛm nkoaa,  tswww! ",abuse,abuse,abuse,abuse
129596623,Wo maame nnim nyansa baako sei.. I always say that the kids who lack common sense are the same people who grow up to behave like this,abuse,abuse,abuse,abuse
128544735,1080 wagyimi dodo!!,abuse,abuse,abuse,abuse
129595747,"Wonnim nyansa ong, when NDC and NPP were launching their manifestos, he was live in the studio why wasn’t he live in the studio as Cheddar was launching his?? Wagyimi ong",abuse,abuse,abuse,abuse
128545307,We get 9-5 and 9 to 5 ooo 3yaa na moagyimi aaa,abuse,abuse,abuse,abuse
128545008,"Obi ho nny3 f3 na wo woho 33f3? 😂😂
Woho s3 amane 😆",abuse,abuse,abuse,abuse
128545427,Alatafuo ne gyimiiii de3,hate,hate,hate,hate
128546958,They even swear they pushed Sark to kasahare. All the interviews where Sark said Adom FM put him on the media isn't interested. Ghana media ne nkuraasesɛm.,hate,abuse,abuse,abuse
128545716,Massa wo boa…Na w'abɔ wo dam dada. Good weed is chill Bro..,normal,abuse,abuse,abuse
128545316,Leak biaa ani nny3 f3 ah,normal,abuse,abuse,abuse
129595580,hahahaha....dz x zuma 4d ladies......   :'( akwadwofo) game!!! :-D,abuse,abuse,abuse,abuse
128545475,"Lmao 🤣 Apakye no Dey hear ooo, check the take down! 😯 asuwear the man shaa rof",abuse,abuse,abuse,abuse
129595994,Wotiri so wai😂😂 Enea till Dad calls😂😂,abuse,abuse,abuse,abuse
128545796,"@Koo_The_Boy endi3 end3 wu be kasa oooo, wu ne wu ns3m hunu nu. Lol",abuse,abuse,abuse,abuse
128546683,"Adwuma yi de3 ""abodamfo)"" wom",abuse,abuse,abuse,abuse
129595946,"Take ur bigness go international  @shattawalegh  , wutsw3 kwraaaa wai. Aboaba. Bhim is bigger than u and he’s the biggest. Overlord for a reason…mmoa",abuse,abuse,abuse,abuse
128544733,Virtual demographics. Existing segregation?  Koo bibinii,normal,hate,hate,hate
129595645,Fa wo kwasiaa fi ho k),abuse,abuse,abuse,abuse
129595530,Who gave all these people phones  for God’s sake 🤦🏿‍♂️🤦🏿‍♂️ nyansa baako mpo ne trim … tweeting by heart anyhow ….,abuse,abuse,abuse,abuse
129596164,"You mean your AVI? She dey bee mmom,but Wig on the tikelenkele can you buy? https://",abuse,abuse,abuse,abuse
129595660,"Look at this matcho man too😡because you don't respect your constituents you lie to them through your teeth, anyway I suits the ndc since they don't read. Who the heck are you to reject something in parliament when you're not up to 138? Otorofo gyata",abuse,hate,abuse,abuse
128545440,Asantefo) ni guy guy dier boiiii,hate,hate,hate,hate
128545057,"Let them keep these targets to themselves. Basic bills that will protect the commonfolk sef, they can't come up with any. Animguasefoɔ!",abuse,abuse,abuse,abuse
128547585,"Even it a woman is walking around naked, you have no right to touch her body without consent 
Moagyimi kraa dodo",abuse,abuse,abuse,abuse
128546863,doing this stupid thing just to farm engagements when it goes south you would be here talking about mental health......gyimisɛm sei ,abuse,abuse,abuse,abuse
128546737,Zongoni wei woha adwene oo,abuse,hate,hate,hate
128545664,"This post is if NO MERIT, why can't everyone comment on it? animguasefoɔ",abuse,abuse,abuse,abuse
129596171,Wo ho fi. Do you think I'm here to please you? Gyimifo),abuse,abuse,abuse,abuse
129595910,Woyale! Onyame betua woka paa!,abuse,abuse,abuse,abuse
128547447,Who created Tugyimi rice?😂😂😂😂,abuse,abuse,normal,abuse
128546588,Fantefo mbesiafo yɛ dɛw!,normal,normal,normal,normal
129596356,He swallow goals make he hurt. Aboataaa,abuse,abuse,abuse,abuse
129596233,Be cold if not just be hot… motromodwo  Destroy those that failed you😂😂😂,abuse,abuse,abuse,abuse
128544832,"You see you can't fully show it sekof e no nice 😂😂😂😭
Animguasefoɔ!",abuse,abuse,abuse,abuse
129595854,Never wotriso ne wapampa so 😂😂😂😂,abuse,abuse,abuse,abuse
129595731,The Akyimfo in you is worrying,normal,hate,hate,hate
128545650,"Look at this drunk joker 🤡 
It'll be better for you to stop drinking alcohol. Kowensani old man.",abuse,abuse,abuse,abuse
128544928,Herh Buhari. Wabon oooWey uni you go? Ei,abuse,hate,abuse,abuse
129596411,"They will run to church seeking solutions, blaming Lucifer for their ruins but the real demons are in suits elected/appointed into public offices,serve as church elders. Ndwan",abuse,abuse,abuse,abuse
128545857,Koo bibinii. Gyimii nokaaa.🤣 That fatality at the end 🤣🤣,abuse,hate,abuse,abuse
128547117,Fine girl nso wo kasa nyɛ,abuse,abuse,abuse,abuse
128545613,"Y'all know say ""Ken"" be my name but nkwasis3m dey be u ppl nti u dey me ""wokwasia"" saa na ay3d3n ahhh 😭",abuse,abuse,abuse,abuse
128546691,Nipa a foo bi sei. Kowensani bi sei,abuse,abuse,abuse,abuse
128545805,HERH Ayigbefo) no h'adwen... LMAOOOOOOOO,hate,hate,hate,hate
128547450,The support KalyJay has been giving to Sarkodie since He join tl Black Sherif no get 3% sef buh koo bibinii dey envy 😤,hate,abuse,hate,hate
128545115,Sia leave our girls for us😂,abuse,abuse,abuse,abuse
128546923,Oberma  w3 gyimie sei aden 😒,abuse,abuse,abuse,abuse
128546740,M3 pae tw3 no tu😌😌 Sasabonsam yere kraa yadi no na Nsawam tuutuunii 😂😂😂,abuse,abuse,abuse,abuse
129596186,After spending 85 years in the states this be what you fit buy … you’re just discouraging your followers tweaa,abuse,abuse,abuse,abuse
129596057,You desperately wanted to win wo tiri so ne wapampa so. Kurasini. Panintoto,abuse,abuse,abuse,abuse
128546498,Tuutuuniii tuutuunii tutuni tutuni,abuse,abuse,abuse,abuse
128545054,Saa gyimie kasa no gyae wai 😏,abuse,abuse,abuse,abuse
128547208,"Ronaldo fan dey lose Argument wey  he vex talk 
“ Wo ti Awu ” to the Messi fan

Now them say make he show his GPA and Wassce certificate as proof . Emake serious for here",abuse,abuse,abuse,abuse
129595674,na wo wagyimi anaa. ahh. kuro no mu hyehyeehye you’re still trying to secure votes based on pettiness and sentiments. kurasenii barima. aboa bi kwa. me I vite NPP since 2012 but wo wagyimi dodo ah,abuse,abuse,abuse,abuse
129596475,“Napo wabodam!” Captain Smart f!res Dr Matthew Opoku Prempeh for his utterances about Dr Kwame Nkrumah yesterday at his unveiling as the running mate for Dr Bawumia. Captain vex this morning o herh,abuse,abuse,abuse,abuse
129595706,"Give the phone to the one typing, tell him to come hard.. u are slacking bro. Mmoa asifuc. Moho fiiiii, nkwasiafuc, mpreko, ndwii, wenim sheeeen s33 55 cup. Kwasia kwa. Read it and reply me , that's ur punishment. Rent free , wonitswaaasidi twem 😭 ",abuse,abuse,abuse,abuse
128545814,kwasia! no be same way i expose you yestee wey u block me gyimii obaa berima😂😂 ,abuse,abuse,hate,abuse
129596439,gals wit big boobs nd a small ass(kosorokobo).lol,hate,abuse,abuse,abuse
129595522,The way Kontomponi afere Hene is looking at this man speaking… sums it all,abuse,abuse,normal,abuse
128546407,Wo y3 fonnn paaa! Fa wo nkwasias3m soorhor! Erica tuutuu nii baa!!,hate,abuse,abuse,abuse
128545301,policeni a ɔbɛ kye wei nu nso te tema aka obi aso. nkuraasesɛm nkoaaa,abuse,abuse,abuse,abuse
128545598,nipa ny3 mo hwee na mo destroy the soul inside,normal,normal,normal,normal
128544898,🇬🇭The last time Bawumia met the Media  this is the nkwasiasem he told 💔them and they clapped 😆🤣,abuse,abuse,abuse,abuse
129595621,Hahhaha then u will be kosorokobo RT  @Qtsante i want bigger hips a smaller waist n bigger bobbies! ,hate,abuse,abuse,abuse
129596100,@NAkufoAddo  so is what you and your people are doing to us right? Your government and sasabonsam no difference,abuse,abuse,abuse,abuse
128546526,"You bi kwasia man, the person says the stay at same area, what will he get for lying Jon",abuse,abuse,abuse,abuse
128546532,Tuutuu yei (ashawo gals) all around me.  󾰴,abuse,abuse,abuse,abuse
129596046,Dem off my light since morning now dem return am. Kontomponi,abuse,abuse,abuse,abuse
128545692,alatafuo = jareer?? what are you lot even talking about 😂😂,hate,normal,hate,hate
128544901,"Gyimie saaa 
No white woman will say this dah  
Is his Responsibility saaa na 40 years, still single and broke",abuse,hate,abuse,abuse
129595807,Fa wgyimi k) if you dnt want to come dnt come siaman,abuse,abuse,abuse,abuse
128546084,81 crosses Aden wagyimi?!,abuse,abuse,abuse,abuse
128546612,Never play with apakye and stammers cmo bc dua ruff 😂😂😂,abuse,hate,hate,hate
129595587,Otorofo. 3y3 ampa wai😂😂😂😂,abuse,abuse,abuse,abuse
128545675,"they said failing to use someone's preferred pronouns is abuse oh eeii 
Americans are too woke. gyimisɛm bɛn no no?",abuse,hate,abuse,abuse
128546415,"There’s nothing too hard for Koo Bibinii…
Eyy 😂😂😂",normal,normal,hate,normal
128546962,abond3 fuo nyinaa y3n enterpee nie 😂 😂,abuse,abuse,abuse,abuse
128545600,This guy and nonfa.... Ay3 s3 kramoni ne ne buta 😂😂😂,hate,abuse,hate,hate
128546405,Ne ho koraa mpo nny3 f3 😏,abuse,abuse,abuse,abuse
129596191,And to you $400 is your one year salary that’s why you think it’s a huge money. Ya passport has suffered countless denial of visa and it’ll continue to be like that Mese togo koraa you’ll suffer to get there .Aboaba to you every1 should think and be like you. Bra Ben na wab) aboa ,abuse,abuse,abuse,abuse
128545604,no be zongo boy but he dey do this for conti😂.. Masa fa wo gyimii kc,abuse,abuse,abuse,abuse
129595980,See him talking abt Martha..did u give her a car? She won something how much did u give her? Tweaa SOTNGhana,abuse,abuse,abuse,abuse
129596548,These are the players Asante kotoko under Kontomponi Afer3 Hene Nana Apinkrah n Coach Ogum allowed to go for free n the clubs they signed for..All of them r young n in more professional clubs than kotoko..The embarrassment is too much for Asante Kotoko under Manhyia's control 👍,abuse,normal,normal,normal
128546461,this one then ebe either him or yakubu ayigbeni wey dey wrii for class. wabon k3k3,hate,hate,abuse,hate
128545086,Hustler aa menni baabi da s3 meyare mpo aa Agyed3 nyame na w’asa me yare 😍😍😍😍,normal,normal,normal,normal
129595995,So ebe Yahaya Alhassan who wrote the letter to the committee??no yawa vim vim...nanim s3 kusie aa wadi 60years siaman... Sarkodie will still perform tho😊,abuse,abuse,abuse,abuse
128547073," Ob3 Kasa Saaaa, Na Wa Bisa Nsem Hunu. Ansa Na Wa Duru Wu Destination",abuse,abuse,abuse,abuse
128545530,chale the gyimie for that club be top tier,abuse,abuse,abuse,abuse
128547350,"The way you typed so well for me to understand shows how you cry after every tweet about this. Sorry man, mo yɛ animguasefoɔ ankasa. 10-2",abuse,abuse,abuse,abuse
128546620,😂😂😂😂😂😂 Fantefo na brofo😂,hate,normal,hate,hate
128547615,Walked for close to 20km in the bush and didn’t even get paid for it 😂😂😂. Nkwasiasem adwuma nkoaaa 😂😂.,abuse,abuse,abuse,abuse
128546318,Na Kwame Alhaji no wagyimi anaa😂😂😊 Wendy Shay Taya for this industry inside 😂😂😂,abuse,abuse,abuse,abuse
128547250,"Nkwasia keka sei ,who send you??🤣🤣🤣 only poor think such way",abuse,abuse,hate,abuse
128545601,Afia so ho nny3 f3 baako koraa oo…eiii,hate,abuse,abuse,abuse
128545287,So Mr Demonstrators u culd not contribute to buy bus for  @AsanteKotoko_SCbut u knew how to go and demonstrate tweaa,abuse,abuse,abuse,abuse
128547173,wo yɛ obaa ɛnso wo naie yɛ sike 9.. Wo yɛ obaa anaa berima,abuse,abuse,hate,abuse
128545567,Forget about resignation na these people know no shame. They will never resign and bcos of that God will also continue to disgrace them saaaa! Animguasefoɔ so called FA Executives and Technical Men... Apuuuu!,abuse,hate,abuse,abuse
128546137,We in 2024 and Yaa Pono is  still doing nkuraasesɛm rap,abuse,abuse,abuse,abuse
129596296,You dey here dey fanfool this government. Now that reality catch you you dey plead. Siaman. Let your mind work,abuse,abuse,abuse,abuse
128545607,Woho fon paaa wai,abuse,abuse,abuse,abuse
129596441,You're a big disgrace to the music industry!! Can't believe some of my friends looked up to you growing up siato.,abuse,abuse,abuse,abuse
128547237,So you don't want the best for them? Koo bibinii,hate,hate,hate,hate
128546336,"Y3y3 wey dey kill Ghanaman, kasa hunu nkoaaa, Abeiku na you be sanitation officer. I greet you.",abuse,abuse,abuse,abuse
128547290,"My Facebook ppl, too bore Mr Apakye 🤣 War is coming!",abuse,hate,hate,hate
128546951,Lilly wagyimi paa!!!! Wati??? Nonsense!!,abuse,abuse,abuse,abuse
128546196,Oyale koraa.. 😂😂😂,abuse,abuse,abuse,abuse
129595675,Ohianiba u won't think about yourself.. now let him go n continue the school at Gaza,abuse,abuse,abuse,abuse
128546213,"nkuraasesɛm kakra, awuraba kakra. wasetena bɛyɛ dɛ brutallll!!",abuse,abuse,abuse,abuse
128546788,Ena he should rap in English Mtcheeew mo na mete Brofo mo nko to mma yen.. Kasa hunu sei,abuse,abuse,abuse,abuse
128546713,Healthy Kwasia No You dey Talk about Jooorrrddd issokay Abarb abarb😂,abuse,abuse,abuse,abuse
129596473,The funny thing is what you dey do all he no dey mind you lmao . Continue working for your paymasters wae odwan! Wo maame tw3m kankan s3 w’anum.,abuse,abuse,abuse,abuse
128546874,akoayi ho nny3 f3 kakra da,abuse,abuse,abuse,abuse
129595709,"Tweaa azaa nkoaa,so summer you fall 4 this KG tricks apuu",abuse,abuse,abuse,abuse
128544994,"Lmao but your content is wholesome?? 😂😂
I'm talking about the corny jokes and the nkuraasesɛm 😂😂",abuse,abuse,abuse,abuse
128544776,"I'm pretty sure this woman was always last in her class when it comes to academics in her school days. Aaaaah 
@Efiaodo1
 is not up to the standard eiiiiiiii 😂😂😂😂
Or u think having Tugyimi breast n backside  is the standard abi tswwwwwww 💔💔😂😂😂😂😂😂",abuse,abuse,abuse,abuse
128546014,"Ebi kurasini s3 s3n,why u too u nor flush am #Hehehehe",abuse,normal,abuse,abuse
128546111,"Woaa gyimisɛm a, woobisa yi, ɛyɛ ma wo? Compare somebody to Nkrumah a, wose Addo D.",abuse,abuse,abuse,abuse
128545514,"These tweets dey make ma d!ck dey root basaaa..gyimisɛm sei sɛ i get schnapp sekof tweet
U cant do sh!d baba",abuse,abuse,abuse,abuse
128546942,Kramoni a wotwa lotto. Asem oooo,hate,hate,hate,hate
128544872,But some idiots at Chelsea want him gone. Nkwasiafoc ahh moagyimi gyimi .,abuse,hate,abuse,abuse
128547372,If you aren't a catfish 3ne3 wagyimi paaaa 🤦🏾‍♂️,abuse,abuse,abuse,abuse
128546437,This is not the same as buying and paying in bits. Sua nyansa na gyai gyimie nu,abuse,abuse,abuse,abuse
129596136,Ucc girls under 2.5 😹💔 obaa na ay3 bawee s3 metal ball,abuse,abuse,abuse,abuse
128546089,Moagyimi gyimi k3k3…Obiaa s)re aa na wak)tsr) biribiaa w) social media no so sia,abuse,abuse,abuse,abuse
128545884,I'm actually praying Bance does a job against you Alatafuo. As in...I'm kneeling on my prayer mat as I tweet.,hate,hate,hate,hate
128547540,"The woman said, ""wagyimi paaa"" but in the subtitles, ""You are a smelling rat."" Oh Ghana.",abuse,abuse,abuse,abuse
129596273,Obi ka s3 odo Katanga na osoro ponding oy3 Otorofo!!!,abuse,abuse,abuse,abuse
128545157,Animguasefoɔ. What will happen if you’re specific about your headlines in this times ??? ,abuse,abuse,abuse,abuse
128545552,😂😂😂😂 s3 mo si moagyimi aaa you will defend saaa .... Foolish party,abuse,hate,abuse,abuse
128546751,When I taste alatafuo jollof,normal,hate,hate,hate
128546272,Maame Wo ho nny3 f3,abuse,abuse,abuse,abuse
128547419,"Way3 w3nim ketewa s3 ntatia,nkwasiasem nkoaa",abuse,abuse,abuse,abuse
129596275,"Masa, kasa din ɛnyɛ saa aa w'anum bɛ bɔn",abuse,abuse,abuse,abuse
128545155,Odwan m33,abuse,abuse,abuse,abuse
128545907,Medaase woho! Suatra tantan fon Saa no 😒,abuse,abuse,abuse,abuse
128547429,The Akyimfo in you is worrying,hate,hate,hate,hate
129595958,Wo ho fi s3 yooyi preko Wofaase,abuse,abuse,abuse,abuse
129596540,The leaders be our problem o Herh!  )mo ye mpreko paaa,abuse,abuse,abuse,abuse
128547545,U see am as if he dey talk sense but gyimisɛm nkoa. I,abuse,abuse,abuse,abuse
128546105,Oh ne papa yɛ kramoni papa paaaa O but akwadaa noaaa na ɔnsuro Nyame,normal,abuse,normal,normal
128547469,"That Gavi guy needs to be lashed like Ghana Yesu then twilight, w'abon dodo, kuw3😂😴",abuse,abuse,abuse,abuse
128545268,Wabon koraaaa dodo. You sana no go humble your body. ,abuse,abuse,abuse,abuse
128547305,"He rhymes better, he flows better, neck to neck with bars. Overall this is facts. This is me being super objective. Open for sound discussion. No nkuraasesɛm 😹",abuse,abuse,abuse,abuse
128547071,I no see kramoni e spoil like you before. smh ,normal,hate,hate,hate
128546888,you see o. ebe gyimie,abuse,abuse,abuse,abuse
128546125,Ebi nkurasis3m,abuse,abuse,abuse,abuse
129595967,You go explain taya oooooooo but nobody go understand you.    Omo b3ka s3 wabodam koraa 🤣,abuse,abuse,abuse,abuse
129596334,Nkwasiafoc ahh u don’t want to learn always. Mahama is still better than the whole npp.,abuse,abuse,hate,abuse
128546448,Kyeres3 saa Pablo wai ne Kwame ne de3 nsem hunu sei ya oo buoi! Enti dabiaa mob3y3 sae aa? Can't you celebrate in peace without throwing shades everyday here? Wongyai gyimiii no wai na 3y3 show k3k3! ,abuse,abuse,abuse,abuse
128545046,Who dafuQ wud bid 25m for Higuain and bid 20m for Rooney.. Wagyimi..?? Dat alone shows how serious u r not!,abuse,abuse,abuse,abuse
128546676,I wish they'd organize a nationwide mental screening exercise cos abodamfo adorso w0 krom ha,abuse,abuse,abuse,abuse
128545620,It is either a budget or financial statement.How did you charter? Wabon dodo😂,abuse,abuse,abuse,abuse
128546827,Ntafo) colour wei,hate,hate,hate,hate
128546862,"You come here tweeting you dont like many people, many people will get you otweaa!",abuse,abuse,abuse,abuse
128545858,Nsem hunu 3ni 3poo b) nkoa na monim. Petty offals!,abuse,abuse,abuse,abuse
128545088,So you want this kowensani?😭,abuse,abuse,abuse,abuse
129596374,All of a sudden my avi forgets how to play football 😭😭,normal,normal,normal,normal
128546293,“Alpha guy but one round na wa br3.” Aden alpha guy ny3 nipa😂😂,normal,abuse,abuse,abuse
128547588,"You need Free education, wo ti awu papaaapa, ofui",abuse,abuse,abuse,abuse
128547348,"Wo girl ""ti awu aa wose"" most girls are not creative.....Masa change ur girl 😂",abuse,abuse,abuse,abuse
129595975,"If you run away from a fight, you still live to fight another day"" aboataaa 😂😂😂😭😭😂🔥🔥",abuse,abuse,abuse,abuse
128546069,"@Da_RealNii
  high school most tuutuu 😂😂😂",abuse,abuse,abuse,abuse
129595588,Nipan mu aboaa. Wo kwasia. Santehene no get time give that kwansanpayin dog. Wo ho fi biom. ,abuse,abuse,abuse,abuse
128546225,NKrasiFo)) abodAmfO))),abuse,abuse,abuse,abuse
128546811,ɔnnyɛ gyimisɛm aa nanka ibe what,abuse,abuse,abuse,abuse
129596279,Eii this my akyimfo brother....,abuse,normal,normal,normal
128545597,"When Sarkodie said ""mak) bene me mogya mu ak)tua me bills, na light no so ngyina so s3 kurasini 3ne heels""",abuse,abuse,abuse,abuse
128546138,Gyimisɛm nkoaaa Chale... The system make basaaa walaahi,abuse,abuse,abuse,abuse
129595680,And I love it.. I will rather be NYA supporter than be Kontomponi Afer3 Hene supporter 😂😂,normal,abuse,normal,normal
128545060,Wabon wosan w) ahomaso)? Ow,abuse,abuse,abuse,abuse
129596589,Another kwasia be that. Omo mmienu nyinaa y3 nkwasiafoc,abuse,abuse,abuse,abuse
128545880,"Ananse Honhom, )daadafo) ma Asantefo. B3yi nno)na dada yi firi y3n so, firi y3n so, firi y3n so",hate,normal,normal,normal
128546765,Wabon fucking ,abuse,abuse,abuse,abuse
128547321,That guy really dey rap ooo but Gyimie kakraa dey inside,abuse,abuse,abuse,abuse
128545240,My granny always say Fantefo) ne anumo)d3 tes3 bafan nw fam.,normal,hate,hate,hate
128545398,abodamfo yi yɛ fresh😂,abuse,abuse,abuse,abuse
129596613,Komot that water mark from the video and tag him. Reposted by wotiriso,abuse,abuse,abuse,abuse
128544824,Nkuraasesɛm saa a na yawu kɔ....lol,abuse,abuse,abuse,abuse
128546600,Asikafoc mma na omo ho nny3 f3 saa no,abuse,abuse,abuse,abuse
128544871,relax and let the abrokyire change you small before you post …not you looking like some abokyi,abuse,abuse,hate,abuse
128547121,Some Apparently Some VVIPS Choped The Voting Money 😂😂 Thats Why They Came Second 😂 Herr Nipa Ny3 ooo 😂,abuse,abuse,abuse,abuse
128545075,"ah but you nobody called you here and insulting me all over😡WONITWASIDI wai. woho fon s3 ade3 aa 3ny3. Adweeba, Apraku, Kctc, odwan berma",abuse,abuse,abuse,abuse
128547341,And ECG came to spoil the party. Nkuraasesɛm sei,abuse,hate,abuse,abuse
129595829,"Don't mind him, opanin Kohwinii, kontomponi, pathological liar of a driver's mate. God is watching your every step😏",abuse,abuse,abuse,abuse
128547067,Akoa ho nny3 f3 but more fire 🔥,abuse,abuse,abuse,abuse
129595628,Y’agyimi oo…….y’agyimi style biaa bi!!,abuse,abuse,abuse,abuse
129595800,"As Chairman Wuntumi is breaking a 'SICK A THON' record deɛ, make we all support him🤣🤣 siaman,  next time you'll think before you speak😂😂",abuse,abuse,abuse,abuse
128546912,*Ye w) beebi k) entsi yenny3 sei mber3 mma kasa hunu*,abuse,abuse,normal,abuse
129596121,"This sm3lly idi0t identifying as @iamHoodKid_  is insulting Ewes. ""Wh3 barima anim, as3 )yargo)""🤣🤣🤣 'N'anum kankan' 🤣",abuse,abuse,abuse,abuse
128547231,"Gyimisɛm sei! If everyone was to be cooking at home because ɔnyɛ akwadaa, nanka food vendors no be sidɛn ɛnya sika. Sia, so people can’t express their displeasure when they pay for a service and do not get their money’s worth again",abuse,abuse,abuse,abuse
128546210,"Most of our journos deɛ tweaa, they can challenge mpo",abuse,hate,abuse,abuse
129596332,Mmoa mo fr3 moho influencers go in for money after that u tell us s3 you're fighting for the youth. You're fighting for Momaame twemmmm!!!! Mpreko mma.. ,abuse,abuse,abuse,abuse
129596354,Who is aboaa more than someone who doesn’t see anything wrong with  Dumelo’s comment. Ofui,abuse,abuse,abuse,abuse
129595880,thank God we also have eyes. siato,abuse,abuse,abuse,abuse
129596630,Sportybet do all. This 2UP feature dey help waa.  Like sasabonsam team dey cast my slip bbe that.,abuse,hate,abuse,abuse
128546719,Bulubulu ur face like tugyimi rice,abuse,abuse,abuse,abuse
128545277,Wabon papa. Do u know who Cabi Alonso was from Liverpool. Did u watch their comeback against the best stacked up AC milan squad after going  down by 3 goals ,abuse,abuse,abuse,abuse
128546117,"Pidjin nobe by force😭.. wetin una dey type?.😭😭
Wo ho m)b)m)b) s3 Showa ho nwin😂
Mekcda wai",abuse,abuse,abuse,abuse
129596399,"kwabena yeboah, siaman like that. see how he dey shout as hearts miss",abuse,abuse,abuse,abuse
128544933,Asem de3 he fool ooo. Panin toto nso wagyimi sei. Tueh,abuse,abuse,abuse,abuse
129595549,"From my manager to Anthony Taylor... more like ""herh Anthony 3di3n nono, Anthony wo di3 m3 hyia wo 3w) 3kyire h), wabodam"".",abuse,abuse,abuse,abuse
128547603,Kwasia my mother and father no dey brag dat they bought lambo and it’ll drop August kwasia kwa! Wonitwasidi gyimi gyimi…… Sark no reach cry siakwa,abuse,abuse,abuse,abuse
129596608,Tell him S3 wabodam 😂😂😂😂,abuse,abuse,abuse,abuse
128546749,Hwe ne gyimie gyimie bi kwasia go and arest him err,abuse,abuse,abuse,abuse
128546918,since when did the likes of Kuffuor and Atta Mills even become Drs? 3y3 bcnn anaa 3y3 gyimie cos what is this embarrassment,abuse,abuse,abuse,abuse
129596235,Dis de shoe sia man🤣😂dat kpaw wey u dey wear nti u figa say u be guy aboataaa😂🤣,abuse,abuse,abuse,abuse
128546317,Gyimisɛm bɛn koraaa ni aa,abuse,abuse,abuse,abuse
128545824,W'anim akam na 3kyer3 wo hustle anka ntafo) ninaaa y3 trillionaires.,normal,hate,hate,hate
128547109,Herhh Kwabena wo ha twa s3 abokyi sekan!🔥,normal,normal,hate,normal
128546595,"It is witchcraft when your pals call others non Ghanaians, Dzelukope mafia, ntafo), incompetence and other unpalatable names and you do nothing about it.",abuse,hate,abuse,abuse
128546271,"Afihyia pa ooh, afi sesei na w'awo ntafo.",normal,normal,normal,normal
129595695,They have soon forgotten how they sold state cars like toffees to themselves… Siato,abuse,abuse,abuse,abuse
129595679,"Siato, ɛna NPP/NDC defense koaaa.... this Ghana deh bee u? ",abuse,hate,abuse,abuse
128546882,Nnipa awiey3 nny3 f3😅,abuse,abuse,normal,abuse
128547437,If you be Jon Wae u go market aa something Wae dem Dey sell 2gh sef dem go sell give you 50gh. Anka apakye wei Y3to no 100m?,hate,abuse,hate,hate
129596597,jackson we can’t even trust you wagyimi too much,abuse,abuse,abuse,abuse
128547074,KwasIIaa wagyImI paa. When they lash you and seIze your phone & ask you to pound fufu you wIll (cont),abuse,abuse,abuse,abuse
129595979,Aboa bi asefo). Aponkyeba. Kraman,abuse,abuse,abuse,abuse
128546304,Saa mo gyimisɛm wei mo ngyae?,abuse,abuse,abuse,abuse
128545416,"kurasini, when is that student visa expiring? ",abuse,abuse,abuse,abuse
129596048,🤣🤣🤣I just dey laff saaa....he shaaaa waaa as3 fufufunu,abuse,abuse,abuse,abuse
128545548,Mmoa mo kɔ didi mo wie a nato mo ne gyimisɛm wɔ app wei so. Mo ho fii,abuse,abuse,abuse,abuse
128545515,"ei na mo koraa mo system no y3 adwuma 24/7 mpo na moogyimi sei, 3ne3 Africa foc nso ny3 d3n ? ",abuse,hate,hate,hate
128546814,Richarlison nso w'asa paaaa o,abuse,abuse,abuse,abuse
129596640,woyale ong ??,abuse,abuse,abuse,abuse
128546203,These tugyimi fan herrrrrr...borga make u no mind am sef ...so them dey ooo if u don't back their fav then you turn hater ....I understand where joe was coming.. to them and their rapper every time somebody hate them,abuse,abuse,abuse,abuse
129596052,"We dont believe in taxation mpo nie...imagine if you guys did like by now we go pay breathing tax, romance tax, orgasm tax, chop money tax, dating tax, broken heart tax, bald/sakora men tax, short gals tax, obolo tui tax and what have you! 3ny3 nwanwa",abuse,normal,abuse,abuse
128547238,He talk shit like he has something kwasia Jon 🤣🤣🤣,abuse,abuse,abuse,abuse
129596628,Nah because ɛyɛ adwuma fon.,abuse,abuse,abuse,abuse
129595983,A man who said You don't need to borrow to build roads just toll the verious sections of the roads. But he was there when they closed the road tolls and over borrowed more than any gov't. Otorofo😂,abuse,abuse,abuse,abuse
129595653,Wana na wegyimi sini mu Mpreko fc Wo fave kwasia nu kraa you’re stanning her  Ma fren y3 study mtcheww  Nsem fonn,abuse,abuse,abuse,abuse
128545119,Tweaa. These days every girl dey be oh..  Ridee we dey check beauty after baptism oh,abuse,abuse,abuse,abuse
128545694,"Chaley, Kurasini dey iTunes oooooo.",abuse,abuse,abuse,abuse
129596142,"Nkwasiafoc,Urgly Akufo addo himself is more corrupt than Mahama’s appointees.Owusu Bempeh’s face is like a donkey’s mouth.Go and sit somewhere.This airbus propaganda will not see day light.Ennnnnnnfa.Ndc is winning this elections.Your Bawumia and Npp are Thieves and Criminals",hate,hate,hate,hate
129596432,"Ɔtrofoɔ, kohwini, krɔmfoɔ, dabrabani, manbɔfoɔ, kontomponi. Wo hwene sɛ upside down heart emoji. Nonsense.",abuse,abuse,abuse,abuse
128547397,"Bbn fans ni gyimie 🤣🤣🤣🤣
E dey pain you 🤣🤣🤣🤣🤣🤣
Gyimie paaaa nieee",abuse,abuse,abuse,abuse
129596226,"I just passed these group of labourers at my place, and one of them telling the rest that ""bank adwuma deɛ ɛyɛ mmaa adwuma oo, ɛnnyɛ adwuma. Ɛdwuma fon"". And i-  I'm flabbergasted",abuse,abuse,abuse,abuse
128547417,Gyimifo)...those times wey he drop song nu what changed?,abuse,abuse,abuse,abuse
128547065,"Animguasefoɔ, you couldn't win this Ugandan team that lost 4 goals to nil to Comoros just last week
🙄🤦🤦",abuse,abuse,abuse,abuse
128547294,Waa see. Sombro you dey wish death for somebro she no even know what the beef be about. That no be street code nana. Ɛyɛ gyimisɛm. Killers dey fi off some kidi sekoff 1000gh or 10gh then come justify am plus street code. Money? Ah chale. Ɛyɛ gyimie,abuse,abuse,abuse,abuse
128545059,Woyɛ animguasefoɔ paaa tweaaa,abuse,abuse,abuse,abuse
129596081,"Kraman ba 🤣. ""Ofui"". W'anim tantan 3ne w'anum kankan. Bcos y0u're ug[y, y0u've concealed ya identify. Coward🤣🤣",abuse,abuse,abuse,abuse
128545292,"Guys, is it true that the musician called Stonebwoy is an apakye?",abuse,hate,hate,hate
129596314,"Hw3 gymifo that stupid man  @MBawumia  who said he has locked the dollar , now the dollar is 12gh wagyimii papa.  You believe in bawumia and want to disrespect jm wabodam papa",abuse,abuse,abuse,abuse
128544868,Everybody vex Mahama lowkey 😂😂😂Minority Leader Haruna Idrissu serf dey want sleep😂😂😂 Ah 😂kasa hunu nkoaaa Mahama,abuse,hate,abuse,abuse
128545428,"Babiaa me fri no boy no dey get this far.
Se wo nya 22 na wo ny33 kowensani a u for thank ur God.Me hw3 no dii then I said no to that. Cont.",abuse,normal,abuse,abuse
128545756,"Woho fon s3 Tugyimi! Which of your family members comes close to Miracle? 
Wo dross baako s3 Afia Hypsy wati",abuse,abuse,abuse,abuse
128546929,Tweaa! What spirit?,abuse,abuse,abuse,abuse
128545820,"Obaa hemaa 3da he Mame sima
Na wosam bawee sei de3 woy3 den adwuma.
💔💔😂😂😂 Concert rap paa full Bankuta",hate,abuse,abuse,abuse
128546860,Akosua Manu no deɛ w'abon tu. Thank God she's contesting in a discerning constituency like Adenta. She'll never be in parliament with that her intellectual deficiency.,normal,abuse,abuse,abuse
129596183,You lack political sense.. you are now wailing more than the bereaved.. you are a small boy in politics.. very soon NPP will go to opposition and you will inherit Bawumia and NAPO’s enemies and they will be having drink up with their NDC fellows in the back yard.. wagyimi dodo!,abuse,hate,abuse,abuse
128545661,Hahahahah. Aboa. With all those players and a title-winning coach what’s Hearts position on the league? How many lashes have you given them?,abuse,abuse,abuse,abuse
128544867,"Serious agyimifoɔ. They want to be ""savage"" so bad with the nkuraasesɛm",abuse,abuse,abuse,abuse
128545931,Level 100 fo) ni aniso) shi3 ni gyimie dierr 😂😂,abuse,hate,abuse,abuse
128545555,Ghanaian men are cancelled 😭. I have heard too much nkwasiasem this week about yall.,abuse,hate,abuse,abuse
128546238,"aban foo, aban kankan, wei yɛ aban?
animguasefoɔ awudifoɔ.",abuse,hate,abuse,abuse
129596460,U're a usel3ss c0w@rd sm3lly NPPIG. Use your br@in 🧠. Aboa bi ba sei🤣🤣. W'agyimi sene wokrom hene ,abuse,abuse,abuse,abuse
128547411,Now you see enn..W'asa tu..tweaa,abuse,abuse,abuse,abuse
128547620,"Try hard never to put urself so much into a relationship, let her fall for u and ones u start seeing ur red flags it will be easier to walk out of it than feeling so much attached to her and still accepting disrespect and other nsem hunu. 👂👂👂",abuse,abuse,abuse,abuse
129595646,"Went through some of the comments and this our ""pull him down"" thing in Ghana is really a disease. Good luck tikelenkele 😘",abuse,abuse,abuse,abuse
128546572,"Go and ask your maths teacher, wabon right?",abuse,abuse,abuse,abuse
128545808,"When A NORTHENER Does, You Blame Ntafo). When A SOUTHERNER does, you blame Wee.",normal,hate,hate,hate
129595566,You might have wotiri so Ne wapampa so,abuse,abuse,abuse,abuse
128544759,Hyia me wɔ Suame Roundabout na menyɛ me nkuraasesɛm nkyerɛ wo akwatia.,abuse,abuse,abuse,abuse
128547048,"As Matter come di3, ebi this kind of Nkwasiasem sorrr you go hear! Everyone go cook ehn own story out of it this Matter .. Mrchewwww!!!",abuse,abuse,abuse,abuse
128547472,"U in the university, but whn u board trotro u join d illiterates to pointlessly insult  @JDMahama
 wu y3 kurasini papa",abuse,abuse,abuse,abuse
128546978,"Watch the poor people vote him into  the Parliament House with ease  and then tell you he is a very good MP, cos he attends funerals when called upon. 

Yeh gyimie sɛ train kwaen…..",abuse,hate,abuse,abuse
129595955,Mene mpreko goro wo ate3kyem  Nonsense 😆,abuse,abuse,abuse,abuse
129596271,Oh daabi Wo papa mom na agyimi kyen Nana addo. mo nim nyansa mpo na mo kum kum mo sɛ nkoko tumii nti. Napo ɔbɛ wu 😂😂😂,abuse,abuse,hate,abuse
128546642,Obaa nso na woto bawee s3 awiesu yi? .,abuse,abuse,abuse,abuse
128545836,Abrofo ne gyimisɛm deɛ,abuse,hate,abuse,abuse
128546739,Panyin toto paa n'a wanum kasa nyɛ sei,abuse,abuse,abuse,abuse
129595525,This lady grows ugly very time I see her . Eei fufufunu,abuse,abuse,abuse,abuse
128545306,Eeei koo bibinii 😂😂😂😂ghc2.40 paaa to start a business 😂😂😂,normal,hate,hate,hate
129596593,If this was a certain town under the Kum tree like you people dey call them backward. Ndwan,abuse,abuse,abuse,abuse
128547118,"where in her tweet did she mentioned Nana Aba??
Nkuraasesɛm aaakwaakwa!",abuse,abuse,abuse,abuse
128545704,")se last week people tweaa'd,today they are tweaa'ing,tomorrow they will tweaaa...agor) w) parliament paa oo",normal,abuse,abuse,abuse
128544930,Is this not the same Tugyimi constituency?,abuse,abuse,abuse,abuse
128547525,Odumodublack rapper no wabon papa..yie,abuse,abuse,abuse,abuse
129595755,It's your useless ashwawo mother that behaves like a dog. Kramanba gyimifo kurasinii aboaaa. Peasant looking crap. Kwasia the Mahama you are campaigning for nu we no see ein govt. Adweeeba,abuse,abuse,abuse,abuse
128546451,wabon..wo ti na ewu paaaa yie,abuse,abuse,abuse,abuse
129596420,Kwasia otorofo)!!!,abuse,abuse,abuse,abuse
128546950,"Mo deɛ gyimii, nkwaseasɛm ne nkuraasesɛm nkoaa monsua nyansa so if ur heroes no do nothing for u aaa it mean go and celebrate somebody ein own sia..wetin Mansa Musa do give Africa apart from waste his kingdom's wealth",abuse,abuse,abuse,abuse
128545462,Sɛ mo nya biribi di a nato mo ne gyimii kasa no ma hu sɛ obi ano ampae mo ngyae gyimisɛm no👍🏾,abuse,abuse,abuse,abuse
129595774,"Nantwieba, how many megawatts of power have this useless administration added to our national grid. Let them disconnect AMERI, Karpower 1 & 2 and see if we don't go back to dumsor. Atuabo gas that is supplying gas for power generation was established by Mills/Mahama. Odwan meee",abuse,abuse,abuse,abuse
128545085,why are you not posting the reality of life in Kumasi.. 🤣😂🤣 Animguasefoɔ huuuuu 🤣😂😂,abuse,hate,abuse,abuse
128547044,kurasini ba aboaa gymii gymiii ka nyansa s3m na wu y3 kwasiaa piii.,abuse,abuse,abuse,abuse
128547445,"Wo ne Gyimie de3 y3 nuafoc so you like 1b in a dream ,you go dream keep ruff",abuse,abuse,abuse,abuse
129595993,"TikTok influencers Shatta and his godmother fufufunu,sat on TikTok live video and addresses the  @GhPoliceService  position in the country and insulted the IGP for not collecting bribes from the celebrities.",abuse,abuse,abuse,abuse
129595698,The footsoldier's talking points for the Frontiers defense were also quite unhinged. This was a comment in response to concerns that people were being detained at KIA for not being able to pay the $150 price.  Yɛn  ate nsɛmfo wɔ krom ha pɛn. ,abuse,abuse,abuse,abuse
128545916,"Kwasia you're a fan at where? Who even insults their fav? Wabon no nso,wa sanso nnim nyansa ",abuse,abuse,abuse,abuse
128545513,Lmao Ellen di3 wagyimi o.,abuse,abuse,abuse,abuse
128546914,Woho fon wai. Records tantan sei,abuse,abuse,abuse,abuse
128546513,just say he be fine boy then stop the aura gyimisɛm no,abuse,abuse,abuse,abuse
129595726,Sia guy. The thought that I still translated it into twi so I can understand saana nsɛmfo😂😭😭,abuse,abuse,abuse,abuse
128544781,"Mo ti radio su wo Kumasi na nsem hunu nkoaaa na aka mo . Kurasinii biaaa sori aaa , ena obi eny3 Asante nii . No wonder some of you cannot progress . Radio edwuma noaa na mo b3y3. Because it is the industry that has lost respect.",abuse,hate,hate,hate
128544769,3tuo ato!!!!! Abokyi ho aka!!!,normal,normal,hate,normal
128547300,Gari President. Tweaa,abuse,abuse,abuse,abuse
128545868,"Bcos wonti brofu. Kurasini "" @gHboy_Quincy : I hate poems....Its jux not me""",abuse,abuse,abuse,abuse
129596250,"This guy as communications director of NPP paaa dier,tweaa kai. The report was prepared in 2021 and in the said report, efforts were made to remedy the situation and in 2023, you want journalist to carry cameras to kyebi to verify what? Anokwa paaa",abuse,hate,abuse,abuse
129596442,"Odw333, Wo hwene s3 buta, aboa bi ba, Wo ne wa busua fuo gyinaa maame tw3 baako baako mmoa ase fuo, oporo😂😂 wa y3 s3 napo hw3ne Kwasia Wo hi fi pct)) s3 prako ho Wo ho kankan s3 aban tiefi",abuse,abuse,abuse,abuse
128547331,"Talking stage dea nkwasiasem oo, they can give u straight answers saaa but when u stop texting too it turn asem.",abuse,abuse,abuse,abuse
129596101,hustlers are goin to work. y3n akwadwofo) nso yada😉✊😆,abuse,abuse,abuse,abuse
128544833,"This dude is tryna tell me savannah is the greatest city on earth & I ask why and he is like ""it has a diff smell"" lol like wagyimi??",abuse,abuse,abuse,abuse
128545510,Bayifoc ba kowensani,abuse,abuse,abuse,abuse
128545637,“Wo ware ayigbeni na n’abusua mp3 was3m a w)mb3ku wo sesia”,normal,hate,hate,hate
128546347,"Zongoni abaayewa ɔnhyɛ pieto 2x 
Baako hyɛ pieto, ne to atete 2x",hate,hate,abuse,hate
128546614,12am?? Nsem hunu s3 to carry on legacy.,abuse,abuse,abuse,abuse
129596512,"Fior for, wopre. Ohianiba  with attitude",abuse,abuse,abuse,abuse
128544806,"Ghanafoɔ deɛ sɛ nkwaseasɛm seyaa 
He's choosing Jordan over Kudus with disgrace
You think say God be apakye",abuse,hate,hate,hate
128545400,Where’s the lie here? You have the picture of a “so called Jesus Christ” in your church and it didn’t give you sense🤣and that you’re able to insult your fellow pastor. Animguasefoɔ a yɛde wɔn ayɛ yɛn asofoɔ🤧💔The Prophet has spoken🫡❤️,abuse,abuse,abuse,abuse
129595908,I'd rather look like this and be able to afford and own everything i want than to have than having a  pretty have and have to flirt and sleep with ugly  humans for their money and for some stupid social media engagements. Y3 b3 use wo saa..  even that obolo Korea hit tweaa,hate,abuse,abuse,abuse
128545724,Mo interview abodamfo) nkoaaa,abuse,abuse,abuse,abuse
128546003,Chai firi me so k) RT  @Maame36 tweaa.. i wud av killed u if i wanted dadaada... hihii RT NYboateng: Ayooo u want me dead and ur westend,abuse,abuse,hate,abuse
128545636,Hw3 try frafrani den see RT @nanayaa_oheme: The guys too dey fuck well rof,normal,normal,hate,normal
128547081,Ntafo) mmaa are really nice..but their boys? :x,hate,hate,abuse,hate
128545767,There's better rice at home wai. No tugyimi rice biaa,normal,abuse,abuse,abuse
128545367,Man if alatafuo were annoyed by us before they’re gonna HATE us today,normal,hate,hate,hate
129596185,Nantwieba na ew) ha sia😂,abuse,abuse,abuse,abuse
129596089,Gyama woyale?😂 somebro travel sanso buy ticket but you pay just dstv subscription dey hate on umm😂,abuse,abuse,abuse,abuse
129595844,Bitter man Koku kohwini 😂😂😂 You dey taya o 😂😂😂😂siapant ,abuse,abuse,abuse,abuse
128544800,Apakye wei p3 kwaseas3m,abuse,hate,abuse,abuse
128546337,That time I opened a can of Green Giant and decided to taste a forkful and ended up eating everything so there was none left for the dish I was making. What kind of nkuraasesɛm?,abuse,abuse,abuse,abuse
128547247,"sɛ wayɛ adwuma aa, wonhia tracker biaa, your sponsored media will even let us know but daabi, you've written a big budget just to share among yourselves. 
Animguasefoɔ",abuse,hate,abuse,abuse
128546996,lol aden na wagyimi saa? — Besa wu maame,abuse,abuse,abuse,abuse
128547066,Kramoni dwamanfo sei de3 menhu bi da,abuse,abuse,abuse,abuse
128547276,"Waka wo se asi so na brɔfo hunu nkoara na woreka. Self actualization, hwan hwan realization ɛna the world and beyond.",abuse,abuse,abuse,abuse
129596509,Akwadaa ketewa wo bc ball aa peg nkoaa wagyimi 😭😂😂😂,abuse,abuse,abuse,abuse
128544761,Enfa ohia nka nkwasiasem😏,abuse,abuse,abuse,abuse
128545391,You didn't counter with anything  Wo ti na ewu,abuse,abuse,abuse,abuse
129595583,Broni nnim nyansa saa,hate,abuse,hate,hate
128547433,"Demonstration ho donation. At de end if 50,000 was made. Dey will use 1000 to buy pure water and keep the rest. S3 mose moagyimi",abuse,abuse,abuse,abuse
128546523,Your ntoma ntoma like rag..wanum kankan s3 car mu tar,abuse,abuse,abuse,abuse
128545900,De3 yebedi mpo yennya …nsem hunu no aaa na ak) wo h),abuse,abuse,abuse,abuse
128547439,All of my friends calling me apakye..... Warned art thou.....will kick u all 1nce I get better.....:P,abuse,abuse,hate,abuse
128547460,Kwasia Aboa 😂😂😂😂,abuse,abuse,abuse,abuse
129596104,they want us to pay for TV license... sekof this? tweaa,abuse,abuse,abuse,abuse
128547641,"people in the comments saying “he’s been our best attacker this year” mo nyinaa moagyimi gyimi, how’s the guy with the least contribution among our forwards our best attacker? ah moagyimi too much ",abuse,abuse,abuse,abuse
129595991,…come and see odikro nsɛmfo nkoaa,abuse,abuse,abuse,abuse
128544834,Aboa u b from broken home! My parents wedded in Christ name.... but if u want to tell us ur story we cool!!! Tuutuu nii ba! Aboa wanum kankai s3 Gyata toilet!!! No sensible man rejects #Advice get it na wagyimi dodo!,abuse,abuse,abuse,abuse
129595576,ou really dey work for people to know the  copyfesto but aboaa nyɛ no wonyɛ no deɛn a nyɛ 😂😂😂,abuse,abuse,abuse,abuse
128546536,"S3 wonim s3 wonni h) aa meda a )nda o 🥲
Woho adwendwen aa na b3ku me a mama fon aka atea Ei, meny3 d3n niii 😭😭😭😭",normal,normal,normal,normal
129596007,This adenta kumi guy di3 obolo bia agyimi buh this di3 obolo bia na no aj3g3 bia agyimi 🤣🤣,hate,abuse,hate,hate
128544852,😂 Debate who? bawumia the failure moagyimi ong? . You are going to opposition,abuse,hate,abuse,abuse
128545516,"You’re for the streets now
Tuutuunii b33ma",hate,abuse,abuse,abuse
128546639,You moved this girl from a forgettable contestant in her season to an ALL STAR winner. I’ll never forgive you alatafuo!,abuse,hate,hate,hate
129596207,"You deɛ gyimi na I go get you.. Madrid fan aa, w’ayɛ woho motromodwo... Your time go come.",abuse,abuse,abuse,abuse
128546072,Afena ho nny3f3 baako sei,abuse,abuse,abuse,abuse
128547187,All of a sudden he is skipping that bawuliar cannot see the fundamentals against kwasia fo),abuse,abuse,abuse,abuse
128545067,Delete this nonsense!!! Delete this shit! Delete this nkwasiasem,abuse,abuse,abuse,abuse
129595686,Npp nkwasiafoc should listen to this. Anaa he's wearing party colors? The problem of this country is the foolish youth who are going thru hardship in this country but yet campaigning vigorously for the people wjo brought the same hardship on us. Ghana is gone,hate,hate,abuse,hate
128546033,"Gyimieee nkoaa, so what is the sense in this tsww , if u can’t aa come home err who force you.. black man  de3 saa",abuse,hate,hate,hate
129595752,"Kwasia ogwan ofui, why didn't you ask where these save neutrals were when your useless party was accusing John Mahama of killing professor Mills just to become president? Aboafunu 🤣🤣🤣🤣🤣🤣🤣🤣🤣🤣🤣🤣 ",abuse,hate,abuse,abuse
128546154,hw3 nkwasiasem bi nso,abuse,abuse,abuse,abuse
129596524,Saa Jon Dumelo adwuma fon no yagyae..🤣🤣🤣🤣,abuse,abuse,abuse,abuse
128546558,"Sia, always supporting gyimisɛm on this platform.",abuse,abuse,abuse,abuse
128544896,Ei koo bibinii 😳😡,normal,hate,hate,hate
128547631,So you won’t delete ? Ah . Wabon k3k3 😂,abuse,abuse,abuse,abuse
128546641,Nner der Messi goals no nny3 f3 koraa... We go again next week.,normal,abuse,abuse,abuse
128544732,"Facts mmom 😂
Tell your Goat to stop crying .. Godfather of mentality monsters 😂.. b33ma awiey3 nny3 f3 😂",abuse,abuse,abuse,abuse
128545546,Chelsea players ne nkuraasesɛm deɛ,abuse,hate,abuse,abuse
128545593,A whole statement on a player that doesn't play for you. Animguasefoɔ,abuse,abuse,abuse,abuse
129595534,Fa Wo gyimie no fi ri ho kor ! Tell your Bawumia to face the media first. Hypocrite and bootlicker,abuse,abuse,abuse,abuse
128547151,"W’abɔ neho dam, obegu yɛn team",abuse,abuse,abuse,abuse
129596360,Tbh I’ll prefer this man trending on my timeline over fufufunu or Rashida black beauty,normal,abuse,abuse,abuse
128546136,Asantefo) ho ahi oo charley. 🤣🤣🤣🤣,hate,hate,hate,hate
129595916,Onana agyimiagyimi agyimi menhuuu neso gyimifoc da,abuse,abuse,abuse,abuse
129595827,"Ofui, won't u compose song for  this one. If it's Mahama by now 20 tracks are released already. Aponkyeba",abuse,abuse,abuse,abuse
129596138,Aboaba!!! What makes u think ur already sided opinion matters to us.,abuse,abuse,abuse,abuse
128546892,"Obiaa bia agyimi no 3y3 real    Obaa paa as3 bidei bctc 
Apuu     Body bawee s3 wele     Ama woni twem",abuse,abuse,abuse,abuse
129595613,Ndc propaganda machine 😂. We know you now Atorofo),hate,hate,abuse,hate
128546926,"Nicga fcvk you negger  Gtfo Negger Kwasia  Aboa , gyimii , Prako , Kraman, Odwan, peacock, Kwasia boy , wo maame tw3 and etc and etc Kurasini jobless Mf",abuse,abuse,abuse,abuse
128547618,Canada is too cold but you still dey stay there aboa ba 😂,abuse,abuse,abuse,abuse
128547033,"Just how I imagined he’d write , wabon k3k3 https://",abuse,abuse,abuse,abuse
128545168,"Alata yaw, up your game oo na moagyimi dodo 😄😄😄",hate,abuse,abuse,abuse
128545730,That's all you do. FOH..... Wanim anyinya te s3 tuutuunii tw3.,abuse,abuse,abuse,abuse
129595944,"Ah I figa you dey come talk men sef, females?  Senior man nu w’agyimi anaa? Aden wo nua baa nan so anaa? ",abuse,abuse,abuse,abuse
129595754,This lady said tweaa to my question relating to relationship and depression 😂😂😂,abuse,abuse,abuse,abuse
128545273,Ad3n?? RT @krissiebaybe: I'm not trynna be funny b@ ad3n koraa enti na asantefo) p3 borga borgas3m saa? @chillz_maniac,normal,hate,hate,hate
128545582,"Bridget Otoo always dey search attention on twitter, nkuraasesɛm bɛn no no?",abuse,abuse,abuse,abuse
128546599,Man u people you go watch TV for somebro ein room see what you do. Now you go take your life savings pay for the TV. Otweaa !!😂,abuse,abuse,abuse,abuse
129596569,"Nana Apenkra(Kontomponi aferi) who’s a pillar in the IMC has stated categorically clear, that he doesn’t know anything about “THE HOPELESS BRAND”! More revelations in the pipeline! He who abandons his own house, shall inherit the wind 🤣🤣🤣",abuse,abuse,normal,abuse
128545676,Unfollowing everyone who retweets/likes tweets about girls having sex for iPhones. That nkwasiasem won't fly here.,abuse,abuse,abuse,abuse
128546299,Not again😭😭.Xavi say he go stay norr see some nkwasiasem the players dey do😂😂,abuse,abuse,abuse,abuse
128544926,"You are pained 
Awwwwwww
Gyimie",abuse,abuse,abuse,abuse
128546201,"Telling me I’m pretty for a Ghanaian because of my skin colour is not a compliment, it’s nkwasiasem.",abuse,abuse,abuse,abuse
129595551,🤣💪💪 obolo tui fo) ne akokoa safo fo) nu nyinaaa omo nsoma mo y3,hate,abuse,abuse,abuse
129595900,Atorofo asefoc Check if we don't refine gold anaa?,abuse,abuse,abuse,abuse
128546972,"Ma, your MCM's coach just threw daggers at their club ""legend"". Ose kasa hunu na 3y3 ne d3.",abuse,abuse,abuse,abuse
128547330,You de3 you gyimie saa,abuse,abuse,abuse,abuse
129595657,So we can’t have stable light for at least 24 hours? In 2024? Do we have humans leading this country or mpreko ,abuse,abuse,abuse,abuse
128547406,So demeaning to our national identity and history. Gyimisɛm.,abuse,abuse,abuse,abuse
129596327,Aah the effontery only for me to see pigs around my tweet wtf  Mpreko  Efiiiii fuo,abuse,abuse,abuse,abuse
129596009,You are not funny most times but I'm happy for u tikelenkele.,abuse,abuse,abuse,abuse
129596355,If you wanna campaign for your party campaign for them and stop tweeting nonsense. Whats going on here. Media adane mo nkwasiafoc no .,abuse,abuse,abuse,abuse
128546483,Strongman y3 Kurasini rough 😂,abuse,abuse,abuse,abuse
128545161,Kramoni ba paaa na wop3 duabo sei ?,normal,hate,hate,hate
129595523,Saa adwuma fon Wei de3 yagyae 😂😂,abuse,abuse,abuse,abuse
129596345,She sana get vhim say she go sleep with aeroplanefitar girl nu wabodam anaa.,abuse,abuse,abuse,abuse
129596255,Ka kyerɛ no. Nsɛmfo nkoara na wɔ mo di no afidie yi so,abuse,abuse,abuse,abuse
128545645,I believe Baba sadiq because stonebwoy can do anything nkuraasesɛm wei yɛ de gye Grammy,abuse,abuse,abuse,abuse
128547446,"Woyɛ aboa piii. Ɔbaa foonn bi. Ɔbaa gyimifoɔ. Does he pay his taxes to Fifa? Gyimisɛm. In fact w'agyimi ankasankasa. Barima ɔbɛware wo no deɛ, mema no due firisɛ gyimie na ɔbɛtete wɔ né fie.",abuse,abuse,abuse,abuse
128544809,Ask your dirty ashawo mother. Wo ho fi,abuse,abuse,abuse,abuse
128545543,Ndwom toɔ ankasa biribi di akyere Mo bebree firi ha di kɔ aburokyire nyinaa especially Amerika nyinaa moagyimiSɛ ɛyɛ nduro bɔne oo sɛ deɛn oo me nnim but moagyimi paa ,abuse,abuse,abuse,abuse
128546876,He be kurasini! He cant flush? What is he there for ?😩😩😩😩 like i go cry  ,abuse,abuse,abuse,abuse
128545947,na s3 wagyimi aaa y3b3 so sc wo so,abuse,abuse,abuse,abuse
128545311,Me ho nny3 f3 nti me texti wo aa wonfii me.. Vhim,normal,abuse,abuse,abuse
129595638,Hmmm bet yi. Adwuma fon paaaa,abuse,abuse,abuse,abuse
129596180,"Out of context but anytime I see “jama woyale”, my inner bring shouts Woho popo",abuse,normal,abuse,abuse
129595697,"Some of you are insufferable on this app. Ohm na your papa in this industry, don't even try rubbish my dear cause I assure you, the outcome won't be nice. The next time such happens, your fave will be catching strays and shades wallai  Pained nuisance of a person  Nsɛmfo sei!!!",abuse,abuse,abuse,abuse
129596587,"Wo di tw3 ,wa ka ta wano tis3 wo y3 mumu, woyale ong?",abuse,abuse,abuse,abuse
128545078,"There’s a popular maxim in law I like so much; “He who comes into equity must himself come with clean hands”
Translation: Wo ti awu aa m3nkɔ fr3 obi s3 tiwui😹😹
Amma foɔ let me see your shoutiiiinnngg🤣
",abuse,abuse,abuse,abuse
128546118,Ofui so you can’t love two artistes at the same time? Gymie. Like make I listen Apakye music?,hate,abuse,hate,hate
128547209,The driver sef nor see top na mate? Tweaa 😂😂😂,abuse,abuse,abuse,abuse
128547553,You like me and I like you but you will screenshot my part of the convo for fans. Wagyimi s3n Judas koraa. Only wretched and ratchet hoes do,abuse,abuse,abuse,abuse
129595676,You're active on snapchat and you're telling me you don't watch porn? Pls spare me that😌.Otorofo😂😂😂😂😂😂,abuse,abuse,abuse,abuse
129596572,ECG and all the power stations monyinaaa mo nnim Nyansa. We have appliances that could get destroyed by these intermittent outages…create the fukn schedule ffs😒,abuse,hate,abuse,abuse
128546585,"wo+ti+na+ewu, nobi da sch u go RT @_YeeZyTMe_:  @vonlamp ago cyto wai",abuse,abuse,abuse,abuse
129596107,Me ho kankan s3 w'anum,abuse,abuse,abuse,abuse
128545860,"3y3 Nyame na b3y3,Asafo Awurade na 3b3y3,)ko yi ny3 nipa ko,3y3 Awurade ko.",normal,normal,normal,normal
129595917,"Wonk) anaa??""@kwa_ame: adwuma fon wei nso )mo se membra interview. bloody hell""",abuse,abuse,abuse,abuse
129596149,This 😂😂😂 you figure say God be some small boy? Let's stop kidding charley. He sef he say motromodwo niggas dey vex am pass full time bad gang,abuse,abuse,hate,abuse
128547295,They are always ready to fight because its never about service to the people. tweaa,abuse,abuse,abuse,abuse
128547003,Monfa mo gyimie fri yen su na politics today politics tomorrow,abuse,abuse,abuse,abuse
128544914,Andrew be Kurasini paaa,abuse,abuse,abuse,abuse
129595564,Gyimii you Dey twitter Dey talk trash aponkyeba,abuse,abuse,abuse,abuse
128546163,Webkid deɛ sɛ gyimisɛm koaaa!,abuse,abuse,abuse,abuse
128546121,Arsenal as a football club ankasa they're not serious wen it comes to transfers.... Nkuraasesɛm nkoaaa.. Mmoa,abuse,hate,abuse,abuse
129596283,She went to call their leader😂😂 Nkwasiafuo s33 Moani mbiey3 kraa  Mpreko aka Tweso yin tw3nson fc😂😂😂,abuse,abuse,abuse,abuse
128547515,bruno what? was he supposed to pass that ball? moagyimi dodo ah ,abuse,abuse,abuse,abuse
129596581,Today it randomly occurred to me that there are actually people who are only attracted to unavailable people. As in they never think to make a move the whole time you’re available until you’re finally having the time of your life with someone then suddenly…me nnim sɛ ɛyɛ bayie o,abuse,abuse,abuse,abuse
128545236,Gyimisɛm sei am I a kid to be fooled by an influencer? Goods and services are skyrocketing and you say what,abuse,abuse,abuse,abuse
128544815,"😂😂 mode3 gyimie naa 
anka financial support no anka u want him to use his salary to support them ? u no even see say u come prove say u fool 
u no kno say state fit support private sector make e boost economy? who even born u sef",abuse,abuse,abuse,abuse
128545525,Sɛ wagymi ampa woho fon wati sia kwa,abuse,abuse,abuse,abuse
128545994,Tugyimi fans and fearo😅,abuse,abuse,abuse,abuse
128545851,"Woy3 kwasia did you read what I said ? Did I tell you she’s my friend or someone I saw at the club 
Gyimie fou berma",hate,abuse,abuse,abuse
128547496,You borrowed the name Ghana and added it to your ahwiefoɔ club. That's why the whole of Ghana is talking about it. Ahwiefoɔ ɛne animguasefoɔ club,abuse,abuse,abuse,abuse
128547565,"Unless ur influencer no see any win from Naija.... ɛna this person is bigger than the whole Ghana music industry, gyimisɛm sei kai!!",abuse,abuse,abuse,abuse
129596633,ose reader dabi my copy book aboataaa,abuse,abuse,abuse,abuse
129595584,"the statement ""i keep my head to the sky"" doesn't apply to 'november heads' AKA tikelenkele",hate,abuse,abuse,abuse
128546411,I’m seeing ‘alatafuo’ is a racial slur and that the tourism is getting to our heads ,hate,normal,hate,hate
128546981,"Abodamfo) nkoaa, lazy youth. Walking liabilities",abuse,hate,abuse,abuse
128547391,Abodamfo) mienu,abuse,abuse,abuse,abuse
129595659,Wo maaaame tw3 kwasia man  Abandoned Aboaba,abuse,abuse,abuse,abuse
128546795,Aah Buh YawTog W’asa paa o,abuse,abuse,abuse,abuse
128546775,Monti brofo nso dabia moti TV so ɛna nsem hunu no mo keka,abuse,abuse,abuse,abuse
129595753,"Aboaba bi sei, have got nerves to talk because Bawumia don’t know how to hand pick sensible people",abuse,abuse,abuse,abuse
129596468,"Wo maame ashawo no nnim nyansa a, anka she won’t give birth to such an idiot like you",abuse,abuse,abuse,abuse
128546979,"Ei Ewulade Nyankopon, 3ne3 Ameyaw w'asa paa o😝...",abuse,abuse,abuse,abuse
129596368,Chacha y3 adwuma fon. Gyae,abuse,abuse,abuse,abuse
128545002,"I beg to disagree with the ""nice girl a w'abon"" in the comments. School grades don't determine the intelligence of people. For all you know, she didn't attend/register for BECE at a good school, which counts as well.",abuse,normal,abuse,abuse
128545025,3kraa Woho fon eeeee. Odean m3333. I will still write that horrible English u still read to understand what I mean. Ofui 🤣,abuse,abuse,abuse,abuse
128545345,"Gyimie questions nkoaaa 
A failed mce",abuse,abuse,abuse,abuse
128547364,Moagyimi gyimi paa,abuse,abuse,abuse,abuse
129595840,"They’re tagging Blacko illuminati or baphomet (devil) as they did to Sarkodie so that people will stop listening to his songs, I felt it when Sarkodie said “3ma mo nfa mo bayie no nkc stopi Blacko”",abuse,abuse,abuse,abuse
128547101,ssshhhh TYPO★massa stop dat na wo ti ewu,abuse,abuse,abuse,abuse
128546699,Tweaa. Even I would have given similar response. You de3 be there  ,abuse,abuse,normal,abuse
128545989,"Sadio mane and Thomas muller sef Dey use crack phone, mode3 gyimie",abuse,abuse,abuse,abuse
129595637,They love wotriso ne wapampa so. W'anim s3 tw3de3,abuse,abuse,abuse,abuse
129596421,"Your favs that they be using english no where exactly dem dey? It's true English is a universal language but it doesn't mean you should put your language aside and carry someone's own, carry your own for back and the other ones anyhow you want it Mosɔre a na mookeka nsɛmfo 😤😤",abuse,abuse,abuse,abuse
129596196,Mama could have avoided wotiri so ne wapampa so😹 Asia wagyimi na meeka akyer3 wo a wose ,abuse,abuse,abuse,abuse
128545541,Woyɛ panyin na sua kasa w'anum kasa nyɛ,normal,abuse,abuse,abuse
128545072,How can you compare King paluta to R2bees …moagyimi gyimi anaa,abuse,abuse,abuse,abuse
128544900,"Painsssss, is that you? 😂😂😂 we be your headache ɛɛ? Wo papa kwasia wai. Fwgk",abuse,abuse,abuse,abuse
128546768,Shatta Wale carry his gyimigyimi attitude go the Thread app wey nobody mind am so he’s gone back to Facebook. Otweaa 😂😂😂😂,abuse,abuse,abuse,abuse
128546510,Flop wo ni twaaaaaaaasidi.. wo spectacles as3 bronya spectacles.. w go listen to twista nd TI,abuse,abuse,abuse,abuse
128547360,Fa wo sika wai nkwasiasem akwakwa,abuse,abuse,abuse,abuse
128545207,Kramoni aaa wop3 tw3. I didn't mention any name ooo 😂😂😂💔,hate,hate,hate,hate
128545500,*Nitiwul* wo ti awu dodo,abuse,abuse,abuse,abuse
129596175,Otorofo Kromfo Nana Nam1,abuse,abuse,abuse,abuse
129596041,"I will always say Portfolio will always be ahead of Obolo tui with no sense Dj Slim in terms of everything. Fanbase aside, he nailed it with his submissions on matter arising of Shatta Wale and Stonebwoy. Not what  @Kwamedadziegh  so called journalist is doing.",hate,abuse,hate,hate
128547216,"Ntafo) mmienu di omo ho ah, 3fa mo akanfo) ho ben?! Mondi mo lane mu",abuse,hate,hate,hate
128544751,Moagyimi o. The slap wasn't even enough,abuse,abuse,abuse,abuse
128545348,Woho nny3 f3 kwraa. Ah abrante3,abuse,abuse,abuse,abuse
129596369,Wagyimi nti let me block you,abuse,abuse,abuse,abuse
129595778,Depends on the reason why you dislike your friend’s partner ebia na 3y3 bayie saa no de3 wohia mpaebo,abuse,abuse,abuse,abuse
128547070,"Cbɛn me anka me twaa nani so,gyimisɛm sei",abuse,abuse,abuse,abuse
129595607,"We have the men, we will arrest the dollar, breaking the wotriso ne wapampa so",abuse,abuse,abuse,abuse
129595863,"Even ur father dey, at least me i see ur father.  If i no see person wey fool for the life self, i see ur papa........kwasiato mu kramanba. Mmoa mu yerefuor 🤣🤣",abuse,abuse,abuse,abuse
129595554,I know this celeb from upper primary. That's Metamorphic rock... Obaa body na ay3 bawee s3 bankye e,hate,abuse,abuse,abuse
128544975,"Mo ngyae Ghana Police gyimisɛm nho, anything ghana police anything ghana police. Do you know her age",abuse,abuse,abuse,abuse
129596004,Nipa y3 wotiri so 😂😂,abuse,abuse,abuse,abuse
129596300,"If you knew the number of pastors that uses their big churches to launder money in this country, you would shut the fuck up and stop being bias . You are either for or against the motion , don’t come here doing motromodwo .",abuse,abuse,abuse,abuse
128545405,"This thing is really tiring o 😂
Most people the moment they see my name ""AHMED"" , They be like ""Oh woy3 kramoni""😩😩",normal,normal,hate,normal
128546240,But why would you lie about something as trivial as this ? Who the fuck cares? Kurasini,abuse,abuse,abuse,abuse
128545871,Ghanafo) ne kasa hunu!,abuse,hate,abuse,abuse
128546974,Football de3 nkwasiasem nkoaaa,abuse,abuse,abuse,abuse
128545479,Siaaa toliwa,abuse,abuse,abuse,abuse
128546575,Is X app also having free mode? Wabon paa with a durag on ur head hmmm,abuse,abuse,abuse,abuse
128546508,Omo yaale paaaa. Nkuraasesɛm kwa Ahhh 🤔🤔🤔🤔,abuse,abuse,abuse,abuse
129595555,You de tell me say hebe mid..wabodam!,abuse,abuse,abuse,abuse
128546608,10 minutes? He won't reach for your bra or zipper ? Aden enka wagyimi?,abuse,abuse,abuse,abuse
128546987,"Before I throw you a k!ller punch, tell me who constructed the Accra Digital Center.
Enimguasefoɔ. If there's anyone to trust, as far as digitalization is concerned, then it's certainly not any of the goons in your failed party. You guys know no shame 🤮🤮",abuse,hate,abuse,abuse
128547156,me yɛ sure sɛ me hu Alatafuo ɛwɔ Party In The Park,hate,normal,hate,hate
129595843,Wo papa k)ti b)t)...Aboaba,abuse,abuse,abuse,abuse
128546798,"Abokyi grade no dɔɔso dodo na German products nti saaa. Stop the oversized neck shape, let it be slim fit and look cute on the players and supporters who’ll purchase, produce quality texture which is sweat friendly and give quality raincoats to the team.",abuse,abuse,hate,abuse
128546156,😂nipa y3 aboa bone,abuse,abuse,abuse,abuse
128546384,omo nyinaa omoho nny3 f3 baako kraa sei,abuse,abuse,abuse,abuse
128544888,"Sia wahu bi da, wo rap fon nu 3nfa Woho 3ntoto me da, me rap d3 Nti lil Wayne a posti me picture 😭❤️ next rap from our superstar 😂😂 ",abuse,abuse,abuse,abuse
128544754,"RT @gfsmokinaceTeacher, me pah wo tsou. Wo y3 obaa anaa b3ma? aden, waei ni abor? Oba class daaa nsu wo nim seh mi yeh berima anaa obaa.",normal,abuse,normal,normal
129595603,"Now ATM become shrine to them eiiii.....our Ama Ghana paaaa nie....now them take off their slippers before withdrawal from ATM 😆😆😆😆  wo tena akruase kye na wose aporo a, wogyimi....",abuse,abuse,abuse,abuse
128545074,Mpanyinfuor na moagyimi sei ei,abuse,abuse,abuse,abuse
129595571,…siasɛm yɛ cup aah musi record nsɛmfo yɛ ɛhi!!!,abuse,abuse,abuse,abuse
128545950,Dross no kraa nny3 f3😹😹,abuse,abuse,abuse,abuse
128545560,"The music is for US! If anybody else enjoys it, that’s a plus. Nsem hunu saaa",abuse,abuse,abuse,abuse
128547249,In opposition the greatest economic wizard in power he is talking  Ghana card and toilets. now you are using another wagadr3 terms again you guys are sick in the head abodamfo nkoaaa,abuse,abuse,abuse,abuse
128547474,"Ei... You deserve all that they're saying to you. 
Wo kasa nyɛ",abuse,abuse,abuse,abuse
128545355,See whose talking about nkwasia adwene,abuse,abuse,abuse,abuse
128546505,"A person who calls himself literate mpo nie oh chale, m’ani awu ama wo o 🙈 Social media ama wo gyimie ada adi papa. Wo ho sɛ tiefi mu mmoa. Ɔkwapae biara ne wo nsɛ. Honestly I ain’t going back and forth with you no more. Prɛko🐖",abuse,abuse,abuse,abuse
128546871,Saa nkwasiasem nu we stopped a looooong time ago 😂😊,abuse,abuse,abuse,abuse
129596639,Siato u think say we not get television for our house,abuse,abuse,abuse,abuse
129596153,Otweaa 😂  Learn how to talk Ofui.  Pray your wife don’t kill your and take all your properties.,abuse,abuse,abuse,abuse
128546577,Lunch tym is approach'n...starv'n like frafrani...no disrespect tho!,hate,hate,hate,hate
128546472,"Gyimisɛm saaa, when are we ever going to be serious?",abuse,abuse,abuse,abuse
128546648,"Wo maame tw3 10million. Kwasiaa,woho fon, what are you doing for your country",abuse,abuse,abuse,abuse
128546711,"Men will always be men😂😂 but look at what the woman is trying to do,Nipa ny3😂😂",abuse,abuse,normal,abuse
128546495,Wo tie s3 fantefo ntomago.. nice day✌🏾,abuse,abuse,abuse,abuse
129596485,Gob3 65cedis Aden palm oil no was it extracted from the third heavens. Gya ma woyale.,abuse,abuse,abuse,abuse
128545581,Pained?? When u walked ur gyimie Self to my page? Wabodam !!,abuse,abuse,abuse,abuse
128546398,Abokyi Gyimifo),abuse,abuse,abuse,abuse
129595889,"This unusual mamba. You're upset with Ilebaye on people's behalf? So much for ""I care about her"". Care about her wotriso ne wapampa so. ",abuse,abuse,abuse,abuse
128547060,"That one bookmark is Curtis I know, woho fon wati",abuse,abuse,abuse,abuse
128546053,"Ei, asantefo) p3 eyie dodo! Aaaba!",normal,hate,hate,hate
128546770,Asantefo) ne y3n fufuo. As3 Tv3 ne content 😃,normal,normal,hate,normal
128546607,W'abɔ dam. Wo yale wai. You need to see a psychologist. Wo nyɛ collet.,abuse,abuse,abuse,abuse
128545532,Nigerian Artist can hit 1Million views in a day and it will look Normal to Ghanaians buh when Ghanaian Artist hit 1Million views in a day dierrr lie lie he buy am. 😂 God himself is disappointed in creating us. Siaaa sam kwa. Stonebwoy all the way!!! 🇬🇭🔥🔥,abuse,hate,abuse,abuse
129595611,adwuma fon ben wode3 ama me no  woho fin wati,abuse,abuse,abuse,abuse
128546428,"Kwasia!
You don't have mind to think?
Come oversea and witness it here.
Gyimie nkoaa saaa",abuse,abuse,abuse,abuse
128544805,Wo ne wo boss no nyinaaa mo maame twease! Kramoni kɔhwe nsani!,hate,abuse,abuse,abuse
128546544,"@yitsugee
 you never engage my tweet before 
But secof you dey want pull me down nti you retweet
Woho fon wati",abuse,abuse,abuse,abuse
129595898,You’re a foolish man. Nantwieba aboa bi wo ho tantan s3 ofui,abuse,abuse,abuse,abuse
128545347,Gyimie saaa na w’awu kwa😂😂,abuse,abuse,abuse,abuse
128544741,Wo koraa saa wabon. The coward ancestors you are talking about ironically are the ones who saved the entire West Africa from the British forcefully taking lands belonging to the natives,abuse,abuse,abuse,abuse
129596050,"nsɛmfo nkoaa, w’ahwɛ yie a, wobɛ didi obi atem kwa! 😂😂😂",abuse,abuse,abuse,abuse
128546126,Gyimie saaa… can you see what your rivals are doing… don’t sign players and keep fooling,abuse,abuse,abuse,abuse
128545691,Hahahaah twaso na saa akoa no nanum kasa nyɛ! Gye sɛ extra 4 years for Digital man.,normal,abuse,abuse,abuse
129596249,"Rivers are wotiriso, lies are wapampam🤣",abuse,abuse,abuse,abuse
129595990,Foolish useless leaders npp and ndc making Ghana a living hell. God will judge you people for that NKWASIAFOC,abuse,abuse,abuse,abuse
128546365,Wo bɛfa bronya ho awe nkokɔ? wo party foon sɛ apakye cambuu,hate,hate,hate,hate
128544924,"The Cape Verde team is actually good oo. And our coach too wabon, he underrated them.",abuse,abuse,abuse,abuse
128546875,"Kurasini, this is not how to use the picture.",abuse,abuse,abuse,abuse
128546083,Mo ngyae nsem hunu no,abuse,abuse,abuse,abuse
128544789,Woy3 aboa🤣🤣🤣woho s3 Kia Picanto,abuse,abuse,abuse,abuse
128545622,Wu ti ewu kraa na midɔ wo mooore 😍,abuse,abuse,abuse,abuse
128546406,Modeɛ moagyimi ohh..odwan tesɛ wo..woho finn ..talking ill about Gunshot for what reason ..Nantwie ba tesɛ wo,abuse,abuse,abuse,abuse
128545310,i have always been saying this..  fantefo) paa na agyimi w) ghana ha,hate,hate,hate,hate
128547638,What is tunica albuginea?…tuutuunii anaa?,abuse,abuse,abuse,abuse
129596577,"You’re smoking weed, doing drug and more.. and you want to make Mama proud..🤨                                                             Asumasi.. with what?                                            Nantwieba ☹️☹️☹️☹️",abuse,abuse,abuse,abuse
128547205,A-Plus dii3 s3 wabon. Kasa by heart guy. When did Nana Addo sack her? Wei Law Student,abuse,abuse,abuse,abuse
129596527,"Gyimiefoc aboaba, how many of the agenda 111 have been completed? Wokwasia s3 wo Papa kwasia no",abuse,abuse,abuse,abuse
129596333,Obaa anim bawee S3 3ser3 so bankye a adi b3y3 5 years🔥🔥🔥,abuse,abuse,abuse,abuse
128544729,Eii saa na abodamfo) starti ooo 😭,hate,abuse,abuse,abuse
128547102,"Ah wait oo, suarez 11th assist? Why? Wagyimi anaa? The goals all turn assists. Bastard",abuse,abuse,abuse,abuse
128545644,....and we're there eating our fufu & kenkey & of course engaging in our favorite past time ..... kasa hunu! Smh 🙈😄,abuse,abuse,abuse,abuse
128546499,Ey na saa moagyimi saa? Boi3😭😭,abuse,abuse,abuse,abuse
128547255,Ah wo Wagyimi paa. Kweku Smoke go hear this,abuse,abuse,abuse,abuse
129596289,"Adebaako a ɛfa nokware nkrɛmosom ho ne sɛɛ, ɔsom no kasa atia atorodi. ISIS kyerɛ sɛ wɔbɔ nokware nkrɛmosom ho ban nanso wɔdaada mmea to mmofra monaa. Wɔyɛ atorofo!!!!",abuse,hate,abuse,abuse
129596135,"Gyama woyali ong  Wo nyansa no akakakra  Google interpolation, intellectual property then come make we talk betters Wo ho fi s3 fita ni sneakers wate",abuse,abuse,abuse,abuse
128545873,Forget. It be gyimisɛm.,abuse,abuse,abuse,abuse
128546381,Code micky pɛ gyimie o🤣🤣,abuse,abuse,abuse,abuse
128546703,Hw3 ne 3 quarters bi a 3hy3 no. Jon.,abuse,abuse,abuse,abuse
129596045,Short man wey you do raster you look like. Sasabonsam,abuse,abuse,abuse,abuse
128544978,"Dis dude go party dn do bacon tins aaa, he dnt knw hw to use #excel nw seekn 4 help otweaa",abuse,abuse,abuse,abuse
128545136,He score you worldie so you dey boom am? 😂 Animguasefoɔ,abuse,abuse,abuse,abuse
129595962,"This forkin boy is talking on radio because we have an incompetent IMC chairman like Kontomponi Afer3 Hene Nana Apinkrah running Asante Kotoko..Because he has put kotoko in village mode, all these morons have gotten access to the club",abuse,abuse,abuse,abuse
128546043,There are mad people in Ghana. Abodamfo) papapaa. Eiiii,abuse,abuse,abuse,abuse
129596515,Nikolas Jackson Wagyimi ruffff,abuse,abuse,abuse,abuse
128545605,Wo ti ewu ankasa.😂,abuse,abuse,abuse,abuse
129595631,Kwadwoni. Tuei,abuse,abuse,abuse,abuse
128546256,"Mahama himself is corrupt,in fact he is an arm robber...fa wo gyimie soor ho ko ofui Jon boy",abuse,hate,abuse,abuse
128547090,"W'anum kasa nyɛ, hwɛ na wanfa ankɔ awareɛ ase",normal,abuse,abuse,abuse
129595624,This fraud refused to accept his Ipswich contract extension because the media misled him into believing Chelsea was interested in him. Siaman!,abuse,abuse,abuse,abuse
128547586,"You want to do MoMo fraud, but wo ti ewu",abuse,abuse,abuse,abuse
128545379,"Your man said no , mep3 Obaa bawee no 🤣",hate,abuse,abuse,abuse
128546517,"You think you are beautiful? Apuuuu. Whoever is deceiving you must stop. Upon all the filter, masa, wo ho nny3 f3. Just after your election, you now have a blue badge. K)da",abuse,abuse,abuse,abuse
128546078,You no get any video fa wo gyimisɛm kɔ,abuse,abuse,abuse,abuse
128546048,Nana Addo no n’anum kasa nyɛ koraa.,abuse,abuse,normal,abuse
128545335,)ny3 nipa?,normal,abuse,normal,normal
128545695,"Twea, wabon tu. English managers, Obiaa abon.",abuse,hate,abuse,abuse
129596017,If a Ghanaian mum catches you doing this to her baby 😂😂nbs bayie accusations,abuse,abuse,abuse,abuse
128547246,Me I bore. I shun dey pop. We go see for the tracks top,normal,normal,normal,normal
129596000,Ano see your text oo Wo Maame tw3 kankan s3 Mahama anum,abuse,abuse,abuse,abuse
128546543,Mpepefo) nkwadaa ne aniso)hye3,hate,hate,abuse,hate
128544742,"Me ne obi ɛɛtwe manso na wafrɛ me interview bɛbisabisa me nsɛm
Me nso me gyimii nti na maba
W’abɔ wo dam papa. Who be you?",abuse,abuse,abuse,abuse
129595988,Hw3 obaa honam bawee s3 amane,abuse,abuse,abuse,abuse
128545501,Ad3n na Nanah y3 kurasini saa?? Cc @littlemisscrif,abuse,abuse,abuse,abuse
129596172,We are not the first generation to complain about obolo tui😂😂,hate,abuse,hate,hate
129596580,"Aponkyeba Odwanhene The Cathedral pit that you've dug could have built an interchange. Gyimiii saaa, brains on low capacity. The likes of you are what Nkrumah calls nation wreckers. Foolish useless entity",abuse,abuse,abuse,abuse
129596559,Ahh hw3 n3nim s3 fufufunu😂😂😂😂 boxing in Ghana self no reach anywhere 🤣😂😂,abuse,abuse,abuse,abuse
128546949,Kurasini by default 😂,abuse,abuse,abuse,abuse
128547293,Buronii b3nom tea na wa twer3 prisonbreak.Bibinii b3di fufuo na wa twer3 agya koo sakawa.,hate,hate,hate,hate
128546064,"I know one apakye sm guy who’s on Facebook always saying Stonebwoy is apakye and stuff ,ein parents warn am aa he no wan hear. Edey funny me waa..",abuse,abuse,hate,abuse
129596003,When they heard that Mr. Honeymoon has Promised free Level 100. Nyansa Biaaa nnim.,abuse,abuse,abuse,abuse
128545435,"Obolo biaa agyimi ampa that talk ebi true paaa .. so upon all the mouth mouth nu ,you ask yourself what you realease nu ebi rap or ruff u Dey do us ?? Masa fa wo gyimi delete Nkwasiasem nu ..Even Big IV self will not disgrace us like this.. never called urself a rapper again..",abuse,hate,abuse,abuse
128545882,Person go think say he dey understand what he dey talk about. Wabon roff,abuse,abuse,abuse,abuse
128546684,Yieee abibifoɔ mmaa bi nom ne nkuraasesɛm deɛ,abuse,hate,hate,hate
129596363,"Aponkyeba, on a normal day like ago tell you wonitwaasidi but since you prolly didnt get me, i meant gay later failed drug tests somehow nullifying stuffs he did.",abuse,abuse,hate,abuse
128547020,Never liked him. His approach to anything is nkuraasesɛm,abuse,abuse,abuse,abuse
128545027,Ne k)te b)t),abuse,abuse,abuse,abuse
129596118,It actually pains me that foolish girl called Dennis is a liar. Aboaa bi saa no,abuse,abuse,abuse,abuse
129595981,Do you have light? Ne kwasia s3 Ghana dey smell. Wose kankan s3 mpreko buom,abuse,abuse,abuse,abuse
128547420,Na Nana Ama de3 )ny3 nipa??,abuse,abuse,abuse,abuse
128545943,Asantefo ne ahantan  This guy thou 😂😂😂😂😂,hate,hate,abuse,hate
128546045,You Are Stingy But You Want A Beautiful Girl To Date Wanim Fitaa S3 Alatafuo Jollof 😶😶😶😶😶😶😶😶😶😶😶😶,hate,abuse,hate,hate
128545458,)y3 gyimini paa!!,abuse,abuse,abuse,abuse
128546262,you think this is filter? chale wanim nny3 f3 anaa😂😂,abuse,abuse,abuse,abuse
128545929,"Reduce prices aa wose cables .co.uk says whatever, we dey pay taxes gv them? Nsem hunu nkoaa na mo di no wc Oman wei mu 😤",abuse,abuse,abuse,abuse
128545178,u Cant control Wat Tribe u re bt u Can Control ur Attitude. Yall stop generalizing Ntafo> jux bcos of wat a group of Ntafo> re doin,normal,normal,hate,normal
128546649,Woho fon s3 wo hairline Sia 😂,abuse,abuse,abuse,abuse
128546032,"Kowensani baa, stealing club beer eeeii asem ooo",hate,abuse,abuse,abuse
128546332,"Carlo no w’abon papa. You can’t beat this team? Sack him now. 

After 30 minutes Kroos could barely move, yet you played him against Liverpool for 84 minutes. Karim could  barely run too. E no get tactics biaa. 
",abuse,abuse,abuse,abuse
128546804,"Pls dont learn it, that's the ritual alatafuo use for summoning cats ",hate,hate,hate,hate
128547483,Hwɛ ne kwasea?  🤣You people think we are here to play ong. Woho fon saa no,abuse,abuse,abuse,abuse
129595952,Medier yabre mu😂😂😂😂😂😂tsssw if I get kraa omo maame nu nya akyimfo yareba. I’m typing on twi cos I don’t want trouble 😂😂😂,abuse,abuse,hate,abuse
129596494,It’s nothing about spoon feeding ...otorofo na osi na dansenii wo abrokyre,abuse,abuse,abuse,abuse
128547613,🤣🤣 nti hwan na wabon sisia? Gradute dier eii mayor,abuse,abuse,abuse,abuse
128546323,"Saa man no, n'anum kasa nyɛ dɛ",abuse,abuse,normal,abuse
128547171,"You kraa you support Nkwasiasem too much 🙄😏😏. WTF is "" is Nkrumah's legacy overrated? Are you supposed to ask this silly question?",abuse,abuse,abuse,abuse
128545573,"Haha this your no sexual intimate law de3 , is either u go heaven or go stay cemetery. Best way !! Nsem hunu kwa ",abuse,abuse,abuse,abuse
128546185,"assume s3, boy na ni tik) (head back) y3 flat no y3 Ghana ne. Alatafuo su tik) y3 saaa.",normal,hate,hate,hate
128545422,What kinda loose talk be this? Mmaa ny3 Nipa? Women cannot ascend to leadership position? ,normal,abuse,normal,normal
128546459,Tagor wagyimi paa wa te!!!!!,abuse,abuse,abuse,abuse
129596521,"Kohwini, and this guy wanna be mp? No wonder he lost Who experienced 24/7 dumsor  Eeeiii politics has made brilliant people dumb in this country oo 🤣🤣 Even if so, why did we kick them out for u to be comparing again Sick nation",abuse,abuse,abuse,abuse
128547418,"s3 wa y3 wadwen s3 wo di amafuor mbaa b3 kor bonsam gya mu no de3, 3noa na wo si wo b3 y3. We wie y3 nny3 me f3 kra, nyame betua wo ka paaa kuraseni bermaa",abuse,abuse,abuse,abuse
128545436,Mey3 kramoni am used to any JAB he throws,normal,normal,hate,normal
129595712,"Wabodam! Afia Schwar F!res Over Deportation Of New Force Lady, D!ss NPP & NDC",abuse,abuse,abuse,abuse
128547476,ato be too fresh!..........who said tweaa,abuse,normal,abuse,abuse
128545023,Get that Toni kroos like goalkeeper out of the team!!! Wabon stupid,abuse,abuse,abuse,abuse
128546970,"She goat!!! Odwan Ba, Aponkye apapo m3333, Pr3ko 🐷. Buluuu. Use ur data to learn abt wisdom and sanity. Wagyimi koraa dodo. Get help u need it🥹😂😂😂😂Drisey do what? What don’t do to help this base? Do u even trend tags cuz I know u are too poor to contribute🥹🥹 ",abuse,abuse,abuse,abuse
128546259,"Ah hia ne kasa hunu dier,anka wow) 5000gh aa y3 de t) mpaboa aa anka wo nie??",abuse,abuse,abuse,abuse
128547199,Chris Houghton was home for so long after his sack from Brighton for a reason.. w’asa paaah!!,abuse,abuse,abuse,abuse
128545639,"Masa, announce the FT result immediately! Kasa nyɛ saa w'anum bɛbɔn!!!!",abuse,abuse,abuse,abuse
129595563,"Aboaa, as if he doesn't know it 🤣🤣🤣",abuse,abuse,abuse,abuse
129596091,“Woy3 bayifo) na s3 wotu ba me so aaa. W’any3 lucky na me to mani k) hw3 wo bo aa…Y3nhw3 mema bayie no entiti w’ani Soaa “ 😂😂😂😂😂,abuse,abuse,abuse,abuse
129595595,Atialege sexy gogomi walking to @tv3_ghana  studios for my performance 😂,abuse,abuse,abuse,abuse
128545424,He be tugyimi guy paaa,abuse,abuse,abuse,abuse
128547307,"So because of this useless thing that you're insulting Hajia beauty like that?
Moagyimi papa. ndcfuo mmoa! Jon mahama trumu trumu, kowensani osan y3 jonkie. Habba nipa baako!🤦‍♂️🙆🏽‍♂️🤷🏾‍♂️",hate,abuse,abuse,abuse
129596341,"My boy bi say Prempeh boys be mpreko,e be true ? …I still don’t understand. My boy go Owass mmom",abuse,abuse,abuse,abuse
128545971,"Woman confronts the apakye for impregnating her 17year old daughter. Apakye replies ""wo hwerr mia, mertumi anyem woba no?""",hate,abuse,hate,hate
129595667,you see that when you’re supposed to think sensibly and answer a simple question it’s taking you more than an hour. Aboaba. Next time. Nobody will waste time on dirty hungry boys like you.,abuse,abuse,abuse,abuse
128547270,"Wa admit sei s3 wabon yi, na wo de w'adwuma ato h) kama. Fraud coach. ",abuse,abuse,abuse,abuse
129595845,"Such a useless presidential candidate. Nkwasiafoc yi, apuuuuuu",abuse,abuse,abuse,abuse
128545845,Kwasia what impact do you even have on yourself. Woho fon s3 atagye,abuse,abuse,abuse,abuse
128545727,Wokwasia nka yenfre wosei?,abuse,abuse,abuse,abuse
128545275,If ur a rapper in the game for 20 years and u and ur Tugyimi fans always hide behind a young rapper to save ur ass lyrically then ur a eunuch😅,abuse,abuse,abuse,abuse
129596098,Obaa hemaa na 3da he ma me sima; mehyiaa wo w) lashibi nso mefr33 wo woannyina. Woaho)f3 n'akyekyere me nti 3yaa menmuna na wonsam bawee Yi woy3 d3n adwuma......,abuse,normal,abuse,abuse
128545847,Ronaldo fans ne gyimie de3🤣🤣 so when you people go learn,abuse,hate,abuse,abuse
128547598,Chaale 😂😂🤣🤣 abodamfo) nkoaa,abuse,abuse,abuse,abuse
128547510,"Ayigbefo), me pa mo akyew....",normal,normal,hate,normal
128546325,Chelsea foɔ yɛ enimguase foɔ papa!!!! Even the sea wishes it isn't blue 😂😂,abuse,hate,abuse,abuse
128545203,Aswrrr gyimie nkoaaaaa,abuse,abuse,abuse,abuse
128545327,This my kumasi people won't kill us🤣....square foot of two is imperfected 😂🤣 Asantefo) ne pressure 🤗,normal,hate,hate,hate
128545171,Kramoni ba paaaa na ahuhubra yɛ wodɛ sei? Hmmm,normal,hate,hate,hate
128546206,Koo bibinii 🤣🤣🤣 wei y3 de develope nation,normal,hate,hate,hate
129596168,wabɔn paaaaa You're coming to correct who Fa wo nsɛmfo sɔ hɔ  That was why GFA beat you. Didn't you understand Check your useless spelling Wa bɔn paaa go back to classroom,abuse,abuse,abuse,abuse
128545529,"Ah ah ah Mzbel be kurasini roff 😂😂😂 """,abuse,abuse,abuse,abuse
128546504,"B33b33 Nii aboa😂😂u dey speak like goat dey spit spit all over the listener ein face,u Dey come share opinion make who listen 😂😂dey play 😂😂",abuse,abuse,abuse,abuse
128544906,Aka m'asɛm ama me paa! Nyankopɔn nhyira wo ntafo ✌️ ai! ,normal,normal,normal,normal
128545471,alatafuo Jollof ny3 de ti s3 Ghanafuo de3 = Nigerian peoples Jollof aint as nice as Ghanaians.,normal,hate,hate,hate
129596406,Kwasia wokaas3 You think went to rush for visa ong aden wow) nkrataa Kyer3 s3 woso gyimii de3 Aboaba it’s even childish to tell you myself cuz me gate man koraa in gh is doing better than you. Wanum kankan ,abuse,abuse,abuse,abuse
128546961,Law enforcement is not the job of MPs. Wo de3 wo ti awu koraa dodo.,abuse,abuse,abuse,abuse
128546175,Let’s be Serious please we even got over World Cup 2010 heart break in a week and danced to Castro and Asamoah Gyan to ur back or norr noor na Nkwasiasem wei😂,abuse,abuse,abuse,abuse
129595758,"Always shouting on radio, nyansa baako sei mpo, daabi",abuse,abuse,abuse,abuse
129595725,"Banku Nigha , woy3 Jon paaaa , Obolo aaa wagyimi, wo dressing koraaa ny3 f3! ",abuse,abuse,abuse,abuse
128547546,Aaaahh...Nzemafo) mmaa ho y3 f3 papa...)mo nsa ano nso b) papa..🙏,normal,normal,normal,normal
128546087,"Bio, kae hunu sɛ, Akan Kasa no wɔ Nkorabata atitire mmiɛnsa.",normal,normal,normal,normal
129596595,Not available in your wo tri so ne wapampa so.,abuse,abuse,abuse,abuse
128547289,"Ghanafoɔ ankasa yɛpɛ kasa hunu most times. Things that we have to critically think about, we just comment in ignorance",abuse,hate,hate,hate
128545320,afia afona yi wo nny3 f3 ??,normal,abuse,abuse,abuse
129595737,"I will vote for John mahama, bawumia di33 )y3 kohwini too much.",abuse,abuse,abuse,abuse
128546230,Wabon dodo na I no be Journalist.,abuse,abuse,abuse,abuse
129595688,Wo Saa akoa wei w’anum kasa bɔn paaa,abuse,abuse,abuse,abuse
128546778,joe aden me ny3 nipa?? lol...,abuse,abuse,normal,abuse
128545107,"British be like - God save our Queen, Americans be like- God bless America, Ghanaians be like- Tweaa.... Smh",abuse,hate,abuse,abuse
128547154,"Siaaa! Bet 72 meelien, was3e no kwa! Hy3 apey k3k3",abuse,abuse,abuse,abuse
128545940,"E reach Jay Bahd Gyakie dey laugh, akoa ho nny3 f3 baako sei 🤣🤣🤣🤣🤣🤣",hate,abuse,abuse,abuse
128544945,"See this Apakye man oo, he want to use Shatta wale to promote his beans album 🤣...",hate,abuse,abuse,abuse
129596477,40mins after you were laughing at chelsea…Siato 🤣,abuse,abuse,abuse,abuse
128545669,"Kyer3 S3 Asantefo no de333 they don't deserve good things, smh.",normal,hate,hate,hate
128546241,Don’t hide behind “enfa ohia nka nkwasiasem” and be justifying pseudo-elitism. Eye gyimie.,abuse,abuse,abuse,abuse
128545420,Oh ntafo) dier. Smh,normal,hate,hate,hate
129595671,"🤣🤣🤣🤣 dem miaa am, he say you’re having fun! Wabodam",abuse,abuse,abuse,abuse
128546635,"She said i dont like havin fun , wat is the fun in gh ?  Going to the club to see the girls standing 😒 tweaa",abuse,abuse,abuse,abuse
128546143,Declan Rice’s performance today is tugyimi,abuse,abuse,abuse,abuse
128547466,Afei na mob3 hu s3 akoa wei wabon paa 🤣🤣🤣🤣🤣,abuse,abuse,abuse,abuse
128545629,Mediocrity is for Kabutey and fearo is for the Tugyimi fans 😅,abuse,abuse,abuse,abuse
128546410,Yɛma Kramoni biaa Eid Mubarak. Anigyeɛ yi mfa League ne Europa League kruwa no mmra fie..Ameen🕌☀️,normal,normal,normal,normal
129596054,Macho sef chop ..... na wu atialege 😂,hate,abuse,hate,hate
128547007,Ntafo) Asem. Ehu oooo.,hate,hate,normal,hate
128546131,"Kessben sports: NYA is not the standard for Kotoko today or tomorrow.
Me: Kotoko’s standard is below NYA. 
Animguasefoɔ!! 😀😀😀
",abuse,abuse,abuse,abuse
128546321,"Kyei Mensah if he no be my elder like I go say he fool too much, why doesn't he n his government ban betting if he be true Christian,  gyimie no be plenty for this country",abuse,hate,abuse,abuse
129595779,"Being dirty, loud, unkempt girls who cheat on their boyfriends anka, GNC girls adi first. Rachel wherever you are, wotiri so wai",abuse,abuse,abuse,abuse
128547394,Modeɛ moanya platform nti gyimisɛm nkoaaa na mode to to ha!,abuse,abuse,abuse,abuse
129595933,You care for the people indeed. Otweaa,abuse,abuse,abuse,abuse
128547229,"Im on the floor 😂😂😂😂😂
Your homework is still pending 😂😂😂😂😂😂
I've told you calling me names doesn't tickle me.
This is you , call names, insult but me it doesn't do shit to me.
Wo ti awu.
You are unable to answer a single from me.",abuse,abuse,abuse,abuse
128546807,"I say I have a nephew, you dey bizz me say e be boy or girl.. Wo ti na awu anaasɛ gyimi na w'agyimi",abuse,abuse,abuse,abuse
129596357,"Adwuma fon sei 🤣  Can’t be me.  Me ankasa I’m a spec, I get women approaching me so I’m good",abuse,abuse,abuse,abuse
128546066,"Na wo nso wonim nyansa? Obiaa agyimi senior, but Ghana Yesu de3 top gyimie",abuse,abuse,abuse,abuse
128547570,Siakwa..I just got bored after his first statement and didn't watch again..animguasefoɔ,abuse,abuse,abuse,abuse
129595765,Adwee ba. What is political about what he said? Or you don't understand twi?,abuse,abuse,abuse,abuse
128545030,Ne ho nny3 me f3 sei,abuse,abuse,abuse,abuse
128545595,"Awurade, Alatafuo pɛ kasa 😩😭",hate,hate,hate,hate
129595764,E make i kai Gunshot ein 1k for Joseph’s 😂😂😂😂.   Your man buy we yoghurt.  Siaman,abuse,abuse,abuse,abuse
128545230,Some guy say as he dey L100 na he no dey get girls chop so he shedda do ein body obaa berima wey he start dey get girls 🤣,normal,normal,abuse,normal
129596028,Kɔti yɛ aboaa,abuse,abuse,abuse,abuse
128544746,Moagyimi ooo eii . So you don’t think Bola Ray dems or Bwoy’s wife can get these guys to record for Stonebwoy without him knowing?? Lol some of you chale,abuse,abuse,abuse,abuse
129596253,"As I am coming to you se wo ho fi se borlaso anoma.. Wo maame tw3 kankan ode awo wo. Aboabi ba. agyimifo, wo twasri wati. You think say we dey joke for here. Wo papa kwasea odi awo wo. Bring it on, nnipa fa tise wo.",abuse,abuse,abuse,abuse
129596068,Go and make your own money and stop disgracing us. Nsɛmfo kɛkɛ,abuse,abuse,abuse,abuse
128546007,Moayɛ moho bi paa. Animguasefoɔ!,abuse,abuse,abuse,abuse
129596276,I thought you traveling could have done a little transformation but all I see is Obolotui aa nabodwes3 ne koti,hate,abuse,hate,hate
128545105,Animguasefoɔ your team has nothing good to over you. You come here too you won't behave ursef,abuse,abuse,abuse,abuse
128546367,Tadisco students. Why am I not surprised. Gyimie saaa,abuse,hate,abuse,abuse
128547233,"Asomrodwe,sadweam,obrofo,kowensani 🍸🍸🍸",abuse,abuse,abuse,abuse
128545616,Ghanafo) ne gyemie .. Kyer3 s3 ad3 nny3 y3n f3 eiiiiiii 🤧,abuse,hate,abuse,abuse
128545313,@Real_Khady 🤣🤣🤣🤣 instead of voting you were here trashing liema otweaa,abuse,abuse,abuse,abuse
128545047,Na saa akoa no s3 ne wo nny3 f3. Legon 2 2 mma koraa odwane,abuse,abuse,abuse,abuse
128546525,Barca foɔ yɛ animguasefoɔ ankasa.,abuse,hate,abuse,abuse
128547369," Go learn about the rap genre again, wabon papa",abuse,abuse,abuse,abuse
128545238,"a friend of mine just blast. ""how do u do""? and she goes lyk ""am gud ooo""...otweaa",abuse,abuse,abuse,abuse
128546868,Stonebwoy (apakye) and his weed smokers fans won’t stop fooling but when we return the same energy to them they will start calling for peace oo vim we dey 🫵,abuse,abuse,abuse,abuse
129595914,"So if their job is risky does that mean the tricksters should swindle them?, Suffolk addo kohwini",hate,abuse,abuse,abuse
129595881,"Wh3, kramanba. No need to tell what I got but u claim rich for renting in Accra. Kwasia 😂😂",abuse,abuse,abuse,abuse
129596173,Now Forex nor chop me 😂😂😂😂 W'anum kankan tes3 womame twem kankan nu,abuse,abuse,abuse,abuse
129595629,Wagyimi Kraa dodo…every coach u want mk dem sack am dem sack dem fini too aa den u come complain abt wo maame tw3m for here….siato,abuse,abuse,abuse,abuse
128546214,That’s why saa afronation couldn’t be held in the alatafuo’s krom. Omu ni suban baako kraaaa 🤧,hate,hate,abuse,hate
128546821,"Alatafuo, wo maame tw3 wati. bare annoying today 🙄🤣",hate,hate,abuse,hate
128545770,"Obviously I can’t tell Nigerians how to feel about the name “alatafuo” but when we call Nigerians that, it has not malicious intent",normal,normal,hate,normal
128547614,"Sad thing is that, the person taking the money won't show up. 
S3 mose moagyimi😂😂
",abuse,abuse,abuse,abuse
128545537,They want to enjoy in Canada alone...They want to scare us..mmoa,abuse,abuse,abuse,abuse
129595771,Otorofo wani awu. Always you want to spread lies. Hoh!!!!,abuse,abuse,abuse,abuse
129596141,Why you fear to post the Enokay one Otweaa waguan kalow 😂😂😂 Then you nor go chop today,abuse,abuse,abuse,abuse
129595874,Everyday gyimiee saaa...make he sleep der this evening aboataaa,abuse,abuse,abuse,abuse
128546452,Okomfo abeg wabon so you better enter school to learn how to read and write proper English. Shame,abuse,abuse,abuse,abuse
129596224,“Ɛbɛhyi me oh”  But you’re the one who made it guu kwatakwata Wotiri so parhnn,abuse,abuse,abuse,abuse
128546916,Hmmm metumi dwenewoho saaaa s3 Kramoni ba paaaaa nie ,hate,abuse,hate,hate
128547368,Fa wo gyimisɛm kɔ,abuse,abuse,abuse,abuse
128546908,😂😂😂abi popcorn? Kurasini,abuse,abuse,abuse,abuse
129596578,Galatasaray monitwasidi....... I just joined  @GhanamanTips  rollover only for you guys to spoil em  Mob3 nya plane crash nkwasiafoc,abuse,abuse,abuse,abuse
128547537,"Koo bibinii mpɛ ade pa. Nana Addo is fixing the country, koo bibinii sɛɛ da.",normal,hate,hate,hate
129596056,Obolo tui hmm mab3 br3,hate,abuse,hate,hate
128545294,"Lmao...wo ti awu ankasa..""@classtalkative: If you laugh at my English i will release your yawa""",abuse,abuse,abuse,abuse
129596544,PotentialAsante Kotoko board Kontomponi Afer3 Hene Nana Apinkrah - Executive Board Chairman Chairman K5 - Board member Akwasi Appiah - Board Member 1 AKOPA member 1 National Circles Member It  seems no lessons have learnt by Manhyia on kotoko..Embarrassment nkoaa,abuse,abuse,normal,abuse
128544787,Its simple buh bibinii go make it hard. Opening negotiations and dems . Eiiii koo bibinii 😂😂😂 #itsfunny #Philanshour,normal,hate,hate,hate
129595604,Adwuma fon paaa lipool so like that nno😂😂😂,abuse,abuse,abuse,abuse
128544857,Open play assist' gyimisɛm sei,abuse,abuse,abuse,abuse
128544949,Mek)n ad) mfanteni baa🎤 Mfanteni baa... mek)n ad) frafrani baa... frafrani baa..,normal,normal,hate,normal
128544976,"Nipa ho fon, enti susu fa woho hyehy3 nkrofo 🧏🏽‍♂️",abuse,abuse,abuse,abuse
128545667,"We we no dey search UCL spot RT @felipeddt: massa, allow. worry abt ur Hammers RT 
@Papamarfo
 Spurs na nkuraasesɛm dze. Oooh! Daabi da!!",abuse,hate,abuse,abuse
128545248,Kusjezzz RT @Mz__Abena: The reason y I dun want dis akolaa to cum n slp in ma rum ooo.....kasa hunu,abuse,abuse,abuse,abuse
128547056,Kwasia nipa wei tumi y3 kroos aa aden nti na Cheddar ntumi ny3 Camavinga,abuse,abuse,abuse,abuse
128546731,Nkuraasesɛm nkuaa make I send you 2000 for your birthday like how,abuse,abuse,abuse,abuse
128546393,"since you said Nkuraasesɛm, I was expecting you to write something like an elite but you Insulted the president of Ghana. that was a more nkuraasesɛm from you. you can do politics without insult",abuse,abuse,abuse,abuse
129595666,I don't know why am still following this page.nsɛmfo akwa😡😡😡,abuse,abuse,abuse,abuse
128545028,Obiaaa agyim333 wo Oman Ghana yi mu,abuse,abuse,abuse,abuse
128544980,Mo dier gyimie naaa,abuse,abuse,abuse,abuse
128546932,Had it not be for Vals day like some of u guys wdnt evn knw ders a need fr sme romantic dinner mpo. Tweaa. Fake peepos,abuse,abuse,abuse,abuse
129596438,"Ladies, sometimes when we guys ask for your phone number it's not as if we ❤u oo ..... we Just wanna do you a favor of sending you job vacancies via whatsapp to get your lazy a** some work to do Na Ghana Mmaa Bi Y3 Akwadwofo) Dodo.",abuse,hate,hate,hate
128546681,You no know Koo bibinii ong 😹😹😹😹 ,hate,hate,normal,hate
128546723,Abodamfo) cloth Dey cost 💲 now paoooo 😂😂😂😂,abuse,abuse,abuse,abuse
128546457,Wo de3 gyimie de3 😂,abuse,abuse,abuse,abuse
128546880,Sister saa nkuraasesɛm yei deɛ mennyɛ bi.,abuse,abuse,abuse,abuse
128546787,He sleeps with you and later turns you into a punching bag and you're still with him?? Wagyimi papa!,abuse,abuse,abuse,abuse
128547011,School mpipa Gyimie. This guy is a typical example.,abuse,abuse,abuse,abuse
129595748,I understand the pain she has and everything bro but TV so de3 no matter what i wont call my parent a demon ei. Demon ? Sasabonsam ? Adaamoni ?😂,abuse,abuse,abuse,abuse
128545332,Look at this uncivilized person . Are we in a democratic state or an autocratic state? Gyimie sɛm sei in this modern world.,abuse,abuse,abuse,abuse
129596599,There norr nkwasiafoc mienu bi ebookmarki 😂😂😂,abuse,abuse,abuse,abuse
128545270,I wish they'd organize a nationwide mental screening exercise cos abodamfo adorso w0 krom ha.,abuse,abuse,abuse,abuse
128544799,Let’s leave these nonsense takes in 2023. Learn how to create and be in  healthy relationships na moagyimi kwraaa dodo,abuse,abuse,abuse,abuse
128544747,Obaa paa na n’anim y3 bawee saa no.,abuse,abuse,abuse,abuse
128546403,chale make henry seff comot for there. rn that €1.2m finish oo. so he no go fit do that gyimisɛm again,abuse,abuse,abuse,abuse
128547349,Saa Gundogan no koraa ɛwɔsɛ mo tɔn no!!! Wabon dodo!!!! 😡🤬,abuse,abuse,abuse,abuse
129596591,Kroos be Villager paaaah this form we dey take go retirement siaman like dat,abuse,abuse,abuse,abuse
128544788,Mo dier everything b NPP Nkwasiasem sei,abuse,hate,abuse,abuse
129595932,The only fooling that needs to stop here is you supporting Kontomponi Afer3 Hene Nana Apinkrah who has done nothing as an IMC member.. The fan fooling must stop on your side,normal,abuse,abuse,abuse
129596212,Oh Ghana bawumia this man is killing ur messages ooo how many of Ghanaians knows osofo amoako oh military era akoa agyimi,abuse,abuse,abuse,abuse
128546855,Pepefo) ne gyimie,hate,hate,abuse,hate
129595833,Whoever sent this truck driver to come and kill me... yesu mogya nka wanim wate!! I rebuke it in Jesus name! I bonsam ye otorofo papa smh,abuse,abuse,abuse,abuse
129595815,"Ghana has grown pass party manifestos. Manifestos of political parties are full of deceit, short-lived policies, propaganda informations, atr), azaa ne ak)whiesem nkoaa.",abuse,abuse,abuse,abuse
128547141,Minister na wabon sei. Tueh,abuse,abuse,abuse,abuse
128544783,Kurasini baa da track is not yet out nd it sucks to u. Continue like this nd see how ur life will be. Nyame mfa wo b)ne nky3 wo. Aboa ,hate,abuse,abuse,abuse
128546059,Y3se akoa gyimifoc bi a ne hwene s3 de3 cno na 3di Akrobeto akyi nso rekeka nkwasiasem fam!,abuse,abuse,abuse,abuse
128545219,tweaa...Coach Kwasi Appiah. wo ti awu pa pa ...,abuse,abuse,abuse,abuse
128545132,"Alatafuo Chi Chinga, abiara na 3y3 (owor) Snake 3nam",hate,hate,hate,hate
128546597,😂😂😂😂 ah I knew that. Kurasini,abuse,abuse,abuse,abuse
128546953,Obaa paa na wo nantin bawee na Usain Bolt nantin kraa te s3n,abuse,abuse,abuse,abuse
129595707,Atialege with the hot butt as3 jot,abuse,abuse,abuse,abuse
129596391,Nkwasiafoc nka mo nfa mɛdɔ obudadeɛ wɔ kotoko,abuse,abuse,abuse,abuse
128546273,Nny3 wadwene ne onyankop)n adwene,normal,normal,normal,normal
128545864,Wes de3 kurasini. Wei nso wo tswa!,abuse,abuse,abuse,abuse
128545524,How do you talk about something you do not know about? Moagyimi wɔ ɔman wei mu too much!,abuse,abuse,abuse,abuse
128546640,U are obviously sick in the head. All this insults cause of a show? I'm not surprised mpo. Mode3 nkuraasesɛm yɛ mo d3 oo. Mtcheww,abuse,abuse,abuse,abuse
128547358,after what I saw against bayern? w'abɔ wo trumu dam.,abuse,abuse,abuse,abuse
128545407,Ur Boss dey celebrate ein birthday u nor wish him s3 wode3 gyimie saaaa,abuse,abuse,abuse,abuse
128545048,"Bro, ɛyɛ nkuraasesɛm paaaaaa!
Clout chasing fo sei!",abuse,abuse,abuse,abuse
128546168,Ɛnyɛ deɛ ehia ni. Take beat your rivals. Animguasefoɔ tweaaa,abuse,abuse,abuse,abuse
128546268,"Wo kasa nyɛ dɛ kraaa, kɔ hard kakraa er.",abuse,abuse,normal,abuse
128546221,Meyɛ Abɔdeɛ Foforɔ.... Mempɛ Gyimisɛm...‼️,abuse,abuse,abuse,abuse
128547284,kitchen lawyer. chicken skin law certificate holder 😋 😍 wabon rof,abuse,abuse,abuse,abuse
129595907,Masa them judge you say you dey deserve Hell a you go talk them this?? How Sasabonsam go lash you for there😂😂,abuse,abuse,abuse,abuse
128547523,"Eeiii, nti biribiara na y'ɛde gyimie ɛkɔ ho?
Oh daabi💔💔💔",abuse,abuse,abuse,abuse
129596083,Still pple wanna be gays ndwan,abuse,abuse,abuse,abuse
129596617,"Aboataaa! After he chop my house dues, wey problems make ano give am ",abuse,abuse,abuse,abuse
128547329,Kwasia ebi this shatta nor say before 😂😂😂😂😂😂 masa masa we Dey think Wai,abuse,abuse,abuse,abuse
128547009,Tiwuii with confidence. Obaa ahuofe na wabon sei,abuse,abuse,abuse,abuse
129596016,"Me sii my experience in government institution made me realized that those big people with land cruisers, nkurasefo nkoaaa. They havent matured. Like you respect them from afar but when you get closer to them boy )mo nnim nyansa sei. Exhibit 1000 this! Akoa AGYIMI nana addo",abuse,abuse,abuse,abuse
129595949,"Abrɔ, bayie, prɔyɛ ne kɛtɛase hyɛ nti",abuse,abuse,abuse,abuse
129596451,I knew someone will be injured in that stadium nkwasiafoc,abuse,abuse,abuse,abuse
129595858,"I named this fish, 'Wo Nnim Nyansa a Wo Ma Nyame Br3"". I took this video myself. If the Volta Lake can produce fish like this why are the indigenes poor? And this is just an aspect of what the Volta Lake has to offer. Crop farming along those areas is crying for a national policy",abuse,abuse,normal,abuse
128545016,Because we've not seen a woman being transformed by makeup before or what? Gyimisɛm sei,abuse,abuse,abuse,abuse
128547542,Nti saa gyimisɛm wei ɛyɛ a na ɛka sɛn? If u don't want to drop code then y posting it Ofui,abuse,abuse,abuse,abuse
129595593,Nkoko nketenkete Galamsey to go on full scale Mpreko nketenkete,abuse,abuse,abuse,abuse
129596505,Gbemi boy. Okwasia. Aboafunu. We nim s3 me tā. Foolish fool. Odwan ba m33,abuse,abuse,abuse,abuse
128545291,Wagyimi na wo ton ice water.3ka nkoaaa,abuse,abuse,abuse,abuse
128545141,Everything is Africa … gyimie saaa,abuse,abuse,abuse,abuse
128545179,You can roam the world and find the perfect cover to fit your bottle. Abodamfo) mmienu d). Same energy.,abuse,abuse,abuse,abuse
129595683,"Actually, you're right. Akyimfo is Saltpond and Kormantsi which is in close proximity to Saltpond.",normal,normal,normal,normal
128546266,"Another day in USA!wake up to bad news!shooting every where ,every day!too many abodamfo) walking ard n u can .",abuse,abuse,abuse,abuse
128547438,Show me when a sark fan said stone be apakye ?....pressure ama wo keka nkwasias3m 😭😭😭,abuse,abuse,abuse,abuse
128547315,Gymie gymie I didn't even say state funds.  Use your head small,abuse,abuse,abuse,abuse
128545838,"Insolent just like opana. Opana himself w'abon. Gabby too w'abon. Danquah was a CIA agent, we all know that fact. Danquah was never the founder of Ghana.",abuse,abuse,abuse,abuse
129596060,"Aboaba, just cos I come ask for clarity of a tweet, u dey come insult me. If I had come in with insults from the start, fair enuf ba just asked a question there nor insult. Woyale wati. Odwan ba Respect urself and know when someone wants a fight. Ofuuiii",abuse,abuse,abuse,abuse
128545539,Tweaa Anka m3b) no dua😂😂😂.,normal,abuse,abuse,abuse
128545927,Met) mpaboa 300gh kraa m3 post Siasem akwaakwa,abuse,abuse,abuse,abuse
128545580,Kasa hunu dier mu pɛ paaa.,abuse,abuse,abuse,abuse
128544770,Kramoni ba paaaa na wotumi bisa nkwasiasem sei,hate,hate,abuse,hate
128546245,Na nsem hunu ben nie? 😂😂😂😂😂😂😂😂😂😂,abuse,abuse,abuse,abuse
128546844,"Uber wo ti awu. Lick nso wo ntumi nspelli? RT 
@UberFacts
: A tiger's tongue is rough enough to like the paint off of a building.",abuse,abuse,abuse,abuse
129595742,"It’s your father’s left ball’s project. Aboaa. When you get caught in lies, then you want to insult.",abuse,abuse,abuse,abuse
128546999,Obaa animoyam ne ne hair berima de3 ne hairline not beard,normal,normal,normal,normal
129596375,"Ka na wu, nsɛmfo yɛ ahi 😂😂",abuse,abuse,abuse,abuse
129596393,It’s time to show these Mpreko boys pepper 👍💙💛,abuse,abuse,abuse,abuse
128546809,Nkwasiasem nkoaa 😂😂😂... them fit argue over this for 3 hours 😂😂,abuse,abuse,abuse,abuse
128546373,They do this in every four years.. Animals living in their rightful kingdoms.. Kyeres33 gyimie saa meanwhile the absence of these streetlights are the cause of plenty accidents at night,abuse,abuse,abuse,abuse
128546789,"and and and, ei charley, ayigbefo) b3ku y3n o! the man presented his passport, first name - Peter, middle name - Terror and then his surname",hate,hate,hate,hate
129595704,"there's no "" nkwasea leaders"" but rather citizens no bebree agyimi gyimi thats all. if we wise up n decides to know our value, the leaders will recognise our value too",abuse,abuse,abuse,abuse
128545148,We could have deep convos but then wo ti awu 💀,abuse,abuse,abuse,abuse
128545181,"Why is it that when a black man becomes successful, he is questioned but we don’t do same to the whites. Koo bibinii egyimi dodo",abuse,hate,abuse,abuse
128546212,Akoa y3 kwasia 😂😂😂,abuse,abuse,abuse,abuse
128545125,"Ah!!! I come to your room, theres another boy there and you u want me to be around like the.guy is invicible?? Wagyimi papa",abuse,abuse,abuse,abuse
128547262,"Wo Kɔ Alatafuo Traditional Marriage, na wo hunu sɛ Wornom de Nsa no egu Bath No mu",normal,normal,hate,normal
129595539,"We are looking into possible issues on this end, ndwan. Thanks for letting us know.",abuse,normal,abuse,abuse
128545009,I’m talking about present tense not future tense na wabon dodo,abuse,abuse,abuse,abuse
128546441,Fake Tugyimi 🫵,abuse,abuse,abuse,abuse
129596403,tree trunk wey sana fool Herh 🤣🤣🤣🤣. This is a Catholic all over the world and Catholic are over 1.2 billion in membership lol. Continue fooling! Wo tw3m kankan s3 w’anum,abuse,abuse,abuse,abuse
128546781,They put my player at number 1 on the list . Oh chale. I just signed the player into my agencyHeeerrrrrrr nipa ny3 ooo,abuse,abuse,abuse,abuse
128545646,Woho fon s3 I STOP 😂,abuse,abuse,abuse,abuse
128547127,"Lol 😂  mudi33 nsem hunu nkwaaa, how do you guys come up with such rubbish. ",abuse,abuse,abuse,abuse
128547554,Abr)fo ntafo) de3 😂 ,hate,hate,hate,hate
128545549,Nipa no nsa ano nny3 f3😐😐🤨🧐 I got one for 70cedis n it’s more nicer,normal,abuse,abuse,abuse
129596535,Seems like the club has made no effort in the renewal process...)mo agyimi anaa? ,abuse,abuse,abuse,abuse
128547191,Asɛm bɛn koraaa ni.. Nkuraasesɛm saaaa na ade akye,abuse,abuse,abuse,abuse
128546358,Ɛya na mobobɔdam wɔ nkran hɔ Gyimisɛm sei,abuse,abuse,abuse,abuse
128545198,Media friendly ? Mo k) di nsem hunu wie w) tournament na moab3pr3 media friendly,abuse,abuse,abuse,abuse
128545443,This Ralf godfather yi dier w’asa paahn o,normal,abuse,abuse,abuse
128547582,Then some Apakye dey walk too. I meet am for mallam junction there wei some woman talk say na wo apakye wobetumi anats3 am) kasoa. The guy turn watch the woman wey he continue I no fit laugh 😭,hate,hate,hate,hate
128547042,"Program was at BUKOM ARENA but his invitation says UPSA AUDITORIUM. 
I told you guys the MATHS he FAILED affected him. Gyimie 🤣🤣🤣🤣",abuse,abuse,abuse,abuse
128546766,Americans are the real frafrafo),normal,normal,hate,normal
128546840,Wabon enti you want to use cars to talk 😂😂😂go school make dem teach you say e no be “stuffs” ebi “stuff”😂.,abuse,abuse,abuse,abuse
128545575,"Then KWAHU, and the other eastern region people. Then my NTAFO)",normal,normal,normal,normal
128546533,Wo gye sika Wie aa n’ato wo ne gyimie,abuse,abuse,abuse,abuse
128546275,"Fuck Flick 𝕏 🟦 FcB 🔴 @ifoK_KinG Feb 8, 2016Obinim : ""me metumi adane )w) ab3ka woMe: 😂tweaa gyama woyale 😂😂 ok #showMe ",abuse,abuse,abuse,abuse
128546046,Kasa hunu kɛkɛ. Tsww,abuse,abuse,abuse,abuse
129595721,“ohianiba kwame pepra  ɛkɔm fitaa seisei kenpong w'ada koraa onnibi asem ɛya sen kaka”,abuse,abuse,abuse,abuse
128547353,"Ɔse “you want to write”. I’ve already written the thing you are saying “I want to write”, ofui !!",abuse,abuse,abuse,abuse
128545850,"Nkuraasesɛm sɛ 'carefully selected'
Tsw",abuse,abuse,abuse,abuse
128545092,N'adwene ketekete s3 ntatea,abuse,abuse,abuse,abuse
128546295,"wagyimi dodo ah RT @chynadtw3mometa: Oh Solja?...""tailorMARIQUE: God save Chyna na akoa no agyimi dodo""",abuse,abuse,abuse,abuse
128546434,Gyimie anor dey house sm check location for snap 😹😹😹,abuse,abuse,abuse,abuse
128547343,Loyalty wanted to buy some for you but ɔse wanum kasa nyɛ,abuse,abuse,abuse,abuse
128544988,Kaakyire to abobɔ yie tesɛ ayigbefoɔ Bɔbɔbɔ boafloat no,normal,normal,hate,normal
129595927,"Electric vehicles, electric trains, electric bikes, electric wotirisu, electric wapampaso. How about electric chairs for the entire administration?",abuse,abuse,abuse,abuse
128546728,"Get u a buff kramoni baa. When the jalabia drops, u go kai this tweet.",hate,normal,hate,hate
128547580,"Oh me, Sixers diɛ sɛ animguasefoɔ. 
I’m used to the pain.",abuse,abuse,abuse,abuse
128545737,"He made life for me by investing in my education without free SHS n today I'm a highly qualified mental health practitioner helping clients in a hospital in Kumasi 
Wat of you 😂😂😂😂😂😂😂😂😂😂😂😂😂😂😂😂😂 
Gyimie s3aaaa na wabodam na ma hw3 wo",abuse,abuse,abuse,abuse
129595560,"During the last elections, most of you were making noise about how Mahama is the ish. Aboataaa.",abuse,abuse,abuse,abuse
128547533,Wo oluman wei w’anum kasa nyɛ,abuse,abuse,abuse,abuse
128545144,mahu s33 kabutey 3y3 ade3 paaa 3firi s3 wahu nsem hunu pii wa ha ankasa,normal,abuse,abuse,abuse
128545476,ghana politics deɛ gyimisɛm sei aaa,abuse,hate,abuse,abuse
129596634,"Ɔmfa ne nsɛmfo nsɔɔ hɔ, when she was acting YOLO, was the ass fake?",abuse,abuse,abuse,abuse
128547365,Lol wo life nny3 f3 wo😃,abuse,abuse,abuse,abuse
128546149,"• it's official... @kwawkese fans are called ""abodamfo)"" 🤣🤣🤣",abuse,hate,abuse,abuse
128547410,Knee injury took away his play making but couldn’t take away his jumping abilities 😂😂😂 Moagyimi dodo 😂,abuse,abuse,abuse,abuse
128545913,Wei y3 player ? Tweaa,normal,abuse,abuse,abuse
128545640,The jons and goro boiz go dey defend gyimie.. mmoaa nkutiiii,abuse,abuse,abuse,abuse
128545535,You have 300cedis to pay for this and you are frustrated?? 😂😂 Accra ha ankasa abodamfo) no y3 more,abuse,abuse,abuse,abuse
128544965,if you see the girl ein face sef nothing go tell you say talk to her and imagine one raping her. obaa enim bawee s3 coke create,hate,hate,abuse,hate
128545448,By now woba nu wabon rough,abuse,abuse,abuse,abuse
128547371,Not seeing enough news coverage over Bouba Diop’s death anaa )no de3 )ny3 nipa anaa? 👀,normal,abuse,abuse,abuse
128547319,You people bi animguasefoɔ paaaaa. Aaaah 😂😂😂😂😂😂😂😂😂😂,abuse,abuse,abuse,abuse
128544736,ntaafoɔ ne ayigbefoɔ nkoaa demonstration 🤣🤣🤣,hate,normal,hate,hate
128546080,Or I'm not 'filling' for food. Are you a fuel pump station?  kurasini.,abuse,abuse,abuse,abuse
128547549,I miss you too!! Yenko bo eeeerrrhh! My kowensani friend 😂,abuse,abuse,abuse,abuse
128545272,Momma y3nka na Bakayoko akoa no w’asa oo!!,abuse,abuse,abuse,abuse
129596116,You see azaa nkoaa they must all be arrested.    Hearts of Oak Asante Kotoko  King Paluta,abuse,abuse,abuse,abuse
129596047,Replaced him with an inferior player ?  Wow 😮 Do you know Lukaku ?  Y3mu bebre agyimi ampa 🥵,abuse,abuse,abuse,abuse
129596152,"Kwasia ba, adwee ba, nantwie ba, odwan mɛɛɛɛhh and again he added woni twaasini.😂😂😂😂 u will come back or u death?  anaa wose u go bring him back to GH?  ask madam Fufufunu 🤣 ",abuse,abuse,abuse,abuse
128546818,I now see what my mother sees. Alatafuo ,hate,hate,hate,hate
128545455,Kyere s3 admin Wei dea wabon papa eeeh boi  @pokuadon come and see something,abuse,abuse,abuse,abuse
128547366,Moesha be Another girl she dey vex me🤣🤣🤣🤣 wait so she and Akuapem poloo dey go meet Cardi B? 3nde3 nkuraasesɛm fitaaa,abuse,abuse,abuse,abuse
128546570,"F00lish and posting gyimisɛm in the name of attention 
Upjand the adom people and you no get sense",abuse,abuse,abuse,abuse
129596642,Where did he say he had completed the project? Atorofo) ne akorcnfoc nkoaa na 3w3 NDC mu! Obiaa nka nokore,abuse,hate,abuse,abuse
128547428,You knows say what Stonebwoy talk be the truth buh because of folish politics agenda enti u won come dizz am for free... Siaaa kwa come back next time.,abuse,abuse,abuse,abuse
128545574,You people always go find issues then later come compare to others. As he drop labadi with dope visuals how did you support ? Kasa hunu nkoa na aka mo,abuse,abuse,abuse,abuse
128546041,Yaw hw3 sukuu bi na kor na sua ade3 na wadwen mu nbie na rap no wabon,abuse,abuse,abuse,abuse
128545382,Ntafoɔ/Ayigbefoɔ ne NDC 😭😭,normal,hate,hate,hate
128544918,Ah? Wey gyimisɛm dey go on for the club nu? Wtf!,abuse,abuse,abuse,abuse
128545361,Wahu zongoni k)te da ? 😂💔 You won’t let your sister go close 😂,normal,hate,hate,hate
129596260,nyansa bia nnim. what sort of foolish lawmakers and leaders do we have,abuse,abuse,abuse,abuse
128547373,Nipa fon na 3ka nsem fon ampa🤣🤣🤣🤣🤣🤣🤣 woho s3 ahor) sia,abuse,abuse,abuse,abuse
129596594,Nyame betua motromodwo nii biaaa ka. Today you this!,abuse,abuse,abuse,abuse
128545578,Kai. All he knows is tweaa. Kurasini number one,abuse,abuse,abuse,abuse
128545153,"Nsem hunu biaa na dem raise am , Wey basaa angle he take pass no",abuse,abuse,abuse,abuse
128545571,Enumde dɛ koo bibinii bɛkɔ jail.,normal,hate,hate,hate
128545908,Me Kor alatafuo pardy; mi ko jna ho na y3 m3 neem sey ti s3 omu y3 peasants 😂😌,hate,hate,abuse,hate
129595879,"I love wotriso ne wapampa so!! If the odds has turned, you and your minions will be all over the tl chanting bully and intimidation!! But i get it, Pere has Star Power, something your sauceless fave puppet husband no get!! Now vamoose from my comment section!",abuse,abuse,abuse,abuse
128547189,"Senegal People say even if Mane is in a Wheelchair he go play
Apakye nyansani over healthy kwasia any day",abuse,abuse,abuse,abuse
128545732,Just listened. Abeg delete this gyimisɛm.,abuse,abuse,abuse,abuse
128547528,AND NIGGAS SAID HE BOWING OUT MOAGYIMI O,abuse,abuse,abuse,abuse
129595548,Self acclaimed Super League Contender with one way Jersey TRAINING KIT..... The gospel truth according to GENERAL TIKELENKELE😂😂😂,abuse,abuse,abuse,abuse
129595648,Aboaa can your respect buy a ghc50p sachet water???😂😂Dasorrrr John Dumelo an eye for an eye dierr e good eny3 boni kraa👏🏿👏🏿👏🏿,abuse,abuse,abuse,abuse
129596088,wotiri so ne wapampa so toire,abuse,abuse,abuse,abuse
128546609,aboa wo team fon won dwene woho ong,abuse,abuse,abuse,abuse
129596358,Kurasini detected. Wo ho fi,abuse,abuse,abuse,abuse
128546257,Ad3n moagyimi saa…someone is raising a valid point to hlp the league…instead of u to put on ya thinking cap and reason for once..look @ wat u aa saying…ofui,abuse,abuse,abuse,abuse
128546822,ei abodamfo) ben ni?,abuse,abuse,abuse,abuse
128545257,"Ɛ nnyɛ nkuraasesɛm?
Mtchew.",abuse,abuse,abuse,abuse
129596064,Borga I beg u waa go reply. Check notification see the way I gv to ur mother and father. I beg reply fast fast then leat me finish you.......kramanba,abuse,abuse,abuse,abuse
129595718,What happened to this? 😂😂😂😂 aboataaa ,abuse,abuse,abuse,abuse
128546644,M3nfa ohiaaa 3nka nkwasiasem😂😂😂😂😂😂😂😂,abuse,abuse,abuse,abuse
128545167,This is the most kurasini coach on the planet. Silas Tetteh koraa won't do this. Coach yi y3 aboa adanko.,abuse,abuse,abuse,abuse
128545952,Wo se ambɔ bra deaa saa ooo kasa hunu 💔😂😂,abuse,abuse,abuse,abuse
128546068,"So just like last year, the current batch of WASSCE candidates are going to send the past questions home for us to spend another huge sums of money to procure same for the 2022 batch?....ei Koo bibinii 😂",normal,hate,hate,hate
129596596,"A one man team like VISION fc can afford this but Asante Kotoko, Opemsuo's team can't afford or do not see it necessary because its people like Chairman K5 and Kontomponi Afer3 Hene Nana Apinkrah leading affairs at the club",abuse,normal,normal,normal
128545901,GRA deɛ mo yɛ nkurasefoɔ me animguasefoɔ paaa,abuse,hate,abuse,abuse
129596220,Wo maame tw3 kankan you and Nana Addo...mpreko mma,abuse,abuse,abuse,abuse
129596404,Wo b3di me sika wabodam 😂😂😂😂😂😂😂😂,abuse,abuse,abuse,abuse
128546006,Ey3 nkwasiasem na woka no ,abuse,abuse,abuse,abuse
128545797,Nanka nyɛ gyimisɛm aa barima deɛ wose yɛdɛn di waist 22inches kye flex 🤣🤣🤣🤣🤣 aaaahh !!,abuse,abuse,abuse,abuse
128545286,Kwasia you don't have money so you see taking care of 1 person us big favour Jon,abuse,abuse,abuse,abuse
128547045,"Delay: aden nti na )y3 saa, )se woho nny3 f3?
Aba: injor 🤣🤣
Unadulterated original Taadi fante💯🤝🏼🤣",abuse,abuse,normal,abuse
128545591,But why is he on radio telling? He should take it to their board/management/whatever they call it meetings for them to discuss. Are they not the people Kofi Badu is running the club with? Animguasefoɔ…..,abuse,abuse,abuse,abuse
128547080,"Some influencers nso mmoaa, dem link a new girl to you for just shoutout o ei, wose madi no. Na moagyimi anaa? Ah ",abuse,abuse,abuse,abuse
128545084,real asf.. i can form complete sentences in my head but it comes out as some frafrani tryna speak twi,normal,hate,hate,hate
129596397,No lie detected ooo. This motromodwo de3 bible no koraa they preach speaks against it. They can't be hot and cold at the same time,abuse,abuse,abuse,abuse
128546019,The big influences will be like they no hr anything about what you're saying if ebi nkwasiasem anka Twilight dey inside,abuse,abuse,abuse,abuse
128545603,This rice na tugyimi be that oo,normal,abuse,abuse,abuse
128546777,Ntafo) ny3 nipa anaa??,hate,hate,normal,hate
128547505,Adɛn na debiaaa gyimisɛm…yabrɛ mo focking,abuse,abuse,abuse,abuse
128545104,"There’s always that one person 
Gyimisɛm sei aaaa",abuse,abuse,abuse,abuse
128544771,"""kowensani"" 😹😹😹😹😹😹 perfect description",abuse,abuse,abuse,abuse
128546208,Wabon tu. Still incompetent 😂🤣😂,abuse,abuse,abuse,abuse
128546442,Ok but non of ur family members can spit better bars than @sarkodie Sia mpanyin all u do is to say things that will bring people’s spirit down. Woho fon s3 kelewele ne nkate3,abuse,abuse,abuse,abuse
129596033,"Abena, stop lying.  She said it OK. Kohwini",abuse,abuse,abuse,abuse
128546747,3y3 nkwaseas3m ne b)dams3m…,abuse,abuse,abuse,abuse
128547214,gyimisɛm bɛn ni?,abuse,abuse,abuse,abuse
128545565,"Joshua Black diɛ gyimie nkoaa, why you too you no go wake up as Ronaldo???",abuse,abuse,abuse,abuse
128546960,"Waahwɛ. Wo a wo ho nyɛ fɛ, wo tiri ho nyɛ fɛ, w’anum kasa nso nyɛ dɛ. Nti deɛn paa na yɛde wo yɛ a ɛbɛyɛ yie? Abadwafoɔ mo mmisa no ma me",abuse,abuse,abuse,abuse
129596495,"Just as I thought,w’egyimi brutal. Less confident boys behave the way you just did. Mpreko ni nkoko nu na 3y3 Wo s3 you reach??i don’t have to do that to feed ma self and family.ugly bitch🤣🤣💔 ",abuse,abuse,abuse,abuse
129595852,"😂😂😂😂😂 ""eloquent stupidity"" Kyeres3 naanu hwam nanso nyansa ah y3fr3 no nyansa de baako mpo nni mu😩😭",abuse,abuse,abuse,abuse
128547281,Gyama moagyimi wehu,abuse,abuse,abuse,abuse
128546308,"Animguasefoɔ, I won’t come to your country again",abuse,abuse,abuse,abuse
129595812,"Mayor, wotiri so wae 😂😂😂",abuse,abuse,abuse,abuse
128545627,"Animguasefoɔ, Akwaaba!... Another waste of the Tax Payer's money.",abuse,abuse,abuse,abuse
129595612,W’anum kasa bɔn paa,abuse,abuse,abuse,abuse
129596503,"This guy got married five days ago and he is sending me a snap with the heading, “Good Morning Single People.” Woyale papa w‘ate! 😏😏",abuse,abuse,abuse,abuse
128546943,"@Pkays_Corner
 called you nkwadaaa nketenkete a moda mo MAAME nkyɛn. Ɛna w'aye space no wo te so ntie. Sɛ watɔ bundle 3.00 ama mo? Animguasefoɔ nyatwomfoɔ",abuse,abuse,abuse,abuse
129596053,"Kohwini b33ma, you just want to say something because you want to make use of 3 cedis bundle.",abuse,abuse,abuse,abuse
128546374,"The early ""Akan"" people referred to as ""Ntafo""... Before you stereotype, know your history.",normal,normal,normal,normal
128546106,This guy saf who he dey influence for this street top? Gyimie nkooaaa,abuse,abuse,abuse,abuse
129596476,Madam useless how is that body shaming ??? See this unfortunate fool calling Wanni useless🤣 she goat who useless pass u on this BBN street. You’ve done worse to pple u don’t stan or support so better shut up. Clown🤡 aboa gyimii wo ho fi wati😏 toy,abuse,abuse,abuse,abuse
129595897,"This guy be one motromodwo fanfooling ""mep3 as3m suro as3m"" bc ha ba ha  a$$ niqqa ern...",abuse,abuse,abuse,abuse
129596246,"Motromodwo Christian. Insulting people with their disability. saying on UTV  ""I am from the street and I can go back there with you"" meaning he can descend in the gutters forgetting when u're in Christ u are ""NEW"". This is what Christianity has bn reduced to",abuse,hate,abuse,abuse
129596247,Wo mmom na w'anum bɔn nti wokaasɛ saa na  obiara anum bɔn. Wonni dwuma biara di nti wonenam basabasa wɔ social media so kɛkɛ. Aboa banku!!! Bra bio na wobɛsan ate me nka.,abuse,abuse,abuse,abuse
128546689,HwƐ gyimisɛm ah orika 😒😒😒… you drive you pay 🙃,abuse,abuse,abuse,abuse
128547456,"Moyɛ moho bi wɔ Krotia abonten so! 
@ChelseaFC Animguasefoɔ",abuse,abuse,abuse,abuse
128547115,Oh ebi gyimisɛm nkoaa he dey tweet,abuse,abuse,abuse,abuse
128545493,"Moyɛ animguasefoɔ paa oo ei
Let's see what you have for us in the second half.
",abuse,abuse,abuse,abuse
128544885,Saaa boy no ony3 kramoni oooo,normal,normal,abuse,normal
129596611,"Siato, as u ppl talk say ebe JM wey kill Prof Mills, u rant like this?  Dem give you ppl small dose of your own meds, u dey come play the victim card for here…",abuse,abuse,abuse,abuse
128545718,Fa wo digging fon nu sor hƆ. Dwen woho.,abuse,abuse,abuse,abuse
129596377,W’anum Kankan s3 )kra bini….kwasea! Won’t u think outside politics…Was it started from this government (galamsey)..gyimi gyimii,abuse,abuse,abuse,abuse
128545344,only knows why this guy became apakye. smh,abuse,abuse,hate,abuse
128547113,Aboa Gyimifuor Kurasini....see ein mouth,abuse,abuse,abuse,abuse
128545803,"Kwamudwan BA
Your parents voted for the pple u want make them die so add them too.
Tuutuunii asefuo)",abuse,abuse,abuse,abuse
128545533,Oh for the where since when??  Tweaa https://,normal,abuse,abuse,abuse
128545768,Wo nkwasiasem nti ab)fra koraa agye w3nuonyam,abuse,abuse,abuse,abuse
128546757,Ur twi writing de3 as3 dagaate kasa,hate,hate,hate,hate
128547085,70% of sausage is pork? My abokyi just lost a customer,normal,normal,hate,normal
128546357,Herh the guy go learn the hard way gyimisɛm seɛ it dey show love hmmm,abuse,abuse,abuse,abuse
128544973,Herh. Dis b da hardest abokyi guys. Dey actually came at 10am.  Eiii. 10am paaa. Too moch.,normal,normal,hate,normal
128544922,"Hw3 ni gyimie, kowensani te s3 wo kraa u think u get sense all in the name of agenda and some coins you go collect. Stop disrespecting Stonebwoy he's not your mate.",abuse,abuse,abuse,abuse
128547387,Kwasia nto as Dey born u e bi so u Dey till now? Watch your papa e face for house n answer yourself gyimie,abuse,abuse,abuse,abuse
129595905,"Wodea wagyimi since the day you were born till now you still fool Kwasia bi ba, nnipa mu ntosuo, kramanba ,Krasini  bi y3mu adi tantan bi te s3 wo",abuse,abuse,abuse,abuse
128545987,Bawumia ooooooooo Tweaaaaaaa 😂 Dabi Dabi.........wabon roff,abuse,hate,abuse,abuse
129595947,Dortmund players demma faces like fufufunu! 😂😂 Don’t joke with the blues!!!,abuse,hate,abuse,abuse
129595953,W'agyimi sɛ mɔmɔne. Ɔba kwasia,abuse,abuse,abuse,abuse
128545045,There should be a huge speaker at zongo junction insulting all those who don't use the footbridge. “Moagyimi oo moagyimi” that might help cause I don't understand Ghanaians o,abuse,abuse,abuse,abuse
129596096,Nkwasiasem sei .. Rawlings ein kiddie kuraaa still dey chase ein political dreams. Who be that fufufunu too,abuse,abuse,abuse,abuse
128545843,Mo keka mo gyimisɛm wie a mo se harmless tweet,abuse,abuse,abuse,abuse
128545964,"Despite the many challenges, Ghana is better than many African countries 
 - Prince David Osei  That nigga and Tugyimi no difference",hate,abuse,hate,hate
128546828,"Laporta is a sick man,so he expected Xavi to lie to the fane and give them high hope nkwasiasem sei..",abuse,abuse,abuse,abuse
128546803,Sɛ wahunu gyimisɛm no bi . Saaa two parties wei deɛ . Their counterparts are also doing same thing .,abuse,hate,abuse,abuse
128547120,Professor trumu trumu eeiii gyae gyimie nu,hate,abuse,abuse,abuse
128547037,"Pɛsɛmenkomenya, ahoɔyaa, adwen bɔne ne nkuraasesɛm nko ara na aka Ghanafoɔ.
Because of such behavior, no one wants to do anything meaningful for the country.",abuse,abuse,hate,abuse
128546372,"Are they not the same people who told you guys prior to the Afcon that, they are training behind closed doors.
Gyimisɛm arakwa, mento sɛbi.
Menkɔ te a, bring back the love",abuse,abuse,abuse,abuse
128547082,Ah wait oo so they sent this template to kozie and she that job? Girl no wabon oooo herh😂😂😂.,abuse,abuse,abuse,abuse
129595804,Obaa na bawee s3 mango dua,abuse,abuse,abuse,abuse
128545806,"In the words of Akua Donkor, and I quote. ""W'abɔ wo dam""",abuse,abuse,abuse,abuse
128545050,A very useless and kurasini woman That Hawa koomson,abuse,abuse,abuse,abuse
128545331,"Chacha professional ! Me executioner, me yɛ kramoni Ɛnti mentwa ntonto, nanso afe yi dea megyina mu!",normal,normal,hate,normal
128547594,Bibiaa nny3 f3 wo saa kuro wei mu,abuse,abuse,abuse,abuse
128547550,You live in London nti deɛn? Gyimisɛm bi,abuse,abuse,abuse,abuse
129596635,"Ɛna NDC should've changed JM. JM had 1.4m more votes in 2020. Addo D had 950K. Thus, JM had 450K more votes than Addo D in 2020. This even when the odds were against him. Now you want us to change him when the odds are in his favor? Woyale. He'll beat Bawumia like a thief.",abuse,abuse,abuse,abuse
129596232,"real paaa , I dey watch all the games with free mind . Adwuma fon sei",abuse,abuse,abuse,abuse
129596074,This girl ankasa Wabodam 🤣🤣🤣🤣,abuse,abuse,abuse,abuse
129595751,Asantefo na akyimfo we thank u wai....mmbooaa,hate,hate,abuse,hate
128546361,"Wei ni Bongo difference biaa nnim 
Nkuraasesɛm saa",abuse,abuse,abuse,abuse
129596624,Adwuma fon nu magyae nyinaa,abuse,abuse,abuse,abuse
128546395,Africans will do everything but stand together smh Koo bibinii ,hate,hate,hate,hate
128545183,Tuutuu nii abayewa... Madi wo tw3 saa.. hoooo wo tw3 koraa b)n! Lmaoo,abuse,hate,abuse,abuse
128545283,"Edey bore me ehn.
My chairman make sad sakeof that... Like he no get admission it dey make he make basaa... Ɛdeɛn nkuraasesɛm no no",abuse,abuse,abuse,abuse
129596464,Kasa na anyɛ saa w'anum bɛ bɔn. - Twebeboah 2021 ,abuse,abuse,abuse,abuse
128545068,s3 gyimie ne dw33 ne ahantan O,abuse,abuse,abuse,abuse
128545149,"Wey sense edey this inside??
What's with the Ghana flag colors on these trains? 
Nkuraasesɛm aaakwa... Like only Ghana has trains",abuse,abuse,abuse,abuse
128547547,Condom sef ur father no fi afford like u no go dey here dey tweet this nkwasiasem . Tuutuu nii baa,abuse,abuse,abuse,abuse
128545426,Akoa wei dierr wabon forkin,abuse,abuse,abuse,abuse
128546986,"You don't interact with my tweets but once I do shout-outs you come and say ""why you no add me? “ w'abɔdam you figa I wake up thinking about you cos you buy my data for me erh siaaa😂😂😂",abuse,abuse,abuse,abuse
128546012,"How many of you (in your 30s+) with families of your own, see your actual parents more than 5 times in a year. Mo ka nkwasiasem dabiaa",abuse,abuse,abuse,abuse
128547026,Zongofo) ne aniso)hye3,hate,hate,abuse,hate
129596024,"Te s3 wo maame aboafunu aaa wo maame awo wo....gyimi nik te s3 wo, kuraseni",abuse,abuse,abuse,abuse
128547470,Everyone one on this app knows very well if their parents will accept your partner from another tribe or not. Don't go an date people and leave after years cos your parents didn't like their tribe. Nkuraasesɛm sei,abuse,abuse,abuse,abuse
129596513,"You be man, add Betis win or draw to your bet aboaa",abuse,abuse,abuse,abuse
128546959,LMAOO Nii wagyimi,abuse,abuse,abuse,abuse
128544850,Wo suro babaso na wo pɛ sɛ wo bɔ tuutuu? Massa di twɛ no 😂😂😂😂,abuse,abuse,abuse,abuse
129596538,Jorginho spoil my bet kwasia player sei gyimifo) aboataaa,abuse,abuse,abuse,abuse
128546037,"herrr wagyimi forkin ""@Alexzis_o2: When u open ur Snapchat and u see akakaduro paano's snap loading.. """,abuse,abuse,abuse,abuse
128546062,Wode wo wee toffee no wei nkwasiasem nkoaa,abuse,abuse,abuse,abuse
128547490,Aww asantefo) ne  gyimie3. All you need is t- shirts,hate,hate,abuse,hate
128547119,Ah! Abodamfo b3n koraa nie !!,abuse,abuse,abuse,abuse
128545137,but I don't get the logic. wabon na y3 ka Wu si Kalyjay nsu abon. instead of u defending yourself u dey gather the abond3 for the media top 😂😂😂,abuse,abuse,abuse,abuse
128547203,Siaaa kwa.. aah chale dis folks from NDC mkes governance so cheap,abuse,abuse,hate,abuse
128545175,Ashanti’s can rest now with this tribal bla bla . 3na asantefo( no Dey vote give pepefo( .,normal,hate,normal,normal
128547013,Herh herh fa wo nkuraasesɛm firi TV no so.,abuse,abuse,abuse,abuse
128547591,Aane woyɛ mabusuani. Kramoni biaaaa yɛ mabusuani,normal,normal,normal,normal
128545191,So nobody go ask me “how many reposts for a date?” Ah meho nny3 f3 saaa?☹️,normal,abuse,abuse,abuse
128546902,"You dragged him. Kwasea...you dare me,ofui,why can't I tag you here?😏🙄  @Serwaa_Amihere
",abuse,abuse,abuse,abuse
129596167,Look at this bush meat calling me uncivilized you are disgrace to your family aponkyeba,abuse,abuse,abuse,abuse
128545032,"Ame na Sarz worr ntafo dadaw oo, he just doesn't know yet. That's my baby 4lyf 🥰☺️",normal,normal,normal,normal
128544869,Obaa bawee de3 memp3 oh,hate,hate,abuse,hate
129596231,Kwasia boy! W’anum kankan no fa kɔ tu Mahama fo 🤣🤣🤣,abuse,abuse,abuse,abuse
128545076,"The problem with Africa is that, if they say nobody should go out, Everybody will go out to see if nobody has gone out..Koo bibinii 😁
#StayAtHomeGh",normal,hate,hate,hate
128545111,“Telling me wabon without saying it”,abuse,abuse,abuse,abuse
128547552,)Y3 apakye kraaa me p3 no saaa,hate,abuse,hate,hate
129595673,"Lol what has changed that you are saying ""those days"".. defender of Kontomponi",abuse,abuse,abuse,abuse
129596519,The most useless team in Ghana is the so called Kumasi Asante Kotoko. Ndwan,abuse,abuse,abuse,abuse
128545220,Eei abokyi nono oo... Ɔmo agyene gyene wo 🤣 🤣 🤣,abuse,abuse,hate,abuse
128546562,Nnipa mu tugyimi 🤣🤣🤣,abuse,abuse,abuse,abuse
128545589,Barca yɛ animguasefoɔ,abuse,hate,abuse,abuse
129596469,Napo nso wagyimi saa… wey y3 campaign message…nkwasiasem nkoa nyansa bia nim… so I was going to vote for this,abuse,abuse,abuse,abuse
129595853,"Rides in a mini bus, will he still rides in a mini bus after becoming president, hmmm azaa nkoaa",abuse,abuse,abuse,abuse
128547186,You see o gyimie nkoaa,abuse,abuse,abuse,abuse
129595651,Beware of fake pastors. Atorofo adifo,abuse,abuse,abuse,abuse
128547344,He visited Atiku and Obi too as part of his work there. Is it masheda politics or wo ti na ewu? I think it is the tiwui. Wabon ankasa ,abuse,abuse,abuse,abuse
129596165,"Nana Addo nso oh hooh, wob3 y3 ama nnipa akasa akyimfo anim kwa. Wei nso y3 di3n? gyaam na 3nka .",abuse,normal,normal,normal
128544969,"Lol if you don’t want to be messed up then don’t mess someone up , gyimi. If somebro rip you huge amount of money ugo wish am long life and prosperity? Kwasia next time if you come back you no go mess up again",abuse,abuse,abuse,abuse
128545061,kurasini baa,abuse,abuse,abuse,abuse
128546695,Wo kasa nyɛ me dɛ.. I don’t know where tf you go learn how to type like that🤣🤣,normal,abuse,normal,normal
128547182,"Wo maame tuutuu nii ne kraa )de ne tw3 ky3 ka kraa ada, kwasia bi ba sei 😂",abuse,abuse,abuse,abuse
129596604,"Your father go and investigate er, Aboafunu",abuse,abuse,abuse,abuse
129596383,Wona wop3 sika puduo. Enti na wobr3 yi 😂😂. Otweaa ,abuse,abuse,abuse,abuse
128547204,Kwasi ka twi na gyae pidgin no kurasini ,abuse,abuse,abuse,abuse
129595708,"Make you people continue doing politics, nkwasiafoc both parties",abuse,hate,abuse,abuse
129596239,This plyer teeth guy dey bore me pass everyone. Someone who claims to be a pastor. Doing the same thing he complained of. Siaman,abuse,abuse,abuse,abuse
128545877,See Mata going back and working for the ball. Otweaa. Hahahahahaha,normal,abuse,abuse,abuse
128547316,He did not say they are villagers. He said their acts on the field is 'nkuraasesɛm' it's different from directly tagging them as 'Nkurasefuor'.,abuse,abuse,abuse,abuse
128546071,Mo ka nsem hunu wo app yi so o,abuse,abuse,abuse,abuse
128544921,Nzemafo) mmaa ho y3f3 dodo...daamn😍😍😍,normal,normal,normal,normal
128544942,Wo keka gyimisɛm,abuse,abuse,abuse,abuse
128544745,I never see athlete for school wey be academically A division. so wabon anaa?,abuse,hate,abuse,abuse
128545470,Obaa anim bawee S3 3ser3 so bankye a adi b3y3 5 years🔥🔥🔥,normal,abuse,abuse,abuse
128544944,Lmao aboa ebi am...From your indications be like he p3 be the abokyi seller for there o,abuse,abuse,hate,abuse
129595650,Obaa Hemaa na eda he mame sima Wonsam bawee sei woyε den adwuma? Wopae boc ong😪,abuse,abuse,abuse,abuse
128545498,Kramoni Baa Ɔte Zongo. Mfa Bi DA😤,hate,hate,hate,hate
128546101,Stormi is actually a great name. FOH with your nkuraasesɛm,abuse,abuse,abuse,abuse
128547381,"Mahama de3 kowensani paa po, oshe rough!",hate,hate,abuse,hate
129596110,I'm supposed to believe there's a Better rapper than Lyrical Joe 😂😂😂 Woyale,abuse,abuse,abuse,abuse
129596320,"you've been there before, wetin did you do to help the youth.. azaa nkoaa",abuse,abuse,abuse,abuse
129596409,Kwasea kramanba. Where is the lie in all he said? Odwan,abuse,abuse,abuse,abuse
129596583,Massa stop the lies it's happening here in Volta paaa. Kohwini,abuse,abuse,abuse,abuse
128547043,Moagyimi saaaaa Aden. People should always die before you do the right thing why?,abuse,abuse,abuse,abuse
129595578,"Every politician touts their achievements as unprecedented which means exactly what Napo said BUT man, there is a big gulf between obolo tui and plus size.",hate,hate,hate,hate
128547135,😂😂😂😂koo boy no w'asa o,abuse,abuse,abuse,abuse
128546506,Wey school you go wabon tu,abuse,abuse,abuse,abuse
128545731,"S3 wo y3 apakye mpo a RT  @darryl_el me p3 wo saa?
",abuse,abuse,hate,abuse
128546247,how i wish they respond to such tweets. kasa hunu nkoaa,abuse,abuse,abuse,abuse
129596621,Afena Gyan could've been like this but abr) ne bayie is a muhfucka!,abuse,abuse,abuse,abuse
128545579,"Says a faux pas, it is now cool to be a girl football fan that started watching football doing lock down, supporting a team that can't even pay wages.. Tweaa",normal,abuse,abuse,abuse
128547616,But Nooobaaaaaadddyyyyy be Kurasini pass Saido Berahino.,abuse,abuse,abuse,abuse
129596418,"Otorofo), point out that NPP members who signed that useless petition. Do u think we are imbeciles like u who wants to compromise the peace",abuse,abuse,abuse,abuse
128545827,Jordan gya3 saa nkwasiasem,abuse,abuse,abuse,abuse
128544774,Woy3 nipa b) ne😂😂😂💔,abuse,abuse,abuse,abuse
128545859,Wo ny3 nipa hweee nanso #Otan hunu kwa,abuse,abuse,normal,abuse
129596382,"Ah I figa you dey come talk men sef, females?  Senior man nu w’agyimi anaa? Aden wo nua baa nan so anaa?",abuse,abuse,abuse,abuse
128547458,Yɛn players no yɛ animguasefoɔ paaaaaa. Anka y'ahyɛ 5 koraa ɛnkyɛn yɛn,abuse,abuse,abuse,abuse
128545232,"Lamine Yamal 16years, atc fie ama ne papa, ne maame na ne nana… Phd holder, wodaso renti chokor Iman dan, wote Ghana s3 school is the key, smh … woho fon s3 jot filter 😡😡😂😂😂😂😹😹😹😹😹😹🤣🤣🤣🤣🤣🤣",abuse,abuse,abuse,abuse
128547153,Efuom rappers demma beef de3 nkuraasesɛm nkoaa,abuse,abuse,abuse,abuse
128546253,Gyimiie y3 wu d3 roff!!!,abuse,abuse,abuse,abuse
128545973,"America, Nsem hunu sei aa",abuse,hate,abuse,abuse
128547064,What about we the men? 😁😁Nkuraasesɛm bɛn ni ?,abuse,abuse,abuse,abuse
128547223,"Hahaha..  but you're not doing law lol.. What have you made of yourself after your mummy whored herself out for you? I keep bragging cos I'm a doctor.. and what are you again? 
Ashawo ba.. hoodoo! Tuutuu nii ba..",abuse,abuse,abuse,abuse
128546707,Find some Abokyi and hand over this useless cow,normal,abuse,abuse,abuse
128546899,3mmom y3nka na Nzemafo) p3 tw3 dodo,abuse,hate,hate,hate
128545553,U mpo u see ur self as human...hw3 n3 gyimie bi,abuse,abuse,abuse,abuse
129596511,Nipa aa wagyimi de3 nyansa ben na wonim. Siato,abuse,abuse,abuse,abuse
128546028,Ama with all due respect Wonitwaasidi wati.. tuutuu nii baa te s3 wo,hate,abuse,abuse,abuse
128546081,Kumasi boys ankasa de3 gyimie nkoaa,hate,hate,hate,hate
129595606,Lol I did this to someone and the link was broken forever. I bought food yesterday. Buy it yourself today and that was the end of story. Aboafunu (dead goat),abuse,abuse,abuse,abuse
128545849,"Why are people dr@gging her, ah Moagyimi ana so someone can’t advertise in peace too, this thing be bad haba 🤦‍♂️",abuse,abuse,abuse,abuse
128545156,"LMAO wagyimi. ""@fuck_its_panda: Girl na ose masturbation y3 no )b3 p3 k)ti paaaaaa""",abuse,abuse,abuse,abuse
128547001,"As it should be. You don’t pay dues, you don’t attend games and thus, pay at the gates, club merchandise too you won’t buy nso kasa hunu nkoaaa na boys de shi amanfuo data wɔ WhatsApp.",abuse,abuse,abuse,abuse
128546582,"You claim to be wise people yet the person tag as ""Tani aboa"" is your flagbearer. Ntafo) b3di mo so saa. Mmoa🤣🤣🤣",hate,hate,abuse,hate
128546038,So poch no go put a stop this nonsense??? Gyimisɛm ben ni??? Ah,abuse,abuse,abuse,abuse
129595873,🤣🤣🤣🤣🤣🤣….Aboaa banku must sue you 🤣🤣🤣🤣🤣,abuse,abuse,abuse,abuse
129596373,"I know Boakye pillow, not mattress. A supposed rich man's son is looting public money and you're here to defend because of some droplets you'll get. Wo ho fi",abuse,abuse,abuse,abuse
129595541,Wo bɛyɛ hyi'a yɛ hyi... (motromodwo) Trigmatic x AI,abuse,abuse,normal,abuse
129595724,"The same way people will tell you that your MAKE-UP is nice, but they won’t tell you that...  ""Woa s3 aponkyeba a )k) disco..."" Nipa y3 bad, ma weni nda h)",abuse,abuse,hate,abuse
128546989,"akoa wei paa, nipa ny3 gyimifuo sa o 😁😁",abuse,abuse,abuse,abuse
128546780,Nti na woho nny3 f3 no,abuse,abuse,abuse,abuse
129595872,Ɛnko pɛ fufuo bi ndi … na te na hɔ keka nsɛmfo 🤣,abuse,abuse,abuse,abuse
128546694,Alatafuo will be shit 🚶🚶🚶🚶,hate,hate,hate,hate
128545112,Them burst apakye ein mouth🤣🤣🤣,abuse,abuse,hate,abuse
128546738,Mese bibinii ny3 nipa oo,hate,hate,hate,hate
128545229,"On this app, I always dey pray make I no find Kalyjay trouble. Ei Zongofo) ntokwa paa. Everlasting beef",hate,hate,hate,hate
129595575,Osaagyefo Dr. Kwame Nkrumah Okonini JJ Rawlings Oseade3yɔ John A. Kuffour Obenfo Prof. John Atta Mills Otorofo Odumkanea John Mahama ,hate,abuse,abuse,abuse
129596518,I blame those who are entertaining this nonsense wei azaa nkoaa tweaa 🙄,abuse,abuse,abuse,abuse
128546152,Obaa Wei obi be ware no ati sika ay3 ceremony??? Nanka s3bi me de b3 tor pr3ko ay3n. Wo ka kasa foo sei wo kaas3 wo di3 bey3 yie? Memp3 fufuo bi nni na ebi koraa na oy3 tuutuu nii baa☺️☺️☺️,abuse,abuse,abuse,abuse
128545165,"Mona moblɛ. You think Ghanaians have time to listen yo this RUBBISH? Even a day old toddler knows how corrupt this government have been. From living AKOHWIBRA in the SKIES,NATIONAL CATHEDERAL CHOP CHOP AGYABƆNE...... Animguasefoɔ!!! You have no shame.",abuse,hate,abuse,abuse
128545777,"Basaa .. gyimie paa ni.. don’t blame her though .. like u said, dem dey pay give am so no yawa",abuse,abuse,abuse,abuse
129595547,You are playing with Djokovic and returning from the stands smh. Complacency will kill this boy. Novak? wabodam papa,abuse,abuse,abuse,abuse
128546551,Krobofo) ne aho3f3 de3.... 3y3 too much....,normal,normal,normal,normal
128546507,"w'asa forken, ɛmma obiaa ɛndaada wo. twea kai",abuse,abuse,abuse,abuse
128546103,"Ghana Card Number at Birth. That one too they’re doing official launch at Ga North Hospital. 
Ei moagyimi oo",abuse,abuse,abuse,abuse
128547574,Cole Palmer noho nny3 f3 koraa oh,abuse,abuse,abuse,abuse
129596343,Haaland be sasabonsam complete,abuse,abuse,abuse,abuse
128544929,Mootia tuutuunii wei..,abuse,abuse,abuse,abuse
129596286,Obaa paa na n’anim y3 bawee saa no.,abuse,abuse,abuse,abuse
128544946,Flier no nny3 f3 🥱,abuse,abuse,abuse,abuse
129596213,"Ooh Emma and I were just friends nothing serious happened between us, it was just an entanglement  Saah Will Smith adwuma fon nu m3gyae 🏃🏾 ",abuse,abuse,abuse,abuse
128547386,Are you on drugs? You do drugs too Ei 😂😂😂😂 wee nii paa oo 😂😂😂 tuutuu nii ba aa )shi wee ka ho 😂😂😂😂,abuse,abuse,abuse,abuse
128546685,You wouldn't have made this nkwasia post if you have a life ofui,abuse,abuse,abuse,abuse
129595885,Aboaa.... kwaseapanyin....ofui..wo maame tw3 kankan,abuse,abuse,abuse,abuse
128544755,"Lazy gal"" @maristarh : waakye quew be dat.......Zongofo) p3 saa kraa too much....mkyeeewww""",hate,hate,abuse,hate
128545250,"U urself will be removed.,otweaa",abuse,abuse,abuse,abuse
128546952,Wo da dwene anka you wont request that for breakfast,abuse,abuse,abuse,abuse
128546310,Wadane kowensani Nono 😂😂,abuse,abuse,abuse,abuse
128546122,Same applies to people who get titles and start looking down on people in Ghana. Mo nyinaaa moagyimi on the same level.,abuse,abuse,abuse,abuse
128545349,If you think eno good aa come back na moagyimi dodo,abuse,abuse,abuse,abuse
129596557,Paper was also massive and his hooks & verse on trigmatic’s motromodwo🔥,abuse,normal,normal,normal
128545172,"Peasants paa? Naah keep saying the ugly and paping shit, but peasants eiii! )bia ny3 nipa fuun ooo",abuse,abuse,normal,abuse
128545783,The guy giving the Neto update beats his meats so much😭😭,normal,abuse,abuse,abuse
128546557,Abi gyimie pass house boy😂🤣,abuse,abuse,abuse,abuse
129596282,Mate wai ohianiba stubborn proud. Monyini o na monsua nyansa kakra.,abuse,abuse,abuse,abuse
128546488,he said mo ne ndc ayigbefoɔ nyinaa yɛ mmoa,hate,hate,abuse,hate
128546661,if you turn on disappearing messages take text me ago off am give…nsem hunu b3n Nono,abuse,abuse,abuse,abuse
128544915,"The nastier the better o
Hw3
Senior bia wig nny3 f3",abuse,abuse,abuse,abuse
128546839,Me den u no be same bro..if u be poor remain in your trenches wae😹ahiafuor kasa na wooka,abuse,abuse,abuse,abuse
128544841,Masa Robert Sanchez nu w’asa o,abuse,abuse,abuse,abuse
128547541,For you to be videoing this is nkuraasesɛm,abuse,abuse,abuse,abuse
128544986,Zongofo) bi ne akokoduro ne gyimii de3.. Hmm. . Smh 🤦‍♂️,hate,hate,abuse,hate
128545999,NPP should not allow this guy to talk in public again. Gyimie ben nie,abuse,abuse,abuse,abuse
129596625,Kwasia Aboaba I’m RN in Saint Vincent hospital Aboaba s3 3y3 donkey work Mese don’t waste your time to renew ya passport na every embassy will bounce you for the rest of your life cuz Wagyimii. Na people who do donkey work are faaaarrrrrr better than ya entire family achievement,abuse,abuse,abuse,abuse
128545649,"Deɛ monim ara ni. Animguasefoɔ. .... mopɛ bra bi mmɔ 😃😃😃.  But like seriously, your coach has no BALL thou saith Arthur 🤣🤣",abuse,abuse,abuse,abuse
128547269,"The medical talent deɛ we have paah oo, but the political gyimisɛm no dɔɔso!",hate,hate,abuse,hate
128547139,Asantefo) p3 ayie! 😮,hate,hate,hate,hate
128546331,Not surprised this is coming from you. Nsem hunu nkoaa,abuse,abuse,abuse,abuse
128547503,You think you're a 'hard guy' for leaking nudes but you're really just a kurasini,abuse,abuse,abuse,abuse
128546250,Tugyimi fans are trying hard to cover their shame but nfa😂😂😂,abuse,abuse,abuse,abuse
128545577,Woho y3 me sre fuccin. Wo gyimie aa 3nny3 f3. Nipa fonn aa Wo keka nsem fon basaa s3 wo ni ne Wo se. me ni w’anum wati. Aboa nkye Wo wre,abuse,abuse,abuse,abuse
129595934,"I will always say Portfolio will always be ahead of Obolo tui with no sense Dj Slim in terms of everything. Fanbase aside, he nailed it with his submissions on matter arising of Shatta Wale and Stonebwoy. Not what  @Kwamedadziegh so called journalist is doing.",hate,abuse,abuse,abuse
128545562,"We like Mimi that is why we were in denial but Josh ho nny3 f3 please 🙏🙏
Comparing kordell and Josh is crazy business 😏😏😏",abuse,abuse,abuse,abuse
128547093,Wo ti awu aama you need reddit to dis🤣🤣🤣,abuse,abuse,abuse,abuse
129596502,Nana wotwa me blade papa eighhhh !!!!! W’anum bɔn ankasa !!!,abuse,abuse,abuse,abuse
128546941,Nzemani aboaaRT @Woboa_kraa: Big_blakk_niqqa kwasia ayigbe man...,hate,hate,abuse,hate
129595643,After you finish wey the video no dey be ah you for cry again then take new one.. Hmmmmm adwuma fon sei,abuse,abuse,abuse,abuse
128547252,Ei dis sng 'ayigbefo) mmaa beku y3n hmmm some hi lyf music. Hmmm....,hate,normal,hate,hate
128545346,Ayigbefo) ne beyie 😂😂😭😭😭😭,hate,hate,abuse,hate
128546482,"Nkuraasesɛm seasoned with ignorance deɛ, you dey display some for here oo'.",abuse,abuse,abuse,abuse
128546303,Nsem hunu sei aaaaa. Absolutely nonsense… smh,abuse,abuse,abuse,abuse
128544953,Nkwaseasɛm ne nkuraasesɛm sei aa na mo de awu!! ,abuse,abuse,abuse,abuse
128546485,Ebe gyimie edey do dem oooo… demma leaders gyimi nti dem too gyimi p3p33p3,abuse,abuse,abuse,abuse
128545833,Sammy gyamfi makes me sooo happy !!!! What a Gem !! Richard de3 wabon forknnnn,abuse,abuse,abuse,abuse
128545776,"Misrepresentation!!!!! Official outdooring is not at Manhyia, this is just an introduction to Nananom and any and every political party can do same.. Don't try to play politics here, saa mo nkwasiasem no",abuse,abuse,abuse,abuse
129595668,"Herrrr I nearly wasted my vote, akoa yi agyimi.. I thought you had sense, u de3 don't dey ur lane be here doing counter attacks on mahama, I've taken ur vote and given to mahama cos wonnim nyansa",abuse,abuse,abuse,abuse
129595867,Even to think that I'm ewe.... Such a foolish soul... A fool who thinks blogspots are credible enough thinks he can educate me..Asante ni aboa..Go get some mental upgrade before you engage some of us in intellectual discus..anka asante ni de3 nyansa b3n paa na wo w).. Kramanba,hate,abuse,abuse,abuse
128547017,Jorginho dash goal sef ano fit cook cos of this coach ein gyimisɛm. Hm,abuse,abuse,abuse,abuse
129595732,"Being upset because a cartoon character is black must be a mental illness because wabodam? Are you so jobless and unintelligent, that these are the things you get mad for?",abuse,abuse,abuse,abuse
129595759,"Way3 wo hwene t3tr33 s3 zongo mallam buta. Woti kotoo Nyansa baako mpo nnim I’m sure when we knock you, it’d echoe",abuse,abuse,abuse,abuse
129596187,"U den afia swarznega fufufunu de3 no difference oo, m’agyimi gyimi tan, and the funny thin bi sey u sanso dey resemble each other J)NFO)🤣🤣🤣",abuse,abuse,abuse,abuse
128545406,"Eii Bridget Otoo, is that what they taught you at the Journalism School? Anaa wose na wabon nti boys boys no na na 3y3 wo assignment ma wo?",abuse,abuse,abuse,abuse
128545665,What is my 27yr old sister doing with such an ugly bag??? Eww I should take a picture some black and orange thing that alatafuo would use,hate,hate,hate,hate
128547359,When @kofikyei__and I used to use Kasspa we used to call each other from 4:30-5:59 each day. Na nkwasiasem nkoa na na yɛ ka wor phone no so!,abuse,abuse,abuse,abuse
129595921,"So Ghana is now a trial hub. Look at his smile, kohwini b3ma",abuse,abuse,abuse,abuse
128544908,Ei my own sneakers ayaa naa ɛyɛ gyimie anaa sɛ deɛn😂,abuse,abuse,abuse,abuse
128546322,"Gyimifuo what's this? Kuraseni!!
Wo trouser s3 kowensani mahama.",hate,abuse,abuse,abuse
128545728,Nice girl like you paa no body dey eat.. anaa wo suban nny3 f3,normal,abuse,abuse,abuse
128546584,Lol dis guy dey chat too much.. w’asa nso mtcheww,abuse,abuse,abuse,abuse
128546224,He shld sign M'villa so he will bench Arteta mo kaa s3 wagyimi )n?,abuse,abuse,abuse,abuse
129596489,Yɛnkaa sɛ Bawumia nnim nyansa o Yɛ se ɔne ne npp foɔ no yɛ aborɔ.  Sense deɛ he get some  Like how he go for convene human beings make dem follow am,hate,hate,hate,hate
129596162,Your first look me jx reminded me of the song. This Humpty Dumpty vice president is truly a motromodwo,abuse,abuse,abuse,abuse
128547023,Koo bibinii ne gyimii adwen.,abuse,hate,abuse,abuse
128546662,Buh niggas b readi to say anifin 4 the box..they'll prolly tell her the audition was gud buh judges wer bias instead of a simple wo ti ewu!,abuse,abuse,abuse,abuse
129596498,I go send wotiri so! Monitoring spirit.,abuse,abuse,abuse,abuse
128547094,tuutuunii paa.,abuse,abuse,abuse,abuse
129595589,"Says an ugly dirty fan of shattawale that is under Stonebwoy page disrespecting him because you claim that he shouldn't tag his wife. kwasia,aboafunu,gyimifuo. Toilet eater",abuse,abuse,abuse,abuse
129595959,Fancy wo voice wei deɛ sasabonsam deɛ paaa ooo 😂 😂 😂,abuse,abuse,abuse,abuse
129595689,Marc Guiu dey spend the money for house aboaa,abuse,abuse,abuse,abuse
128544940,"Woho3f3 na wotirimu adwen nny3 aa, aho)f3 no ne de3hen",normal,abuse,normal,normal
129596202,"Ghanafoɔ 🇬🇭 so deɛ mo sosɔ ɛta so ma no bɔn dodo ,girl wei ne he fa paa na ɛsɛ EBONY,aaa hwɛ ono so , n'anim sɛ alata samina,wo de efa ho agye wo din ,madam wo nyɛ serious. Ka w'ano to mu na nwansena anwura w'anum, wo to sɛ capital P,",abuse,abuse,abuse,abuse
128545699,Ayigbefoɔ ne gyimii deɛ.,hate,hate,abuse,hate
128546677,Looool I knew it! Kowensani.,abuse,abuse,abuse,abuse
129596340,He is just an idiot who deserves whatever the women serve him. Kwasia like that. Wagyimi paa,abuse,abuse,abuse,abuse
128545922,Tuutuunii b33ma you no see my missed calls? And these new ones won’t fit… theyre medium size,hate,abuse,abuse,abuse
128545044,#GhanaAbraborNti ntafo) p3 s3 )mo y3 s3 asantefo),hate,hate,hate,hate
128547029,"You are pained, hurt, and bruised. Choose your fights and victims well. Next time. Otweaa",abuse,abuse,abuse,abuse
129596006,No Irish cream as ingredient nsɛmfo rap bia purely poetic,abuse,abuse,abuse,abuse
129595909,Ah did u really say this? Haha naaa wagyimi too much! Instead of u to debunk what's on the table see the shit u saying,abuse,abuse,abuse,abuse
128545774,The disasi guy no wabon papa Ah!!n,abuse,abuse,abuse,abuse
128546061,Barima sii 'M'ayɛ krado' siaaa kwa,abuse,abuse,abuse,abuse
129596454,"Kwasiaba wu maame tw3m kro kankan, belle belle. Aboafunu wuhu fon s3 toilet nsuo wai odwan",abuse,abuse,abuse,abuse
128547635,Ah 😂 Ei what's his own? Smh nkuraasesɛm Sei aaa,abuse,abuse,abuse,abuse
128545878,"Bibiani Gold Starsfoɔ no, ah wɔmo asa papapapapapa. Their players should be lashed 50 50 50 when they get home. Wɔmo yɛ animguasefoɔ to Ghana football paa",abuse,hate,abuse,abuse
128546140,Hw3 ni kwasia 😂🫵🏿 Wabon na y3 ka wosii wosi buse,abuse,abuse,abuse,abuse
128544784,Chale that onyɛ n tins nu Ebi nkuraasesɛm too much... We dealing with issues here u bringing ppls parents in it.. Why.. If u are on different views with ppl it doesn't give u the teremity to insult their parents..this r the reasons why shatta fans we been tagged villagers.. Yy?,abuse,abuse,abuse,abuse
128545709,As3m oo… asantefo) ne Kasa fiii😂,hate,hate,hate,hate
129595969,3y3 azaa nkoaa 😂. NDC for you,abuse,hate,abuse,abuse
129596306,Mmpaninfo) atorofo agyimifo)❗️,abuse,abuse,abuse,abuse
128545011,"You don't even see there's something wrong with the free shs because of poor implementation.
I'll not waste my time arguing with you, if you want to vote for the NPP, do so.
NPP ne gyimie",hate,hate,hate,hate
128545325,"""Don't be sick, else I will also fall Sick"".
New relationship ankasa, gyimie no dɔɔso too much😂😂😂",abuse,abuse,abuse,abuse
128545638,N'adwene ayɛ ketekete sɛ 1 pesewa,abuse,abuse,abuse,abuse
129595763,"Oh you saw the thing eh. 7 positions in 70 minutes. 10mins per position, atopa mu arithmetic. Atorofo nkotsee",abuse,abuse,abuse,abuse
128545998,cleland ho nny3 f3?? go and come back again wai 😂😂😂,abuse,abuse,abuse,abuse
128547339,"L😹L.story of ur life huh "" @akw_asi :u eat a friend's girl and ur excuse is ""oh then i figa sey u too just dey eat some""
woy3 nipa b)ne paaa""",abuse,abuse,abuse,abuse
128546709,"Where are the pallbearers? 
Abokyi Awu😹😹🙈",abuse,abuse,abuse,abuse
129596025,Abrɔ Ne Bayie Mɛtoa So Ɔkɔmfoɔ Se Kɔɔ,abuse,abuse,abuse,abuse
128545863,If them select 23 players from the local league seed line them go qualify. Group wei yɛ group a yedi last? Animguasefoɔ,abuse,abuse,abuse,abuse
129596221,Boy wei w’anum kasa bɔn,abuse,abuse,abuse,abuse
128547312,What United fans don't get is that Moyes is no Fergie. Wagyimi potorrrrr,abuse,abuse,abuse,abuse
128547556,Bet Stanley nso wagyimi oo!! Din din saaa bet gyimie womu!,abuse,abuse,abuse,abuse
128545978,When we voted for the disaster we have now as president I guess he was 45yrs? Ofuii tugyimi,abuse,hate,abuse,abuse
128547561,Lrt.........Teddy foooooooool too morch ......nipa na wagyimi sey,abuse,abuse,abuse,abuse
128546934,"“Asantefo) with the mindset that Otumfour is powerful than the president” saa nkwasia adwene no, mongyai",hate,hate,hate,hate
128544839,Pulisic dey stress me pass herhh No10 na w’asa sei,abuse,abuse,abuse,abuse
128546404," NPP has slapped a 20% luxury tax on that same sanitary pad yet you come on twitter and tweet ""they're all the same"". They're not. Wo ti ewu",abuse,abuse,abuse,abuse
128547622,Listen to the gyimisɛm you dey talk ..you naa edey bi you .??? Siafo),abuse,abuse,abuse,abuse
128544797,GREETiNGZ TO ALL THE NTAFO) WORLDWiDE:-),normal,normal,normal,normal
128546427,Nkuraasesɛm ne gyimie ne mmoa ade nkoa😠😠😠,abuse,abuse,abuse,abuse
128546074,Ntafo) dier paa ni bi,normal,hate,hate,hate
129596277,If you're not ready to tell the truth but make up your own stories based on some  Manutd fans feelings on social media this is what you get. Siaman,abuse,abuse,abuse,abuse
128545274,Wudi wu nkuraasesɛm 3kɔ international,abuse,abuse,abuse,abuse
129595627,Errdae more projects dey go on but we no dey c notin....y dem dey lie we so..... Prez otorofo,abuse,abuse,abuse,abuse
128544811,Sia. Go and buy him na moagyimi kraa too much,abuse,abuse,abuse,abuse
128545713,"Ah, na Kramoni abaayewa deɛ nka Brazilian hair fa woho bɛn?",hate,hate,hate,hate
128545019,"I need to understand how this sht works because s3 anka enye nkuraasesɛm aa, anka how can other 4th gen fandoms think omo bɛtumi akasa etiaa Stray Kids",abuse,abuse,abuse,abuse
128545004,"You must be crazy! to say i'm crazy.”swty, wose abodamfo na ehu  abodamfo anaa? Lol",abuse,abuse,abuse,abuse
128546541,See mpena tweee ankasa 3y3 nkwasiasem 95% 🤣🤣🤣,abuse,abuse,abuse,abuse
129596203,"but wakye seller say the gob3 no don so make he finish the soup, but sheldon bor wey he carry ein books plus de tweets go kalyjay hse na Dampare dey search fufufunu so sey dem go eat de banku plus rice water, but shata win tummy dey run am ",normal,abuse,abuse,abuse
128545288,"Keep casting your pearls before swines, wai? You go learn a bitter lesson soon. You're young doesn't mean you should be naive. Stop extending olive branch to those who don't have your well-being at heart. Mon tie! Na gyimie no 3yaad))so! It's giving tea without biscuits vibes.",abuse,abuse,abuse,abuse
128545822,"Instead of you to concentrate on your Africa campaign, your supporters were busy chastizing our Dubai tour. You no see anything yet 
Animguasefoɔ Moho aniwu",abuse,abuse,abuse,abuse
128545663,Bro Ming’s dier a always dey talk. Wabon tu,abuse,abuse,abuse,abuse
128546030,Those asking what's he's using to tweet... Ɛyɛ nkuraasesɛm anaa sɛ gyimie? Anaa them snatch ein logins too? 😂 😂 MOyɛ Mmoa koraa dodo,abuse,abuse,abuse,abuse
128547485,Nkwasiasem ben paaaa nie??? Eei,abuse,abuse,abuse,abuse
129595542,NDC cows🐄 think they can body Samira little did they know they always start what they can't finish. Mpreko ba 😂 Check Lordina Mahama's green patches on her wrinkled face like a tigher when she was the first Lady & compare her with Samira.,hate,hate,abuse,hate
128545745,Wo yɛ animguasefoɔ paa!!!,abuse,abuse,abuse,abuse
128545214,Wo maame tw3! Linda dor rice water! Wo kwasia s33 )sib)! Wo ho fii s33 amane! Wo gyimie s33 oguan!,abuse,abuse,abuse,abuse
129596219,Mbappe: Awurade makoma  Rashford: nyame b3 y3 menua wotiri koraa so dodo,abuse,abuse,abuse,abuse
128546338,Kurasini. Womp3 6 points ?,abuse,abuse,abuse,abuse
128546997,Apakye is the only thing u people can call him n we are use to it 😂😂😂😂,hate,abuse,hate,hate
128547146,Chale wo firi kuro bɛn so...? Wo nnim nyansa ong?,abuse,abuse,abuse,abuse
128545590,Yam & Choffi is available to bu From iTunes........ Kurasini Is On The Grind,abuse,abuse,abuse,abuse
128545186,"Wo Omari, obi kyɛn wo adwaman? Adidi mmrewa.",abuse,abuse,abuse,abuse
128546837,"It’s your mother, father and future generation that defends and will defend foolishness and stupidity before they eat. Fa wo gyimie kɔ!",abuse,abuse,abuse,abuse
128546200,"Ofui bia woda prison, how come you saw someone borrowing money for wedding? Wo clout nny3 f3 s3 wanim,, aboa!",abuse,abuse,abuse,abuse
128545353,Saa akoa no deɛ sɛ wangyae saa gyimisɛm no a erh... Hm,abuse,abuse,abuse,abuse
128545174,Ayigbefoɔ ne trotro backseat asɛ Bawumia ne digitalisation.,normal,hate,hate,hate
128546426,"sika akɔdi bɔtɔ fii mu,ɛnti nsem hunu biara na ɔmo keka kyerɛ nipa",abuse,abuse,abuse,abuse
129595654,Not available in your wo tiri so ne Wapampa so.,abuse,abuse,abuse,abuse
128544782,Abokyi s3 me b)t)m re koraaa me w) nam,normal,normal,hate,normal
128546339,Cyer B33ma o wagyimi paa,abuse,abuse,abuse,abuse
128547251,Be like chaw nyansa dey flow for the TL top today. We need more of such tweets the nkwasiasem plenty too much.,abuse,abuse,abuse,abuse
128545484,Bel cola over hollandia is where i draw the line…be serious ma guy…enfa ohia enka nsem hunu 😂😂,abuse,abuse,abuse,abuse
129596543,"8 Nanso ahufo ne wɔn a wonnye nni ne akyiwadeyɛfo ne awudifo ne aguamanfo ne adutufo ne abosonsomfo ne atorofo nyinaa benya wɔn kyɛfa wɔ ɔtare a ogya ne sufre dɛw wɔ mu no mu a, ɛyɛ owuprenu no mu.”",abuse,normal,normal,normal
128545599,Asantefo) Kasa!!! this early mõrning....,normal,hate,hate,hate
128545921,"Ntafo) nso ka ho "" @_Ato__: Nkr3mofo) possess natural beauty.""",normal,normal,hate,normal
128546545,Ayigbefo) yi de33..shld we gv everyone a cat b4 he/she votez for us??,hate,hate,hate,hate
128545904,Wo beyie nny3 f3 wo,abuse,abuse,abuse,abuse
128546002,"Akwa wei di3 still oo kasa, nsem hunu nkwa ne firi ni num, mo locki no k) prison na adansie3 y3 rubbish",abuse,abuse,abuse,abuse
128546500,😂 😂 why didn't they call the ambulance service if the (ambulance) system worked? Animguasefoɔ!,abuse,abuse,abuse,abuse
128546001,Gyimisɛm na wo keka. Comparing sexual offence to infidelity??? Use your brain small,abuse,abuse,abuse,abuse
128545374,Wei deɛ n'anum kasa nyɛ. Yi no firi ahoma no so,abuse,abuse,normal,abuse
128544855,Woy3 nipa b)ne nii papapapapa,abuse,abuse,abuse,abuse
128547021,"Awuradze Nyankop)n! Herh, Fantefo, y3n ho y3 serew papa!!!",normal,normal,normal,normal
129596084,"Motromodwo Nipa !! Mmaa nt)kwa nka wa ko awie , Herh fwgk",abuse,abuse,abuse,abuse
128545828,Abodamfo phone call kraaa eniaa,abuse,abuse,abuse,abuse
128546477,Anaman wagyimi oooo,abuse,abuse,abuse,abuse
128545018,All they do is to sit behind the mic and criticize. They know nothing about football mgt yet these were the guys whose loud noises pushed Manhyia to sink our club. Where’s his conscience and who’s he lecturing. Animguasefoɔ ! ☺️,abuse,abuse,abuse,abuse
128547340,"Not my money but e pain me. Tuutuunii baa wudifoɔ sei bi deɛ, Nyame mma yɛn hyea bi da",abuse,abuse,abuse,abuse
129595999,Fior you dey lie. Lair. Where is all over the country? Kohwini ,abuse,abuse,abuse,abuse
129596095,You no dey barb English? Go check your views after your banter with him 293 views then things aboaa you dey the trenches taya😂😂,abuse,abuse,abuse,abuse
128546085,Why are most ghanaian parents so anti-alatafuo😭😭😭,normal,normal,hate,normal
129596579,"Wagyimi saa,sia ba what were they doing throughout the eight years",abuse,abuse,abuse,abuse
128547435,The dagaate's culture arguably one of the best.,normal,normal,normal,normal
128547354,Kramoni aa yefr3 no Ewurama..,normal,normal,hate,normal
129595562,if my bro or sis gets rich and he or she  says they don’t owe me anything i go fi wound am ong  hw3 woyale anaa,abuse,abuse,abuse,abuse
128547415,"Anokwa kasa hunu di3 mofa no kwa, NPP foc!",hate,hate,hate,hate
129596564,"Woyale,what benefit did we get from you as EMT chairman. History will forever see you to be the most useless veep.",abuse,abuse,hate,abuse
128546399,Nsem hunu keka seiii aaa,abuse,abuse,abuse,abuse
129596344,Giddifok obolo tui! Please paaaa!!!,hate,abuse,abuse,abuse
128547334,"Why can't I tag your ASHAWO boss here?
Saa mo gyimisɛm naa mode tete Ghana hɔ no,mmoa🐂🐆🐒🦥🦒🐘🦏",abuse,abuse,abuse,abuse
129595895,"Hwe ne kwasia Aboaba go to ministry and ask the number of people that comes from diaspora for gh passport and citizenship, odwan hianii aboa ohia ama wab) dam Nti obiaa na wodi No atem.I know hunger is making you bitter I don’t blame you 🤣🤣",abuse,abuse,abuse,abuse
128547278,Kraman yarefo) wei mo nfa no nkoma frafrafo) ma omo ku no nwe? Massa,hate,abuse,hate,hate
129595636,Someone’s wife and you’re asking for advice. Siato  Would you be happy if it’s done to you?,abuse,abuse,abuse,abuse
128547395,"Them dey vex me waaa, cy3 kwasea paaa",abuse,abuse,abuse,abuse
128547241,Go and ask Nana Addo for accountability mosore as kasa hunu,abuse,abuse,abuse,abuse
128545792,do then marry then stop dey chase small girls. Owass Panyin toto,abuse,abuse,abuse,abuse
128547392,"Kraman? Kraman mpo de3 dagaatefo) ne akyemfo) b) atw3de3 w) me nam ho, na wo aboa pete nso wo so mfaso) ne s3n.",hate,hate,abuse,hate
128545790,Anita dey aa over too much de way dey used de tweaa to make de jama herrr no challenger,normal,normal,normal,normal
128545098,Gyimisɛm pro max that🤣,abuse,abuse,abuse,abuse
128544819,"What dem dey do to this other girl
Wey gyimie this",abuse,abuse,abuse,abuse
128547299,Hw3 ne gyimie  be s3 Aura ... 🤣🤣🤣,abuse,abuse,abuse,abuse
128547425,Don't inherit ur father's nkwasea talk no bi wate,abuse,abuse,abuse,abuse
128547347,"Ah, why this video by this time. Moagyimi anaa?",abuse,abuse,abuse,abuse
128545289,)no de3 s3 n'adwene nny3😂😂,abuse,abuse,abuse,abuse
128546675,Angel Town said “W’abɔ wo dam” 😂😂😂😂,abuse,abuse,abuse,abuse
129596309,You sound very pained Mese k) p3 togo visa koraa they’ll bounce you cuz Wagyimii too much aha de3 obiaa minding ne business. Kwasia obi y3 de3 wop3 aa aboaba s3 gat right to insult them aboa do you feed anyone in there? Wo maame te h) de3 wob3di koraa 3den wote ha na gyimi saaa,abuse,abuse,abuse,abuse
129595869,You thought Napo be your dad....? Wose anum kankan sɛ atee amatuam  Kwasea bi ba,abuse,abuse,abuse,abuse
128545317,Woho fon s3 galamsey,abuse,abuse,abuse,abuse
128545003,It took a male parliamentarian to even bring it up but our women are silent waiting to prey on men. Moagyimi dodo.,abuse,hate,abuse,abuse
128546198,Ntafo) ne gyimiii de3,hate,hate,abuse,hate
128544858,Mo nya sika ah na ato mo ne nkwasia keka ne gyimie. Yehuu w’ahyasi3. Wanya ngo na woodi t). Odwan!,abuse,abuse,abuse,abuse
129595610,"Who in your entire family comes anywhere close to the stature and relevance of Ghana? You’re even unfit to eat his poop. Foolish animal. Even that jocular character, you’re campaigning for humans to vote for that thing. Jesus Christ! Wo ho fi wati.",abuse,abuse,abuse,abuse
129595865,Fa wo kwasia kc nag wagyimi dodo,abuse,abuse,abuse,abuse
128546124,Abodamfo) krom lol (@ Accra Psychiatric Hospital),normal,abuse,abuse,abuse
129596034,"Have some shame, siaman.",abuse,abuse,abuse,abuse
129595750,“Wabodam if you think my platform is for John Mahama and the NDC”. Kevin Taylor vs Common sense family. Heat 🔥,abuse,abuse,abuse,abuse
129595618,So it should always be Shatta Wale? Aboaba,abuse,abuse,abuse,abuse
129596072,Nipan mu aboaa. Wo kwasia. Santehene no get time give that kwansanpayin dog. Wo ho fi biom.,abuse,abuse,abuse,abuse
129595641,Obaa na way3 bawee s3 nwuramunam ya ho,abuse,abuse,abuse,abuse
128545402,I tell you that I can't work tomorrow and you are asking me why wagyimi anaa,abuse,abuse,abuse,abuse
128546721,Greenland 🇬🇱 sef people dey stay there na canada  sia kwa,abuse,abuse,abuse,abuse
128545899,Do you people understand rivalry? Moagyimi oo,abuse,abuse,abuse,abuse
128547301,Hahaha I have one in my apartment Ɔwɔ aburokyire nanso nkuraasesɛm nkoaaaa na aka no 😂,abuse,abuse,abuse,abuse
128546173,"Obaa anim bawee s3 igneous rock aa )de p3 aware3""w'anim basaa s3 war film foh😂😂😂😂",abuse,abuse,abuse,abuse
128546489,"Dear Kweku Lukaku, 3nn3 wo p3 a gyimi. 3h) na wo be hu s3 Asantefo) w) powers. ",abuse,abuse,hate,abuse
129596416,Wo ho nyɛ fɛ na w'anum sanso bɔn... Tueh,abuse,abuse,abuse,abuse
128545260,"He’s a Rev. A Man of God. He stands on the Pulpit Every Sunday to preach about honesty to his congregants but a Simple Question on his age, he can’t answer it cos he has probably done something questionable like reducing his age or be given an extension.. Koo Bibinii",hate,hate,hate,hate
128547318,"Wagyimi na wob3kc ‘ascre’ ama y3 akc dware wo aa 3nny3 obiaa asem oo.
My brother leave them!",abuse,abuse,abuse,abuse
128545043,Kaiii!!! Ayigbefo) Ne Post...Hmmmm®,normal,hate,hate,hate
128545418,Bronii is 5000 years ahead of koo Bibinii😂😂😂😂😂,normal,hate,hate,hate
128545239,Alatafuo omu ye beyfuor paa,hate,hate,abuse,hate
128545113,These are the ones who will vote for Bawumia no doubt!! Moagyimi paaaa if it were to be you or your relative how will you feel..?!!,abuse,hate,abuse,abuse
129595605,Obolo tui en anklet be necklace(choker) give atialege 😘,hate,hate,abuse,hate
128547520,"I did. He said ""woho fon""",abuse,abuse,abuse,abuse
129595784,90 what? You naa make dem take do you. Mo y3 akwadwofo) dodo!!!,abuse,abuse,abuse,abuse
129596525,"Somebody say Unless it’s urgent, make you no marry Obolo tui 😳😌 This Kumasi niqqas dey worry O.. Ei..!! Hw33.. 😂😅",hate,abuse,hate,hate
128544938,With Southgate it's never coming home tweaa,abuse,abuse,abuse,abuse
128547611,"Stonebowy is one of artist in Ghana I have never approached to conversate but I really know his character; envious, copy copy, backbitter and fanfooler, he thought some artist like Vybz Kartel get ein time, Apakye, wale go cook am soon🤣🤣🤣🤣",hate,abuse,hate,hate
128545302,See eer ashawo de3 nny3 b)ne oo.. what's the difference. Moagyimi toooo much,abuse,abuse,abuse,abuse
128546260,w’asa ankasa!,abuse,abuse,abuse,abuse
128545761,"I have always said this guy is not wise. After swearing heaven and earth that he will not apologise, see him now. Otweaa",normal,abuse,abuse,abuse
129596414,The only thing your boyfriend has over him is sportybet account wo y3 aboaa piii,abuse,abuse,abuse,abuse
128545949,Someone is trying hard to highlight the unfair data prices in the country..if you can't support the course the least you can do is to shut up...na wagyimi dodo ,abuse,abuse,abuse,abuse
129596530,I've always said if you get a good conversationalist keep her because it's a lot of 'cool' out there. What's up ose 'cool'  Wabodam on?,abuse,abuse,abuse,abuse
128545053,you’re part of the reason people insult Ayigbefo),normal,hate,hate,hate
129595989,“wotiri so ne wapampam so”,abuse,abuse,abuse,abuse
128546077,Guys wey de stand like this dierr konkonsa nkoaa😂💔,normal,abuse,abuse,abuse
128546971,Adɛn na Ghanafuɔ pɛ gyimisɛm saa herh 😭😭😭,abuse,hate,abuse,abuse
128546591,Ntafo) 🏃,normal,hate,hate,hate
128544955,"Mo deɛ mo nsua hwee na gyimii, do you the price of the S23 Ultra? Do you know the price of Fold4? Nkuraasesɛm nkoaa n'aka mo",abuse,abuse,abuse,abuse
128546465,"Wabon na wakc sukuu aky3 aa , wokaas3 obiaa nso abon.",abuse,abuse,abuse,abuse
128547220,"Gyimii You Ankasa You No Know Your Value. Sakoff Common Rt Nti You Dey Lick Your So Called Twitter Influencers Asses. Adey Pity You. Tsw😂😂😂😂💔
Woso Gyimifo Dier🤦🏽‍♀️Tueh!",abuse,abuse,abuse,abuse
129595734,aboa.. W'oabɔdwesɛ sɛ nea wo ka ndwan so..,abuse,abuse,abuse,abuse
128546917,Ayigbefoɔ no eduru park no so. Black cat paa. 😂😂😂,hate,hate,hate,hate
128546657,"A whole country is voting for a walking dead.
Lmao herrh Alatafuo de3 ",abuse,hate,hate,hate
128546387,"With Odoootei, Akambi and Agya Nyansa at the helm, even Florentino Perez will fail as CEO at hearts of oak. Tete neɛma nkoaa. Animguasefoɔ",abuse,abuse,abuse,abuse
128546386,"You should channel this useless statement to npp headquarters, gyimie saaa",abuse,abuse,abuse,abuse
128545775,Wo y3 tuutuu nii paaaaaaa,abuse,abuse,abuse,abuse
128547055,Sark came to rant over poor organisation of a concert enti wonso wob3y3 bi.... Wagyimi briefly wate,abuse,abuse,abuse,abuse
128545657,Mongyae gyimie no Da…keep tickling your self,abuse,abuse,abuse,abuse
128545264,Hwɛ ne gyimii bi ne ne nkuraasesɛm bi... Anaa mahama no na yɛnhuu ne so ɔman panin da...,abuse,abuse,abuse,abuse
128546936,This Ashanti butcher gave himself a tribal mark because people weren't buying his meat and he wanted to look like an abokyi,normal,normal,hate,normal
128546913,Of course wabon 🙄 like he was expecting something different?,abuse,abuse,abuse,abuse
129596313,"NANA Has Added Acid to the Wounds,  Morrrrrrrrreeeeee BLOOD!!! 😂😂🤣😂 Ndwan!! Mo b3 Bleeding Ewu!!! 🤣🤣😂🤣",abuse,abuse,abuse,abuse
128544793,Herh na NPP fo) no moagyimi saa ? Lmao,hate,hate,abuse,hate
129595614,Ɔse it entered....😂 Aboataaa,abuse,abuse,abuse,abuse
128546376,S3 osi)p3 obaa bawee 😂😂. We give you blue to enjoy you say James brown😒,abuse,abuse,abuse,abuse
129596349,"Aponkyeba, why don’t you use this your wisdom to make some money and then give them to your community?!",abuse,abuse,abuse,abuse
128545052,Menua Kramoni aboa! Sɛ penalty nyɛ goal ong? Wodea yɛ wei fasting no a wobɛte wo ni twasidi.,abuse,abuse,abuse,abuse
128546725,Nii bi some aboa.,abuse,abuse,abuse,abuse
128546619,"Who is that gentleman standing¿??¿
He resembles u basaaaaaa.
Animguasefoɔ",abuse,abuse,abuse,abuse
128546438,"Ruth, wo brɔfo kasa nyɛ me dɛ 💩",abuse,abuse,abuse,abuse
128545928,Mmaaa ne gyimie dieeerr,hate,hate,abuse,hate
129596205,Wotiri so consensus.,abuse,abuse,abuse,abuse
128546891,so 'oluwaa' means 'wagyimi' in Ga. Kwabena Yeboah wosop??,abuse,abuse,abuse,abuse
129596619,You don't tax your way out of wotri so ne wapampa so. Government ankasa dier if I talk now BNI go pick me up...,abuse,abuse,abuse,abuse
128547430,Need everybody to LIVE in Europe at least once in their lifetime to understand that nkwasiasem na mookeka wor social media ha no.,abuse,abuse,abuse,abuse
128545966,Alatafuo 3tw3 y3 bossom🙅🏿,hate,hate,abuse,hate
128547112,That apakye is better than ur ugly dwarf. Wowc problem paaa shatta amawadwuma,abuse,abuse,abuse,abuse
129595716,Where’s dumsor? Otorofo),abuse,abuse,abuse,abuse
128545444,Moagyimi Gyimi na mu gu krom hɔ,abuse,abuse,abuse,abuse
129596133,t’s only enzo you see in the bus? Siaman,abuse,abuse,abuse,abuse
128545419,"Moagyimi paaaa!!! Momfa mogyimii no mfiri me so nkɔ, moate?? Mmoa!!! ",abuse,abuse,abuse,abuse
129596228,We will destroy all teams next season is now fighting for draw 😂😭  Nkwasiafoc,abuse,abuse,abuse,abuse
129596055,You and who? Stupid bigot. Even your prostitutes mother who gave birth to u to second hand father krooaaa benefits from AKUFO ADDO government. Ofui mpreko baa,hate,abuse,abuse,abuse
129595985,Aboaa saa nu. My vote go cancel en own 😂😂😂,abuse,abuse,abuse,abuse
128547441,pepefo) ne noise making de3...,abuse,hate,hate,hate
128546100,Oh me vice president yi anum kasa nyɛ koraa oo.,abuse,abuse,normal,abuse
128545554,Everyday someone doesn’t understand something. Mr all knowing meanwhile wabon,abuse,abuse,abuse,abuse
129595923,Wonitw3m kankan s3 w’anum,abuse,abuse,abuse,abuse
128547405,Abokyi wossop ? Today de3 I beg no Togo Togo outfit biaaa oo.  We beg paaa. That your power rangers dressing must stop .😂😂😂😂,abuse,abuse,abuse,abuse
128547577,Eiinti mongyae gyimisɛm yi?,abuse,abuse,abuse,abuse
128546621,"Herrr w'abɔ dam
Herr wo yare
Herr woreso daeɛ
Herr te w'ani.",abuse,abuse,abuse,abuse
128546218,"Wano s3 tuutuu ni tw3, gbagayaa",abuse,abuse,abuse,abuse
128546040,"Shame on you guys,how can you do this to your own party members? Mo yɛ animguasefoɔ paa",abuse,hate,abuse,abuse
128546730,Ah? W’anum kasa nyɛ,abuse,abuse,normal,abuse
129596440,Otumfour helped our country with two imf deals and you dey here dey fool! Wo gold ayers anaa? Wo maame tw3m kankan s3 w’anum,abuse,abuse,abuse,abuse
129595871,"Kwasia aboa gyimifout te s3 wo, wo maame tw3 s3 Tema harbor, kuraseni odwan m3333!!! Wogyimi aaa wo maame de awo wo wc kurom ha, aboafunu ",abuse,abuse,abuse,abuse
128546887,Ah the abokyi people go demma hometown or? Cos I haven’t seen 1 in almost a week.,normal,normal,hate,normal
128547606,SEYI leave Alex woho fon ,abuse,abuse,abuse,abuse
129596305,DC United were too ashamed to use THB in that picture announcing their game against Asante Kotoko and let's not forget that the DC united game was orchestrated by the Parliament of Ghana.. Kontomponi Afer3 Hene Nana Apinkrah knew nothing about it nor did Manhyia 👍 ,abuse,normal,normal,normal
128545351,"Please kindly tell her sɛ with all due respect ɔnfa ne gyimisɛm mpɛ baabi nkɔ wai
LGBTQ>> Trumu sɛm yɛ mmoa adi",hate,hate,hate,hate
128546954,Tweaa that whore of a club? Watch them roll over and take it w/o any resistance,abuse,abuse,abuse,abuse
128546307,Woy3 kwasia paaa. Mini wa’num. woho fon s3 angwa mo. Wo maame tw3 tintin s3 keteke. Kwasia berm Ah wo fri bush. Gbemi,abuse,abuse,abuse,abuse
128546350,Toni Kroos aboa why you hurt my boy😭,abuse,abuse,abuse,abuse
128546112,Nyansa nnyi wo tsir mu. Abodamfo,abuse,abuse,abuse,abuse
128545134,"Do we have original name, kurasini",abuse,abuse,abuse,abuse
128544758,Abokyi afa ha lmaoo,hate,normal,hate,hate
129595883,1k dieben pages? He should be telling us about that publishing deal with Sony. Because he got a good deal deɛ ɔnka ho asɛm. Motromodwo man,abuse,abuse,abuse,abuse
128545819,Kowensani. Chew all the bottles okay?,abuse,abuse,abuse,abuse
128546274,"Tuutuu nii, kowensani, ashawo ni, kromfuo, adwaman Dede Ayew wob3 br3 paa aswear",abuse,abuse,abuse,abuse
128547213,"""and those Abokyi Perfumes....I dislike em....!!esp thier fragrance...",abuse,abuse,hate,abuse
128546169,Akoa ho nny3 f3 😭😭😭😭😭😭🤦‍♂️🤦‍♂️,abuse,abuse,abuse,abuse
128545096,"NCC no ankasa it seems they have no shame. 
Animguasefoɔ biara nkyɛn ɔmo.
Ɔmo ani nwu asɛm sei ketekete.",abuse,hate,abuse,abuse
129596319,"Borla man, e be iniesta way brought football into existence??  who invited this dog here?? Fa wo gyimii kcda.. wo ho nyanyan s3 fe3.. wo bue w'ano a nkwaseakeka nkoaa.. bring urself this morning.. nantwieba",abuse,abuse,abuse,abuse
128544983,Wo papa koraaa agyimi sene wo so I’m not arguing with you fool. Kwasia na me I bi Ewe ong? My 1gh bundle can feed your family forever,abuse,abuse,hate,abuse
129596252,Hw3 ne kwasia 😂😂😂 3ne3 tu fri UK erh?😂😂 Obaa anim bawee y3 waduro ase,abuse,abuse,abuse,abuse
128546569,"Chance the Rapper says he wants to meet Sarkodie, and you are here saying the collaboration no go jom cos Sarkodie can’t rap in english. Ei koo bibinii",hate,hate,hate,hate
129595733,What has your too much sense gotten you ? Or where has it taken you to ? Ohianiba but wo kasa by heart.,abuse,abuse,abuse,abuse
128545572,"ƆbaaHemaa pɛ nkuraasesɛm, I'm tryna take you out of it
Wo Ex n'ano sɛ ntaabodan, ɛno koraa na wofe 😭🤣🤣🤣",abuse,abuse,abuse,abuse
128546894,Tuutuu nii baa,abuse,abuse,abuse,abuse
129595818,"Gabby Gay Otchere Darko womaametwaaaaaaaasidi, kwasiato kramanba you think you can use that useless dwarf Akuffo Addo to intimidate Ghanaians? We are not timid, watch out.....",abuse,abuse,abuse,abuse
129596177,Ɛnyɛ deɛ ehia nie nipa bɔne-ni kohwini,abuse,abuse,abuse,abuse
128545393,"BoG rate mpo ni, then bank and Abokyi dea 💀💀💀💀💀💀💀💀💀💀💀💀",normal,hate,hate,hate
128547198,noko fine.... abodamfo) mienu bee,abuse,abuse,abuse,abuse
129596592,Nii dem say he Dey open the portal to all sasabonsam characters in the SHSshpere,abuse,abuse,abuse,abuse
129596043,Some of you Onyeka fans tweet rubbish at times that is  why our girl will always be dragged.#BBNaija abba  can’t you mind your business .Nkwasiafoc mtchewww,abuse,abuse,abuse,abuse
129595902,"To know this empty headed obolo tui is someone’s abusua panyin🤦‍♀️. You’re just a clueless, daft and pathetic man. Your only career would’ve been clowning if there wasn’t politics.",hate,abuse,abuse,abuse
128546063,Naa. Woy3 nipa b)ne so u are scared! Confess!!!** lmaooo get away!!,abuse,abuse,abuse,abuse
128545785,"Even my face without make up is still better than yours with make ups, wanim ankasa nny3 f3 baako sei kai",abuse,abuse,abuse,abuse
128547605,"This country and gyimisɛm dierrr, this is a discovery",abuse,abuse,abuse,abuse
128546129,alatafuo yi b3ku nipa,normal,hate,hate,hate
128546313,"wo ti awu,dont bend it before putting it in",abuse,abuse,abuse,abuse
128547159,"Chale do you know me?
Meho nny3 f3 oo.",abuse,abuse,abuse,abuse
129596323,Obaa bawee de3 memp3 oh,abuse,abuse,abuse,abuse
128547128,"Chief, kindly read the book again na wabon o",abuse,abuse,abuse,abuse
129595632,abode3 de body building elements 3y3 rhymes tikelenkele too dey laugh 😂 ,abuse,abuse,abuse,abuse
129596192,Na if I chop obroni 5K sef he chop more. Adwuma fon sei.,abuse,abuse,abuse,abuse
129595720,Ɛyaa na gyimi na ɛbi mo agyimi,abuse,abuse,abuse,abuse
129595772,"Ghanaians and their mindset, 8 year's siato..... They clapping their hands..... 😂 😂 😂 😂 😂.",abuse,hate,hate,hate
128547083,Is your mom married to her first lover...moagyimi ooo 😂..mote ghana na gyimii saaa,abuse,abuse,abuse,abuse
128547136,Kurasini in London,abuse,abuse,abuse,abuse
128546521,"🤣🤣🤣🤣🤣🤣akoa wei yɛ jon, adɛn Manhyia no ɛyɛ orphanage home.and feel sorry for your people cos amo yɛ mmɔbɔ,so called land owners have nothing on their own land.ɛnyɛ gyimisɛm",abuse,abuse,abuse,abuse
128546671,"Because you don’t act human moagyimi dodo 
You defend bad things because it comes from you guys",abuse,abuse,abuse,abuse
128546629,Nkuraasesɛm bɛn dey this inside? The aburofo fuoɔ sef wey dem dey see this every year dey do more than this. My guy relax na let people who wants to appreciate things.,abuse,normal,abuse,abuse
129596610,Sexy trash. Edit it Tikelenkele,hate,abuse,abuse,abuse
129596401,Moy3 post te s3 de3 y3 y3n natwie wc Wotiri so,abuse,abuse,abuse,abuse
128546039,Nkuraasesɛm sei smh,abuse,abuse,abuse,abuse
128547217,3ny3 gyimie na 3y3 ndcfuo?,hate,hate,hate,hate
128545782,Casualties dey mean victims na wabon dodo,abuse,abuse,abuse,abuse
128546153,Nti woho nny3 f3 na wokasa saa no ahh!😂,abuse,abuse,abuse,abuse
129595558,Wo wokwasea s£ wo maame dwamanfo) de kraman. Prako! Wo ho fi s£ b)la so odwan!,abuse,abuse,abuse,abuse
128546883,"Ɛyɛ  Nkuraasesɛm koraa.. Aah
She think say ebi guy.. Buh sakof she's Sis Derby nti these hypocrites go support am",abuse,abuse,abuse,abuse
128546291,Mo sos) nkwasiasem wor krom ha paa o😂,abuse,abuse,abuse,abuse
128545210,I hate jailbroken iPhones as much as I hate Androids with their different fonts and kurasini themes.,abuse,hate,abuse,abuse
128546493,Perez got a word or two 4 u......LMAOOO.. .trigger wagyimi wai,abuse,abuse,abuse,abuse
128545340,"Lance gross posted a hat on Instagram and it got 6,469 likes with nice comments. Lemme attempt this n I will get the 'wagyimi anaa' comments",abuse,abuse,abuse,abuse
128545176,"Wodie3 gyimie diirr33 eeeiii , reason like a natural thing wai",abuse,abuse,abuse,abuse
129596429,Sesei deɛ moobɛdi fufufunu kroaa gye mo twa ba.,abuse,abuse,abuse,abuse
128546194,"Campaign naaaaa nehia mo! How to win power and do nothing afterwards, that's what's most important to you people.
Animguasefoɔ",abuse,hate,abuse,abuse
128546931,"Hmmmmm, fire will burn them all.
Animguasefoɔ nkoaaaa. Na ɛyɛ ghana football. ❤️💯🇦🇹🇦🇹🇦🇹",abuse,abuse,abuse,abuse
128545087,3y3 aa na moagyimi oo. Ask the DJ’s they get Kelvin Boy mixes.  Can you say same for Olivetheboy? ,abuse,abuse,abuse,abuse
128546021,Regardless I still love alatafuo! God Bless Nigeria!,normal,normal,hate,normal
128545919,"If you knew she is CardiB and you are Wendy Shay and co, then why did you agree to go, animguasefoɔ",hate,abuse,abuse,abuse
128545116,"Ashi wo paa ooo 🤣🤣🤣🤣 ashawo ba! You don't even know your father.
Kwasia panin",abuse,abuse,abuse,abuse
128545915,"Who said ""tweaa""? Ghana's parliament bans the popular slang word ",normal,normal,abuse,normal
129596113,W'anum kankan🤣. Aboa bi sei'🤣🤣. Ofui',abuse,abuse,abuse,abuse
128546643,I am blessed listening to the kids sing a capella just blew me! Its one of those days which will remain with me forever! #kurasini CH,abuse,normal,abuse,abuse
128547215,Wale de3 s3 woagyimi,abuse,abuse,abuse,abuse
128547522,S3 wagyimi aaa everyday you go chop insult freeeeee 😂😂,abuse,abuse,abuse,abuse
128545611,Arh Akabenezer no wagyimi anaaa😭😭😂😂,abuse,abuse,abuse,abuse
129595903,"And they chose Bawumia over him, tweaa Bawumia can't even answer a question straight",hate,abuse,abuse,abuse
129596318,Azaa nkoaa this man,abuse,abuse,abuse,abuse
128547133,"Lil wyn eh.. He fool pass santo, judas, funny face, agya koo dems all put together oh... Wagyimi ankasa.. Ei awurade..",abuse,abuse,abuse,abuse
128545509,3kuraasesem nkoaaa,abuse,abuse,abuse,abuse
129596631,Even a m@d Ashanti is wiser and better than ur entire generation and ur chief too 😂😂 wo ho fi s3 wo party chairman ,abuse,abuse,abuse,abuse
129595736,yie!🤭🫣see how silly he looks being told the truth. Siaman😂😂😂,abuse,abuse,abuse,abuse
128547282,Aden neho nny3 f3 saa anaa?,abuse,abuse,abuse,abuse
128546785,"Ah bra, you keep defending this as if you’re Asante more than anyone here. Just listen to Napo’s speech; is that how kids trained in manhyia supposed to speak? Otumfuor tried to even clear the way for him to sell himself but ended messing up. Animguasefoɔ Napa!",hate,abuse,abuse,abuse
128544950,Nkuraasesɛm sei. Tchewwwwwwwwwww,abuse,abuse,abuse,abuse
128545666,"Kroboni ba Okomfo Anokye de adwaman about ne dua""Sarkodie is next on the lynching board... Kai",abuse,abuse,abuse,abuse
129595920,Mauricio Pochettino nti 3y3 abor) anaa s3 bayie?,abuse,abuse,abuse,abuse
129595911,Cry blood bro!  No one gives a fvck about your fufufunu analysis. Fwgfhk,abuse,abuse,abuse,abuse
128545766,Ɛnti ɛna wo ho twa tisɛ abokyi sikan no 😍😍,normal,normal,hate,normal
128547072,What do you expect from alatafuo. Omo aduane ne3,abuse,hate,abuse,abuse
128546239,Kramoni kwasia 😂,hate,hate,abuse,hate
129596622,I hate motromodwo suban.,abuse,abuse,abuse,abuse
129595727,Kwasia Gyimifo atorofo,abuse,abuse,abuse,abuse
128545469,"Pound Sterling Ayivor"" nso y3 obi din? 3ne3 Ayigbefoɔ ma Ghana Abrabɔ 3y3 dinn papa"" hahaha",hate,hate,hate,hate
128544897,"Ah I figure ebi asem the musician wey dey trend oo s33 ebi Asantefo) ""asem oo"" wey trend😂😂😂",normal,normal,hate,normal
128546576,Apakye saf dey run🤣,hate,hate,hate,hate
128546967,They should finish with the roads and gutters first... gyimie sei,abuse,abuse,abuse,abuse
128545980,it will always come from you this ev!l togolese people.. bayie ne ɔtan na ɛku mu. nkwaseafoɔ asefoɔ moho kankan.. ayigbefoɔ mmoa,hate,hate,hate,hate
128547377,The reason why the pozo and Apakye collect my girlfriend from me,abuse,hate,hate,hate
128546764,Wo ho s33 w)ma wai siaaa kwa 😂😂,abuse,abuse,abuse,abuse
128545566,Da biara mpanyinfuo ma yɛ di ɔmo atɛm wɔ kuro ne mu. Tie gyimisɛm bi,abuse,hate,abuse,abuse
128546025,Just like your kowensani mahama,abuse,abuse,abuse,abuse
129595728,Money no Dey n u Dey wan give allowances. Siato,abuse,abuse,abuse,abuse
128547608,Costa be kurasini waa,abuse,abuse,abuse,abuse
128546698,See forget bongo ein big vocabulary he dey use that boy is daft eeeii nipa na wabon sei.,abuse,abuse,abuse,abuse
128547422,“Wo kasa nyɛ me dɛ! adɛn ? drop your number “,abuse,abuse,abuse,abuse
129595992,fella nu ankasa )y3 aboaa mame🤣🤣,abuse,abuse,abuse,abuse
128547160,"woho fon sɛ borla so,  kwasia",abuse,abuse,abuse,abuse
128545946,When you said shatta w'asa ruff 🤣🤣🤣🤣 I laff die,hate,abuse,abuse,abuse
129596335,"Tell him to go and debate the suffering ghanaians, bond holders,importers who can't pay duties,nursing and teacher trainees whose allowance has not been paid. Otweaa",abuse,abuse,abuse,abuse
128547079,"Your idea of love is who has to pay the bills or when cheating is allowed, who should cook and who puts their foot down. Kurasini.",abuse,abuse,abuse,abuse
128545138,"Your boyfriend once said ""Wabon dodo na WASSCE is waiting for you""",abuse,abuse,abuse,abuse
128546435,Don’t we have companies in ghana you guys talk anyhow as if your doctorate y3 di taale woho gyimie saah,abuse,abuse,abuse,abuse
128547412,m3 ye obaa baaku berima = I'm a one woman man,hate,normal,normal,normal
128547376,S3 Wo ti awu a no matter how you try to hide it you’ll surely expose yourself😹😹,abuse,abuse,abuse,abuse
129595536,2(419). Azaa nkoaa mmienu. No make pressure catch you,abuse,abuse,abuse,abuse
129595945,Wo maame gyimii fo) mpo had the chance to give birth to you. Aboaba.,abuse,abuse,abuse,abuse
128546476,"The law is dealing with the ""murderer"" so where from this village attitude 
Nkuraasesɛm nkoaa
",abuse,abuse,abuse,abuse
128547434,"Nkwasiasem no akyi nyinaa..,if you’re big you’re big chale",abuse,abuse,abuse,abuse
128545592,No nso moagyimi paa o…is that not clear enough?,abuse,abuse,abuse,abuse
128545621,Stop fooling and give me more like your kowensani mahama 's,abuse,abuse,abuse,abuse
128546628,After every post try reading the comments under it.😀. Wohu nsu nny3 f3.,abuse,abuse,abuse,abuse
128545609,Nkuraasesɛm adɔɔso wɔ app yi so Kwaku,abuse,abuse,abuse,abuse
128547076,"Ask your girlfriend what it means. 
Na fa wo kwasea fri ha kor.",abuse,abuse,abuse,abuse
128546605,"Animguasefoɔ 
Hunger and selfishness will kill you....
We know everything so don't waste your energy
",abuse,abuse,abuse,abuse
129596125,Onana dier every shot be goal…W’agyimi fokn,abuse,abuse,abuse,abuse
128546634,Ghanaians actually live in these Alatafuo's head rent free,abuse,hate,hate,hate
128546825,Masa gyai gyimie na Wo ho nny3 f3 kakra wai,abuse,abuse,abuse,abuse
128545101,This be how you people dey justify gyimie,abuse,abuse,abuse,abuse
128544798,"so you people are gonna act like elikem is right bi saa no?
mmoasem twitter na y3gyae obaa? wagyimi paaaa",abuse,abuse,abuse,abuse
128545879,Akoa wei if Eno be football a like some kowensani paa o,abuse,abuse,abuse,abuse
128547451,"This is what we hate to see. Koo booze man . Akpeteshie old man.
Bottle kingpin . Kowensani mahama",hate,abuse,abuse,abuse
129596215,"Aboaba koooloooo,,,A blogger was sued and jailed last time for a month over publishing of a fake news continue with your foolish foolery you will get there shortly since your sense is short opro😂😂 ",abuse,abuse,abuse,abuse
128545788,U do all this and u expect #JM to give u electricity? Tweaa u lie bad😎😎🙅,normal,abuse,abuse,abuse
128546278,"Niqqa handwriting nny3 f3 wey i talk am nu, he bore la. How can u say 'truck' den 'buck up'...Like how?? Eejx dey borzz my brains😂😂😂😂😂💔
N'adwene ketekete s33 3mbaa watch😂😂💔",abuse,abuse,abuse,abuse
129596479,I will rather marry sasabonsam than to be with a girl like this.The heat and smell I can’t abeg. I wont even sleep with them. Tweakai,abuse,abuse,abuse,abuse
128546567,Aboa banku sef change am but still 🤣,abuse,abuse,abuse,abuse
129595713,This Firestick guy ankas what knowledge does he have in music? Make he take ein gyimigyimi lifestyle comot for there.. n’anim duduudu s3 fufufunu,abuse,abuse,abuse,abuse
128547206,I kai Messi vs us in UCL...nigga tweee from centre go chip Casillas..Kurasini 😂😂😂,abuse,abuse,hate,abuse
128547288,Revisit your books😎 w’abon too much,abuse,abuse,abuse,abuse
128545312,Ne ho koraa nny3 f3😂😂😂,abuse,abuse,abuse,abuse
128545837,This penalty dier..just because we be home team. Ref wagyimi paa,abuse,abuse,abuse,abuse
128545807,Nkuraasesɛm... I would walk all of them out ah,abuse,abuse,abuse,abuse
128547627,de dirties strika i eva see costa. . He luks lik some kowensani bi dat i know at fankyenebra,abuse,abuse,abuse,abuse
128545109,Wode3 keka nsem hunu saaa wai 😂😂😭,abuse,abuse,abuse,abuse
128547225,U see say I talk u say he no better pass Romeu saf...wakchy3 Arteta ase nti they think he's good...tugyimi moo paa,abuse,abuse,abuse,abuse
128546433,NPP f) ne gyimie. Abodamfo,hate,hate,abuse,hate
128547244,When u get 1gh bundle you tweet anyhow come to Manhyia and say same thing .kwasia Kwa 😏,abuse,abuse,abuse,abuse
128545559,The police are from Israel ong? Moagyimi o,abuse,abuse,abuse,abuse
128546773,7. Dagaate man who polished his shoes👞👞 to take a passport photo.👨,hate,hate,hate,hate
129595687,"Dude, you want to bleed more, abi🤣. )yarefo 🤣🤣🤣.  'Anum kankan'🤣",abuse,abuse,abuse,abuse
128545832,That girl be Kurasini forget am,hate,abuse,abuse,abuse
128546004,You are a fool bloody kurasini,abuse,abuse,abuse,abuse
128547468,The day of  accountability will be sweet and too rough for you  @KokuAnyidoho abodamfo,abuse,abuse,abuse,abuse
128547040,Wat happend to the guys that ntafo in the party and went to hosp — I have no idea,normal,normal,normal,normal
129596385,Tweaa who again you people get?  Sankwass from top to bottom.,abuse,abuse,abuse,abuse
128545487,that in a rave the Alatafuo have the most yukky of body odour~loool par!!!!,hate,hate,abuse,hate
128546922,Ebi nso aa wo gerr ho nny3 f3😂,abuse,abuse,abuse,abuse
128547138,"Nowadays the girls have to bend one of their legs like some apakye, if not the picture isn't a nice one. Eish! 😂😂😂",normal,hate,hate,hate
128545839,Gyimisɛm sei aa. I have so many thoughts and questions.,abuse,abuse,abuse,abuse
128546165,Tweaa wey correct guys go chop you ah Chale yare fuor nkoaa,abuse,abuse,abuse,abuse
128545297,"Mmaa bi paa deɛ ayaa na kyɛɛsɛ menhu deɛ ɛha mo o😏.. Nyame ahyira wo kama wowɔ wo biibi di fine..
Heerrr maame woho yɛ wodɛ paa ong.. Tuutuunii😏
",hate,hate,hate,hate
129595777,Hungry for wotriso ne wapampa so,abuse,abuse,abuse,abuse
129595793,Wo bɛ nya bayie straight 😂😂😂,abuse,abuse,abuse,abuse
129596238,If you die I go cry for two days then continue with ma life oo. Dey there dey fool. Aboaa😹😹😹😹,abuse,abuse,abuse,abuse
128547014,Big man like u is also following this line of gyimisɛm… smh,abuse,abuse,abuse,abuse
128545163,Akoa awiey3 nny3 f3 ... Womaametw3 send ur slips to ur family house 😂😂😂,hate,abuse,abuse,abuse
128546091,Ebi a ɔbaa kumase no na ɔte bonglo nti mma no nyɛ wo nwanwa sɛ ɔntee kasa no da,normal,normal,abuse,normal
128545936,Asantefo) ne kasa 🤣🤣🤣🤣🤣. Agya nkyerekyeremu,hate,hate,abuse,hate
128544891,Gonjafo) Ne 3nduro😂😂,normal,hate,hate,hate
128547230,Ah moagyimi anaa? 😂 he shouldn’t join a party?? Is he not entitled to join a party of his choice,abuse,abuse,abuse,abuse
129595722,"They  setup in a 442 diamond, low block, high line in the opposition final third 😂 azaa nkoaa 😂😂",abuse,abuse,abuse,abuse
128546905,"Gyimie kasa s3 post your girl make I rate am 
Na me p3 obi a rate me girl aaa Akok)  davido ? Hoh 😂😂😂😂",abuse,abuse,abuse,abuse
129595535,Useless talk. Siawoman,abuse,abuse,abuse,abuse
128547530,Akwa wei wonim s3 wagyimi paaa.... Masri mi tu efiho(LMAO in twi),abuse,abuse,abuse,abuse
128546443,"Twilight say Shatta always go smoke low grade abokyi weed den come dey give low punch beef vibes, heerrrh😂😂😂😂😂",abuse,abuse,abuse,abuse
128545678,Fa wo gyimii ne wo nsemhunu kɔ. Animguasefoɔ. Tswww,abuse,abuse,abuse,abuse
128545201,Wey history fantefo) get? Smh,normal,hate,hate,hate
128547442,"Gyimisɛm saaaa, see what ""if you educate a woman you educate a nation"" has turned to,,, the person who talk that not be wise... 😂😂😂",abuse,abuse,abuse,abuse
128545451,Kurasini na )gyai be team h) b3 b) against,abuse,abuse,abuse,abuse
129596210,Now u get data to pour ur smelly breath. Huunn w'anum bɔn. Go brush ur teeth,abuse,abuse,abuse,abuse
128545131,Tuutuu nii barima,hate,abuse,abuse,abuse
128547497,"New year,old me..nothing has and will change😂😂.You want cut me off??? come take scissors ✂ 😂😂...nkwasiasem",abuse,abuse,abuse,abuse
128546550,"Whenever I'm down, I go to the Abokyi people on our junction and pay them to say 'CIGARETTE'.",abuse,abuse,hate,abuse
129596166,See da fool wey dey call somebody a fool 😂 😝  Shatta ain’t ur mate wati  He get song give every situation wabodam 😝😂❤️,abuse,abuse,abuse,abuse
128544870,Eii Nnti frafrafo) mmaa nnso y3 kissi )mo ansana y3nne )mo Ada anaa...?,hate,hate,hate,hate
129596590,Oh baby girl baajo! No Motromodwo,abuse,normal,abuse,abuse
129595803,"The stolen verdict, that's why ur shualenge and Romata ar not winning in life🤣🤣and ur afuom anum kankan kontomire fanbase too ar fighting 🤣🤣",abuse,abuse,abuse,abuse
128545159,"Lmao😅😅😅😅😅 but you know say wagyimi"" @BoiJamin: 😂😂😂😂😂😂😂😂😂😂 """,abuse,abuse,abuse,abuse
128545660,Alatafuo Jollof... Wormu di emo Kesi3 no na wormu di nwaa,normal,hate,hate,hate
129595929,Mr Siaw download number 3 already. No room for atialege,hate,abuse,hate,hate
129595789,Yɛkasɛ mo nkorɔfoɔ no ɔmo agyimi a mose ma yɛnka,abuse,abuse,abuse,abuse
128546864,"And why have they moved the afcon back to January??
Koo bibinii. Smh",normal,hate,hate,hate
129596093,This is America…tweaa I go sleep dumsor inside like that,abuse,abuse,abuse,abuse
128547245,Nkwasiasem mpaboa ben ni 🤨 afei koraa de3 mabr3,abuse,abuse,abuse,abuse
128545376,"ECG animguasefoɔ! 
Independence Day nso so?
",abuse,hate,abuse,abuse
128547061,Abi Jon but you Dey follow me . Wagyimi roff 🤣🤣🤣,abuse,abuse,abuse,abuse
128546682,"Why then are you in that marketplace ? 
Tuutuu nii barima",abuse,abuse,abuse,abuse
128546497,"Metaa di wo maame twɛ sane te te ntasuo gu mu,ne twɛm sɛ basaa sɛ Ayigbefoɔ asa",hate,abuse,hate,hate
128545039,at least if someone is acting like this in a club it's probably bcos they've taken somtin into the body system buh acting like this on a mountain without even taking a shot of wine is totally gyimisɛm anogo lie you 🤣,abuse,abuse,abuse,abuse
128545091,"Dancehall artist wey no know how to knack well dier, wey lazy artist be dat. Masa shon dey fuuul den enter gym take straighten ur waist, siaaa kwa, u sa dey smoke ganja add but u dey knack slow tsww😂🤣🤣",abuse,abuse,abuse,abuse
128545110,Asantefo) ne 'Ohemaa'.,normal,normal,hate,normal
129595700,"Wo Maame tw3 wate… kwasia ba!!! Don’t dare me or else, I go track you come beat you for there. Aboaba",abuse,abuse,abuse,abuse
128545511,Nkwan no ani nny3 me f3 😂😂😂😂,normal,abuse,normal,normal
128545336,U see nice face so u say crush....maybe she be apakye sef ,abuse,abuse,hate,abuse
128546132,Saa gyimii no ɛsɛ  mtn foɔ gyae just last week they sent me msg that I qualified for loan after so many failed attempts I waited for this week bcos I wasn't in need of money last week only for them to tell me again that I do not qualify gyimisɛm saa no aseɛ ne sɛn,abuse,hate,abuse,abuse
128546762,"Kɔ checki wo maame twɛ ase de no mu hwɛ sɛ ɛbia na wo bɛ nya nmuayɛ wɔ hɔ! Hwɛ ɛjimifoc bi ba yi nso ? 
womaame trumu koraaa",abuse,abuse,abuse,abuse
129595901,Choose a proper Godfather!  Kohwini Wei ,abuse,abuse,abuse,abuse
128544830,She is a disgrace.. What is that.. Nkuraasesɛm saa.!,abuse,abuse,abuse,abuse
129595913,And I've trained my dogs to keep eating wo maame tw3 till she bleeds. I've been indoctrinated to see that wo papa y3 kwasea ky3n wo mahama no. Aboa ba. Wanim tantan s3 laudina mahama tw3. Wanum kankan s3 Nima gutter. Adwee ba. Ofui. Wanim s3 nantwie bini. Gyimi gyimi,abuse,abuse,abuse,abuse
128547192,Gyimisɛm saa aaah Ghana media,abuse,abuse,abuse,abuse
128545912,"And who lied to you that you are sensible.? Ashawo.
Tuutuunii, your sense mpo nie? you are proud of that your fish brain.? 
Obaa tantan
Bleaching cream will finish and we shall see your black colour.",hate,abuse,abuse,abuse
128546383,Please don't advice him . I love it when he drinks. Kowensani mahama,hate,abuse,abuse,abuse
128546668,"Chale  @TelecelGhana, yɛnka nokorɛ mo network no ayɛ tugyimi ne gɔbɛ paaaa. Eii!!!!!!
",abuse,abuse,abuse,abuse
128545474,Kasa hunu saa ... neti s3 mmcbrc ti bi 😡😡,abuse,abuse,abuse,abuse
129596456,Hmmm. So Bawumia wan tell us say Addo Dee be some sasabonsam who wishes we the citizens no good. Asem oo😂,abuse,abuse,abuse,abuse
129596317,for all the fishy-acting motromodwo pagans! 😂,abuse,abuse,abuse,abuse
128545686,"Make he lef give Dede, anka wagyimi koraa",abuse,abuse,abuse,abuse
128544895,"Nkuraasesɛm!! The fact that u wanna be a doppelganger of someone means u are a dissapointed soul. U dont even have confidence in your own self. Shame on them.
",abuse,abuse,abuse,abuse
129595984,Girl wei ankasa bayie ha no,abuse,abuse,abuse,abuse
128546573,Charlie wop3 gyimie too much ! Hoh 😏,abuse,abuse,abuse,abuse
129595622,Do you know what I did to Gyan before they stopped calling him? Some of you are stupid like you eat toilet. Who is fighting for Asamoah Gyan? For what and to do what? Kramanba😤,abuse,abuse,abuse,abuse
128546283,😂😂😂😂😂😂😂😂nsem hunu y3 wo d3 oo,abuse,abuse,abuse,abuse
129596241,No one be hypocrite and konkonte than the journalists who didn’t see anything wrong with what some of their colleagues did and were unable to call them out but think they have a voice now to call people to order. C’mon go and sit somewhere with your Tuozafi behavior. Motromodwo,abuse,abuse,abuse,abuse
129596605,Vice presidential candidate anum kankan 😂😂,abuse,abuse,abuse,abuse
128545211,Tuutuu niii  Ashawo nii Jantra nii berma ti s3 wo,hate,hate,abuse,hate
129595678,Just pay ur money……..”from 150 cedis to 500 cedis is just pay ur money” woyale,abuse,abuse,abuse,abuse
129596208,"They are all  nkwasiafoc, when she insulted him sometime back it didn't make waves but he made allegations to meet theirs and they're calling him out, make those NPP f**l soldiers too apologize to Fmr Prez for calling him the murderer of the late Prez Mills, this country song",abuse,hate,hate,hate
129595915,"The sad thing is there are some people under this tweet who see this as funny..mmoa nkoaa..ndwan..this guy ankasa de3 ,he will get exactly whats he’s been searching for..Aboa dwan",abuse,abuse,abuse,abuse
129596514,"Make your wcw cut her hair make we see. She's Tikelenkele, double december head.",hate,abuse,abuse,abuse
128546036,calling out what Enzo did will not make you any less of a Chelsea fan na moagyimi dodo,abuse,hate,abuse,abuse
128546255,he say n’adwene ketekete sɛ ntatea twe hahahahaha,abuse,abuse,abuse,abuse
129595849,"Lmaoo a colleague just asked me how my code works and I wish he understood fantse so I could tell him "" Robot nu dze )ro k) mmom, nannso ame aa me twer3w code nu dze, s3 me ka d3 mennyim kwan a )nam do ro ko dza, )no dze mey3 kohwini ankasa""",abuse,normal,abuse,abuse
128545464,Woho fon s3 atagye. You didn’t even proofread your grammar yet you want to correct me! I went to better schools I had great education. Don’t ever in your hungry life try this nonsense with me again. Licking politicians feet just to get ghc200 to eat shame on you.,hate,abuse,abuse,abuse
128547630,Wo nim ball b) but woho nny3 f3 sia,abuse,abuse,abuse,abuse
128545064,"Everything that man says is stupid. 
Isn't he the one who said he's contesting for prez to bring glory to NPP or something? Gyimisɛm sei",abuse,hate,abuse,abuse
128546957,Spincho be kurasini wtf!,abuse,abuse,abuse,abuse
128547639,"The uglier the Abokyi, the tastier the Akonfem",abuse,abuse,hate,abuse
128547609,"3maa akcnc, akcnc sei all over the the tl doing the flag, the face trend still wose wop3 trumu wagyimi anaaa 😂😂",abuse,abuse,abuse,abuse
128547111,Big body big body but n'adwene ketekete s3 dot,abuse,abuse,abuse,abuse
129595749,Wo Maame ne woni y3 pr3ko… wo ho fin. Otweaa.,abuse,abuse,abuse,abuse
128545356,Where was Anas when we needed to find who said tweaa?? 😄😄😄😄,abuse,normal,abuse,abuse
128547457,"Because then, you would know that the gyimisɛm you’re seeing is part of the calculation",abuse,abuse,abuse,abuse
128544853,Rodgers de3 wagyimi aammaa why he no sub allen rather ah. Lallana moome? Smh,abuse,abuse,abuse,abuse
128547148,You ankasa we for put sense for your head inside give you cuz you nuh get sense. Everything biaa you dey talk bi gyimie,abuse,abuse,abuse,abuse
128547210,Fred Acheampong or frank Acheampong wo ni tweaaaaaasi! Aboa!,abuse,abuse,abuse,abuse
128546408,"Akua wo wɔ ghana nyinaa na wo keka gyimisɛm sei 
anaa wo kɔɔ abrokyire no na wo akɔ sua mbrofo no gyimisɛm no bi?",abuse,abuse,abuse,abuse
128546907,They will say Stonebwoy be apakye but if u come talk say Tracy de drink body lotion more than mineral water den dey bore u. Even Shatta movement fans shun de do dat tin,abuse,normal,abuse,abuse
128546016,But ebi fact tho but apakye fans won’t be happy about this 🤔,abuse,hate,hate,hate
128546806,I shock say e go catch the mall dere sef....frafrani gyimiii ,hate,hate,abuse,hate
128545764,Nkuraasesɛm bɛn nso nono? So people can't dress up in peace?,abuse,abuse,abuse,abuse
128546995,"If u knew sarcasm like u mention earlier you wouldn’t have even commented but seems u are only following what you saw in the comments of people indicating Mensa is being sarcastic. Me de3 i cannot do same erhn. Wo nana tw3, Aboa ba tes3 wo. )kwasia nana 🤭. Woho fon s3 tiefi.",abuse,abuse,abuse,abuse
128545710,"Losing is normal now, Nonsense hypocrites.. if it was to be NYA’s era like Egya da mu.. Animguasefoɔ",abuse,abuse,abuse,abuse
128545522,Wo sini koraa yɛ me tan,abuse,abuse,abuse,abuse
128545319,"Wob3ma amanfuo 3di Asantefo) at3m free
Ahhhh",normal,normal,hate,normal
128546205,We have been winning odds Posted here continuously for some days including 19 odds yesterday and you couldn't dm to say thank you. Koo bibinii,normal,hate,hate,hate
128547035,@wendyj_lynne hw the hell is a ni99a supposed to play ampe!!!!jeff woy3 obaa berima anaa!!!,abuse,abuse,hate,abuse
128545488,"A hen doesn’t lay eggs bro, A fowl does!! Wabon kraa too much",abuse,abuse,abuse,abuse
129596131,Hwe ne gyimii s3 shua ...wo ho fi,abuse,abuse,abuse,abuse
129596419,Your father wey no get sense ! You dey opposition dea you all bi wise men. Ndwan! Both NDC and NPP you are the same . Ofuii,abuse,hate,abuse,abuse
128545715,"Yedee, the Granada old man make  Rodrygo turn apakye 😭😭😭😂😂💔",abuse,abuse,hate,abuse
128547323,saa nkuraasesɛm no yagyae!,abuse,abuse,abuse,abuse
128546468,"Nipa ny3 Nyame nti,da biara y3 w) vim",normal,normal,normal,normal
129596163,I just did… read and you may learn something new… Aside your usual propaganda… Kohwini,abuse,abuse,abuse,abuse
128546690,It stands to reason that Asantefo) are soo proud.,normal,hate,hate,hate
128546665,Alatafuo mo ti se aponchi & apotro,abuse,hate,abuse,abuse
128544899,Ɛnyɛ gyimisɛm,abuse,abuse,abuse,abuse
128547534,“Fa wo nkwasiasem k) no ho na twa’m picture.....”😂😂💔💔,abuse,abuse,abuse,abuse
128546345,As3 n'adwene nny3,abuse,abuse,abuse,abuse
129596049,Admin wotriso ne wapampa so,abuse,abuse,abuse,abuse
128546823,Who is this one too? Abodamfo) abu wo app yi so paa oo 🤦‍♀️,abuse,abuse,abuse,abuse
128546686,Ah confidence..abokyi voice b3n nono,abuse,abuse,abuse,abuse
128546982,"I've come to believe that not every adult is wise or sensible. If you want to measure the wisdom of an adult, just observe the way he or she speaks. With Napo, there's nothing he'll say which will be a surprise to me anymore. Sukuu mpepa gyimie, wagyimie! Wagyimie!!",abuse,abuse,abuse,abuse
128546658,"Ahh e be Cleland she dey talk say ""ne hu nny3 f3 no"" 
Eeii see some ohiani stubborn proud vibe ooo 🤣🤣🤣🤣🤣",abuse,abuse,abuse,abuse
128545215,Omo se app wura no )gyimi intellectually nanso wo de3 wo gyimie no y3 nkwasia gyimie,abuse,abuse,abuse,abuse
128547567,Arghhh but what’s wrong with her wig? Charley adein moagyimi anaa ?!,abuse,abuse,abuse,abuse
129596322,And you want to compete with them at the Olympics. Wabodam nyayɛsɛkɛ,abuse,abuse,abuse,abuse
128547304,Akoa ho nny3 f3 kakra da sei 3na wasa asa saa no…nwura paa 😂 😂,abuse,abuse,abuse,abuse
128545254,Lukaku kurasini aboaaa!!!,abuse,abuse,abuse,abuse
129595792,Wo ho fi s3 borla. Ashawo ba,abuse,abuse,abuse,abuse
128547218,"Stupid question, are Ashantis the only Akans? gyimisɛm sei",abuse,abuse,abuse,abuse
128545632,"Asantefo) w) 3b3 bi s3 ” s3 wo wo gyimifo) a wote wo tw3ba nka ” 
There's no profanity in asante twi. ",abuse,abuse,abuse,abuse
128547297,But that lateness thing ɛyɛ nkuraasesɛm o. Why can’t you be on time as a grown man/woman?,abuse,abuse,abuse,abuse
128546155,😂😂 w’abon keke!,abuse,abuse,abuse,abuse
128545602,"Over 12 hours, you've now restored power then some guy go come speak brɔfo akɛseɛ say it's been resolved. Nkuraasesɛm sei aa",abuse,abuse,abuse,abuse
129595939,Do u know God  nantwieba . Your time will come we all they Ghana here,abuse,abuse,abuse,abuse
128545853,"Just discovered this gym in my hood but guess who’ll chop all of my money.  You’re right, it’s abokyi.",normal,normal,hate,normal
129596262,"No poor person is obolo in Africa. If you have seen any suffering person who is obolo, tell me. Obolo tui se ɔbrɛ oh 😂😂😂😂😂",hate,hate,hate,hate
128547190,"😂😂😂 i can see dat, nd de niqqa hu sed u should die early.😂😂 ""@richierealdj: @EfyaSafoa
 lol yep. My cousin. Wagyimi ruff""",abuse,abuse,abuse,abuse
129596573,"By ending of the year, 140 per yard. ‘It is Possible’….it is wapampaso",abuse,abuse,abuse,abuse
128547625,tena ase. na y3nfa w'anim ntwi f)m. s3 wagyimi ahhhh,abuse,abuse,abuse,abuse
128546147,Wo ti awu brutaa 🤦,abuse,abuse,abuse,abuse
128545726,"Ma wo Maame ne wo papa ntɔ bi mma wo na twi bi na posti bi. Dabiara mo wɔ gyimisɛm bi ka fa Sark ho, adɛn? 
Aboa bi a woabɛ pue nipa mu.... kwasia sɛm akwaa kwa",abuse,abuse,abuse,abuse
128546011,Ahhh why? Ebi you pɛ wey you dey drive Bentley in this world? What sort of nkuraasesɛm is this?,abuse,abuse,abuse,abuse
128546724,Another wasted sperm supporting NDC. So you people can't reply a comment without insult. Moagyimi dodo,abuse,hate,abuse,abuse
129596161,Ppl wey no know ball play den san spy am well wey dey talk this. I no go blame u. Ebe Simeone wey spoil his style now. He dey play sasabonsam ball despite the talents he get 🤦🏾‍♂️,abuse,abuse,abuse,abuse
128546416,Obaa ho bawee bi a ɔde pɛ correct diamond,hate,abuse,abuse,abuse
129596330,Aboaa is he not a DRUNKARD? If u say something today and u come and say different thing tomorrow is it not a lie? Gyimie,abuse,abuse,abuse,abuse
128546901,"Yeah I understand her anger mmom. Such things dey bore waa. ""he became successful and went for a white women"". Nkuraasesɛm",abuse,abuse,abuse,abuse
129595782,Boxing y3 adwuma fon paa o. Ei,abuse,abuse,abuse,abuse
129596550,Y3 de saa ade3 wei di MP? Tweaa John Dumelo ⚠️,abuse,abuse,abuse,abuse
128545569,Aah boy no wagyimi anaa 🤣🤣🤣🤣🤣🤣,abuse,abuse,abuse,abuse
128547280,"Latifu, what are you looking for on the ground? Ad3n wanim nny3 f3 anaa",abuse,abuse,abuse,abuse
128544780,Most of the fan base lack critical thinking. The only reason Chelsea signed Disasi is because this guy was injured for 5 months. Moagyimi koraa dodo,abuse,hate,abuse,abuse
128546480,@MBawumiadieeer gyimisɛm biaa na ɔnammu,hate,abuse,abuse,abuse
129595574,You Dey fear say Holy Ghost fire go burn you! Sasabonsam,abuse,abuse,abuse,abuse
128547052,These TUUTUU girls dey make it difficult for us to recognize the faithful girls.. hmmmmm!!!,abuse,abuse,abuse,abuse
129596037,Pls do fast and leave our presidency and let us reset the country.  Pastor Kofi Oduro will shout woyale woyale,abuse,abuse,abuse,abuse
128545830,"We talking abt albums, kwasia bi tena Nima bebi twerɛ ne shua hon sɛ Reign what an insult 😂 😂 😂 😂 😂. Ahhhhhh adiɛ yi ahyi mi. Bɔ album din na mi nshaki aa wo se borla 😂 😂 😂 😂 😂. W'abɔ dam, EP kɛkɛ mpo aa yɛ droppi mo nhunu so. Ɛmmoa. Mi nkɔ te aa yɛse billboard tchewww",abuse,abuse,abuse,abuse
128545337,Hwɛ grown man no gyimie 🤣🤣,abuse,abuse,abuse,abuse
128544727,Gyina kwan ho na srɛsrɛ sika mome wai.. Nkuraasesɛm sei.. How dem raise some of you people sef??,abuse,abuse,abuse,abuse
128545432,Lmaoooooooo how old are you? There's only one returning officer for presidential elections and that's the EC chairperson. Wo ti awu stupid,abuse,abuse,abuse,abuse
128546017,They're from Facebook. Wɔn de nkuraasesɛm no aduru ha,abuse,abuse,abuse,abuse
128545295,"3na thug and so what,ad3n na moagyimi saa",abuse,abuse,abuse,abuse
129596244,"Your friend should take his blood back , Hw3 girl nu woyale papa. Las las she will say “you didn’t do anything for me”. 😭",abuse,abuse,abuse,abuse
129596433,In a top club..the best way to motivate is to foster healthy competition for places. You think your nicotine breath-filled speeches and directions can change a Willian or Alonso?! Lool.  You know how many years they’ve been shit?! You must be joking! W’anum kraa san bɔn ka ho!,abuse,abuse,abuse,abuse
128546664,Edey mean say u be Kurasini https://,abuse,abuse,abuse,abuse
129596285,"!!! Corona tax, National health something tax, bofrot Tax, wabodam nti tua tax tax. Mtchew",abuse,abuse,abuse,abuse
129596532,"Akyimfo, y3n suro police 👊",abuse,normal,normal,normal
128545037,"Am wonitwaasidi 
Woho basaaa s3 android fon",abuse,abuse,abuse,abuse
129596522,3koraaa wagyimi..... aboaa y3 sen onipa aaaa wagyimi. Simple. Ofui like you.,abuse,abuse,abuse,abuse
128547399,KPB is lucky he scored. But still wagyimi s3 )b) maa Ghana,abuse,abuse,abuse,abuse
128546453,Chale see abokyi sausage on fufu 😅😅😅😅 @MantseJr ,normal,normal,hate,normal
129596462,Adwuma fon sei... Magyae wai...magyae...mo nfa mo sika... nsemhunu.,abuse,abuse,abuse,abuse
128546852,It's not funny to you because wabon 🤣🤣🤣,abuse,abuse,abuse,abuse
128545885,"Woy3 referee fon paaaa wo, woho s3 pona",abuse,abuse,abuse,abuse
128547253,lmao england won so gyɛ wɔ gyimisɛm 🙄🙄🙄,abuse,abuse,abuse,abuse
128545177,Kwasia you deir them for paint you black ankasa cus woy3 nipa b)ne niii,abuse,abuse,abuse,abuse
128546479,Oh Fa sor hor. Mop3 nsem hunu dodo. How do you blame being an unromantic toddler on unemployment.,abuse,abuse,abuse,abuse
129596392,Na kontomponi no nso de bi Nenam mu. As if she’s not doing this for her parochial interest,abuse,abuse,abuse,abuse
129595972,Efuom ne mpanyinfo atorofo,abuse,abuse,abuse,abuse
128547024,“You are funny ooo”. No I’m broke and I dey take pressure ka nkwasiasem sometimes.,abuse,abuse,abuse,abuse
128546469,We don't govern with swag. Show working and stop this blah blah blah. Animguasefoɔ,abuse,abuse,abuse,abuse
128547346,"The guy fool Waaa, Kumasifuo ne gyimii di3",hate,hate,abuse,hate
129596459,A niggar whose face like fufufunu is calling me Jon sake off dem award en team cheap penalty.Let this win take you to the top of the table.Ofui,abuse,abuse,hate,abuse
128545334,This guy is so calm on the tl but one on one de3 he displays with choreography 😂😂 gyimi. Master brewer come and claim your sub.,abuse,abuse,abuse,abuse
128544967,Lyrical Joe nu Wagyimi anaa?😂,abuse,abuse,abuse,abuse
129595599,"Anadwo dasuo mu na woposte rejoinder. Wo nso, wonnyɛ anadwodwuma. Ɛnyɛ bayie? So how far?? Huuuu. Mo ani a awuo",abuse,abuse,abuse,abuse
128546687,Growing up whenever I herd a Ghanaian refer to a Nigerians as “alatafuo” it was never used to cuss them it was literally just another word for nigerian🤷🏿‍♂️🤷🏿‍♂️,normal,normal,normal,normal
129596563,"Onana say he no feel anything for Anfield, I hope he’s feeling enough at his own home. Siaman",abuse,abuse,abuse,abuse
128545234,Zongofo) ny333 wo hwee na wo killi the soul inside ,normal,normal,hate,normal
128545856,Monfa mo gyimie nkor,abuse,abuse,abuse,abuse
129595790,The 68 koraa  be pornstars. I am not aspiring to be an influencer. I am here to make you understand how stvpid you are to defend kohwini and useless bawumia.,abuse,abuse,abuse,abuse
129596554,Such a foolish boy with no sense aboaba ,abuse,abuse,abuse,abuse
128546895,wo papa gyimisɛm saa na obi de cocacola bottle baako dii wo maame wɔ beer bar. kɔ so di wo papa anamɔn so wai✔️☝️,abuse,abuse,abuse,abuse
128545481,You still have the guts to talk. I wonder the kind of audience you've in Kumasi. Woho fon S3 kankani. Are not ashamed to have banter with me. Which of your colleagues this on social media if not nincompoo like you. Your useless parents might be disappointed in u..siaman,abuse,abuse,abuse,abuse
128546515,"Pineapple, Carbolic Soap and Nkwasiasem",abuse,abuse,abuse,abuse
128547601,Okay tell me how a rescue team is supposed to get there in less than 5mins of the incident? or the rescue team be magicians...ofui. accident happened just ryt now wey people around they try pull them from the car small small u dey come step on rescue team. Modeɛ mo gyimie deɛ,abuse,abuse,abuse,abuse
128545551,Running mate nti kasa hunu..,abuse,hate,abuse,abuse
128545804,"I've been saying this for years.
Sarknation, BhimNation, SM, etc all be gyimisɛm.",abuse,abuse,abuse,abuse
128547375,"We pay for this too¿Eeeeei,koo bibinii,😭😭 together with our natural resources. Home sweet home but Wei deɛ,agye nsem💔💔",hate,hate,hate,hate
128546305,See jon your family members wey dem fool aa you dey come tell me. Woho kankan s3 odawna . Gyimi😂😂,abuse,abuse,abuse,abuse
129596022,you’re using filter & you’re telling us that you’re pretty woyale ong!,abuse,abuse,abuse,abuse
129596500,Only a foolish person will follow you and what you say  @Bridget_Otoo  ….obaa W’agyimi ayes3 aponkye beni no ,abuse,abuse,abuse,abuse
128545020,Nazif is American??? Since when did 'ntafo)' become Americans???,normal,hate,hate,hate
128546352,"Funny enough the owners of the culture- (white wedding) are continually making it more simple whiles we those adopting/ copying it are making it more complex...😂
Eiii koo Bibinii 💔",hate,hate,hate,hate
129596281,Just here for the comment cus I don’t have a pastor  As)fo atorofo) no,abuse,abuse,abuse,abuse
128545894,Herh Fantefo Agyim Too Much LoL,hate,hate,abuse,hate
128546793,Kurasini. Bonsam.,abuse,abuse,abuse,abuse
129596603,Neither do we need programmed robots with no basic intellect in the NPP😂😂😂 No wonder these are your policies Ɛde bi kɛkɛ  Aboafunu,abuse,abuse,abuse,abuse
128546805,Sɛ wohu sɛ wo yɔnko abɔdwesɛ ɛɛshe aa na w'asa nsuo esi wodeɛ ho.,normal,normal,normal,normal
128545608,Lol i heard a story that confirmed fantefo) agyimi wen i came to ucc.....magya eturr mepawokyew mere k) s)nkye maaba,hate,hate,abuse,hate
128544836,"Koobi Awaree....ebea na eye ayigbefo) awaree, Akple, Nkruma nkowaa oh!! dedicated to @drkhnykrm",hate,hate,hate,hate
129595924,more energy in the morning. from parenthood to kcte nnim nyansa twitter 🔥🤣🤣🤣🤣🤣,abuse,abuse,abuse,abuse
129596311,"On the Portfolio matters arising of Shatta Wale and stonebwoy, just listen to this brilliant, fact and sensible submissions he made, which dat brainless Obolo tui DJ slim don’t have, just empty. Somebody you bi Obolo but u call urself Dj slim, Hehehe akoa 3gyimii.! 🤣😂",abuse,abuse,abuse,abuse
128545643,"Having a daughter in this generation is an extreme sport, gyimie nkoaa",abuse,hate,abuse,abuse
129596458,"You dey Gh twitter, it's near 10am and you're greeting, ""good afternoon"" aboafunu",abuse,abuse,abuse,abuse
129595831,Wei mpo na woka ne hu asem na motromodwo nso erhnn,normal,abuse,abuse,abuse
128546853,"Chairman , don’t worry urslf ..is just power ranger humans overhyped...flying human beings dey inside oo😂😂..is a 5/10 movie ..with the hope that season 2 will b better 😂..nny3 f3 saa",abuse,abuse,normal,abuse
128545425,"Oh??  LMFAO ""@chynadtw3mometa: Why do women live longer than men? — it's Adam oo.. Wagyimi kwa!",abuse,hate,abuse,abuse
128547106,Alatafoɔ ne gyimie deɛ 😹,hate,hate,abuse,hate
129596568,"Me dɔ, nhyira no Mantɔ , Meyɛ ohianiba a menim mpaebɔ, Sɛ wotan me a mɛma w'asetena ayɛ sɛ Dumsor, 🐅 ",abuse,abuse,abuse,abuse
128546531,Chaley Palmer noho nny3 f3 koraa aba sty?,abuse,abuse,abuse,abuse
129596531,"Motromodwo Christian. Insulting people with their disability. saying on UTV  ""I am from the street and I can go back there with you"" meaning u can descend in the gutters forgetting when u're in Christ u are ""NEW"". ",abuse,hate,abuse,abuse
128545780,"Tuutuu for prostitute
Ashawo is derived from ashewo (Yuroba) ",abuse,abuse,abuse,abuse
128546812,"I was a proud member of the NPP but a president that is interested in Cathedral but not factories,Cathedral but not schools buildings de3 gyimii nkoaa …NPP NDC ABODAMFO) nkoaa ..2024 no vote",abuse,hate,abuse,abuse
129595619,"Ne gyimie bi, kwasia,Aboafun, FufuFunu😂 stupid man",abuse,abuse,abuse,abuse
129595582,That's why I will be a kwasia cause mma p3 nkwasiafoc😭,hate,abuse,abuse,abuse
128545300,hehehe i go make dem admit u for abodamfo) hospital.,normal,abuse,abuse,abuse
129596051,Belinda is like a verna bottle turned upside down shapeless Kosorokobo,hate,abuse,abuse,abuse
128545255,Gyimie saa the hate inyour heart will make you stupid,abuse,abuse,abuse,abuse
128546980,"“Stop manipulating and corrupting our nigerian girls..” Lol Should we tell her?😂 There are more than 3000 nigerian girls in Ghana practicing prostitution. Some as young as aged 16. 
But of course lets not be accountable but blame Ghana for our woes. Gyimisɛm😂",abuse,hate,abuse,abuse
128547403,Bra gyae gyimie nu…he’s only reacting to the code mickey actions and not what you think wai,abuse,abuse,abuse,abuse
128544848,"So because of elections ppl shouldn't be recruited ?? Same folks say no job dem dey employ too aaa ""your thoughts, guys"" koo Bibinii will forever be who he/she is😊",normal,hate,hate,hate
128546865,Ayigbefo) yi de3.. asem oo,hate,hate,hate,hate
129596140,3ny3 Laliga teams na agyimi a anka Hansi Flick y3 coach,abuse,abuse,abuse,abuse
128546134,ad3n woho nny3 f3 anaa?🤣,abuse,abuse,abuse,abuse
128546172,There's no way that drunk will do what they're asking him to do. Kowensani biaa nf3re ade3.,abuse,abuse,abuse,abuse
129596294,The dumsor sef you people no know do. aban fooo aban tantan aban motromodwo,hate,abuse,abuse,abuse
128547532,Abokyi wasa dodo aah,abuse,abuse,abuse,abuse
129595786,"Somebody please tell Sammy theres abs. nothing wrong with constructively criticising government. Ade no nkor yie a,na waka. Na wohw3 Nyame anim ka s3 bibiaa ye okay paa de3 a,na kyer3 s3 wo ne politicians no,no difference. Atorofo nkoaa,kae",abuse,abuse,abuse,abuse
128545056,We will end this season with only the Carabao Cup. We no be serious. Our manager values relationships than trophies. Manager tuutuu nii!,abuse,abuse,abuse,abuse
129596230,"Kukuaa menhu wo yie oo. Wobɛyɛ nwunu aa yɛ nwunu, wobɛyɛ hye aa yɛ hye oo na asɛ wooyɛ motromodwo bi saa no",abuse,abuse,abuse,abuse
128546287,Daabi ooo wagyimi ankasa 😂😂😂😂😂,abuse,abuse,abuse,abuse
128547477,Just Spaghetti with shito and abokyi sausage 😋,normal,normal,hate,normal
129596551,"Woho kankan s3 5kunk. M'a kyer3 wo nyansa an)pa yi. Woho fin"" ",abuse,abuse,abuse,abuse
129596297,You di3 ebi sasabonsam paa wey create you wagyimi too much ahh,abuse,abuse,abuse,abuse
