tweet_id,tweet,annotator_1,annotator_2,annotator_3,anno1,anno2,anno3,label
b94c5a8e-1a1a-41fd-9adb-6f374f55829c,napoli and now psg too ay3 ka,44,45,63.0,negative,neutral,negative,negative
91aa3075-139a-447f-b194-f3e310d108a1,wo gyimie s3 mre wate nkwaseas3m sei,44,45,63.0,negative,negative,negative,negative
56393a31-26ce-4812-b64e-36583785f8bd,hwɛ papa no ɛnyɛ mo black and white no o wei deɛ colored ankasa,44,45,63.0,positive,positive,positive,positive
92bb1724-21dd-4e33-a7a4-16452bffc20b,de3n paa na ka y3 wakeka abo mu saa k3k3,44.0,45,63,positive,positive,neutral,positive
78631081-61d4-4b5e-83c9-f9a424ba0ced,wo nfa mma kumasi a gyae ɛ nka woaa wo bɛ te,44.0,45,63,positive,neutral,neutral,neutral
8a1fdf9b-d1ff-475b-aa9c-df43ea972891,the way s3kyerewaa the tweet nu im scared sef since yestee girl nu tweeti saaaa ekua ka nu nyinaaaaa,44,45,63.0,positive,positive,negative,positive
f5d07117-cbb7-4bfc-b055-9c8c12724baf,😂 😂 na me may3 de3n,44.0,45,63,positive,neutral,neutral,neutral
c9591b27-547e-4af9-a611-8946ded376a2,wonni sika aa 🤥 wose 3moo 🍚 3nmee ahiafoc ne nkwasia keka,44,45.0,63,negative,negative,negative,negative
943d9a70-99aa-44c2-9e74-1d646a0af7c5,okafuo didi nanso onni abenkwan wai sagaa,44,45,63.0,positive,positive,positive,positive
7360c383-2f4c-47d5-b592-4b7fa91356ea,black stars this black stars that charlie mu yɛ dede pɛ milo bi nom na yɛn partey wai,44,45,63.0,positive,neutral,positive,positive
e3236094-af83-472a-b91e-1128294db880,y3te sika nanso 3kom de y3n 🤦🏽‍♂️😶,44,45.0,63,neutral,negative,negative,negative
fb8109cd-ea92-4e0f-8076-8259274d7302,life no bɛyɛ scary ama ɔmo,44,45,63.0,positive,negative,negative,negative
33069753-d975-44e7-8c80-ec24608fa5ed,cape diə saa oh😅,44,45.0,63,positive,negative,positive,positive
4587c58a-417f-4a1f-8c1e-140822c22ade,wo papa da wo ase 😂,44.0,45,63,positive,neutral,positive,positive
ca4ed9fb-6324-4395-9896-f97732f281ae,wo ti kakrakaaa nyansa nnim,44,45.0,63,negative,negative,negative,negative
9c442403-a749-4802-836b-542f90b08c15,wo tr3 su tus 😂😂😂 saddick obama 😂😂,44.0,45,63,negative,negative,neutral,negative
b599669f-0827-4778-98ce-5586be601f65,bermaaa hw3 abra afcon final ekoso enfa bi da,44,45,63.0,positive,positive,positive,positive
0fc983f4-2091-4850-9b70-89d9f9e4887b,wei de3 wo ly paaa oo,44,45,63.0,positive,positive,negative,positive
f0ebf073-2686-49c8-9f69-cacc51a4f086,sɛ nie ewia yɛ no saa na nsu bɛyɛ kɔtɔ deɛ ne bo dwe,44,45,63.0,positive,positive,negative,positive
aa0f38d3-ec31-4180-9f58-c89242cba33d,wei nyina w industry ne mu biapuuu,44,45,63.0,negative,negative,negative,negative
bd688d44-6030-4883-a35d-2c984c4563df,ne nan te sɛ,44.0,45,63,positive,neutral,neutral,neutral
e1785b4a-84f2-4dac-af5c-aa56b383948c,masa masa do the needful you lose bet yɛ nia ehia,44,45.0,63,positive,negative,positive,positive
8cdb6d46-f4d7-4930-bfbc-2d5e386db749,hw3 ne gyimiieaa bi 😂😂😂😂😂,44,45,63.0,negative,negative,negative,negative
f810cdc1-15cf-409e-92ea-971b1b729efb,asem no no ooo,44.0,45,63,positive,neutral,neutral,neutral
e0f95022-2e6d-46ef-afe1-02822ddb4ca3,masa to wadwen mu wae,44,45.0,63,neutral,negative,negative,negative
c556cef7-e844-422d-baf1-7cc07529d637,ad3n woy3 bayifoc na wotw3 asei,44.0,45,63,negative,negative,negative,negative
43f217e7-4df7-4c6a-ac91-7d6d9f6c2b53,wei deɛ asɛ akɔ woho paa oo,44.0,45,63,positive,neutral,neutral,neutral
dedf7944-e0a8-4ca1-a4f2-94ceeff8e250,ngolo kante ankasa wo tan no arh wo tw3 2sure,44.0,45,63,negative,positive,negative,negative
db25a8a5-b97d-4920-8ba7-2f9de6f46c4a,algeria mmoa double chance k3k3 u spoiled my longbet nkwaseafo nyame na atua mo ka agyimifo,44,45,63.0,negative,negative,negative,negative
9313120e-9f90-45ef-8a3d-a04aef2f7939,y3 p3 sika nti y3n adwuma y3ntimu nya gab 🔥,44,45.0,63,positive,positive,positive,positive
b974b84f-e5da-4a7c-88b5-b503083f4e52,s3 paa s3 agartha bema me broken heart paa de3 anka agyeiwaa mfa me ny3 ntomago agyeiwaa❤️,44,45,63.0,positive,neutral,positive,positive
286995ff-b253-4404-87fd-a2f0b7377346,organized bus wey dey carry freshers go campus k3k3 bi ghs 150 na uber koraa y3 sen,44,45,63.0,neutral,neutral,negative,neutral
53fd9127-5d41-4e16-996b-06931991efd4,gyimiiii saaa na wa wu,44,45,63.0,negative,negative,negative,negative
e5e08519-8153-45b1-8b1d-c4cf54f6fd76,wotweaaa tomorrow koraa wcn ka,44,45.0,63,positive,negative,negative,negative
c138a4fc-26bf-40fb-bb62-8be28ee78b51,wo so bra juve na gyai gyimii no,44,45,63.0,negative,negative,negative,negative
f7816ca4-3ba4-4e90-8b6d-bdb63158b895,eii information wo wiase ooh 🦅😂,44.0,45,63,positive,neutral,positive,positive
7de6d2bd-fa8e-4ba8-82cb-6970d1037235,bie kwaen ma mi o fis3 mida aa minda,44,45.0,63,positive,negative,positive,positive
1e4f3126-3e16-4415-bcdf-13108dfd6b9b,asante kotoko🔥🔥🔥🔥🔥🔥wo kum apem again apem be ba,44.0,45,63,positive,positive,positive,positive
5073866d-4c50-4338-868f-bf5bb2e047b9,nti na wo phone asɛe no 🤣🤣🤣,44.0,45,63,negative,neutral,negative,negative
3a76e4d6-efa3-4e12-ab44-573e8382e449,yes awal corrected me 2 years ago but bazawalaa no na ɛyɛ me dɛ,44,45.0,63,positive,positive,positive,positive
c2ab7f1c-d98e-427f-8176-48d2324a1a3b,nanim kasii ne bone straight hmm,44,45.0,63,negative,negative,negative,negative
0b2a5176-b070-46c5-8c2f-39b5429253b4,oh mmaa nyinaa boyfriend,44,45.0,63,positive,positive,positive,positive
7780bcf1-a5c5-4411-ab92-a0b5abe1f0e4,hahahahaha eii akua wo papa da wase,44.0,45,63,positive,positive,positive,positive
52f8c4ef-9e67-41bf-90fd-2496f5f3be68,seven wei de3 wasuma oooo hahahahaha y3 tw3n wo,44.0,45,63,positive,positive,positive,positive
c9ce2d94-9c32-435f-aae8-85a12d9f3ce0,carassco no wagyimi anaa,44,45.0,63,negative,negative,negative,negative
aeb186fa-0d6a-4949-8612-bf75e397dff8,hw3 gyimi s3m bibra ha b3hw3😂,44,45.0,63,negative,negative,negative,negative
6d728e82-2cc3-41b3-8b50-2b47673fc5e3,e be me oo 😀,44.0,45,63,positive,neutral,neutral,neutral
880849a7-bd6d-4029-a4eb-78f2f60b8f87,dennis wu ka ns3m ooo 🤦🏿‍♂️🤦🏿‍♂️,44,45,63.0,positive,positive,negative,positive
3c2f5ea1-c56d-40ea-b3ca-e1cd36253268,propaganda nti nipa ni ahutɔ brofu nu nyɛ mi dɛ,44,45,63.0,negative,negative,negative,negative
85a1d20a-1305-4c2d-8323-6fb7f5243b3f,hahahaaa wo gye die anaa lol,44.0,45,63,positive,neutral,positive,positive
20175d73-011a-41fc-bec9-29408aee64d1,ah y3n kan gyere wo 😴😴,44,45,63.0,positive,neutral,positive,positive
8a3464bd-f494-4e4c-8761-7ec446c10867,ei wo ne gyimie 😂,44,45,63.0,negative,negative,negative,negative
87800e3e-a6ce-4f17-a2bf-d27f18ebf534,gosple fuor no mowohe monyinaa monbra mbetie na nnwom no mu y3d3 paa 🤍🔥,44,45,63.0,neutral,positive,positive,positive
1dcef824-28c5-47a2-95d5-46e7a3417d44,ashawo season fo nyinaa y3 mmoa 💀🚶🏾‍♂️,44.0,45,63,negative,negative,negative,negative
f6e7d7e5-3c01-4b30-97dd-5bc1cf055499,nti is true that u ar dating more than three human beings eiii wagyimi ooo na anka ma me baako mpo eerrr😂😂😂lol,44,45,63.0,negative,negative,negative,negative
dbc9759e-94da-4a2c-9281-c00ce8fc86e8,mmo piaawfo medaase ne abaks3m nkyer3 mu,44.0,45,63,positive,positive,positive,positive
d0af4b4c-b897-4b24-a7dd-b684a8e9897c,guess who sɛn anantuo ne wura ayera anaa,44.0,45,63,positive,positive,positive,positive
1632b95d-1974-4b41-a874-15e0b9bfb75a,na me kae mo last season,44,45.0,63,positive,positive,positive,positive
a5100f06-de31-4671-b0d8-b005eaf91e3b,wobehu me afɛre paaa 😂😂😂,44,45,63.0,positive,neutral,positive,positive
ca74084b-8def-427a-b496-07060814123b,awurade aka me 36gh p3 w me momo onti y33y3 ne d3n😔,44,45,63.0,negative,neutral,negative,negative
b9deaed3-6345-4ffc-b082-66b147184488,bronya akyɛdeɛ 0248389126 give me a call 📞,44.0,45,63,positive,neutral,positive,positive
ed04dea7-8f9b-4c39-a0bc-f44f6f9da9bf,s3 anka me di aa na matua wo ka anaa wo se me bo dam😂,44.0,45,63,negative,neutral,negative,negative
a5e97fc1-89d3-46c2-a6b2-219f55868d43,k p3 different boy na wei dieerrrrr kai 😂😂😂,44.0,45,63,negative,neutral,negative,negative
c60806f8-0504-433d-8ecc-ffaa0fcc878d,nyame b3 tua wo ka piii,44,45.0,63,positive,negative,negative,negative
b57f1fa8-13af-4660-9ef9-211d9183a9a8,wo nyɛ papa wo🤣🤣🤣,44.0,45,63,negative,negative,negative,negative
2f1b97be-5804-40e4-9f2c-5197703061e2,mo wo t3 mo paaaa,44.0,45,63,positive,neutral,neutral,neutral
c2a61d52-e3be-49cd-bdaf-676e94d50078,proud of nana omo na omobr3✌️😂,44.0,45,63,neutral,neutral,neutral,neutral
023576ee-20a1-476a-b479-394825ede7ac,wo maame dawasi wai,44.0,45,63,positive,neutral,positive,positive
be6a5b33-8298-45c3-b36c-0c87b0c3cb7d,chale me naa o,44.0,45,63,positive,neutral,positive,positive
2a5a4491-f62a-4175-bd0d-00e98a7126c8,wo dier saa na mmra no so womu aa wobeti,44.0,45,63,positive,neutral,neutral,neutral
b6bbccfa-8b7c-4854-b667-651d2feb5bca,saa na y3 p3 no,44,45.0,63,positive,positive,positive,positive
519eb09e-254d-44eb-82b7-3cc98a83fa4b,y3 b3 kor nsu na sh3 togo jeans ne getafe jersey mtchweeeee,44,45,63.0,negative,negative,negative,negative
6b676fed-e7a8-434b-b351-701b939ef148,onua pɛ fufuo bi di,44.0,45,63,positive,positive,positive,positive
d96c335f-c68a-46d2-a6fc-a99937cd81a5,u claim theres no money but delegates are receiving 5000 each y3ti sika so na y3 bl3 yasore afri sika noso mu kyiky3 basa basabasa 😂,44,45.0,63,positive,negative,negative,negative
ac3d4e15-7d0b-4e18-97cc-058d959764de,wo sika b wo dam wo,44.0,45,63,negative,neutral,negative,negative
16409073-4fb6-4102-b844-e28ee2e4d48d,fa ma me err😍,44,45,63.0,positive,positive,positive,positive
1ea20da6-eadf-47e7-8370-353859ed1e00,susu pu wu tu wai na y3n ni bi saa 🤣😂😂,44.0,45,63,positive,neutral,neutral,neutral
916a75a5-c3aa-48a5-ba13-dac4e8a54f39,ka na ka biom adenta barrier to dodowa basaaa,44,45.0,63,neutral,negative,negative,negative
30a7fb69-25c8-4df9-b414-9932e02351f6,ɔnyankopɔn apɔmuden mpaemuka nneɛma nyenaa a ɛfa nkwa ne onyamesom pa ho no yɛ me deɛ yareɛ ɔhaw ne amanea ɛni kyeɛfa wo ma brabɔ mu sɛ me yɛ ɔnyankopɔn ba yi nea me nim ne nea me hu yɛ onyankopɔn apomuden trenee asomdwoe ne anigyie wo onyame honhom kronkron mu aleluya,44,45.0,63,neutral,positive,positive,positive
2802c3d9-f67e-4b9a-8791-f7237b384c98,y3firi kokoben koy3 bad things bi wo fumesua wakoma sua mmendi makyi koti ba a magye sa,44,45,63.0,positive,positive,negative,positive
060700cf-5fa7-4a11-9bb5-014090feacf5,wonni sika aa wose efie eduane y3 d3😂😂,44.0,45,63,positive,neutral,neutral,neutral
3b911d28-512d-4f77-b350-e7edc19acd5c,kofi common caesar salad nso wonnim ei 😂😂😂,44,45.0,63,positive,negative,negative,negative
f20dca49-3dbf-434a-b08a-4cdce165ecdc,polo perfume fiiii fiiii na ma spray 🤣💪🏾,44,45,63.0,positive,positive,positive,positive
7fa64d25-a61f-4aa2-b8b6-599dde112f48,lol ei jabs anaa,44.0,45,63,neutral,neutral,neutral,neutral
d440c6af-63b7-40b5-b39d-d055bacf0ca5,hw3 de3 okyir3 bi 🤣,44,45,63.0,neutral,negative,negative,negative
613fc28f-431c-44f4-81e2-7476d6ff14ed,ɛyɛ homhomfi na ɛyɛ ɛbi mo saa we appreciates your efforts✌,44,45.0,63,neutral,negative,negative,negative
aad2a346-225a-449e-a8b7-98bbb6e83a69,ma hwehwɛ mu ayi deɛ ɛyɛ oo akɔnɔ,44,45,63.0,positive,positive,negative,positive
e9c74b17-e4e5-4072-8b54-1134186111e7,time for praises🙏🏽 🗣️ faya k wakyi kakra what shawa sayyy k wakyi na k to nwom nu bi unto the 🗣️ waaaratu dayy 🗣️ faya k wakyi kakra k wakyi kakra na afei what shawa sayyy 🌝,44,45.0,63,positive,positive,positive,positive
a46e09aa-8dc5-45ff-890b-457303437442,wo maame trumu korrrrr aboa,44.0,45,63,negative,negative,negative,negative
3b28a5aa-a7f9-48ab-bb10-7a3f5c4aa56d,ayɛ mpo aka whonna bɛyɛ,44,45,63.0,positive,neutral,positive,positive
e025cfa2-c5d3-423c-ac19-2e4401295b69,nokor3 papa b3n kɔ pɛ abena bi dzi,44.0,45,63,positive,neutral,neutral,neutral
50753dfb-ff99-406c-8013-2ba9024dfc98,bisa mefie abeyifoc s3 mabamu abu da aa😂😂😂never,44,45.0,63,positive,negative,positive,positive
1a5b9480-e394-4fde-8779-3e5701121c46,ɛka aba fie say it na gyae deɛ wo keka no,44.0,45,63,negative,negative,negative,negative
58211207-c6f4-407e-88eb-b3184d96f383,ohia ama wo ka nkwasiaasem,44,45,63.0,negative,negative,negative,negative
fbeb3100-d9f6-4f0e-9b71-ad0a024863cc,hon right now yɛn yie obiaaara asɛm fellow oooooooo chaaaaaargeeeee 🟡⚫🟡⚫,44.0,45,63,positive,neutral,positive,positive
dcc7d9bc-4145-4e0c-ba72-6e0b19be452c,gyimiii nipa sɛ essien,44.0,45,63,negative,negative,negative,negative
6def69b1-ab66-4172-ae9c-b46d3f4763df,10 minutes biaaaa goal baako nam mu🤣🤣🤣🤣🤣,44.0,45,63,positive,positive,positive,positive
b3ce883b-5740-4995-94df-796fe4015722,eii you no get abotr3 koraa ooo😂😂,44,45.0,63,neutral,negative,neutral,neutral
6911a512-6c2e-438d-b6a8-08d4b485b06e,mmaa ns3n ma sikasem sa nt3m,44.0,45,63,negative,neutral,neutral,neutral
f4a4f0ea-f6a6-4ceb-a34e-c6530e8c2182,ypu ankasa wey team u dey ama,44,45,63.0,neutral,neutral,negative,neutral
8d038b09-11b1-4894-80d2-181367310ebb,mensuro seb na m3suro neho mma stream kankye ft x,44,45,63.0,neutral,positive,positive,positive
dcb587cb-3274-4e82-835d-51ea0dba3c81,wo gyimii s3 nt3w dokono,44,45.0,63,negative,negative,negative,negative
b4932019-7481-4b8e-a61f-92d32f2a334c,same bro same na line wei dieer line b3n,44.0,45,63,positive,neutral,neutral,neutral
17c02149-dc9b-4d9d-8385-7628b062c8d9,joooooe mo nim s3 3korso🔥🔥🔥,44,45,63.0,positive,positive,negative,positive
3d582924-c9df-4242-a284-ac3d3a5ce9e0,elef the double piercing pɛ na adwuma no asi 🙈🙈🙈,44,45,63.0,positive,neutral,positive,positive
6372facf-58ac-43aa-98a7-f1b779109ccc,ahumobro nti de biara ɔman no nkɔsuo bɛka akyiri 🤦🏾‍♂️,44,45,63.0,neutral,negative,negative,negative
39f72077-c142-4e83-9a2f-6046f23be8d4,ne ho ɛfɛ dodo,44,45,63.0,positive,positive,positive,positive
1d96b760-3791-477e-9807-0efcac250737,me di fuel 2 bar nam nkran ei israel nyame kyer3 wo tumi,44,45.0,63,positive,positive,positive,positive
6890494e-1312-4293-9786-219012003093,gyae gyae na woboa,44,45,63.0,neutral,negative,negative,negative
33baeb28-76d8-4a0f-80cc-1f8e770cfa8e,hello ei rashida nti wo w h na wo mbisa ma si kyena wo b3 wo fie m3 ba ma wa y3 adi bi ama me wai bye,44,45.0,63,positive,positive,positive,positive
3e8947cd-4885-4644-b4d5-3c2a2d63732d,wonni sika aa wasɛm ɛɛya o,44,45.0,63,negative,negative,positive,negative
610b619f-0255-4a5e-9190-4cb873c7b327,😹😹😹😹wo nkoaa wo yerenom nsia wo mma moron wosan he ha 33p3 cbaa biom ehh😂😂😂😂,44,45.0,63,positive,negative,negative,negative
8cfc07b7-cd53-4fc2-be2d-137f5c8995ad,wodi3 mengyae gyimii no nyankopon 33ba😂😂😂,44.0,45,63,negative,negative,negative,negative
6efacb6f-c9a8-46f0-b5f3-d91f667df9fd,ay3 y3 exercise kakra na gyae aniha ne akwadworɔ no 😁😁🤣🤣,44,45,63.0,positive,positive,positive,positive
74ae1e55-1871-4802-b5b2-bbaf8008300c,enti 14th february nu wo bedi chocolate anaa dokono 🤷🏽‍♀️💔🤣,44,45.0,63,positive,positive,neutral,positive
3d60c4fe-1548-4b9e-b67d-581e7af73741,shatta bandle nso b3kum nipa ooo 😂😂😂,44,45.0,63,positive,positive,positive,positive
62a9b4d0-6317-4c46-9a28-be87f1e72a1d,fa wo ntoma b me de3 mu,44,45,63.0,neutral,neutral,positive,neutral
534b43f5-8321-4474-b851-a95d33bf7f31,realities are catching up with those of them yɛti sika su ɛkɔm diyɛ🙂🙂,44,45.0,63,neutral,negative,negative,negative
80531c8e-e420-4566-a975-2b84de02fbbb,wo ti pafoo s3 form 4 nii chop box😭😭,44,45.0,63,negative,negative,negative,negative
7928dd1a-57cc-4a8f-b1e3-d4baa702ce32,sika mpo nfa ne ho,44,45,63.0,positive,positive,negative,positive
c16869a9-a88f-45e8-9fe3-54b34aa41cad,br ne bayie nti na me supporti man city,44,45.0,63,negative,negative,negative,negative
830cd1df-c4fe-4f76-884e-726e7dbaa27f,afe nk b3to y3n biom,44,45.0,63,positive,positive,positive,positive
a5a1d33f-9d41-492f-8ebb-a00cde3f2785,arh na gani wie paaa herrr na wie jon ben na womu 😂 me num saaaa na bo 680 am wope ahh do all year mi num 😂,44,45,63.0,positive,negative,negative,negative
97d141e8-f5c4-43ec-83f7-8c39cd511a06,eeii asɛm bɛn ni🤣🤣😂,44,45.0,63,neutral,neutral,neutral,neutral
4f76cd65-bf30-472d-9c76-e0d6a46678c6,wateanaa hey hey sika nti na y3w false preachers 🔥🔥🔥,44.0,45,63,positive,neutral,neutral,neutral
7b8e158e-ddfb-44bc-8c89-9d3a44d69570,gyae nsem hunu no na wano ee s nsuo,44,45.0,63,negative,negative,negative,negative
7d3667db-26f1-42b5-ae93-0aca3e3d5b3c,but nigerians ebi branding kai mmoa no y3 more,44.0,45,63,negative,negative,negative,negative
3c0c2e88-617d-43a5-8e01-035510bfede6,ghana yesu dea ohh daabi nipa na abodam sei 😂😂😂,44,45,63.0,negative,neutral,negative,negative
e4727c48-1f77-402a-90a5-58467a92b3c2,oh daabi wo nny3 correct,44,45.0,63,negative,negative,negative,negative
e4d47970-eed7-4e84-bdaf-5628d061cf25,leicester city dierr mtcheww mo maame tw3 mo nyinaa,44,45.0,63,negative,negative,negative,negative
8a70b908-2d9e-406e-94a1-53bbea251f88,na me ɛfa meho bɛn 😂😂😂,44.0,45,63,positive,neutral,neutral,neutral
980f8bd8-d17b-4dd6-996c-7ffd64af7224,hmm y3kaa y3 na maante,44.0,45,63,negative,positive,positive,positive
716225f1-da76-405e-afd8-1d7aed15062d,adam ankasa na kaa fresh of my fresh😂😂😂💔 herh giovanni,44,45,63.0,positive,positive,positive,positive
fe91f742-7604-4f85-9753-7e44387ffed0,eiii kwame instant noodles gyae saa😂😂😂,44,45.0,63,positive,positive,neutral,positive
64d6b441-8a5f-43d7-9e90-7e7f4b4f2d9b,sika oo sika abrokyire sika 😄😄😄,44,45,63.0,positive,positive,positive,positive
79e4abac-971b-49e8-a799-ed6634cdd4bb,kwasiaghana yɛ fuu aa wu ti ha yɛ dɛnopuro,44,45,63.0,negative,negative,negative,negative
d5040039-0af7-4ce5-add9-08436af4bf99,na wo kaa s3 y3b3gye wo,44,45,63.0,positive,positive,negative,positive
11db9d22-93b0-4da9-a1d3-745eb1769806,wo de3 ko barca martin braidwith mpo b3 y3 asenn wo tweeaaa ⚽⛹️🥎🏀🏐🏉🏈,44,45.0,63,neutral,negative,negative,negative
da453f69-0a1d-4647-8034-b80735654d68,tz ne ayoyo soup k3k3 99cedis eeii aden,44,45,63.0,neutral,neutral,negative,neutral
3cedf9c6-182e-4438-82d8-3c6444348f25,ei jinz tra ne nkor me o,44.0,45,63,positive,neutral,neutral,neutral
2c33deea-1810-4e9c-ae26-9943bb69aba8,bo woho moden na di wakonode3,44,45,63.0,positive,positive,positive,positive
5af08151-e770-4142-b0ca-a26c2ccf83fe,wo tems wo y3 me taste paa nso me nni sika,44,45,63.0,positive,positive,negative,positive
b49c0939-a5a3-4cec-8000-654aeca3e604,bankye ampasi ne mako 😋,44.0,45,63,positive,neutral,positive,positive
447da1ad-5d6c-42b2-8f41-eedd72a8880f,ei wasende wo sika nyinaa ama kotoko ɔkyena wobɛdi deɛn,44.0,45,63,negative,positive,positive,positive
6343db0f-2084-4bf0-b5db-7e33ced82287,maka me kokontɛ na bɛgye wo simpoa ɛfiri ɛsoro deba fom wobɛti kumkumcha,44,45,63.0,positive,neutral,positive,positive
687d640a-4ccf-486b-8e31-0a8f7867ff6b,gyimie kasa saa offui,44.0,45,63,negative,negative,negative,negative
001b978a-52b8-4996-86fb-b6b3329ff4b8,wiase nyinaa nubian queen na y3 obaa oo,44.0,45,63,positive,positive,positive,positive
be22c93d-42e4-47e7-81e4-1d1aab7f000d,wo ankasa asɛm a wooka yi ɛyɛ ma wo 😂,44,45,63.0,positive,negative,negative,negative
f322a45e-4f31-465f-968c-c2f4977dcfdc,ebi so wey onyankopon manifest,44,45,63.0,positive,positive,positive,positive
065d9558-0a42-405c-8860-31542e027046,eiiii covid na mooo kyeky3 no s3 gorb3 sei,44.0,45,63,negative,neutral,neutral,neutral
5f646221-4564-493c-8be7-89c8caa4f768,ah ka s3 prison mpo er,44,45,63.0,positive,negative,negative,negative
17af7c7a-8a38-4ccc-b710-d46dac4d2d18,afe nko mbo to hyen,44.0,45,63,positive,positive,positive,positive
20481e8d-854a-4821-868c-d9ab34123e77,fa nwom si so err na ka me asum as3m d3d33 bi😍❤️ that part dey burst ma mind🤯 mad tuneee🔥,44,45,63.0,positive,positive,positive,positive
4b83d8a9-5bcf-4a85-997f-7fcad7f5093a,twa selfie me twa bitters,44,45,63.0,positive,neutral,positive,positive
93220cb4-fda1-40bf-adf8-fc4ac84915d0,keegan de3 anka dubai fa woho b3n anka wode3 ne kenya 😂😂😂😂,44,45.0,63,negative,negative,negative,negative
cde44c85-4304-417e-96d4-d0412ef30356,wo mmobro sɛ tawa wisie opanyin gyimifoɔ di nkwaseasɛm a yɛnnka woyɛ opro paa 😂😂😂,44,45.0,63,negative,negative,negative,negative
e2dbbdce-1884-45bd-b696-e358933b57ac,deɛ wo bɛsu agu mu 😂😂😂,44.0,45,63,positive,neutral,neutral,neutral
b5bdbd47-d93f-49cc-8b6c-80ec318a40e4,eeeeeih sofo koraa get broken heart na u kofi nti way no dey pray😂😂😂😂,44,45,63.0,neutral,neutral,negative,neutral
f998d089-1142-4632-bfe6-db2958a687ec,wo brofo sem da fom b3t33😂😂😂💔,44,45,63.0,positive,positive,negative,positive
d6793ac4-2d2d-4a13-a5fd-c6057924c8e3,mawunya na aduro atumi no saa no,44.0,45,63,neutral,neutral,neutral,neutral
b24e39ce-3bd9-43ef-9872-d19fd2595fb6,enti na menni boy no oo😂😂😂,44,45,63.0,neutral,neutral,positive,neutral
6fdbcfb7-e62d-4b66-b7b5-4c8557e1186f,y3da awurade ase nanso car papa die3 wonya oooo,44,45.0,63,positive,positive,positive,positive
b381a9b0-a59f-43a4-b715-cfbb8761dbd9,these teams rn yagye sika yagye sika yagye sika yagye sika💰💸💵💶💷💴,44,45.0,63,positive,positive,positive,positive
d8fcb8e9-b8c1-40e9-8a29-dc6b2eae3789,wo nim brɛ woa brɛ afuomu ha aaaaa 😂😂😂😂,44.0,45,63,positive,neutral,neutral,neutral
aead83d6-c883-4146-af46-859ff71df2b0,forget musa na wasa,44,45.0,63,negative,negative,negative,negative
457cc04c-ced1-41ed-9a86-5651ead5d5de,10 mpo na hes a fraud 😂😂,44.0,45,63,negative,neutral,negative,negative
69fdb6a9-f28b-48d0-af1a-923165171225,😂😂😂oh me y3 okay oo 3nha me kraa,44,45.0,63,positive,positive,positive,positive
a41c0879-3481-4254-aae5-f49a827f756d,😩😩😩😩😩me team no agu oooo,44,45,63.0,negative,negative,negative,negative
01492579-51eb-4f69-99f4-7e962e36543e,ei enti valentine nu y3nka ho bi 🤔,44,45,63.0,negative,positive,negative,negative
eb5d55a9-1842-4965-9a41-fe2798da7ec9,dog eye e be shit dem chop that be why dem dey fool so nu efia tenge dey dey blow nyaaaa sey nobody for go the demo anka yagyimi ama no anaaa o feeli s3 y3ny3 agyimifuor na egu jubilee house h a won rewia ghana sika no nyinaaa anaaa s3bi o 😂,44.0,45,63,negative,negative,negative,negative
8fb3c04b-440f-4879-b946-21fdec37d582,kyeres3 ahoufe teete me ☺️,44,45.0,63,positive,positive,positive,positive
0d752948-5402-475c-8f66-778fc69f33a8,wo no na wo bl3,44.0,45,63,negative,negative,negative,negative
ae2b5a8c-add6-4be3-be4a-594a6a7cac65,emaaa ahofe fo w akwantuo mu paaa,44,45.0,63,positive,positive,positive,positive
8cf1fc45-56a8-4048-8548-204fac055acf,sunsum nni wo bio ne mu sorry,44.0,45,63,positive,neutral,neutral,neutral
3f3cbd2e-7b11-443a-888a-9957e9b69514,saa okodie ft obrafour gtgtgtgtgtgt manifest discography,44.0,45,63,neutral,neutral,neutral,neutral
2d213cb7-bbe4-4464-8c82-0ec39e181127,ahhhh kumasi foɔ ne jon deɛ😹😹😹,44,45,63.0,negative,negative,negative,negative
9de24bf6-19db-4f0b-9d1f-1aa8499be690,yie yie yie sika nahye oo 3ka aba yie yie yie sika nahye oo 🤣🤣,44,45,63.0,negative,neutral,negative,negative
9c96e730-ac31-40cd-981f-cb3c95201a76,nti y3nka ho bi anaa☹️,44,45.0,63,neutral,negative,neutral,neutral
86547d70-20e1-427b-b36a-c65db24134ff,prepaid nti woda awia aa won s fan,44,45.0,63,negative,negative,positive,negative
1ffe63bf-ed72-46ad-9855-75ca68825e25,mo na mo bl33 ooh 😅,44,45,63.0,positive,negative,negative,negative
301c7776-c137-4e2d-889d-ce853ca9eb12,3d3n basaa nso nie,44,45.0,63,negative,negative,negative,negative
5e7ae013-918f-4ed2-b7bd-9cc66ece2d2c,asɛm bɛn koraa ni,44,45.0,63,neutral,negative,neutral,neutral
412ebe3b-fe22-463e-af0e-9b63bb0b5b0e,eii kooyegyae wo a nea wo b3keka no😂😂,44.0,45,63,positive,neutral,neutral,neutral
782f6c41-9ca1-4983-a8a2-d6d3e35d27bf,fa fri y3n so ooo 😂😂😂we dey want food,44.0,45,63,negative,negative,negative,negative
010c2297-0c0c-4f35-97b4-6fe2d0d28875,gyae 3nnka saa biomu😂😂😂😂😂,44,45.0,63,positive,positive,positive,positive
edde6a38-0c76-4388-a5a6-604d54f64680,minamino oo sɛ hwan 🤣,44.0,45,63,positive,positive,neutral,positive
8f0b0c7c-38bc-4a83-b594-3f73ce6c9871,asɛm ba nya aboterɛ trust chairman ofosu ampofo to deliver 2038 victory 🤣🤣🤣,44.0,45,63,positive,positive,positive,positive
934a7fe7-5ed5-4da9-ac2e-5a2e6779b149,na s3 wo bet sika no asa😂 nti cheque b3n biom😂,44,45,63.0,positive,positive,negative,positive
8a35fd49-f6fa-4685-be8c-09c2939b499f,bra gyae ne y3nfa egya ngu omo to 🔥🔥🔥🔥🔥🔥 morepressure but still we dey wait thé album ❤️,44.0,45,63,positive,positive,positive,positive
37109682-655e-4bdc-b4b8-417db18b9f7b,wo y3 nipa b3n,44,45,63.0,positive,negative,negative,negative
959a7ce6-6064-46f3-9ba3-5ada8270e596,masa woy3 bi na gyae me😂,44.0,45,63,positive,neutral,positive,positive
fa5edc67-ec4b-4e05-b7fc-269a1570efcf,hmmmmmmm sɛɛ wo sene wo yɔnko a ɔtan wo alhaji grusah ne monkusa mo bankye na yɛ bareɛ ɛnshe sɛ anka monnim ho a anka mo dua aporɔ,44,45.0,63,neutral,positive,positive,positive
6d1dd701-a25d-4082-8aa6-ab1220a6a30a,tsatsu tsikata is the law buh 1 min biaaaa dismissal of his case nam mu 🤣🤣🤣 hes the law now nu atɔ nsuom 90,44,45.0,63,negative,negative,neutral,negative
811fad2f-4aef-49d3-9cd0-85d3ddedec7a,monnim na yɛ ka ah ɛno nso yɛ asɛm,44,45.0,63,positive,positive,neutral,positive
c97da449-c206-4791-a591-5f1465b45552,oh saa e be stra,44,45,63.0,positive,neutral,positive,positive
6baa2aa4-640c-4e25-826c-0cede7ecfce4,mafa mi ho adwen 😂😂😂,44.0,45,63,positive,positive,positive,positive
aaec9c35-ab04-470e-8ca9-8c8fd228f856,s3 popi entum ntua a menb twen eko fie a,44,45.0,63,positive,positive,neutral,positive
0c20efe0-c27a-4215-8c78-a5b0c3a5c82c,woyem ahye wo wnnnn,44,45,63.0,neutral,neutral,negative,neutral
bac67946-f9f1-406e-afbf-46faf6fae50a,ebi me flyboytfg oo,44.0,45,63,neutral,neutral,neutral,neutral
b9b22ab7-eb25-41b5-850a-14c1f8cc5c88,3y3 nyame na ay3,44,45.0,63,positive,positive,positive,positive
d538963f-643a-455b-abe3-59d0a610a092,ma ma mi ya🙆‍♂️😁,44.0,45,63,positive,neutral,neutral,neutral
a69cc8e1-373d-4f4d-b38c-a056df7b17e9,😂 😂 if stormzy herw dus sef ein eye go get na mo nfa mo nkwaas3m fri hɔr,44,45,63.0,negative,negative,negative,negative
0947e47e-d419-484f-b582-06db61e51101,wow ye huu wo aky3,44,45.0,63,positive,positive,positive,positive
16bed28e-0ba6-4480-9b82-164415991a4e,wohwɛ man united ne aston villa match no na wokɔhwɛ gabon deɛ kakra aa na wahu sɛ africa deɛ gyimie ne ahoɔden ball nkoaa😂😹,44.0,45,63,negative,negative,negative,negative
249559d4-2e3a-4d0a-a21f-2bbe1f057f1f,sukuufuor no agyimi sen amanfuor a omo nkoo sukuu no bi da mpo,44.0,45,63,negative,negative,negative,negative
59ec5758-7d33-4192-846e-24469ca65062,saa kum kum bagya no i cant do some 😼,44.0,45,63,positive,neutral,positive,positive
492c1e95-8c72-4422-b7e5-6c079cca83c8,ah ah ah wo haadwen,44,45,63.0,positive,negative,negative,negative
f9a2ca1b-09a2-45bb-900f-2281fbc0a431,ei nipa paa nie🤔😊🤗 kumasi bi guy,44.0,45,63,positive,neutral,positive,positive
abcccc43-f518-407a-949e-6ddf1072a4a8,luck luck herh 😭😭😭😭 gyae kasa by heart no,44,45.0,63,positive,negative,negative,negative
c891e4d5-02f2-4f3b-aec9-5d2416497279,eiii nti timooooo asa ewiase,44.0,45,63,positive,neutral,neutral,neutral
d61843c2-935a-469c-9483-9094d74ee162,kor club 😂😂 wo type woho 😂,44.0,45,63,positive,positive,neutral,positive
b2eb8b45-e37c-4951-8669-8af3753ba5c2,eeeeiiii me y3m koraaaaa ahye me 🙄🙄🙄,44,45.0,63,neutral,negative,negative,negative
6994b225-c360-45a4-98a1-ade97659f003,madrid fan aaaa sporti pep 3not nti na woho ny3 f3 no,44,45.0,63,negative,negative,neutral,negative
8cce4ad6-e8e1-44e6-b24b-58d458d6ef5c,aware3 ny3 palm wine nyɛ adeɛ yɛ ka hwɛ,44,45,63.0,positive,positive,positive,positive
5b17b16f-ddaf-4ea2-94e8-8b13f8e4efe6,your welfare youre tweeting lies fioor and yes magyimi nka biibi anaa,44.0,45,63,negative,negative,negative,negative
ed5af114-cc5c-4a4c-a7b1-d73a1c58920c,wo kyer3w bece daben,44.0,45,63,positive,neutral,positive,positive
ef720e25-8dd2-4238-aa8c-ae4013d3bdfd,yesu wayε me ɔdehye nti mεsom no daa ɔno na owui de gye me nkwa oguamba wokum no owui ma me watɔ me aboɔden ɔno na owui regye me nkwa oguamba wokum no,44,45,63.0,positive,positive,positive,positive
8dcbfba2-6960-4ee6-82f8-d0d2e814d66b,phone yi b3 fata wo 🤝,44,45,63.0,positive,positive,positive,positive
e6c63867-27e8-4828-aa66-b35b3d7dfe47,nyame b3tua charity ka😂😂,44,45,63.0,negative,negative,negative,negative
c5aca27d-7886-4c24-ab6b-c14413114d3e,🙏🏾🙏🏾🙏🏾🙏🏾 y3 di yesu mogya ka mu 3nim,44,45,63.0,positive,positive,positive,positive
39778ed6-7f4d-4766-af1d-8c809e952522,p3 coins bi ma wccmo err sika nni hc o kweku,44,45,63.0,positive,positive,negative,positive
fbdb4f72-7fdf-4c70-8feb-5e79b2be034e,yekokyinkyin de sika aba fie ampa sika aba fie oooooooo🔥🔥🔥🔥🔥,44.0,45,63,positive,positive,positive,positive
a2f63962-da86-4914-bfd1-523321003a1c,menua nti ne korakora nisen,44,45.0,63,neutral,negative,neutral,neutral
5a9c55d8-a59d-42e5-a00c-6db9696ce2a0,nana sendi me momo,44,45,63.0,positive,neutral,positive,positive
92f50bf3-d7b5-4b40-87f2-4d11e14f868b,lfc ei massa nya abotr3 wai all jokes here,44.0,45,63,positive,neutral,positive,positive
3d7270a5-b289-4e58-ae7c-06f820dd48ec,ya yɛ wild ooo,44.0,45,63,positive,positive,positive,positive
7e0c5a61-0417-4a59-b281-1e8e4dce00d4,you looking muah 🤭🤭 ahoufe de3 nyame aky3 wo bi ❤️❤️❤️❤️,44,45,63.0,positive,positive,positive,positive
561e1d78-c8d2-4851-b01a-4c7fdf529816,kotoko team wei de3 gyes3 nyame ba mu,44.0,45,63,negative,positive,negative,negative
34ef3684-b39a-4d7a-b858-faf65ebdccfd,wanyini na gyae gyimie no,44,45.0,63,negative,negative,negative,negative
47d0bc0a-ea46-4ea7-9168-9318eea3dacb,wu na wu bl3,44.0,45,63,negative,negative,negative,negative
000ea759-6e19-48a3-95a6-79d2077d1e44,tweet bako yɛ 10k o😂👀,44,45,63.0,positive,neutral,positive,positive
0fbd7476-9251-4667-b5d3-691ad23dc036,says me arsenal nni deɛ nka wo de kotoko yɛ dɛn🤣🤣🤣,44.0,45,63,negative,neutral,neutral,neutral
f1fe702c-75fb-4d05-93ed-fd9d3507c8b9,nana ama woho 3f3 wate nyame hy33 da b wo,44,45.0,63,positive,positive,positive,positive
89780a39-155d-4ae7-bd0c-aee3e09a2962,ah na pep no wagyimi anaa🤣,44,45.0,63,negative,negative,negative,negative
9491dee2-ed1a-47f3-ad20-9180d5a46aea,send me momo erh,44.0,45,63,positive,neutral,neutral,neutral
005283e5-427c-4a7e-a383-26a365203d57,afe nk b3to y3n biom,44.0,45,63,positive,positive,positive,positive
e57fd8e0-d74f-4da1-a473-0aa38f1f3839,3de3n asem koraa ni akn bne b3n nkoaa trouble dey sleep your man go wake am,44,45.0,63,positive,negative,negative,negative
d8f9b4f7-761b-451b-af3a-1669fd144a1b,yesu koraa de kye yeeeee,44.0,45,63,positive,positive,positive,positive
81492872-6c99-4e17-85a5-f9a224ca1946,3nu bi na wahu nu,44.0,45,63,positive,positive,neutral,positive
e35b724c-cb28-465d-8939-fba15b573662,pentecost asori koraa megyai na relationship,44,45,63.0,positive,neutral,positive,positive
004c36cf-7f7e-494d-bc8b-b0e65a2211df,oo ɛnyɛ saa na me ka no oo nanso saa sika me tumi aka sɛ ɔmfa ɛnyɛ ade papa biaa,44,45,63.0,positive,positive,negative,positive
e816453a-cf85-4162-a4f6-eb5ee5ed7c1c,the head is big for a reason ah hwɛ berma ti asɛ kontua koraa,44,45,63.0,negative,negative,negative,negative
c0e6663f-1795-4d70-91de-df3a6ae02403,stonebwoy ein views die3 as3 tugyimie ooone minutes biaa 100k views nam mu,44,45,63.0,negative,negative,negative,negative
b07533a4-0c8a-4ea5-88a6-e4dfe84593f7,aden mede3 me nka ho anaa,44,45.0,63,neutral,negative,neutral,neutral
7610be8c-a857-4d59-a8ec-12fb3ca5958e,kwasea berma wop3 obi nudes ahw3 wo kote akyia s3 😂,44,45,63.0,negative,negative,negative,negative
16b8ec7f-cf3d-40a8-b02e-eac952d35671,like twene jonas said yɛ te krom ha nso gyimie nti nipa nni ahotɔ,44,45,63.0,negative,negative,negative,negative
56ffd19d-8ad5-4f63-8959-860744755608,oh awurade wo p3 3ny3 h 🙏❣,44,45.0,63,positive,positive,positive,positive
fa55d90e-5ea4-4666-afa9-7f5b842b4dc5,lol ma te boss man,44.0,45,63,positive,neutral,positive,positive
6ee67c66-d09d-4450-9fcb-3ea0252f0a65,hehehehehehe wo deɛ wo,44.0,45,63,positive,neutral,neutral,neutral
ec27dfda-d045-4258-9de6-86aef17c8ce0,s3 wo wua wob3dane suroabfo,44,45.0,63,positive,positive,positive,positive
28a3df54-9b36-46f8-8035-f767b6805347,jollof ne akok nam enti,44,45.0,63,positive,positive,positive,positive
9d68c71d-7750-4957-81ae-c0e765c286c2,mede3 ano part anaaa🙄🤦🏿‍♂️🥺,44,45.0,63,neutral,negative,neutral,neutral
d9a20348-b0d1-43b6-9e12-9aa6588f6279,nyame adodeɛ yɛ fɛ,44,45,63.0,positive,positive,positive,positive
1350faee-cefd-49b4-87e4-980d911ee72f,s3 wodier wode plane na enam,44,45,63.0,positive,positive,positive,positive
0b33921a-a3a5-414d-847e-20b3e5f65c86,la hustle oo nyɛ saa lawu 😂🤣,44.0,45,63,positive,neutral,positive,positive
de8ab4d5-b7ee-4da2-8dd8-3d734e1fb603,2x metie nnipa ano aa anka many3 yie metie nnipa ano aa anka mandru fie 3kaa ketekete mede hy33 bayie,44.0,45,63,positive,positive,positive,positive
29162872-86a3-40c1-a515-3eca74dbefd9,sika ho ay3 shi nti wee yen passe,44.0,45,63,positive,neutral,neutral,neutral
693995a3-f92c-4e11-9da6-48e5f1fce820,ona call yɛ biɛ,44,45.0,63,neutral,neutral,neutral,neutral
ae0e557f-a538-40b4-8f8b-da8728ae190e,nanso sika no hm,44,45.0,63,positive,negative,negative,negative
4653c71b-c743-4568-b8b7-7c1cc7d9f718,nti kraaa aden ah 😂,44,45.0,63,positive,negative,negative,negative
e34d9305-cdae-4cc9-a37b-fd8640f99f4c,wow mu aa 3nhy3 ma wonni mu nso aaa 3nt sini sleep,44.0,45,63,positive,neutral,neutral,neutral
c344aee5-9bd6-470b-a6bc-77a84350a202,tin tomantoes koraa y3ka na mantches,44.0,45,63,positive,neutral,positive,positive
130bb985-97e7-4f86-b9ed-ced1e94a9be8,relax nnipa nua ne nnipa,44,45,63.0,positive,positive,positive,positive
b8addd05-6b0e-4a7b-9e00-cdf08e9515cb,boys di33 so n,44.0,45,63,neutral,neutral,neutral,neutral
3d052a32-93d4-4df1-943b-d6e567b6f6ec,asw3 wagyimie oooo eeiiii mey3m mpo ashi me s3naa ebi didi bi akyi😂😂😂😂😂😂😂 eeiii kweku picaso,44,45,63.0,negative,negative,negative,negative
bb664c3f-1e4b-4c8b-a959-2260826b8ac4,ɔnyame bɛ tua mo ka wo ne wesley mathews no,44.0,45,63,negative,negative,positive,negative
ea60ee07-af78-4796-b26f-22e01770d6a5,eno so enye bad,44,45,63.0,positive,neutral,positive,positive
4152af52-18f0-4114-9986-faeca0ee4e65,masa gyae nsemhunu no,44,45,63.0,negative,negative,negative,negative
2c9aa004-6559-4116-90ac-d8b5f54a5e2c,help nyinaa aba mu 😂😂,44,45,63.0,positive,positive,positive,positive
4cccb1e2-6d34-4567-aff2-3934c3957b3e,kwaw kese tear me😭,44,45,63.0,neutral,neutral,negative,neutral
aa033b4d-b62b-4434-91c2-63b0298bb5a9,aw de no chale,44.0,45,63,neutral,neutral,neutral,neutral
3b43b6e4-d33e-4ac7-b218-8c81adac2a9e,loyal nti ngu on bl3da saa tete ahumbr no atwam dadaaada o,44,45,63.0,neutral,neutral,neutral,neutral
4ee0b35e-b29f-4d7d-9756-e645aecc573a,aunty cynthia nana na dab3n na wo starti ka patwa maa,44.0,45,63,positive,neutral,neutral,neutral
aa397496-594b-4bc0-9c06-05f97921262e,na fa kɔ tɔ kyibom pɛkyɛɛɛɛ,44.0,45,63,positive,positive,positive,positive
b636140e-06eb-4ab3-b0a0-bd508580950f,me nsa ho nwii na woka yi mano ho nwii na woka yi mabodwes3 na woka yi me lala nwii de3 wob3y3 den 🎶,44,45.0,63,positive,positive,positive,positive
abf0ce79-84e1-43df-8558-16bf35949fe1,sika sem nti hmmm,44,45.0,63,positive,negative,negative,negative
0387ff05-afa7-4b35-a70d-7e5dac89c417,listen to woye onyame by amos mensah on,44,45,63.0,neutral,positive,positive,positive
9c68eb82-e9ba-44b3-8f01-429c8aaf2e1c,onyame na hw3y3 so bibiara b3y3 yie,44.0,45,63,positive,positive,positive,positive
50a18b70-2f19-4f30-b600-b426703ed687,heeeeeeeeer 😢😭😭 bibini yɛ wicked roff,44.0,45,63,negative,negative,negative,negative
7459d76b-aad9-4a01-a154-2e5e1a3a7d7f,send me kenkey and nkyenam 🙈,44.0,45,63,positive,neutral,positive,positive
47add7a2-b4f0-400e-a934-a209738b47bf,kotonimma 13 2022 |twi ɔnyankopɔn apɔmuden mpaemuka me te na nuonyam adwuma no mu ne ahoɔfɛ a ɔnam na afɔdeɛ so nya ma me no mu fa wadansidie no fa ha testimoniesorg fa ɔma so terɛ gyidie wɔ 22,44.0,45,63,positive,positive,positive,positive
6af0e293-4635-4ee6-9a3b-cb1203104832,akwadaa nya sika aaa ɔse panin hianii mpɛ brɛ,44,45.0,63,neutral,neutral,neutral,neutral
ea92672c-d292-4178-b0eb-ba66e0e6ebe1,enye ejuma no bi aaa 😆,44,45,63.0,positive,neutral,positive,positive
1a406797-a321-4c07-8d80-2cca9a7f543a,na me ma ye den🤣,44.0,45,63,positive,positive,positive,positive
2637de13-eec5-481e-9026-5357a8a3f92c,no dey cap koraaa o ose glass nkoaaaa enti ma y3ntua elevy o 🤣 🤣 😂,44,45.0,63,positive,positive,positive,positive
e81702ed-b58e-4bc1-b36b-d4255cefe55c,naarh bro bi deeeeeep🥺,44,45.0,63,positive,positive,neutral,positive
3801b4ea-db4c-49d6-a86a-78173c2b579c,overage de3 anka date rush fa wo ho b3n nkwadaa agor naaa👂👂,44,45,63.0,negative,neutral,negative,negative
c77a37b1-04d6-470b-8927-411113ac0b01,man utd fans after liverpool losing to southampton yafa league me saa mahama kasa fi nu mongyae 🤣🤣,44,45,63.0,negative,positive,negative,negative
5bd5c0a0-76ea-402a-8d1e-5c14d835f791,y3b3 sh3 ama mo ⚽️,44,45,63.0,positive,positive,positive,positive
de555d0b-e08f-48a1-ae85-482c5dcffca3,😂😂😂😂😂😂😂😂😂ei tee girl no wafa biibi w fom adi anaa,44,45,63.0,negative,neutral,negative,negative
20e7555d-b62e-458f-bafd-106a3158303e,nyame na 3yie w mo so ahaban s33 obiara b3hunu w mo su ban nye nokware a w mo nka,44,45.0,63,positive,positive,positive,positive
976675db-b882-4980-a983-3faa7d9208b8,bla gyai na ɛbɛjwiri,44.0,45,63,negative,negative,positive,negative
09d5f5cf-6577-433d-94b9-7e9ad8bc9221,wo maame tw3m baako baako network foon sei 😡,44,45.0,63,negative,negative,negative,negative
7e92df2b-d273-4b8e-bfdd-ee12d862c58d,hmmm y3n nyinaa y3 te mu,44.0,45,63,positive,positive,neutral,positive
665ec59f-a122-42a4-bef0-39ff1c0e087d,nsamanfuor nyinaa ahw3 me snap😂😂😂😂,44,45.0,63,positive,positive,positive,positive
97295561-8e84-4927-a8fd-89632486597d,wo brofo koraa ny3,44.0,45,63,negative,negative,negative,negative
b5f78824-670d-4ce8-8284-6ebace430488,me nyame nyame wodi yie a wobere woye yie a pressure kyeiwaa beyie nipa sansankroma yaa dwen adwenpa maradona adwenfi gyae konkonsa hello maa all these boys claiming outstanding no behw3 omo annya mo awuramu nti of course they are out standing yenenam uk,44.0,45,63,positive,positive,neutral,positive
7f960310-aa09-4636-be4a-6a23ce7c7e90,then times we dey trotro inside and we see a pal mate me tua ama nu yo jack mi di ama mate nu enkasa we dey flex lols this time we dey komot eye pass,44.0,45,63,positive,positive,neutral,positive
7fcb7dac-41fb-41c2-a7f3-9f357003f570,ɛyɛ bra bɛtɔ bundle wate,44.0,45,63,positive,neutral,positive,positive
69fd64b1-9c13-4bd0-ac72-b5cbb4a83291,ei breda aden u get problem plus am anaa😃😃,44,45,63.0,positive,negative,negative,negative
a7228de7-3b9d-4c3a-9938-5eccab0d7b9f,me man ghanadabi dabi,44.0,45,63,positive,neutral,neutral,neutral
99b4f60d-193d-4748-b56a-23536ef2f369,gyae gyimie no na sore,44,45.0,63,negative,negative,negative,negative
855fbc79-beda-43b1-92ff-ac4fd4e031b2,menni nufuo nti wrong,44,45,63.0,negative,negative,negative,negative
dfeafc07-8b22-482e-a929-14e18cfe7ad3,messi nso asa o,44,45.0,63,negative,negative,negative,negative
8fb81c00-d67c-43b7-b883-a08ed949f7a0,niggas abɔn ooo dabro nso dede nkoaa na ɔmo y3 waha,44,45.0,63,negative,negative,negative,negative
5819040a-682e-4a07-ad36-d917689be066,advice wei nyinaa ka ho na y3 tua elevy o,44,45,63.0,positive,positive,positive,positive
d9b286e4-7321-44de-9808-aab7167a1662,sika kasa aa meti koli koli,44,45.0,63,positive,positive,positive,positive
8ed605a5-8db1-42f7-9f6b-2310d75d4260,wo hwau ne sɛn,44,45.0,63,positive,positive,neutral,positive
46edac06-af32-4251-9892-83059340c9ac,adam ankasa na kaa fresh of my fresh😂😂😂💔 herh giovanni,44,45.0,63,neutral,positive,positive,positive
933c31e6-7294-4903-ac78-d904ade92c7b,bops of the week 1 sika besu ft x 2 awurade ye 3 qwaku premo pem pem ft,44.0,45,63,positive,neutral,positive,positive
08fd82f0-815e-4e74-8814-38f496e20f34,ɛno ne asem no 🤦🏾‍♂️🤨,44,45,63.0,positive,positive,positive,positive
b5e83333-9d08-4d57-a839-4376bb56608c,3ny3 s3 obi koti y3 kitikiti oo ne tw3 n3 so kwasiaaa baaa sei,44.0,45,63,negative,negative,negative,negative
4fdd30dd-07a4-45f6-8c6a-fdb2b111d7c9,gob3 di3 3y3 dea ahiaaa ne nsuo,44,45,63.0,positive,positive,positive,positive
41086532-c6c5-4f58-9b12-3d41af36c41c,bayifoɔ ne ho yɛ ne dɛ,44,45.0,63,negative,negative,negative,negative
2c71b3f9-e577-4767-b278-00420fe7c62f,wo wu ooo raphinha ny3 player papa bi a na yi wani wai kwabena na gyae su wai,44,45,63.0,negative,positive,negative,negative
f0ada400-9b93-48f4-9118-059e6bb9617e,3no ne brofo bebree wei,44,45,63.0,positive,positive,positive,positive
48022434-ac54-4ac6-9963-7c848bed1d3c,nyame na ɛhwɛ nnipa ɛnyɛ nnipa,44,45.0,63,positive,positive,positive,positive
6cdb7b4f-58b2-4dab-94b8-c683e0624b34,na me di3 ma y3 den 🤣,44.0,45,63,positive,neutral,neutral,neutral
4e3b9edb-8d00-451c-8559-0676df78d081,normal vibes nkoaaa na wusu eh,44.0,45,63,positive,positive,positive,positive
bb511f5c-da03-4685-b102-2ce64587df72,kofi ne ama k pepow ne sooh syto 😭😹😹,44,45,63.0,negative,positive,negative,negative
4dee7071-908c-4536-8107-9ddebc79cf15,raphinha too bi k3k3,44.0,45,63,positive,neutral,neutral,neutral
9accbade-26d6-4b5b-b39a-132ad97d8bd1,awww ka na ka biom,44,45.0,63,positive,negative,positive,positive
1c18b653-5dcb-487b-8f0e-f1911fb5be62,😂😂ah nti wongyae gyimii,44.0,45,63,negative,negative,negative,negative
37346b61-0a92-4b54-b508-08e91ac0bca6,tam l firi ha 3ha ny3 facebook ne mo whatsapp groups nu,44,45,63.0,positive,negative,negative,negative
13c186b1-a9e2-4a2e-a49c-eff5c2a907ae,asamoah gyan na wɔ yɛ agyenkwa mfomsoɔ baako pɛ na bebiaa asesa sarkodie,44.0,45,63,positive,neutral,neutral,neutral
fe3aff9c-5f12-4e6f-b9e9-33d79f52e7c2,give am birthday contract na mongyae gyimie no,44,45,63.0,negative,negative,negative,negative
48dc05e4-efd6-42e8-af5d-a09c09908f7b,chelsea fans ne gyemii,44,45.0,63,negative,negative,negative,negative
ae43695f-8a95-4742-a06b-6986ac17ac98,sia nanka yɛnni pilolo anaa,44.0,45,63,negative,negative,negative,negative
576e748c-ec99-47b2-8f4f-74e7ec6b5e03,nnyɛ easy ɛbɛyɛ sɛ black sherif album no😂😂,44,45,63.0,positive,positive,negative,positive
b12b2431-092e-41ad-b976-ea2bd2dbc46e,mmarima ne 3die de3,44,45.0,63,positive,positive,neutral,positive
70e556a3-8d15-4e4f-a83f-7dd9352ed5d4,alla bossu 🤣🤣🤣 may3 hint na yentwa bet,44.0,45,63,positive,positive,positive,positive
a9b19d5f-dbfc-4dc5-8089-db326651ab15,ɛyɛ nokware anaa sɛ,44.0,45,63,positive,positive,positive,positive
f4cc855a-a981-42d0-9f98-25c843b2db13,kalyjay b3gye obi g33rr anadwo yi,44.0,45,63,positive,neutral,neutral,neutral
a0f649cc-c79d-44f9-b942-c4ea219c14a2,onipa bewu na aboa sika te ase🤔 be kind 🥂,44.0,45,63,positive,neutral,positive,positive
ea70b8e5-18fd-436d-b422-c9cbacfcad09,menua gyae gyae me feeli roff,44,45,63.0,neutral,positive,positive,positive
ccb0ef3c-a172-4870-94fb-bdf3994157e5,chale sika nu nyinaa aka gh2450p but still yɛ gyina mu till 35th january,44.0,45,63,positive,positive,positive,positive
117c3fa7-e18f-4f64-a33f-8882087a9ab5,de3 onyame ahyira no tanfo ntumi sei no da ✊we shall be kings and they will love us ❤️kon,44,45.0,63,positive,positive,positive,positive
5df1f3fd-c92b-4b7f-825b-f67c0d4426ee,asɛm nni fie oooo,44.0,45,63,positive,positive,positive,positive
4be8231b-6ea4-4053-a762-d6ac02965749,wei de3 abidjan blue o,44.0,45,63,positive,positive,positive,positive
d3ca338f-2fee-4bf5-953f-35601221486b,every 1 minute biaa brofo bni nam mu 😂😂,44,45.0,63,positive,negative,positive,positive
c0b4e6bd-62a0-4de2-af0b-9bfecb596857,na car mu atopa mpo be 10k yi na nka canabisi nso 3h,44.0,45,63,positive,neutral,neutral,neutral
97b88c3b-1b06-4eba-9f31-783e60aa20fd,no gyimie3 dating nso de3 nka account logins fa hoo b3n 😂,44,45,63.0,negative,negative,negative,negative
78b83c24-72ca-470f-9d22-60a32fee46cd,fa wo kwasiaa kor,44,45,63.0,negative,negative,negative,negative
dffba519-7504-43a6-b9ee-9812c5ef724c,mi kraaaa ma hwe saaaaaa,44,45,63.0,positive,positive,positive,positive
e5ed42e5-5f58-4153-90ed-c98615479b81,light nkoaaa system no ye adwuma 😂😂,44,45,63.0,positive,neutral,positive,positive
029a5822-aaf5-4654-be17-8b940cfec302,borofo 3y3 me kasa 3ti fa no saah,44,45,63.0,positive,positive,positive,positive
095365f1-9c23-48fd-958e-8c6d3512a5ce,every minute biaaa na relationship advice nam mu😂😂mo na moobl€,44,45,63.0,positive,positive,negative,positive
d0c8b732-31f0-417c-8150-d096e331b712,peer pressure nti nka nifrani de3 spectacles fa woho b3n 🤣,44.0,45,63,negative,neutral,negative,negative
fef90527-54c5-400a-8756-c5ea22f73770,obiaa y3 good sterling p3 na wasa,44,45.0,63,positive,negative,negative,negative
4772adaa-d714-4a93-b00b-9c1f9a5711ee,see pep ein bwoy akoayi asa,44,45.0,63,negative,negative,negative,negative
38793aa4-d3ba-425c-9d49-c1d66eb65b58,ɔtan no yɛ pure🤣,44,45,63.0,negative,negative,negative,negative
6ded8b89-cc9d-4e23-b9e6-22da58ee48ae,eeii my wife 3no mpo na mep3 no,44.0,45,63,positive,positive,positive,positive
028a2379-7f3d-44ad-8b88-5400d61d1219,🇦🇹🇦🇹🇦🇹🇦🇹🇦🇹🇦🇹🇦🇹🇦🇹🇦🇹🇦🇹🇦🇹🇦🇹🇦🇹🇦🇹🇦🇹🇦🇹🇦🇹🇦🇹🇦🇹🇦🇹🇦🇹🇦🇹🇦🇹🇦🇹🇦🇹🇦🇹🇦🇹🇦🇹🇦🇹🇦🇹🇦🇹🇦🇹🇦🇹🇦🇹🇦🇹🇦🇹🇦🇹🇦🇹🇦🇹🇦🇹🇦🇹🇦🇹🇦🇹🇦🇹🇦🇹🇦🇹🇦🇹🇦🇹🇦🇹🇦🇹🇦🇹🇦🇹🇦🇹🇦🇹🇦🇹🇦🇹🇦🇹🇦🇹🇦🇹🇦🇹🇦🇹🇦🇹🇦🇹🇦🇹 🇦🇹🇦🇹🇦🇹🇦🇹🇦🇹🇦🇹faaaaaaabulousssssssswo kum apem a apem beba,44.0,45,63,positive,neutral,positive,positive
082d6549-76b1-4ecc-a6da-7c1cb2d2b480,🤣🤣🤣🤣🤣🤣🤣🤣🤣 nana s3 anka 3y3 saa anka obiaaa w bi ooo,44.0,45,63,positive,positive,positive,positive
cbe04bbc-752c-4599-aa79-cbdb9823e0fb,🤣🤣😂 mey3m koraa ahye me ano sure say i go see cos,44.0,45,63,negative,neutral,neutral,neutral
6eb42906-68f8-4174-8c60-a14c8cc0dcbc,kube yɛ ¢5 wɔ kumasi🤔🤔🤔🤔🤔🤔,44.0,45,63,positive,neutral,neutral,neutral
7595032f-5e53-48a5-96c0-9f01201d7e11,p3 coins bi ma wccmo err sika nni hc o kweku,44,45.0,63,positive,positive,positive,positive
c8ffba20-d42e-4264-86e6-631d587d6379,kyeres3 obia anigye gyimie ho w ghana ha 😂,44.0,45,63,negative,negative,negative,negative
e4e39e03-1b96-4ef3-8a38-be3c61342511,ella nu bella mu papa 3ndanfu fuo p3 gyimieee miy3 naakie swaaag on papa n swaaag on flends,44.0,45,63,negative,negative,negative,negative
f48015fb-bb3c-4fbd-aaf7-c7de7bc7040a,hwe wo kc ma protest 🤣🤣🤣🤣🤣🤣🤣,44,45,63.0,positive,negative,negative,negative
cdf56ab1-55e0-4892-8c15-ee588ecc3229,yɛte sika so nso ɛkom de yɛn hmmm talk is cheap indeed,44,45.0,63,negative,negative,negative,negative
f0ecbce5-2303-4067-8a25-dd1af2f79a5f,masa wo pɛ two shots dada 🤣 🤣,44,45.0,63,positive,positive,positive,positive
562d8002-db97-44d6-93a6-5c70556046e4,unanimous fc case dismissed tsatsu tsikata my lordsrespectfully dj bɔ yɛ ndwom okaaaada eeiii okaaada eiii,44,45.0,63,positive,negative,positive,positive
c80b0379-32b4-4b45-8d00-d75be8fcca49,ey enti kote3 na ay3 tes3 gyidi kokoo sofo abaa no,44.0,45,63,neutral,neutral,neutral,neutral
e12b3f4c-c315-4083-bad6-098bf8752b46,bet no player to smoke on the pitch 🚭 odd 6851 bakayoko cigarettes si mano ntampe nkoaa na meetwe,44,45,63.0,positive,neutral,positive,positive
d49f7372-0633-4c66-821b-569ce7921222,sekof the movie get subtitles p3 nti chairman jie eye asay english eh= ehard,44,45,63.0,positive,positive,negative,positive
9e657b9a-296d-4525-b3f1-f7218cc5abf4,5mins biaa na scam nam mu 😁,44,45.0,63,negative,negative,neutral,negative
c93e45ee-17b2-4851-bbac-174b3d76b3f2,gyimiesɛm nkɔaaaa somebody she fit spit phlegm put en members dema mouth inside as akwan kyerɛ diɛɛ papa bɛn 💩🤮,44,45.0,63,negative,negative,negative,negative
0cd1c9da-21ef-47e5-8b71-c1a9e2f955a3,information wo wiase oo ei,44,45.0,63,positive,positive,positive,positive
4bccdc7b-d092-4a59-8e46-5b291292fda2,hall na anigye3 w mu sei,44,45.0,63,positive,positive,positive,positive
67fc7385-3727-42a4-9f0e-261c6b8380ac,s3 meka se sarkodie p3 na b3timi ay3 wei bosome no mpo mm 3weiy3,44.0,45,63,positive,neutral,neutral,neutral
f216383e-ea83-41de-8f0e-088192a7613c,oh mesee evoer me sef,44.0,45,63,positive,positive,neutral,positive
955b2b33-df5b-4737-b28d-94a20c11be85,wonni sika aobaa biaa ho y3 wo f3 😂💔,44.0,45,63,positive,positive,positive,positive
b0e65ca5-ca38-4a25-aa75-2f9156c81d22,fr3 me akwasi preman ❤☝️,44.0,45,63,positive,positive,positive,positive
c92d7242-68fc-4e94-adb5-4dd3bc70301e,fa sika fuor nkoa na bisa wn sikasem invite jibril hans alien waddle despite cheddar thems na let them speak something different,44.0,45,63,positive,positive,positive,positive
f949755a-63eb-4a8c-a6da-b9eb7bf91661,etouch am he com beg u still dey fuu wagyimi aaa na y3ti wo ho u den dt skuu gers all for that station der moagyimi gyimi mmoa,44,45.0,63,negative,negative,negative,negative
955c1a78-2c51-42d8-aba9-395bdcd70c29,oh 586 and 6 dier dem bi bros,44.0,45,63,positive,neutral,neutral,neutral
56a36cc3-0ca0-4ecf-9c75-460cefb81d67,cuzzzzzz mehia sika bebree,44,45.0,63,positive,positive,positive,positive
5249d166-3054-45b8-b092-49fd5aa16e24,nipa na etwa sika nanso nyankopon na ets3,44.0,45,63,positive,positive,positive,positive
a4899a7a-57a5-43ef-a890-4f578d24b929,nti sisiaa aunty deloris y3nfa respect 3mb3 t delay mackerel and spaghetti anaa,44,45.0,63,positive,positive,positive,positive
7d32a2f9-5c9d-4de2-b2ed-e413aea5f77a,me se gyae dembouz na wabn dodo aden de wo k benin anaaa,44.0,45,63,negative,negative,negative,negative
92bd9a18-70a5-4f6b-8f4f-94ad2ebe97fc,ruth p3 kasa dodou be kasa gyan anaa,44,45.0,63,positive,negative,negative,negative
127d1aee-282e-4ed9-a4f7-35d50925d2b0,na ecg de3 hmmmm agye s3 yiaa oooo,44,45.0,63,positive,negative,negative,negative
26fcd3c2-e3eb-4be1-8ec9-bcb65d93f2c9,yɛwɔ sika anka yɛkɔɔ ashesi ne bi😒,44,45.0,63,positive,positive,positive,positive
73fa4d42-6095-49ad-9f6e-96d65b62f337,wo wu ooo raphinha ny3 player papa bi a na yi wani wai kwabena na gyae su wai,44.0,45,63,negative,neutral,negative,negative
b4351de3-6f56-4e36-a274-f7233d5bcc48,kofi fa mpaebɔ taa makyi na menyɛ yie oo mɛ tɔ wo perfume no bi,44,45,63.0,positive,positive,positive,positive
7eac2715-524b-4183-a048-b610c06e63c1,ad3n aa wob3tu me 🤐 no 😜😂😂,44,45,63.0,neutral,neutral,negative,neutral
807dbe56-0876-4811-bdad-581512058944,afe pa nko meto yen,44.0,45,63,positive,positive,positive,positive
4d3f847d-aba6-426f-b005-98c637ad3e31,barcafo ati y3 ti de3 nso still hala madrid for life,44.0,45,63,positive,neutral,positive,positive
f1c9fa16-0e59-4ce3-9af6-889d86452a42,street no so ay3 menyamenya aden whats up,44,45,63.0,negative,positive,negative,negative
35b2c4d1-f165-4aad-b768-63877e96f5c6,me nyankopon nnyɛ lefty nti i be alright,44.0,45,63,positive,positive,positive,positive
a87e548b-61ec-4de4-a72a-20127d7c319b,seesei obaa biaa adane apocalyto wobehu omo biaa na ring hy3 ne hwene mu😂😂,44,45.0,63,positive,negative,positive,positive
7f4bd1db-20ea-47f9-8bf8-1fa96a116f34,love kakraa computers kakraa sika kakraa i miss you kakraa family kakraa boys kakraa vibe kakraa nyamesom kakraa gyimie nso kakraa mea me nie oonothing i get,44.0,45,63,positive,neutral,neutral,neutral
d39893c3-f531-42ec-a333-7c388289bf8f,but agradaa ankasa ne trim b3y3 den oo hw human fi fake so,44.0,45,63,negative,negative,negative,negative
3cc8bf67-46e3-48e3-82f8-5aa2da23df42,don dada aa me nda da me ndaa da wo 🔥 🔥 vibez,44,45,63.0,positive,neutral,positive,positive
325df11a-3516-4c2e-b177-c418c297ce34,hahahahahahahaha hahaha massa k na ko twa lotto,44.0,45,63,positive,neutral,positive,positive
6126d6c4-4d89-4b40-93e5-cc1948c1260a,me w hope s33 one day minso medi sika basabasa,44,45.0,63,positive,positive,positive,positive
288123fb-522a-4d58-9fc0-b25696272482,mede abotr3 abotr3 saa na madu 🤍🕊,44.0,45,63,positive,positive,positive,positive
b3b37116-d46e-46b7-b58c-8c68b18e3295,menkasa wae mekoraa relationship afono me ate mani so 😉,44,45.0,63,negative,negative,negative,negative
20756cb5-5bf2-4122-843c-1ee37e02be34,saa kum kum bagya no i cant do some 😼,44,45,63.0,positive,positive,positive,positive
eb392695-af3e-483c-89d9-8fcbc4796227,eeeiiii wo flexi me,44,45,63.0,positive,positive,positive,positive
dd8c77ac-76b1-4edc-a4e2-52200cba24c1,papa yɛ asa ooo brɛla,44,45.0,63,positive,negative,positive,positive
5d2bc451-43a2-401a-ba99-38ce93322f1e,akufoaddo etia block no so,44.0,45,63,positive,neutral,positive,positive
e2f13f0c-914d-44b3-a04a-5ec895a86dd0,dance moves na basaa sei,44.0,45,63,negative,negative,negative,negative
0ac213fd-14ef-4cd8-bdb5-88edb80e4938,y3 ti sika so nanso 3kom di yen,44,45,63.0,negative,negative,negative,negative
9c4fbdd9-eb61-432c-b84b-24af7d3c07b4,ey enti kote3 na ay3 tes3 gyidi kokoo sofo abaa no,44,45.0,63,positive,negative,negative,negative
2aa58159-23f9-483e-8823-8c9d1e25e540,hmmmm ne gyimiiiii no,44.0,45,63,negative,negative,negative,negative
daddfe1e-a4d5-4fec-a366-f6926e5c8113,wagyimi anaa militao ni alaba kwraa gyi sen,44,45.0,63,negative,negative,negative,negative
2748108e-a489-48d6-9520-ec85db3bc827,wo dadwene nanka wo b3 nya nyame k3si3 sei🙌🏾,44.0,45,63,positive,positive,positive,positive
c2fd7891-ccf7-402e-9f6d-fb1a99e66631,enti me di3 menka ho bi anaa,44,45.0,63,positive,negative,negative,negative
c2ec51f4-874e-46bb-9692-c3c61979a741,aoo adwuma nu asi,44.0,45,63,positive,positive,positive,positive
26d5e6e5-5562-4d48-9e52-aee08e3f9674,menni sika but me twa manum 🙏,44,45,63.0,positive,neutral,positive,positive
d550013f-3845-4a5c-afaf-5433d19b6033,ei wo nan ho nwii 33f3 papa,44.0,45,63,positive,positive,positive,positive
09cd05cd-3776-405a-9c28-7dff078eb828,😭😭😭😭😂😂😂 eiii koo i too join de qeue,44.0,45,63,positive,neutral,neutral,neutral
d23e7a3a-2de4-46fa-90ba-339c2c901fc5,madam wei paaaaay3 s3 aponkye bini aah 3gu milk mu😍😍😍,44.0,45,63,negative,positive,positive,positive
4f130d7b-d876-433f-9e28-0dc3f5cc750b,nipa foo bi nso ah,44.0,45,63,negative,negative,negative,negative
89214e82-1955-4dac-b0d1-d35b5686c314,tcheewww wo ahi wati,44.0,45,63,negative,neutral,negative,negative
5d0a7a28-135a-47ba-9bb2-96966fda62e7,me ne me chairman kumerica,44.0,45,63,positive,neutral,positive,positive
f5725f86-44c9-4e77-af73-bb60b4b5bdbc,eii information wo wiase oo 😂😂,44,45,63.0,positive,neutral,positive,positive
050eb007-9194-4738-b459-3d8d174ba508,obroni no kaa sei 😂,44.0,45,63,positive,neutral,neutral,neutral
c03c5513-1d2a-404d-8f6d-70eb682e84ef,nyame ayɛbi o 🙏🏽 my man with all black akoa so eiii 😂😂😂,44,45,63.0,positive,positive,positive,positive
a22235d6-9ede-4c25-8cb4-403b2963970c,awurade ma nsɛnkyerɛne ni saa mpaeɛ a merebɔ yi akyi ooo maa wɔnhunu sɛ woyɛ onyame a wotease🙏🏾,44,45.0,63,positive,positive,positive,positive
263c6bfd-40b7-4626-bd67-78c887f7aa06,sika ho ay3shi 3nti weed y3n passi,44.0,45,63,negative,neutral,negative,negative
81585b89-7ded-455d-aba6-803b6a5962eb,chale mese yaanom deɛ,44.0,45,63,positive,neutral,neutral,neutral
89172164-d72c-46b3-bd72-e322845a8db2,na guy wei wagyimi anaa😀😀😀😀😀,44.0,45,63,negative,negative,negative,negative
0d1bb79f-b03a-4907-9e8c-576c119b32e3,nyansa baako sei nni ger yi trim ad3n aa 6packs and money 😂😂,44,45.0,63,negative,negative,negative,negative
fec9bc06-ed98-4890-906e-cf8c73d5e5bd,gyae gyimie na p3 phone papa,44,45,63.0,negative,negative,negative,negative
e25147e1-cc79-4d86-bbae-266fd35cfd36,saaa na ay3 de3n,44,45,63.0,neutral,neutral,negative,neutral
efde0de1-e795-4fb7-8638-266ffc91ed5a,dawu mpo nie na tamale,44.0,45,63,positive,neutral,neutral,neutral
55807089-6ffa-4973-867d-3dba12673963,orekodo wo angel tv,44,45.0,63,positive,positive,positive,positive
a0799bf4-a044-4acd-a9b5-3c74b70bb685,edo ah dash me rts ai 😂😂😂,44.0,45,63,positive,positive,neutral,positive
fc32bcdd-e82a-4b9f-8bac-b8d5621d894c,slim ne teete me dcdcc aden nti la meye fresh boy oh 😂,44.0,45,63,positive,positive,positive,positive
cd2d5926-fadb-490f-9252-8cf414a9d4b6,sɛ deɛ jah man ka no wote yɛ wo passi na wa dashe wo pass na wa dashe saa na saa nso fa woho hyɛm na ma wani nso yɛ den 👍🏿,44.0,45,63,positive,positive,neutral,positive
dd87a1f8-ffb5-4120-888e-e2b843b5e301,amerado sika besu spotifygt apple musicgt audiomack gt tidalgt boomplaygt,44,45,63.0,neutral,neutral,negative,neutral
5cb3fa0f-20bf-4ed1-94ad-5f65808bfebf,owura me se siso biom wai,44,45.0,63,positive,positive,neutral,positive
71987c27-1afb-4db5-adb8-eb7ab2b995a2,∆™✓masa in fact s3wop3 obi nas3 nipa nu nso mp3woa kay it pains paaaa oo heeeerrrrrr braaaa😱😱😱😱😱gtgtgtgtgtgt,44,45,63.0,neutral,negative,negative,negative
1c2b8ba0-ae9a-4c46-9229-86e487faa939,ad3n wo na wuro dross no anaaa,44,45.0,63,positive,negative,negative,negative
8cf8a2d0-824f-4b25-b068-4f82694f2baf,ow bra ka na ka biom oo ɛɛhu ankasa 🤦,44,45,63.0,positive,negative,negative,negative
5b5d92cf-2270-4480-997e-d5d99329216d,yɜ yɜ dom yɜn nyɜ baako mmienu miensa yɜ yɜ dom wo kum apem apem beba yɜ yɜ dom aaaaah wote kumerica yɜba aa yɜ yɜ dom yɜ yɜ dom 🔥🔥🔥,44.0,45,63,positive,positive,positive,positive
143e9e9f-a6db-44c9-9eba-41f5a27b5ebe,ɔpɛnimma 15 2021 ɔnyankopɔn apɔmuden mpaemuka me yɛ onyankopɔn animonyam a ɛhyren ma di bɔne yaredom ne ɔwuo so onyame animonyam a hyɛ me ma na ɛma me ahoɔden ne yiyedie abre nyenaa yareɛ ne ho nsunsunsoɔ bia ɛni ho kwan wo me mu aleluya,44.0,45,63,positive,positive,positive,positive
c62d3f63-1c15-49e0-98cb-e21cf46995f4,mongyae me na mento madonko pa bi,44,45.0,63,positive,positive,positive,positive
76c2dd03-70cc-40fd-bd7e-fc153a03a81e,anka wo ma y3 kcce3 anka obia nti wo nka 😹,44.0,45,63,positive,neutral,neutral,neutral
130f309c-a7b8-468a-bbf0-43afafd877c3,dry okro soup ne banku 😋,44.0,45,63,positive,positive,positive,positive
3664f988-944a-42e0-adcd-6b7e49a6921b,🤣🤣🤣🤣🤣 wu b3 ka nukr3,44,45.0,63,neutral,positive,positive,positive
d1e22962-9ca4-4989-b763-448bc6ec6acd,ɛno deɛ ɛyɛ nokware paaa,44,45,63.0,positive,positive,positive,positive
e23241d1-87c2-4191-a308-f7f9c52ee440,ma wani nda ho ooo ohemaa 😂,44.0,45,63,positive,positive,positive,positive
4af37e41-94e4-4054-b92c-7396a74dcbf2,oh chale🤣🤣🤣 eno bi easy ampa oo,44,45,63.0,neutral,neutral,positive,neutral
4d176441-14c3-4df7-8d24-7355410a7612,herh ma falle ooo,44.0,45,63,positive,positive,positive,positive
11a6a418-105e-464f-b842-f75a391f7d20,na wanya bibii adi anopa yie,44.0,45,63,positive,positive,positive,positive
a21c2f77-2398-4e1c-b078-067143d009ee,tumi bi a edi me diɛ sie bia no gyae me na kɔ men dwene obia ho me de me ti bɛgye frɛ me bosiako~ 💿,44.0,45,63,positive,positive,positive,positive
6f631fee-5168-4531-a391-e9b9e130b2a2,asem no ayɛ kɛse ama malam😃😃😃,44.0,45,63,positive,neutral,neutral,neutral
8af6d2ae-8c8b-45e8-a803-8e3f5cb599a8,3ne mo nn3 no y3 bet nyinaa as3e,44,45.0,63,positive,positive,neutral,positive
2293d800-8a57-4dec-b582-c057a17c1fa5,obi nka kyere kofi taylor s3 ne gyimi no 3ka s3n,44,45.0,63,negative,negative,negative,negative
3c6b2b3c-2ad4-45d8-a0ef-507162b2f699,sika no ashe 3ka aba,44,45,63.0,negative,negative,negative,negative
1014cde1-61c2-4542-b393-3b43fe5aaa85,bra fie na yεε twεn wo 🌴,44.0,45,63,positive,positive,positive,positive
9c0e1afb-017e-4348-ac0c-a934cee54b7a,chechekuleyyyyy paa adwene no ny3 oboy nso ntua😆😆😆 hard guy,44,45,63.0,negative,positive,negative,negative
5139af22-71e4-48b0-a35c-70b4b5ec2a09,gyae saa na supporti team papa bi te se real madrid,44,45.0,63,positive,negative,positive,positive
49ba9230-8b20-4a9a-85e0-ea02e44c2c13,eii am out ay3 k3se am out 🤣🤣,44.0,45,63,positive,neutral,neutral,neutral
8325f930-2aa7-47f0-a759-3e0168fa1c8d,kwasi broni nti y3ndi hia da 😎😀,44.0,45,63,positive,positive,positive,positive
c51fc5ce-8715-4813-81ca-ae4749ae7662,eeiii kofi kakra kakra ana nofo nso kakra 😂😂,44.0,45,63,positive,neutral,positive,positive
5778e2fe-a0b3-479c-afac-fd63d30419d6,nka me ko da 😹🤣🤣,44,45.0,63,positive,positive,neutral,positive
01b1673b-4e1f-46ac-8e16-3cb5bd9e8505,oh ein boss sarkodie ankasa dey steal lines na fanbasedem di33 dem go love steal ghana ankasa mpo,44,45,63.0,negative,negative,negative,negative
8c7d8ce5-308f-4c98-a118-ac5246385802,boys kasa nso dabiaa mote casa,44.0,45,63,positive,neutral,neutral,neutral
c19ad4b9-a234-464f-8ac5-098e424f37e7,wo kum apem ah fa 😂😂😂,44.0,45,63,positive,neutral,positive,positive
c1a19247-539f-4543-934e-e26f32bc374b,na obiaaa wo yɛ oil and gas deɛ nka poodle puppies fa wo ho bɛn🤣🤣,44,45.0,63,positive,negative,negative,negative
032cd2f5-0e1a-408c-b55a-339e18d8efd8,me dɔ hruuuuu sɛ girl wei yɛ spec abowa nyame nsa anu yɛ fɛ,44,45,63.0,positive,negative,negative,negative
4d3ff91f-11a7-44e7-a534-3a101f296056,hahaha 😂😂😂😂 agyeta wo ha,44.0,45,63,positive,neutral,positive,positive
62a00263-0eee-4668-9ea6-df66ec18a52e,benzema ma ball y3 f3 k3k3🤩🔥,44,45.0,63,positive,positive,positive,positive
b6a0b6fb-a50a-4201-9da5-2e3ef75be770,mo so 3y3 hoh mo de3 kyena monk gyimi,44,45,63.0,negative,negative,negative,negative
51b9afa2-2d46-4f5a-ad2f-6fdc1ceb2962,fa wo sister try me erh,44,45,63.0,positive,positive,positive,positive
8f2ce056-c17f-49ff-be10-06c3323b6242,wo so ni bi,44.0,45,63,positive,neutral,neutral,neutral
24438763-919c-4df8-861c-d3ca8e3559d4,nanka nokor3 naa na waka no,44,45,63.0,positive,positive,positive,positive
47c21e5e-876e-4e0e-bd28-a628bb3d195a,nyansa ni baako ho 3den ky3n agyimifo 40 🤣 charles taylor,44,45.0,63,negative,negative,negative,negative
73e525da-0de2-4d42-8bf4-1ac0b7579ea2,afia odo anaa akuapem polo de3 dem bi prostitutes serwaa de3 ebi anybody ein matter,44,45,63.0,negative,negative,negative,negative
b0cb643a-7477-4ae0-ab4a-b50481e69726,egya no asɔ kumooo🔥🔥🔥,44.0,45,63,positive,positive,positive,positive
f1f060d0-c893-415f-9e3b-b3a3f9e25292,adurosɛm na ɛyɛ no dɛ siatoliwa,44,45,63.0,negative,negative,negative,negative
3f659eac-4d5f-43dc-8283-9c098ecee2e4,arh kofi nti team wei yɛ supporti,44,45,63.0,negative,negative,negative,negative
793a39a6-e46c-40b8-b1ee-f9306ddf4ebd,born one 3na wu kyere wu hu saa nu eii eugenia,44,45.0,63,positive,negative,negative,negative
9a40bc01-1604-47d5-adb7-6d67ff5a6689,kumasi to accra flight nso wahy3 winter coat maame gyamfua woogye de3n w wiase😂😂,44,45,63.0,positive,positive,negative,positive
dbd7328f-742d-4661-af26-db10377d68cb,woka nkwasiasem a ye bisa wo nkwasiasem 😂😂,44,45.0,63,negative,negative,negative,negative
e612eee6-4caf-4916-a002-02f9fd8371fd,maa adjwoa hye wo drossssss 🥱🥱🥱,44.0,45,63,positive,neutral,neutral,neutral
32a14443-7e77-4b19-99f5-b66ad6849f70,wifey wo b3br3 daakye 😂😂💔wei y3 kunu,44.0,45,63,negative,positive,positive,positive
f57e23c5-5d0e-4d71-8dbc-66a1e4996c4c,gangaa ein bro too dier 😂😂😂😂akoa ye jon nne3ma paa oo,44,45.0,63,negative,negative,negative,negative
29904485-af17-44c9-9cc7-1932cf469b0b,mmaa dodouo nyinaa kunu charles kwadwo fosu dl,44.0,45,63,positive,positive,positive,positive
bffe86b0-21f1-456a-8e2b-973b050ce806,obaa hemaa maame ama adoma 😊,44,45.0,63,positive,positive,positive,positive
0b9d4796-81f8-4ecd-8895-b23d37bdb0a3,atadwe de3 gyes3 mede moko hy3 nani ase,44,45,63.0,positive,positive,negative,positive
d7d82ac3-3468-44a5-8cc0-53c651ec741c,asanteni akdaa aa ayigbe ni na wono🤭 🔥🔥🔥,44,45,63.0,positive,neutral,positive,positive
b2ac8953-e084-497e-91a3-da94a897a790,oh killer gyai saa 😂🤲,44,45,63.0,positive,negative,negative,negative
d0c5234f-f899-4ee7-9080-e41bda4677e6,😂😂😂😂😂😂 national cathedral sika no de3 y3n tua ooooo,44.0,45,63,positive,neutral,neutral,neutral
1c950d29-0e4f-442c-95e9-277d481c889d,anadwo dier ed3 nanso abeyifuor na eha adwen,44,45.0,63,negative,negative,negative,negative
28037f3d-c050-42de-a5fc-ae619f9defd6,wò brôfo kraa ny3😂😂😂,44,45,63.0,negative,negative,negative,negative
3697e8ef-cc2a-4f2d-80dd-bbef4b88284b,wo nka sika sem aa wo voice tone koraa y3 funny🤣🤣🤣🤣 king saark,44,45.0,63,positive,negative,positive,positive
201fdf61-ed31-45e5-b383-1097896fe153,ne nwom pa dier no size 💥💥🔥🔥🔥🔥 gye wo ✌️,44.0,45,63,positive,positive,positive,positive
440db85d-4da9-42b4-b282-aa815ea1e32d,aww ewurade obi ne ba😂😂😂😂,44,45.0,63,positive,positive,neutral,positive
0db20094-bb8e-4efb-b12f-6cde061db70b,nti bɔne bɛn paaaa onua,44,45,63.0,negative,neutral,negative,negative
9f1ecd2b-57fa-4bd3-a9b6-7a5967f22c5e,na nka 33yrs deir date rush fa wo ho ben,44.0,45,63,negative,negative,negative,negative
e8d21b01-3d00-4b92-9dd6-17ed771ab390,hw3 nea ɔkyer3 lol,44,45,63.0,positive,negative,negative,negative
a353eaf4-d294-4bbc-961f-cfc1f6e6f4fe,ahhh meyɛ agye adi sɛ ɔyɛ jon,44,45,63.0,negative,negative,negative,negative
d364d797-9136-4f8b-bb63-cde469529695,saa mathematics guy no de3 me de no ama nyame,44,45.0,63,positive,negative,positive,positive
5625b10a-8716-4a91-ab76-f4b3ba29aa33,haaaaad haaaaad dj slim is rema kuami de3 ny3 me ly nso me p3 adonko product nyinaaa,44.0,45,63,positive,positive,positive,positive
8df5712b-a1fa-41df-8b55-a381e5ae15f1,fa wo gemiii ko,44,45,63.0,negative,negative,negative,negative
aa8fc3bc-b333-4fc3-868f-317026307a02,omo hy3 no daa sister,44,45,63.0,positive,neutral,positive,positive
8d8191b9-916d-4bb3-a7e8-ab6aafb7a3be,3w makoma mu a nka wo behu s3 me dea ne wo sika na menni bi nti nka wo behu s3 me p3 was3m bebree😭,44,45.0,63,neutral,positive,positive,positive
68ded0d2-12e5-4fc8-b8d9-445242f1dc7f,court sika nso ashiɛneɛ we move,44,45,63.0,positive,positive,negative,positive
2a93cc74-3452-4ce5-b2e2-208168e78564,ode as3m aba awie me nua,44,45,63.0,positive,negative,negative,negative
08a765ac-956a-4978-80d8-135bc08e4409,masa mente ase3 ka twi 😂😂,44,45.0,63,positive,positive,positive,positive
a8e59af1-828b-4c8d-9e0a-bf6219ea1424,kasa yɛ mframa nana yaw amponsah is the man to trust,44,45.0,63,positive,negative,positive,positive
ae5ffb11-712f-43e6-bc69-8f8a97447b39,anka me ah anka mo yey3 me mmoa,44,45,63.0,negative,negative,negative,negative
4a577528-9568-44a6-84fd-e343cdda8af3,mmaa bi get heart ooo eii,44,45.0,63,positive,negative,negative,negative
ac3c7730-17ad-4c5f-9d12-22d578769b2f,kyɛ na ɛbɛ kyɛ nanso ɛnka hɔ da bebe make your vim no break bebe,44.0,45,63,positive,neutral,positive,positive
b6281a75-05d7-44d6-bdfd-6fbbef74639f,enti wusu wudi amanfuo trumu nu bi,44,45.0,63,negative,negative,negative,negative
1dce0b8a-9d30-41a5-9357-1ed4c4077ed6,ahuof3 de3 manya bi nanso sisi mu den de3 nyame de adom me,44,45.0,63,positive,positive,positive,positive
ff728cdd-ee57-4b96-b08c-6d3a73bffac6,hwan nso na ablocki me w suro h no,44,45.0,63,positive,negative,negative,negative
7a147c06-2af1-46c3-b6fe-8839cd80bcd6,wo di no wie a na wadi wo,44.0,45,63,positive,neutral,neutral,neutral
bc425906-020d-481a-b071-d8a39829f8e1,gye idea pass baako,44.0,45,63,positive,neutral,positive,positive
f17cc2ab-786a-4bbf-8b39-bc0d7b928340,ama u never dey disappoint faa ma omo♥️,44,45.0,63,positive,positive,positive,positive
376eef69-77dd-4e4a-aaea-5a1382a96777,nowhere cool mesoake me yere wɔ yesu mogya mu,44,45,63.0,positive,positive,positive,positive
977f33b2-ff97-43d2-84e5-c6ce9598e6ba,sebastian nso brofo nny3 kraaa3de3n ni🤣🤣,44,45,63.0,negative,negative,negative,negative
4bc83f26-f247-46c0-a0cd-982ae9f5c7a4,me tie nnipa ano a anka manyɛ yie ɛkaa kitikiti me de hyɛɛ bayie,44.0,45,63,positive,positive,positive,positive
d84125c0-8c41-4728-a933-7b4f227e4928,sika nahye sika no ahye 🤣🤣🤣💔,44,45,63.0,negative,negative,negative,negative
3b217b8b-fee3-4733-9add-67575be2f9ed,enti wo de3 ns3m hunu no aaa,44.0,45,63,negative,negative,negative,negative
eb055908-c5cf-46df-866a-7d73dd440166,anka kora me mpo erh,44.0,45,63,positive,positive,neutral,positive
b4c1072f-5ac3-444f-b491-5d06fe705d3c,amen me hemaaaaaaaaa baaakope 😃😃,44,45,63.0,positive,positive,negative,positive
ac8ca795-7cc1-498c-8488-fd7f96232039,kofi agyapong to wo bo 😂😂😂,44,45.0,63,neutral,positive,positive,positive
94188265-f03e-4489-a15f-9d0687dad7b5,sika mpo mafe ne ho,44.0,45,63,positive,positive,neutral,positive
a52fe780-543e-40a3-ad3e-a17934bdfa2b,wo ka nasem ah wob3di block nti twitter mu tyrant,44,45,63.0,positive,negative,negative,negative
34176cd9-704c-409d-9433-af46484586cc,yɜ yɜ dom yɜn nyɜ baako mmienu miensa yɜ yɜ dom wo kum apem apem beba yɜ yɜ dom aaaaah wote kumerica yɜba aa yɜ yɜ dom yɜ yɜ dom 🔥🔥🔥 d a w u here we come ✊🏾,44,45,63.0,positive,positive,positive,positive
4e48ae5d-860e-4d0c-b605-a4ea473dccc1,sk oppong di3 s3 nyansa biaa nni ne tri mu,44,45.0,63,negative,negative,negative,negative
106824d5-c3c3-4014-b258-2c5f7550aaaf,na me monthly salary kraaa y3 s3n,44.0,45,63,positive,positive,neutral,positive
5e8a23ca-576c-4134-bcb3-3e2a54818830,egya na no 3den,44,45,63.0,positive,positive,negative,positive
1eb90aa3-1c37-445c-891a-dd6f95cc8a80,ohwka na ka bio😂😂,44.0,45,63,positive,neutral,positive,positive
9b6aaa3c-02ba-4213-a3ca-175ca99d87a6,wo kum apem ah y3di b ampesie 😂😂,44.0,45,63,positive,neutral,positive,positive
3f312093-d288-4518-a4ab-cf36ac5a41bc,3d3n basaa nso nie,44.0,45,63,negative,negative,negative,negative
d7f07565-7cd2-4860-9e73-7c921e95faa4,wo brofo kraa su ny3 oh wosu ad3n,44,45,63.0,negative,negative,negative,negative
9cdabc0f-b5a2-47f8-a9d0-3c82cf93a0aa,buei buei buei mmaa b3 ku y3n mmaa b3 ku y3n afari ooo saa na ntoma kata adieso,44,45.0,63,positive,negative,positive,positive
1f88c920-5791-4f0c-9fe1-69370734dd78,woab womu da a hmmm,44,45.0,63,neutral,neutral,neutral,neutral
0cda079c-1ffc-452e-aa84-ebd21209eaaf,yɛrepɛ sika wo nso p3 points,44,45.0,63,positive,positive,positive,positive
dd5b0232-316a-40f3-a743-1b10ac67b948,kenkey k3k3 50 gh na fufuo ne aponkyenam koraaa y3 s3n,44,45,63.0,positive,positive,negative,positive
efac5a01-60ac-4e40-bfe4-755214104498,3no de3 ne bo 33den paa ooo,44.0,45,63,positive,neutral,positive,positive
9584c703-7e38-47aa-a432-c1b098034da4,awurade nnim me din,44,45.0,63,positive,positive,positive,positive
e0aa75d5-bfe2-4dec-97e8-b0ec5d77269c,eeiii krɔnoo mu flawless victory,44,45.0,63,negative,negative,negative,negative
b1e05e8b-d10c-45f8-93e3-814a12be1808,beebi yɛ dɛw mpo onnto 25th na new year wo taadi,44.0,45,63,positive,positive,positive,positive
a9e22c2b-63ad-4f43-b5f7-cc7d5e735153,nyom fonn b3n ni mtchwww sake of noko fioo nti boys dey give am fans for comments 😂😂,44,45.0,63,negative,negative,negative,negative
72c71497-6db8-442f-aee0-210ac61a01fc,me gal de nadia alhaji ba baako p3 ne nne3ma po wo si nantwe no mepa ne nan mepa ne te,44,45,63.0,positive,neutral,positive,positive
a42f6472-c537-422d-ab99-f432b0798170,you neggas ankasa yesu dckon so kyenam ne italian beyonce 😂😂,44,45,63.0,negative,positive,negative,negative
e14e777d-430e-43c6-9932-8ccb029c5b05,3nhy3 wo ho aa kala no to enko soro ne fam,44.0,45,63,positive,neutral,neutral,neutral
b4d06dd5-ee9c-4882-8804-c7d2da4693b7,see eiiii face nka sika de3 wgyei di ko dada 😂😂😂😂😂 wy3 namin s3 nie waka 🌶🌶🌶🌶🌶 amakom,44,45,63.0,neutral,negative,negative,negative
fe79f511-5896-4e5d-b8a2-785fac9e89e1,nso menni kaprɛ mpo o,44.0,45,63,negative,negative,negative,negative
45cfcc56-2dd2-4907-9976-266b33e138d2,one minutes biaa momo nam mu eeeiii mmaa koraa beye de3n wo ghana 🇬🇭 😀😀,44.0,45,63,positive,neutral,positive,positive
cf28ebe7-3fd3-4aaf-8b9a-188209c98b71,wo maame tw3 s3 akosombo,44.0,45,63,negative,negative,negative,negative
72d400b4-db30-4b8e-a508-6237088c39dd,apuuuuuu hu bi ashanti kotoko sef,44.0,45,63,negative,negative,negative,negative
8aff53b9-d188-4b76-88c1-f583c7b5cb69,tax net no baamu na 3mom 3ny3 elevy bernard avle 2022,44.0,45,63,positive,neutral,neutral,neutral
53496a9e-b482-49a6-80e5-21313423a6a6,asem ba a nya aboter3 ooo,44.0,45,63,positive,positive,neutral,positive
a49974f0-989f-4578-9c5e-2e84646991f1,streeeeeeeeeeam dada ba bi yɛ guy,44.0,45,63,positive,positive,positive,positive
3400303f-24a6-4e35-998c-86eccbf99653,kofi kinaata okyeame kwame nana ama sneaker nyame king sark kotoko adonko kidi fameye,44.0,45,63,positive,neutral,neutral,neutral
f67c4210-e1b7-46ce-9e28-58e30998082e,wote ghana sɛ wobo golf 🏌️‍♀️,44,45.0,63,positive,negative,positive,positive
3b123dc9-473a-42e5-b28f-4194c2751690,ok but hwan na y3 ade3,44.0,45,63,positive,neutral,neutral,neutral
c6c29160-26aa-4d81-9a09-a56988e073e7,arrhnn ei 😂😂🔥🔥 sika kasa aa,44.0,45,63,positive,positive,positive,positive
101537af-6a9f-49e7-bb07-e9ff15b06e9d,aj wo yɛ biah 🥰,44,45,63.0,positive,positive,positive,positive
a3d99bcc-87ce-43c1-8d85-b788ef5990b7,name like joe wise dierr anka gyimie fa wo hu bɛn i,44,45.0,63,negative,negative,negative,negative
dd2a4a3f-db4b-40ad-ad81-92c77d2c2cec,makɔbre me moja ani atua me billslight no nso gyina so s3 kurasini ne heels,44,45,63.0,negative,negative,negative,negative
4bcba96c-75af-4c7d-a3a7-a59897c41383,sika bubra adaka teaa mma kra mo,44.0,45,63,positive,neutral,neutral,neutral
b10e5dad-17fc-4f6b-9fa8-dc3d18cda1ed,ow nti kabutey dier nka hon bi anaa 😂😂😂😢,44,45.0,63,neutral,neutral,neutral,neutral
0f0578ac-202c-40a3-be90-5f3f3c538968,jordan jordan jordan ah woteetee me oo,44,45.0,63,negative,negative,negative,negative
4c179fbe-e5f5-4d64-b613-d6ff9ab325f9,3ya wo di mi a hy3 cap❤️,44,45.0,63,positive,positive,neutral,positive
24554e32-e6e1-48fd-99ea-67726acdea56,beer deɛ ɛnoaaaa ne clɔb,44.0,45,63,positive,positive,positive,positive
68edcafc-6147-46e3-993b-0142a3a2a581,ah ah obi adi no awu hmmm,44,45.0,63,negative,negative,negative,negative
730e02ac-8895-43a9-9351-3d8b71adddca,burnaboy says wano baa na wonsa aba 🧐🤣🤣🤣🤣,44,45.0,63,positive,negative,negative,negative
1f933fee-c67a-4b35-b3dc-00e3ab834851,accra traffic 🤦🏿‍♂️ kɔm kraa de me 🥺,44.0,45,63,negative,negative,negative,negative
307ac27e-392a-481f-8bc8-ffbd5e8a3218,asakaa na 3wc so,44.0,45,63,positive,positive,positive,positive
5b6f7019-4efd-46fa-b778-ace93ee60f5d,errea washing powder wei yɛ guy dodo the errea washing powder kits in dubai this 😹😹😹😹😹 is it from atebubu ohiayɛmɔbɔ market anaa kakabo fc ayɛ mɔbɔ dodo,44.0,45,63,negative,positive,positive,positive
da8fee4b-0676-44ce-8591-a97135cd5460,agya nimo da wasɛ 😂,44,45.0,63,positive,negative,positive,positive
3ec769a1-dadc-4a85-857d-76849f6597a4,ɛyɛ ɔmona mmɔdenmɔ nea aka ne nyinaa yɛ 666,44.0,45,63,positive,neutral,positive,positive
ff6d77b0-74ea-458d-963f-61c83dee9c32,ama de asem beba o,44,45,63.0,positive,negative,negative,negative
31d5140f-3ab2-46a5-ac27-d688e65a9945,he says ad3n aponkye na 3y3 momo😂😂i tear,44,45.0,63,positive,negative,positive,positive
2b52a331-b790-43ae-8cc3-7e1c5a0f7abf,na hwan mo nie boi3 sowutuom accra,44,45.0,63,neutral,positive,neutral,neutral
16120bad-0344-4cbb-bd8b-6c6e2381fea4,mode3 no gyes3 one game amfa na dede toaso,44.0,45,63,positive,neutral,neutral,neutral
c608bd10-b77c-41a1-ab87-92ee3def719d,na wei nso y3 3din ben daabi aden wo b3 ma me aduane anaa,44,45.0,63,neutral,negative,neutral,neutral
10f1791e-b5d9-4a65-97db-324a13140ac0,y3ni abre chairmaen obiaa b3 gye ne de3,44.0,45,63,positive,positive,positive,positive
390e577d-f5b8-4631-bf98-b59abfd9c662,yɛte sika so nso ɛkom de yɛn hmmm talk is cheap indeed,44.0,45,63,negative,negative,negative,negative
f878c66f-cdfb-440f-a982-b227e731e1c2,asem o me nua,44,45.0,63,neutral,positive,positive,positive
f90614df-cc0e-4591-a26e-4b5683078f15,u ankasa u conf meditant rydee u sanna seh abi sm abi wo ni twem😁😎,44.0,45,63,negative,negative,negative,negative
2a91b517-9099-4daa-a9d4-6820d5c4fae9,na me y3 borla girl ma wo anaaa 😂😂🤨😂😂😂😂,44,45,63.0,negative,negative,negative,negative
78257733-86d3-4062-bec7-e7b039bb425c,nyame b3tua wonso kasia to 😂😁😊,44,45,63.0,negative,negative,negative,negative
8d501133-9ac6-4751-a9a8-d18ed78fe187,s3 anka social media hype nkoa n3 ma hitz s3 anka obia feature mugeez 😂😂,44,45,63.0,positive,positive,negative,positive
7e3a0772-aff1-49f2-970b-49b66e5a0d8d,madam madam madam gyaiii saa wai,44.0,45,63,negative,negative,neutral,negative
730641c6-0eb2-4185-831f-72073b33a7d4,jesus😱 sika na shi😥 maa comfort b3 ti afri ne monthly pay mu 🥺,44,45,63.0,neutral,negative,negative,negative
c1610042-cbb4-415a-8844-f73dcbedfa93,wo de wo koti ama kwasia baaa bi nti hw3 de3 wooo ka😂😂😂,44,45,63.0,negative,neutral,negative,negative
c01ed171-65e1-49c8-9684-cf7a14af5780,me na me ni oo😭😭😭,44,45,63.0,positive,positive,negative,positive
ae72a078-277e-42e4-98a5-3e1b735ffdf8,yɛntu gold wɔ wo krom nti ka nkwaseasem,44,45,63.0,negative,negative,negative,negative
4004b7eb-3f5e-403b-a411-c0f7d17843e9,ah na leila spirit paa na wa mia agu foam ne mu saa no he wan kill the sakora man 😂😂😂,44.0,45,63,negative,positive,negative,negative
bd8bd7a0-e337-4266-b9be-f23586dc7dd3,opayin gyae kasa kakra wai na ɛyɛ ayɛ anasesɛm toɔ dodo,44,45,63.0,positive,negative,negative,negative
326f39df-e5c8-4374-89a8-efac4fb72283,gyae gyae na menk bi da,44,45,63.0,negative,neutral,negative,negative
c2429a90-554e-4596-ad76-dfe1c7e7bbb8,obiaa yale wɔ app yi so 😂😂😂,44,45,63.0,negative,negative,negative,negative
b2d8a765-5dfe-479d-b2d3-e90570921226,na me nnom de3n,44,45.0,63,neutral,positive,neutral,neutral
a5772167-6379-4649-98cf-dcab535473e4,ewurade 3hu wo mbeiiii,44,45.0,63,positive,positive,positive,positive
636538b3-f1e8-4c94-997a-490b3d566b1f,ɔse ahhh hahahahaha ck paaa ahhh sɛ sɛe nawuaa formation ne tactics bɛe paaa na wu bɔ as coach 🤣🤣🤣,44.0,45,63,positive,neutral,neutral,neutral
b306e3aa-0683-4882-b67f-1756383fcc5b,nti ne nkorakora ne sɛn,44,45.0,63,positive,negative,negative,negative
2e599a64-a095-4b91-8909-769f5fd29a8e,wama me nsa 3si fm,44,45,63.0,negative,negative,negative,negative
57a0e471-2a7b-440b-9522-2a3b07d91073,de ahwease3 ay3 nna😂,44.0,45,63,positive,positive,positive,positive
e558f1b0-62d7-4171-97f6-61da99ba5eb5,anka wawu kwasia wuo y3 b3 sie wo kwasia sie,44,45,63.0,negative,negative,negative,negative
f7193238-ee54-4159-b718-f0b56faed62d,mede3 me shoa ern,44.0,45,63,negative,negative,negative,negative
5b434728-8e0a-4e37-9177-26ccbb8dae29,bɛma di wo fie asem wani tra wani tɔnn aa wobɛ nya asem asem mpɛ nipa nipa na ɛpɛ ne ho asɛm shɛ wo dan mu nyɛ saa na wobɛ ka me aa wobɛ nya asem 🔥🔥🔥,44.0,45,63,positive,positive,positive,positive
71dac9d3-df35-40d0-ad65-cd1270fc6655,nnipa y3 bad oo😂💔,44,45.0,63,negative,negative,negative,negative
4f51b74a-8ce6-4ec5-9045-fd739bc742e7,ck to kwame poku that wanhy3 goal aa meka bibiaa me mma wo mbo biom who saw that,44,45,63.0,positive,positive,negative,positive
983010be-bb5a-4b16-a1f0-30c87b36e46a,ei na wo b3 ka s3 wenni yɛ wo ya 😂,44.0,45,63,positive,positive,neutral,positive
af41c635-e4c1-412b-91b9-d2f8495f7e6e,oh s3 wode3 wo y3 chairman,44.0,45,63,positive,positive,positive,positive
12000828-456c-4009-847b-4631a68e066c,kaish 🔥 atɔ ne line so 😍😍,44,45,63.0,positive,positive,positive,positive
3f5b2b48-e13c-4409-aa07-5eafcd6e9601,berla nti 3nn3 nso wank asore eii 🤣,44.0,45,63,positive,neutral,neutral,neutral
38116763-3c5f-46ad-bf69-46589ff73cd3,kaly really for gyaigyimii na adoosoo,44,45.0,63,negative,negative,negative,negative
31b6401d-6d3d-4f99-9ba1-10dd99a3e19c,hahaha dennis no force koraaa,44,45,63.0,negative,negative,negative,negative
16b0cd47-e9c0-4938-9458-750ffbf1b36c,adwen bone nti obiaa de wire god na 3to wall,44,45,63.0,neutral,neutral,negative,neutral
3f985a4c-b3ca-4644-85f6-855767c2f434,wo rap asa wo hia mmoa was3 zoology 1057,44,45.0,63,positive,negative,negative,negative
8ba1fe9c-55dc-47fd-b2c0-f315ba3af1d4,no nima no wc 🇬🇭,44,45.0,63,positive,positive,neutral,positive
732c041c-1d28-4fd2-80d6-41a2d42040e0,yɛn ankasa no yɛyɛ dɔm🇦🇹,44,45,63.0,positive,neutral,positive,positive
b702e4f6-c568-45ba-b326-e9345852a733,theres nothing like clean or dirty money sika biaa yɛ sika hwɛ ɔmo gyimie bi,44,45.0,63,negative,negative,negative,negative
f62dde93-eb90-4e88-aa98-7a1ee947fc37,tu aduane no ase3 nyinaa ak😂😂😂,44,45.0,63,positive,positive,neutral,positive
ac0a9fd7-a2ad-4ade-8b58-74004247c91b,typical milo ball yieee yiherrrrbuei bueiyawu yawu awurade asem aba 80 01 ayem shishi3 nkoaaaa,44,45,63.0,positive,negative,negative,negative
6911311b-0a68-4944-a6b7-b48dfde07853,charlie ebi 4 oo too bad,44.0,45,63,negative,neutral,negative,negative
0f637d54-28a7-4e50-8f95-88f9c505a3e9,éy3 tsuime naa i dey see 😂,44,45,63.0,positive,negative,negative,negative
a2650b54-e34b-4e6d-a202-4e5387c61688,3y3 aa twa mi odds nyame boa 3kyina na mi wc date🤣✌🏾,44.0,45,63,positive,positive,positive,positive
30da3dc1-cd4d-4b84-b7a3-d52c75abfb8e,matɔ me ɛya wo number,44.0,45,63,positive,positive,positive,positive
2625d08e-48f1-4d8a-8b13-1ac0a44c0ec1,meda nakoma so what a bed,44,45.0,63,positive,positive,positive,positive
5869b2b0-ef0f-4388-a513-8fd5b42db75a,aane oo nana 😂😂 yabr3 ne cedi no,44,45.0,63,positive,negative,negative,negative
7f24e697-1027-4b54-a5f2-f3f12a1259ef,nti mongyae saa comparisons fon no gyimi b3n nono,44.0,45,63,negative,negative,negative,negative
9aad4580-e8e3-4043-b6e5-295e4d86e77b,nti menka ho ooo tell me,44,45,63.0,positive,neutral,positive,positive
0bc09059-249a-44bc-b6e6-e570b36c886f,ɔyɛ ɔtorofoɔ bia saa papa no,44,45,63.0,negative,negative,negative,negative
b1214702-2b00-4e90-8702-baf538a092ae,you for chopin🍆 anaa s3 de3n 😳️ene3 anka y3nkc heblews,44.0,45,63,positive,neutral,neutral,neutral
844e7984-0931-4ff5-9f61-4c69f089c241,wo mpo w3 nya visa😂,44,45,63.0,neutral,neutral,negative,neutral
eb8e1c7f-08b0-4f9e-9a56-0aa9bc208284,gyimie nkoaa aka mo,44.0,45,63,negative,negative,negative,negative
7e617da7-6149-4f24-80f2-8845f7897a5d,he lie bad wo kum apem a apem beba,44.0,45,63,positive,positive,positive,positive
0e3d330e-f7f4-40dc-ba3b-7701f9ab1069,nyame na ɛhwɛ nnipa ɛnyɛ nnipa,44.0,45,63,positive,positive,positive,positive
d230eef1-b148-46f6-aee8-567ff733bd01,ah ka na ka biomedey bore me mpo 😂💔,44,45.0,63,neutral,negative,negative,negative
cecefe45-82aa-4d05-aef4-3e8ef8de27df,woboa sega no yɛ highest,44.0,45,63,positive,positive,neutral,positive
8f682533-7195-4526-94ea-3b144d72fe54,eii na me what ado 🤦🏽‍♂️😭😭,44.0,45,63,negative,negative,neutral,negative
2a46148e-9f4d-484c-a57b-d6994edb86b3,hwan nso na ablocki me w suro h no,44.0,45,63,negative,negative,negative,negative
cfdc8f46-a8aa-473e-a4ee-8c4f1aaff138,🤣🤣🤣🤣🤣 wu b3 ka nukr3,44.0,45,63,positive,positive,positive,positive
44ffe4e4-382f-4303-8399-52db91ba9891,gyae ns3mhunu n fa wo bad luck k 😒😒😒😒,44.0,45,63,negative,negative,negative,negative
5b764dcb-cf29-40f5-a3f7-a61ab8e179a0,this match dea ewuradze boa yɛn wai enya saa dea la wu ooo lawu 🏃🏃🏃🏃🏃🏃🏃🔙,44.0,45,63,negative,negative,positive,negative
802541a4-bd9b-4341-94d2-c2e1bf814a22,saa werner no wagyimi anaa,44,45.0,63,negative,negative,negative,negative
ce61304c-bbe2-475b-98c9-734c36f9baa4,mo nnim hweee nso mo sɔre mo kasa tesɛ deɛ mo na mo yɛ floor cleaners wɔ dressing room,44,45,63.0,negative,negative,negative,negative
2f28a5be-e957-4965-9898-9bc547e5f45c,wo mpo wo te kurom mpo na wagyimi saa no 3ne3 anka wo tena akurasi anka wobdam,44,45.0,63,negative,negative,negative,negative
e000fa82-ea9a-4d65-91a2-234f60534827,na weyi ɛna mo ɛnte ebi fa,44.0,45,63,positive,positive,positive,positive
7c7fe89a-2486-4127-b4d7-1d1f74276476,adanko me ba fie setti game nu to h,44,45,63.0,positive,positive,positive,positive
ea45fa11-33bb-4de1-8bff-1c311c3d7bd2,wode b3 cheati de3 nka masturbation y3,44,45,63.0,neutral,negative,negative,negative
9da86e94-98f8-44e1-837f-f9f47517b751,de3 wo ka fa me ho no me te no tongues ~ sarkodie,44.0,45,63,positive,positive,positive,positive
f8b0cc47-b84e-488c-bc78-3471a8f406c7,amanda bu me o 😂,44,45.0,63,positive,negative,positive,positive
2eb6f574-4aa1-48e2-8e69-5ba92f6a7151,3ws3 y3de ghana ma afe baako na de y3 be national service,44,45.0,63,positive,positive,neutral,positive
30cc1f2e-1ba7-48e9-94b1-e78547ff6526,wendy wobeku me nso menwu eiiii🔥🔥🔥🔥🔥🔥🔥,44,45.0,63,positive,positive,neutral,positive
24da4ac2-e8e9-40a1-82c8-9a4f325eea59,aboterɛ app no yɛ buronii dea nti ɔbɛtɛ aseɛ akyɛn bibinii,44,45,63.0,positive,positive,positive,positive
117b65d7-dce8-4e1b-b257-b8031853d079,na mi y3 dien nii,44.0,45,63,positive,positive,neutral,positive
c1c80cd0-24c2-4c21-946e-fd6e598078b9,hahaha club ne pork de3 combination nu y3 kama paaa o,44,45,63.0,positive,positive,positive,positive
705e9c27-2b26-4c65-8b73-67187aae09de,wo gye die anaa,44,45.0,63,neutral,positive,positive,positive
5fa8a058-54ca-4f9c-8fd9-297db3e2644c,eiiiiiiii nti wo gyae gyimiii no kaly,44,45,63.0,negative,negative,negative,negative
afec8ca6-03bf-4e32-944a-6c9efc28934c,10 goals ad3n wagyimi anaa,44,45,63.0,negative,negative,negative,negative
f4df1ac7-c585-41f2-84b0-48361cab5e2c,this kantrɛ ankasa nu ɛyɛ joke 😡😡😡😡😡😡,44,45.0,63,negative,negative,negative,negative
9b3a0dec-67b2-4342-9d76-6063413adbc1,woboa sika duro no de3 you gyii dadaaada,44,45.0,63,negative,negative,negative,negative
54f2c98d-38cb-4191-894c-edeabc1b19ec,masa pijin come still be come na fa woni twaaasidi fri ha kɔ,44,45,63.0,negative,negative,negative,negative
75753c4c-d2d6-492d-b753-40ab85b6896f,de3 33y3 me de3 3y3 me 3san y3 me y3 me yie 💨🔥,44.0,45,63,positive,neutral,positive,positive
14eeb9b9-d4a5-4f55-bf13-d3f0454fb42f,wubisa question hunu aaa answer hunu na wunya,44,45,63.0,positive,negative,negative,negative
d6a5394f-2088-4395-9732-dce35508b637,ei ruth ne brofo dier,44,45.0,63,positive,negative,positive,positive
0d225696-2ae8-4485-b81a-25b6a98d3ea4,herh chale mmaa wɔ nkran mpotamu ha o,44,45,63.0,positive,neutral,positive,positive
72b8bdd3-be68-4601-a4e5-1cf151ca794c,😂😂😂😂😂 wei wei yɛ de gye cup,44.0,45,63,negative,negative,neutral,negative
e8a2bf9d-9300-4570-97ac-b5cc62cc1abe,nyame nka yen nyina y3n ho 😂,44,45,63.0,positive,positive,positive,positive
f8f937f5-56d0-4116-adc1-9af277aa3e87,waaaa see gyai saa,44.0,45,63,positive,neutral,positive,positive
a3fbbc17-98e3-4942-baf5-f0a459ff3b8c,hwɛ 😂😂😂😂 agorɔ wɔ wani so,44,45.0,63,positive,negative,negative,negative
49d7d9e2-5ba4-4db6-a148-8d2e5b5946ff,benevento are beating juventus in turin sika no ahye anaa,44,45,63.0,negative,negative,negative,negative
4e29d681-c1e0-421e-ab32-c95c513a548e,gyae 3nnka saa biomu😂😂😂😂😂,44.0,45,63,positive,positive,positive,positive
86bbd407-19ae-400d-b6e5-2286e583c84c,saaa gyimi na 3bi gyimi waha no dei mongyae as3 ebi tweet aa womo think fri womo trumu ny3 wcmu adwene mu,44.0,45,63,negative,negative,negative,negative
b36fc0fb-f00a-4fe8-87d1-f9be7202f194,loool yebe ye nea ese,44,45,63.0,positive,positive,positive,positive
b8b0ab08-cef6-4a14-81bd-c47988a79ca2,ad3n say cheese 3y3 hymn anaa,44.0,45,63,positive,neutral,neutral,neutral
0eede68d-4b0e-4b1b-8c79-ae731985cfef,3nie wode ka papa wo sika no ashi,44.0,45,63,negative,positive,negative,negative
aaa93897-2737-4dc9-9cb8-a55205f13471,buy from trusted sources only guys mendi falaa etsi ento wo sika engu,44,45.0,63,positive,positive,positive,positive
13492e92-fdb6-4e4f-be83-4fb1f530094e,wo ne wo crew no nyinaa mo y3 mmoa,44.0,45,63,negative,negative,negative,negative
57fd1042-27f9-4c0d-9283-72942ffff4fa,facebook de asem b3ba,44,45,63.0,neutral,negative,negative,negative
d98214a1-63b0-47f9-825e-0ca771fefca8,etouch am he com beg u still dey fuu wagyimi aaa na y3ti wo ho u den dt skuu gers all for that station der moagyimi gyimi mmoa,44.0,45,63,negative,negative,negative,negative
0dbd8bff-df9b-483d-a063-596e2e7ac56b,eeeiii me de3 wen 😄🥺,44,45.0,63,positive,negative,positive,positive
c2411fa8-8441-442f-9560-5e3ee7b7cf75,odo mu nsem keka wo falli a to wobo ase,44.0,45,63,positive,positive,positive,positive
29750921-2359-49c6-9ce4-93ace3ebaa6e,na that rodriguez no de3 gyimi saaa,44,45.0,63,negative,negative,negative,negative
36418ba3-2aa5-4c62-a87e-20a9f52dfe4b,gyimie saaa na woa wu kwa 🤦🏾,44,45.0,63,negative,negative,negative,negative
d96e7e36-bfb8-4610-8be5-808a9da5faa3,obidi nyame ntua wo ka na wo to nss😂😂😂 bysarkodiebayla trap,44,45.0,63,negative,negative,negative,negative
bc9b5b4b-2fa6-4479-8749-108fc164d93b,meguso b ooo nana me sika nso twitter perfume no bi,44,45,63.0,positive,neutral,positive,positive
9cff767d-9607-40fe-9f36-33fbaa5f0076,ɛyɛ wo fɛ nanso yɛ frɛ demo a wonkɔ,44,45.0,63,positive,positive,neutral,positive
6c61011b-b3be-4ffd-ba26-fb9e1c663d25,money oo sika nti na shatta dey feel say everybro dey lick sand sika nti ombu nnipa,44,45.0,63,neutral,negative,negative,negative
b3d4f5da-2866-467b-a670-364566a861cf,10 peswas koraaa i go take,44.0,45,63,positive,positive,positive,positive
1697c43d-3de4-4c78-9b97-af689470a30b,nti na 3nky3 na mua wo no ooh nyer bibiaaa,44,45,63.0,positive,neutral,positive,positive
357f9adc-70f3-446b-be12-70e3cbd31b48,asem yi di ka wo ka sua atem didie nkuaaa,44.0,45,63,positive,positive,positive,positive
7a2eb6da-3d23-4ef4-8646-e05666642cc9,nyame nhyira wo pii,44,45,63.0,positive,positive,positive,positive
db4c2152-376f-4c83-a2a2-4a06cd3b239c,na infrastructure nu wɛ hi,44.0,45,63,positive,neutral,positive,positive
89aa156e-23a3-4211-b77e-9fe4afb52c95,edilson p3 dede nso wob3kcm koraa na mmcdenmmc wc fam i trust abou,44.0,45,63,positive,neutral,neutral,neutral
6885c6c3-66d3-4e80-a720-308d8fc4bcb5,ni hu bi mtwee 😏,44,45,63.0,negative,negative,negative,negative
a8a56c31-7221-4b04-9558-c1d9040ca21c,😂 😂 3y3 me huŋ mpo,44.0,45,63,positive,neutral,neutral,neutral
cc675ebb-bced-4a69-8c42-93c8cc8b906b,saa nkwasia nnwom no be rap,44,45,63.0,negative,negative,negative,negative
ed89caa9-a024-41a6-84a3-a75dbe81ea9c,s3 gyimie paa nie nyansa baako p3 mpo sei nni wo tri mu,44,45.0,63,negative,negative,negative,negative
46785fd7-dd1a-4008-8921-b296aeda41b0,masa mo nte ka no ansa na refree apɔn ooyoo,44,45,63.0,negative,positive,negative,negative
57b2e8ef-b843-4609-adb0-6556bb15c26f,mi tu ky3 pafuu ma wo,44.0,45,63,positive,positive,positive,positive
940a8b27-d9ba-4219-9362-4963b159a920,jimii think na wagyimi,44.0,45,63,negative,negative,negative,negative
70fa0dfd-b3e5-4dc2-9dae-aa806902457b,abu abrɛ wo nsa ano ooo 😂😂😂,44,45,63.0,positive,positive,negative,positive
341970d1-2cda-4cdb-8026-ec216516fbff,aben da 3b3san aben biom 🙏🏾,44,45.0,63,positive,positive,positive,positive
4f437cb7-f632-49d8-bd64-a9d699f61d37,ohia tua aknode3 afei nso s3 wontoma tete nso aaa yaaa na agor ny3 wo d3,44.0,45,63,positive,neutral,positive,positive
64479abb-bbb9-416d-868b-415ecf156506,mo na mo b 😂,44,45,63.0,neutral,neutral,negative,neutral
d4cf89a7-8a06-41f5-a7c5-14ca61ff5646,ɛyɛ wo sɛ wo ne ehiafoɔ na ɛnam me borga akasa 😂😂😂😂😂😂,44,45.0,63,positive,positive,neutral,positive
2104cb3a-269c-49db-8ad7-3be024662eea,akwadworo honhom na edware wo s3 geisha no gyae 3nny3😂😂😂😂,44,45,63.0,negative,negative,negative,negative
36d3b397-abf6-4055-a7c6-e9b804fc86f2,aboa bi ba woni twasidi kankan,44,45,63.0,negative,negative,negative,negative
b5b6347f-d1ac-4e4c-9f04-14dfddc34394,gyae ns3mhunu n fa wo bad luck k 😒😒😒😒,44,45.0,63,negative,negative,negative,negative
a24d3a3f-4116-4987-a843-26f07b075d5f,mtcheww sei na nnwom te3,44,45,63.0,negative,positive,negative,negative
acc6dda1-8b55-4348-8bd9-4b1a1e5a5f5e,masa masa gyae na ass deɛ wo nya aaaah nkanka when its soft chaaaaiiii😉,44,45.0,63,positive,positive,positive,positive
34a73145-8da2-48f3-81cb-6bd662eea366,hwan ba nie kasa by stomach s3 heart nso o,44.0,45,63,negative,negative,neutral,negative
5521c695-e02a-4e04-bff3-72e1338d581c,otanfo ne yanko n na y3 ma nyanko oooooo is main judas br3da your punchlines that y shatta was delivering on stage 🔥🔥🔥,44.0,45,63,positive,neutral,neutral,neutral
e6e78b0a-5de6-4841-a2f2-ae00ef4403e7,ei adwuma no asi,44.0,45,63,positive,positive,positive,positive
727a5fcc-bb2e-4b53-9c63-d8d93074dc21,akoa yi nnim ball b xavi then iniesta take my man ein shine all,44.0,45,63,negative,neutral,negative,negative
0ae2ab5c-0eaa-4917-b43e-067d25b07a87,ɛyɛ afutuo sɛɛ seisei yɛretɔ nnoɔma ɛwɔ hɔ aa ɛwɔ sɛ yɛ bisa na yɛ hwehwɛ mu yie menua,44,45.0,63,positive,positive,positive,positive
14151ed9-bde7-43a7-a9fa-cb9eae0429ea,sister efya waha me papaapa,44.0,45,63,negative,neutral,negative,negative
c0bf57b6-641d-451e-809d-0a922adbb33e,aha yɛ kwan ho😅,44,45,63.0,neutral,positive,positive,positive
4ffe4a7f-7aef-4c65-9b60-533d32f9ad08,twitter de3 obiaa ka foo o😹,44,45,63.0,negative,negative,negative,negative
9909df75-4d5b-4076-bed5-1c558bc6e9dd,masa masa gh fa mgt has messed up more time ooo fa wo gyimmie ko,44,45.0,63,negative,negative,negative,negative
3c2c8dbc-c8be-4193-8f58-9e4ae8dd9aff,wo nnim nyansa na wo papa y3 ohiani aaa wose wop3 sugar daddy😑,44,45.0,63,negative,negative,negative,negative
d10f0149-780d-45e1-9288-0ca24a2f3792,eii anaa my eye noh gud 😂,44,45.0,63,neutral,neutral,neutral,neutral
bc500fbb-8214-43f4-a219-e218660af103,tuchel nso da gyam anaa,44,45.0,63,negative,negative,neutral,negative
c409d689-7992-4760-aaad-71cd25c60788,wo din ne wo honam s3 wodi ohia na 3ka ns3m hunuohia ye forkin ampa,44,45.0,63,negative,negative,negative,negative
aab929bb-7cb4-4606-ae59-f7e17b6cf853,wonuaitaly da f3m 3ka mmienu oosika nahye,44,45.0,63,positive,negative,positive,positive
97e1bf00-7a71-4c22-8f73-c29dd0d3b0d2,😂😂😂😂wo yere ketewa no ho y3,44.0,45,63,positive,neutral,positive,positive
2bda727c-0a20-4ac1-8164-2c271add8646,you baarb😂😂😂😂 tiwuii ne ahantan,44,45,63.0,negative,negative,negative,negative
42b4bf32-9335-4fb6-89db-67c0b42077e9,but agradaa ankasa ne trim b3y3 den oo hw human fi fake so,44,45.0,63,negative,negative,negative,negative
e49130a8-376d-4170-b82a-0fbb854bb3ed,my king oyoko piesie krobea asante kotoko hene otumfo wo nkwa so daa,44,45,63.0,positive,positive,positive,positive
0b2d3574-57ee-4da3-91f6-340613bd321c,wo b3 yali o yoo 😂,44,45,63.0,negative,positive,negative,negative
b3a409c4-6fce-4c8a-9dd2-45324bc731a0,papa naaa fa days no ni ka ho 🤣🤣🤣🤣🤣🤣🤣🤣okunupa afutuo ka no nyinaa,44.0,45,63,positive,neutral,positive,positive
84d03183-a71a-4aff-8b48-57929a889204,wo no no ooo 🤩,44.0,45,63,positive,positive,positive,positive
580ae209-7ff5-4c8f-8603-41e005f0b389,nanka young gentleman nso de3 fa woho b3n team fooo saaa,44,45.0,63,negative,negative,negative,negative
4d5e3206-c48d-4cb2-85f0-4c6a22282acf,power rangers koraaa dem catch am na,44,45.0,63,positive,positive,neutral,positive
dd094975-463a-4cbd-9948-514f71c1098b,ahofe dua baako p3,44,45.0,63,positive,positive,positive,positive
7727a865-6f54-4e83-92b3-d6c6edd5dd91,so yesu paaaa wey dey support gyimie saa no😂🤣,44,45.0,63,negative,negative,negative,negative
d1832e8a-b009-4f6a-a282-7b6d36441a84,peer pressure nti nka nifrani de3 spectacles fa woho b3n 🤣,44,45,63.0,negative,positive,negative,negative
f891d1b5-ec83-41ee-a0c3-bf546197fcfd,mo nsusue3 nyinaa b3b mo tiri so,44,45,63.0,negative,negative,negative,negative
99b3264d-4e96-4ebb-bb9a-7455d7b0ccf2,herh sika p3 den nono,44,45.0,63,neutral,neutral,neutral,neutral
c1091423-30ab-4a47-a619-e9b7f66a2722,amewoyikope da basic school,44.0,45,63,neutral,neutral,neutral,neutral
c3317af6-50ea-441a-9a02-42e8a3f823ef,enti heaven yi wo b3 ko bi dierr,44,45.0,63,neutral,positive,neutral,neutral
6bd10c2e-b7bd-40dd-a47e-1b491b493455,ka na ka biom oo 😂😂,44,45.0,63,positive,positive,neutral,positive
4e1c8dd9-7a6c-4b49-9fab-e74f4d9d3618,mongyae me na mento madonko pa bi,44,45.0,63,positive,negative,positive,positive
c8da2762-a2d3-4bcb-af2e-0a68d5b6134c,eih kwaku frimpong de asem beba o 🤦‍♂️,44,45,63.0,positive,negative,negative,negative
3f323bb5-7b84-4e1a-ae2a-2f5c4123f6fe,ka na ka biom😂😂😂😂 nanka mede3 ni diana asamoah,44.0,45,63,positive,neutral,positive,positive
053e5f42-aec7-487b-98e1-333dbb49f19d,s3 sunyani ha dier my first copy book ne tomato stew na y3di w ha saaa mo gyimii no,44,45.0,63,negative,negative,negative,negative
a54b09d7-1509-4872-b2ea-2b77ef05ae82,nana kasa na nsu asa😅😅😅,44,45,63.0,positive,positive,positive,positive
54831b25-c26c-430d-b762-7b5431806642,mensuro seb na m3suro neho mma stream kankye ft x,44,45.0,63,neutral,positive,positive,positive
e388f5ec-1ac3-441a-b99b-03e8c5498e49,charley me mmom dierr hmmm,44.0,45,63,positive,neutral,neutral,neutral
a2d5ab78-183e-46c4-93c2-80f16f9b8e30,ebeii u de do plenty oo lol,44.0,45,63,positive,neutral,positive,positive
30712bba-bd18-471b-b01c-d83fa6484398,wo ti awu forken wo,44,45.0,63,negative,negative,negative,negative
bbe427da-f1df-488d-ad83-3670487fb562,mepamoky3w first seat momb su kakra obi besi wo eha yiaa 😂😂😂,44,45,63.0,positive,neutral,positive,positive
35baca98-c5c0-4191-9113-9adea2809802,lol wahu jodel gyae ka kraa😂😂,44.0,45,63,positive,neutral,neutral,neutral
258c0d85-29de-4dbc-b1c7-5fcd1a892d5c,meek uni meek uni ninyinaakye waakda✌️✌️ eyy kofi dagaati ne ama chinchila 😂😂💔,44.0,45,63,positive,neutral,neutral,neutral
07b2fa7b-68ce-499e-8e42-50120ebfeb7b,aseda ben na mefa ma awurade 🙏🙏🙏🙏,44.0,45,63,positive,positive,positive,positive
ccb08eb7-d555-4b0f-a3f6-3d1ee2353402,remontada 3noa nie oo anaa meyale 😂😂😂,44.0,45,63,negative,neutral,negative,negative
67bc9be0-4f19-42f8-92a6-2c0451fc1650,anadwo biaa gyes3 wo we kalawele o asugyafo awurade nyankopn nhy3 mo den paa sugyani asem mekas3 meekaa ade3 b3kye asa ade3 b3kye asa nkran dokono de3 aben ne de3 anben banku de3 aben ne de3 anben paa herh nkate nkwan bi aa ada obi kdi y3 paa,44.0,45,63,positive,positive,positive,positive
22be683e-1ac8-4bb0-b37c-54ea44fd8d0e,yɛpɛ asikafoɔ mma ne ɔmo abɔ bra nanso awiemfoɔ mma nso ɛhoɔfɛ dɔdoayɛ asɛm oooo,44,45,63.0,positive,positive,positive,positive
f8e1b708-00e4-47da-ab2f-b8e7632e7c24,odo y3 d3 sen sika 😹😹gyimie kasa sei,44.0,45,63,negative,negative,negative,negative
8d902dfc-82f0-4cff-a8a5-e6166ffd4d6f,ah na wagyimie anaa sika nu ashe 💔 fa wo kwasea ko oooo,44.0,45,63,negative,negative,negative,negative
0001075a-dadd-4355-acd4-9991cb7330be,asofo nu agye sika,44.0,45,63,positive,positive,positive,positive
b8069fb8-e0ea-4fb4-bbc1-670ea44d7c8d,sister bipolar u say 😂 akurase huhum na afa no,44,45.0,63,neutral,negative,negative,negative
14d2729a-1f4b-47fc-b4e8-93b532af3007,wo ne wo boss no mo ɛyɛ ayɛ opportunistic foɔ 🙄,44,45,63.0,neutral,negative,negative,negative
7b6b08d8-05cb-496a-93d9-75a3e9aa04fd,why you bi sakawa boy anaa,44.0,45,63,negative,negative,negative,negative
3be15632-b22b-433c-a6f4-7970baa39924,hahaha club ne pork de3 combination nu y3 kama paaa o,44.0,45,63,positive,neutral,positive,positive
ad092c95-5397-4846-aec5-1fb898e3909c,sebor bars mu bars asakaaa movement 🔥🔥🔥🔥🔥🔥🔥🔥🔥🔥,44,45,63.0,positive,positive,positive,positive
594291b4-68c2-4d20-b852-c9049a957369,awurade y3da wo ase,44,45.0,63,positive,positive,positive,positive
3a5520f2-6e9b-4912-b755-f8c31df16cae,tugyimi fans adwuma aba oooo,44,45,63.0,negative,negative,negative,negative
7010aef3-66ce-4e7d-a9c2-3db8b11c0f8b,kofi way3 yawa oh wo team no ay3 beans,44.0,45,63,negative,negative,negative,negative
b2e2570e-3ba8-40d0-9c07-82776b4d3f9a,sister 57million ne master bedroom wowie aa wasanso aka nkwaseas3m oh ghana nka as3m no w ahenfie nanim nyinaa ahonhono,44,45,63.0,negative,negative,negative,negative
dfa2809d-bba8-4239-8bb6-02af72896e90,obatanpa a wo ka y3n fam wo bo ma yen nnea 3hia y3n 3n3 ne daa nyinaa 🙏🏾,44,45,63.0,positive,positive,positive,positive
30d75c7f-b6ed-4ed1-9b23-c906b65c3507,masa masa fawo gyimie kc 3b3ka bi gyimie mi,44,45.0,63,negative,negative,negative,negative
e75e786b-0c7a-46d5-abb8-b0f37babc908,internal medicine deɛ magic nkoaa oo,44,45,63.0,positive,neutral,positive,positive
ebf9280a-1c65-4768-ad97-1c7943fee9fe,fake life nti agyeiwaa k back to kumasi 😂,44,45,63.0,neutral,neutral,negative,neutral
76264814-c69d-49c4-a46c-b8afcee17bdd,de3n na waka no bebreee sei,44,45.0,63,positive,positive,positive,positive
fdac79fb-868c-446d-a57b-e50acbb58545,ewiase aa wo bae kwasiasem nkoaaa,44,45.0,63,negative,negative,negative,negative
4e033437-1094-4d4d-a210-05871e82858f,igp gyae shi na nom akpeteshie samini apio de3 3ha yaa apio de3 y3n kye 😂😂😂,44.0,45,63,positive,neutral,positive,positive
1e43f3d8-7a3d-4633-bd30-b046fb511ec6,nana nso ɔpɛ kasa oooo,44,45.0,63,positive,negative,negative,negative
2223d9b3-fd46-46f1-a807-d5a15e119388,mo mma yɛn advance show🤣🤣,44,45.0,63,positive,positive,positive,positive
a66c9c9d-eedf-4302-abc4-523209c01237,3t koraa wo nya,44,45,63.0,neutral,neutral,negative,neutral
90558552-6932-415f-8de1-19999d018947,3nne3 ahye wo paaaaaaaaaaaaaa,44.0,45,63,negative,positive,negative,negative
b81c308b-cb22-4047-ab71-e0dcaf335ea0,ah boy wei nano y3 kati kati papa,44,45,63.0,positive,positive,negative,positive
5be93cfe-0f89-4b29-a0c5-e1b27c6dd37f,ei na kwamenas de3 nufuor fa wo ho b3n,44,45,63.0,neutral,neutral,negative,neutral
3a518e3b-ee3a-458e-9e56-ceca25357113,but ghetto ohia akyekyere y3 te s3 wire,44.0,45,63,negative,neutral,neutral,neutral
4758c3fd-5917-4f52-a1a1-18a887469a2a,wo yonko abodwes3 33shi aa na wa san nsuo 3si wo de3 so fa cup yi ay3 d3,44,45.0,63,positive,positive,positive,positive
2c7eff3c-bac6-4538-b550-7932650be3ab,wani bey3 wo ya,44,45,63.0,negative,neutral,negative,negative
8375da02-ff51-4ad9-8983-4439a8cc9feb,ei woy3 spokesman anaa 😂,44,45.0,63,neutral,positive,neutral,neutral
39a25460-047d-4db6-84bc-b80838a5f491,masa t boordi3 5gh nkosua baako 😂😂😂😂😂😂,44.0,45,63,positive,neutral,positive,positive
52cd5041-246e-4184-afa2-896ec3ada51a,team no agu ooo😢😢,44.0,45,63,negative,negative,negative,negative
c6dcd1ca-5bc7-4c0e-9b3a-b7b9e2ce3e45,😂😂😂 kyerɛsɛ hearts deɛ mo nnim hwee yɛ team bɛn koraa ni,44.0,45,63,negative,negative,negative,negative
cd03b2b1-65d5-4f58-847a-7f4bd01b890d,me bl3 oooooooo me bl3 papa,44,45,63.0,negative,neutral,negative,negative
370e48c3-4fda-413b-9c9a-0ba34e41ed9a,eiii he bi student anaaa,44,45.0,63,neutral,positive,neutral,neutral
2d1528ec-5419-449b-bfa5-b4677407b7e0,ɛtoɔ bi paa aa mahunu no wɔ kurom ɛnɛ no ɛky3n e levy,44.0,45,63,positive,neutral,positive,positive
60f76656-249d-4053-828d-338196b50b40,asem b3m koraa ni you too talk 33,44,45,63.0,neutral,negative,negative,negative
b38c13f4-5f0c-40ea-b0e0-c1b0655e619c,na you dier always critics naa akoa agyimi,44,45.0,63,negative,negative,negative,negative
7b1a4e01-617c-4239-b7dd-701ee96a0b75,wo ho twa ankasa,44.0,45,63,positive,positive,positive,positive
c179b78f-fb59-4bb0-85e1-9d77dce50bcc,hhmmmkɔte yɛ aboa ampa,44.0,45,63,negative,negative,negative,negative
457220df-b79f-4b47-8d5e-2b41524e6cce,nyame na agye mo 3ny3 saa enka agenda paaaa 😂,44.0,45,63,positive,positive,positive,positive
e9371ae3-72f9-4fbf-bba7-1bede0c378d2,sika y3 sika legitimate ansas3 blood,44,45,63.0,positive,neutral,positive,positive
b5eb6fc0-24a1-47eb-a56d-e22c315fc6c2,daakye bi ɛbɛfa ama wo🙏🏻,44,45.0,63,positive,positive,positive,positive
c4771204-73a6-4d61-9f9b-4faa02459feb,s3 dede se b3gye arhh 3yaa tie ne din dede nkoaaa 🤭,44,45,63.0,neutral,positive,positive,positive
dcabcc20-2fd6-4102-bc03-6f666d46d4a5,oya kowa kye kakra 😂😂😂 afe wu nay naaa😂😂😂,44.0,45,63,positive,neutral,neutral,neutral
953d8afb-7b10-4c4c-9905-cab9dcf2e11a,suro nipah na gyae saman,44.0,45,63,positive,positive,positive,positive
2c5f722c-914f-4edf-9a3c-b44fe4033d6e,ne ho fon saa no😂😂,44.0,45,63,negative,negative,negative,negative
bcc7b895-e3dd-4187-9f3e-173f076e9a74,me bo efu paa😂😂,44,45.0,63,positive,negative,negative,negative
287f94d9-b8bd-419d-9e78-22be6c0f2390,na wamuna sei yi err 🤷‍♂️,44,45,63.0,neutral,neutral,neutral,neutral
6762db7d-a1c4-468d-830a-7251bde982e4,fri sɛ yɛ nyame nna yɛ o yɛ borga maa yɛ yɛn anidasoɔ nsaa yɛ adeɛ nya saa yɛ yɛ nyame nna yɛ o yɛ borga maa yɛ yɛn anidasoɔ nsaa yɛ adeɛ nya saa yɛ ei,44.0,45,63,positive,positive,positive,positive
374d677f-b882-4a5b-a955-f50a7c5ec7b2,didi me botom ft oseikrom sikani official music video,44.0,45,63,positive,neutral,positive,positive
fb97ff72-28c3-42f8-b0aa-23f583d83d67,woha woho agenda fo yi,44.0,45,63,positive,neutral,neutral,neutral
ca766b76-3aa3-41b6-a5fd-42fb7210f0b5,against bi y3 d3😂,44,45,63.0,positive,positive,positive,positive
81500bcb-9969-4e0d-8f6c-afc5766290ee,st charles lwanga boys ankasa deɛ big things nkoa 💛💛💛,44.0,45,63,positive,positive,positive,positive
d3846396-08a8-48dd-85af-95c195c8fe95,ay3 ka wonna enemys get we ooooo 3ny3 nkwasiafo politicians yiaa anka alatafo nso y3 nipa,44,45,63.0,negative,negative,negative,negative
b1e18d3d-ac6c-48bd-8a58-a50c9011b9ea,woboa 😹😹😹 adwuma adi wo 😂,44.0,45,63,positive,neutral,neutral,neutral
531e1a9e-d517-4c8b-ac1c-6277ebd96ead,awurade sika mawia yi ma ntumi ndi ansa na mawu,44.0,45,63,negative,positive,positive,positive
536f141b-f0b7-40e3-af70-fe1266d894a7,masa wo pɛ two shots dada 🤣 🤣,44.0,45,63,positive,positive,positive,positive
3a82c3c9-1ee0-4efa-a9eb-8124bc59fb5a,ama ooo ama oooo,44,45,63.0,neutral,neutral,positive,neutral
9fade313-69a0-407c-ab45-72308d50bd83,susu pu wu tu wai na y3n ni bi saa 🤣😂😂,44,45,63.0,positive,neutral,positive,positive
a47b7ab3-7bc6-4aa3-846d-e44c1027442e,wei deɛ ntakra nkoaa o,44.0,45,63,positive,positive,neutral,positive
6a7f3e7f-54fb-43aa-ada9-0098549ced6a,oh tsw dierr hoh tsw ya register wiasim ha niama nyinaaasika sei saaa ghana beyond aid no registration faho b3n,44.0,45,63,negative,neutral,negative,negative
e8522917-824d-4644-aae7-5c619341e75d,asem na wo b3 ka 😂😂😂,44.0,45,63,positive,positive,positive,positive
cefd1d4a-6db0-46f4-a901-c55b5340e7ed,masa gyae jon nu na y3n ka twi,44.0,45,63,negative,negative,negative,negative
978a132d-d8b7-496a-9d07-0d0d98a91be5,obrapa gya owura kwan,44.0,45,63,positive,neutral,positive,positive
27d32a56-ef71-4dcb-bacb-4b8af1572e8c,hmmmmmmm sɛɛ wo sene wo yɔnko a ɔtan wo alhaji grusah ne monkusa mo bankye na yɛ bareɛ ɛnshe sɛ anka monnim ho a anka mo dua aporɔ,44,45.0,63,positive,positive,neutral,positive
d3250daa-0346-4e06-bc38-6f6b43cd162d,hwan ba 🤣🤣🤣🤣 oy3 hustler koraaa tsen me,44,45.0,63,positive,positive,positive,positive
2080fcd3-1b84-475d-b4d8-6c0fe6317928,ei 😂😂😂😂siaw and ama serwaa,44,45.0,63,positive,positive,neutral,positive
7692f0fd-a679-4121-aae2-6e7cf84dc44b,wagye sika no nso oo🤣🤣💔🤣🤣,44.0,45,63,positive,positive,neutral,positive
c34b8215-6514-4ef9-82f9-e94880e3d51f,wo yale oooo eiiii 😂😋,44,45.0,63,negative,negative,negative,negative
3bf1255e-7f97-4545-a1b0-db1b1a5c591c,maame wo y3 buei😂😂😂,44,45.0,63,positive,positive,positive,positive
b13e17ad-40cf-42f5-9e2b-45361ef8f469,y3te sika so nso 3kcm de y3n,44,45.0,63,neutral,negative,negative,negative
c16fd1dc-7670-4444-a2f1-16886d5c94ce,yε sen obiara or yε sen wɔn nyinaa concatenated forms in akuapem twi yεyε no yiye sen obiara or yε sen wɔn a aka no nyinaa expanded forms in akuapem twi,44,45.0,63,positive,positive,positive,positive
53a26173-31e5-40df-b9b3-d65d7fabf252,wa twa ntoro adadaa ghanafo saa wode aduro nyamekopon so asere twa mu de3 ghana mpanimfo ho bekyere wn papa,44,45,63.0,negative,negative,negative,negative
dedfb780-a986-40a0-bdf3-a561feb46e1a,gyimii saaa ne otan hunu nkoann,44,45,63.0,negative,negative,negative,negative
ade3d5ae-8c52-4770-8cc2-ea80dc70a8d0,me number y3 ak0006915 wo nso wo die3 no y3 s3n walk the talk kasa ye mnframa,44.0,45,63,positive,positive,positive,positive
8ab6f115-5145-475e-aa10-c57e34977c94,eii eii eii gods nu nso fi hin lol 🤣,44.0,45,63,positive,neutral,neutral,neutral
88790456-1fce-40d4-89b9-b200b03c250b,hmmm ɛyɛ asɛm oo bra,44,45,63.0,positive,negative,negative,negative
5eb8bb9c-862b-4c6a-af82-e299b4d885ea,nti niaa wo kunu 3ka yi 3t asoum mo bo yen abro ooo,44,45,63.0,negative,negative,negative,negative
e50729e5-37ba-497d-9a20-b36a515b401e,maame to wo bo koto h bie so,44,45,63.0,positive,neutral,positive,positive
d9c120bb-3dad-47c1-8b88-5a1892e3c7f0,2sure awe kraman kɔte 😂😂😂 adwaman ayɛ no sɛ 3kuro ne asaawa,44.0,45,63,negative,negative,negative,negative
7c669c6a-e1d1-4264-a3d9-1db6015b76ce,this is catarrh one billion hundred thousand yɛ ka ne sɛn one billion yɛ ka ne sɛn wɔ twi mu umofia archbishop 🤣🤣🤣,44,45.0,63,positive,positive,neutral,positive
44abee99-0156-4d14-a631-599c1d8ca31c,ka wo deɛ bridge no abu agum🤣🤣,44.0,45,63,positive,positive,neutral,positive
434998d9-b4bf-40c4-83f7-97eb78a7aae1,alonso den sarr wann kill me eiii,44,45,63.0,negative,neutral,negative,negative
f7590a16-90c2-4d73-8b79-ec247e6e617f,eeeh 3hu oooooo🥺🥺diaa football de b3ba,44,45,63.0,neutral,negative,negative,negative
ea08e508-1f11-4af3-a6cb-069c1e770a9a,klopp how ne sɛn,44.0,45,63,negative,negative,negative,negative
e39dccdc-4351-4a49-b6c7-2c29be53652e,onua gyai nkwasea keka no😂😂😂,44.0,45,63,negative,negative,negative,negative
78fdea45-0b08-49d3-bc82-bcef51fd10d7,kwesi gyae saa na abaayewa no bɔ neho mmɔden yie ankasa,44,45,63.0,positive,positive,positive,positive
a880c10e-2ea7-4cdf-ac58-8e881b6d9c5a,wude france tua tua ya so😂,44,45.0,63,positive,negative,negative,negative
a24b4af4-dcf0-4529-af39-0305c347d4a6,modi33 kyeres3 gyimie saa monsua nyansa jay z of what africa kwasiasem kwa,44,45,63.0,negative,negative,negative,negative
a9a9739f-bbd8-4f96-a60b-fc54affef993,nyansa bia ni saa akoa no tirimu,44.0,45,63,negative,negative,negative,negative
668faaf4-f974-4852-aaee-15d90f00031c,adi3 no ankasa ay3 k3se eii 😂❤️❤️🔥,44.0,45,63,positive,neutral,positive,positive
79933a45-fbb4-4329-a1df-756ac6c4de23,te amo kinda difficult lol 😩,44,45,63.0,negative,neutral,negative,negative
63369549-0460-42af-b589-0592b3954575,y3ny3 baako y3 ny3 mienu aha y3 y3 apem ne faŋ y3 fri kokoben kɔ y3 bad things be wɔ afumesua wa koma sua endi mekyi koti baa ma gye sa nnika no da me ha nso wall no na metwa 🔥 🔥,44,45.0,63,positive,positive,neutral,positive
bede0a14-cdae-439a-a2bb-f48b733d85b2,lotto kwraa metwa na bet🤗,44.0,45,63,positive,neutral,neutral,neutral
6938d07a-8e61-414b-aad1-ac3dbc2f716e,chairman u bore bi sei😂😂,44,45.0,63,neutral,negative,negative,negative
40ba10f5-85eb-4e8d-926a-b597120ad760,eei 💔 kyeres3 mi dier meye ntsini kraa ma yera mu,44,45.0,63,negative,negative,neutral,negative
d801290d-fee7-4274-bafa-6a07725c2f3b,mo phone so de33 pono nkoooaaaa,44.0,45,63,positive,neutral,neutral,neutral
d647e21b-b946-4e28-a695-5b5a82bd789b,mepamoky3w first seat momb su kakra obi besi wo eha yiaa 😂😂😂,44,45,63.0,positive,positive,positive,positive
5331137a-0076-452b-b8ae-3b9331cef709,wo kum apem aa apem b3ba,44,45,63.0,positive,positive,positive,positive
862dce8a-6d4e-43e9-93ab-9f580fb86a55,anidie kwanso anuanom yasi afe foforomu monsesa mo brush no kakra😂😂🤣🤣🤣😁😁😁,44,45,63.0,positive,neutral,positive,positive
df8ca360-168e-4658-9269-a302281ea217,na u re u tall😹😹😹,44.0,45,63,positive,neutral,neutral,neutral
1799f439-0e53-4a4e-858c-4b8189b107e5,everyday mogya 🩸mu 3duro sene nsuo y3 de nsuo agu galon mu asoa wo da 😭😢😃,44.0,45,63,positive,neutral,neutral,neutral
adacbeaa-5f68-4d4a-925f-250ef22ea3be,afei deɛ atra me,44.0,45,63,negative,neutral,negative,negative
6c66bf33-4c61-489e-9488-650e98b46a18,wagyae hwɛ nyɛ saa coach no onnim nyansa,44,45.0,63,negative,negative,negative,negative
f9707e90-d861-43c6-88c8-ede985331882,nea br3 na die,44.0,45,63,positive,neutral,positive,positive
33fe5bbe-ec04-4410-bef6-bb691ceb4b26,ony3 sikani ah enfa no mba fie,44.0,45,63,positive,neutral,positive,positive
2ec376e8-27ad-47bc-9992-ed969dc90c66,na tongue no bi teeth 🤝,44.0,45,63,positive,neutral,neutral,neutral
515fb503-7bff-4a58-9eac-1c0747ed1c57,ne tun bin kraa,44,45.0,63,negative,negative,negative,negative
b178fa36-2b7a-4ccc-b426-3b116f79e3b5,vand dijk nu nim pass ma oo herh😻,44.0,45,63,positive,positive,positive,positive
d5bb5e1d-db6f-4923-abad-ccdd61cdf72b,ɔbroni no kaa sɛn,44.0,45,63,positive,neutral,positive,positive
c50abd0f-e9b6-4eba-9236-33c90ad5c8c8,ne tirimu den no eer mɛ ndi nkwaseasɛm,44,45.0,63,negative,negative,negative,negative
3b15beb5-4191-4bc8-b4d5-f2905c4a0147,oh bibini daben da ei,44,45,63.0,positive,negative,negative,negative
ed000e64-53ab-4f06-9fb2-4561dfea199b,tsg hoffenheim nti sika no ahye,44,45.0,63,neutral,negative,negative,negative
bc7376ee-f5bd-4f60-9c56-ea8149c0d039,min koaa na me bae min koaa na m3 kc,44,45.0,63,positive,positive,neutral,positive
743ef528-b8ac-4443-9021-a93aa44df55a,gyae nkwaseasem ka wote,44,45,63.0,negative,negative,negative,negative
478c456f-887d-490f-8d6c-07ebacaf7c84,de3 wo de b3to mtn sim de3 anka fa twa bet,44,45.0,63,neutral,negative,negative,negative
e3466dca-69b8-4248-81b6-e5c8dfc77b39,hyɛma no ayɛ ma ɛnam no abu so enti peter eeei wompia,44,45,63.0,positive,neutral,positive,positive
316de02c-d6ff-455d-838f-c355ee937bb9,anka mewu dedaaa da sister,44,45,63.0,negative,neutral,negative,negative
e58a0da2-853d-4fa2-88a1-4f7abf3f3513,ya scre asanso abrim aka ho nyame y3 k3se,44,45.0,63,positive,positive,positive,positive
5ebf93dc-c457-4a92-94af-3ab2b87f3194,lol he no know say obi ayie ase na yɛyɛ yɛn ho ayie,44.0,45,63,positive,positive,positive,positive
d2cca1ee-21bd-4163-a794-94b48dcd102d,nor be coat wei nso y3nka nkyer3 wo,44,45.0,63,positive,negative,positive,positive
464e33b7-fa0a-47c2-b508-6807bceba1ac,them y3ti sika so us na sika no w hi,44,45,63.0,positive,negative,negative,negative
0c8ebe8d-9afa-4f51-a691-6f6420b66727,enti wo korakora ne s3n😹😹😭,44.0,45,63,positive,neutral,positive,positive
f938f497-988d-43fd-a536-cc3bb2b2d503,mbappe no wagyimi anaa,44,45,63.0,negative,negative,negative,negative
0897f75b-8b4d-4fb2-ae8b-b5de0214c642,na yɛdi di banku,44,45,63.0,positive,neutral,positive,positive
d2e47777-0d1e-4cf4-8167-f7cb4f6788ff,enti ade3n na bibinii agyimi saaa,44,45.0,63,negative,negative,negative,negative
b1173120-b5ae-4dac-a4de-6dc26b859d19,k na k b ampesie be di,44.0,45,63,positive,neutral,neutral,neutral
94761319-8502-4ad3-901b-d58439d7f8be,wo ti y3 f3 wate as3 aknf3m kosua,44.0,45,63,positive,neutral,positive,positive
2a4b1727-786e-4f5b-a2f4-1f6638ff9fe5,ne tiri ho s3 😂😂😂😂😂😂😂😂,44.0,45,63,negative,negative,neutral,negative
12a8ac81-3eb4-430d-b493-7a6c4601dc51,as a real guy de3 b akata kakara😎na wap3 sika kakara 💰 nyamesom kakara 😇 na wap3 stubborn nso kakara 😈,44.0,45,63,positive,positive,positive,positive
410050a6-6fff-4c02-938a-fc40fefcda05,mese wo pri saa no,44.0,45,63,positive,neutral,neutral,neutral
647255dc-05e9-4a2e-ab00-f25063a8a593,on the grind spitting joe nhyira nsuo na me nam mu so yall better know im the best nigga cheffing zehin ɛbisa dɛɛ mano atɔ counting machine wey dey do wanna deɛ agya aa mo kura no kyerɛ dɛɛ mo adwen mu ndɔ 🤘🏽🌋🌋🌋,44,45,63.0,positive,positive,positive,positive
3fa486eb-186a-47ed-ba56-8d370ea6439e,wo num yoghurt aaa,44.0,45,63,positive,neutral,positive,positive
b0861820-6eb1-4875-a2a4-ba4d8390a00b,chaiii gye wo two ✌️😘,44.0,45,63,positive,positive,positive,positive
762a05a3-186c-440d-ac63-e42a2df80db3,ah na dangote bi that🤔,44.0,45,63,positive,positive,neutral,positive
4e56b8d5-52da-49d8-8cff-32431a331a25,😂😂😂😂yen ka kyer3 wu lol 😂,44.0,45,63,positive,neutral,neutral,neutral
aa1715bc-bb97-48af-bed5-cbe7682e7bb0,eiii mr neutral wo kaa se obiaa na ete se dumelo anaa onaapo 🤣🤣,44,45,63.0,neutral,neutral,positive,neutral
8649b4a8-54ca-43ef-bfb6-7773676652ee,hw3 di33 okyer3 wote twitter y3 mentii wo case koraa mpo wo su koraa na mey3 no more 😀😀🤪🚶🚶,44,45,63.0,negative,negative,negative,negative
748eaea7-5a09-46c9-a3e3-0b988c0f9cd3,fa wo kwasia ko,44.0,45,63,negative,negative,negative,negative
17d6b1e7-0b91-4bf4-b756-2a86f8678353,size bole wh3 ɔnkor wo 🔥 🔥,44.0,45,63,positive,neutral,neutral,neutral
98cbb0de-a176-4f50-9793-78f5e734b265,gyae no 3🤣 nhwehw3 anyim nkotseee owu nso nny3 d3 bia🤧🤧🤧🤧,44,45,63.0,neutral,neutral,negative,neutral
5f7a728c-0483-4a6e-aa29-90b7b815dfce,menni sika but me twa manum 🙏,44.0,45,63,positive,positive,positive,positive
d96789ed-a770-4156-8d41-a15a87494678,sister 57million ne master bedroom wowie aa wasanso aka nkwaseas3m oh ghana nka as3m no w ahenfie nanim nyinaa ahonhono,44,45.0,63,positive,negative,negative,negative
1a8548a6-dbf7-42f1-9647-501ed0fb049e,3to no nso ah memp3,44,45,63.0,neutral,neutral,negative,neutral
bb2d1218-273f-4a66-a5ee-1778ddbcfc4d,ebi nom ka banku ebi nom tn banku ebi nom hy3 banku nanso y3n de3 y3b3 di banku daa 🙏🤣🤣🤣,44,45.0,63,positive,positive,positive,positive
e64ebb4e-8975-4897-9a70-5fd9070f8178,aden na wohw3 nyame anim twa ntr saa,44.0,45,63,negative,negative,neutral,negative
8c92ccd2-788e-4716-9fb1-efd0d177962d,sɛ e one deɛ sasabonsam gya mu dileeccttt😱😱,44,45,63.0,negative,neutral,negative,negative
c9e433de-8b8b-494e-bcf5-5112a34d0dc1,😹😹😹😹wo nkoaa wo yerenom nsia wo mma moron wosan he ha 33p3 cbaa biom ehh😂😂😂😂,44.0,45,63,positive,neutral,neutral,neutral
377d948f-ae41-4e16-b9a9-9027242c029c,sarknation females ankasa dem b too foine🥰♥️,44.0,45,63,positive,positive,positive,positive
cc58815e-1970-4fb5-932d-53ff0be622d8,na wo deɛ dɛn🤣🤣🤣,44.0,45,63,positive,positive,positive,positive
aaefe035-a7ab-4a76-882e-80ed0969d223,sia nanka aben aaa nanka wo ho din,44.0,45,63,negative,negative,negative,negative
7d1bae81-bf6b-4c7e-8e94-5c615206c7aa,to wo nnan bɔ ball mu ma no nkɔhyɛ net mu na gye 4plots my son go play ball straight,44,45,63.0,positive,neutral,positive,positive
9a25e278-d6d1-401d-aafe-3f68bd93fc41,wasa wasa wasa boss ne ti awu paaaaa,44.0,45,63,negative,negative,negative,negative
d6115bc7-4c2a-41d7-91d7-de2fbf82cd71,err seconds na photoshoot na mu eii sterling,44.0,45,63,positive,neutral,positive,positive
2374b4ea-c934-49a6-8d05-a2753d04df26,sika nti ohiani dɔ ne ba koraaa ɔnhu,44,45,63.0,positive,positive,negative,positive
e75f0c94-0fd5-4233-a440-e7b3e7f8eaae,ah brofo bebree sei aden theme baako,44.0,45,63,positive,positive,neutral,positive
86775a92-6004-4fca-87de-0a52b596eed3,to wabodoo gu nsuo na ni na daakye bi wo nsa b3ka the husband never heard of that,44,45.0,63,positive,positive,positive,positive
2b730b31-8515-4242-a786-f8714e57c5d9,reality check be what lol y3ti sika so 3nso,44,45.0,63,positive,positive,neutral,positive
6d762347-a699-4555-a5bf-043e35c17cd3,anh beno nyinaa s3n,44,45.0,63,neutral,positive,positive,positive
7e24d2f5-7a89-4170-917d-b25825d1ac09,ei adabraka bruno mars wo to nnwom paa o,44,45,63.0,positive,neutral,positive,positive
5e45c480-e9bc-4d94-b524-fa6bb82825bd,1999 na sisiiiaaa yi 22 yi 😭😭😭😭😭😭😭😭😭😭😭😭😭😭😭😭😭😭😭😭😭 eyyyyyy 😂😂 time nor dey oh herhhh😭😭😭,44,45.0,63,positive,negative,positive,positive
e69391e9-167b-4f2e-81fe-7a42f41500c4,😂 😂 😂 😂 ose na me me fa wo huŋ ne wo gyimii,44,45,63.0,negative,negative,negative,negative
9688df1f-e5c5-4401-b027-971ba90f487b,da baby man yi ho 3tan 😂😂,44,45,63.0,negative,negative,negative,negative
d94fcb59-6cb6-4bf2-9246-31f4e03fdef1,na afei ade abiɛsa yi na ɛwɔ hɔ gyidi anidaso ɔdɔ na ɔdɔ ne mu kɛse gyidi anidaso ɔdɔ na ɔdɔ ne mu kɛse 👍🏾,44,45,63.0,positive,positive,positive,positive
d1e86e6a-bd91-48bb-912c-42223deddbe2,daabi academic koraa wa ka tua yɛ sɛn,44,45,63.0,negative,negative,negative,negative
3a3d48c3-199f-4079-8d55-082eae4dc898,ebusua wo fie y3 p3 sika,44,45.0,63,positive,positive,positive,positive
483799e8-7846-458e-9668-db0d5978daca,afe pa nko meto yen,44,45,63.0,positive,positive,positive,positive
ff76fc7f-bcff-4bb1-ac54-e9617bfb526c,shishi na benku ba,44,45,63.0,neutral,neutral,neutral,neutral
1c732101-96a9-4db8-b8b8-aff1d7c2eed1,as one of my dons talk nyame asem di3 bible koraa si 3w kristo ni biaa akoma mu but 3to da wannim na wanfa ah emba biom hmmm,44.0,45,63,positive,positive,positive,positive
de6a2c37-168a-42e0-93be-58207e701b20,ɔpɛnimma 16 2021 ɔnyankopɔn apɔmuden mpaemuka ɔnyankopɔn mu anigyie ne ma hoɔden me wo ɔnyankopɔn nkwa wo me mu ɛnti ma pomuden yɛ pɛ me wo ahoɔden mmapa me nya ahoɔden foforɔ da bia ɛfi sɛ me nipadua yi yɛ ɔnyankopɔn honhom kronkron no asɔre den a yeyi nka awurade daa,44,45,63.0,positive,positive,positive,positive
126a7097-ae61-4e98-a00e-23dc82168cd7,focus na gyaigyem33 na b bra,44,45,63.0,negative,negative,negative,negative
8f5c54bd-66ae-4fde-acff-8880359efcfe,p3 girl na gyai online edwamanbo,44,45,63.0,positive,negative,negative,negative
930195d0-fedd-4a80-b787-0021743939f2,wotan me na menwu na me san flexi gu wo so,44,45,63.0,positive,neutral,positive,positive
c5d1b915-318c-4bfd-bbbe-b805ef813ad5,adanseɛ nti na aboa kraman odi ne yere wɔ abonten,44,45,63.0,positive,neutral,positive,positive
45064b2f-7e70-4bf7-9c12-40aa590720f5,aka 5 days p3 na no asu sarkodie 🔥🔥❤️,44.0,45,63,positive,positive,positive,positive
88198173-f176-48da-a169-ec6ade874098,🙏🏾🙏🏾🙏🏾🙏🏾 y3 di yesu mogya ka mu 3nim,44.0,45,63,negative,positive,positive,positive
14f00ca4-4c24-46dd-b54a-2302c5716cf8,ow bra ka na ka biom oo ɛɛhu ankasa 🤦,44,45,63.0,positive,negative,negative,negative
365aa18b-9a7d-41e6-b103-ff81b8de3315,sɛ nyame adom na ɛbɛhyɛ meho 10gh🤦🏾‍♂️😟,44,45,63.0,positive,positive,positive,positive
edf2a9ef-dab4-4d46-a7ef-cab29d86e03f,allo momo 1 gh anaa 😂,44.0,45,63,positive,neutral,neutral,neutral
6d15e13a-770a-4813-8c46-a00ba008aba9,eii senior bne b3n,44,45.0,63,neutral,negative,negative,negative
e9ce7560-2c85-4ee0-b14c-8c99ab7f78d3,de3 wo ka fa me ho no me te no tongues ~ sarkodie,44.0,45,63,positive,neutral,positive,positive
065745b3-06aa-4ebf-b217-f0442d207a8b,u dey run anka wob3te wo sika fiaa s3 trumu nwii baako 😹😹😹😹,44,45,63.0,negative,neutral,negative,negative
31e0677f-df04-4449-9b19-5d9fd0407694,me nim sɛ sei nɛbɛba anka yɛ signi mo you always wanna make me feel like menyɛ bɛɛma o,44,45,63.0,positive,positive,negative,positive
3f11c6ba-be68-4992-bc6d-a6445644e6ac,3b3 surprise akoa yi 😂😂😂😂,44.0,45,63,positive,neutral,positive,positive
3fe7a16f-f5c4-4ab4-9592-8d0d4b3f7943,wabcdam nanka wonyɛ a ɔbi fa wo ho bɛn,44,45.0,63,negative,negative,negative,negative
d20b33c1-4581-45c9-aa61-45854ffd6779,aban wei deɛ invite her fot interrogation aaaah agenda bɛn nko,44,45.0,63,neutral,negative,neutral,neutral
5f616aab-fabe-44f9-847d-21ef2a19f71c,oh fior kor na wabon,44,45,63.0,negative,negative,negative,negative
97c8910e-be43-4d37-9c4f-e889fc423972,medikal ankasa ne rap nyinaaa as3 ne ho balike hes cumin gidigidi nkooaaa,44,45.0,63,negative,negative,negative,negative
67c6cbb7-8b01-48dc-bace-e601f5e0da04,prɛ to me nanso erh,44,45,63.0,positive,neutral,positive,positive
d98ee3b1-ed5e-4ea1-8498-fa4faa4f24ab,naa ter stegen too shaa eii,44,45.0,63,negative,negative,neutral,negative
9d094e7f-c69a-4afb-8c8a-d72090322180,fa wo gyimie firi hɔ,44.0,45,63,negative,negative,negative,negative
5cb2d95a-2407-486f-94b4-d24f9104dac5,akoko sa kyerɛ akrɔma ɛnyɛ no fɛ is at display here😂😂😂,44,45.0,63,positive,positive,neutral,positive
6b7c5163-4bf2-4417-93cc-e6a6ffef9754,masa go away shes not rich biaa 3ny3 oman sika nuaa na ode ay3 yie tsww🤦🏻‍♂️😂,44,45.0,63,negative,negative,negative,negative
e6dfe70c-53a9-417c-a2ea-77f6a6b306f3,kyere y3n kwan no,44,45.0,63,neutral,positive,positive,positive
5aefab8f-630f-4618-91c9-422d0970d073,na s3 akoa no de3 wagyimi nti saaa na b3keka o 🤣🤭,44.0,45,63,negative,negative,negative,negative
48fcccb6-8925-467c-8af8-d977c25cea9f,hw3 ne gyimii bi ur money dey ein pocket,44.0,45,63,negative,negative,negative,negative
f984d714-5da4-4a5d-9351-cd494d427812,oh ka na ka biom 3kaa ketekete,44,45,63.0,positive,neutral,positive,positive
a499f6d3-a0a6-46a1-9ecf-03c37de3f517,nso wo maame nya nka cp3 ooo🤭,44,45.0,63,neutral,negative,negative,negative
fafeb741-68d0-4e4c-ab2e-2d02c839c6c4,nyam moko and fikyiri the bɛntoa fii ne to,44,45.0,63,neutral,neutral,neutral,neutral
a0a2434a-76c6-4cfa-84f6-bf3699194203,nani sɛ congo dɔkono🤣🤣🤣,44.0,45,63,negative,negative,positive,negative
b4b0c64b-0d6a-4c2e-9e68-c59372e76730,herh chale mmaa wɔ nkran mpotamu ha o,44.0,45,63,positive,positive,positive,positive
23341309-dc6d-4d08-81d7-a7bf8d6f6ac6,😂😂😂😂😂 wei wei yɛ de gye cup,44,45.0,63,negative,negative,negative,negative
420a69c6-4546-45c3-907f-911a8bc1ea80,abranti3 woda sori aa maweninda hor na gyai gyimie nu,44.0,45,63,negative,negative,negative,negative
bc49b735-119c-42f9-9ce8-f8bb032896c3,eei bra yei nso de3 hahahahaha if e pain you aa go burn the sea wai hahahaha,44.0,45,63,negative,negative,negative,negative
64558b91-3545-4a6d-8283-c3bb48445bc0,3herh oh wo yaw sarpong ankasa ni s3n wo haw ni s3n na wo su yi,44.0,45,63,positive,positive,neutral,positive
14ce5e69-3e07-4cd5-94b3-b4b40fdce556,de gea +1 1 odwan,44.0,45,63,negative,negative,negative,negative
8fbbbc48-b469-47a8-9f33-b7e9ce57e1a8,awo ehu a mɛ nne me nyɛ kwages o 1 cedi mpo a fa tom brɛda na me mfa sɛi adze 🤣🤣🤣,44,45,63.0,positive,positive,negative,positive
058ab78f-3261-4d48-b062-57d59fd7400f,nti bibinii b3y33 de3n wo wiase kraaa 😭😭,44,45.0,63,negative,negative,negative,negative
cb675eff-2e8b-4067-9416-4be1d52ea028,y3ti sika so nso y3 b3 gye elevy boiiii🤣🤣🤣🤣😂😂😂😂😂,44.0,45,63,positive,neutral,neutral,neutral
88826796-36e8-4e98-b3b5-63b8ba2be0a1,nana fa gyi mu 😂😂😂,44.0,45,63,positive,positive,positive,positive
29cc7733-141f-4d74-b0a6-68e3099f83e3,im off to chill koraay3 b3 wu nti y3 nda,44,45,63.0,positive,positive,positive,positive
eb6bc5b9-acf6-4232-9e5c-055e656f2b11,ma y3 confuse ooh,44,45.0,63,positive,negative,negative,negative
fcf92f12-eb4f-480e-822d-4ddc894a1f43,wokasa te s3 de3 woti london nanso wo kasa ntwam konongo mpo,44.0,45,63,negative,negative,negative,negative
bd85606e-4c6c-4be4-a1b5-c3bab10fcf4f,prokaryotae da wase waai 🤣,44.0,45,63,positive,positive,positive,positive
49653b05-2f8d-4d97-be02-1130c9aa43c5,wo ho twa sinn 1 double edge sword 🗡 2 mayanka sekan 🔪 anaaa,44,45.0,63,positive,positive,positive,positive
c562ded3-61b3-443e-9a5c-69e4cc698f1d,suro mmaa nso di wn,44,45,63.0,positive,negative,negative,negative
425825e3-649e-465a-841d-3de60661a511,wadi ɔdɔ no ewie yɛ deɛ banku naaa,44.0,45,63,positive,positive,positive,positive
9f0cf8a6-c14a-4e60-af2f-246151c71ebb,wei deɛ wo lye paa o,44,45,63.0,positive,positive,negative,positive
6566894a-ba6a-478a-a93c-dfad3e19b1a5,sika sem nti mene nipa mmre3🙁,44.0,45,63,positive,positive,neutral,positive
443adfb0-da09-406b-bb67-0893810a9872,wonni nyansa baako mpo sei,44,45,63.0,negative,negative,negative,negative
b0806328-c061-40d4-80f1-61ddbdb7da67,eiii bible fo yi lie fon sei,44,45,63.0,negative,negative,negative,negative
9e347d8b-bfb8-4527-a0b5-68ad59f43667,ewurade fraud boys agye sika,44.0,45,63,positive,neutral,neutral,neutral
d0cbf585-c5f2-45ae-95ae-7d60f25d31d6,kako be shark but wo ti ewu,44.0,45,63,negative,negative,negative,negative
f4c12757-ba3b-49bd-b126-dab5957b07df,fa no s3 wagyimi na suru mmaa💔🔥🔥🔥,44,45.0,63,negative,negative,negative,negative
f95e6702-405c-4a0a-ad4f-60ae92edd913,edwen ho ah ɛntse ase,44.0,45,63,positive,neutral,neutral,neutral
f7d19328-3a0c-4f28-a46c-6e85da33e2f4,tuchel nso da gyam anaa,44,45,63.0,neutral,negative,negative,negative
afd4f49e-15aa-44fc-8666-d535807e68ee,post mortem ni bbl yɛ pɛ 🙄,44.0,45,63,positive,neutral,neutral,neutral
9168b8ce-0325-4fed-b0b0-8477c66c3fbc,here too ei arsenal a buei aha nso a booboooo 😜,44,45,63.0,negative,negative,negative,negative
7f5b516b-6b8f-401f-bef0-a3242400cdff,3y3 paa ne kwasiaa saa n,44,45.0,63,negative,negative,negative,negative
1d8fe14a-16b7-4482-8471-d12b5f273425,shatta dede ankasa she no get chill koraa oo😂😂😂😂😂💔 violence hemaa mu goat😂😂👍😹,44,45,63.0,positive,negative,negative,negative
3d4ee27f-531e-4803-b71f-b5e184b39589,wonpe bayir3 ne dokono 😩😩😩,44.0,45,63,positive,neutral,neutral,neutral
562a7d21-463c-423b-b16e-4b67a8158dc0,mesrew capo rap mu el chapo die me ba beye no nti menua charlie hye wo sapo mu nsuo yese ye hwihwe me wo interpol 🦅🦅🦅🦅,44,45.0,63,positive,positive,neutral,positive
6c0fb48d-0a4c-4aca-81b3-244dd08b1414,y3 p3 mo saa,44,45.0,63,neutral,positive,positive,positive
c1a7832d-5f6d-4345-b4bd-450714f40f2f,menso saa ooo nanso menni kumasi me nsa ahwan nti me y3 me ho aduro wo obuasi,44,45.0,63,positive,positive,positive,positive
259e0b60-ddae-4dd8-a61f-e32bf50946f2,hmmm nii ein paddy bi,44.0,45,63,positive,neutral,neutral,neutral
4103a675-58cd-4df8-ab06-f656d63e240d,the boy is okay nso aka sika 😂😂😂,44.0,45,63,positive,neutral,positive,positive
7266d99f-4f71-413a-8d2a-b3792dbbbe23,nyame bɛtua mogyinaa ka one by one herh😭😭,44,45.0,63,negative,negative,negative,negative
c2d09e5a-d81b-4080-a164-d04d20b9bb16,25 dier ad3n ei ibi too much,44.0,45,63,positive,positive,neutral,positive
dde762ca-f075-4dfc-be23-bb6a75814c51,anka alukumi nsu dierr anka fake life fa wo ho b3n 😂😂😂💔💔,44,45,63.0,negative,neutral,negative,negative
3b9d7e68-71c5-4bb3-b1d0-1b2683e57a3b,wo team sɛ awiesu wo ndewene wo ho 🤣,44,45,63.0,negative,negative,negative,negative
f89f432f-c578-4d73-8d17-fca1740348aa,akoko sa kyerɛ akrɔma ɛnyɛ no fɛ is at display here😂😂😂,44.0,45,63,positive,positive,neutral,positive
e7c20dc7-7c85-49b5-a37f-30c560301f56,court sika nso ashiɛneɛ we move,44,45.0,63,positive,positive,positive,positive
9b7168f7-91bc-43bd-9a7f-46124ac349db,osee me yɛ dede ah ah ah ah 🤣,44.0,45,63,positive,neutral,positive,positive
35a8beca-e164-4124-99c6-4c0cd6c9baa2,enka wo nso o bishop sen your wofase momo wai,44.0,45,63,positive,neutral,positive,positive
98ed4211-88b1-4c80-9b38-30b80d83a8c0,tax on momo aba yi de3 gye s3 y3 ba fie b3gye,44,45.0,63,positive,positive,neutral,positive
a4c622f9-b358-4a97-8d94-f14b24aa8e1d,ne brfo kraa ny3 me d3 😂😂,44,45,63.0,negative,negative,negative,negative
3348cb1d-eec2-4b2c-bff9-8f7e37525b77,sikafuor na ebor golf,44.0,45,63,positive,positive,positive,positive
2e76372e-1f59-43c4-9b0d-25d54bec6ab1,wo kum apem aa apem beba 🔥🔥🙌🏽🙌🏽👏🏽👏🏽💪🏽💪🏽💪🏽,44,45,63.0,positive,positive,positive,positive
93e47b33-ea8c-401d-a463-2043176a3373,enti me di3 menka ho bi anaa,44.0,45,63,negative,negative,positive,negative
63c3acbf-f99a-4297-8963-4b152d213f15,ho twa ankasa whaaat 😍😍😍,44,45,63.0,positive,positive,positive,positive
4430661d-0f94-4c6b-bb64-0581f926dc74,yekokyinkyin de sika aba fie ampa sika aba fie oooooooo🔥🔥🔥🔥🔥,44.0,45,63,positive,positive,positive,positive
317dc7dc-7b55-4391-808d-67d76aa2e15c,odo asisi maso anso h a asa akatakata mani😫,44,45,63.0,positive,positive,positive,positive
79c98741-a470-4426-9f5f-e6a224a690cc,ampesie bi yɛ guy,44.0,45,63,positive,positive,positive,positive
cb8f2cad-fd67-49f7-a8de-0b6be563dfc1,mpaninfoo bu 3b3 bi s3 obi fa 3soro aa wode3 fa 3fm 3firi s3 adepa hy3 fam,44.0,45,63,positive,positive,positive,positive
e9dd9e8a-f6a0-4a31-9678-0d6126658ba8,ad3n na ebibifo mo mp3 nokr3 saa🤷🏿‍♂️,44,45.0,63,negative,negative,negative,negative
f5e2ea03-e178-4b1d-acfc-f77a34d03415,ayɛ ka sika no ashi😂😂,44.0,45,63,negative,neutral,negative,negative
3e798c59-9c97-4bb9-9aee-b32a7a8f4587,fc barcelona de3 nyame na ob3 tua mu ka kwasiaaaa team,44.0,45,63,negative,negative,negative,negative
6805bd8b-6b1c-4150-b12d-7defd4cfcc83,ma gye akonta sekan,44,45.0,63,positive,positive,positive,positive
5c7ae270-2917-47d9-98e5-6b5ac9dea216,mode ha ay3 heaven y33ka nso a na moy3 dede mmoa mo abusuapanin na te circle tn phone covers no 🤣😂🤣😂,44,45.0,63,positive,negative,negative,negative
8e296706-d1d9-451a-a8b2-b21be9b164eb,wonni sika aa wasɛm ɛɛya o,44,45.0,63,positive,negative,positive,positive
34ae1b5c-fd87-4098-80f8-6f34e0528484,as3 omo ate 3ka no o,44.0,45,63,positive,positive,positive,positive
d8c5c4c6-7ba1-4b92-9f0a-ef9e59cbc567,hmmm ama asantewaa worry we waa 😫,44,45,63.0,positive,negative,negative,negative
0ff9b109-9163-4958-a2ee-50e5c7f66130,wo hwene nu o🥺,44.0,45,63,positive,neutral,neutral,neutral
ff66f1a3-1f21-447a-bb3c-254c2cda271d,sierra leones 🇸🇱team ebe kamara family demma contract anaa eeeeei ⁦⁩ ⁦⁩ ⁦⁩,44,45.0,63,positive,negative,positive,positive
f02c9fc5-7295-4810-8402-74bc04c3a64d,mede3 sleep na gyai why why no,44.0,45,63,negative,neutral,neutral,neutral
0bb883b8-4aa1-4752-98f2-f5e5119e9010,sika mpo mafe ne ho,44,45.0,63,positive,positive,positive,positive
62355dc2-3a11-447f-9f0f-174abd453d29,eyramadzo wherever udey nyame nhyira wo heerrr solid babe ankasa😍😍😍😍,44,45,63.0,positive,positive,positive,positive
6a7f65a8-9de2-41ea-8318-e6e8cfb7d66a,adea me mp3 aa ne obaa aa ɔkastuffs,44,45,63.0,positive,positive,positive,positive
05a9d7af-2f3c-4a2a-8bd9-cd573b1dc11e,ɛna pa yɛ maame ayekoo 👩‍👧‍👦👩‍👧‍👦 photo update patricia mensah cooks her mothers favourite meal jollof rice,44,45.0,63,positive,positive,positive,positive
562f04d5-fecd-4f60-9dca-0993eeb291d1,brofo no da fcm but we move 😂😂,44,45,63.0,positive,positive,positive,positive
d85b2f3f-42c5-4bd2-8131-8bf7aca922be,3w yesuuuuuuuuuuuuuu din mu amen,44,45,63.0,positive,positive,positive,positive
e1fa76e6-b235-4e55-ad48-d91c6c00beba,wo y3 kwasia piiiiii,44,45.0,63,negative,negative,negative,negative
698e7032-965e-4ade-b4b2-9f7459e8ca9e,ɛyɛ ɔmona mmɔdenmɔ nea aka ne nyinaa yɛ 666,44.0,45,63,positive,positive,positive,positive
5c261244-9bbd-445c-8b76-5ac187e7d5f8,3ny3 gyimie aanka ghana ni ba de3 bedae gifts fa wo ho b3n,44,45,63.0,negative,negative,negative,negative
0552d0cd-52fc-4019-9f1c-433f18b065f3,yo masa morow na waka wasem,44.0,45,63,positive,positive,neutral,positive
3f25dfa7-15ff-4fa8-b13e-3fbb5d817af1,ayiyi baako baako tis333 perfume rice,44,45,63.0,positive,neutral,positive,positive
2f1e2b42-a2ea-4a83-8a2f-671d84b249c3,nah de gea eiiiiii,44.0,45,63,negative,neutral,neutral,neutral
10577fce-9de8-4d55-80bb-95dffc9dfa13,ashock koraa grenade dier s3 nka arab four na eyuusu ah asem ohh omese y3fr3 omo kev and grenade😆,44,45,63.0,positive,negative,negative,negative
0a895c2b-f535-45a3-b394-14cdb017aa47,one minute biaa na oooh nam mu,44,45.0,63,positive,positive,positive,positive
9bfb5e77-4ceb-4d86-8706-5a2405958416,chale nanaba cool ne ade ade oooo mo jon naa mo de gh sor h you for dey g 💰😎,44,45.0,63,negative,negative,positive,negative
8d790b10-3827-47c7-b1f3-dc191f8072c8,akobam meti yɛ me ya akobam me nan yɛ me ya akabam mehonam yɛ me ya akobam sasabrono sasabrono ɛkorɔno herrrh elevy go break the akobam record,44.0,45,63,positive,neutral,neutral,neutral
a1690d7c-8a4b-4418-a473-1de19856b74e,masore anopa tutuutu pe sika menya a mobehu se mama nso betwi ne benz nyankopon b3seiho paw debia na kweku de3 sikasem nkoa na onim nka me mpre ohia nma meho anaa you dont know s3 sika nie kweku nie ohia se metie everyday am on my way verse 🔥🔥,44,45,63.0,positive,positive,positive,positive
8a337eed-1b61-4146-8e74-d7ea3e8cd513,wo papa amb bra so you dey envy kezia,44,45.0,63,negative,negative,negative,negative
fb3cb535-334f-4b3b-831a-1b66259a3fd0,3y3 a na moabodam ong nkwasiakeka saaa na ade akye,44,45.0,63,negative,negative,negative,negative
d6599b94-a90c-4caa-9c67-cafa651a56c6,kofi gyae saa na mani abre😂😂😂💀,44,45,63.0,positive,negative,negative,negative
861c26fb-0ee4-44a0-a0d2-4361f49443c4,yɛ bɛkeka akatafoɔ nsɛm no bi ato so ne adeɛ ade,44.0,45,63,positive,neutral,positive,positive
ef43b4a3-3802-4072-801c-798bac22417d,eii eii eii gods nu nso fi hin lol 🤣,44.0,45,63,positive,neutral,neutral,neutral
1fa4dd3a-8999-4e40-8e50-2cee60948af3,jamestown labadi bukuom anaa teshie,44.0,45,63,positive,neutral,positive,positive
982fb65f-a226-4c80-bb0a-590b00a13851,k no de3 y3b3k y3sika s3m na 3nsisi so saa,44.0,45,63,positive,neutral,positive,positive
b7c9ff80-ef5f-46c6-9ed5-c2495bdab2bc,ebe ghost 👻 paaa na u figa sey wettin 😂😂,44,45.0,63,positive,positive,positive,positive
829ef08b-160c-4137-a124-77ddaaa061fb,if clouds gather then i vex ah chale ammamuo bɔne nti nnipa nni ahotɔ,44,45,63.0,negative,positive,negative,negative
76232e81-9ba1-4d34-b0ed-f1147137b0e5,robinson akoa yi paaa,44.0,45,63,negative,neutral,neutral,neutral
cad8895d-c768-4101-b9fa-62b177e10d84,na y3ni bi no erh 🤣🤣,44.0,45,63,positive,positive,neutral,positive
3a913f79-49f8-4b0c-ab44-6d8421f09ddd,sika nkoaaaa the socialites of ghana 1 no,44,45.0,63,positive,positive,positive,positive
c597202e-c5fc-4f4d-9bf9-3fb347e2cc2d,wo kum apem a apem b3ba kumerica to the world 🌎,44,45,63.0,positive,positive,positive,positive
0c1eff6d-e06e-45ac-a0da-f51cafc0d6a7,oh bro mese ohiaa ne nkwasiasem,44,45,63.0,negative,negative,negative,negative
0fbc3447-f9ac-424f-a9aa-0add36aa0111,meek uni meek uni ninyinaakye waakda✌️✌️ eyy kofi dagaati ne ama chinchila 😂😂💔,44.0,45,63,positive,neutral,neutral,neutral
9a42bc23-b318-492d-a135-64aad4fa63eb,brofo no wo fom waaa,44,45.0,63,positive,negative,negative,negative
c87159b5-4ccd-4579-ba31-a1aebad94b75,wo deɛ wɔ gyimi no,44,45.0,63,negative,negative,negative,negative
5e635c7a-3db4-4691-9442-1fb9620f9719,awwww best new artist paaa deɛ nka gyakie ooo nso me ne hwan,44,45.0,63,positive,positive,positive,positive
d46b7b49-1758-4ec7-a161-0e9e0ecdc79b,herh wo gyimmie anaaaa,44.0,45,63,negative,negative,negative,negative
835d86e8-8bcb-4e54-973f-f8a58a2fd9ca,god is watching yall nyame b3 tua mo ka paaa spoiling team 😢😭 😃😊,44,45.0,63,negative,negative,negative,negative
1c4fa228-e494-4886-a4c5-bb3334978bd9,bra na mende wu,44.0,45,63,positive,neutral,neutral,neutral
0bba82e0-aaca-41b4-b66b-1ba6cdab504a,asɛm bɛn na wopɛ sɛ wo hunu,44,45.0,63,neutral,positive,positive,positive
701c05ab-b2fb-448a-8105-e68ac3458067,maen aden me then pique be relatives anaa,44,45,63.0,neutral,neutral,neutral,neutral
7c710072-bdfb-4763-b3b8-b429487a1ac4,y3ny3 baako y3ny3 mmienu aha y3y3 apem ne fa kingkong nyame 🦍,44,45,63.0,positive,positive,positive,positive
69b43f24-c8e9-44ad-a4ed-e5f7c2dfaa0d,hahahaha wob3 hu no na wo hy3 asaase ase nky adwuma na tena h,44,45.0,63,positive,negative,positive,positive
6185a3fe-9eb6-496e-a26c-b0ba9b1657c4,mo na moobr3 ghana fuor 😂,44,45.0,63,neutral,negative,negative,negative
562e94b4-6fc0-4831-95ef-e7c5707f9c2c,😂 wo b3 y3 no d3n,44,45,63.0,positive,neutral,positive,positive
8e6630de-e1d8-4c03-b7fd-3559a636c427,s3 anka wop3 as3m aka 3y3 vangelist na abor wo mmum,44.0,45,63,neutral,neutral,neutral,neutral
2716cfb3-653c-4ab2-9ae5-630523b8b7c5,me da h free,44,45.0,63,positive,positive,positive,positive
e34e7c22-3813-446b-9de5-115d398f0d4a,ma brb nyinaa hy3 wo nsem me nyame 🙏🏾,44,45,63.0,positive,positive,positive,positive
32f01c41-947c-400d-9fcd-2ac3709c52a9,mo de 3ka b3gu mu so,44,45.0,63,neutral,positive,positive,positive
13eb385d-30d1-48d2-9c05-4d6b43dd0133,na mohw3 out on 🙏🏾 kumasi ghana,44,45,63.0,positive,neutral,positive,positive
a2436c54-d5d1-4d3e-b500-01961a2c2c76,brofo na baako baako sei,44.0,45,63,positive,neutral,neutral,neutral
f4280ff6-3bf6-423a-a187-7859d8da682f,more revelations on 111121 akye saa😷😎,44,45.0,63,positive,positive,positive,positive
2a1f9f69-89cf-436a-bd7c-34b21a2266bf,asem ben koraa nie a,44,45.0,63,neutral,negative,negative,negative
2d505e0b-71c6-48b1-b5cc-ae683197cda9,sika ebi y3 fi daddy lumba 🤣,44.0,45,63,positive,positive,positive,positive
4b0001ac-5ab5-4984-bcc0-6f3ac0fa474f,owura na yesu de3 anka bet fa woho b3n,44,45.0,63,positive,negative,negative,negative
e6a26cab-fe33-41ef-addc-8e0a2e6e5cba,utag nyame kasa ma amoka 3y3 diiinnnnn🙏🙏🙏,44,45,63.0,positive,positive,positive,positive
8c74622b-d6e9-46f1-950a-bf651239100d,ohia yɛ foɔken bla 😂😂😂,44,45.0,63,negative,negative,negative,negative
6d04408c-00ee-4023-b322-dd3095e39b45,y3ny3 baako☝🏽 y3ny3 mmienu✌🏽 aha y3 apem ne fa,44,45,63.0,positive,positive,positive,positive
4d1d3cbd-7020-4572-9c9d-6e1ada920a4c,coach foo baako nso nie 😂😂😂,44,45,63.0,negative,negative,negative,negative
db39940c-c30f-41c5-b587-80e28af9562b,ah c mama no feature nipa na wahwie sei 😂😂😂😂,44.0,45,63,negative,neutral,negative,negative
7e6441c0-e5a1-4723-b0b7-6f157d61d767,masa ya ka aweɛ mfa agenda mba ha i beg,44,45.0,63,positive,negative,positive,positive
e86cde18-f117-46c0-9c12-1125d57addf3,247 biaa na yfm nanmu,44,45,63.0,positive,positive,positive,positive
74a29f48-ad54-4146-8df5-2c2cbb1e2746,asem yi di ka wo ka sua atem didie nkuaaa,44.0,45,63,positive,positive,positive,positive
a6571889-f37c-4f3b-9dbb-6ee5fec0ba94,obi nse kofi taylor s3 ne gyimie nu 3ka s3n,44,45.0,63,negative,negative,negative,negative
2f8ee270-ab61-4ec1-b9c5-97291ba65788,alonso ne mogya hyew,44,45.0,63,positive,positive,neutral,positive
0302b0aa-42a8-4488-9158-417559658acb,nyansa biaaa ni mu,44.0,45,63,negative,negative,negative,negative
392d8655-6da3-46d3-bf9f-74302b1945be,rasta de3 anka school fa wo ho b3n reggae ne dancehall 3w h ooo nanso rasta se daabi b3k school 😂😂😂,44.0,45,63,negative,negative,negative,negative
e48c1d8e-d6f2-43b0-91fd-6a850d292c8e,nana na ad3n eei 😭😭😭😭,44,45.0,63,neutral,negative,neutral,neutral
a8fb4b96-c9f4-4aec-9474-e1a415ebf863,we are one😂 nso omaame twa fa akyiri,44,45.0,63,positive,positive,neutral,positive
0090b8a1-63cd-474a-a613-2c4b044cea32,guy guy saaa na wiase no k nawiey3😂,44,45,63.0,positive,positive,negative,positive
770eacea-4965-45ab-ac44-d21fca9e73df,😂😂😂😂masa cnkc da ne mmr3 atwa mu😂😂😂,44.0,45,63,positive,neutral,positive,positive
6c014c23-343c-4e74-824d-1abcc7a39c97,xavi nu wabon saa,44,45.0,63,negative,negative,negative,negative
94a2ed53-0eef-40e5-92b2-c7d4c34674b2,borsu borsu y3 b3 wu nti y3 nda 😂,44,45,63.0,neutral,positive,positive,positive
5e8a887f-54fa-40a1-a888-a9385ca51399,kobby locate me dbee baako wae,44,45.0,63,positive,positive,positive,positive
ca6197f7-2383-4cc3-a194-fb17203dc654,no celibacy me tu t3,44.0,45,63,positive,neutral,positive,positive
55c53b17-47f4-4b74-9e08-7cb83eb5871a,3000 cedis nu y3benya wo hen,44.0,45,63,positive,positive,neutral,positive
64fbba48-424b-4665-bc99-0d1efd74e823,ma faalli sei tim agya odo y3 d3❤️😂😩,44,45.0,63,positive,positive,positive,positive
8ee707f2-8486-4385-a423-f82be886370c,ɛna wakɔ bɔ so yi,44,45,63.0,positive,neutral,positive,positive
85c6bd39-eb07-402c-a610-f4e34a6683db,y3 y3 dom wo kum apem a apem b3ba✊🏿✊ king promise | don bortey | gyakie | davido | chelsea |,44.0,45,63,positive,positive,positive,positive
7f09f272-22be-4534-83a9-9a5ccec6c173,oh dabi but wote hwe ɔdɔ mu gyimie mu a wo life bɛyɛ sɛ koobi,44,45,63.0,negative,negative,negative,negative
c0c5dea3-08bc-4d2e-b397-8cc15d619e13,wo diɛɛɛɛ gyimiee naaa,44.0,45,63,negative,negative,negative,negative
191885e5-f071-4a4a-97d7-8c222705f2ef,wabdam nso aka hoo,44.0,45,63,negative,negative,negative,negative
722c7e75-3042-4ca1-840f-da4a3bff4a2f,so yesu paaaa wey dey support gyimie saa no😂🤣,44.0,45,63,negative,negative,negative,negative
55e40504-86e4-413f-9aa5-1042e37844d4,🎶 ogya e ogya sunsum kronkron mu ogya ogya e ogya sunsum kronkron mu ogya bɛ yɛ wadwuma bɛ yɛ wadwuma makoma mu ogya e onyame gya 🎶,44,45,63.0,positive,positive,positive,positive
d384fce0-7840-452d-ae95-a221a7f26a33,🤣 🤣 🤣 3y3 by force anaa oo daabi,44.0,45,63,positive,neutral,neutral,neutral
aa20e020-7e38-49e4-8e82-d7875ee2a0ce,asaay brɛdɛs and sistɛs all roads leads to taadi this december🛫🚙🪂🏊🚴🏻🦽🚢 wɔmmbra ma yɛn jawule🔥🔥🕺💃🕺💃 na yɛ nyɛ mooooore mbɛlɛdze😜,44,45.0,63,positive,positive,positive,positive
2a012cd2-20af-44c6-a045-2079be45c683,maka me kokontɛ na bɛgye wo simpoa ɛfiri ɛsoro deba fom wobɛti kumkumcha,44,45,63.0,positive,positive,positive,positive
deaa36a2-3270-43e6-b0ad-c787a9e07d02,good morning krobea kumasi asante kotoko wo kum apem a fa b ampesie 🔥,44,45,63.0,positive,positive,positive,positive
24e2f9c0-6dda-42b0-9679-cde9d8f19d4e,wo gyimiiwagye trophy season wei anaa,44,45,63.0,negative,negative,negative,negative
5e9ac48b-98dc-47e1-a664-22c27041b8d8,aden wo sua😹 y3nnkayer3wo ansa,44,45,63.0,neutral,neutral,positive,neutral
796b6ac4-a4c2-4641-855b-45b644e89cd6,happy birthday sika mawu nayra wo🙏🏻❤️🎉,44,45,63.0,positive,positive,positive,positive
6b343d67-cc91-4335-ba39-4de1db13f183,kumasi fo nu 3yi omo ho pe3 😂😂,44.0,45,63,positive,neutral,neutral,neutral
4ffe3e2e-c27f-4971-8eda-4bb6d5eb26b8,sodaezy wo p3 ntokwa oo,44.0,45,63,negative,negative,negative,negative
6d870a0d-997c-411c-adc9-7724d29c70dc,lol wo na woblɛ,44,45,63.0,neutral,negative,negative,negative
a90250b8-dfbc-435f-a1f3-b30e8507fb9f,tongue mu litmus paper nie🙌🏾,44.0,45,63,positive,neutral,positive,positive
be2c5fc8-ff91-40cf-b710-37baebc0c47c,koo bibinii mpɛ ade pa nana addo is fixing the country koo bibinii sɛɛ da,44.0,45,63,positive,neutral,neutral,neutral
f3dae8b9-3074-4801-a4ce-fc3bfcf8026e,nyame nhyira wo bro,44,45,63.0,positive,positive,positive,positive
eb68c2a9-9ca8-4a63-911f-3c5430cadc4f,business dealings de3 3noaa ne ooo,44,45,63.0,positive,positive,positive,positive
032df084-b43b-4d79-8d78-86758bd78be3,hw3 no guy guy bi,44,45,63.0,neutral,negative,negative,negative
cb8e8b6f-fa3f-4ebc-8a9d-8b6fe0ee4d93,wodeɛ sɛ wano checki hwɛ 😁,44,45,63.0,positive,negative,negative,negative
2396d009-3ba9-43f1-9bdd-1b0b77b4128c,3ka wo nantini a na aka wo to😥🐐,44.0,45,63,positive,positive,neutral,positive
4a716fb6-7333-4d39-abde-c9da1749ef00,ho yɛ fɛ paaa ɛnnɛ nso yɛ no bdae happy birthday gurl🎊❤ nuff blessings ❤,44,45,63.0,positive,positive,positive,positive
36958e58-b75b-4e3c-8e9b-c90131783748,woho efe meye adam anka wobeye me hawa,44,45.0,63,positive,positive,positive,positive
9f8eec60-0e17-47af-95a8-17a77ab4fbd3,bra enfa na gyae,44,45,63.0,negative,negative,negative,negative
7780bdc2-7583-40a1-8545-73b9414b0317,b3di m3 sika nyinaa m3gyi borsia aka hò,44,45,63.0,positive,positive,positive,positive
fc9a0abb-0c3f-407f-8518-aa2a139f0b0a,kwaku anokye ampem nso di3 anka bet fa woho ben 🤣🤣🤣🤣,44.0,45,63,negative,negative,negative,negative
bc370857-6b92-445d-b5b1-b5c418054a32,we are one😂 nso omaame twa fa akyiri,44.0,45,63,positive,neutral,neutral,neutral
376f1af4-eed2-40a7-a1d1-9f3dc34421e1,1 minute biaa na trumu trumu fuo news nso nam mueii me de3 adey move to mars oo cos earth ha de3 nsem 33sisi,44.0,45,63,negative,negative,negative,negative
5d3ddc28-a8d9-4ff7-b3bb-f186e093d0f8,kwaku frimpong de asem b3 ba,44.0,45,63,positive,neutral,neutral,neutral
e7c75114-6251-43c4-82c6-9a1ff3a08996,3w makoma mu a nka wo behu s3 me dea ne wo sika na menni bi nti nka wo behu s3 me p3 was3m bebree😭,44,45,63.0,positive,positive,positive,positive
e09fdea7-ddbb-4b54-afcd-cc2e9a65d51e,de3 amanfoc asei ne din nti cka as3m koraa y3ntie 3na cb3ku y3n career 3na de3nde3n slim please come and collect ur stone wai afei na boys no b3hunu s3 woka nokware nokware ah wokaay3 nti na yayi wafri academy board no mu eeeiii ghana🤣 hmmm its all,44.0,45,63,positive,positive,neutral,positive
71611f28-bd09-40c1-907f-bcc7184f6e68,wonni sika a woti tesɛ odwan to🤣,44,45,63.0,negative,positive,negative,negative
7c0d9e9b-7b73-47f6-9580-294163a8fc7a,😂😂😂 eii pogba b3 ku nnipa,44,45,63.0,negative,positive,negative,negative
f66d5e0e-6a66-455e-b34c-66256a61dd1a,masa gyae gyimiii no jon,44,45.0,63,negative,negative,negative,negative
9dcd53c0-5b46-4668-8125-e9b4c502765f,asem b3n kraaaaa nie oh ama ghana,44.0,45,63,negative,negative,negative,negative
300115e9-912e-42b4-a7c8-7718530d3010,wonni sika aa 🤥 wose 3moo 🍚 3nmee ahiafoc ne nkwasia keka,44,45,63.0,neutral,negative,negative,negative
0527ef9d-c649-43b0-afc1-caf8e84d5976,saa na ay3 di3n,44.0,45,63,positive,neutral,neutral,neutral
d2c8ab7d-3403-4727-95dd-0812b65fe1b1,kotonimma 14 2022 twi ɔnyankopɔn apɔmuden mpaemuka aseda nka ɔnyankopɔn a wa di nebɔhyɛ nyenaa a ɛfa ayaresa ne apɔmuden ho wɔ me mu me gye ma ni wɔ apɔmuden pa mu ɛfiri sɛ kristo de nyameyɛ nkwa ahyira me yareɛ ntumi ndi me honam akwaa afan bia so ɛfiri sɛ ɔnyame awo me,44,45.0,63,neutral,positive,positive,positive
99688685-7ede-4bca-ae29-627d2393f1f4,fella do me momo erh,44.0,45,63,positive,neutral,positive,positive
f209f5d9-56cb-418d-8a80-964ed3e09740,eei na ahoyaa b3n ni med 😁,44.0,45,63,negative,positive,negative,negative
ccb0d754-c214-4c04-be84-e84c8aa74c08,kwabena apawu aka frère ka frenchman of mining city radio 895mhz tarkwa ghana,44,45.0,63,positive,positive,positive,positive
8b571023-4191-4c1a-b190-8f50835e344e,p3 3dan bi ma no,44,45.0,63,positive,positive,positive,positive
8bb8c454-24a0-4555-8d3c-d4293d105f5b,ah ka na ka bio,44,45,63.0,positive,neutral,positive,positive
9be4f0bd-5001-42b3-bb5b-6006d9529d4c,di sika na 2 bottles 3nnbc dan so ey 😂😂😂,44,45.0,63,positive,positive,neutral,positive
626b2004-b13b-4196-9491-424393ebf5d8,wo brofo da f3m,44,45,63.0,positive,positive,negative,positive
3883ecdc-853c-4520-bee8-c0c24064448f,ekuafo mpuntu ntsi meserɛ wo ma wenyido hwɛ mfe awɔtwe nekyir,44.0,45,63,positive,positive,positive,positive
7af8ba69-5297-45fb-8011-ea9edd797528,ɛyɛ ɔdɔ kwan so anaa,44.0,45,63,positive,positive,positive,positive
d28717cf-c48a-4760-80c2-a984e8a2efe5,ah so troskis go strike for real 😄😄😄omo ngyae gyimie no oooo,44.0,45,63,negative,negative,negative,negative
033a6df4-d944-4daf-9ece-778e9f26d87b,shy3 den na nyame b3y3,44,45,63.0,positive,positive,positive,positive
df51f938-3933-4d14-a371-586ef410281e,3to naa nso nti na 3ma me p3 was3m no booty 🔥🔥🔥,44,45,63.0,positive,neutral,positive,positive
4df08c24-b67a-43c6-9970-acf5cd67325b,wuni sika nso wup3 tw3 mona mubl3 🤣,44,45.0,63,positive,negative,negative,negative
10aa0c9f-6b6d-4d8d-8a46-5d23a7a7923c,deɛ onyame ahyira no no ɔkraman mfa ne mpaboa obiara nso sene asante kotoko wo kum apem a apem bɛba,44,45,63.0,positive,positive,positive,positive
6b58449f-437f-4e2c-8c57-d981b617c074,fine girl wose ne din de agyeiwaaaaaaaaaaaaa,44,45.0,63,positive,positive,positive,positive
e8fd66ef-31f3-4d6a-97a9-c4c34b21e3b1,seesei obaa biaa adane apocalyto wobehu omo biaa na ring hy3 ne hwene mu😂😂,44,45.0,63,neutral,positive,positive,positive
7d48f4da-17e8-4748-8020-d31e0df6c1fb,fa wo gyimii firi h sika a mo wia mmoro qwickloan aboa bi ne wo kwasia bi ba🤑🤭,44,45.0,63,negative,negative,negative,negative
71b8fdb0-3208-46ad-820f-8daefdb4d7fe,mode3 mo sore aa na ato mo ne nsemhunu wei,44,45,63.0,negative,negative,negative,negative
40483884-98bf-4dc1-955f-49a71c817627,na chelsea nii de3 anka europa finals fa wo ho b3n😂😂 modwene moho oo na saturday wa ha yiaa😎🤣🤣,44,45,63.0,positive,negative,negative,negative
11646b91-4d9f-4c69-8866-9743bcec66ac,mo nso mo ha adwen o,44,45.0,63,neutral,negative,negative,negative
cd60791a-2c55-420d-95c6-8b27f4a82e04,s3 me ne wo na 3b adwaman no o anaaa mabdam,44,45,63.0,negative,neutral,negative,negative
9f751de5-b925-4ca2-99de-f5d8aa9143d3,dua bɔ nyɛ ɛyɛ nkurasesɛm woyɛ krachie nii,44.0,45,63,negative,negative,negative,negative
9ad08534-9b1b-446c-8fd8-2ec7051c43ad,sɛ wo bɛyɛ sports enɛ anɔps ɔng anaa ɛyɛ anyumerɛ,44.0,45,63,positive,neutral,positive,positive
51c6453f-537d-4408-b8f1-1f29aa6f9ebf,kwadwo na ha nso eerhh,44,45.0,63,neutral,neutral,neutral,neutral
cafbcdde-d665-47b6-8b82-3891d2dd90eb,ansa na ɔmo bɛ hu sɛ nanka nam ɛde no na ne garadima boys no awe ne nyinaa asempa yɛ tia,44,45.0,63,positive,positive,neutral,positive
567a9412-c513-4f92-865f-6eacc5a545bb,information bebree wɔ wiase cuzzz ei,44,45,63.0,positive,positive,positive,positive
c0a25c17-a7a2-4d52-903d-a42c3b6c0997,masa masa fa wo gyimii k tchww,44,45,63.0,negative,negative,negative,negative
411dab55-acbc-4dae-8417-573baec57077,y3 y3 dom y3n ny3 baako mmienu miensa y3 y3 dom wo kum apem apem beba y3 y3 dom aaaaah wote kumerica y3ba aa,44,45.0,63,positive,positive,positive,positive
a06a02df-90de-495f-bbd6-fe22fbc6ccd5,aaawwww sika p3 nna fom 😂😂😂😂😂,44.0,45,63,positive,positive,positive,positive
033785ba-6b94-47e0-b012-3b8b325cf185,sɛ me mu dadwen yɛ bebree a wawerɛkyekye na ɛma me kra ani gye dwom 9419,44.0,45,63,positive,positive,positive,positive
3583e37f-44ba-4023-8470-bb097cb8072a,wow 😳 ahoufe nie anaa 3y3 snap na ay3 wu saa,44,45,63.0,neutral,positive,positive,positive
5b903be6-954b-42d4-8fac-f7054d4c7d4f,akwadaa na wa tattoo wo ho saa nu 🧐,44.0,45,63,neutral,neutral,neutral,neutral
d32ac7fc-fc1b-4fc3-9a87-db4b4efd50b9,mmaa bi y3 forken papa😒,44.0,45,63,negative,negative,negative,negative
c0f18368-10a3-4ac2-a225-80f9f1fc270c,😂😂😂mo nti naa ka foo,44.0,45,63,negative,neutral,neutral,neutral
0b0d9833-b589-4b54-acb3-ade47d315d1e,nti mede3 menka hoo yoo mate,44,45.0,63,neutral,negative,negative,negative
df4b8409-ebf3-4044-9df2-1486c660d550,ment car mpo na mosu yi 3nne3 next year de3 motiri b3 bom,44,45,63.0,positive,negative,negative,negative
d8f22901-1d1c-43c9-9520-89cb489b3d30,mona mo bl33 mewo asem ka but wahw3 na jack ako y3 me lawuu 🤔,44,45.0,63,positive,negative,negative,negative
285a8c84-71a5-4541-96ee-8a802b6fabfd,nyame betua wo ka,44.0,45,63,negative,negative,negative,negative
64fec2ca-4173-4fee-8582-ca001825526c,opanyin wo ho twa wate🙌🏽🙌🏽 top nu y3 guy❤❤nyame nyhira wo,44,45,63.0,positive,positive,positive,positive
ab34b070-498f-4f9a-8d76-59379d9707d5,enti menso y3b3fr3 me daa,44,45,63.0,positive,positive,positive,positive
5633865a-fa5a-4e0d-b858-1dcf83aa2eb8,koraa ooo so change it,44,45,63.0,positive,neutral,positive,positive
27246c06-d3b4-4e57-a6d1-336ca45f4ebe,wo rap asa wo hia mmoa was3 zoology 1057,44,45,63.0,negative,negative,negative,negative
005cad3e-18c3-4861-8212-7f3774e85932,ɛnnyɛ deɛ ehia ni,44,45,63.0,positive,negative,negative,negative
1d95cde8-655f-4777-b1cf-7b54e6c3043b,arh eii mey3m kraa ahy3 me,44,45.0,63,positive,negative,positive,positive
1b06fb00-7798-4220-87eb-42fee3e692d6,ey akua wonkoa wo nufo nono herh sosket nufo geng wei dier size boom o,44,45,63.0,positive,neutral,positive,positive
256ffe85-0695-4af2-a3ba-7a19aec542aa,masa masa atwa mu,44,45,63.0,negative,positive,negative,negative
5d040cf4-5a01-4719-adc8-f19c18789bd7,s loud 📢🔊 inside kofi nyamekye shop i want you to play me oheneba kisi adom nyame,44,45.0,63,positive,positive,positive,positive
f82284f5-ad4f-4a3b-8a0b-1bc85ad43289,blacko gyai gyimii no cos u belong to god not karishika 😡,44,45.0,63,negative,negative,negative,negative
ae2da84c-453c-4cae-a7bf-09b6c1812a00,e drink coke anka all this wont happen yk kwasia balls enkwaa na aka nu,44,45.0,63,negative,negative,negative,negative
b1b330d6-82bd-4741-8ae0-01c143cbdf5c,wo ka nsemhunu ntia,44,45.0,63,negative,negative,negative,negative
b6fe13b4-27c7-4bcb-bc47-05ffd2d33c77,pr7 erh so size oh 🤣,44.0,45,63,positive,neutral,positive,positive
7f28b8ce-ce8e-4688-acd4-15e134b6dbc2,wins and the pains goes straight to 🇦🇹😂😂😂💥🔥 yɛn na yɛ se da hyirem yi oo 🤣🤣🤣,44.0,45,63,positive,neutral,positive,positive
4768d21d-34ad-4e4a-a367-2e083d42498d,wode33 fa ps5 sika no twa me surprise,44.0,45,63,positive,positive,positive,positive
cc48bead-3a73-4075-8bfd-4abf73759383,eno na eda hɔ no 😂😂😂,44,45.0,63,positive,positive,neutral,positive
08d247b0-8a69-4654-860c-0d9c4c4e8d75,morocco fuo no de3 chairman gyae cash taa ho sika wofie,44.0,45,63,positive,positive,positive,positive
c95e040f-0275-4ca7-9014-f431b7c21bfb,wo brofo no ny3 me d3,44,45,63.0,negative,negative,negative,negative
480be97f-0f28-4ccb-88ca-5971412dfcb3,barça group no mu ay3 d3😂😂,44,45,63.0,positive,positive,positive,positive
b9fb1ba2-7fac-4e3d-ab4d-67f86eb05cfd,me hia mu mpo ma dawgi wo dada,44,45.0,63,negative,negative,negative,negative
1e4f95f9-1123-4da7-bd8e-6f9dde9d6bf1,saa edwuma no y3 gyae,44,45,63.0,positive,neutral,positive,positive
eea57ffc-7100-4511-b431-e89226762db2,name like joe wise dierr anka gyimie fa wo hu bɛn i,44.0,45,63,negative,negative,negative,negative
9f3edf4b-a36a-4ce2-b59b-0b01ca47639b,me kn d koforidua bread,44.0,45,63,positive,neutral,positive,positive
283db295-02ea-483e-b1d9-640c876dbe31,y3 di akyr3 wo n,44.0,45,63,positive,neutral,neutral,neutral
12936184-f6b1-4133-83db-e50c42a316a1,hwan na b3didi metcmu na menso mah didi na yaase😹💔,44,45.0,63,positive,negative,negative,negative
85b36de5-e8fd-4d05-8deb-c0c74b35cbf9,wo maame tw3 sef u listen,44,45,63.0,negative,negative,negative,negative
16740a43-62bd-401e-9c07-53b5d5f5bfba,me muom paaa di33r i like money,44.0,45,63,positive,positive,positive,positive
66984a9c-5a83-4686-b7a5-cc5a1bc385f8,y3nka kayer3 wo ay3 s3 obaa wnim aduane noa no 3nye d3 nso na wgye hon 😏,44.0,45,63,neutral,neutral,neutral,neutral
4624646d-1b72-4a92-ad49-4408f8c17c78,tega na fine babe ooh😋,44,45.0,63,positive,positive,positive,positive
c8aafe5d-b4ba-4109-8e03-f16aea601930,im greatful to god for the gift of life 🤝 🙏🏿 🙏🏿 sɛ nka nyɛ nyame a nka otamfo no de yɛ ayɛ hanam ama wonse,44,45,63.0,positive,positive,positive,positive
50d14c17-bc13-458e-914d-ca3c21923e78,wahy3 shirt kama ne wo trousers whan nfa skirt wei anka ho saa na any3den o😐😐😑😑,44,45.0,63,negative,negative,neutral,negative
995733b1-d897-4abd-8c20-d0051134fe7c,modeɛ wee nom nti nkwasia keka nkoaa,44.0,45,63,negative,negative,negative,negative
770b5301-6095-400f-acb4-f8de3a816645,eii dis tym😂 woy3 baifoc anaa 😆,44,45.0,63,negative,negative,negative,negative
6b032a56-72cc-4b64-933a-7e3c9356fac5,abusuafo adwuma no asi 😂😂😂 alaba says shes tired of the work nti adwuma no wagyae 😂😂,44.0,45,63,positive,positive,positive,positive
de7f40f5-43a3-406c-8698-06e65e3e12da,ali di33 nanka date rush fa wo ho b3n wo di33 y3 aponkyi ni odwan,44,45.0,63,negative,negative,negative,negative
90cd4c26-a3f4-4a68-87ac-b226adb605e6,dog eye e be shit dem chop that be why dem dey fool so nu efia tenge dey dey blow nyaaaa sey nobody for go the demo anka yagyimi ama no anaaa o feeli s3 y3ny3 agyimifuor na egu jubilee house h a won rewia ghana sika no nyinaaa anaaa s3bi o 😂,44,45.0,63,negative,negative,negative,negative
548b83e9-d852-434d-8084-fade7d95e304,ama africa ne gyimee ne kronoo 😆😆😆😆😆,44.0,45,63,negative,negative,negative,negative
bb641d4d-cddf-4001-9162-e8a27f136bd0,nana nso de3 anka bet fa woho b3n eeei koo bibini,44,45.0,63,neutral,negative,negative,negative
68e15b22-0102-4468-bc59-4ace7ee2763d,short boy nso di3 anka love fa woho ben 🤷🏾‍♂️,44,45.0,63,negative,negative,negative,negative
f9841893-ca2b-4ea1-801c-603ea2b894d7,b3 yɛ den wɔ wiase,44,45,63.0,neutral,neutral,neutral,neutral
bde0ce87-12ad-4720-b4b9-64dccfedd51f,yen nda na mo ada,44,45,63.0,positive,positive,positive,positive
1f7e5071-0106-4e1c-8353-38ba2d6528df,ɛnnyɛ hwee wo to na wopɛ sɛ ɛyɛ kɛse😃😃😃,44.0,45,63,positive,neutral,positive,positive
c4c059f3-0f80-4b0e-8e92-718a556eb438,ei ei ei esi 3sh3 wo,44,45.0,63,neutral,negative,neutral,neutral
ddcef1a6-b59c-4556-90f9-d6a8ca5afd7e,aeihuro paaaa ni😂🤣😂🤣😂liverpool is goodna man city nka s3n😂😂😂😂,44.0,45,63,positive,neutral,positive,positive
8a645cfa-0126-4495-be4e-354b964f36ed,hahaha wie y3 de gye cup 😂😂,44,45.0,63,negative,negative,neutral,negative
ff4ebdc0-8715-4efc-b6cc-8b70f93fc72b,pure scorer but team no atiti nti,44,45,63.0,negative,negative,negative,negative
430ffb14-4ca9-46c9-a6f1-e9b7290d63ce,na fatima koraa why koko seller de3 anka date rush fa woho s3n,44,45,63.0,negative,neutral,negative,negative
78ed7b36-0c40-4f72-adbd-448beeb0b3d0,wo kɔn adɔ awoɔ onn,44,45.0,63,neutral,positive,positive,positive
6f4a6f72-a0ae-47f6-ad3a-d5391bec34ea,emaaa ahofe fo w akwantuo mu paaa,44,45.0,63,positive,positive,positive,positive
8994082e-5753-40bb-ad85-709cf0e1102d,3kom ede h3n afe dea flight 3gye sika no fir y3nsem 😂😂😂,44,45,63.0,positive,negative,negative,negative
155ffc71-bc70-495d-994d-2ab8c474187e,fa wo gyimii kc,44,45.0,63,negative,negative,negative,negative
99a4e95d-3905-48c2-8c87-2afaf7c0b874,1 minute biaaa na broken heart nam mu🤣🤣,44,45,63.0,positive,negative,negative,negative
af09c27b-cc9e-4823-b712-15fa903b9cd3,nti nka y3 nyi hwan na kwadaaso usain bolt mmra mu,44,45.0,63,positive,negative,positive,positive
344b0f2d-c69e-45a3-ade4-972ebe44f543,nyom fonn b3n ni mtchwww sake of noko fioo nti boys dey give am fans for comments 😂😂,44,45.0,63,negative,negative,negative,negative
843b78a4-29f4-4fbc-a132-5f56314e05db,hw3 be jon bi 😏🚶‍♂️🚶‍♂️,44,45.0,63,negative,negative,negative,negative
be3bf812-b7b0-4102-9197-ef6994222e40,masa masa do the needful you lose bet yɛ nia ehia,44.0,45,63,positive,neutral,positive,positive
4c8146aa-1f1c-40d5-b672-e3d293e2115c,wey titi owusu thatobidi en pikin anaa,44,45.0,63,positive,positive,neutral,positive
4a3711eb-830c-4699-aaa7-869bcc511514,like manu me ho kraa😂ei,44.0,45,63,negative,neutral,neutral,neutral
bb7f9362-2bbb-48c6-85b5-108d61e0db43,so chelsea ankasa ebe team anaaa cos eiii,44,45.0,63,negative,negative,neutral,negative
83971d34-004b-4a76-920a-4e60b39680f5,mo dea gyimie narrr still nipa nu awu nso mo salute no,44,45,63.0,negative,negative,negative,negative
afdd104b-9d02-416e-a3bd-0446199c2a90,masa dwen wo team ho,44,45,63.0,positive,positive,positive,positive
9aed7e98-c189-493d-8171-e9dcf6522f80,bamba deɛ no err,44.0,45,63,positive,neutral,neutral,neutral
f5cb01f5-00a3-4f5b-8932-d27cb9587dc2,eii to rep eii then jack i missed a lot cause thing ebi music kakraa comedy kakraa,44,45.0,63,positive,positive,neutral,positive
3d44663d-9acd-4981-a668-79bf033564cb,ken agyapong dze agyes3 nsem a no ho nhyiaa nkoaaa na ka boaa namu du,44,45,63.0,negative,neutral,negative,negative
7cfffd75-7862-430a-bac9-6011656d433c,information w bbn reunion oo oh no no numa 3korso,44,45,63.0,neutral,positive,positive,positive
16c31755-1683-4d35-9138-cb8aa262c9c3,software update baako 2gb😕,44.0,45,63,positive,neutral,neutral,neutral
81ab0997-b309-4fd7-8d1f-8a60abc98088,ooo aaaa eiii na yapn,44.0,45,63,positive,neutral,neutral,neutral
9c9e8221-824d-42fa-b172-92ccb0b1c673,dede ayew nyɛ wo hweee,44,45.0,63,positive,positive,positive,positive
42f4ab4d-04d4-4f17-a203-e269883ebff8,normal odds and banku odds twa bi di k3k3,44,45,63.0,neutral,positive,positive,positive
0a474913-44c9-417d-ac5c-c60808eaa2b8,baayir3 ne kk a yakyi ne denky3m🐊 full one 😋,44,45.0,63,positive,positive,neutral,positive
d0ea9651-ba8b-4e41-b518-0bb42bc8bdfd,patapaa sco pa tu ma na nothing makes sense anymore 🤨,44,45,63.0,neutral,negative,negative,negative
4a5c41c4-b2d2-446f-bc8b-19afc44d97fd,porcupine warriors wo kum apem a apem bɛba ɛmu ɛdɛ yie❤️🖤❤️🖤❤️🖤❤️🖤❤️🖤,44.0,45,63,positive,positive,positive,positive
4543a5c6-d4a6-43e0-b28e-150fee310c9b,your welfare youre tweeting lies fioor and yes magyimi nka biibi anaa,44,45.0,63,negative,negative,negative,negative
ff554fb2-b602-4ca8-b46d-a3976de328e7,sika no oo sika no,44,45,63.0,positive,neutral,positive,positive
7718e110-aac8-4878-ad72-841c0bd34a44,paa s3 m3 supporti manchester united de3 nanka me de b3 nom ankaatw3de3 😹💔,44,45.0,63,negative,negative,positive,negative
9c009f56-e1a5-4ea8-853f-350a13f879dc,s3 meka dabro wa kooli a ma people can relate 🤷🏿‍♂️,44.0,45,63,positive,neutral,positive,positive
11e15214-7321-4d43-b629-d1aa1aff14bc,ya sheshɛ yɛ nikes mono yɛ dodoɔ yabɔ anoo enkron maamefoɔ no huu yen aa omo si yɛntwi yɛ nika no nkɔ suro bɔ akata all my life mfie du mmienu shoe game hard yɛ bɛ sie mu dont step on ma js tho you ma queen i love youdont mess with the drip,44,45.0,63,positive,positive,neutral,positive
e83fdc4f-3b68-4fdb-834a-d32e244fb819,b33ma anim ne nisuo 😒😒😒😒😒as3 waka m3ko mu,44,45,63.0,negative,negative,negative,negative
e9e10a81-3fd9-4c59-9fbe-f067b9129de7,ah😂😂😂 na wiegyimi anaaa,44,45.0,63,negative,negative,negative,negative
d2b1f870-e166-4961-ba22-595c8a46477a,menua na woho te sɛn,44.0,45,63,positive,positive,positive,positive
ebd2b68a-d683-4815-a53e-9d3338c69495,daabi anka nsh3 breesi ne kobene 3ntwa adwaadwo anaa,44.0,45,63,positive,neutral,neutral,neutral
2eb7983f-512f-400e-a744-f954ddfcb8bb,y3 feeli wo paa 🤣🤣🤣🤣,44,45,63.0,positive,positive,positive,positive
2fd8b37e-da07-432a-bd4f-15c040932470,ow charley lol ibi so hahahha 🔥 🔥 🔥,44,45,63.0,positive,neutral,positive,positive
f345ab36-be1e-4970-a467-d3522e4d1ba5,apuu fb wae im married,44,45,63.0,neutral,negative,negative,negative
9f0568c3-9374-4ad0-85d9-d8c041c4053f,😂😂😂😃 e be gob3 anaa,44.0,45,63,positive,positive,neutral,positive
9bbbbeee-7216-4f86-8b92-3040f37b034c,wonni vision baako sei,44,45,63.0,positive,negative,negative,negative
b85ee433-f22d-4366-9417-3986249a85c4,dabro shi 🚬 na won shi egya b mano yi de3 me trappi,44,45,63.0,neutral,neutral,positive,neutral
8c480b20-cf9a-4c60-a681-6cc3acb95658,mo nyinaa mmt nkwasiafour,44.0,45,63,negative,negative,negative,negative
95420002-4b77-4147-862a-dd25327255e0,nti y3nka ho bi anaa☹️,44,45.0,63,positive,negative,negative,negative
37775e65-743d-42c1-bda1-597af38db81c,wo p3 followers ak he,44.0,45,63,positive,neutral,neutral,neutral
6cc03bb1-bca0-4232-a769-1f374e330da5,wo claimi awoshie rihanna ɛnyɛ force sɛ boys bɛ shɛ designer 🐐🐐🐐🔥🔥🔥,44.0,45,63,positive,neutral,positive,positive
3920ac36-6067-4ffd-84e8-e97ec1c8ae49,bibiaa ay3 basaa wo krom yi muy3 su ah na club700 di hashtag ab3 gumu,44,45,63.0,neutral,negative,negative,negative
59c8f046-a11f-4a1f-a961-60bbfe34dae5,nie 3ne3 today de3 usa slangs no b3su oo eii slay kakra catwalk kakra akutia nso kakra ❤️❤️,44.0,45,63,positive,neutral,positive,positive
c5ae8cf0-1c5d-4bfa-911f-a6987c7df228,wo y3 abranti3 aaaa efri wo botom krom b3 y3 wo d3 aaaa efri wo botom december nso b3 y3 wo d3 aaaa efri wo botom,44.0,45,63,positive,neutral,positive,positive
7eae4194-c990-4355-80a0-0cb0a558e4e8,asa oo 3bi ansu wo so kcda,44.0,45,63,negative,positive,positive,positive
c3cc580a-fcca-4e7c-afa1-dd86b1ef097c,ɛyɛ wo nwanwa ohn 😀😀😀,44.0,45,63,positive,neutral,positive,positive
962ee7fd-9dc6-47c2-9b48-2ddd0f538453,fa ha na mi fa ha y3 b3 hy3 goal agyi cup 😹,44,45.0,63,positive,positive,positive,positive
08bb70e3-56d9-4407-ac32-fd028d497533,wo nni sika wo di odo ye den nana 😂😂,44,45.0,63,neutral,negative,neutral,neutral
641bb7e8-d295-4b83-864c-0a80e66e33c1,deɛ e no bi arsenal deɛ nka my mind dey give am nso arsenal nti 🤣🤣🤣,44.0,45,63,positive,neutral,neutral,neutral
40955d2b-8271-46dd-921b-82cc6dc146a6,🎶 🎶 mpaebɔ tumi yɛ biribiara ɛde daa ahode bɛbrɛ wo mpren mmpa ne anigye pa kyɛ wɔ mpaebɔ mu 🎶 🎶,44,45.0,63,neutral,positive,positive,positive
271157f7-3f71-4ffd-8aed-367163adc6b2,kwame from bolt no wagyimi anaa ah,44,45,63.0,negative,negative,negative,negative
e22f6e46-6c3f-423a-8d05-4fc36968afb4,zendaya jawline and the corner of both her eyes yehowa 🤩🤩 ne ti kakraka nu nso y3 me tayse ankasa sister me tali wo to saah agyi me shua tu tor f3m ohemaa,44,45.0,63,positive,negative,positive,positive
825f0123-5853-4043-8d6d-168b5dddd572,manchester united fans nyinaa ani awu,44,45,63.0,negative,negative,negative,negative
63574fe5-58d4-40b4-9fc1-e00e0bb73607,asaase no se nyame ay3 awei🇬🇭🇬🇭🇬🇭,44.0,45,63,positive,positive,positive,positive
0751771b-88ab-42d7-9571-7e3696ca498f,sika bumo so aaa name around mo ni nkwasia keka mtwwww,44,45.0,63,negative,negative,negative,negative
a29b8519-98b4-4b5c-8d1e-0e6ea6fe3966,ɛnti wu kɔ makola anaa kantamanto anaa agbogblishie dwa su aahɔmu ka english anaa,44.0,45,63,positive,positive,neutral,positive
4f5270a9-849a-483f-af84-5153c6daa5fa,me w eye drops 3nti mani ate paaa joey b,44,45,63.0,positive,neutral,positive,positive
35cdf5a8-65c0-433f-83de-6b3d0ddf9376,pre valentines gift yen ka ho bi anaa 😂😂,44.0,45,63,negative,positive,positive,positive
767443f6-8d96-438b-aed9-17b0068db218,ghana ne tw3 bia 😂😂,44,45,63.0,positive,positive,negative,positive
1f6edcc8-b1d7-40d6-aef4-3a1ccf13e22a,sika no oo sika no,44.0,45,63,positive,positive,positive,positive
cd5803cb-9fb3-4815-94cb-3a67bab88684,wotan me na menwu na me san flexi gu wo so,44,45,63.0,positive,neutral,positive,positive
6ccd8f1b-9274-4a0c-835e-cb68a8313a80,fa wo gyimie ko erh,44,45,63.0,negative,negative,negative,negative
655219b7-84fd-404f-9402-8a323d0d10d0,bossu y3ka nokor3 kyer3 omoyedi tw3 no nso yie,44,45,63.0,negative,positive,negative,negative
97821ac5-59ea-4c96-9800-d1d3ea63c76d,nana mefɛri wo paa,44,45,63.0,positive,positive,negative,positive
b76dae8f-7d07-4b0a-9b68-1bb69770f1f4,everyday u dey tweet ashawo season ashawo season nso wogye sika firi wo maame hc na to collectionjon boy😂😂😂,44,45.0,63,negative,negative,negative,negative
a6a79d76-94ed-4dd9-b17b-1156f95876bf,s3 eny3 nsem bi a anka ka nokware s33 chelsea nso y3 team mpo anaa 🙄 🤧🤧🤧 mu sore a dede hunu nkoaa ene mun3 🤣🤣🤣🤣🤣🤣🤣🤣,44,45,63.0,negative,negative,negative,negative
9e3c97eb-1ca5-46e9-b63f-cc9449d0f1c9,paul dier agenda mu kingpin ooh 😂😂😂,44,45,63.0,positive,positive,positive,positive
9568aead-64c2-4854-b09d-5b282c2883c2,gemi si na hamili 😂😂😂 oy3 d3n 🤦‍♂️,44,45.0,63,neutral,negative,neutral,neutral
d5d26dc5-0a88-4f46-b16b-7497eeaffe31,nipa tietia a wato dmuhrrr gyes3 agradaaa na 3b3 titi net3m,44.0,45,63,positive,neutral,neutral,neutral
8314c134-ca0e-4d43-bf85-6bd2ebd3f636,b din errr🤣🤣🤣 monni sika nti wo vhim nyinaa w fam aboa,44.0,45,63,negative,negative,negative,negative
6dd443b5-2072-49e6-a0b6-f50e976af697,jesus da wa se wate,44,45.0,63,positive,positive,positive,positive
38794c79-dd10-403b-bb1b-7887ed7b8a12,odo kakra sika kakra op3 adepa nnso osuro abuoden woy3 chisel mr solomon,44,45,63.0,neutral,neutral,positive,neutral
c4f1ded9-6858-48ea-b0fd-ce5cc3a71168,opanyin toto eee gyae gyimie no na w3nyini ah,44,45.0,63,negative,negative,negative,negative
424fdf6a-6d8c-4bd0-af19-6252dfc0aa36,nika no da me ha nso wall no na matwa masi akyire,44.0,45,63,positive,neutral,neutral,neutral
4aeba302-96cc-4098-b99a-ea08d599307a,onua me tii wonka aky3😹😹,44.0,45,63,positive,positive,positive,positive
e2cdceed-9196-49d1-b403-9a5424229a58,ah ny3 condom na 3da so no,44.0,45,63,positive,neutral,neutral,neutral
84afe1ea-4c0e-4434-bf80-145ab5be99b2,me gyidie ebedwa ntsi to nyame dwommaaad🔥🔥🔥,44,45.0,63,positive,positive,positive,positive
63e14bd8-632e-4154-9585-776fc893d3f1,ali di33 nanka date rush fa wo ho b3n wo di33 y3 aponkyi ni odwan,44.0,45,63,negative,negative,negative,negative
f7d76a02-df84-4485-943f-ac31838453df,raster man me y3 flair aa wode me di agoro nti wonsuro adi3 😎,44,45,63.0,positive,positive,negative,positive
2192d7cf-b54f-4f5a-ae6b-910ddb815a01,ɛkɔm di garçons paa awurade sɔ me mu,44,45.0,63,positive,negative,negative,negative
21d912d4-bc31-4f76-9729-afeffa363e52,knatanka made iphone nso nnam mu😂😂😂😂,44.0,45,63,positive,neutral,positive,positive
ac999054-5bf6-4c58-965b-01ad91e2f7fd,wo fam pillars saa😂😂,44.0,45,63,positive,neutral,neutral,neutral
3a3a3571-331c-4b8a-947b-46c9638276e6,nyame adom nti y3 ho y3 🙏🙏🙏🙏🙏🙏🙏,44,45.0,63,positive,positive,positive,positive
723d3a84-784b-4feb-a428-d1c56c3f1402,blacko gyai gyimii no cos u belong to god not karishika 😡,44.0,45,63,negative,negative,negative,negative
0c54c47b-456e-435f-883e-1c1b0d3522de,rapper amoako baako p3,44,45,63.0,positive,positive,positive,positive
c5f5208e-77af-4190-befb-5904682f27bc,adwaman ay3 wo sei ram eiiii🤔🤔,44.0,45,63,negative,negative,negative,negative
709ec134-3b4d-4298-bfae-78f6592dd7d3,mongyae gyimii keka no na weed ny3 ade pa monsua nyansa,44.0,45,63,negative,negative,negative,negative
d80539fd-0a21-4a25-aa1d-82716346b9a2,kwaku messi de as3m beba,44,45,63.0,neutral,neutral,negative,neutral
03c33d2e-2a8d-4084-ac5e-b8cb8980aef7,battle saa nu owura yesu agyae wai,44.0,45,63,positive,positive,positive,positive
d35d2a09-90e2-47c9-9257-b8258e9f8ad3,aka baako no wofa 😎,44,45.0,63,positive,positive,neutral,positive
9516f1cd-113e-422d-8f0a-7b0d930ba7de,kwasea kasa me maame y3 glo,44,45.0,63,negative,negative,negative,negative
3d42b55b-684d-405b-a893-b3b8494abd14,ideas no nyinaa at nsuom,44,45.0,63,neutral,negative,neutral,neutral
b0b7f616-f2f0-4d16-81e6-1d8551cf34d8,nana nso de3 anka bet fa woho b3n eeei koo bibini,44,45.0,63,positive,negative,negative,negative
f5392ee6-f10f-492a-b841-e5753ca63f78,ob3 t nsuo mu😂,44,45,63.0,neutral,neutral,neutral,neutral
7795dd85-4dbe-4b05-96f9-2ed9e880d9c9,hw3 nea cckyer3 ne ne nufu nketewa bi mtchew,44,45,63.0,negative,negative,negative,negative
0c76e0c8-77ae-42e8-b63a-f83fea751824,onyame mmer3 ne mmer3 pa frimpong,44,45,63.0,positive,positive,positive,positive
546a506d-06b0-42f7-8f04-ea1eb9eee910,bibinii te s3 wagyimi aama what nonfa has spitted stop fooling wati,44.0,45,63,negative,negative,negative,negative
7a2ea147-1dd7-454c-b976-58db47f6e504,me support ecg nso ya dum me light 💡kofi dane 🔥🔥🔥🔥,44.0,45,63,positive,positive,neutral,positive
bff83c46-9e80-47bf-a55a-09981a95069e,asw3 wagyimie oooo eeiiii mey3m mpo ashi me s3naa ebi didi bi akyi😂😂😂😂😂😂😂 eeiii kweku picaso,44,45.0,63,positive,negative,negative,negative
2d403d3d-44bb-4a1d-bddd-bc6b3eda6eea,ka tika we dont choose 😢,44.0,45,63,positive,neutral,neutral,neutral
8313a9f7-c071-45e7-a90d-7f43c0c28c80,pochetino nso dierr nanka trophy fa wo ho ben,44,45.0,63,negative,negative,negative,negative
2ff7a1be-c71c-47ad-bf90-65019098719c,now barca get moneyyagye sika nti mo ngyina yie,44,45.0,63,positive,positive,positive,positive
3d2d03fd-0bcc-4a9c-8e94-1942a0cf5531,enti ne kora kora ne s3n,44.0,45,63,positive,neutral,neutral,neutral
4b3b8ef2-244d-4773-9150-99c84994b7d5,eiiiii adwen bne nkoaaa,44.0,45,63,negative,negative,negative,negative
a40d1535-b045-4778-8976-e075bfabdf3f,saara nso na wote ɔman nu mu na sɛ wodi ntoro gu ɔman no ho fi a wo yɛ ɔmanbɔ fuɔ,44,45.0,63,positive,negative,positive,positive
6c30ac3e-c601-4321-b14c-51f7b82088c6,fo nso wɔasã paa o won win match no na wɔ ntwe points gap no mu a woelose weekend yi nsɛ wobehyia fo no wobohu paa dɛ chance no kɔ,44.0,45,63,negative,positive,negative,negative
29864ff4-5ced-4c42-8ed1-0a3e58698f0c,ob afehyia pa afe sesei na adze a oda wakoma do biara way3 yie ama wo me sr3 nkwa tsentsen na sika pio dze ma wo ma wenyiwa ngye dabiara,44.0,45,63,positive,positive,positive,positive
b6081c41-8e79-4e57-9b3b-bc7e3d0ba586,ahh 😦 😂 ɛyɛ asɛm oo,44,45.0,63,neutral,negative,neutral,neutral
77ad9d4d-caf9-4d57-9845-e8f7589198dc,obaa yi ho twa👌🏽👌🏽👌🏽❤️❤️❤️❤️❤️,44,45.0,63,positive,positive,positive,positive
446000ae-1001-4d8e-beaf-70cac8966f19,enti barima wo si so paa obaa aka kyer3 wo s3 feeli wo da 🌚😂😂,44.0,45,63,positive,neutral,neutral,neutral
aa4e1565-14d8-4d57-af08-d6420afcc60b,da mu baakop3 s3,44.0,45,63,positive,neutral,neutral,neutral
5e3cfa5e-4a12-429b-8705-b092eda312c2,me nsa ho nwii na woka yi mano ho nwii na woka yi mabodwes3 na woka yi me lala nwii de3 wob3y3 den 🎶,44.0,45,63,positive,positive,neutral,positive
f194297a-f68d-4998-a3df-26e709365b06,herh wa no no,44.0,45,63,positive,neutral,neutral,neutral
9f4de97c-5e1c-4618-b382-0764753f7c45,awwww best new artist paaa deɛ nka gyakie ooo nso me ne hwan,44.0,45,63,positive,positive,positive,positive
33b56ebe-141e-4c15-9adf-8a63692e0bb9,y3 hia sika bebreeee,44,45,63.0,neutral,positive,positive,positive
f1bd0134-6427-4fd2-a223-208fbe7611fc,krom aye shi ooh aban tua salaries y3,44,45,63.0,neutral,negative,negative,negative
591357d1-4657-499e-9090-cc1728d95db5,herrrh onyame ay3 bi o 🥹🥲🫢,44,45,63.0,positive,positive,positive,positive
9a8e30a0-27b3-42a7-b874-b31260e22ba9,wikipedia adɛn me yɛ 🙄,44,45.0,63,neutral,neutral,neutral,neutral
3938e781-4b4f-4a01-8f3d-54616fb2c4a4,ɛyɛ hu me mɔbɔ 😂 ɛnyɛ wumi,44.0,45,63,positive,neutral,neutral,neutral
85aad103-c232-4e95-b446-22a262f75b49,i no dey barb wei bookmark b3n na 3w mu amanfour agyimi oooo,44,45,63.0,negative,negative,negative,negative
a99a9803-4e81-4ba5-80b9-014957a99e68,bag ketewa no ntaade3 pii k mu saa,44.0,45,63,positive,positive,positive,positive
3e6b5c1a-6015-45c9-a10a-6184c83edfc5,masa eny3 wei na eyie bring update,44,45.0,63,neutral,neutral,neutral,neutral
5ee33e2a-2da1-4b4f-8cfd-3af22435170c,john kuma paaaaaaaa funeral awwwwww ghana ne gyimie,44,45.0,63,negative,negative,negative,negative
80507db7-709e-4e52-9050-3c374190c65e,wote ejisu 3pe light masa fa won dede da na ahodwonhyiaeso nyinaa aye sum 🤣🤣😂🤣,44,45.0,63,positive,negative,negative,negative
a3c6cac8-fec2-416c-8313-e27588bd59bc,oh charley ab apa ho o,44.0,45,63,positive,neutral,neutral,neutral
5f790bfa-bd64-4676-8745-468aa38af94b,joa susu twa ntr na wo y3 fine boy😂😂😂😂,44,45,63.0,positive,negative,negative,negative
e72d6f6b-b023-4492-802f-9f25afc1a81e,ah🤣na wei so eer,44,45.0,63,neutral,negative,neutral,neutral
34edb6f1-aa6c-40db-9ebf-2ccfccfaf1ab,me nyankopon nnyɛ lefty nti i be alright,44.0,45,63,positive,positive,positive,positive
e83a2b26-65f6-48f8-8462-cab44432a67d,herh wo y3 d3n wo abeyifo mu 🤣,44,45,63.0,neutral,neutral,negative,neutral
5cb4b831-10e4-45ac-bdb6-eee919f8096f,gyimii wo maame abr3 paa,44,45.0,63,negative,negative,negative,negative
2b151c0c-d006-41ac-a9ff-e26f02306121,wode woho abɔ nwura nti na wosi park ne so a na wobɔ nwura saa no ohn smh,44,45,63.0,negative,negative,negative,negative
a1eb8ab6-f32d-456b-9f62-e9c679496b89,wonni sika aa wo bu fu baahat 😹😹😹 ohiaa ny3 oo 💔,44.0,45,63,negative,negative,negative,negative
833ae069-4c55-47ea-86a4-a083a7bfd980,oracle mu nana agradaa akai,44,45.0,63,neutral,negative,negative,negative
be226d46-391e-4d20-b0f8-197bd71bdcad,fa wo mmoasem firiiho aaaa ah are you in gh paaaaa,44,45,63.0,negative,negative,negative,negative
4518cd42-7299-431e-8054-8826458461c8,ei idolo eno bi you ankasa,44,45,63.0,positive,neutral,positive,positive
1af1ace6-c4e9-44eb-bebc-da55b305100b,herrrhhhh fa wa no twi twi fem,44,45,63.0,negative,negative,negative,negative
418696f5-a7cf-4aae-86ea-f3f2fc5a620a,ah ka na ka bio,44.0,45,63,positive,neutral,positive,positive
d45a01a4-33da-4af1-84ae-d1873d3c8963,fa wo jon k😒,44,45,63.0,negative,negative,negative,negative
35999120-3650-4558-b4e2-b8247aaba581,wo nim brɛ woa brɛ afuomu ha aaaaa 😂😂😂😂,44,45.0,63,neutral,negative,neutral,neutral
64b0b5ce-2cbe-4fd8-97cf-b895a38d1870,wo deɛ kɔ so na gyimi😂😂😂😂,44,45.0,63,negative,negative,negative,negative
9e2e995b-aa2c-4e8c-9e8f-26d28d0de04a,ɔnyankopɔn apɔmuden mpaemuka nneɛma nyenaa a ɛfa nkwa ne onyamesom pa ho no yɛ me deɛ yareɛ ɔhaw ne amanea ɛni kyeɛfa wo ma brabɔ mu sɛ me yɛ ɔnyankopɔn ba yi nea me nim ne nea me hu yɛ onyankopɔn apomuden trenee asomdwoe ne anigyie wo onyame honhom kronkron mu aleluya,44.0,45,63,positive,positive,positive,positive
756fc802-f679-4c91-af5a-cda4d60d2352,eeii marketing yi dierr 3nfa oo🌚🦦,44,45,63.0,positive,negative,negative,negative
7abb0921-4c02-4c3c-a673-b0b2ff99045b,wura ice cream shop no mu mese wura mu,44,45,63.0,positive,neutral,positive,positive
b65e5c73-7ae3-4468-b0b8-585c97f49549,ei wiase nyinaa best midfielder 😂😂,44,45.0,63,positive,positive,positive,positive
f56a9de4-f7a4-4232-9547-7a5dbf858d3a,3n3 de3 wooka twi paaa oo aden wadi fufuo anaa,44,45.0,63,positive,negative,positive,positive
8e1943c3-567f-4604-909c-3924cab59036,wo deɛ wo gyimiiiii no bɛgyimi,44.0,45,63,negative,negative,negative,negative
61576e2c-ba6b-46d9-92fc-12485c7195ce,yɛte kumasi nso yegye shout wo taadi love insyd sokoban odaso 👍👍👍👍 shout to fred cey insyd taadi efiekuma,44,45,63.0,positive,positive,positive,positive
f47a706d-449f-4d5d-b849-6bccdc8be6b5,anadqo d3suo yi mu kwame wo di saa information wei ey3 den hoh,44.0,45,63,positive,positive,neutral,positive
1f36690e-fd79-408d-88be-6b388e4dae04,kasoa no be part of accra anaa 😂😂😂,44,45,63.0,positive,neutral,positive,positive
e3a7c20e-908b-434f-bace-73dcc885256e,me yem koraa hyehye me 😭😭😭,44,45.0,63,negative,negative,negative,negative
b2710bdf-496c-43bd-970b-b3db599afefc,like london bi accra nka arsenal dey sukura wey chelsea dey east legon nti rest wai 🤣🤣🤣,44.0,45,63,negative,positive,negative,negative
ee374591-22a9-4095-bda4-7d2924615bc1,what a song herh no ti ap ankasa gye wo two✌,44.0,45,63,positive,positive,positive,positive
1d21f628-e782-44e5-b384-1961078f5d04,mo saa ndc social media people yi moregyimi paaa oooo,44,45.0,63,negative,negative,negative,negative
e230f84b-ea69-4f49-9b5e-4b97cd4e07ac,this trumu pant di3 chale mo trumu nyinaa b3y3 kuro ooh😹😹😹,44.0,45,63,negative,negative,negative,negative
1c902ac6-e86e-4a59-98ed-36d6b076874b,mona mo bl33 mewo asem ka but wahw3 na jack ako y3 me lawuu 🤔,44,45.0,63,neutral,negative,negative,negative
9622a086-9107-4f91-ada5-77ca0f901604,me dɔ hruuuuu sɛ girl wei yɛ spec abowa nyame nsa anu yɛ fɛ,44,45,63.0,positive,neutral,positive,positive
9b93f1f2-f5c7-4726-96f3-bb5affada8e9,nso woti asem a nya abotare na mp3 ntem enkasa 😒,44.0,45,63,positive,positive,positive,positive
41db1f48-f814-4a1e-bae6-fea4a6b2ecc3,3no nso de3 anka 3fa meho ben 🤧,44,45,63.0,neutral,neutral,neutral,neutral
b925b5d4-4da5-4524-bc79-eec77f016dcb,nana di sika no so na wowu aa bank foc b3fa,44,45,63.0,neutral,negative,negative,negative
e9bb2ec5-edd5-4a2d-9b54-5b57de692508,maame kaawoho fre mafia na wonkawoho mma adede3 eii mpa woho twe wo make ups na fawoho momo aaa me sending eii momo aaa me sending eeei mep3 s3 wopa wo ho ~killer verse by 🦍,44.0,45,63,positive,positive,positive,positive
88103559-332d-4a14-a676-525b2724f41d,fa apetor nu hooki me 😂,44,45,63.0,positive,neutral,positive,positive
6ae1ba55-b02f-4a9f-90a2-e3298b4b4f85,masa fa wo gyimie fri me so kɔ,44,45.0,63,negative,negative,negative,negative
1d181c4b-8ee4-4541-81d1-cba7d3df63fa,charlie u kraa why hoh noise saa,44.0,45,63,negative,neutral,neutral,neutral
7dbf06a8-d65a-4ffc-ae91-97fa10a75cbb,ɔnyankopɔn apɔmuden mpaemuka nsam a me ka no yɛ nkwa na ɛyɛ honhom tumi wo asem a me ka bia mu nea me ka bia yɛ ho ma me ɛfi sɛ me ka nea me ka bia wo yesu din mu me paemuka sɛ me te apomuden mu ɛndɛ ne da nyinaa amen🙏 wadansidie testimoniesorg,44,45,63.0,positive,positive,positive,positive
0a96ba42-3384-4ed7-b545-29531d7d1433,s3 woofis3 mada wafutuo tantan no 3y3wo s3mafa dabiaa mekaewos3 menny3 celebrity s3 wodidimat3ma menso m3yeya wo nana,44,45,63.0,negative,negative,negative,negative
484fa6f1-6c3e-4ddd-826f-c2ad3e6097e8,ei dbees dey brɛ o,44,45.0,63,neutral,negative,negative,negative
c639b1e7-59e8-4f66-94fc-41d8ea2e80df,lol mese gyimiii saa,44.0,45,63,negative,negative,negative,negative
f07684d5-907c-429d-8bb7-345ac8990a26,na u how do u see the psg team team ay3 s3 tu gyimii 😂😂😂 soorrrli,44.0,45,63,negative,negative,negative,negative
a7d51680-ad77-4569-b2a9-d08a43f9955e,wo ni ani 👀 ong 😏😏,44,45.0,63,positive,negative,negative,negative
978025d6-cfad-466c-b7f3-50bad0103613,eiii kojo what akwasi de do you,44,45,63.0,positive,positive,positive,positive
12142a00-d85f-4653-b3b1-1a3af5132e40,wo kum apem aa apem bɛba 🟢🟡⚫,44,45,63.0,positive,positive,positive,positive
ec1efe8f-bc03-45ff-af31-21df69f0d4e3,🤲🏿mede aky3 wo dada,44,45,63.0,positive,positive,positive,positive
19b6f703-524f-44b9-aaf9-ef966d321855,menso de3 me de ka bebere 🌚,44,45.0,63,positive,negative,negative,negative
f55c0716-0989-4a25-933f-6944d5949533,sendi mi na minsendi mawu🙁,44.0,45,63,positive,neutral,neutral,neutral
d3c91c97-fb62-40b6-8294-909ab00cf191,wo deɛ mɛnsuro yɛ twe aah ɛbɛ ba,44,45,63.0,positive,positive,positive,positive
745e4e76-023c-42ef-979e-58e237eec414,bosom aduane koraa yɛ fa di na bayifour twɛ fiifi bomber,44,45.0,63,positive,negative,negative,negative
ba1f05a2-1657-4577-adc5-04d056de9dcb,bro wo ti atitwa kte3 no nt3m,44.0,45,63,positive,neutral,neutral,neutral
b479115f-a676-4907-9640-3e4a9c3a758f,dada nni suban baako sei mpo,44,45.0,63,negative,negative,negative,negative
03c0a12b-3be6-4a0e-8c63-96111ed7c2a6,mep3 na p3 me bie3😅,44,45.0,63,neutral,positive,neutral,neutral
b0dec370-fe0c-429f-b8fd-125a902044e5,mo na mo br3,44,45.0,63,neutral,negative,negative,negative
ab3d0fd4-2b70-48d2-baed-4f2a41561c0c,me de3 sign player na weii mfa wo ho🌚,44,45,63.0,negative,neutral,negative,negative
53c94ecc-79d6-4d05-af26-660c1946c74b,bra b3n na wabo aa wob3 ware ei,44,45.0,63,negative,negative,negative,negative
1f889b2c-5cff-49ae-ba3b-9e28782cef5f,ei ohemaa wo vim suŋ wo feeli roddy ong,44,45,63.0,positive,positive,positive,positive
9d17d8ed-ab51-45a1-8e93-ea3357faf5c6,menso saa ooo nanso menni kumasi me nsa ahwan nti me y3 me ho aduro wo obuasi,44.0,45,63,positive,neutral,positive,positive
d4d9541c-74ea-41c4-a6a0-f89f6d97ff05,3nam na wo we no s3 taalia noobia w ne master,44,45.0,63,positive,positive,positive,positive
fb0b2ef2-5251-4794-894b-75a67a782ea9,nti be kora kora ne s3n,44.0,45,63,neutral,neutral,neutral,neutral
b50b5542-11eb-4d2f-b31c-9baadcefbb2f,de3 natopa 3di me aba wiase na m3kyer3 no odo de3 wawo me ahy3 me na mekyer3 no odo papa papabi ee madiepena ee obi biibi ne de3 way3 no yei dady daddy i love you aseda nko 3mma ghana mmrante3,44,45.0,63,positive,positive,positive,positive
10b06b1a-c30e-4fef-9e83-a4f333e74985,ka na ka biom ɛnyɛ dormaa ahenkrofoɔ who would take delight in harming female board members mpo,44,45,63.0,neutral,negative,negative,negative
5ba5f823-7be4-475d-a54b-f58da5eeb379,eii believe me s3 sen 😂,44.0,45,63,positive,neutral,neutral,neutral
a4f0da6c-1cef-4517-a4cf-96686c264e25,sika no ahyei repeat sika no ahye 😂😂,44,45,63.0,negative,neutral,negative,negative
575c4793-26e8-4fd6-97e0-7ae261a42fbd,masa hw3 wo kasa yie ooooo,44,45.0,63,positive,negative,positive,positive
05a8b117-ed85-4377-8328-d0c75b0c795b,aboooowaaaa me plug nensa ano y3 kama,44,45.0,63,negative,negative,positive,negative
f6bffbb6-db2a-4885-b85a-c288212e875b,obi nka kyere kofi taylor s3 ne gyimi no 3ka s3n,44,45,63.0,negative,negative,negative,negative
4d00208a-c6cb-4216-9b90-1ad6ecae4981,parliament baako aa y3w w krom ha nkorkuraa fo nkuaaa ay3 h mahow can they think well,44,45.0,63,negative,negative,negative,negative
0de04810-a41e-4d17-b11f-6d14b963a3f2,king kong wo y3 champ 🙌🏿,44,45,63.0,positive,positive,positive,positive
8e6b410d-8446-4716-b280-21d25a0be4f0,me nua 3nye hweeeye ko a me to kosua ama wo,44.0,45,63,positive,positive,positive,positive
5b90091f-1d6c-4dcc-afca-1bfdc9781d60,oh me ba oo,44.0,45,63,positive,neutral,positive,positive
8ef11cf6-cf64-4035-958d-d0f5aff6d2b0,mafe wo nso paaa😩,44.0,45,63,positive,positive,positive,positive
aa2fff6b-d7cc-428e-89f2-809a81d718e3,dzata se mo na mo bl3,44,45,63.0,neutral,neutral,negative,neutral
21a0216b-4c3a-4338-ade9-9764b47c6fd3,me yem koraaa ashie me 😂 😂 😂,44,45.0,63,negative,negative,negative,negative
65ef176a-ec75-4382-aa7d-52fb14db898c,ei ewurade me too im fine o 😩😩,44,45.0,63,positive,positive,positive,positive
fad95ef1-82b4-4d5b-ab86-ffa016604710,navrongo foɔ da wo ase 🤣,44,45,63.0,positive,positive,negative,positive
7928d411-fef0-4172-a417-73269a709d0e,trumu tanka nti you are crushing 😂😂😂 ei alhaji,44,45,63.0,negative,positive,negative,negative
49ae1fe6-8c9a-489b-929d-501440ee3a5c,modeling saa na omo y3 gay 😂💔,44,45.0,63,negative,negative,negative,negative
e06cb674-d394-4918-80a5-5bb2956e8213,ei sake of block i block nard dem remove me eii koti y3 aboa oo 😆,44,45.0,63,positive,negative,negative,negative
a858b062-cd8a-49ae-8e90-710b9c2a8968,buy wig na ti ti fa tari h😎,44.0,45,63,positive,neutral,neutral,neutral
cd5b2e37-5e89-40f7-956a-969c8e7fa1ea,ksi fo de cake y3 den,44.0,45,63,positive,neutral,neutral,neutral
22f8f2f3-2b82-4f68-89ec-79ef50a30e37,s3 asa h3nko da 💙 💔 chelsea 🤦🏾‍♂️,44,45,63.0,negative,negative,negative,negative
85e5e4d2-4a77-4894-85cf-568b408ef437,e do aa make dem take come wanna top siafour ne ekum fo nkoaa,44,45.0,63,negative,negative,negative,negative
cad9089a-2cd2-46b0-97a9-9827402a4187,hmm me ne bl3 papa,44,45.0,63,positive,negative,negative,negative
edf4a956-28b5-4e2d-b112-fb7bf3fda5eb,concert saaa na deɛ asa,44.0,45,63,negative,neutral,negative,negative
2a75517d-df94-480d-919d-cb453b9b40d2,s3 3ba no tacko tacko kraa m3 pushi drug sika y3 sika legitimate anaa s3 blood,44.0,45,63,positive,positive,neutral,positive
bc4c628e-169e-4764-a46f-409a45340d74,wo pri koraa dodo 😂,44,45,63.0,positive,positive,negative,positive
42fc843d-3b50-4c33-83f7-70c4c39de8c7,aaah ade3n sammy nu wagyimie anaa,44.0,45,63,negative,negative,negative,negative
1c3bfc15-8c40-416f-a654-fafd05a8df31,sɛ wagyimi 😂ne kwasia,44,45.0,63,negative,negative,negative,negative
57e6a712-d020-462a-8acc-7c7268236b42,david anokye wo papa da woase,44.0,45,63,positive,neutral,positive,positive
aa7d277c-6f8a-42a8-b7af-c2d5bbf77517,3s3 wo ara braa kaly 😂,44.0,45,63,positive,positive,neutral,positive
3353fd59-2312-41dc-8eeb-91bfb843f32a,na wabie ne nofo na wakas3 hw3,44.0,45,63,positive,positive,positive,positive
5b111bd1-ebf1-46e2-8d0a-93ad2a499eab,aden me y3 tune anaa me we nsa pa ooo me saa didi good,44,45,63.0,positive,positive,positive,positive
a88971ba-9c9d-464c-a15e-fc9171483570,ya ti nso yen fa 🤦🏾‍♂️,44,45,63.0,neutral,neutral,neutral,neutral
ab5d042c-8757-42fb-9172-2ab6cbd55651,amanfuo girls na omo bl3 😂😂😂,44,45,63.0,negative,neutral,negative,negative
601cbaa1-944e-4c0e-bb9a-8b69ae528996,y3 nom nsa na y3 fa adwene,44.0,45,63,positive,positive,positive,positive
00d1bdca-82f8-4b49-b3dd-ef5cfad7166f,nyame ne hene 🍼 😍 🥳 hong kong theatre,44.0,45,63,positive,positive,positive,positive
573b0882-08c4-4fb7-aa93-54df77f443b4,alatafo mma br3 o piii atwa mu 40 mpena koraa omo nni bi oman ben nni kanea aaa yaamutu odo nso yaamutu,44,45.0,63,positive,negative,negative,negative
ba497b14-9675-4963-8d80-31455632ec17,hi how are you hahahaha obiaa b3bisa bi,44.0,45,63,positive,positive,positive,positive
3a1617b1-ae90-4392-8fd7-ee8178ffef2d,osukuu nii wo deɛ a ne gaday we ma wani mpro nsuo😄😄 his wife sold the best rice on campus ne stew no anwa nkoaa nso woboa,44,45.0,63,positive,positive,neutral,positive
a4a7cc91-074f-48e4-b7db-88148b43d655,kweku frimpong de asem aba,44,45.0,63,neutral,negative,negative,negative
eda125ae-06d3-47c7-a5e4-8a515853555a,aden mak di barca ni bi yere anaa 😂😂😂😂😂,44,45.0,63,neutral,negative,neutral,neutral
cec5f94d-941f-497f-86b9-a35f6d875bc3,maturity is not about you airing sambari 😹💔sua nyansana gyae gyimie no😂😂🧘🏻‍♀️,44.0,45,63,negative,negative,negative,negative
1ec5a90b-6918-41e9-b704-99217d29034d,s pen game is fantastic song is magical and touches the heart ewurade nnyɛ awoa nka nka me yɛ lonely ma hwehwɛ obi maka masɛm akyerɛ no ma me nnya obia me nnya obia mabɔ me ndwom akyerɛ no oo🙌,44,45,63.0,positive,positive,positive,positive
bacecc83-3fb3-46f3-a220-674b0014757a,no e bite me😂😂😂👊aboa,44.0,45,63,negative,negative,negative,negative
b4979e38-9a09-458b-bc20-78e0f56f0898,kofi bisa biom wei nyinaa ani hwɛ he,44,45,63.0,positive,negative,negative,negative
02b2cbf1-e9e4-4e5c-88cf-c32df7a336de,nana kasa na nsu asa😅😅😅,44,45.0,63,positive,positive,neutral,positive
5086e86e-b411-4d7c-b40d-113bddb1c2e8,nipa foo bi nso ah,44,45,63.0,negative,negative,negative,negative
a4a0e4a8-d3de-4cc5-8838-0c8419e7fd1e,b3 tu wani na 3fre hc,44.0,45,63,negative,neutral,neutral,neutral
9c9a6b88-97bb-45a3-adf7-be1196a36e6e,ohhhh gyai na pressure nu su 😂,44,45,63.0,neutral,positive,positive,positive
8de7c47e-0361-4a55-9fb6-7951cf50f994,oh snr ka na ka biom 🤣🤣🤣,44,45,63.0,positive,neutral,positive,positive
1c21e964-3a59-4d38-9867-7559e5899af3,dalot no wagyimi anaa,44,45.0,63,negative,negative,negative,negative
344e58ca-7e96-4c49-8ed2-cf2ff117915c,feeling no yɛ deep sɛ mesrɛ wo nsuo mame mbro sa ee,44,45,63.0,positive,positive,positive,positive
f15e1bdb-42a6-41cb-8bc8-c93d148fd30e,fa wo nsa to mabeti sooooo,44,45,63.0,positive,positive,positive,positive
148830af-e166-46a3-bcaa-43807247995b,menu no deɛ universal oo anaa wose supercontinental lol,44,45.0,63,positive,positive,neutral,positive
3a5c4c35-8d43-4748-b8b7-66020ba4397d,gyimie saaa na woa wu kwa 🤦🏾,44,45,63.0,negative,negative,negative,negative
fcc54268-8359-4a98-90d6-b2f8ff0d1ddd,wadi bet wode3 y3 me show kakra erh😑,44.0,45,63,positive,positive,positive,positive
75f360e3-5ed0-4458-a0bd-311ea26ac526,herh bu adeɛ wati small boy na wɔ ka foo saa no🤣🤣,44.0,45,63,negative,negative,negative,negative
1ff2faf6-5c86-4798-950f-98f4b01d9a4e,saa akoa no wagyimi tu,44,45,63.0,negative,negative,negative,negative
dbdeb844-0855-4bbc-9e97-7e786bebbb3a,information w raase yi mu o,44.0,45,63,positive,neutral,positive,positive
8be6ba53-71af-4e36-be02-9b5c80b019df,ahh😂😂😂😂 please me w sunyani wae fri me so😂😂,44,45.0,63,positive,negative,negative,negative
7d7922c2-6e7a-43a0-8fed-bc80b356829f,wo ho sɛ deɛ yatwe wonsono afa wo yɛm wate jeansman,44.0,45,63,negative,negative,negative,negative
bbbae22e-73fe-4159-8961-f4bbaaecc938,brofo foo ho b3n wei yi aaa na mahama ka ho asem no,44,45,63.0,negative,neutral,negative,negative
0103cdfc-4257-4fe4-a147-d23bb40458e8,me suro s3 m3yi d yewu ama,44,45,63.0,neutral,positive,positive,positive
5d6bc04f-4e70-4fa6-91dd-bde86413befc,ena ena nu dso,44.0,45,63,positive,neutral,neutral,neutral
5e304c02-aeaa-45c8-ad8d-3481d837c730,obi nofo ab3 di me hc,44.0,45,63,positive,neutral,neutral,neutral
49143098-6390-4a2c-9a60-06b869385661,wo yɛ barima a bɔ ne din,44.0,45,63,positive,neutral,positive,positive
611a58f6-e3ea-4c8e-8174-2b589cabd4e9,sor mi mu and nana nyame,44.0,45,63,positive,positive,positive,positive
230b685f-8be5-4cef-9a75-a623719fe95e,aseda ben na mefa ma awurade 🙏🙏🙏🙏,44.0,45,63,positive,positive,positive,positive
08de2540-58d9-4f54-8221-3f632d8936e4,bibini 3tumi kas3 spaghetti s3 sonsono 3nso de akrante3 bini 3y3 nkwan😑,44,45.0,63,positive,positive,positive,positive
5742b8e7-0240-411b-be10-f7f45fa2e9d7,ade3 a sika b3y3 no ohia ntumi ny3 ☘️,44,45,63.0,positive,positive,positive,positive
649fd716-79f8-48cf-b81d-e020baf7809d,obama ano ɛya na me nyɛ den ni,44.0,45,63,positive,neutral,positive,positive
44a32785-6e56-4784-bfaf-bb28415274c3,fancy yɛpɛ yaa diɛ saa,44,45,63.0,positive,neutral,positive,positive
e9a97884-5225-4ef2-be0a-11b0bae4a0e4,woa wo kasa mekyi aa wontumi nka m3nim woy3,44,45.0,63,positive,positive,neutral,positive
7e385cfb-b08d-4ca8-a5c7-f397bf27b780,wop3s3 wode kdi valentine 🧐 wode3 mate twa me wo account details,44.0,45,63,positive,positive,positive,positive
15affda1-1df7-4bc9-ba84-16e241f8a7bb,eii dem score psg ewurade boa me,44.0,45,63,negative,positive,negative,negative
93288796-ee2f-46c7-b24d-17d0a5d7d42f,ghana card de as3m beba,44,45,63.0,neutral,negative,negative,negative
51dbffa9-7f32-45bf-a31f-4842bee01412,kobby alpha ne vida me two life savers 😩 me ntumi nyi mo mma da🚶✊,44,45,63.0,positive,positive,positive,positive
92c7147e-52d0-4ccf-8d06-1b1f90be218e,danlard w ha nanso mo so wola hwan hwan,44.0,45,63,neutral,neutral,neutral,neutral
0136887e-c4c7-444e-bdd4-beb2b5d11b9c,ei mpass fo yi,44.0,45,63,positive,neutral,neutral,neutral
095023ec-0ec2-4b01-bce6-fc4f9dabbd72,awurade this week ye di hy3 d ma ni ndi amen 🙏🏽,44.0,45,63,positive,positive,positive,positive
a8b4f0c2-e519-4607-9fde-7882b63edde1,wei deɛ wo deɛ mu😃😃,44,45.0,63,positive,positive,neutral,positive
1ed3de92-1038-4619-8d47-7370728968d0,sia nanka aben aaa nanka wo ho din,44.0,45,63,negative,negative,negative,negative
a3291c23-d68c-4ff3-a080-db02aa671c75,ne nyinaa biy3b3di sallah no paa,44.0,45,63,positive,positive,positive,positive
20911c91-3368-43a3-ab48-e8e1d27561ba,massa gyae gyae na enfa😒,44,45.0,63,negative,negative,neutral,negative
929cf3bd-36be-483c-b922-91115f502732,ade3 yi ahye me awurade🥲,44,45,63.0,negative,positive,negative,negative
feb5792c-2fcc-4a10-95f4-7f7bbacc5f2f,wo papa 3tw3 papa ben na cdii y3 aa wawo wo no😂,44.0,45,63,negative,neutral,negative,negative
e2665301-3908-433a-8b83-f3c374298efe,nyimpa nonkyer tintin yj dua bi ky3 ansa na wasow aba bi so wngu ne do nsu ky3r obi y3 ansa na obi resua y3 🙄🙄😎😹😂😂😂😂🤷‍♂️,44,45.0,63,positive,positive,neutral,positive
e933a082-b84d-4fdf-bd22-23333a351701,nti gyama yaka eh 🤣🤣🤣,44.0,45,63,positive,neutral,neutral,neutral
8da5de85-ac4e-4710-8212-c4c02a412a69,kwasia baako nso nie,44,45,63.0,negative,negative,negative,negative
c2cd3415-2a24-4262-9023-a840853b5d74,nyame ayɛbi o 🙏🏽 my man with all black akoa so eiii 😂😂😂,44,45.0,63,positive,positive,positive,positive
e82cda32-d2b6-4028-aabd-6983dba91de1,y3 hacki me odo,44,45.0,63,positive,positive,positive,positive
2759d911-3e91-4c22-9445-59254b944c87,1 minute bia na ne tweet nam mu,44,45.0,63,positive,positive,positive,positive
c5cf2cfa-2e74-42dd-9649-79b85c8bc9e4,wɔfa tanko me de si wo so ma ne nto kwame anumuɔdɛ se ɔnprɛ abayaa tuntum no nto me nan so deɛ ne nan ayɛ sɛ angɛtɛ no mepɛ sɛ me de no bɔ light soup efiri sɛ ne ho nti magyimi asan nso ataba afena no ho twa,44,45.0,63,positive,positive,neutral,positive
0300f7d3-cdf4-4784-99c8-ef936156e683,girls like this omo nim nyansa de3 ehye me kraa ne s3 me te bi ho😪,44.0,45,63,negative,negative,negative,negative
7bb3e3c1-1e96-49b4-ae02-72f289b75dee,nti daaa me praise yesu yi nti mose mey3,44,45,63.0,positive,positive,positive,positive
fdc97358-06d9-438d-b9ca-29efc7a8842c,ya bie mu kuhaaaaa,44.0,45,63,positive,positive,positive,positive
4f7e1594-c05c-401a-8162-289ebf013ed3,obi nse kofi taylor s3 ne gyimie nu 3ka s3n,44.0,45,63,negative,negative,negative,negative
23f28f41-dac4-461c-ae9f-25379601e833,mo de 3ka b3gu mu so,44,45,63.0,neutral,negative,negative,negative
c6b3dee7-e038-4687-8f81-93a52519f316,aban no hia sika rough,44,45.0,63,neutral,negative,negative,negative
42f9c768-6b94-4fa4-aa50-2855557378de,anadqo d3suo yi mu kwame wo di saa information wei ey3 den hoh,44.0,45,63,positive,positive,neutral,positive
00d4adf2-6d79-4964-99db-73ed7964352a,hahahaaa wo pere dodoodo to wo boase kakra wai lol,44,45,63.0,positive,neutral,positive,positive
18c0348c-aca8-4cd6-b0d4-77a93dfd3e1b,eiii enemy of progress ahomaso b3n na way3 eiii kooo,44,45,63.0,negative,negative,negative,negative
41203666-f360-4445-b452-fc91c79b3e26,wo yale koraa aka ne kote naa wodi feeli nu a san be gye back mmoa,44,45.0,63,negative,negative,negative,negative
ad666246-539d-4fa5-b0a1-f73f9078e8dc,nyame ne y3 han,44.0,45,63,positive,positive,positive,positive
d3f30ca8-90f7-42ec-a1fa-6fa4052a6d3b,otan hunu ara kwa,44,45,63.0,positive,negative,negative,negative
b105cc21-ac1f-4ed9-a93d-f48831cf7aee,na yesu mogya koraa yɛ sɛn😂 please tear top,44,45.0,63,positive,positive,neutral,positive
64114f03-d4b2-4e89-b465-35f4d5fd2c43,masa masa aha yɛ bloody street daakye asɛm nti ooo😂😂😂😂 me nnim deɛ wooka no ho hwee me yɛ purely virgin🤣🤣,44,45,63.0,positive,negative,negative,negative
7cf6435f-8a19-420b-846c-2ae5045d282e,lionel messi papa team ben wab da 😂😂,44.0,45,63,negative,negative,negative,negative
4844f439-c624-4320-bd54-777ae770a9c3,😡😡😡 3ny3 ha na wob3ka saa asem no,44,45,63.0,neutral,negative,negative,negative
9e8e32ee-27ca-4d67-9278-6e2f0f8042aa,wo b3 shi kontomire,44.0,45,63,positive,neutral,positive,positive
37703485-e140-4459-bae9-06cd39d970ba,supporters nso fooo by heart kasa nkoaa,44,45,63.0,negative,negative,negative,negative
73fb5f72-c211-4436-80c0-d34be130534a,academy deɛ sɛ saa o,44.0,45,63,positive,positive,neutral,positive
854329d1-910e-42b5-8218-62546a2292c0,wadi bet wode3 y3 me show kakra erh😑,44,45,63.0,positive,positive,positive,positive
3addaf90-6611-4890-9a34-d3ccd2eb8e95,man utd nyame b3 tua mu ka paaaaaaaaaa😭😭😭😭😭😭😭,44,45.0,63,negative,negative,negative,negative
6f1d437b-e967-40da-8633-9161910bf855,anocshie 🔥🔥 your crush anaa 😂😂,44.0,45,63,positive,positive,positive,positive
365a928f-72c6-4707-99cb-eb7b4814c225,am going offline kakra menya bundle a mesan aba waecos eei,44.0,45,63,positive,positive,neutral,positive
1a853343-5f66-48af-8e20-e22bf2ce1e96,wo ni sika a wo ti te se dwan ti hm yeble oh,44,45,63.0,negative,negative,negative,negative
3133bec6-11aa-42c5-8626-faf577bfe825,sika de3 wo b3gye o nanso wob3 da gee,44.0,45,63,positive,neutral,neutral,neutral
dd2c8160-8832-4955-a050-21f1a49141e3,wo koraa wagyimi dodo ahba lets push for him to work to find the culprits na wagyimi dodo,44,45.0,63,negative,negative,negative,negative
ee7b5cde-e0c0-47be-87fb-1e8b9ecbe3ea,🤣🤣🤣🤣🤣 kwame so wagyimi paa oo,44.0,45,63,negative,negative,negative,negative
35d4d689-fde8-49da-aa08-40b2f7b4346c,f a m e y e 😍😍😍😍😍🙏🏽🙏🏽🙏🏽,44.0,45,63,positive,positive,positive,positive
97c19f43-8135-4fb1-b04a-26f0b205562b,six slips no nyinaa apepa sei tam😂😂,44,45,63.0,positive,positive,negative,positive
5be92508-31cd-4920-9111-2f49ffefa304,masa wu bɛyɛ steady wɔ hɔ,44,45.0,63,positive,negative,positive,positive
be674e18-9e2b-4f84-890f-24a65e112883,3nny3 ghana na henfa biomu😂😂,44.0,45,63,positive,positive,neutral,positive
51fa1b29-fe6f-4db0-8433-76b2b2a85abc,bruno nu wagyimi anaa herh 😂😂 akoa nim ball bor herh 😂😂,44,45.0,63,negative,negative,negative,negative
aad8972a-d3ce-47cd-b103-3c35c2888121,aden kraa na woti seiwonp3 asomdwee kraaa🤣🤣,44,45,63.0,positive,positive,negative,positive
fb77ec04-5373-4da0-99bc-29448fd9bc3a,wabcdam nanka wonyɛ a ɔbi fa wo ho bɛn,44,45.0,63,negative,negative,negative,negative
e1cafbce-d3fa-4264-adcf-8cca87a05d89,full time kotoko 20 liberty ⚽⚽ nea nyame tumi yɛ nie 🔴⚪💪⚽🙏,44,45,63.0,positive,positive,positive,positive
e3fe50af-471f-4beb-8061-33b9e4e86177,me ho koraa hyehye me,44.0,45,63,negative,positive,negative,negative
a32448c8-30a4-4583-baa2-178560566649,ɛka aba fie say it na gyae deɛ wo keka no,44,45,63.0,neutral,neutral,negative,neutral
915abd25-e2d9-466e-a394-b5795df63b18,hahahaaa wo pere dodoodo to wo boase kakra wai lol,44,45.0,63,positive,negative,positive,positive
5d7e84f0-389a-4ae7-85a3-b1275cd1131e,abɔnsam kɔti wa nanso nyankopɔn scissors adi nkunim,44,45.0,63,positive,positive,positive,positive
93ddd73a-38ee-4692-b757-f93aae8f3bcc,m3 ta na epue,44.0,45,63,positive,neutral,neutral,neutral
d7517a3e-6553-42fb-bbab-bfaefb11ca2c,yes yes yes yaba and yaba nu nso deɛ na yaba 🔥❤️🎧 accratse addo is the location📍🚩,44,45.0,63,positive,positive,positive,positive
ce3e0c75-ba5b-404e-bdb8-002ef405bb74,nyame nhyira wo bebree,44.0,45,63,positive,positive,positive,positive
eba50429-9fd8-4aca-9858-dcee946a5c15,np⏯ krokro me 🎼🎧 on 📻 🇬🇭 📡 mzkeekie 🎤 and myself 🎧,44,45,63.0,neutral,neutral,positive,neutral
53ef3d0e-1603-4f36-983a-c71c2d87eb03,as3m no atra me,44,45,63.0,neutral,neutral,negative,neutral
0a1e908c-7ff1-4b19-899b-8da8e431345c,comoros 🇰🇲 nyame wa y3 bi ama me anadwo eeiii,44,45.0,63,positive,positive,positive,positive
11a1187c-1e1e-4cf1-a4ff-b1e3bdc64b07,y3 hyehye hyehye saa na omo dwane 🏃🏃🏃😹😹😹,44.0,45,63,positive,neutral,neutral,neutral
800a4ef2-3f3e-4f08-83cf-a373fd03a6a0,ayoo nti metwen daben 😂😂😂me sika no ahye aky3 so i was on break,44.0,45,63,positive,neutral,neutral,neutral
97ac72e9-a43a-462c-a077-7752df2d2b05,when we finish school ill marry nnipa agyimi pen,44.0,45,63,negative,negative,positive,negative
f6ed604b-9ae0-41c3-8e61-15242abb5c6f,woboa ooo so noor nam1 do,44.0,45,63,positive,neutral,neutral,neutral
9fdf834a-9185-4e2b-8b34-2ec2056eb2f6,no abedi pele dat,44,45.0,63,neutral,positive,positive,positive
41507f39-ad85-478f-9d9d-920b32f7f866,bu ade3 wai na nipa ns3 hweeee,44.0,45,63,positive,neutral,positive,positive
ab53f597-dc27-4c58-ad87-7be9bcf6543c,onua dɔ na ɛyɛ🔥❤️❤️,44.0,45,63,positive,positive,positive,positive
355a45aa-1e82-40b5-a108-c78e9a93b5d9,wo te oseikrom na woo ka sei akatanii de3 pimpinees asem de3 lyy b3n🤣🤣,44,45.0,63,positive,negative,positive,positive
3ce919ce-5967-4639-b00d-e6b57ffe19ff,saa akoa no gyimii apeeetoor ɔno nkoaa nti ɛdin ampaonsah nyɛ me dɛ,44,45,63.0,negative,negative,negative,negative
8dab9c93-f5b9-4ef9-82d8-5799344f7842,edwuma wɔhɔ ma wu,44,45,63.0,neutral,positive,positive,positive
1a7155ff-eab3-43c9-898d-b3fd7ce2812c,ne kakra ne s3n,44,45.0,63,neutral,negative,neutral,neutral
abffc165-80d3-4661-bbb7-e52740d40200,wo na woo blɛ,44,45,63.0,positive,negative,negative,negative
47757db0-0dfc-4aec-9d82-59214ede55c3,everyday u dey tweet ashawo season ashawo season nso wogye sika firi wo maame hc na to collectionjon boy😂😂😂,44.0,45,63,negative,negative,negative,negative
8e85a8b3-d7d8-44bb-a01f-97d0568e757f,me de b3 noa angwa moo 😂😂sia😂,44,45,63.0,negative,negative,negative,negative
294c4892-1ae0-412c-b08d-b78cea861a2d,sika no nso aba😂,44,45,63.0,positive,neutral,positive,positive
83156f9d-6c23-49cf-a83d-ab0b8f41b596,hahaha haha 😂 😂 ɛnti wo pɛ me eh,44.0,45,63,positive,neutral,positive,positive
58f8bfd7-7f2b-4aca-b366-1365ba565454,bongosɛ my opinion😯 mbɛlɛdzi ni nkoso nkwoa,44,45,63.0,negative,negative,negative,negative
f7b60c28-cb10-4d32-8209-06e99456d494,fa wo nsa to mabeti sooooo,44,45,63.0,neutral,positive,positive,positive
42db9e65-84d2-43b8-aae7-4a2b01558bcf,yɛsu kraa yɛ gyae hem sister,44.0,45,63,positive,positive,neutral,positive
65ae8c83-cc98-4b90-9e6d-4ed2505451fa,adu wee hu fioo no unnecessary discrimination,44,45.0,63,neutral,negative,negative,negative
1710942f-7e28-47ad-9199-e8395bc58d64,theres nothing like clean or dirty money sika biaa yɛ sika hwɛ ɔmo gyimie bi,44,45,63.0,negative,negative,negative,negative
2e25c83a-35c6-4db7-8b1d-e486415dc7be,me w eye drops 3nti mani ate paaa joey b,44.0,45,63,positive,neutral,positive,positive
98af7c7c-a2e6-494c-9f1d-93c82d5b3d34,wasom na 3b3 y3 wo chaaiin s3 adama kwainkwain y3gyina my s3 kolale wontumi tuamedor nyame wei ne best collabo afei mo bor y3n momome y3 y3 bawee s3 kotodwe mo 3nfii y3n 3fa y3 de3 mooba afei na mooba no y3 fake 33,44,45,63.0,negative,positive,negative,negative
13fd3cc8-c3b5-4315-ad22-6f7533c282a2,ahoɔyaa yɛ wo dɛ dodo aahba,44,45.0,63,positive,negative,positive,positive
e68a4d51-7e6a-4da5-bbe7-722023ba75dc,hmm saa oo i figure sammy gyamfi go warm am paa oo nka wo b3 sei plan no 🙄,44,45.0,63,positive,negative,negative,negative
711289c1-0651-4499-bc91-b424cf96730d,b3di m3 sika nyinaa m3gyi borsia aka hò,44,45.0,63,positive,positive,positive,positive
850a7626-aaef-4ae0-a126-3b310556cce3,madrid fan aaaa sporti pep 3not nti na woho ny3 f3 no,44.0,45,63,negative,negative,negative,negative
d3d3c62d-4004-4582-aaab-a2f54a8421b1,ohia kasa fa womuã na wo didi atem,44.0,45,63,negative,negative,negative,negative
f27d016b-d273-4f2b-a91b-bdc093dccd75,wo ne hwainn k kah,44.0,45,63,positive,neutral,neutral,neutral
871ec714-7596-4d65-882c-e90efbe2ded5,fight over a man nka me twa bet edi banku,44.0,45,63,positive,neutral,neutral,neutral
61a44085-f34b-49be-86ed-7fce0953a18d,dear santa ɛkyena na yɛɛwo agyenkwa no nanso buronya dua mpo menni bi na wode presents agu aseɛ ama me im so sad🥺,44,45,63.0,negative,neutral,negative,negative
a991a039-dd96-44d5-9039-9e728288fea4,wo girl ɛfru pii ne ni corset,44,45.0,63,negative,negative,negative,negative
a87ceaf2-b537-40da-af6a-eded2f8c40e4,obi nka nkyer3 kofi taylor s3 mese ne gyimiee no 3ka s3n,44,45.0,63,negative,negative,negative,negative
1f7964d5-fc5e-4c60-b68d-07b7e70fbdd6,nyame nhyira wo paa,44.0,45,63,positive,positive,positive,positive
a05d201c-7d7b-4e8f-abaf-fed912dc304c,eeeeeiiiii krakye wo y3 sure,44,45.0,63,neutral,positive,neutral,neutral
a78de637-0916-45ba-8162-5628e1082d12,afei wo nan naa 🤣🤣🤣,44,45,63.0,positive,positive,positive,positive
b2ee50e7-5f99-438d-a701-ffc7dfca6d67,yε sen obiara or yε sen wɔn nyinaa concatenated forms in akuapem twi yεyε no yiye sen obiara or yε sen wɔn a aka no nyinaa expanded forms in akuapem twi,44.0,45,63,positive,positive,neutral,positive
2382dcf1-432e-4b2a-953d-cf349ff473fc,yakubu adwuma no y3wd3,44,45,63.0,positive,positive,positive,positive
4dba0102-f238-4a61-a72e-ad6e96cb80e5,akɔnɔ bɔne deɛ nyame mma ɛmpare me,44,45.0,63,positive,positive,positive,positive
e56779f9-dcc6-47d4-8f1d-1dbf8dd39f86,mo na mo bu okwasia,44.0,45,63,negative,negative,negative,negative
b68c9255-491d-49f0-ac86-5ab2f5c70aaf,mo na hwan 😂😂nsa fo,44.0,45,63,positive,neutral,neutral,neutral
0357fbbf-db8c-443a-bc26-d0f16d7e4843,sika de3 eho hia paa o,44.0,45,63,positive,positive,positive,positive
e82679e8-9eeb-4b24-b3f6-022d11f501f0,masa to wadwen mu wae,44,45.0,63,positive,negative,positive,positive
d1110d90-70ac-4b87-bd30-ef9c28d71916,obiaa mbɔ mabaso aa me aa mɛbɔ me trumpet pa pa pa paa pa pa paa paa,44.0,45,63,positive,positive,positive,positive
6b7a3f6f-1c44-487f-be87-c3c68e33b0f9,ano katikati nation y3 sii so nky33 y3 nanso yano awu we coming like a ranging storm 🔥🔥🥵🥵,44.0,45,63,positive,neutral,positive,positive
d63c1d42-bbed-47e0-a89c-f3cf3d21986a,e choke u anaa,44.0,45,63,positive,neutral,neutral,neutral
4470e432-5cb3-4bc7-a45e-b8501ae5971d,ne ho y3 me wanwa koraa,44.0,45,63,positive,neutral,neutral,neutral
8cf14ec7-83bf-44bc-811d-43c95cbd118c,ka na ka biom obamma🥱🥱🥱,44,45,63.0,positive,neutral,positive,positive
e0bdbe48-92f9-4315-921e-fc82efaca402,kwesi gyae saa na abaayewa no bɔ neho mmɔden yie ankasa,44,45,63.0,positive,positive,positive,positive
07bdf57c-8af5-4f80-8f45-16334ce16467,m3nfa ohia ho 3nka nsemhunu via facebook live,44,45,63.0,neutral,negative,negative,negative
81a6b38a-8791-425b-8c6c-a74b505b448d,wano p3 asem koraa dodo,44,45.0,63,negative,negative,negative,negative
7df4f36e-5999-48b2-bc43-9a4f12be9785,hmmm me ho kraa adwiri me,44,45,63.0,negative,negative,negative,negative
ba033574-da03-4d70-ae6f-67b4c3cd2e9b,orthodox churches dema pastors suffer eiii the pope koraaa ne private jet y3 s3n,44,45.0,63,negative,negative,positive,negative
40a3b497-33b5-4cfc-b443-cfb9188edc79,adom ne ahumbr n3de me abedru ha n3,44,45,63.0,positive,positive,positive,positive
101f36a9-91a6-4630-8182-19c2199aca05,mouse mu nyinaa astronaut 🐭 👨‍🚀 😂😂😂😂😂😂😂😂😂😂😂😂,44.0,45,63,positive,neutral,positive,positive
f58a4471-1dce-430a-bdf1-6a8c0cf59ca5,gers yi ankasa ɔmo ti awu,44,45,63.0,negative,negative,negative,negative
ee6c796b-e6ee-47ec-b5fd-48907b1f4645,wo na wo te brofo 3te fa,44,45.0,63,positive,negative,positive,positive
2c44492d-1605-4380-a172-8a29ea62555d,animguaseɛ wei deɛ fanyinam sɛ mankɔ africa u17 performance wei yɛde hyɛ wac monɛsane aluusi ahwiefoɔ dede hunu kwa ankorɛ hunu,44,45.0,63,negative,negative,negative,negative
e5040a93-22ba-4c16-b145-deb07d86385b,wcnnky3 ghana na wcn ma yen black stars,44.0,45,63,positive,neutral,positive,positive
d64a1742-b6b4-441d-a52b-9abe28d2d122,saa santaclausanon agyuma no y3 gyae😂😂💀💀🥴🥴,44,45,63.0,positive,neutral,positive,positive
28b90df1-2ce3-42aa-86f2-53683fd08301,3ny3 gyimi na wagyi aa anka wob3ka s3 the government is using abena kokor,44,45,63.0,negative,negative,negative,negative
c9536be0-f9f3-48ba-9d1b-fde17490079d,aane meda ayaresabea bro nti na mehia sika no😊😊,44.0,45,63,positive,positive,positive,positive
cd26cc3f-a92c-4d96-aa17-444427bd5bf7,p3 banku bi n3di,44.0,45,63,positive,neutral,positive,positive
7e426d5b-e377-47a8-b858-322d89b202bf,charley anadwo arrangi na ma girl bi enfa hooki me ehn 😉,44,45.0,63,positive,positive,positive,positive
9d075242-70da-4915-947c-508749b6413c,ei koo wooy3 bi,44.0,45,63,positive,neutral,positive,positive
5edc04b9-0502-4155-a753-28acdc77fde6,lmaoooooo wanya aboa no ankyi no nti wosi neho bon,44,45,63.0,neutral,negative,negative,negative
2bc87884-04b9-4345-b83c-c01a9f820963,sei sei de3 score board pub de3 de whole kumerica ooo,44.0,45,63,positive,positive,positive,positive
3ddc427e-57f6-4afd-b106-b5130df045a5,na wait your last line hajia bintu nu oy3 whan,44,45,63.0,positive,positive,negative,positive
5ba1ad7c-b2f5-4d5e-88ef-0a5496911065,ɛnhyɛ me ho a mehyɛ me dɛɛm mene obia nni asɛm,44,45.0,63,positive,positive,positive,positive
689f88d3-2ad5-40b9-92c9-678850356fac,wu na wu sh3 h nu😂,44.0,45,63,positive,neutral,positive,positive
55a1e630-21da-4ac0-a3a7-ee380d99b454,saaa cmmo na 3kakyer33 wo s33 cmmo ntumi nkc fie cmmo nyaa cmmo b3kc nanso african parent suban nka wone mfante nii maame bi nanka 3te aa nka wob3te ase3,44.0,45,63,positive,neutral,neutral,neutral
05d63c73-75c2-4fd7-b8e1-ee23e2137461,but ghetto ohia akyekyere y3 te s3 wire,44,45,63.0,negative,positive,negative,negative
e0030f9e-ce59-4a9c-8b60-2960d9f729ea,awurade ne me hwɛfo hwee renhia me ɔma meda wura frɔmfrɔm adidibea ogya me kɔ nsu a ɛho dwo ho odwudwo me kra ɔde me fa akwantrenee so ne din nti sɛ menam owu sum kabii mu mpo a minsuro awurade efisɛ wo ne me na ɛwɔ hɔ wabaa ne wo poma na ɛkyerɛ me kwan,44,45,63.0,positive,positive,positive,positive
75d71613-e306-4471-b575-319fb7a7835a,ad3n wo ngye no ndi anaa😂😂,44.0,45,63,positive,neutral,positive,positive
ee73cce7-bc20-4b1d-adac-3d3cdec8779e,mekɔɔ kumasi no manhu wo,44,45,63.0,positive,positive,positive,positive
ab6bb31d-3c5c-46a6-b7aa-f050653317c2,woti kakraa nso brɔfo papa biara nnim 🤣🤣🤣🤣,44,45,63.0,negative,negative,negative,negative
25336740-d6e1-4081-b80f-d72928b2e457,wofa was33 h style biaaa bi,44,45.0,63,positive,positive,positive,positive
15272824-aca3-42e5-9f8d-2f283685b19a,etouga etuo no asan ato biom baba yara mafia ⚔ 14 goals at the baba yara sports stadium 🏟 franck thierry etouga mbella 🔥 🔥 but ɛyɛ faaaabulous 52 pts now,44.0,45,63,positive,positive,positive,positive
96b075f0-b905-4939-a589-408fba6f29b7,moapamo 3ka asan akfa 3ka paaaa anaa sake of werner ne kai nti na ɔmo de pressure ɛkɔ sign dutch coach no anaa🤣😂🤣,44.0,45,63,negative,neutral,neutral,neutral
6f6dad29-dd40-4be7-8a72-f924cfc9e4ab,information wo wiesi oo,44.0,45,63,positive,neutral,positive,positive
5092ad8e-83ca-489c-adbe-b0f5988c041e,awww ewuarde menhu nea meny3 meho mpo 🥳🥳🥳🥳🥳🥳🥳🥳,44.0,45,63,positive,positive,positive,positive
dc5e1353-af74-41e8-ad70-a84865bf91f1,anuanom ne adɔfoɔ mekyekyea mo anwummerɛ yi ɛyɛ sɛ motee menka akyɛ hmmmmm matu meto kakraa ɛkɔyɛ adwuma kakra bi mesane aba ɛfirisɛ amanfoɔ ɛtoto boɔ ba paake no so dodo me se ɛnkyɛ koraa meba biem adɛn aaa ishmael addo yɛbɔ mbella din a wose ishmael addo,44,45.0,63,positive,positive,neutral,positive
e1b82be4-8910-4585-8c38-bba33db84028,oo coins gyae saa lol ɔngye sika biaa y3 hehe,44,45.0,63,positive,positive,positive,positive
e03defe7-1a0d-4cdd-823a-44552bbd7912,srade nam anadwo biara mede me ho twitwi mboatia nhwiremma ho me sumiiɛ mu afɔ sɛ aponkye daberɛ nkotodwe gu fɔm me de nsa ato nsa yam republic hall knust,44.0,45,63,positive,neutral,neutral,neutral
8aa57bb2-3b7a-4380-867d-6e9bd80e0ec1,waka mati nanso me nfa afutuo no,44,45.0,63,positive,negative,positive,positive
739d7070-f321-4b91-a38f-2d417ec7b900,obuasi yɛ fɛ buh inflation na ɛkɔ sorome kurom yɛ fɛ sene nkuro a aka no nyinaa🇬🇭🇬🇭🇬🇭,44.0,45,63,positive,positive,positive,positive
ecdf4742-1870-4797-917e-4e76e36d7435,fa wo tro sorehc saaa na mo nim naaa daaa nkoaa mctwwe,44.0,45,63,negative,negative,negative,negative
2677d222-4dcf-4eb9-b15d-01e7cfab7151,akoa yale wo tee dase abr3 aaa na wama wo kora so,44.0,45,63,negative,negative,negative,negative
f042e42f-e004-4593-9b54-88c65aa13272,ei wumpini still aa wo se wumpini,44,45,63.0,positive,positive,negative,positive
513ed764-b308-4290-8170-2dde0acfce88,so true oh kai,44,45.0,63,positive,positive,neutral,positive
18a3c294-1bb1-4bde-b6cc-84d35e8490ac,wei yɛ dɛ bɔ africa animguaseɛ akwaaba,44,45,63.0,negative,negative,negative,negative
d215ea47-21cf-4ab3-85df-d8e83e4a5ab9,obr3fo bi ba tis3 wo,44.0,45,63,negative,negative,neutral,negative
5147c43b-48c6-47b5-8739-acd55e92a63a,masa hw3 wo kasa yie ooooo,44,45.0,63,positive,negative,positive,positive
d1f25974-2b4d-4b84-9ed1-bd32c610fb54,what can come can come 🤔 anaa yɛbɛ wu enti yɛn da,44.0,45,63,positive,neutral,positive,positive
aae96328-6080-4c82-be01-379f39db13ab,bossu y3ka nokor3 kyer3 omoyedi tw3 no nso yie,44,45,63.0,positive,positive,positive,positive
04a00234-a03e-4675-8a16-eb37f7f94c6e,mes3 yesu ma wo😒,44,45,63.0,positive,positive,negative,positive
714541da-346a-4f86-b8df-a0dda0293550,fa wo gyimii k oo where d diss song dey 🙄,44,45,63.0,negative,negative,negative,negative
e10432c7-d953-49a1-865d-4c1c3b546940,hahahaaa no pe saa p3p33p3,44.0,45,63,positive,neutral,positive,positive
ad7526ff-8598-4aa7-a3f0-274f84aa8dbc,tumi bi a edi me diɛ sie bia no gyae me na kɔ men dwene obia ho me de me ti bɛgye frɛ me bosiako~ 💿,44.0,45,63,positive,positive,neutral,positive
5cf3e757-18b4-4f13-8fcb-90d8ddfc5d84,fa mi ka hoooo ern anaaa menko da 🤔,44.0,45,63,positive,neutral,neutral,neutral
3ba59e96-9642-496e-9290-798f67fdb6ea,no wo kraa aden😁😁,44,45,63.0,neutral,negative,negative,negative
4dc4843b-185a-4c73-9f92-9e95bca451b6,adeɛ a ɛnyɛ yie no wo yɛ no deɛn aaaaaaaaaaa ɛnyɛ yie,44,45.0,63,positive,negative,positive,positive
407f7b52-4600-4db9-a15b-ec44e5e5759d,min hu so koraa oh,44,45.0,63,negative,negative,negative,negative
ef337519-0bc3-4132-853b-28ed26e920b9,afei deɛ mo nan noaaa😂😂😂🔥,44,45,63.0,positive,positive,positive,positive
2089d498-2704-4e17-a8c5-5f3b1fd880dc,mo na mo ma such stories,44.0,45,63,positive,neutral,neutral,neutral
79819fbd-2c87-4d4a-a123-a6f473d122c8,eeeiii eeeeii eeeii 🤣🤣🤣🤣🤣supply your scolobus is trending oo🤣🤣🤣 s3 wo si wcn hy3 pioto 🤣🤣🤣😂😂😂,44.0,45,63,positive,neutral,neutral,neutral
e070255d-5ccd-4f6b-8bc1-823deae144bc,wei de3 mewhri s 🤣🤣,44,45,63.0,positive,neutral,positive,positive
2db703b6-25c2-430f-9c16-8ca4764a8594,nyame yɛ seniorman eeeeeiiiiiiiiii,44.0,45,63,positive,positive,positive,positive
0935f29a-aec8-40c8-a2a3-f53f115efae7,ghana fo anka baako b3ti,44,45.0,63,neutral,positive,neutral,neutral
207a8b67-9c79-4e03-aaac-88d3eb0ca98f,obi aa wo horoso a wo san twa bet ei na katashi tantan bɛn nso no no 🤣🤣🤣,44,45,63.0,neutral,neutral,negative,neutral
0d21c35c-1550-40bb-9e96-af0460f9d64e,yehowa b3hw3 ne mma 🙏,44,45.0,63,positive,positive,positive,positive
eefacab0-a45b-4134-9cd9-9b3489c6e5cd,😂 😂 this girl ankasa ong wode3 ma me nfa nsi ha yi aa,44.0,45,63,positive,neutral,positive,positive
4f7dfec3-4eaa-4b07-9290-59cefba5c79e,tsatu is lawfo mo ho y3 😂😂😂,44.0,45,63,positive,neutral,positive,positive
5b8009c0-8c63-45b8-91c2-4b630a99e589,sekan no w wo a aw wo kwa,44,45,63.0,neutral,neutral,neutral,neutral
499fcf53-6549-4cb4-9226-9786489b3e25,eeei this de3 nyame ay3 bi ampa,44,45,63.0,positive,positive,positive,positive
f10d6249-3a3d-4405-aee4-bfa0edda68b0,enti daben meny3 den kraa bet yi nso mentumi gyai yesu boame,44.0,45,63,positive,neutral,positive,positive
e411b684-2381-41f6-b81e-ddaa80861bb4,wabr3 oooooo bra paninsaa pnk dwuma wei de3 meny3,44,45,63.0,positive,positive,negative,positive
d2e1d34d-b81b-4e18-add9-cea8979eece9,ahhjhhhhhhh reuben me ntele wo ansa saint kwadwo fosu,44,45,63.0,positive,neutral,positive,positive
941abd33-29f2-4b70-982c-33a4aa09bba8,whɛ deɛ ɔkyerɛ bi,44,45.0,63,positive,negative,negative,negative
6d08be9f-4fc9-439f-a57d-fd5bb5c7c3ee,na nsmq nso de3 nanka black stars fa mo ho b3n,44,45,63.0,positive,negative,negative,negative
47045313-d452-4b40-88b8-dd85178f72eb,alonso ne mogya hyew,44,45.0,63,neutral,positive,neutral,neutral
80ba8fec-9fba-43d5-bb36-f42c5b1fe47c,hmm chairman ena woo ka no sei we we no get di3rrr one two na dem dey take wana babes saaa,44,45.0,63,positive,positive,neutral,positive
3e9837ac-584d-4cf2-a641-d5da9e6da913,eii charman na aden😂,44.0,45,63,positive,neutral,neutral,neutral
96fe9099-cebe-4933-919e-6d0dd3c0528b,woseeeei koo na wo bolobolo nono😂😂,44.0,45,63,positive,neutral,neutral,neutral
bccf0485-562b-4296-8574-4d21b089d317,don 3ha de3 y3 gyina mu pintinn s3 abele abaa no wo de3 to bra 😅😅😅,44,45.0,63,positive,positive,positive,positive
d72756c5-3855-45af-8747-cfd81001b421,de month x ending 😹 yagye sika 😹,44,45.0,63,neutral,positive,positive,positive
ac445061-1cbc-43f4-ba20-f8311367cfaa,ya bo jack na ye de nam,44.0,45,63,positive,positive,neutral,positive
edf54292-6f0b-4281-8573-d577578f399b,wow mashup mu okukudurufo akwaba were waiting 💯🔥🔥🔥,44,45.0,63,positive,positive,positive,positive
ef84b49f-d380-460a-9ef4-64a1727076b5,me i like the emu ay3 kooor torokaa ena nkyen nkyen ay3 tumtum😂😂😛😛,44,45,63.0,positive,neutral,positive,positive
cac04bbd-a64d-4524-8829-3d3421a4ad38,yɜ yɜ dom yɜn nyɜ baako mmienu miensa yɜ yɜ dom wo kum apem apem beba yɜ yɜ dom aaaaah wote kumerica yɜba aa yɜ yɜ dom yɜ yɜ dom 🔥🔥🔥,44,45.0,63,positive,positive,positive,positive
a98490fe-8b34-447b-87ba-22dd432d6ded,aaghh😂💔💔 you de3 oh daabi,44.0,45,63,positive,neutral,neutral,neutral
a5debe3c-c6bb-41e1-8eec-9b0f683a6b70,that guy nyansa baako sei wo nni bi,44.0,45,63,negative,negative,negative,negative
bacf769b-f458-435e-8864-31cbbeb98c35,chale wode3 tena akyir3 ho na to nt3 na kasa kasa hunu god no go shame us,44,45.0,63,negative,negative,positive,negative
bd2bad83-e095-4fe3-94ee-c459a3fa5b7b,dbee dbee saa na wakorfa ka,44,45,63.0,neutral,neutral,positive,neutral
8ab93410-2ae8-45f9-a490-110e55447842,eiiiiiii🤣🤣🤣🤣🤣🤣 hrrrrr woa shi anaaaa masa masa masa y3 ab kann3 ny3,44,45,63.0,negative,negative,negative,negative
92c20fd9-51b5-4d82-a978-cfca51a0a55b,adɛn wofrɛ saint anaa😄😄,44,45,63.0,neutral,neutral,positive,neutral
b08ac392-2392-48de-bbe7-c2deb6373f91,onyame a woyɛ yɛn agyanom nyankopɔn ɛnnɛ nso woyɛ yɛn nyankopɔn yɛbɛsom wo abre nyinaa ama amansan ate wo nka deɛ worebisa biara no ɛyɛ nyame nko na me ne mabusua dan no🙏 sehwi wiawso western ghana,44,45,63.0,positive,positive,positive,positive
763538ad-9dbf-4a46-b622-2b485a0c4eb1,kenkey for the needy 6th august2022 efua sutherland childrens park 10am mon ma ye rt nu wai nyame nhyira mo,44,45.0,63,positive,positive,positive,positive
d2f36c93-baa7-47ea-b7c9-dfbaa8d47b90,maaaziiiiiii ewiase nyinaa number 6,44,45.0,63,neutral,positive,positive,positive
cc8d9eb8-7d6c-4458-bd0c-760e9f3421f5,nyame b3 tua mo nyinaaa ka s3 de3 mo ndwuma te3,44.0,45,63,negative,negative,negative,negative
5021dc12-b860-4226-b944-e53db48e399e,menhia nanso wo nyansa wɔ akyerɛ,44.0,45,63,negative,positive,negative,negative
71a2a6d4-5bdc-4c32-97e1-db2aa3cbf129,wo twɛ yäir dàîr,44,45.0,63,positive,negative,negative,negative
48d5968f-4638-4867-aae9-58c2874aeb1e,sesiaa na adeɛ akye ahh,44.0,45,63,positive,positive,neutral,positive
9b714fb9-1c2d-4367-bbb7-8e05c6706c3d,success wo tiara s3 wodi queen elizabeth akyi miensa 🤣🤣🤣,44,45,63.0,positive,positive,negative,positive
28426afa-9012-4f20-af5b-9ac6ccad9094,dzi wo fia asem,44.0,45,63,positive,positive,positive,positive
3e730ceb-8bfa-4fae-8853-1e4e69a6df2a,ɛyɛ homhomfi na ɛyɛ ɛbi mo saa we appreciates your efforts✌,44,45.0,63,neutral,negative,negative,negative
bbda8269-58f4-4b2b-8118-d35ee0de60fd,y3nny3 nu cash app anaa,44,45,63.0,positive,positive,positive,positive
79b90d8a-ceb4-4aa7-9d3b-a6a4ca6f2feb,akoa yi ho twa,44,45,63.0,positive,positive,positive,positive
723fbdc7-927c-4c6f-a8cf-d138760a09e1,onyame abodiɛɛ yɛ fɛɛɛ ah,44,45.0,63,positive,positive,positive,positive
17f31497-18e6-4f3d-852a-c9236a0513c4,wei yɛ de pia car 😂,44,45.0,63,neutral,negative,negative,negative
b6518885-d181-4774-a545-40021aa9c15c,style ben na wob3 fa mi 🌚,44.0,45,63,positive,neutral,neutral,neutral
c7ea3313-5e5c-4ea4-84e1-8eb2d997ec7c,onua gyai nkwasea keka no😂😂😂,44,45,63.0,negative,negative,negative,negative
a4aa27b1-4303-497f-9046-e4efbab9c185,3nea wani ny3 wosuro a bo wo team din wo team ne papa mu nono,44,45,63.0,negative,neutral,negative,negative
142e21fa-1f70-41b3-bec8-b587cc1a9cfa,adey die 😂💔💔💔 wey emotional trauma too dis kyeres3 obia egyimie oh 🤣🤣🤣,44.0,45,63,negative,negative,negative,negative
21c43e60-cbef-4b3b-937f-0e472f416625,abu gyimie nkoaaaa na akawo,44,45.0,63,negative,negative,negative,negative
68cd5c4a-f5c5-4c1a-af47-f7fc1fe48826,so akufo addo koraaa why,44,45.0,63,negative,negative,neutral,negative
6af8c22b-d8cb-4ad0-b4f9-163b684055dd,eiii na rydee na broken heart yi,44,45,63.0,negative,negative,negative,negative
72add483-d49b-4fca-a87b-5fa0e0de08a6,hahaha hahaha ma te,44.0,45,63,positive,neutral,positive,positive
f1cfbca8-589a-49b0-ab11-c324ef2b3808,nsuo muna t ky3 na s3 d memmae3 a woda a 3nna oo d km ade me a mana abro so nti woda a 3nna oo 🎶 ~daasebre dwamena😍,44.0,45,63,positive,positive,positive,positive
0e37580a-b646-47b4-8fc0-917627865665,wo nim nyansa nti its far fetched for u,44,45.0,63,negative,negative,negative,negative
957b033f-cc1a-43fd-afba-23f11d4af17f,y3ny3 baako y3ny3 mienu aha y3y3 apem ne fa y3fri kokoobin koy3 bad things w fumesua 😭😭😭🔥🔥🔥🔥,44.0,45,63,positive,positive,positive,positive
bf1672d2-25fc-4d09-a378-f8fe6fd43470,listen to ha ni ma dwen remix ft mabiina by on boomplay,44,45.0,63,neutral,neutral,neutral,neutral
94412148-b968-46c5-84bf-fee270852133,3yaa na mo yale,44,45.0,63,negative,negative,negative,negative
82d9ad3c-9d02-4def-959b-4766ba2b82bf,akatua asem na wabo so hmmm santo yi nano ma me,44.0,45,63,positive,neutral,neutral,neutral
1f45120c-0b11-4654-80b4-5df7c15df429,by wednesday na peter atwa obi aso👂 na thursday nso judas agye sika💰💔😹😹 week wei b3y3 bloody💔,44,45,63.0,negative,negative,negative,negative
6bfa0cb1-88f1-4d0f-8b87-54b1392ccff3,wo nya y3 anka 😂😂😂 nso woboa koraa,44,45.0,63,neutral,neutral,neutral,neutral
b415d921-f02d-442d-9074-cf30ba9b4a5d,hmm ka na ka biom,44,45.0,63,neutral,negative,neutral,neutral
a21a5544-67ff-4f97-8c94-60339e5bf5ff,na steph curry no wegyimi anaa,44,45.0,63,negative,negative,negative,negative
a16b8b3f-7029-4af6-8ce7-8d4b1a9bc76e,obi papa akra fie s3 k adwuma aba nti nabusuafo nhw3 no tv so hw3 kwan a y3fa so twa na s3 hwi h sika p3 y3 ya awurade nyame,44,45.0,63,neutral,positive,positive,positive
4dcd1710-fb7e-4caf-84cb-7bfc5c5fa6cb,theyre all de same bro nkwasiafoɔ nkoaaaa,44.0,45,63,negative,negative,negative,negative
a8f6d8e2-a8ce-422f-92a0-dd201ac3b14d,lotto kwraa metwa na bet🤗,44,45.0,63,positive,negative,positive,positive
398519ce-c752-43d3-b0fd-d1f819816daa,3ho hiaaaaa koraaa s3 wob3twi wanim instagram naaaaa b3ma wo filter 😂😂😂herrrhhhh dmc hard,44,45,63.0,positive,neutral,positive,positive
eb0546a1-0669-48b0-b2f3-f1979739ec22,scammers dema new trick is funny oo they call nooor masa ejuma ni sika nu wa sendiii anaaa 🤣🤣🤣🤣,44.0,45,63,positive,neutral,positive,positive
07f4719e-e3c4-4af7-b5d6-f2a035f74c7f,no hu mi da ️,44.0,45,63,positive,neutral,neutral,neutral
2c86eb4f-d92e-45cc-a462-fe148fbfba69,madofo nyinaaa asa anka me ne me nyankopon 😔🙏,44.0,45,63,positive,positive,positive,positive
24ce0114-56ff-4f07-b8a8-06fcf54fb8b0,wonya sika a di wanum🤝😂 na malt sika ntumi tc plot 🤝🚶,44,45,63.0,positive,positive,positive,positive
eec2be6f-8b3e-4a21-a570-28297ca37e85,saka3nka arsenal player enso de3 european trophy fa wo ho ben,44,45.0,63,negative,negative,negative,negative
05906463-6346-4617-818f-2d053e987ee9,fire wo nan noaa 😂,44.0,45,63,positive,neutral,neutral,neutral
c7d1c5c6-59fe-45a7-840f-852d8e08569c,aden mo taataa mo saa 🤣🤣🤣🤣,44.0,45,63,positive,neutral,neutral,neutral
83b56bee-8946-44c5-b318-967264931960,akoa no anya appor,44,45.0,63,positive,negative,positive,positive
34925e6b-6d3c-4248-9397-ccb88a40f903,eb3 fa nana wo ni abotre so aaa sika duro nyame enka wo hu 🙏🏽,44.0,45,63,positive,neutral,positive,positive
54ab7124-b708-49f9-b9d6-ac0e25e67056,asem no ayɛ kɛse ama malam😃😃😃,44,45.0,63,neutral,negative,negative,negative
522a03c1-5388-49b1-8353-0141c8cc895c,hahahahaha eiii mo ka nsem oooo,44.0,45,63,positive,neutral,neutral,neutral
a792aedf-3e26-440c-a814-e84c1e8c9ed0,kwasia ibe de tweet wey go bring back the dead bodiesaden na mua gyimi gyimi w twitter has koraa saakwasia jonu come tweet nuwhat happened kurasini,44.0,45,63,negative,negative,negative,negative
51c80fa0-cacd-4a2a-8f4f-938bb2111931,sika na shisika no ashi,44.0,45,63,negative,neutral,negative,negative
8027c9cd-0844-4b9c-aba2-767b0c48f508,eeii shatta saa na rolls royce no nny3 wodea😂😂😂😂😂😂😂😂,44.0,45,63,negative,neutral,neutral,neutral
a6506cd7-e6ff-430d-b9f8-5eb2b574e83c,y3wo iphone na y3wo iphone oo 😂😂😂😂😂😂😂😂 those who use 66s6s+6+7+ gyimii nkoaa😂😂😂😂,44,45.0,63,negative,negative,negative,negative
e4d3c889-e0ba-47aa-ae4c-21ea592f78b5,onyame a woyɛ yɛn agyanom nyankopɔn ɛnnɛ nso woyɛ yɛn nyankopɔn yɛbɛsom wo abre nyinaa ama amansan ate wo nka deɛ worebisa biara no ɛyɛ nyame nko na me ne mabusua dan no🙏 sehwi wiawso western ghana,44.0,45,63,positive,positive,positive,positive
d1c329ec-99f5-4c2d-993c-71df7e2ce4a5,ghetto boy nanso me girl y3 dadaba p3ky33 😂😂,44,45,63.0,positive,positive,positive,positive
bb4096a6-1bc6-453f-9225-2734b04b9840,dem tear two eiiii na barca omo agyimi anaaa 😂,44,45.0,63,negative,negative,negative,negative
e7d14886-f35d-4653-ac7e-8d46a583991a,hwɛ ne jonwopri papa 🤣🤣🤣,44,45.0,63,negative,negative,negative,negative
57ba1768-ee24-431f-9dd9-7b718db16697,blackstars diɛɛ yɛ twe fa yɛ bo saa 🥲,44,45,63.0,neutral,negative,negative,negative
187605da-1030-461b-9238-325b09c45d74,as3m oooo na abr3😂😂,44,45.0,63,positive,positive,neutral,positive
41a3db21-d937-4382-a83f-0a6eca5e4706,team deɛ ɛno a ne ```kumasi asante kotoko``` oseiiiiiiiiii kotoko faaaaaabulous its called the ```obenefo ball``` kumasi sports stadium,44,45,63.0,positive,neutral,positive,positive
52224d21-f723-4d45-8bab-16cb053741c9,fa no bra akyire hɔ,44,45.0,63,positive,positive,positive,positive
ec0e467a-b404-43da-a489-2a94e3e9cc16,medi medo k3se be b3 ma menua wo anigye mo kyea me ooo kyea me,44,45,63.0,positive,positive,positive,positive
43d3a2eb-0e33-43f3-ada2-308c69c86f25,😂😂😂😂😂😂😂😂😂ei tee girl no wafa biibi w fom adi anaa,44.0,45,63,negative,neutral,neutral,neutral
9377a005-5b80-4cd4-8502-708513c8b578,ekwan da mu roff 😂😂😂,44,45.0,63,positive,positive,positive,positive
56a47a50-7416-4355-bff5-001bcf7529e0,ohene wo nkwa so ✌🏾✌🏾✌🏾✌🏾,44.0,45,63,positive,positive,positive,positive
17c9f66d-d14a-4ff0-97f8-3b65b7d61152,yɛ na twe fa me so wate na wo paws bi bɛyɛ dɛ drɛd 😉❤️🔥🔥🔥,44,45.0,63,positive,positive,positive,positive
5668065d-c557-4297-8f9c-84dbe2124cda,wo nyansa wɔ fam paa o,44.0,45,63,negative,negative,negative,negative
1104948d-5e30-48af-bdba-8a1795b38908,neutral man aa wo propaganda nyɛ fɛ sei wo firi hen🤣🤣,44.0,45,63,negative,neutral,neutral,neutral
898cf789-272f-43f6-bc79-ec20915c71e6,kwaku frimpong de asem b3ba🤣😂😂,44,45.0,63,positive,negative,negative,negative
e20f89b1-3ace-4b48-9b67-fe6f9405cbf7,i woke up in new bugatti koobibini sii buzanga ei bibinii captain hook to da ewiase tho,44,45,63.0,positive,neutral,positive,positive
f2bf11bc-ee86-4fef-9ad3-4376873812ef,ewurade tu y3n sem na y3n y3 bi wai,44.0,45,63,positive,positive,positive,positive
66cf2c30-90a4-4816-9e8d-776ff0ec0515,nanka young gentleman nso de3 fa woho b3n team fooo saaa,44.0,45,63,negative,negative,negative,negative
7f8a8156-70ef-4a81-a515-fdd4dbefbac6,mese cue ka na ka biom,44,45,63.0,positive,positive,positive,positive
98cf48ce-e665-43e0-a0ab-2eb66cdbe6ea,ah na dead sea sɛn nka ka se pool mpo eerh🤣🤣🤣,44.0,45,63,positive,neutral,neutral,neutral
ed18f3d9-ca3e-4dbf-9824-cea77e3bc906,kudos warriors 🔥🔥🔥🔥wo kum apem a apem beba,44,45,63.0,positive,positive,positive,positive
44daf8a0-f58e-4ab9-88fe-15db2a75e1d4,😂😂😂😂 bro me seee aha y3 kwan ho,44,45,63.0,positive,neutral,positive,positive
4a4147cf-3133-4d64-8195-8ce71f0a1e4f,trumu tanka nti you are crushing 😂😂😂 ei alhaji,44,45,63.0,positive,negative,negative,negative
7ca2f1e8-e1d4-49bb-8f7e-99383f064d02,mepawokyew wo ho te sɛn,44.0,45,63,positive,positive,positive,positive
27cc5e77-76d4-438e-b20a-a974a9a21ef8,ah na wagyimi saaa kwaadonto,44,45,63.0,negative,negative,negative,negative
92755aa2-152c-4cd4-bf4a-560112c52393,asa asika no wan run this p e dy pain me,44,45,63.0,neutral,neutral,negative,neutral
138d92b2-b76c-4766-999a-7ba0e117d742,awurade morsha boduong ho twa honan saadii ankasa 😂,44.0,45,63,positive,positive,positive,positive
c2aaf8a2-4658-4682-9e27-99f33bb9a6f5,withdrawal paa aden na solomon o usesu momo anaa,44,45.0,63,positive,positive,positive,positive
e5d959c2-fcb5-4afa-a9f4-1f1dc766ace4,ghana music industry ankasa s3 3ni mu aa no use no apologies sark y3 nyame,44,45,63.0,neutral,positive,positive,positive
304c029f-375c-475c-bc68-b9676845e977,eeeei massa relax wai nya abotr3 wai na richattah ay3 ready s33,44.0,45,63,positive,neutral,positive,positive
cf65a8f4-8cc5-4ea0-a561-2cfb964a5f06,fa sekan twe twa mu 😂,44.0,45,63,negative,neutral,negative,negative
9a23e88f-3a41-44da-b912-c927d04a357c,abusua d funu wai madam🤣🤣 ayie ba a na agyapade3 aba abusua mu,44.0,45,63,positive,neutral,positive,positive
4dc0b1d1-00c5-4af7-8fbe-f6070246fa77,one minute biaa na kwasia brofc nam mu,44,45,63.0,negative,negative,negative,negative
03ba89d2-9820-4db3-ae9f-2ee89659b845,ball no de3 yawhe awie aka y3 nso adwuma 😂😂😂😂,44,45,63.0,positive,neutral,positive,positive
a678055c-c3e7-4e82-b642-50e6ecd39dff,wu di ka sɛn,44,45.0,63,positive,positive,neutral,positive
ee28d6d5-7f0c-4c77-8168-94aac0a60e16,herrrrrr akomeah atwitti with iphone sika no anya asu😂😂😂,44,45,63.0,positive,neutral,positive,positive
0155606f-8ce8-4ee8-aab1-9980eb936eff,but br weak me ooo heerh 😂,44.0,45,63,positive,neutral,positive,positive
02b87b53-f58f-4c64-9cda-b9cea7b1eb24,fifa na wob3 b nka de3n biom🤦🏾‍♂️,44,45.0,63,positive,positive,neutral,positive
f5e3afdd-92ec-44d4-a03c-8347fa0bdd4d,sika no de3 madam b3gye kofi aboka p3333 😂😂😂😂,44,45.0,63,neutral,positive,positive,positive
1090e9c8-56f8-4294-88ff-ff29309e63d0,mr osei kofi aka tw33rooo,44,45,63.0,neutral,neutral,positive,neutral
16129f8f-f101-49f4-9e4a-818e8326928b,nsemhunu saa na papa panyin u come spew youa rolemode not even pigs,44,45.0,63,negative,negative,negative,negative
f9f76b7a-201c-42db-91b4-8a0c88b11e45,seisiara wo y3 fo ma me 😭😭😭,44,45,63.0,negative,negative,negative,negative
dcabebb4-eb42-4f46-a6a8-0175d43b28d5,asɛm no ayɛ kɛse,44,45.0,63,neutral,negative,negative,negative
3e48bff3-1074-43ba-afa3-f8fb2f613f5e,de3n na waka no bebreee sei,44,45.0,63,neutral,negative,neutral,neutral
49d5796b-ec2a-4d77-a462-993885107d61,me firi akyenfo nti mensuro police👍,44.0,45,63,positive,positive,positive,positive
3fd131c0-7189-429f-a47d-dbb57299ff88,saa akoa no de3 bofoakwa mpo ngye nowasa tu,44,45,63.0,negative,neutral,negative,negative
811334b0-aaa6-4914-a5da-652cb24b72e4,wo taataa me oo,44.0,45,63,positive,positive,neutral,positive
09bdcb68-2e47-4bfd-adb6-418666fc86c6,fa wo toke fi ha ko,44,45.0,63,negative,negative,negative,negative
caa1ec93-b533-4a4e-a344-db8516a96651,omo kaa s3 na y3n y3 yie tweaduampong gye wo ay3yie,44,45,63.0,positive,positive,positive,positive
a3cc80f1-6122-45d9-93c9-82048ad7740a,happy birthday queen nyankopɔn nkɔso nhyira wo na ɔnyɛ wo kɛseɛ🙏 ɛnnɛ yɛ wo da🎊🎊🎊,44,45.0,63,positive,positive,positive,positive
1f010851-9103-4d34-b4a2-0668682ac99f,masa aden yayɛ wo deɛn😀😀😀,44,45.0,63,neutral,negative,neutral,neutral
162240fe-2743-4c23-8f46-909084876c11,eihhh wo no no 😂 😂,44,45,63.0,positive,neutral,positive,positive
58a9d4d4-6c9f-4a62-894b-423c0706775d,adjoa tamakloe di3 s3 ndc aaaa na wo b3 to ama no,44.0,45,63,positive,positive,positive,positive
f1b7d6c8-73c2-49fb-84e6-a5f434c7115b,👑 🎼sika na 3ma yaw dabo hu neho odogo📌 i just wanna be great ⭐ 🎯,44,45,63.0,positive,positive,positive,positive
922d9833-b1ed-4e29-b941-b03d2872b6a0,happy birthday godfather 🎂🎉 🎁 🙏🏻🙏🏻 me bisa ewiase ahuoden ne sika nyinaa ma wo ❤️💯✅🕊,44,45.0,63,positive,positive,positive,positive
21124dec-1702-4b4f-8510-38d9ad2a5770,oh madrid de3 s3 y3 ne mmoaa 😅,44,45.0,63,positive,positive,positive,positive
3abd88b8-a7e6-487a-8a5a-e5583e26d32b,odoi no celebrate sef 😂😂😂 some apapu bi anka he do suiii siiaa 😂😂,44,45,63.0,negative,negative,negative,negative
512bf439-e4b7-41d3-8956-7c8fc4032cc6,nu 🔞 3n y3 obiaa na 3y3 oohhhh lolxz🙈💔😂😇 come n see som tin 🤪,44.0,45,63,positive,neutral,neutral,neutral
33af874c-db0a-4fa3-88e4-c7518c73ab49,3no nso de3 anka 3fa meho ben 🤧,44,45,63.0,positive,negative,negative,negative
2fe3a477-f242-45ff-a5ac-188459dd64aa,ɛnti mo se second half yi ɛbɛ fa ama deutschland ate ahyɛ anaa ei nyame bɛkyerɛ fc hmmmm,44.0,45,63,positive,positive,positive,positive
872310a1-ce4f-4001-b164-e1a3cc26c5be,lol y3b3fa nu saa,44,45,63.0,neutral,positive,positive,positive
d9367267-aa13-4be6-a7fb-9833a701e44d,wohuyɛ na ɛyɛ deɛn,44,45.0,63,neutral,positive,neutral,neutral
aaa687ba-c4dd-48b6-bf44-20d105cfb596,fb baako oh baako twitter baako whatsapp page bia mu nso baako b3 w mu ne good guy nso dey ne crush ne sugar daddy bi nso dey 1 tight corner,44,45.0,63,positive,positive,positive,positive
7fc9bcea-b697-46ae-a3cb-ce84d4fcf701,ahnnn eiii so me de3 😏🤒,44,45,63.0,positive,negative,negative,negative
0dc0ff6f-1cb7-44c8-8296-f10b56e77e61,wonni sika aobaa biaa ho y3 wo f3 😂💔,44,45.0,63,positive,positive,neutral,positive
8bdec6f2-aa13-4e63-acb9-4805e2fc8132,baako w heaven baako nso w efuom,44.0,45,63,positive,neutral,neutral,neutral
94bd65db-f27a-48f6-ad65-a508bc1879bd,😂😂😂😂😂😂 the nana ɛnyɛ me na me faa yɛ dey kill me,44.0,45,63,positive,neutral,neutral,neutral
74ea7a3f-fca4-4266-8882-be1bab00ca79,jersey no bɔ wo kama kama 🥰,44,45,63.0,positive,positive,positive,positive
1c63d8ee-1595-4600-a76f-5c903e46fdd8,yenka kyere wo ansa 😂🤣 enfa hia nka nkasiasem accccccrrrraaaaa,44,45.0,63,negative,negative,negative,negative
016f67ed-72d5-4a21-8a81-3ec9be7ee918,wanyini na gyae gyimie no,44,45,63.0,negative,negative,negative,negative
03ee4aaf-3b8d-453c-bdf6-3dee1aedaaaf,monto mma nana akufo addo monto mma nppeshie radodo,44,45,63.0,positive,neutral,positive,positive
a838962d-5f7e-4750-847f-01ca351331d0,wo pre wo pre dodo ahhhhh,44,45,63.0,neutral,negative,negative,negative
8322bbf5-2d4e-4e25-9ddf-49b6cb491a43,aaawwww sika p3 nna fom 😂😂😂😂😂,44.0,45,63,positive,positive,positive,positive
39d9c1fc-9ebb-43ef-9075-dcf0900647f0,stream abonten na mongyae kasa tenten 🔥🔥🔥🔥 asakaa4life,44,45.0,63,positive,positive,positive,positive
b67d0d04-2ac3-4c03-b428-5690bafee0e5,knatanka made iphone nso nnam mu😂😂😂😂,44.0,45,63,positive,positive,positive,positive
2b1c1eee-4e11-4bab-8ae0-8b811e05a77c,yab wo dua da👺💀💀,44.0,45,63,negative,neutral,negative,negative
383e333c-1a12-41b5-a825-b304a34c5e2c,restaurant b3n na wc motown,44,45.0,63,positive,positive,positive,positive
95d80d0e-73fa-4543-87cc-cfef927393dc,scissors deɛ sɛ punk oooo,44,45,63.0,positive,neutral,positive,positive
d79224ef-a7b7-4fa4-9cf2-d195a2a5dcd2,senior marry me erh,44,45.0,63,positive,positive,positive,positive
c5141189-c532-4308-b92b-e41c8abf070c,fa chelsea de3 no ma ho,44,45.0,63,positive,positive,positive,positive
9b4a1f65-cd06-4458-823a-2937a94003c6,brofo no nny3 me d3 eii woy3 maths teacher a brofo nfa woho anaa 😭😭😭,44,45.0,63,negative,negative,negative,negative
403abdc4-4298-4fff-8727-3f598165f930,ade3kye na s3 woanya bi anni ah 3y3 asem wonya bi di nso so a na woredwene de3 okyena wob3die ho onyame nhunu y3n mmb,44,45,63.0,positive,neutral,positive,positive
53766b88-fc7f-4aab-8a97-6ff653df2340,yeah de dressing no fyn kraaa,44,45,63.0,negative,positive,negative,negative
9d382854-7093-4dac-8a61-13b7bedc902e,saa menti wonka koraa,44,45.0,63,neutral,positive,positive,positive
fdbb19ef-41f3-4ce5-acd0-1f21f5785183,eeeiiiianaa minko ton ponko cus,44.0,45,63,positive,neutral,neutral,neutral
dc1f02f1-f1b6-4c19-8b90-ed95608c2166,ne nem ay3 hu huu hu aaah aden nusu wye nipa wai,44,45,63.0,positive,negative,negative,negative
c8eb35fa-6d70-4492-a6e4-02c0a31b7043,kweku frimpong de as3m aba,44,45.0,63,neutral,negative,negative,negative
f64b05fc-3b59-427f-96f3-9f824514c5e5,masa ɛyɛ agoro gyae yooo jude too whats up small jogging too he ghost,44,45.0,63,positive,negative,negative,negative
058ea1b3-c411-4f92-bd6d-0569e72b5117,de3 3hia ne s3 watwa cross ronaldo b3y3 🔥,44,45,63.0,positive,positive,positive,positive
6a877a36-a2be-4ef4-9982-2dbe1bc350f4,eeiii hmmmm na me koraaaa,44,45.0,63,positive,negative,negative,negative
63f56464-d543-4a31-9d59-d395dc91997b,gyimii ne 3ta nkoaa,44.0,45,63,negative,negative,negative,negative
29d14e47-cdf3-4326-b3ee-ac350c195f48,co ask and nyansa baako se nni mu,44,45,63.0,negative,negative,negative,negative
38056b61-8ea9-4ad7-95aa-ea2d88ff2af8,nkwasiafo nea aka mo ne gyemie me dam b🧏,44.0,45,63,negative,negative,negative,negative
3e889f7b-d783-42c7-8175-fa934c69fb33,hahahaaa 3y3 ahoyaa anaa wo se s3n lol,44,45,63.0,neutral,neutral,negative,neutral
4af71aea-31e6-456f-abe3-6a1b4092eac4,hwan eni edo anaa 😀😀,44,45,63.0,positive,neutral,positive,positive
1118b036-9772-497f-abe1-e60f16dcda8d,wobehu me afɛre paaa 😂😂😂,44,45,63.0,positive,positive,positive,positive
baea9862-a892-4378-b5c1-4fd1c2f898d7,sika no ahye sika no ahye,44,45,63.0,negative,neutral,negative,negative
3144042d-4920-4847-9cb1-c0983a0b8d36,😂😂😂😂 asɛm ba nya aboterɛ,44,45.0,63,positive,positive,positive,positive
6a948fb0-bc7e-4e20-93c6-9ba862038ce0,ei ghana airforce 1 mu kamikaze paaa ooo bomb nkoaaaa 😂,44.0,45,63,positive,neutral,neutral,neutral
9a469f9f-1ebf-4c45-8775-0ea977ffd58e,😂 😂 ah 3no nso y3 de3n style,44,45,63.0,positive,negative,negative,negative
a714c3d4-cc5e-4b6e-9c73-f4fbc9581437,masa yɛ steady wɔ hɔ,44,45.0,63,positive,negative,positive,positive
914f0eab-86a1-401d-a4ba-ddb4acd6ee2f,e do aa make dem take come wanna top siafour ne ekum fo nkoaa,44.0,45,63,negative,negative,negative,negative
52126dd6-4249-48f6-bd99-3844702e0139,wei nka ɔkyena yɛ holiday a yɛde bɛkɔ long weekend na nso addo d se obiaa bowa,44,45,63.0,positive,positive,positive,positive
480a9999-d1ad-414b-a946-761263d37297,wcfa b3 wu ama madi adi3 oo ~daddy lumba~,44,45,63.0,neutral,neutral,positive,neutral
720a60e7-66a1-4f3d-ad58-fbe821562e31,😂 😂 😂 aka wo b3ka nokor3,44.0,45,63,positive,positive,positive,positive
dc4d420d-921f-4a03-b604-bc6d251c7f71,yo me nsa aka eeeee mail no mate kasa 🥂,44,45.0,63,positive,positive,positive,positive
0ebd9158-8289-4646-a905-163855f79eec,if clouds gather then i vex ah chale ammamuo bɔne nti nnipa nni ahotɔ,44.0,45,63,negative,negative,negative,negative
d088273b-4abc-44b7-a7f3-361ffe50810b,ne kora kora ne s3n,44.0,45,63,neutral,neutral,neutral,neutral
70e341cc-59e2-4d77-a163-c94fbd3f8aa0,asɛm ba nya abotrɛ,44.0,45,63,positive,positive,positive,positive
bf9948a0-f596-41f2-aa14-1aff51250443,malang sarr wa di fufu anaa 😂😵‍💫,44,45,63.0,positive,neutral,positive,positive
9e2d611f-fc68-411b-bbd1-c91cdfb7f6f9,hahahaaa wo ara hw3 3y3 as3m ara nko,44.0,45,63,positive,positive,neutral,positive
41fcc32a-35d9-4d16-bad5-1189dbd3efef,timo werner seff flop na raphinha tsw,44,45.0,63,negative,negative,negative,negative
f518f6df-e3e1-4a4b-9905-98efa30222c8,wofa sane dey come run run saa 😂😂,44.0,45,63,positive,neutral,neutral,neutral
9230d0dd-c2ad-4c8c-aaee-416707303950,nowhere cool mesoake me yere wɔ yesu mogya mu,44,45.0,63,positive,positive,neutral,positive
c4285167-5414-4017-a356-b3fa207418d5,ewiase mohm de3 ehu paa 3ny3 enne aa nka me nim s3 bayifo biara ho y3 f3 🤣🤣,44.0,45,63,positive,neutral,neutral,neutral
b2c0f67d-24c5-4a9f-9a7c-50a2444ab8d0,dabi dabi 3b3 y3 yie ama atanfo af3ri ~android users~,44.0,45,63,positive,positive,positive,positive
83f1a4bd-3877-4361-8fb5-7659f185d831,weyi sɛ ɛnyɛ gyimie a ɛyɛ dɛn,44,45,63.0,negative,negative,negative,negative
f94880a9-3dd6-40c1-8a69-6a0767566b7c,stream abonten na mongyae kasa tenten 🔥🔥🔥🔥 asakaa4life,44,45.0,63,positive,positive,positive,positive
db204c01-508e-4009-b6c1-6e20c63da22c,sika wo fie sika wo bank🤣,44.0,45,63,positive,neutral,positive,positive
928e4572-1ad1-4cec-9c9d-b4cf23ab9aa6,ho twa ankasa whaaat 😍😍😍,44,45.0,63,positive,positive,positive,positive
505a57f1-2cae-417b-8219-0ea28bbddfc1,nyame nhyira wu nanso kindly follow back sir,44,45,63.0,positive,positive,positive,positive
8978fe38-94c0-41b2-ab49-b9949837d1ac,nyame betua mo ka paa,44,45,63.0,negative,negative,negative,negative
b040b160-fdc1-4970-bf6d-6ba4ff8428dd,sia ma wani nnda h😂,44,45.0,63,negative,negative,negative,negative
083632fd-8509-4c6e-ac84-74d603fc5337,babiaa mekc no kwan wa nti metutu manamon asi yie fast fast,44,45.0,63,positive,positive,positive,positive
cd366e4f-5ec5-4fab-acb8-2ecff374b87b,ho tactical na wu di yiadom abɛ mu,44,45,63.0,positive,positive,positive,positive
145c8b32-165c-48a1-9085-e3f35b2b425f,wo p3 nhw3 bebree aa y3 bc wasum😂😂😂,44,45,63.0,neutral,neutral,negative,neutral
b46d2ed9-3006-4235-a5bf-75babc1487e3,tema mayor no be ghanaian 😹 woka ho bi na fuel prices k soro,44,45.0,63,positive,negative,negative,negative
d4202cfb-1d92-48b9-aaeb-f73bac0c4a6c,ade3 b3kye koraa na mey3m hyehye me,44.0,45,63,negative,negative,positive,negative
46a99bb0-b2b2-4039-af1a-e0608cc082b2,nkor ne fie erh😂,44,45,63.0,positive,neutral,positive,positive
c18402b3-8580-4741-8b5a-87d97491abda,😭😭😭😭😭😭😭😭😭😭😭😭 auntie ama 3koo nk anaa,44.0,45,63,negative,neutral,neutral,neutral
ef0b652b-e1c5-4cb4-aaba-b8b56bf3fb02,eeeiii wo di asem b3ba ooo 😅,44,45,63.0,positive,negative,negative,negative
2e25fc4c-e4aa-42cd-aaf8-de762ab2fc35,hwɛ olé ne gyimie bi sɛweve been the most consistent team in the last few months lol man wɛi paaa hm,44,45,63.0,negative,negative,negative,negative
7961c87e-bf02-4733-8414-c9e0b95c46a7,nka 3b3 den na ay3 wo ya 😝😜😝😝😝😂,44.0,45,63,positive,neutral,neutral,neutral
f62e1f56-007c-44a8-b2d9-27989c408172,ahoɔyaa yɛ wo dɛ dodo aahba,44,45.0,63,neutral,negative,neutral,neutral
52f85440-6011-4700-bd97-492401bb1952,ne3 okyer3 bi mtchwww,44.0,45,63,negative,negative,negative,negative
49e5abc9-9745-4428-bc88-312d97eaaff3,woy3 kwasia paaaa😂😂😂anka wob3n me aa anka wob3di slaps 😂😂😂,44,45.0,63,negative,negative,negative,negative
cbe32656-e231-4a50-9231-9dc746bf046e,ka nɛ ka biom 😂,44,45,63.0,positive,positive,positive,positive
428c7f23-afdd-41f7-b4f2-69325c117847,wei y3 de gye ballon dor😂,44.0,45,63,negative,negative,neutral,negative
6eb75d6a-0e0e-4a59-b309-cde64923c311,adjoa tamakloe di3 s3 ndc aaaa na wo b3 to ama no,44,45,63.0,positive,positive,positive,positive
715a2780-66f5-42b8-ae63-6343c3135137,ka nɛ ka biom 😂,44,45,63.0,neutral,neutral,neutral,neutral
2c423025-413f-48df-b4c8-73e49f5dd4d7,mo corruption bebrebe yi be local vaccine dierh mobe wo moadieh o,44,45,63.0,negative,negative,negative,negative
8a36dc43-f06e-4df1-acc3-4b46e3ab2b99,eeii united fuo yi,44,45,63.0,neutral,neutral,neutral,neutral
237dfb98-4cfb-4b2c-892f-9015de9ab98d,anka fathers day yi na moagye me baako but no mo de3 ns3m hunu nkoaa smh,44.0,45,63,negative,positive,negative,negative
b457fe8e-93ed-425a-ba10-27b259b93951,a blessed day to the sports prophet nyame nhyira ne nnkwa tenntenn aamin aamin 🤲🏻,44,45,63.0,positive,positive,positive,positive
3917c4ef-2663-48c9-81c1-f836800b31d2,wo y3 aaboa mu abboa paaa wai s3 wo supporti kronfo akuffoaddo wai aponkye ba tis3 wo,44.0,45,63,negative,negative,negative,negative
d1b3666a-f02e-4e35-9c73-b72394e531dd,obi se ob3 gyimi aa efa mo ho ben 🤣🤣,44,45.0,63,negative,negative,negative,negative
7f0048f6-821a-433f-8b9c-cd08df0283ce,komot 😂 wa sei too much,44.0,45,63,negative,negative,negative,negative
e636e9f6-ad36-450e-a099-5d16e192c4ae,yagye sika ooo yenso y3 time a so ooooo,44.0,45,63,positive,positive,neutral,positive
b763e992-11da-4216-ad88-50cf80b5e798,🎶 o hwie ngu foforɔ gu me kraa mu me nneɛ a ewu nyinaa nya nkwa bio waewae mani so aboɔ ma me nhu ɔhene no sɔ ogya wɔ me kra mu 🎶,44.0,45,63,positive,neutral,neutral,neutral
cdd389d7-14ec-4d47-afe0-50a4ffac3fd8,ka wo nan to so,44.0,45,63,positive,positive,positive,positive
6c1d8541-fa2f-4c1f-8446-c20cfaab868e,wo p3 asem koraa dodo😂,44,45,63.0,neutral,neutral,negative,neutral
2827de79-c162-48e9-bb97-963d94e9f22a,woara ma wo enyi 3firi edu yi unpaved road y3kan ka road a y3 ay3 ho aden ntsi na mo gu akyemfo enyimase d3m yi its only akyem mafias alone who regard or accept unpaved roads as constructed road huuuuuuuuuuuiii,44,45,63.0,negative,negative,negative,negative
ad98c622-4a96-4d97-b49c-0e5aef6ac0d1,3nny3 baako 3nny3 mmienu y3 y3 dom wo kum apem a apem b3ba,44,45,63.0,positive,positive,positive,positive
3904ce4e-2e6a-430d-99fd-b2f48f43e519,my boss🙏🏽🙏🏽 nyame nhyira wo paaaaaaaaaaaaaaa✨🔥,44.0,45,63,positive,positive,positive,positive
cd2b4931-388e-448b-98b3-946b49f23757,boy no naso y3 den,44,45.0,63,neutral,negative,negative,negative
7ed859b1-4c98-4cde-9907-b111fc1b425f,wo nan ne kontuam,44.0,45,63,positive,neutral,neutral,neutral
c4b2c516-7b41-4a74-b99e-63cf0310875e,utag nyame kasa ma amoka 3y3 diiinnnnn🙏🙏🙏,44,45.0,63,neutral,positive,positive,positive
d7df2e16-c667-4cf5-a6a1-985e662639e4,mɛma wo 2 cedis wae 😂😂😂,44,45,63.0,positive,neutral,positive,positive
81385308-1576-47d5-ad48-be0635d523dd,eiiiiii 3ho nso wa k gye master gyae sa,44,45.0,63,positive,negative,positive,positive
8318ed10-a325-4141-a135-1c86e646ca92,wiase yi de3 s3 esum 💀,44.0,45,63,positive,neutral,neutral,neutral
84915bec-01ee-4396-9936-a68cf3d81a0e,asoden yekra no aboden😂,44,45,63.0,neutral,neutral,positive,neutral
0ab2897c-20a4-4ddf-a532-b66beb001b3b,wo w sika aa wo betumi agye obiiaa gerr king solomon,44.0,45,63,positive,neutral,neutral,neutral
e4e6e028-ef39-4f2c-a85c-7e4896bc6ce4,ah hwɛ nenim sɛ pitingɛ😏,44.0,45,63,negative,negative,negative,negative
f02a3823-4260-4a3e-bbd2-0f526f20d5ba,womp3 mas3m ah ku me pr3ko 🤣,44,45,63.0,negative,negative,negative,negative
14f9e1d1-aae8-4912-b1dc-d1352911c571,baako suro ayigbe mafia anaa,44,45,63.0,neutral,neutral,negative,neutral
e9bffe5e-f6c8-4d32-867f-762c86e01255,gyaii nsem hunuu no na bu oman no yiee,44,45.0,63,negative,negative,negative,negative
f6bc9a7a-cb99-4e57-8406-582dc95716b2,me maame yare nso yenni sika sad stuff akufoaddo times,44,45.0,63,negative,negative,negative,negative
8062c68b-a526-4c57-8e35-cc834671f86d,tanya tehanna mu bɛyɛ dɛ forkn nka ɔbɛtaa me bo saa aanduuuuruwa,44,45,63.0,negative,neutral,negative,negative
1fc3656f-5795-4e97-940a-ee8047ad00bb,girl bi miaa miaa me omiaa miaa me s3 organ baaaarrrssss,44,45,63.0,positive,neutral,positive,positive
221e257b-ea83-4fb9-82e6-a0627def2637,tema mpo nni light na goaso,44,45,63.0,negative,positive,negative,negative
078150ca-6d53-498f-8518-42ed3d08c77f,eeei this de3 nyame ay3 bi ampa,44,45.0,63,positive,positive,positive,positive
756d508f-e99f-4569-88c2-800c6e8bddc5,s3 wo di me drip no akyi de3 aahmasa 3ne3 wo ntua wo light bill this matter erh 😭😭😭😭😭😭😭😂,44.0,45,63,positive,neutral,neutral,neutral
38737991-53b6-4699-a5b7-800dfaecdf02,grasshopper mpo na edey bore me 😔kingdomphylum ne de3 ekeka hoo💔😑,44,45,63.0,positive,negative,negative,negative
e3752c7b-acd5-4e5e-9226-bb6498069e77,papa ny3 hwee aa bone nso ny3 whee ohemaa di sika no😂,44,45.0,63,positive,negative,positive,positive
d6951271-b7a9-41e1-b3bb-466160450a53,wo apantæn s3 king promise camboo no wai 🤣😆,44,45,63.0,negative,positive,negative,negative
d1dc93e1-a513-4e50-b02a-00f2aa40e963,na wiase kraa y3 y3 sen 😂😂,44,45.0,63,neutral,negative,negative,negative
9d1e8b2b-f0dc-40b9-aa54-f3f30f677727,ei na s3 3ny3 byforce 😹😹,44.0,45,63,positive,neutral,neutral,neutral
cf491522-fd78-4694-8b9b-99b9ed750f11,nana gyai na enfa,44,45.0,63,negative,negative,neutral,negative
2202e856-2820-4182-a8a6-5f5c2f20f35a,hwɛ olé ne gyimie bi sɛweve been the most consistent team in the last few months lol man wɛi paaa hm,44,45.0,63,negative,negative,negative,negative
cbe4b8a2-152c-4030-ae8f-98de341f3d0f,send prekese olonka baako im ready,44,45,63.0,positive,positive,positive,positive
22c29549-cc53-4531-baab-055193d47eca,boy no nfaho koraa,44.0,45,63,positive,positive,neutral,positive
f916e5bb-a971-4a94-a560-aeb8c6847207,nkwasia keka ne kasa by heart nkoaaaaa,44,45.0,63,negative,negative,negative,negative
030fa715-2545-4762-902a-7295dbad0374,me nka na waka sɛ me na mekae ooo😷😂,44.0,45,63,positive,neutral,neutral,neutral
85a65d23-d33d-4d87-9772-8b2b00115f50,as3 manchester united fans nu ay3 quiet bi saa ooo anaa mosi young boys 🤣🤣🤣🤣,44.0,45,63,positive,positive,neutral,positive
8974dbbc-6163-4303-8841-e4a09596facb,and yɛ se a yɛ yɔ ntina wɔbɔ yɛn mmane sɛ ɔseadeɛyɔ,44,45,63.0,positive,positive,positive,positive
aad9c0d2-dae0-437c-abeb-64a1e3c4160b,wano y3 ya oo kwabena mereba wab3 so da ☹️🚶‍♀️🚶‍♀️🚶‍♀️🚶‍♀️,44,45.0,63,positive,negative,negative,negative
5dc9ca56-fd0d-4ef7-8b72-ded3b6ecfbc9,wo ly mu nie😂😂,44.0,45,63,positive,positive,neutral,positive
1f920035-0868-4c37-9e0e-27a47185dd6b,ghanafoc binom ne gyimii de3 which country kraa be this,44,45,63.0,negative,negative,negative,negative
5a33a40a-694f-4502-9340-4361cae28922,saa as3m wo ka kyer3 me aa me hwie acid agu woso😂😂,44.0,45,63,negative,neutral,negative,negative
5fa3ce94-91b5-4f2c-98d2-21258dab8c7c,na mendi bounce hwɛ😂,44.0,45,63,positive,neutral,neutral,neutral
00b14a06-9b66-4dc8-a070-a1c7405c1d7e,fc barcelona de3 nyame na ob3 tua mu ka kwasiaaaa team,44,45,63.0,negative,negative,negative,negative
e192cccd-8991-4339-a1c2-d23dca8643a3,accra fo ne aho yaa🖕🏼🖕🏼 siato,44,45,63.0,negative,negative,negative,negative
01fb992d-9c70-4bed-96de-4d459cb1661e,na true ooo ma bro,44.0,45,63,positive,positive,positive,positive
e6b85d90-e6d9-4188-8b83-2f67a56c071a,whan nso nie na walewale nso y3 s3n,44.0,45,63,positive,neutral,positive,positive
ff7f3a11-a5c2-4b13-8c1f-e2e9e0fef8d6,herh information wo wiase,44.0,45,63,positive,neutral,positive,positive
3577fc33-045a-4f77-8e82-14b633e3fe2a,nti na mengyae wakyi da😌,44,45.0,63,positive,positive,positive,positive
296a2e21-0efc-48e2-b1dd-3c5e6a4cfd60,cry more kwasiampanin ɛmpɛ adwuma bi nnyɛ den dey do follow back n errand boy give some gyimigyimj rasta,44.0,45,63,negative,negative,negative,negative
46415a73-5e13-4bef-ad27-fc2b053b1dd9,haha i shock cuz sam de3 anka azonto na o maths fa wo ho b3n,44,45,63.0,negative,negative,negative,negative
c3279132-ca68-4094-ad9c-b82c1b88e628,nyame bɛtua mogyinaa ka one by one herh😭😭,44,45,63.0,negative,negative,negative,negative
1fe88a7c-f628-40dc-9a64-da497c496422,hmmmm ono na obl333 😂😂😂😂😂😂😂😂😂😂😂😂,44.0,45,63,negative,negative,negative,negative
653cd2ad-2968-4ab4-b620-3b085fa6f331,nufuo nu mu nsuo na gye wo papa 😂,44.0,45,63,positive,neutral,positive,positive
11cb2d6f-d254-4f78-80cb-2d58222a8e46,sɛ ndc foɔ diɛɛ bɛbrɛɛ naa ɛgyimi,44,45.0,63,negative,negative,negative,negative
27d649c7-5ba4-4232-b8c6-fecfdc9c6f3d,🙄🙄🙄🙄enti waa de3 wo y3 3nti 3y3,44,45.0,63,neutral,negative,neutral,neutral
73aa64fa-e441-4a56-b962-380cb9a0b58a,3nti meti ase na dme❤ m3 mb3 gyina ho ntiti wani ase when i die,44.0,45,63,positive,neutral,neutral,neutral
f2a03603-c914-4905-a0a5-7c63535500db,wee fuor ab ano kyenku,44,45,63.0,positive,negative,negative,negative
63c8f887-7244-4957-b537-867ff2ce3eff,obi nte sika nware ne tanfo as3m na aba enti a,44,45,63.0,positive,positive,negative,positive
a050948a-de02-4db3-8e83-09d3878e5fff,mo ne the reason why a magya me wife nti mongya leggers no sh3,44.0,45,63,positive,neutral,neutral,neutral
7644c65c-2bf0-40ab-976a-20a018ff2116,pls take it easy wai na bayern koraaa omu dier y3 omu wai,44,45.0,63,positive,negative,positive,positive
b501c930-aa06-446e-8979-1d8b103114e7,ayeyie b3n na wo di ma nana nyame onipa dasane,44.0,45,63,positive,positive,positive,positive
9bcb0ee6-a1c0-4a19-8e63-c7c999a477c5,wo y3 panin bme paaa,44.0,45,63,negative,negative,negative,negative
7fb431e6-b866-4721-9826-b4553efe0ee1,ɛnnɛ yɛ wukuada nti come buy one and get one for free rush to now,44.0,45,63,positive,neutral,positive,positive
427cf828-81e5-4a1b-9538-87d8f85d80c7,hwan ba nie kasa by stomach s3 heart nso o,44,45.0,63,negative,negative,negative,negative
6d335788-1540-462d-84b5-1513c9e18322,mo ma yɛn pɛ abɔdamfoɔ asupiti bi nfa abranteɛ wei nkɔ ooo yoo yɛ tena hɔ saa na wayi ne dross,44,45,63.0,negative,negative,negative,negative
1f28c27e-bec2-41cc-a582-2f3930c839c1,boobs man is disappointedwo nufu ny3 akono kuraa chooo,44,45.0,63,negative,negative,positive,negative
9bf97bc9-5914-4036-9c03-f3b3dc84d39c,3to naa nso nti na 3ma me p3 was3m no booty 🔥🔥🔥,44.0,45,63,positive,neutral,neutral,neutral
8fe434ab-9b4a-4222-be9a-2c121d49163f,ksi fo da wase😂😂😂🤣🤣💔,44,45,63.0,positive,neutral,positive,positive
6c4b984e-4f47-4ab6-84a1-8532e8f8a6d3,nana ase wo de hia ɛkeka nkwaseasɛm anaa wose me yale 🤣🤣,44,45,63.0,negative,negative,negative,negative
829fb3c1-e477-4834-9cc8-90cc242b33d9,ky3 me bi err😁🤭,44.0,45,63,positive,positive,positive,positive
e635f2ec-cc8d-4bce-8a87-271543b6a151,woboa sega no yɛ highest,44,45,63.0,positive,positive,negative,positive
32b616b5-5280-4ccf-bd9f-94325671c40b,oh na may3 den,44,45,63.0,neutral,neutral,neutral,neutral
44cf1d81-ebda-44ca-91d7-669cc20c7833,herh wo mpo di33 fa wo gyimie fi h foolish boy,44.0,45,63,negative,negative,negative,negative
4b7e77fb-2ebd-4db1-879b-1805007937cb,aaah ade3n sammy nu wagyimie anaa,44,45.0,63,negative,negative,negative,negative
198fd342-b9de-4258-9383-d2bc9c7b828a,eihhhh y3 wia mu ama presec o,44,45,63.0,negative,negative,negative,negative
872fd1cd-ac21-4126-afec-e74140e79a4d,miaaa me nie cheap necca😂,44.0,45,63,positive,positive,neutral,positive
8bea3a0c-3bda-405f-aa73-b25bebab2d6a,uncommon cases nobody dr kyereh in korle bu we run to come and see yɛpɛ apɔɔ mo deɛ montena hɔ,44.0,45,63,positive,positive,positive,positive
fe8e190f-e44a-471a-91fe-624e46cd3985,sister debbie is pretty 🤩 eii meyem kraa ahye me,44,45.0,63,positive,positive,positive,positive
a5a80f85-8d18-4761-9456-6d6fe36894aa,agenda boy mosi how far 😂😂😂 mo na mobl3,44.0,45,63,negative,positive,negative,negative
46633500-e2ef-4849-b5f2-3d32eaf77bab,kom de yen na medier kyere,44,45,63.0,positive,positive,negative,positive
49bea3b1-6c77-466f-9498-9156b46e72c7,massa gyae kasa bebree no na woototo ntosuo eegu tl no so,44,45,63.0,negative,negative,negative,negative
0ff090aa-e161-4a9c-aee6-5c7215a532fa,enti nufuor na onipa ba rewoso no s3 hajia munera hausa koko no,44.0,45,63,positive,neutral,neutral,neutral
81bdb063-ba3f-4680-bde1-7a5bb371e8e0,man for be bloody rich na sika y3 mogya ampa 😊,44,45.0,63,positive,negative,positive,positive
5e32418a-a187-4332-8478-b257e90de79d,seisiaaa na wabr3 yi,44,45.0,63,neutral,neutral,neutral,neutral
fc6f0e52-0126-44fa-b292-9869bfaad857,3si mo so s3,44.0,45,63,positive,neutral,positive,positive
9974916e-70e2-486d-948e-96f0eeca7323,richarlison no ɔnyɛ normal saa 😂😂😂,44,45.0,63,negative,negative,negative,negative
1c3619d6-c109-454c-91c2-70d2dd3aa5ee,yɛ guy guy ntira me p3 abrfo ayie ak o,44.0,45,63,positive,neutral,positive,positive
3d82ca27-5e2d-4f82-b2d6-0d068bad0f49,na mope sika dodo no erh,44,45,63.0,positive,neutral,positive,positive
72af7252-63d6-4ea1-b29d-7cb0eecb6bcf,these teams rn yagye sika yagye sika yagye sika yagye sika💰💸💵💶💷💴,44,45.0,63,positive,positive,positive,positive
22cbd0fa-cb55-4dc0-9779-2dfe84bb7c2b,eei mmaa wɔ world,44.0,45,63,positive,neutral,positive,positive
224dd350-c0e5-4c02-9ca6-66d45e1f5409,we are really rich y3ti sika mu eii cmo ti sika mu rather,44,45,63.0,positive,positive,positive,positive
6b6cafbb-ce46-4a1b-9875-833153d6712d,na kg nnoma yi eerr,44,45.0,63,neutral,neutral,neutral,neutral
7015b697-6ab0-4e92-8f4a-f36336667ef3,adoma da so oooooo🔔🔔🔔🔔🔔🔔,44.0,45,63,positive,positive,positive,positive
57100383-453d-4092-af29-a04447d289e5,ah dis girl paaa you on this gyimi gyimi e rush ah well ɔnaa ne dɔkono,44.0,45,63,negative,negative,negative,negative
4c1854b3-0824-4028-b4a2-00b3c4cb5cdf,kwasia panyin bi te s3 wo gyimii naaaa 🔥 🤝,44.0,45,63,negative,negative,negative,negative
85ae3029-4c2d-438b-b5ea-35450ddf8e8d,wo yale k na k pata ibi u know 🥊 rules,44.0,45,63,negative,neutral,negative,negative
e4f3cc90-4664-4d65-8ead-534c08b9550e,masamasa bolebamboi ooo kumasi ooo theyve taken us to the world cup,44,45.0,63,positive,positive,positive,positive
d7c9b97b-2b34-4c92-86b6-255c14826f28,se tan me awu nti deɛn na wobɛkyerɛ sɛ i have already told you sɛ deɛ de ɛɛba no so kyɛ wiase🌏🌎🌍,44.0,45,63,positive,positive,neutral,positive
59ab2ff5-3650-4d17-b9aa-25d0f5dcfba2,mpaninfoɔ se sɛ ɔsono tia afidie so a ɛnhwan rwanda ankasa ɛwɔ sɛ mekɔ bɔ me ho adwaa wɔ saa kuro no so waaat akɔnɔ akɔnɔ nkoaa ~ sponsor me wate,44,45,63.0,positive,positive,positive,positive
e9fc0841-05bc-412a-96a6-cf871353de66,eeeeiiii wo de33 wo😂😂,44,45.0,63,positive,negative,positive,positive
35e1ad99-1d05-494e-afaa-5737bf7bcefe,wei yɛ dɛ gye,44,45,63.0,neutral,neutral,neutral,neutral
040b6592-8e75-4caa-8ff8-fa5f4bb91243,s3 brand no da so nkoaa de3 a y3 b3 b,44,45,63.0,positive,positive,positive,positive
f889533f-1735-49d0-a09f-1a6af0a0d02f,ma sendi ntaade3 s3 abusuafo no nyinaa fa nni bronya na gyes3 otua sika mpem ahaasa ansa na wo nsa aka there norr you find out that oyibo wants to steal from you,44.0,45,63,positive,neutral,neutral,neutral
b6c37e5e-5e12-4e39-ac1a-5c22ee03deac,me dokono nti na wo twi mako de3 aaa m3y3 ice kenkey,44,45,63.0,positive,neutral,positive,positive
6f561f0e-efa4-4947-b52e-32e08d31ece0,ah hy3 na gye ballon dor paa sei,44.0,45,63,positive,neutral,positive,positive
614aab98-cea0-4354-928a-62031e8d902e,klenam enti heaven yi wob3ko bi nie,44,45.0,63,neutral,negative,neutral,neutral
f58c1978-f868-44b2-b92d-181980847aaf,ewiase nyinaa mumuni give deeeeeemmmm,44,45,63.0,positive,neutral,positive,positive
28570570-c328-4f5a-8064-ee54234db896,we shaaa anaa that,44.0,45,63,neutral,neutral,neutral,neutral
79c881ae-fa15-4cb7-8515-d8bcb176ac7f,as a guy wode date rush y3 d3n🥱 ma wani nte na p3 sika bruh wooy3 agyimi 😂😂,44,45,63.0,negative,negative,negative,negative
d8812bda-13b4-4882-8d36-37ab6f20ef1b,wo nan no y3 thick kama,44,45,63.0,positive,positive,positive,positive
a3a09662-bd63-4a13-b9af-9cc128638862,me man hene nono✅❤️ nana wonkwa so🙏🏼,44.0,45,63,positive,positive,positive,positive
20ee7b3b-e035-409a-8ac3-3aa7d6d6d90f,3ka aba fie 🙆‍♂️ sika no ahye 😅,44.0,45,63,negative,negative,negative,negative
ac169d4d-3b3a-4a03-bc4f-f9dc36b90e8c,nyame nti mendi ohia da,44.0,45,63,positive,positive,positive,positive
841660ac-9bb6-42cc-af2e-c8c1d8cf1866,asre no de3 wo ay3 neniaa🔥,44.0,45,63,positive,neutral,neutral,neutral
a43ea47e-d7c9-4b2e-8682-7cde908918c2,gyae gyimie no na sore,44,45,63.0,negative,negative,negative,negative
c94c8800-a2fd-4b4c-814b-6386dc50a0ae,eii philippines too dey listen to stonebwoy ein song information w wiase oo 🤣,44.0,45,63,positive,positive,positive,positive
1d6b6577-e0b3-4558-bcc8-6ba8bcb45874,god is watching yall nyame b3 tua mo ka paaa spoiling team 😢😭 😃😊,44.0,45,63,negative,negative,negative,negative
534c7f79-91c7-49f3-970a-c67374947eb9,twa selfie me twa bitters,44,45,63.0,positive,positive,positive,positive
576b6a2d-42aa-4cfa-b713-55aae4ff1df7,dwene wo team ho wo team no ayɛ sɛ ashaiman frefre kɔ bɔ🤣🤣,44.0,45,63,negative,negative,negative,negative
94dee2a0-398d-436a-b6ac-da89f3abcd34,bad bitch dieeer anka glasses fa wo ho ben,44,45,63.0,negative,negative,negative,negative
e7912fde-b450-441d-be2b-ade5a9fd3b47,nsemhunu na abrante3 no 3ka no,44,45,63.0,negative,negative,negative,negative
d08685eb-08af-47bc-ab5e-4a9b7dc9b6b1,😆ɛno foriwaa na abɔ sɛn,44,45,63.0,positive,positive,positive,positive
80189258-fa70-44ad-ab7e-64e7a49d9530,morin morin na ete sen,44,45.0,63,positive,positive,positive,positive
154c99e8-22f2-410e-b5fa-9a2815528e80,wo ho sɛ deɛ yatwe wonsono afa wo yɛm wate jeansman,44.0,45,63,negative,negative,negative,negative
8cdbf828-d0c0-46ba-8ddf-69bcb9f0923e,fun fact kotoko firi mu a na ayɛ deɛn na black stars firi mu nso a na ayɛ deɛn,44,45.0,63,positive,negative,positive,positive
e2ee4f69-c143-418e-9b6c-730ee31f014a,nice nice wa y3 ne nyinaa 🎉🎉,44,45.0,63,positive,positive,positive,positive
4d3939c4-0f3b-4d12-bf3d-bd59254f9674,hmm truly good real quick fact that go change africa but nkrumah koraa wa kunu na economic 123 hmm asem ni africans,44,45,63.0,negative,negative,negative,negative
c444f3c5-6635-49e8-b37c-c25ada401834,aban no mmoa yɛn yɛ find yɛn way a ɔse ɛyɛ illegal that lime by 🔥🔥,44,45.0,63,positive,negative,positive,positive
0454f767-291e-4017-b00f-dfce4b664611,herh gyae gyimie no,44.0,45,63,negative,negative,negative,negative
216cb4a2-dd0a-4176-a68f-cd9f47a3c522,hahahahaha 3su oo masa we miss u na bra fie,44,45,63.0,positive,positive,positive,positive
7ea25f7c-3c03-4aeb-b56f-e93c3701860c,di marzio nso way3 mmer3 ooo king eben nkoraa w update sene wo,44.0,45,63,positive,neutral,positive,positive
ebae7d6e-958c-4ac1-8287-0b525fe9c8be,hye gu wai na oman no mu ay3 den aa wosee y3n mm3di wo dwa 😂😂,44.0,45,63,negative,negative,negative,negative
cbeee328-9bf3-4645-bdef-10468a710d95,wonyaa3 a anka wop3 nanso wonya,44,45,63.0,positive,positive,negative,positive
2cf989f9-bdca-49cc-a592-99eba94de345,yaa pono will go and shoot video for the diss song p333 wagyimi saa wo ka kyer3 bronii koraa a ngye nni😂😂 herh boys fool😂😂😂💔💔,44.0,45,63,negative,negative,negative,negative
c9eaff1c-3b7f-470c-a7e0-6f887c72d819,shatta movement sanso de omo gyimiii kasa no aba 2021 the fake is the news mmoaa😂😂,44,45,63.0,negative,negative,negative,negative
6f870f02-d824-4a5f-a108-f510a06347a8,ama dede dede ooo ama dede dede ooo twitter girls yi aa ama dede dede oooo y3 b3ky3 wn afa ama dede dede oooo😂,44,45,63.0,positive,neutral,positive,positive
6f1d0e56-8f9c-42a1-afa0-275650df0112,yɛ ka sɛ fa nyame aa mo kaa sɛ yɛ yɛ mo ɔde ama wo fo koraa😂😂😂,44.0,45,63,positive,positive,positive,positive
fd4e955e-56df-4eb4-bd04-8f4af6d484db,you dey bee but wonyɛ spec saa o,44.0,45,63,negative,negative,negative,negative
1e59526e-2b72-4d5f-b022-2bb7ff6eee08,champion ade no atete ankasa ɛnyɛ kakra asɛm biaa,44,45.0,63,negative,negative,neutral,negative
b168bb05-d79d-422a-a565-f49bdffae905,ɛtoɔ bi paa aa mahunu no wɔ kurom ɛnɛ no ɛky3n e levy,44,45,63.0,positive,neutral,positive,positive
4a1eb9fd-f558-48e6-bc4c-ab1c97b6430a,masa wo sika no ahye go and sit somewhere abegi 😂😂😂,44,45.0,63,negative,negative,negative,negative
a8291e2f-6bc2-4369-b9c4-7407ab5b41c1,aden mo taataa mo saa 🤣🤣🤣🤣,44,45,63.0,positive,neutral,positive,positive
b391a87e-e09b-4f18-8c08-ad094030a995,chaaman fa 0 twa to ma me wai,44,45.0,63,neutral,positive,neutral,neutral
d1e5785a-c091-48ae-a07d-186af9ad1027,bossu wode3 ka h wae,44.0,45,63,positive,positive,positive,positive
ae173988-5b7f-4c81-9197-9d646aa1451d,so werent done😂😂 wagyimi papa,44.0,45,63,negative,negative,negative,negative
b9ad014a-3c80-4499-9596-7ccc8d5c736a,eiii bukari twe wo nika ko soro 🤩🤩🤩,44.0,45,63,positive,positive,neutral,positive
e9d05b04-c966-4c01-9d09-7eaa768c3725,kumasi abrante3 b3y3 saa,44,45,63.0,positive,neutral,positive,positive
abea65de-3504-4ae7-800f-f5e53e60eeef,the way im exhausted yi paaaaa anka bro kojo b me lickings bi anka me ni be gye paaaa but bro kojo nni h 😂😂😂😂😂😂😂😂😫😫,44,45.0,63,positive,negative,negative,negative
30515e6d-68f2-4c3b-92f7-6c709a5594be,ekristo fo adso obibiara re som nyame eye eyie 3no nti ama nyame som ay3d3,44,45,63.0,positive,positive,positive,positive
b547d36e-229e-4a65-a6ac-b46d58e9cfbe,aborc ne bayie nti obi b3 like p33 nso normal tweet de3 da😂😂😂,44.0,45,63,negative,negative,negative,negative
7b86e00b-807b-4618-8921-f1fb88a7e82d,barcelona fan nso dierr anka champions league fa woho ben 😂😂,44.0,45,63,negative,neutral,negative,negative
85e45d05-69b0-411f-a667-ce6f4ceb3c1e,wo di3r follow am😂😂,44.0,45,63,positive,neutral,neutral,neutral
4dd08e42-1a9e-436d-8051-36f3f4a37491,masa gyaigyimii kasa nu na you grow,44,45,63.0,negative,negative,negative,negative
36f38fb0-a3a8-44ff-ba2f-7415623153df,aden y3de3 yenka ho bi anaa,44,45.0,63,neutral,negative,neutral,neutral
ca4d1553-8bbb-4ae4-9b92-dcba436d3495,enfa na gyai 5 months vibing kraa fall water inside na 2 days p3,44,45.0,63,negative,negative,negative,negative
5540e65c-0dc9-4f78-95cf-d9c2f74983ca,1057fm abusua nnim hospital akatua nso m nim ayie y3 h33333 wate anaaaa,44,45.0,63,positive,positive,neutral,positive
a703b482-c95c-4c9f-8960-9e67d30d3ba3,wo nie nkwasiasem oooh daabi,44,45.0,63,negative,negative,negative,negative
07ea6f56-eba8-464a-be4a-1e940049798d,happy blessed 🎂 🥳 🎉 to our own jerry forson afehyia pa onyame nhyira wo pii 🙏🙏🙏,44.0,45,63,positive,positive,positive,positive
e198c803-f009-4d5a-a312-3c52d6d93bef,ei wo huŋ twa saa me taste paa nso ooo,44,45.0,63,positive,positive,positive,positive
12c0fa39-3286-4046-9f16-c99577367c2b,ring koraa yedi na header madi wo awie 😂,44,45.0,63,positive,negative,negative,negative
fae66f33-1d3f-49d0-99b0-d0bdf5a38392,wo y3 kwasia paaa 💔😂,44,45.0,63,negative,negative,negative,negative
6a9f3926-9a83-45c2-a009-885ed9329cb0,wo kum apem a apem beba,44,45,63.0,positive,positive,positive,positive
a40a427a-4930-48b8-8bbc-f92b08e30f05,wiase nyinaa fc vs chelsea fc but ɛnfa,44,45.0,63,positive,positive,neutral,positive
53a5e94f-1c59-40f4-8595-12a305176b47,masa masa gyae ruff atalanta na asa ntiaa,44,45.0,63,negative,negative,negative,negative
cc86cc5a-779e-4f76-ace1-29af794ec02d,presby hymn 791 presby hymn 791 stanza 1 ɔhɔho ne mamfrani na meyɛ wɔ fam ha masase mmɛn ha baabi minni fi pa wɔ ha ɔhaw ɔbrɛ amane na yɛde tu ha kwan nɔsoro hɔ na nyame bɛma mahome sann,44,45.0,63,positive,positive,positive,positive
e902ba13-9279-47dc-a8bb-3cccc9476dfe,sika no nso aba😂,44.0,45,63,positive,positive,positive,positive
33c9aa62-a98a-4201-9dec-70c4c26b4ec1,all prodigal sons papa 👴 si yen san bra fie na this time around nuey3 yolo,44,45.0,63,positive,negative,positive,positive
32bdfca5-3c98-44c8-9099-41354943e3d1,y3n p3 wo baako baako s3i mpo chale,44.0,45,63,negative,positive,positive,positive
85d2c6d4-88e6-4649-ba62-5620d00c4fb6,wabo dua na dane wai 🙄,44,45,63.0,neutral,neutral,negative,neutral
06335d59-8397-48e4-9ce7-a6071a6bafb8,kristo mogya kasa ma yen,44.0,45,63,positive,positive,positive,positive
89cb1cc1-0aee-4128-82cc-a5616c99a6b6,ahaha nana baako p3,44,45.0,63,positive,positive,positive,positive
18a51659-57c9-4797-90b6-9f5e428ba07a,he is stupid wob3kum trom na woadware sasaduro de3 gyae ma onfa ne mosuo nk,44.0,45,63,negative,neutral,negative,negative
6fd44719-c276-44e7-9a2c-cc342e7d751b,wakoma sua m3ndi ma kyi koti ba ma gye sa nika no da me ha nso wall no na m3twa m3si akyire bosome baako me ndaa fie street ne so ay3 occupied wo killers no nso m3yi akyire 🔥 🔥 🔥 🔥 🔥,44,45.0,63,positive,positive,neutral,positive
1846bbc4-0418-4ff0-9c85-9cd5334d0309,ah im bored kraa ɛne valentine paa ma nyɛ ɛteɛ andi,44,45,63.0,positive,negative,negative,negative
f9974b29-855c-4507-9b3b-148108896bd3,ei adabraka bruno mars wo to nnwom paa o,44.0,45,63,positive,positive,positive,positive
9ccd2cfd-4e46-4a01-85ab-37b1a94727e0,me sr3 nyame s3,44,45,63.0,positive,positive,positive,positive
e55219e5-4308-4721-8c58-2650025a5609,rally no 3korrrrso 😂😂😂 umofia,44.0,45,63,positive,neutral,positive,positive
67e44169-9df8-4a97-9a10-4b6d4376b209,me aa me hono 🤣,44.0,45,63,positive,neutral,neutral,neutral
92e388a4-1b0c-433e-91c0-608ca707f13c,tipsters be ruli wiase nyinaaa🤣,44,45,63.0,positive,neutral,positive,positive
8e0c3d7f-63d7-4098-ae77-cdaa61c9125a,😂😂 knacking nti girl no ntumi ngyae boy no o,44.0,45,63,positive,neutral,neutral,neutral
5e0b0a32-7145-4149-a5fa-183deb670be9,wo dier wo gyimii nu 😂,44,45,63.0,negative,negative,negative,negative
e08e76e2-a77c-42c1-8936-601ea2e4e193,wo kum apem a apem bɛba💥💥 yɛyɛ dɔmm 🎶🎶🎶🇦🇹,44.0,45,63,positive,positive,positive,positive
ede74b1b-985e-42de-b67f-45bdf61049c1,y3 de sika no ama wo so anka wode ak we jollof rice,44,45.0,63,positive,positive,positive,positive
40e8d5a6-4c78-446a-8587-6fba53ea7d3c,nyame na adom ma beduru akwaaba 🇬🇭,44,45.0,63,positive,positive,positive,positive
2d44279e-ae15-46ea-91dc-9c55015af81f,fa wo gyimi ko,44.0,45,63,negative,negative,negative,negative
0d47f89f-52f0-4501-9efe-6ca9863be774,enka wo nso o bishop sen your wofase momo wai,44,45,63.0,positive,positive,positive,positive
707c8caf-ec7a-4e4a-bf84-02ed5924d692,guess who sɛn anantuo ne wura ayera anaa,44.0,45,63,positive,positive,positive,positive
a9a33b5b-c98f-4269-ba33-4fa3306a1512,brofo tantantan ben nso nono,44.0,45,63,negative,negative,negative,negative
d97e5cc7-b6ed-4575-9076-cdf64a8b27e2,milo ama black stars ay3 akonnor ankasa,44,45.0,63,positive,positive,positive,positive
daea8740-3664-4b07-97e1-2cb74b6a5ac8,seniors mepawokyoww oo de3n ne red flags beberee nu🤔,44,45.0,63,positive,positive,neutral,positive
9349208c-a4c5-445d-a67e-f95a2db7b795,nika nu daha nso wall nu na metwa,44.0,45,63,positive,neutral,positive,positive
5f04a0e1-c2a0-4fec-ad45-dd4cd176fc1e,3de3n koraa na y3de ay3 mo huh 😭😭😭😭😭,44,45,63.0,neutral,negative,negative,negative
5adb2f52-60b9-453a-9f16-4826fac4f733,wonni sika aa wose government y3 corrupt,44,45.0,63,positive,negative,positive,positive
1aadaeff-825d-47de-833c-78c910e77c1b,vim akoa no se menua bi client bi arhh otaa gye no nkakraankakraa wahu lai no,44,45,63.0,positive,positive,positive,positive
18f59f53-1599-43fa-9b9c-4633967591e1,mbaa wo ghana o i swear,44.0,45,63,positive,positive,neutral,positive
54926503-7863-4a4a-8ba8-59b0f9711754,ewiase ne nsem foo de3 kyer3s3 empa yeho koraaa de3 aba nso no no,44.0,45,63,negative,negative,negative,negative
975d8859-c7d0-4419-849c-66ef7bffea1b,kofi di asɛm bɛba,44,45,63.0,positive,negative,negative,negative
833c3e20-8893-46d3-bdba-bad38c74fda5,so griezmann was gonna miss that eii ɛden oo yɛɛblɛ ankasa,44,45,63.0,negative,negative,negative,negative
d00416e4-0859-49d0-abe4-c7d4799ffae0,saaaa na we wu,44,45,63.0,negative,neutral,negative,negative
38894e69-c3e0-4b28-bff9-4f870b4ce4c5,me de3 sleep 💤💤💤 koraa ooo,44,45,63.0,positive,positive,positive,positive
22dec34c-5805-41dc-ae29-fb13a147bcab,asem ahye wo da 😅,44,45.0,63,positive,positive,neutral,positive
a64ebd2a-a206-49a6-a6b6-270f882e1207,daabi o 3kcm de me fokn,44,45,63.0,negative,negative,negative,negative
638d4bf7-a73b-40cd-805c-6972002c3852,hahahaaa wo y3 jon paaaaaaaaaaaa lol,44,45.0,63,negative,negative,negative,negative
8979319b-feac-4f76-a561-20161266dfee,kwasia wo maame trumu,44.0,45,63,negative,negative,negative,negative
9ae276da-181a-4711-8c7d-cd4006cf16f1,ei wo ye sampson,44,45.0,63,positive,positive,neutral,positive
d0d3796b-da70-47b0-8a6f-9395eec1c475,3toc nu bi abc papa,44,45,63.0,positive,neutral,positive,positive
8a7f283c-8e55-4e59-b184-9822cde55da9,i shock sef mo na mo bl3 tschew koraaaa,44.0,45,63,negative,negative,negative,negative
37fc6340-4016-4b94-9a77-dd9bed60ef83,enka teacher ni di3 wo di3 ni keep quiet class but wu si team fuuu na wu b3 supporti 😂,44.0,45,63,negative,negative,negative,negative
ae6b6c25-53c2-421f-81e9-0834c885cc17,nobi b3t33r nso y3n gyae da🙏🏿,44.0,45,63,positive,neutral,positive,positive
9ab661b1-919c-4131-a08b-251bef4a0815,mew nkawie hospital so hurry,44,45,63.0,neutral,neutral,positive,neutral
634c33e9-1971-4f16-99b0-654b70ffb7d2,phone na watwa no tataatan saa no,44.0,45,63,negative,negative,negative,negative
6d0e037f-bdd8-49bc-8a3d-243be9a5f73b,wopɛ sika kakra a fa ne nyinaa we nwii na ɛtwɛ sika ntɔ asaase,44.0,45,63,positive,neutral,neutral,neutral
68bd51f7-58ed-4227-8bf4-92d43f998620,mo nhw3 na monsua na moy3 abr koraa dodo,44,45,63.0,positive,positive,negative,positive
c4e9e150-fd36-4cb5-8daa-54406d5a83d4,saa menti wonka koraa,44,45,63.0,positive,neutral,positive,positive
4ad1269f-75f5-4966-86cf-7ad136878f45,na haruna wan dey ein top 🙏😂😂😂,44.0,45,63,positive,neutral,neutral,neutral
442d6e06-a847-4823-ae60-9a15c0c57d77,chelsea y3 team no agu oooo eeeeiiii 🙆🏻‍♂️🙆🏻‍♂️🙆🏻‍♂️,44,45.0,63,negative,negative,negative,negative
a6fc6379-0d1f-441b-bce2-43daa4ab3dd1,yɛ obi deɛ yie na wo deɛ ayɛ yie,44.0,45,63,positive,positive,positive,positive
7aa0f730-7c93-4369-872f-5b4fec666086,enti holiday yi yɛnfa nyɛ deɛn 😂🤷🏽‍♂️,44.0,45,63,positive,positive,neutral,positive
1f2bc347-254a-4031-8889-6bf084d7897c,kristo mogya kasa ma yen,44.0,45,63,positive,positive,positive,positive
c8ba6ee7-56ed-4efd-bd5e-a93ec4367909,enea se nedin ne nehonam se ooo 😂😂😂💔💔💔,44,45,63.0,positive,positive,positive,positive
39c0dd6c-e687-4ae6-86dc-d3bcac90ede9,na pereira nu wa gyimi anaa accept the offer then lef eerh,44,45.0,63,negative,negative,negative,negative
b82c198c-ae46-4301-859f-4346ce3b62cc,isha nso de my son my grandchildren ede3n kraa ni hoh,44,45.0,63,neutral,negative,neutral,neutral
a54e7663-183d-4177-8160-9e7189da7237,wo de3 violence y3 wo d3 paaaa,44,45,63.0,negative,negative,negative,negative
f87505ab-0f8a-455f-97d0-27631cc0dc93,do i want to talk to nyarkoa no ni yinaa nie eii boys ano awu papa lmao🤣🤣🤣,44.0,45,63,negative,positive,negative,negative
adc4f208-890e-497a-9cf9-7e54ffe70141,key soapakoa gyimi gyimi bi no,44.0,45,63,negative,negative,negative,negative
910473f2-9410-403d-8862-b926f9e32f30,mep3 nanso mprenpren de menni kapr3,44,45,63.0,positive,positive,negative,positive
8ae5d83a-f9aa-41df-8258-8c4e2f54d507,bam case close asɛm no asa ɛyɛ ɔdɔ nkoaaa♥️♥️♥️♥️,44,45.0,63,positive,positive,positive,positive
379a0c5e-7d67-4118-a774-4555774593d2,bibinii b3y33 den wo wiase,44,45,63.0,negative,negative,negative,negative
b63f6a2e-8f53-4a2d-bc32-78922e8b41fd,😂😂😂😂oh naa omo bɛ reporti ama wo ɛnyɛ competition koraa,44,45,63.0,positive,positive,positive,positive
a2f341f6-1174-4499-b636-91b7f1af6225,me lydia akua nana serwaah senti acquah 3nka mabodam,44,45,63.0,negative,neutral,negative,negative
d5ff30ae-a3cb-404b-9235-a650cfcc1d56,ɔpɛ sɛ ɔkyerɛ sɛ kanye yɛ special nti ɔnim ɔnoa ne next moves and way forward but ɔno sarkodie no deɛ adwuma no paa na ɔyɛ no more,44.0,45,63,positive,neutral,neutral,neutral
1e151775-ad6c-4c0b-ad94-616a4c2861e2,mahyea brfo wei da,44.0,45,63,positive,neutral,neutral,neutral
831bd7b3-0bf7-4d1c-b5cc-6ffda3e14af5,awurade de me besi yie,44,45.0,63,positive,positive,positive,positive
1892e497-2b5f-459c-b7de-175c878bf50f,abenkwan presido no no,44,45,63.0,positive,neutral,positive,positive
17299447-703c-46dc-aa6e-2a02fe8fa2dc,twa nwura gu mo so,44.0,45,63,positive,neutral,neutral,neutral
447e2941-fd9d-44aa-8fc2-e1f5a23d7616,akoa no wudape ruff,44,45.0,63,positive,negative,positive,positive
87bb6660-8071-462d-8bfb-1c7ccf7f5c6f,u nkoaa dierr so u wey app u dey love 😂,44.0,45,63,positive,neutral,neutral,neutral
1ed9fb25-ea69-4dd1-8132-40a2431acdb8,gyai ntoa toa ni wo gyimi 🤣,44,45,63.0,negative,negative,negative,negative
8aab41d6-38c1-4224-8203-5e41f9124555,even her ns3nkyer3ni nyankopn too,44,45,63.0,positive,positive,positive,positive
3a690999-099b-4064-86e3-eec456185a57,kyer3s3nanka twifo praso nso err 😂,44.0,45,63,positive,positive,neutral,positive
4ed84adb-6fca-4c0e-80e0-9fc52cf0f398,aden menka ho bi anaa,44.0,45,63,positive,positive,positive,positive
c745c446-ec7d-43f9-912f-f4f3248e31bd,eeii saa bra kofi,44,45.0,63,neutral,positive,positive,positive
40195714-ea4c-4539-8f7d-1b2149b34ed8,oh gyae mes3 wa dawgi me,44,45,63.0,negative,negative,negative,negative
9165f07b-b733-4681-b0ee-82d7eec9764c,yɛrepɛ sika wo nso p3 points,44.0,45,63,positive,positive,positive,positive
651fca4d-9091-4178-9721-a39c76aeef6d,ɛyɛ wai chelseafoɔ aaah asɛm bɛn koaraa nni🙄🙄,44,45,63.0,positive,negative,negative,negative
25f40208-00b6-41df-a9cf-e40010fdc131,ahiafoc mma ne asing by default ghana laws no dey apply to the rich oo akuapem poolo 😪,44,45.0,63,positive,negative,negative,negative
c34e2a3f-f06a-42c2-aed3-c414e2b7a253,the story too sense baako mpo nim😂😂,44,45.0,63,negative,negative,negative,negative
fb2b955a-e0ad-48e7-a783-d0e601c76365,menua gyae gyae me feeli roff,44,45,63.0,positive,positive,positive,positive
f88db381-f988-4ced-939a-f81272604315,eiiiiii na y3 nna y3 b3 br3 wa ha sendi ma lecturer no 333rr😂😂😂,44,45,63.0,positive,neutral,positive,positive
9009255a-167c-43f2-8d7a-776d502fb276,nso wo maame nya nka cp3 ooo🤭,44,45,63.0,positive,positive,positive,positive
d3cd9aad-a91f-470e-b7e4-7ba62ec9e0cf,when roddy rich said suro nipa na gyae saman efya odo felt it 😂,44,45,63.0,positive,positive,positive,positive
cac02caf-e7f5-4632-bc5a-23b9ed051f6d,gye obi dea eh anaa wosro,44.0,45,63,positive,neutral,neutral,neutral
c64197ee-40ff-4b0e-bb60-506ea22cb459,3twamu anaa 3nyesaa dia fr3me,44.0,45,63,positive,positive,neutral,positive
5923c791-0d6b-449d-84df-e8986548144c,ecg paaa so deir boi3 🤦🏼‍♀️😏😂😭🤦🏼‍♀️,44,45,63.0,neutral,negative,negative,negative
977a707e-1d1d-4a3d-8516-00a037b69ab2,gyae ommo hypocrites saa,44,45.0,63,negative,negative,negative,negative
fbce9bf1-3786-4d1d-810d-946254187411,wo nfa mma kumasi a gyae ɛ nka woaa wo bɛ te,44,45.0,63,positive,negative,negative,negative
6c0cc5f5-01c2-4453-987c-6f3275a38db0,etaaaso wote pum pum ahhh wo bi di🤩🤩🤩,44,45,63.0,positive,neutral,positive,positive
b7c1ecc7-a90d-40db-a192-a1023a6211f6,obolo dier eno a ne doggy,44,45,63.0,positive,positive,positive,positive
f4b9bb10-b865-486e-b291-1e445c154aa6,bad bitch dieeer anka glasses fa wo ho ben,44,45,63.0,neutral,negative,negative,negative
3cec1462-9c7c-46c7-b9d1-e961ba3dfc43,boy wei dea gyimie saaa ti s3 wo maame p3p33p3,44.0,45,63,negative,negative,negative,negative
9f850178-1ada-4410-b922-7a95a072fa58,ewuradi me mu na sika no w hen,44,45,63.0,positive,positive,positive,positive
7d11d2be-6454-45c0-92c6-4f720e7c5d89,twitter for likes and retweets mu agyimi saa ama mi ka kyere adui kraaa ɔngyi di ahiafoɔ ni adwentsrɛ diɛɛ,44,45,63.0,negative,negative,negative,negative
ea1a3d29-5ca7-43a9-9523-227d9abe1a79,meekotor nentwi nam ne aponkyi 5 pounds each di abey3 nkwan ne froi different different ash3 fridge mu ah wosi belly fat 😒,44,45,63.0,positive,positive,positive,positive
9e0f2a0f-d473-4306-b83b-1df41eedaa31,infact friday eyumbrr biara menyuwa gye papaapa ara,44.0,45,63,positive,positive,positive,positive
1fd9098c-c58d-4e61-8d5a-04e811f628b9,wo twa ti s3 wanzam blade nu,44,45,63.0,neutral,neutral,negative,neutral
0b6babb9-1979-4da0-aafd-6a0323d06f20,mo na moo bl3 oo 😂😂😂,44.0,45,63,negative,negative,negative,negative
a511f1c9-8e3f-47b0-bcc6-f27848b7baed,ah ka na ka biom,44,45.0,63,neutral,neutral,neutral,neutral
f11804d5-b16b-4832-948c-d7507fc21e16,ma me nya na 3ns3i,44.0,45,63,positive,neutral,neutral,neutral
c7f2e0d8-7ae8-4c3f-a16a-a278fb6ebc4a,y3te sika so nanso 3km di yen y3te mmaa ho nanso 3tw3 km di yen 😭😭😭,44,45.0,63,negative,negative,negative,negative
22d4d465-345f-40a2-b2d6-4b252ca5f693,gyimifo kasasergio ramos adwuma dawase wai 🤝🤝🤝,44,45,63.0,positive,negative,negative,negative
8de3510e-05b3-4521-a425-abf2f9faf21e,masa so united de make set de come wey u no de talk nu chale team nu ayɛ dɛ ooo,44.0,45,63,positive,positive,positive,positive
1ea6c987-cd09-401e-82ea-0af117cda3a4,bra kwaku wo ho y3,44,45,63.0,positive,positive,positive,positive
44f46fb1-b37f-4751-82a0-56a421150fea,ghana mom paa dier smh daabi da,44.0,45,63,negative,negative,neutral,negative
b0058758-b494-44b9-9113-4c94c19a424d,wiase mu ni naaaa midfielder o wabodam,44,45,63.0,negative,negative,negative,negative
d8fc32d9-aa6b-45d1-bf9b-be0702723e4f,ah so no erica,44,45,63.0,neutral,neutral,neutral,neutral
f3ab10ca-53dd-460e-9ce5-fc59c1d9b928,e no be say my phone camera bad ooo ɛyɛ me na me ho ɛnyɛ fɛ,44,45,63.0,neutral,neutral,negative,neutral
dddd6000-2958-4729-ac94-a851a57d6ffc,herhhh nanka me wo sika paaahmm,44,45,63.0,positive,positive,positive,positive
a700ced7-4adc-4110-b4de-9c370e72b3cd,sika y3 mogya me i want turn klaus michaelson😩😩🤦🏾‍♂️,44,45.0,63,positive,negative,positive,positive
cecab786-4a58-40aa-afdd-90331eb4fe4d,man of god eastwood anaba mpo suro na me asawasi pogba whom mam iiiiiiiii,44.0,45,63,positive,positive,neutral,positive
62deae0f-ca88-4631-959d-240c5f01ad7b,this one dia osofo ma,44,45.0,63,positive,positive,neutral,positive
e84a9cd9-43db-4d91-9da4-1b32d614aa1c,ade3 bi mu mmoa paaa,44,45.0,63,positive,negative,negative,negative
421a372f-9671-4295-a7d0-65efedaebb97,again wo yɛ coach na sɛ wo players agyimi a wo brɛ forken,44,45.0,63,negative,negative,negative,negative
9108ffa3-41eb-44a5-acde-573dd0e5e89c,masa masa masa masa ur head lyk nkyɛnam,44.0,45,63,negative,negative,negative,negative
cd27b067-cbca-4c8f-af04-b2526df96a94,wo nni sika a mfa ohia nka nsem foo 😂😂😂,44.0,45,63,negative,negative,negative,negative
94c8506f-9c4f-41c0-ac12-519cbafee90a,aseey aba time na album nu b3 drop na ma tor data dey wait you 😋😋😋😋,44,45.0,63,positive,positive,positive,positive
c60e81d6-e43d-4990-913a-1fe8be6ad9fd,adom nyame 3hyira me oo wo kura me o 😭,44,45.0,63,positive,positive,positive,positive
959dc015-1036-48b9-a8cf-1e24705041fd,osei kromsei krommake dem tell umake dem tell you mengyee sika nka mahy3 mese gold osei krom boy metwi me benz ooo sika na etete mebctc ma boys hu mea obiaa dwene s3 matwe otofistaoo,44,45,63.0,positive,positive,positive,positive
bb2e2f84-291f-4a05-aff5-0ba12b23714b,jack saa liberiafoɔ president no na ɔyɛ fɔkkin oo hɛɛ,44,45,63.0,negative,negative,negative,negative
b5cb9653-56a6-4fb9-bd27-6c12375a446d,hahahahaha 3su oo masa we miss u na bra fie,44.0,45,63,positive,positive,positive,positive
4b559b87-9632-4b6b-bfb6-da6bc158d303,3ka aba fie 🙆‍♂️ sika no ahye 😅,44,45.0,63,negative,negative,neutral,negative
99f3c084-7af4-4881-9a3b-1cd0e117b2bc,its well rara obiaa bɛba abɛto oo real shih if you could see how my flow dey heh yɛkɔso di yɛn mmre ahba👌🏾😊⛈️⛈️⛈️,44,45,63.0,positive,positive,positive,positive
254c6fd7-f1f4-4378-86d6-629d93aa68d2,wei de3 dumsor paa oooo nanso wo ne hwan ko ka s3 okomfo se kooo,44.0,45,63,negative,negative,neutral,negative
75de0fe5-865e-4a97-aacb-491650742eba,na despite ba dierr wo de momo 333y3 dieen🤣,44,45,63.0,negative,neutral,negative,negative
e9658e36-23b2-428a-845e-a5bd50bc33dd,wo ti abrokyire re practici democracy gye tourist visa bra na yen ko faci dampare bronya yi w obra spot 🥂,44,45,63.0,positive,positive,negative,positive
197ff0d5-030e-49ed-afe2-e801cae1a680,3tw3 mpo nti y3 missi final exams na $300m,44.0,45,63,positive,neutral,neutral,neutral
d484b0e1-30d5-499e-86b5-da552776fa14,ana mi boyfriend na nyame di b3ma mi no he no dey africa 🧐,44,45.0,63,neutral,positive,positive,positive
3214baa2-acbe-4dea-91ea-502f70356226,ghana de3 y3y3 ahushish3 dodo yare3 wei nso 3bi aba ghana ei😭💔,44,45.0,63,positive,negative,negative,negative
775dea5b-07f0-48d6-987e-583bbe91413c,im going through alot nyinaaa saaa obaa nti wagyimi paaa🤣🤣k p3 sika wai🤣,44,45,63.0,negative,negative,negative,negative
667c563c-3e63-4eb2-a4a8-b15eeabd24c9,ahoɔden ahobraseɛ ne ahantan 247,44.0,45,63,positive,neutral,neutral,neutral
5ccb8e4e-4679-420e-beb8-53996dbdc2f4,suro mmaa nso di wn,44,45,63.0,positive,negative,negative,negative
cafbce83-528d-4525-909d-df113b37f670,mu bl3 paa ooh 😂,44,45,63.0,neutral,negative,negative,negative
3a607268-7168-4c16-9a41-c7ee9b7af92d,na obi di obi,44.0,45,63,neutral,neutral,neutral,neutral
c21e9f38-f570-465d-a4f4-6e54ddc339aa,citi fu di3 mu y3 bue,44.0,45,63,positive,positive,positive,positive
f25d398f-c657-40f4-9d6f-654ed93fb92f,africa nie daabi da nti na bibini koraa b3 y3 den wo wiase,44,45,63.0,negative,negative,negative,negative
24ddf20b-5cb5-4c57-8e73-2359a6f0a270,yɛ se female celeb ooo masa 🤣 🤣 🤣,44.0,45,63,positive,positive,neutral,positive
9751a51f-70a9-45f4-9283-f73e0698ab45,oh osei na s3 wasei dada,44,45,63.0,neutral,negative,negative,negative
58fb85bc-f75d-427c-8b6e-ef65ffa625f0,sika nti wu typi fn ahh na ya laiki,44,45.0,63,positive,negative,positive,positive
396d9e3e-1216-41a6-8e2c-ad0d7d0b0107,ghana yesu dea ohh daabi nipa na abodam sei 😂😂😂,44.0,45,63,negative,negative,negative,negative
c6272ed9-8b51-44ff-8fee-5106c7e96787,fa wo gyemii bi fri hɔ,44,45,63.0,negative,negative,negative,negative
d5dba805-a4c6-4f17-a921-8a1017d354e4,chelsea dier nkoso nkoaa na mo p3 tswww,44,45,63.0,negative,negative,negative,negative
380b067c-678d-4620-92ba-700cd7b6bbe1,saaa mo president no wabɔn paaa apeetor,44,45,63.0,negative,negative,negative,negative
1ca627ef-1fc8-46ab-8bdf-db9db0bfaa85,eii at wo line so de3😁,44,45,63.0,positive,neutral,positive,positive
cb57b5ac-4761-40fa-8bbf-78fae1725e5b,wokwasia nka wote ascre ma announcement anaa nka wokyeky3 communiom aaa nka 3nsene wo,44,45,63.0,negative,negative,negative,negative
fc80e157-990a-4590-a930-b1f66dcfaf98,eish 🔥🔥gist me eerh 😂,44.0,45,63,positive,neutral,neutral,neutral
09a0409e-30ff-4731-b434-4e89bbb80f7e,wo ti abrokyire re practici democracy gye tourist visa bra na yen ko faci dampare bronya yi w obra spot 🥂,44,45,63.0,positive,positive,negative,positive
a93bf58f-7b1d-4bc7-af63-923e4176985b,goooaall minamino aka me na me nie oo scores for the saints,44,45,63.0,positive,positive,positive,positive
d4d78fb6-8964-45ab-bca2-b5cfbfc32a83,fɛfɛnɛfɛ dem sey love be chemistry a da ɛbɛ sɔre bia ebi so di ɔmo we aint gonna suffer mano tɔ atanfo naso mu👌🏾⛈️⛈️⛈️,44,45,63.0,positive,positive,positive,positive
a33df0fc-0253-4a47-9e54-7c71dd7396dd,chacha mogya foɔ no wɔ hene ooo,44,45.0,63,positive,negative,positive,positive
9f53d65d-f383-4cd9-b458-4d94c61bd5ee,ɔnkɔ pɛ engineering bi nsua😂😂😂😂,44,45,63.0,positive,neutral,positive,positive
8ff477e3-5e15-4498-8531-852ad0ef09e0,if its not about kumasi asante kotoko abeg dont tag me me ne wo nni nkyer3nkyer3mu biaaa in voice,44,45,63.0,positive,neutral,positive,positive
a27eccc9-e06f-4d4f-8f99-6a35d85ded97,aseiduwaaa too dey da back der😹,44.0,45,63,positive,neutral,neutral,neutral
07270ea7-02de-4c77-80c7-7870252265d8,tv3 no 3b3 ti ako paaa na akua addo dressing yi,44.0,45,63,positive,neutral,neutral,neutral
ee0cd9e2-97b1-4099-b83f-291193e6d32a,daddy lumba makoma ho toffee❤️,44,45,63.0,neutral,positive,positive,positive
95b5612f-0fd7-479f-813e-7348763b6e2e,wei nyinaa yɛ ewiase afɛfɛdeɛ 🤣🤣🤣,44,45.0,63,positive,positive,positive,positive
bb83f9df-6b2f-4337-86e3-a86cfaf10295,nyame ntuaa woka milo,44,45,63.0,negative,negative,negative,negative
5a924529-006a-47fe-bcfa-e17c947b3168,apckye boforot no nso s3 3y3 de3n oo 😂😂 ei hmm,44.0,45,63,negative,neutral,neutral,neutral
f85b12de-0017-48fb-a237-98ec569c9759,wadwen soa a 3nnfa nhy3 sam george wai gtfo na wagyimi dodo,44,45,63.0,negative,negative,negative,negative
32e53d45-8345-41ea-b621-92b29e535398,mean say wei deɛ ɔnpae bi,44.0,45,63,positive,neutral,neutral,neutral
ce025da8-c198-41f5-a174-04c1cb1d8d47,papa relax na omo p3 sentiments dodoad3n wontumi sports nu ny3 hw3 bi anaa nti s3 nana yaw amponsah asem ba wontumi crew entumi ka hu asem anaa,44,45.0,63,positive,negative,negative,negative
4453b28b-3f53-4b37-8c36-137e1827e28d,y3 nfa 3ky3 nhy3 de3 3fata nobradez fans y3 y3da mos3 mo feeli me nso a me checki mo mo gye me di a me pressi mo na s3 wo mpene nso a jo me nfa ho s3 rap k3k3 na mo p3 de3 me de ma mo,44,45.0,63,positive,positive,positive,positive
b25df9ef-1f97-4329-a0cf-93e0e3a9c2c8,oh biribiara yɛ bɔkɔɔ,44,45.0,63,positive,positive,positive,positive
3ab62223-7fe8-41fe-87da-e55aa72cdb54,twa wanum nana na fufuo sika 3nt benz,44,45,63.0,positive,neutral,positive,positive
a1acf98f-8c74-4581-ab9e-e04f48d201e7,eeii kyer3kyer3 nii yate wai wo na wo brofo y3 yate wai,44,45.0,63,positive,positive,positive,positive
85554f72-3a82-4beb-ae07-d1c674edf19a,slim things de3 3noaa ne wei ooo🤩🤩🤩😘😂,44.0,45,63,positive,neutral,positive,positive
70ed4e64-f140-46b8-8a0a-655a1c29354d,parliament deir 3noaaa ne y33333y3,44,45,63.0,positive,neutral,positive,positive
73b20f83-7cda-458c-8514-56c7d86e177e,baby gye me boso,44.0,45,63,positive,positive,positive,positive
c44e85a6-d995-4a8f-b4f6-3df20af84a6b,ekorso wo wiase nyinaa 🌎🌎🌎,44,45.0,63,positive,positive,positive,positive
5d535f03-79fb-4f35-bf0b-ebb7e11de1b0,twa wanum nana na ampesie sika 3nt plot wo paraku estate,44,45,63.0,positive,positive,positive,positive
56dc08ba-a00a-41cd-a52a-5d7b85aad952,10 seconds highlights of aduana 02 kotoko omo adum ogya no,44,45.0,63,positive,positive,neutral,positive
6b016fbb-9fb6-4686-969c-62253d754c7b,camera koraa tumi y3 nipa fine na nyame 😇😇😇😇,44,45.0,63,positive,positive,positive,positive
4c61c063-a7cd-470d-b530-48609365c54b,nti na information minister wonso wo wc ha no 🙌🤣,44,45.0,63,positive,negative,negative,negative
cec8ba73-6fa4-4fe3-a14d-05bbfa9c71b3,kwan no amfa wasaase so nti wo se kwan no tene,44.0,45,63,positive,neutral,neutral,neutral
05d0f09d-9fe4-48ea-858b-3fd4b8d21f78,herh wo mpo di33 fa wo gyimie fi h foolish boy,44,45,63.0,negative,negative,negative,negative
a0a5394a-6e9a-41ac-ab7a-139f35141a37,na fatima koraa why koko seller de3 anka date rush fa woho s3n,44.0,45,63,negative,neutral,negative,negative
116fa1fc-8ef2-4406-b3dd-0d2e77aad294,kwesi kyena 700 am me p3 full song no w spotify 👍,44,45.0,63,positive,positive,positive,positive
fcdefee5-f8d4-49ef-81c1-a6eab038a6aa,at coctus bar and grill inside abelenkpefufu ne abunabunu,44.0,45,63,positive,positive,positive,positive
a2566446-a078-47e7-921c-3ae7b3d1ef85,wei de3 portfolio p3 girl adwuma mu kwan🤣🤣🤣,44,45,63.0,neutral,positive,positive,positive
026a59ca-1e97-4740-b9c6-d3b31c9e227f,ah na mdk nu wagyimi anaaa what is wo girl nu y3 nku anaaa otaa srasra eei 😂😂😂😂,44,45.0,63,negative,negative,negative,negative
a4832f64-f343-4f37-b8ff-6ddafc0fe30c,ade3kye na s3 woanya bi anni ah 3y3 asem wonya bi di nso so a na woredwene de3 okyena wob3die ho onyame nhunu y3n mmb,44,45.0,63,positive,positive,positive,positive
3f5819f6-7d72-4452-a46b-134f96635201,no gyimie3 dating nso de3 nka account logins fa hoo b3n 😂,44,45,63.0,negative,negative,negative,negative
2e3e858c-e1bb-48c2-9166-d81c713aebc2,charles kojo fosu me do wasem bebre,44,45.0,63,positive,positive,positive,positive
dab1a302-500a-4132-b124-7ffd8e55867c,gyae gyae gyae gyae mtchew mese na mewɔ goldu bi da dan mu hɔ a nka me tam maa no kɔɔ yɛ hwoɛ the chronicles of,44,45,63.0,positive,positive,negative,positive
a209ba89-4015-4719-bdc2-78ba4f4ca80d,krobea beku me faaaaaaabbbulous 🇵🇪💪,44,45,63.0,positive,positive,positive,positive
41be68cd-1ab3-4650-8ea7-7fa2279d1979,ntua mienu nso 3ne snail 😋 wofa b dea 3sewoara,44,45.0,63,positive,positive,neutral,positive
09c312b9-4a29-4b39-bcb4-fbc882b796e5,kwabena gyae gyae bra bɛ hwɛ nea bruno ɛɛyɛ wɔ ha,44.0,45,63,positive,neutral,positive,positive
9686f5ab-2de8-4417-9cb7-6e4323f53eb2,de3 onyame de y3n ab3duru nie,44,45,63.0,positive,positive,positive,positive
17edeb5d-591e-476a-b2ca-bc01616bc926,wo ti awu s3 sekan aa awre nkana wo,44,45,63.0,negative,negative,negative,negative
0d245c9a-1eda-484e-8794-8ba89bb9352f,ohemaa b3gye 12 pro max baako😍,44.0,45,63,positive,positive,positive,positive
dbda67e1-6655-4141-839b-56f37dc0ff53,aha na mi ti😂,44.0,45,63,positive,positive,positive,positive
24b17b49-8982-412c-a71a-7bdb28484220,obaa ɔmpɛ adwarɛ dɛrrr👩🏾‍🦯👩🏾‍🦯👩🏾‍🦯 ɛnfa bi da😂,44.0,45,63,negative,negative,neutral,negative
bee2b4a1-7f02-419d-bd5b-d9af7b4d930f,lol anaa mortal kombat,44,45.0,63,neutral,positive,neutral,neutral
825c8a40-9e04-44ce-acfe-b573d643cec7,nipa mu dwan b3hy3 ma y3nhw3,44,45.0,63,negative,negative,negative,negative
1d3248da-fe4f-43cf-af83-882e1f85ef53,ohh papap jm mi dɔ wo paa nanso vaccine woe diɛ mingye ɛndɛ ɛngye ɔkyina apoootoɔɔ adɛn nti na ghana ni diɛ no fɔr no anhwihwɛ mu ɛnwie ansa adɛn nti nna yɛngyi yɛnho di kakraa mpo yei adɛn,44,45,63.0,negative,positive,negative,negative
c0d00034-905a-4274-adec-d7b59863a406,wo deɛ mɛnsuro yɛ twe aah ɛbɛ ba,44.0,45,63,positive,positive,positive,positive
4208f1ab-31af-4dfa-8973-cb0c6944f3dc,woho s3 odona gutter mu sia,44.0,45,63,negative,negative,negative,negative
5db27ad8-f4f8-42df-9641-32400038fb69,am waiting 4 stephanie ne brofo akese3,44,45,63.0,positive,positive,positive,positive
57662a9e-7c8b-4b46-820c-832b34d78a22,oh egyina mu pintinnn,44.0,45,63,positive,positive,positive,positive
c7558e85-fc26-4e32-8158-f00b380a0bd0,buy wig na ti ti fa tari h😎,44,45.0,63,positive,negative,negative,negative
519d6496-f233-48df-b99e-579bfbd01dec,gyaigyiim33 saa na wo dia wuu,44,45.0,63,negative,negative,negative,negative
23279a08-2efa-4a79-a4cf-77f49a1aa56c,is she making sense nnipa ny3 ooo 😂😂 🇬🇭 ghana,44,45.0,63,negative,negative,negative,negative
e319e0b6-587b-4579-b8fa-57304a5e1611,me maame last born🤣,44,45.0,63,neutral,neutral,neutral,neutral
93717fd4-6dec-4336-ac40-64aab8a2d3e3,ah na wagyimie anaa sika nu ashe 💔 fa wo kwasea ko oooo,44.0,45,63,negative,negative,negative,negative
5b372c69-10a6-486a-adcc-7e8ae0082637,fa wo kwasia kc,44,45.0,63,negative,negative,negative,negative
d625e99a-14fc-4caf-9d6d-97dc20cc8d7b,chief ey3 wa bo akokora twa so wai,44.0,45,63,positive,neutral,neutral,neutral
9bc0868b-df13-43f2-9eaf-75ed397d04a9,wo elder dawase wae,44,45.0,63,positive,negative,positive,positive
9f664554-c25f-4539-bddc-953a1f0c577c,3bi di odo 3bi nso di last ewiase bibiaa y3 balance,44.0,45,63,positive,positive,positive,positive
844bb660-5c16-447a-a05e-14a01ee3dc02,y3 ti sika so nanso 3kom di yen,44,45.0,63,neutral,negative,negative,negative
13749d97-efd4-4b20-a373-693bfdb821d6,3n3 de3 wooka twi paaa oo aden wadi fufuo anaa,44.0,45,63,positive,positive,positive,positive
0c6e7e6b-1a4f-47b5-9dac-6827b88ea482,to wadwen mu na kↄda nyame be sorti✊🏿,44,45.0,63,positive,positive,positive,positive
56a7b82a-7bc4-4649-b580-fdd5220af280,eii you bed anaa mutumbanza,44,45.0,63,positive,negative,positive,positive
5e6dd56f-ec2a-4910-89ba-1a74161478ee,yεde yεnan besi fɔm o yebeyi awurade ayεwaayε bi o halleluyah yesu ayεakibadey mekadoerokobomadεlεakimagadε mlekadε rokobamasεdey olotoblo olomadaayebadee halleluyah yesu ayε bi o ee aama me ne wo ayikabaminado rekederatofooshika shika batope ragεdε abratopa😹,44,45.0,63,neutral,positive,positive,positive
7687fa9b-835d-4ce1-a0ba-9f132cd544dd,ei nti africa bɛ yɛ yie na this way hmm sɛneɛ yaso ayɛ shi yi nabɛdiɛkyire bawumiaecons lecturer bɛtumi akyerɛ amarketifoɔ ama yɛn nsa akɔ yɛn ano ɛnyɛ saa yɛbɛ sensen ama ɔmo blue no ɛso mba mfasoɔ yie yie yie puie 😘🇦🇲🇬🇭⛈️⛈️⛈️,44,45.0,63,negative,negative,negative,negative
b1d9e88f-af6f-43a2-9755-0a7bee2e115c,s3 yeb3 bo wo ama wasu de3 nka titi woho n3 su fatima ein proverb 🤣🤣🤣🤣s3 wob3 dum me rush paa de3 nka mean m3dum no,44,45.0,63,positive,positive,positive,positive
c1988d7b-a778-4e00-9d11-79b9aac1c8c9,nana kweku ananse na he fine,44,45.0,63,positive,positive,positive,positive
13655e8a-d29a-400f-8040-95dbaa256e47,blackstars y3 ma mo ooooo,44.0,45,63,positive,neutral,positive,positive
386e2031-55a3-47f6-8be3-d64b94e3f863,millsap no wajimi anaa 😂😂😂😂😂😂😂😂,44,45.0,63,negative,negative,negative,negative
699710d1-ed18-4cde-983e-862ba78b2f24,wo kum apem aa apem beba 🔥🔥🙌🏽🙌🏽👏🏽👏🏽💪🏽💪🏽💪🏽,44,45.0,63,positive,positive,positive,positive
72c0d89f-dee2-4bcf-b74f-5d5d40da4b94,na me bu wo paa arh,44.0,45,63,negative,positive,negative,negative
c8cdcdad-c221-460a-8033-6b4b39fd8155,kumoooo obiara boa adonko two fingers 3da mu a 3k 👊🏽👊🏽👊🏽,44.0,45,63,positive,positive,positive,positive
baec77da-9c77-4756-936a-00cc3a933202,nyansa ni baako ho 3den ky3n agyimifo 40 🤣 charles taylor,44,45,63.0,negative,negative,negative,negative
ebb42640-fbda-419a-a11f-805135946214,wei na y3 ka se medi 400gh asi town na aka me 1cedi🤣🤣🤣,44.0,45,63,positive,neutral,positive,positive
7bcfef23-bb5b-432f-9446-d71eaddf5364,ka wo deɛ bridge no abu agum🤣🤣,44,45,63.0,positive,negative,negative,negative
0d9d546c-1d73-4e66-94af-e7163d35fc42,wo kos3 kos3 nyinaa hy3 wotirim💀💀,44,45.0,63,positive,negative,positive,positive
c4ba9609-5076-40f9-9df1-6a1cbac1fee9,adwaman nti boys tɔ bundle a ɛnkyɛ na asa🤣💔 yɛna da,44,45,63.0,neutral,negative,negative,negative
1581a236-b931-4270-b8db-a8f20d0a649d,kwadjo kwarteng gyae bet twa na ɛmmoa wo 😂😂😂😂,44,45.0,63,positive,positive,positive,positive
5865cab0-61aa-4e21-a53d-615509e563f8,y3 te sika so 3na 3kom di y3n😂😂😂,44.0,45,63,negative,negative,negative,negative
6eb0c60b-d9b7-4f97-96b6-75644be8144d,nana mesere wo nya abotare,44,45.0,63,positive,negative,positive,positive
11f9c081-909a-45ad-8785-c549fa721a0d,wooso koraa na omo y3 nu morree,44,45.0,63,positive,negative,positive,positive
19cd64bf-2ef9-40db-a44d-1be891ecb349,😂😂😂 abeg abi krobo boy too aiiiiii,44.0,45,63,positive,neutral,positive,positive
f0aadc93-099c-4bcf-ba79-d792b8aceec7,polo g da goat akoa y3 good,44.0,45,63,positive,positive,positive,positive
9c73b25f-bf4a-468d-8e79-ab015b5c902c,ma me sika na gyae dede no,44,45,63.0,neutral,negative,negative,negative
a55ea214-058d-423d-88b3-d7cc85d817fd,meekasa yi matɔ waakye nso ooo 😂😂😂,44,45,63.0,positive,positive,positive,positive
45556d47-5ee7-45d6-9a27-ff4f12fd49e2,🔥🔥🔥🔥🔥🔥🔥🔥🔥🔥🔥🔥🔥🔥🔥🔥🔥🔥🔥🔥🔥🔥🔥🔥🔥🔥🔥🔥🔥🔥🔥🔥🔥🔥🔥🔥🔥🔥🔥🔥🔥🔥🔥🔥🔥🔥🔥🔥🔥🔥🔥🔥 hammer fila nkoaaa wooow me nim da,44,45,63.0,positive,neutral,positive,positive
25f54cc5-e61e-4d7e-912d-68ea6a0dd37b,aban no hia sika rough,44,45,63.0,neutral,positive,positive,positive
84ea37b7-6996-4b14-8cd4-fc3974f7a31b,ei partey b fa pole mu eh,44.0,45,63,positive,neutral,neutral,neutral
d07f5b67-4f78-47f5-ba30-30027706e7c0,nyame b3 tua wo ka ankasa bartomeu,44.0,45,63,negative,negative,negative,negative
2a02c31e-86fd-497d-b9f6-7b93a38318f1,eeeii saa sei na ete3 🤔🤔 yaa asantewaa de asem b3ba oo,44,45,63.0,neutral,negative,negative,negative
0b5089cf-80bb-4465-9fb3-e2026fed5d0b,eny3 ne3 ehia nie😹😹😹de3n na wo team agye sorriy😹😹💔,44.0,45,63,negative,positive,negative,negative
d6f7ab6c-ddfb-4f4a-8eea-92e576cb1ddf,gyimifo te s3 wo kwasia mpanin bi saaaaa no u v no respect thats y youll remain daft kurasiniii bi ba,44.0,45,63,negative,negative,negative,negative
85944dc4-3102-4851-ac91-7cf646f1d8ac,agya bi wu agya bi tease nanso 3na bi wu a wasem y3 mb🥺,44.0,45,63,positive,neutral,neutral,neutral
91a15c6f-65bf-4548-8746-46ca3cc5359f,yeka de motivate ahiafo lol,44,45,63.0,positive,neutral,positive,positive
26e4d548-9a0d-4a5c-a6af-f467ffaf9eba,ne ho twa tu menyaa y3 anka hmm,44.0,45,63,positive,positive,positive,positive
241885c7-19de-462c-9aa7-b7a2e069ce31,nipa yɛ kotinipa yɛ biibii,44,45,63.0,positive,positive,positive,positive
b1eb8981-454e-4cec-b9ca-58dff1ed7222,bibini bia egyimi😂😂iphone so y3 dentsw,44,45.0,63,negative,negative,negative,negative
f8abbcd4-fb98-4d85-8b00-a6224ee125dc,mo nso no tumi ka brofo bi boo,44,45,63.0,neutral,negative,negative,negative
25ee6152-9a75-43fb-8e3a-41b2bb6e0305,ooh chairman fa ma nyame,44,45,63.0,positive,positive,positive,positive
df697a44-0571-4ba5-9944-0262a3e07f18,normal odds and banku odds twa bi di k3k3,44.0,45,63,positive,positive,positive,positive
6a267bd0-fc90-4b5b-9513-8c9d066a9eaa,aba booshit nso nyi,44.0,45,63,negative,negative,negative,negative
56ea3134-6839-439b-b637-f8e9450f3731,😂😂😂 s3 nya baako koraaa anka yewuuooo,44,45,63.0,negative,positive,negative,negative
f50f6ec8-1dfa-43ef-b77c-d2ce9fbb7c71,eeeiii come see err,44.0,45,63,positive,neutral,neutral,neutral
514ecceb-4ee3-4c5a-ac93-69e873b1cd92,chelsea against wiase nyinaa⚽️✌🏾🤣,44,45.0,63,neutral,positive,positive,positive
df97f682-4134-4b85-85d9-d1ba8f9a63c0,gidigidi no nyinaaa y3 dede 😂💔,44,45.0,63,positive,negative,negative,negative
d3e59962-d14a-4163-b64d-96ef9e343b25,masa masa3y3 booshit na girl ye re keka ye oo,44,45.0,63,negative,negative,negative,negative
c96d9d18-aba9-4ced-8e87-0f3ac99387bb,me w hope s33 one day minso medi sika basabasa,44,45,63.0,positive,positive,positive,positive
8f3a9007-1f4d-4787-accd-1d411a1f8c91,tswww y3 d3 3tuo 33y3 den twa akosua kumaa nu ma y3n madam,44,45,63.0,positive,positive,negative,positive
7dd19580-48e5-46b5-b64b-f90557a193cd,sika sika sika ɛyɛ dɛ papa,44,45,63.0,positive,positive,positive,positive
07ee0296-427a-4107-9ba8-87c28582e7ca,saaa do it n bi free,44,45,63.0,positive,neutral,positive,positive
662d0c64-a695-416b-8c2e-b73b967b342b,s3 3y3 me o s3 3ny3 me o reply no de33 wob3 gye efis3 nyansaa bia nni nea woka no,44.0,45,63,negative,negative,negative,negative
ca719811-5ce0-4adc-b01e-ae3068cdb296,wo ne alpha ne omega 🙏🙏,44,45,63.0,positive,positive,positive,positive
4480606a-4688-48eb-8451-68f84a654fd2,3 ppl dema food ɛnam baako pɛ ei 😅,44.0,45,63,positive,positive,positive,positive
791e15d5-5e16-47a5-a7f0-d4b493cad0f8,wo twitwi samena aaa 3ehro mba eyyyyyyyyyy brokenheart 🤣🤣🤣🤣🤣🤣🤣🤣🤣🤣🤣🤣🤣🤣🤣🤣🤣🤣🤣🤣,44.0,45,63,positive,neutral,neutral,neutral
56f87609-8970-49bd-8a7e-fa97c8b9c11f,ei my dear wo sisi nunu fine afternoon,44.0,45,63,positive,positive,positive,positive
6cec476b-bf8c-4ca7-b674-f7399f80f9e5,nice b3y3 dew enyumbri yi 😀,44,45.0,63,positive,positive,neutral,positive
669b7ab3-5502-4919-8d1c-28e571401b2c,sumsum p3 nso hmm nyankopon ma yen ahoden 🙏🏾🙏🏾🥺🇬🇭 amen,44.0,45,63,positive,positive,positive,positive
2690d13a-5ee3-400d-9b8a-e32a0030de41,massa gyae kasa bebree no na woototo ntosuo eegu tl no so,44,45.0,63,negative,negative,negative,negative
441aeaf6-78ec-44e4-a2f7-bf10e62f393f,3b3 pai s33 pmp bi no 🤣🤣,44.0,45,63,positive,neutral,neutral,neutral
3a61353a-9ff2-4fa2-aab2-f36d439692f2,check dm na woy3 dw33 dodo,44,45.0,63,negative,negative,negative,negative
53b336db-da07-4c08-8307-c0b6e72dde76,oh yeah iron mu bossu ankasa nie,44,45.0,63,positive,positive,positive,positive
fbb79bae-9329-41c4-b02e-9d31380e6fb8,boi sɛɛ na twitter ha deɛ ɛnnyɛ small dinning na ɛɛkɔ so wɔ ha,44,45,63.0,positive,positive,positive,positive
fca4ef02-9788-4b7e-9f75-759ed6493a14,the nam pa bi kasakowa,44,45.0,63,positive,positive,neutral,positive
875945c6-fe5e-4c03-9fc9-55caf8c7f7ec,ah na messi erh,44.0,45,63,positive,neutral,neutral,neutral
7c6e79e6-fdf5-491e-acdd-0c69576532f2,🔥🔥🔥🔥🔥🔥🔥🔥🔥 anka mey3 nsuo wo k3nt3n mu koraaaa anka me nsaay3 medaso gyenam,44.0,45,63,positive,positive,positive,positive
cf59e6b0-a1cf-4549-8c57-a72bbf78c31d,fa wo gyimii k trumu trumu de3 3fa ghanafo ho b3n jon fa k wo krom kenya hon more fire ns3mhunu sei de3 we hate it in ghana let him know,44.0,45,63,negative,negative,negative,negative
6232e8a9-206e-40ec-9bc5-7d04cdd19c49,onyame mmer3 ne mmer3 pa frimpong,44.0,45,63,positive,positive,positive,positive
efc3ed49-9270-42c1-91b2-4a72c3d444d2,masa masa henderson no wasa ooo eiii,44.0,45,63,negative,negative,negative,negative
35a57acb-0fc5-4d81-8da8-568142936c78,yeti sika so wai😂🤣,44.0,45,63,positive,neutral,positive,positive
39c666d7-d911-4cf2-b9a8-c63df8739d76,asante kotoko no ɛwɔ wura oooooo🔥🔥🔥🔥 show working system🔥🔥🔥🔥not yɛsa masa system biara,44.0,45,63,positive,positive,positive,positive
9b07d247-6f67-4954-af60-9eafc1a9787b,me yem kraa ashi me🤣🤣🤣🤣 dumelo de3 apuuuu enfa da😅💔,44.0,45,63,negative,neutral,negative,negative
13bd60b9-bd03-4300-a40c-05cba0ba50b7,ma recordi dwom a ma hordi min releasi nti yɛ na fans no havi doubt ☝️👑😃,44,45.0,63,positive,positive,neutral,positive
0a15fcfb-be38-457a-880c-a45ceb8aa92f,eeeiii eeeiii odo na asa,44.0,45,63,positive,neutral,neutral,neutral
6c658c07-2c30-40c9-a233-599d68da3e99,gyama bella yi cyale😏,44.0,45,63,negative,negative,positive,negative
35a3fe89-09f4-4fc5-9ff0-b3a6b5bd8623,ɔtwi borla borla car wɔ nkoranza 🤣🤣🤣,44,45,63.0,positive,negative,negative,negative
313928f4-6a3a-4657-be32-82cb976057c8,wo bro tan tan bi😒😔,44,45.0,63,negative,negative,negative,negative
bca3691d-9d3e-44a1-ac1a-3a92c23eeab4,na 3yaa na moagyimi anaa,44,45,63.0,negative,negative,negative,negative
7f0d89c5-6bd8-4b21-8e43-d78387c97ae7,3befa 3befa nkoaa ogeshi kakra nso,44.0,45,63,positive,neutral,positive,positive
13fddd80-1b0c-44a7-9b93-b74b19c3cd65,ah psg bɔkɔɔ deɛ,44,45,63.0,neutral,negative,negative,negative
61a5f9d5-1a2e-4b24-8c84-71f411d3e98c,afia may score man city 1 eeeeiiiii afia wo gyi wodin 🙌🏾,44,45,63.0,positive,positive,positive,positive
72f73950-84d3-49a1-9561-5d568cc00205,saa na wo bɛ ka,44.0,45,63,positive,positive,neutral,positive
b78136be-ac1c-4b57-9eef-407c1441ccab,real nigga paa na adwuma adi me sei,44,45.0,63,neutral,negative,neutral,neutral
108a7c6b-43c1-4eb2-9180-30c5b9808c5f,jack saa liberiafoɔ president no na ɔyɛ fɔkkin oo hɛɛ,44.0,45,63,negative,negative,negative,negative
96f89bae-984f-4d13-9c72-e365d51fc6cd,wonam aa 3ya te wanim,44,45.0,63,positive,negative,negative,negative
f070a0b6-2990-4a8d-9cee-dfafba88e333,on reggae mu kakai 🔥🔥🔥🔥🔥🔥🔥🔥🔥🔥,44.0,45,63,positive,neutral,positive,positive
1a6d5db5-c1ca-4aec-93b7-98a8118ebfe5,kakra nni me ho nti menya girl bi a כpε me,44,45.0,63,neutral,negative,neutral,neutral
4d5d7b73-e5b9-4fca-9c7c-20e1a8c04a51,herrrh ka na ka biom,44.0,45,63,positive,neutral,neutral,neutral
7b6b88a8-a8f9-45a9-a25e-6d9b4fdd5797,them y3ti sika so us na sika no w hi,44,45,63.0,negative,negative,negative,negative
66d5e69f-b479-4579-bdc8-11536131c8b3,1 minute biaa robbery nam mu 😂😂😂,44.0,45,63,negative,negative,negative,negative
13c3f45d-ee54-4968-880b-11009cdb4b2d,nokware s3 wgye sika💰💰😁,44,45.0,63,positive,positive,positive,positive
91bf8127-74de-4a77-a17f-715e1aecdcb2,wendy wobeku me nso menwu eiiii🔥🔥🔥🔥🔥🔥🔥,44.0,45,63,negative,positive,positive,positive
111bb5ca-3a28-4113-864d-6ee7f90115dd,10 seconds highlights of aduana 02 kotoko omo adum ogya no,44,45.0,63,neutral,positive,neutral,neutral
88a29403-c12d-457a-a419-cbc12a551a2a,aboa konkonti ba ob3 nyin ay3 k3se na wadane aponkyirene 🐸 wheres the lie,44,45.0,63,neutral,negative,negative,negative
e5b19d19-f5c4-4ff2-aff5-8f7a62b676f2,nyame na si hene 🤲,44,45,63.0,positive,positive,positive,positive
8ef3f751-2834-4b20-a0e5-4a5359177d7a,kyerɛsɛ you wont even listen to our cries waka sɛ wobɛ bu yɛn afa so no dierr ɛnoaa na wobɛyɛ eii nana hmm,44.0,45,63,negative,negative,negative,negative
7799a1b8-d22c-4eca-a1e1-d64b950c36ac,ei bra sammy uncle ude do am so,44.0,45,63,positive,neutral,neutral,neutral
15cfd7cd-92fd-4bad-862e-84060a89581e,cars tɔ nso yɛ achievement ɔman bɛn koraa mpo ni then i read about iphones too smh,44,45,63.0,negative,neutral,negative,negative
1d8204c9-4f32-4c9e-8d01-a1889379f63e,asaay brɛdɛs and sistɛs all roads leads to taadi this december🛫🚙🪂🏊🚴🏻🦽🚢 wɔmmbra ma yɛn jawule🔥🔥🕺💃🕺💃 na yɛ nyɛ mooooore mbɛlɛdze😜,44,45.0,63,positive,positive,positive,positive
a159fbd0-4200-4f62-a8f6-6aca051e0bd2,mo na mo sh3 ho no😂😂,44,45,63.0,neutral,neutral,neutral,neutral
d8289b14-897f-4b6d-9a31-bdceeef36cea,adurosɛm na ɛyɛ no dɛ siatoliwa,44.0,45,63,negative,negative,negative,negative
8f1ef537-408a-4c42-b6e5-80ec140383b8,herh wo gyimmie paaa 😂😂😂😂😂😂😂😂,44.0,45,63,negative,negative,negative,negative
e4ef343c-7581-416a-a4e6-501d6d1abc3f,adwuma nu so paaa eigh,44,45,63.0,positive,neutral,positive,positive
c67640e8-cd66-4a14-9567-93f1f9259f75,deɛ ɔhwɛɛ yɛn ɛnora no ɔbɛhwɛ yɛn ɛnɛ nso yɛn nyame ɔbaatanpa deɛ ɔntonko na ɔnna 🙏🙏🙏,44.0,45,63,positive,positive,positive,positive
0fd647a7-ab3a-4e68-bab1-fbde7500c8d7,wo sika ayera anaa🤷🏽‍♂️,44.0,45,63,positive,neutral,neutral,neutral
0038a28a-7730-4013-a14f-95185b555139,na fam delete this 😩,44,45.0,63,neutral,neutral,neutral,neutral
e3bcf50d-5fce-4c01-8870-9d13648c897d,ghana music industry ankasa s3 3ni mu aa no use no apologies sark y3 nyame,44,45,63.0,positive,positive,negative,positive
244c2e27-efbd-47cc-9ef8-369a7e8702e3,y de beef noh de sweet erh,44.0,45,63,negative,negative,positive,negative
982d1f09-3271-49da-b91e-fd237c937752,asɛm bɛn koraa nie😎😎,44,45,63.0,neutral,negative,negative,negative
a122f9d1-be67-421e-b5ff-6264f3902af6,prɛ to me nanso erh,44,45,63.0,positive,neutral,positive,positive
6046a05d-3b28-4e96-8ded-54d53b29ada1,ɛbɛ tu na apa,44,45.0,63,positive,positive,neutral,positive
2de3cc84-29e1-4311-8acb-238aabc6abcc,asantefour y3 wofa wo di3 party oo,44,45,63.0,positive,positive,positive,positive
5c289396-9125-43b2-b6a9-e3e428f11073,betting ho akyɛw pa nyinaa abe mu,44.0,45,63,positive,positive,neutral,positive
f18d7eac-53ae-4ecf-a09c-0d2bab9b1ad6,you spitting facts bro yɛntete sika wɔ dua so sika yɛ mogya,44,45,63.0,positive,positive,positive,positive
f0ab12b4-0de6-48ae-a69a-bd353b30a295,senior e do ah send me the pdf wae cos eeiii,44,45.0,63,positive,positive,positive,positive
4ee3eef1-29d5-41c1-a75c-e0cad021d105,yeba wu nti y3nda 😀,44,45.0,63,neutral,positive,positive,positive
c464f6a9-20e2-47b2-94aa-2f00e6cc57c4,nkwasiansem saa na ade3 asa😂😂😂,44,45,63.0,negative,negative,negative,negative
5146ca57-9b8d-42b7-8618-4c9eaacd5887,wo deɛ wo te ahodwo aaa wo mpe ooo hmmmm,44,45.0,63,positive,negative,positive,positive
c746ceee-3001-4edd-a04e-d1c6abce2e5f,one don erkoso saaa ma ade3 kye,44,45.0,63,positive,positive,positive,positive
ad59590d-ea86-4e2f-ba6c-e76819482868,wiase eeehu ooo😂 fine girl dierr anka magacid ooo na bentoa fa wo ho b3n,44,45,63.0,negative,neutral,negative,negative
63cc3109-3fcf-4234-9167-d847312485f6,saaa cmmo na 3kakyer33 wo s33 cmmo ntumi nkc fie cmmo nyaa cmmo b3kc nanso african parent suban nka wone mfante nii maame bi nanka 3te aa nka wob3te ase3,44,45,63.0,neutral,neutral,neutral,neutral
461ba224-50d4-4140-a899-5fb4a69b2584,wodea wo wano p3 asem papa,44,45,63.0,positive,negative,negative,negative
15d2d5b4-1d96-40dc-8d06-667e1d495178,james alonso against pacy salah manetuchel wei deɛ ayɛ ka,44.0,45,63,negative,neutral,neutral,neutral
0a7b9bcb-3f19-4f49-8292-0aadb54408e5,wo ma pressure kyi wo dier aa woaa wo ly,44.0,45,63,positive,neutral,neutral,neutral
b2d25b12-26bc-448a-a883-0b918e6e5b1d,yɛn mmom na yɛblɛ eii🤣🤣🤣🤣,44,45.0,63,positive,negative,negative,negative
2e81fd3b-de97-46c0-9081-276762713b3a,bɛma di wo fie asem wani tra wani tɔnn aa wobɛ nya asem asem mpɛ nipa nipa na ɛpɛ ne ho asɛm shɛ wo dan mu nyɛ saa na wobɛ ka me aa wobɛ nya asem 🔥🔥🔥,44,45.0,63,negative,negative,positive,negative
a5ec73ac-5834-476d-a0b7-796b0255dcd1,bibinii ntié 3futu ooo aww bibinii nso y3 nipa oo na bibinii koraa b3y3 den wc wase,44.0,45,63,negative,negative,negative,negative
d066abbc-1d6a-4ede-aa28-c3a7ab93c173,wo twa picture a way3 wanim ti s3 obi eyi mframa bonead3n 😂😂😂😂😂,44,45.0,63,negative,negative,negative,negative
cc46c3a4-1251-4b52-94bc-5de1de8e96a9,mr geppetto nti wo pɛ akyerɛ sɛn,44,45,63.0,neutral,neutral,negative,neutral
eeeb537e-94bd-49c1-b1a2-2a8969ca6dc5,ɔbaa ɔnpɛ gɔb3 ɛnfa bi da ahokyerɛ ba ɔbɛ dwane agya wʋ😂😁😃😝 bi da series,44.0,45,63,positive,positive,positive,positive
de6addb5-257d-4bc6-b433-6596238adcfa,akoayi anum y3 ne d3😂😂,44,45,63.0,positive,positive,positive,positive
6d2da65a-97ac-42ec-9a92-7e303bd271ad,bibini koraa b3y3 d3n wo wiase 😂😂😂😂,44,45.0,63,negative,negative,negative,negative
c303d04d-f933-40bc-8b25-53fea8bb9436,sika nti kwasia gyimie be y3 chairman,44.0,45,63,negative,negative,negative,negative
dc56e8a5-5479-4234-9797-4811acb31c45,girl no tirimu eden paa😀😀😀,44,45.0,63,neutral,negative,negative,negative
b66390ec-39b4-44ee-a28b-de1b4b4113f9,ive to try watching voice over training videos on saah brofo hunu and lafa wei nyinaa ankasa medii kor hifa mtchewww,44,45,63.0,negative,negative,negative,negative
cb6de651-dc38-42e7-81bc-ea8c9751eb52,kwasiafuor p3 mmaa nso nti its forever,44,45,63.0,negative,negative,negative,negative
cb452bf5-d191-4c06-82ee-8a8f39e4edc6,😂 eiidkb obi33 oo daabi da eii god 😂😂😂,44.0,45,63,neutral,neutral,neutral,neutral
9bafa19b-37a8-440d-a3d4-47793e715ff5,1 kraman nim s3 ne ba b3 wu a anka ton nu gye dompesumsum pray3 2 akora ho ba se medwons we no dey hear 3 susu p3gya wab3ti na ahaban mono koraa 3te odasani 4 y3 wo s3 bra b3kum osono a 3mprepre kusie ho na wanko pira forget dem gtgtgtgt,44.0,45,63,positive,neutral,neutral,neutral
ebf1bc32-ad06-46b7-a262-422687a8c59d,yɛnsuro onyankopɔn nsan nsuro nnipa,44,45,63.0,positive,positive,positive,positive
aa82305a-d0d2-43ba-8998-677af7249220,wo se ebeyi lol,44.0,45,63,positive,neutral,neutral,neutral
5fa0cad0-7600-412d-ac3d-5efadffb9e9b,starboy wanna pose from head to toe am3 eko chale nyame na me som no oy3 sronko am3 b3 eko bad man with kra kra kra kra am3 b3 eko mese nnipa nso y3 den common happinessam3 b3 eko 🎵🎶🎶,44.0,45,63,positive,positive,positive,positive
a1cfb979-86b0-4008-95f3-42ae3fa7c3bf,🤣🤣🤣🤣 wei de3 y3pa wo kyew,44,45,63.0,positive,positive,positive,positive
c352142f-31b4-44e4-b12c-b090fcb98889,adey beg oo nti brofo bebrebe wei nyinaa ne korakora ne sen🥲,44,45.0,63,neutral,negative,neutral,neutral
8f03a881-6abd-49e1-864f-fc08fc393d58,yɛ yɛ asanteman asante kotoko🎼🎵 wo kum apem apem bɛba 🎼🎵 sɛ wokɔ cape a ɔmo se vipers 😏 sɛ wokɔ volta a ɔmo lions 😏 sɛ wokɔ accra i dont even know 😛 na sɛ woba kumasi a ɛyɛ faabulous 🔥 ❤️ faaaaaaaaaaaaaabulous faaaaaaaaaaaaaabulous faaaaaaaaaaaaaabulous,44,45.0,63,positive,positive,positive,positive
685093a3-eb8d-4c60-ba87-956f73fecd62,3ny3 manniea ny3 manniea papa e 3ny3 manniea obi ne di bibi ay3 me o,44,45.0,63,positive,positive,neutral,positive
63e41761-a0fa-46e1-9108-6dd565d589e4,happy birthday osofo nyame nhyira wo piii 🙏🏽🙏🏽,44.0,45,63,positive,positive,positive,positive
e52a3447-4b4d-4f55-8052-c0eaa0892e78,nea ɛfoɔ na wo pɛ 😃😆,44.0,45,63,positive,neutral,positive,positive
3f433230-ea36-4579-99a4-8544a93580c3,yese adanse fumso dwa no agyigya sika nni kurom a nkurasefuo de beto fose,44,45.0,63,neutral,negative,negative,negative
38b3cae4-9bc9-479f-8fcd-b119175f3ef6,ɛyɛ bra bɛtɔ bundle wate,44,45.0,63,positive,positive,positive,positive
d7d12a82-3c62-42ac-9c79-d6f3ce94a751,enyɛ baako ɛnyɛ mmienu aha ɛyɛ apem ne a akyire,44,45,63.0,positive,positive,positive,positive
89267f31-7be0-45d4-98ab-592f9798d102,na daben cause meni sika,44,45.0,63,neutral,negative,negative,negative
7e7f4042-8dfd-47dc-a9ce-76abad58f710,wei na y3 ka se medi 400gh asi town na aka me 1cedi🤣🤣🤣,44,45.0,63,positive,positive,neutral,positive
00e922dc-8c90-46a4-916e-bbe864d642d6,ei ɛtwɛ behunu ne wura na abrɛ 🤣 🤣 so dont you fear women kyerɛ sɛ generation wei deɛ twemdɛɛwa foɔ nkoaaa,44,45,63.0,neutral,neutral,negative,neutral
57c2c3fc-f3af-4e39-b036-ef6e04521a32,real madrid ne gyimie,44,45,63.0,negative,negative,negative,negative
2c2a8ecc-152c-47e4-9fb9-0536cd1bad89,blessed birthday to you sofo abaadedeede nyame nny3 wo k3se3 🎉 kwadaso estate kumasi,44,45.0,63,positive,positive,positive,positive
d37fc03b-12f3-4419-a696-0caedc1d2022,dada nni suban baako sei mpo,44,45.0,63,negative,negative,negative,negative
dc123b78-9b02-41da-8877-507d2c63fac3,ka ma yen sere 3de gyimie na 3nam,44.0,45,63,negative,negative,negative,negative
9e86fbf9-8470-4724-a147-f2f11a260e07,twa mi baako wai,44.0,45,63,positive,neutral,positive,positive
696ee8a9-03a6-448e-b0b2-a52019fef12a,oh ka bi ka ho erh 😂😂🔥💔 he be jon pass,44.0,45,63,negative,negative,negative,negative
72de01a3-1078-4f15-b7c9-e417bb5af454,dj yi haa adwene😂,44.0,45,63,negative,neutral,neutral,neutral
06cc3780-1199-440d-9587-2f2323fc199e,wo kum apemapem b3 ba,44,45,63.0,positive,positive,positive,positive
aa56a72e-f81a-4c9f-a874-c1431236e589,as we are enjoying the signing sulley muntari kakabo fc supporters are fighting over fatau dauda 😂😂😂😂😂 kakabo fc ayɛ mɔbɔ dodo,44,45,63.0,positive,positive,negative,positive
db96fa66-de8e-4cc2-bb56-21f9a3b0f145,me nua 3nye hweeeye ko a me to kosua ama wo,44.0,45,63,positive,positive,positive,positive
d34aa126-8a14-448b-976b-8b1aef3e64e4,😂 😂 ah daabi daabi me bo efu menua,44,45.0,63,negative,negative,negative,negative
3664c305-957d-4005-92da-0d568e9dd56b,3y3 nyame adom ni experience oo nana nothing dey,44,45.0,63,positive,positive,positive,positive
21c55bff-d004-4c09-8831-1a99f2ef1d45,phobia anaa s3 fabulous,44,45,63.0,neutral,positive,positive,positive
6d2b87eb-5f64-447b-bd96-06b04d3b1801,eiiii massa wo trendi oooopink sheet bi di adanse3 eo street no so,44.0,45,63,positive,neutral,positive,positive
cb050e90-37a6-44b7-a7df-914457b85aec,yɛte kumasi nso yegye shout wo taadi love insyd sokoban odaso 👍👍👍👍 shout to fred cey insyd taadi efiekuma,44.0,45,63,positive,positive,positive,positive
1fb8fa80-3961-4a51-89f5-15ed4ec15ea0,eiiiiiiii koooo wo nunu🤝🤝,44.0,45,63,positive,neutral,positive,positive
9cddb8ba-d1c9-482b-90dd-c6a3a86c73c1,gyama biribi gyegye wo,44,45,63.0,positive,negative,negative,negative
a884d341-a4d7-4c55-af2c-09e3cbf65b65,fire 🔥 them paa milo no asa,44.0,45,63,negative,negative,neutral,negative
8e7faddf-ddce-4290-846b-db261bf50187,wo gyae cha cha yi,44,45,63.0,positive,positive,positive,positive
7ad70ece-1fdf-4563-a01f-05e9802388c7,aden wo di twɛ a na wotɔ diapers aden wo ho nsuo ne apɔtrɔ deɛ sɛ,44,45.0,63,negative,negative,negative,negative
9aed2509-2462-447a-a0e5-003c06c8bd64,baako suro 🤣 🤣 🤣 🤣 the matta chop hot 🔥,44,45,63.0,positive,positive,negative,positive
376ce7f7-fabf-40eb-9412-74e1c0c8b27b,eii abigail wo papa da wa se,44,45.0,63,positive,negative,positive,positive
7cd2d056-d693-4eda-a397-696b20af86d8,na s3 wo bet sika no asa😂 nti cheque b3n biom😂,44.0,45,63,positive,neutral,neutral,neutral
a6ea376f-6348-4120-9f0d-5310cbf88917,what prez said has come to pass y3 te sika so nanso 3kom de y3n,44,45,63.0,negative,negative,negative,negative
369d2537-1357-416e-b1ea-3bca589ee2ad,so dema monies nu ay3 ka anaaa,44.0,45,63,positive,neutral,neutral,neutral
3e8ba9e4-2fae-4936-97b3-8fc2f8eca3a9,menni nufuo nti wrong,44.0,45,63,positive,neutral,neutral,neutral
32273d44-06ef-4aed-917b-b668cca9f4a7,anadwo a moada no na mene kotrɛ ma freestyles,44,45,63.0,positive,positive,positive,positive
f3ced4f1-8bf7-4c64-ba6b-dc793a96d2d6,bella nso na no y3 kate kate papa 😂😂😂,44,45.0,63,positive,negative,negative,negative
2f53cb3e-a414-489f-b359-1229bd0ab431,so u be kojo besiaei u kraaaaaa why😂😂😂😂😂,44.0,45,63,positive,neutral,neutral,neutral
85c68fc7-75ff-4785-b760-8d4adf4ab3c4,wonni vision baako sei,44.0,45,63,negative,negative,negative,negative
986428db-5b09-4dad-aa40-27dcd502d0a8,adjiringanor rent dier cocaine sika na yɛde tua o,44.0,45,63,positive,neutral,positive,positive
6902b329-5279-479e-8bca-326c36bdf91e,wo mmobro sɛ tawa wisie opanyin gyimifoɔ di nkwaseasɛm a yɛnnka woyɛ opro paa 😂😂😂,44.0,45,63,negative,negative,negative,negative
00a9a10c-1ee9-4b6c-85c5-692c44c5b162,saa choirmaster adwaman no de3 ma gyae,44,45.0,63,positive,negative,positive,positive
7fd325a0-69f1-4d0f-8589-69d7f40f4cab,ne kotoko num yɛ sɛn😀😀,44,45,63.0,positive,positive,positive,positive
10f37ebe-1b7a-45da-a683-193b4fb88958,hw3 n3 gyimii bi,44,45,63.0,negative,negative,negative,negative
81f69cc5-0f7d-4c96-8a96-e73d6c56dae3,wo tweeti gyimie paa ooo kiddies dey here 😂😂,44,45,63.0,negative,negative,negative,negative
93641ae8-3236-43e0-9a9e-e336e6ce0239,ashawofo na 3di valentine,44,45,63.0,positive,negative,negative,negative
616fc104-0177-4862-aba5-4e077c3e131b,yɜ yɜ dom yɜn nyɜ baako mmienu miensa yɜ yɜ dom wo kum apem apem beba yɜ yɜ dom aaaaah wote youth yɜba aa yɜ yɜ dom yɜ yɜ dom 🔥🔥🔥 our foolish politicians here we come,44,45.0,63,positive,positive,positive,positive
afab4036-cbc0-4cb9-9ae7-52bb5f7de25a,efie ne fie me ntumi nfrimu ɔman no sɛi aa yɛn nyinaa yɛ ti mu ashi me aa ashi me aa ashi me aa nso me ntumi nfrimu independence became dependency🤫,44,45.0,63,positive,negative,negative,negative
c51a168c-f6a3-40a1-9cf8-2033b9d1bf26,adeɛ a ɛnyɛ yie no wo yɛ no deɛn aaaaaaaaaaa ɛnyɛ yie,44,45,63.0,neutral,neutral,negative,neutral
9cd4f9fc-65bb-4749-8063-c11246734962,🎼🎺eeeeeiiiiii aseda nwom nkoaa na meto ayeyi nwom nkoaa na meto se awurade amma me ho amma asem aa🎼🎺,44,45,63.0,positive,positive,positive,positive
419a603a-e056-4c0f-9915-9c57a697c4ac,ah 💔 na sark no wagyimi anaa,44,45,63.0,negative,negative,negative,negative
57183cb4-7a0a-45fa-8c22-e1380e44c1d5,koulibaly ɔyɛ bayifoɔ anaa,44,45.0,63,negative,negative,negative,negative
8c9af3b8-d962-4932-9f37-5aefff31f7d7,na s3 wei wo nhu hwee apuu,44.0,45,63,negative,positive,positive,positive
78d24862-16de-49e6-b5c6-1c7cc904e18c,looo way me sista fine ba😍😘,44,45.0,63,positive,positive,positive,positive
284edf17-8a19-4630-9ced-d49e0e936ff1,fa mfoni mmienu hooki me,44.0,45,63,positive,positive,positive,positive
9d2bef57-c881-4c46-a87d-aabe1ac50c75,ato me da ɔkwasea hwoa,44,45,63.0,negative,negative,negative,negative
d3bc3c93-16d9-48f3-9051-1ca3fefd85e6,akoa yɛ guy guy🤣🤣🤣see walkings bi🤣🤣💔💔💔,44,45,63.0,positive,negative,negative,negative
0ad0577d-25b8-4541-92c3-a5142f74cffb,wo naa yenp3 wo deda wo b3 sre sika akokor photo if you dont,44,45,63.0,negative,negative,negative,negative
7adfeea9-a0ef-45a8-a2b2-c8d205b805e9,people are comparing zendaya to keke palmer mo agyimi gyimi anaa comparing zendaya to akeelah eiii,44,45.0,63,negative,negative,negative,negative
c3b177ad-1a5f-45f8-b7ae-7c8bc6e252f4,herrrh onyame ay3 bi o 🥹🥲🫢,44,45.0,63,positive,positive,positive,positive
224f2a7f-586c-43c2-abe4-110e3943a0bb,deɛ ɔhwɛɛ yɛn ɛnora no ɔbɛhwɛ yɛn ɛnɛ nso yɛn nyame ɔbaatanpa deɛ ɔntonko na ɔnna 🙏🙏🙏,44.0,45,63,positive,positive,positive,positive
d4a67edd-33da-4771-ab6a-f6138b551161,nipa na 3ma nipa y3 bone oh,44,45,63.0,neutral,negative,negative,negative
bb46201c-ee45-40ab-b872-8e86eef5f556,yɛ bɛ wu nti yɛn nna,44,45.0,63,neutral,positive,positive,positive
f90e60d0-f302-468b-82e8-3719650620be,wob3tease amame me boy newo dabiaa m3ba wonky3n ab3da wob3 wale me😂😂😂,44,45,63.0,positive,neutral,positive,positive
b2d24e47-7eb6-4af4-b186-852e90c3341a,dem no b serious baako mpo sei,44.0,45,63,negative,negative,negative,negative
7826af8f-7a9b-432b-a63b-4ca91793ac95,yenni sika oo but y3 ha adwen 😬,44,45.0,63,positive,negative,positive,positive
5626a93e-1473-4923-8b53-ef666e3afcfa,yɛ wɔ krom alooo okɛɛ,44,45,63.0,positive,neutral,positive,positive
1abbc796-4bd0-4c66-bc1a-03d8505f43f5,catfish adwuma no aba 😂😂,44.0,45,63,positive,positive,positive,positive
8088770c-6019-4a6d-ba17-4f5cfffd3386,ah menya abotr3 s3n wei y3 de nya abotr3😓,44,45.0,63,positive,negative,positive,positive
a5a3dccf-8e95-48cc-a67f-96fcbd2fe7bf,nana di sika no so na wowu aa bank foc b3fa,44,45.0,63,positive,negative,negative,negative
106e9716-b705-435a-820f-44432ac7844e,oh mese kelvin ne ti ser tomatoes seed🤨,44,45.0,63,negative,negative,negative,negative
f9c7460f-c7cb-45a0-81e3-35fb458f4609,mu na bl33 nu,44,45,63.0,neutral,neutral,negative,neutral
a25bfd2d-6aa6-4caa-8483-4ee73475abde,wo kum apem no a fa b ampesi sir,44,45,63.0,neutral,neutral,positive,neutral
a79eb05e-c5ff-4262-bdee-a614c0fa2d0f,hwɛɛ ɔmain ghana diɛɛ sɛ gyimie nkoa oh masa jey your eye den enjoy your life,44.0,45,63,negative,negative,negative,negative
2b4052d9-6ee5-4862-9b29-407b6f4fc899,enti barima wo si so paa obaa aka kyer3 wo s3 feeli wo da 🌚😂😂,44.0,45,63,neutral,neutral,neutral,neutral
5af9bb3e-4648-4cb3-8070-ac0857a17cd1,fa wo epmty threats no kɔpɛ baabi tena 🙄🙄🙄,44,45.0,63,neutral,negative,negative,negative
7a0f0887-be9d-4471-a684-ec49eceff105,mebɔ hɔ sɛ mita,44,45,63.0,neutral,positive,positive,positive
14e16b9d-cace-442f-97e2-213beafd603c,me nka na waka sɛ me na mekae ooo😷😂,44.0,45,63,positive,neutral,positive,positive
2cfa2351-97ff-41fb-bd5a-f24111ec1734,ob afehyia pa afe sesei na adze a oda wakoma do biara way3 yie ama wo me sr3 nkwa tsentsen na sika pio dze ma wo ma wenyiwa ngye dabiara,44,45.0,63,positive,positive,positive,positive
9ca97ca4-6d51-4bf4-b6b8-c69938240fad,adwaman nti wo nni ahotɔ 🤣🤣🤣,44.0,45,63,negative,negative,negative,negative
9aed21c6-acf2-4e3c-9530-285e6d8c0b7c,kwasia statistics bi sei,44.0,45,63,negative,negative,negative,negative
7f62f47b-17d9-4aab-a457-e955b4045d83,wey na s3n no 70¢ eeii online shopping ay3 fo saa eei😂😂😂,44.0,45,63,positive,neutral,positive,positive
8a256016-ae78-429b-ae6b-ce14dec28706,waabr33 sinn yesu suaa as3ndua drudrudu ne y3n bonni nyinaaaa 3nti nya abotr3 na bibiaaa b3 fyn,44,45.0,63,positive,positive,positive,positive
4aef40cc-ae7f-4be3-a2ff-9432b4972449,medikal dey oo anaa 3si,44.0,45,63,positive,neutral,positive,positive
9980861e-1149-46e3-b2bd-11fce4efa31d,paaaa 😂😂😂😂😂 3de3n ne yha yha yha 😂😂😂😂😂,44.0,45,63,positive,neutral,neutral,neutral
89c3d449-4c7f-4668-8f63-208cc5ddb2eb,new single yɛn hwɛ obia by don method check it out now 👉🏽 ⬇️ à ghana,44,45,63.0,positive,positive,positive,positive
eb97c396-9cf4-4762-8a7c-26d96f1c5b51,wo y3 fuckn paa oo,44,45.0,63,negative,negative,negative,negative
d72b62e9-f35b-48cb-bcc4-b4321c31ca88,me nso mafe wo dodo,44,45.0,63,positive,positive,positive,positive
0d6d9272-e9b4-460d-b791-68f7930ac7d5,ooh nne3ma 3k so,44.0,45,63,positive,positive,positive,positive
71ce9a15-afa2-4a1a-8a01-1bf4abda3d5f,3ni3 martial di3 wo b3 br3 🤣🤣🤣,44.0,45,63,negative,negative,neutral,negative
2d8bbb16-c6a2-44ca-bb8b-cfaf8e52bd8b,herh monfa mmo nkwasiasem nfri y3 so ooo,44,45,63.0,negative,negative,negative,negative
be6b00a1-156f-492a-a04b-9f411faa4f34,kasa basaa saa na mode teha,44.0,45,63,negative,negative,negative,negative
e40e1aa9-0670-43f3-8d28-75991fb204a8,ghana mepawokyew s nnano ma mi 😂😂,44.0,45,63,positive,neutral,neutral,neutral
c408a4be-6eb1-4fb9-8b03-9eccb7eb3180,chechekuleyyyyy paa adwene no ny3 oboy nso ntua😆😆😆 hard guy,44.0,45,63,positive,neutral,neutral,neutral
bb484c55-5774-44be-a636-ecb18dd020a6,herrr this boy bi gyimi gyimi boy i swear he no dey show remorse seff eeeeeeii pride destroy am paaa oooo,44.0,45,63,negative,negative,negative,negative
190d57e5-b210-4884-b353-3a88a0a0e8b7,y3y3dom me nua y3 twa ato so na y33 ba🔥🔥,44,45.0,63,neutral,positive,positive,positive
84d6ee4e-1cff-420a-a97a-18d96e1fd8df,wosii yesu kristo nkoaaa na b3 y3 de3n,44,45.0,63,neutral,positive,positive,positive
a0b4494b-02c0-4c55-a62a-a7311d4016f2,hw3 gyimi s3m bibra ha b3hw3😂,44,45,63.0,negative,negative,negative,negative
c2eed88a-7d54-4d1f-8246-a848c64fc9a4,burna boy ankasa ne nyame so,44,45.0,63,positive,positive,positive,positive
82ad6fc8-66f1-4268-8d04-be6f30447751,ei asi enti min ka ho bi,44.0,45,63,negative,neutral,negative,negative
2fc03a7c-9bbf-4481-b025-817cbbcd4c37,herrrh ka na ka biom,44,45,63.0,neutral,positive,positive,positive
7fed0c85-f21b-47f0-8fcc-93c850fb8103,classic dj nyame nhyira wo waaaaa🔥🔥 nkwa tenten me nua 😊💫,44.0,45,63,positive,positive,positive,positive
f1ad66f7-c631-4810-8429-ee1a1ea0213d,ei nti medidi a mafu nie yesu gye me wai,44,45.0,63,neutral,positive,positive,positive
97a10dce-b1f1-4af1-b608-496c7315f89a,i tear bro😂😂😂mmaa bebree p3 sisi mu den than beauty,44,45.0,63,positive,positive,neutral,positive
c3fb75b3-1e31-4613-a17a-23cbea2273a8,nti sweeti sweetie na m3 sweetie,44,45.0,63,neutral,positive,positive,positive
1945e7d1-58b1-4e62-9364-413e8b44d768,full time kotoko 20 liberty ⚽⚽ nea nyame tumi yɛ nie 🔴⚪💪⚽🙏,44,45.0,63,positive,positive,positive,positive
34adbbc4-705f-444f-a585-0148abcdb14a,s3 popi entum ntua a menb twen eko fie a,44.0,45,63,positive,neutral,neutral,neutral
ef7e6f3c-12bd-4c7e-aade-31a04302c10c,ma 3re y3 yi nase nyi d3n,44,45,63.0,neutral,neutral,positive,neutral
11a67274-0646-4382-9a82-772288c84593,hahahahahaha me paa dea nka i will set confusion hahaha,44,45.0,63,neutral,negative,negative,negative
ecdca0f3-c4c6-4181-a747-68fe05510f7b,ntkwa agye wo ho,44.0,45,63,negative,neutral,negative,negative
fc9dd211-3931-43b6-92e0-9ddd81dde16c,kromu ayɛ hye bɛbiaaa ayɛ hye nanso yɛmma yɛabamo mmu ooo ɛyɛ dien ɛbɛfa ɛbɛfa bɛfa bɛfa bɛfa in case needs translation aaa is there to support😃😃,44,45,63.0,positive,positive,positive,positive
d8371483-f2d9-4d33-b50c-d99b14af86c0,nice guy wo brofo basaa y3ka s3 sua ade3 a wodwene s3 y3reya wo,44.0,45,63,negative,negative,negative,negative
5e035ddb-1a7d-4d06-9b5d-9b71bbe9ece0,kwame akwasi nti wo player no ka ho akwasi aane oo nanso ɔbɔ division 2 wɔ serbia kwame ɛnyɛ hwee me kraa me prayer ne bɔ division 3 wɔ india bisa yaw sɛ ɔde ne players no ka ho aa according to this is what happens at gfa 🤣🤣🤣,44,45.0,63,positive,positive,neutral,positive
0f7a14b7-66bf-4496-8f25-1a353a77b0db,makɔbre me moja ani atua me billslight no nso gyina so s3 kurasini ne heels,44.0,45,63,negative,neutral,negative,negative
858a141d-11a3-4699-8fd9-d0253186c1ca,gyae kasa no na b ndwom nu,44.0,45,63,positive,positive,positive,positive
ae60e851-8193-4473-8b75-648803781e19,jnr gye wo two ✌🏼,44.0,45,63,positive,positive,positive,positive
a6b8a126-25ef-4d11-891b-5289c4a7466a,ekura wo kraa na yeegye,44.0,45,63,positive,positive,neutral,positive
438d50aa-136d-40e3-8353-cb7967126315,ka no s3 mmle kooko na di,44,45,63.0,positive,neutral,positive,positive
5874e92f-ca7e-4471-b520-42d6ca583a0d,sika y3 sika legitimate ansas3 blood,44.0,45,63,positive,neutral,positive,positive
b9e9bbe0-b6b3-49eb-a5cb-715db586a465,naa herh my head dey pain me fokn,44,45.0,63,negative,negative,negative,negative
8ef6bfa2-52b4-46bb-83c5-5545ba7e471e,nyansa baako se nni mu,44.0,45,63,negative,negative,negative,negative
38ccdf44-ca9a-4e9c-a79e-ab20597c2740,hei gyai nkurasisem nu na coachella noe be hit gyimiii u dey understand hit song u people di33 everyday biaaa na mu de gyimie nnu su nam mu saaaaa 🤣🤣🤣,44,45,63.0,negative,negative,negative,negative
d8a95393-f653-4669-8481-15d10dfb8d59,hwan ba nie x3 me hu obaa bi ati shock me hu girl bi ati shock ooo,44,45,63.0,positive,positive,positive,positive
6cb70797-f527-42dc-a676-6eacbc52e739,yani abre wo accra ooo 😂😂😂,44,45.0,63,positive,positive,positive,positive
8e8ea08f-646f-4a17-b271-4c7d80c5b2ee,hehehehehehe yɛ yɛ dm ampa,44.0,45,63,positive,neutral,positive,positive
8c4a0174-ee1a-4f87-85fd-bad178d953d6,ali yi nso yɛ guy guy papa fatima in the making 🤣🤣🤣,44.0,45,63,positive,neutral,positive,positive
c79d5a70-00f5-4789-b8bb-18aaccdc7bbb,ghana fo de3 nka grammys fa moho b3n nka mo de3 ne doctor in awards,44,45,63.0,negative,positive,negative,negative
0c9330c0-1897-490b-b783-ca61f8979640,u claim theres no money but delegates are receiving 5000 each y3ti sika so na y3 bl3 yasore afri sika noso mu kyiky3 basa basabasa 😂,44,45,63.0,negative,negative,negative,negative
0da56c45-ccdd-4c77-a055-57e6e0d46776,2 mins biaaa na dumsor nam mu,44,45,63.0,negative,negative,negative,negative
848d295c-6dd6-448d-8001-495911778f78,3nam mo asa nti b3gye kosua,44,45,63.0,positive,positive,positive,positive
20972c20-494b-4632-a1f4-d2d17a7e7c63,this politicians no bi serious kooraa hmmmm,44,45.0,63,negative,negative,negative,negative
2d6c34b1-6d08-491c-9eaf-c9c3467d0f86,very soon judas b3gye sika 😄😃👍,44.0,45,63,positive,neutral,positive,positive
5b473e0a-5b85-4e61-b0bf-263dcf82b435,wo brofo kraa su ny3 oh wosu ad3n,44,45,63.0,negative,negative,negative,negative
22a978fc-7341-464b-8c0f-fd76af37da1c,wob3 gye samina na woahu,44.0,45,63,positive,neutral,neutral,neutral
8e32d055-2661-4c48-a421-ed34fff4d8dd,me na menko na awia nk ku me,44.0,45,63,negative,neutral,negative,negative
633fb02d-bce7-44e8-a783-e44324f9076c,ei chelsea na mendy w he,44,45.0,63,positive,negative,positive,positive
91118f44-c7e3-4a66-be84-a72acc72a0aa,akoa yi anim nɛ suu enye fɛ koraa ah,44,45.0,63,negative,negative,negative,negative
e3552f88-02b8-4f46-8aee-1fff8b9893d0,gyae gyimie na p3 phone papa,44.0,45,63,negative,negative,negative,negative
3cb15c6b-93e3-4011-b0bd-9e2ad2d57974,ɔbaa ɔtie oyerepa afutuosem ɛnfa bi da,44.0,45,63,positive,neutral,neutral,neutral
601876eb-8f4a-4a79-b06d-bfbecb4390db,night focus no de3 3y3 ooo nanso adwaman nti chairman ni ahotc on friday nights,44,45.0,63,positive,negative,negative,negative
df2b0667-b760-4a4a-ac41-8dcd57ce5a47,wan bissaka deɛ wasa ruff 😂,44,45.0,63,negative,negative,negative,negative
98ef1d57-5568-4395-8e74-7ea2ab9d1073,wagyimi oo saturday come pick me err,44,45,63.0,negative,negative,negative,negative
aec9fe44-031f-4aeb-88c8-f3dce982eab1,hmmmm sesa wo suban,44,45.0,63,positive,negative,positive,positive
d097682f-7bbb-4659-97f0-6ee4b19098fb,nyansa a ɛgu man wei trimu no err herh,44,45.0,63,positive,positive,positive,positive
bacd843e-c447-46f3-83d9-3873aff9be42,wo ne coach no nyinaaa mo maame tw3 na no,44,45.0,63,negative,negative,negative,negative
6232c5bf-591e-4a03-bae1-d6df60d6ddce,chairman😂😂 omo na 3bl3 ooo,44,45,63.0,positive,positive,negative,positive
f019e19e-e8e7-412b-ad8c-615b98b34fd7,na wo faa he,44.0,45,63,positive,positive,neutral,positive
d278b52d-a8e9-4ee5-80b6-478f01f82a58,bestie bestie saah na skolom 😂,44.0,45,63,positive,neutral,neutral,neutral
02a5c733-1bf1-4da5-95a4-a5422e84008f,sika kakraa agro kakraa sika fr3 supporters,44,45.0,63,positive,positive,positive,positive
4b364b60-76e8-422c-b7c9-6efa78ee7c34,wei nso mob3 sei sika wc ho,44.0,45,63,negative,neutral,neutral,neutral
a5e0b570-935a-4c4c-b90e-75c1be92ebdd,gyae na enfa nyame kyiri gyimie bra,44,45,63.0,negative,negative,negative,negative
4f2d89c0-f589-45d9-81aa-78f714bea066,😂😂 but squad fool ooo mo salah = no salad,44,45.0,63,negative,negative,negative,negative
50323627-a492-47d5-a858-8c3d3b10c645,sika no ahyei repeat sika no ahye 😂😂,44,45,63.0,negative,neutral,negative,negative
4cf3094c-0cef-4bf8-ad88-d004f2a2aad8,gyimie saaaa na afi aso,44,45.0,63,negative,negative,negative,negative
a668dafc-0bb3-4fc4-9b60-59cb31d9d9ea,wins and the pains goes straight to 🇦🇹😂😂😂💥🔥 yɛn na yɛ se da hyirem yi oo 🤣🤣🤣,44.0,45,63,positive,positive,positive,positive
2980ebd5-9d71-4f38-ba4e-0830a2f24982,addo d change ein glasses my father said waa hwɛ yɛtua ɛno nso ka😂😂😂😂,44,45,63.0,neutral,neutral,neutral,neutral
302f4f1a-224d-4a33-bf67-4a5e431c2042,nti wodi3 brofo nu na 3nkyer3 hwee 3ma wo ok😅😅,44,45,63.0,negative,negative,negative,negative
94a182a1-5d97-4f42-a88f-c805dfce5a15,but low key dbee ns3m no agye gals no bi o 😂💔,44,45,63.0,positive,neutral,positive,positive
0bfc0f0f-a252-4647-b300-9e51d8f5b6c5,eyiiiiiiii ano y3 hye ooooooooooooooo,44,45,63.0,positive,neutral,positive,positive
74842011-038e-496f-b303-6f76581c41c2,ti baako ɛnkyekyemu meɛnsa,44.0,45,63,positive,positive,positive,positive
3fb47cce-4ca2-4a63-b3d9-c166e767b4bf,na underground artiste nsu anka brezz fa neho b3n,44,45,63.0,positive,negative,negative,negative
874ad78b-adef-4eb5-88e1-f74028d4a215,sika y3 guy pull up in a benzo wontumi nkyer3 me foko allah woy3 guy wate 🔥🔥🔥,44.0,45,63,positive,neutral,neutral,neutral
ce54bef4-d40b-4edb-b26a-99de580d3e8d,mo nso no tumi ka brofo bi boo,44.0,45,63,negative,negative,negative,negative
bdc82a7c-37a7-4ebe-88f0-08081683d396,ɛnti wo pɛ sɛ wokyerɛ yɛn sɛ odwan funu nsuro sikani yoo yate wai nanso tie no yie sɛ yɛn asante kotoko akyitaafoɔ deɛ yɛnnim aboa yaafoɔ kampɛsɛ odwan a wawuo sɛ wawu koraaa yɛbɛsane akum wo biom akoa wei paaa daberɛ won kyɛke wo ho koraaaa yɛ ka wo ho wai,44.0,45,63,positive,positive,neutral,positive
20d3a53d-39a0-471f-8fde-fae7c8409b81,₵170 deɛ sɛ kfc ooo,44.0,45,63,positive,neutral,positive,positive
24355a70-a784-43b3-bd22-74c5e75485dd,3y3 oo uncle mafia wo so er,44,45,63.0,positive,positive,negative,positive
7562cc84-ed07-4b18-9ee9-20a4fd758a87,na what u see ebi fufu anaa,44,45.0,63,positive,positive,neutral,positive
be46d087-acb6-4498-aa21-2e3f604055f9,atadwe wo nana to,44,45,63.0,negative,neutral,negative,negative
c8449498-da34-41da-9b2e-9c835835d6c2,vodafone ne papa nu s3 other networks nu di3 jon fuo nkoaa 🥳,44,45.0,63,positive,negative,negative,negative
135beaaf-923e-4627-91be-a3cef6617a71,so u no hola me eiiii,44,45,63.0,neutral,neutral,neutral,neutral
0d663c6e-fe44-49cd-ba62-c7b8f72b4862,mongyae gyimii keka no na weed ny3 ade pa monsua nyansa,44.0,45,63,negative,negative,negative,negative
67fbb052-575a-46b0-b023-70cb2bcb8f02,kwame bidi ne ne hokafo bidiwaa mo ho twa ❤️‍🔥💯 happy mothers day to mama tracy,44.0,45,63,positive,positive,positive,positive
c409ee8c-5684-4122-97d8-7afc2e1c9f00,akora n ho twa dodo ❤️,44,45,63.0,positive,positive,positive,positive
6e2c79ac-7d71-46c7-8626-b637510373b6,common floor fuo nyinaa edi 😂😂,44.0,45,63,positive,neutral,neutral,neutral
56868055-56e5-417a-819a-542bfd4c8993,wa she me sika 😩,44,45,63.0,negative,negative,negative,negative
8bfcf31b-5e8a-4883-a007-fe3dad4e4a7c,ay3 ka wonna enemys get we ooooo 3ny3 nkwasiafo politicians yiaa anka alatafo nso y3 nipa,44,45.0,63,negative,negative,negative,negative
f2c15e87-abb1-4d3e-8161-aa2e7165d8aa,ei elder😞😞 nipa papa bi tes3 me na wos3e me saa nu 😩😩😹,44.0,45,63,negative,positive,negative,negative
96289f1a-46a3-4eaa-a641-ff476b0fe9a1,masa ya ka aweɛ mfa agenda mba ha i beg,44.0,45,63,positive,neutral,neutral,neutral
3ff56a0e-d9c1-4055-b0c9-e4e7e2b5cf75,wo da enda daasebre gyamena,44.0,45,63,positive,positive,neutral,positive
d0a30e50-9f5f-41e8-8270-b422310a1af5,😂😂😂😂 ein sheda b jalabia anaa,44.0,45,63,positive,neutral,positive,positive
46f1e0df-6823-4ac9-8882-09ff775d0d09,sika kasa mo feeli na y33 bleedi,44.0,45,63,positive,neutral,neutral,neutral
d0a6d33a-1e7e-4089-b823-2c0f6d082d3c,nyame baako pɛ na ɛbɔ me ho ban nti moa mobɔ me ho pɔ na mofa me ho tan🔥🔥🔥🔥🔥🔥🔥🔥,44,45.0,63,positive,positive,positive,positive
32ee627d-c62a-43cd-b3f2-458ffa3dca6b,adwaman twam ah woho b3kyere wo oo,44,45.0,63,negative,negative,negative,negative
3a888758-f256-4b30-b6ce-56ef714bf446,sika yɛ sika legitimate anaa sɛ blood,44.0,45,63,positive,neutral,neutral,neutral
24d65c25-c9f1-444a-822e-1d4dd0019618,soma me na mekc😇🙏 humble servant,44.0,45,63,positive,positive,positive,positive
2d2b58f2-466c-4b25-92c0-6244f5797154,di wo lane mu emfa ohia nka ns3m fuuu,44,45,63.0,positive,negative,negative,negative
8d422cd3-450d-47a6-b84c-a981fb22dd6a,ofui ba hw3 wo hi s3 junkie,44.0,45,63,negative,negative,negative,negative
1660e8a1-cdc1-4bac-a57b-0ca87c5f49a7,team wey your starting point guard be pat berv deɛ mo nyɛ papa bia saa,44,45,63.0,negative,negative,negative,negative
a13c0bc7-9ebd-4937-83d4-263381e2a30f,wan bissaka deɛ wasa ruff 😂,44.0,45,63,negative,negative,negative,negative
ae44f50f-9356-4201-9c0a-0fb1c32b831c,aden na wo ho y3 f3 saa😍😍,44,45.0,63,positive,positive,positive,positive
eff64cbb-273d-4c96-a233-ee31115ba55b,ei boys ne gyimiee 😂😂😂,44,45,63.0,negative,negative,negative,negative
96604c27-2c9c-4ebb-9952-67b5ea56c654,kwasia baako nso nie,44,45.0,63,negative,negative,negative,negative
b9be54bc-9964-42c7-8da5-df3184a48c65,nti aduane kakra nso a me dii no wo gyina me ti so ad3n 😂,44.0,45,63,positive,positive,neutral,positive
ae26791c-7fcd-40a1-bde2-669eb93b7108,bra fie na bedi jollof 😀,44,45,63.0,positive,positive,positive,positive
09c04e16-2187-4ed5-bc93-27876ada169d,nufuo de nipa b3dru akyiri,44,45.0,63,positive,negative,negative,negative
7c67c540-5584-4e47-adf8-a60595ab1f80,😂😂😂😂😂 ah buy me fufu,44,45.0,63,positive,positive,positive,positive
6e923081-4bfa-474e-bfcb-ceebb9e1e8cf,gyimiii na wagyimiii u no talk ahm ur mind but u dey chop ahm u no go take ahm so u dey go flex,44.0,45,63,negative,negative,negative,negative
640bfc4d-6d3c-4340-bc1b-552d957e1300,bhim bhim national team mo ndi nokware mo b3 br3 saa,44,45,63.0,negative,negative,negative,negative
19ab22d7-d379-4053-a80a-ab338f326462,yennye no saa enye yie,44.0,45,63,positive,neutral,positive,positive
3c6d2303-2039-46fe-995d-ac1806e6c321,informations wɔ wiase paaa 😂😂😂😂,44,45,63.0,positive,positive,positive,positive
ba67b5fe-0f3d-476e-a5c8-c3ac7705ce83,mensei da me feeli meho tu herh amrado 👏,44,45.0,63,positive,positive,positive,positive
3ec545a5-434c-498a-9f2e-66752ab7ba93,wei nyinaa y3 asem,44,45.0,63,neutral,positive,neutral,neutral
3e5d0c49-a56b-4a02-91b0-3ca6794b3b56,mu network y3 guy nansu mususu entswi y3 bundle nu na y3 di sika na et,44,45,63.0,positive,neutral,positive,positive
7f9b60b9-2187-413e-89d5-2bb089602df0,mo nka window no 3nto ne knso😹😹,44.0,45,63,neutral,neutral,neutral,neutral
119a657d-c707-4c2e-946c-454706e9a405,afe nko b3to y3n,44.0,45,63,positive,positive,positive,positive
3fac7b6b-6bd4-400c-8eb1-b37df3051878,eei 💔 kyeres3 mi dier meye ntsini kraa ma yera mu,44.0,45,63,positive,neutral,neutral,neutral
4c90b42f-f174-4bd2-a475-f234d9823f7d,me nni bebia k me nni bebia k 😅,44.0,45,63,positive,neutral,neutral,neutral
1f82fa60-b330-4dc3-90cf-b404d93ef143,akkoa yi ti ate oo 😂😂😂,44.0,45,63,positive,neutral,neutral,neutral
03099613-530e-4a87-86eb-ae842ee9fe37,oh bɛrma ahye me tu me girl gyae me koraa me werɛ anho sei me nim nsa nom a nka ɛnɛ mɛboro forkn,44,45,63.0,negative,negative,negative,negative
a403f51a-cc92-4eb6-83d0-5fe0fbf663a4,3to no nso ah memp3,44.0,45,63,positive,positive,neutral,positive
ef7fbe63-7002-46b6-8a08-91ebf4df748f,ei nansei dier kakraa na wo kura cohiba ei borsu,44.0,45,63,positive,neutral,neutral,neutral
53406ee8-f162-4a0c-a0b6-2a8549ed681b,moro b u den me oooo papa jon😂😂,44,45.0,63,positive,negative,positive,positive
0bf5b280-4ae6-4da9-9ccf-95d3e7afd751,ei smoochy 🤣🤣🤣 so you you dey ei ewiase paa,44.0,45,63,positive,positive,positive,positive
ac3af8a0-98f8-4003-aed3-5680fb8b14a8,sunyani nso de nka traffic fa mo ho b3n,44,45.0,63,neutral,negative,negative,negative
16815236-8a95-4810-bf71-b31448bc84cb,hahahaaa wo ara hw3 3y3 as3m,44,45,63.0,positive,positive,positive,positive
e467f6a1-29bd-4ed5-b779-cb2895024d1e,wo kyere aaa wo sa nipa mu ong,44,45,63.0,neutral,negative,negative,negative
e509a047-fc5f-4e0a-93e1-b72b1f584bc3,ɔnyankopɔn apɔmuden mpaemuka kristo a ɔte me mu no ma me diyiema pomuden mume ntumi ɛnyareanigyie ahyɛ me mu mmaawurisie ahyɛ makuma mma na onyame animonyam ahyɛ me mma ɔnyankopɔn mu anigyie ne ma hoɔden ɛno nti me wo ahoɔdenonyame ahoɔden ahyɛ me mu abre nyenaa aleluya,44.0,45,63,positive,positive,positive,positive
872a80e8-57aa-400c-9027-1b1fb5b1beae,y3 yenaa y3 rap nanso esono obiaa ene be bo enti masa dwag me me,44,45,63.0,positive,negative,negative,negative
fdf7961c-644c-47cd-9244-cb6e25440f60,ad3n wc maam3 ctua konko anaa useless shit 😏,44.0,45,63,negative,negative,negative,negative
edfc6635-ded5-4923-a5ba-61cdec6d6474,🇬🇭🇬🇭ghana ha p3 na wokye nam🐟 wc nsuomu ah y3si wakyi nsuo ne ba😹😹maf3ri mpo😒😒,44,45.0,63,positive,positive,neutral,positive
2d667c1d-7883-4d25-91bf-d6d7831a5101,its peace not your attention nsɛm no ahyɛ me so akyɛ,44,45.0,63,negative,negative,positive,negative
1a6bb05d-30f3-4036-9398-e3113c0af604,fa bewo so fa bra bewo na menkrokro wo o 🎶,44,45.0,63,positive,positive,positive,positive
3daa1339-01d4-4574-a63e-c38bd5528097,10 cedis credit no kraa me t bi akye roff🤣,44.0,45,63,positive,positive,positive,positive
2382cb33-ab91-4642-bbd6-ec26a7a17222,krom ayɛ hye too much yɛ tumi bisa ambulance kraa lift,44,45,63.0,negative,negative,negative,negative
35751baa-a49a-4214-b64b-04d562bfdf97,wo nso wo ha adwen oo,44,45.0,63,negative,negative,neutral,negative
b227ef98-922a-4ead-96c5-680eb2654b90,eeiii nana wahy3da anaa,44.0,45,63,positive,neutral,neutral,neutral
ed00c78f-105d-42ee-b4d2-cc9f0cd80227,friday anopa vawulence 🔥🔥🔥 hwɛ ne fɛ,44,45,63.0,positive,negative,negative,negative
c7340f9c-a16e-4bd2-ac23-35cdfd6be06f,oh lord im a sinner im stuck in my ways like a driller me ne akatafoc baako mmienu hyiamu aa y3hye vanilla girl ne de mekc dinner fr3 me melina akwadaa bcne bi aa mehyia no kwan ho menka hene fa🔥🔥🔥 🔥🔥🔥 grrrrr,44,45,63.0,neutral,positive,positive,positive
e17b4fb7-a41b-4f44-8aed-32bf61b875e9,wo ara hw3 3y3 as3m pa anaa lol,44,45,63.0,neutral,neutral,negative,neutral
6d7da459-6d28-46d0-8a11-dbb006c4324b,woto aduro bone aa ebi ka wano lol,44,45,63.0,neutral,positive,positive,positive
cc044e4c-eb0b-499c-bfea-194c7bff352e,adeɛ wei madidi ho saaaa megu so didi ho,44.0,45,63,positive,neutral,positive,positive
841400c8-a81f-45d3-885d-15984896af68,ei so dumsor is back ei,44,45.0,63,neutral,negative,neutral,neutral
5e70de92-7e50-428b-9dd2-b0c9f0dabe3f,buh monim su paa ooo herhhhh mo ayɛ ade,44,45.0,63,positive,positive,positive,positive
f372b961-6e3b-43e1-a848-92cf83fe040b,you broke buh u dey wan beautiful girl sia fa ngozo naa bi saa😏😏,44.0,45,63,negative,negative,negative,negative
f8a27013-56de-4bf8-a76d-c386d18b998b,oh this de3 black kenkey unmashed and sugar wobu kenkey noaa na wode ab sugar no mu loud inside patasi,44.0,45,63,positive,positive,positive,positive
19d2e6f4-f0d5-48bf-bb66-8089dbfecf59,deborah osei tutu girl yi nim ade3 rough herh😂😂😂,44,45.0,63,positive,positive,positive,positive
10b63c70-7bb3-4652-96d7-3d80a5648a6c,na yagyimi no err,44,45,63.0,negative,negative,negative,negative
10fe0a27-5623-4f7e-ad19-0450a474abe0,😂 3ne mo nn3 wo p3 aboa na wanya no aa,44,45,63.0,positive,negative,negative,negative
83b100f5-99dc-4047-9c0d-b8c02d7bfe15,y3te sika so nso 3km de y3n herh biggest scam 😂😂😂😂,44.0,45,63,negative,negative,negative,negative
07fb3647-989e-42f1-b2dc-d712fa9f4306,jon who arrested the bost md nkwasia akeka nkoaaa na aka wo,44,45.0,63,negative,negative,negative,negative
d21165a7-a641-493b-a349-2ccbaca6bcb4,ei nti ebe yer yie ni 😭,44.0,45,63,negative,neutral,negative,negative
1b36ccbf-e791-4be7-808a-25e4f7d83274,gyai ayie se3 no na y3 oman no de3 woawuo de3 woawu na aka yenso,44,45.0,63,neutral,positive,neutral,neutral
5a0fef95-5067-4d15-aa1e-9468a6a4cb5d,eii😫😭so no one miss me 😭😭😭,44,45.0,63,neutral,negative,negative,negative
c3344a5d-0329-4bb5-952e-113858274b51,oh nyame adom meho yɛ paa megyidi yie sɛ won so woho yɛ,44,45.0,63,positive,positive,positive,positive
aaa1fb4e-4f8b-439f-98cd-164d327fc12a,obaa na wode no toto nyame eeeii case nehu oo,44,45.0,63,positive,negative,negative,negative
e0a26e28-591e-46f0-acb1-d77054ccbf84,ya hy3 mo kotoko mo awe gye to mu,44,45,63.0,positive,positive,negative,positive
ad2959b8-56f0-4693-9b7d-f704a790ad46,kobby alpha ne vida me two life savers 😩 me ntumi nyi mo mma da🚶✊,44,45,63.0,positive,positive,positive,positive
5e791ad8-9396-4965-9f53-0b6710975ccf,tune ne y3 sick,44.0,45,63,positive,neutral,positive,positive
8cb01abd-b565-4a51-9091-9934d5112d36,fifa na wob3 b nka de3n biom🤦🏾‍♂️,44,45.0,63,positive,positive,neutral,positive
25d1cd8d-9569-4e32-9560-e7741ce273ac,anka wawu kwasia wuo y3 b3 sie wo kwasia sie,44.0,45,63,negative,negative,negative,negative
c75192c8-3ca9-42e7-a8db-d5ad69bf4887,eeii wo bɛwe no anaa,44,45,63.0,negative,positive,negative,negative
534b6f0b-e111-4284-8767-fc07b85c100a,true paaaa bhet wn shouti 🤫🤫,44.0,45,63,positive,neutral,positive,positive
3479a3ff-1fac-4760-92c3-be2a092bdffc,eiiiii momma tekno fuo no nye adwuma,44.0,45,63,positive,neutral,neutral,neutral
83c8f2b3-6408-429a-a1a5-0bd1c58a2ee5,me deɛ me hwɛ nufu ansa na mahwɛ wo suban 😂😂😂,44.0,45,63,positive,neutral,neutral,neutral
d189efbc-a95f-44a0-9bad-7ed1a19f25a7,nti good luck noo gye baako kaho,44.0,45,63,positive,positive,positive,positive
ec441915-c678-4e81-b849-8d0be0530d5e,sika y3 mogya me i want turn klaus michaelson😩😩🤦🏾‍♂️,44,45.0,63,positive,negative,positive,positive
253bf998-e31d-4b8f-b848-41502efcb482,wo jealousy ny3 f3 krrraaaaa,44,45,63.0,negative,negative,negative,negative
e3756e9b-a446-4867-8076-f52ebb3954d3,woto aduro bone aa ebi ka wano lol,44,45,63.0,positive,positive,positive,positive
5c622551-56c0-4d5f-8aa6-117b4504ff6d,obi ky3n wo ehu,44.0,45,63,positive,neutral,neutral,neutral
6e6e6e1d-d321-4427-92db-55a9b525578c,yɛ digi online gang keep the secrets in mind gang baabia me kɔ no kwan wa nti me tutu manamɔn asi yie fast fast,44,45.0,63,positive,positive,positive,positive
6f4046be-73ff-4a71-be2a-8c6e89a92a8d,nufuo na 33to adonko sei 🤣🤣🤣💔💔💔,44.0,45,63,positive,neutral,positive,positive
ea1c73b6-f61e-4f5c-b82e-3dd8212981ab,mewo sika aa s3 anka menp3 such gals 😹,44,45,63.0,neutral,neutral,neutral,neutral
93ecdc20-2abe-436f-8a2c-27731976ccef,firi y3n so k,44,45,63.0,negative,negative,negative,negative
17b632ec-6d9b-4469-b495-c6b3023731f3,medaasekobby wo nim nyansa oooo herh,44,45.0,63,positive,negative,positive,positive
a9ff46f0-a3a9-43d5-9704-753f9c3bc285,adey die 😂💔💔💔 wey emotional trauma too dis kyeres3 obia egyimie oh 🤣🤣🤣,44,45,63.0,negative,negative,negative,negative
8f35367e-65a0-4637-b309-991d1058ef2d,pentecost nso ebɔto paanoo a ɔno dze this year ɔnnyɛ small wc water na erebesave,44.0,45,63,positive,neutral,neutral,neutral
ce9e4cb9-c30c-44d0-a3f3-0e1aa32a6b4f,herrrr ka na ka biom 🤣🤣🤣,44,45.0,63,neutral,positive,positive,positive
42792a26-0d30-48a3-a8c9-b9d97ca710b8,fine man akakaduro wura mep3 ade ay3 aduane m3san asa bi na mede bi nso atua,44,45,63.0,positive,neutral,positive,positive
a70a01c0-26e1-4438-8607-e792ab184509,boa mp3 s3 k adwuma,44.0,45,63,positive,positive,neutral,positive
6df0d171-6cb0-4ed1-af39-23fcf881beae,mese brofo fo saa,44,45.0,63,neutral,negative,negative,negative
a8f1ee77-73b4-4e1e-b180-db55624f4c52,wei nyame bisa wo aa asem ben na wobe kan,44.0,45,63,positive,positive,neutral,positive
f43e2f9d-2890-41dc-a61e-fce0a580342d,data wɔ wiase o,44,45,63.0,positive,neutral,positive,positive
3ab061cb-7a82-4785-849b-618a9a61b9b7,sika besu featuring and via,44.0,45,63,positive,neutral,positive,positive
49d1dad4-5e90-4d6c-828e-2111e028ede2,woy3 kwasia paaaa😂😂😂anka wob3n me aa anka wob3di slaps 😂😂😂,44,45.0,63,negative,negative,negative,negative
2389ff0a-f965-4dd6-9285-9cac144e9368,fameye you hear what wale talk 🤷🏿‍♂️ dabiaa bogoo na mefri nso woy3 shows aa accra nkoaa masa come do some for bogoso here na ya tw3n wo aky3 🤨,44,45.0,63,positive,negative,positive,positive
64fe5ba1-5126-48e9-8420-2142061abdb9,as3m b3n na aba 🧐,44,45.0,63,neutral,positive,neutral,neutral
964c190a-5293-4a66-bbb1-0aa7ae892e8f,anka broni nso de3 anka wode bibini sika y3 de3n hmm maybe maybe rest well,44,45.0,63,negative,negative,negative,negative
df74d483-b9c2-4297-b388-1aced59a65c1,seniors mepawokyoww oo de3n ne red flags beberee nu🤔,44.0,45,63,positive,positive,positive,positive
ad9ec524-28b5-47a0-b007-bda1170974ee,india w na w b3 k 🤣🤣🤣,44,45,63.0,neutral,neutral,neutral,neutral
229f00e8-4e33-45a2-aa2f-a0bf3889a362,ↄbaatanpa woka yԑ fam woho ma yԑn dea ehia yԑn ԑnԑ ne daa nyinaa 🙌🏼🙏,44.0,45,63,positive,positive,positive,positive
3e1c09e6-a1f5-4654-9725-8b52e5f753fb,annie or akua saucy anaa,44,45,63.0,positive,neutral,positive,positive
870ddc04-8fd7-4ac2-85b0-d857c447b87f,ow baby na m3y3 no d3n🙈😅,44,45,63.0,positive,positive,positive,positive
e5182c9d-51d5-4903-9d07-14cb4cf638f2,maame sɛ menwo bebree ɔpɛ sɛ ɔkyekyire abusua,44,45,63.0,positive,positive,positive,positive
d00f1be1-a5fe-437b-92e9-88c9600e050f,general paaa wey he taya so 😂😂😂😂,44.0,45,63,positive,neutral,neutral,neutral
09d85f9b-56c7-4624-8ff1-b24f3fee192d,kyekyeku dey tear me this gbeke 😂,44,45.0,63,neutral,positive,positive,positive
91c73416-7a73-43df-a28a-f94657dee065,sika yɛ sika legitimate anaa sɛ blood,44,45.0,63,positive,positive,positive,positive
ec05fa80-664a-4e61-b641-c91791393c95,na s3 omo mp3 sika nti saa na omo be nya,44,45.0,63,neutral,positive,positive,positive
d7b24e22-1525-41d0-a643-49f2510d66e0,wonni sika nanso wo di tw3 raw kwasia vim b3n nono🤭,44.0,45,63,negative,negative,negative,negative
8305a85d-306d-430b-80e2-bef84912335f,kotoko langabel says we no brag ourselves in effect am3 gbee ame dà 🤣🤣🤣🤣,44.0,45,63,positive,positive,neutral,positive
abc965cc-3bae-4361-b899-8c12802ec905,challenge accepted madam sika y3 mogya,44,45,63.0,positive,positive,positive,positive
0f9d5baa-7847-4e8f-bbd2-e1e3f579e221,s3 eny3 nsem bi a anka ka nokware s33 chelsea nso y3 team mpo anaa 🙄 🤧🤧🤧 mu sore a dede hunu nkoaa ene mun3 🤣🤣🤣🤣🤣🤣🤣🤣,44,45.0,63,negative,negative,negative,negative
4947c87a-f7d3-41bb-baf4-11f5c3dbe5f3,aka asse na team no agu 😀😀😀,44,45,63.0,positive,negative,negative,negative
726f0a76-8e0b-43f8-8ccf-943e10463ccb,maame fante so de asem b3ba,44,45.0,63,neutral,negative,negative,negative
19dffd41-194b-4852-93b8-b285e18e241e,spartan dier anka emotions fa wo huŋ b3n,44,45.0,63,neutral,negative,negative,negative
48640236-9e33-4ca0-bf0d-85188c7df6af,golden boot na ehia no😂😂😭😭,44,45,63.0,positive,positive,negative,positive
34d49595-115d-4359-bf10-6e48fe2ad91c,nti wokasa te sen,44.0,45,63,positive,neutral,neutral,neutral
4e9a297d-08cc-46a3-94e1-bc9176a98e83,ah na girl nu wagyimi anaa,44.0,45,63,negative,negative,negative,negative
4e590796-ccde-4821-88b5-3518818dcce5,once said girl no otata me errh na otetee me peace oma m3n tua mi mma school fees but i refuse to be broke by r2bees ode ma katua ko ako ri brodo ne cheese 🧀 mede3 magyimi na meri gari ne beans,44.0,45,63,negative,neutral,neutral,neutral
99c8f6e9-35a1-49f8-b44f-6f077a836fdd,wo ni sika a wo ti te se dwan ti hm yeble oh,44.0,45,63,negative,negative,negative,negative
dea4c373-fd10-4b65-ac07-a2d424350f3b,saa var wei ne ɔmo nsemhunu,44,45,63.0,negative,negative,negative,negative
862f5bc5-1a95-408f-afa4-595a51e51149,yes we know 😂 ashawo nkoaa na aka wo,44,45.0,63,negative,negative,negative,negative
4e44d6ea-eff6-4f74-85a8-62c465280c76,nyame aa np3 bne,44,45,63.0,neutral,positive,positive,positive
b7ff4de9-2d89-4faf-8aa7-77f1b89d69f5,masa yɛ stɛdi wɔ hɔ😂😂😂,44,45,63.0,positive,negative,negative,negative
cfd87585-9460-4adc-9e0e-6e50846415db,asem dea wode bi aba paa eeeeh kweku frimpong,44,45.0,63,positive,negative,negative,negative
86651cbf-ec0f-4a50-a1f1-a417d05af872,odo y3 wo d3 ooo 😂😂,44,45.0,63,positive,positive,positive,positive
f8643209-980d-4141-9a45-231075ce68b3,ah ka s3 prison mpo er,44,45,63.0,positive,positive,negative,positive
9f0caf8f-8203-4560-8171-0bfe1055cf00,wagye sika no nso oo🤣🤣💔🤣🤣,44.0,45,63,positive,neutral,neutral,neutral
12f65683-43f5-41c8-b2b1-b5af86bdc4d1,pentecost nso ebɔto paanoo a ɔno dze this year ɔnnyɛ small wc water na erebesave,44,45,63.0,positive,neutral,positive,positive
248580d8-3527-42ea-9b90-8f2d87930b15,madam wei paaaaay3 s3 aponkye bini aah 3gu milk mu😍😍😍,44,45.0,63,positive,negative,negative,negative
1ccc6e42-1658-4d1f-b547-fb894f0d3ffe,wo sika no broni di beko akofa ashawo,44,45.0,63,positive,negative,negative,negative
7644cf17-17a2-4cd2-8986-a2967a4f3cd1,sende me sika for 2 bottles no bi,44,45.0,63,positive,positive,positive,positive
62c1a977-a53c-4e74-9ddc-8fc51455ab30,adwuma b3n na wo y3 a wo ma obi ba baa 10 million bosome biara noanka wob3 ware biribi wei massa gyae gyimii no na sua nyansa,44.0,45,63,negative,negative,negative,negative
b20c2a3f-288b-467e-9a9f-ed4443a762ca,ahoufe nku ne adwen nso nku 🤣🤣🤣🤣🤣,44,45,63.0,positive,positive,positive,positive
868f49be-ffbd-4cbc-8682-2e8e7dc14fe1,lol barca dey suffer but juventus dea eii team na asa saa no,44,45,63.0,negative,negative,negative,negative
50e21eb3-55ce-4c1c-a31a-c35c5650accc,me ne wo yɛ adwene 100 wei deɛ ɛnnyɛ kotoko ne hearts nsɛmsɛm biaa🙆‍♂️,44,45,63.0,positive,neutral,positive,positive
c973e8a1-4cb3-4f0c-b69c-1d983b58941e,waaa wei y3 de gye grammys 🤣🤣,44,45.0,63,negative,negative,neutral,negative
ff0c1030-d62e-4975-9b62-4e3458010c3a,yɛnso yɛ mrɛ nie 🤩😂,44.0,45,63,positive,positive,positive,positive
613203fd-eecf-4ac3-9690-a0f4acb232e8,wosii yesu kristo nkoaaa na b3 y3 de3n,44,45,63.0,positive,positive,positive,positive
fe9e9cc2-4380-44fb-be69-5f673a19b16f,sɛ me tease na me nnwui a na ɛyɛ nyame sɛ apem atete agu ɔmo atete atɔ na mewɔ nkwa dea a ɛnneɛ aseda sɛ ɔno nyankopɔn nkoa,44,45,63.0,positive,positive,positive,positive
7c2bf466-c36d-455f-9ab0-069cf0fe5fb0,skin pain siaa man sua nyansa na gyae gyimie nu wae,44,45.0,63,negative,negative,negative,negative
cc66068b-1906-4558-b21b-e6f200a38a79,anka me ah anka mo yey3 me mmoa,44,45,63.0,negative,negative,negative,negative
f7545863-3b54-4215-bef7-823641d7608e,you looking muah 🤭🤭 ahoufe de3 nyame aky3 wo bi ❤️❤️❤️❤️,44,45,63.0,neutral,positive,positive,positive
b94739f1-b483-4827-a2fe-950766a1f9e3,kwesi arthur ɔbɛ rule wiase nyinaa,44,45,63.0,positive,positive,positive,positive
20215d5b-abe0-4102-99dc-b31e1ccbb315,chocolate week nso a bite kraa menka bi,44.0,45,63,positive,neutral,neutral,neutral
23d2733d-0ec0-4aa2-af25-8644fae5805f,🤣 🤣 he fool ankasa gangsta paa nso ooo,44,45.0,63,negative,negative,negative,negative
23b85e9a-3e6c-4c8b-ac74-8155c7436dee,1st tuesday in 2021 p3 abena bi na dzi oooh yoooooo,44.0,45,63,positive,neutral,neutral,neutral
0a4ee45c-18c6-4907-803b-a9d292496aea,wabon paaaaasabone mu pro max,44,45,63.0,negative,negative,negative,negative
05c83282-d564-4ef1-a4cc-c953e5dcbe8d,😲gtgtgtgtgtgt banku ne fish 2 cedis 😂😁💔,44,45,63.0,positive,neutral,positive,positive
3706f7e5-0e26-4275-a111-7b4c773d1489,kyer3 s3 man na as3e forken,44,45.0,63,negative,negative,negative,negative
743d989a-74da-4854-bb3c-f93214d987e7,lmao ei pearl na wo fr3 woha🤣🤣🤣🤣,44.0,45,63,positive,neutral,neutral,neutral
05248667-442e-4278-a54a-47c2b7fb81bf,masa gyae na wonyansasem wo fom,44.0,45,63,negative,negative,negative,negative
9e0d739c-6979-4894-8d91-19334386fb8a,happy birthday world best rapper mr michael owusu addo aka kabutey🎂 nyankopon nhyira wo daa daa,44.0,45,63,positive,positive,positive,positive
ad0c45c6-a33b-4387-8562-54a3676069ba,pɛsɛmenkomenya nti na onipa brɛ,44,45,63.0,positive,negative,negative,negative
ceb49874-2396-4b5f-b080-1c7b7c477703,nana wote as3m ho oo boi🥴,44.0,45,63,positive,neutral,neutral,neutral
0bfb6a60-8d55-4734-a71e-fe85cae1b8de,eiiiii saa computer 💻 obaa de3 agyi bono oooh 😃😃😃😃😃😃😃😃😃😃🙏🏻😃,44.0,45,63,positive,neutral,neutral,neutral
89de0106-be0f-4160-afb6-1da915c8d00a,ka na ka boom😰🤭,44.0,45,63,positive,neutral,positive,positive
4cc763b4-7765-4a7a-81fd-f2bbf2c6fe76,3toc gye aman 3toc yi akwan😂😂,44,45.0,63,positive,positive,positive,positive
c9fe006d-205d-4f2e-8182-232762516727,me din aka mmaa no tes3 lipstick,44,45,63.0,positive,neutral,positive,positive
3f29b98e-b069-47ac-b2d6-6389b149b633,wote ejisu 3pe light masa fa won dede da na ahodwonhyiaeso nyinaa aye sum 🤣🤣😂🤣,44.0,45,63,negative,negative,negative,negative
13dd21f6-9d1c-466a-b4d0-a79604275b71,hahaha haha 😂 😂 ɛnti wo pɛ me eh,44,45.0,63,neutral,positive,positive,positive
66f78d0b-c007-476d-b90c-87a922d3d4f7,no visa to find a caribbean babe fa hooki me anti akosua,44.0,45,63,positive,neutral,positive,positive
6f56fceb-0a58-4869-9d16-21959df7f38b,abigail boateng ho twa ankasa ahuofɛ paa nie 😍😍😍,44,45.0,63,positive,positive,positive,positive
e2a91b23-d18f-4782-bfac-2da29cd1766f,bossu kwadaso forbes anaa,44,45.0,63,positive,negative,positive,positive
dd7fbea5-5308-4d57-8511-67a4ebae02d9,saaa thread yi bon 🤧🤧,44,45,63.0,negative,negative,negative,negative
083981bc-a6eb-42ec-b874-18c2b43e2148,sunsum nni wo bio ne mu sorry,44.0,45,63,negative,neutral,neutral,neutral
eb5e9358-8739-48d7-9d40-87ae9ca000fe,messiah deɛ ɔnim bɔ o wodi agorɔ a ɔbɛyɛ wo pasaaaa,44,45,63.0,positive,positive,positive,positive
2822c2ae-fb87-43ba-a48f-74b314d06bbe,sika nti ohiani dɔ ne ba koraaa ɔnhu,44,45.0,63,positive,negative,positive,positive
b7877a00-ef75-46f2-9a72-dd4d19d62e72,wo pɛ chacha oo,44,45.0,63,positive,negative,positive,positive
e17a89c6-2b9b-44b0-8ef5-ebf41f15a372,see head akoa wei ti so papa ne ti kakra se global warming,44.0,45,63,negative,negative,negative,negative
e7404cf1-bd40-4dc3-89e9-2f1293f38ba8,kwaseakwa android ne ycnkcn ne apple,44.0,45,63,negative,negative,negative,negative
108b63be-fe59-43a7-b9f4-487b26763d4a,egya no asɔ kumooo🔥🔥🔥,44,45,63.0,positive,positive,positive,positive
3a8c3493-b27d-4a96-bff5-c0d30c5db2f8,mo amini aduro wei saa adɛn,44,45.0,63,neutral,positive,neutral,neutral
d7fb3a27-ef61-4fd9-8219-d799bb2b8417,biibiaa b3kc so wc kumasi 🔥🔥,44,45.0,63,positive,positive,positive,positive
4e3735e3-01af-4d65-a8bb-eee4550a30dc,guru de3 no y3 mfante dokono paa ooo 🤣🤣🤣🤣🤣🤣 1057fm,44.0,45,63,positive,neutral,positive,positive
5b559780-6780-446c-bb8b-a0c057c22322,herh rockstar gyae gyimie nu wai seb3 wele kontomire too dey kanye west song inside arh,44,45.0,63,negative,negative,negative,negative
24c483c6-1084-4a02-a15c-454146e3e1d9,s3 shatta dede o s3 wana nu oto tramadol ehu b3l3 bi,44.0,45,63,negative,neutral,neutral,neutral
96f4b2a5-cbb8-44f5-b35c-38e2c6b201c5,is me opoku kankam,44.0,45,63,positive,positive,neutral,positive
0965966c-e45f-481a-9e33-8f045cc5affb,ras nene no wagyimi anaa 😂,44,45.0,63,negative,negative,negative,negative
0878c838-8cd1-4ee1-8112-2bbad38b51cd,masa masa keep co 3te saaa wo baaabiaaaa,44.0,45,63,positive,neutral,positive,positive
e83f706f-ead2-4fcf-af79-b9691275266a,seisei de3 reverend father nso de ne ho agye mu bi ooo h3333 ewiase ehu oooo,44,45,63.0,positive,negative,negative,negative
8da6cffe-2d7f-4d1d-b33b-4a7ab3af5c1b,eyi dze m3ba ab3tei bi live,44,45,63.0,positive,positive,positive,positive
f4eff309-8c49-4dea-a61c-4611e512f5da,nti fa wo sika nyinaaaa ma omo,44,45,63.0,positive,positive,positive,positive
e62706ae-84a0-416c-8c05-7598ea1c68d0,adjiringanor rent dier cocaine sika na yɛde tua o,44,45,63.0,negative,negative,negative,negative
0d60cb88-10bf-4bdf-a774-b9169549375e,😂🤣😂 ei dey funny me sef bro,44,45.0,63,positive,positive,positive,positive
8a162bd1-3cd2-4da6-a346-651591ee562a,gyimie kasa saa offui,44,45,63.0,negative,negative,negative,negative
70a59a1d-f17d-4b79-b811-204fcb7e1d6d,akɔla ni hu yɛ tru,44,45.0,63,neutral,neutral,neutral,neutral
4458b0fe-97c2-4243-ad2d-a67c7e584bc2,eeeii berma saa momm enfa wai 😂,44,45,63.0,neutral,neutral,negative,neutral
3607d852-891e-4db7-89b1-ecd5e5ca2148,good morning krobea kumasi asante kotoko wo kum apem a fa b ampesie 🔥,44.0,45,63,positive,positive,positive,positive
c14b986c-13b5-4a04-a50e-f30dd61294b3,ma me sika na gyae dede no,44,45,63.0,positive,negative,negative,negative
6cbe085e-ecd0-4607-9500-fd765e83e762,ebi eedi odo no na ebi nso eedi dokono,44.0,45,63,positive,positive,positive,positive
2f94a86f-34ae-4fa1-b76b-4473c1bb48d2,life is war ɔbra yɛ ɔko wante anaa,44,45,63.0,positive,positive,positive,positive
1ec9dc2f-733d-440c-be8a-b17ef42da87e,wo sore anopa a fa ponko ko edwuma wai,44,45.0,63,positive,negative,positive,positive
818e097b-24a4-4daf-bb7d-a6bc6928acbc,speeddddddd dierrrr enoaaa ne bmw,44,45.0,63,positive,positive,positive,positive
1bebc9e6-ca44-4002-a0d2-7e83d1308565,arsenal defense no deɛ sɔneɛ paaaa ooo,44,45,63.0,negative,negative,negative,negative
f2821a74-0c3c-4233-b497-bad5c9d8240e,fa hooki me ee😫,44,45,63.0,positive,neutral,positive,positive
61745f53-deeb-484d-b640-46f2d92f77bf,odo nti ka me🙁,44,45.0,63,neutral,positive,positive,positive
233afd8b-1c74-4fd6-8a6d-baeac322f9aa,hajia bintu anaa meebodam,44.0,45,63,negative,neutral,negative,negative
b0cf29f3-fa7f-4e06-a70b-3048a9d26c1b,oh ka bi ka ho erh 😂😂🔥💔 he be jon pass,44.0,45,63,negative,negative,negative,negative
ea8de128-3cab-4f17-a13d-fc6e8e31a3d5,ma me boss ɛdin ɛnda,44,45,63.0,neutral,neutral,positive,neutral
b19588b9-0270-4a0a-be82-c81b2c88a041,ne nyinaa yɛ kama,44,45.0,63,positive,positive,positive,positive
7791b0b3-707b-438a-b42b-eaebdc44dd64,date rush hw3 nso 3y3 force😂,44.0,45,63,positive,neutral,neutral,neutral
b862941e-30dd-40c0-84d7-05ae1ee2065d,me na menko na awia nk ku me,44,45,63.0,negative,positive,negative,negative
099b079e-75c5-4a60-b961-38807820cb22,y3 de wo sie na wopue,44.0,45,63,positive,positive,neutral,positive
f3c50a1e-3b3b-421b-acab-ad28942de2b5,3firi s3 onyame na adom ara kwa na wo te s3 nea wo te 🙏🙏🙏🙏,44,45.0,63,positive,positive,positive,positive
1dbfd06e-f690-4472-b7b7-b49c9f16668d,wo ankasa ey3 b3l3 ewi ewiawia goal keepers hn ball ewia wia so a na ahy3 jon,44,45.0,63,negative,negative,negative,negative
f13bb153-7f34-4f78-8a0f-9e3b7fb776c1,its just been turned na wagyimi dodo,44.0,45,63,negative,negative,negative,negative
f2b99550-18c7-4d2a-aa15-855b5c7a0aa6,y3de y3ho agye mu,44.0,45,63,positive,positive,positive,positive
187448a5-6d34-4236-b84d-eb3f69a23ad1,yaa pono dey insult kumasi musicians after beyonce wo ni kumasi fu ne 3y3 track,44,45.0,63,positive,negative,negative,negative
77559f17-0049-41d1-bb2e-fd1e98e24534,mo gyegye nipa so wa ha papa eiiii,44,45.0,63,positive,negative,positive,positive
8d50a6b1-2041-4bb1-923c-fa04276b5af4,hei gyai nkurasisem nu na coachella noe be hit gyimiii u dey understand hit song u people di33 everyday biaaa na mu de gyimie nnu su nam mu saaaaa 🤣🤣🤣,44.0,45,63,negative,negative,negative,negative
3abdc6b7-a1fe-48ca-bdaf-d3cff31970f2,kwabena ka na ka biom asem oooo,44,45.0,63,neutral,positive,neutral,neutral
3cf959d6-08d0-46f4-a66c-604cea966bdf,hw3 gyai y3 b3 ma ghanafo nyinaa visa except trump fans,44.0,45,63,positive,positive,positive,positive
51918ddc-7742-409f-9915-1ef5e9810ab3,enti jm deɛɛɔnyɛ father anaa 😢😢,44.0,45,63,positive,neutral,neutral,neutral
b9addd40-77a0-4fb8-a325-1ee3f1b92dc1,okunini wonti mebe tweeti koraa na mesuro,44,45,63.0,neutral,positive,positive,positive
45c28abe-ecf6-4be4-ba6d-41627db04c63,me pant nyinaa af,44.0,45,63,positive,neutral,neutral,neutral
131af1b1-a9a3-4974-9921-082a90c43627,menhia nanso wo nyansa wɔ akyerɛ,44.0,45,63,negative,negative,negative,negative
a091df51-fe88-4746-b991-283cf4d97796,frenchnii nso deɛ nka date rush fa wo ho bɛn sabastine,44.0,45,63,negative,negative,negative,negative
7f3de47e-795f-4972-abac-a62d195d4f34,ashi me paaa ah,44,45.0,63,neutral,negative,negative,negative
094bb80e-9e9c-4e7a-85d4-ba35067ba1d1,nti seisei ne kora kora ne sen 🤨,44,45.0,63,positive,negative,negative,negative
aa2bf9a6-c453-4030-bc81-d53c2d5437c7,charle na ma so ay3 shi,44,45,63.0,neutral,negative,negative,negative
cf15f43a-a91c-40b6-bc4d-532cd15b3551,ana de armas man wtf,44,45,63.0,negative,negative,negative,negative
96230721-c3ff-4205-8ef5-660f04d84107,utterly ridiculous and nonsense coming from graduates gyimie sei yiaaa,44,45.0,63,negative,negative,negative,negative
3b890cb9-9e49-4fc2-8713-e8f4c34c27ab,boys gyidie nyinaa finish,44,45,63.0,positive,neutral,positive,positive
ff94a58a-d3ed-4b36-81be-832f473e7b59,mmaasɛm deɛ me kyini papa firi sɛ ɛma sika sa ɔbaa wo ne no bɛ bɔ bra nso no ɛyɛ a yi papa sɛ ɔkunu bɛ yɛ yie a ɔyere nti a nti wo nya yere pa a ɛyɛ a bu no,44,45,63.0,positive,positive,positive,positive
e4d2534f-1769-47a0-a58b-ff25ba58717d,masa woy3 bi na gyae me😂,44,45,63.0,positive,neutral,positive,positive
9d42f975-b3eb-449e-8bfc-6ac27defbb28,dont rush de koumassi,44.0,45,63,positive,neutral,neutral,neutral
b550c0a5-3d05-4562-baef-813ff40d1d81,4 mooooore anaaa wose me ti tes3 kwadu 🤣,44.0,45,63,negative,negative,negative,negative
44045366-b1fd-48ba-b9d0-e6a1abd38c24,massa go watch pogba na gyai gyimi nu,44,45,63.0,negative,negative,negative,negative
2a28bd13-57a9-405c-92b1-c6e5c77fd3d8,me faa wobotom ooh😂😂🤣,44.0,45,63,positive,positive,positive,positive
d585b69b-055b-4569-b5dd-31a7cfb1a536,boadu nti ɛkɔsi sɛn kurt yaanom hyɛɛ baako boadu boss adeɛ no deɛ fa cup naa na ɛwɔ sɛ mogo moho mayɛn na yɛhyɛ mo na yɛgye kurt hwɛ hahaha theyre still having conversation as im speaking to you 😀😀😀😀😀,44,45.0,63,neutral,positive,neutral,neutral
bb7effb6-2434-4bc5-81ac-4865d1b622f6,love kakraa computers kakraa sika kakraa i miss you kakraa family kakraa boys kakraa vibe kakraa nyamesom kakraa gyimie nso kakraa mea me nie oonothing i get,44.0,45,63,positive,neutral,neutral,neutral
bf1f0801-0f30-4152-a8fc-6616a1c0ef48,awo gyae na life no de3 ehia ne paper no🗝️,44,45.0,63,positive,positive,positive,positive
82288bf8-96bf-422b-a1ce-c762c28a0310,wo brɔfo da fɔm,44,45.0,63,positive,positive,positive,positive
a262d9e4-7115-44c4-ae7e-29d5311eeb26,nkokorafuor no 33di y3n girls yi,44,45.0,63,positive,positive,neutral,positive
774e870c-9e47-401c-9e44-d5005b1bd88a,nyame hyira wo a watanfo dso,44,45.0,63,positive,positive,positive,positive
78b88683-2807-4182-b574-e1e93222a661,aden mede3 me nka ho anaa,44,45.0,63,neutral,negative,neutral,neutral
ca036cba-8320-4cf9-a217-df2e378747ae,akoa no anya appor,44.0,45,63,positive,neutral,neutral,neutral
30569506-61d1-4f30-8f0c-1b6983958325,eeii bossu obaa nti wo ka nkwasiasem 🙄,44,45.0,63,negative,negative,negative,negative
2b675c7f-59d3-42c2-8189-7d81906ee963,wo nka sika sem aa wo voice tone koraa y3 funny🤣🤣🤣🤣 king saark,44,45,63.0,positive,positive,positive,positive
f54085b4-3ac7-472e-afe0-35a51e281aaa,ɔmo nso nim sɛ wo trappi nnyɛ nnɛ😂,44,45,63.0,positive,positive,negative,positive
9abd3508-53f3-46e7-9f1f-624fade75e7e,eb3fa try na hw3,44,45.0,63,positive,positive,positive,positive
bf1ba85b-ee9e-44ad-9efe-706b11e63e17,as3 yab dam nanso yani da h,44,45.0,63,positive,positive,positive,positive
ca870a30-7848-411a-9487-19f0286b74de,wo dier wo nkwaasem sei aaaa,44,45,63.0,negative,negative,negative,negative
c61f6410-684b-492f-915f-70898715b36b,gyae gyae na woboa,44,45.0,63,neutral,negative,negative,negative
05674f16-cf94-4835-bce9-e48079274c49,dr dr kofi agyapong nyame nhyira wo bebree,44,45.0,63,positive,positive,positive,positive
fd71572a-5d39-4108-bd84-3edc887b334d,gyai ayie se3 no na y3 oman no de3 woawuo de3 woawu na aka yenso,44.0,45,63,positive,neutral,positive,positive
097b42d5-6c3f-4a5f-b85e-d2f680b4cc21,wo yɛ barima a bɔ ne din,44,45.0,63,positive,negative,positive,positive
ad00c850-7d49-48f5-b688-04f5c9187844,asante kotoko chanceeenanso goal kick,44,45.0,63,positive,positive,positive,positive
e758959c-ca53-4235-93a1-4d7ba0d96254,ow nti kabutey dier nka hon bi anaa 😂😂😂😢,44,45.0,63,neutral,neutral,neutral,neutral
d6494eef-e66c-411a-a172-70920daf89eb,abeg enye me o,44,45.0,63,positive,positive,neutral,positive
2ec6c0a0-120c-49bf-82eb-cfe0e0293dfb,fyn girl 🌹 aaa wagyimi de3 hwan na b3ya 😁,44,45,63.0,positive,negative,negative,negative
f706f1ce-a505-48bd-8ec3-a9f7bb81e522,enti de3n na yebedi,44,45.0,63,neutral,negative,negative,negative
6a6a087f-daa5-4c0f-aaa4-1a27017d8b42,rashford diɛ sɛ jon,44,45,63.0,negative,negative,negative,negative
84e0ba36-16b1-447b-9742-671f1f3540c7,yɛreyɛ ɔsom kɛseɛ anadwo yi nbs break n loose by morning na lipool get abt 2 injuries 🤧,44,45.0,63,negative,negative,negative,negative
13294f1a-6479-4827-8cc2-49f63447539c,arh kofi nti team wei yɛ supporti,44,45.0,63,neutral,negative,negative,negative
faf3cc8a-60b7-419d-83d9-9fb3a7cdd5de,eiii matilda meho koraa adwiri me,44.0,45,63,negative,neutral,negative,negative
b772a1b5-ca9b-42f6-85b7-5ebb83061917,woa renti ooooonti b3tua saaa tax no,44,45,63.0,positive,neutral,positive,positive
f945163c-8a0c-414b-b72d-ce44f0b85a19,fa no saaa aboa,44,45,63.0,negative,negative,negative,negative
1bbebfb4-86e1-49c8-a806-d720189f314b,kwadjo kwarteng wompɛ me yie anaasɛ deɛn 😂😂😂😂,44,45.0,63,positive,negative,negative,negative
c8c7b6c7-05c9-4d22-af60-9e4f8c6407ff,shatta bandle nso b3kum nipa ooo 😂😂😂,44,45,63.0,negative,positive,negative,negative
f9f3f564-10f1-4aea-b68f-8abc0eb47ced,nyame betua wo ka siaaaa 😂,44,45.0,63,negative,negative,negative,negative
47c295c6-31e1-4c1e-ac0e-7008db0f37ea,gyama woyale k dwonsor na da 😂,44,45.0,63,negative,negative,negative,negative
b7e8e650-9482-43f4-a07a-109f18ce1bd5,adwuma no asi blacko to the world 🔥🔥❤️👑🌎,44.0,45,63,positive,positive,positive,positive
58a941d0-95ca-4992-9a6e-c0c0741ca34c,legon foɔ deɛ adwaman twa mu a ɔmo ho bɛkyere wɔn oo ei😭😂 ewiase nyinaa hookup girls gu hɔ😂😂😂,44,45.0,63,positive,negative,negative,negative
d4a460d0-c34d-4333-88b3-09cab150f3ce,cindy kraa wo ho y3 f3 na mi de3 kyere,44.0,45,63,positive,positive,positive,positive
79dc4c8c-0070-424b-8ebe-8842e044c45b,you spitting facts bro yɛntete sika wɔ dua so sika yɛ mogya,44,45,63.0,positive,positive,positive,positive
1a39935e-c693-469b-a5ef-3dd211f4106a,arrhn ei mo na mobl3 o,44.0,45,63,negative,positive,negative,negative
51715ea8-0b2b-4322-864f-c42ae0e20e46,lmaoo life ankasa yɛn pree oo,44.0,45,63,positive,neutral,positive,positive
702db7aa-8b73-41b5-986d-90d371ea528f,akosua nhyira you mess me up,44,45,63.0,negative,negative,negative,negative
3644bf84-bedd-4d60-99b9-ef291f8eaee8,time for praises🙏🏽 🗣️ faya k wakyi kakra what shawa sayyy k wakyi na k to nwom nu bi unto the 🗣️ waaaratu dayy 🗣️ faya k wakyi kakra k wakyi kakra na afei what shawa sayyy 🌝,44.0,45,63,positive,positive,positive,positive
f3f7abc4-f614-4600-a537-73a620e756e2,mi gyina mu s3 abeele abaa serious,44,45,63.0,positive,positive,negative,positive
a159c802-87eb-42ed-96b3-6c6a904938f7,lesson na daben na b3je pains aboso,44.0,45,63,positive,neutral,positive,positive
aa8805fe-f6ef-4421-8be7-e49ad41d9ad8,herhh dortmund nyame b3 tua mu ka paa,44.0,45,63,negative,negative,negative,negative
151bd298-4708-4aad-a076-057161a7a8ce,ahbarcelona paaammoa nni sikananso wcp3 top players😂😂😂😂😂,44.0,45,63,negative,negative,negative,negative
ca042268-f584-4077-af80-2e076e3375e9,so so kwasiasem nkoa,44.0,45,63,negative,negative,negative,negative
a2572523-40ff-4155-8066-bee7100bbce4,fa saa time no di jollof,44,45,63.0,positive,neutral,positive,positive
b92fb150-eef6-4877-8d8b-23a0621a7501,wohunu ahoufe a wo gyimi da 😃,44,45,63.0,negative,negative,negative,negative
fd6dcb6f-2cfd-42af-a89e-c62fb3049e0b,ohene nyame nhyira wo daaa🙏🙏🙏🙏,44.0,45,63,positive,positive,positive,positive
82437316-6131-4bad-96c2-6297d898f71a,hmmmm nyame be tua mo nyinaaaaa ka abruour ne bayie no nyinaaaa b3br3 paaaa nsa moawu,44.0,45,63,negative,negative,negative,negative
f5268a1b-6a9b-49e4-aaad-65b8efa14b43,s3 bayifo tu s3 s3n koraa eny3 ne ynko ne gari 😇😇 good evening 👍 to wiase,44,45.0,63,positive,negative,positive,positive
fc7c606f-766d-4e70-8544-edc3dce94336,papaaapa😂 cs3 wo p3p33p3 👍🏽,44,45,63.0,positive,neutral,positive,positive
5a125383-643f-417e-8ad0-0fb95fe210ce,bie akoma no mu mame❣️,44,45.0,63,positive,positive,positive,positive
dc0d37d6-b4b4-4b54-bc31-8d352ad85abe,wu diieerrr gyina hor dwaman honhom wu fie fuoo y3 wu aahh wo si mm33rima p3 wu,44,45,63.0,negative,negative,negative,negative
4625518a-afb3-4a35-a1d7-3fa930495f96,wode b3 cheati de3 nka masturbation y3,44,45.0,63,positive,negative,positive,positive
6118ef08-eb3a-41b8-88e5-f651cf0c1abc,ei na wo b3 ka s3 wenni yɛ wo ya 😂,44.0,45,63,positive,neutral,neutral,neutral
58d5be3e-a678-4207-bf2e-36f79dbf82f3,reality check be what lol y3ti sika so 3nso,44,45,63.0,neutral,negative,negative,negative
4230a714-b922-4fc6-9866-e7446cd82868,sark wogyi pass na gyai good boy nsem nu 😂😂😂😂,44.0,45,63,positive,neutral,positive,positive
33b764e9-4dec-4951-a0f6-3c2f34986c1c,na wo woho bi,44,45.0,63,positive,negative,negative,negative
6db1c3bd-4518-4b03-8756-6af96f186315,dear lord 🙏make mah galfrnd no menstruate on 14th february ooo any3 saa mogya 🛑 no mu na 🤨😁,44.0,45,63,positive,positive,neutral,positive
c6519c75-6a2d-4bc0-82cc-8ff7e653fa44,yɛsu kraa yɛ gyae hem sister,44,45,63.0,positive,positive,positive,positive
ff6c2885-7adf-4669-94bd-0d6498578900,charlie chaplin afeide3 wo b nnwom hard,44,45,63.0,positive,positive,positive,positive
49ae4178-8dad-49b5-9e59-27430f07a5ae,😂😂hw3 me ny3 dbee,44.0,45,63,neutral,neutral,neutral,neutral
127873cc-cb65-4139-a5f0-43cea3978545,agoro wɔ nani so sene super mario,44,45,63.0,positive,positive,negative,positive
b5b95247-44ce-4029-b8d9-e02b7660c16b,bossu nhyira nka wo,44,45.0,63,positive,positive,positive,positive
e176aa81-6e3e-4986-a374-144903c0176d,don naa nie don biaa ni akyere how many times na menka nkyere wo 😎👑♥,44.0,45,63,positive,positive,positive,positive
111121ab-2096-4a89-80bb-72ff611abd1e,you dont wont this akap3la so what do you want tell me politics tweaaaaaa aka 😡😡😡 m3 tena anwea mu 3di agora s3 akwadaa,44,45,63.0,negative,negative,negative,negative
5c1876d0-62fb-4695-9821-7eb067cbdde6,herr k na fr3 no bra 😂😂😂,44.0,45,63,positive,positive,positive,positive
da99ff25-7dd0-472f-8bab-a937727edfdf,wanya ho at tsofi capo wo de3 3h ay3 den aa y3nswappi na bra ha wai medaase,44,45.0,63,neutral,negative,neutral,neutral
6fe90550-5637-447c-b48d-ec078bbc20c5,ewurade ɛnyɛ wo anka 😂 herrh see my my young guns 🦅,44,45.0,63,positive,positive,positive,positive
cec934d3-ba13-4113-b340-dc3aaaf1bdcb,na yɛdeɛ covid fa yɛho bɛn 😂😂,44,45.0,63,positive,negative,positive,positive
60a2589a-b189-4ea4-95e7-8169022892f2,mpaninfoɔ se sɛ ɔsono tia afidie so a ɛnhwan rwanda ankasa ɛwɔ sɛ mekɔ bɔ me ho adwaa wɔ saa kuro no so waaat akɔnɔ akɔnɔ nkoaa ~ sponsor me wate,44,45,63.0,positive,positive,positive,positive
b375ff9b-e97a-4994-9354-706fa76bfc73,ka kyere me s3 mabodam preko 😂😂😂,44,45,63.0,negative,negative,negative,negative
b757a446-0440-409b-a51b-077007af7937,nanka y3n ka d3n 😂😂😂,44.0,45,63,positive,neutral,neutral,neutral
5e3df060-111e-4e48-911d-f46e75bbc500,one minute biaa na beef na mu eiii akosua toolobeef 🤣,44.0,45,63,positive,neutral,positive,positive
aa2d9dbd-fc9d-47a7-b47d-06aed17ea8f7,awurade ne me hwɛfo 🙂,44,45,63.0,positive,positive,positive,positive
a3f62ced-39dc-4f1f-949b-60db18518a36,y3 na y3 bl3 oo 😂😂😂,44,45,63.0,positive,negative,negative,negative
6d89f4d7-b4f5-4227-980e-0306157abca8,br ne bayie nti na me supporti man city,44.0,45,63,negative,neutral,negative,negative
8c0bc033-0780-456e-ad4a-1fb3cb6a1b4f,aden sika nahye mr rich and handsome,44,45,63.0,neutral,neutral,positive,neutral
36536437-6122-4a8b-a5fc-ba5237ca1a6d,ei woob3 p3 asem ama mi wow,44.0,45,63,negative,positive,positive,positive
cbb3b209-470f-4d18-bdcc-5f5c63d0f6c4,madam madam madam gyaiii saa wai,44.0,45,63,positive,neutral,neutral,neutral
39c7a383-a34a-4916-b288-cfb70760ff8d,🎬🎷onyame adwamma 3x onyame adwamma no a wɔkum wo wofata wofata odwamma a wɔkum wo 2x 🎬🎷🎻,44,45.0,63,positive,positive,neutral,positive
8d6b8943-7199-4116-811e-3e633efa2242,ei sisiaa yi herrr kte3 y3 aboa 😭😭😭,44,45.0,63,negative,negative,negative,negative
c8d4a65b-48c8-452b-ab41-79ad17908511,ay3 ka 🙆‍♀️ kwasia team sei lfc,44,45.0,63,negative,negative,negative,negative
81486703-4166-40d4-a896-a3b8bc17f323,mo de3 mo de b3ba de3 3ky3n kuro yiit matters wai 😎,44.0,45,63,positive,neutral,neutral,neutral
4da7d3ef-6642-4ec4-8263-9f1d7002409a,nyame b3tua klopp ka papaaapa,44,45,63.0,negative,negative,negative,negative
0553174d-6bfd-451d-82d4-6a4236f07393,our a artistes sef nkwasea nwom nkoaaa wo maame tw3 putuu twofonta nkwasea nwom saaa😂😂😂,44.0,45,63,negative,negative,negative,negative
b68058b4-44a1-4a14-b3ac-f785bd5ea5ca,3tam no mara na me twa 3,44,45,63.0,positive,neutral,positive,positive
df9f0595-e7ef-4b00-9b8e-3af881c0521a,wo haw ni sen,44,45.0,63,positive,positive,neutral,positive
6a94dc66-597f-4dfc-9d0d-a4f125503c6e,enfa bi da bra 🤣🤣,44,45.0,63,positive,negative,negative,negative
0a270819-35b9-4707-a062-001faaedc286,herh leipzig 😓😓✌️ onyame betua mo ka paaa😹 mmoa💨,44,45.0,63,negative,negative,negative,negative
ec1ae747-b9a9-45c2-a577-b92483f0a7c5,ei asi enti min ka ho bi,44,45,63.0,neutral,neutral,neutral,neutral
f188b3a9-ac23-4aaf-a076-eb147d4c23d0,akoa wɔ adwen k3se3 he want blow,44,45,63.0,positive,positive,positive,positive
6aa30537-73d5-4360-8e7d-5b1b501830e0,y3te sika so nanso y3 sre sre sika100ghs,44,45.0,63,negative,negative,negative,negative
e4de891d-5bed-4b0f-8bbb-c3674f5003ed,s3 wa te ase3,44,45,63.0,positive,neutral,positive,positive
85ff8f45-7453-4dfd-bd29-e33817ceb208,aniwuo aka nnipa bebree 🤣🤣🤣🤣🤣🤣🤣🤣,44,45,63.0,negative,positive,negative,negative
63fd01a5-3a68-455c-903b-bd447eed8d3d,wogye obi boy ne y3 😂 fear women ampa,44,45,63.0,neutral,negative,negative,negative
a005edb2-c78e-4171-bac2-e830262297f6,woa wo kasa mekyi aa wontumi nka m3nim woy3,44.0,45,63,negative,positive,negative,negative
84911917-2308-4bdc-848c-e4af89ce8619,ka ma yen sere 3de gyimie na 3nam,44,45,63.0,negative,negative,negative,negative
cf81052a-2235-4703-b5b4-6ab32062bb2c,chaa send me momo eeh,44,45,63.0,positive,positive,positive,positive
f8ba96c2-ec5d-429e-91f0-1acb754bfc51,agenda fa ma wo sei deɛ wo nfa nkye kraaa,44,45,63.0,positive,positive,negative,positive
6be93fb9-7835-4b8a-ba28-63fb64f79381,na s3 ctc a na ay3 d3n😏😂,44,45,63.0,positive,neutral,positive,positive
b0b25c72-6b50-417d-9742-14ab79d2eeac,wodin nka ho tes3 class p adanfo😁,44,45.0,63,positive,positive,neutral,positive
e307372c-8440-4343-88df-93040936b34d,y3 bible mu nipa gyai no,44,45.0,63,positive,positive,neutral,positive
58015291-60da-484c-99a3-e712773b8ae9,ewiase nyɛ dɛ kakabo fc ayɛ mɔbɔ dodo,44,45,63.0,negative,negative,negative,negative
cbd036ea-51fc-41e2-af01-c8904d1c8c8c,eeii hwan ba nie🤔🤔 ɛna ɔka nsɛm hunu sei,44,45.0,63,negative,negative,negative,negative
3d30cbd6-74b0-4a7a-8287-6ca20c84d867,kaish adwuma nu asi 🤌🏿😁 × talks are ongoing 😊🙌🏿,44,45,63.0,positive,positive,positive,positive
d1555eeb-d6e4-45cc-961f-084944a1f99c,philip dier ong ne huŋ y3 me hiŋ tu😂😂😂,44,45,63.0,negative,positive,negative,negative
58feccae-b099-4f1e-b55d-97c733a58210,na houseofficer deɛ utag fa wo ho bɛn unless 🤔,44,45.0,63,negative,negative,negative,negative
b9e2fa40-285b-4bfc-911e-366571de13f7,way3 wo ti kakraka s3 pornhub fuor database 😒,44,45,63.0,negative,negative,negative,negative
2e95ffe1-61b3-4c80-8b14-32f0431ae5e0,twa me unaware baako wai,44,45,63.0,positive,neutral,positive,positive
4d6b7ed0-13fa-45d2-829a-5ac7e68acb3c,camera mpo tumi y3 nipa yie na awurade 🙏🏾🙏🏾,44,45.0,63,positive,negative,positive,positive
e48fd38c-375a-45cc-9fd2-6c092943de22,bibini agyimi aaa ma y3ti suit ni tie yanti hwee biem😂😂😂😂,44,45.0,63,negative,negative,negative,negative
115e791b-9439-4a54-b861-3bae789f1bfc,he is stupid wob3kum trom na woadware sasaduro de3 gyae ma onfa ne mosuo nk,44,45,63.0,negative,negative,negative,negative
f7aad106-2762-4e7f-ad6f-adcab9ba0586,fa watetee moa ɔha na deɛ me sane no ɛnyɛ bi ne nkyɛkyerɛwa 👌🏾🌋🌋🌋,44.0,45,63,positive,neutral,neutral,neutral
5810240a-3e3c-49f2-b72a-a20fcb4a006c,sua nyansa wai na sesiaa woyɛ celeb,44.0,45,63,negative,negative,negative,negative
ff6fe89a-28b2-41f4-a4e2-2993c6040169,ka kyere me s3 mabodam preko 😂😂😂,44,45,63.0,neutral,negative,negative,negative
ad3d3b2e-4a1d-4aab-a43c-37fe850d6341,wo ankasa ey3 b3l3 ewi ewiawia goal keepers hn ball ewia wia so a na ahy3 jon,44.0,45,63,negative,negative,negative,negative
d68ee7cd-0b96-4988-94c6-19c006f5c670,mstchew mo na mo br3 😀😀kafera,44,45,63.0,neutral,negative,negative,negative
2d868eae-7ab8-4c96-829e-0b6acf438a3c,mo nam hollywood na mo yɛ photoshoot mmoa,44.0,45,63,negative,negative,negative,negative
6f3f77c9-e15a-4506-8e8b-27192015cf92,mariano diaz no oy3 kwasia anaa,44,45,63.0,negative,negative,negative,negative
a931c890-302d-4e32-9abf-0cda49463706,bro ei go me ooh herh 😂😂😂,44.0,45,63,negative,neutral,negative,negative
2c8486f9-e783-42c8-8b2a-fdf5baccc8f5,baddest flows ever yes of course wo ka y3nte y3n nuu y3n ho nti nha wo ho wo nte y3 lista naase na wo se y3 kye y3n ho,44,45.0,63,positive,positive,positive,positive
9e6623af-1388-42a7-9431-42f06a75bfb6,jon who arrested the bost md nkwasia akeka nkoaaa na aka wo,44.0,45,63,negative,negative,negative,negative
61429c33-4c71-4399-9c4b-3c363af844d7,y3 ho y3 paaa,44.0,45,63,positive,positive,positive,positive
52f6a72c-92d0-4ea2-af27-be63d9c9eb54,wo taataa me ooh yoooo,44,45.0,63,positive,positive,neutral,positive
0e4f6b4e-d8f5-4e5b-9524-75a6f80573a4,asea 😂😂😂😹😹😹 wo dier b3ka kyere me s3 wo ti y3 wo ya anka wo b3 te,44,45.0,63,neutral,negative,negative,negative
423292ab-4cc6-461d-9db6-377921fe76c0,wabɔdam anaa wo trumu yɛ nkate nkwan aseɛ,44,45.0,63,negative,negative,negative,negative
ab474416-0079-4810-86ea-330977ad2669,eiiii so u everyday is no bra day whu wo nufu yi nso na asi be ti ase saa no,44,45,63.0,positive,positive,negative,positive
6b0afaf7-68f3-4bd2-a428-6a9dc94dca44,edible like nkatiɛ boga,44.0,45,63,positive,neutral,positive,positive
a5a67cdc-c80e-4a59-8adb-9c2875f4e9ba,somebody tell me barima a omfa ne yere akyi na kyr3 s3 onni sika sika na onni ntia😂,44,45,63.0,positive,neutral,positive,positive
7e929842-3259-4566-996c-f2e47bf064fa,ah ei pain me,44,45.0,63,negative,negative,negative,negative
bd55e2b5-df6e-4cb3-a8a9-32189c07882b,pls i want someone to explain dis in english for me y3kukuru mpo ni na y3b3soa and yaba na y3b3k,44.0,45,63,positive,positive,neutral,positive
32d32449-d55d-4be3-9beb-1bc6ef2b99b7,africa nie daabi da nti na bibini koraa b3 y3 den wo wiase,44,45,63.0,negative,negative,negative,negative
dad43f4d-14ed-4c2b-8cfe-dca8b041d53f,3ne3 y3 fr3 wo agye s3 wo anka,44,45.0,63,positive,positive,positive,positive
3c7c9631-0b52-43fd-be92-b0c650c44f68,ei christ in me,44,45,63.0,positive,positive,positive,positive
0a661d44-5eff-4e58-9612-4357e11027ac,kasa by heart dem figa we bi twolves erh,44,45,63.0,negative,negative,negative,negative
b4808b24-a9b6-42ea-ad0a-41f43cba2d3a,lol chale afe nkc b3to y3n 🙌,44,45,63.0,positive,positive,positive,positive
8d9a5844-ff14-4dcd-91b1-5bcf359a7b64,3y3 wo s3 mada wafutuo tantan no 3y3 wo s3 mafa,44,45.0,63,negative,negative,negative,negative
3f1fecc7-a2fc-49d2-ac8c-480ad3d6d26d,y3 ma midget broken heart ma ni y3 yie 😂😂😂😂,44.0,45,63,positive,neutral,neutral,neutral
dbd0eec1-a956-462b-bfc2-13aaa92fa411,to wit ɔkwasia nɛ ka sɛ yɛ de me yɔnko na yɛ ne me,44.0,45,63,negative,negative,negative,negative
321a3e23-6dd9-48b1-9de7-70c4638de962,lol chale afe nkc b3to y3n 🙌,44,45.0,63,positive,positive,positive,positive
1cffa630-3a91-47fd-8ece-5b9771fa1266,wo nni sika a mfa ohia nka nsem foo 😂😂😂,44.0,45,63,negative,negative,negative,negative
74098b62-cb85-420d-b31e-26eea39d7683,bra fie na bedi jollof 😀,44.0,45,63,positive,positive,positive,positive
21566b79-1693-4e0e-860a-ed50f73de601,opoku ware mo ma mmɛ sei mu ma mo 😊🔥,44,45.0,63,positive,negative,positive,positive
7d62063e-929b-44c8-b046-4d9c7ff387a9,sika de3 wo b3gye o nanso wob3 da gee,44,45,63.0,positive,positive,negative,positive
2c95d12c-6f82-4234-8489-2d4a242af3f9,verla p3 voltic bi nom nabra bio,44,45.0,63,positive,positive,positive,positive
b1791950-2cd0-4a06-8779-65a765cda5e3,osukuu nii wo deɛ a ne gaday we ma wani mpro nsuo😄😄 his wife sold the best rice on campus ne stew no anwa nkoaa nso woboa,44.0,45,63,positive,neutral,neutral,neutral
6967b74a-cac0-4ee1-8e7a-60c50af75c59,meti hɔyi menyɛ tininii nii na menyɛ han bɔfoɔ menhu sro da na men hu neɛ ɛsini wiaise ma anamon tuo nyinaa nte daa na makwan nyinaa nyɛ tii daa ❤️‍🔥,44,45,63.0,positive,positive,positive,positive
cfd1ba5e-6e5c-4507-b1ce-48901fee2ba3,nana nyame iyi dze mepawoky3w ma ompar me ei,44,45,63.0,positive,positive,positive,positive
3d39ac6a-feeb-4574-a8fc-c9040a5d1dd3,eeeiii y u bore so,44,45,63.0,positive,negative,negative,negative
f0bb7517-1322-424f-aa25-85cfdf97ac7b,karim benzema nyame nhyira wo daaaa🙏🏾,44,45,63.0,positive,positive,positive,positive
bacb4b5c-693c-46ac-a71b-0d4901c07a5e,syto mpo nie na international school kojo cue 2019 💡💡💡,44,45.0,63,positive,negative,negative,negative
18ace2ba-d0fd-471b-be72-2571ae7beabe,y3y3 asante mma asante kotoko wo kum apem ah apem b3ba 😍🙌🏿🙌🏿🙌🏿🙌🏿,44.0,45,63,positive,positive,positive,positive
3f6bdc2d-9b48-4502-9deb-40af5988db11,fight over a man nka me twa bet edi banku,44.0,45,63,positive,neutral,positive,positive
424e02a2-d0cb-4f84-83d9-f18a0845be08,ahomasoɔ bi saa na jollof mpɛ wo wiase yi mu oo,44,45,63.0,neutral,negative,negative,negative
28a6ad95-881d-40b0-b6f9-5f9971af10c8,send me momo masa,44,45,63.0,positive,positive,negative,positive
839bb485-9785-4c32-bc7c-fa72099524f8,and the su su su nso erh 😂,44.0,45,63,positive,neutral,positive,positive
ce44bcbf-6287-4df8-ae2e-f4104a6ab630,assakai residential nna ma okeka ho no,44.0,45,63,positive,neutral,neutral,neutral
b0f6f6bc-e315-4899-aefd-c1a4c030d4da,mapimso wo kumasi nti wohia confirmation 👊🏽 blaaaah,44,45,63.0,positive,positive,positive,positive
a0c417c9-bb38-4056-aa5f-437d6222b6f1,rich uncle fa gh30 no kyɛ no cuzzzz krom ayɛ hye roff 😂😂😂,44.0,45,63,positive,positive,neutral,positive
9375245f-658c-4722-8ef8-d622d55b6645,baako suro ayigbe mafia anaa,44,45.0,63,positive,negative,negative,negative
45b8890f-5ad6-4d1d-94ec-5394914b0849,a s a n t e w a a,44,45,63.0,neutral,neutral,positive,neutral
c5f893dd-aa8f-4c6d-b338-0f0c3bf92c06,akosua boatemaa asante for the eastern region,44.0,45,63,positive,positive,positive,positive
4656d9c3-cdbc-48be-a0a3-d6aeed3f1c24,odo asisi maso anso h a asa akatakata mani😫,44,45,63.0,positive,positive,negative,positive
5b48b26d-5fe2-4b6d-93f9-974bd4038c17,translation onum gyimie ne nkwasiasem ancpa yi nti nani kum,44,45,63.0,negative,negative,negative,negative
f6dc8259-2c9d-44a9-8db0-a02a3f573921,ibi real ma guy 😂,44.0,45,63,positive,neutral,positive,positive
aa43b803-fc94-4bfd-a7ad-ee4b44f89aa3,see you gyimii keka saa na kum wawu,44,45.0,63,negative,negative,negative,negative
5f0b9805-dd4f-44ac-9950-b832f4777d27,bɛrima aa yɛse no se nadeɛ atɔ nsuo mu no ɔbro jellyfish hwɛ✌🏾👑⛈️⛈️⛈️,44,45.0,63,positive,positive,neutral,positive
5843f830-c85e-44a0-a1f1-96b6630db2c8,😂 😂 oh kweku kanye dier s3 me nigga,44,45,63.0,neutral,positive,positive,positive
470fa170-1b9b-467a-9503-f819fdd1b584,ɔnyankopɔn apɔmuden mpaemuka kristo a ɔte me mu no ne ma apomuden ne daa hoɔden mu anidasoɔɔno ne mabrabɔ mu animonyam ɛnti nea kristo yɛ mame nyena yɛ me deame te na hoɔfɛ ne na nimonyam mu me da ne pɛpɛɛpɛyɛ adi wo kristo mu wo wiase yi mu animonyam nka awurade daa amen,44.0,45,63,positive,positive,positive,positive
617d7a9b-3af1-449b-bada-e9edcbb30273,saa saar no wa sa saa,44.0,45,63,positive,neutral,neutral,neutral
cd0461af-f958-4d6a-8280-378ad77550a3,ose ne maame twem😭,44,45,63.0,negative,negative,negative,negative
24344ea0-8c93-410b-89b4-3816be6c3783,3ny3 3no na ehia,44,45,63.0,positive,positive,negative,positive
aa1fd9c5-5a64-4c9f-a045-ecb74f0b27be,jesus na aba ena obiaa etonbi 😶,44,45,63.0,positive,neutral,positive,positive
d0dcc4bd-4405-4e6d-a3ac-5b6feb1fcdc9,fatima de3 s3 nka haruna nka wo de3 djato fa wo ho b3n,44,45.0,63,negative,negative,negative,negative
742ec663-7eb2-4079-ba03-e94a197108d7,nti vodafone fo k adwuma koraa k y3 de3n network basbasa bi sei😒,44,45.0,63,negative,negative,negative,negative
8530d345-2e5e-4e20-8208-bdcce7e0a62b,wa saa bone nso ka wobra ho🙄😹,44.0,45,63,negative,neutral,neutral,neutral
909d5bb1-6d99-42ff-93d0-0884516b488c,eiii koo nimo na adu gyamfi old boy de3 olag fo asem fa woho b3n🤔,44.0,45,63,positive,neutral,neutral,neutral
7f8e20b1-d218-4a60-b9c3-037c4c95e66d,masa fa wo gyimii k way3 s3 anomaa ba 3sane kura nkwasea din wei s3 trumu tia wahamu s3 light poll,44,45,63.0,negative,negative,negative,negative
799ce07f-d3ee-4ca4-8d76-adc0a5aa7fda,aware3 ny3 palm wine nyɛ adeɛ yɛ ka hwɛ,44,45,63.0,positive,positive,positive,positive
01798849-eb25-400b-bb08-06c4e106b49f,odo y3 d3 sen sika 😹😹gyimie kasa sei,44.0,45,63,negative,negative,negative,negative
c9e862f7-37ad-4e28-bd61-ec4076b74162,3n3 boys yi aba yi p3 kasa dodo nso cmo nnim de3 ewom radio god show them 🔥🔥🔥🚀🚀🚀,44,45.0,63,positive,positive,positive,positive
bdbea416-1c7c-4a56-95cc-5bd48b85679c,eii bikini nso y3de hy3 underwear ama de33 ly b3n nso nie🙄😤,44,45,63.0,positive,negative,negative,negative
eacd623b-3e09-4641-837b-c4cde705c346,wone opanyin bɛko nanso wo wideɛ mu rafael nadal 💪🏾,44.0,45,63,positive,neutral,neutral,neutral
2d6f0c60-cf45-413d-8739-8ffa53487d04,wonni sika wakctc bomb android 33b3ka s3 android nny3😂😂😂,44.0,45,63,negative,neutral,negative,negative
16c3c842-eb1d-4782-8219-f46eae31648f,herh ano yɛ ya ooo 🤣🤣🤣🤣,44.0,45,63,positive,neutral,neutral,neutral
cf53d766-e86b-420c-8ff7-65e34e95c49e,me firi akyenfo nti mensuro police👍,44,45,63.0,positive,neutral,positive,positive
3b76f02d-c15d-4169-8cb0-dcde0497c0d1,ghana mmaa obiaa ho y3 f3 🥰,44,45.0,63,positive,positive,positive,positive
71962919-cfaf-4870-bea3-0d95bab754bf,me bl3 oooo hm,44.0,45,63,negative,negative,negative,negative
d524bcb6-42ab-460b-a6a4-13990b91bf3f,ɔhemaa abotrɛ 😂😂😂😂😂😂😂😂😂😂 herh but milo yɛ fokn,44.0,45,63,negative,negative,negative,negative
8cfd5c63-a8af-4853-9f62-ac80c10464cf,menso de3 me de ka bebere 🌚,44,45,63.0,negative,negative,negative,negative
200d41fd-1b0a-4e03-92ac-dc0ad33f8388,amen medaas me piii,44,45.0,63,positive,positive,positive,positive
8cc1807d-fd41-4863-ba74-c014a3ded701,sia na ɔmfa akɔnhoma sika nkɔ twa ong,44.0,45,63,negative,negative,negative,negative
e28011a9-9d3f-46ea-b2b5-3ab29fe7758b,na awinsem yi erh🙄,44,45,63.0,positive,positive,negative,positive
c24e7879-f3ca-4d85-a0ca-d11337712747,first na monka masem 3fi s3 na meni bi 💥,44,45,63.0,positive,positive,positive,positive
296a970d-507d-4cb8-8871-d253f8fc360c,saaa tokro no de ns3m aba wiase yi mu paa,44,45.0,63,positive,negative,positive,positive
0bbff053-708f-4296-b315-a5ac3fc9a8e6,akoa baako nso claime wudini 🤣🤣🤣 menim akoa no 🤣🤣🤣,44,45,63.0,neutral,neutral,negative,neutral
3f3299c7-455f-4867-afbc-30051a32c550,na bassit vex y3 vex mtchewwww,44.0,45,63,negative,negative,negative,negative
66415ffb-6b43-40ff-821d-de871fcd4d43,ne nim nyɛ akono baako sei anyway happy birthday bro,44,45,63.0,positive,positive,negative,positive
4fe11ce6-6414-4742-8370-6216993d0aab,ka na ka bi o,44,45,63.0,positive,neutral,positive,positive
868a4d24-9e2e-4fe7-843c-70b4c2e550be,nkwaseas3m nkoaa na 3kso w wiase ghana paaaa de3 y3nsos saa nkwaseas3m yiso,44.0,45,63,negative,negative,negative,negative
1c24e54e-1200-482a-9a6f-b97167133dac,wo koraa wagyimi dodo ahba lets push for him to work to find the culprits na wagyimi dodo,44,45,63.0,negative,negative,negative,negative
9d346ea1-5294-4b2c-8b6f-8d0612310fd5,kaftan mu gentian violet😂😂 me nua way3 kama de3✌🏾,44,45.0,63,positive,positive,positive,positive
d5df9e32-09a2-4242-a3bc-6d356336475b,hahahaaa saa ara na wiase te3,44,45.0,63,positive,positive,positive,positive
ab9ca541-a2d2-45c4-ba5a-dd633f6550c4,fa ohia mic no to gutter mu,44,45.0,63,negative,negative,positive,negative
caaf63f8-6b11-4838-aa64-7f185be8dca2,nyansabuakwa nyame ɔhunu akyiri adeɛ yɛ no nɛ ɔrengyaw yɛ mu da ne nsɛm na yɛ wɔ,44,45,63.0,positive,positive,positive,positive
34b66656-476a-4235-8678-06183e617c43,🎼🎺eeeeeiiiiii aseda nwom nkoaa na meto ayeyi nwom nkoaa na meto se awurade amma me ho amma asem aa🎼🎺,44,45.0,63,positive,positive,positive,positive
6db05ed4-6890-4560-a877-d7c51c507a56,mo de mo sika too so a nka mawinne bet susu dwa wanum na mamɛ stoppe wo daily bread 🐐🐐🔥🔥🔥,44,45.0,63,positive,positive,positive,positive
7de7df30-ade2-44a5-b767-9a9d3731b03a,yɛn mmoa firi otumfoɔ agya nyankonpɔn hɔ🙏,44.0,45,63,positive,positive,positive,positive
0b02fd44-b217-4041-8626-f46a6fbcde1d,y3n p3 wo baako baako s3i mpo chale,44.0,45,63,negative,negative,negative,negative
8848983c-2735-46cb-8765-762adec9c57e,nipa nso y3 den chillli 😌,44,45.0,63,positive,positive,neutral,positive
55feac7f-10b5-4832-80ce-be99a3dba67f,wooka gya gu mu 😂😂😂😂,44,45,63.0,positive,positive,negative,positive
a0b195c6-883b-4896-b336-a01ccc15e098,ei ɛtwɛ behunu ne wura na abrɛ 🤣 🤣 so dont you fear women kyerɛ sɛ generation wei deɛ twemdɛɛwa foɔ nkoaaa,44,45.0,63,positive,negative,negative,negative
90caef6d-132f-4598-8aff-96887c380ce3,ma man say europa di3 lyly,44.0,45,63,positive,neutral,neutral,neutral
d3dc6f56-0610-428c-8641-0e25328acf26,account holder watu ride aa bra fie oo bra fie na y33 tw3n woo😤⚔️😂,44,45,63.0,positive,positive,positive,positive
f13880f3-3085-4e2b-83c0-2a6259e0f63e,me nkoaa makoma linda,44,45.0,63,positive,positive,positive,positive
3746105c-5526-4c6a-9e72-7008d0b4b011,na wonnso adein😂😂dein na tema boys ay3 wo,44,45.0,63,positive,negative,positive,positive
cdb75951-4afd-4504-9482-4cf9c7dbf14e,chaley mu pri dodo,44.0,45,63,negative,negative,negative,negative
505a1fed-f9a5-481e-be1f-1516e016a69f,asɛm wei deɛ agye sɛ woa na wobɛtumi ayi anoo ei,44,45.0,63,neutral,positive,positive,positive
4c812a1d-234f-440f-8e2c-9a503e3365a8,elevy akwantuo hmm y3 te sika su nso y33br3 y3 te gold ne oil so nso y33br3 3ne nn3 nu hmm🤦‍♂️🤦‍♂️🤦‍♂️,44,45.0,63,negative,negative,negative,negative
0c785380-75e0-4a00-983f-1bfaf3cdbf3f,ɛyɛ bɔn na wabɔn,44,45.0,63,negative,negative,negative,negative
d6316fd5-5879-439e-a71a-67b79729cc17,munni ahurusi anidaso no mu munnyina pintinn wɔ ahohia mu munkura mpaebɔ mu denneennen romafo 1212,44.0,45,63,positive,neutral,positive,positive
82013865-a446-4080-bf95-58cb39183aec,y3 y3 dom y3n ny3 baako mmienu miensa y3 y3 dom wo kum apem apem beba y3 y3 dom aaaaah wote kumerica y3ba aa,44,45.0,63,positive,positive,positive,positive
1ffbee21-d06d-4d57-9b94-7205b6bd256c,yɛn ka kyerɛ wo agenda da sika pafuuuu so,44.0,45,63,positive,neutral,positive,positive
7b2c6b15-fbf9-4d3f-9750-045a3fb9a11a,wo to bill aaa na wotw3 di akyere,44.0,45,63,positive,neutral,neutral,neutral
d4473e04-8d0e-463c-8265-5ff3c5752869,yabc ka papa eei meyam kraa ahye me,44.0,45,63,negative,negative,positive,negative
f6887b18-2d4a-4598-985f-3d3261462261,gbee naabu and say fi repeat anaa,44,45,63.0,neutral,neutral,negative,neutral
f9614a85-9041-47d9-9e07-29b381fd181e,on this siiiiiiide no gidigidigidi 1057fm,44,45,63.0,positive,positive,positive,positive
