text_id,text,annotator_1,annotator_2,annotator_3,label
isixhosa_text_797_emotion_1,Isikhuni esivuthayo sibuya ngomkhwezeli. | EC Indab,['sadness'],[],[],[]
isixhosa_text_1518_emotion_1,Kukhangelwa indoda edlwengule eGcuwa,['sadness'],['surprise'],['sadness'],['sadness']
isixhosa_text_1834_emotion_1,IProteas iqhokrwe kukonzakala kwabadlali,['sadness'],['sadness'],['sadness'],['sadness']
isixhosa_text_888_emotion_1,"Indoda eyabulala ibhinqa elithandana namanye, izakugwetyelwa ityala lentiyo","['joy', 'sadness']",['sadness'],['sadness'],['sadness']
isixhosa_text_1934_emotion_1,Iyabekwa iNkosikazi yamaNgqusi egetyengiweyo!,['sadness'],['sadness'],['sadness'],['sadness']
isixhosa_text_1040_emotion_1,Zibe nefuthe elincumisayo iziphumo zogcino,['joy'],['joy'],['joy'],['joy']
isixhosa_text_1086_emotion_1,UMultiChoice uza kwakha iziko lemidlalo eLusikisiki,['joy'],['joy'],['joy'],['joy']
isixhosa_text_64_emotion_1,AbeSciFest Africa baqubula imbalela,['joy'],['joy'],['joy'],['joy']
isixhosa_text_1654_emotion_1,UJose Riveiro uvuyela iPirates ebuyela kwiChampions League,['joy'],['joy'],['joy'],['joy']
isixhosa_text_808_emotion_1,Ufuna ilungu lobudoda lomntwana wakhe,['sadness'],['sadness'],['anger'],['sadness']
isixhosa_text_882_emotion_1,Obelala esamenteni uncedwe ngamapolisa,['joy'],"['joy', 'sadness']",['joy'],['joy']
isixhosa_text_53_emotion_1,INkulumbuso entsha kwisizwe sakwaZulu,[],['joy'],['joy'],['joy']
isixhosa_text_1049_emotion_1,Luninzi unyundululu olwenzeka kuloMaspala waseAmathole. | EC Indab,['sadness'],['disgust'],"['disgust', 'surprise']",['disgust']
isixhosa_text_1663_emotion_1,Banqunyanyisiwe ootitshala ekuthiwa bazuma abafundi!,"['joy', 'sadness']",['surprise'],"['sadness', 'surprise']","['sadness', 'surprise']"
isixhosa_text_842_emotion_1,Kufuniswa ngezihlobo zendoda eyabhubha kwinyanga ephelileyo,['sadness'],['sadness'],['sadness'],['sadness']
isixhosa_text_1184_emotion_1,Kufuniswa ngababulele benxibe ezamapolisa,"['sadness', 'surprise']",['surprise'],['surprise'],['surprise']
isixhosa_text_385_emotion_1,Sipho Tanana 1932 - 2020,['sadness'],[],[],[]
isixhosa_text_1968_emotion_1,Kuqhweshe ibanjwa enkundleni eCumakala!,['sadness'],['surprise'],['surprise'],['surprise']
isixhosa_text_1378_emotion_1,‘Bendifuna ukumbulala unyana wam’,['sadness'],['anger'],['anger'],['anger']
isixhosa_text_416_emotion_1,UNeyi Zimu ukhuthaza ukuzithemba nokuzimela ngengoma,['joy'],['joy'],['joy'],['joy']
isixhosa_text_625_emotion_1,Kugawulwa ihlathi elizimela amasela aseNgcobo,['joy'],['joy'],['joy'],['joy']
isixhosa_text_467_emotion_1,UCelintondikwenzele umke nemali kwiBerlin November,['joy'],[],['joy'],['joy']
isixhosa_text_1255_emotion_1,WSU: Ubetha ebuyelela enkundleni umfundi wezigidi!,['sadness'],['surprise'],"['sadness', 'surprise']","['sadness', 'surprise']"
isixhosa_text_301_emotion_1,Amatsatsantsa akhe phantsi isitya sigcwele kwakhona kwiMamelodi Sundowns,['sadness'],['sadness'],['joy'],['sadness']
isixhosa_text_1054_emotion_1,Ucela uncedo umfana wasePort Alfred,['sadness'],['sadness'],['sadness'],['sadness']
isixhosa_text_187_emotion_1,Batshe bangqungqa abantwana(3) ngethuba belele kwityotyombe eNew Brighton eGqeberha namhlanje. | EC Indab,['sadness'],['sadness'],['sadness'],['sadness']
isixhosa_text_1511_emotion_1,Kubanjwe owasetyhini nenkitha yeziyobisi,['sadness'],['surprise'],['surprise'],['surprise']
isixhosa_text_1080_emotion_1,Isigwebo kowadlwengula amantombazanana awayecela iR2,"['joy', 'sadness']",['sadness'],['sadness'],['sadness']
isixhosa_text_1922_emotion_1,Mawanikwe ithuba amanina kwiifama zebhanana,[],[],['anger'],[]
isixhosa_text_1023_emotion_1,Ibuyile iMzantsi Super League!,['joy'],['joy'],['joy'],['joy']
isixhosa_text_288_emotion_1,Umdlali weKaizer Chiefs unomnqweno wokudlalela iBafana Bafana!,['joy'],[],['joy'],['joy']
isixhosa_text_823_emotion_1,Utyholwa ngokulenca ilungu langasese lomntwana,"['disgust', 'sadness']",['surprise'],"['sadness', 'surprise']","['sadness', 'surprise']"
isixhosa_text_303_emotion_1,Xa luyintoni ulwaluko sele bambi becinga ngeemveku ezisesefukwini nje?,['sadness'],['fear'],['anger'],[]
isixhosa_text_692_emotion_1,"“UBobby Motaung usisigidimi seChiefs, izigqibo azithathwa nguye”",[],['surprise'],['anger'],[]
isixhosa_text_329_emotion_1,Uphelekwa ligqiza labaphathiswa eNamibia uRamaphosa,['joy'],['joy'],['joy'],['joy']
isixhosa_text_497_emotion_1,UMolefi Ntseki ucela uluntu luxhase aBafana Bafana phambi komdlalo weMandela Challenge,['joy'],[],['joy'],['joy']
isixhosa_text_209_emotion_1,Basanqunyanyisiwe ootishala abazuma abafundi!,['sadness'],['anger'],"['sadness', 'surprise']",['sadness']
isixhosa_text_32_emotion_1,Uhlonitshwe ngembasa uGqr. Noxolo Grootboom,['joy'],['joy'],['joy'],['joy']
isixhosa_text_318_emotion_1,Khusela umzi wakho kulwaphulo mthetho,[],['fear'],[],[]
isixhosa_text_1346_emotion_1,INtshona Koloni ingaphumelela kwii-Idols zalo nyaka,['joy'],['joy'],['joy'],['joy']
isixhosa_text_1311_emotion_1,Uzakugwetywa alahlelwe kwezimnyama izisele uYibanathi ngokubulala umkakhe. | EC Indab,['joy'],['surprise'],"['sadness', 'surprise']",['surprise']
isixhosa_text_1410_emotion_1,ISinethemba Foundation izisa ithemba kwabangenalo,['joy'],['joy'],['joy'],['joy']
isixhosa_text_1587_emotion_1,Kuthiwe huntshu kumalungu esipolisa,['joy'],['joy'],['joy'],['joy']
isixhosa_text_1946_emotion_1,"Liyinene elithi isitya esihle asityeli, ulale ngoxolo Nonceba | EC Indab",['sadness'],['sadness'],['sadness'],['sadness']
isixhosa_text_1232_emotion_1,Amahla ndenyuka kaSomashishini wasetyhini,[],['joy'],[],[]
isixhosa_text_2073_emotion_1,Ityendyana lakuKomani limilisele iinzipho kushishino,['joy'],['joy'],['joy'],['joy']
isixhosa_text_2148_emotion_1,Bonzakele kugwayimbo abahlali baseKatikati,['sadness'],['sadness'],['sadness'],['sadness']
isixhosa_text_1225_emotion_1,Babanjiwe ababhaqwe bebe iimpahla,['sadness'],['surprise'],['sadness'],['sadness']
isixhosa_text_1411_emotion_1,Ugwetyiwe odlwengule umzala wakhe,['joy'],['surprise'],['sadness'],[]
isixhosa_text_302_emotion_1,UChavani usikiwe yiSafa – kodwa AmaZulu akanikwanga amanqaku,['sadness'],['sadness'],['anger'],['sadness']
isixhosa_text_1542_emotion_1,ULady Zamar ubalisa ngezothando kwicwecwe elitsha,['joy'],['joy'],['joy'],['joy']
isixhosa_text_605_emotion_1,‘UGqr. Wagner yile nto ifunwa liSebe’,['joy'],['joy'],['joy'],['joy']
isixhosa_text_1805_emotion_1,"Inkulu, indlalifa, isiko nesinyanya",[],['joy'],['joy'],['joy']
isixhosa_text_320_emotion_1,IBhisho izisa isiqabu kwizithuthi zabafundi emva koxinzelelo | EC Indab,['joy'],['joy'],['joy'],['joy']
isixhosa_text_1353_emotion_1,Uluhlu lwamagama wamangcwaba achaphazeleke kuqhushumbiso,['sadness'],['sadness'],['sadness'],['sadness']
isixhosa_text_125_emotion_1,Ungcwatyelwa eNgcobo uAmahle Quku,['sadness'],['sadness'],['sadness'],['sadness']
isixhosa_text_1407_emotion_1,"Ezibuhlungu azipheli, ingakumbi ukufa komtu obelitshantliziyo kwabamthandayo | EC Indab",['sadness'],['sadness'],['sadness'],['sadness']
isixhosa_text_1854_emotion_1,"Utata owabulawelwa umntwana, ufuna ubulungisa!",['sadness'],['anger'],['sadness'],['sadness']
isixhosa_text_1987_emotion_1,Bazonwabisa ngemidlalo ngosuku lolutsha!,['joy'],['joy'],['joy'],['joy']
isixhosa_text_1155_emotion_1,Ugwetywe ubomi unosimokolo owabulala umfazi wakhe!,['sadness'],"['anger', 'sadness']","['sadness', 'surprise']",['sadness']
isixhosa_text_359_emotion_1,I’solezwe Gig Guide noAgent Lungaz,[],[],[],[]
isixhosa_text_995_emotion_1,Bakhalimele iziyobisi kumngcwabo kaHope Zinde,[],['sadness'],"['fear', 'sadness']",['sadness']
isixhosa_text_1201_emotion_1,"Umzimba kamakhulu (71) ufunyenwe ungcwatywe egadini, kubanjwe abazukulwana!",['sadness'],"['sadness', 'surprise']","['sadness', 'surprise']","['sadness', 'surprise']"
isixhosa_text_2208_emotion_1,Isebe lezemfundo eMpuma Koloni lityholwa ngokungakhathaleli abafundi abakhubazekileyo kwisikolo saseMthatha | EC Indab,['sadness'],"['sadness', 'surprise']",['sadness'],['sadness']
isixhosa_text_1682_emotion_1,Obelahlekile ufunyenwe edlwengulwe ebulewe kwigumbi likamzala,['sadness'],"['sadness', 'surprise']",['sadness'],['sadness']
isixhosa_text_1721_emotion_1,Umthengi uxambulisene nevenkile efuna imali yeteksi,['sadness'],['anger'],['surprise'],[]
isixhosa_text_1380_emotion_1,Uceba nomyeni wakhe babetha abahlali,['sadness'],['anger'],"['sadness', 'surprise']",['sadness']
isixhosa_text_1850_emotion_1,"iNgilane ingombe iWales iibhatyi zagcwala umoya, iMelika ibethe i-Iran",['joy'],['joy'],['joy'],['joy']
isixhosa_text_1701_emotion_1,Uluntu luvalelisile ku-Unathi Tuta,['sadness'],['sadness'],['sadness'],['sadness']
isixhosa_text_1247_emotion_1,Ugwetywe iminyaka esibhozo umfundi webanga leshumi,['sadness'],['surprise'],"['sadness', 'surprise']","['sadness', 'surprise']"
isixhosa_text_681_emotion_1,Izimvo zolutsha ngeJune 16,[],[],[],[]
isixhosa_text_1446_emotion_1,"Inkosikazi ikrwitshe yabulala udade wayo, yamkhulula ipenti nonondrokhwe",['sadness'],"['sadness', 'surprise']","['sadness', 'surprise']","['sadness', 'surprise']"
isixhosa_text_399_emotion_1,Abawuvali umlomo abazakubukela Amabhokobhoko,['joy'],['joy'],['joy'],['joy']
isixhosa_text_1108_emotion_1,Inenekazi elinomsindo lebhasi lixoke malunga nedilesi ngexesha lokuvela enkundleni yakutsha nje eGqeberha | EC Indab,['sadness'],['surprise'],['surprise'],['surprise']
isixhosa_text_2048_emotion_1,Ubanjwe noboya bakwiKaroo obuxabisa kunene!,[],"['sadness', 'surprise']",['surprise'],['surprise']
isixhosa_text_2047_emotion_1,Iqela laseCala lifuna indebe kaSodolophu,[],['joy'],['joy'],['joy']
isixhosa_text_1061_emotion_1,Kuphelile tu ngesakhiwo nesasifudula siyiPosi eQonce izolo! | EC Indab,['sadness'],['surprise'],['surprise'],['surprise']
isixhosa_text_1174_emotion_1,Ucela uncedo owawelwa yindlu!,['sadness'],['sadness'],['sadness'],['sadness']
isixhosa_text_2081_emotion_1,IBRICKS izise inzuzo kweli loMzantsi Afrika ingakumbi kuqoqosho. | EC Indab,['joy'],['joy'],['joy'],['joy']
isixhosa_text_1269_emotion_1,Babhubhile abantu ababini bebulawa yindoda engaphilanga ngengqondo!,['sadness'],"['sadness', 'surprise']","['sadness', 'surprise']","['sadness', 'surprise']"
isixhosa_text_1487_emotion_1,INelson Mandela Museum ibhiyozele ama20 eminyaka,['joy'],['joy'],['joy'],['joy']
isixhosa_text_864_emotion_1,Lemk’ ityotyombe lam notshaba,['sadness'],['sadness'],['sadness'],['sadness']
isixhosa_text_903_emotion_1,UPeter Shalulile ugxeleshe isizini ezayo ngamehlo abomvu,['joy'],['joy'],[],['joy']
isixhosa_text_181_emotion_1,Iqakamba: UMzantsi Afrika uthathana neSri Lanka namhlanje eMonti,[],[],"['fear', 'joy']",[]
isixhosa_text_156_emotion_1,Kwenzeka izinto ezibuhlungu ebantwini balapha kwaLanga,['sadness'],"['anger', 'fear', 'sadness']",['sadness'],['sadness']
isixhosa_text_921_emotion_1,Izinga leempahla zefashoni eGinsberg,[],['joy'],[],[]
isixhosa_text_2161_emotion_1,Kubanjwe isibini sintsintsitheka ziziyobisi,['joy'],"['joy', 'surprise']",['surprise'],"['joy', 'surprise']"
isixhosa_text_2096_emotion_1,Ikhangela ilizwi lakho iThe Soil!,[],['joy'],['joy'],['joy']
isixhosa_text_2223_emotion_1,KULAHLEKE INTOMBAZANA ENEMINYAKA ELISHUMI ELINESIXHENXE (17) UBUDALA | EC Indab,['sadness'],['sadness'],['sadness'],['sadness']
isixhosa_text_612_emotion_1,‘Wenze sure ukuba ubetha entloko apho uqondayo ukuba uza kuba umgqibile...’,['sadness'],"['fear', 'surprise']",['anger'],[]
isixhosa_text_1633_emotion_1,Isikhalo ngekliniki ‘ehleba’ izigulana,['sadness'],['sadness'],['sadness'],['sadness']
isixhosa_text_2023_emotion_1,INSFAS isungule iphulo leFund-A-Thon eFort Hare,['joy'],['joy'],['joy'],['joy']
isixhosa_text_2121_emotion_1,Ubethwe entolongweni uNandipha Magudumana,['sadness'],['sadness'],"['fear', 'sadness', 'surprise']",['sadness']
isixhosa_text_1102_emotion_1,Ubethwe lizulu wabhubha esuka emidlalweni,['sadness'],['sadness'],['sadness'],['sadness']
isixhosa_text_878_emotion_1,Bafuna umasipala abuyise idlelo leenkomo,['anger'],['anger'],['anger'],['anger']
isixhosa_text_867_emotion_1,Basuvalelweni abarhanelwa abasibhozo ababanjwe ngezityholo zezixhobo | EC Indab,['sadness'],['surprise'],[],[]
isixhosa_text_413_emotion_1,AmaWesile akhalimela ukunukunezwa kwamanina nabantwana,['sadness'],"['joy', 'sadness']",['anger'],['sadness']
isixhosa_text_1465_emotion_1,IProteas yehlile kumanqwanqwa e-ICC,['sadness'],['sadness'],[],['sadness']
isixhosa_text_2109_emotion_1,Bakhutshwe bengathandanga abahlali abangene ngondlela mnyama kwizindlu zaseChicken farm eMonti. | EC Indab,['sadness'],['surprise'],['surprise'],['surprise']
isixhosa_text_680_emotion_1,Mawabuye amathambo kaPokela eZimbabwe,['sadness'],['sadness'],['anger'],['sadness']
isixhosa_text_79_emotion_1,Nqulani nicenge ningxengxeze ngokukhawuleza!,[],['fear'],['fear'],['fear']
isixhosa_text_322_emotion_1,UKomphela ubona owayeqeqesha iFree State Stars njengesidenge esoyisileyo!,['anger'],"['sadness', 'surprise']",['anger'],['anger']
isixhosa_text_1924_emotion_1,"Unyana udubule unina, lahlanza iselwa",['sadness'],['sadness'],"['sadness', 'surprise']",['sadness']
isixhosa_text_998_emotion_1,Oomama bachitha ixesha etywaleni ngenxa yomvandedwa,['sadness'],['sadness'],['sadness'],['sadness']
isixhosa_text_2263_emotion_1,Kuthandazelwa abafundi bebanga leshumi,['joy'],['joy'],['joy'],['joy']
isixhosa_text_2198_emotion_1,Kubanjwe isikhumbuzo sesibhambathiso eMqwashini | EC Indab,['joy'],['sadness'],['sadness'],['sadness']
isixhosa_text_291_emotion_1,Ugxothelwe ukungaqhubi kakuhle kwiMuvhango!,['sadness'],['sadness'],['surprise'],['sadness']
isixhosa_text_1743_emotion_1,Kutshiswe otyholwa ngokweba eLower,['sadness'],"['sadness', 'surprise']","['sadness', 'surprise']","['sadness', 'surprise']"
isixhosa_text_825_emotion_1,Owenkolo kaNtu ungcwatywe isiKrestu!,['surprise'],"['anger', 'surprise']",['surprise'],['surprise']
isixhosa_text_622_emotion_1,Umtyholwa wesihlanu ebesedokisini kwityala lokuzama ukubulala uJaques | EC Indab,['sadness'],"['anger', 'sadness']",['sadness'],['sadness']
isixhosa_text_1389_emotion_1,Banyembezana eMnquma kukubhubha kukaSfiso,['sadness'],['sadness'],['sadness'],['sadness']
isixhosa_text_113_emotion_1,"Zuma: Induku ndiyayazi, ndiza kuzikhusela",['anger'],[],[],[]
isixhosa_text_258_emotion_1,Ebengathi ukumboniso kamabonakude uKupelo efunwa iR1 million!,[],"['fear', 'surprise']",['fear'],['fear']
isixhosa_text_1664_emotion_1,Isube umphefumlo omnye ingozi yemoto,['sadness'],['sadness'],['sadness'],['sadness']
isixhosa_text_1947_emotion_1,Babanjiwe onqevu abebezenzela ukuba imbaza nezixhobo zaselwandle eCawa | EC Indab,['joy'],['surprise'],['surprise'],['surprise']
isixhosa_text_1212_emotion_1,UBongi ugqwesile ngokufunda iindaba,['joy'],['joy'],['joy'],['joy']
isixhosa_text_1885_emotion_1,Bhanga: Phelaphela ngantsomi kwiANC,['sadness'],['sadness'],['sadness'],['sadness']
isixhosa_text_1120_emotion_1,Umnini wevenkile eGqeberha umi akagunqi kuphawu lwe,[],[],[],[]
isixhosa_text_661_emotion_1,‘...Imbi into elapha xa sele kusina imvula’,['sadness'],['sadness'],['sadness'],['sadness']
isixhosa_text_442_emotion_1,Iinkcukaca manani zibonisa ukwehla kolwaphulo mthetho eMpuma Koloni,['joy'],['joy'],['joy'],['joy']
isixhosa_text_369_emotion_1,Umsasazi weNyan’ Nyan uza kufunda eyunivesithi okokuqala!,['joy'],['joy'],['joy'],['joy']
isixhosa_text_1382_emotion_1,Bathi ayivakali itishala yaseVakele,['sadness'],[],['surprise'],[]
isixhosa_text_828_emotion_1,Kubanjwe abarhanelwa ngokubulawa kwepolisa,"['joy', 'sadness']","['sadness', 'surprise']",[],['sadness']
isixhosa_text_733_emotion_1,Uqhanqalazo luthintela ezinye izikhululo zobhaliso eMpuma Koloni ekuvuleni | EC Indab,['sadness'],['sadness'],[],['sadness']
isixhosa_text_67_emotion_1,Ibokoboko amacala iDinaledi engonjwe yiCoastal United ngolunya,['sadness'],['sadness'],['sadness'],['sadness']
isixhosa_text_376_emotion_1,IBanyana Banyana iwe phantsi ityeli lesihlanu,['sadness'],['sadness'],['sadness'],['sadness']
isixhosa_text_2232_emotion_1,Iza kuthintela unyulo iAIC,['sadness'],['surprise'],['surprise'],['surprise']
isixhosa_text_1194_emotion_1,Halala! kumfama onguNontuthuzelo Mbele,['joy'],['joy'],['joy'],['joy']
isixhosa_text_1145_emotion_1,Ingcwatywe ngamacebo inkwenkwe eyarhaxwa eGreenaker,['sadness'],['sadness'],['sadness'],['sadness']
isixhosa_text_2169_emotion_1,Umkhondo ngetyala labafundi ababulewe eBhayi,['sadness'],['sadness'],['sadness'],['sadness']
isixhosa_text_234_emotion_1,UGwala akasenaso isifo somhlaza!,['joy'],['joy'],['joy'],['joy']
isixhosa_text_388_emotion_1,"UZahara usemathandweni, hayi etywaleni!",['joy'],['joy'],['anger'],['joy']
isixhosa_text_1905_emotion_1,Kubanjwe indoda eMonti ngezityholo zokuxaphaza abantwana anancinci ngesondo kwi,['sadness'],['sadness'],['sadness'],['sadness']
isixhosa_text_642_emotion_1,Ibanjiwe inkosikazi ebhaqwe inentsangu,['joy'],['surprise'],['surprise'],['surprise']
isixhosa_text_1398_emotion_1,UNtsebeza uyaqhuba nophuhliso lwemidlalo ezilalini,['joy'],['joy'],['joy'],['joy']
isixhosa_text_1383_emotion_1,Ingozi emasikizi nesube imiphefumlo eyi,['sadness'],['sadness'],['sadness'],['sadness']
isixhosa_text_1831_emotion_1,Ngolimo ingaliwa indlala eMpuma Koloni,['joy'],['joy'],['joy'],['joy']
isixhosa_text_1595_emotion_1,Ulonwabo lujike lwakrakra kwiitshomi,['sadness'],['sadness'],"['sadness', 'surprise']",['sadness']
isixhosa_text_1130_emotion_1,Zikhutshwe ngebheyile iintatheli zaseZambia,['joy'],[],[],[]
isixhosa_text_1435_emotion_1,Ingqwalasela koomasipala abathathu bephondo,[],[],[],[]
isixhosa_text_1960_emotion_1,Kubanjwe ititshala ngezityholo zokudlwengula,['sadness'],"['sadness', 'surprise']",['sadness'],['sadness']
isixhosa_text_1759_emotion_1,Baceba ubhazabhaza ngamagxa abo,[],['joy'],[],[]
isixhosa_text_2037_emotion_1,Abakhi ababini babhubhe kwingozi eyothusayo eGqeberha | EC Indab,['sadness'],['sadness'],"['sadness', 'surprise']",['sadness']
isixhosa_text_101_emotion_1,Iyavalwa iRadio Zibonele kwintsuku nje ezintandathu(6 days) | EC Indab,['sadness'],['sadness'],['sadness'],['sadness']
isixhosa_text_790_emotion_1,Inxanelwe ubulungisa intombazana eyabethwa emthonjeni,['sadness'],['sadness'],['sadness'],['sadness']
isixhosa_text_346_emotion_1,Ibanjiwe indoda eshishina ngentsangu,['joy'],['anger'],[],[]
isixhosa_text_1002_emotion_1,Kukhunjulwa amapolisa adutyulwa eNgcobo,['sadness'],['sadness'],['sadness'],['sadness']
isixhosa_text_894_emotion_1,Ixhego libanjwe nemikhono yekati engenampepha,['sadness'],['surprise'],"['sadness', 'surprise']","['sadness', 'surprise']"
isixhosa_text_1907_emotion_1,Kudibana oomakad’ ezondana eNelson Mandela Stadium,[],['joy'],['joy'],['joy']
isixhosa_text_353_emotion_1,URassie Erusmas ocaphukise iWorld Rugby imfuna emaplangeni,['anger'],['fear'],['anger'],['anger']
isixhosa_text_555_emotion_1,Isivunguvungu somoya sisube imiphefumlo yababini eMpuma Koloni,['sadness'],['sadness'],['sadness'],['sadness']
isixhosa_text_1470_emotion_1,Ithemba lesiXhosa eNMU naseRhodes,[],['joy'],['joy'],['joy']
isixhosa_text_386_emotion_1,Yonwaba noZitulele kwiThetha nabo Experience,[],[],[],[]
isixhosa_text_1016_emotion_1,Abarhanelwa bokubulala eFort Hare babuyele enkundleni ngoLwesibini | EC Indab,['sadness'],['anger'],[],[]
isixhosa_text_41_emotion_1,Pitso Mosimane: Andihlonitshwa kweli lizwe,['sadness'],['sadness'],"['anger', 'sadness']",['sadness']
isixhosa_text_2274_emotion_1,Zilungiselele ukonwabela imidlalo yePSL eBuffalo City,['joy'],['joy'],['joy'],['joy']
isixhosa_text_634_emotion_1,Kufuneka isebenze nzima iChippa kwimidlalo yayo,[],[],[],[]
isixhosa_text_1723_emotion_1,Umsasazi utyhola ngokuhlaselwa esemoyeni,['sadness'],['sadness'],['surprise'],['sadness']
isixhosa_text_1299_emotion_1,AmaJamani atyathiswe iitasana zawo yiSouth Korea agoduka,['sadness'],['joy'],['joy'],['joy']
isixhosa_text_2143_emotion_1,Bathob' unxano ngamanzi asemangcwabeni,['sadness'],['surprise'],['surprise'],['surprise']
isixhosa_text_917_emotion_1,Bayalelwe ibheyile abarhanelwa nggokuzama x ulubulala Igqwetha laseMonti | EC Indab,['sadness'],['surprise'],[],[]
isixhosa_text_897_emotion_1,‘Usibuyisile isidima sakhe uMakazole Tete’,['joy'],['joy'],['joy'],['joy']
isixhosa_text_602_emotion_1,Makufundiswe ukubaluleka komhobe wesizwe,[],['joy'],[],[]
isixhosa_text_869_emotion_1,"Okhule ehlaselwa ngokubhitya, nguMiss Butterworth Hawkers",['joy'],['joy'],['joy'],['joy']
isixhosa_text_1333_emotion_1,Ilinge lokubambisana liphakamisa ubuthile benkcubeko yamaBhele KaJamangile,[],['joy'],['joy'],['joy']
isixhosa_text_2133_emotion_1,UMuthambi uqhwabela izandla icandelo likamabonakude,['joy'],['joy'],['joy'],['joy']
isixhosa_text_1321_emotion_1,INguni libhongo neqhayiya leAfrika,['joy'],['joy'],['joy'],['joy']
isixhosa_text_23_emotion_1,Inkqubo yokufukamisa amashishini eCala,['joy'],[],[],[]
isixhosa_text_1632_emotion_1,Abahambi balunyukiswe ngomngcipheko womgada kumanxweme aseKZN naseMpuma Koloni | EC Indab,['sadness'],[],['fear'],[]
isixhosa_text_148_emotion_1,Igqwetha ‘liqhathe’ unogada lamlala!,['sadness'],"['anger', 'sadness']","['sadness', 'surprise']",['sadness']
isixhosa_text_1445_emotion_1,AZI UMNTWANA WONE BANI DE ATSHISWE ESAZE NGOBUSO | EC Indab,['sadness'],['sadness'],['sadness'],['sadness']
isixhosa_text_1848_emotion_1,Uswelekile umdlali weCity Ses’ La!,['sadness'],['sadness'],['sadness'],['sadness']
isixhosa_text_907_emotion_1,ULuyolo ucwangcisa ikamva lakhe emva kwe-Idols SA,[],['joy'],['joy'],['joy']
isixhosa_text_111_emotion_1,Ronwen Williams: iDowns igxeleshe indebe yeCAF Champions League,['joy'],[],[],[]
isixhosa_text_1393_emotion_1,Ikhululwe inkosikazi yaseKSD ejongene nezityholo zokubulala!,[],['surprise'],['surprise'],['surprise']
isixhosa_text_1901_emotion_1,Inkulumbuso yephondo leMpuma Koloni indwendwele isikolo samabanga aphakamileyo eNgqushwa | EC Indab,['joy'],[],['joy'],['joy']
isixhosa_text_1006_emotion_1,UMZUKULWANA UVELE ENKUNDLENI NGESITYHOLO ZOKUBULALA | EC Indab,['sadness'],"['sadness', 'surprise']","['sadness', 'surprise']","['sadness', 'surprise']"
isixhosa_text_2193_emotion_1,Kudutyulwe kwabukawa abantu abane(4) eGqeberha | EC Indab,['sadness'],"['sadness', 'surprise']",['sadness'],['sadness']
isixhosa_text_1440_emotion_1,Udlwengule uBhishophu: Kutsho ixhoba,['sadness'],"['sadness', 'surprise']",['sadness'],['sadness']
isixhosa_text_130_emotion_1,iTS Galaxy ityikitye uVilakazi noMlambo phambi kwesizini entsha,['joy'],['joy'],['joy'],['joy']
isixhosa_text_1734_emotion_1,Umdliva wegospile usendleleni eya eMthatha!,['joy'],['joy'],['joy'],['joy']
isixhosa_text_994_emotion_1,Nceda!! sele ingunyaka elahlekile. | EC Indab,['sadness'],['sadness'],['sadness'],['sadness']
isixhosa_text_564_emotion_1,Uvuyo uAphelele evuzwa ngeyunifomu,['joy'],['joy'],['joy'],['joy']
isixhosa_text_831_emotion_1,Amathuba emisebenzi kwindlela eya eDwesa,['joy'],['joy'],['joy'],['joy']
isixhosa_text_2098_emotion_1,Banqunyanyiselwe ukuziphatha kakubi ngokwesondo ootitshala baseBonkolo | EC Indab,['sadness'],['surprise'],"['joy', 'sadness', 'surprise']","['sadness', 'surprise']"
isixhosa_text_1705_emotion_1,Ibanjiwe indoda encanca abantwana amabele!,['joy'],['surprise'],"['sadness', 'surprise']",['surprise']
isixhosa_text_2101_emotion_1,Intsokolo kumawele abedibene ngeentloko,['sadness'],['sadness'],['sadness'],['sadness']
isixhosa_text_1357_emotion_1,Isigantsontso saseQonce sigqugqise eGoli,[],"['joy', 'surprise']",['joy'],['joy']
isixhosa_text_2170_emotion_1,I-Alfred Nzo iwonga abayo,['joy'],['joy'],['joy'],['joy']
isixhosa_text_844_emotion_1,UJoseph Dweba ungena endaweni kaBongi Mbonambi owonzakele enkampini,"['joy', 'sadness']",['joy'],[],['joy']
isixhosa_text_1702_emotion_1,Udilikajele kwinkazana eyabulala umamazala nomolokazana!,"['joy', 'sadness']","['sadness', 'surprise']","['sadness', 'surprise']","['sadness', 'surprise']"
isixhosa_text_2160_emotion_1,Kubhubhe umtu wamnye ze konzakala inwazana eneminyaka esibhozo kudubulo elwenzeke eGqeberha | EC Indab,['sadness'],"['anger', 'sadness']",['sadness'],['sadness']
isixhosa_text_97_emotion_1,#NAF2017: Liza eRhini ‘iZim leToilet’!,[],['fear'],['joy'],[]
isixhosa_text_1923_emotion_1,Kulindele ukuba afake isicelo sebheyile amadoda amathandathu (6) Atyholwa ngoku bulala uLuke | EC Indab,['sadness'],['sadness'],[],['sadness']
isixhosa_text_541_emotion_1,Lithengwa yiChina icuba lamafama aseZimbabwe,['joy'],['surprise'],[],[]
isixhosa_text_408_emotion_1,UDJ Sbu ubuya nomculo kunye nesiselo!,['joy'],['joy'],['joy'],['joy']
isixhosa_text_256_emotion_1,Ubeleka umama wakhe ongakwazi kuhamba ngenxa yendlela embi,['sadness'],['sadness'],['sadness'],['sadness']
isixhosa_text_2065_emotion_1,Amapolisa adubule unqevu wasweleka,"['joy', 'sadness']",['surprise'],['surprise'],['surprise']
isixhosa_text_2007_emotion_1,Ingozi esube imiphefumlo emininzi | EC Indab,['sadness'],['sadness'],['sadness'],['sadness']
isixhosa_text_1869_emotion_1,Umtshutshisi ubanjwe ngamapolisa etyholwa ngobuqhophololo,['sadness'],['anger'],"['disgust', 'surprise']",[]
isixhosa_text_1107_emotion_1,UZahara wonwabise ulutsha ngemidlalo ePhumlani,['joy'],['joy'],['joy'],['joy']
isixhosa_text_1988_emotion_1,Nkaa isigwebo sobomi kwisihlanu esabulalayo eBhisho | EC Indab,['joy'],['surprise'],['sadness'],[]
isixhosa_text_40_emotion_1,"Yashe: ‘Abantu bandixhasa, ngoku mandibaxhase’",['joy'],[],['joy'],['joy']
isixhosa_text_1191_emotion_1,Limisiwe ityala likaNelani yinkundla,[],['surprise'],[],[]
isixhosa_text_1895_emotion_1,Babonelwe ngeepasele abasebenzi bomgodi,['joy'],['joy'],['joy'],['joy']
isixhosa_text_1163_emotion_1,Amalungu eUDM abhubhe kwingozi emasikizi,['sadness'],['sadness'],['sadness'],['sadness']
isixhosa_text_2250_emotion_1,"Inqwenela ukurhweba kumgangatho wehlabathi iAfrika, kutsho uDavies",['joy'],['joy'],['joy'],['joy']
isixhosa_text_1978_emotion_1,ITsholomnqa yenze ezibukwayo embhoxweni,['joy'],['joy'],['joy'],['joy']
isixhosa_text_50_emotion_1,Batshise imoto yoonogada abafandi baseWalter Sisulu!,['sadness'],['anger'],"['anger', 'surprise']",['anger']
isixhosa_text_601_emotion_1,"iPirates ibethe iSwallows, yona iRichards Bay ihlaze iGolden Arrows!",['joy'],"['joy', 'surprise']",['joy'],['joy']
isixhosa_text_1001_emotion_1,Amagqirha ahlahluba * -2017,[],['joy'],['joy'],['joy']
isixhosa_text_822_emotion_1,IMpuma Koloni ifumene inyhweba yokusingatha itumente yehlabathi yeqakamba!,['joy'],['joy'],['joy'],['joy']
isixhosa_text_1488_emotion_1,Umalume ubanjelwe ukubulala umtshana (5) ngomhlakulo,['sadness'],"['sadness', 'surprise']","['sadness', 'surprise']","['sadness', 'surprise']"
isixhosa_text_481_emotion_1,Uvuthulule abantwana ngentonga yomtshayelo,['sadness'],['anger'],"['sadness', 'surprise']",['sadness']
isixhosa_text_1827_emotion_1,Iintshatsheli zeqakamba zitsha ziintambo,['joy'],['surprise'],['joy'],['joy']
isixhosa_text_857_emotion_1,Ifumana inkxaso kwilali yayo inkosikazi ebigetyengiwe!,['joy'],['sadness'],['joy'],['joy']
isixhosa_text_1507_emotion_1,Indoda ibulele umama womntwana wayo!,['sadness'],"['sadness', 'surprise']",['joy'],['sadness']
isixhosa_text_695_emotion_1,IMaritzburg ingenza inzuzo entle ngo-Ofori,[],['joy'],['joy'],['joy']
isixhosa_text_1537_emotion_1,Ugwetywe ubomi ngokubulala ipolisa,"['joy', 'sadness']","['sadness', 'surprise']","['sadness', 'surprise']","['sadness', 'surprise']"
isixhosa_text_251_emotion_1,Bathathu(3) ababhubhe kwingozi emasikizi kude kufuphi naseMonti. | EC Indab,['sadness'],['sadness'],['sadness'],['sadness']
isixhosa_text_128_emotion_1,“Ndiyathemba izinto zizakutshintsha kwisizini ezayo” - Sandla,[],['joy'],[],[]
isixhosa_text_856_emotion_1,Ityala lokuzama ukubulala uCeba limisiwe. | EC Indab,['sadness'],"['anger', 'disgust']",[],[]
isixhosa_text_899_emotion_1,Kufike abadlali ababini kwiChippa,['joy'],['joy'],[],['joy']
isixhosa_text_1544_emotion_1,"‘Basela utywala eMpekweni, beqhathana ngathi’",['sadness'],['anger'],['anger'],['anger']
isixhosa_text_1750_emotion_1,IKhayelitsha iphala phambili kwintengiso yotywala!,['joy'],['surprise'],['surprise'],['surprise']
isixhosa_text_304_emotion_1,Imvumi yeR&B izakudlala kwi-7de Laan,['joy'],['joy'],"['joy', 'sadness']",['joy']
isixhosa_text_378_emotion_1,Abafazi bakwaXhosa bavuyela iziko elitsha lezobuGcisa ephondweni!,['joy'],['joy'],['joy'],['joy']
isixhosa_text_206_emotion_1,Abasebenzi bakwamasipala mabaphume kwimiba yezopolitiko,['anger'],[],['anger'],['anger']
isixhosa_text_1517_emotion_1,Ingqele eqhaqhazelisa amazinyo ephondweni,[],['surprise'],[],[]
isixhosa_text_569_emotion_1,Babhubhile abasele utywala obunetyhefu,['sadness'],"['anger', 'sadness']","['sadness', 'surprise']",['sadness']
isixhosa_text_1034_emotion_1,Umdlali webhola yomnyazi ubhubhele ezandleni zomqeqeshi. | EC Indab,['sadness'],['sadness'],"['sadness', 'surprise']",['sadness']
isixhosa_text_1494_emotion_1,Uxuthelwe inkamnkam obanga ubunyholi,['sadness'],['surprise'],"['sadness', 'surprise']","['sadness', 'surprise']"
isixhosa_text_1607_emotion_1,UDumza ubhiyozela isingqi saseAfrika ngomculo,['joy'],['joy'],['joy'],['joy']
isixhosa_text_603_emotion_1,Lithuba elihle leGhana lokugodusa uLuis Suarez ephaca,['joy'],['joy'],['joy'],['joy']
isixhosa_text_406_emotion_1,Huntshu bootitshala ngomsebenz’ omhle!,['joy'],['joy'],['joy'],['joy']
isixhosa_text_698_emotion_1,UJoyi unephupha elinye ebomini bakhe,[],[],[],[]
isixhosa_text_1965_emotion_1,Ootitshala baseBhayi bagxeka isebe,['sadness'],['anger'],['anger'],['anger']
isixhosa_text_1005_emotion_1,Kutshaywa icuba lomgunyathi eBhayi,['sadness'],['surprise'],['surprise'],['surprise']
isixhosa_text_902_emotion_1,Unyana ubanjelwe ukubulala unina,['sadness'],"['sadness', 'surprise']","['sadness', 'surprise']","['sadness', 'surprise']"
isixhosa_text_104_emotion_1,Uzimanya ngeqhina lomtshato Nyan Nyan!,['joy'],['joy'],['joy'],['joy']
isixhosa_text_2157_emotion_1,Igwetyiwe ingcibi eyabulala umkhwetha ifuna iR100,['joy'],"['sadness', 'surprise']","['sadness', 'surprise']","['sadness', 'surprise']"
isixhosa_text_1162_emotion_1,Indoda ixhaxhwe yabhubha kwifama yodumo,['sadness'],"['sadness', 'surprise']",['sadness'],['sadness']
isixhosa_text_787_emotion_1,Isikolo saseGcuwa siphiwe ibala elitsha nguMultiChoice!,['joy'],['joy'],['joy'],['joy']
isixhosa_text_1890_emotion_1,Ixuthwe ilindele ukutyiwa igusha ebiweyo yomcimbi,['joy'],['surprise'],['surprise'],['surprise']
isixhosa_text_93_emotion_1,Umasipala ombaxa waseBuffalo City kunye nee-arhente zogcino,[],[],[],[]
isixhosa_text_1157_emotion_1,Abambene ngeqanda eNelson Mandela Bay Stadium,[],[],[],[]
isixhosa_text_1214_emotion_1,Iza kufika ikrismesi sele besonge izandla abadala,['sadness'],['sadness'],['sadness'],['sadness']
isixhosa_text_280_emotion_1,Iyeke umdlalo Highlands Park sowusesandleni namhlanje eSisa Dukashe Stadium,['sadness'],['surprise'],['sadness'],['sadness']
isixhosa_text_1280_emotion_1,Likhuphe ingoma ibandla laseMthatha,['joy'],['joy'],['joy'],['joy']
isixhosa_text_1328_emotion_1,"Ubulungisa kwinkondekazi eyabhubhela ""ukuthakatha""",['sadness'],['sadness'],['sadness'],['sadness']
isixhosa_text_56_emotion_1,Isilumkiso kwiSACP engenela unyulo eAlfred Nzo,[],['fear'],['fear'],['fear']
isixhosa_text_1413_emotion_1,Ixhego(70) lakrwintsha libulala imtombi yalo(13) eNgqamakwe kunyaka ophelikeyo | EC Indab,['sadness'],"['sadness', 'surprise']","['sadness', 'surprise']","['sadness', 'surprise']"
isixhosa_text_1645_emotion_1,Ugwetyiwe owabulala usapho elityhola ngokuthakatha!,['joy'],"['sadness', 'surprise']","['sadness', 'surprise']","['sadness', 'surprise']"
isixhosa_text_173_emotion_1,1897: Ubhubhane weenkomo iRenepesi,['sadness'],['sadness'],[],['sadness']
isixhosa_text_1066_emotion_1,Abajongene netyala lezindlu zangasese zaseAmathole bavela enkundleni kusasa!,"['joy', 'sadness']",['surprise'],['surprise'],['surprise']
isixhosa_text_218_emotion_1,Wandiliseka umngcwabo ka Kumkan’uZwelonke!,['sadness'],['joy'],['joy'],['joy']
isixhosa_text_1514_emotion_1,Ibeyimpumelelo engumangaliso i-Ubank Tournament,['joy'],['joy'],['joy'],['joy']
isixhosa_text_1736_emotion_1,Kubhubhe abahlanu kwingozi yemoto eKariega,['sadness'],['sadness'],['sadness'],['sadness']
isixhosa_text_1550_emotion_1,Zohamb'iintsizwa kosal'izibongo | EC Indab,['sadness'],['joy'],[],[]
isixhosa_text_335_emotion_1,Kukhunjulwa amaxhoba entlekele yaseBawa,['sadness'],['sadness'],['sadness'],['sadness']
isixhosa_text_1807_emotion_1,Kubanjwe Owasetyhini ngezityholo zokudlwengula intombazana ekwishumi elivisayo ngobusuku bangaphambi kweKrisimesi | EC Indab,['sadness'],"['sadness', 'surprise']","['sadness', 'surprise']","['sadness', 'surprise']"
isixhosa_text_1332_emotion_1,Ubelixhoba lodlwengulo umkhweli e Graaf,['sadness'],"['sadness', 'surprise']",['sadness'],['sadness']
isixhosa_text_1224_emotion_1,Iqhawulwe umlenze yabulawa inkosikazi!,['sadness'],"['sadness', 'surprise']","['sadness', 'surprise']","['sadness', 'surprise']"
isixhosa_text_675_emotion_1,Uvavanyo - 2016 Suzuki Vitara GL+,[],[],[],[]
isixhosa_text_1857_emotion_1,Ubuyele kwiBafana unyana wolahleko,['joy'],['joy'],['joy'],['joy']
isixhosa_text_1039_emotion_1,Uwongwe ngenxa yokubalasela utitshala wesiXhosa,['joy'],['joy'],['joy'],['joy']
isixhosa_text_2013_emotion_1,Kudutyulwe kwabulawa abakhwetha abathathu eTsomo,['sadness'],"['sadness', 'surprise']","['sadness', 'surprise']","['sadness', 'surprise']"
isixhosa_text_444_emotion_1,Umjuxuzo umke nemiphefumlo yabafundi eWSU,['sadness'],['sadness'],"['sadness', 'surprise']",['sadness']
isixhosa_text_1198_emotion_1,Ukubaluleka kokushiya incwadi yeLifa ekhaya,[],[],[],[]
isixhosa_text_798_emotion_1,Libhubhile ipolisa elidutyulwe ngunqevu obhubhileyo,['sadness'],['sadness'],['sadness'],['sadness']
isixhosa_text_1640_emotion_1,Amakhosi ayithunuke iStellenbosch yaswaya endleleni,['sadness'],['joy'],['joy'],['joy']
isixhosa_text_662_emotion_1,UNathi Mankayi ubanjelwe ubusela kwakhona!,['sadness'],['surprise'],['surprise'],['surprise']
isixhosa_text_1501_emotion_1,Kuphinde kwadutyulwa ilungu leANC,['sadness'],"['sadness', 'surprise']","['sadness', 'surprise']","['sadness', 'surprise']"
isixhosa_text_691_emotion_1,Bazilungiselela inkomfa yeANC ephondweni,[],['joy'],[],[]
isixhosa_text_287_emotion_1,Ifuthe leeNkosi ezingengoTyhali kaNgqika,[],[],[],[]
isixhosa_text_1150_emotion_1,UJohannes usanxanelwe ezinye iindebe,['joy'],['joy'],[],['joy']
isixhosa_text_1434_emotion_1,Amashumi amabini eminyaka yasekwayo iNdlu yeeNkosi zePhondo leMpuma Kapa,['joy'],['joy'],['joy'],['joy']
isixhosa_text_1641_emotion_1,URamaphosa ukhalimela ukubulawa kwamapolisa,['sadness'],['sadness'],['sadness'],['sadness']
isixhosa_text_814_emotion_1,Ulutsha luxakathiswe ngezakhono zoshishino,['joy'],['joy'],['joy'],['joy']
isixhosa_text_1099_emotion_1,Kuxoxwa ngeendlela ezihlawulelwayo eRhawutini,[],[],[],[]
isixhosa_text_579_emotion_1,Babhaqiwe ooMy Friend abathengisa ukutya okuphelelweyo,['sadness'],"['anger', 'sadness']",['anger'],"['sadness', 'anger']"
isixhosa_text_1412_emotion_1,Kudibene iincutshe zelizwe eMonti,['joy'],['joy'],['joy'],['joy']
isixhosa_text_407_emotion_1,Kubhubhe abathathu abazalanayo kwingozi eGcuwa,['sadness'],"['anger', 'sadness']",['sadness'],['sadness']
isixhosa_text_2120_emotion_1,UGamondi akonwabanga ngenxa yesigqibo esithathwe yiVAR!,"['anger', 'sadness']","['sadness', 'surprise']",['anger'],"['anger', 'sadness']"
isixhosa_text_1693_emotion_1,Unyana ubulele uyise ngehamile,['sadness'],"['sadness', 'surprise']","['sadness', 'surprise']","['sadness', 'surprise']"
isixhosa_text_1031_emotion_1,Umculo weMi Casa wondla iimbhedlenge,['joy'],['joy'],['joy'],['joy']
isixhosa_text_1886_emotion_1,"EWellington, Amabhokobhoko aza kunyuka umnqantsa",[],['joy'],['joy'],['joy']
isixhosa_text_197_emotion_1,Inguqu baza kuyilwa kusiphuke izicithi!,[],['joy'],['anger'],[]
isixhosa_text_95_emotion_1,"Imvula enethe ngamandla Kulempelaveki sisuka kuyo kwiphondo leMpuma Koloni, ishiye izikhukhula eGarden Route | EC Indab",['sadness'],['sadness'],['sadness'],['sadness']
isixhosa_text_343_emotion_1,"Lumkani ngeli xesha leziyunguma, kutsho abakwaTyeks",['fear'],['fear'],['fear'],['fear']
isixhosa_text_723_emotion_1,"Kuduke abatshana, wabanjwa umalume!",['sadness'],"['anger', 'sadness', 'surprise']",['surprise'],"['sadness', 'surprise']"
isixhosa_text_1415_emotion_1,Babuyele enkundleni abanikazi bethaveni eNyobeni | EC Indab,[],['anger'],['sadness'],[]
isixhosa_text_738_emotion_1,Wadlwengulelwa umntwana kwisikolo sabakhubazekileyo,['sadness'],"['anger', 'disgust', 'sadness']",['sadness'],['sadness']
isixhosa_text_1637_emotion_1,Inkqubo yencoko entsha kwiSABC 2,[],['joy'],['joy'],['joy']
isixhosa_text_132_emotion_1,Ithemba elitsha kwimveliso yeMacadamia,['joy'],['joy'],['joy'],['joy']
isixhosa_text_275_emotion_1,Yiminyaka ilishumi ehlala emotweni,['sadness'],['sadness'],['surprise'],['sadness']
isixhosa_text_1161_emotion_1,UGogo waseMthatha ubanjelwe ubuqhophololo beRAF | EC Indab,['sadness'],['surprise'],['surprise'],['surprise']
isixhosa_text_117_emotion_1,Amantombazana anyulu aza kubhiyoza noZwelonke,['joy'],['joy'],['joy'],['joy']
isixhosa_text_1170_emotion_1,Kukhunjulwa ogetyengwe kwivenkile yokutya!,['sadness'],['surprise'],['sadness'],['sadness']
isixhosa_text_372_emotion_1,Sisisi Tolashe phakama mfazi!,[],[],['anger'],[]
isixhosa_text_2070_emotion_1,"Lanquma inqatha eMnquma, amanzi ayaphela",['sadness'],"['sadness', 'surprise']",['fear'],['sadness']
isixhosa_text_1364_emotion_1,Inkosikazi yasePort Alfred ibulewe zizinja,['sadness'],"['sadness', 'surprise']",['sadness'],['sadness']
isixhosa_text_464_emotion_1,‘Ndiza kubabetha bonke apha eMzantsi Afrika’,['anger'],['surprise'],['anger'],['anger']
isixhosa_text_614_emotion_1,Inzwakazi yaseNgcobo isasaza iOPW!,['joy'],['joy'],['joy'],['joy']
isixhosa_text_1791_emotion_1,Uvela enkundleni ofunyenwe neziyobisi ezixabisa izigidi ezintathu zeerandi!,['joy'],['surprise'],"['sadness', 'surprise']",['surprise']
isixhosa_text_952_emotion_1,Ukuthathwa kukaJessica Motaung yiCAF kuqhwatyelwe izandla nguSafa,['joy'],['joy'],['joy'],['joy']
isixhosa_text_380_emotion_1,UBaxter angadlula kwiPirates kweli tyeli?,[],['fear'],[],[]
isixhosa_text_74_emotion_1,Ibulewe yashiyeka iqungquluze esitalatweni indoda eKapa,['sadness'],"['anger', 'disgust', 'sadness']","['sadness', 'surprise']",['sadness']
isixhosa_text_1420_emotion_1,Inkampani yamafutha iphuhlisa imidlalo eGcuwa,['joy'],['joy'],['joy'],['joy']
isixhosa_text_1833_emotion_1,Isilo esintlaluza iintloko zeegusha ziphila,['sadness'],"['fear', 'surprise']",['fear'],['fear']
isixhosa_text_1414_emotion_1,Imbuyekezo ye-R50 000 konolwazi ngokubulawa kukasisi kuLuckeez woMhlobo Wenene,['sadness'],['sadness'],[],['sadness']
isixhosa_text_1942_emotion_1,Igosa lezendlela lidliwe iR8 000 emva kwesinyobo seR800,"['sadness', 'surprise']",['surprise'],['surprise'],['surprise']
isixhosa_text_1535_emotion_1,Amakhwenkwe amabini afunyenwe ebhubhile eGebane,['sadness'],['sadness'],['sadness'],['sadness']
isixhosa_text_1131_emotion_1,Etshatshalazeni nguPitso namadoda amathathu ngoMgqibelo!,[],['joy'],['joy'],['joy']
isixhosa_text_1729_emotion_1,Isikolo seenkedama sifumene umbane,['joy'],['joy'],['joy'],['joy']
isixhosa_text_12_emotion_1,Inkolo yemveli ilwa ubuKrestu,['sadness'],[],['fear'],[]
isixhosa_text_1403_emotion_1,Bancedwe lixhwele abebehlutshwa ‘sisithunzela’,['joy'],['sadness'],['joy'],['joy']
isixhosa_text_742_emotion_1,I-AIP ifuna kuxhaswe amaphephandaba asekuhlaleni,['joy'],['joy'],[],['joy']
isixhosa_text_268_emotion_1,Uthi ufuna ukunceda abaphelelwe lithemba owagaxeleka kwiziyobisi nokuthengisa ngomzimba ngenxa yemphatho,['joy'],['joy'],['joy'],['joy']
isixhosa_text_1964_emotion_1,Bachithe ityotyombe lomtyholwa eQandu Qandu,['sadness'],['sadness'],['surprise'],['sadness']
isixhosa_text_1738_emotion_1,"UZindzi ungcwatywa ngoLwesihlanu, ufunyaniswe eneCovid-19",['sadness'],['sadness'],['sadness'],['sadness']
isixhosa_text_114_emotion_1,Musa ukuba lixhoba lolwaphulo-mthetho oluqhubeka kumaqonga onxibelelwano,['sadness'],['fear'],[],[]
isixhosa_text_1179_emotion_1,Wancedwa sisitulo esinamavili sowabhubhayo okhubazekileyo!,['joy'],['joy'],['surprise'],['joy']
isixhosa_text_793_emotion_1,"Ithath’ indebe iAustralia, bashiyeka bengqukrulela aboMzantsi Afrika!","['joy', 'sadness']",['sadness'],['sadness'],['sadness']
isixhosa_text_2125_emotion_1,U-Trollip ubhengezwe njengomgqatswa oyinkulumbuso we,['joy'],['joy'],['joy'],['joy']
isixhosa_text_1703_emotion_1,Kubhubhe Abantu Abahlanu kwingozi eyenzeke eSulenkama kuQumbu | EC Indab,['sadness'],['sadness'],['sadness'],['sadness']
isixhosa_text_1623_emotion_1,Ibekwe ngokusesikweni inkosi yaMakiti,['joy'],['sadness'],['sadness'],['sadness']
isixhosa_text_2147_emotion_1,UKriel uliphakamisele phezulu ilizwe lakhe,['joy'],['joy'],['joy'],['joy']
isixhosa_text_1417_emotion_1,Kuza kuhlolwa umgada kuzo zonke izilwanyana zelali yesihelegu kuQumbu,['joy'],[],['joy'],['joy']
isixhosa_text_871_emotion_1,Iqela lesizwe libuyela eMonti kwakhona!,['joy'],['joy'],['joy'],['joy']
isixhosa_text_1079_emotion_1,UShakes Mashaba unqunyanyisiwe yiSAFA,['sadness'],['sadness'],['sadness'],['sadness']
isixhosa_text_1022_emotion_1,USodolophu waseNgqushwa undwendweleisikolo samabanga aphezulu iMidushane kwilali yakwaNgqwele | EC Indab,['joy'],['joy'],['joy'],['joy']
isixhosa_text_305_emotion_1,Uhlaziyo lweendlela aseMpuma Koloni ekufuneka uyazi ngaphambi kokuba uhambe | EC Indab,[],[],[],[]
isixhosa_text_254_emotion_1,UKaizer Motaung umkhulule ngamazwi amnandi uEric Mathoho,['joy'],['joy'],"['joy', 'sadness']",['joy']
isixhosa_text_1390_emotion_1,Ikhaya elitsha lokungcakaza eMthatha,['joy'],['joy'],['joy'],['joy']
isixhosa_text_725_emotion_1,Inkosikazi ebixokile ikhululwe ngebheyile,['sadness'],[],['surprise'],[]
isixhosa_text_154_emotion_1,Uloyisile idabi lomhlaza webele,['joy'],['joy'],['joy'],['joy']
isixhosa_text_801_emotion_1,"Wathint’ abafazi, wathint’ imbokodo",['anger'],['anger'],['anger'],['anger']
isixhosa_text_701_emotion_1,AbakwaEskom abafuni rontawuli kwaGodongwana,['sadness'],['surprise'],['anger'],[]
isixhosa_text_57_emotion_1,IBIYINKUNGU NELANGA ESOJONISI KwiSingqisethu Festival | EC Indab,['joy'],[],['joy'],['joy']
isixhosa_text_1459_emotion_1,Umdliva wolonwabo Ebubeleni eBhayi,['joy'],['joy'],['joy'],['joy']
isixhosa_text_13_emotion_1,Uvavanyo: 2016 Jaguar XE 20d R-Sport,[],[],[],[]
isixhosa_text_2268_emotion_1,Kwenzeke esinye isihelegu eWalter Sisulu University,['sadness'],['surprise'],['sadness'],['sadness']
isixhosa_text_2236_emotion_1,Amakhosi ayophisa emva kokuquthiswa yiChippa United ebaleka izembe!,['sadness'],['joy'],['joy'],['joy']
isixhosa_text_2181_emotion_1,Idabi lesiqwengana somhlaba eSite C!,['sadness'],['surprise'],['joy'],[]
isixhosa_text_970_emotion_1,Baphelelwa ngamathemba abadukelwe yintombi yabo,['sadness'],['sadness'],['sadness'],['sadness']
isixhosa_text_716_emotion_1,AmaMpondo aguqukela kwinkolo yobuSilamsi,['surprise'],[],[],[]
isixhosa_text_1010_emotion_1,Amapolisa afumene umzimba wendoda eKei Road,['sadness'],['sadness'],"['sadness', 'surprise']",['sadness']
isixhosa_text_20_emotion_1,"Libhaqwe lihamba ze, libhubhile ixhegwazana",['sadness'],['sadness'],"['sadness', 'surprise']",['sadness']
isixhosa_text_1771_emotion_1,‘Ayindim obulala abantu eDikeni’,[],['sadness'],['sadness'],['sadness']
isixhosa_text_803_emotion_1,"IKings izakubuyisa isixhiba kwiSharks, eBhayi",[],['joy'],[],[]
isixhosa_text_120_emotion_1,Baza kunyuka umnqantsa aBafana Bafana emdlalweni wanamhlanje,[],['joy'],['joy'],['joy']
isixhosa_text_1292_emotion_1,UNomeva uthi soze abethelwe e-Orient Theatre,[],['joy'],['anger'],[]
isixhosa_text_2094_emotion_1,Wafa-Wafa: Kuzaw’fiwa kwiMTN8 ngempelaveki!,['joy'],['joy'],['joy'],['joy']
isixhosa_text_1571_emotion_1,Ubomi kwisidlwengu emva kweminyaka eli12,['sadness'],[],[],[]
isixhosa_text_1556_emotion_1,Babhubhe belungiselela ukungcwaba eNgcobo,['sadness'],['sadness'],['sadness'],['sadness']
isixhosa_text_802_emotion_1,UDavid Notoane ugcotyiswe kukuphumelela kwaBafana Bafana,['joy'],['joy'],['joy'],['joy']
isixhosa_text_1143_emotion_1,Inkcubeko yethu ibonakala kwiilwimi zethu,[],['joy'],[],[]
isixhosa_text_164_emotion_1,Baqhushumbisa amangcwaba egameni lophuhliso,['sadness'],['disgust'],"['anger', 'surprise']",[]
isixhosa_text_2058_emotion_1,Babhiyozele usuku lamagugu ngokutya kwesintu,['joy'],['joy'],['joy'],['joy']
isixhosa_text_1215_emotion_1,Ichongwe kwiqela likazwelonke intwazana yaseCala,['joy'],['joy'],['joy'],['joy']
isixhosa_text_2238_emotion_1,Ulinde ukungcwatywa iinyanga ezintandathu ngenxa yeDNA,['sadness'],['sadness'],"['sadness', 'surprise']",['sadness']
isixhosa_text_244_emotion_1,Ubomi ejele kwindoda edlwengule inkwenkwe!,['joy'],['anger'],"['sadness', 'surprise']",[]
isixhosa_text_2042_emotion_1,UBeyonce noJay Z balizwe ngamawele,['joy'],['joy'],['joy'],['joy']
isixhosa_text_2215_emotion_1,Kubanjwe Abantu abalishumi elinesihlanu abayanyaniswa nokubulala kwakwaNokholeji | EC Indab,['sadness'],['surprise'],['sadness'],['sadness']
isixhosa_text_1144_emotion_1,Imbongi ikhuthuzwe ngosuku lweValentine,['sadness'],['sadness'],['sadness'],['sadness']
isixhosa_text_1236_emotion_1,Indoda eyayigula ngengqondo yabethwa yatshiswa yabhubhela eMakiwane,['sadness'],['sadness'],['sadness'],['sadness']
isixhosa_text_1859_emotion_1,Abulalana kwiCarling Black Label amaqela amakhulu!,[],['joy'],['joy'],['joy']
isixhosa_text_1146_emotion_1,Inxanelwe impumelelo kwidabi lasekhaya iSouthern Kings,['joy'],['joy'],[],['joy']
isixhosa_text_756_emotion_1,Abanikazi be-Enyobeni Tavern bahlawuliswe i,['joy'],['anger'],[],[]
isixhosa_text_1611_emotion_1,Ityikitye abadlali abathathu iMaritzburg United,['joy'],['joy'],['joy'],['joy']
isixhosa_text_703_emotion_1,UNkohla ulala ngengubo enye neqela elitsha lezopolitiko,[],['joy'],['sadness'],[]
isixhosa_text_2139_emotion_1,Icela iivoti zeeMetro kuwe iSoul Kulture,[],['joy'],['joy'],['joy']
isixhosa_text_1014_emotion_1,Omnye umrhanelwa ekuxhwilweni kwexhego eMbizana,['sadness'],"['anger', 'disgust', 'sadness']",['sadness'],['sadness']
isixhosa_text_2231_emotion_1,IThunderbirds inethuba lokuphumelela iSasol League!,['joy'],['joy'],['joy'],['joy']
isixhosa_text_711_emotion_1,Baphumelele iMatriki kodwa nkqi iziqinisekiso,['sadness'],['sadness'],['sadness'],['sadness']
isixhosa_text_2060_emotion_1,UZikalala uyaxolisa ngokubhaxabula umfana orhanelwa ngokuzidaphulela,[],['surprise'],['sadness'],[]
isixhosa_text_1067_emotion_1,Abafundi eMpuma Koloni balaliswe esibhedlele bekrokrelwa ukuba batyhefeke ekutyeni | EC Indab,['sadness'],['sadness'],['sadness'],['sadness']
isixhosa_text_1991_emotion_1,Kubhubhe isibini kwingozi eGcuwa,['sadness'],['sadness'],['sadness'],['sadness']
isixhosa_text_835_emotion_1,Ugwetyiwe owabulala indoda kuba imkhombile,['joy'],"['sadness', 'surprise']","['sadness', 'surprise']","['sadness', 'surprise']"
isixhosa_text_448_emotion_1,Aphinde afunana esiqwini amadoda aseBhayi,['sadness'],['anger'],['surprise'],[]
isixhosa_text_1619_emotion_1,Inzalelwane yaseMdantsane izenzela udumo kwiifilim,['joy'],['joy'],['joy'],['joy']
isixhosa_text_1141_emotion_1,Owanqunqa uNosicelo ufumene igqwetha,[],['disgust'],[],[]
isixhosa_text_1839_emotion_1,Deda mhlangala endaweni yenyhwagi,['joy'],['joy'],['joy'],['joy']
isixhosa_text_918_emotion_1,Wathi kuRAF ebephepha iteksi kanti ingozi ibangelwe kukuxhuzula kwakhe,['sadness'],['surprise'],['sadness'],['sadness']
isixhosa_text_1698_emotion_1,Uzakungcwatywa ngokomoya uDavid Stuurman eHankey,['sadness'],['sadness'],['sadness'],['sadness']
isixhosa_text_992_emotion_1,Unomji ngesatifikethi sebanga leshumi,[],['joy'],['joy'],['joy']
isixhosa_text_1245_emotion_1,Ndixhamla inkululeko mna andazi wena!,['joy'],['anger'],['anger'],['anger']
isixhosa_text_387_emotion_1,Ugwetyiwe owadlwengula inkosikazi phambi kwendoda yayo,"['joy', 'sadness']","['disgust', 'sadness']",[],['sadness']
isixhosa_text_224_emotion_1,Usizi besokola amanzi amdaka,"['disgust', 'sadness']",['sadness'],['sadness'],['sadness']
isixhosa_text_1830_emotion_1,Yamkelwe ngezandla ezishushu intwazana ebidlwengulwe yagojwa amehlo eMount Ayliff | EC Indab,"['joy', 'sadness']",['sadness'],['joy'],"['joy', 'sadness']"
isixhosa_text_1825_emotion_1,"Isidumbu kwilali yaseWesley, eNgqushwa!",['sadness'],"['sadness', 'surprise']","['sadness', 'surprise']","['sadness', 'surprise']"
isixhosa_text_2078_emotion_1,Utyala umthi eBhayi uTrollip,['joy'],['joy'],['joy'],['joy']
isixhosa_text_1970_emotion_1,Umbhashe wokhe ibala lokuvavanya abaqhubi eDutywa,['joy'],['joy'],['joy'],['joy']
isixhosa_text_2117_emotion_1,Unikwe ibheyile ofunyenwe  enomkhono wekati,[],['surprise'],['surprise'],['surprise']
isixhosa_text_713_emotion_1,Libanjelwe isatifikethi sikaGrade 12 somgunyathi iGosa lezeMpilo,['sadness'],['surprise'],['surprise'],['surprise']
isixhosa_text_594_emotion_1,Uncedo kwintwazana edlwengulwe amatyeli ngamatyeli eNgcobo,['sadness'],"['anger', 'sadness']",['sadness'],['sadness']
isixhosa_text_1553_emotion_1,"Obekade exwaywa, namhlanje sisifundiswa",['joy'],['joy'],['joy'],['joy']
isixhosa_text_547_emotion_1,Amanqanaba asixhenxe omtshato oyimpumelelo,[],[],[],[]
isixhosa_text_1604_emotion_1,Bathathu(3) ababhubhileyo logama bebathathu(3) abasindileyo kudubulwano olwenzeke eSajonisi kude kufuphi naseMtata. | EC Indab,['sadness'],['sadness'],['sadness'],['sadness']
isixhosa_text_554_emotion_1,UMasualle uqhwabela izandla umzi wakwa-VW,['joy'],['joy'],['joy'],['joy']
isixhosa_text_259_emotion_1,Ixhoba lengozi emanyumnyezi elifunyenwe ku,['sadness'],['sadness'],['sadness'],['sadness']
isixhosa_text_344_emotion_1,Umama wabantwana abahlanu ulwa nesifo esingaqondakaliyo emva kokukhupha amazinyo | EC Indab,['sadness'],['sadness'],['sadness'],['sadness']
isixhosa_text_165_emotion_1,Makupula: Ebeneempawu zenkubazeko uLumka,['sadness'],['sadness'],['sadness'],['sadness']
isixhosa_text_1133_emotion_1,Ugxekiwe ngamapolisa umyalezo oshicilelweyo nomemelela udlame!,['anger'],['fear'],['surprise'],[]
isixhosa_text_1718_emotion_1,Kubhubhe abantu ababini(2) kwingozi eyenzeke eBerlin | EC Indab,['sadness'],['sadness'],['sadness'],['sadness']
isixhosa_text_1884_emotion_1,‘Andiyazi yintoni eyabonwa kum’- Makupula,[],[],[],[]
isixhosa_text_1433_emotion_1,Ikhubazekile intlalo yesikolo sabakhubazekileyo,['sadness'],['sadness'],['sadness'],['sadness']
isixhosa_text_2044_emotion_1,Inkosikazi igwetywe iminyaka elishumi elinesibini ngokudlwengula inkwenkwe,"['joy', 'sadness', 'surprise']","['sadness', 'surprise']","['sadness', 'surprise']","['sadness', 'surprise']"
isixhosa_text_88_emotion_1,Kubhubhe omnye umkhwetha kuQumbu,['sadness'],['sadness'],"['sadness', 'surprise']",['sadness']
isixhosa_text_1439_emotion_1,USakala noogxa bakhe banqunyanyisiwe,['sadness'],['sadness'],['sadness'],['sadness']
isixhosa_text_1334_emotion_1,Inkosikazi yokuqala ibanga amagunya,[],['surprise'],['surprise'],['surprise']
isixhosa_text_961_emotion_1,Ingozi emasikizi eGcuwa idlule nomphefumlo,['sadness'],['sadness'],['sadness'],['sadness']
isixhosa_text_1737_emotion_1,Kuphangwe abakhenkethi baseGermany eDutywa!,['sadness'],['surprise'],['surprise'],['surprise']
isixhosa_text_576_emotion_1,Lafundela emlanjeni ukubumba nokuzoba inenekazi laseBhayi,['joy'],"['joy', 'surprise']",[],['joy']
isixhosa_text_827_emotion_1,Abarhanelwa abathathu babanjwe ngezityholo zokubulala ipolisa,['sadness'],"['anger', 'disgust', 'sadness']",['sadness'],['sadness']
isixhosa_text_451_emotion_1,De Allende: Siza kugxila kwiimpazamo zethu,[],[],[],[]
isixhosa_text_806_emotion_1,Isebugxwayibeni indlu kaDDT Jabavu,['sadness'],['sadness'],['sadness'],['sadness']
isixhosa_text_754_emotion_1,Lilahlekelwe ilizwe loMzantsi Afrika........,['sadness'],['disgust'],['sadness'],['sadness']
isixhosa_text_2234_emotion_1,Udliwe iR5 000 ngokusilela ukuthobela imiqathango yeLockdown,['sadness'],['surprise'],['surprise'],['surprise']
isixhosa_text_330_emotion_1,Umqeqeshi woonobuhle ujolise ekunyuseni ukuzithemba,['joy'],['joy'],['joy'],['joy']
isixhosa_text_59_emotion_1,Bawelwe yindlu belele babhubha,['sadness'],['sadness'],"['sadness', 'surprise']",['sadness']
isixhosa_text_1427_emotion_1,Ukungayazi imbali kubulala isiXhosa,['sadness'],['sadness'],['sadness'],['sadness']
isixhosa_text_1982_emotion_1,Kulwe ababambelene ngentombazana kwaphuma isidumbu,['sadness'],"['sadness', 'surprise']",['surprise'],"['sadness', 'surprise']"
isixhosa_text_722_emotion_1,UZidane akaqinisekanga ngekamva lakhe,['fear'],['sadness'],"['fear', 'sadness']","['fear', 'sadness']"
isixhosa_text_2241_emotion_1,Batakataka phezu komchamo nelindle kwaDwesi,"['disgust', 'sadness']",['disgust'],"['disgust', 'sadness']","['disgust', 'sadness']"
isixhosa_text_2177_emotion_1,Umzali: ‘Ndidinga uncedo phondo leengqwele!’,[],['sadness'],['sadness'],['sadness']
isixhosa_text_333_emotion_1,UBuyele kowabo umqeqeshi obedukile,['joy'],['joy'],['joy'],['joy']
isixhosa_text_1696_emotion_1,Uyaxobuka umfanekiso oqingqiweyo kaTutu,['sadness'],['sadness'],['sadness'],['sadness']
isixhosa_text_2158_emotion_1,Umfundisi waseZCC kwizityholo zokudlwengula intwazana engaphilanga,['sadness'],['sadness'],['sadness'],['sadness']
isixhosa_text_1327_emotion_1,Kukhalinyelwa ukubiwa kwezandla zikaBiko engcwabeni lakhe!,['sadness'],"['fear', 'surprise']",['surprise'],['surprise']
isixhosa_text_668_emotion_1,Inkxaso yeR40m kumashishini amancinane,['joy'],['joy'],['joy'],['joy']
isixhosa_text_702_emotion_1,UMphathiswa: ‘Kunzima nowubiza lo msunu’,['anger'],['surprise'],['anger'],['anger']
isixhosa_text_1137_emotion_1,Liza kubhubhela ejele ixhego eladlwengula umzukulwana!,['sadness'],"['sadness', 'surprise']",['sadness'],['sadness']
isixhosa_text_430_emotion_1,UNzimande uzikhabile izityholo ezigwenxa kwingxelo yeOUTA | EC Indab,['joy'],[],['anger'],[]
isixhosa_text_1797_emotion_1,Lithande ukuqaqamba nangakumbi ikamva likaMafa Bavuma!,['joy'],['joy'],['joy'],['joy']
isixhosa_text_2067_emotion_1,Italente yaseWalmer iza kubonwa lilizwe,['joy'],['joy'],['joy'],['joy']
isixhosa_text_1735_emotion_1,Amadoda ziindladiya zeendlavini ewonke,['anger'],"['anger', 'disgust']",['anger'],['anger']
isixhosa_text_1940_emotion_1,Kubanjwe abathathu ngokubulala eKuyasa,['sadness'],['sadness'],['sadness'],['sadness']
isixhosa_text_415_emotion_1,Ibanjwa libethe elinye lalophula amazinyo eziseleni,['sadness'],"['anger', 'sadness']","['sadness', 'surprise']",['sadness']
isixhosa_text_1341_emotion_1,Ubanjwe emva kokuhlasela umhlobo wakhe ngekrele,"['joy', 'sadness']",['surprise'],"['sadness', 'surprise']","['sadness', 'surprise']"
isixhosa_text_354_emotion_1,UGustavo Paez noKhune balwe kwamdak’iisali,['joy'],['anger'],['joy'],['joy']
isixhosa_text_1636_emotion_1,Kuye kubanzima eMtata! Abantu babulawa mihla le. | EC Indab,['sadness'],['sadness'],['sadness'],['sadness']
isixhosa_text_1101_emotion_1,USteven Pienaar uguzulwe yiWits kwakusasa!,['sadness'],['surprise'],['sadness'],['sadness']
isixhosa_text_1396_emotion_1,"Kubhubhe isibini, ze omnye wangxwelerheka kwisehlo sokudutyulwa eGqeberha | EC Indab",['sadness'],['sadness'],['sadness'],['sadness']
isixhosa_text_1575_emotion_1,Bazakuvela okokuqala kwinkundla yaseDimbaza namhlanje ababanjelwe umbhodamo wokubulala kwaNokholeji | EC Indab,['sadness'],['sadness'],['surprise'],['sadness']
isixhosa_text_1164_emotion_1,Ibuyile kwakhona iHeroes Marathon!,['joy'],['joy'],['joy'],['joy']
isixhosa_text_1939_emotion_1,Ivele enkundleni indoda eqhomfa izisu,['sadness'],['disgust'],['surprise'],[]
isixhosa_text_782_emotion_1,Kudutyulwe kwabulawa indoda kwisityholo esirhanelwa ukuba sinxulumene neqela lemigulukudu kwindawo yaseGqeberha | EC Indab,['sadness'],['sadness'],['sadness'],['sadness']
isixhosa_text_1677_emotion_1,Mabuyane: Ndibuthiye ukufa utywala!,[],"['anger', 'fear']",['anger'],['anger']
isixhosa_text_107_emotion_1,USomizi noMohale bayakumema emtshatweni wabo,['joy'],['joy'],['joy'],['joy']
isixhosa_text_529_emotion_1,UMabuyane ungenelele kundabamlonyeni weMioca Lodge yaseCala,['joy'],[],[],[]
isixhosa_text_5_emotion_1,Amapolisa aphanda ngetyala lokudutyulwa kubalalwe indoda eMdantsane,['sadness'],['sadness'],[],['sadness']
isixhosa_text_1678_emotion_1,Bakhululwe ngesilumkiso kwizityholo zokubhunyula iR37 million eMnquma,"['joy', 'sadness']",['surprise'],['surprise'],['surprise']
isixhosa_text_272_emotion_1,‘Sicela nokuba lityotyombe lekliniki’,['sadness'],['sadness'],['sadness'],['sadness']
isixhosa_text_626_emotion_1,"‘UZuma akasosibhanxa, akafundanga qha’",[],['surprise'],['anger'],[]
isixhosa_text_1920_emotion_1,UNdungane uncoma umdlalo omhle weBorder,['joy'],['joy'],['joy'],['joy']
isixhosa_text_2248_emotion_1,ISuperSport United abanjwe ngobhongwana yiZesco United koweCAF,[],['joy'],['joy'],['joy']
isixhosa_text_528_emotion_1,Ipolisa libanjwe ngezityholo zokufuna isinyobo,['sadness'],['disgust'],"['sadness', 'surprise']",['sadness']
isixhosa_text_1708_emotion_1,I’solezwe likhumbula incoko yalo noSis’ Ouma,[],[],['joy'],[]
isixhosa_text_1612_emotion_1,Usiwe esibhedlele ona-7 ofakwe ikhuni kwilungu langasese ngofunda uGrade 7!,['sadness'],"['sadness', 'surprise']",['surprise'],"['sadness', 'surprise']"
isixhosa_text_745_emotion_1,Inkulumbuso igxale emswaneni ikuyokuxhasa abo bonakalelweyo izolo. | EC Indab,['joy'],"['joy', 'sadness']",[],['joy']
isixhosa_text_162_emotion_1,AbaNtsundu bokuqala ukuhlohla isiXhosa kwiiYunivesithi zeli lizwe,['joy'],['joy'],['joy'],['joy']
isixhosa_text_1606_emotion_1,"Ubuqhophololo bubuqhophololo, qha qwaba",[],['anger'],['anger'],['anger']
isixhosa_text_1349_emotion_1,Uswelekile owayengumdlali wePirates ne-Arrows,['sadness'],['sadness'],['sadness'],['sadness']
isixhosa_text_986_emotion_1,Uluntu lulunyukiswa ngoonqevu abaqhweshe kwamantyi,['sadness'],['sadness'],"['sadness', 'surprise']",['sadness']
isixhosa_text_1360_emotion_1,"Umasipala waseBuffalo City uhlonipha, ukhumbula imbethi manqindi eyabulawayo ""Baby Lee"" | EC Indab",['sadness'],"['joy', 'sadness']",['joy'],"['sadness', 'joy']"
isixhosa_text_2165_emotion_1,IAl Ahly izakuhlinzeka iEsperance kumlenze wesibini | EC Indab,['sadness'],['joy'],['joy'],['joy']
isixhosa_text_1464_emotion_1,Abantu abayi-4 000 bosuleleke yiKhorona ngeentsuku ezimbini!,['sadness'],['surprise'],['surprise'],['surprise']
isixhosa_text_748_emotion_1,Alizokuvulwa ityala lusapho lomntwana obebethwe wabokoboko ekhutshwa amadimoni eTsomo!,['sadness'],['surprise'],['surprise'],['surprise']
isixhosa_text_94_emotion_1,UMajeke uthi ukulungele ukukhokela iSascoc!,['joy'],['joy'],['joy'],['joy']
isixhosa_text_532_emotion_1,Iphelile indlela yama-Arab emva kokubethwa yiFrance ngo’2-0,['sadness'],['sadness'],['sadness'],['sadness']
isixhosa_text_2027_emotion_1,‘Aphi amathambo onyana wam?’,['sadness'],['anger'],['sadness'],['sadness']
isixhosa_text_693_emotion_1,UMemela ufuna itshayele kwanto iPirates,['joy'],[],[],[]
isixhosa_text_1283_emotion_1,Injinga yonyaka ka2021 kuzwelonke: Keneilwe Neo Raphesu,[],['joy'],['joy'],['joy']
isixhosa_text_531_emotion_1,UMorgan Mammila ucacisa akufunayo kuCraig Martin ofikayo,[],[],[],[]
isixhosa_text_341_emotion_1,UMagashule unqumamise inkqubo yokunqunyanyiswa kwakhe,[],['surprise'],[],[]
isixhosa_text_1381_emotion_1,Usengxakini owazenza unozakuzaku waphelekwa ngamapolisa,['sadness'],['surprise'],['surprise'],['surprise']
isixhosa_text_763_emotion_1,Isebe leZemidlalo lizibophelele kwakhona kwiEC Rugby Super 14,['sadness'],['joy'],['joy'],['joy']
isixhosa_text_1741_emotion_1,IKonwaba kwiinkqubo zokuqeqesha uluntu,[],['joy'],['joy'],['joy']
isixhosa_text_683_emotion_1,Lakuxoxwa kunyaka ozayo ityala laseBCM,[],['surprise'],[],[]
isixhosa_text_1251_emotion_1,Baxhalabile abasebenzi ngeenguqu ezintsha kwirhafu,['fear'],['fear'],['fear'],['fear']
isixhosa_text_292_emotion_1,UMbali Ndzundzu ngumanqanqa wemithambo eMpuma Koloni,['joy'],['joy'],['joy'],['joy']
isixhosa_text_1318_emotion_1,Ukuxhatshazwa kubangele umama abulale umntwana!,['sadness'],['surprise'],"['sadness', 'surprise']","['sadness', 'surprise']"
isixhosa_text_402_emotion_1,Kubhubhe umkhwetha amnye ze abathathu bangeniswa esibhedlele eLusikisiki | EC Indab,['sadness'],['sadness'],['sadness'],['sadness']
isixhosa_text_697_emotion_1,Zilala endlini iigusha ngenxa yezinja,['sadness'],['fear'],['sadness'],['sadness']
isixhosa_text_1217_emotion_1,Kudutyulwe umama notata phambi kwabantwana,['sadness'],"['sadness', 'surprise']",['sadness'],['sadness']
isixhosa_text_1468_emotion_1,‘Ayisonwabisanga indawo elikuyo iqela’,['sadness'],['sadness'],['sadness'],['sadness']
isixhosa_text_682_emotion_1,Amasi abekwe elangeni kwi Bonkolo Marathon,['joy'],[],['fear'],[]
isixhosa_text_1798_emotion_1,Kuqhekezwe unogada ejongile eMthatha,['anger'],['surprise'],['surprise'],['surprise']
isixhosa_text_2123_emotion_1,UMapisa-Nqakula utyelele isikolo sakhe,['joy'],[],['joy'],['joy']
isixhosa_text_1793_emotion_1,Kubhubhe abantu Abathathu kwingozi kufutshane ne,['sadness'],['sadness'],['sadness'],['sadness']
isixhosa_text_1562_emotion_1,"Kubhubhe amadoda ethaveni, kwabanjwa umnikazindawo",['sadness'],['surprise'],"['sadness', 'surprise']","['sadness', 'surprise']"
isixhosa_text_297_emotion_1,UMkhwanazi ongafuni ukugonywa angagxothwa yiSuperSport United,['sadness'],"['fear', 'sadness']",['sadness'],['sadness']
isixhosa_text_2074_emotion_1,Bambulele ngenxa yevumba lenyama yebhokhwe!,['sadness'],['surprise'],['surprise'],['surprise']
isixhosa_text_781_emotion_1,IFort Hare inoxanduva lokuphuhlisa isiXhosa,['joy'],[],[],[]
isixhosa_text_449_emotion_1,Amavarara aquthiswe yiBlack Leopards emdlalweni weNedbannk Cup,[],"['sadness', 'surprise']",['sadness'],['sadness']
isixhosa_text_608_emotion_1,UKoti ubuyela eSABC ezokuphatha,['joy'],['joy'],['joy'],['joy']
isixhosa_text_42_emotion_1,UKatsande ufuna iChiefs inyuse igiya!,['anger'],[],['anger'],['anger']
isixhosa_text_119_emotion_1,Kukhangelwa izizalwane zamadoda amabini afunyenwe ebhubhile eGqeberha,['sadness'],['sadness'],['sadness'],['sadness']
isixhosa_text_854_emotion_1,USinyabi yintshatsheli  entsha yelizwe,['joy'],['joy'],['joy'],['joy']
isixhosa_text_2225_emotion_1,URabada wenze ezibukwayo kwiqakamba!,['joy'],['joy'],['joy'],['joy']
isixhosa_text_43_emotion_1,Pitso: Zimbini iindebe esijonge zona ngoku,[],[],['fear'],[]
isixhosa_text_1123_emotion_1,USam uvuyisana neqela leParalympics,['joy'],['joy'],['joy'],['joy']
isixhosa_text_1983_emotion_1,Ityendyana elineminyaka elishumi elinesixhenxe(17) libanjelwe ukubulala | EC Indab,['sadness'],"['sadness', 'surprise']",['surprise'],"['sadness', 'surprise']"
isixhosa_text_432_emotion_1,iRands inceda amaxhoba eTown 2,['joy'],['joy'],['joy'],['joy']
isixhosa_text_470_emotion_1,"""Ukukhululwa kukaPistorius ngengqawule kuthumela umyalezo ongalunganga kubaphuli-mthetho ",['sadness'],"['anger', 'sadness']","['anger', 'fear']","['sadness', 'anger']"
isixhosa_text_1003_emotion_1,Kutshiswe oololiwe ngelixa kuxoxwa ngokhuseleko lwabo!,['sadness'],['surprise'],['surprise'],['surprise']
isixhosa_text_2183_emotion_1,Isidumbu emva komlo woonoteksi,['sadness'],['sadness'],['sadness'],['sadness']
isixhosa_text_721_emotion_1,Uza kunqaba umbona kwihlabathi,['sadness'],['surprise'],[],[]
isixhosa_text_2105_emotion_1,UMaketa usenethemba lokuqeqesha kwinqanaba eliphezulu leqakamba,[],['joy'],['joy'],['joy']
isixhosa_text_1205_emotion_1,"Wone ngokucela ishumi “R1” wabulawa, nomrhanelwa wabulawa!",['sadness'],"['disgust', 'joy', 'sadness', 'surprise']","['sadness', 'surprise']","['sadness', 'surprise']"
isixhosa_text_689_emotion_1,Amapolisa athi azakuzigada ii-ambulensi eBhayi,['joy'],['fear'],['joy'],['joy']
isixhosa_text_2191_emotion_1,Ushiyeke eziseleni odlwengule amantombazana aselula,"['joy', 'sadness']","['sadness', 'surprise']",['sadness'],['sadness']
isixhosa_text_805_emotion_1,IRhabe yamkela abathandana besisini esinye,"['joy', 'sadness']",['joy'],['joy'],['joy']
isixhosa_text_63_emotion_1,Wenze imbali kwakhona uCha Le Clos,['joy'],['joy'],['joy'],['joy']
isixhosa_text_1893_emotion_1,Kubhubhe indoda emva kokutshayiswa yimoto,['sadness'],['sadness'],['sadness'],['sadness']
isixhosa_text_2079_emotion_1,"Imiboniso, umculo namawonga kwiECESA",[],['joy'],['joy'],['joy']
isixhosa_text_456_emotion_1,USiphesihle uzibona engusaziwayo wangomso,['joy'],['joy'],['joy'],['joy']
isixhosa_text_1545_emotion_1,ULuxolo Matikinca usungule itumente eza kunceda ulutsha eGcuwa!,['joy'],['joy'],['joy'],['joy']
isixhosa_text_216_emotion_1,Usana lukhalela ibele lukanina obhubhileyo,['sadness'],['sadness'],['sadness'],['sadness']
isixhosa_text_677_emotion_1,Uzakuba mde lo nyaka,[],['sadness'],[],[]
isixhosa_text_1891_emotion_1,Ndithukwe ndaxweba nguDr Nokuzola Mndende,['sadness'],['surprise'],['sadness'],['sadness']
isixhosa_text_1100_emotion_1,Isihelegu sokubulawa kwamakhosikazi eNgqushwa,['sadness'],['sadness'],['sadness'],['sadness']
isixhosa_text_1315_emotion_1,"Ubanjiwe umrhanelwa otyholwa ngokuqweqwedisa, ethimba abemi bangaphandle. | EC Indab","['joy', 'sadness']",['surprise'],['sadness'],['sadness']
isixhosa_text_1856_emotion_1,Babanjiwe oonqevu baseBhayi abangcungcuthekisa abahlali,"['joy', 'sadness']",['joy'],['joy'],['joy']
isixhosa_text_2199_emotion_1,Inceku yakwaLizwi izenzele entwaneni(16) kulomhlaba ungezantsi eMount Ayliff. | EC Indab,"['disgust', 'sadness', 'surprise']","['sadness', 'surprise']","['sadness', 'surprise']","['sadness', 'surprise']"
isixhosa_text_1473_emotion_1,"UMzantsi Afrika wonzakaliswe nguRocha, ePraia!",['sadness'],"['sadness', 'surprise']",['joy'],['sadness']
isixhosa_text_1530_emotion_1,Amazwe ehlabathi adibene ngamanzi eSweden,['joy'],['joy'],['joy'],['joy']
isixhosa_text_1011_emotion_1,Isithoba sibhubhe kwingozi emasikizi ku-R63,['sadness'],['sadness'],"['sadness', 'surprise']",['sadness']
isixhosa_text_1374_emotion_1,“Qal’ uyiva!” bamatshekile bebona umtyekezo wezulu,['surprise'],['surprise'],['surprise'],['surprise']
isixhosa_text_1900_emotion_1,Isinqandamathe sitshise amatyotyombe amane emva kwengxabano | EC Indab,['sadness'],"['sadness', 'surprise']",['surprise'],"['sadness', 'surprise']"
isixhosa_text_2106_emotion_1,Sakuthothoza ubomi bonke ejele isidlwengu!,['joy'],['surprise'],['surprise'],['surprise']
isixhosa_text_1195_emotion_1,Clinton Larsen: Isinika ithuba lokuzibonakalisa iNedbank Cup,['joy'],['joy'],['joy'],['joy']
isixhosa_text_1650_emotion_1,Usifezekisile isithembiso sakhe uMotsepe,[],['joy'],['joy'],['joy']
isixhosa_text_339_emotion_1,Usifakile isicelo sedikhowuda ePosini?,[],[],[],[]
isixhosa_text_1752_emotion_1,Babhinq’ omfutshane begawula ihlathi lezihelegu!,['joy'],['surprise'],['surprise'],['surprise']
isixhosa_text_249_emotion_1,Usizi lokubhubha kwabantwana esuthwini,['sadness'],"['anger', 'sadness']",['sadness'],['sadness']
isixhosa_text_1902_emotion_1,Abatyholwa ngokuba ibhokhwe babhubhile,['sadness'],['surprise'],['sadness'],['sadness']
isixhosa_text_1740_emotion_1,Lisinde ekuthunjweni iTshayina laseTinarha. | EC Indab,['joy'],['sadness'],['sadness'],['sadness']
isixhosa_text_2154_emotion_1,Banqunyanyiselwe ubulungu beANC ooceba baseMnquma,['sadness'],['surprise'],['surprise'],['surprise']
isixhosa_text_1059_emotion_1,Ilwela ubomi bayo esibhedlele inkwenkwe eyagrabhuzwa isisu yaqhawulwa uqhoqhoqho!,['sadness'],"['sadness', 'surprise']","['sadness', 'surprise']","['sadness', 'surprise']"
isixhosa_text_1126_emotion_1,Ungcwatyelwa ePitoli uNombulelo Tshabalala,['sadness'],['sadness'],['sadness'],['sadness']
isixhosa_text_157_emotion_1,ISebe lezoThutho linyanzelisa abaqhubi bezothutho lwabafundi ukuba bathobele uSARS. | EC Indab,['sadness'],[],"['anger', 'surprise']",[]
isixhosa_text_55_emotion_1,IPolisa ebelifuna izinyobo beliyalela amaxhoba alo angathumeli ngebhanki imali,['sadness'],['disgust'],"['sadness', 'surprise']",['sadness']
isixhosa_text_1008_emotion_1,Amathuba kurhulumente waseMpuma Koloni,['joy'],['joy'],[],['joy']
isixhosa_text_177_emotion_1,Kubulewe abantu abane bosapho olunye,['sadness'],"['anger', 'disgust']",['sadness'],['sadness']
isixhosa_text_1223_emotion_1,Inkedama ibethwe ngumbane yabhubha,['sadness'],['sadness'],['sadness'],['sadness']
isixhosa_text_1238_emotion_1,Kukhangelwa obulele inenekazi kwaLanga,['sadness'],['sadness'],['sadness'],['sadness']
isixhosa_text_639_emotion_1,UBlackBerry unequkunya elitsha kraca,['joy'],['joy'],['joy'],['joy']
isixhosa_text_568_emotion_1,Zidla zigoduka ngoku kwi2017 Afcon,[],[],['joy'],[]
isixhosa_text_604_emotion_1,INkulumbuso uOscar Lubabalo Mabuyane uzakuchitha usuku lwangomso namanina aseMpuma Koloni. | EC Indab,['joy'],['joy'],['joy'],['joy']
isixhosa_text_2203_emotion_1,Liguqulwe lasisikolo iziko lezeMpilo eMfuleni,[],['joy'],['joy'],['joy']
isixhosa_text_1263_emotion_1,UBooi unephupha lokusasazela uMzantsi Afrika,['joy'],['joy'],['joy'],['joy']
isixhosa_text_2130_emotion_1,Untingela phezulu usomashishini waseMpuma Koloni,['joy'],['joy'],['joy'],['joy']
isixhosa_text_1806_emotion_1,ULobese utyunjwe njengeNgqonyela yoMkhosi waManzi,['joy'],['joy'],['joy'],['joy']
isixhosa_text_1903_emotion_1,IKapa ingalithatha kwakhona ibhaso le-Idols kulo nyaka!,['joy'],['joy'],['joy'],['joy']
isixhosa_text_762_emotion_1,Ziphaphatheke ngumoya iintente ze-IEC,['sadness'],['surprise'],['sadness'],['sadness']
isixhosa_text_2230_emotion_1,Elinye ipolisa ligwetyiwe ngenxa yokweba ifowuni yentombi yalo. | EC Indab,['sadness'],['surprise'],['surprise'],['surprise']
isixhosa_text_1896_emotion_1,Ubhaqiwe umntwana obeduke nempelesi ekliniki,['joy'],['joy'],['joy'],['joy']
isixhosa_text_1810_emotion_1,Bayaphika abafundi ababhaqwe besela!,['sadness'],['surprise'],['surprise'],['surprise']
isixhosa_text_1142_emotion_1,Ubhubhele ehlathini odinga ikhaya,['sadness'],['sadness'],['sadness'],['sadness']
isixhosa_text_61_emotion_1,iJeffreys Bay neKruisfontein ziyakhokela kwiEastern Cape Super 14!,['joy'],['joy'],['joy'],['joy']
isixhosa_text_1580_emotion_1,Basweleke besiya emsebenzini emva kokuba ibhaki yabo ibotyozwe nguloliwe,['sadness'],['sadness'],['sadness'],['sadness']
isixhosa_text_1594_emotion_1,USerame ulamkele inqaku elinye,['joy'],[],['joy'],['joy']
isixhosa_text_253_emotion_1,Uxhalabe yiKhorona ohlala kwisitishi selindle,['fear'],['fear'],"['fear', 'sadness']",['fear']
isixhosa_text_2197_emotion_1,Inkondekazi ena-99 yenza isimbonono,['sadness'],['joy'],['joy'],['joy']
isixhosa_text_1091_emotion_1,Ubanjiwe obekukudala efunwa eBhityi,['joy'],"['joy', 'surprise']",[],['joy']
isixhosa_text_161_emotion_1,IGriquas idlulele kumagqibela kankqoyi,['joy'],['joy'],['joy'],['joy']
isixhosa_text_14_emotion_1,Abahlali baseZiphunzana bavuyele ukutyelelwa nguRamaphosa,['joy'],['joy'],['joy'],['joy']
isixhosa_text_720_emotion_1,Uphele tu umzi wendoda yaseDutywa nguthikoloshe,['sadness'],"['sadness', 'surprise']","['sadness', 'surprise']","['sadness', 'surprise']"
isixhosa_text_1548_emotion_1,Isikolo esasisebenza uCharlotte Maxeke eDutywa,[],[],[],[]
isixhosa_text_1590_emotion_1,Ukudilika kwesakhiwo eNgcobo kusube imiphefumlo emihlanu,['sadness'],['sadness'],['sadness'],['sadness']
isixhosa_text_1979_emotion_1,Lusizi ingcwaba likaSEK Mqhayi,['sadness'],['sadness'],['sadness'],['sadness']
isixhosa_text_1936_emotion_1,Baxwaxwe uMasualle abaxhasi bakaMabuyane,['sadness'],['surprise'],[],[]
isixhosa_text_1652_emotion_1,UVeil wenza izimanga kwiqonga lolonwabo!,['sadness'],"['disgust', 'surprise']",['surprise'],['surprise']
isixhosa_text_618_emotion_1,Ubanjiwe owabalekela eLimpopo emva kokubulala isithandwa sakhe,['joy'],"['anger', 'disgust', 'sadness']",['sadness'],['sadness']
isixhosa_text_511_emotion_1,Uceba uchithe iR50 000 kwipotsoyi!,['sadness'],"['anger', 'surprise']","['anger', 'surprise']","['anger', 'surprise']"
isixhosa_text_438_emotion_1,UMzantsi Afrika ujonge ukunyathela iWest Indies kwiNdebe yeHlabathi,[],[],[],[]
isixhosa_text_659_emotion_1,Intombi ibulele indoda yayo!,['sadness'],"['anger', 'disgust']","['sadness', 'surprise']",['sadness']
isixhosa_text_143_emotion_1,Libuyiselwe ityala lobuqhophololo laseAmathole!,[],"['anger', 'surprise']",['surprise'],['surprise']
isixhosa_text_1306_emotion_1,Bakhwankqise ilali ababulelene ngenxa yebhiya eNtabankulu,['sadness'],"['sadness', 'surprise']",['sadness'],['sadness']
isixhosa_text_507_emotion_1,UNomeva umfuna esiqwini uGwayani waseMalawi!,['anger'],['surprise'],['anger'],['anger']
isixhosa_text_1615_emotion_1,Igosa lesipolisa ebelingekho msebenzini libambe umrhanelwa ophange iselula | EC Indab,['joy'],['surprise'],['joy'],['joy']
isixhosa_text_719_emotion_1,Iingxaki zesebe lezemfundo zichan’ abafundi,['sadness'],['sadness'],['sadness'],['sadness']
isixhosa_text_799_emotion_1,Kubanjwe abafundi abali-12 kwiYunivesithi iRhodes namhlanje,['sadness'],['surprise'],[],[]
isixhosa_text_1879_emotion_1,Kuntsuku inyamelele inkosikazi yaseGqeberha,['sadness'],['sadness'],['sadness'],['sadness']
isixhosa_text_2118_emotion_1,UMhlongo unika abasakhulayo icebo lokuphumelela ebholeni ekhatywayo!,['joy'],['joy'],['joy'],['joy']
isixhosa_text_1250_emotion_1,Kubanjwe ingqungquthela yoosomashishini eHarry Gwala,['sadness'],['surprise'],"['joy', 'surprise']",['surprise']
isixhosa_text_1784_emotion_1,‘Ugcinwe kwababhubhe yikhorona kodwa eneTB’,['sadness'],['surprise'],['surprise'],['surprise']
isixhosa_text_1635_emotion_1,Ucela uncedo onabantwana abalishumi elinanye!,[],"['sadness', 'surprise']","['sadness', 'surprise']","['sadness', 'surprise']"
isixhosa_text_593_emotion_1,Ithe zava emalini iBanyana Banyana,['joy'],['joy'],['joy'],['joy']
isixhosa_text_1007_emotion_1,Uhlalutyo: Akulahlwa mbeleko ngakufelwa,[],[],[],[]
isixhosa_text_833_emotion_1,ULe Clos uzosule iinyembezi zaseRio,['joy'],['joy'],['joy'],['joy']
isixhosa_text_1230_emotion_1,Ufikelwe sisifo sokuwa kwecala eselwandle,['sadness'],"['sadness', 'surprise']",['sadness'],['sadness']
isixhosa_text_1967_emotion_1,"Noxa esakhonkxiwe, uDyantyi ufuna ukudlala umbhoxo kwakhona",['joy'],"['joy', 'sadness']",['joy'],['joy']
isixhosa_text_1386_emotion_1,"Intombazana enonyaka omnye isindile kwingozi yebhasi, kodwa umzali okanye usapho alwaziwa",['joy'],['surprise'],['surprise'],['surprise']
isixhosa_text_1568_emotion_1,Libanjiwe ipolisa elibulele umkhwekazi,['joy'],['sadness'],['surprise'],[]
isixhosa_text_904_emotion_1,‘Ndayeka ukulwa mhla ndophula umntu’,['sadness'],['sadness'],['sadness'],['sadness']
isixhosa_text_1658_emotion_1,Abafundi babanjelwe ukubulala umfundi,['sadness'],"['sadness', 'surprise']","['sadness', 'surprise']","['sadness', 'surprise']"
isixhosa_text_1853_emotion_1,Basengxakini abavoti eMzantsi Afrika,"['fear', 'sadness']","['sadness', 'surprise']",['fear'],"['fear', 'sadness']"
isixhosa_text_242_emotion_1,Bhayi neGcuwa bilisani amanzi phambi kokusela nokupheka!,['sadness'],['fear'],['fear'],['fear']
isixhosa_text_2186_emotion_1,Uza kubolela ejele odlwengule umheza,['sadness'],['disgust'],"['sadness', 'surprise']",['sadness']
isixhosa_text_1557_emotion_1,Sitshe sangqongqa isigadla KwaDwesi kuqhankqalazo labahlali | EC Indab,['sadness'],['surprise'],['surprise'],['surprise']
isixhosa_text_1659_emotion_1,Ukhala esimantshiyane esithi ‘woxuthelwe’ ubukhosi,['sadness'],['sadness'],['sadness'],['sadness']
isixhosa_text_1454_emotion_1,Babhuqwa yindlala abongikazi eMpuma Koloni,['sadness'],['sadness'],['sadness'],['sadness']
isixhosa_text_1027_emotion_1,OwaseMount Ayliff uzakhel’ igama kwezolonwabo,['joy'],['joy'],['joy'],['joy']
isixhosa_text_1582_emotion_1,Baxhalabile abadlali beBlack Aces,['fear'],['fear'],['fear'],['fear']
isixhosa_text_500_emotion_1,Indlela yeyonoTaxi eMzantsi Afrika kwaye ukuba uyakuphikisa oko lindela ukuphulukana nobomi bakho. | EC Indab,['sadness'],"['anger', 'fear', 'sadness']",['sadness'],['sadness']
isixhosa_text_1763_emotion_1,UNomeva ubuye nodumo eMelika,['joy'],['joy'],['joy'],['joy']
isixhosa_text_194_emotion_1,Malusi Gigaba: Umboniso wesondo ziinzame zokunditshabalalisa,['sadness'],"['fear', 'sadness']","['anger', 'sadness']",['sadness']
isixhosa_text_783_emotion_1,SIVELILE ENKUNDLENI NAMHLANJE ISIBINI ESINCUMA KUNYE NGETYALA LOKUBULALA | EC Indab,['sadness'],['surprise'],['sadness'],['sadness']
isixhosa_text_2045_emotion_1,Ubuntu Bethu Cultural Festival iqaqambisa inkcubeko,[],['joy'],['joy'],['joy']
isixhosa_text_1160_emotion_1,Kubhubhe abasibhozo kwingozi yemoto,['sadness'],['sadness'],['sadness'],['sadness']
isixhosa_text_2153_emotion_1,"Labulawa ngumzukulwana ixhegwazana, intsusa ngamalongwe!",['sadness'],"['sadness', 'surprise']","['sadness', 'surprise']","['sadness', 'surprise']"
isixhosa_text_1943_emotion_1,UYapi uhlab’ ikhwelo kumzi kaPhalo,[],['joy'],['joy'],['joy']
isixhosa_text_1369_emotion_1,Ababethelwa nangu do oosaziwayo abathandana besini sinye,[],"['joy', 'surprise']",['joy'],['joy']
isixhosa_text_2167_emotion_1,AmaBhoko-bhoko abethwe elwile yiNew Zealand namhlanje,['sadness'],['sadness'],['joy'],['sadness']
isixhosa_text_34_emotion_1,Igqugqise kwitumente yolutsha iBlue Dolphin yazuza indebe,['joy'],['joy'],['joy'],['joy']
isixhosa_text_517_emotion_1,Iimviwo zematriki ziqale kakuhle: ISebe leMfundo | EC Indab,['joy'],['joy'],['joy'],['joy']
isixhosa_text_264_emotion_1,Kulindeleke ukuba imbethi manqindi yaseMpuma Koloni yenze imbali | EC Indab,['joy'],['joy'],['joy'],['joy']
isixhosa_text_312_emotion_1,Lirhoxisiwe ityala ngakuGqirha wobuxoki uLani,['anger'],['anger'],['surprise'],['anger']
isixhosa_text_1655_emotion_1,‘Unyana wam wagilwa okwenja sisithuthi samapolisa!’,['sadness'],"['anger', 'sadness']",['anger'],"['sadness', 'anger']"
isixhosa_text_834_emotion_1,IHighlands yale ishumi lezigidi kufunwa uMvala,[],['surprise'],[],[]
isixhosa_text_1846_emotion_1,Amazwi ovelwano kumfundi otshiswe wabhubha eLady Frere,['sadness'],['sadness'],['sadness'],['sadness']
isixhosa_text_1697_emotion_1,IDYONGWANA YASE DUTYWA ITHI PHANTSI NGE GBV | EC Indab,['joy'],['anger'],['anger'],['anger']
isixhosa_text_1860_emotion_1,Ukhululwe ngesilumkiso umfundi ohlabe omnye ngecephe!,['sadness'],['surprise'],"['sadness', 'surprise']","['sadness', 'surprise']"
isixhosa_text_1354_emotion_1,"Ebudaleni uJanet Jackson, 50, uzakuba ngumama okokuqala",['surprise'],['joy'],['joy'],['joy']
isixhosa_text_60_emotion_1,Kubanjwe amadoda amabini ngezityholo zokushishina ngemikhombe | EC Indab,['sadness'],"['anger', 'sadness', 'surprise']",['sadness'],['sadness']
isixhosa_text_1554_emotion_1,Inkosikazi yaseRhawutini ibeleke abantwana abalishumi ngaxeshanye,['surprise'],['surprise'],['surprise'],['surprise']
isixhosa_text_571_emotion_1,UMiddendorp ukhathazwa bubuthuntu beefolosi zeChiefs!,['sadness'],['sadness'],"['anger', 'sadness']",['sadness']
isixhosa_text_368_emotion_1,Ubethiwe uMzantsi Afrika kumdlalo wokuqala yiSweden,['sadness'],['sadness'],['sadness'],['sadness']
isixhosa_text_1273_emotion_1,Baphoxekile abadlali kukuhlehliswa kwemidlalo ye-Olimpiki,['sadness'],['sadness'],['sadness'],['sadness']
isixhosa_text_2032_emotion_1,"Ncedani bethuna, ushiye iintsana zodwa ekhaya | EC Indab",['sadness'],['sadness'],['sadness'],['sadness']
isixhosa_text_324_emotion_1,Abalandeli bakhetha ngokwabo abadlali nabaqeqeshi kwiDStv Compact Cup,['joy'],['joy'],[],['joy']
isixhosa_text_809_emotion_1,Uzakuvela kwinkundla kaMantyi yaseGreat Brak owasetyhini osolwa ngokuhlaba umtwana oneminyaka emine(4) ubudala | EC Indab,['sadness'],['sadness'],['sadness'],['sadness']
isixhosa_text_1989_emotion_1,Isenkundleni inkosikazi efunyenwe ityale intsangu!,['sadness'],['surprise'],['surprise'],['surprise']
isixhosa_text_1937_emotion_1,Lala Ngoxolo Richmond Mzwandile Matutu,['sadness'],['sadness'],['sadness'],['sadness']
isixhosa_text_232_emotion_1,Ufunyenwe ezantsi kobuhlanti odlwengulwe ngumelusi,['sadness'],['anger'],"['fear', 'sadness', 'surprise']",['sadness']
isixhosa_text_1156_emotion_1,UNondumiso uzidumise ngemisebenzi yakhe,['joy'],['joy'],['joy'],['joy']
isixhosa_text_1691_emotion_1,Ngubani ozakuphumelela idabi laseKapa?,[],[],['joy'],[]
isixhosa_text_1089_emotion_1,Babethwe ngumbane wezulu babhubha!,['sadness'],"['sadness', 'surprise']","['sadness', 'surprise']","['sadness', 'surprise']"
isixhosa_text_140_emotion_1,Baxhele inkomo kuqhankqalazo lwaseFort Hare,['sadness'],['joy'],['surprise'],[]
isixhosa_text_851_emotion_1,Ubulawelwe ukuthandana namanye amantombazana,['sadness'],"['sadness', 'surprise']",['sadness'],['sadness']
isixhosa_text_984_emotion_1,‘Asiyo ndlwan’ iyanetha umsebenzi wamapolisa’,[],['anger'],['anger'],['anger']
isixhosa_text_15_emotion_1,UDema ugqejwe iR6000 nguMasingcwabane,['sadness'],['disgust'],['sadness'],['sadness']
isixhosa_text_1290_emotion_1,Uzakuvela kwi nkundla kamantyi eMthatha otyholwa ngokudlwengula intombi ebeyicele ilifti | EC Indab,['sadness'],['surprise'],['sadness'],['sadness']
isixhosa_text_455_emotion_1,Inyukele kwindawo yesine iPirates emva kokubetha AmaZulu,['joy'],['joy'],['joy'],['joy']
isixhosa_text_184_emotion_1,Sisixhiphothi sendoda(63) endala netyholwa ngokudlwengula imveku eneminyaka emine(4) ubudala. | EC Indab,['sadness'],"['anger', 'disgust']","['anger', 'sadness']","['sadness', 'anger']"
isixhosa_text_847_emotion_1,Ipolisa lidubule inkosikazi ngenxa yesikhwele!,['sadness'],"['sadness', 'surprise']","['sadness', 'surprise']","['sadness', 'surprise']"
isixhosa_text_1608_emotion_1,Kutshiswe kwabulawa abarhanelwa ngobusela!,['sadness'],['anger'],"['sadness', 'surprise']",['sadness']
isixhosa_text_361_emotion_1,Awuqini umnqwazi ngomba wabaphathiswa abaphanda urhulumente,"['anger', 'sadness']",['fear'],['fear'],['fear']
isixhosa_text_826_emotion_1,Kudutyulwe kwabulawa oonoteksi abathathu eSajonisi | EC Indab,['sadness'],"['sadness', 'surprise']",['sadness'],['sadness']
isixhosa_text_1097_emotion_1,Umama noonyana babhale iincwadi,[],['joy'],['joy'],['joy']
isixhosa_text_1115_emotion_1,ULehlohonolo Seema uza kunikwa uxanduva lokusindisa iChippa United,[],['joy'],['joy'],['joy']
isixhosa_text_1643_emotion_1,Ugwetyiwe owadlwengula intwazana esithi sisinqandamathe sakhe,['joy'],['sadness'],['sadness'],['sadness']
isixhosa_text_1642_emotion_1,Ugcadwe ngemibuzo uMark Zuckerberg,[],[],[],[]
isixhosa_text_1153_emotion_1,Axhalabile amafama amnyama eMpuma Koloni,['fear'],"['fear', 'sadness']",['fear'],['fear']
isixhosa_text_1121_emotion_1,Obeqeqesha oonozinti kwi-Orlando Pirates uhambile!,['sadness'],['surprise'],['surprise'],['surprise']
isixhosa_text_1088_emotion_1,Babhuqwa ngamadimoni abafundi baseMthatha,['sadness'],['sadness'],['sadness'],['sadness']
isixhosa_text_836_emotion_1,IBaroka isusiwe phezulu kwiNFD,['sadness'],['surprise'],"['sadness', 'surprise']","['sadness', 'surprise']"
isixhosa_text_2112_emotion_1,Imoto yonakele emva kokugalelwa ipetroli endaweni yedizili eMthatha,['sadness'],['surprise'],['surprise'],['surprise']
isixhosa_text_175_emotion_1,Entsimini - EyeNkanga 2022,[],[],[],[]
isixhosa_text_2056_emotion_1,Unogada wesikolo udubule wabulala inkwenkwana (13) ebizama ukusebenzisa iWi-Fi yesikolo,['sadness'],"['sadness', 'surprise']","['sadness', 'surprise']","['sadness', 'surprise']"
isixhosa_text_493_emotion_1,Waqaqamba uDumke ombhoxweni iSpringbok sathatha indebe eMadagasca!,['joy'],['joy'],['joy'],['joy']
isixhosa_text_1467_emotion_1,Ixabiso lomntu silibona mhla wasuswa kuthi,['sadness'],['sadness'],['sadness'],['sadness']
isixhosa_text_1977_emotion_1,‘Zenziwa eMelika iziyobisi ezibulala ulutsha’,"['sadness', 'surprise']",['anger'],['anger'],['anger']
isixhosa_text_934_emotion_1,Itumente yolutsha ePort Alfred,[],['joy'],[],[]
isixhosa_text_1624_emotion_1,Ziyaqengqeleka iintsuku lidukile ixhegwazana,['sadness'],['sadness'],['sadness'],['sadness']
isixhosa_text_2066_emotion_1,Obambe intshinga kaMiss Unolali Queen ugqwese kwizifundo zakhe,['joy'],['joy'],['joy'],['joy']
isixhosa_text_482_emotion_1,Aqhweshe ngefestile amabanjwa eMakhanda!,['sadness'],['surprise'],['surprise'],['surprise']
isixhosa_text_1075_emotion_1,Yenze edume ngazo iLovedale TVET kwitumente yombhoxo!,['joy'],['joy'],['joy'],['joy']
isixhosa_text_1835_emotion_1,‘Mabagwetywe qatha ababulala abakhwetha’,[],['anger'],['anger'],['anger']
isixhosa_text_1800_emotion_1,ABAFUNDI NOOTITSHALA BAYAWA ESIKOLWENI eKOMGA | EC Indab,['sadness'],['surprise'],['surprise'],['surprise']
isixhosa_text_295_emotion_1,Uyangcwatywa ekutyholwa ukuba waguliswa sisigonyo sekhorona,['sadness'],['sadness'],['sadness'],['sadness']
isixhosa_text_876_emotion_1,Masilole iimbethimanqindi zethu eziza kubuya neembasa ngo’2028!,[],['joy'],['joy'],['joy']
isixhosa_text_1254_emotion_1,IMpuma Koloni iphulukene neR23.9 billion ngenxa yabantu abafulathela iphondo,['sadness'],['surprise'],"['sadness', 'surprise']","['sadness', 'surprise']"
isixhosa_text_1159_emotion_1,IMpuma Koloni izakusebenzisa iilwimi ezine,['joy'],['joy'],[],['joy']
isixhosa_text_149_emotion_1,Uhanjiswe ze iiyure ezintathu ehlathini lipolisa,['sadness'],"['anger', 'sadness', 'surprise']","['sadness', 'surprise']","['sadness', 'surprise']"
isixhosa_text_1213_emotion_1,Kubhaqwe imizimba engcwatyiweyo eNgqushwa!,['sadness'],"['anger', 'disgust', 'sadness']",['surprise'],['sadness']
isixhosa_text_1992_emotion_1,Iimveku ezizalwe ngeNyibidyala eKapa,[],['joy'],['joy'],['joy']
isixhosa_text_457_emotion_1,Zibuyela emsebenzini iintatheli zeSABC,['joy'],['joy'],['joy'],['joy']
isixhosa_text_1814_emotion_1,Isihelegu kubhubha oonogada ekliniki,['sadness'],['sadness'],"['sadness', 'surprise']",['sadness']
isixhosa_text_514_emotion_1,Imbaleki yaseDutywa idinwe kukushiya abantu ngoku idinga umntu enokukhuphisana nayo,['sadness'],"['joy', 'surprise']",['joy'],['joy']
isixhosa_text_299_emotion_1,‘Lindela usuku lokufa endlini’,"['fear', 'sadness']",['fear'],['fear'],['fear']
isixhosa_text_838_emotion_1,Sisingise eLondon isibini saseBhayi,['joy'],['joy'],['joy'],['joy']
isixhosa_text_1838_emotion_1,Uwongwe ngesidanga sakhe umfundi owabulawa kulonyaka uphelileyo eNMU | EC Indab,"['joy', 'sadness']",['sadness'],['sadness'],['sadness']
isixhosa_text_2006_emotion_1,Yinkunkuma yodwa kwilokishi yaKwaNoxolo,"['disgust', 'sadness']",['surprise'],['surprise'],['surprise']
isixhosa_text_211_emotion_1,"Ude wabufumana ubulungisa umtwana, owashiywa lwelokufa yindonda eyamdlwengula ze yamkhupha amehlo. | EC Indab",['joy'],['joy'],"['joy', 'sadness']",['joy']
isixhosa_text_2052_emotion_1,Utshintshelwe kwelinye ibandla umfundisi emva kwesincwaso,['sadness'],['surprise'],['surprise'],['surprise']
isixhosa_text_2021_emotion_1,Ugxothwe okomshologu uMtsi kwinkonzo yesikhumbuzo,['sadness'],['sadness'],['surprise'],['sadness']
isixhosa_text_472_emotion_1,Ushiyeke eziseleni otshise amalungu osapho amathathu,['sadness'],"['anger', 'disgust', 'sadness']",['sadness'],['sadness']
isixhosa_text_1519_emotion_1,"Ifunyenwe indoda yaseTshayina eyayixhwilwe, kwabanjwa abarhanelwa abathathu",['joy'],['sadness'],['joy'],['joy']
isixhosa_text_1976_emotion_1,Ukhululwe ngebheyile yeR5000 umama owenz’ iimbiza ngeentambo zombane ezibiweyo,['sadness'],['surprise'],['surprise'],['surprise']
isixhosa_text_611_emotion_1,Abasebenzi bakamasipala bacela ibhonasi kubahlali,['sadness'],['surprise'],['surprise'],['surprise']
isixhosa_text_610_emotion_1,‘Esi sisiqalo sezinto ezinkulu’ - Hunt,['joy'],['joy'],['joy'],['joy']
isixhosa_text_1240_emotion_1,Unqunyanyisiwe umphathi wakwaKFC otyholwa ngobuhlanga!,"['anger', 'sadness']","['anger', 'disgust']","['sadness', 'surprise']","['anger', 'sadness']"
isixhosa_text_222_emotion_1,Ixhegwazana liduke likhangela iinkomo!,['sadness'],['sadness'],"['sadness', 'surprise']",['sadness']
isixhosa_text_2217_emotion_1,USesona Tshume uyokumela ilizwe lakhe eYurophu!,['joy'],['joy'],['joy'],['joy']
isixhosa_text_1598_emotion_1,Ibekwe esandleni impilo yolutsha kwaBhaca,[],['joy'],[],[]
isixhosa_text_219_emotion_1,Utya okwenja ngenxa yenkubazeko,['sadness'],['sadness'],['sadness'],['sadness']
isixhosa_text_75_emotion_1,Udilikajele kowabulala intokazi nomama wayo!,"['joy', 'sadness']","['anger', 'disgust']","['sadness', 'surprise']",['sadness']
isixhosa_text_105_emotion_1,UCoetzee unexhala phambi komdlalo wovavanyo,['fear'],['fear'],['fear'],['fear']
isixhosa_text_1248_emotion_1,Kubhaqwe umzimba wendoda eGcuwa,['sadness'],"['sadness', 'surprise']",['sadness'],['sadness']
isixhosa_text_174_emotion_1,Kugqityiwe: Amakhosi ohlukene ngokusesikweni noGeorge Lebese!,[],['sadness'],['sadness'],['sadness']
isixhosa_text_437_emotion_1,Banikwe uphumaphele kwisakhiwo esingenamkhitha,['sadness'],['sadness'],['sadness'],['sadness']
isixhosa_text_2092_emotion_1,Igwetyiwe indlala kokopoletyeni abathungayo,['joy'],['joy'],['joy'],['joy']
isixhosa_text_1301_emotion_1,Iminyaka elishumi engaphaya kwamasango eYunivesithi umfundi ngenxa yokudlwengula,['sadness'],['surprise'],['sadness'],['sadness']
isixhosa_text_633_emotion_1,Zonke iingxaki zeza noZuma?,[],['surprise'],[],[]
isixhosa_text_418_emotion_1,UKhune uncoma ifolosi entsha yaMakhosi,['joy'],['joy'],['joy'],['joy']
isixhosa_text_1778_emotion_1,UKolisi uvuyela ukubuyela kwiStormers,['joy'],['joy'],['joy'],['joy']
isixhosa_text_2168_emotion_1,Yonwabela ubuncwane bomculo weekwayala,['joy'],['joy'],['joy'],['joy']
isixhosa_text_898_emotion_1,Ukuhlukunyezwa nokuphatheka gadalala kumakhaya ngumkhuba osichaphazela sonke,['sadness'],['sadness'],['sadness'],['sadness']
isixhosa_text_1747_emotion_1,UVELILE ENKUNDLENI UMRHANELWA OBANJWE NEMPAHLA EBIWEYO E FISH RIVER | EC Indab,['sadness'],['surprise'],['sadness'],['sadness']
isixhosa_text_1298_emotion_1,AbaThembu bashiyeke bebambe ongezantsi kubekwa uAzenathi,['sadness'],['sadness'],['sadness'],['sadness']
isixhosa_text_1803_emotion_1,"‘Ndiphume phantsi kocingo, bekunzima’",['sadness'],['sadness'],['sadness'],['sadness']
isixhosa_text_1952_emotion_1,Izenzela igama kwizifundo zezibalo iNobotwe,['joy'],['joy'],['joy'],['joy']
isixhosa_text_550_emotion_1,"Siyafunda, siyakhonza: umfundi oseCuba",['joy'],['joy'],['joy'],['joy']
isixhosa_text_1169_emotion_1,"Ulahlekile, uyafunwa ekhaya | EC Indab",['sadness'],['sadness'],['sadness'],['sadness']
isixhosa_text_1261_emotion_1,Kudutyulwe kwabulawa umsebenzi olungisa indlela,['sadness'],['sadness'],['sadness'],['sadness']
isixhosa_text_755_emotion_1,"‘Wonde ngam uceba, endibetha’",['sadness'],['sadness'],['sadness'],['sadness']
isixhosa_text_1566_emotion_1,UNomandela ufumene ikhaya elitsha,['joy'],['joy'],['joy'],['joy']
isixhosa_text_553_emotion_1,Ingaba uKumkani Dalindyebo uBuyelekhaya? | EC Indab,[],[],[],[]
isixhosa_text_1769_emotion_1,Abahlali baseKwelerha bafunene inyhweba yokutyelelwa lisebe loPhuhliso loluNtu | EC Indab,['joy'],['joy'],['joy'],['joy']
isixhosa_text_1408_emotion_1,Ivela enkundleni indoda ebulele umfazi wayo,"['joy', 'sadness']","['sadness', 'surprise']",['sadness'],['sadness']
isixhosa_text_562_emotion_1,Basebenzela ebugxwayibeni abasebenzi bezolimo,['disgust'],['sadness'],"['disgust', 'sadness']","['disgust', 'sadness']"
isixhosa_text_2244_emotion_1,Umnatha wasimahla kuluntu lweelokishi zaseNelson Mandela Bay,['joy'],['joy'],['joy'],['joy']
isixhosa_text_2159_emotion_1,Udilikelwe sisigwebo owadlwengula inkondekazi!,"['joy', 'sadness']","['sadness', 'surprise']","['sadness', 'surprise']","['sadness', 'surprise']"
isixhosa_text_1078_emotion_1,Iziyolo zolonwabo zidlule nemiphefumlo emibini(2) kulwandle laseMonti | EC Indab,['sadness'],['sadness'],['sadness'],['sadness']
isixhosa_text_747_emotion_1,Kusungulwe iphulo lokuphuhlisa ulimo,['joy'],['joy'],['joy'],['joy']
isixhosa_text_1268_emotion_1,Lebese: ndonwabile kwiKaizer Chiefs,['joy'],['joy'],['joy'],['joy']
isixhosa_text_670_emotion_1,Umsasazi utyholwa ngokudlwengula inkwenkwe,['sadness'],"['disgust', 'sadness']","['sadness', 'surprise']",['sadness']
isixhosa_text_1219_emotion_1,"Undijonga ntoni, ndijing’ inqathe?",['anger'],['anger'],['anger'],['anger']
isixhosa_text_286_emotion_1,Abazali bavale isikolo ukuze bakhusele abantwana babo. | EC Indab,['sadness'],['fear'],[],[]
isixhosa_text_1567_emotion_1,Bazakuvela enkundleni oomatshonisa ababanjwe eMthatha namakhadi enkam-nkam.,['sadness'],['surprise'],['surprise'],['surprise']
isixhosa_text_1419_emotion_1,Uzibulele umfundi ona14 obethukelwa ukuba-gay!,['sadness'],['sadness'],"['sadness', 'surprise']",['sadness']
isixhosa_text_440_emotion_1,Ibulele ngenkomo emva kokuphumelela iWadi iANC,['joy'],['joy'],['joy'],['joy']
isixhosa_text_139_emotion_1,Imibuzo ebuzwa rhoqo ngokutshintsha ingxowamali yomhlalaphantsi yeGEPF,[],[],[],[]
isixhosa_text_1809_emotion_1,"‘Ngaphandle kukamakhulu wam ngendingekho apha,’ kutsho ophumelele isiXhosa",['surprise'],['joy'],['joy'],['joy']
isixhosa_text_131_emotion_1,"Abuyela kundalashe Amakhosi, iziphumo ziyabonakala",['joy'],['joy'],['joy'],['joy']
isixhosa_text_1767_emotion_1,Ibanjiwe indoda enqunqe umzimba wesithandwa sayo yawufaka kwifriza,"['disgust', 'sadness']","['sadness', 'surprise']","['sadness', 'surprise']","['sadness', 'surprise']"
isixhosa_text_2090_emotion_1,Lulwimi lwenkobe isisombululo kwimfundo yabantsundu,['joy'],['joy'],['joy'],['joy']
isixhosa_text_700_emotion_1,Kuqhambuke umbhodamo kuN6 eMpuma Koloni ngenxa yoqhankqalazo | EC Indab,['sadness'],['sadness'],['surprise'],['sadness']
isixhosa_text_1840_emotion_1,Baza konwabela i047 noVusi Nova kwiqonga laseMonti!,['joy'],['joy'],['joy'],['joy']
isixhosa_text_778_emotion_1,UGiovanni Solinas uza kuvavanywa kumdlalo weShell Helix Cup,[],['joy'],[],[]
isixhosa_text_180_emotion_1,Igwetyiwe indlala kwiPirates emva kokusokola emidlalweni eliqela,['joy'],['joy'],['joy'],['joy']
isixhosa_text_1962_emotion_1,Abalali buhlayo eDutywa besoyika ama-Big10,"['fear', 'sadness']",['fear'],['fear'],['fear']
isixhosa_text_498_emotion_1,Bazonwabisa ngemidlalo abadala eRhini,['joy'],['joy'],['joy'],['joy']
isixhosa_text_257_emotion_1,Ayifikanga igalelekile iBerlin November eMpuma Kolini | EC Indab,['joy'],['joy'],['joy'],['joy']
isixhosa_text_2103_emotion_1,Umzobi uzisula iinyembezi ngokuzoba umama wakhe,['joy'],"['joy', 'sadness']",['sadness'],"['joy', 'sadness']"
isixhosa_text_1795_emotion_1,Ibokoboko amacala iSwallows egqogqwe ngenduku yiPirates edabini laseSoweto!,['sadness'],['joy'],['joy'],['joy']
isixhosa_text_447_emotion_1,IDA ibhentsise ukuhohloka kweziseko ezingundoqo kwiidolophu ezincinci | EC Indab,['sadness'],"['anger', 'surprise']",['sadness'],['sadness']
isixhosa_text_848_emotion_1,Zamkelwe ngovuyo iintshatsheli ze-Afrika!,['joy'],['joy'],['joy'],['joy']
isixhosa_text_1742_emotion_1,Inethemba lesiqalo esitsha iCricket SA,['joy'],['joy'],['joy'],['joy']
isixhosa_text_2269_emotion_1,Ilahle amanqaku iPirates bashiyeka bethe khunubembe abalandeli bayo,['sadness'],['sadness'],['sadness'],['sadness']
isixhosa_text_109_emotion_1,‘Sizwe Banzi is Dead’,['sadness'],['sadness'],['sadness'],['sadness']
isixhosa_text_1471_emotion_1,Kubanjwe abantu abangama108 ngePasika eKapa,['sadness'],['surprise'],['surprise'],['surprise']
isixhosa_text_1760_emotion_1,Ibanjiwe indoda edlwengule umfazi wayo!,"['joy', 'sadness']",['surprise'],"['sadness', 'surprise']","['sadness', 'surprise']"
isixhosa_text_26_emotion_1,Igqala lomzabalazo liye kwamanye amagqala,[],[],['sadness'],[]
isixhosa_text_779_emotion_1,UBenni ubeke ithemba lakhe kuTeko,[],['joy'],[],[]
isixhosa_text_1997_emotion_1,Amapolisa eMatatiele azingela ababulali kwisikolo,['sadness'],['surprise'],['sadness'],['sadness']
isixhosa_text_941_emotion_1,Inene ilifa lezidenge lidliwa zingqondi,[],['sadness'],['sadness'],['sadness']
isixhosa_text_1963_emotion_1,Kubanjwe abathathu ngezityholo zokuxhwila nokuqweqwedisa,['sadness'],['surprise'],['surprise'],['surprise']
isixhosa_text_931_emotion_1,Indoda ilahlwe yatshisa amatyotyombe,['sadness'],['surprise'],['surprise'],['surprise']
isixhosa_text_525_emotion_1,Qokelelani iiR350 zenu zikhedame ePosini,[],['surprise'],['anger'],[]
isixhosa_text_284_emotion_1,Deyizana: Alikho iqela elakunqanda iKaizer Chiefs kwiMTN 8,[],[],['joy'],[]
isixhosa_text_533_emotion_1,Uphumelele indawo yesibini uYose,['joy'],['joy'],['joy'],['joy']
isixhosa_text_1948_emotion_1,Indoda yakuGatyana ibanjwe inompu,['sadness'],['surprise'],['surprise'],['surprise']
isixhosa_text_1861_emotion_1,UKonco uyinkuthazo kulutsha laseMthatha,['joy'],['joy'],['joy'],['joy']
isixhosa_text_1489_emotion_1,Umbulali kaDJ usabhadula esithubeni!,['sadness'],['surprise'],['surprise'],['surprise']
isixhosa_text_1395_emotion_1,Inqununu ingombe umfundi yamgxotha!,['sadness'],"['sadness', 'surprise']",['surprise'],"['sadness', 'surprise']"
isixhosa_text_1111_emotion_1,Iminyaka eyi-7 ejele kuMfundisi odlwengulileyo!,"['joy', 'sadness']",['surprise'],"['sadness', 'surprise']","['sadness', 'surprise']"
isixhosa_text_957_emotion_1,Utshutshiswa ziinyoka zehlobo okhubazekileyo,['sadness'],['sadness'],['sadness'],['sadness']
isixhosa_text_1068_emotion_1,Inkwenkwe igwetyelwe ukudlwengula usana,['sadness'],"['sadness', 'surprise']",['surprise'],"['sadness', 'surprise']"
isixhosa_text_2008_emotion_1,Libuyele eqongeni idelakufa elihlatywe lutolo,['joy'],['joy'],['joy'],['joy']
isixhosa_text_327_emotion_1,Abane babanjelwe ukuhlaba ababini eLibode,['sadness'],"['anger', 'sadness']",[],['sadness']
isixhosa_text_1808_emotion_1,‘Ithengiselwe iChina ifama yethu’,['sadness'],['anger'],['anger'],['anger']
isixhosa_text_1140_emotion_1,Abarhanelwa abane bavele enkundleni ngezityholo zokuba iintambo zombane,['sadness'],['surprise'],[],[]
isixhosa_text_829_emotion_1,Iqoshelisiwe inyewe yoluhlu labagqatswa beANC,[],['joy'],['joy'],['joy']
isixhosa_text_191_emotion_1,UKomphela akumkhathazi ukubethwa yiBaroka FC,[],[],['sadness'],[]
isixhosa_text_1036_emotion_1,Amakrwala aphila nenkubazeko abuyile,['joy'],['joy'],['joy'],['joy']
isixhosa_text_707_emotion_1,Indoda iloba amabhinqa kwezesondo,['sadness'],"['anger', 'disgust']",['sadness'],['sadness']
isixhosa_text_1714_emotion_1,Abafundi baseRhodes bawongwe eKenya,['joy'],['joy'],['joy'],['joy']
isixhosa_text_1841_emotion_1,Ulahlile umqeqeshi we-Orlando Pirates,['sadness'],['anger'],['joy'],[]
isixhosa_text_1777_emotion_1,Bathimbe iholo likamasipala eGugulethu,['sadness'],['surprise'],['surprise'],['surprise']
isixhosa_text_589_emotion_1,Ukuvalwa kwendlela zezithuthi zabafundi baseMpuma Koloni akukho mthethweni. | EC Indab,['anger'],['anger'],['anger'],['anger']
isixhosa_text_1109_emotion_1,Utshe waphela vuthuu umzi wabantu ngenxa yocimi,['sadness'],['sadness'],['sadness'],['sadness']
isixhosa_text_19_emotion_1,USesona Tshume uzithaphulele iimbasa kwitumente yemithambo eGqeberha,['joy'],['joy'],['joy'],['joy']
isixhosa_text_2040_emotion_1,Wabulala umfazi kuba engavumi athathe owesibini!,['sadness'],"['sadness', 'surprise']","['sadness', 'surprise']","['sadness', 'surprise']"
isixhosa_text_1405_emotion_1,Ibhengeze igama lefolosi entsha i-Ajax Cape Town,['joy'],['joy'],[],['joy']
isixhosa_text_982_emotion_1,UBoitshepho Khunou ngumfama ona22,['joy'],[],['joy'],['joy']
isixhosa_text_2088_emotion_1,Bayi-221 abantwana abazalwe ngeKrisimesi eMpuma Koloni,['joy'],['joy'],['joy'],['joy']
isixhosa_text_1849_emotion_1,Uyothulele umnqwazi impumelelo yebanga leshumi uMabuyane,['joy'],['joy'],['joy'],['joy']
isixhosa_text_1356_emotion_1,Wayekiswa kukubizwa ‘baby’ ziintsana ukuya eNyobeni,['anger'],['sadness'],['surprise'],[]
isixhosa_text_1053_emotion_1,Ikamva lomfundi liqaqambile ngokusebenzela iSANRAL,['joy'],['joy'],['joy'],['joy']
isixhosa_text_1110_emotion_1,UThamsanqa Sangweni liBhakaniya elinkone ngoku!,['joy'],['joy'],['joy'],['joy']
isixhosa_text_1310_emotion_1,UMamani intombi kaSontlo eyazekelwa umfazi,[],['joy'],['joy'],['joy']
isixhosa_text_1578_emotion_1,Abafazi bakaKumkani Zwelidumile wamaGcaleka eNqadu,[],[],[],[]
isixhosa_text_989_emotion_1,Basola unyawo lwemfene kuzwelonke abeANC Youth League ephondweni,[],"['fear', 'sadness']",['anger'],[]
isixhosa_text_1911_emotion_1,Iindaba zokungalasti kukaTsepiso ‘nokubaleka’ utywala!,[],['joy'],['surprise'],[]
isixhosa_text_1090_emotion_1,Bavele kwinkundla kamantyi e Bredasdorp abarhanelwa abaqweqwedise Indoda nomfazi ze kamva babaxhwilwa eGansbaai | EC Indab,"['joy', 'sadness']",['anger'],['sadness'],['sadness']
isixhosa_text_2214_emotion_1,Ugwetywe iminyaka emibini uMfundisikazi owafunyanwa enebandla elihamba ze,"['joy', 'sadness']",['surprise'],['surprise'],['surprise']
isixhosa_text_643_emotion_1,Kuphikiswana ngenyewe yabacimi mlilo eKhanada yimanyano iNUMSA nesebe lezendalo,['sadness'],['surprise'],[],[]
isixhosa_text_309_emotion_1,UShaun Bartlett ikhonjwe emnyango yiCape Town Spurs!,['sadness'],['joy'],"['anger', 'disgust', 'joy', 'surprise']",['joy']
isixhosa_text_2184_emotion_1,Luphelile ugwayimbo eAlfred Nzo,['joy'],['joy'],['joy'],['joy']
isixhosa_text_815_emotion_1,UXolisa usondeza iinkonzo zempilo eluntwini,['joy'],['joy'],['joy'],['joy']
isixhosa_text_1227_emotion_1,Kubhubhe abathathu konzakala abane kudubulwano eQonce,['sadness'],['sadness'],['sadness'],['sadness']
isixhosa_text_2251_emotion_1,Asanqongophele amanzi kumadama eli phondo,['sadness'],['sadness'],['sadness'],['sadness']
isixhosa_text_46_emotion_1,Abantakwe balindelwe liwonga elikhulu le-INGOMA,['joy'],[],['joy'],['joy']
isixhosa_text_7_emotion_1,Umdlalo ophakathi kweSundowns neBarcelona uvunyiwe yiPSL!,['joy'],[],['joy'],['joy']
isixhosa_text_2144_emotion_1,Ubugcisa buyinto yonke ku-Anam,['joy'],['joy'],['joy'],['joy']
isixhosa_text_615_emotion_1,UCoetzee uzakubangqingqwa xa etyumba abadlali,['joy'],[],[],[]
isixhosa_text_1699_emotion_1,Izidumbu ezibini zamadoda ngenxa yoomama!,['sadness'],"['anger', 'sadness']","['sadness', 'surprise']",['sadness']
isixhosa_text_445_emotion_1,"Camagu, unomathotholo wemveli uyeza",['joy'],['joy'],['joy'],['joy']
isixhosa_text_2089_emotion_1,Uthwesw’ indw’ uNjingalwazi Saule!,['joy'],['joy'],['joy'],['joy']
isixhosa_text_2245_emotion_1,Badutyulwe babhubha ooceba ababini beANC,['sadness'],"['sadness', 'surprise']","['sadness', 'surprise']","['sadness', 'surprise']"
isixhosa_text_2095_emotion_1,Ukugonywa kuzaba sisinyanzeliso | EC Indab,['sadness'],['surprise'],[],[]
isixhosa_text_1732_emotion_1,UTshwete unceda abafundi baseFrankfort,['joy'],['joy'],['joy'],['joy']
isixhosa_text_2228_emotion_1,Kuphangwe abasebenzi be-ambulensi eBhayi,['sadness'],"['sadness', 'surprise']",['surprise'],"['sadness', 'surprise']"
isixhosa_text_969_emotion_1,Kubulewe ixhego linqanda umlo!,['sadness'],"['sadness', 'surprise']","['sadness', 'surprise']","['sadness', 'surprise']"
isixhosa_text_1452_emotion_1,Inkwenkwana ena10  iqwengwe zizinja!,['sadness'],['sadness'],['surprise'],['sadness']
isixhosa_text_919_emotion_1,Uzakuwongwa ngesidanga sobugqirha uPhumzile Mlambo-Ngcuka,['joy'],['joy'],['joy'],['joy']
isixhosa_text_752_emotion_1,Ulonwabo ngethuba kuntlithwana eMonti,['joy'],"['joy', 'surprise']",['joy'],['joy']
isixhosa_text_509_emotion_1,Igwetywe ubomi iNkosi ngokudlwengula izihlobo!,['sadness'],"['anger', 'disgust', 'sadness']","['sadness', 'surprise']",['sadness']
isixhosa_text_1084_emotion_1,Umsasazi waseZibonele usethubeni lokuphumelela kumawonga eNCRW,['joy'],['joy'],['joy'],['joy']
isixhosa_text_1966_emotion_1,Yiminyaka mibini engatsibi ziko onomfazi othwasayo,['sadness'],['surprise'],['surprise'],['surprise']
isixhosa_text_2242_emotion_1,Usabele uMnquma kwimeko yomama osokolayo,['joy'],['sadness'],"['joy', 'sadness']","['joy', 'sadness']"
isixhosa_text_788_emotion_1,Angaphaya kwamakhulu amahlanu amantombazana athe azala engaphantsi kweminyaka eli 14 eMpuma Koloni | EC Indab,['sadness'],"['disgust', 'sadness', 'surprise']","['sadness', 'surprise']","['sadness', 'surprise']"
isixhosa_text_356_emotion_1,"Usindile uBaxter, izembe beliloliwe",['joy'],[],[],[]
isixhosa_text_566_emotion_1,Itshabalalise indlu yomhlolokazi itekisi,['sadness'],"['anger', 'sadness']","['sadness', 'surprise']",['sadness']
isixhosa_text_1540_emotion_1,Bathiwe nka ngezigwebo ezikhulu abadlali beBidvest Wits ngenxa yokuqaqadeka!,['sadness'],"['sadness', 'surprise']","['anger', 'surprise']","['sadness', 'surprise']"
isixhosa_text_2260_emotion_1,Indoda yaseBhayi izakumela uMzantsi Afrika!,['joy'],['joy'],['joy'],['joy']
isixhosa_text_397_emotion_1,IDowns iya kumdlalo weCaf ingciphuza,['joy'],['joy'],['sadness'],['joy']
isixhosa_text_315_emotion_1,UPhangiso uneqhinga lokubetha i-Australia,[],['joy'],['joy'],['joy']
isixhosa_text_2252_emotion_1,Lifikile ixesha lokuvuka kweSouthern Kings,['joy'],['joy'],['joy'],['joy']
isixhosa_text_944_emotion_1,Owongwe liSebe lezobuGcisa akanantsiba zokuya eMakhanda,"['joy', 'sadness']",['sadness'],['sadness'],['sadness']
isixhosa_text_1634_emotion_1,Kudiban’ iinkunzi emdlalwen’ onzima!,[],['joy'],['joy'],['joy']
isixhosa_text_461_emotion_1,Ubanjiwe orhanelwa ngokudlwengula eLusikisiki | EC Indab,"['joy', 'sadness']",['anger'],[],[]
isixhosa_text_774_emotion_1,UMbatyothi ubhubha ekwiphulo lokusindisa abantu kwiCovid-19,['sadness'],['sadness'],['sadness'],['sadness']
isixhosa_text_651_emotion_1,Iingoma zikaEmjay Joyi waseSajonisi,[],[],[],[]
isixhosa_text_2142_emotion_1,Umhlabe wabhubha emtyhola ngokuncuma nentokazi yakhe,['sadness'],"['sadness', 'surprise']","['sadness', 'surprise']","['sadness', 'surprise']"
isixhosa_text_1085_emotion_1,Bafunyenwe bebhubhile ngaphakathi kwitranki abantwana ababini | EC Indab,['sadness'],"['sadness', 'surprise']",['sadness'],['sadness']
isixhosa_text_715_emotion_1,Utshintsho lweengqondo kwimibutho yepolitiki,['fear'],[],[],[]
isixhosa_text_1824_emotion_1,Kubhubhe umtu wamnye izolo kwingozi yemoto. | EC Indab,['sadness'],['sadness'],['sadness'],['sadness']
isixhosa_text_1122_emotion_1,Bayibethelele ooGqirha nezicaka indoda ebi(scamer) abantu ngamakhadi eMatatiele. | EC Indab,['joy'],['surprise'],['sadness'],[]
isixhosa_text_2011_emotion_1,Yonwaba nosapho lwakho ngeBaby Swag,['joy'],['joy'],[],['joy']
isixhosa_text_466_emotion_1,Iqhube ngempumelelo intetho kaSodolophu eSajonisi uCeba Nomvuzo. | EC Indab,['joy'],['joy'],['joy'],['joy']
isixhosa_text_398_emotion_1,Imke nemiphefumlo emithathu ingozi eMonti,['sadness'],['sadness'],['sadness'],['sadness']
isixhosa_text_731_emotion_1,Kubiwa amatye wamangcwaba eMthatha,['sadness'],"['anger', 'disgust']",['surprise'],[]
isixhosa_text_1605_emotion_1,iiLali zifumana iWIFI yasimahla,['joy'],['joy'],['joy'],['joy']
isixhosa_text_1925_emotion_1,Ufezekisa iphupha * -Esau ngokuya eRio,['joy'],['joy'],['joy'],['joy']
isixhosa_text_1822_emotion_1,Ulwa nomprofeti owamkhupha iHIV,['surprise'],['surprise'],['surprise'],['surprise']
isixhosa_text_950_emotion_1,Rhoqo kwiiyure ezisibhozo owasetyhini ubulawa liqabane lakhe eMzantsi Afrika!,['sadness'],"['sadness', 'surprise']","['sadness', 'surprise']","['sadness', 'surprise']"
isixhosa_text_2255_emotion_1,Ngamadoda mane(4) abhubhe ngaseGwadana kwingozi yomhla wenkululeko | EC Indab,['sadness'],['sadness'],['sadness'],['sadness']
isixhosa_text_1347_emotion_1,Ufunyenwe sele ebanda uNandipha!,['sadness'],"['sadness', 'surprise']","['sadness', 'surprise']","['sadness', 'surprise']"
isixhosa_text_1287_emotion_1,Kudutyulwe kwabhubha abane(4) kwindawo yentselo yaseSweetwaters ePietermaritsburg namhlanje. | EC Indab,['sadness'],['sadness'],['sadness'],['sadness']
isixhosa_text_2031_emotion_1,UNomeva obuye ngamandla uncoma uChief Njekanye!,['joy'],['joy'],['joy'],['joy']
isixhosa_text_1712_emotion_1,IDA iyifuna apha neMpuma Koloni,[],['joy'],[],[]
isixhosa_text_936_emotion_1,Ubulele umfazi wamgcina iintsuku endlini kwaTyutyu!,['sadness'],['surprise'],"['sadness', 'surprise']","['sadness', 'surprise']"
isixhosa_text_1938_emotion_1,Liphinde lamiswa ityala le ngcibi eyabulala umkhwetha,['sadness'],['surprise'],['surprise'],['surprise']
isixhosa_text_54_emotion_1,"Bazakufika ndibalindile, utsho uNguta",[],[],['anger'],[]
isixhosa_text_2188_emotion_1,Ubuyel’ ekhaya uBuyelekhaya Dalindyebo esithi akangomgqakhwe kwiANC!,['joy'],['anger'],"['joy', 'surprise']",['joy']
isixhosa_text_371_emotion_1,UNambitha uchub' isikhwebu kwiZaziwa!,[],['joy'],['joy'],['joy']
isixhosa_text_170_emotion_1,USemenya umangalele umbutho weembaleki ofuna ukumenza indoda,['anger'],"['anger', 'sadness', 'surprise']","['anger', 'sadness']","['anger', 'sadness']"
isixhosa_text_2036_emotion_1,"Ngutata, ngunyana, ngumakazi abarhaxwe babhubha sisichotho",['sadness'],['sadness'],['sadness'],['sadness']
isixhosa_text_1239_emotion_1,Umfama uthi amasi akhe akanalindle,['disgust'],['sadness'],['sadness'],['sadness']
isixhosa_text_2077_emotion_1,Kubanjwe abarhanelwa ababini (2) ngezityholo zokubulala ngoku ngenalusini owasetyhini. | EC Indab,"['joy', 'sadness']","['sadness', 'surprise']",['sadness'],['sadness']
isixhosa_text_650_emotion_1,Ungcwatyiwe namhlanje umfundi(16) owabulawa ngabanye esikolweni kuCofimvaba | EC Indab,['sadness'],"['anger', 'disgust', 'sadness']",['sadness'],['sadness']
isixhosa_text_732_emotion_1,Bacaphukile lixhego elidlwengula amakhwenkwe kummandla waseCala,['anger'],['anger'],['anger'],['anger']
isixhosa_text_1320_emotion_1,Iteletele inyhasha ilungelo loomama,['sadness'],['sadness'],['anger'],['sadness']
isixhosa_text_373_emotion_1,Isizwe sifela embelekweni ngenxa yotywala,['sadness'],['sadness'],['sadness'],['sadness']
isixhosa_text_85_emotion_1,Ibiluyolo lodwa kwiilwandle zephondo,['joy'],['joy'],['joy'],['joy']
isixhosa_text_1172_emotion_1,"Wathandeni, ayazibulala amadoda kweli",['sadness'],['sadness'],['sadness'],['sadness']
isixhosa_text_458_emotion_1,IMpuma Koloni ikruquke kukuba ‘ngumka-nja’,['anger'],"['anger', 'sadness']",['anger'],['anger']
isixhosa_text_1135_emotion_1,ABAKANGCWATYWA ABANTWANA ABABETSHE NETYOTYOMBE EKRAAIFONTEIN: | EC Indab,['sadness'],['sadness'],['sadness'],['sadness']
isixhosa_text_988_emotion_1,Amahla ndenyuka ‘kowasweleka’ ngo2009,['sadness'],"['sadness', 'surprise']",['sadness'],['sadness']
isixhosa_text_663_emotion_1,Owasetyhini obanjelwe ukutyhola amapolisa ngodlwengulo | EC Indab,['sadness'],['surprise'],['sadness'],['sadness']
isixhosa_text_1397_emotion_1,Kuvulwe ityala lokubulala indoda eKaladokhwe,['sadness'],['surprise'],['sadness'],['sadness']
isixhosa_text_1816_emotion_1,Sinqunyanyisiwe isithethi sikaMphathiswa wezeMfundo eMpuma Koloni. | EC Indab,[],"['sadness', 'surprise']",['sadness'],['sadness']
isixhosa_text_1069_emotion_1,Inkuthazo nempiliso kwicwecwe likaNosiviwe!,['joy'],['joy'],['joy'],['joy']
isixhosa_text_483_emotion_1,Kutheni amantombazana esoyika xa efikelela exesheni?,['fear'],['fear'],['fear'],['fear']
isixhosa_text_241_emotion_1,YINTWAZANA EMINYAKA(12) EDLWENGULWE YABULAWA YINDODA(47) YASE XHORA EYALUSA IMFUYO EKUHLALENI | EC Indab,['sadness'],"['anger', 'sadness']",['sadness'],['sadness']
isixhosa_text_2035_emotion_1,UMapeza unethemba lokukrwitsha iSiwelele,[],[],['joy'],[]
isixhosa_text_200_emotion_1,UDEMWO: Sisithuko kumanina eli ukonyulwa kukaBathabile,"['anger', 'sadness']",['anger'],['anger'],['anger']
isixhosa_text_1744_emotion_1,BUKELA | Oonqevu bephanga inkampani yokhuseleko,['sadness'],['surprise'],['surprise'],['surprise']
isixhosa_text_1359_emotion_1,Ulunywe indlebe ngenxa yebhiya!,"['sadness', 'surprise']","['sadness', 'surprise']",['surprise'],"['sadness', 'surprise']"
isixhosa_text_73_emotion_1,UBartlett  lisekela  mqeqeshi  we-Under 23,['joy'],[],['joy'],['joy']
isixhosa_text_761_emotion_1,Kubhubhe umfundi kwingozi yemoto,['sadness'],['sadness'],['sadness'],['sadness']
isixhosa_text_2107_emotion_1,Indoda ibanjelwe ukudlwengula abantwana eBhayi!,['sadness'],"['sadness', 'surprise']","['sadness', 'surprise']","['sadness', 'surprise']"
isixhosa_text_1581_emotion_1,Iingxaki zesikolo esigqwesileyo kwiziphumo zebanga leshumi eNgcobo,['joy'],['sadness'],['sadness'],['sadness']
isixhosa_text_846_emotion_1,Baza kuvan’amandla oosozoso kwitumente enkulu eDurban!,[],['joy'],['joy'],['joy']
isixhosa_text_2127_emotion_1,Kuyaxatyanwa kunxantathu weANC eKapa ngenxa yabagqatswa,['sadness'],['surprise'],['surprise'],['surprise']
isixhosa_text_666_emotion_1,UVusani uthi likhaya lakhe iChippa,['joy'],['joy'],[],['joy']
isixhosa_text_960_emotion_1,Kubanjwe abazingeli bemikhombe eRhini,['joy'],['surprise'],['surprise'],['surprise']
isixhosa_text_1418_emotion_1,"Ibuye nodumo iBlitzboks, eSydney!",['joy'],['joy'],['joy'],['joy']
isixhosa_text_592_emotion_1,UZille wehlulakele ukubayinkokeli elinina elikhusela amanye amanina,['sadness'],['sadness'],"['anger', 'sadness']",['sadness']
isixhosa_text_2050_emotion_1,IKrismesi emjiva kotyholwa ngokudlwengula!,[],['surprise'],['surprise'],['surprise']
isixhosa_text_1549_emotion_1,Owasetyhini usutywe kukufa endleleni,['sadness'],['sadness'],['sadness'],['sadness']
isixhosa_text_972_emotion_1,"Owazalwa ngo1988, ugqiba iminyaka eyi-8!",['joy'],['surprise'],['surprise'],['surprise']
isixhosa_text_518_emotion_1,Imfundiso ngekhorona mayikhutshwe ngeelwimi zonke,[],['joy'],['anger'],[]
isixhosa_text_636_emotion_1,Mibini(2)imizimba efunyenwe isitsha ngaphakathi evenkileni logama omnye kubo ebotshelelwe | EC Indab,['sadness'],['sadness'],"['sadness', 'surprise']",['sadness']
isixhosa_text_1690_emotion_1,Lucholwe lulahlwe ethafeni usana olubomvu,['sadness'],"['anger', 'disgust', 'sadness']","['sadness', 'surprise']",['sadness']
isixhosa_text_973_emotion_1,Isikolo saseTsomo liqhayiya lephondo,['joy'],['joy'],['joy'],['joy']
isixhosa_text_420_emotion_1,Kuphuculwa izitalato zeelokishi eBhayi,['joy'],['joy'],['joy'],['joy']
isixhosa_text_734_emotion_1,Awekho amagumbi okufundela eTyelimhlophe,['sadness'],"['sadness', 'surprise']",['sadness'],['sadness']
isixhosa_text_362_emotion_1,UCrazy Tulz wenza kakhulu kwingoma entsha!,['joy'],['joy'],['joy'],['joy']
isixhosa_text_160_emotion_1,‘Sizimisele ukuya phambili kwiNedbank Cup’,['joy'],['joy'],[],['joy']
isixhosa_text_1189_emotion_1,Indoda idlwengule umntwana oneminyaka emithathu,['sadness'],"['anger', 'disgust', 'sadness']","['sadness', 'surprise']",['sadness']
isixhosa_text_152_emotion_1,Inkulumbuso yephondo leMpuma Koloni ivule ngokusesikweni isikolo samabanga aphakamileyo iSophathisana eMonti | EC Indab,['joy'],['joy'],['joy'],['joy']
isixhosa_text_657_emotion_1,Abulewe amakhosikazi amabini eO.R.Tambo,['sadness'],"['anger', 'sadness']",['sadness'],['sadness']
isixhosa_text_1980_emotion_1,Iinguqu ezimangalisayo zokubulawa kwepolisa laseGqeberha | EC Indab,['sadness'],"['sadness', 'surprise']","['sadness', 'surprise']","['sadness', 'surprise']"
isixhosa_text_1018_emotion_1,IBaroka ibuyele phezulu kwakhona,['joy'],['joy'],['joy'],['joy']
isixhosa_text_1961_emotion_1,Ibuyile iShell Helix Ultra Cup!,['joy'],['joy'],['joy'],['joy']
isixhosa_text_1231_emotion_1,ULuckeez woMhlobo: 'Ndivuke iqatywe ikaka imoto yam',['disgust'],"['disgust', 'surprise']","['disgust', 'surprise']","['disgust', 'surprise']"
isixhosa_text_1064_emotion_1,Irhaxwe lilindle yabhubha inkwenkwana yaseMdantsane | EC Indab,"['disgust', 'sadness']","['sadness', 'surprise']",['sadness'],['sadness']
isixhosa_text_2128_emotion_1,Kubanjwe abarhanelwa ababini ngezityholo zokuphanga ifama kaMongameli ku Phala Phala | EC Indab,['sadness'],['surprise'],[],[]
isixhosa_text_1668_emotion_1,Kubanjwe abantu abayi-161 kugqogqa eBhayi,"['joy', 'sadness']",['surprise'],['surprise'],['surprise']
isixhosa_text_490_emotion_1,Inyathi ibuzwa kwabaphambili eNyanga,[],[],['joy'],[]
isixhosa_text_2190_emotion_1,‘Ndixakwe kukungcwaba umzukulwana wam’,['sadness'],['sadness'],['sadness'],['sadness']
isixhosa_text_837_emotion_1,Inika ithemba impumelelo yeBloemfontein Cetilc,['joy'],['joy'],['joy'],['joy']
isixhosa_text_1376_emotion_1,"Ugwinte isinqandamathe, emva koko wazibulala ngeyeza leegusha",['sadness'],['surprise'],"['sadness', 'surprise']","['sadness', 'surprise']"
isixhosa_text_1914_emotion_1,Amagosa ePalamente ahlazwe ngabahlali,['sadness'],['surprise'],['sadness'],['sadness']
isixhosa_text_1117_emotion_1,Kubethwe othandana nabesini sakhe eGcuwa,['sadness'],['sadness'],['sadness'],['sadness']
isixhosa_text_2086_emotion_1,Ooxholovane beembaleki badibana eGqeberha ngempelaveki,['joy'],['joy'],['joy'],['joy']
isixhosa_text_886_emotion_1,Umam’ uBiko uwongwe yiRhodes,['joy'],['joy'],['joy'],['joy']
isixhosa_text_1766_emotion_1,Ixhego lisenkundleni ngokudlwengula umntwana,['sadness'],"['sadness', 'surprise']","['sadness', 'surprise']","['sadness', 'surprise']"
isixhosa_text_311_emotion_1,UMyeni uphazanyiswa kukungadlali kwiBucs,['sadness'],['sadness'],"['anger', 'sadness']",['sadness']
isixhosa_text_207_emotion_1,"Inikezele impilo yontwana, emva kwethuba ehlutshwa kukudumba. | EC Indab",['sadness'],['sadness'],['sadness'],['sadness']
isixhosa_text_1404_emotion_1,UDan Malesela ukhonjwe emnyango nguMpengesi emva kwehlazo layizolo,['sadness'],['sadness'],['sadness'],['sadness']
isixhosa_text_1483_emotion_1,Indoda idlwengule isalamane sayo,['sadness'],"['sadness', 'surprise']",['sadness'],['sadness']
isixhosa_text_80_emotion_1,Litshele endlini yalo labhubha ixhegwazana,['sadness'],['sadness'],"['sadness', 'surprise']",['sadness']
isixhosa_text_2122_emotion_1,Sibulewe ngabahlali isidlwengu samadoda nabafazi,['sadness'],['surprise'],['surprise'],['surprise']
isixhosa_text_1361_emotion_1,Ufikile eDutywa emva kokuhamba ngeenyawo i800km,[],['surprise'],"['joy', 'surprise']",['surprise']
isixhosa_text_765_emotion_1,Itshe nqunqe ibhasi yaseNgcobo,['sadness'],['sadness'],['sadness'],['sadness']
isixhosa_text_942_emotion_1,Kufunyenwe izidumbu ziqungquluzile eKapa,['sadness'],"['sadness', 'surprise']","['sadness', 'surprise']","['sadness', 'surprise']"
isixhosa_text_33_emotion_1,UDa Gama akayichasanga iBafana Bafana,['joy'],[],['joy'],['joy']
isixhosa_text_2119_emotion_1,Kuliwa ukuphathwa gadalala kwamanina nabantwana,"['joy', 'sadness']",['sadness'],['sadness'],['sadness']
isixhosa_text_1912_emotion_1,Bazakuvela enkundleni kungekudala ababanjwe neenkomo eziyi,['joy'],['surprise'],[],[]
isixhosa_text_1506_emotion_1,Kubanjwe abangapha kwe600 eNyanga,['sadness'],['surprise'],['surprise'],['surprise']
isixhosa_text_313_emotion_1,"Baqaqambisa uNongqawuse, uMaqoma noMqhayi",['joy'],['joy'],[],['joy']
isixhosa_text_776_emotion_1,Ubomi ejele ngokubulala ummi waseTopiya,['joy'],['sadness'],['sadness'],['sadness']
isixhosa_text_1348_emotion_1,‘Sifuna ukubuyisela amanqindi elokishini’,['joy'],['joy'],['joy'],['joy']
isixhosa_text_429_emotion_1,Amakhosi aphantsi koxinizelelo kwiNedbank,['sadness'],['sadness'],['sadness'],['sadness']
isixhosa_text_915_emotion_1,Abantu abayi-43 eMpuma Koloni babanjelwe ukunganxibi iimaskhi esidlangalaleni,['sadness'],['surprise'],"['sadness', 'surprise']","['sadness', 'surprise']"
isixhosa_text_2163_emotion_1,IFree State Stars ikrazule iintliziyo zeSiwelele,['sadness'],['sadness'],['joy'],['sadness']
isixhosa_text_1270_emotion_1,Ungajima ungahlawulanga mali efama,[],['joy'],[],[]
isixhosa_text_245_emotion_1,Umfundi waseWSU uhlatywe wabhubha emva kwengxabano ngokusetyenziswa kwamayeza esiNtu,['sadness'],"['anger', 'surprise']",['sadness'],['sadness']
isixhosa_text_1218_emotion_1,Ifuthe lenkomfa yeANC ephondweni,[],[],[],[]
isixhosa_text_2152_emotion_1,Ibulele yafihla isidumbu senkosikazi indoda yaseMaluti,"['joy', 'sadness']",['sadness'],"['sadness', 'surprise']",['sadness']
isixhosa_text_526_emotion_1,"UMabuyane ucela abana-60, bangayi ePasikeni",['sadness'],['surprise'],[],[]
isixhosa_text_412_emotion_1,"IDowns izibethele iBaroka emdlalweni wePSL, ePeter Mokaba Stadium",['joy'],['joy'],[],['joy']
isixhosa_text_282_emotion_1,UGlenrose Xaba usothukile emva kokwenza imbali eGqeberha,['surprise'],"['joy', 'surprise']","['joy', 'surprise']","['surprise', 'joy']"
isixhosa_text_228_emotion_1,Ubhubhele isihlalo sobudoda emgidini!,['sadness'],"['anger', 'sadness']","['sadness', 'surprise']",['sadness']
isixhosa_text_1505_emotion_1,Umqeqeshi weBrazil uhlomla ngokwenzeke emdlalweni wayizolo,[],[],[],[]
isixhosa_text_730_emotion_1,Abazali bagxothe inqununu etyholwa ngesincwaso,['sadness'],"['anger', 'sadness']",['surprise'],['sadness']
isixhosa_text_281_emotion_1,Abantu baseMpuma Koloni baliqhwabela izandla inyathelo leChippa United,['joy'],['joy'],['joy'],['joy']
isixhosa_text_932_emotion_1,Baphehla umbane ngobulongwe beenkomo eMooiplaas,"['disgust', 'surprise']",['surprise'],"['disgust', 'surprise']","['disgust', 'surprise']"
isixhosa_text_155_emotion_1,Ludinga inkxaso ulutsha lwelali yaseQonce,[],[],[],[]
isixhosa_text_400_emotion_1,UKekana ngukapteni omtsha weSundowns,['joy'],['joy'],['joy'],['joy']
isixhosa_text_548_emotion_1,UThuso ubalisa ibali lakhe ngokwenza imizobo,['surprise'],['joy'],[],[]
isixhosa_text_1286_emotion_1,Ukwimeko embi unogada owonzakaliswe ngabalandeli beChiefs,['sadness'],['sadness'],['sadness'],['sadness']
isixhosa_text_1154_emotion_1,Amasiko esiNtu esenziwa xa umfazi ebhujelwe,[],"['joy', 'sadness']",[],[]
isixhosa_text_423_emotion_1,Umhlalutyi: Iyasokola xa idlala ekuhambeni iChippa,['sadness'],['sadness'],['sadness'],['sadness']
isixhosa_text_196_emotion_1,Amathuba okwenza imali ngemoto yakho,['joy'],['joy'],[],['joy']
isixhosa_text_2002_emotion_1,Unxunguphalo emva kokubhubha kooSomlomo ababini,['sadness'],['sadness'],['sadness'],['sadness']
isixhosa_text_1539_emotion_1,Iphulo lehlabathi lokufunda ngokukhwaza,['joy'],['joy'],['joy'],['joy']
isixhosa_text_480_emotion_1,Amakhosi aquthiswe yiTS Galaxy aphuma esophisa eMbombela Stadium,['sadness'],['sadness'],['sadness'],['sadness']
isixhosa_text_2059_emotion_1,Ubulele indoda umlilo waseEurope,['sadness'],['sadness'],['sadness'],['sadness']
isixhosa_text_1510_emotion_1,Baseka uMasifunisane ngelokulwa ubusela bemfuyo,['joy'],[],['joy'],['joy']
isixhosa_text_1551_emotion_1,"Ukhubazekile, wazalelwa etyotyombeni, akabazi ubomi bokuhlala endlwini",['sadness'],['sadness'],['sadness'],['sadness']
isixhosa_text_1591_emotion_1,Kubanjwe isithathu ngokuphanga ivenkile yenyama eDutywa,['joy'],[],['surprise'],[]
isixhosa_text_1801_emotion_1,Ibanjiwe inkosikazi evule ityala lokudlwengulwa lipolisa ixoka!,['joy'],"['sadness', 'surprise']",['surprise'],['surprise']
isixhosa_text_976_emotion_1,Ubekwe kwikhaya lakhe lokugqibela uSihlalo we-EFF,['sadness'],['sadness'],['sadness'],['sadness']
isixhosa_text_912_emotion_1,"Masilungiseni ukuhlala, lonakele ilizwe",[],"['anger', 'sadness']",['sadness'],['sadness']
isixhosa_text_1560_emotion_1,Utshe wabhubha eyedwa okhubazekileyo,['sadness'],['sadness'],['sadness'],['sadness']
isixhosa_text_832_emotion_1,‘Ubhubhe ngenxa kaSASSA uSivenathi’,['sadness'],['surprise'],['sadness'],['sadness']
isixhosa_text_1375_emotion_1,Usapho olwabotyozwa yiloli lucela amangqina,['sadness'],['sadness'],['sadness'],['sadness']
isixhosa_text_726_emotion_1,‘Ubusazi na umzobo uphilisa umphefumlo?’,['joy'],['joy'],['joy'],['joy']
isixhosa_text_462_emotion_1,Umqeqeshi weWalter Sisulu uchulumancile,['joy'],['joy'],['joy'],['joy']
isixhosa_text_1602_emotion_1,Udubule isithandwa sakhe wasishiya sibhubhile endleleni,['sadness'],"['anger', 'sadness']","['sadness', 'surprise']",['sadness']
isixhosa_text_1599_emotion_1,Ulutsha luzonwabisa ngemidlalo eBizana,['joy'],['joy'],['joy'],['joy']
isixhosa_text_384_emotion_1,Uyazisola ngokubulala indoda yakhe ngedliso,['sadness'],"['anger', 'disgust']",['sadness'],['sadness']
isixhosa_text_2164_emotion_1,Kudutyulwe oonqevu kumantla eBhayi,['sadness'],['surprise'],['sadness'],['sadness']
isixhosa_text_600_emotion_1,"Ukonakala kwenye, kukulunga kwenye Listeriosis!",[],[],"['anger', 'surprise']",[]
isixhosa_text_435_emotion_1,ULusanda ufuna ukuvala ifayili yasemculweni,['sadness'],"['sadness', 'surprise']",['sadness'],['sadness']
isixhosa_text_2034_emotion_1,Igwetyiwe indlala kubarhwebi abangekho mthethweni eNgqushwa | EC Indab,['joy'],['joy'],['joy'],['joy']
isixhosa_text_772_emotion_1,Usodolophu waseMalahleni kutyelelo eBelgium,[],['joy'],[],[]
isixhosa_text_379_emotion_1,UMphahlele ucacisa ngokuya kwakhe kwiKaizer Chiefs,[],[],[],[]
isixhosa_text_999_emotion_1,Kufunyenwe usana lulahlwe kwikhonteyina!,['sadness'],"['sadness', 'surprise']","['sadness', 'surprise']","['sadness', 'surprise']"
isixhosa_text_1614_emotion_1,Balushumi elinesibini(12) abafundi baseForte ababanjiweyo | EC Indab,['sadness'],['surprise'],['surprise'],['surprise']
isixhosa_text_427_emotion_1,AmaZulu akafuni nokuva ngoTade wawo!,['anger'],['joy'],['anger'],['anger']
isixhosa_text_1674_emotion_1,Bebephila obentshontsho ababhinqileyo sisidlwengu kuTsolo,['sadness'],['sadness'],"['fear', 'sadness']",['sadness']
isixhosa_text_527_emotion_1,Amapolisa asaqhubeka nephulo lokulwa imipu engekho mthethweni | EC Indab,['joy'],['joy'],[],['joy']
isixhosa_text_68_emotion_1,Lophukile ulutsha ngenxa yokudinga abantu abayimizekelo,['sadness'],['sadness'],['sadness'],['sadness']
isixhosa_text_916_emotion_1,Zibiwe iigusha zakwaSinto kuQumbu,['sadness'],['surprise'],['sadness'],['sadness']
isixhosa_text_775_emotion_1,Umbulali kaHani ubhubhe nenyani,['disgust'],['surprise'],['anger'],[]
isixhosa_text_1095_emotion_1,Umasipala wase Mbhashe ubhengeze umonakalo odwalwe zizantyala ntyala zemvula nje ngesimo sentlekele | EC Indab,['sadness'],['sadness'],['sadness'],['sadness']
isixhosa_text_928_emotion_1,Ingqwalasela kwityalike eyatshatela uWinnie noMadiba,[],[],[],[]
isixhosa_text_1058_emotion_1,#NAF: Intlungu ngokuxhatshazwa kwabantwana,['sadness'],['sadness'],['sadness'],['sadness']
isixhosa_text_1749_emotion_1,Wabulawa owasetyhini kuba ethandana nabasetyhini!,['sadness'],"['sadness', 'surprise']","['sadness', 'surprise']","['sadness', 'surprise']"
isixhosa_text_1114_emotion_1,Ufunwa ngapha nangapha ochithwe yiPirates!,[],['joy'],['joy'],['joy']
isixhosa_text_1954_emotion_1,Bazingela amathuba kwiCreative Economy Indaba 2018,[],[],['joy'],[]
isixhosa_text_1534_emotion_1,"""Ndilahlekelwe yi-R14 000 yonke ngenxa yokuphapha""",['sadness'],['sadness'],['sadness'],['sadness']
isixhosa_text_1132_emotion_1,Akanikwanga bheyile odlwengule ixhegwazana ahlobene nalo!,"['joy', 'sadness']",['surprise'],['sadness'],['sadness']
isixhosa_text_336_emotion_1,Abazili abayi-7 badutyulwe babhubha eMthatha,['sadness'],"['anger', 'disgust', 'sadness']",['sadness'],['sadness']
isixhosa_text_1892_emotion_1,"Mabuyane: ‘UGomba uzamile, ufikelwe nje lilishwa’",['sadness'],['sadness'],['sadness'],['sadness']
isixhosa_text_1210_emotion_1,Ugwetywe ubomi unoteksi waseMonti ngokudlwengula umkhweli | EC Indab,"['joy', 'sadness']","['sadness', 'surprise']",['sadness'],['sadness']
isixhosa_text_519_emotion_1,SKEEM SAAM: Kwenzeka ntoni?,[],[],[],[]
isixhosa_text_1676_emotion_1,Utshe waluthuthu uNozukile Superspar eNgqushwa,['sadness'],['sadness'],['sadness'],['sadness']
isixhosa_text_2134_emotion_1,"Ababezenza amapolisa baphanga usapho, baqhotsa batya inyama yabo!",['sadness'],['surprise'],['surprise'],['surprise']
isixhosa_text_2180_emotion_1,Obeqeqesha kwiKaizer Chiefs uswelekile,['sadness'],['sadness'],['sadness'],['sadness']
isixhosa_text_1817_emotion_1,Ingozi emasikizi isube imiphefumlo emihlanu(5) | EC Indab,['sadness'],['sadness'],['sadness'],['sadness']
isixhosa_text_2155_emotion_1,Ifumanekile imizimba yabafundi eberhaxwe ngamanzi bewela!,"['joy', 'sadness']",['sadness'],['sadness'],['sadness']
isixhosa_text_52_emotion_1,UMasutha ubathembile abadlali beChippa,['joy'],[],['joy'],['joy']
isixhosa_text_310_emotion_1,UComitis ugxeka abaphathi beCape Town Stadium,['sadness'],['anger'],['anger'],['anger']
isixhosa_text_949_emotion_1,Ungxamele ukunyanga othweswe isidanga yiWSU,['joy'],['joy'],['joy'],['joy']
isixhosa_text_2049_emotion_1,USive Nontshinga uza kukhusela intshinga yakhe ekhaya!,['joy'],['joy'],['joy'],['joy']
isixhosa_text_768_emotion_1,Basabhadla ejele ababulala umakoti waseNgqushwa!,"['joy', 'sadness']",['sadness'],['surprise'],['sadness']
isixhosa_text_542_emotion_1,Kusweleke abantu ababini kwingozi eyenzeke ngaphandle nje kwase Port Alfred | EC Indab,['sadness'],['sadness'],['sadness'],['sadness']
isixhosa_text_1508_emotion_1,Udliwanondlebe nomlandeli weChippa United,['joy'],[],[],[]
isixhosa_text_1271_emotion_1,Ubanjiwe umalume odlwengule umtshana,['joy'],['sadness'],['sadness'],['sadness']
isixhosa_text_28_emotion_1,"Uhamba nini uMakhulu, tat’uMnci?",['anger'],[],[],[]
isixhosa_text_237_emotion_1,Amaqela aphikisayo emva kweSONA,[],[],[],[]
isixhosa_text_118_emotion_1,Abafana Bes’thende babethwe bangcotsha yiSundowns emdlalweni weTelkom Knockout,['sadness'],['sadness'],['sadness'],['sadness']
isixhosa_text_1944_emotion_1,Kuphandwa isehlo sokudlwengulwa komfundi eyunivesithi,['sadness'],['sadness'],['sadness'],['sadness']
isixhosa_text_1323_emotion_1,Unogada wesikolo iLinge ufuna ukuqhubeka ahlale esikolweni,['joy'],[],[],[]
isixhosa_text_1524_emotion_1,Abahlali badikwe yiyokosa bezama ukwenza okohlule amapolisa. | EC Indab,['anger'],['anger'],['anger'],['anger']
isixhosa_text_1316_emotion_1,Ibanjiwe indoda edlwengule isithandwa sayo!,['joy'],"['sadness', 'surprise']","['sadness', 'surprise']","['sadness', 'surprise']"
isixhosa_text_804_emotion_1,Umphathi ubaleka nemali yabasebenzi,['sadness'],['surprise'],['sadness'],['sadness']
isixhosa_text_476_emotion_1,Umnqa umrhanelwa obuleleyo ukhutshwe eziseleni engekaxoxi noxoxa!,['surprise'],['surprise'],"['anger', 'surprise']",['surprise']
isixhosa_text_31_emotion_1,Usakhangelwa * ‘My Friend’ otyholwa ngokudlwengula,['sadness'],"['anger', 'disgust']","['anger', 'fear']",['anger']
isixhosa_text_1035_emotion_1,Uve kabuhlungu uDesiree Ellis eshiya abanye abadlali,['sadness'],['sadness'],['sadness'],['sadness']
isixhosa_text_1671_emotion_1,"ENgqamakhwe, kuCentane naseGcuwa kuvunjululwa italente!",['joy'],['joy'],['joy'],['joy']
isixhosa_text_463_emotion_1,Pitso Mosimane: Akekho umqeqeshi ongayifuniyo indebe yeCAF Champions League,[],['joy'],[],[]
isixhosa_text_537_emotion_1,Nantsi iR250 000 kwabanomdla wokuncedisa uSPAR ekucoceni indalo,['joy'],['joy'],['joy'],['joy']
isixhosa_text_1362_emotion_1,Baqhankqalazele ubundlobongela abantwana baseNyanga,['sadness'],['sadness'],['sadness'],['sadness']
isixhosa_text_188_emotion_1,UBosch angafumana iwonga lehlabathi,['joy'],['joy'],['joy'],['joy']
isixhosa_text_853_emotion_1,Abafundi baseMpuma Koloni balaliswe esibhedlele ngenxa yesigulo sesisu | EC Indab,['sadness'],"['sadness', 'surprise']",['sadness'],['sadness']
isixhosa_text_1496_emotion_1,"Esuzile engasuzanga, kubo yinkokheli",['sadness'],['anger'],['anger'],['anger']
isixhosa_text_667_emotion_1,Ukhutshwe emoyeni umsasi ebhidwe ziintsuku!,['sadness'],['surprise'],['surprise'],['surprise']
isixhosa_text_1203_emotion_1,Utyelele isikolo sakhe eMdantsane uMapisa-Nqakula,['joy'],[],['joy'],['joy']
isixhosa_text_1385_emotion_1,URabada uyophule amalungu i-Australia,['joy'],['joy'],['joy'],['joy']
isixhosa_text_1421_emotion_1,Uhambe eseyintshatsheli uGabula ‘Tiger’ Vabaza!,['joy'],['joy'],['joy'],['joy']
isixhosa_text_1314_emotion_1,Masingawafihli amacephe kuza kutyiwa!,[],['anger'],['anger'],['anger']
isixhosa_text_2209_emotion_1,UZille unqunyanyisiwe kwiinkqubo zeDA,['sadness'],['sadness'],['sadness'],['sadness']
isixhosa_text_873_emotion_1,Yindoda eneminyaka engamashumi mathandathu anesibini(62) edlwengule umtwana(5) kwilali yaseNgqushwa | EC Indab,['sadness'],['sadness'],['sadness'],['sadness']
isixhosa_text_1037_emotion_1,Ivuliwe iNdlu yeeNkosi eMpuma Koloni,['joy'],['joy'],['joy'],['joy']
isixhosa_text_204_emotion_1,Kubonwe ngesandla somtu siphethwe yinja eLibode. | EC Indab,"['disgust', 'sadness']","['sadness', 'surprise']",['surprise'],"['sadness', 'surprise']"
isixhosa_text_1894_emotion_1,Bavele enkundleni abaqhwaya udushe eMabhida Stadium,['sadness'],['surprise'],[],[]
isixhosa_text_935_emotion_1,Bakhala ngokwanda kobudlwengu eDutywa,['sadness'],['sadness'],['sadness'],['sadness']
isixhosa_text_1829_emotion_1,Inkwenkwana iyathuthuzelwa emva kokudutyulwa kukanina,['sadness'],['sadness'],['sadness'],['sadness']
isixhosa_text_737_emotion_1,‘Ithengiselwe igrigamba indlu yam’,"['anger', 'sadness']",['anger'],['anger'],['anger']
isixhosa_text_1481_emotion_1,IKouga izimisele ukuthoba imirhumo yamanzi njengoko amanqanaba amadama ephucuka | EC Indab,['joy'],['sadness'],['sadness'],['sadness']
isixhosa_text_195_emotion_1,Akakhange alibeke kumngcwabo womntakwabo uCeline Dion,"['sadness', 'surprise']",['sadness'],"['sadness', 'surprise']","['sadness', 'surprise']"
isixhosa_text_1302_emotion_1,Sikhahlela uGqirhalwazi N.Z. Gxekwa!,['joy'],['sadness'],['joy'],['joy']
isixhosa_text_1125_emotion_1,Uyangcwatywa umama kaPhumulo Masualle,['sadness'],['sadness'],['sadness'],['sadness']
isixhosa_text_1577_emotion_1,"Bhum phantsi intente phambi koMphathiswa, konzakala abantu",['sadness'],"['sadness', 'surprise']",['surprise'],"['sadness', 'surprise']"
isixhosa_text_789_emotion_1,Kudutyulwe indoda (74) ngethuba kuphangwa kwiFama yaseGwatyu | EC Indab,['sadness'],['sadness'],['sadness'],['sadness']
isixhosa_text_1443_emotion_1,Udutyulwe wabhubha elele neqabane,['sadness'],"['sadness', 'surprise']","['sadness', 'surprise']","['sadness', 'surprise']"
isixhosa_text_1013_emotion_1,Iqaqambisa igama layo ngokwenza iimoto inkosikazi yakuQoboqobo,['joy'],['joy'],['joy'],['joy']
isixhosa_text_190_emotion_1,UMduduzi Manana ulivumile ityala,['sadness'],"['anger', 'disgust', 'surprise']",[],[]
isixhosa_text_1148_emotion_1,"‘Hamb’ uyozivavanyela isifo sephepha’, uMphathiswa uyalele uMasualle",[],['anger'],[],[]
isixhosa_text_1370_emotion_1,"Unina kwikhwarantini, bona bagcwele ilali",['sadness'],['sadness'],['surprise'],['sadness']
isixhosa_text_1908_emotion_1,Umfoti wethu ufumene iwonga,['joy'],['joy'],['joy'],['joy']
isixhosa_text_1935_emotion_1,Gomba: U 'Andidikwe' wam akathethi kudinwa ngumsebenzi,[],['anger'],['joy'],[]
isixhosa_text_363_emotion_1,UNoxolo umongamele uPortia eMdantsane Indoor Sports Centre,[],['joy'],[],[]
isixhosa_text_540_emotion_1,Ingxaki yokumitha kwisikolo sabazizithulu,['sadness'],['surprise'],"['sadness', 'surprise']","['sadness', 'surprise']"
isixhosa_text_417_emotion_1,Yiminyaka ilikhulu(100) esethembeni kodwa ekugqibeleni ude wawubona umnyango wendlu entsha. | EC Indab,"['anger', 'joy']","['joy', 'surprise']",['joy'],['joy']
isixhosa_text_1818_emotion_1,UPastor Gabriel kwakhona kwiSidingo!,[],['joy'],['joy'],['joy']
isixhosa_text_1392_emotion_1,Banikwa ithuba lokuya e-Angola oosomashishini beli,['joy'],['joy'],['joy'],['joy']
isixhosa_text_1504_emotion_1,Luxhalabile uluntu ziivenkile zooMy Friend eMonti,['fear'],['fear'],['fear'],['fear']
isixhosa_text_2222_emotion_1,Siyifun' ekhaya indebe Mabhokobhoko,['joy'],['joy'],['joy'],['joy']
isixhosa_text_1472_emotion_1,Isithuthi sabantwana besikolo sintlithekile!,['sadness'],['sadness'],['surprise'],['sadness']
isixhosa_text_1836_emotion_1,Umsantsa kwiDA ubangele ukulahla kwelungu eliphezulu,['sadness'],['surprise'],[],[]
isixhosa_text_1610_emotion_1,"Inye iveki yile, kuza kubethwa umntu eMonti!","['anger', 'fear']","['fear', 'joy']",['fear'],['fear']
isixhosa_text_2055_emotion_1,Ungqwabalala kakade umfundi obulele omnye,['sadness'],['sadness'],['surprise'],['sadness']
isixhosa_text_627_emotion_1,Umrhanelwa ebenxiba iimpahla zoomama nezenkonzo,[],['surprise'],['surprise'],['surprise']
isixhosa_text_1447_emotion_1,Ibonwe ngobarhiphilili bubulongwe indoda isinda indlu kanti icima ubungqina,"['disgust', 'sadness']","['sadness', 'surprise']",['surprise'],"['sadness', 'surprise']"
isixhosa_text_229_emotion_1,"Ekugqibeleni, Amakhosi ade aphumelela",['joy'],['joy'],['joy'],['joy']
isixhosa_text_1813_emotion_1,"Kukhuthuzwe, kwaqweqwediswa amapolisa eGqeberha izolo. | EC Indab",['sadness'],['surprise'],['surprise'],['surprise']
isixhosa_text_342_emotion_1,Iinzame zokunqanda ukusweleka kwabakhwetha eMpuma Koloni azivezi ziphumo zincumisayo | EC Indab,['sadness'],['sadness'],['sadness'],['sadness']
isixhosa_text_2113_emotion_1,Eli lithumele iiorenji eJapan naseChina,[],['joy'],['joy'],['joy']
isixhosa_text_1973_emotion_1,‘Asivoti ukuba akagxothwa uceba wethu’,['anger'],['anger'],['anger'],['anger']
isixhosa_text_2220_emotion_1,INkulumbuso yaseMpuma Koloni idandalazise iSisombululo soBugcisa sokuLwa iNgxaki yokubiwa kwemfuyo. | EC Indab,['joy'],[],['joy'],['joy']
isixhosa_text_365_emotion_1,Bafuna inkamnkam iqale ku36,['surprise'],['surprise'],[],['surprise']
isixhosa_text_581_emotion_1,Uceba ‘wonyanya ilindle’ ebantwini bakhe,['disgust'],['disgust'],['disgust'],['disgust']
isixhosa_text_1543_emotion_1,‘Ngootsotsi ootitshala abanxiba iijini nezikipa’ - Makupula,['sadness'],['anger'],['anger'],['anger']
isixhosa_text_1832_emotion_1,"‘Phuma emtshatweni, sukude uzibulale!’",[],['anger'],['anger'],['anger']
isixhosa_text_2030_emotion_1,Kubanjwe amadoda aphange inyama nemali,"['joy', 'sadness']",['surprise'],['surprise'],['surprise']
isixhosa_text_619_emotion_1,Ukuthelekiswa kwaqela omnyazi kwamkelwe ngovuyo nguMzantsi Afrika!,['joy'],['joy'],['joy'],['joy']
isixhosa_text_2124_emotion_1,Ilungu leDA liheshiwe eKatikati,['sadness'],['surprise'],['surprise'],['surprise']
isixhosa_text_1257_emotion_1,UPitso ufuna impumelelo kwiChamps League,['joy'],['joy'],[],['joy']
isixhosa_text_1000_emotion_1,"Umdlwengule, emxhaxha de wamkrolonqa amehlo umtwana(16) | EC Indab","['disgust', 'sadness']","['sadness', 'surprise']","['sadness', 'surprise']","['sadness', 'surprise']"
isixhosa_text_1877_emotion_1,"Kudutyulwe 10 kwaze konzakale 3 kuqhankqalazo lwabafundi baseWSU, eMthatha. | EC Indab",['sadness'],['sadness'],['sadness'],['sadness']
isixhosa_text_1050_emotion_1,Libanjiwe igosa elibulele owasetyhini kwintolongo yaseMonti,['sadness'],['surprise'],"['sadness', 'surprise']","['sadness', 'surprise']"
isixhosa_text_591_emotion_1,Kukude ebhakubha kumaqela aseBhayi,['sadness'],['sadness'],[],['sadness']
isixhosa_text_443_emotion_1,Kudutyulwe kwabulawa abantu ngaphandle kweTarven eseSweetwaters eQonce | EC Indab,['sadness'],"['anger', 'sadness']","['sadness', 'surprise']",['sadness']
isixhosa_text_673_emotion_1,Kutyholwa isiporho ngokubhubha kukaMagwinya,['sadness'],"['sadness', 'surprise']",['surprise'],"['sadness', 'surprise']"
isixhosa_text_247_emotion_1,Amasi abekwe elangeni eBhayi,[],[],['fear'],[]
isixhosa_text_863_emotion_1,Athelekisiwe ashiyekileyo kwiNedbank Cup emva kokuphuncuka kweCeltic emdlalweni obuseMpumalanga namhlanje,[],['joy'],[],[]
isixhosa_text_1603_emotion_1,Ugwetywe ubomi ethothoza ngaphakathi entilongweni umbulali womyeni | EC Indab,['sadness'],"['sadness', 'surprise']",['sadness'],['sadness']
isixhosa_text_510_emotion_1,Abarhanelwa babanjwe neengxowa zentsangu,['joy'],['surprise'],[],[]
isixhosa_text_116_emotion_1,"iBhala Chiefs ihambe neR10,000 yonke kwiMongi Rula Tournament!",['joy'],['joy'],"['joy', 'surprise']",['joy']
isixhosa_text_746_emotion_1,Libuye lisindwa ziimbasa iqela leKarati,['joy'],['joy'],['joy'],['joy']
isixhosa_text_2266_emotion_1,Baphelelwa lithemba ekudala belinde ukufakelwa kwamanzi,['sadness'],['sadness'],['sadness'],['sadness']
isixhosa_text_84_emotion_1,AmaBhokobhoko aya kutyelelo lwaseAustralia engxwelerhekile,['sadness'],['sadness'],['sadness'],['sadness']
isixhosa_text_1051_emotion_1,Nka! isigwebo kowabulala intombazana yaseNkanini !,['joy'],['surprise'],['surprise'],['surprise']
isixhosa_text_735_emotion_1,Abanjwe ngentseni eCentral amadoda asolwa ngokuxhwila isithuthi | EC Indab,['joy'],"['anger', 'surprise']",['surprise'],['surprise']
isixhosa_text_2071_emotion_1,USoyizwaphi unethuba lokuya eRio,['joy'],['joy'],['joy'],['joy']
isixhosa_text_1279_emotion_1,Owayeqeqesha iPirates uvele enkundleni ngenxa yesityholo sesincwaso,['sadness'],['surprise'],['surprise'],['surprise']
isixhosa_text_1340_emotion_1,Kuxhonyiswe umfama nancuma naye KwaNjoli | EC Indab,['sadness'],"['anger', 'sadness']",[],['sadness']
isixhosa_text_98_emotion_1,Liyoyikisa izinga lokunyamalala kwamadoda eGqeberha!,['fear'],['fear'],"['fear', 'sadness']",['fear']
isixhosa_text_1293_emotion_1,Izakugwetyelwa ukubulala umntana wayo onenyanga eziyi14 indoda yaseKhayelitsha,['sadness'],"['anger', 'disgust', 'sadness']",['sadness'],['sadness']
isixhosa_text_1176_emotion_1,Ibali letyendyana laseNgqamakhwe kwiSkeem Saam,['joy'],['joy'],[],['joy']
isixhosa_text_1124_emotion_1,Iphumelele itumente yamazwe amane iBafana Bafana!,['joy'],['joy'],['joy'],['joy']
isixhosa_text_993_emotion_1,Ubanjiwe odlwengule isidala sakhe!,"['joy', 'sadness']","['anger', 'disgust', 'sadness']","['sadness', 'surprise']",['sadness']
isixhosa_text_749_emotion_1,Igatyana laseGcuwa likwiLive Amp ngokuhlwanje,['joy'],['joy'],['joy'],['joy']
isixhosa_text_841_emotion_1,UTee Tee ufinyeza imikhono kwikhono lakhe,[],[],['surprise'],[]
isixhosa_text_1666_emotion_1,Batshizana ngegazi abahlali kuBeyele eNgcobo,['sadness'],['surprise'],['sadness'],['sadness']
isixhosa_text_1644_emotion_1,Snerah: Le iza kuphelel’ ematrasini,['sadness'],['joy'],['joy'],['joy']
isixhosa_text_574_emotion_1,UGeorge Maluleka uthi kumothusile ukukhululwa yiMamelodi Sundowns,"['sadness', 'surprise']",['surprise'],['surprise'],['surprise']
isixhosa_text_1819_emotion_1,UChad le Clos uyabavukuza kwiCommonwealth Games!,['joy'],['joy'],['joy'],['joy']
isixhosa_text_954_emotion_1,Utitshalakazi ubhunyulwe isigidi seerandi yimigegemba,['sadness'],"['sadness', 'surprise']","['sadness', 'surprise']","['sadness', 'surprise']"
isixhosa_text_332_emotion_1,UMarcia ufun’ ukulenza lincinci iqonga eMthatha!,['joy'],"['anger', 'fear']",['joy'],['joy']
isixhosa_text_956_emotion_1,Uncedo kusapho olutshiselwe indlu yalo,['sadness'],['sadness'],['sadness'],['sadness']
isixhosa_text_1116_emotion_1,Ipolisa libanjwe ngezityholo zobuqhetseba,['sadness'],['surprise'],"['sadness', 'surprise']","['sadness', 'surprise']"
isixhosa_text_325_emotion_1,UKumkani uXolilizwe Sigcawu (1926-2005),['sadness'],[],[],[]
isixhosa_text_678_emotion_1,UNYULO LOVALOZIKHEWU eBUFFALO CITY,['joy'],['joy'],[],['joy']
isixhosa_text_1312_emotion_1,Oomama mabangatyi tyum ngokudlwengulwa,['sadness'],['anger'],"['anger', 'disgust']",['anger']
isixhosa_text_1183_emotion_1,Libhengeziwe iqela lesizwe leqakamba eliya kwitumente yehlabathi,[],['joy'],[],[]
isixhosa_text_607_emotion_1,Kusekude engqinibeni kwinyewe yaseMnquma,['sadness'],['fear'],['sadness'],['sadness']
isixhosa_text_1_emotion_1,Alisekho igqala lomsasazi woMhlobo Wenene,['sadness'],[],['sadness'],['sadness']
isixhosa_text_906_emotion_1,Inani labantu ababhubhileyo ekudilikeni kwesakhiwo eGeorge lenyuke laya kutsho kwisibhozo. | EC Indab,['sadness'],['sadness'],['sadness'],['sadness']
isixhosa_text_1995_emotion_1,Indodana yaseNgcobo inikwe ithuba elinqabileyo yiTS Galaxy,['joy'],['joy'],['joy'],['joy']
isixhosa_text_1739_emotion_1,Bume ngxi ubomi bukaXoliswa nguXoliswa,"['sadness', 'surprise']",['sadness'],['sadness'],['sadness']
isixhosa_text_47_emotion_1,UMakaula sisibane sabafundi baseMakaula,['joy'],['joy'],['joy'],['joy']
isixhosa_text_819_emotion_1,UNgozi ugwetywe ubomi ngokubulala idindala,['sadness'],"['anger', 'disgust', 'sadness']",[],['sadness']
isixhosa_text_1780_emotion_1,Izakuseka ibhunga lomasipala iBuffalo City,['joy'],['joy'],['joy'],['joy']
isixhosa_text_347_emotion_1,iCameroon ikrolonqe iEthiopia ngenduku emdlalweni wanamhlanje,['sadness'],['joy'],['joy'],['joy']
isixhosa_text_1256_emotion_1,Kubhubhe abaphathi beTaxi ababini eMthatha | EC Indab,['sadness'],['sadness'],['sadness'],['sadness']
isixhosa_text_328_emotion_1,IMamelodi Sundowns iyambambezela uKeagan Dolly!,[],[],['joy'],[]
isixhosa_text_421_emotion_1,UNdoro ngumavula kuvaliwe weBucs,['joy'],['joy'],['joy'],['joy']
isixhosa_text_621_emotion_1,Intlungu yakhe imqhubele empumelelweni,"['joy', 'sadness']",['joy'],['joy'],['joy']
isixhosa_text_391_emotion_1,Amapolisa akhangela owasetyhini owayeye emngcwabeni waduka,['sadness'],['sadness'],['sadness'],['sadness']
isixhosa_text_87_emotion_1,Amakhosi afumene iqabane elitsha!,['joy'],['joy'],['joy'],['joy']
isixhosa_text_1482_emotion_1,UZazaza ufuna iqela lakhe libaxabise abalandeli balo,[],['joy'],['joy'],['joy']
isixhosa_text_1870_emotion_1,Izakuthengiswa eChina iAvocado yoMzantsi Afrika,['joy'],['joy'],['joy'],['joy']
isixhosa_text_240_emotion_1,Amakhosi awuphumelele umdlalo weNedbank – kodwa asokolisiwe yiRoyal Eagles!,['joy'],['joy'],['joy'],['joy']
isixhosa_text_1715_emotion_1,Kubanjwe abarhanelwa abathandathu eDutywa ngezityholo zokuphanga ishishini | EC Indab,['joy'],['surprise'],['surprise'],['surprise']
isixhosa_text_938_emotion_1,USithole uwongwe njengomdlali wonyaka,['joy'],['joy'],['joy'],['joy']
isixhosa_text_583_emotion_1,ULyle Foster ungene waphelela kwiqela likaVincent Kompany!,['joy'],['joy'],['joy'],['joy']
isixhosa_text_2026_emotion_1,Babanjiwe abadlwengule intwazana beyiphindaphinda,"['joy', 'sadness']","['sadness', 'surprise']","['sadness', 'surprise']","['sadness', 'surprise']"
isixhosa_text_2024_emotion_1,"Ngephanyazo nje, angabiwa umtwana wakho zizigilamkhuba ezixhwila abantwana | EC Indab",['sadness'],['fear'],['fear'],['fear']
isixhosa_text_1681_emotion_1,Uthathe iintambo uMene kuNtshinga!,[],['joy'],['surprise'],[]
isixhosa_text_2004_emotion_1,Ugwetywe ubomi ngokudlwengula intwazana,['sadness'],"['sadness', 'surprise']",['sadness'],['sadness']
isixhosa_text_1804_emotion_1,Uncumo kwabazalwa becandeke imilebe,['joy'],['joy'],['joy'],['joy']
isixhosa_text_900_emotion_1,Kwakhiwe isikolo sezigidi eDutywa,['joy'],"['joy', 'surprise']",['joy'],['joy']
isixhosa_text_2029_emotion_1,Kubanjwe amadoda elayishe inyoka nengwenya,[],['surprise'],['surprise'],['surprise']
isixhosa_text_872_emotion_1,Udilikajele kunyana owabulala abazali ngenxa yemali,"['joy', 'sadness']","['sadness', 'surprise']","['sadness', 'surprise']","['sadness', 'surprise']"
isixhosa_text_2091_emotion_1,Ziiveki lingabuyi ixhego lakwaMsindeli elinesifo sokulibala,['sadness'],['sadness'],['sadness'],['sadness']
isixhosa_text_2129_emotion_1,Abanabudoda ngenxa yokoluswa gwenxa,['sadness'],['sadness'],"['sadness', 'surprise']",['sadness']
isixhosa_text_2051_emotion_1,Bathi makabolele ejele otyholwa ngokudlwengula,"['joy', 'sadness']",['surprise'],"['sadness', 'surprise']","['sadness', 'surprise']"
isixhosa_text_171_emotion_1,Iminyaka eyi-75 esejele ngobuqhophololo,['joy'],"['anger', 'surprise']",['sadness'],[]
isixhosa_text_2141_emotion_1,Bagwetyiwe abatshisa iimoto zepolisa,['joy'],['surprise'],['surprise'],['surprise']
isixhosa_text_289_emotion_1,"Phumla ngoxolo Phanini, Bhakaniya elimnyama!",['sadness'],['sadness'],['sadness'],['sadness']
isixhosa_text_647_emotion_1,Bafana bombhoxo niyambesil’ iAfrika,['joy'],['joy'],['joy'],['joy']
isixhosa_text_1558_emotion_1,Kufunyenwe abadlali ababini beneKhorona kwiChiefs emva kovavanyo ngoLwesihlanu,['sadness'],['surprise'],['surprise'],['surprise']
isixhosa_text_1477_emotion_1,Kuduke intwazana iyokulungisa iinwele zayo,['sadness'],"['sadness', 'surprise']",['sadness'],['sadness']
isixhosa_text_1009_emotion_1,Uhlatywe wabhubha 'ngobengafuni ukwaliwa',['sadness'],['sadness'],"['sadness', 'surprise']",['sadness']
isixhosa_text_674_emotion_1,UKhune ucela into enye kubalandeli beChiefs,[],[],[],[]
isixhosa_text_1368_emotion_1,"uSizwe Kupelo, uthe abafundi abangamashumi amathathu anesine, besikolo esiseMlungisi basiwe kwisibhedlele saseFrontier. | EC Indab",['sadness'],['sadness'],['sadness'],['sadness']
isixhosa_text_1547_emotion_1,Ulwaluko: ‘Lo rhulumente uyasikhwenkwa’,['anger'],['anger'],['anger'],['anger']
isixhosa_text_226_emotion_1,"Landile inani lokubhubha kwabasenzi, kwintlekele yesakhiwo eGeorge. | EC Indab",['sadness'],"['anger', 'sadness', 'surprise']",['sadness'],['sadness']
isixhosa_text_1625_emotion_1,Luyangcwatywa usapho olutshele ebobosini,['sadness'],['sadness'],['sadness'],['sadness']
isixhosa_text_1662_emotion_1,Ugwetywe ubomi ngokubulala umyeni kabuhlungu!,['sadness'],"['anger', 'sadness']","['sadness', 'surprise']",['sadness']
isixhosa_text_880_emotion_1,Uyangcwatywa umakoti obulewe ngezityholo zesikhwele,['sadness'],['sadness'],['sadness'],['sadness']
isixhosa_text_1710_emotion_1,Umfundisi ubanjwe ngezityholo zodlwengulo,['sadness'],['sadness'],"['sadness', 'surprise']",['sadness']
isixhosa_text_582_emotion_1,Ufunyenwe unqunyulwe isinqa umzimba wenina laseMaclear | EC Indab,['sadness'],"['anger', 'disgust', 'fear', 'sadness']","['sadness', 'surprise']",['sadness']
isixhosa_text_36_emotion_1,Ufuna inguqu umqeqeshi weStomers!,['anger'],[],['anger'],['anger']
isixhosa_text_501_emotion_1,Uhanjiswe ze esidlangalaleni umfundi yinqununu,['sadness'],['surprise'],"['sadness', 'surprise']","['sadness', 'surprise']"
isixhosa_text_1455_emotion_1,Amazwi ovelwano ngokusweleka kukaMkhonza,['sadness'],['sadness'],['sadness'],['sadness']
isixhosa_text_1324_emotion_1,Ukufa kumi emnyango kukhweba nababhali,['sadness'],['sadness'],['sadness'],['sadness']
isixhosa_text_714_emotion_1,UMapisa-Nqakula kulindeleke ukuba azinikezele emapoliseni,[],['surprise'],[],[]
isixhosa_text_2264_emotion_1,Icela ivoti iKhanya Community Radio,[],['joy'],['joy'],['joy']
isixhosa_text_1871_emotion_1,Uyise nonyana babanjelwe ubusela bemfuyo,['sadness'],['surprise'],['surprise'],['surprise']
isixhosa_text_338_emotion_1,Ukhona uphantsi kweenwele  kuPopayi  noSpinach,[],[],[],[]
isixhosa_text_90_emotion_1,ADLALE KAKUHLE AMABHOKOBHOKO KUMDLALO WAYO WOKUZILOLONGELA INDEBE YEHLABATHI YOMBHOXO | EC Indab,['joy'],['joy'],['joy'],['joy']
isixhosa_text_580_emotion_1,URhulumente weMpuma Koloni uvule isibhedlele esixabise iR689-m eMatatiele,['joy'],"['joy', 'surprise']",['joy'],['joy']
isixhosa_text_1187_emotion_1,Amantombazana amathathu atshone elwandle,['sadness'],['sadness'],['sadness'],['sadness']
isixhosa_text_535_emotion_1,Kukhululwe ishumi labarhanelwa kumbhodamo wetyala lokubulala lakwaNokholeji | EC Indab,['joy'],['surprise'],[],[]
isixhosa_text_390_emotion_1,Usagcwele amathafa umrhanelwa odubule ilungu lakwasidlodlo | EC Indab,['sadness'],['anger'],[],[]
isixhosa_text_766_emotion_1,Inxaxheba yezolimo kwizimali eZimbabwe,[],[],[],[]
isixhosa_text_524_emotion_1,Udlala umdlalo wokuqala  uMthatha  Bucks,['joy'],['joy'],['joy'],['joy']
isixhosa_text_1262_emotion_1,Lunzulile uthando lombhoxo kuKolisi,['joy'],['joy'],['joy'],['joy']
isixhosa_text_1308_emotion_1,"Kuqweshe ibanjwa eCala, lijonge ukuxoxa ityala lalo | EC Indab",['sadness'],['surprise'],['surprise'],['surprise']
isixhosa_text_520_emotion_1,I-Mthatha Bucks idlale ntanganye ne-Warriors,[],['joy'],[],[]
isixhosa_text_1694_emotion_1,UMasualle uvula indlu yeeNkosi,['joy'],['joy'],['joy'],['joy']
isixhosa_text_2267_emotion_1,Ivenkile yePizza ichaphazeleke kwisichotho,['disgust'],['sadness'],['sadness'],['sadness']
isixhosa_text_370_emotion_1,Ugwetyelwe ukurhwaphiliza izithonga zemali!,['joy'],"['anger', 'surprise']",['surprise'],['surprise']
isixhosa_text_1462_emotion_1,Yamkele amajoni amatsha iDikwena,['joy'],['joy'],['joy'],['joy']
isixhosa_text_1532_emotion_1,IBlitzbokke ingayenza imbali eHong Kong,['joy'],['joy'],['joy'],['joy']
isixhosa_text_1220_emotion_1,Abalali behlayo kwindlu ekunqunqelwe kuyo uNosicelo,['sadness'],"['disgust', 'sadness', 'surprise']","['sadness', 'surprise']","['sadness', 'surprise']"
isixhosa_text_780_emotion_1,"IKings yongamele iWaratahs, eSydney!",['joy'],['joy'],['joy'],['joy']
isixhosa_text_785_emotion_1,Leliphi eliza kuphumelela iCarling Knockout?,[],['joy'],[],[]
isixhosa_text_1706_emotion_1,URabada wothuswe linani lamawonga awafumeneyo,"['joy', 'surprise']",['joy'],['joy'],['joy']
isixhosa_text_233_emotion_1,Igqala lomsasazi libuyele kunomathotholo!,['joy'],['joy'],['joy'],['joy']
isixhosa_text_3_emotion_1,"UReggie oya eTruFM, angemka nembasa kuMhlobo Wenene!",['joy'],['joy'],['joy'],['joy']
isixhosa_text_1274_emotion_1,Indlu entsha kusapho lwendoda yengubo eluhlaza yaseMarikana,['joy'],['joy'],['joy'],['joy']
isixhosa_text_1727_emotion_1,Ndizenzela iGoli eMonti ngomculo wam weHip hop,['joy'],['joy'],['joy'],['joy']
isixhosa_text_724_emotion_1,Wabethwa ngootitshala bembiza ixoki,['sadness'],"['anger', 'sadness']",['sadness'],['sadness']
isixhosa_text_25_emotion_1,Umbutho weqakamba ufuna abadlali abamnyama,['joy'],['surprise'],['joy'],['joy']
isixhosa_text_1686_emotion_1,Babanjwe benemipu engekho semthethweni kwiilali zaseDutywa,['joy'],['surprise'],['surprise'],['surprise']
isixhosa_text_1536_emotion_1,Idemeshe yeR11 million emva komlilo waseBeacon Bay,['sadness'],['surprise'],['surprise'],['surprise']
isixhosa_text_1495_emotion_1,UZALO: Isithandwa sikaSbu esiyindoda?,[],[],[],[]
isixhosa_text_1426_emotion_1,IXhosaTribe igcina amasiko nezithethe ngomculo,['joy'],['joy'],['joy'],['joy']
isixhosa_text_2062_emotion_1,UMaswanganyi uvuyela ukuba ngumdlali wePirates,['joy'],['joy'],['joy'],['joy']
isixhosa_text_1030_emotion_1,Balwa ukuthengiswa kwelizwe ‘kumasela’,['anger'],['sadness'],['anger'],['anger']
isixhosa_text_1342_emotion_1,Zwelonke: UZuma ebenyolukiswe kukulamba,['sadness'],['anger'],['anger'],['anger']
isixhosa_text_96_emotion_1,UDan Malesela ukhonjwe emnyango yiChippa United,['sadness'],['sadness'],"['anger', 'sadness']",['sadness']
isixhosa_text_366_emotion_1,"Fika uphila, qhuba ngenkathalo",[],[],[],[]
isixhosa_text_1688_emotion_1,Sizakudilizwa kungentsuku zatywala isakhiwo saseNyobeni | EC Indab,['sadness'],['surprise'],['sadness'],['sadness']
isixhosa_text_123_emotion_1,AmaWisile olule isandla sawo,['joy'],[],['joy'],['joy']
isixhosa_text_1751_emotion_1,Mthalanene uyikhusele intshinga yakhe,['joy'],['joy'],['joy'],['joy']
isixhosa_text_1309_emotion_1,Uphumele elubala esizela unina,['joy'],['sadness'],['sadness'],['sadness']
isixhosa_text_672_emotion_1,‘Asizifuni ivoti zabantu ababulala amanye Ama-Afrika’,['sadness'],"['anger', 'sadness']",['anger'],"['sadness', 'anger']"
isixhosa_text_1048_emotion_1,Igumbi elitsha lesigidi eFrere,['joy'],['joy'],['joy'],['joy']
isixhosa_text_1012_emotion_1,Uchacha ngcono uRingo emva kokuqaqanjelwa yintloko,['joy'],['joy'],"['joy', 'sadness']",['joy']
isixhosa_text_877_emotion_1,Inkosikazi ibulewe sisithandwa sayo!,['sadness'],"['sadness', 'surprise']",['surprise'],"['sadness', 'surprise']"
isixhosa_text_1588_emotion_1,Unikwe ikhefu elikhethekileyo uJaji Jansen,['sadness'],['joy'],['joy'],['joy']
isixhosa_text_1670_emotion_1,Imvumikazi ibhiyozela uthando olutsha ngengoma,['joy'],['joy'],['joy'],['joy']
isixhosa_text_561_emotion_1,AbakwaSANRAL batyelela izikolo eBCM,['joy'],['joy'],['joy'],['joy']
isixhosa_text_1296_emotion_1,Kubhubhe owasetyhini kwizibuko leenqanawe eGqeberha | EC Indab,['sadness'],['sadness'],['sadness'],['sadness']
isixhosa_text_920_emotion_1,Kubanjwe inqwaba yabantu kwindawo edume kakubi iCalifornia!,['sadness'],['surprise'],['surprise'],['surprise']
isixhosa_text_1216_emotion_1,Amanyathelo ngakubuxoki bukamninawa kaBuyelekhaya Dalindyebo,['sadness'],[],[],[]
isixhosa_text_167_emotion_1,Abantu abamnyama bayafunwa kwimisebenzi yaselwandle,['joy'],['joy'],[],['joy']
isixhosa_text_2041_emotion_1,Ibheyile yeR35 000 kusomashishini owathengela umanejala kaMasipala iBenz,"['joy', 'sadness']",['surprise'],['surprise'],['surprise']
isixhosa_text_2156_emotion_1,Ulahlekelwe umzi wosasazo kukubhubha komsasazi,['sadness'],['sadness'],['sadness'],['sadness']
isixhosa_text_403_emotion_1,Oonqevu baqhekeze ithala leencwadi laseGcuwa,['sadness'],"['anger', 'disgust']",['sadness'],['sadness']
isixhosa_text_1915_emotion_1,Ushishina ngokuthunga lo gama eswele izandla,[],['joy'],['joy'],['joy']
isixhosa_text_649_emotion_1,Umgomo walo nyaka uthi:,[],[],[],[]
isixhosa_text_1432_emotion_1,Izakhono zokuvelisa iifilimu eBhayi,['joy'],['joy'],['joy'],['joy']
isixhosa_text_2216_emotion_1,‘Ndandirenta iR3 ngo1971 kunzima’,['surprise'],"['sadness', 'surprise']",['sadness'],"['surprise', 'sadness']"
isixhosa_text_1700_emotion_1,Akakafumaneki umsebenzi womgodi i-Impala,['sadness'],['sadness'],['sadness'],['sadness']
isixhosa_text_127_emotion_1,"Mabaye bephila, babuye bephila",[],['fear'],[],[]
isixhosa_text_1845_emotion_1,IPitbull(inja) itye yabulala umtwana oneminyaka emithathu(3) ubudala eZwide eGqeberha. | EC Indab,['sadness'],['sadness'],['sadness'],['sadness']
isixhosa_text_2100_emotion_1,Basinde bonke abafundi kwingozi yemoto,"['joy', 'sadness']",['joy'],['joy'],['joy']
isixhosa_text_193_emotion_1,Batshise indlu yotyholwa ngokubulala * -Uyinene!,['sadness'],"['anger', 'disgust', 'sadness']",['sadness'],['sadness']
isixhosa_text_349_emotion_1,UMmusi Maimane uyazalwa namhlanje!,['joy'],['joy'],['joy'],['joy']
isixhosa_text_1152_emotion_1,#LifeEsidimeni Qedani: ‘Andiyazi babulawa yintoni’,['sadness'],['surprise'],['sadness'],['sadness']
isixhosa_text_2254_emotion_1,Iya edabini elinzima kakhulu iPirates,[],['fear'],"['fear', 'joy']",['fear']
isixhosa_text_396_emotion_1,Lumile ushishino kwidolophu yaseNgcobo,['sadness'],['sadness'],[],['sadness']
isixhosa_text_321_emotion_1,‘Masihlangabezane kuba iAfrika inye’,[],['joy'],[],[]
isixhosa_text_1866_emotion_1,Iyangcwatywa inkosikazi yaseDutywa ebhaqwe eGqeberha itshisiwe!,['sadness'],"['sadness', 'surprise']","['sadness', 'surprise']","['sadness', 'surprise']"
isixhosa_text_2022_emotion_1,Zenyukile izimangalo ngakuMprofeti osematyaleni,['sadness'],['surprise'],['surprise'],['surprise']
isixhosa_text_69_emotion_1,Ikamva likaSiya Kolisi njengokapteni weSpringbok limfiliba,['sadness'],"['fear', 'sadness']",['sadness'],['sadness']
isixhosa_text_767_emotion_1,Nqevu: ‘Igqirha alaziwa kowalo’,['sadness'],['surprise'],[],[]
isixhosa_text_1999_emotion_1,Lusube imiphefumlo emibini uhlaselo labahlali eMpuma Koloni | EC Indab,['sadness'],['sadness'],['sadness'],['sadness']
isixhosa_text_1576_emotion_1,Ulutsha lwasePhumlani luzonwabise ngemidlalo,['joy'],['joy'],['joy'],['joy']
isixhosa_text_1045_emotion_1,Abafundi bathi babhuqwa ngamadimoni,['sadness'],['sadness'],['surprise'],['sadness']
isixhosa_text_1638_emotion_1,Pitso: Makanikwe ithuba u-Ertugral,['joy'],['anger'],['joy'],['joy']
isixhosa_text_885_emotion_1,Liza kulungiswa kwakhona ibala laseGlenmore,['joy'],['joy'],['joy'],['joy']
isixhosa_text_1883_emotion_1,Inzalelwane yaseBhayi yiKumkani eZimbabwe,['joy'],['joy'],['joy'],['joy']
isixhosa_text_2000_emotion_1,UYongama uzakukhupha icwecwe lakhe elitsha,['joy'],['joy'],['joy'],['joy']
isixhosa_text_1425_emotion_1,Amanina alwa uxhatshazo lwabasetyhini,['sadness'],['sadness'],['sadness'],['sadness']
isixhosa_text_1181_emotion_1,Kubhubhe abantu ababini kwingozi eyenzeke kuhola wendlela u,['sadness'],['sadness'],['sadness'],['sadness']
isixhosa_text_460_emotion_1,Kuxakile ukubulawa kwabantu eLusikisiki,['sadness'],"['anger', 'fear', 'sadness']","['fear', 'sadness']","['sadness', 'fear']"
isixhosa_text_1252_emotion_1,UCook ukhokela ngomzekelo kwiqela lesizwe leqakamba,['joy'],['joy'],['joy'],['joy']
isixhosa_text_1711_emotion_1,UPhilander uwuphakamisile uMzantsi Afrika,['joy'],['joy'],['joy'],['joy']
isixhosa_text_1572_emotion_1,‘Sidanile ngokuphoxwa nguZimi Mabunzi’,['sadness'],['sadness'],['sadness'],['sadness']
isixhosa_text_1573_emotion_1,Kucholwe usana luphila kwirenki yeeteksi!,"['joy', 'sadness']","['sadness', 'surprise']","['sadness', 'surprise']","['sadness', 'surprise']"
isixhosa_text_545_emotion_1,Uceba ‘utya imali’ kamasipala noBen 10!,['sadness'],"['anger', 'surprise']","['anger', 'surprise']","['anger', 'surprise']"
isixhosa_text_743_emotion_1,Kubanjwe abemi bangaphandle ngezenzo zobuqhophololo!,['sadness'],['anger'],['surprise'],[]
isixhosa_text_859_emotion_1,Igqiza laseJamani lityelela iNelson Mandela Museum,[],['joy'],['joy'],['joy']
isixhosa_text_1761_emotion_1,IKrismesi ithembisa ngokuba myoli,['joy'],['joy'],['joy'],['joy']
isixhosa_text_1762_emotion_1,"‘Andikabhubhi okwangoku,’ kutsho umfundi waseRhodes ona-67'",[],['joy'],['joy'],['joy']
isixhosa_text_102_emotion_1,Bathathu ababhubhileyo ngenxa yezinyoka!,['sadness'],['sadness'],"['sadness', 'surprise']",['sadness']
isixhosa_text_1789_emotion_1,Kuse lizixhomile ityendyana lakuNtabankulu,['sadness'],['sadness'],['sadness'],['sadness']
isixhosa_text_538_emotion_1,Ukuphakamisa iintsimbi kuguqula ubom bomntu,[],['joy'],['joy'],['joy']
isixhosa_text_2221_emotion_1,Uke akhule na ongasekhoyo?,[],[],[],[]
isixhosa_text_374_emotion_1,Bobani: Urhulumente olawulayo eBhayi akazokuyiphepha imingeni,[],['sadness'],['anger'],[]
isixhosa_text_78_emotion_1,Andisazi tu isiduko sam namasiko asekhaya!,['sadness'],['sadness'],"['sadness', 'surprise']",['sadness']
isixhosa_text_1149_emotion_1,Kubhaqwe indoda ibhubhile KwaZakhele,['sadness'],"['sadness', 'surprise']","['sadness', 'surprise']","['sadness', 'surprise']"
isixhosa_text_2102_emotion_1,Umbulali ukho kuthi ngamaxesha onke,['sadness'],['fear'],['sadness'],['sadness']
isixhosa_text_523_emotion_1,Ikhaya leenkedama lilizwe ngezidingo zabantwana,['joy'],['joy'],['joy'],['joy']
isixhosa_text_953_emotion_1,Kuqhambuke umlilo kwisakhiwo saseJohannesburg kwabhubha inyambalala yabantu,['sadness'],['sadness'],"['sadness', 'surprise']",['sadness']
isixhosa_text_556_emotion_1,Udilize izindlu umoya eMalahleni,['sadness'],['sadness'],['sadness'],['sadness']
isixhosa_text_979_emotion_1,Kubhubhe abathandathu kwaduka abalishumi emva kwezikhukula eLadysmith,['sadness'],['sadness'],['sadness'],['sadness']
isixhosa_text_552_emotion_1,Ubothulela umnqwazi abadlali bakhe uPitso,['joy'],['joy'],['joy'],['joy']
isixhosa_text_1728_emotion_1,Atshe angqongqa amadoda amahlanu kumva weveni ngaseNgqushwa | EC Indab,['sadness'],['sadness'],['sadness'],['sadness']
isixhosa_text_153_emotion_1,Ohlabe umntwana wakhe usiwe kwisibhedlele sengqondo,['sadness'],"['anger', 'sadness']","['sadness', 'surprise']",['sadness']
isixhosa_text_1322_emotion_1,Kubhubhe umqhubi weteksi emva kokuba isithuthi sabafundi sitshayiswe nguloliwe | EC Indab,['sadness'],['sadness'],['sadness'],['sadness']
isixhosa_text_1722_emotion_1,Jaji Maya: Enkosi ngokufunqula isiXhosa!,['joy'],['joy'],['joy'],['joy']
isixhosa_text_1063_emotion_1,Bayaphela kukudutyulwa oomama ezilalini,['sadness'],['sadness'],['sadness'],['sadness']
isixhosa_text_465_emotion_1,Urhulumente wephondo wamkele abatyali zimali abatsha eMonti | EC Indab,['joy'],['joy'],['joy'],['joy']
isixhosa_text_796_emotion_1,Asikakhululeki gqibelele umhlaba ungekabuyi!,[],['anger'],['anger'],['anger']
isixhosa_text_477_emotion_1,Lixokile ipolisa kanti lifuna ukuyuruza,['sadness'],['surprise'],['surprise'],['surprise']
isixhosa_text_1129_emotion_1,ULechesa  uza kuphuhlisa  ulutsha,['joy'],['joy'],['joy'],['joy']
isixhosa_text_893_emotion_1,Kurhaxwe intwazana yabhubha eMthatha Dam,['sadness'],['sadness'],['sadness'],['sadness']
isixhosa_text_870_emotion_1,Kuphilwa ngamacebo alusizi kwaMam’uNogcinile ohlala nabantwana abashiywa ngunina,['sadness'],['sadness'],['sadness'],['sadness']
isixhosa_text_567_emotion_1,IChippa United iyifun’apha iSundowns eyingozi,[],"['fear', 'joy']",['anger'],[]
isixhosa_text_1842_emotion_1,"Lwelani indawo yenu, Banyana Banyana!",[],[],['anger'],[]
isixhosa_text_2247_emotion_1,Bakrokrela ukuba uqalwe ngabom umlilo obulele indoda,['sadness'],['surprise'],['sadness'],['sadness']
isixhosa_text_1167_emotion_1,Utata uqumbele uForensic waseMthatha,['sadness'],"['anger', 'sadness']",['anger'],"['sadness', 'anger']"
isixhosa_text_1119_emotion_1,Kubhubhe wamnye kwingozi eseMooiplass,['sadness'],['sadness'],['sadness'],['sadness']
isixhosa_text_76_emotion_1,Lumka! ungonzakaliswa ngabanqolobi | EC Indab,"['fear', 'sadness']",['fear'],['fear'],['fear']
isixhosa_text_1953_emotion_1,Umnqimbinqa obulele iqabane uvele enkundleni ebukeka okomntu ocing’ eBhakubha,"['sadness', 'surprise']",['surprise'],"['sadness', 'surprise']","['sadness', 'surprise']"
isixhosa_text_1754_emotion_1,KUDUTYULWE IPOLISA NGEXESHA LOKUPHANGWA KWEPOSI ENGQELENI | EC Indab,['sadness'],['sadness'],['sadness'],['sadness']
isixhosa_text_975_emotion_1,"Andimkhalazeli umqeqeshi, utsho uDzula",[],[],[],[]
isixhosa_text_2111_emotion_1,"Nceda umntwana, kutsho usapho lukaXolani Gwala",[],['sadness'],['sadness'],['sadness']
isixhosa_text_890_emotion_1,Imvuselelo Yengoma igalelekile eFort Hare!,['joy'],['joy'],['joy'],['joy']
isixhosa_text_1874_emotion_1,"UZakes Bantwini ubhiyozela uthando, ukukhanya nomculo eMonti!",['joy'],['joy'],['joy'],['joy']
isixhosa_text_1313_emotion_1,Isibonda siboliswa ngamaxolo aso!,[],[],['surprise'],[]
isixhosa_text_1291_emotion_1,Ivela ezinkundleni indoda ngokubulala enye,['sadness'],['surprise'],['sadness'],['sadness']
isixhosa_text_892_emotion_1,Urhaxwe ngumsi obezojela wabhubha!,['sadness'],['sadness'],"['sadness', 'surprise']",['sadness']
isixhosa_text_129_emotion_1,Kuninzi okothusayo okubonwe kwizithandani ezibhaqwe zibhubhile,['sadness'],['sadness'],"['sadness', 'surprise']",['sadness']
isixhosa_text_334_emotion_1,Ubusuku angasokuze abulibale uNathi,[],[],[],[]
isixhosa_text_1044_emotion_1,Babanjelwe ukubulala abazalwa kunye!,"['joy', 'sadness']","['sadness', 'surprise']","['sadness', 'surprise']","['sadness', 'surprise']"
isixhosa_text_646_emotion_1,Athengwa ngotywala amapolisa aseQonce,['sadness'],['surprise'],"['sadness', 'surprise']","['sadness', 'surprise']"
isixhosa_text_1344_emotion_1,UGaxa utyikitywe yiBidvest Wits,['joy'],['joy'],['joy'],['joy']
isixhosa_text_1555_emotion_1,URassie uyiphekela amaqhinga amatsha iNgilane,['joy'],['joy'],['joy'],['joy']
isixhosa_text_212_emotion_1,UNamhla uyifuna apha itrufm,[],[],['anger'],[]
isixhosa_text_1278_emotion_1,UPan ufuna ukubayinkuthazo kulutsha lakokwabo,['joy'],['joy'],['joy'],['joy']
isixhosa_text_1343_emotion_1,Kubhaqwe ibanjwa kwanqunyanyiswa amagosa,['sadness'],['surprise'],['surprise'],['surprise']
isixhosa_text_37_emotion_1,UNqaba Bhanga unqabile kwingxaki yabahlali,['sadness'],[],['anger'],[]
isixhosa_text_966_emotion_1,Indawo yomprofetikazi itsala iindwendwe eFreystata!,['joy'],['joy'],"['joy', 'surprise']",['joy']
isixhosa_text_2211_emotion_1,‘Makabanjwe umrhanelwa okanye kuza kutsha ibhayi!’,[],['anger'],['anger'],['anger']
isixhosa_text_39_emotion_1,Babhenela kuRhulumente abalimi bakuNdabakazi,['sadness'],[],['sadness'],['sadness']
isixhosa_text_1716_emotion_1,Unyuselwe obefudula edlalela iChippa,['joy'],['joy'],['joy'],['joy']
isixhosa_text_392_emotion_1,NgabaPostile iiKumkani zeMpuma Koloni,[],[],[],[]
isixhosa_text_1675_emotion_1,Ityholwa ngokuchasana neenkokeli zolutsha iUDM,['sadness'],['surprise'],['surprise'],['surprise']
isixhosa_text_283_emotion_1,UVeselin Jelusic uthi iyingozi iPolokwane City,['fear'],['fear'],"['fear', 'sadness']",['fear']
isixhosa_text_1043_emotion_1,UTete ugxeleshe itumente enemali entle,['joy'],['joy'],['joy'],['joy']
isixhosa_text_2226_emotion_1,Bayayinyemba inkqubo entsha ye-SABC 3,['sadness'],['surprise'],"['joy', 'sadness', 'surprise']","['sadness', 'surprise']"
isixhosa_text_852_emotion_1,Kudlwengulwe ixhegwazana ngummelwane walo,['sadness'],"['sadness', 'surprise']","['sadness', 'surprise']","['sadness', 'surprise']"
isixhosa_text_1586_emotion_1,Umkhwetha uthi utshiswe ngamanzi ngabanentlonti,['sadness'],['sadness'],['sadness'],['sadness']
isixhosa_text_474_emotion_1,UModric ngumdlali ophum’izandla nangona waxikixwa ziimfazwe esakhula,[],['joy'],['joy'],['joy']
isixhosa_text_910_emotion_1,"Bulelwa Tunyiswa: Lala ngoxolo Mawawa, gorha lamagorha!",['sadness'],['sadness'],['sadness'],['sadness']
isixhosa_text_1781_emotion_1,Umama ubulewe kwisiganeko sodubulo,['sadness'],['sadness'],['sadness'],['sadness']
isixhosa_text_1453_emotion_1,Zintoni ezibulala abakhwetha eMpuma Koloni?,[],['sadness'],['sadness'],['sadness']
isixhosa_text_434_emotion_1,UGraeme Smith unikwe isikhundla esitsha yiCricket South Africa,['joy'],['joy'],['joy'],['joy']
isixhosa_text_1639_emotion_1,‘Eli lithuba lethu lokuzakhela imbali’,['joy'],['joy'],['joy'],['joy']
isixhosa_text_1812_emotion_1,Kuxolisiwe kuPitso othukwe ngonina ngabalandeli beSundowns izolo,['sadness'],['sadness'],"['fear', 'sadness']",['sadness']
isixhosa_text_694_emotion_1,Ngubani oza kuphumelela idabi laseSoweto?,[],['fear'],[],[]
isixhosa_text_1951_emotion_1,UBongeziwe usafuna ukwaziwa kwiqonga lomculo!,['joy'],['joy'],['joy'],['joy']
isixhosa_text_1785_emotion_1,Liqhwatyelwe izandla iqela loMzantsi Afrika,['joy'],['joy'],['joy'],['joy']
isixhosa_text_1651_emotion_1,Usapho luwelwe ngumqa esandleni eCegcuwana,['sadness'],['sadness'],['sadness'],['sadness']
isixhosa_text_1820_emotion_1,"Ubhetele kakhulu ngoku uLudumo Lamati, utsho umphathi wakhe!",['joy'],['joy'],['joy'],['joy']
isixhosa_text_1127_emotion_1,Balwe kwade kwabhubha umfundi kumasango esikolo eCofimvaba | EC Indab,['sadness'],['sadness'],"['sadness', 'surprise']",['sadness']
isixhosa_text_201_emotion_1,Iphelile indlela yePirates evuthululwe kanobom yiRaja Casablanca,['sadness'],['sadness'],['sadness'],['sadness']
isixhosa_text_2233_emotion_1,Unina usihlabe samila entanyeni yontwana isitshetshe sebhozo ebembulala ngaso wandula ukuxhoma ababini. | EC Indab,['sadness'],"['sadness', 'surprise']","['sadness', 'surprise']","['sadness', 'surprise']"
isixhosa_text_1971_emotion_1,Ubhubhe ecela uxolo ofele ibhotile yotywala,['sadness'],['sadness'],['sadness'],['sadness']
isixhosa_text_367_emotion_1,UJohn Maduka uyivumile induku yeMamelodi Sundowns!,['sadness'],['joy'],['joy'],['joy']
isixhosa_text_1899_emotion_1,Usweleke kwingozi yemoto umdlali webali loMhlobo Wenene,['sadness'],['sadness'],['sadness'],['sadness']
isixhosa_text_138_emotion_1,UTeboho Mokoena uhlangule uMzantsi Afrika emdlalweni obalulekileyo,['joy'],['joy'],['joy'],['joy']
isixhosa_text_2151_emotion_1,"Inxeba lokhubhujelwa kabuhlungu ngabantwana, ngaxeshalinye alinakucaciswa. | EC Indab",['sadness'],['sadness'],['sadness'],['sadness']
isixhosa_text_1222_emotion_1,INtetho yoBume beMpuma Koloni,[],[],[],[]
isixhosa_text_1927_emotion_1,Uluntu luxhalabile zizehlo eziliqela zobundlobongela,"['fear', 'sadness']",['fear'],"['fear', 'sadness']","['fear', 'sadness']"
isixhosa_text_2259_emotion_1,Lamkelwe ngovuyo ungenelelo lweMotsepe Foundation ngabebhola,['surprise'],['joy'],['joy'],['joy']
isixhosa_text_597_emotion_1,IMafikizolo ibhiyozela iminyaka engamashumi amabini,['joy'],['joy'],['joy'],['joy']
isixhosa_text_1104_emotion_1,Kuvalelwe isine ngokuqhuba sisele,"['joy', 'sadness']",['surprise'],['surprise'],['surprise']
isixhosa_text_889_emotion_1,UMultichoice ugalela izigidi zokuvuselela iBay TV,['joy'],['joy'],['joy'],['joy']
isixhosa_text_1683_emotion_1,Bamkelwe zizindlu ngenxa yesichotho,['sadness'],['sadness'],['sadness'],['sadness']
isixhosa_text_345_emotion_1,IKumkani icela indlela kuMphathiswa,['joy'],['joy'],[],['joy']
isixhosa_text_147_emotion_1,Imvumi yaseMonti ikwiqonga lakokwayo okokuqala!,['joy'],['joy'],['joy'],['joy']
isixhosa_text_1237_emotion_1,Aboncedo lokuqala abathandathu abaneziqinisekiso zomgunyathi banikwe ibheyile,['sadness'],['surprise'],['surprise'],['surprise']
