tweet_id,tweet,anno1,anno2,anno3,label
1452485028185886727,@user ጋሸና ግንባር አርብት ምሽግ በኢትዮጵያውያን ሐይሎች ተሰብሮ መያዙን አልሰማሁም እንዳትሉኝ,positive,positive,positive,positive
1437161539858010118,@user @user ኢትዮጵያ ሁሌም ጀግና አታጣም ጀግናችን ነህ በርታ,positive,positive,positive,positive
1441501576972079105,Ethiopia ሰበር - አስቸኳይ አሁን የተሰማ ሰበር ዜና | በጀግናዉ መከላከያ አመራሩ ተገደለ |Dw ethiopian via @user,negative,negative,negative,negative
1457885698904793091,@user አቋመ ፅኑ ለሆኑት ሩሲያና ቻይና ምስጋናችን የላቀ ነዉ። ክበሩልን። ዉለታቹ ትልቅ ቦታ አለዉ።,positive,positive,positive,positive
1451666836223926273,በፋሽሽታዊውያን እይተደረገ የሰነበተውን የአየር ጥቃት ምክንያት ብዙ ወገኖቻችን ህይወታቸውን አጥቷል፤ ቆስሏል። ኢንጅነር ዘማርያምና 3ቱ የአንድ ቤተሰብ ህፃናትን መጥቀስ ይቻላል። በ,negative,negative,negative,negative
1443668781189017600,የተመኙት ሁሉ ላይገኝ እንደው አይኔ ጉድ አደረገኝ,negative,positive,negative,negative
1477029928709365763,እናመሰግናለን እግዚያብሔር የኢትዮጲያ አምላክ ባወጣ ይተካ,positive,positive,positive,positive
1470235216824320001,የአያቶላህ መንገድ ምን ያስተምረናል? - አርትስ ምልከታ @user Tv World via @user,neutral,positive,neutral,neutral
1454651660739833865,@user @user የኢትዮጵያ ህዝባዊ ሰራዊት,neutral,neutral,neutral,neutral
1464773286630498305,እርሱም ከሁሉ በፊት ነው ሁሉም በእርሱ ተጋጥሞአል,neutral,neutral,neutral,neutral
1443321823161110533,@user ይሄ አጥፊ ቡድን ገዳማት ሁሉ አልቀረውም,negative,negative,negative,negative
1437517868166533122,#EthioTelecom በውጭ ሆነ በአገር ውስጥ ለሚኖሩ ዜጎች ከሞባይል ካርዳቸው ቀንሰው ለተራቡ ወገኖቻችንን የሚረዱበትን መንገድ ቢያመቻችልን @user,positive,positive,positive,positive
1443025766724276234,የማያውቁ 2 ህፃናት አግኝቻለሁ።ከእኔ በግራ በኩል ያለው ቁምጣ የለበሰው ህፃን ስሙ ሔኖክ አዋጁ አሰፋ ይባላል እናቱ አዛሉ ማሞ ትባላለች እድሜው 7 አመት አካባቢ ሲሆን ጷጉሜ 5/,neutral,positive,positive,positive
1472749800470757376,ኢትዮጵያ የዓለም መፋረጃ ናት ይሉ የለ አባቶቻችን!!,neutral,neutral,neutral,neutral
1452795765139591173,@user እንደ ወያኔ መጥፋት ያለበት ፓርቲ ነው!!,negative,negative,negative,negative
1476715852745650177,@user የዘመናችን አሳፋሪ ፓለቲከኞች የሰው ልጅ በየቀኑ እንደ በግ እየታረደ፣ሕዝብ እየተፈናቀለ አንድ ቀን እንኳን ሰላም ማደርን በአገሩ ላይ የተነፈገ ሕዝብ የሚያስተዳድር ፓ,negative,negative,negative,negative
1433999466848194564,ይችን ሰንደቅ አላማ ለኢትዮጵያ እንጂ የአንድ ክልል እንድትሆን አልፈቅድም!,positive,positive,positive,positive
1476771662351773698,@user @user ለወሎ ብለው ነው የተሰውት የሚል የት አነበብህ? ማንበብ አትችልም,negative,negative,negative,negative
1447658059367653377,እስካልገደኳችሁ ድረስ ሊያስገድላችሁ የሚችል ነገር ብናገር ምኑ ነው ችግሩ ?እያለ ነው ኣወል አሎ,negative,negative,negative,negative
1467349138002038785,እንደ ካሳ ጊታው ዝናብ መልእክቱ ከላይ አብይ ኣዝንቦባቸው ይሆናል,negative,positive,negative,negative
1470199994619625475,ጀግኖች ናችሁ በአማራውደም ገንዘብ ሰብስቦ መክበርን የመሰለነገር የለም።አቤት የጎፈንዱ አበዛዙ።የችኮላችሁ ነገር ደግሞ በጣም ያስደነግጣል። የአብይ ሃብትም ከፍ እያለይሄዳል።ያሰለጠናቸ,negative,negative,negative,negative
1442954212271214593,ለአንድ የማሰብ ብቃት ላለው መሪ እንኳን ሶስት አመት እንኳን አምስት አመት በወራትም ሀገሩ ላይ ድህነትን የማጥፋት አቅጣጫ የኑሮ መሻሻል አቅጣጫ የእድገት ለዉጥ ያሳያል፤ አዎ ብልፅግ,positive,negative,negative,negative
1457150677759807493,@user @user @user @user አንዳድ ለአማራ ከኛ በላይ የለም ለምትሉ፣ ስለ ወሎ ህብረት እኛን የወሎን ልጆች ጠይቁን የወሎ ህብረት,neutral,negative,negative,negative
1442223540217028609,በፍቅር ካልተነጋገር፣ ካላወራነ ገና ሳንጋባ አንደዚህ ከሆንን ከተጋባንስ እንዴት ነው የምንሆነው ?!!,neutral,positive,negative,negative
1454223451921829890,@user እረ ይህ ካልሲ አገር አጠፋ ??,neutral,negative,negative,negative
1462632247211745289,@user ባንዳነት ነዋ ሌላ ምን ይሆናል,negative,negative,negative,negative
1454275103945117699,@user በሞጨረሻም ብፎቶ ምፅናናት ጀሞራችሁ? ዕዋይ,negative,negative,negative,negative
1471676701113556997,እጅ ለእጅ ተያይዘን ተደጋግፈን አለን ቀን እናልፈዋለን ልናልፍ የምንችለው ግን ብሄር እምነት ቀለም ቋንቋ ሳንል አንድኢትዮጵያ አንድ ህዝብ ስንሆን ብቻ ለ ዳ ወሬ ጆሮ አንስጥ ጆሮ ከ,positive,positive,positive,positive
1436174527571107843,@user እናቱ የዘንድሮ ታላቁ ሩጫ መቀሌ ነው አሉ ?,neutral,positive,negative,negative
1476343339179864068,@user አረብኛ የምትረዱ እንግዲህ ቀኔድ ቀንዱን ትሉት ዘንድ ግድ ይላል,negative,negative,negative,negative
1449858033404858371,@user እነ እምዬ ምንሊክ ያስተዳደሯት ትልቂቷ ኢትዬጵያ ስምና ክብር ስራቸው በአለም ገኖ ለዝንተ አለም የኖረና ሁሌም የሚኖር ታሪክ የማይሽረው ጀግኖች ያለፍባት! ዛሬ ቢያዬ ያፍ,positive,positive,positive,positive
1441577733990096896,ከመስከረም 24 በኋላ ይሄን እንጠብቃለን 1.የትግራይ የአማራ እና አፋር ወገኖች በነፃነት እንዲኖሩ ህወሃት የተባለ ሊቀ ዲያቢሎስን ማጥፋት 2.መከላከያን የበለጠ ማዘመን 3.የብሔር,negative,negative,negative,negative
1450669783368835072,@user ይህን ዜና ማሰራጨት ጠላትን አድፍተህ ጠየቀኝ ማለት ስለሆነ ይህን ምስጥር ማሰራጨቱ ለምን አሰፈለገ?,neutral,negative,negative,negative
1438998701964398597,@user ይጨምርልክ ያብዛልህ ከረጂም እድሜ ከጤና ጋር ከሀብት ጋር ከምትወደው ሰው ጋር ይስጥህ,positive,positive,positive,positive
1444761675861831690,ማራዶና የታወሰበት ዓለም አቀፍ የታንጎ ዳንስ ውድድር በርካታ ጥንዶች የተሳተፉበት ዓለም አቀፍ የታንጎ ዳንስ ውድድር በአርጀንቲና ዋና ከተማ ቦነስ አይረስ ታካሂዷል,positive,positive,positive,positive
1468077384003948546,የህወሀት ታጣቂዎች በሰሜን ሸዋ ዞን አንፆኪያ ገምዛ ወረዳ ከ100 በላይ ንፁሀን ዜጎችን ጨፍጭፏል።በንጹሐን ላይ ይሄንን ሁሉ ጭፍጨፋ ያደረሰው ኃይል ነው እንግዲህ ከተማረከ በኋላተገ,negative,negative,negative,negative
1470618966892904453,እነዚህ ሰው አይደሉም የሰይጣን ቁራጮች እንጂ?? ቱ!,negative,positive,negative,negative
1445507215486455815,የትግራይ ህዝብ በሰላም ለመኖር ከፈለገ በብብቱ አቅፎ የደበቀውን ወንጀለኛ terrorist group TPLF ለህግ አሳልፎ ሊሰጥ ይገባል,positive,negative,negative,negative
1463006095581102080,ሁሉም ነገር ወደ ጦር ግንባር !!! . እናሸንፋለን !! .,positive,positive,positive,positive
1465545820913258498,@user @user ድንፋታው ቀረና ማላዘን ተጀመረ! ከነገ በኃላ ደግሞ የዘር ጭፍጨፋ፣ ርሀብ፣ ባይደን ይድረስልን መንከባለል ምናም ትጀምራላችሁ። your usual patern ??,negative,negative,negative,negative
1441524561183326210,@user @user በጣም የሚገርም ነገር ነው ፡ ደንቆሮ ነህ ወይስ እውር ፡ ታንክና መድፍ አስረክቦ እግሬ አውጪኝ ሩቻ እየፈረጠጡ ፉከራ ምን ይበጃል TDF ወደ,negative,negative,negative,negative
1464425636638994432,@user @user @user ????ማወራረድ ስንጀምር እዳ እንደተራራ ተጭኖህ እንዳትሞት ፍራ በህይወት ተርፈህ ለማወራረድ ከበቃህ,negative,negative,negative,negative
1472428362064973826,ለኔ፥ላንተ፥ላንች፥ለኛ የተከፈለ መሰዋዕት ነው። ከእንግዲህ ረጋዚን ረሳሁት እናንተን አስታውሳለሁ። ከንግዲህ እንደነፍስ አባት አከብራለሁ።,positive,positive,positive,positive
1473511964257234944,@user መቼም ሰው ከአገሩ ወጥቶ አይቀርምና አስቴር አወቀ,positive,positive,positive,positive
1470933102340231168,@user በግፍ መብዛት ምክንያት በጣም ብዙ ሰው እየተጎዳ ነው ። የተረጋጋ እንቅልፍ መተኛትማ ብርቅ ከሆነ ቆየ ። መከራው በላይ በላዩ እየተደራረበ፣ አንዱን አዝነን ሳ,negative,positive,negative,negative
1450936761807376385,@user @user @user @user ሁሉንም የጥቁር ህዝብ ማስተባበር ያስፈልጋል ለነዚህ ለፌክ ዲሞክራቶችን እንዳይመርጡ እነዚህ አፍሪ,negative,negative,negative,negative
1443683502952697856,@user @user @user @user @user እኔ እና አንተም ሳንጨነቅ እንሰራዋለን,neutral,positive,positive,positive
1454194942436384770,@user ለሥልጣን ቅዠትህና ለኢትዮጵያ ጥላቻህ ብለህ የትግራይን ሕዝብና ወጣት ትገብራለህ! የማይቀረው የኢትዮጵያና የዕውነት አሸናፊነት በቅርቡ ሲረጋገጥ፣ ላፕ ቶፕህን,negative,negative,negative,negative
1447313913457094664,ትግራይ ለሚኖር ህዝብ በአየር መደብደብ ከደረሰበት ግፍ አንፃር ትንሹ ነው:: አሁን አማራ ክልል የሚኖር ህዝብ በማይመለከተው ጦርነት በአየር ድብደባ እያለቀ ነው:: ነገር ግን ሚ,negative,negative,negative,negative
1462989952887795718,@user @user ያው እንደምታውቀው አሁን ጭንቅላቴ ብዙ እእይሰራም,negative,positive,negative,negative
1453510517126057984,@user @user @user ከዚህ በኃላ የሚያድናቸው ስለ መኖሩ መጠራጠር አለባቸው,negative,negative,negative,negative
1455757331002757120,አሜሪካ በኢትዮጲያ ላይ የምታሳድረው ተጽእኖ የሀገርህን የመኖር ህልውና አይወስንም የመጥፋትም ሆነ የመኖርህ ህልውና በእጅህ ነው እሱም ወያኔን ከውስጥም ከውጭም መዋጋት ነው።,negative,negative,negative,negative
1441894546544156674,@user እውነት ፣ እውነት ናት። ሰምተዋል ፣ አይተዋል ደግሞም ተረድተዋል። የነሱ ውሸት እንዳይገለጥ እውነትን በግፍ ሊያጠፉ ተነሱ ግን አሁን አይሆንም። ግዜው የኢትዮጲያ እና የኢትዮጲያ ነው እንበርታ።,positive,negative,negative,negative
1437542242000986114,@user ከማን ጋር ነው እርቁ? የሰው ልጅ ክቡርነት ከማያውቁ የሽፍታ ወንበዴዎች ጋር እርቅ ትርጉም የለውም። ሂዱና ተደራጅታችሁ ተመለሱ ህዝብና ከብት ፍጁ የአገር ሀ,negative,negative,negative,negative
1450671579583561737,@user ስማቸው ብቻ ሳይሆን ማነታቸውም መታየት አለበት ያወጡላቸው ስም ግን አጀብ ነው ስማቸው ያልተዘረዘረው ስም እስኪወጣለቸው ነው ??#ፍትህለባልደራስአመራሮች #ፍትህለህሊናእስረኞች,neutral,positive,negative,negative
1449466240448217103,@user ጉዳይህን የአሜሪካ ኢሚግሬሽን/ፍ/ቤት አልጨረስክም? ሰሞኑን ቆላህሳ??? እረ ብዙ አሽቋለጥክ።,negative,negative,negative,negative
1476749562698104833,@user ስንት ቢከፍሉት ነው። የተደፈሩት መነኩሴ እንኳን አያስዝኑትም።,negative,negative,negative,negative
1469890221323997187,@user ይህ የአንተው የቀን ቅዥት ህልምህ ነው:: ቃዥተሀል ቀዝቃዛ ውሃ ጠጣ መቀሌ ላይ ስንሸናባት ለማዬት እድሜ እንድታገኝ:: ቦርኮ,negative,negative,negative,negative
1435724194965245952,አንድ ሠው ሥተት ውሥጥ ተዘፍቆ ብታየው ከሥተቱ እንዲመለሥ የተቻለህን ሁሉ ታደርጋለህ አድርገህም የማይመለስ ከሆነ ችግሩ ያንተ የማሥረዳት እውቀት ማነሥ ሣሆን የሡ የመረዳት እውቀት ማ,positive,positive,negative,negative
1464087371448737792,ፕሬዝደንት ሣህለወርቅ ዘውዴ በፊፋ ሥም ያገኙትን የእግር ኳስ ትጥቅ በአዲስ አበባ በዝቅተኛ ኑሮ ላይ ለሚገኙ 600 ለሚጠጉ ታዳጊ ወጣቶች አበርክተዋል,positive,positive,positive,positive
1450959564401221634,#Ethiopia : እኔ አብይ ተመረጠ ብዬ አልልም ኢትዮጵያዬ ቀጥላለች ነው የምለው:: ይህ ቀን እንዳይመጣ ከውጪም ከውስጥም ስንት ተንኮል ሲዶለት ነበርና ኢ ት ዮ ጵ ያ ዬ እንኳን ደስ አለሽ! @user,positive,negative,negative,negative
1434706297535012869,@user እሷ ስትናገር መብራት ይጠፋል እንዴ???,neutral,positive,negative,negative
1465893824216064002,@user @user እንዲህ እያልክ እራስህንና በጎቹን አፅናና ::መቀሌ ከተማ ውስጥ ምሽግ አዘጋጃቹ እንዴ? እጅ ስጥ!!,negative,negative,negative,negative
1442274761342701568,@user እውነት ነው! ወያኔ በሰው እና በአሬ መካከል ያለ ለየት ያለ ፍጡር ነው! ምርምር ቢደረግበት መልካም ነው hahahaha,negative,positive,negative,negative
1450250135397707780,@user ተረት ተረት አንድ የ5ወር ልጅ ነበር እሺ በማሞቂያው ሲቁይ ሲቁይ 42ዓመት ሞላዉ አይምሮ ስላላደገ ከማሞቂያዉ እንዳይወጣ ተደረገ እሱም Stalin ይባላል,negative,negative,negative,negative
1436492050141220867,ዮሐንስ 14 (John) 27፤ ሰላምን እተውላችኋለሁ፥ ሰላሜን እሰጣችኋለሁ፤ እኔ የምሰጣችሁ ዓለም እንደሚሰጥ አይደለም። ልባችሁ አይታወክ አይፍራም። Happy new year 2014,positive,neutral,positive,positive
1435044795672666115,ለኢትዮጵያ ክብር እፀልያለው፣ እዘምራለው ፣ እቆማለው !! ፈጣሪ ኢትዮጵያንና ሕዝቦቿን ይባርክ !!!,positive,positive,positive,positive
1470605356707553285,@user @user በርታልን፣ የነዚህ በሬ ወለደ የዜና ጣቢያዎች እኩይ ተግባር ከስር ከስር እየተከተልክ አድርቅልን፣ አሩሲ እናመሰግናለን @user,neutral,negative,negative,negative
1474601766398443527,የመንግስቱ ሀይለማርይምን ንግግሮች/ፎቶዎች ከመፖሰትና ከማወደስ በፊት የወጣት ሶሻሊስት ቡድኖች (ለምሳሌ የኢህአፓ ወጣቶች) ለይ ስላደረሰው ጭፍጨፋ እና ስቃይ እናንብብ እባካችሁ,positive,negative,negative,negative
1474950165861646344,@user አማራን የነካ የለዉም በረካ ገና የኢትዮጵያና ያማራ ጥላቶቺ ያልቃሉ,negative,negative,negative,negative
1437901592003502082,@user @user ሰብእና ጀግንነት ለአላማ መኖር ሰንቃችን ነው ዳግም በአማራ እንዳይታለሉ አሰተምረን እናልፋለን ሆድ ምናባቱ ህሊና ይበልጣል @user,positive,positive,positive,positive
1466267268132839428,@user በሬዎቹ #NoMore እርድ እያሉ ነው የሚመስለው??,neutral,positive,negative,negative
1461901959808618497,@user ምን ያህል እርግጠኛ ነን? የሚፈለገው ጦር ከፈታው ወሬ የፈታው እንዳይሆን።,positive,positive,positive,positive
1438633695968174081,@user ሌባ ካሀዲ ባንዳ:: የእሱም ላሊበላ ሪዞርት የወያኔ ነው:: ወያኔ ደግሞ ከኢትዮጲያ የዘረፈው ገንዘብ ነው:: ስለዚህ ሪዞርቱ የህዝብ ነው መወረስ አለበይ:: በደ,negative,negative,negative,negative
1459744095342051330,ህዳር ሢታጠን TPLF & COVD-19 ከኢትዮጵያ ምድር ተጠራርገው ይጠፋሉ፡፡ መልካም ሠንበት!!,negative,negative,negative,negative
1467710053960589313,@user @user ሊቀ-ሰይጣን ጁንታው የትግራይ ወራሪ ነዋ ??,negative,negative,negative,negative
1458228707710144517,ወያኔ ሲመታ የምቀባጠረው ነገር ትዝ ይላችዋል ።በቀን ሁለቴ መግለጫ ጫጫታ ሲመታ መከራ ግጠም ስትለው አይገጥምም በትክክለኛው መንገድ ይሽለከለክና ከተማ ገብ,negative,negative,negative,negative
1441247057973432321,@user መስቀል ሰላ? ምን ያደርጋል ከእናቴ ከራቅኩ ቆየሁ።,negative,positive,negative,negative
1443755933356617728,@user እድሜ ለወያኔ ከ27 አመት በፊት አይደለም እንደዚ አይነት ህንጻ ጤነኛ አጥር አልነበረሽም እዛው በልተሽ እዛው በርሽ ላይ ነበረ ምትጸዳጂው ግሞ,negative,negative,negative,negative
1438604224812699653,@user ከሱዳን ጋር ዲፕሎማሲ ብቻ! እሾኩን ህወሀት ከነቀልን፣ ድምፃችንን አጥፍተን፣ ወደ መልሶ ማቋቋም በመዞር ማገገም አለብን!,positive,negative,negative,negative
1465165288308199427,ብርቱ እጆች ዘጋቢ ፕሮግራም via @user,neutral,positive,neutral,neutral
1455744060967301122,@user @user ክርስቲያን ተስፋ አይቆጠርም ስባል ሰምተህ ነው አይደል?,neutral,positive,neutral,neutral
1453561750717038597,@user እሱ መግለጫ የሰጠው ይቺ የመጣችው ነጫጭባ በቦርሳዋ ዶላሮች አጭቃ አምጥታለት ይሆናል:: ያለበትን ቦታ ያው እነሱው ኮንቴነር ውስጥ መሆኑን አሳያት:: እሷስ ወደ,negative,negative,negative,negative
1463364027602685957,@user እነዚህ ናቸው የአምስት አመት አርበኞቹ ነጻ አገርን ያስረከኩን #NoMore #TPLFTerroristGroup,positive,negative,positive,positive
1438247673577058305,ወያኔዎች ከ 2 ዐመት በፊት ነው ይሄ በውጭ ሀገር ወራሪ የሚለውን ዲስኩር የጀመሩት ምክንያቱም ሰሜን እዝን (40 of infantry 80 artillery and many experi,neutral,negative,negative,negative
1450992871490801668,@user @user አትናገሩ ግዜ ስጦቸዉ እያሉ ሕዝቡን አስጨረሱት። መንግስት የሚያረገው እንቅስቃሴ ሁሉ ለማን እንደሆነ ግራ ይገባል። የአየር ጥቃቱም,negative,negative,negative,negative
1452365352751538188,@user @user ማስፈራራትም አለው ????,negative,negative,negative,negative
1433934994825785351,@user መከላከያ እየከፈለ ያለው መሰዋዕነት ዋጋ አጣ ማለት ነው,neutral,positive,negative,negative
1474919663503134720,@user ነፍስ ይማር! ሀገራችን መጠቀም ሲኖርባት ካልተጠቀመችባቸው ሰዎች መካከል አንዱ ይመስሉኛል። አሁንም፤ ቀሪ ባለሰፊ ልምድ ኢትዮጵያውያንን አሰባስቦ መጠቀም የ,positive,positive,positive,positive
1435711545384873988,አትሌቱ የጦቢያ ሽማግሌ ይሄን የበሰበሰ ፖለቲካ ተነተነው አብራራው ???? ላለፉት 9/10 ወራት በጦርነቱ ምክንያት የሞተው የተራበው ከቀየው የተፈናቀለውስ የሚያሳዝንህ የት/ቤት,negative,positive,negative,negative
1474908208896647172,አማርኛ መማር እፈልጋለሁ,positive,positive,positive,positive
1458985064268709888,@user አሁን ላይ እንዴት ነሽ,neutral,positive,neutral,neutral
1473856576054255616,@user ኢትዮጵያን የነካ ከእግዚአብሔር የተጣላ ነው ቤቱም ለዘለዓለም ሲኦል ነዉ።,negative,positive,negative,negative
1438989322800222208,@user ኢትዮጵያ እውነት አላት እውነት ደግሞ አሸናፊ ነው,positive,positive,positive,positive
1467698561840295938,@user ገና ትወራጫለህ:: ሰራዊትህን ከነአዛዦቻቸው ብትንትኑን እንዳወጡልህ በቀጣይ ደግሞ . ጡሩንባ ሳያስነፉ በደንብ አድርገው ያነጋግሩሃል። TPLF always,negative,negative,negative,negative
1457524258566025219,ከጁንታዉ ከመደራደር ና አንድነታችንን ከማጣት ከአሜሪካ ኢንተረስት ጋር መደራደር አባይም ከሆነ ኢትዮጵያ ከሌለች ለማ ሊሆን ነዉ ፥ የሚከፈለዉ ከፍለን አሁን ኢትዯጵያን ማቆየት ይሻላል,positive,negative,negative,negative
1469833462500757510,ለኔ ነው የኔ ድሐ መቼም ይህ ውለታ አይከፈልም!!,positive,positive,positive,positive
1460087632784941063,@user በራሳችሁ ጥጋብ ባስነሳችሁት ጦርነት ህዝብ ተራበ ማለት ያስቃል። ደሞ ዞር ብላችሁ በለዉ ትላላችሁ። ግራ አታጋቡን pick a side! #TplfIsWarCriminal,negative,negative,negative,negative
1437899775790223367,@user @user @user @user @user ኣዎ ከሶዶማዊነት ሳልፈጠር ልቅር፤ ከፈላስፋነትም ከጠቢብነትም ይልቅ ዜሮ እድሜ ሆኜ ልቅር።,neutral,negative,negative,negative
1476770433022275585,@user @user ወያኔ መረጃና ማስረጃ በመፈብረክ የተካነ ነዉ። ለአሜሪካን የሠጠዉ አንድ Time bomb ሊኖር ስለሚችል መዘናጋት አያስፈልግም። ድል ለኢትዮጵያ ።,negative,negative,negative,negative
1458634010515709955,ግብጽ ስለ ዓባይ ግድብ ማውራት ያቆመችው ቅጥረኛዋን ትህነግን እንዲበጠብጥን በማሰማራቷ ነው አይደል?,negative,negative,negative,negative
1444785016484122633,ቀጥሎ መሞከር የሚፈልገው ማን ነው ህነማ ዶክተር ፔቭልን ለመያዝ ክፍያ የሰጡትስ ማን ነው ሉላችይ ርገናመ ስንያቢ,negative,negative,negative,negative
1447395621762129920,ኢትዮጵያ የሁሉም ዕምነቶች የመቻቻል እና የአንድነት ፕሮቴስታንት ቸርች ውስጥ በተደረገው የዮናስ ዘውዴ ሰርግ ላይ ሙአዘ ጥበባት ዲያቆን ዳንኤል ክብረት እና ??ኡስታዝ አቡበከር ተገኝተ,positive,positive,positive,positive
1457550001463300100,@user እንዳይመስልሽ።ይሄንማ ገርፎ ነበር መጠየቅ።።,negative,negative,negative,negative
1434723725765709824,@user @user ለማያቅሽ ታጠኚ! የቀረው ካርድ በውሸት የዘር ጭፍጨፋ መንግስትን መክሰስ ነው። ወዳጄ በዘረኝነት እና በውሸት ጎጥ ውስጥ እየዋኘህ ሀገርህን እየጎዳህ ነው። ያከስረሀል,negative,negative,negative,negative
1472399904828014595,@user እባክህ ዘመድኩን ዝም በል በምታምነው አምላክ በድንግል ማርያም ይዤሃለሁ ይሄ ህዝብ በቂ ችግር አለው። በህይወት በሌለ ሰው ላይ በህይወት ያለውን ለመግደል ዘመቻህን,negative,negative,negative,negative
1433199832794009605,#UNHCR የስደተኞች መታወቂያ ይዘው በሱዳን ሰልጥነው ሐገር ለማፍረስ እያደረጉት ያለው ነገር ይገርማል!! በነገራችን ላይ ወንጀልም ጭምር ነው።,negative,negative,negative,negative
1436508105706295302,@user ተይዘህ ለፊርድ የምትቀርብበት አመት አንደሚሆን ጥርጥር የለውም። የዱሮ ተላላኪ: ያሁን ጦር ወንጀለኛ።,negative,negative,negative,negative
1458228945539813377,@user @user በርሜል ሙሉ ጠጅ ብታቀርቢለት አይሰክርም ለመሆኑ አረብ ነው ፈረንጅ?,negative,negative,negative,negative
1435000986343546883,@user @user አራሳቸው ሰርተው በራሳቸው ሰይመው አስቲ ያሳዩን ምድረ ዱንዝዝ ! አሁንም አያዳፋቸው ያለው የሳቸው የማይጠፋው የዘለዓለም ታሪክ ነው! 44 ዓመት በደም ሲቃቡ ይሀው አለነው !,negative,negative,negative,negative
1454274115733532673,ስለባህርዳሩ ስብሰባ የግል ዕይታ ምንም አዲስ ነገረ አደለም ለ4ኛ ጊዜ የተባለ ነው ህወሓትን የሚያቆም ሀይል አልጠፋም፤በቂ ሀይል አለ ጥሪ የተደረገው ለአማራው ነው፤አማራና,neutral,negative,negative,negative
1437569287405854720,እንኳን ለአዲሱ ዓመት በሰላም አደረሳችሁ! አማራ | ወሎ via @user,positive,positive,positive,positive
1463731147339227142,ለ-27 አመታት የኢትዮጵያን ህዝብ ሃብት ሲዘርፉ ሲገሉ ሲያስገድሉ የነበሩ የአሽባሪው ወያኔ አፈ ቀላጤዎች አልበቃ ብሎአቸው ዛሬም በቁማቸው እየቃዡ ነው ህዝብ ነቅቶዋል እናንተ ግን 1,negative,negative,negative,negative
1462642488636805122,@user እንዲህ ነው የምላስ ወላምታ በቀ አላስችል ስልህ ዘመቸው ተቀላቀልክ ።የሽብር ብድን ክህደት ህዝብን አስጨርሶ . ደጺ በሌላ በኩል እየዘበረቀ ነው.ብቻ,negative,negative,negative,negative
1444815008945291264,@user @user ዛሬም ጡት ቆረጠ ትያለሽ? ምኒሊክ ስራ ፈቶ በየቤቱ እየዞረ ጡት ሲቆርጥ አይታይሽም። ደደብ የደደቢት ልጅ። ነፍስ ይማር እንኳ የማይባል ሰይጣን ነው ወያኔሽ።,negative,negative,negative,negative
1468077932471992322,ህወሓት ተጀምሮ እስቲጨረስ ልቅሶ ባቻ! እግርኛው ጦር እና ጀግናው ሚሊሻ ፋኖ ተከትሎ እያናፈሳቸው ቀን እና ማታ ድሮን ሲመታን ዋለ ነው የሚሉት! ህወሓቶች ህጻናቱን አጋፍጠው ጭልጥ!,negative,negative,negative,negative
1454213087788212224,@user @user ውይ አንቺ ምንም አይገንብሽም። ትንሽ ብቻ፣ ለጌች ያለሽ እንተን ይገንብሻል ????,negative,positive,negative,negative
1454657262031622148,ስለሀገሬ ነው እንጂ የምንገበገበው የስልጣን፣የሀብት ና የሌብነት ተጠቃሚ ሆኜ አይደለም።የተዋረደች ሀገር ዜጋ መሆኔ አብሬ መዋረዴ ስለ ሚያንገበግበኝ ነው።,positive,positive,negative,negative
1452019431689932810,@user @user እረ የናንተ ምርቃተ አሜን አንልም ምድረ አስመሣይ!!!,negative,negative,negative,negative
1474937545972723713,ጉድ በል የሀገሬ ሰው ውሸት እግር አውጥቶ ሲኼድ:: እግዚኦ ነው እንጅ ሌላ ምን ይባላል:: አይዞሽ ገለቴ,negative,positive,negative,negative
1456823364287406082,ኢትዮጵያውያን በተፈጥሮ የተሰጠህ ትልቁ ፀጋህ አትንኩኝ ባይነት ነው ።,positive,positive,positive,positive
1442264185790947329,@user Photoshop ባይኖር ኖሮ ምን ይውጠን ነበር???,neutral,negative,positive,positive
1467708514021912576,ኤትኒክ ፌዴራሊዝሙ ከወያኔ/ኦነግ ጋር አብሮ መቀበር አለበት ወይም ኢትዮጵያ ህዝቧ እርስ በርሱ የሚባላባት፣ የውጭ ጠላት ሁሌም በቀላሉ ጦርነት ሚቀሰቅስባት፣ አንድነቷ፣ ሉዓላዊነቷ እና,negative,negative,negative,negative
1448382507406200832,ከአዲሱ ሚንስቴር አመራሮች የተሸለ ጥሩ ዕድገት ወደ ብልጽግና እንደ ምየሸግሩ ተስፋ እናደርጋለን።,positive,positive,positive,positive
1473133460025970692,@user @user ስንመታ ልቅሶ ስንመታ ጉራችን መከራ ነው!!ምን ፍጡር ነን እኛ,negative,negative,negative,negative
1466630103912173570,@user ይብላኝ ለወላጆችሽ ያገባሽስ ይፈታሻል ነው የናተ ነገር የትግራይ መሐበረሰብ ከንግዲ የሚኖረው ልጅ እድሜ ለናተ ሐሽሻም ነብስ በላ ደፋሪ ነው በስርአት ተኮትኩቶ ያ,negative,negative,negative,negative
1448386619497713669,@user እንጀራ ታኮ። በጣም የተቀደሰ ሀሳብ ነው። እንዴት እንዳልመጣልኝ አላውቅም። ታኮ የሚለው ስያሜ እራሱ አብሮት ይሄዳል። በተለይ ለ sampler menu በጣም የሰጠ ነው።,positive,positive,positive,positive
1457507986864230404,@user @user ማንም አላነቀውም ለማባባስ አትሞክሪ ይህ የወያኔ ዘመን አይደለም በነፃነት ወጥቶ ያመነበትን የተናገረው በመንግስቱም በህዝቡም ስለተ,positive,negative,negative,negative
1441492016471461889,@user የማይቀረውን መንገድ መጀመር ግድ ነው ለቴክኖሎጂው ቻይና ራሽያና ቱርክን እንዲሁም ህንድ ይዘን የግብርና መሪ ፖሊሲያችንን አጥብቀን ይዘን ከዘመናዊ ባርነት መላቀቂያው ጊዜ አሁን ነው,positive,positive,positive,positive
1442215837654523904,@user የሱን ስቄ ሳልጨርስ ያኛው ሶዬ ከሰማይ ማነው የወረወረው እያልኩ ነው ደሞ?? You made my night,neutral,positive,negative,negative
1444084895761018892,ሳይጠሩት ሄዶ፣ ሳይጠሩት መጣ እንኳን የሚገድል #ቀባሪም አጣ @user,negative,neutral,negative,negative
1459008563536228355,@user አንተ እኮ ወያኔ ነህ ስለ ጎንደር ምን አገባህ,negative,negative,negative,negative
1438343078566404098,@user መች ነው ህዝቡ መፈናቀል መልሶ ማቋቋም ከሚል ነገር ወጥቶ እፎይታውን የሚያገኘው ?,neutral,positive,negative,negative
1463005902643023875,@user ምነው X - ክብር ሚንስትር ጦርነቱን የሰፈር ዱርየዎች ድብድበ አስመሰልሽው!አገር ለማፍረስ እና አገር ለማዳን የሚደረግ ትግል መሆኑንና አገር ከፈረሰች ህፃናትና ሴቶች,negative,negative,negative,negative
1465875428690866180,@user ምንድን ነው የኤርሚያስ ለገሰ የሚለው? በአማርኛ! እንግሊዝኛው ጥራዝ ነጠቅ ነው! የተባለው የትግራ ወጣት በከንቱ አይለቅ! እናቶችም ልጆቻችንን አምጡ ይበሉ,positive,negative,negative,negative
1439067265526210583,@user @user @user የሚያሳዝነው እውነታ ትራኮቹ የወሰዱት ነብስ አድን እርዳታ በሽፍታው እጅ እየገባ መሆኑ ብቻ ሳይሆን፤ የጭነት መኪኖቹ,negative,negative,negative,negative
1475244295544266755,@user @user ደሴ ትግራይ ነው እንዴ? ለማንኛውም ቆቦ ይሁን ሌላ ቦታ የንፁሃን ኣስከሬን ነው የማየው። ያሳዝናል። በአማራ፣ በኦሮምያ . የሚፈፀመው ግድያ ድምፄን አሰምቻለሁ። የአንቺ አላውቅም።,positive,positive,positive,positive
1466269193335148544,ልባችንን ቢሰቀሰቅም ተጠዝጥዞ ቢዠቀዠቅም ፫ ኪሎን ከመስማት ወደኃላ ብለን አናውቅም። #2021PodcasterWrapped,neutral,negative,negative,negative
1437876013262835713,@user #ልደቱ አያሌው በሸዋ ሮቢት እስር ቤት በነበረበት ጊዜ በጌታቸው አሰፋ ትዕዛዝ በህወሓት አዛዦች የተሰራው አስነዋሪ ሚስጥር ይወጣብኛል በሚል ፍርሃት ነው ከኢ,negative,negative,negative,negative
1456463979816103942,@user ምን አይነት ጥንቃቄ ነው የምናደርገው ? look እነርሱ በየሄዱበት የጅምላ ግድያ ነው የሚፈፅሙት። የተጎዳነው የደማነው እኛ ነን የትግራይ ህዝብ ተጉላላ ብለን,negative,negative,negative,negative
1466629064907640833,@user ስራቹ ሁሉ የመለአክ ነው ሚመስላቹ genocide ብቻውን አይመጥንም እናተ የሰራቹት ግፍ ለትግራይ ህዝብ የዘላለም ሰቆቃ ነው ጥላቹ ያለፋቹት የትግራይ ተወላጅ እን,negative,negative,negative,negative
1473155920205172737,እንደገባኝ መንግስት የህዝቡን አቋም ለመፈተሽ በካድሬዎቹ በኩል የእንደራደራለን ወሬ እያናፈሰ ነው። የኢትዬጵያ ህዝብ ምን ይላል? እኔ በበኩሌ እወድሽ ነበረ እሚለውን ዘፈን እንድዘ,neutral,negative,negative,negative
1432827195735617540,@user ምኑን? ሊጡን ከጠጡ በኋላ ያስከተለውን የሸርተቴ ችግር ነው የተቆጻጸረው???,neutral,negative,negative,negative
1464445970075340807,@user ትልቁ ጥያቄ ይሄ ጦርነት ሲያበቃ በምንድነው ምትተዳደሩት? እነ ብለን ነበር,neutral,positive,negative,negative
1444379480382918658,በዚህ አለም ትልቁ እርካታ በምንም ሁኔታ ውስጥ ሆነህ ፈጣሪን ማመስገን ነው ፤ ለዚህ ደግሞ የዛሬው በዓል ልዩ ምስክር ነው #የኢሬቻ,positive,positive,positive,positive
1463346157636100096,@user ይሄማ የታወቀ ነው ፤ደሴ ማን ነው የያዘው? በሌላ ኣገላለፅ ንገሩት እባካቹ።ኣውቆ ነው ለወያኔ ነው የሚሰራው።,negative,negative,negative,negative
1433972785517408256,@user እባካችሁ የታሪክ ተወቃሾች አትሁኑ ይህ የክልሉን ማንነት ባህል አይወክልም አረ ወዴት እየሄድን ነው የአባቶቻችን ልጆች ነን እያልን ታሪክ ይቅር የማይለው,positive,negative,negative,negative
1469868939589169156,@user @user ይህን የምትለው ሞራል አልባ በአለም ተወዳዳሪ የማይገኝለት ጭፍጨፋና ውድመት በገዛ ወገን ህዝባቸው ላይ የፈፀሙ ፍፁም ጋጠወጥ ነፍሰ ገዳይ የ,negative,negative,negative,negative
1433249003815190530,ምንም ሳይነሱ ታመሚደንእ ውሰ ድንአ ንምለ ግን ከእናንተ ወገን ብቻ ነው ውነ ኝልገረደያእ ንም,neutral,positive,neutral,neutral
1448382917890220041,ምነው ፀበል ፃዲቅ ካለ ልትሄጂ ነው,neutral,positive,neutral,neutral
1432915428263743502,የሞቀ ቤት የሌለው እንዳይመስልህ ! ለእኔ እና ላንተ ሲል በዱር በገደሉ እየተንከራተተ አንተን አስከብሮ ሀገርህ ያኮራል ! ክብርና ሞገስ ለመከላከያ ሀይላችን ! @user,positive,positive,positive,positive
1473101107421495296,ኣረ እየተናበባችው ግራ አጋባችውን እኮ::,neutral,positive,neutral,neutral
1453849019843756039,ጥያቄ ወደ 13 ጊዜ የ ኦሮሚያ ልዩ ሀይል አስመርቋል በሌላ በኩል አማራ ልዩ ሀይል ደግሞ ከ አሳምነው ሞት በኋላ ለመጀመሪያ ጊዜ ያስመረቀው ከ 2 ቀን በፊት ነበር ይሄ ለምን ሆነ ?,neutral,positive,neutral,neutral
1436133576915947520,@user እንዲህ እያወጣችሁ አሳዩልን፣ ታሪክ በማስረጃ ጥሩ ነው።,neutral,positive,positive,positive
1452092399728144393,@user የሊጥ ሌባ ይህ ነው የመጨረሻው,negative,negative,negative,negative
1433977690680434692,@user @user አፋ: ቁርጥ: ይበልልህ! ስይም: ተሾመ! እንኳን: አበጀህ: የኛ: ልጅ: ደግ - አደረገ!! @ ዶክተርዬ!,positive,positive,positive,positive
1473474915567378438,አማራ ሆይ ከእንቅልፍክ ንቃ ተደራጅ ታጠቅ አሁንም ቢሆን የማንም ንፍጣም መጫወቻ መሆን የለብንም የራሳችን የሆነ አደረጃጀት ከቀበሌ ጀምሮ እስከ ክልል ከተሞች ድረስ መዋቅር መዘርጋት,neutral,negative,negative,negative
1443062897471639552,@user ድሮም ጤናህን እየተጠራጠርኩት ነበር!,negative,negative,negative,negative
1448384555996651521,@user ብላ እሚል በዚ ሰአት ተገኝቶ ነው ጓድ,positive,positive,positive,positive
1466270441786404866,@user ማነው እሱ? ለነገሩ ተወው ማንም ይሁን ስሙን ቄስ ይጥራው።,negative,negative,negative,negative
1447765038035570689,@user @user እነዚህን ነው የሓይማኖት መሪ ብለው ብዙ ተጋሩ እሚያሽቋልጡላቸው ። ምድረ ደብተራ ሁላ,negative,negative,negative,negative
1449492018716155910,@user ኢሳት ማለት እሳት ናቸው ምድረ ውሸታም የብር ቡችላዎች የደርግ ግዛት ናፋቂውች ውሽታሞች የብልፅግና ተከፋይ ሆዳሞች ናችው በደንብ እናቃቸዋለን,negative,negative,negative,negative
1436533668424691719,መስከረም ፩| በዓለ ሲመቱ ለመጋቤ ብርሃናት ቅዱስ ራጉኤል ከዚህ በኋላ ታላቅ ስልጣን ያለው ሌላ መልአክ ከሰማይ ሲወርድ አየሁ፥ ከክብሩም የተነሣ ምድር በራች። ራእይ 1,positive,positive,positive,positive
1461536860258320385,@user ድርድር ብሎ ነገር የለም ይገጥመናል ገጥመናል,negative,negative,negative,negative
1459700322704793600,ሸዋ ወደ አፋር!!! ፤ ጎንደር/ቤንሻንጉል ወደ ኤርትራ፤ ወሎ - >አዲስ አበባ፤ ኤርትራ - >መቀሌ፤ ኦሮሚያ እና ሲዳማ - >ደቡብ ወዘተ->ሱዳን፤ ሶማሊያ ወደ ጅቡቲ የኢትዮያ እና የ ኤር,neutral,positive,neutral,neutral
1438222305814056960,ኢትዮጵያዊነት ኩረት ነው,positive,positive,positive,positive
1450567161169260552,@user የከባድ መሳሪያን ድምፅ መልመድ አለብን!! ከደሴ ወጣ ብሎ ወደ ጎልቦና ደላንታ የሚተኮሰው ከባድ መሳሪያ ከተማ እየተሰማ ነው።የደሴ ህዝብ ይህን ድምፅ ሰምቶ,neutral,negative,negative,negative
1441194255754534912,ብዙ ኢትዮጵያውያን #ቢን_ላደን አሜሪካን ለማሸበር የወሰነበትን ምክንያት ወደ መረዳቱ እየተጠጋን ነው። ሙሉ በሙሉ ተረድተነው፣ እሱን ለመሆን ከመሞከራችን በፊት አሜሪካ ከሀገራችን ላ,negative,negative,negative,negative
1463361997739859974,ተረጋግጧል!አሸባሪው ጁንታ መጠራረጋቸው ቀጥሏል ዳግም ላይመለሱ ይቀበራሉ ሽዋሮቢት ሙሉ በሙሉ በሰራዊቱ እጅ ገብታለች #NoMore የዛሬ የድል ቦታዎች #ጋሸና #ላሊበላ #ባቲ,negative,negative,negative,negative
1443669199721730049,@user ለሚያቀው እና ሰው ለሆነ ነው ይህ አባባል ከጦርነቱ በላይ አረንቋ ውስጥ ለገባች በጅቦች ለተወጠረች ሀገሬ አይገልፃትም sorry,positive,negative,negative,negative
1452834522807029766,@user ትክክል ይህ ቀን አልፎ ያስተዛዝበናል,negative,positive,negative,negative
1476042953705627649,ባንዳው ወያኔ አትፍረዱብኝ አለ አሉ። የደርግ አገዛዝ ያከተመው በነሱ መሰላቸውና ያለኛ ጀግና የለም አሉ። ደርግ የወደቀው የነሱንም መንገድ የውሃ ያደረገው በጊዜው ደርግ ከህዝብ ልብ,negative,negative,negative,negative
1451343323747160066,@user @user ኮመዲያኑ እስታሊን የውሸት ሁሉ ምንጭ አብዴ ስላየሁህ ደስ ብሎኛል የኢትዮጵያ የቁርጥ ቀን ልጅ።,negative,negative,negative,negative
1460040777241964554,አሸባሪው ትህነግ ውሸቱ ማለቂያ የለውም። በጀግኖቹ አፋሮችና መከላከያ ሠራዊት በትሩ ሲበረታበት የጂቡቲ አዲስ አበባን አውራ መንገድ ያዝኩኝ እያለ ይበጠረቅ ይዟል። ህልም አይከለከል፤ ዝም ብሎ ይቃዥ።!!,negative,negative,negative,negative
1449895147341328384,2 ዓመታት ተለምኗል!ህወሃቶች ትጥቅ ያውርዱ!ለፍርድ ይቅረቡ! ጀግኖች ወንድሞቻችን እና እህቶቻችን ለኢትዮጵያ ነጻነት እና አንድነት ብለው እየተዋደቁ እዚህ ከዳያስፖራ ርቀት ሆነው የህ,positive,negative,negative,negative
1456110254794723332,@user @user It is not ፖለቲካ and i am not junta ናቲ የመንግስት ጭፍን ደጋፊ እንጂ እውነተኛ activist አይደለም ይህም ሆኖ,negative,positive,negative,negative
1440092348399030287,@user ከዚህ አገዛዝ ጋር ድርድር አይኖርም ፣ እርስዎም ያውቁታል ፣ እሱ ያለፈ ነገር ነው ፣ እራሱን ካልለቀቀ የራሱን ህዝብ ይገድላል። ??,negative,negative,negative,negative
1445226666666729473,@user ሁሌም እ/ር ከኛ ጋር ስለሆነ አሸናፊዎች ነን ! ያለ ጌታ ማን ብርቱ አለና አንተ የጌታ ፀጋ የበዛልህ ማስተዋልህና ጥበብህን ጌታ ለልጆቼ ይስጥልኝ ደሞም ይሆናል,positive,positive,positive,positive
1469138190040768517,@user ክብር ለጀግኖቻችን እኛብእናንተ ፀሀይ እየን ነፍስ ይማር!,positive,positive,positive,positive
1473135610802196481,@user ምርጥ የአገር ልጅ ኦባንግ,positive,positive,positive,positive
1458633630364966912,@user ባይመቸኝም አስተዳደሩ በሀገር ጉዳይ ላይ አልደራደርም ከአብይ ጎን ነኝ።ሳልጠራጠር!!,positive,positive,positive,positive
1436450454104248322,@user እንክዋን አብሮ አደረሰን አደረስዎ የኢትዮጵያ እፁብ ድንቅ መሪና ደጉ መሪያችን::ሁሌ እንደሚለው እርስዎ ከእግዚአብሔር ለደጉና ቆራጥ ህዝባችን የተሰጠን ልዩ ስጦ,positive,positive,positive,positive
1464078581173301250,አሸባሪን ስሙን ፎቶውንም አለማሳየት ይጠቅማል፡፡ ECX ሰራተኛ የነበረችው ብንል ጥሩ ነው፡፡,neutral,negative,negative,negative
1441521695446208515,@user @user @user ትክክል ነህ ምንም ይበሉ ምን እኛ አናምናቼዉም አከተመ አሁንም ቢሆን እስከ መጨረሻ እነሱን ማመን አንችልም አከተመ በተሰቦቻችን አልቀዋ,negative,negative,negative,negative
1466270443053236225,@user የኢትዮጵያ ፖለቲካ ስራ ፈት አተላ,negative,negative,negative,negative
1448408471192408071,በውድቅት ለሊት ተነስቶ ጦርነት እንዳወጀው ሁሉ ፣ በውድቅት ለሊት ተነስቶ አስታርቁኝ ይላል። ይሄ ይመዝገብልኝ! ስውእ ጅግና ተጋዳላይ ሴኮቱሬ ጌታቸው ሰማእታትና ፣ ወትሩ,neutral,negative,negative,negative
1465907173381312515,ዜና ፥ አንድ ሚሊዮን ዲያስፖራ ለፈረንጆች ገና ወደ ኢትዮጵያ ይመጣሉ የኔ ቤት አከራይ ፥ ስንት ልጨምርበት ??,negative,positive,negative,negative
1458270162285694977,ድርድር !! ከማን ጋር ያለ ደረጃው ድርድር አይሠራም። ህጋዊ መንግሥት ከሊጥ ሌባ ገር።ኧረ አይሆንም። አይመጣጠንማ!!,negative,negative,negative,negative
1451644508635025411,#ሰባሪዎች ከእነ ስርዓታቸው ይሰበራሉ # ተሰባሪዉ ታላቁ እስክንድር ደግሞ የአጥንቱ ስብራት የኢትዮጵያ አንድነት ብስራት ይሆናል !! ያለመስዋዕትነት ስርየት የለም !!,positive,negative,negative,negative
1451758864467116035,@user @user ብዙው እኮ ከአፈር ጋር ተቀላቅሏል። ተረፈ-ጁንታ ነው አይቀርለትም። ዋይ ዋይ እያለ ነው ያለቀው አሉ።,negative,negative,negative,negative
1467342291371188231,ሰበር የድል ዜና ጉድ ተሰማ ከአይን እይታ ተሰወረ ካስጊታ ተደመሰሱ | ተማሪዎች ለግዳጅ ተዘጋጁ ተባሉ | አዲሱ ስ . via @user,negative,negative,negative,negative
1455715675796819968,እስኪገብ ነብሳችን ማረፊያ እንዳይኖራት ሲገድለንየኖረን ትህነግ በቁም ትተን እረፍት የለም.#Nomore,negative,negative,negative,negative
1473508394149589000,@user መልካም ቀን ላንተ ??,positive,positive,positive,positive
1462642833089773569,@user ወይ ለየከይ አቷ ለሁለት ሳሙንት በፊት አልነበር እንዴ ለዘሙድህ CNN ሸገርን ከበቡናት ያልከው ዋይ መበትረፍ አንተ ቦጥረቃ !!!,negative,negative,negative,negative
1444386520023150593,@user በትክክል እኔም እስማማለው! የሚገርመው የዛሬው ተቃውሞ ያጀቡትንና በግርምት በንቀት ሲመለከቱ የነበሩትን ማየት በቂ ነው።አብዛኛው ሰላማዊ ሆኖ በቁጥር የሚቆጠሩት ናቸው ኝ,negative,negative,negative,negative
1451032831635959813,@user አይደለም ፣ እና እርስዎ ??,neutral,positive,neutral,neutral
1464439494229303306,@user አብቹ ግን 11 ሚሊዮኗ ላይ ምን አስቦ ነው???,neutral,positive,neutral,neutral
1465887932657676293,@user አተ ማነሕ ግባና አግዛቸው አፍ ሳይሖን ግባ እደ አብይ እደደ መኩሻ እደደ ታማኝ በየነ,neutral,negative,negative,negative
1452456863904280580,አሁን የኢትዮጵያ መከላከያ ሙርከኞች ቁጥር ይቀንሳል??,neutral,positive,positive,positive
1470607827018334208,@user @user @user @user @user @user @user እኛ እንልካለን ወድቆ እንዳይፈስ ለመያዝ ተዘጋጅ,neutral,positive,negative,negative
1439435658339266582,@user አሁንም ህዝብ ልትጨርሱ ነው እንዴ,negative,negative,negative,negative
1444761675723378697,@user እግዚአብሄር ከኛ ጋር ነው ይረዳናል !!!,positive,positive,positive,positive
1463709224517586947,@user እንደተለመደው የአንተን ወሬ ገልብጦ ነው ማንበብ ዛሬ ጥሩ አርገው አቅምሰዋችኋል ማለት ነው ።ሚስት ካለህ መቼም ተረግማ መሆን አለበት አረ ብርጠቃ !,negative,negative,negative,negative
1452379623279538181,@user አጥፍቶ መጥፋት ወይም ማጥፋት,negative,negative,negative,negative
1470617296943075329,አንዳንዴ ሁሉንም ባላየ ማለፍ እራስን ከመጥፎ ስሜት መደበቅ ነው ??,positive,positive,positive,positive
1469833583883866114,ውድ ኢትዮጵያን ይሕ በየ አቅጣጫው የተስባሰበውን አንድነት እና ኢትዮጵያዊነት በጠላት ሀይል ላይ አሸንፎ በዚሁ እንዲቀጥል: - ሙህራን በውቀታችሁ ባለሀብት በገዛባችሁ ባለ ስልጣናት በህ,positive,positive,positive,positive
1437153083398705152,@user እሁድ የሻወር ቀን አልነበር እንዴ?,neutral,positive,positive,positive
1469525091478384645,አሜርካውያኑ ዛሬ ላይ ሆነው ስለ ኢትዮጵያ እኛ እንወስንላችሁ የምሉን እነሱ ሀገር ሳይኖራቸው እኛ ሀገር ነበረን እነሱ ሀገር ከመኖራቸው 1100 ዓመት በፊት እም መንግስት ነበረን እኛ,neutral,positive,negative,negative
1435065543820726277,ልጆች ይዘን ዋሻ ውስጥ እየኖርን ነው በሑመራና አካባቢው ያሉ የትግራይ ተወላጆች - BBC News አማርኛ,negative,positive,negative,negative
1473114362957250564,@user ለዛነው ጦርነት የምንጠላው ሰውን ንብረትም ሃብትም ሰላምን ይበላል ያጠፋል ያወድማል። ወያኔ ግን የጥፋትና የሞት መላክ ስለ ሆነ እንዲህ ያደርጋል። ግን ኣገር,negative,negative,negative,negative
1452715124033208329,@user ሮጦ ወደ ተምቤን መግባትን ከእናንተ ነው የተማሩት,neutral,negative,negative,negative
1446197233783918595,@user ስለከብት ከብቱ አንተ/ቺ ታውቃለህ/ሽ?? ችግርህ ጥንብ ዘረኝነትና ምቀኝነት እንጂ ለተወሰነ ሰአት የተረገጠው ሳር አይደልም,negative,negative,negative,negative
1436524270847291395,@user ይህንን መልካም የደሃ አባት የሆነ ትሁት ሰዉ ነው የነጭ ሰይጣኖች ሰላም የነሱት።,negative,negative,negative,negative
1436810584251633664,ወያኔ ባደረሰው ችግር ረሀብ ስደት አስከትሎብን ይሄው እናቶች ህጳኖች በእንባ እየተራጩ ይገኛሉ ፍትህ አማራ ክልል ለወሎ ፍትት,negative,negative,negative,negative
1441858981941575681,@user እነሡም አውቀውታል ደግም እደማይመጡ መቶ ሚሊዮን ህዝብ ጥርሡን ነክሶ እየጠበቃቸው ነው።የመሣሪያው ጉዳይ አያሣስብም አብይ የተከለው አርጬሜ በቂ ነው!!!,negative,negative,negative,negative
1472416846544392192,@user @user ጥ1 . አሃዳውያን ግን ምን ማለት ነው? ጥ2 . ኢትዮጵያ ማለት አሃዳውያን ነው?,neutral,positive,neutral,neutral
1433893197554536450,@user @user @user @user @user መች አይቼ አውቅና???? በስማም አስደምሞኝ ነበር,positive,positive,positive,positive
1444426401487196169,ይህን አውሮፕላን በመገልበጥ ላይ ምድንወ ጥስው ርብቃመበ እሱ ብቻውን አልነበረም ውነ ንድንምለ ውመከሸሚየ ንሉብምጭ,neutral,positive,neutral,neutral
1446966935544025091,አሽባሪውን ሕወሓት/ ትህነግ/ ወያኔ/ TDF በተመለከተ ፦ ኮብራ እባብን በኪሳችን እንያዝ ለምትሉ ወገኖች፣ እባካችሁ ገለል በሉ! @user @user,negative,negative,negative,negative
1451643286175813634,ዜና 24፦አሜሪካ የኢትዮጵያ ታላቅ ወዳጅ ትሆናለች።pmm,positive,positive,positive,positive
1467352158337220610,@user ???? ህፃኑ፣ ስራ አጡ፣ ስደተኛው፣ ህገ ወጥ ነዋሪው ሁሉ ተቆጥሮ 1MM ውጭ ካለም ጥሩ ነው። 10 000 በጁ ያለው 1 አይሞላም። ምነው ወንድም ገንዘቡ እንዲህ በቀላሉ ያመጣ መሰለህ እንዴ?,neutral,negative,negative,negative
1440160062786269187,እንድትረዱት የምፈልገው ሌሎች ኃይሎች በኢትዮጵያ ክብርና ጥቅም ከመጣቹ አንገቴ ይቀላል እንጂ አይደረግም ። በመጠምዘዝ የሚሆን ነገር የለም፤ ተላላኪ መንግስት ኢትዮጵያ ውስጥ አይፈጠ,positive,negative,negative,negative
1437627089289715714,I have አንድ አስር የሚሆኑ ፂሞች.ታዲያ በጣም ረዝመዋል። ባርበሩ . ይቆረጡ እኔ: አይ ተዋቸው ባርበር: የፂምም ይቀበለኛል ብለህ ከሆነ ችግር የለውም እኔ : አይ ከስራቸው ልነቅላቸው አስቢያለው!????,neutral,negative,neutral,neutral
1474168906789138438,@user ጠላት እርስ በእርስ ለመጨራረሻ ጊዜ መስጠት ጥሩ ነው ተወደደም ተጠላም ትግራይ ኢትዮጵያ ናት። የትግራይ እናት ብታይ ልጇ አይመለስም ጥያቄ መጠየቂያ ጊዜ ፣ ተንኮል ማክሸፊያ ጊዜ፣,negative,negative,negative,negative
1433593673615294469,@user @user @user @user @user የኢትዮጵያ ህዝብ እንደነ አንተ አይደለም እንጂ የጁንታውን ተላላኪና ወኔያኔን በሙሉ ወስዶ ት,negative,negative,negative,negative
1445834363384602625,ዝምተኛው መብረቅ የተግባር ሰው ።,positive,positive,positive,positive
1474542921986842633,@user በጣም ነው እኮ የሚገርመው,neutral,positive,neutral,neutral
1450593655434190849,@user የአማራን ህዝብ የሚታደገው የኢሳያስ ጦር ነው ወሎ ገራገሩ አልቻላቸውም ቁልቋላም አበጦች,negative,negative,negative,negative
1443294546276798469,@user @user @user @user @user ተፈጥሮ ነው ምንም ማድረግ አይቻልም።,neutral,positive,neutral,neutral
1454646540602118146,@user ስታሊን አንድ ነገር ሲፖስት ፎጤዎች ሲንጫጩ እንደማየት የሚያስደስት ነገር የለም!??,negative,negative,negative,negative
1455396823133130754,@user ምነው Al_ወሬ?! የርስዎን ስራ ቀማዎት አይደል ሃሃ ወሬ ብቻ!,negative,negative,negative,negative
1459709956748423170,@user ባጎረስኩ ተነከስኩ ይሉሀል ይሄነው፡፡ የቅድስት ሀገራችን ፈተና ስለ ቅድስትነቷ ነው መከራዋ፡፡ ግን ላታጎነብስ ትነሳለች፡፡ አምላክ ጥሎ አይጥለንም፡፡,positive,positive,positive,positive
1443041410119348224,አባት ካሺ ነው ይህንን በሚያምር ሁኔታ ትተው ወደ ቤት መሄድ ይችላሉ ፣ እና ሁሉም ሰው ቀድሞውኑ 37 ገንዘብ አለው። ለታላቁ የኦጋሳዋራ ዕድሜ በሙሉ በሞት ረድፍ ላይ ወንጀለኛ ነው።,negative,positive,neutral,neutral
1475637743099138050,አሁን የትግራይ ህዝብ ህወሓትን ልጆቼን ለምን አስፈጃችሁ? እናተ ከኋላ እነሱን ወደፊት አድርጋችሁ አስፈጅታችሁ በሽንፈት ተመለሳችሁ! ምን ተገኘ? ብሎ መጠየቅ ጀምሯል! ይህ ይቀጥላል!,neutral,negative,negative,negative
1439011360021618697,@user @user @user ከአውሮፓ/ እንግሊዝ እየተያዘ ወደ ደም መሬታቸው የቀይ ህንዶች ሀገር የተጣለ ወሮበላ አንድ ሀገር ፈጠረ@user አሜሪካ። ይችም,negative,negative,negative,negative
1440397841004838918,@user @user Hahaha በሳሳቅቅቅቅቅ አንተም ጠጅ ስታይ ጨዋታህ ይጨምራል በ ፳ ??,neutral,positive,negative,negative
1457495434411249670,እነዚህ ፊንፊኔ ውስጥ በተለይ የትግራይ ተወላጆችን እና የኦሮሞ ተወላጆችን ሸኔ በማለት የሚያሳድዱ በተዋቂ ሰዎች ግድያ ላይ የሚሳተፉ የሻዕቢያ ደህንነቶች ናቸው። Share አርጉ ፎቷ,negative,negative,negative,negative
1448441426275180549,@user ነገ ደግሞ ደበደቡን ብላችሁ ልታለቅሱ ነው,negative,negative,negative,negative
1457912334593241095,@user እየሰሙ ደንቆሮ እያዩ ዓይነ ስውር የሆኑ ደጋፊዎች,negative,negative,negative,negative
1471701596186812418,@user @user @user የትኛው ታሪካቸውን ነው የኛ የሚባለው ?! ባንዳነታቸውን ከአባቶቻቸው ጀምሮ ያደጉበትን ወይስ ሌብነትን ነው መለኩሴና,negative,negative,negative,negative
1461536230739480581,አፈግፍግ እያሉ አታለሉትጅ ልቡማ ሙሉ ነዉ የራያዎች ልጅ,negative,negative,negative,negative
1440814824145833985,@user ሌባ ጉረኛ:በአማራ ህዝብ ላይ ያወራረዳችሁትን ሒሳብ መቼም አንረሳውም::ደስ እሚለው ወሰጥ ወስጡን እኛም እያወራረድን ነው በየሰፈራችን,negative,negative,negative,negative
1475667098055868422,@user @user መንግሥት ማለት ተቀጣሪ ሰራተኛ ነው እንዴት የቀጣሪውን ህዝብ እያንገላታ ለፀጥታ ነው ትላለህ እራሱ መንግሥት ህዝቡን እያስረበሸ ጥፍት ማን,negative,negative,negative,negative
1455368849063387137,@user አባዬ ቢቃወምም ለኢትዮጵያ ምንም አይፈይድም ለጊዜው ገለል የበሉልን ያለበለዚያ በደሴ ና በኮምቦልቻ የገጠመን በሌላ ቦታ ላለመደገሙ ምንም ማረጋገጫ የለንም። ሀላሰ,neutral,positive,negative,negative
1443780555498270722,እንደ ልደቱ አይነት ገልቱ ሲጠላ የማያቅ ትንሽ ጭንቅላት ትልቅ ሆድ ያለዉ ሀሳቡ ከሆዱ ያላለፈ ሰዉ በዘራችሁ አይድረስ አሜን,negative,negative,negative,negative
1453124459406180359,@user እኔም እንዳልጠፋህ አልጠፋኝም፡፡ እንዲያው የኔንም ሀሳብ ላክል ብዬ ነው፡፡,neutral,positive,positive,positive
1455382663406178305,ህወሃት ሰላምን ጠልቶ በእብሪት ተሞልቶ ያለ የሌለውን ወጣት ጦርነት አውሎ ከምድረ ገፅ ሊያጠፉን ይላል! ማይካድራ ጋሊኮማ ጭና አጋምሳ ጭፍጨፋን ፈጽመው ሊያጠፉን ሲሉ ልብ ያቆስላል,negative,negative,negative,negative
1436888552642547713,@user @user @user መንገዱን ጨርቅ ያርግላቸው ሊጣችን ሁሌም እየተሰረቀ ከምንኖር!!,negative,negative,negative,negative
1465156943325061126,@user ክፉልጆችን የወለዱቶች እናት እንድህ ነው ምቸገሩት።መብራት ችግር ዬለውም ለልጆቻቸው ያሉበትን ብታሳያቸውስ?,negative,negative,negative,negative
1467716192555122689,@user ወሬህ በረሃብተኞቹ ዘራፊዎች አልተወደደልህም ? ተሰላችተህ እንደምትለጥፍ ይታወቃል ለነገሩ ምንን አሳበህ ታወራለህ ቅጥቀጣው ፋታ እየሰጣችሁ አይደለም::,negative,negative,negative,negative
1445895390528786432,አወንታዊ የሚመስል እርምጃ ህዝብና ሀገርን የተቃዋሚ ፓርቲን አራሚ እና አስተካካይነት ሚና ሊያሳጣ ይችላል። ለምሳሌ አሁን ባለው ሁኔታ ወያኔ በወረራቸው አካባቢዎች ለሚኖረው ህዝብ መን,neutral,negative,negative,negative
1455376479953559553,ኢንሳ የmeራባዊያንን የውሸት ዜና ማሰራጫዎች ወብሳይቶችንን ሊዘጋ ይገባል። የሃሰት ዜና የሚያሰራጩ የው ጭ ጋዜጠኞች ታስረው ከሃገር ይባረሩ። ማንንም ማባበል አይገባም።,negative,negative,negative,negative
1436534182910509060,@user @user @user @user @user @user @user @user አቶ በለጠ ሞላ እንኳን ለአዲሱ አመትአደረሰሕ ሌላው ነገር የተፈጠረው,positive,positive,positive,positive
1457932129086722052,@user እንደ ፈርኦን ልቡ ደንድኖ ነበር,negative,positive,negative,negative
1461903275977027588,@user @user ገና ከአላማጣ የተነሳ ውግያ ሽዋሮቢት ደረሰ ።የሚወራው ፕሮፓጋንዳ ግን CNN ነገር ነው እረ ተው እውነታውን ቢዘገይም እየሰማነው ነን እባካችሁ,neutral,negative,negative,negative
1440160447345291266,??#የኢትዮጵያ ጥንካሬ የእያንዳንዱ ብሔር፣ የእያንዳንዱ ዜጋ ጥንካሬ ውጤት ነው። #ጠ/ሚ ዶ/ር ዐቢይ አህመድ #UnityForEthiopia @user @user,positive,positive,positive,positive
1444776803206324226,@user ጅብ ከሄደ ውሻ ጮሀ ነው ነገሩ። ለምን ኣስቀድመው ኣይናገሩም። ኣሁን ሽንፈታቸው ሲከናነቡ ይሄ ሁላ ከጠፋ በሃላ ንብረት ካወደሙ በሃላ ህዝቡን ከጨፈጨፊ በሃላ መጮህ ዋጋ የለውም።,negative,negative,negative,negative
1440786905277210633,@user ጥያቄው የማይመለከተን ሰዎች አለን፣ as an Ethiopian academic ያው ሺ ቢታለብ ያው በገሌ ለማለት ነው አለቃ።,neutral,negative,negative,negative
1462258956945043458,ሁላችንም #NoMore የሚለውን ዘመቻ መቀላቀል ይኖርብኔል::,neutral,positive,neutral,neutral
1444395620836552706,@user @user አንዱ ልጅ አንዱ የንጀራ ልጅ ብሎ ነገር የለም። ስርአት ያስፈልጋል። አባ ገዳዎቹ በዚህ ጉዳይ ግሳፄ ካልሰጡ ያስተዛዝባል።,positive,positive,positive,positive
1437520889084583949,@user ከዚ በኋላ ሌባ ሀገር አይመራም።,negative,negative,negative,negative
1459734531494273024,@user አንተ ምርጥ የዘመናችን ኢትዮጵያ ነህ ????,positive,positive,positive,positive
1458975731464163341,@user @user ራሱ በዕውቀትና በዕውነት ድርቅ (በድንቁርና) የተጠቃ ሠው ድፍረቱ፣ የሌለውን ጠቅላላ ዕውቀት ላካፍላችሁ ይላል! የወያኔና ፈረሶቹ መገለጫ ነው!,negative,negative,negative,negative
1450595822823882754,የፈረንጅን ዓላማ አየነው አይደል?!ህወሓቶች ሲቸነፉ ጭንቅ ጥብብ የሚላቸው ሃይሎች ለጥቅማቸው ነው!ህወሓትን ማሰወገድ የአገርን ብሄራዊ ጥቅም በደምብ ማስጠበቅ ነው!የጦርነቱን አመራር,positive,negative,negative,negative
1458624888885944321,@user @user ምንም አደለም። ሁለት ወር አይኖሩም።,negative,negative,negative,negative
1434288632135888899,የኦሎምፒክ ባለስልጣኖችን እንደማይጨምር ሙሉ እምነት አለኝ! I hope ???? @user @user @user @user @user,neutral,positive,neutral,neutral
1458596315567427585,በአማራ ህዝብ ላይ የተሰራውን የጦር ወንጀል አምንስቲ አረጋግጧል። አሁን ከመንግስ የምንጠብቀው አጥፊዎችን እንዲያጠፋልን ነው።,positive,negative,negative,negative
1445936380903837703,@user @user መልካም የስራ ዘመን ፕሮፌሰር ብርሃኑ ነጋ!,positive,positive,positive,positive
1447671509930098688,እውነቱ ይህ ነው አማራ ላይ እየደረሰ ያለው!,neutral,positive,negative,negative
1435445658392186884,@user እና መቀሌ ወያኔ ተዋግቶ ነው የገባ?እባክህ ሰው ሳትሆን ልትሞት ነው::ወደ ቀልብክ ተመለስ::ወያኔ እኮ የሀገሪቱን ገንዘብ እየዘረፈ የሚሰጣቸው የአሜሪካ ዲፕሎማቶ,negative,negative,negative,negative
1451328098079809556,@user ሳያቁት ውለታ እየዋሉልን ነው በነፃ ማስታወቂያ የት ይገኛል እናም በደንብ እንድንሰራ ይገፋፋናል ሲቀጥል ከምኞት አልፎ ሃሳባችንን ስለተናገሩ ምስጋና ይድረሳቸው,positive,positive,positive,positive
1472051385537597444,@user @user ራስህን ግለጽ ይሄ ስም ያንተ/ቺ አይደለም። ምን አሳፈረክ ይሄው ለሀገርህ እየታገልክ/ሽ ነው ይሄኮ ጀግንነት ነው። ታዲያ የጫልቱ ሳትሆን,positive,negative,negative,negative
1437869782502608896,@user ቲዉተር ተቀላቀሉ ብለህ በቴክቶክ አስተላልፈህ ነበር አሁን ከፈትኩ ከዚያስ ምን ማድረግ አለብኝ ? ወይስ መክፈቱ ብቻ ነዉ ?,neutral,positive,neutral,neutral
1468057876837150720,አራቱን ማማ ዎች ሳይነጣጥሉ ማስቀጠል: ማ - ማሸነፍ (ሽንፈትን ማስፋፋት) ማ-ማግባባት(እጃቸውን እንዲሰጡ ማግባባት) ማ-ማረም(አረሞችንና ስህተቶችን ማረም) ማ-ማጋለጥ(የተሰሩ ሰብዓዊ,positive,negative,negative,negative
1436900841743699970,#መገን አውዳመትተብሎ እዚህ እኛ መንደር እዚህ እኛ ሳሎን ቅቅል፣ቀይወጥ፣ዱለት፥የተሞላ ሰሃን ቀጤማ፣ሙጌራ፥ፈንድሻ ምናምን ከወገን ጎጆ ግን.እንደ በለስ ቂጣ ገላውን የበላ፥ጡት,negative,negative,negative,negative
1465873269395845121,@user ቀዳዳ አሁንምእንደ ባዶ ቆርቆሮ አትንጫጫብን ጠቅላ ሚንስተር ሀብይ እጅ ሰጡ ብሎ የማርያም መንገድ ሰቶአችኋል እጅህን ሰጥ ጅል አይሙት እንዲያጫውት አደል የሚባ,negative,negative,negative,negative
1451295968566157328,@user @user በ 27 አመት ውስጥ ያለፍንበትን እናውቃለን ምስኪን የተጋሩ ህፃናት,neutral,negative,negative,negative
1474589853903777794,ነገር ግን ይህ ተከባብሮ አብሮ የመኖር ተግባር ቀጣይ ስለመሆኑ ማንም እርግጠኛ አይሆንም:: በኦሮሚያ ምርኮኞችና በህግ ጥላ ስር ያነበሩ ንፁሀን ከአንገት መቀላት እስከ መረሸን ተፈፅሟል:: መረጃዎች አሉን::4/5,negative,negative,negative,negative
1461519653470195715,የፈረንጅና የባንዳው ህውሓት ኦነግሽኔ ችግር እኛን ኢትዮጲያውያንን አለማወቃቸው ነው!,negative,negative,negative,negative
1454668250042667012,ህወሓት ደሴን ይዣለሁ ቢልም መንግሥት ከተማዋ አሁንም በቁጥጥሬ ስር ናት አለ - BBC News Amharic | #Ethiopia |,neutral,negative,neutral,neutral
1463689336059310080,@user እግዚአብሔር ይረዳናል እኛም የመጨረሻ ትግል እናደርጋለን!,positive,positive,positive,positive
1476771669771436035,አንቺ ቆንጆ ነሽ ፣ ባባ ነኝ እንደምነሽ ከየት መጣሽ አንቺ ፣ እንዴ እንዴ ወይኔ ውይ ሆንሽለት አንቺ ቆንጆ ነሽ ፣ ባባ ነኝ እንደምነሽ ከየት መጣሽ አንቺ ፣ እንዴ እንዴ ወይኔ ውይ,positive,negative,positive,positive
1445481331425566728,ኢትዮጵያን መቼም በኮለኒም ይሁን በእጅ አዙር ኮለኒ አታበረክክም አመነኝ,positive,negative,negative,negative
1466985809526075392,@user ሰሞኑን ደግሞ የቁም ቅዠት መቃዠት ጀምራችኋል ፈጣሪ ምሕረትን ይላክላችሁ,positive,negative,negative,negative
1441503580922466306,መንግስት ያድነናል ብላችሁ የምትጠብቁ እርማችሁን አውጡ ማንሆነና ለዝህ ሁሉ መአት እላያችሁ ላይ እንዲካሄድ የፈቀደ አብይ ና ግብራበሮቹ ጦርነቱን ከትግራይ አውጡቶ በአማራው መሬት ላይ,negative,negative,negative,negative
1445853825701580801,የትሕነግ አምባገነንነትና አፋኝነት በከፍተኛ ደረጃ ተባብሷል። ሆኖም ሁሉም ትግሬና የፖለቲካ ፓርቲዎች አፋኝነቱን እንዳይናገሩ በጀነራሎች ጭምር ታዘዋል። ትግራይ ያለትሕነግ አማራጭ የላ,negative,negative,negative,negative
1455742908133425155,ተጮሆበት ዝም ማለትን ሶስት አመት ሙሉ አስለምደነዋል (@user)። እርምጃ !,negative,negative,negative,negative
1437587541394341896,ርሃብ እንደዚህ የሚያስጨፍር ከሆነ ሁላችንም ደጋግሞ ይራበን ያሰኛል።,negative,negative,negative,negative
1453562901294460930,ቤተክርስትያን ያለ መንፈስ ቅዱስ ከሆነች ዝናብና ፀሓይ በሚያስገባ ዳስ ቤት የተሰበሰቡ ሀዘንተኛ ሰዎችን ትመስላለች።,neutral,positive,negative,negative
1476313920667279366,#ቁርሀኑን አቃጠላቹት እንጂ ከልባችን አልፋቃቹትም ልባችን ላይ አለ አሉዋቸው አሁንም ድርጊቱ ቢያሳዝንም ይህ ነው እየሆነ ያለው #No more,positive,positive,negative,negative
1432916082118074375,@user ለምንድን ነዉ የትግራይ ንብረት ወደ ኤርትራ ስሄድ ዝም ያልከዉ #EritreanTroopsOutofTigray #AmharaForcesOutOfTigray,neutral,positive,negative,negative
1454212898285408257,@user ሂድና እሱን ፍየል እና አህያ መድፈር የማይቀራቸው ፋኖዎቹን ጠይቃቸው . TDF በእንጨትም አይነካቸዉም ??,negative,negative,negative,negative
1439338552001712135,የአሜሪካ መንግስት ማዕቀብ የጣለው ለህወሃት ጊዜ ለመግዛትና ተጠናክራ እንድትመጣ እንጂ፣ፍላጎታቸው የአብይን መንግስት አውርደው በህወሃት መተካት ነው።ህወሃት በ97 ድርድር ብላ ፓርቲዎ,negative,negative,negative,negative
1450945506214092801,@user ገባ ወጣ ጨዋታ ላይ ናችሁ እኮ አንደ ከተማ ለመግባት የሚረግፈው ተዋጊ የወራሪው ሀይል ብዛት የትየሌሌ ነው። እኔ ምለው የትግራይ እናትና አባት ልጆቹን አፍሶ,negative,negative,negative,negative
1441517264340148226,@user ይሄ ልጅ ሲሳይ አጌናን ለመተካት ሞክሮ አልተሳካለትም።,negative,positive,negative,negative
1454203476880371714,መሸበር ደግ አይደለም! የአሜሪካ ኤች አር HR445 ጥርሱ ወላቃ ነው! ወሬ ብቻ!! ህወሓቶች ግን ለሎቢዪስቶች ሚሊዮን ዶላሮች ይገብራሉ! እንዲያው ለማእቀቡ ካባ የሚደርብ ነው! አንዴ,negative,negative,negative,negative
1454955405193486341,ወሎ ላይ የተሸነፍነው በአካባቢው የሚታገል ስለሌለ እና ባንዳው ስለሚበዛ ነው! ዳንኤል ክብረት ዛሬ ኢቢሲ ላይ,negative,negative,negative,negative
1440776838649843719,አብይ አረመኔው እንደዚህ ስው ያሰቃይስል ስንታየሁ ቸኮል በጣም ታሟል ባስቸኳይ ህክምና እንዲያገኝ ደምፃችንን ማሰማት አለብን ይህ ሁሉ ስቃይ የሚደርስበት የአብይን ተረኝነት,positive,negative,negative,negative
1445960869943336960,@user @user የወያኔ አለቅላቂ ሞኝ ጅንታ ነጭን አምኖ ሀገር ይሸጣል,negative,negative,negative,negative
1464818804492488705,ህወሓትና ኦነግ #ኢትዮጵያ ሲባል ያንገሸግሻቸዋል!ታሪክዋም ባህሎችዋም ህዝቦችዋምክብሯም ህልውናዋም ለነዚህ እኩዮች ምንም ናቸው!ለዚህ ነውእምንቃወማቸው።ህወሓትና ኦነግ በውጭ ሃይሎች መ,negative,negative,negative,negative
1469521868680044544,ኦነግ ሸኔ በወለጋ የፈጸመው ግፍ ገና ወደ ፊት በሰፊው መነገር ያለበት አሳዛኝ ታሪክ ነው! ይህንን ግፍ ተቀበሉ የሚሉን የኦሮሞ ምሁራን ነን ባዮች የታሪካችን ማፈሪያዎች ናቸው!,negative,negative,negative,negative
1452750251434119169,አይታወቅም የነካውን ይቅርታ የነካቸውን አንቱታ አክብሮት የኢትዮጵያውያዊነት ምግባር ስለሆነ,positive,positive,positive,positive
1474894036733464579,@user @user አለም የሚያጨበጭብለት ኢትዮጵያን ወደ ማያባራ እርስ በእርስ ጦርነት ውስጥ ከቶ በብዙ ሚሊዮኖች የሚቆጠሩ ዜጎች እንዲፈናቀሉ በብዙ,negative,negative,negative,negative
1443667570293448709,በ ኢቲዮጵያ እጁን የሟስገባ እጁን መቁረጥ ነው,negative,negative,negative,negative
1437169218244341761,@user አቶ በለጠ ሞላ ለምታሳየው ለወገኖቻችን ፍቅር እጅግ የሚደነቅ ነው።ብዙ የመንግስት ባለስልጣናት መንግስትን ላለማስቀየም በአማራው ላይ የሚደርሰውን ግፍ እየሸፋፈኑ አሁ,positive,negative,positive,positive
1451648163283095554,@user @user የሁለት ሰዎች ወግ አንዱ ኢትዮጲያዊ ሌላው ምዕራባዊ ኢትዮጲያዊው ሀገሩን የካደ አፉን ሞልቶ ኢትዮጲያዊ አይደለሁም ያለ ሌላኛው ግን በእ,negative,negative,negative,negative
1432881691815825409,በሰውነት ውስጥ የሚታዩትን እነዚህን 7 ለውጦች በጭራሽ ችላ አትበሉ።,neutral,positive,positive,positive
1458272121944096773,ህወሓት ላይ የኢትዮጵያ ህዝብ የሚያገኘው ድል የተተነበየ ነው! መከላከያ ድም ድም! ቡን ቡን! ሲያደርጋቸው፤ ብን! ብለው ይጠፋሉ!#ENDFVICTORYAHEAD against,negative,negative,negative,negative
1474196240724234262,@user እነውርደት ልብሱ ከላይ ሲያስቀምጧቸው ከታች የሚገኙ በክህደት ተወልደው በክህደት ያደጉ የኢትዮጵያ አምላክ እያሳየን ነው ጫኝና አውራጅ አስመስሎ ተመስገን ።,negative,negative,negative,negative
1447669678025973773,«ጌታዬ ሆይ! እኔ ከመልካም ነገር ወደኔ ለምታወርደው ፈላጊ ነኝ» አለ፡፡ (ሱረት አል ቀሰስ : 24),positive,positive,positive,positive
1468064922718416896,@user ኢትዮጵያ ከወለደቻቸው የዘመናችን ጀግኖች መካከል አንዱ በመሆንህ ኩራት ሊሰማህ ይገባል፣,positive,positive,positive,positive
1443670346461335555,@user @user ክሊፕ አድማጭን ለማወር ማስተዋል የማችሉ ሰዎች ተሰብስበው ሚሰሩት ስራ ነው። በተለይ እነዚህ የተጠቀሱትን ክሊፖች,negative,negative,negative,negative
1463691770102001669,ደረቅ ሃቅ በአሁን ሰዓት አዲሰ አበባ ውሰጥ ያለው ሸብርተኛ የአሜሪካ ኢንባሲ ነው ። ልክ እንደ CNN መረጃውን ማንም የማይቀበለው ሆኗል Peter baldwin,neutral,negative,negative,negative
1450573091042639875,@user ወይ ጉድ ከልጅ አለማየሁ በቀር ልጅ ነበራቸው እንዴ?,negative,positive,negative,negative
1465540876877369351,ሌላው ህወሀት የበላይነት ካላገኘ በስተቀር ኢትዮጵያ አገሩ አይደለችም። ይህ እንዳለ ሆኖ ትልቁ ጥያቄ እውን የህወሀት ምርኮኞች በአፋቸው እንደሚሉት ካለፈው ጥፋታቸው በርግጠኝነት ይማራ,neutral,negative,negative,negative
1458287830937993218,@user የሸገር ልጅ ምን ሆነ?,neutral,positive,neutral,neutral
1440829550938578946,የዐብይ መሐመድ ውሸት ሲጋለጥ ይህ የመጀመሪያው አይደለም የመጨረሻም አይሆንም።,negative,negative,negative,negative
1447367252463001606,USA or Eu ቢሆኑም ያውቃሉ እኮ . የሚፈሉጏቸው ወያኔ የነሱ አሽከር ስለነበሩ ነው,negative,negative,negative,negative
1466982191230066694,ኢትዮጵያ ጎድሎባት ምን ብታጎድልብን : እንዴት እንላለን እናጥፋት ትቅርብን : ይጠምቀዋል እንጂ እያለቀለቀ : ሰው ጋኑን አይሰብርም ጠላው ስላለቀ !!! አርቲስት ዲበኩሉ በሚ,positive,neutral,positive,positive
1440845904429211657,እነዚ ሰዎች ሆን ብለው ሰውን ለማናደድ ይመስላል ! ደግሞ ምን አይነት ፋሽንነው በየክልሉ ሲሄዱ የክልሉን የባህል ልብስ መሸላለም?ልክእኮ ከጃፓን ወይም ከሌላ ሀገር ለመጡ እንግዶች,negative,negative,negative,negative
1467356805533679618,@user ዛሬም በየቦታው እየወደቀ ላለው የትግራይ ወጣት እዘኑለት ለጃጁ ሽማግሌዎች ብሎ ወጣትነቱን አይገብር እጅ እንዲሰጥ ንገሩትና ውለታ ዋሉለት,positive,negative,negative,negative
1442577060862496768,@user ለዛውም የተከበሩ፣ ሕዝባቸውን ያስከበሩ ????,positive,positive,positive,positive
1453871888745308161,@user @user @user @user @user እሱ ነው የሚሻለው። አሁን ላይ እኮ መንግስት በመግለጫዎቹ ሁሉ,neutral,positive,neutral,neutral
1444765697775648775,@user @user እናንተ ይሄን ማድረግ እንጅ የአማራን ፋኖ እና ልዩ ኃይል መግደል አትችሉም !,positive,negative,negative,negative
1447758864686870532,@user እግዛብሄር ከናንተጋር ይሁን አገር አድኑ የትግራይን ህዝብ እንዲገሉ በረሀብ አውቀው ስለተነሱ እግዛቤር ይረዳቸዋል በርቱ,positive,positive,negative,negative
1444404041568567299,@user @user @user @user @user @user @user @user @user አይ አያ እንቶኔ ጉቶ ራስ,negative,negative,negative,negative
1470247082401406978,በነገራችን ላይ፦ ???? ኤርትራውያን ጋር በፖለቲካ ይሁን በሆነ አመለካከት ልዩነት ሊኖርህ ይቻላል። ተፈጥሯዊ ነው! ነገር ግን፦ በምንም ተአምር የሰውን ወድቀት አይመኙም! ንጹህ,positive,positive,positive,positive
1440864600128323591,በ ዓለም ላ ታይቶ አይታወቅም እንደ ወያኔ አይነት ቀበጥ አሸባሪ ድርጅት! አብሉኝ : አጠጡኝ : ስልክም መብራትም : ገንዘብም ስጡኝ ከተቻለም ጥይት : ከዛ እንዋጋለን!! ሌላስ?? ትናንሽ ታንክም እንጨምርላችሁ?,negative,negative,negative,negative
1468796631814451205,@user በዚህ መሠረት በምንም ስሌትየጥሞና.በማለት መቀሌን ለቀን የወጣንበት ክስተት መደገም የለበትም,neutral,positive,negative,negative
1476008438291382277,ዲያስፖራ አደባባይ ሳይሆን መንደር ቢመሰረት መንግስት በዶላሩ ዲያስፖራው በመንደሩ እኛም በስራው/በልማቱ እንጠቀማለን።,positive,positive,positive,positive
1470980539788185604,@user አንድ ሀገር ምንድነው ሀገርስ አንድ ነው እኔስ የገረመኝ ልዩነታችን ነው,positive,positive,neutral,neutral
1455755561341968385,@user በእውነቱ እንደየስራቸዉ ይቀበላሉ ደግሞም ሀገራችን ይቀጥላል,positive,positive,positive,positive
1453501852264370178,@user @user ዲፕሎማሲው ጥሩ ነው ግን እነዚህን እባቦች ማመን አያስፈልግም,negative,negative,negative,negative
1470946555683299333,@user ክቡር አምባሳደር ቬንትሌተሮቹን የስጡን፣ እርሶንና ሌሎች የተሳትፉ በርካታ ወገኖቻችን በዚህ አጋጣሚ ማመስገን እፈልጋልሁ። ስንተባበር ብዙ ነገሮችን ማሳካት ይቻ,positive,positive,positive,positive
1442336032108605443,@user @user ብልፅግናም ስጋው እንጂ ነፍሱ ኢትዮጵያዊ አይደለም !,negative,negative,negative,negative
1468765949629059073,@user ክብር፡ለሚገባው፡ክብር፡እንስጥ፡እርሶ፡ትልቅ፡ ክብር፡ይገባዋታል፡፡hats off,positive,positive,positive,positive
1461544013518061573,@user @user @user ልክነው አሚሶም የተባለው ውሸት ዜና ነው ደግመሽ እይው?!,neutral,positive,negative,negative
1460832376490057734,@user @user ማሰብ የተሳናቸውና በህዝብ ላይ ግፍ እየተሰራ እየተመለከቱ አይኔን ግንባር ያርገው የሚሉት እና ሆድ አደር ትእቢተኞች አ.አ . ተጠግቶ,negative,negative,negative,negative
1463729972783292418,የእምነታችንንም ራስና ፈጻሚውን ኢየሱስን ተመልክተን፥ በፊታችን ያለውን ሩጫ በትዕግሥት እንሩጥ፤ እርሱ ነውርን ንቆ በፊቱም ስላለው ደስታ በመስቀል ታግሦ በእግዚአብሔር ዙፋን ቀኝ ተ,positive,positive,positive,positive
1437925717900070918,ብንጠቀምበት የትግሬ ወራሪ እዚህ ባልደረሰ ነበር። አሁንም መከላከያው እንዳለ ሆኖ ቆሞ መሄድ የሚችል የአማራ ወጣት በየቀበሌው መደራጀት አለበት። ማን እንደሚዋጋ ማን ስንቅ እንደሚያቀ,negative,negative,negative,negative
1447771400719175681,@user @user መርሳ ወልዲያ ቆቦ ሌሎች በወረራ የያዛችሁትን ቦታ ያወደማችሁት እናንተው ናችሁ ለወደፊት የአማራ መሬት እሾህ ሆኖ ይወጋችኃል የሰራችሁት ግፍ,negative,negative,negative,negative
1453525503537827848,@user እና ለማን ልሰጭው ነው? ለክሪስ፣ መሲ ፣ሳላህ?,neutral,positive,neutral,neutral
1434258259729424392,@user የተዋጋዉ የአማራና የአፋር ልዩ ሀይል መግለጫ የምሰጠው መሻጥር ስያስወርር የነበረዉ መከላከያ !። ወዴት ወዴት በባዶ እጁ የተዋጋዉ የአማራ ልዩ ሀይል እና ምል,negative,negative,negative,negative
1455031856412471305,@user @user ሌባ ሁላ መስሎሃል የማታለል አማራ የለም የምንግዜም የኢትዬጲያ ጠላት ወያኔ የሆነ ትግሬ በሙሉ ነው።,negative,negative,negative,negative
1452760547737358336,በጣም የሚገርምና የሚያናድድ ነገር ቢኖር ስለ ደሴና ኮንቦልቻ እያወራን መሆኑ ነው፤ ስለ ሕዋት መቃብር ሳይሆን። ሁሉም አማራ ክልል ያሉ ቦታዎች እስትራቴጂክ ናቸው፤ አማራ ክልል የገባ,negative,negative,negative,negative
1466626618449973248,ሰማሽ አንትና America አናም ሰሞኑን አንሰራለን ከ ድምፅ 15 ደቂቃ የሚፈጥን ምክንያቱም ሩስያ ዘመዳቺን ስለሆነ :: አይዞሽ ገለቴ,negative,positive,negative,negative
1472424097615421441,@user @user @user @user @user @user አንድ ሽህ መሣሪያ ከታጠቁ የሌቦች ይልቅ አንድ ዱላ የያዘ ንጹህ ግ,positive,negative,negative,negative
1441505686274277383,@user ትመቺን ነበር ምን ያደርጋል ህልም ሆነ እንጂ,negative,positive,negative,negative
1445229575622041602,@user ኢትዮጵያ የአፍሪካዊያን እናት . እንዴት ደስ የሚል መልዕክት። እንኳን መረጥኩህ፣ እንኳን መሪዬ ሆንክ። መልካም የስራ ዘመን ይሁንልህ። እኔም የድርሻዬ ለሀገሬ እወጣለሁ።,positive,positive,positive,positive
1437893197787803653,@user @user @user ብትሄዱም ብትቀሩም የሚቀየር ነገር የለም ላንዳንድ የዋሆች ደሞ ሌብነትን እንደ ታክቲክ የሚያይ ጥርቅም የሌብነት,negative,negative,negative,negative
1463333970389524481,@user ኪኪኪኪኪኪኪኪ አረ በናታቹ አመት ሙሉ በእነዚህ ከእውቀት እና ከህሊና ነፃ በሆኑ ሰዎች ስስቅ ነው የከረምኩት,negative,negative,negative,negative
1462615228944990212,እስኪ ስለ ኢትዮጵያ የሚጨንቀን ኢትዮጵያዊነት ደማችን ነው ለምንል እኛ ጥያቄ አለኝ እነዚህ ሰዎች (ተንበይ በረሃ ውስጥ የወደቁ )አቅም ያጡ እንደ ዝንጀሮ የሚሯሯጡ ነበሩ ታዲያ ዛሬ,negative,positive,negative,negative
1468792293733896192,@user አንጀታችን እንደተቃጠለ እድሜ ልክ ይቃጠላሉ,negative,negative,negative,negative
1437926719885774849,@user በአለፈው ዐመት ሰወች ያለፍርድ ቤት ትእዛዝ ታስረዋል ከታሰሩም ብሗላ ፍርድ ቤት በ48 ሠዐት ውስጥ ለፍርድ አልቀረቡም ፍርድቤቶችም ከፖለቲካ ተፅኖ ነፃ አልነ,neutral,negative,neutral,neutral
1433165031626231808,እድሜያቸው ባልደረሱ ልጆች በጦርነት የሚማግዱ ባንዳ (ጁንታ ) ሂሊና የሌላቸው የእንሣት ፍጡር መሆናቸው በተጨባጭ የሚያሳይ መንገድ ነው!!,negative,negative,negative,negative
1456060488685604873,@user ወያኔ ኤርትራውያንን በጦርነት ወቅት የአይናችሁ ቀለም አላማረኝም በማለት ኤርትራውያንን ክኢትዮጵያ ያባረሩበት ምክንያት ፣ምን ይመስልሃል። ? ድርጊቱ የሚደ,negative,negative,negative,negative
1464771080191713282,ክብር ለኤትራውያን እና ኢትዮጵያውያን ወንድማማችነት እና እትማማችነት!ሞት ለህወሓት! ሞት ለሸኔ! ሞት ለባንዳዎች!ድሉ ቅርብ ነው!#UnityForEthiopia #NoMore #በቃኝከፋኝ,negative,negative,negative,negative
1453090248200634368,@user @user @user ሸይጣኑን እዛው ህወሓት መንደር ነው ወሎን በቁሙ የሚሰለቅጠው መንደርተኛ ሁላ,negative,negative,negative,negative
1462283565526396928,ከኢትዮጵያዊነት ገለልተኛ የሆነ ኢትዮጵያዊ የለም አጥር ላይ እንደተቀመጠ ሰው የድሉ ቀን ከአንዱ ዘላለው ብላችሁ ለምታስቡ ኢትዮጵያ ያሸነፈች ቀን ለባንዳ ቦታ የላትም ያ የፍትህ ቀን,negative,negative,negative,negative
1468420877914374146,@user አይ ስታሊን ዎያኔ ኮምቦልቻ የገባ ጥዋት ኔትዎርክ ከመቁረጡ በፊት እሁድ ጥዋት ቤተሰቦቼን በሰልክ አውርቻቸዋለው . ያንተው ዲስፕሊንድ TDF ቤት ለ ቤት እየዞሩ,neutral,negative,negative,negative
1443309659331387400,@user አላህ ይስጥህ:: እስኪ እንደው እነ እገሌ አፍ ከመግባት አትርፉን #UCL #MUNVIL,positive,negative,negative,negative
1472373808489283588,@user ለማንኛውም የትግራይ ሊሂቃን አንድ የሚፈሩት የኦሮሞ ልጅ ቢኖር ጨቅላውን አቢይ አህመድን ነው ሌሎቻችሁን በጣም ነው የሚንቁዋችሁ በጣም ??,negative,negative,negative,negative
1440780383088373762,@user ከአንተ መሳሪያ ይዞ በግልፅ የሚወጋ ወያኔ ይሻላል። የሆንክ ባለሁለት እግራም እባብ ነገር።,negative,negative,negative,negative
1458638323455512580,@user ይሄንን የሚልከው ጅንታ ነው በአህያ የሚያምኑ ጣኦታሞች,negative,negative,negative,negative
1447347144533307392,@user @user @user ለምን ይተውለታል?እነሱን ሆነ አሳዳጊው ህወሃት ውሸታሞች ናቸው ዱቄት ካደረጋቸው ከየት መጥተው ነው አማራና አፋር,negative,negative,negative,negative
1441188734133686273,@user ወያኔዎች ሰው የሚያስብል ምን ባህርይና ስብእና አላቸውና ነው እንደ ሰው ተፈጥራችሁ የሚባሉት? ከገሃነም የተባረሩ አጋንንቶች ናቸው።,negative,negative,negative,negative
1449467596206714881,@user ትክክል ነው ከጨለማ በዋላ ብርሃን ይወጣል ሀገሬ ትንሣኤዋ ቀርቧል ጠላቶቿን ረግጣ ታልፋለች,positive,positive,positive,positive
1472757227694051337,@user እየሩሳሌም ህውሃትን ስለምትደግፍ እውነተኛ ነች አልክ:: በኢትዮጵያውያን እንዴት እንደምትጠላ እወቀው::,negative,negative,negative,negative
1465866935749521412,ጨሚሩ ወደ ግንባር የዘመቱት ህገመንግስታዊ ኃላፊነታቸው ለመወጣት ነው::#ብሌኔስዩም ጨሚሩ ወደ ግንባር የዘመተው ህገመንግስታዊ ኃላፊነቱ ለመወጣት ሳይሆን ጦርነቱ,negative,negative,negative,negative
1435756898054180870,@user ከአፋር ክልል አንድም ሀይል ሳይጎድል ሀይላችንን ወደኋላ ስበናል አለ። እውነት ብሏል አንድም የህወሀት ልጅ አልጎደለም የድሃው የትግራይ ልጅ ግን እንደ ቅጠል,neutral,negative,negative,negative
1456817743454511106,አሜሪካ ሕወሐት ከአማራ ክልል በአስቸኳይ ይውጣ አለች። እኔ ሕወሐት ከወሎና ከአፋር በየት ይወጣል? መውጫ ከየት ይገኛል?,neutral,negative,negative,negative
1445860909591760902,7/7 በUN ሰራተኞችና በኢትዮጵያ መንግስት መካከል የተፈጠረውን ነገር ትወና ማድረግን አንደግፍም። የተፈጠረውን ክፍተት በመነጋገር መፍታት ይቻላል።,positive,positive,positive,positive
1450669656214212609,@user በዚህ መልእክት ላይ እረግማችኋለሁ ፣ ለሁለት እቆርጣችኋለሁ እናም ሰውነትዎን ለጥቁር ገበያ እሸጣለሁ ፣ ስለሆነም አፍህን ዝም ብለህ ብቻ ስለምትናገር ዝም በል,negative,negative,negative,negative
1442578381455826946,@user እሱን ጨርሳ ፥ - መቀነስን እያጠናች ያለችበት ሁኔታ ላይ ነች,neutral,positive,positive,positive
1452056838518804483,@user መአዛ በጣም ጨዋ ጎበዝ ለእውነት የቆመች ውድ ጋዜጠኛ ነች!እናንተ ኦዳም ከሆናችሁ ከመጣው ከሄደው ስትለጠፍ እናንተን ያልመሰለ አይስማማችሁም!መስከረም አበራ,negative,positive,negative,negative
1439347585236406274,@user @user አማራው ከተቀረቀረበት የ50 አመታት ውርደትን እልቂት ወቶ በአሸናፊነት ወደፊት መንጎድ ከፈለገ በአማራ ብሄርተኝነት መከተብ አለበት ። ጋራቦው,negative,negative,negative,negative
1442583630941929482,እንዳንተ አይነቱን ባለጌ ቂጥ በሾህ ነበር መግረፍ!!! ጭቃ!,negative,negative,negative,negative
1449543760992342019,@user የመልካም ጋብቻ ምኞታችን ይድረሳቸው????,positive,negative,positive,positive
1446953562999754754,@user ???? እጅሽን ከኢትዮጵያ ላይ አንሺ!,neutral,negative,negative,negative
1454269309304381442,@user አሉ ደሞ አብረው ምግቧን ላጥ ላጥ አረገው የሚተቹ ይሉኝታ የሰገጣቸው ሰዎች,negative,negative,negative,negative
1459713121648586756,ኢትዮጵያ ሃገራችን ታሻንፋለች በልጆዎቾዋ አፍራ አታቅም.እግዝአብሄር አምላካችን ኢትዮጵያን ይጠብቅ.,positive,positive,positive,positive
1436839008550666241,@user @user እናንተኮ ታሪክ ጥግ ጥጉን ናችሁ ከሱዳን ሊወረን በየጊዜው እየመጣ እየታጨደ የሚከመረው የትግራይ ማሽላ ነው እንዴ??ነፍሰ በላው ሳምሪ እኮ ነ,negative,negative,negative,negative
1469526636647399425,የአገር ጉዳይ መስመር ይዞ ነው ስድቡና ማንጓጠጡ የተጀመረው? ትደርሳላችሁ ግድየለም። ኢትዮጵያ ሰላም ትሁንልን፣ ትቀጥልልን እንጂ፣ እኛም ጫማችንን ሰቅለን ገለል እንልላችሗለን,positive,negative,negative,negative
1474593794423197701,ኢትዮጵያ ቁጭ ብለው አቃቂር በሚያወጡ ሳይሆን በሚደሙላትና በሚዋደቁላት ልጆቿ ተከብራ ትኖራለች!,positive,positive,positive,positive
1472770300039208962,@user ሰውና ሰይጣን ይለያል እነሱ እንደሰው ሳይሆን የሚያስቡት ለዚያነው ሰውን የሚመርዙት አማራ ሱሪህን አጥብቅና ግጠመኝ ነው የሚል መመረዝ የጀግና ስነ ምግባር አይደለም!!,negative,negative,negative,negative
1456472160382377986,@user የእምዬ ኢትዮጵያን ባንድራ ከጀርባህ ለመድመቂያ ሰቅለህ በአማርኛ ፅፈህ . ?? ንግግርህ እና ሥራህ ለየቅል . ጉንፋንህን አስነሳው አይደል ? ቢሻልህ ብትድን ብሎ ይመስለኛል,negative,negative,negative,negative
1446942110960209921,@user አሁን ከምሽቱ 5:45 ሰዓት ነው ማንኛውም መኪና ወደ ቡራዩ ከተማ አይገባም ተብለው በፓሊስ ስለተከለከለ ሰዎች በእግራቸው 10 20 እና ከዛ በላይ እየሄዱ ወደ,negative,positive,negative,negative
1436814866900213765,@user ልሙጡን ባንድራ ከወዴት ደበቃቹት በደቡቡ እና ምስራቁ ወጣት ደም ግብር ጦርነቱን ካሸነፋቹ ወድያ ከደበቃቹበት ልታወጡት ነው ?,negative,negative,negative,negative
1454653402089152515,@user የክተት ጥሪ ውጠት ማምጣት እንዳልቻለ እና አውንም ውጠት ልያመጣ እንደማይችል አንዱ @user ወጠጤ @user ተናገረ።,negative,negative,negative,negative
1450246298255433733,@user @user ሲቪሊያን ላይ የአውሮፕላን ድብደባ መካሄዱን አጥብቄ እቃወማለሁ ። ወያኔም እንድሁ ከተሞችን ከርቀት ሆኖ ከባድ መሳሪያ ተኩሶ ንፁሀ,positive,negative,negative,negative
1464412293496819712,@user እጅህን የያዘህ የለም ናና ተዋጋ ላንተ ማን ሊዋጋልህ ነው? ዝም ብሎ እዚያ ተወትፎ መለፍለፍ አይደለም ናና በተግባር አሳየን።,negative,negative,negative,negative
1435354539524345862,@user ብሮ 500ብር ይጎለኛል ትንሽ አስተያየት አርጊልኝ,neutral,positive,neutral,neutral
1449874562687045632,@user @user ፕ/ር ጀግናነን ትላለህ አለቅን ትላለህ . አይማታብህም ምድረ ቀውስ,negative,negative,negative,negative
1473450978624086019,@user መሀይም መሆን ጥቅም አለዉ ከተባለ ልክ እንደአንተ ኦነግ ደግፈህ ኦነግ ሲሸነፍ መጨፈር ማለት ነው cuz Abiy Ahmed is ኦነግ እሺ ንፍጦ። ዛሬ አይገባህም ስታድግ ሊገባህ ይችላል,negative,negative,negative,negative
1452819828365045763,@user ምሽቱ ከገፋ እና ብቻዬን ከሆንኩ አልቆምም። ምክንያቱም ደግሞ ግልጽ የሆነ መስኮትህን በድንጋይ በመስበር የመዘረፍ ሙከራ ተጠቂ የመሆን እድልህ ሰፊ ነው። ????,negative,positive,negative,negative
1469506276279390208,@user @user ማን ይሰማካል ይህቺ ጠጋ ጠጋ ትንሽ ቆይተክ ጌታነህ ከበደንም መፖሰትክ አይቀርም,negative,negative,negative,negative
1460462872836939778,የህወሃት አጥፍቶ መጥፋት ተልዕኮ በባንዳዎች ውድቀት፣ በኢትዮጵያ ትንሳኤ ይቋጫል፡፡,positive,negative,negative,negative
1464789019187990528,ደብረፂዎንና ፃድቃን በጤናቸው ድምፃቸው አልጠፋም እርስ በርሳቸው እየተተራመሱ ነው ወይ ይጋደሉና ይገላግሉናል #NoMore TPLF,negative,negative,negative,negative
1456847036523888648,@user እናንተም የውሸት ዘጋቢ ናችሁ,negative,negative,negative,negative
1444381621440765956,ህንፃ ኢትዮጵያ አይገባችሁም።,negative,negative,negative,negative
1441872476762304516,@user @user ይቼ ዳርዳርታ እቃ ለማንሳት ነው ይላል ያገሬ ሰው ይደራደር እና ሚመጣውን ይቀበለዋል,negative,positive,negative,negative
1458986098584084480,@user አዲሶቹን አካውንት ነው የሚዘጋው የቆየ ከሆነ ይፈራናል ።,neutral,positive,negative,negative
1461550407407128577,@user መሣሪያ የጫኑ በሚለው ይስተካከል.,negative,positive,neutral,neutral
1450296227208351746,ገዳይዋን መድሀኒት አድርጋ የያዘች ሀገር#Ethiopia . ሀገሬ መጥፎ ዘር አፈራሽ!? አንችን ከጠቀመሽ ታዲያ ምን አስፈራሽ?,negative,negative,negative,negative
1436831359717232640,@user @user በአፋር የሚገኙ ወታደሮች እና ግመሎቻቸው አሸባሪዎችን ወያኔ አሸነፉ። በአዲሱ ዓመት ውሸትን እንዳቆሙ ተስፋ አደርጋለሁ።,positive,negative,negative,negative
1471677655397416960,@user እኔንም አማርኛ አስተምሮኛል፤ ሳይገደድ በራሱ ፈቃድ። ሆኖም ወያኔ ውርጋጦችን ከተቀላቀለ በኋላ የኋላ ማርሽ ቸግሮት ጥፋቱን ሁሉ በአማራ ሲለክክና ሲለፍፍ ኖረ። አማራ ከ,negative,negative,negative,negative
1474226360243662860,@user እኔ አላደንቃቸውም ጦርነት ቀላሉ ና አጥፊ ነው ከባዱ ና ትርፋማው ሰላም ነው ለሰላም ምክንያት ሆነው አብሬ አደንቅ ነበር,positive,positive,positive,positive
1468744302473981952,@user @user ኃያላን ኃገራት በሙሉ ጦራቸውን ከአፍሪካ ምድር ማንሳት አለባቸው። አፍሪካ መሪዎች የየአገራቸውን ሀብት በአግባቡ በመጠቀም የጋራ ታላቅ የኢ,positive,positive,positive,positive
1469153426768551938,አትወሻቀጡ ከአጀንዳችሁ ዝንፍ አትበሉ ቁልቁለት ላይ ተለዋጭ መንገድ እደተከፈተለት ጎርፍ!! ከድሉ ጫፍ ሳይደረስ ገና መበሻሸቅ ምን የሚሉት ጨዋታ ነው ጎበዝ#Nomore የጥላቻ ንግግር,positive,negative,negative,negative
1444379273364713482,@user ከዛን ቀን ጀምሮ ይኸውልህ ፍንጭት የፍቼ ልጆች መለያ መሆኑን ትምህርት አግኝቻለሁ ቴስ ??,positive,neutral,negative,negative
1457532430781456389,@user እንደ አንድ ኢትዮጵያዊ ምክር ቢጤ ልስጥህ። ጁንታው እና ሎሌዎቹ ለፖለቲካ ቁማር እንደ ሀጫሉ እና ኢንጂነር ስመኘው እንዳይበሉህ። አደራ ተጠንቀቅ። መንግስት,negative,negative,negative,negative
1438649013268623362,@user @user የእጅ ፅሁፉ የሚያምር ሰው እኮ በአብዛኛው ደደብ ነው ??,negative,negative,negative,negative
1476344035732344833,@user አብዛኛው ሰው ይሄ ትዊት አይመቸውም,negative,positive,negative,negative
1472431121807941636,@user በእውነቱ ትልቅ ስራ ነው የሰረዎ???? እሽ ሌላ የሚታረም የሌም,positive,positive,positive,positive
1474901637210812422,@user ካላነበብከው ታዲያ በወሬ ነው ያደነከው ጥሩ ይሁን መጥፎ ሳታይ,neutral,positive,negative,negative
1466945075087351810,@user ያንተ ዜግነት ምን እንደሆነ ባወቅ ደስ ይለኛል እንደዚ ኢትዮጵያን ጠምደህ እንደአባትህ በሬ የትኛውን ሀገር ዜጋ እንደሆንክ ባውቅ ጥሩ ነው ቢያንስ እንደ አ,negative,negative,negative,negative
1459715754086051847,@user @user ለሊቢያ ውድመት ተጠያቂው በወቅቱ የነበረው የጋዳፊ መንግስት ነው።አቅምን ያላገናዘበ ጦርነት ውስጥ የገባው ጋዳፊ ነው። ኒውክለር ከ,neutral,negative,negative,negative
1464770294191689735,የአዲስ አበቤው በየሰፈሩ ተደራጅቶ ነቅቶ ከፓሊስ ጋር ቀበሌውን መጠበቁን ያህል የተሰራ ብልሃት የለም! ከድልም ወዲያ መቀጠል ያለበት ነው! ያቀዱት ይዘገንናል!@user,positive,negative,negative,negative
1463354467420618757,@user እዚህ ገላጣ ቦታ ነበር በቆሎ መትከል,neutral,positive,positive,positive
1464057513595355137,@user @user የትልቅሰው ውርደት ይከብዳል በዚህ እርሚያችሁ ምን አለ ሰላም ብሰብኩ እናት በዳዎች ይድፋችሁ አቦ,negative,negative,negative,negative
1436446356835651584,@user በትክክል ግን 2 ወረ ሙሉ ድረሱልን እያሉ የምደርስላቸው አተው እያለቁ ነው,negative,positive,negative,negative
1464808806546874368,የቅዱስ ገብርኤል ወዳጆች እንኳን አደረሳችሁ ዘመናችሁን ሁሉ እንደማለዳ ፀሃይ እንዲህ ፍንትው ያድርግላችሁ ተስፋም ይሁናችሁ እኛ እና ቅዱስ ገብርኤል አምላካችን እየሱስን የአለም ሁሉ,positive,positive,positive,positive
1471340940019257349,Ethiopia:አላሙድን በመጨረሻ ዝምታውን ሰበረ ለጁንታዎቹ የላከላቸው አስደንጋጭ መልክት | Mereja tube via @user,negative,negative,negative,negative
1441160227483799553,የአሜሪካ አይን ያወጣ ዝቅጠት!,negative,negative,negative,negative
1439706520233684993,@user ይህንን ትዊተር የተመለከተ ማንኛውም ሰው ለእነሱ የሚሄድለት ነገር አይኖርም ፣ ይህን በማንበብ ሁሉም ይጠፋሉ ፣ እሱ እየፈራ ነው ፡፡ ጀርባዎን ይመልከቱ ፣ በዙሪያዎ ይመ,negative,negative,negative,negative
1470590888233607172,የዚህ ዓመቱን የህወሓትን ግፍ ካየን በኋላ የጣሊያን ወረራ የጠላት ጊዜ ብለን አናነሳም! ወይም እያማረጥን እንጠቅሳለን! እናወዳድራለን!#NoMore #TPLFSURRENDERNOW #UnityForEthiopia,negative,negative,negative,negative
1447333061796925448,ዘንድሮ ለአንድ ተማሪ ፦ ዩኒፎርም 2000 ብር ፦ደብተር 50 ሉክ 45 ብር ፦100ሉክ 60 ብር ለ10 የትምህርት ዓይነት አባዙት ብዙ ልጆች ጌታ የሰጠው ሰው ስንት ሊከፍል እንደ,neutral,positive,neutral,neutral
1438658384270606351,አሳዛኝ ዜና! ወራሪውና ሰው በላው የኦነግ ሸኔ የሽብር ቡድን በምስራቅ ወለጋ ኪረሞ ወረዳ 17 አማራዎችን አገተ። አማራ ሚዲያ ማዕከል/አሚማ . መስከረም 6 ቀን 2014 ዓ.ም,negative,negative,negative,negative
1453889846066532354,@user ክብር እና ምስጋና ለዓለማት ፈጣሪ ይሁን,positive,neutral,positive,positive
1465183614455459841,@user እኔስ ያሳዘነችን ያቺ ድል ቁርሶ ነው እራቷ የምትባለው እራት እንዳይጋብዛትና እንዳይበላት ብቻ።እሱ ኢትዮጵያዊ የሚሆነው ወይ ለሆዱ ወይ ለቁፋሮ ነው።????,negative,negative,negative,negative
1445228931058126849,@user ኢትዬጵያ የምትበለፅግበት፣ ህዝቧ አንድ የሚሆንበት፣ እርስዎም በደማቅ ቀለም ታሪክ እና ሕዝብ በበጎ የሚያስታውስዎ ስራ የሚሰሩበት መልካም የስራ ዘመን እንዲሆን እመኛለሁ።,positive,positive,positive,positive
1452370586341154821,@user ሀገራችን፤ የገደለሽ በላ ይሰመርበት ። ብዙ ኽጎች መከለስ አለባቸው ፤ እንደሚገለበጥም አምናለሁ ። እድሜና ጤና ይስጥልኝ ።,positive,negative,positive,positive
1463724114779201536,@user @user @user @user @user @user @user @user አለህ እንዴ ?? ምን ነው ቀራችሁ አ.አ አንተ ባንዳ የባንዳ ልጂ ???,negative,negative,negative,negative
1454284169534660609,@user @user @user እቃ ወደ ቀበሌ ፂላ ወደ መቀሌ፡ ይላል አዲሱ አዋጅ,negative,negative,negative,negative
1452715779946864645,@user #የPP ባለስልጣናት ግን ጥቅስ ሻጭ ነበር መሆን የነበረባቸው ያለመክሊታቸዉ ገብተው አዘበራረቁት እኮ ጃል . እሱ ይሁነን,negative,negative,negative,negative
1472788924049330176,@user አያ በሬ ሳሩን ብቻ እያዬ.ያኔ የሳህለስላሴ የጭን ገረድ ልጅ መሆኑ ነው ከጣልያን ባገኘው መሳርያ ተኮፍሶ አልገብርም በማለት ጆንያ ሙሉ ጤፍ በማስያዝ ሰራዊ,negative,negative,negative,negative
1476037271182843904,@user ከናንተ ጋር መቻቻል የለም። ከነ ወላጅ አባታችሁ ትህነግ ጠራርጎ ሽንትቤት መጨመር ብቻ! ይህን በሚያክል ገንቦ ራስ ስንት ጨጓራ ይሆን የተሸከምከው?,negative,negative,negative,negative
1432848481828417538,@user አይ የሕዝብ አሳቢው! መቼም ማፈር አልተፈጠረባችሁም።,negative,negative,negative,negative
1442659128665595906,ለምን ብሎ በማይጠይቅ ማህበረሰብ ውስጥ አባዱላ ያሻውን ቢል ማን ይዋቅሰዋል። 27 አመት በሙሉ ህወሀትን የነካ ሆዱ መሬት ይንካ ብሎ ለማ መገርሳን የውሸት ታሳሪ፣ ታዬ ደንደአን የውሸ,negative,negative,negative,negative
1443678328095924227,የተመድ ዋና ጸሃፊ አንቶኒዮ ጉቴሬዝ ኢትዮጵያ የድርጅቱን ከፍተኛ ሰብዓዊ አስተባባሪዎች ጨምሮ ሰባት የድርጅቱን ሰራተኞች ለማባረር መወሰኗን በመስማቴ ደንግጫለሁ ሲሉ አስታወቁ፡፡,neutral,negative,neutral,neutral
1464086826453454873,@user አረ ጌች ብቻውን ነው . .ነገሮችን እያቀላቀለ ነው ። ሰይደርቅ በቅጠል አደረጉት . አንተም የድሮ መዝገቦች ን ከመገላጥ . ክሳራ መቀነሽ መ,negative,negative,negative,negative
1474239387613507584,አንድ ሀገር አለችኝ ፣ ዐይን የበዛባት ቡዳ እንዳይበላብኝ ፣ እስኪ ልደብቃት አንድ ሴት አለችኝ ፣ ጦብያ የምለት እኔ ነኝ የሷ ልጅ ፣ እሷ ናት የኔ እናት እናት ሀገር ትኑር ለ,positive,positive,positive,positive
1435425416467161095,@user @user @user @user 1/መልካም አዲስ አመት ዶር ሊያ ከሥራ ባልደረቦች/ ቤተስብ ጋር መ/ቤትሽ በአመራር ደረጃ,positive,positive,positive,positive
1435350293705904129,ፍትህ የሌለበት እውነት የጠፋት ኢትዮጵያ ውስጥ ብቻ ነው!!!!!,negative,negative,negative,negative
1436461421089468419,መቼም ጉድ ሳይሰማ መስከረም አይጠባም ነውና ዘንድሮ ትህነግ በንፁሀን ላይ ያልፈፀመው የግፍ አይነት የለም! #ኢትዮጵያዬ በአዲሱ አመት #ነቀርሳሽን ይንቀልልሽ! #ክፉ አያግኝሽ!,positive,negative,negative,negative
1450586889589821443,@user እንዳንተ ያረጀና የቀረ አስተሳሰብ ያለው ማህይብ አላየሁም። ማስፈራራት ብቻ። መአቀብ ለመጣል አላፊነት የተሰጠው ለኔ ነው ይለናል። ነጭ ሲባል ለአፍሪካ ያላቸው ንቀት ይገርመኛል።,negative,positive,negative,negative
1452410989287141381,ህወሓት ምሱን ሲያገኝ ህወሓትም ዝም የውጭ ሚዲያም ክው ነው! የህወሓትን ወታደራዊ አቅም ለማድቀቅ የሚደረገውን እርምጃ ሁሉ እንደግፋለን! #DemocracyShallWin,negative,negative,negative,negative
1452022198122725376,ኢትዬጵያ ለተጋሩ ሲኦል ለኤርትርውያን ገነት የሆነች ከሃዲ አገርና አሽቀጭ ናት ለተጋሩ ተጋሩ በመሆናቸው ብቻ ይገደላሉ ይደ በደባሉ ይረሽናሉ ንብረታቸው ይወረሳል ድርጅታቸው ይታሸጋል,negative,negative,negative,negative
1459383279300362243,@user ኃጢአተኛ ነፍስህ ከድነት በላይ ነው እናም ሰላምን እና ህመምንም አታውቅም ፣ ብቸኛው የባዶነት ቅዝቃዜ ብቻ ነው የንስሐ ጊዜ ተጠናቅቋል ፣ ምክንያቱም ጥፋቶችህ በክ,negative,negative,negative,negative
1435715787659038720,@user አማራ በትንሽ ነገር አትደሰት አማራ ንቃ ጦርነቱን አባይ ወልዱ ጦርነቱን።በአማራ።ክልል ይሆናል።ያለው አሁን።ሆኗል አማራ ንቃ ለዘመናት የማታገኘው።የሰው እና።,negative,negative,negative,negative
1457570043273875461,ተራራ አንቀጠቀጥኩ ድንፋታ እንደጠዋት ጤዛ እርግፍ ሲል ታሪክ ቆመን አያየን ነው!ባእዳን ሊጭኑብን ያሉትን ጭቆና እኛ እንቀብረዋለ!#NoMore #TPLFSURRENDERNOW,negative,negative,negative,negative
1439050781542469637,@user በጣም የሚደንቀው የኢትዮጵያ ህዝብ መሪዎቹን አለማወቁ ነው! ለአሸባሪው ኦነግ እና ለኤርትራ መንግሥት ሲስልሉ የነበሩ ሀገራቸውን የከዱ የሸጡ እነ አብይ አህመድ አሊ ዛሬ,negative,negative,negative,negative
1444141733814710273,@user Waw! አሪፍ ሰማይ ነው የላኩልህ! እነዛን ነገር ዞር አርገህ ብታነሳና ብታሳየንማ አቤት ደስ ሲል! በUPS ነው? ፡),positive,positive,positive,positive
1453851802550505473,@user @user @user እነሱ ወደ መሀል ይመጣሉ እንጂ የኢትዮጵያ ህዝብ ወይ ምግብ ለማድረስ ወይም ለጦርነት እንጂ ለሌላ ጉዳይ ሄዶ አያቅም።,neutral,negative,negative,negative
1468746278410588166,@user @user የምን ጠጋ ጠጋ ነው ጃል? ጃዋር አንተን እና መሰሎችህን አፍንጫችሁን ላሱ ካለ ቆየ እኮ።,negative,negative,negative,negative
1453137803496263680,@user የከፋ ነገር እንዲገጥማት ፀሎቴ ነው። ይቺ ሴት 110+ ሚሊዮን ህዝብ ላይ ማዕቀብ ለማስጣል ያልፈነቀለችው ድንጋይ የለም። እሱ እኮ አልበቃ ብሏት አየርመንገዱ ላይ በአይናችን እኮ ነው የመጣች.,negative,negative,negative,negative
1455381518554173440,@user ውሸት እና ሌብነት ከዘር ነው . ምድረ ሊጣም,negative,negative,negative,negative
1433270282387656707,Abiy Ahmed መንግሥት ሕዝብን መግደል ከጀመረ ተሸነፈ ማለት ነው አንተ ግን መግደል ሳይሆን ጨፍጭፋሀልና መሸነፍህን አምነህ እጅህን ስጥ::@user,negative,negative,negative,negative
1433977623697367040,የአሸማጋይ ሱዳን ሥጦታ የትህነጉ ኮ/ል ተስፋዬ ገ/ተንሣይ ህዳሴ ግድብ ላይ ጥቃት ለማድረስ እየተንቀሳቀሰ እያለ ጦሩ ተመትቶ እሱ ተማርኳል! ከመከላከያ የከዳና በጄ/ል ጉዕሽ ስር,negative,negative,negative,negative
1471306175874486275,ስሙ እግዚአብሔር የሆነ፥ ያደረገው እግዚአብሔር፥ ያጸናውም ዘንድ የሠራው እግዚአብሔር እንዲህ ይላል። 3 ወደ እኔ ጩኽ፥ እኔም እመልስልሃለሁ፤ አንተም የማታውቀውን ታላቅና ኃይለኛ ነገርን አሳይሃለሁ።,positive,neutral,positive,positive
1444050275438837769,እባካችሁ እናንተ ግፈኞች ኢትዮጵያ በፈጣሪ ጥበቃ ሥር ነች ለቀቅ አርጓት እናነንተ እንደ ልማዳችሁ ከ666 ጋር ሲኦል ውረዱ!!!!,negative,negative,negative,negative
1455709441358192642,@user ሕዝብ መልስ ይጠብቃል። ካልተቻለ ተገልለው በየቤቱ የተቀመጡ የድሮ ወታደሮችን ጥሪ አድርጉላቸው። በጦር ስልት የበለፀጉ ፣ለሀገራቸው ለመሰዋት ቆራጥ የሆኑ ጀግኖች ናቸው,positive,positive,neutral,neutral
1467700666504261634,@user የውሸት ኖቤል ፕራይዝ ቢኖር ኖሮ በተከታታይ የምታሸንፉት አንተ እና ዘመዶችክ ናችሁ !!!,negative,negative,negative,negative
1450201389481742344,ሰርገኛ መጣ በርበሬ ቀንጥሶ አማራ በታሪኩ እንደዚህ አይነት የህልውና አደጋ ውስጥ ገብቶ አያውቅም ዙሪያውን ተከቧል ኦነግ ያሰለጠናቸው ገዳዮች ጎጃምን ለመውረር በዝግጅት ላይ ናቸው ይ,negative,negative,negative,negative
1448395983969296388,@user አንች ባንዳ እንድህ አይነቷ ማታለያ ማንም አማራ አይሰማሽም !!! ጥሩ ተቆርቋሪ ትመስያለሽ እስስት አስመሳይ አንች ብቻ ለህዝብ አሳቢ!!! አንች ስላወራሽ አይደለም አ,negative,negative,negative,negative
1437960273474859015,አርቲስት ቴዎድሮስ ተሾመ የኢትዮጵያን እውነት ከትናንት እስከ ዛሬ! ለኮንግረስ አባሏ ኬረን ባስ በጥለቀት ተንትኖ አቅርቧል። Thank You so mach Taddy We are proud,positive,positive,positive,positive
1444081340882751491,@user ሁሉንም ከመስከረም 24በኃላ ምናየው ይሆናል,neutral,positive,neutral,neutral
1436168593524281347,ሜካፕ የምትሰሩ ሴቶች ግን ምንአለ ማንነታችሁን የምንለይበት ትንሽ ነገር እንኳን ብታስቀሩልን? ምንድንነው እንደዚህ ስር ነቀል ለውጥ ማድረግ???,negative,negative,negative,negative
1465545160192843779,እኔ፡ግን፡በእግዚአብሔር፡ደስ፡ይለኛል፤ በመድኀኒቴ፡አምላክ፡ሐሤት፡አደርጋለኹ። ዕንባ ፫ ፲፰,positive,positive,positive,positive
1451004172875276289,ኢትዮጵያ የምትባል ሀገር ለእነሱ የት ናት? ኢትዮጵያ ሰላም ናት የሚሉት የመሪዎችን ሰላም ማደር ነው እንዴ? በቀን በመቶዎች የሚቆጠሩ ሰዎች ይሞታሉ ለመሆኑ ኢትዮጵያ ለእነሱ የትኛው,negative,positive,negative,negative
1466259880440958980,@user ዋዜማ ሬድዮ አዘጋገባችሁ ስርዓት ይኑረው ወይም ስርዓት ያዙ ልዩ ሃይል ፋኖ ሚኒሻ እየተዋደቀ እናተ ስራውን አፈር ማልበስ ጀመራችሁ መንግስት መከላከያ ብቻ ብሎ አይፅፍም እናተ ናችሁ ።,negative,negative,negative,negative
1453208446317248513,@user አንድ ትዕግስት ያለው ደህና ተንታኝ ይጥፋ??,neutral,positive,neutral,neutral
1473136496190402565,@user የኢምባሲ ሰራተኞች ለማለት ተፈልጎ ነው፧ ወይስ ፍራንስ ለእራት ግብዣ ነው የሰጠችው? #NoMore imperalism #EthiopiaPrevails,neutral,positive,neutral,neutral
1433893995902603280,በዚህ ወይም August ወር በዩናይትድ የነበሩ ሁነቶች ይህንን ይመስላሉ?? ማን ዩናይትድ ኢትዮ ፋንስ,neutral,positive,neutral,neutral
1435026401535668227,Facebook ላይ የአማራን ህዝብን ስነ ልቦና የሚጎዳ ነገር አንፖስት እዚህ ግን ለአለሙ ማህበረሰብ እናሳውቅ ሁሉን ነገር እየፖሰትን ! @user,positive,positive,positive,positive
1454202237459259396,የፈረንጅ እርቅ! እርቅ! ህወሓትን ለማስታጠቅ! ቢመረምሩት ነገሩ ተንኮል ነው! ለህወሓቶች የእድሜ ብድር ለመስጠት ነው! ህወሓቶች አንድኑኝ! የሚሉት መጨረሻቸው መድረሱን በማወቃ,negative,negative,negative,negative
1450278312568360964,ህዝበዊ መሆን አለበት እኛን ይሄን የህል ጠልተው ህፀን እርጉዝ ሰይቀር እየራሸኑ የኛን እንጀራ እንዲበሉ መፍቀድ ዬለብንም ሰወቹ ዘር መጥፈትና ሀጋሪቷን ጎል ለመክተት ነው የፈለጉት ስ,negative,negative,negative,negative
1462263507739684866,@user @user ድሮንም ይዘሽ ምን አመጣሽ ቡዲቲ? በባዶ እንደ ሰገራ ስትቆለይ መሃል ሜዳ ድረስ ተጠበስሽ! አማራ ሰገራ ጉራው ተራራ:: በቪዛ ላሊበላን ታያለሽ ድንጋዩ ውስጥ ገብተሽ ሰርሪ::,negative,negative,negative,negative
1442298742116290565,የኢየሱስ ክርስቶስን መስቀል አይሁድ በቅናት ከቀበሩበት ንግስት ዕሌኒ ከክምር ቆሻሻ ውስጥ እንዳገኘችው ሀገራችን ለለውጥ ቆመች፤ ከድህነት ልትወጣ ታተረች ብለው በቅናት ከተነሱባት ክም,positive,positive,positive,positive
1438616240877015081,@user @user @user የኢትዮጵያ ልጅ ????,neutral,neutral,neutral,neutral
1463700774140186627,@user አሁን ጥሪ ማደረግ ያለብን ለሃይማኖት መሪዎች ነው አገር የጋራ ነው ሃይማኖት የግል ነው የሃይማኖት ልጆቻቸው እየተዋደቁ ነው አገር በውጭ ጣላት ሴረ ነች ሕዝቡን,positive,positive,positive,positive
1434676049535717377,@user @user ከከሀዲ ምንም አይጠበቅም፤ውሸት ብቻ,negative,negative,negative,negative
1439792826116710403,@user @user ውግያ ላይ የሞቱ ናቸው?በጣም ያሳዝናል,negative,positive,positive,positive
1471679994439032840,@user እርጉም አውሬ ነብሰ በላ አማራ ሬሳ ጠብሰህ የምትበላ የዘመኑ 666 ሴጣን እናቱ ደፋሪ አጋሰስ አማራ,negative,negative,negative,negative
1468071148638420995,@user እኔ ግን ደፂ ውፉ ነው የሚመስለኝ እንደሰው አያስብም ገና ደም የጠማው ይመስላል,negative,negative,negative,negative
1456113718215970826,የዝህ ሰይጣን ሰውየ ተንኮልኮ ሰይጣንን ያስንቃል በደሴ ግንባር ውጮቹ ተሳትፈዋል ያለው ለምንድነው ቢባል ! የኤርትራ ወታደር ከትግራይ ይውጣ እንዳይባል ኤርትራ በግልፅ በሁሉም አቅጣ,negative,negative,negative,negative
1452735201449291778,የኢትዮጵያ ጠላቶች ህወሓት፤ሼኔ፤ ፈረንጅ በህብረት የሚሠሩት መንግስት እንዲዳከም ሲደክም በጦርነት ገብተን አገር እንበትን ነው! በዴሞክራሲ ስርዐት ህዝብ ያቆመውን መንግስት ዛሬ መደገ,negative,negative,negative,negative
1450939121677967362,@user @user ጎበዝ እንደዚህ ነው መንቃት አሁንም እማራ ኦሮሞ ትግሬ ነን እያሉ ህዝቡን እያወናበዱ ነው። እኛ ግን ኢትዮጵያዊ ነን።,positive,negative,positive,positive
1442320827664551936,@user @user ማን ጠፍቶ ማን እንደሚኖር አብረን እናያለን,negative,negative,negative,negative
1446645166362673156,ለጥቂት ላይክ አድርጌልሽ ነበር አንቺ ቢች። ቀጥዪ እስቲ።,negative,negative,negative,negative
1436126485824352259,@user @user እውይ ተስፍሽ ዳሀን ዲሀ። ማኔ አንተ ኦሮሞን ደደብ ሚትል? ኤሬና በቃ ተግባብተናል በቅርብ . ??,negative,negative,negative,negative
1475603994546520064,@user እና ምን ይበለው ? Just ሙዚቃውን ስላዳመጠ? ስንት አይነት ሰው አለ ባካችሁ??,neutral,negative,negative,negative
1435074537935282184,@user ለሚያልፍ ቀን ማያልፍ ነገር ባትናገሪ ጥሩ ነበር ግን ጥሩ ነው ያመንሽበትን መናገር። ይሄ አሁን ያልሽው ደሞ ሁሌም ይከተልሻል,positive,negative,negative,negative
1442692084889227264,ለሠላማችን ዘብ ለሆናቹ በጋራ ለቆማቹ ኢትዮጵያዊያንና ኤርትራዊያን እናመሠግናለን!,positive,positive,positive,positive
1463357170502844417,@user ባቲዎችና አፋሮች ተነፋፈቁዋል። አይዞን ወገኔ፣ ወሎ፣ ሽዋ ሰላም ሳይሆን እኛ አፋሮች ለአፍተም አንቀመጥም። አይዞን ወገኔ። #Nomore መነፋፈቅ።,positive,positive,positive,positive
1465897751976235011,#ኢትዮጵያዊ የነፃነትና የአልበገር ባይነት ምልክት #ዳግማዊ አድዋ #ADWA II #NoMore,positive,positive,positive,positive
1443765702221991937,ልደቱ ታከመ ግን?ሰሞኑን ሲያሳስበኝ ነበር,positive,positive,positive,positive
1433550554756755470,እና ከኤርምያስ እንዴት ይጣላል ልጅ ወልዶ ከሚሰጠው ይታረቃሉ የአላማ ልዩነት የላቸውም ልክ እረኛ በማኩረፉ ምሳውን እራት ይሆነዋል አይነት ነው::በፀረ ህዝብ አመለካከታቸው ጆነሳይድ በመደገፍ ተግባራቸው ልዩነት የላቸውም::,negative,negative,negative,negative
1473808701148565507,@user @user ቢያፈስም እንኳን ይጠገናል። የእናንተ የህሊና ሽንቁር ግን በምን ይጠገናል?,negative,negative,negative,negative
1445587946069905426,@user ሀገርና ሰዉ በቁመቱ አይከበርም ወይም አይናቅም በአቋሙ ነዉ፡፡ ጅቡቲ አሁን ሉዓላዊት ሀገር ናት፡፡,positive,positive,positive,positive
1439723712350150657,#Ethiopia ጠላት ክፉኛ ተመትቷል፤ የደረሰበት ስብራት አዛብቶታል፣ መዛባት ብቻ ሳይሆን ሌት ከቀን እየሸሸ ነው ሠራዊቱ አሁንም ድረስ እንጀራ እየበላ ነው የሕዝቡ ድጋፍ ተጠና,negative,negative,negative,negative
1453522553755115524,Personal opinion: አርቲስት ይገረም እና የሙያ ወንድሞቹ?? ዮቶራውያን የሚል short term drama በ ዲኤስቲቪ ይዘው ሊቀርቡ ነው.አላማውንም ሲነግሩን ዮቶር ሙ,neutral,positive,positive,positive
1441531199818772482,አምስት . ወረቀት በጣም አበቃኝ። ሌዝቢያን ፉክ ሲፊር ለአምስት ዓመታት ያህል እንደ እረፍት ከላይ ነው,negative,negative,negative,negative
1459689658372313090,@user @user የተናገረው ነገር ልክ ነው ግን ሳያጣራ ሳያነብ ሳይሰማ ነው በስሜት የተናገረው መንግስት 2አመት በሽማግሌ በአማላጅ በሀይማኖት አባቶች ጁንታውን,neutral,negative,negative,negative
1469514367313989632,@user ዘር አጥፊ መሰለኝ?? የትኛውም ክፉ ስም ይጠባቸዋል እኮ። የምድር ርኩሰት ስጋ ለብሶ በያቸው በቃ።,negative,negative,negative,negative
1455395736900841472,@user ዳግም ለባርነት እጅ አንሰጥም ሁሉም ነገር ወደ ጦር ገምባር,positive,negative,positive,positive
1434991607984578575,እኛ የሀገር መከላከያ ሰራዊት ስለ ኢትዮጵያ መናገር ሳይሆን ህይወት የሚደገም ከሆነ ደግመን ደጋግመን ለኢትዮጵያ ለመሰዋት የተዘጋጀን ነን - ሌ/ጀነራል ባጫ ደበሌ,positive,positive,positive,positive
1449841054346358793,አሜሪካና አውሮፓ ማእቀብ ከጣሉ አንድም እህል ወደ ትግራይ ማለፍ የለበትም።,negative,negative,negative,negative
1470966298066796550,@user አንተ እንኴን ተስፍ አልቁርጥክም ምነዉ አመት ሙሉ ህዝባችን ሴደፈር ሴገደል ሲፈነቀል አንተ በቁጥር ከፃፍከዉ በላይ አጥተናል ግን ይሄ የባሰ ያጀግነናል እንጄ ት,negative,negative,negative,negative
1450960865356832772,ዛሬ የጂጂ ልደት ነው ?? መልካም ልደት ንግስት ሆይ አንቺን በድጋሚ ማየት አዳዲስ ስራዎችሽን መስማት የዘወትር ምኞታችን ነው ከጂጂ ዘፈኖች የምትወዱት የትኛውን ነው? ስንኙን በ,positive,positive,positive,positive
1469138477359013892,ከደቡብ ሀላባ ዞን ለመከላከያ ሰራዊት ሚዘጋጅ በርበሬ,neutral,positive,positive,positive
1474598855220072448,@user @user ሁሌም ይታያል የሆነ ቦታ የሚቀር አይደለም ለምሳሌ በጊዜ ብዛትም ቢሆን,neutral,positive,neutral,neutral
1447655994012602368,@user ይህ መሪ ተብየ ስልጣን ላይ እስካለ በየትኛውም አካባቢ አማራ ሰላም እንዳይኖር ተፈርዶበታል ስለዚህ ሁሉም አማራ በያለበት ተቃውሞ በዚህ መንግስት ላይ መጀመር አ,negative,negative,negative,negative
1472015798814351360,በአበርገሌ ዋግ ኽምራ የፌደራል መንግስት እና የአማራ ገጂ መደብ እህል በመከልከላቸው ህፃናት እንደ ቅጠል እየረገፉ ይገኛል። መላው የኢትዮጲያ ብሄር-ብሄረሰብ ሆይ፣ ፖለቲካ አያገባኝም,negative,negative,negative,negative
1449852143440179200,@user አንተ ኤክስፓየርድ ሆነሀል ልክ ጊዜው እንዳለፈበት ያሳማ ስጋ,negative,negative,negative,negative
1458968056374378503,ሶስቱ የቀብር ጥያቄዎች፣ አራቱ መሰረታዊ ህግጋትና የእስልምና አፍራሾች በአማርኛ ቋንቋ የተዘጋጀ መፅሀፍ አዘጋጅ: ዶክተር ሀትሰም ሰርሀን ሲሆን በውስጡ - አማርኛ,neutral,positive,neutral,neutral
1446972878289870857,ከንቲባ አዳነች አቤቤ ጉድ ሰሩ። መልእክቱን አድርሱላቸው!! ማን እንደላካቸው የማይታወቁ ግፈኞች አንድ ሽማግሌ ትግራዋይ ጎፋ አከባቢ ቄራ (42) የሚባል ሰፈር ውስጥ ለአመታት ይኖሩ,negative,negative,negative,negative
1439371986598121475,ኢትዮጵያ ባለ ታሪክ የአፍሪካንና የመንግስታቱን ድርጅት ከመስረቱት አገሮች አንድዋ ናት በቅርብ ግዜ ውስጥ በአገር ከሃዲዎች ምክንያት ያጣችውን ክብር በጀግኖች ልጆችዋ አስመልሳ ግዙፍ,positive,negative,negative,negative
1438286679777939460,@user እርር ድብን እያልሽ አውነታን መዋጥ ልመጂ ከአሁኑ ገና ብዙ የኢትዮጵያ ተዓምራቶችን ትሰሚያለሽ በግድሽ ትውጭዋለሽ።,negative,negative,negative,negative
1436539094423769092,በአዲሱ ዓመት የፈጣሪን ምህረት አግኝተን የፈጣሪ በረከትን ተጎናፅፈን ይቅርታን ተላብሰን ፀጋውን ተችረን ምስጋናን አቅርበን ይህንን መከራ ተሻግረን ጤናችን ተጠብቆ፣ በሀገራችን ሰ,positive,negative,positive,positive
1469110954214440964,# አጋንንት ብዙ ሰው ላይ ሲሰራ አይችያለው። የዚህ ሰውዬ የሚለየው ግን በግልጽ ነው የሚጠቀምበት። እይ ዘመድኩን ?? ይማርህ።,negative,negative,negative,negative
1467325352896876545,#ትኩረት #ለደሴ እና #ኮምቦልቻ ከተሞች የተሸነፈው የጁንታው ጉጅሌ እንደ እብድ ውሻ ሳይነክሳቸው ጥንቃቄ ያስፈልጋል,negative,negative,negative,negative
1468082570072104960,እነዚህ መሰሪና ለኢትዮጵያ ውድቀት፣ ለምስራቅ አፍሪካ ትርምስ ሳይታክቱ የሚሠሩ የሕወሓት ጀሌዎችናቅጥረኞችን ፈጣሪ ባሉበት ይበቀላቸዋል።,negative,negative,negative,negative
1444023006720823306,በኢሬቻ ሰላም ይሰበካል! ፍቅር፣ህብረት፣መተሳሰብ አንድነት ያብባሉ! ባህላዊ እሴቶቻችን ጎልተው ይወጣሉ።#Ethiopia #Irreechaa,positive,positive,positive,positive
1475625594729676804,በኦሮሚያ ክልል እስር ቤት ያለው ጋዜጠኛ ታምራት ነገራ የኦሮምኛ ቋንቋ ስለጠና እየወሰደ ነው ተባለ! ??,neutral,positive,neutral,neutral
1446274222133764099,@user @user @user እና እስታዲየም ውስጥ ???? ቦታ ጠፍቶ ነው,neutral,positive,neutral,neutral
1474958271228350467,8(12) እስራኤል አሜሪካኖች ደግሞ (1) ከግብጽ ውሃ ይወስዳሉ፡ (2) ኢትዮጵያ በዘር የተከፋፈለ ማዕከላዊ ጥንካሬ የሌለው መንግስት እንዲኖራት ይሰራሉ። በዘር መከፋፈል fragil,positive,negative,negative,negative
1437865248179081233,@user ከሳምንታት በፊት Stadium ፊትለፊት ላሊበላ ህንፃ ጎን ያለውን የቆየ ህንፃ የረገፉትን ሞዛይክ ሊጠግኑት እና ሁለገብ እድሳት ነው ስል እንዲሁ ፊቱን በሆነ ቀለም ለቅልቀው ትተውታል።,negative,negative,negative,negative
1446279147379068955,ዶክተር እንጂኔር ስለሺ በቀለ እንኳን ደስ አልዎት!! ከርስዎ በቀጣይ ጊዜያት ብዙ ነገሮችን እንጠብቃለን። መልካም የሥራ ዘመን ይሁንልዎት!!,positive,positive,positive,positive
1435711542138490888,ሌባ! ካንተ ጋር የምናወራርደው ሂሳብ አለን!,negative,negative,negative,negative
1474591734579572737,@user @user ለተንኮል ና ልጥፋት ባይውል ያስቀናኝ ነበር ትእቢት ወርደትን ታመጣለች,positive,positive,positive,positive
1470970665717022720,@user አሁንም ወሬ ብቻ አንሁን፡ እየተቀደምን ነው! መንግስት በፍጥነት ጉዳዩ ሳይደበዝዝ አለም አቀፍ ሚዲያዎችን ገንዘብ ከፍሎ ዶክሜንተሪ ሚዲያ ቱር ያዘጋጅ፡ ብያንስ,neutral,positive,negative,negative
1435786919753957377,@user @user አብርሽ ግን ጥያቄው እኮ ህውሀት ትግራይን ያስተዳድር ስትል እንደ ክልል ነው ወይስ እንደ ሀገር ?,neutral,positive,neutral,neutral
1454668130521952258,@user @user የትግራይ ወራሪ አንበጣ/ጭፍራ,negative,negative,negative,negative
1463346852258975744,@user እስራኤል የምትባል መርዝ ሀገር በጭራሽ ማመን የለባችሁም።የመርዝ ብልቃጥ ናት።,negative,negative,negative,negative
1468081880545300484,@user ቢሆን ጥሩ ነበር ምንያደርጋል ታዲያ እነሱ እንደሆን ማጥፋት መስርቅ እንጂ መስራት የት ያዉቁና!!!,negative,negative,negative,negative
1460806698285809664,@user ምነው ወንድሜ የዚህን አሳማ ፎቶ ለጠፍከው? ፎቶውን ሲያይ ብዙ የሚያቅለሸልሸው አለኮ።,negative,negative,negative,negative
1445875626750132225,@user እምቢ አይሰምዕን እየ እኛ ሕዋሐት ነን አዚ ተራ የጠላቤት ወረ የሚሰማ ሰው የለም ትግራይ ትሰዕር,negative,negative,negative,negative
1441232054960762880,ይሄ ጀዝባ የኢትዮጵያ ህዝብ አሸባሪው አብይ አሕመድ የህግ ማስከበር ዘመቻ ብለህ እንዴት የህልውና ዘመቻ ይዘህ ትመለሳለህ ብሎ መጠየቅ አለበት::የፖለቲካ ተንታኙ ትንታጉ ትግራዋይ ናሁሰናይ በላይ,negative,negative,negative,negative
1468443177749209089,@user @user ከ99 በጎች 1 እሶ መሆናን ብታቅ 27 አመት የተማርከውን ስድብ አደባባይ ላይ አታወጣው ነበር ::#NoMoreTPLF ??,negative,negative,negative,negative
1444835904670117889,የእግር እብጠት እና ሕክምናቸው ሊሆኑ የሚችሉ ምክንያቶች።,neutral,positive,neutral,neutral
1459729737270583298,ዶክተር ፓቭል የአንተን ስጦታ በመደገፍ ተቀባይነት አላገኙም ርበነ ቅውአ ንትንዴ ይቬርሃ ንግ ርገነ አይ ርበነ ሩከሞየእ ዝያመለ ንሁችማልሽ ምሱርነእ,negative,neutral,neutral,neutral
1453919698005860355,@user የአማራ ህዝብን እርስ በርሱ እና ከጎረቤቶቹ ሁሉ እንደ እሳት የሚያባሉ ፋኖ የተባለ ፍራንከነስታይን በአምሳሉ ፈጥሮላቹህ ሄዷል:: መጨረሻቹህ ግን በጣም ያስፈራል::,negative,negative,negative,negative
1455744198687301634,አንገት ያስደፉንን ቀብረን ኢትዮጵያን ከፍ እናደርጋለን!!!,negative,negative,negative,negative
1462628981287571458,@user @user አንተ እበት ፊት ገብተ ተዋጋአ ሰው በሚዋደቀው ኩኣስ መሰለክ እንዴ አስተያየት ምሰጠው ችጋራም,negative,negative,negative,negative
1443032769177739267,@user ምን አገባ አንተ እኮ ኢትዮጵያዊ አይደለህም የኛን ጉዳይ ለኛ ተውልን አንተ አያገባህም መሞት ላይቀር ምላስ መርዘሙ ለማንኛውም ነብስ ይማር ብለናል ከወዲሁ,negative,negative,negative,negative
1443700046235639810,መንግስት ራሱ የነጮቹ ጫና ቶሎ እንዲመጣ የሚፈልግ ይመስላል ። ልባቸው ይራራል እኔንም ይተውኛል ብሎ አማራን አስጨፍጭፎ እንኳን መስሚያ የላቸውም ስለዚህ ህወሓትም በየቀኑ ሳይደራጅ,negative,negative,negative,negative
1472769706046152719,@user ሂዊ ትምህርት የሚባል ነገር አታውቅም ዳኒ፣ ድጋሚ ዞራ ሌላ እሳት ታነዳለች ?? ዳኒ የቁስል መድሃኒት??,negative,negative,negative,negative
1436871614721822723,@user @user @user @user ናይጀራውያን ጫማ ያደርጋሉ፣ ኣይደል?,neutral,negative,negative,negative
1444815455533813765,@user እንደዚህ አይነቶችን ጋጠወጦቹን እየመነጠሩ ማውጣት እና ምርመራ እንዲደርግባቸው ግድ ነው ያለበለዚያ ለአገራችን ጠንቆችና የጅንታው ተባባሪ አድርጌ ነው የምቆጥራቸው,negative,negative,negative,negative
1466946995684360196,@user በነገርህ ላይ የትግሬ ትልቅ የለም ። ሁሎም ጥላቢስ እና ጩጬ ነው ። ማነም ከፍ ያለ ነገር አያስብም ። በድርጅት የሚያስብ እንዴት ብሎ ትልቅ ይሆናል ? ልክ እንደ አ,negative,negative,negative,negative
1446299276938723328,@user አካላችን በመራቁ እይታችን በምናብ ወይ በተምታታ ሁለተኛና ሶስተኛ ግልባጭ መረጃ ተደበላልቆብን ተደነባብረን ሌላውንም የምናደናብር ሞልተናል,negative,positive,negative,negative
1433528700595752963,@user 50 000 እያለቀ አንተ ታፌዛለህ አይደል አንድ ቀን ተጋሩ ይፋረድሀል,negative,negative,negative,negative
1449573392496173056,ጎበዝ !! በማነቃቂያ ንግግር (Motivational speech) በተካኑ ሰዎች ዲስኩር አገር አይመራም። ይቺን ይቺን ለሕፃናት !! #Ethiopia,negative,negative,negative,negative
1445500756128198662,@user ታዲያ ምን አለበት ከጎረቤት እህት ሀገር ላይ ብንረዳዳ ህውሀት አለ አይደል እንዴ የእድሜልክ ጠላት ከሆነች ግብፅ ጋር ተባብሮ የወጋን ባንዳ ነጭ አምላኩ የትግራይ,negative,negative,negative,negative
1434619667671306249,ክርስቶስ ደግሞ ወደ እግዚአብሔር እንዲያቀርበን እርሱ ጻድቅ ሆኖ ስለ ዓመፀኞች አንድ ጊዜ በኃጢአት ምክንያት ሞቶአልና፤ በሥጋ ሞተ በመንፈስ ግን ሕያው ሆነ፥ 1ኛ ጴጥሮስ 3፥18,positive,positive,positive,positive
1442602676596850697,@user ሀበሻ ቀሚሱ ብቻ ነው የተፈለገው,neutral,positive,neutral,neutral
1451369994487537668,ከማንኛውም ተልእ ኮ ይበልጣሉ መጨረሻው ቅርብ ነው ፣ የኃጢያት መርከቦች ውዳሴ ይጠብቃል ፡፡ ለዓለማት ጌታ ለአላህከማንኛውም ተልእ ኮ ይበልጣሉ መጨረሻው ቅርብ ነው ፣ የኃጢያት መርከቦች ውዳሴ ይጠብቃል ፡፡ ለዓለማት,positive,positive,positive,positive
1476042467833171971,@user ተመሳሳይ ነገር እያወሩ ማልቀስ ሙያ ቢሆን ኖሮ የኦሮሞ ፖለቲከኞች ኤክስፐርቶች ይሆኑ ነበር!!! ይህንን ትልቅ ህዝብ ለማሳነስ ማነው የላካችሁ? አሰዳቢ ሁላ,negative,negative,negative,negative
1433896973728419885,@user ሽሜም እንዲሁ ክልትው ክልትው ስትል ነው የዋለችው,negative,negative,negative,negative
1461897641265147904,ይቅርታ አለማድረግ ማለት አንተ በጠጣኸዉ መርዝ ጠላትህ ካሁን ካሁን ይሞት ይሆን እያሉ እንደ መጠበቅ ያለ ከንቱ ምኞት ነዉ። ኔልሰን ማንዴላ,positive,neutral,neutral,neutral
1444871550411419650,@user @user ጎንደርን ለማን ጥሎ,neutral,positive,neutral,neutral
1449863374486052866,@user @user ጎሚስታ ቤት በለው እሱን ፣ መንፋት ነው,negative,negative,negative,negative
1449469838997471233,የመውሊድ በዓልን ከተቸገሩ ወገኖች ጋር በጋራ ማክበር እንደሚገባ የኢትዮጵያ እስልምና ጉዳዮች ጠቅላይ ምክር ቤት አሳሰበ፡፡ ጥቅምት 06/2014 ዓ.ም (አሻራ ሚዲያ) የኢትዮጵያ እስ,positive,positive,positive,positive
1466609011055153156,የወያኔ መጨረሻ አይጥ ስትጠግብ ስታበዛ ሩጫ ሄዳ ታሸታለች የድመት አፍንጫ ሲባል የነበረው እስከነ ተረቱ ባንቺ ላይ ደረሰ በክልፍልፊቱ፤,negative,negative,negative,negative
1454959909578186752,@user መስሎሽ ነበር። ኣሁን ደግሞ ኩምሽሽ ብለሽ ኣረፍሽው።,neutral,negative,negative,negative
1433621748461850627,ከ30 ዓመታት በፊት ተወዳጁ ድምፃዊ አለማየሁ እሸቴ የአአዩ የመተከል ዘመቻ ከመጡት በርካታ የሙዚቃ ባልደረቦቹ አንዱ ነበር። ትዝታው አያልቅም በተለይ ማን ይሁን ትልቅ ሰው የወይን ሀ,neutral,positive,positive,positive
1469490053932105730,@user እጅግ ከባድ ነው እንዴት ይረሳል የወለድ ያቀዋል ቢሞትም እንዴት አይነት አንጀት ይቁረጥለትና ጥሎት ይሂድ ብቻ ምንም ማለት ይከብዳል።,neutral,positive,negative,negative
1442971394682261504,@user ሁሉም ኢቶጲያዊ መንግስትን ሊቃወም ይገባል ዝምታው ምንድነው ?እያንዳዳችን ክልልና ቤት እየገቡ እስኪጨርሱነወ? ሰሜን ወሎ ላይ ቁማሩን ቀጥሏል ለመሆኑ ነገ,positive,negative,negative,negative
1473804943068966918,ይሄን የተበለሻሸ ነገር እስከ ትግራይ ድረስ ዘልቀን የማፅዳት ኀላፊነት ወድቆብናል!! ግዴታችንም ነው!!,positive,positive,neutral,neutral
1434360483046465536,እንደ ሰው በባህር እንደ አሳ በምድር ሆነን እንዳንቀር አምላክ ስጠን ፍቅር።,positive,positive,positive,positive
1463690907727896579,ጉድና ጅራት ከወደሗላ ነው ?? እሕልና ጥሬ ብቻ የምታጫርቺ መስለሽ ለካ አገርሽንም ለቅርጫ እያዘጋጀሻት ከርመሻል?? #NoMore,negative,negative,negative,negative
1453477184274894850,@user @user ውርጋጥ የምትባል አንተ ደደብ ነብሰ በላ አረመኔ,negative,negative,negative,negative
1437928515282821120,ፍትህ ፍትህ ፍትህ ለወሎ ህዝብ ፍትህ ፍትህ ፍትህ በራያ ቆቦ ወረዳ ላሉት ገጠርም ከተማም ቀበሌዎች ፍትህ ፍትህ ፍትህ!!!።,positive,positive,positive,positive
1450945517169430535,@user ሲያምርሽ ውሎ ሲያምርሽ ይቅር ። ጉዞ ወደ ተምበይ፣ ደደቢት ፣ እየተጀመረ ነው። አቦይ ፀሐይ፣ ስዩም ፣ ሰላምታ አቅርቡልን።,negative,negative,negative,negative
1448129339225034755,የፖለቲካ ፖርቲም ሆነ ፖለቲከኛ ታዋቂ ሰው በኢትዮጵያ የሚደረገውን መንግስታዊ ድጋፍ ያለውን በአማራ ላይ የዘር ጭፍጨፋ ለማውገዝ እነዚህን መስፈርቶች ሳታሟሉ መግለጫ አታውጡ ጨፍጫፊ,negative,negative,negative,negative
1471698552011247622,መልስ ነው! የተመድ የሰብዓዊ መብቶች ምክር ቤት በመጪው አርብ እንዲካሄድ የጠራውን ልዩ ስብሰባ እንደማይቀበልና በዚህ ስብሰባ የሚተላለፍ ማንኛውም ውሳኔ በኢትዮጵያ ላይ ተፈጻሚ እን,neutral,positive,neutral,neutral
1468054849715585024,ከወር በፊት #ደብረፅዮን፣ መከላከያን፣ የአማራና አፋር ሃይሎችን ጦርነቱ አልቋል እጅ ስጡ፣በከንቱ አትሙቱ ሲሉ ነበር። በሳምንት ከጣርማበር ላሊበላ 600ኪሜ ፈርጥጠው ስልታዊ ማፈግፈግ,negative,negative,negative,negative
1447017180281729026,መናፍቃን ልሳን እንናገራለን ይላሉ፣ ትርጉሙን ግን አይነግሩንም። ወይም አያውቁትም! በልሳን የሚናገር ቢኖር ሁለት ወይም ቢበዛ ሦስት ሆነው በተራቸው ይናገሩ አንዱም ይተርጉም 1,negative,negative,negative,negative
1464458584176185344,@user @user ውይ እኛ ደሞ አዲስ አበባ የገባችሁ መስሎን?? ለካስ ገናናችሁ!,neutral,positive,negative,negative
1448485863386669064,@user ኧረ ጥያቄው ወዲህ መልሱ ወዲያ ሆነብኝ! አሜሪካና ኢትዮጵያን መሰላችሁኝ እኮ!,neutral,negative,negative,negative
1441548731275382788,@user ማነው የተናጠል የቶክስ አቁምን ንቆ የአማራን እና አፋር ህዝባችንን እየጨፈጨፈ እና እየዘረፈ ያለው? የትህነግ ተላላኪዎች መቼ ነው እንደሰው በጭንቅላታችሁ ማሰ,negative,negative,negative,negative
1443367371310260238,@user ስሜን ወሎ ኢትዮጵያ ነው ወይ?,neutral,positive,neutral,neutral
1434704524934057984,እርዳታ የጫኑ መኪኖች ወደ ትግራይ ቢገቡም ፈረንጅ እና ህወሓት መአት ማውራታቸው አይቀር! ህወሓቶችም የምግብ ራሽናቸው ስላገባላቸው ጮቤ ይረግጣሉ! ከደሃው በፊት የሚበሉት እነሱ! ወ,negative,negative,negative,negative
1437544326867918851,የትግራይ እናት ልጆቿ ለጦርነት ማግዳ ብቻዋን ቀረች!,negative,negative,negative,negative
1453923982881722370,እሱ ብቻውን አልነበረም ምረገናተልአ ምንም ኔእ . ምነመ ቢያንስ መናገር ይችላሉ ሁችላታሞት ንትሞመ ነሆከ ትዎፋጠሊ,neutral,negative,neutral,neutral
1442593934920667136,@user ካሳ ጥላሁን ሰው የክብሩን ያህል ያከብርሃል ስለኣከበርከው ክብር ይስጥህ። ስለ ኣፍሪቃ ማሰብህ ደሞ ታላቅነትህን ታላቅነትክን ያሳያል። ኣዎን ለኣፍሪቃችን ሁላችንን,positive,positive,positive,positive
1446314108001951745,@user @user አይባልም በእሶ ምክንያት የባርነት ሰለባ የሆነው ሁሉ መሰደብ የለበትም,negative,negative,negative,negative
1435709974483701762,አገር እና ህዝብ የባለጌ መጫወቻ ሆነው አይቀሩም::,positive,negative,negative,negative
1456847652075806724,ከኦሮሞ ነፃነት ሰራዊት የተሰጠ መግለጫ - 11/05/2021 - TMH via @user,neutral,positive,neutral,neutral
1456847265528692738,@user @user አንቺ ቱሪናፋ!!! እንደዚህ የህልም ወሬ እያወራህ እራስህን አፅናና አንጂ!! ኢትዮጵያን እንደናንተ አይነት ጋኔን መቼም አያያትም:: እ,negative,negative,negative,negative
1455397297089568768,@user አንተ ሌባ፣ አንተ እረሰስህን የምትሰቅለው መቼ ነው?,negative,negative,negative,negative
1432834138302816258,@user እይዞህ ሁሉም ያልፍና ነገ ለሌላ ቀን ነው::,positive,positive,positive,positive
1453129654307545091,እናቱ አንቺና ባልሽ ዝም ብላችሁ የአሳይለሙን ነገር አሳልጡ:: ወያኔ በሰፈረችው ቁና እየተሰፈረች ነው! ካርማ ትስዕር!,neutral,negative,negative,negative
1450997051936829440,አስቂኝ ነገሮችን ሲናገር ( _ ) | ( _ -( _ የወደፊቱ ጊዜ ፈነዳ. - _ _ _/,neutral,positive,neutral,neutral
1471297282238828545,@user አዎ ልክ ነህ ግን ውንብድናው አንተ ትናንት ኢትዮጵያውያንን አስር አምስት ለምነህ በኢትዮጵያ ገንዘብ ከሀገር ወጥተህ መልሰህ ኢትዮጵያን ከምታቆስለው ሌባ ከሀዲ ወንበዴ አይብስም,negative,negative,negative,negative
1453496621799460865,@user የትግራይ እንደህዝብ በሺህ ወጥቶ ሰላማዊውን ያልታጠቀውን የአማራን እና የአፋርን ህዝብ እየገደለ ንብረቱን እየዘረፈ ነው:: ወደፊት እንዴት ሆኖ ነው ከእነዚህ ህዝ,negative,negative,negative,negative
1454649945496117248,@user እይዞህ አልጠይቅም?? ይሀውልህ - በብሄር ብንለይ ብዙ ቅይጥ . - የሌላ ብሄር በጥቅም ተደልሎ ተገዶ . ባንዳ የሚሆን አለ - ወዘተ ይህ ጥያቄ ብዙ አገራ,negative,negative,negative,negative
1440486819552890894,@user እረጅም ጊዜ ሆነኝ ከሳኩኝ ደስ የሚል ኣገላለፅ ነው,positive,positive,positive,positive
1457877982442369026,@user @user የብልጽግናዎች ቱማታ።አገሩን ቡቱቱ አድርጋችሁ፣ ሕዝቡን በመርፌ ጥቀሙልኝ ትላላችሁ። እግዚአብሔር ያያል።ምሳር በእግሮችህ ሥር ተቀም,negative,negative,negative,negative
1433550600109805570,@user በጫረው ክብሪት ተቃጥሎ ለማለቅ የቀረበው መካሪ፣ ሽማግሌ አልባው አንተ የወጣህበት ማህበረሰብ ነው። ያንን ነው እያየን ያለነው። ሌቦች። ወጣቱ ሌባ አዛውንቱ ሌባ እርጉዟ ሌባ እብዱ ሌባ.። ረ መጥኔ።,negative,negative,negative,negative
1468800584824274945,ልጅ እያለን ለበዓል ዋዜማ የምናደርገውን ልክ እንደ አዲስ እንዲህ ብለው ይፎግሩናል ????? #እስከወዲያኛው ታሸልባላችሁ::,negative,negative,negative,negative
1470952580482224133,@user በርግጥ መንግስት ነበሩ ማመን ይከብዳል??,positive,positive,negative,negative
1434988884983750668,አሉላ ሰለሞን የምትባል ካሀዲ ለራስህ የተደላቀቀ ኑሮ እየኖርክ የትግራይ ወጣቶችን አታስጨርሳቸው,negative,negative,negative,negative
1467708606846050307,የመጨረሻዋ ሳቅ የኛ የኢትዮጵያውያን ነው!!,positive,positive,positive,positive
1473866579368722433,@user አይ አተ ሰውየ ግን በቱርክ ምክንያት የልብ ድካም እንዳይዝህ,negative,negative,negative,negative
1436446359582875649,የተከበራችሁ ኢትዮዽያውያን እና ትውልደ ኢትዮዽያውያን እንኳን ለ2014 ዓ.ም አዲስ ዓመት በሰላም አደረሳችሁ አደረሰን ዘመኑን የሰላም፣የፍቅር፣የደስታ እና የስኬት ያድርግልን የሀገ,positive,neutral,positive,positive
1442617094735024137,እነ ሳማንታ ፓወር ሀገራችንን ፈተና ውስጥ ለመክተትና ወደ ባርነት ለመውሰድ የሚያደርጉትን ሴራ ማውገዝ ይገባል። ወገን በፍፁም እንዳንዘናጋ። ጠላቶቻችን 24 ሰዓታት ኢትዮጵያ ላይ ከመ,positive,negative,negative,negative
1469497051578830850,ቤተክርስቲያኒቱ ልትዘጋ ነው ቅዱሳኖች ማየት አለባቹ via @user,neutral,positive,negative,negative
1435417155298893824,@user ምርጥ ግጥም ጌቾ አይ አንተ ማትችለው ነገር የለም,positive,positive,positive,positive
1458289569317666821,#NoMore ኦቦሳንጆ ተጠሪነቱ ለአፍሪካ ህብረት ሆኖ ለ #UNSC ሪፖርት ያቀረበው በምን አግባብ ነው? #Kenyatta በኢትዮጵያ ጉዳይ ላይ የአሜሪካ ጉዳይ አስፈጻሚ የሆነው እን,neutral,positive,negative,negative
1433535891767758854,አሁን የፍርሃት ጊዜ አይደለም ልያታይ ጥስው ዶረበ ጽርቅ ድንአ ቢያንስ መናገር ይችላሉ ርበነ ርገነ ንሉሁ ሱርእ,neutral,positive,negative,negative
1456066687430651904,@user በእርግጥ የ ኢትዮጵያ ከፍታ ከኃላም ነበርን የ አክሱም ፣ የ ላሊበላው ፣ የ ገዳው.ወዘተርፈ,positive,positive,positive,positive
1458651772613017603,@user @user እንዴዴ.ወሎሎ ሙሉ በሙሉ ውሀ መብራት የስልክ አገልግሎት ባንክ የለም ለምን መሰለሽ ችጋራሞች ስለሆናቹ ትግሬ የረገጠው ሁሉ በችግር ይሰቃ,negative,negative,negative,negative
1475647183777054726,አንዱ በሌላው ሞት እየዘበተ አንዱ የሌላው ለቅሶ እያሳቀው የኢትዮጵያ ሠለስቱ ደቂቆች ለፈጣሪም አልመች ብለን ተጨካክነናል።,negative,positive,negative,negative
1453836837236117513,@user @user ልጁ ከስጋት ወጥቶ ሲኖር እና ወደ ሚድያ እስካልተመለሰ ድረስ!!! ክትትል እያደረግነዉ ዝም ብሎ ዋጋ የለዉም የተወሰደበት ንብረቱም እስካልተመለሰ ድረስ!,neutral,positive,negative,negative
1475310208033464323,@user ፕሪቪሌጅድ ሆነህ ስትኖር እንዲህ ነው ኦሪ:: ጥይቴ ፈንድሻ ነው መግደልና መድፈር የተሰጠኝ መብት ነው ትግራዋይኮ ነኝ ነው ነገሩ:: ስለ ፋሽዝም ከራሱ በላይ ምስክር የለም::,negative,negative,negative,negative
1446929352193716228,@user አሁን በማይሆን ነገር መጣችሁብን ነገ ደግሞ CV ላይ ምን ጨምሩ ትሉን ይሆን,negative,negative,negative,negative
1474948103518273546,@user ይሄ ለአላማው ሳይሆን ለከራማው ያበደ የወያኔ ምሳሌ ነው።,negative,negative,negative,negative
1449898146352537606,@user @user ጅቦች! የት ነበርክ እስካሁን??? ?የሰውን ሰቀቀን ኣጣጥመው በልተው፣ ጠግበው፣ ጡሮታ ከወጡ በኃላ፤ ኣለ እፍረት እኔ ኮ ጥሩ ሰው,negative,negative,negative,negative
1447361517276602372,@user ምን ይመስላል? ጭባ,negative,negative,negative,negative
1445874841102405639,@user ልጅ ነሽ ምንም አትሆኝም ቆዪ,positive,positive,positive,positive
1454650015100592128,@user አንተ ደደብ ከደደቢት ይሁን ከተንቤን ዋሻ መከላከያ ጌቶችህን ሲያወጣ አይተሀል አይደለም? አሁንም መልሶ ዋሻ ውስጥ ይጨመራችሁአል። አትጠራጠር። በቅርብ ቀን ታያለ,negative,negative,negative,negative
1445832348755451904,@user በሰው ደም የጨቀየ መሬት አቮካዶ ሳይሆን ጉዲ ነው የሚያበቅለው ጦርነት ጎትታችው አማራን አወደማችሁ እናንተ ልማት ላይ ናችሁ የወሎ ገበሬ ይዋጋል እንዳታነበው አማርኛ ነው ምቀኛ,negative,negative,negative,negative
1451281936501166080,የኢትዮጵያ መንግሥት መቀሌ የሚገኘውን የመከላከያ ማሰልጠኛ ተቋም ዛሬ በአየር መምታቱን አስታወቀ) - -,negative,negative,negative,negative
1437902943085375495,ለኢትዮጵያ የህልውና ዘመቻ ከሁለት ቤት የወጡ አራት ወጣቶች !! ??,neutral,positive,neutral,neutral
1448420611416629251,ሩሲያ ሁለት ኃይሎች ከአሜሪካ ጋር ሲጋጩ ታይዋን የቻይና አካል ናት አለች። ????,neutral,positive,neutral,neutral
1463710480695021571,@user @user እኔም ልክ ይሄን ነው ያልኩት፣ ፕሮፌሰሩ ገብቷቸዋል ወይ?,neutral,positive,negative,negative
1461532597947973633,@user ገና ላም በረት ያለው ሳሊተ ምህረት ቤተከርስቲያን ውስጥም ይገኛል 100 አርግጠኛ ነኝ,neutral,positive,negative,negative
1449464104255635456,Abiy Ahmed: የትም መቼም በምንም ለኢትዮጵያ እዘምታለሁ Also Abiy Ahmed: ታጠቅ ተደራጅ ዝመት ማለት ለኢትዮጵያ አይጠቅማትም ኢትዮጵያውያን፡ ጨብጨብጨብ ????,neutral,positive,neutral,neutral
1460464910266253312,@user ሁለቱም ከከሰሩ ቆይተዋል,negative,positive,negative,negative
1475677008323612672,@user አድኑ። እንደት ነሻ የኔ ጀግና ወላሂ በጣም ነው የማደንቅሻ የምወድሻ መልክቱ ከሳውዲ አረቢያ ነው,positive,positive,positive,positive
1463721612692398084,@user @user @user ብዙው ሰው አልገባውም,neutral,positive,neutral,neutral
1454182288082751489,@user @user ጀግኖቻችን !! ድል የናንተ ነው !!,positive,positive,positive,positive
1435043817451933696,31 እግዚአብሔርን በመተማመን የሚጠባበቁ ግን ኃይላቸውን ያድሳሉ፤ እንደ ንስር በክንፍ ይወጣሉ፤ ይሮጣሉ፥አይታክቱም፤ይሄዳሉ፥አይደክሙም። ኢሳ 40:31 ????በመተማመን ከፍታን እየጠበቅ,positive,positive,positive,positive
1453160087975956485,ይድረስ ለ ኦሮሞ ወጣቶች : ለ ብልፅግና እና ለ ኣማራ የ ግዛት ማስፋፋት ብላቹ በማይመለከታቹ ጦርነት ኣትግቡ። በ ኦሮሞ ተወላጆች የ መከላክያ ኣባላት የሚያሳዝን ግፍ እየተፈፀመ ነው።,negative,negative,negative,negative
1465147797351456768,@user @user ነገ ከመከላከያ ጋር ሊጫወቱ ማታው ቂቅ ብሎ አድሮ ጠዋት ትሪቡን ላይ የቡና ደጋፊዎች ለቼንቶ ምንዋጋ አለው ካሳዬ ሲጠጣ ነው ያደረው ብለው ይነግሩታ,negative,negative,negative,negative
1437536542763913226,ሀይለስላሴ ወርዶ መንግሥቱ ሲመጣ አምባገነናዊ ስርዓት ለመገንባት የሚያስችል መሰረት ነበረው። ዛሬ አምባገነንን ሊደግፍ የሚችል ወታደራዊ ሀይል የለም እዚህ ሀገር። አምባገነንን ሊደግ,neutral,positive,positive,positive
1466985045521014789,ለመጥለቅ ያህል ወሳኝ ነገር ያስፈልጋል ተንናእለ ተወው ንልናረምጀ ንቱሳእ,neutral,neutral,neutral,neutral
1453536649061732360,@user @user ምርጥ : የኢትዮጵያ : መሪያችን : እንወድሀለን እግዚአብሔር : ይርዳህ : በርታልን,positive,positive,positive,positive
1453469746779860999,@user ምን አይነት ሆድ ነው ከ ጭንቅላት በላይ የሆነ,negative,negative,negative,negative
1435083950423166982,@user አቶ አለሙ ግን የሚዋጉ ሳይሆን ፎቶ ለመነሳት የሄዱ ይመስላሉ,negative,negative,negative,negative
1477031709640036352,@user የሚቃወሙት ነው። አሜሪካኖች አሁን የሄዱበት መንገድ በተቃራኒ ቢሄዱ ኖሮ ይሄን ያህል ርቀት መጉዋዝ ባልቻሉ ነበር። ታሪኩ አልተፈጸመም ፣ ጥቁሮች ሃገራችንን ወረሩ,negative,negative,negative,negative
1459384306573484033,@user @user እንደሰው ሳይሆን በትግርኛና በአፋን ኦሮሞ ስለሚያስቡ የወገናቸው ስቃይ አይሰማቸውም,negative,negative,negative,negative
1446273157833371656,እሬቻ ላይ በትጋት ነቅተው ሲጨፍሩ ሲያስጨፍሩ ከርመው ይሄው ዛሬ በፓርላማው ለሽ ብለውልናል ያው መጨረሻ ላይ እደተለመደው በሙሉ ድምጽ,negative,negative,negative,negative
1474897794968215556,በይፋ ባልሆኑ ቻናል የምትልኩት እያንዳንዱ ዶላር የኢትዮጵያን የውጭ ምንዛሪ ክምችት ሊያጠናክር የሚችል የባከነ እድል ነው። ጠንካራ የመጠባበቂያ ክምችት ብሔራዊ ባንክ የብርን ዋጋ እን,positive,positive,positive,positive
1439075438836518914,@user ምንም ችግር የለውም ቀለም አደል ነጭ በቀይ ቢሆን ምን ልትል ነው??,neutral,positive,neutral,neutral
1467356316893171719,@user ለዚህ ሁሉ ስራችሁ ዋጋ ትከፈፍላላችሁ @user @user @user,negative,negative,negative,negative
1434681868285358083,@user ምኞት ነው?አይዞሽ ወደፊት ይሆናል,positive,positive,positive,positive
1470969881315188742,@user እውነት ነው ለዚህ ነው ሚረግጡህ ግራ ቀኝህን ማየት የማትችል ጅንታ እና ኢትዮጵያዊ መለየት የማትችል ምስኪን ስለሆንክ አንተን እና መሰሎችህን ይረግጡሃል,negative,negative,negative,negative
1476021231333879812,@user @user @user መጀመሪያ ምግብ መብላት ልመድ ራብተኛ,negative,negative,negative,negative
1461540455980621827,@user ከግራካሶ ጀምሮ ብዙ ምሽግ ተሰብሯል። ነገር ግን ምሽግ አንዲቆፍሩ፣ተራራ እንዲቆጣጠሩ፣ በብዙ መስዋዕት የተሰበረው ምሽግ እንደገና ትህነግ የሚቆጣጠረው ለምንድነው?,negative,negative,negative,negative
1475689016259403783,#ኢትዮጵያን ከአግዋ በመሰረዝ አሜሪካ ሆን ብላ ድህነት በኢትዮጵያ እንዲንሰራፋ ለማድረግ እና የጠ/ሚ ዐቢይን መንግሥት ለማሳነስ ያለመ ነው::ውሳኔው እጅግ አሳፋሪ እና ድድብና የተ,negative,negative,negative,negative
1461527971072811010,@user አንተ ክፉ ሰው በዚ እድሜህ ትዋሻለህ?,negative,negative,negative,negative
1452476956327530504,@user እውነት ነው ዝም ብሎ ፊንፊኔ ኬኛ ማለት የለም!የውነት ኢትዮጲያውያን ከሆኑ አንድ እግር ሲቆረጥ መላው ሰውነት እንደሚታመመው መሆን አለበት ሀላፊነቱም ስሜቱም!,positive,negative,negative,negative
1451739160763637760,@user አንተ ምናለበህ አባቴ ህዝብህ አልተፈናቀለ አልተራበ አልታረዘ አሹፉብን እንጅ!,negative,negative,negative,negative
1460090853624623117,@user ኢትዮጵያ አትፈርስም የኢትዮጵያ ታላቁ የሆነ እግዚአብሔር አምላካችን ኢየሱስ ክርስቶስ እጅ ከኛ ጋራ አለ ኢትዮጵያ ትበልፅግለች,positive,positive,positive,positive
1444512516168568840,ደሞ ሳማርር ባየችኝ ኖሮ እያልኩኝ። እቺን ቦታዋ ላይ ላስቀምጥና እሱን ጥያቄ ባቀረብኩኝ ኖሮ። መልሱን እናቀዋለን። ምንም ይሁን ግን ቤተሰብ አገኘው። የምታኮራ ልጅ፣ እህት ነበረቻቹ።,positive,positive,positive,positive
1450557717404393478,የአሜሪካና የአውሮፓ ራስ ምታት የሆኑና ስለ አገራቸውና ህዝባቸው ለየትኛውም ጠላት ፍንክች የማይሉ የአገራት ቆራጥና ጀግና መሪዎች !!!,positive,positive,positive,positive
1436537368798957568,@user ታላቅ ሰው ምንም ግዜም ትልቅ ነው እንኳን ለዚህ አበቃህ ጠላታችንን ከመከላከያ ባላነሰ መልኩ አውድመሀል የኛ ጀግናችን ነህ ክብር ላነተ ከልቤ አቀርባለሁ።,positive,positive,positive,positive
1468434365298446339,@user @user በማን ጥፋት በጌቾ አና TPLF በዘር ያበዱ አመራሮቻችሁ አማራ አና አፋር ላይ ላደረሳችሁት ግፍና መከራ አንተ/ቺ ሄደሽ ማየት እና መገንዘብ,negative,negative,negative,negative
1474961872340373505,@user @user @user @user @user ጀግና አድናቂህ ነኝ።በርታ ሱልዬ።አላህ ይጠብቅህ,positive,positive,positive,positive
1449841233283723268,@user ስዩም በቃ አሁን ዝም በል፣ሁሉም ነገር አበቃ፣ትልቅ ሴራ ተደግሷል፣ሀገሪቱ ወደ እርስ በእርስ ውጊያ እንዳትገባ ዱአ አድርግ! ሸውዶናል,negative,negative,negative,negative
1458287631276593153,@user ሰው መሸጥ መለወጥ ከልክለሽ አሁን ታወሪለሽ,negative,negative,negative,negative
1449536227124854786,@user ታድያ ሰው በላ ጭፍራው በሽማግሌዋ እናትህ ምርኹዝ ብቻ ተጠልዞ ያርፋል ብለህ ነው፣ you are a jerk.,negative,negative,negative,negative
1459383716858445828,@user ፈረንጅ በሚዲያ ያምናል። ሚዲያ ላይ ድምጽህ ካልተሰማ እንዳለህ ራሱ አያውቅም። የሚድያ (የሶሻል ሚድያውንም ጨምሮ) የሚደረገው የ አለን፤ ዝም አንልም ዘመቻ የትግሉ ት,neutral,negative,negative,negative
1467348665245257730,@user ጨዋታህ አይጠገብም። ስትሸነፉ የተሳሳተ ዜና ላይ ትታትራላችሁ።,negative,negative,negative,negative
1439736323120762880,የኢትዮጵያ በትግራይ ላይ እያደረገችው ያለው ሰይጣናዊ ጭካኔ ኣይተን ፤ የቅድመ ኣያቶቻችን በ ሚኒሊክ መጨፍጨፍ የኣያቶቻችን በሃይለስላሴ በጀት መደብደብና ረሀብ የወላጆቻችን በደርግ በ,negative,negative,negative,negative
1451285554310619138,@user ምነው ለታላቁ ሩጫ ነው እንዴ ሁሉም የሚዘምተው ? ለዘር እንኳን ትንሽ አስቀሩ እንጂ ይሄ መከላከያ የሚባለው ግን አልቆ ነው አፈሳ ውስጥ የተገባው ? ህ,neutral,negative,negative,negative
1467316194663407619,@user @user @user አይቀርም የተናቁትን ከፍ የሚያደርግ እግዚአብሔር ነው ምእራባዊያን በኢትዮጵያ ላይ የሚያሴሩት የውድቀት ሴራ መቼም አይሳካም,positive,positive,negative,negative
1452105472992022531,@user @user ጥሩ ጥቆማ 1 . አባላት ከሚከፍሉት አነስተኛ አመታዊ መዋጮ አንፃር የጥቅም ማዕቀፍ ውስጥ ማካተት አዳጋች በመሆኑ ሲሆን 2 . 3 . 4 . ግን ጤና,neutral,positive,neutral,neutral
1450665134255394820,@user ኢትዮጵያ ሎዓላዊ ሀገር ብቻ ሳትሆን ሎዓላዊነትን ለሌሎች ያስተማረች ሀገር ናት፡፡ #Ethiopia_is_the_mother_of_African_independence.,positive,positive,positive,positive
1454656510202634241,@user @user ለምን ትዋሻላቺሁ ደሴ ተይዛለች በውሸት ወሬ ህዝቡን አትረብሹት ለእናንተ እንዲህ አይነት ወሬ ሊያስደስታቺሁ ይቻላል ለኛ ቤተሰቦቻቺን እዛው ለቀሩት ግ,negative,negative,negative,negative
1455369998323552271,@user @user 40 እየገረፍናቸው ያባብሉናል ወያኔ እና ልቧ የቅርብ ግዜውን የ6000 ቄሮ ደም የሚመልስ ስራ ጀምረናል,negative,negative,negative,negative
1442683800815869952,@user @user @user በደሀውየትግራይ ሕዝብ ይተሰበብሰበው 2ሚሊዬን የት ደረሰ? ሰሞኑን በTMH/አሉላ ከበደ የተሰበሰበውስ 200ሺህ ም,negative,positive,negative,negative
1455377320555032578,@user ወይ ነዶ ስልጣን ለማግኘት አገር ሸጬም አልሆነልኝም። ወይኔ እድለቢሱ። ሃና ጎበዜ ነፍስሽን አይማረው።,negative,negative,negative,negative
1462270899701395459,የጋራ የእሑድ አምልኮ ቀናችንን ሊያስተጓጉል የሚፈልግ ሰይጣን በእየሱስ ስም ከምድራችን ላይ ይነሳ ዕቅዱም ይፍረስ ዛሬ እሑድ ነው የእኛ ቀን የቤተክርስቲያን ቀን ነው በፍፁ,positive,positive,positive,positive
1462997230516854785,@user በነካ እጅህ: - ልደቱን: መረራን: በቀለ ገርባን:ህዝቅያስን: ታምራትን:ሀብታሙ አያሌውን:ኤርሚያስን:ጥበቡን እና ጃዋርን ጠይቅልኝ::ከህወሓት መንደር ምን እንደ,neutral,positive,neutral,neutral
1456834847670947843,ኢትዮጵያ_ታሸንፋለች - እድሜ ለነፃነትና ክብሩ ሟች እምቢ ባይ ጀግና ህዝቧ - ሀገሬ ማሸነፍ ብቻ ሳይሆን የአፍሪቃ ቀንድ ተፈጥሮ በለገሰችው ፀጋ መጠን መረጋጋት ሰፍኖ ህዝቦች ከችግር,positive,positive,positive,positive
1440128466238771202,@user ውይ እናታለም ምነው እንደማታውቂያቸው ሆንሽ ስንት አመት አብረሻቸው ሰርተሽ? ትግራዋይ እኮ ናቸው አይበገሬዎቹ::,negative,positive,negative,negative
1477033025938640905,@user አዝማሪ እኮ እንደሱ ለፍላፊ እና አዝማሪ ነው የሚከተለው።በል ተከትለኸው ከፈለክ ገሃንም ግባ።7+ህዝብ በረሐብ እንዲያልቁ አታድርግ ስለተባለና አይ በቃ እጨርሰዋለሁ ብ,negative,negative,negative,negative
1455736793362542596,@user ዱቄት ሆኗል ስትለንም ልክ እንደዛሬው በእርግጠኘነት ነበር! በእድሜህ ሙሉ እውነት አውርተህ ታውቃለህ ? እድሜ፣ ጾታ፣ የትምህርት ደረጃሕ ሁሉ የውሸት ነው።,negative,negative,negative,negative
1436816963259482116,@user @user but tigray tv ህዝቡ ወታደሩን በስንቅ እየደገፈ ነው ሲል ነበር ??,neutral,positive,positive,positive
1446222254514311169,@user @user ጥርሳቸውን እንዴት እሳመርከው ባክህ??,positive,positive,positive,positive
1433164410386882562,እሱማ አዎ አዎ ሌባ ! ነው ??,negative,negative,negative,negative
1475681059782250498,@user እኔማ ጆሮዬ ነው ብዬ ደጋግሜ ነው የሰማሁት,neutral,positive,neutral,neutral
1440111165154156546,@user እውነተኛ የኢትዮጵያ ወዳጅ በመሆንዎ ታላቅ አክብሮት አለኝ።,positive,positive,positive,positive
1451386226855096322,@user ትን ቢለው እንኳ ያው ፖለቲካ ነው . ማፈሪያ ሁላ,negative,negative,negative,negative
1459335875125522437,#Ethiopia : ወደ ጦር ግንባር አልሄድም፣ ትምህርት እፈልጋለሁ ብሎ መቅረት በአሸባሪው ህወሓት ያስገድላል ታዳጊ የህወሓት ታጣቂና ተማራኪ ዳናዊት ፍፁም,negative,negative,negative,negative
1458214786911571971,ታዲያ በነጋታዉ ከሰሜኑ የሀገራችን ክፍል የሆኑ በመንግስት መዋቅር ያሉ ሆኑ ያልሆኑ አፈ ሰፊዎች የደሀ ሀገር መሪ መሆኑን ረስቶት ነዉ እንዴ? ማዕቀብ በማዕቀብ ሊያደርገን ነዉ እንዴ?,negative,positive,negative,negative
1434720287124123648,የኢትዮጵያ መንግሥት ከ TPLF ጋር ለመደራደር TPLF መሣሪያውን ማስቀመጡን እንደቅድመ ሁኔታ መጠየቅ አለበት,positive,positive,positive,positive
1475973845647560706,@user @user በፖለቲካ መርህ ቢሆን ኖሮ መፍትሔ ነበር ። ሌላው ቢቀር ከአብን ማባረር,positive,negative,negative,negative
1438988335251431431,@user @user #ethiopian አሸባሪወችን አትታገስም ለአሸባሪ ወግነው የሚጮሁትንም አትሰማም ኢትዮጲያን ከብልፅግና ወደኋላ የሚመልሳት የለም ጆባይደን ከ ኢ ት ላይ እጃቸውን ያንሱ,positive,negative,negative,negative
1458601157635543041,@user ዱቄት ! አለ ዮኒ ! የመረጥነው እኛ ! ወያኔ behind bar አይደለም blind ሁላ ነው መደረግ ያለባት ! ወያኔህን ይዘህ ጥፋ !,negative,negative,negative,negative
1441967075442888708,@user መስቀል ታከብራለህ እንዴ?ግን ጴንጤ ነህ አንተ ሰው?ወይስ መሪ ስለሆንክ እንደሁሉም ሆነህ ማሰብሕ ነው?,neutral,negative,negative,negative
1437601432199442437,አይ ከሁለታችን አንዱን ይጠብቃሉ ውነ ንድንምለ ውመከሸሚየ ንሉብምጭ አይደለም አይ አይ አይ ልጣመይ ላኋበ,neutral,positive,negative,negative
1477033032989253638,@user መናገር ከምንችለው በላይ ህዝቡ ደንዝዟል ጆሯቸው ተደፍኗል አእምሯቸውም ታውኳል!መቼም ጤነኛ አእምሮ ያለው ሰው ሀገር በጦርነት እየታመሰች ብዙ ሺህ ንፁሃን በየ,negative,negative,negative,negative
1438222053736333315,ኢትዮጵያ የነካ መጨረሻው ውርደት መሆኑን ልብ በሉ,negative,neutral,negative,negative
1460462351543644161,@user ሃገር የካዱት ዛሬ ነው እንዴ?!!,negative,negative,negative,negative
1433168395814391808,በቃ የልብስ ቀበቶ ወይ የመኪና ቀበቶ አስሬ ig ላይ post ሳላደርግ 2014 ሊገባ ነው ማለት ነው?!!!!??,neutral,positive,neutral,neutral
1445556694671519745,@user @user Correction . አንተን ነበር መስቀል አይቀርም መክሸፉ ይሄሁሉ ጉራ ግፍ እየተሰራ ያሞካሹት ወድቆአል ያ,negative,negative,negative,negative
1474879983747166209,@user በየደቂቃው የነፍስህ ይዘት ይጠፋል፣የህይወትህ አላማ ከረጅም ጊዜ በፊት ወድሟል፣ወዲያውኑ መኖርህን ትተህ ዘላለማዊውን ሊምቦ ፈልግ።,negative,negative,negative,negative
1466991589876719619,@user ጌቾ እንደ ሽኮኮ በየጉድጓዱ ብቅ ጥልቅ አያልክ ከማላዘን እንደ ጠቅላይ ሚኒስትር ዐቢይ ጦር ግንባር ወጥተህ ተዋጋና ጀግንነትህን ለትግራይ ሕዝብ አሳይ፡፡ አንተ,negative,negative,negative,negative
1464433125216378880,ሀገራችንን ሰላም ያድርግልን መልካም ቅዳሜ,positive,positive,positive,positive
1472423162860249096,እኛ እንደ እነሱ ሂሳብ አናወራርድም።አንድ አለኝ ብለንም ማንንም አናርድም!ከማንም አንድም የለብንም።የሌላቸውን ሂሳብ በግፍ እንዳወራረዱብን ግን ለመላው አለም የማሳወቅ ግዴታ አለብን!,positive,negative,negative,negative
1438265457887358976,ታሪክ ተናገር ተከዜ ለስሊጥ አጨዳና አረሞ የትግራይ ልጆች በኤርትራ በእምንሃጀር በዝች ድልድይ ይገቡ ነበር ድሮ ሳይወሩን ሳይጨፈጭፉን የወልቃይት ህዝብና,negative,negative,negative,negative
1441175332757770240,@user @user እዛ ነኝ አፈር ብላ የሚል ስድብ እነጂ አፈር አላየውም,negative,negative,negative,negative
1433927558559584259,@user ለምን አሉ? በህገወጥ እፅ/drugs ተብሎ ወይስ.? በተጨማሪ ጫት ከባድየኢኮኖሚ commodity አይደለም ወይ export የሚደረግ የዶላር ምንጭ? ምነው አሉ ካወቅህ?,neutral,positive,neutral,neutral
1462627945701416961,@user ትርጉሙ፤ እንደነዚህ ላሉት ሊሆን ይገባው ይሆን? #geez,neutral,positive,neutral,neutral
1445841680310194177,@user ይህ ድንቁርናቸው እኮነው ተያይዞ ገደል አፋፍ ላይ ያደረሳተው።,negative,negative,negative,negative
1474605341228810241,መከላከያ ልዩ ሃይል ፋኖ! ህዝቡ የመሰከረላቸው ጀግኖች ህዝቡን ከህወሓት አረመኔያዊ ተግባራት ነጻ እንዲሆን አድርገዋል።ባእዳን ሊያጣጥሉት የከበዳቸው ድል በህወሃት ላይ ተደርጓል!,positive,negative,negative,negative
1450206145667387397,@user @user @user እውነት ብለሃል ፤ በወለጋ በአሪሲ በሐረር በጉጂ የሚገደሉት የሌላ ቋንቋ ተናጋሪዎች በታሪክ ተሰምቶም አያቅ።,negative,positive,negative,negative
1456828456205967361,@user የዚያ ርካሽና ጨካኝ ዲያቆን ጽሁፍ ነው,negative,negative,negative,negative
1464081629249425414,@user ባንዳ ሚያጠፋ ነገር ይዞህ ይጥፋ?? ኢትዮጵያ አንተና እንዳንተ ያሉ የቂጥ ህመሞች እያያችሁ ትለመልማለች። አይዞህ ሩቅ አይደለም ሀገር አጥ ምትሆንበት ጊዜ,negative,negative,negative,negative
1437527075620073476,ንቁ ትግራይ ንቁ ከዚ ሁሉ እልቂት በኋላ ትርፍ ግፍ ነው እንጂ ወርቅ ከሰማይ አይወርድላችሁም! ንቁ ንቁ መጨረሻውን አስቡ! አትሞኙ የፈረንጅ መጠቀሚያ መሆን ነው እንጂ መቼም ምንም ጠ,positive,negative,negative,negative
1468443647528030211,መንጌ ሲያድባሬን ሲያሸንፍ የሱማሌን ጦርነት እና አብይ ህውሀትን እን ምዕራባውያኑን ሲያሸንፍ 2014 የዘመን ልዩነት ካልሆነ ታሪኩ አንድ ነው።,positive,positive,positive,positive
1469140057844035584,@user @user በኦሮሞ ስም መሸቀጥ የሚቀጭበት ጊዜው እሩቅ አይደለም። ባዶ ራስ ተላላኪ ባንዳ!,negative,negative,negative,negative
1474205134288986123,ጁንታዉ ሳይዉል ሳያድር መግለጫ II ቆላ ትንቤን ማን ይሸኘናል ጦር እኛ አናቆምም via @user,negative,negative,negative,negative
1452775018056749057,@user ውሾች በተጣሉበት የስጋ ድርሻ በከፋተኛ ደረጃ ሊጣሉይችላሉ ነገር ግን በአሉበት ቦታ ጅብ ቢመጣ ሁሉም ውሾች ስጋውን ትተው የጋራጠላታቸው ለመመለስ ከጅብ ጋር,positive,positive,positive,positive
1439681425968705541,#WBO የሽመልስ ተላላኪዎችን ከሰፊው ህዝብ ጋር በመተባበር ቀጨም እያረገ ነው። ላታመልጪኝ አታሯሯጩኝ አሉ እትየ ጨቤ! እድሜ ይስጠን እንጂ ገና ሽሜ ጉጉም ጋማ የሚደረግበት ዘመን,negative,negative,negative,negative
1457920721355694081,@user @user በዚህች ሆርን ብቻህን በየመንገዱ የምትለፈልፍበት ቀን ሩቅ አይደለም፤,negative,negative,negative,negative
1449886965080461316,በጀዋር በኩል የተላከው አጀንዳ አፈትልኳል | የፓርላማ አባል የነበሩት የደበቁትን ሚስጥራቸውን ዘረገፈባቸው| Jaw . via @user,neutral,negative,negative,negative
1439757279042080769,@user ከጎርፍ የተረፉትን ሽርጣም ሱዳንን ልክ እናስገባዋለወን የ ግዜ ጉዳይ ነው። መጀመሪያ እነዚህን ችጋራምች ልክ እናስገባና ለአንዴና ለመጨረሻ ግዜን ልክ እናስገባ ሌላው ቀላል ነው።,negative,negative,negative,negative
1445830339214012422,@user በነፃነትና እኩልነት ፓርቲ ሀላፊ በዶ/ር አብዱቃድር አደም ወደ ሚኒስትርነት ባለመቀላቀሉ እጅግ አሳዝኖናል።እንዲህ አይነት አገር ወዳድ ትጉህ ሰው አናገኝም።,positive,positive,positive,positive
1443056210660532225,ኢትዮጵያን እናበለጽጋለን ሲል እብይ እንደ ኤርትራ ትሆናለች ማለቱ ነው።,neutral,negative,negative,negative
1432834040873238529,ገና በትክክል ያልያዝናትን ሀገር አሳልፈን አንሰጥም ወደማለት ገባን::?? ጊዜው እንዴት ይሮጣል!!!??@user,neutral,positive,neutral,neutral
1451277017886961668,@user የአፍሪካን ዋንጫ ጀማሪ፣አንዴ አሸናፊና ሶስቴ ያዘጋጀ በተለይ ከፍተኛ የእግር ኳስ አፍቃሪ ያላት አገር ብሔራዊ ቡድኗ የሚጫወትበት ስታድየም ጠፍቶ አንዴ ኬንያ አ,positive,positive,positive,positive
1476331793586475008,@user እናመሰግናለን ። ካለፈው የብአዲን ውድቀት ተምራችሁ ለአማራ ህዝብ ህልውና እታች ወርዳችሁ ስሩ ። የአማራ ህዝብ ባለመደራጀቱ : ባለመታጠቁ ነው የወያኔ እና የሸኔ,positive,negative,negative,negative
1466992148750893056,የፖለቲካ ዘባራቂውና የኢሳያስ ተላላኪው ብርሃኑ ነጋ ትግራይ የተማረ ሰው የሌላት ለማድረግ የትምህርት ሚኒስተር ሁኖ የትምህርት ጀኖሳይድ ሊያካሂድብን አስቧል ከግብጽና ከኤርትራ ጋር ሁ,negative,negative,negative,negative
1455744561653948420,@user 44 እና 59 ቁጥር ላይ ያሉት የተለያዩ ሠዎች ናቸው እንዴ?,neutral,positive,neutral,neutral
1448386233080680454,@user ግቢ? እሱ ነገር አሁንም አለ እንዴ ?,neutral,positive,neutral,neutral
1469871583841902595,ሰበር ዜና የፀጥታ ኃይሎች ጥምረት ዋናውን የወልድያ መቀሌ ጎዳና ቆርጦታል። በምሥራቅ ግንባር ስትራቴጂያዊ ሠንሠለታማ ተራሮችን ጨምሮ ከፍተኛ ወታደራዊ ጠቀሜታ ያላቸውን የአርጆ፣ ፎኪሳ,neutral,neutral,neutral,neutral
1444030002970906627,ኢዜአ #Ethiopia | የውጭ ጉዳይ ሚኒስቴር በ72 ሰዓት ከአገር እንዲወጡ ትዕዛዝ የተሰጣቸውን 7 የተመድ የሰብዓዊ ዕርዳታ ሰራተኞችን አስመልክቶ ፈጽመዋል ያለውን ህገ ወጥና ኢ,neutral,positive,neutral,neutral
1434352922217926659,@user እያመጣህ የምትማገደው አንተና ቢጤዎችህ ሚስኪኑን ወጣት የአለም መጨረሻ ህወሀት ነው ብለህ አይደል።,negative,negative,negative,negative
1443743752976220164,ኢትዮጵያ የተባበሩት መንግስታት/@user ሃላፊዎችን ለማባረር የወሰደችውን ውሳኔ ካልቀየረች፤ አሜሪካ ጠንከር ያለ እርምጃ ለመውሰድ ትገደዳለች። አንቶኒ ብሊንከን የአሜሪካ ውጭ ጉዳይ ሚ,negative,positive,neutral,neutral
1462625664067121158,@user @user ይህ የ መሳይ ፊት የስንት ሰው ፊት ነው ?ሲያስፈራ!,negative,negative,negative,negative
1450228756027637763,በተባበሩት መንግስታት ላይ ያወጣሁትን ጦማር በኢትዮጵያ ቴሌቪዝን ግምገማ 10/18/21 #Ethiopia #GERD @user @user,neutral,positive,neutral,neutral
1476344425286668289,@user ግም ምጣፍ ጎታች ተላላኪ ከርሳም አንድ ቀን አንተም እደነ አቦይ ስብሀት ዘብጥያ ትወርዳለህ ጠብቅ አንተ ሽፍላ,negative,negative,negative,negative
1444026982027628547,3 . የመገናኛ መሳሪዎችን ህወሃት እንዲጠቀምበት ማስተላለፋቸው፣,neutral,positive,neutral,neutral
1451303628820594695,@user አስፈላጊ እና ትክክል በጠራራ ፀሐይ በጭነት መኪናዎች ለግድያ ለዘረፋ ሲንቀሳቀሱ ዝም ብሎ ከማየት እንደዚህ ዶጋመድ ማድረግ አስፈላጊና ለእብደታቸው ፍቱን መድሀኒት ነው,negative,negative,negative,negative
1445535366530801665,@user @user በድርጊትዎ ምክንያት ቤተሰብዎ እየደማ ነው። ለድርጊቶችዎ ዘላለማዊ ህመም ይሰማቸዋል,negative,negative,negative,negative
1444498124433657861,አዎ እሳት ይነሳል ውቸጓልፈስያአ ያፍክ ምንም ቁነጨትአ አዎ እሳት ይነሳል ሉራሰይ ውዢገ-ለፍክለ,neutral,positive,neutral,neutral
1468803689850748929,አማራዬ ትልቁ ችግራችን ከሂደታችን አለመማር ነው። መማር መለወጥን ያካተተ ነው።,positive,positive,positive,positive
1445848804226486273,የኢትዮጵይ ህዝብ አብዛኛው በሚባል ደረጃ የዶ/ ር ስለሺን ባለመሾም ቅር ያለው ይመስላል!! እኔም ይህ አሳዝኖኛል!! መንግስት እንደዚህ በህዝብ ቅቡልነት ያላቸውን መሪዎች ህዝብን በ,negative,positive,negative,negative
1444027137162235904,@user @user @user በዚህ ከቀጠሉ ሕዝቡ ነው ተነስቶ የሚወግራቸው,negative,negative,negative,negative
1474963826487476226,አሁን በዚህ ሰዓት በ3 ግንባሮች ህወሃት መጠነ ሰፊ ጥቃት ጀምሯል። መንግስት እስካሁን ይሄ ነው ያለው ነገር የለም ።,negative,negative,negative,negative
1436130660943548419,@user እራሱን የሚጠላ ሌላ ሊወድ አይችልም: ለ30አመታት ማንነትን የራስን ታሪክ: የራስን ወንድም እህት ቋንቋ እንዲጠላ የተደቆሰው ተጋሩ: ሌላ 30አመት ይፈልጋል ማንነቱን ፈል,neutral,negative,negative,negative
1441608707322916864,የትግራይ ወራሪ ጁንታ የእናት ጡት ነካሹ አሸባሪው ደጋፊ በውጪ ያሉ ጁንታዎች እንደ ወደል አህያ ከመንደባለል ወደ ጡሩንባ መንፋት ተሸጋግረዋል,negative,negative,negative,negative
1471289465343721487,@user @user @user አዛኝ ቅቤ አንጓች፣ አንተ አይደለህንዴ የተጋሩ ሬሳ ሲቃጠል እልልታህን ያቀለጥከው።,negative,negative,negative,negative
1435784603516776448,@user ታላቋ ኢትዮጵያን እያበጀህልን ያለህ ኖህን ትመስላለህ እኛም ተሳፍረና.,positive,negative,positive,positive
1439341101362581507,@user @user and @user ሬሳችሁን አንሱ እየተባላችሁ ነው! -),negative,negative,negative,negative
1448424084048683010,ወያኔና ሸኔ አይነት የመንደር ወንበዴ ማሸነፍ የማይችል ቱልቱላ እኮ ነው አሜሪካ ጋር ሊገጥም የሸሚዙን እጅጌ የሚሰበስበው ?? ድሃ በህልሙ,negative,negative,negative,negative
1446986751302684677,@user መንግስት በጦርነቱና በምስኪኑ ሕዝብ ተጠቃሚ ነው የሆነው ! ይህ ሆን ተብሎ አይደል ከትግራይ ክልል ወደ አማራ ክልል በግድ ስበው ያመጡትና እንዲህ ሕዝቡን ለሰ,negative,negative,negative,negative
1451338853579563016,@user እኔማ የወያኔ አስኳሽ ሁሉ እየመሰለኝ ነው,neutral,negative,negative,negative
1441941197723947008,@user ለራሳቸው ዜጋ እንኳን ያልሆኑ #ድህነት ነው የኛ ጠላት #ደንቁርና ጓዱ,negative,positive,negative,negative
1460067165424570375,የዚህን አካውንት ባለቤት ብታገኙት ምን ትሉታላችሁ በሬ ወለደን አሻሽሎታል።,negative,negative,negative,negative
1446199424175296515,@user ይሄ ሌባ እኮነው ብታይ በስመኣ መሬት ከመሬት ወርቅ አልማዝ #ታኬሌባ በስመኣብ ቃለመሃላ ሲፈፀም እራሱ አያፍርም እኮ,negative,negative,negative,negative
1439681418754465798,ጦርነቱንም፣ ግድያውንም፣ አፈናውንም እና አምባገንነቱንም ሞክረን አይተነዋል። ጉዳት እንጂ ትርፍ አልተገኘበትም። እዚህች ሀገር ላይ ያልሞከርነው ካለ ድርድር እና ሰላማዊ የ ስልጣን,positive,positive,positive,positive
1469491197781712897,@user @user ቅኖና ወስደው ነው ወይ? ግልጽ ይሁንልን,neutral,positive,neutral,neutral
1445934997861502978,መንግስት በዋናነት ሌብነትንና ልመናን እንደሚጠየፍ ይህንንም ለማስፈፅም አዲሱ ሹመኞች ልዩ ሃላፊነት እንዳለባቸው በተሾሙ እለት በይፋ መሰመሩ ተስፋ ሰጭ ነው ይህ ማለት በየመ/ቤቱ የ,positive,positive,positive,positive
1452367112928903177,@user የብልፅግና ደቀ መዝሙር ነው። ተፅፎ የሚሰጠውን ነው ቃል በቃል የሚያስተጋባ እንደ ፓሮት,negative,positive,negative,negative
1457173607155654660,#ኢትዮጵያ የመሰዋዕትነት ውጤት ናት:: አፄ ቴወድሮስ በራሱ ላይ ምላጭ ሲስብ ፤ በላይ ዘለቀ ሲሰቀልላት፤ አብዲሳ አጋ ጀብድ ሰርቶ ሲሰዋ፤ በአድዋ ሺዎች ዋጋ ሲከፍልላት በምክንያት ነ,positive,positive,positive,positive
1461149807779536907,ይኼን ሁሉ ሠራዊት አሰልፈህ በ የ ግንባሩ ከ ተሸነፍክ በኋላ ጦርነቱን ከ ዚህ በላይ ማራዘም አላስፈላጊ መስዋህትነት መክፈል ነው:: #Eyhiopia,positive,negative,negative,negative
1449829185933889536,@user አዎን አማራ እራሱን እያረደ ነው,negative,negative,negative,negative
1432890693177991169,@user የተረገመ ስኪዞፈሪኒክ እኔ ፀጉርሽን እበጥሳለሁ ፣ ወንዴን ልቀቅ ፣ እሱ የእኔ ብቻ ነው እና ሌሎቹን ይጠላል ምክንያቱም ለኔ ደደብ ደደብ ዓይኖች ብቻ ስላለው,negative,negative,negative,negative
1471998245756882955,ምዕራባዊያን የተለመደ የዘረኝነት ዱሮ የፈፀሙትን ፍርደ ገምድል ፍርዳቸውን ዛሬም በሀገራችን ኢትዮጵያ ላይ ደግመውታል። ነገር ግን የአባቶቻችን ልጆች ጀግኖች ጥቁር ሕዝቦች ነን ምንም,positive,negative,negative,negative
1442976917016117254,ከጎንደር ወደ ገንዳ ውሃ በአባዱላ ሲያቀኑ የነበሩ ተጓዦች ተላላኪው የቅማንት ኮሚቴ ባደራጀው የሽፍታ ቡድን ግድያ እና እገታ ተፈፀመባቸው። አማራ ሚዲያ ማዕከል መስከረም 18 ቀን 2,negative,negative,negative,negative
1450284441016877056,@user @user አንተ ቀዳዳ ማራኪዎቹ የታሉ? ይህ ምኞታችውን ነው ሚገልፀው።ችግር የለውም ምኞት አይከለከልም።,negative,negative,negative,negative
1435357073450180618,@user ይህንን ያህል ታሪክን መካድ ሎቅማፅ ነገር ነህ እሩቅ ሳንሄድ በደርግ ጊዜ ከሻቢያ ጋር ፍቅር እያላችሁ ፋኖ የሚባል አደረጃጀት ሳይኖር ትግራይ ትራብ ነበር ምክኒያቱም,negative,negative,negative,negative
1439427752269172743,@user በዓላት ከሌሎች ጋር ለመጋራት ዕድሉን ይሰጡናል። በቅርብም በሩቅ ላሉ ተስፋን እና መልካም ምኞትን ማጋራት። አዲሱን ዓመት ስንቀበል፣ ለዐቅመ ደካሞችና ችግረኞች,positive,positive,positive,positive
1476049822054502403,@user ምክንያቱም እኛ ባለ ሱቁ ሰላልሆንን,neutral,positive,neutral,neutral
1473110363000295431,@user እንዴ??? እነዚህ እብዶች አሁንም ሃገር የሚመሩት እነሱ መሰላቸው ወይስ ጭንቅላታቸው ላልቶ ነው?,negative,negative,negative,negative
1452722595829370888,@user @user አወቅን ባዮች በኤርትራ ከሰማይ የወረደ አደጋ የመጣ ይመስል ሰውን አትረብሹ። በደፈናው ተረጋጉ ነው የሚለው።,negative,negative,negative,negative
1438249565233336321,የተከፈለው ተከፎሎ እነ @user ማሰወገድ ግድ ይላል!,negative,negative,negative,negative
1448492493838987266,ይህንን ካዩ እባክዎን ከእኔ ጋር ሶስት ያድርጉ,neutral,positive,neutral,neutral
1463695597748248577,አሁን ባለው ሐገራዊ ወኔ ያለ ምንም ርህራሄ ወያኔን እስከወዲያኛው መሸኘት ነው ብቸኛ አማራ ጭ!! ኢትዮጲያ ታቸንፋለች????,positive,negative,negative,negative
1435357496038727683,መጨረሻ የምልህ እስቲ ፍትህ የሚለውን ቃል አስበው።,neutral,positive,neutral,neutral
1442574944857116675,@user @user እድሜ ልክ ተጨቆንን ወሬ አይሰለቻችሁም? ከማንና ከምን ነፃ እንደምትወጡ አልገባኝም። ይልቅ ይህን ምስኪን ህዝብ አታሰቃዩት። 60አመት ያልተ,negative,negative,negative,negative
1457191793100009472,@user @user @user የእነሱ ጭንቅላት እኮ አፍሪካን አይመጥንም ብለዋል።,negative,negative,negative,negative
1439692684470390789,@user #ማዕቀብ መጣል አይደለም ፤ ሰማይ ዝቅ ምድር ከፍ ቢል ፣ ውሀ ሽቅብ ቢፈስ ፣ ቁራ ነጭ ቢሆን እንኳን ድጋሜ ወያኔ የተባለ መዥገር ወደስልጣን አይመጣም,negative,negative,negative,negative
1464087777503547395,@user @user እግርዋን ወደ ኢትዮጵያ ብታነሣ እስር ቤት መጣል ነው እቺን ከሀዲ,negative,negative,negative,negative
1452395380289703944,የሚያውቅ ያውቀዋል ! #ኢትዮጵያ,neutral,positive,positive,positive
1434284449898942466,@user ጌቾ የምላስ አርበኛ የሠይጣን ጓደኛ ተጠምተህ ነበረ የሠው ደም መጠጣት ተርበህ ነበረ የሠው ስጋ መብላት አሁንስ እንዴት ነው? በርግጥ ሰማሁልህ በ,negative,negative,negative,negative
1474917383525515268,አምባሳደር ካሳ ከበደ፣ ነፍስ ኄር??,neutral,positive,positive,positive
1456819623115083778,ኢትዮጵያ ይሄን ቀን ታልፋለች!! ምኞት ሳይሆን እውነት ነው!!,positive,positive,positive,positive
1447042659131011075,@user @user @user @user ትህነግ ጋር አንድ አዳራሽ ውስጥ ተቀምጦ የተነፈሰ ሁሉ ያመመው የማይድን በሽታ ነው። ቅይጥ,negative,negative,negative,negative
1449946096768221189,@user ህ ወ ሀ ት የ ቀን ጉዳይ ካልሆነ መራራ ሽንፈት እንደሚያስተናግድ በቆፈርው እንደሚቀበር ግልፅ ነው ይህ እንደሚሆንም የ ህ ወ ሀ ት አመራር ጠንቅቆ ያውቀዋል,negative,negative,negative,negative
1456462376153149447,ኢትዮጵያውያን በፖለቲካ አመለካከት ልንለያይ እንችል ይሆናል። በተለያዪ ዓለማት ተበትነን እየኖርንም ሊሆን ይችላል። በሃገራችን ጉዳይ ግን በፍፁም አንደራድርም። ኢትዮጵያውያን በፍፁም,positive,positive,positive,positive
1437571390786314242,አይ ዶክተርነት ከምሽግህ ከዘረኝነትህ እንኳን አልገላገለህም የወንድሙን ሬሳ አንገት የሚቆርጥ አረመኔ ታቅፈህ ኢትዮጵያን ለማጥፋት መጣር ራስህን እንደ መግደል ነው ። አውሬ!,negative,negative,negative,negative
1470245893911859205,#በአማራ ክልል በደሴ ኮምቦልቻና ከሚሴ በማንነታቸው ብቻ ያአልንዳች ጥፋታቸው ትግሬ በመሆናቸው ብቻ የታሠሩ ኢትዮጵያን መፈታት አለባቸው።,positive,negative,positive,positive
1454673030446292992,ውድ ጎረቤቴ ሆይ፦ አንድ ብሄርን ወክሎ ደመ ከልብ ከመሆን ኢትዮጵያን ወክሎ መሰዋት 100 ልዕልና እንዳለው ልቦናህ ያውቃል! ካሁን በኋላ #ኢትዮጵያ|ን ስትከዳ ባገኝህ ወላሂ,positive,negative,negative,negative
1439043269325991938,@user ልክ ነሽ ግን ሰሚ ካለ,neutral,positive,positive,positive
1446274310180466690,በዚህ አምስት ዓመት ምክርቤቱ ካገዘን፣ ህዝቡ ካገዘን የምንቀብረው ብዙ ታሪክ ይኖረናል። @user አንዱ ዘርን መሰረት ያደረገ የፌደራል አወቃቀር ነው።,negative,positive,positive,positive
1451033297732218881,ጤና ይስጥልኝ መልካም ምሽት,positive,positive,positive,positive
1453486091487612929,ክፉ ሰዎች ሁሌ ክፉ ናቸው እባብ ብልህ እንጂ የዋህ ሆኖ አያውቅም ተጠበቁ ከማ ? ውስጥ ለውስጥ ከሚሄዱ አልኩ እንግዲ,negative,negative,negative,negative
1469510028797386752,@user ካዋርጃ ደሞ ምንድን ነው???,neutral,positive,neutral,neutral
1438314118046314497,@user ምን ለማለት ነው ይኼ? ጠጅቱ!,neutral,positive,neutral,neutral
1461914312482725889,@user @user ደብረፂዮን ማነው ተብለው ቢጠየቁ የማያውቁ? በድድብናቸው ይሆን የተያዙት ?,negative,negative,negative,negative
1454260542638632966,@user Continue your darama.ወደ ደሴ መግባት ጀምረናል። ደሴ ውስጥ መግባት ከመቀሌ እስከ ሞያሌ ያህል ራቀባችሁሳ። በውሸት ተውልዳችሁ በውሸት ያደጋችሁ የምድር ጉዶች,negative,negative,negative,negative
1459377436290957313,የእምየ ምኒሊክ ልጆች ነን ጎላዲያኖች ኢትዮጵያ ከመጡ ገለን መጎተቱ ኤስኪታክተን እናሳያቸዋለን።የነሱ ቴክኖሎጅ በኢትዮጵያ አምላክ ይመክናል።ማንኛውም ምድራዊ ሀይል ይመጣ እምየን አናሰደፍርም።,negative,negative,negative,negative
1448134459094495240,@user የሚሰሩትእናንተ የዘቀጣችሁ የአሁን የትገራይ ትውልዶች ግን ለሱዳን እና ለግብፅ የባንዳነት ታሪካችሁን ቀጠላችሁ።,negative,negative,negative,negative
1443668642583961606,@user የተመድ ከፍተኛ አላፊዎች የደህነት ስጋት የሚሆኑት እንዴት ነው? ደብዳቤው የሚለው ጣልቃ እየገቡ ነው ነው:: ምን አደረጉ?,neutral,positive,neutral,neutral
1461545780100190212,@user የመጀመሪያውም የመጨረሻውም #ደንቆሮ ቢኖር አንተ ብቻ ነህ! በወንድምህ ደም ላይ የምትሳለቅ አውሬ! Have Never Seen Evilmind like You!??,negative,negative,negative,negative
1469465056530378757,@user @user የመጨረሻ አርምጃ ያሉትንም እግዚአብሔር ቀድሞ ገልብጦታል,positive,positive,positive,positive
1454994563332988935,@user @user @user እኛ የምናቃችሁ እንደ ፕሮፋይልህ ፎቶ ተዛዝላችሁ ስትለምኑ ነው ልክ እንድምትበሉት አንበጣ ስትፈለፍሉና ስትለምኑ በየአማራው ሀገር ስትሰደዱ ነው,negative,negative,negative,negative
1474596979015655425,በአንድ አመት ውስጥ ሁለት ጊዜ የካዳችሁት መከላከያ ካሁን በሃላ ትግራይን ከእሸባሪው ነጻ ለማውጣት በሚል መስዋትነት አይደለም አንድ ዘለላ ጸጉር ስለናንተ ከእራሱ ላይ አትወድቅም።,negative,negative,negative,negative
1451739221845286912,ቦሩ ስላሴ ላይ የህወሃት ጉጅሌ መደምሰሱን ሰምተናል #EthiopiaPrevails,negative,negative,negative,negative
1468074696537260037,@user @user ይህች ባንዲራ እስከ ዓለም ፍጻሜ ስትውለበለብ ትኖራለች። ውስጧ ያለውን የሰይጣን ምልክት አንሱልን።,positive,negative,negative,negative
1466981970613878791,@user እንደነዚህ አይነት ዶማ ያሳየኝ ይሄ እድሜ,negative,negative,negative,negative
1445490318409814022,@user በጣም እንጂ ደሞ እኩል መሆኑስ,neutral,positive,neutral,neutral
1464451218831560705,@user አይ @user ደግሞ አሁን ከጦር ሜዳ የሚዘግብ ሪፖርተር ሆነህ ቀረብክ? ምናለ ዕቃ ዕቃ የሚያጫውቱህን ፈልገህ ከእነርሱ ጋር ብትውል!,negative,negative,negative,negative
1440404897111830529,@user ሠርፀ ፍሬ ስብሓት የጋኔን ክሥረት ስብእና ለመገንባት ብሎ ያልተገባ እና ከሠይጣን ጋር የማይሄድ የነቢዩ ዳንኤል ጥቅስ መጥቀሱ ምን ያህል እንደ ወረደ ያሳያል።,negative,negative,negative,negative
1458589419653500929,ከህወሓት ጋር ድርድር ማለት ኢትዮጲያን ማፍረስ ዕቁብ መጣል ነው። #Nomore,negative,negative,negative,negative
1470236035204497411,@user ያልተነካ ግልግል (ደርድር) ያቃል ይሉሃል ይሄ ነው የጠጡ ካቲካላውነም ሆነ ቡናውን,negative,negative,negative,negative
1460465849249288199,@user ታሪካችንን የማያውቁ ነግሠው ነው!!,negative,positive,negative,negative
1464456881456521218,በአምላክ ሙሉ እምነት አለኝ ። በቅርብ ቀን በእግራችን ሥር ይወድቃሉ ።,negative,positive,negative,negative
1453468631216623618,@user አብሮነትሽ ናፍቆኛል ዋጋው ገብቶኛልና ይቅር በይ ተቀበይኝ ካልወሰደሽ ሰው ሌላ,positive,positive,positive,positive
1470255538839728139,ኢትዮጵያን አትንኩ ሳይነኩት እማይነካ ከነኩት የማይለቅ ልጅ አላት ኢትዮጵያ ባጭር እሚታጠቅ ሳያዉቅሽ ቢመጣ ሊወርሽ የሩቅ ሰዉ ቀዳሹ መኖክሴ ይሆናል ክፉ ሰዉ::,positive,positive,positive,positive
1437161508358823936,@user አዲሱን አመት እኛ ኩዌቴት በተግባር በድል ጀምረናል,positive,positive,positive,positive
1439055432761364480,@user እግዚአብሔር አንድነትን ወይም ሕብረትን ይመርጣል።ጋብቻ አንድነት፣አዳምና ከጎኑ የወጣች ሔዋን የሚዋሀዱበት።ከዚያ ወጪ ያለው ግኑኝነት ሁሉ ሕብረት እንጂ አንድነትን አይ,positive,positive,positive,positive
1442996610875617293,@user አንተ ደሞ በስንቱ ትናደዳለህ ኢሱ አምሮበታል አብየስ እንዴት ነው? ዘንድሮ ተቋጠላችሁ,neutral,positive,negative,negative
1439678900863447041,የወያኔን ሀጥያት የሚያስተባብሉ /እያድበሰበሱ የሚያልፉና የተሳከረ ዘገባ የሚሰሩ አለማቀፍ የሚዲያ ተቋሟት የስራ ፈቃዳቸው ለምን እንደማይታገድ ነገው ግራ የሚገባኝ?! ከዚህ በላይ ም,positive,negative,negative,negative
1438644381733597189,SUBSCRIBE በማድረግ እና ለሌሎች በማካፈል በርች በሉኝ,positive,positive,positive,positive
1436492648538378253,@user ለአድዋ ተወላጅ ስልጣን ሲባል የእንደርታው እና የተንቤኑ ተወላጅ መሞት ያሳዝናል : ህውሃት ሲመቸው ዞር ብሎ አያያችሁም,negative,negative,negative,negative
1476338337015382019,ሶማሊያ የአሜሪካ እና የእንግሊዝ የተቀነባበረ መፈንቅለ መንግስት አሸንፋለች። @user አህመድ አሊ የነፃነት በሮችን ከፈተ እና እንደገና አይዘጋም። @user 6ኛውን ጎሳ (ኢምፔሪ,positive,negative,negative,negative
1446917996132323328,የarsenal ደጋፊዎች ስሜት ዛሬ አደል ሚገባኝ እሚያቃጥል ያቃጥልህ ድንቄም በረኛ,negative,negative,negative,negative
1440062344365625349,@user @user @user ኃጢአተኛ ነፍስህ ከመዳን በላይ ናት እናም ሰላምን ወይም ሥቃይን አታውቅም ፣ የንስሐ ቅዝቃዜ ብቻ አብቅቷል ፣ ምክንያቱም,neutral,positive,positive,positive
1473488473499701248,#ICYMI ልክ በሰዓቱ ለዓመት በዓል ጊዜ፣ የሲያትል ከተማ (@user) በገቢ ለሚያሟሉ 9 392 ቤተሰቦች በሲያትል የማቃለያ ገንዘብ በኩል ስጦታዎችን ይሰጣል።,neutral,positive,positive,positive
1468079751382376448,ባሏ በጣም ቅናተኛ ከመሆኑ የተነሳ ሚስት ከ እንቅልፏ አርፍዳ ስትነሳ ባል be like በ ህልምሽ ከማን ጋር እየተንዘላዘልሽ ነበር ??,negative,negative,negative,negative
1471684626599104514,@user @user @user አን የኔ ጀግና እድሜ ከጤና ይስጥክ ስለምታረገው ነገር ሁሉ እናመሰግናለን !!!,positive,positive,positive,positive
1465906795340177408,@user @user አንወረውርም፣ሴትን እንደ ውሻ ለመአት አንድፈርም፣ሴት ማህፀን ውስጥ ምስማርና የጋለ ብረት አንጨምርም፣የህፃን አንገት ቆርጠን ፌስታል ውስጥ ይዘን,positive,positive,positive,positive
1442980560230514690,@user @user ጌችን ሳስብ ትዝ የሚለኝ አሁን የታሸገው ቦሌ ሞይንኮ ጋር ያለው ጎጆ ማጀት ነው,neutral,positive,negative,negative
1455754175090933763,ትግራዋይ ሁሉ በያለህበት ፀንተህ ትግልህን አጠናክረህ ቀጥል ።ግፈኞች ተጠራርገው የሚጠፉበት ሰዓት ቀርቧል።,negative,negative,negative,negative
1453483734561443840,ባሻዬ ሽንፈትን የሚወድ ማንም የለም !! ነገር ግን ሽንፈት አስገዳጅ ሆኖ ከመጣ . ህይወት ከማጣት የሚታደግ ከሆነ . ከተማን ከውድመት የሚጠብቅ ከሆነ . ሽንፈትን በፀጋ መቀበል ብ,positive,positive,positive,positive
1443061016749871106,@user ህሊና የላትም ገና ህፃን እኮ ነች። ደሞ ምን አገባህ ስለ ኢትዮጵያ?,negative,negative,negative,negative
1441538531038400513,@user በጣም አሳዛኝ ድርጊት ነው። አንዳንዴ እግዚአ ብሄር መኖሩም ያጠራጥረኛል።ኦሮሙማዎች እኛን ለማናደድ የሚሽቀዳደሙ ይመስላል። ለመሆን ስንት አመት እንገዛለን ብለ,negative,negative,negative,negative
1464456608067600385,መቀሌ ዩኒቨርሲቲ የተማራችሁ ሁሉ ምን እየጠበቃችሁ ነው? አብይ አ.አ ዩኒቨርሲቲ የተማረ ዋ! እያለ ነው። ስለዚህ ዋ! ከአለም እንዳትፋቁ!,negative,negative,negative,negative
1442252084083048450,መስቀልን ከዶ/ር ሙሉጌታ ይታዬው ፣ ከህግ ባለሙያ አስረስ ማረ ዳምጤ ፣ ከአርቲስት ምኒበል ቢወጣ እና ከጋዜጠኛ ንጋቱ አስረስ ጋር የነበረንን የበዓል ልዩ ፕሮግራም ጨዋታ ነገ ማለትም,neutral,positive,positive,positive
1444129960826839044,@user መስቀል የሚሄደው ሕዝብ ከተማ የማውደም ልምድ ስለሌለው ይመስለኛል።,positive,positive,positive,positive
1455011176610508807,@user የወረደ ቋንቋ መናገር ያስተማርካቸው እኮ አንተ ነህ እረሳኸው እንዴ ?,negative,negative,negative,negative
1438225608723533824,@user አሁንም እንዲሁ እያባበሉ ህዝቡን ለተጨማሪ ጭፍጨፋ እንዳይዳርጉት,negative,negative,negative,negative
1459359327010140161,የለሚ ኩራ ክ/ከተማ ለጀግናው የሀገር መከላከያ ሰራዊትና ለተፈናቃዮች ከ3.5ሚለየን ብር በላይ የሚያወጣ የበሬ የበግና የደረቅ ምግቦች በማሰባሰብ ድጋፍ አድርጓል። በድጋፍ መርሃ ግብ,positive,positive,positive,positive
1441239863496482816,ምድረ ሆዳም ገብጋባ ሌባ ሁሉ ተንጫጫ። ህሊና የለም።ነጭን በትርጉም ማታለል ይቻላል። እሱንም የሚፈልጉ ከሆነ። ነገር ግን ህሊናንስ? ከዛ ልጅን እቤት ገብቶ እንድትዎሽ! አይደብርም?,negative,negative,negative,negative
1456471366845321219,@user በየትኛውም ትውልድ ዘመን ቢሆን ኢትዮጵያ አትፈርስም :: ይመኛሉ እንጂ አያገኟትም ::,positive,positive,positive,positive
1469130500577050625,@user ችጋር አንዱ የጦርነት ምክንያት ነው ።ትግሬም ችጋራም ስለሆን በጦርነት መሞት ይሻላል ብሎ እያለቀ ነው።ትግሬ ዋናው ችግሩ ከመስራትና ከችግር ከመላቀቅ ይልቅ በስር,negative,negative,negative,negative
1465156483381964804,@user ሌቦ!እያጭበረበራቹ እስከዛሬ ቆያቹ ትንሽ ቀን ነው የቀረክ እንደጓደኞችክ ወደ ሲዖል ትሸኛለክ እሺ።,negative,negative,negative,negative
1441204354514513921,@user @user ልደቱ ክደቱ 97 ይፍረድብህ የአብይን ጦስ አሁን አንተን ሰው ብሎ የሚሰማ ካለ በ97 የ1 አመት ልጅ ነበር ማለት ነው እግዚአብሄር ገና,negative,negative,negative,negative
1442933257742348289,@user ዙቤይዳ እና ፒያሳ ጠብቂኝ የተዋጣላቸው መጣጥፍ ናቸው! እባክሽን አንብቢው!,positive,positive,positive,positive
1439399045626318852,@user @user ህገ መንግሥታዊ ጥያቄ ለመጠየቅ መንገድ የወጡት ያለ ህግ የሚሞቱበት አገር ኢትዮጵያ,negative,negative,negative,negative
1439436381965672452,እኛ ኢትዮጵያዊያን የሚንዋጋው ለእውነት ነው ፣የጦር መሳሪያችንም እውነት ነው፣ድላችንም እውነት ነው ፣መመካችንም አውነት ነው ፣ተስፋችንም እውነት ነው፣የሚዋጋልንም የእውነት አምላክ የሆነው የኢትዮጵያ አምላክ ነወ።,positive,positive,positive,positive
1453196723220738054,@user @user የህወሓት ዓላማ ዐብይን ከስልጣን ማውረድ ቢሆን ኖሮ ንፁሃንን በግፍ ባልጨፈጨፈ ነበር አማራ የዘላለም ጠላታችን ነው ሂሳብ እናወራርዳለን ብሎ በግል,negative,negative,negative,negative
1442920823510106120,የአዲስ አበባ ከተማ አዲስ ተመራጭ የምክር ቤት አባላት ወደ አዳራሽ እየገቡ ይገኛሉ። በስድስተኛው ሀገራዊ ምርጫ ህዝብ ድምፅ የተመረጡ የአዲስ አበባ ከተማ አዲስ ምክር ቤት በዛሬው ዕለት ይመሰረታል ።,positive,positive,positive,positive
1454629679558799362,@user ብርሃኑ ጁላ ልቅሶ ላይ አልተገኘም? መቸም ተማርኮ ነው እሚሆን ብየ ነው?,negative,negative,negative,negative
1450564388755107841,@user @user ትንሽ ግዜ ነው ምነው ኦሮሞ ባልሆንክ የሚሉበት ቀን ይመጣል !!!!,negative,negative,negative,negative
1463357674406486018,@user @user 3ቱ የዘመቻ ጥቅሞች! 1.ከታሩካዊ ውርደት ትድናለህ 2.ቤት ቁጭ ብለህ እናትህ ፊት ከመረሸን ትድናለህ 2.ብትሞት እንኳን እሱ ብቻ አይደለም ሞተህም ብት,positive,negative,negative,negative
1459363574485336076,ነገር ግን ሃርቬይ ዴንትን አውቅ ነበር ፅምድ ሽሳፍየ ዶክተር ፓቭል የአንተን ስጦታ በመደገፍ ተቀባይነት አላገኙም ንልናረምጀ ንቱሳእ,negative,positive,neutral,neutral
1461544706018586624,@user @user ንፅህናህን ብትጠብቅ እንዳይመጣብህ ልትከላከል ትችላለህ,positive,negative,positive,positive
1452845606662250502,@user አረ በእግዝአቢህር እንዴት?እየተንቀጠቀጠ እየተርበተበት ውሸት እንጂ እውነት የማያውቅ የድሮ 50 አለቃ የደር ሙርከኛ እኮነው በአላም እንደሱ አይነት አድሮ ባይ የለም,negative,negative,negative,negative
1446977313984458756,ትንሽ ውሎ ካደረ እነዚህ ፈረንጆች እነ ወልድያን ደቡብ ትግራይ ብለው ይጠራሉ?? ጉድ እዩ,negative,negative,negative,negative
1475277736377786368,የስቅላት ፍረድ በማንኛዉም ሰዉ እንዲፈፀም አልፈልግም፤ ነገር ግን ኢትዮጵያ ዉስጥ በመንግስት ሀላፊነት ላይ ሆኖ የሚሰርቅ በአደባባይ እንዲሰቀል ቢፈረድበት ቅር አይለኝም ።???? ክስርቅ,negative,positive,negative,negative
1453818630672687113,አሸባሪዋ ትህነግ ሰልችታን እንደአባረርናት ረስታ ነው እንደ አዲስ እራሷን ቅዱስ አስመስላ ለማስተዋወቅ የምትሞክረው? ወይ short memory! #TPLFTerroristGroup,negative,negative,negative,negative
1457527871304441860,@user እሄ ለአማራ ህዝብ የውድቀትና የህልውና ወቅት ነው! በድርድሩ መንግስት ቢስማማ እንኳን ጦርነቱ በአማራ ህዝብ አሸናፊነት መጠናቀቅ አለበት! እስካሁን የአማራ ህዝብ,negative,negative,negative,negative
1460086417196040196,@user ኃጢአተኛ ነፍስህ ከድነት በላይ ነው እናም ሰላምን እና ህመምንም አታውቅም ፣ ብቸኛው የባዶነት ቅዝቃዜ ብቻ ነው የንስሐ ጊዜ ተጠናቅቋል ፣ ምክንያቱም ጥፋቶችህ በክፉ ዓይ,negative,positive,negative,negative
1462640764786290696,ኢትዮ የምትዋጋው ለአፍሪካ ነው ።አፍሪካ ተኝታተኘታ በመጨረሻ ላይ ነቃች ።ይህ ውሎ ውርጂብኝ ኢትዮ የሷ ጦርነት የመሰላቸ አውን ገና ነቆ።,positive,negative,negative,negative
1454235562072846340,@user ለለውጥ ያክል ነው! ጨጉዋራየ ትንሽ ይረፍ ብየ እኮ ነው! የሆነች @user የምትባል ልጅ በነገር ስትጠብሰኝ ነው የዋለችው!,negative,negative,negative,negative
1444389152183791617,@user @user @user እኛ እኮ ሌላ ታሪክ ውስጥ ገብተናል ትግሉም ወደ የአፍሪካ ቀንድ እና አፍሪካዊያን ሆኗል፣ ምን ሆነው ነው ግን እነሱ ወያ,neutral,positive,negative,negative
1438700319240867852,የትግራይ ፋሺስቶች መዋጋት ሳይሆን፣ የተኛ ሰራዊት፣ ማረድ እና፣ የ ተኛ ገበሬ ማድቤት ውስጥ፣ መርመጥመጥ ነው የሚያውቁት። ጭር ያለ የገጠር ቀበሌን፣ የ መንደር ጎረምሶችም፣ በ 1 ሰ,negative,negative,negative,negative
1461195717985423362,@user የአገው ፈረሰኖች ማህበር ቀን የተነሳ ምስል ነው! መልካም ቀን!,positive,positive,positive,positive
1462646691543322625,@user @user ዝም በያቸው እነዚህን አውቆ አበዶች . I guess እግዚአብሔር በጣም የደከመው ቀን ነው የሰራቸው.ድካም እኮ ናቸው,negative,negative,negative,negative
1465903683279933440,@user ጉዳዩ በአፍሪካ ጠንካራ መሪ እን ዳይፈጠርና የኒዮ ኮሎኒያሊዝም የተቀናበረ ዘመቻ ጭምር ነው ስለዚህ አፍሪካውያን ትግሉን መቀላቀል እንዳላባቸው በዲፕሎማሲው ዘርፍ መሰ,positive,negative,negative,negative
1456823680223358977,@user የምን ድርድር ? ድርድር ብሎ ነገር የለም ህወሀት ነቀርሳ ነው ተነቅሎ ከኢትዮጲያ ምድር መቀበር አለበት። የጽሞና ጊዜ ብላቹ ነው ይኼ ሁሉ ማጥ ውስጥ የከተታችሁን ??,negative,negative,negative,negative
1460795496763727873,@user @user ክብር ለጀግናው ፋኖ ና ለመከላከያ ሰራዊት ሽፍታው ወያኔ ያሰማራው ዘራፊና ገዳይ ቡድን እንደጉድ እየረገፈ ነው ናና ሬሳ በመቅበር አግዛቸው,negative,negative,negative,negative
1469840571581743108,@user አቶ ደረጄ ደገፋ ለመሆኑ ለምፅፉት የውሸት ሰበር ዜና ስንት ነው የምከሎት? የኤርትራ ናቅፋ በር እና አልጌና ተራሮችም በኢትዮጵያ ሠራዊት ቁጥጥር ሥር ገብቷል ኢ,negative,negative,negative,negative
1468079006704713732,አይ ሂዊ (ህወሀት) ስራሽ ሁሉ የሰይጣን አሳብሽ የዳቢሊ ፍጥረትሽ የጭራቅ አሁን ስልታዊ መፈግፈግ ብለሽ በብዙ ሺ የሚቆጠሩ የትግራይን ህይወት አስገብራ ተቀጥቅጣ ከመጣችበት መመለስ አ,negative,negative,negative,negative
1457190659727704069,እነዚህ በ ፋና እና ኢቲቪ ወተው፣ እኔም ቢፈቀድልኝ እዘምታለው እያሉ ሚፎክሩት፣ አውቶብስ ላይ ከመውጣት እና ከመዝመት ማን ከለከላችው? አራዳው ከተሜ ሁሌ እንደፎገረ እና ሞኙን ወደሞ,negative,negative,negative,negative
1438607764864081921,@user ሀገር እያፈረሱ ያሉት አብዛኛው ያንተ ዘመዶች ናቸው። አንተም ወላዋይ ነህ።,negative,negative,negative,negative
1472400668166029313,@user አሁን ደሞ ተራው የኛ ማፍረሰ ይቀራል እሱም የዘር ፓለቲካን ማፍረስ,positive,negative,negative,negative
1472412320114495494,ቢቻላችሁስ በእናንተ በኩል ከሰው ሁሉ ጋር በሰላም ኑሩ። ተወዳጆች ሆይ፥ ራሳችሁ አትበቀሉ፥ ለቍጣው ፈንታ ስጡ እንጂ፤ በቀል የእኔ ነው፥ እኔ ብድራቱን እመልሳለሁ ይላል ጌታ ተብሎ ተጽፎአልና። ሰናይ ሰንበት!,positive,positive,positive,positive
1446197517209772037,@user የማያልቅ ምሰጋና ክብር ይድረሰልን በእውነት ኢትዮጵያዬ እድለኛ ነች እናተን በውሰጧ አምጣ መውለዷ የሐገሬ መከታ የክፉ ቀን ደራሿ ደጀኗ ናችሁ አደራ አደራ እራ,positive,positive,positive,positive
1472429899029913609,#የተከቀሩ የህዝብ ተወካዮች ምክር ቤት አባል አስተሳሰቦት እያደር ጠበበ ልበል ሰፋ አድርገው ለማሰብ ይሞክሩ እንጅ ድሉ እኮ #የኢትዮጲያ ሀዝብ መሰለኝ አይደለም እንዴ,positive,positive,negative,negative
1455018483033550851,በስርህ ያሉትንም አረም ነቅለህ ጣል ግድ የለም የህዝብ ጠንቅ የሆነን ማስወገድ ነው ቀድመን እንደ ደሴው ሠላይ ሠው መስሎ አስመሳይ አራሙቻ ሁላ ይነሳ ከኛ ላይ። ኢትዮጵያ በህዝቦቿ,positive,negative,negative,negative
1453501761814151175,@user ቀን ቢጥላት የኛን ድመት አይጥ በላት! ሰው እንዴት 30 አመት ብሶተኛ ይሆናል(??27),negative,negative,negative,negative
1458609616443613186,አስቸኳይ የሰላማዊ ሰልፍ ጥሪ ለቶሮንቶና አካባቢው ነዋሪዎች።,neutral,positive,neutral,neutral
1469845362596847619,13 ዓመት ከ5 ወር እስር ቤት ነበርኩ:: 8 ዓመት ጨለማ ቤት ነበርኩ:: - አቶ ወርቁ አይተነው - @user ህይወት መከራ የበዛበት ትምህርት ቤት ነው:: እጅግ በ,neutral,positive,neutral,neutral
1471285895634501634,ፀሐይ በምሥራቅ ስትወጣና በምዕራብ ስትጠልቅ ሰማዩ ይቀላል።የምዕራቡ ሰማይ መቅላት ጨለማን፤ የምሥራቁ ግን መጪው ጊዜ ብራ መሆኑን ያበስራል።ኢትዮጵያ ምዕራባዊያኑን ጫና ብትቀበልም ውጤ,neutral,positive,negative,negative
1467318421159297031,@user ይሄን ተወዉና ስለሚያልቀዉ ወጣትና ምርኮኞች ምን ትላለህ ባንተ ቤት ሳይኮሎጅ መጫወትህ ነዉ አዲሱ ስትራቴጂ ደግሞ ምን ይሆን እስከመቸስ እንዲህ እየቀለዳችሁ ተዉ,negative,negative,negative,negative
1435727880017874949,አሁን ኢትዮጲያ ውስጥ ያለው ሁኔታ ከዚህ በፊት ለመለየት የሚያስቸግሩኝን ሁለት ነገሮች አስታወሰኝ በእምነትና ሃይማኖት መሃል ያለው ልዩነት ግራ ይገባኝ ነበር ግን ሰው እምነት ሳይኖ,neutral,positive,neutral,neutral
1440796093726429188,የሞቀ አልጋህ(ሽ) ላይ ተኝተህ ትኩስ ምግብ እየበላህ ዝናብና ብርድ ሳይፈራረቅብህ ተራራ ሳትወጣ ሳትወርድ ህይወትህ እንኩዋን አደጋ ውስጥ በሌለበት ጦርነቱ ዘገየ በዚህ ቀን ማለቅ ነበ,positive,negative,neutral,neutral
1460065567851880451,የወላይታ ኢትዮጵያዊ በአገር አይደራደርም,positive,positive,positive,positive
1435023115034189832,@user አይ አንቺ ብቻ አደለሽም! እኔም ነኝ!,neutral,positive,neutral,neutral
1473875684418277378,@user እነሱንም አልቻልንም ቀጣዮንም ትውልድ ጦርነት ናፋቂ ሊያደርጉ??,neutral,negative,negative,negative
1474566509951434755,@user @user እውነት ነው ለ3አስርት ዓመታት በከበሮ ድለቃና በትርክት የተበላሸና የደነደነ አመለካከት መቀየር ቀላል አይደለም !! በድኑን ይኖር የነበ,negative,negative,negative,negative
1470967314451468292,ሥራህን ለእግዚአብሔር አደራ ስጥ፥ አሳብህም ትጸናለች,positive,neutral,positive,positive
1442574994207346694,@user ለነገሩ ለእርስዎ ክልልዎ ዙፋን ብቻ ነው።,negative,negative,negative,negative
1437976542966075393,ስለወሎ ዝም አንልም ፍትህ ለወሎ ህዝብ,positive,positive,positive,positive
1474586249914732546,@user የሚያደርጉትን አያውቁምና ይቅር በላቸው,positive,positive,positive,positive
1451651100017319945,@user እረ ወያኔ! እረ ወያኔ! የሚገርሙ ፍጡሮች! በሰው እና በተባይ መካከል ያሉ ለየት ያሉ ግዙፍ ሰው በላ ነቀዞች ናቸው! ይሄ ነቀዝ ከኢትዮጵያ ምድር ካልጠፋ ሀገራችን,negative,negative,negative,negative
1453819599074508803,@user ልጆቻችን ግን ዳግመኛ ትግራይ ስትነካ ማየት የለባቸውም enough is enough,neutral,positive,neutral,neutral
1474960597745815562,@user ይሄ ዜና እውነት ነው ልቦለድ ? የሱ ነገር አይታወቅም እኮ ??,neutral,positive,negative,negative
1439700520499830786,@user @user @user @user @user @user የአጋንንት አለቃ እርኩስ አንተና መሰሎችህ ተረት ሆናችሁ ትቀራላቹ እንጂ የትግራይ ህዝብ መቼም አይጠፋም !,negative,negative,negative,negative
1457563997465726980,@user ለክፋት እንዳልተናገረክ ግልፅ ነው የክፋት መንገድ ለሚያስቡ ግን የተለያየ ትርጉም ሊሰጡ ይችላሉ አትጨነቅ ሁላችንም የአዳም ዘር ነን,positive,positive,positive,positive
1442587093276839938,@user @user @user አይሻልም። እውነቱን መናገር ይሻላል መቼም እናትሽ እየተደበደበች ምሳ ስለ በላሽው ምግብ አታወሪም።,positive,negative,negative,negative
1433533153952493569,@user @user እኔ እግዚአብሔርን ነምናአልኝ ጅን ነሽናፍአለን,neutral,positive,positive,positive
1438312787990753280,@user በአብይ አህመድ / በኦሮሙማ / በብልጽግና / በብአዴን እንዲሁም በወያኔ የተዘመተበት አማራ ፣ ዛሬም ካልነቃ ነገ ታሪክ ሆኖ እንደሚቀር ሊያውቀው ይገባል ።,negative,negative,negative,negative
1457560306377543682,@user አንተ እኮ ልክ ነህ ምን አልባት የተናገርክበት ቦታ እንጂ,neutral,positive,positive,positive
1452483796889133068,አምላኬ ሆይ ሀገራችንን እንደ sayifu show back ground ያሉትን የተንቆጠቆጡ ፎቆች ስጥ??,positive,positive,positive,positive
1472770934104854530,ክፍት የስራ ቦታ ማስታወቅያ ለ Ride ሹፌሮች: ብዛት: - 9 የስራ መደብ መጠርያ: - የኢሮብ ነፃ አውጪ ግንባር - የሳሆ ግሎባል ንቅናቄ - ኩናማ ናሽናል ኮንግረስ - የመቀሌ,neutral,positive,neutral,neutral
1441516550863814657,@user ድንግልሽን ያስወሰድሽበትን ጫካ ወይም ቤርጎ ስታሳይን እጎበኘዋለን::,negative,negative,negative,negative
1466631463483281408,ትልቅ ሰው የለባቸውም,neutral,positive,negative,negative
1469839246668500992,አባዱላ ገመዳ ለእኛ ለኦህዴዶችና ለኦሮሞ ህዝብ የሚቀርበው ኦነግ ሳይሆን ቲፒኤልኤፍ ነው የሚለው። ቤርቤረሰቦችዬ አባዱላ ገመዳ ደግሞ የዐቢይ አሕመድ አሳዳጊ አባት መሆኑን ያዙ,neutral,negative,negative,negative
1476674296663748616,የጦርነቱ አሸናፊና ብቸኛዉ ታጠቃሚ ኢሳያስ አፍወርቂ ብቻ ነዉ።አቶ ልደቱ OMN ላይ ከተናገረዉ.,negative,negative,negative,negative
1444496216579092482,አቶ አንዳርጋቸው ፅጌ የአማራን ትግል ለመርዳት ያሰበ ይመስላል ስለዚህ አቶ አንዳርጋቸው ፅጌን ልንቀበለው ይገባናል።,positive,positive,positive,positive
1459730380790059009,በዚህ ጉዳይ ላይ ሁሉም እየተነሳ ስለተናገረ ብቻ ሳይሆን ለምን? እንዴት? እና እውነት ይሆን? ብለን ራሳችንን እንጠይቅ። እነዚህ ሁሉ አካላት በአንዴ እንዲህ አይነት ስራ ውስጥ እንዴት ገቡ? ምን ስራ ሳንሰራ ቀርተን ነው?,positive,positive,positive,positive
1453826673107931141,ደደቢት ተወልዶ . ወሎ ይቀበራል በራስ አሊ ሀገር . ፍፃሜዉ ይሆናል። ???? #ከፍታ ለኔዋ ልዩ ሀገሬ ኢትዮጵያ!,negative,negative,negative,negative
1445858292421447684,@user አሁን ያለህበት ቦታ የላከችህ ኢትዮጵያ ነች። ትግራይ አይደለችም። ለኢትዮጵያ ብትቆም ኖሮ ከዛሬው ሹመት አታመልጥም ነበር። አንድ ፈረንጅ ከየት ነህ ብሎ ቢጠይቅህ,positive,negative,negative,negative
1474596603164078085,የእኔ ጌና በዓል ታህሳስ 29 እንጂ 16 አይደለም። የራሴን በክብር እጠብቃለሁ። ለሚመለከታቸው ግን መልካሙን እመኛለሁ,positive,positive,positive,positive
1476765997453434881,እንደው አያቶቻችንና ቅድመ አያቶቻችንን በጀግንነታቸው ስናሞግስ አይተው እንደነሱ በጦርና ጋሻ የምንዋጋ መስሏቸው ነበር እንዴ? ፋራ ሁላ,negative,negative,negative,negative
1447314120907411457,@user እናመሠግናለን። ለፕሬዚዳንቷ መጽሐፍ ለመላክ ፈልጌ ነበር። አድራሻቸውን ንገሩኝ።,positive,positive,positive,positive
1474555619906670603,@user @user @user እውነት ብለሀል ያው የነጮች ሌላኛው መሳሪያቸው የሆነው አስተሳሰብ ለዚህ ሁሉ ምስቅልቅል የዳረገን በታመምነው የዘር ጉንፋን መሆኑ,negative,negative,negative,negative
1470966703286890500,@user ዜና ዓወት ጠፋ እንዴ,neutral,positive,neutral,neutral
1461898136457297924,@user ከሳምንታት በፊት ጫወታው አልቋል ዛሬ : ፍፁም ቅጣት ምት ውስጥ ገብተናል ። ተደናጊሪና,neutral,negative,neutral,neutral
1445846757523476495,2/3 ከኢትዮጵያ እንዲወጡ የተደረጉት 7 የሀN ሰራተኞች ጉዳይ በንግግር መፍታትና መፍትሔ መፈለጉ ጥሩ ነው። የአለም አቀፍ ሀገራት ድጋፉቸውን መቀጠል አለባቸው። ይህ ሲሆን ግን የኢ,positive,positive,positive,positive
1435786997809889282,@user ፈሳም በለው: የአፋር እናቶች አይደሉ እንዴ ግንባር ግንባሩን ብለው የመለሱት,negative,negative,negative,negative
1450292967357493251,ያገረሸው የሰሜን ጦረነት እና የመቕለ የአይር ጥቃት ህጻናት ለጥይት ማብረጃ የማንነት አስመላሽ ተስፋፊ ፋኖ ታጥቆ እንደኪራሙ በቢሶፍቱ፣በአዳማ፣በደራራ፣ ሰላሌ ውስጥ ለውስጥ ሌላ ጦ,negative,negative,negative,negative
1452725852479840258,ተላላኪዎች የአማራ ብልፅግና የትግራይ መሬት ሲወሩ የአማራ አማክረው ነበር ወይ? አሁን የእማራ ህዝብ አስር ግዜ የክተት ጥሪ እያሉ ህዝብ የሚያስቸግሩት።,neutral,negative,negative,negative
1450591214592348161,@user ትህነግ ያልከው እንኳ አሸባሪ አለመሆኑን እያየን ነው በገባበት ከተማ። አብይ ተብየው ግን ኦነግ ሸኔ ብሎ ባደራጀው ሽፍታ አማራን እየጨፈጨፈ ነው and that is a GIVEN.,negative,negative,negative,negative
1472032124710670344,@user መከላከይን መቀላቀል እድሜይቾሁ ያልፈቀደላችሁ ጦርነቱ እምነትም ላይ ነውና ለፈጣሪ በመፀለይ ትጉ። መስጊድን ቤተክርስቲያንን ገዳማትን ሲያረክስ ያየ መቼም ይህ አይጠፋውም።,positive,positive,positive,positive
1452454178580799488,ድሮኖቹ ጁንታውን እየለበለቡ መሆኑን ማወቅ ካስፈለገ ጁንቲንቶቹ በውጪ የሚያረጉትን ጩኽት ብቻ መስማት ነው የቱርክ ባንዲራ የድሮን ስእል ይዘው እዬዬ ነው: ሰው እንዴት ቆም ብሎ እስከ,negative,negative,negative,negative
1463718819738918916,@user አወሉ እግዚአብሔር ይማርህ።,positive,positive,positive,positive
1445853669161791491,@user @user ሆዳም ድሮውንስ ለስልጣን እንጂ ለኣላማ መች ተንቀሳቅሰህ ታቃለህ ወስላታ የፖለቲካ ባሪስታ!,negative,negative,negative,negative
1434363804117348353,@user @user ኮንዶሚኒየም ኬኛ ነው የሚለው? ሂት ሆነ ብየ ነው,negative,negative,negative,negative
1469485088576442369,@user ላሞቹንማ ይበልጡናል ብላችሁ ስለጨረሳቸዋቸው፥ እነሱ በሌሉበት ኩበት ለመልቀም virtually እየተገበርን ነው ?? #NoMore,negative,negative,negative,negative
1447762955303538691,የኢትዮጵያ ኦርቶዶክስ ወደ አሸባሪ ድርጅት ተቀይራላች። ዋና የአማራ ህዝብ ለጦርነት እየቀሰቀሱ ያሉት የኦርቶዶክስ ቄሶች፣ዲያቆኖች፣ ጳጳሶች.ናቸው።,negative,negative,negative,negative
1442575034929848320,ያገር ክትፎ እዚህ ከምትለጥፉ ግን ዝም ብላችሁ አትነፉም!,negative,positive,negative,negative
1454656149966442499,ህዝቡ ተሰቃዬ!! በመረጃ እጦት በፍርሀት ወደ አ አ ነጎደ።ለሁለም ነገር እኔን ስማኝ እያሉ የወሬ ስልቻ መልቀቅ እንጅ እየሆነ ያለውን ተጎጂው ሰው ብቻ ነው እውነቱን የሚያውቀው።ስለሀገሬ አዝናለሁ።,positive,negative,negative,negative
1469470021328027652,@user በግሌ ታምራት በራሱ መንገድ ሀገሩን ሊወድ ይችላል ፣ ባለፉት ጥቂት ወራት ግን ሲያወራ የነበረው ነገር ለሚወዳት ሀገሩ ሳይሆን ለጠላት ስነ ልቦና ጠቃሚ ነበር። እጅህ እላያችን ላይ ፍርሀት ሲለቅብን ነበር ።,negative,negative,negative,negative
1435713995885928451,የተደበቀው ሰው ልጣመይ ላኋበ እኔ ጓደኛዬ ነበር ውቸጓልፈስያአ ያፍክ ምንም ቁነጨትአ,neutral,positive,neutral,neutral
1457914032451641346,የደሴው ሁኔታ አሳስቦን ቆይቶ ወዲያው በህዝባዊ ድል መተካቱ ደስ ያሰኛል! ድል የህዝባዊ ሃይሎች መሆኑን ያየንበት ነው! ድል ለመከላከያ ሰራዊታችን! ድል ለህዝባዊ አገር ወዳድ ሃይሎች,positive,positive,positive,positive
1444400661752340480,@user ሀበሻ የሚለው መጠሪያ ከኤርትራ እስከ ሞያሌ ያሉትን ሕዝቦች ሁሉ መወከሉን አያውቁም? ጥቁር ቆዳ ያለውን ከቀይ ባሕር ማዶ የሚገኘውን ሕዝብ ሁሉ አረቦች የሚጠሩበት ስም ነው።,neutral,positive,positive,positive
1433977720162209793,@user አረንጓዴ፣ቢጫ፣ቀይ እላዩ ለይ ጥቁር አንበሳ ያለበት ነው ምርጫችን????,neutral,positive,neutral,neutral
1454994671697113089,እነሆ፥ የእግዚአብሔር ዓይኖች ወደሚፈሩት ናቸው፥ በምሕረቱም ወደሚታመኑ፥ መዝሙር 33፥18,positive,neutral,neutral,neutral
1434641607391907841,@user ገና ምን አይተው እነዚህ እርኩሰ የተረገሙ 27 እንኳን ለሌላው የኢትዮጵያ ሕዝብ ለራሳቸው ወገን የትግራይ ሕዝብ የማይሆኑ ደሀውን ሕፃኑን ወጣት አሰጨረሱት እን,negative,negative,negative,negative
1446957373835423745,@user @user ሲጀመር ሰላም ሚኒስቴር ሚባል ነገር መኖሩ! Straight from 1984,neutral,negative,negative,negative
1454235641982636038,@user @user @user እውነታው ይህ ነው! የፃድቃን ገ/ትንሳዔ ልጅ ከቦስተን አሜሪካ እንዲህ ትመረቃለች። የትግራይ ህፃናትን ፃድቃን ለእሳት ይ,negative,negative,negative,negative
1448428838942298122,@user ኦረ በፈጠረህ አምላክ አንተም ነገ ሟች ነህ እንዴት የወንድምህ ደም በከንቱ ይፍሰስ ምን አይነት ህሊና ነው ያለህ እስቲ ንገረኝ ግን እዳረሳው የግዜ ጉዳይ ካ,negative,negative,negative,negative
1463717842310897669,@user @user አስተዋይ አገናዛቢ እና አመዛዛኝ ለመባል ብቻ ብዙ ርቀት ባለመጓዝ ራስህን ከመሰል መፈጥፈጦች አድን። ??,negative,positive,positive,positive
1471333368461725702,ኢትዮጵያውያን ድምጽ እዳለን እና ከአቋማችንም ነቅነቅ ማድረግ እንደማይችሉ እስኪያውቁ ድረስ ትግላችንን መቀጠል አለብን #NoMoreIntervention #NoMore,positive,positive,positive,positive
1464078335311548416,ዶር የኔ ውድ ክብር አለን ላንቺ እንወድሻለን አኛ ተጋሩ 5,positive,positive,positive,positive
1460816023431622662,@user @user ትላንት ስለእሱ ስናወራ ነበር፡አልሞተም በወታደር ተጠብቆ ይሰራላቸዋል አለኝ እኮ,neutral,positive,negative,negative
1447688157768650756,ለህልውናችንና ደህንነታችን ስንል ይህንን ፋሽሽታዊ ስርአት ለአንዴና ለመጨርሻ ጊዜ ስርአተ ቀብሩን እንዲፈጸም ማደርግ ግድ ይላል። Pres . Debretsion Gebremichael,positive,negative,negative,negative
1457500557158006786,መንግስት በግልፅ ማወቅ ያለበት ለነብሰ በላው አብይ አህመድ ስልጣን ለማራዘም ሲል በአማራው መሬት ላይ ቁማር እጫወታለው ካለ አንገቱን አንቆ ሁሉንም የብልግና ፓርቲ ባንዳዎች ከሃዲዎች,negative,negative,negative,negative
1454988052653346819,@user @user ግሩም ምክር ኢትዮጵያን እወዳለሁ የሚል ሁሉ ይህን ያንብብ እና የድርሻውን ይወጣ:: አንደነቻንነው ድል የሚያመጣልን ????,positive,positive,positive,positive
1472021102012485633,ኢትዮጵያ ለተመድ ሰብዓዊ መብቶች ምክር ቤት ውሳኔ ትብብሯን እንደምትነፍግ አስታወቀች via @user,neutral,negative,neutral,neutral
1473474742925598727,የዚህን ምሰኪን መከላከያ ወታደር የተሰራበትን ግፍ አይቶ ከወያኔ ጋር ድርድር የሚል ካለ ከጁንታው ለይተን አናየውም ለ40 ቀን ልጁን ተሸክሞ በሰሜን እዝ ተዋግቶ ኳላም ታገቶ ሰነቱን,negative,negative,negative,negative
1477030902823890945,እኛ ታሪክ ያለን ባህል የተቸረን ሰዉን ማክበረ ጠንቅቀን የምናዉቅ ለቀረቡን ይቅርና ለራቁን ፍቅር የምንሰጥ የእናት ሀገረ ኢትዮጵያ ልጆች ነን። @user,positive,positive,positive,positive
1443060948818878469,ቀልቀሎ ስልቻ፣ ስልቻ ቀልቀሎ ለውጥ መቼ መጣ!,negative,neutral,neutral,neutral
1445230583366524928,ጓደኛዎ ወይም ዘመድዎ አሁን ለአያትዎ ስም ሊሰጥዎ ይችላል,neutral,positive,neutral,neutral
1468797551105220614,የወያኔና የስታሊን ነገር እንዲ ሆኖ ይቅር አብይ እግዚአብሔር .,neutral,negative,negative,negative
1456789281486385159,ሁላችንም ዘሜ፣ ማስሬ ነን።,neutral,positive,positive,positive
1456461747720761346,@user @user @user እስከመጨረሻው ቢዘጋ ነው የምን ለጊዜው ጋዜጣ እናነባለን,negative,positive,neutral,neutral
1466611624664571905,ችግሩ ከሚዲያዎቹ ብቻ ሳይሆን ከባለቤቶቹ ስለሆነ #CNN ስለእኛ እውነት ያወራል ተብሎ አይጠበቅም። #CNNisFakeNews #nomore,negative,negative,negative,negative
1473126765958778883,አትጨነቁ ምንም ክፍያ አያስፈልጓቸው ትፊበ ዎርወርወመከ ትፊበ ብከርመከ ለመጥለቅ ያህል ወሳኝ ነገር ያስፈልጋል ምረበነልአ ምንማ ልሚየ ኩርበነ ንማ ኔእ,positive,positive,positive,positive
1446965261869912067,@user @user @user @user @user እንዴውም የUN ስም እንዲጎድፍ በማድረጋቸው ሊጠየቁ ይገባል።,neutral,negative,negative,negative
1436065140881956874,#በጊራና_ግንባር_የነበረን_የዛሬ_ውሎ ጀግናው መከላከያ ሰራዊታችን ፍፁም በማይታመን ወኔና ጀግንነት ወያኔን ከመሬት ጋር እየቀላቀለ አካባቢውን ከጁንቲት እያፀ,positive,negative,negative,negative
1475243724443639809,የህገልቦና ( ዋቄፈና) አማኞች: ቄሴች ( ከመዝናዎች) የሚለብሱት የክብር ልብስ ነው። ቃሉም ቅማንትኛ ሲሆን ጃኖ ማለት ትልቅ፣ የተከበረ፣ የታፈረ ማለት ነው።የቅማንት ባህልና ታሪክ,neutral,positive,positive,positive
1445955577234984968,ኢትዮጵያ የነፃነት ጎህ በማሳየት የሁሉ አፍረካውያን እናት ናት። እናት ታማ ሌላው ቤተሰብ ጤነኛ ሊሆን አይችልም። የኬንያው ፕሬዝደንት #ኡሁሩ_ኬንያታ,positive,positive,positive,positive
1457161863007903745,@user @user ከኤርትራ እገዛ ጠይቀው እየመነጠሩ እነሱም ወደ አዲስ አበባ ግስጋሴያቸውን ማፋጠን አለባቸው! በትግራይ በኩል ያለውን ከኤርትራ እገዛ ጠይቆ በተወሰነ,negative,positive,negative,negative
1470600595019026435,አይጫንም እንጂ ፥ ውሃ በመኪና መ ቀሌ ነበረ ፥ ይሄን ጊዜ ጣና.እስኪባል ድረስ 27 ዓመት ሙሉ የዘረፉን የተከዜ ማዶ ሰ ርቆ አደሮች ከሕንፃ ውጭ ያለውን የአማራ ሐብት በጠራራ,negative,negative,negative,negative
1465869524410982403,@user ኧረ ምን አይነት ጀዝባ ብንመስላችሁ ይሆን የምትመክሩን? አንዳንዶቻችን እኮ ስንመክር የከረምነውን ምክር ነው የምትመክሩን ፡) ፈረንጅ አገር ብንኖር አበሽነት,negative,negative,negative,negative
1451289172023652356,ሰው ደሰተኛ የሚሆነው ምን ሲኖረው ነው?,neutral,positive,neutral,neutral
1436452606801584134,@user @user ሰሰላማችንን ያደፈረሱት ያንተው ወያኔዎች ጥቅማቸው የተነካባቸው ሌቦቹ ናቸው። አብይ ምን ያርግህ ?,negative,negative,negative,negative
1465888105504772097,በአሁኑ ሰዐት በዓለም ላይ የዶ/ር ዓቢይን ያህል በሁሉም መስክ (በአስተዳደር፣ በልማት፣ በጎ አድራጎት እንዲሁም ጦር አመራር) እራሱን በተግባር የፈተነ የሀገር መሪ አለ ብዬ አላስብም,positive,positive,positive,positive
1446308991886372865,@user የኢትዮጵያ ህልውና የሚጠበቀው ፅንፍኛውን ሃይል ከስሩ ሲነቀል ነው ያኔ ነጮች ሙሾ መቀመጥ ያቆማሉ፡፡ ቆራጥ ወታደር ስላለን የሚሳካ ይመስለኛል፡፡,positive,negative,negative,negative
1450947097042243590,አብይ በጫት ቃሚና በጦንቋይ እየተመራ ሀገር ማፍረስ ነው።,negative,negative,negative,negative
1460830425253830660,@user ኤርሚያስን እወደው እንደነበር ነው የጠላውት ባለጌዎች ናቸው,negative,negative,negative,negative
1454213741483003906,አሁንኮ ነው ጓረቤቶቼ ሽንኩርት ስከትፍ አይተውኝ ሀብቷ ይመርመር እያሉ ነው??,neutral,negative,neutral,neutral
1456440363250552832,@user @user በቃ በቃ በቃ አሜሪካ ለዘመናት በኢትዮጵያ የፖለቲካ አሻጥር ሲያስገድሉ ሲያዳክሙ አጋራችንን ኢኮኖሚያን ሲገድሉ ይኖረዋል በቃ ሊባሉ ይገባል የመ,negative,negative,negative,negative
1446241370310512640,አለሽኝ ስል ተማምኜ ለካስ ኖሯል ጉም ዘግኜ አስቀረሽኝ ባዶ ሜዳ ወይኔ ለኔ ዘመድ ሁሉ አርጎኝ ባዳ አላሳዝንሽም አላሳዝንም እኔ ወይ,negative,positive,neutral,neutral
1476768185382756352,@user እረ እግዚአብሔር ይጠብቅህ:: አስቀያሚ ነገር ነው,negative,negative,negative,negative
1455018751892541442,@user @user አሁን ይሄ ሚወራበት ሰአት አይደለም። አትቦቅቦቅ ባክ #EthiopiaPrevails,negative,negative,negative,negative
1472793869817298947,እግዚአብሔር ለሰዉ ልጅ የሚሰጠዉ ሰዉን ነው። ለኢትዮጵያውያንም ሕዝብ የሰጠዉ መሪ ያችንን ጠቅላይ ሚንስትር ዶክተር አብይን ነው። መሪያችንን እየሰማን ዘረኛነትን እያጠፋን በአንድ ልብ,positive,positive,positive,positive
1446275568966713347,ላይ አብዛኛውን ወደ ግብርና በማዞር ሀገራችንን ከስንዴ ልመና መታደግ ይኖርብናል ይህም ከማህበርሰባችን ፍጆታ አልፎ ለሌላውም እንተርፋለን የስራ ዕድልንም ይፈጥራል። ባለን ነገር ላይ,positive,positive,positive,positive
1450939657525604356,@user አዎ የጦር መሳሪያ ማምረቻ፣ ጥገናና ማከማቻዎች ወደሙ!,negative,positive,negative,negative
1473110330041585669,@user የሚገርመው እኮ ይህ ግፍ በአማራ ህዝብ ላይ እንደሚመጣ ቀድመው ተረድተው ሲናገሩ የነበሩትን የጁንታው ተላላኪ ስሉ አሁን መልሰው የሰራውን ግፍ ሊያስረዱን ይሞክራሉ።,negative,negative,negative,negative
1447749248146083842,@user ይሄ ሲያድግ ምን ልያደርግ እንደምችል አስቡት እንግድህ!!!!,neutral,positive,negative,negative
1445892708736716802,የወሎ ህዝብ ኢትዮጵያዊ ዜጋ አይደለም በርሃብ እንዲቆላ በወያኔ እንዲጨፈጨፉ ሆን ተብሎ ታቅዶ በተሰራ አሻጥር የተደረገው ነብሰ በላው አብይ አህመድ ኦነጋዊያን መንግስት አማራን አስወር,negative,negative,negative,negative
1467341579992158208,@user ለትግራይ ፍሽስት ዘረኛ ቡድን ምርከኞች የአብይ መንግሥት ተመጣጣኝ ቅጣት ማስተላለፍ አለበት!!!,negative,negative,negative,negative
1438993819656142852,የአልጄሪያው የቀድሞ ፕሬዝዳንት አብዱላዚዝ ቡተፍሊካ እ.ኤ.አ December 12 2000 በኢትዮጵያ እና ኤርትራ መካከል ስምምነት ሲፈረም ከጀርባ በኩል መሃል ላይ ቆመው የሚታዩት ና,neutral,positive,neutral,neutral
1444858462601506816,ኢትዮጵያ ከመጪው ጥቅምት ጀምሮ የግብጽ ኤምባሲዋን በጊዜያዊነት ልትዘጋ ነው! እሰየው! ደግ አደረግሽ ኢትዮጵያ!#NoNegotiationWithTplf #TPLFSURRENDERNOW,neutral,negative,negative,negative
1440401787547099145,@user እስቲ የት እና ማን እንደሚቀጣ ንገረኝ እኔን ሊያደነቁሩኝ ደርሰዋል,neutral,negative,negative,negative
1476730379205849122,@user ለአቅመ ፅሁፍ ገና አልደረስሽም/ክም:: ትንሽ እደጊ እስኪ:: ለነገሩ በወያኔ ትምህርት ተኮትኩቶ ካደገ ጭንቅላት ከዚህ የተለየ ምንም አይገኝም:: ባዶ ቀፎ ነሽ::,negative,negative,negative,negative
1435811400270729223,@user አፍማ አንደኛ !ባፍ እያደነዘዙ በመርዝ መግደል የተካንህበት ስራ አይደል።,negative,negative,negative,negative
1467681823266332673,@user በውሸት ወያኔን እረድቶ በግፍ ያስገደላቸው የአማራ እና የአፋር ደም ይበቀለው::,negative,negative,negative,negative
1442605186732773376,ይቺ ቀፍሎ አዳሪ የስልጣን ጥመኛ በመጨረሻ ዕድሜዋ ስልጣን ልታገኝ ነው አሉ ። መስቀል ክፍሏ አይደል? ሃሃ,negative,negative,negative,negative
1473514501794414594,@user አስተሳሰቡም ምልክቱም ድርጅቱም መክሰም አለበት!,negative,negative,negative,negative
1438244775061299213,@user @user @user @user @user ሰበብ ስንት ትግሬ ወሎ አፋር ጎንደር እየሄደ መሞት አለበት? ይህን አስመልክቶ,positive,negative,negative,negative
1453822452082040837,@user አንተ የት ሁነህ ነው ማለት ነው?.??.,neutral,positive,neutral,neutral
1466234476573478915,ከኢትዮጵያ ላይ እጃቹ አዉርዱ ኢትዮጵያ መቼም አትደፈርም,positive,positive,positive,positive
1464785393275092993,እንደዚህ ሰውዬ አጭበርባሪ ሌባ የለም::,negative,negative,negative,negative
1436451739817975827,@user ዋጋ ብቻ ሳይሆን ዕድሜያችን ያሰብነውን ያለምነውን ሳናይ እያመለጠን ነው:: አይገርምም,negative,positive,negative,negative
1464438226689605640,@user ኢትዮጵያ ታሽንፋለች ግን መረጃ አታውጡ እየተባለ ነው ።,positive,positive,positive,positive
1440821220660813829,@user @user @user @user @user ይኤ በጣም ትልቅ ደፊረት ነው ወያኔን ወደሰልጣን ለማምጣት ነው ጥረታቸው የኢትዮጵያ ሕዝብ ወያኔ እየቀበረው አልሰሙም እንዴ,negative,negative,negative,negative
1456826203747332096,2/ ዛሬ ደሞ በአዲስ መንግሥት መስራችነት እንደ መዥገር ተጣብቃብናልች! ታጥቃም እንደተነሳችብን የምታደርጋቸው ያላስሉስ የፖልቲካ ፕሮፓጋንዳ ጫናዎች የኢኮኖሚ እቀባዎች ወዘተ በቂ,negative,negative,negative,negative
1451020259394265092,የትግራይ ሕዝብ እንደምያልቅ መጽሐፍ ቅዱስ ላይ አለ አለኝ አንዱ ዲያቆን ነገር ዛሬ! Me Like በሶስቱም ትርጉም በእጀ አለ ፣ ጥቅስ ስጠኝ አልኩት! This much they are indoctrinating!,neutral,negative,negative,negative
1440468086746857473,ወያኔ ኃየሎም አርአያ ወታደራዊ አካዳሚ ብሎ ይሰየመውን ወታደራዊ ተቋም ወደ #የኢትዮጵያ_ወታደራዊ_አካዳሚ ተብሎ ተለውጧል። የወያኔ ዝክር እና ምስክር እየጠፋ ነው። ይሄው ነው። መን,neutral,negative,negative,negative
1463715948024803331,@user እናንተም ከምናባዊ ማሽቋለጥ ውጡ እና ይቅርታ ጠይቃችሁ ወንድሞቻችሁን ተቀላቀሉ። ሪፖርቲንግ ምን ማለት እንደሆነ ዘንግታቹሀል። ፍርሃት የሰውን ልጅ አስተሳሰብ ይቀይራል ፣ በልጦ መገኘት ይጠበቅባቹሀል።,negative,negative,negative,negative
1467317177745301505,@user @user @user ሐረሮች ታዲያ ይህ ይመጥነናል?ስንትና ስንት መገለጫ እያለን? በሉ አቦ ወደሀገራዊው በጋራ እንግባ፣ለሌላው አወዳይን ስናልፍ ይደረስበታል፣ሃይ !,positive,positive,negative,negative
1476028514201743363,@user ዝቅ ዝቅ ያሉ ከፍታ ነው መጨረሻቸው,positive,positive,positive,positive
1444075043760246790,@user አብዛኛውን ፖሊሶች ኦሮሞ ናቸው ወያኔን በዘረኝነቱ ብትጠላውም እንደዚህ አይነት ነገር አላየሁበትም,negative,negative,negative,negative
1444451344392335360,@user @user ይህ የውስን ጠባቦች አስተሳሰብ ነው ብዙሃኑን እንመልከት ተከታይ ስላልነበራቸው ሳይሳካላቸው ቀርቷል። ሁሌም ኢትዮጵያዊ ወንድማማችነትን እንደግፍ!!,positive,negative,negative,negative
1474575710354386946,@user ማጣላትህ ነው? ሬድዋን ይህን እንደማይል ሁሉም ያውቃሉ፥ ጁንታውን መለየትንም ተምረናል ፥ ማንም አያቅተውም። አትድከም እንዳንለያይ ሆነን ተዋህደናል ኢትዮጵያውያን! #NoMore,positive,negative,negative,negative
1465535459577245698,@user ትግሬ እና ቆርቆሮ ሳይነኩት ይጮሃል።?? አንዳርጋቸው ቀበሪቾ ሆነባችሁ አይደል ??? አንበጣ ሁላ መቼም መዥገር እንዳ እናንተ የለም። ኢትዮጵያ ላይ ተጣብቃችሁ እከካችሁን የ,negative,negative,negative,negative
1467693444428615685,@user @user @user @user አሉኝ ጎደኞች . በሰላም እየኖሩ ነው,positive,positive,positive,positive
1432829095742746630,በህወሓት መንደር የምእራባዊያን ጩኸት እየቀነሰ ይመስለኛል በቅርብ ቀን ጆ ባይደን ይሚል መንቀባለል ይጀመራል ተብሏል,negative,negative,negative,negative
1469872455707680772,ድጋፍ እንጅ ትችት አንቀበልም የሚተቹ ሁሉ ዘብጥያ ይወርዳሉ። የለውጡ ስርዓት????,negative,negative,negative,negative
1472416846007742472,@user @user @user በቅርብ ብዬህ ነበር እኮ በዚሁ ምላስህ ስለ ትግራይ ጄኖሳይድ እንዳትል እንጂ ስለ ጋሽና እና ላሊበላ አያሳስብህ ያልኩህ,negative,negative,negative,negative
1435785150554677251,@user @user ያሳዝናሉ፣ ስልጣን እና ገንዘብ ጥማት መጨረሻዉ እንዲህ ነዉ፣ያዋርዳል፣ያሳብዳል ፡ ያዝረከርካል፤ብቸኛና ወላዋይ ያደርጋል።,negative,negative,negative,negative
1442316944632426497,@user @user @user አህመድ ምስጋና አትወድም? እስቲ ኳስ በመሬት ከበሮ ሲያዩት ያምር.,negative,positive,negative,negative
1460471692132708353,ኢትዮጵያ አገራችን ላይ ደጋግሞ የሚነሳውን የሃሰት ውርጅብኝ፡የሶሻል ሚዲያ ትግላች በደምንብ አክሽፎታል! አላማችን ህወሃት እና ኦነግ ሸኔን ጨርሶ ማስወገድ ነው!#NoMore,negative,negative,negative,negative
1440513905596403726,@user እናተ የሚያስጨንቃችሁ ሰብአዊ ድ ጋ ፍ ወደ ትግራይ ገባ አልገባ ነው። እኛ የሚያስጨንቀን አማራ ክልል እየተካሄደ ያለው ግፍ እና ረሃብ ነው። አሸባሪውን ከአማራ,negative,negative,negative,negative
1468759823412080645,1 ሚሊየን ዳያስፖራ ኢ/ያ ቢገባ ከትራንስፖርቱና ኢ/ያ የሚያወጣው ወጪ ቢያንስ 2ሺ ዶላር ቢሆን ጠቅላላ 2 ቢሊየን ዶላር የውጭ ምንዛሪ ያስገኛል ይህም መንግስት ወያኔን ጠራርጎ እስ,negative,positive,negative,negative
1452028885185486849,[በድፍረት እናገራለሁ] የሸርሙጣ ልጅ ያለዉ ፓርላማ ገብቶ እስክንድር ግን አየተደበደበ ነዉ via @user,negative,negative,negative,negative
1457920301824716801,@user ደፂ ወደ ሠውነት ተመለሰ እሱና ጀሌዎቹ የማይነካ ነክተው,negative,negative,negative,negative
1454657502826713092,@user ይልቅ ምን እየሰሩ እንደሆነ መከታተል ይሻላል፡፡ attention ደሴ ላይ እንድናደርግ አድርገው እየሸሹ ይሆን?? በሌላ ግንባር በተጠንቀቅ መጠበቅ ያስፈልጋል,neutral,negative,negative,negative
1452106860069330947,ሱሌማን አንድ ነገር ቢሆን ከመንግስት ራስ አንወርድም።,negative,negative,negative,negative
1465480191195725827,@user አታስፎግር ባክህ! እኛ የናፈቀን የደፂ ፎቶ እና ጓንት ነው!,negative,negative,negative,negative
1463005396172521476,#NewProfilePic #Boss @user #NoMore #ኢትዮጵያ_ታሸንፋለች ከመከላከል ወደ ማጥቃት ተሸጋግረናል!!!!,positive,positive,positive,positive
1437548581414707205,ትልቅ ሰው ነዎት ህነማ አይ ምልችትአ ትጣምማ ንችኞደጓ ህአ,neutral,positive,neutral,neutral
1455753051613155330,@user ለወራዳ የረከሰ ዲያቆን መልስ የለንም ስራችንን ብቻ እንሰራለን,negative,negative,negative,negative
1451308534688256000,@user @user ትክክክክክክል ሁላችሁም በዱአ ከመከላከያ ጎን በመቆም ሃቅእሚናገሩትን እያበረታታንሃገራችንንን መታደግአለብንንን አንድ እጅ መሆንአለብንንን,positive,positive,positive,positive
1465142227236184064,@user ይህች ጠማማ አፍ መባረሯ ሸጋ ነው:: የተረፈውን ደግሞ ገና መጋኛ ያጣምማታል:: መቼም ዩ ኤን እንደሆነ እርሱም የቲ ፒ ኤል ኤፍ አባል ስለሆነ አይነካትም #NoMore,negative,negative,negative,negative
1436105209462280195,ልዩ መረጃ ከጋዜጠኛ መሳይ መኮንን ስለ ምስጢራዊ ሠነድ እና የጦር ሜዳ ድሎች! #MehalMeda #Ethiopia # . via @user,neutral,positive,neutral,neutral
1467357199890624519,@user አንድም የኦሮሞን ህዝብ አትወክልም! ቢሆንማ ኖሮ ወያኔ 27አመት ሀይላድ ሲያንጠለጥልብህ ኖሮ፣አሁን ገረድ አትሆንም ነበር።የሞት ሞት በቁሙ መሞት!,negative,negative,negative,negative
1437891546116993031,@user ጁታ ያለው መአል አዲስ አበባ ነው በመቶሺ የሚቆጠር ለጁታ የሚሰራ,negative,negative,negative,negative
1451002039845232648,ብርቱኳን ሚደቅሳ እግዚአብሔር የእጅሽን ይስጥሽ የዚህን ያህል መዝቀጥ ለምን አስፈለገሽ በውሸት ይህን ነብሰ በላ አብይን አነገስሽ በእስክንድር እና የባልድራስ አመራሮች ላይ ወንጀለኛ,negative,negative,negative,negative
1472767844223959047,@user @user @user @user ነገርኩሽ እኮ ወዳጄ ከዚ በላይ እውቀት የላችሁም.,negative,negative,negative,negative
1451711237134368768,@user መጨረሻው ይህ ሆኖ አረፈው ከልቤ አዝናለሁ ጁንታን ተስፋ ያደረጉ ዛሬ ምነው ምን ተገኘ? የኢትዮጵያ ሕዝብ ሁሉንም መጨረስ እንደማይችል ጠላትም ወዳጅ,neutral,negative,negative,negative
1450597331271827459,@user እንዲህ ነውማክሸፍ ወያኔ አቅም እንደሌለው አሁን በደንብ ተጋለጠ የአሜሪካ ሀይል እንኳ ሊያድነው አልቻለም!,neutral,negative,negative,negative
1433958677187280900,የበረራ እቅድ አላ ምድንወ ጥስው ርብቃመበ እንዴ በእርግጠኝነት ምረበነልአ ምንማ ልሚየ ኩርበነ ንማ ኔእ,neutral,positive,neutral,neutral
1474600462653575168,(THREAD 1/2) በጎ ፈቃደኞች ይፈለጋሉ! Volunteers wanted! የጎዳና ተዳዳሪ የነበሩ ሴቶችን አንስቶ ከሱሳቸው እንዲያገግሙ በማድረግ የተለያዩ የሙያ ስልጠናዎችን የሚሰጥ,positive,positive,positive,positive
1475606298485870594,@user @user @user @user lol ጆሯችንስ እንዴት ይደግ ይሄን ሁሉ ጉድ እየሰማ ??,negative,positive,negative,negative
1437153114080092166,ለወሎ አማራወች የክልሉ መንግስት የፌደራል መንግስት ለምን ነው የማይደርስላቸው ለምን ነው ረጂ ድርጂቶች ገብተው የማያግዙት አማራ ስለሆኑ በጣም ያሣዝናል።,positive,negative,negative,negative
1438658595084591104,@user ማፈሪያ! ተዋርዳቹ አረቄ በየመጠጥ ቤቱ ስታቃርሩና ጠጥታቹ እየነዳቹ ንፁ ሰው ስትገሉ ከርማቹ እፍኝ በማይሞላ የሊጥ ሌባ ትግሬ አስወረራቹሁን አሁን ደግሞ ምን አግብቶህ ነው ሰው በፈለገው ቢልክ?,negative,negative,negative,negative
1437138754272178181,ጠቅላይ ሚንስቴር ዶር አብይ አህመድ ለአገራቸው ሲሉ በግንባር ሲፋለሙ ቆስሎ ሆስፒታል የተኙ ጀግና የፌዴራል ፖሊስ አባላትን በሆስፒታሉ ተገኝተው ጎበኙ ይህ የጠቅላይ ሚንስተሩ ጉብኝት,positive,positive,positive,positive
1437913820626784260,ትግሬዎች በሰሜን የኦርቶዶክስ ተዋህዶ ምዕመናንን ሲፈጁ በመሀል ደግሞ ሊያ ታደሰ በክትባት እየ ፈጀችው ነው።ይህ 666 መሆኑን ከላይ ያለውን አጭር ቪድዮ ተመልክታችሁ ፍረዱ። ይህንን,negative,negative,negative,negative
1452029888584720391,@user አንተ ዘላን : ትግራዋይ ንፁሃን በማስገደል የፈፀምከውን ወንጀለኛ በቅርቡ እንፋረደሃለን,negative,negative,negative,negative
1458992761596694550,@user @user በነገራችን ላይ ይቺ ለምን ተነካሁኝ እየበዛችብኝ ነው በተለይ ትልቅ ነን ባዮቹ ላይ ምንም ከሌለባቸው ምን ለሚዲያ አሮጣቸው ?,negative,negative,negative,negative
1456103732257558534,ኢትዮዽያዊ ማን ነው?,neutral,positive,neutral,neutral
1459329926876827652,@user ሸውራራ ነሽ (አቃቂር ለማውጣት ያህል ??),negative,negative,negative,negative
1456483541466890241,@user @user የሚዋሽ ሲጠፋ ስለችግኝ ልትተርክልን መጣህ አሁን ስራ ላይ ነን /ዘው ብሎ ረሃቡን ለማስታገስ ላይ ታች የሚለውን ከበን እየቀጠቀጥን ነው/,negative,negative,negative,negative
1458617549843836931,@user @user እኔ እኮ ግርም የምትሉኝ አምላክ የፈጠረዉ ትግሬን ብቻ ነዉ የምትሉት ነገር ?? እግዚዮ ወላጆችን በልጆች ፊት ልጆችን በወላጆች ፊት መሳሪያ,neutral,negative,negative,negative
1458987256467841025,@user @user ጠንካራ ክትትል ባለመደረጉ አደጋ ተደቅኗል ሲባል ዶክተር አይፈተሽም ማለት ይመስለወታል?,negative,positive,negative,negative
1440505146333491211,በአገለገሉ እቃዎች ላይ መጫረት ለምትፈልጉ ሁሉ,neutral,positive,positive,positive
1449850044954337288,@user መቀሌን አፈርፍረዉ ይብሉት እኛ ጁንታን ካፀዳን እና ዳርድንበራችንን ካስጠበቅን በቂ ነዉ እዛ ገብቶ ትርፉ እዳ ነዉ,negative,negative,negative,negative
1436789483958149124,@user ውይ ውይ አንችው አንትናገሪም ወይ መልካም ልደት እንኳን ተወለድሽልን,positive,positive,positive,positive
1445931171561541632,EthiopiaPrevails! በተመድ የፀጥታው ም/ቤት ስብሰባ ላይ ታዬ ኃዝቀስላሴ ደመቀ ለተመድ ደብዳቤ ጽፏል አለ፤ጉተሬስ ደግሞ ስለሰራተኞቼ ጥፋት ማስረጃ ካለህ ላክልኝ ብዬ ዐብይን,neutral,positive,neutral,neutral
1444873478369251332,ኒው ሳውዝ ዌይልስ ገደቦቿን የምታላላበት የመጨረሻ ሳምንት ውስጥ ገባች via @user,neutral,positive,neutral,neutral
1436132158368796672,@user ከሁሉም በላይ ኢትዮጵያን በልፅጋ ለማየት ከማንም ጋር እቆማለሁ ግን የምንሊክ ስም ስነሳ የሚወደውን ሁሉ እንድጠላ ያደርገኛል። ፈጣሪ ሆይ ትዕግስቱን ስጠኝ ኢትዮጵያን,negative,negative,negative,negative
1436881896269500422,ይቀመጣል እንዳደራ ሰው ደግም ሰራ ክፉም ሰራ ሁሉም የእጁን ያገኘዋል ይቆይ እንጂ መች ይቀራል . I think Wendimu Jira is underrated .,positive,positive,positive,positive
1447739240813637633,በራስህ አስተያየት ጠቢብ ነኝ አትበል፤ እግዚአብሔርን ፍራ፤ ከክፉም ራቅ። ይህም ለሰውነትህ ጤንነትን፣ ለዐጥንትህም ልምላሜን ያመጣልሃል። ምሳ 3:7-8 NASV,positive,neutral,neutral,neutral
1444118576777121792,@user @user #Vicious_circle #interesting የሚሰማ ካለ! የሚናገርማ መች ጠፋ!,positive,positive,positive,positive
1438698004974907396,ድመቴ ማረስ ከቀጠለ ይህንን ምድር እና በእሱ ላይ ያለውን ሁሉ እጨርሳለሁ። እንዲሁም የማዳጋስካር ፔንጊዎች እወዳለሁ,negative,positive,neutral,neutral
1463007228919693313,ዳግማዊው ይለያል . አይማረኝ ብምርህ . ሳይል ሳይናገር ትእዛዝ ሳያወጣ ፣ ሀገሬን ያልክ ና እዚያው እንገናኝ ብሎ ቃል ሲያወጣ በፍቅር የገዛው ሀገር ወዳድ ሁሉ ተከት,positive,positive,positive,positive
1474953283299168256,ህወሀት አሁንም ትጥቅ አልፍታም የአማራና አፋ ህዝብ እራሱን ከዚህ ሰው በላ ሰራዊት ለመጠበቅ ትጥቁን እንዳይፈታ ፋኖ ትጥቅ እንዳትፈቱ,negative,negative,negative,negative
1458636703317610502,@user አሸባሪዎችን አላህ የስራቸውን ይክፈላቸው: ህዝቡን ሰላም ነሱት,negative,positive,positive,positive
1444142958870159361,@user በርታልን ሡሌ ዲል ለኢትዮጵያ????,positive,positive,positive,positive
1439352968340549635,@user @user አዎ አረ ቤቱ ይቁጠረው,neutral,positive,negative,negative
1454976548914741255,@user ለዚህ ነው ይሄ ሁሉ ጫጫታ ????,negative,negative,negative,negative
1451664767106666499,@user @user ማይክ ይዞ ከሚኮለታተፍ ፋኖ ጥይት አለቀብኝ ሲል ስጡን እያለ ጠይቆ ሲያጣ የት ነበር???,negative,negative,negative,negative
1476362817276055555,አበበ ባልችቻና ማስተዋል ወንድወሰን ለምን በ ዘሃበሻ ተዘመተባቸው ? Abebe Balcha and Maste .,neutral,positive,negative,negative
1464089821563994113,@user የምድር ባቡር ጀርባችሁ ላይ ይሻገር ፣ ወንዝ መሻገር መስላቸው እንዴ ? ሆዱን የወደደ ማዕረጉን ይጠላል አይደል የሚባለው ፣ ሰው እንዴት ከርሱን ብቻ እያሰበ ልዓ,negative,negative,negative,negative
1434618284301864965,ጀግናው #የአፋር ህዝባዊ ሀይል በውጊያ መሀል #ኢትዮጵያን እና ልጆቿን ሲያኮራ ????,positive,positive,positive,positive
1434991517396054020,የህወሃቱ የጦር ምርኮኛ በ #TPLFisaTerroristGroup እንዴት ወደ ጦርነት እንደተማገደ እዮልኝማ #TPLFSURRENDERNOW #UnityForEthiopia @user,negative,negative,negative,negative
1471685946018041859,@user ለቀጣይ አቅጣጫ ለመወያየት እንዲመቻቸው አንድ ቦታ እየተሰባሰቡልህ ነው።??,neutral,positive,neutral,neutral
1455714700700762118,@user @user አንተ ውታፍ ነቃይ ራስህን የማታውቅ እንደ ፈረስ ግራና ቀኝ ማየት እንዳትችል ተከልልህ ናዚው አቢይ ብቻ የምትመለከት የአቢይ ውሸት ብቻ ጋት ውታፍ ነቃይ,negative,negative,negative,negative
1447356498057875464,ምንችግር ቺቺንግ ካለ በመሬት ላይ መንገድ አለ????,negative,neutral,positive,positive
1436855292524912641,@user እስካሁንም እኮ ለማፍረስ ሞክረዋል ፣አልቻሉም እንጂ!በሱዳን ያስወረሩንም እነሱው ናቸው!አገር ለማፍረስ የማለ ድርጅት ግድብ ሊያፈርስ ቢያስብ አይገርምም!ግ,negative,negative,negative,negative
1456479803880755208,እንደዚህ አይነት አደግኛ ሀሳቦች ታዋቂ አክ ቲቪስቶች መስማት እጅግ ይገርማል። ሰራተኛ ቀጥረው ግብር ከፍለው ቤት ተከራይተው የሚሰሩ ለትርፍ የተቋቋሙ ድርጅቶች እንጂ በነጻ ሶሻል ሚዲ,positive,positive,positive,positive
1455371762686959617,@user በጣም እውነት ነው። እነሱም አምነዋል!!!,neutral,positive,positive,positive
1437239681926709249,ከብርሸለቆ ውትድርና ማሰልጠኛ ተመርቀው ለግዳጅ የተዘጋጁት ባልና ሚስት) - -,neutral,positive,neutral,neutral
1462262428054528006,እባካችሁ ሁላችንም ኢትዮጵያውያን ወደ እግዚአብሔር እንጸልይ,positive,positive,positive,positive
1448492949491302401,@user @user አርአያማ እውነተኛ ሰው ብቻ ሳይሆን ጨዋ ኢትዮጵያዊ ነው እናንተ ውሸት ስለለመዳችሁ ነው።,positive,negative,negative,negative
1463336681168277506,@user ዋው ፋኖ ፎቶ አነሳስ አንደኛ የአክተሮችና የአውሬዎች ጦርነት መሰለኮ ????,negative,negative,negative,negative
1457146168257953792,@user ምነው እንቅልፍ ነሱሽ? አይዞሽ መጨረሻው ደርሷል። ለነገሩ ኦሮሞን ከድቶ ተኝቶ ያደረ የለም።,negative,negative,negative,negative
1441910054655913984,@user አንተ ቆሻሻ የሽርሙጣ ልጅ ምንባትህ ታቃልህ ስለ መስቀል,negative,negative,negative,negative
1439372509514711042,ኢትዮጵያ በፈጣር የተሰጠን በህይወት ሳለን የሚንኖርባት ሲንሞት የሚንቀበርባት ብቸኛ ስጦታችን ነችና ለወራር ጠላት አንሰጣትም ። በደምና በአጥንታችን ጠብቀናት ለመጪው ትውልድ እናሰ,positive,positive,positive,positive
1452366312991248393,#Manchester 0 5 #Liverpool የኢትዮጵያ ብሔራዊ ስታዲየም ???? በአዲስ አበባ ከተማ እምብርት @user Constructionበግንባታ ላይ ያለው ቦታ ከተጠናቀ,neutral,positive,positive,positive
1475612903936040965,@user @user በአስተሳሰብ ካንተ የተሻልኩ ነኝ ፣ ምክኒያቱም ከሞተ ከመቶ በላይ ያደረገ ሰው እየገዛኝ አይደለም።????,negative,negative,negative,negative
1476727219221409812,ጸረ አማራነት ተፈጥሮው የሆነው ብአዴን የሚባለው የባንዶች ማኅበር የሚወገድበት ጊዜው አሁን ነው! via @user,negative,negative,negative,negative
1437906456901308419,እናት አለም ጠኑ ሎሬት ጸጋዬ ገብረ መድህን እንደው ተጋበዙልኝ ይህን ዘመን የማይሽረው ግጥም። via @user,positive,positive,positive,positive
1441611454038171662,ፀበል ቅመስ ብለው መነኩሴዎች አይኔ ላይ በርበሬ በተኑብኝ!!! ከጦር ግምባር መልስ የተደረገ ቆይታ . | . via @user,negative,negative,negative,negative
1444050056286461953,ወደቀድሞው አንድነታችን ተመልሰናል የውጭ እርዳታም አንፈልግም በቃን ማእቀባችው ይቀጥል ኢትዮጵያ ድህነት አትፈራም አምላክ አላት አከተመ,positive,positive,positive,positive
1469466298740613124,@user የሰው የማይፈልገው የራሱን የማይሰጠው ፍት ህ አዋቂው የአማራ ህዝብ ከዚህ በኋላ 1 ሜተር ከተከዜ ወዲህ ማዶ አያራምድህም,neutral,positive,negative,negative
1452756481758187526,@user ሶልየ እግዚአብሔር ከአንተ ጋር ይሁን አዞህ እውነት ከአንተ ጋር ናት,positive,positive,positive,positive
1449485431360286722,የዛሬው ወይም 2.0 አርባኛ አስማረ ዳኜ ነው። ኦነግና/ኦዲፓ እንደ ጦር ይፈርታል ምክንያቱም ገርፎ ነው ከሰ/ሸዋ ያባረራቸው !,negative,negative,negative,negative
1439768776665354243,የሚዘርፍና ዘረፋ የሚያበረታታ መንግስት ያለበት ሀገር፡ዘራፊዎችን ተደራጅቶና በተናጠል ለዘረፋ መሠማራታቸው ምን ይገርማል?,negative,negative,negative,negative
1442215335206309889,አትጠራጠሩ ይህንን ክፉ ጊዜ እናልፈዋለን ! ሁሉም የራሱን ድርሻ ይወጣ።,positive,positive,positive,positive
1464092481629343761,@user የኢትዮጵያን ልብስ ለብሶ እኛኑ መስሎ በተደጋጋሚ ከሚከዳን ክፉ ተኩላ ሰላይ በላይ የከፋ ጠላት የለም፡፡ እንዴት ሊሞት ትንሽ የቀረው ሰው እንዲህ በክፋት ያሽ,negative,negative,negative,negative
1472773202510286853,መኖርህን የምታውቀው አጋር ሲኖርህ በአገርህ ስትጠራ በአገርህ ላይ ስትሰራ ብቻ ነው።,positive,positive,positive,positive
1456122189938368517,@user አሁን የቀረህ እንዲህ መዘላበድ ብቻ ነው ወደ ሰማይ አታርግ ቀለበት ውስጥ ተከተሀል,negative,negative,negative,negative
1466630915187167233,@user ይሄን በቁሙ የሞተ የመለስ መንፈስ የሚያናውዘው ሰው ንቀን ብንተወው ይሻላል። እየተከታተልን መልስ ከሰጠነው በየ ቀኑ የተለያየ አጀንዳ ይዞ ብቅ ማለቱ ስለማይተው አለመከታተል ይሻላል እላለሁ።,negative,negative,negative,negative
1467702643166490630,@user ያንተ አይነት ውሸታም የሌባ አይነ ደረቅ አልተፈጠረም,negative,negative,negative,negative
1440795681908674576,@user @user @user @user ሲኦልን አላማው ላደረገ ተራ ቡድን ሥም ማጥፋት፣ ሕይወት ማጥፋት፣ ንብረት (ሆስፒታሎች ከነሙሉ ግብአታቸው፣ ትምህር,negative,negative,negative,negative
1466588274281967616,@user @user ከውጭ እንዴት ፩ ሽማግሌ አባት/እናት እንዴት ይጠፋል???( ያው 90 ትግሬዎች ወያኔን እንደመረጡ እያስታወስክ) የውስጡ ከባድ ከሆነ ከውጭ ፩ ሰው እንኳ?!,neutral,positive,negative,negative
1466240013373513732,@user አርቲስት ከበደ አሊን አስታወስከኝ። ወልዲያችን ነጻ ትወጣለች፣ ቆንጆ አድርገንም እንገነባታለን።,positive,positive,positive,positive
1441142834581491712,የሰው ፍቅር ካለክ ትልቅ ሀይል እንደለህ ቁጠር እንደ መለስ በየመንገዱ በወታደር ታጅበህ ስለማቴድ ህወሀት ቀንተው ሞቱ ።,positive,negative,negative,negative
1468777944311074818,@user ድታሊን ማንንም ማታለል አትችልም ። እንደው ዝም ብትልና አይጥ ጉርጓድ ብትገባ ይሻልሃል።,negative,negative,negative,negative
1476383539696484352,@user ተይዘህ ነው ትዊተርን እንዲህ የምትጨፍርበት? እኔማ ክትባቱ ራሱ አንድ ቀን ክልትው አርጎኝ ዋለ??,negative,positive,negative,negative
1451005801150222339,@user @user ሶስት ሴት ልጅ ያላቸው ይመስለኛል ::,neutral,positive,neutral,neutral
1472737942854643713,@user @user @user አንተ የባዮሎጂ ቲቸር ስለ ህክምና ምን ታውቃለህ ? አይነጋ መስሏት.ይነጋል!! አንተን አንድ ቀን በኢንተርፖል አስመጥተን ኢትዮጵያ ውስጥ,negative,negative,negative,negative
1474173517000318976,@user ምርጥ ሰውማ አይተናል ከዓለም ፍት ተዋርዶ እርቃኑን ሲቀር የራሱን ሰላማዊ ህዝቦችን በሰማይና ምድር አጋይቶ በጠላቶችም ጭምር ማስደፈርና ማዘረፍ ብልጥነት የ,negative,negative,negative,negative
1452020426889220102,@user @user ወይ ጉድ አታፍሩ የአምላክን ስም ስትጠሩ ምድረ ይሁዳ!!!,neutral,negative,neutral,neutral
1472392753996865536,@user የዚህ ጉዳይ መታያ ወቅት እየደረሰ ነው።የተንቤን ዋሻዎችን እያሳዩ ጠላቶቻቸውን ካሲያዙ በሀሳብህ እስማማለሁ።አለዚያ ገጀራ ይዘው ከወጡ .,negative,negative,negative,negative
1449859830886305798,በሱማሌ ክልል በምርጫው ያሸነፈው የብልፅግና ፓርቲ የክልሉን አዲሱን መንግስት ናጌ ይመሰርታል ። በዚህ በክልሉ አዲስ የመንግስት ምስረታም የለውጡ ሐዋሪያ የሆነው ሙስጠፌ ሙሐመድ ኡመ,positive,positive,positive,positive
1449941557126250496,@user መልካም በዓል ለመላው ኢትዮጵያ ሙስሊም ኢትዮጵያን ከፍ እንድትል ቀን ከማታ እየለፉ ስለሆነም እናመሰግናለን,positive,positive,positive,positive
1444477794973622275,አብርሃ ደስታ ታሰረ፡አንዱ አብዮት ልጆችዋ ትበላለች ነው፣ሁለት በደርገ-ብልፅግና ምንም ቢያገለግልም ትግረዋይ ወንጀለኛ በመሆኑ መጥፋት አለበት የሚል የእቅድ ትግበራ ነው።,negative,negative,negative,negative
1458632637363326982,SBS Language | በጥናታችን መሠረት አማራ፣ ኦሮሚያና ትግራይ የአልኮል መጠጦች ከመጠን በላይ የሚጠጣባቸው ክልሎች ናቸው ዶ/ር የዓለምዘውድ አሰፋ via @user,negative,positive,negative,negative
1433911978649608192,@user እውነት ነው እረፍት ነው እንጂ አልሞተም!??,positive,positive,positive,positive
1453474485626195974,@user ሰውየው ግን ድንብርብር ብሏል፤ ብዙ ቃላትን ለማበብ ሲቸገር ነበር፤ የኾነ የተማረከ እስረኛ መስሏል፡፡,negative,negative,negative,negative
1439043267157536774,@user @user የፕሮፋይል ጭምብልሽን አውልቂና ፃፊ ምድረ ባንዳ ውጡ ከቤታችን ይህ የኢትዮጵያን ቤት ነው,negative,negative,negative,negative
1458989660009545728,@user ከቅንነት የመነጨ ጥያቄ አፋር እንዲህ ሲመክት በወሎ በኩል ያለው ህዝብ እንዴት ወለል አድርጎ ከፍቶ ሊያስገባቸው እንደቻለ ሁሌም የሚከነክነኝ ጉዳይ ነው? ለምን በራሳቸው መመከት አልቻሉም?,neutral,negative,negative,negative
1449465435880140811,@user ሀበሻ የሆነ ሰው ለዚች እንዳይመርጥ,negative,negative,negative,negative
1461514375051849735,@user አንተ ተቀደድ የትግራይ ወጣት አልባ ሆናለች ምን ታረግ ውሻ በበላበት ነው የማጮኸው,negative,negative,negative,negative
1453489460461645826,አብደላ ሀምዶክን ይከላከሉ የሲቪል አገዛዝ ይመልሱ!የግብፅ፣ የሳዑዲ እና የተባበሩት አረብ ኢሚሬትስ ሆአን በማተራመስ ረገድ ያላቸው ሚና ግልፅ ነው እና ሊወገዝ ይገባል! አል ቡርሀን,positive,negative,neutral,neutral
1457921078928490501,@user @user @user ይህ ሰውየ የ አማራን ህዝብ እና ንብርት የ ገበሬውን ቤት አቃጥሏል አዛውንቶችን ና ህፃናትን እንዲሁም እንስሳትን ጨፍጭፏ መቸም አንረሳውም,negative,negative,negative,negative
1436493320210026521,በፍቅር እምነት ፀበል፣ሕይወትን አጥምቆ ከራስ መራራቅን፣መጠርጠርን ፍቆ፣ ነው ሲኖሩ . በሀቅ እየሰሩ . ትውልድ የሚያኮራ ታሪክ እያኖሩ።,positive,positive,positive,positive
1469106319202390017,@user @user @user @user ባልና ሚስት ሆነዋል ይሏቸዋል ይጣራ??,neutral,positive,neutral,neutral
1443424759451209729,የታሪካዊ ስምምነቱን ትርጉም እና ስኬት በግልጽ ያሳየ ነው ብለዋል። ሆኖም ግን ህወሓት ይህን ነባራዊ ሁኔታ መቀበል ተስኖታል ። የሰላም ሂደቱን ለማኮላሸት እና በኢትዮጵያ ያጣውን ስ,neutral,negative,negative,negative
1460065379284176907,@user ሌሎቹን ባላውቅም ከዘመድኩን ላይ ግን እጅህን አንሳ አንተ ቅሌታም ባንዳ ተላላኪ እንዳንተ አይነቱ ለሆዱ አደር ነው ኢትዮጵያዬን የበታተናት ነቀርሳ ብጉንች,negative,negative,negative,negative
1444871247280607236,አዲስ ምእራፍ አዲስ ቀን !!! ኢትዮጵያ በጀግኖች ልጆቿ ጥረት ብልፅግናዋ ይረጋገጣል! Good morning Ethiopiaዬ,positive,positive,positive,positive
1456466624148475908,ሁሉም ባለክራባት፣ ክራባቱን አውልቆ ባለበት ቦታ ሁሉ፣ በክራባቱ ጠላት ሳያንቀው አካባቢውን መጠበቅ አለበት፣ በአሁኑ ሁኔታ ጠላትህ ያለው ኪስህ ውስጥ መሆኑን አትዘንጋ።,positive,negative,negative,negative
1476403281396183049,@user @user ከሱ መቀደድ የበለጠ ቪዲዮውን ፕስት ያደረገችው ልጅ ሳቅ ነው ያሳቀኝ . ????,negative,negative,negative,negative
1455353830103666689,@user ክንደያ ሆድ ሲያዉቅ ዶሮ ማታ አሉ ደርሰህ አዛኝ ለመምሰል ትሞክራለህ መቸም ለአማራ ህዝብ እንደማታዝኑ ተንክቀን እናዉቃለን ከዚህ በሁላ አታዉቁንም አናዉካቹም እስ,negative,positive,negative,negative
1464801901484986376,ነጭ እና ትግሬ ሳይ ሻታየ እየመጣ እምቢ አለኝ እሥኪ ምክር ለግሱኝ ወገኖቸ,negative,negative,negative,negative
1471699750688858115,@user መከላከያን ተቀላቀሉ የሚሉት የተሻለ ስልጠና እና ትጥቅ እንዲያገኙ እና መከላከያ ውስጥ power balance እንዲኖር ነው,positive,positive,positive,positive
1455004309834375169,@user @user ደደብ ሰዎች ችግራቸው ወይ አያውቁ ወይ አይጠይቁ ምድረ ቅዠታም ቲሽ!,negative,negative,negative,negative
1444781460548882434,@user የመሥከረም ሠላሣ ልክፍተኞች ተኝታቹ ተኩሡ አከተመ የስኳር ጠጅ ነገ ታዩታላቹ የኢትዮጵያን ንጉሥ።,negative,negative,negative,negative
1444781585786626053,የኢትዮጵያዬ አሸናፊነት ሊረጋገጥ ሰዓታት ቀሩት።ድል ለሃገሬ ኢትዮጵያ!!!!,positive,positive,positive,positive
1438270624607219718,@user ይህኛውን መንገድ እኮ በፓርቲው እና በመንግስት መገናኛ መንገዶችም ተረስቷል። በዚህ በኩል ገንዘብ ስልክ፥ ሌሎች ሰዎች የተጠቀሙበት ስለመሆኑ ሁሉ መጠራጠር ጀምሬአለሀ,negative,negative,negative,negative
1462282741945413632,@user AbiyAhmedAli የጦርነቱ መጨረሻ እስኬየት ነው ?የወሎ ህዝብ እንባ የሚታበሰው መቼ ነው ?,neutral,positive,negative,negative
1433546159834886159,በግዳጅ ኢንተርቪው እንዲሰጡ ይደረጋል። ለምሳሌ እህቴ በኢቲቪ ጁንታውን እየሰደበች ኢንተርቪው ሰጥታለች።,negative,negative,negative,negative
1450940814910238728,ጃዋርን ፍታት እጅግ ባጣም አስፍልግ ስው ነው,positive,positive,positive,positive
1467707554612584454,@user @user ከልደቱ ክደቱ ግማቱ በላይ የምጠላው ያለ አይመስለኝም??። ይቅር ይበለኝ ፈጣሪ,negative,negative,negative,negative
1471693539537039365,ለእያንዳንዱ ግፍ ለደረሰበት ኢትዮጵያዊ 100 ጁንታ እምሽክ ማድረግ ነው ! ተባይ መጥፋት አለበት!,negative,negative,negative,negative
1474555207753289728,@user @user @user @user ደግሞ እራሳችሁን ከሴሪያ : ከዬመን: ከሊቢያ ተርታ መደባችሁ . እናንተ የታላቋ ኢትዮጲያ አ,neutral,positive,negative,negative
1434715053253660672,@user እንዴት አይቆርቆር በጭቃ ጠፍጥፎ የሰራት ክልል አይደለች መቼም ይሄንንን አትክጂም,neutral,negative,negative,negative
1443419966196301827,ለኢትዮጵያ ሰብዓዊ መብቶች ኮሚሽን /ኢሰመኮ/ ለኢትዮጵያ ሰብዓዊ መብቶች ጉባኤ/ ኢሰመጉ/,neutral,neutral,neutral,neutral
1445514940731772928,አንዳንዶቻችሁ ግን ቀልደኞች ናችሁ በዘመኑ አንድ የፋገራ ምርጫ እንኳን አድርጎ የማያውቅ ሰውዬ እንዴት ጠሚውን ለምርጫ ውጤታቸው እንኳን ደስ ያሎት ሊል አልመጣም ብላችሁ ትንገበገባላ,negative,negative,negative,negative
1466980004076691456,በደብቅ የወጣ(leaked): ከትግሬ ወራሪ ዘማቾች አንዱ ዘንድሮማ አለማችንን ነው ያየነው ፣ የወሎን ነጩን እንጀራ በልተን አልጠገብንም እጅ ባንስጥስ?,negative,negative,negative,negative
1469830113487429633,@user በቃ የትግራይ ወጣት አልቆዋል ሽማግሌ ብቻ ቀርቶዋል ትግራይ የትውልድ ክፍተት ተፈጥሮዋል ከቻልክ መታ መታ እየወለድክ ይህን የትውልድ ክፍተት ለመሙላት ሞክር አሜሪ,negative,negative,negative,negative
1455339360446943237,@user @user የት ይሆን መግቢያህ። እንደ ሳዳም ወይስ እንደ ጋዳፊ። የንጹሃን ደም ይጮሃል።,negative,negative,negative,negative
1434710071888523269,@user የኑሮ ውድነቱ እነሱም ጋ አለ እንዴ,neutral,positive,negative,negative
1434305299243016192,አባረህ በለው ያንን የሊጥ ሌባ ከሃዲ ወንበዴ አማራና አፋር ሆኗል መቀበሪያው ይህ ደፋር መደዴ፣ ማረኝ አይለምደኝም ብሎ ካላመነ እንዳትለቀው ድርድር የለም በሚስትና ባገር ቁርጥህን,negative,negative,negative,negative
1440790673444118528,@user ምረጥ ካልኸኝ እንግዲህ ምን ይደረጋል፣ በቃ ጀንደር ይሁንልኝ,neutral,positive,neutral,neutral
1464437897285840897,የቻይና መንግስት ቃል አቀባይ ቹዋ ቹንግ በዴሞክራሲ ስም በርካታ ወንጀል መፈፀሙን አመላክተው # NoMore ብለዋል። እናመሰግናለን,negative,positive,negative,negative
1466976413664350210,የተረገመ ሽንት የቅድማያቶቻቸውን የክህደትና የዝርፊያ ባህል ደግመው አሳዮን ሊጥና ዶሮ ሰረቁ እንስሳትን እረሸኑ ህጻኗን አባቷ ሚስትን ባሏ ፊት ደፈሩ የእምነት ቦታዎችን አረከሱ ምን,negative,negative,negative,negative
1465177521582923779,@user @user @user @user ሞት ፣ ጥፋት ፣ ጨለማ ፣ ሀዘን ፣ ጭንቀት ፣ ድብርት እና የግብርና ማሽኖች,negative,neutral,negative,negative
1435779199986405376,እጅግ ክፉ አትሁን፥ እልከኛም አትሁን፥ ጊዜህ ሳይደርስ እንዳትሞት። መጽሐፈ መክብብ 7:17 #amharicbible,positive,neutral,positive,positive
1455369250395152389,@user ደሴም ሆነ ኮምበልሻ ይገባል እንጂ አይውጣም በሰው አምሳል የተፈጠሩ ሴጣኖች ናቸው,negative,negative,negative,negative
1442642716790333442,የተጀመሩት የለውጥ ትሩፋቶች ይቀጥላሉ ጉዟችን ይፋጠናል አዲስ አበባም እንደ ስሟ አዲስ ትሆናለች።,positive,positive,positive,positive
1446185126778523653,@user @user @user @user እሱ ቢሆን ይህን አይልም ነበር። ጮማ ራስ,negative,negative,negative,negative
1445224994661978115,@user @user ያው የናንተዎቹ መቼ ለቀቁ፡ እንደ ቀሪ ኅይል ሆነው ሰሩበት። አሁን ደሞ ራሳቸው ሀክ አርገውት ቁጭ።,negative,negative,negative,negative
1460085707276492804,@user ርቀው በህዝባቸው ሞትና ስቃይ የሚደሰቱ በትላንት ማንነታቸው የሚነግዱ የሃገር ጠላት ናቸው,negative,negative,negative,negative
1436810050711035904,@user በቀለ ገርባ እጁ ላይ ብዙ የአማራ ደም አለበት,negative,negative,negative,negative
1475631287927029772,@user @user ጎበዝ ባረበ ጭንጫ መሬት ላይ ዘር አይዘራም አረም እህል አይሆንም ።,positive,positive,positive,positive
1443336173087244292,የኢትዮጵያ ሥርዓተ ቅዳሴ፡ - ይዘቱ፣ አመሠራረቱና ዕድገቱ፡፡ ከአኮቴተ ቁርባን መጽሐፍ ደራሲ፣ ከቀሲስ ዶ/ር መብራቱ ኪሮስ ጋራ ባላፈው ዓመት/2020 (2013 ዓ/ም) የተደረገ አስተማ,neutral,positive,neutral,neutral
1441875208734916608,@user @user ገሪባ ኢትዮጵያ እንደሆነች እንስሳትና ንጹሃንን የሚገል አሳማን በመቅበር ላይ ትገኛለች።,positive,negative,negative,negative
1453093648447463426,@user @user እውነት ነው አማራ አገር ስለመሆን ማሰብ መጀመር አለበት!ኢትዮዽያ ስንሞት የምንወርሳት መንግስተ ሰማይታችን አይደለም! እኛን እየገደለች የምትኖር ኢትዮጵያገደል ትግባ!,negative,negative,negative,negative
1472004714216804355,@user @user እሺ ገልቴ ??ትክክል ያልሆነውን ትክክል አደለም በይ መከላከያ መግባት ግድ ነው ከሁለቱም መግባት አለበት አማራ በእግዚአብሔር እርዳታ ነው ሚ,positive,negative,negative,negative
1469162298359136261,እግዚአብሔር ሆይ፤ ሁለት ነገር እለምንሃለሁ፤ እነዚህንም ከመሞቴ በፊት አትከልክለኝ፤ ሐሰትንና ሐሰት መናገርን ከእኔ አርቅልኝ፤ ድኽነትንም ሆነ ብልጽግናን አትስጠኝ፤ ብቻ የዕለት እንጀራዬን ስጠኝ። ምሳ30:7-9,positive,positive,positive,positive
1444499592914087942,በስነ ምግባር ያልታነፁ የአዲስ አበባ ፖሊሶች ከየት እንደተመለመሉ አታውቁም እንዴ? ከመንግስት ጎን ቆሞ ለለውጥ ለሚታገል ህዝብ ድብደባ እንግልት ስቃይ አይከብድም? ሕዝብ በመንግስት,positive,negative,negative,negative
1433230395194023937,የታገቱት 17 የአማራ ተማሪዎች ዛሬ 637 ቀናቸው ነው ልጆቹን መልሱልን ተማሪዎቹ የውሸት ትርክት ማወራረጃ አይሆኑም።። ስለነሱ መቼም ዝም አንልም ስለነሱ መጮህ የዜግነት ግዴታችን ነ,positive,negative,negative,negative
1461544172847046658,@user ተሰርቆ ካልሆነ በስተቀር፤ ጌጣ ጌጥ ይዞ መገኘት ወንጃል ባለመሆኑ ትልቅ ነገር ተደርጎ ባይወራ መልካም ይመስለኛል። ሆኖም፤ ተዘርፎ ከሆነ ተጣርቶ አስፈላጊ,positive,positive,neutral,neutral
1465539237156200450,የዛሬው ሌሊት ስም ከፊቴ መከራ ኋላዬ መከራ፣ ተቀጠቀጥኩልሽ ልክ እንደ ዳሞትራ፤ . ተብሎ ይጠራል። ከዳንኤል ክብረት ገፅ #NoMore,negative,positive,negative,negative
1451377848195985436,@user እኔ ግን አሁን መጀመሪያላይ የነበረኝ ስሜት ተሸርሽሮ በመንግስት እምነት አጥቻለሁ።በሁሉም አቅጣጫ አማራ እንዲዳከም ጠንክሮ ዘይዶ የሚሰራ ይመስለኛል ።ለምን ካላ,neutral,negative,negative,negative
1466970066877132800,@user @user ዘራችሁ እኮ አለቀ !!! እንደዚህ ከመዋረድ ያው ብታልቁ ይሻላል,negative,negative,negative,negative
1458973877191720964,እምነትና እድር ሳይኖረውና ሳይሞት ግን ሰላማዊውን የአዲስ አበባ ህዝብ ለመግደል አቅዶ ሊቀበር የነበረ .,negative,negative,negative,negative
1444097054775652353,የተባበሩት መንግስታት በሀገሪቱ ጉዳዮች ውስጥ ጣልቃ ገብተዋል በማለት የከሰሷቸውን ሰባት የተባበሩት መንግስታት ባለስልጣናት የማባረር ሕጋዊ መብት እንደሌላት ለኢትዮጵያ አሳውቋል።,neutral,positive,neutral,neutral
1465533204090310656,@user ና ቤትህን እናፍርሳት ሲሉት እሺ የሚለው ነው የሚገርመኝ።,negative,positive,negative,negative
1475634943774507008,እነዚህ ሰዎች ም ጉድ ናቸው? ከምን አይነቱ አፈር ነው የተፈጠሩት?,negative,negative,negative,negative
1469506629771186178,የተመረዘ እጅ ወይም እግር የሚቆረጠው ባለቤቱ ስለማያስፈልገው አይደለም ግን ሌሎቹን የሰውነት ክፍሎች ስለሚመርዝ ነው፤ ስኬትና ደስታ መስዋዕትነት ይጠይቃል! ወዳጄ የሚጠቅምህን አሳምረ,positive,positive,positive,positive
1461527364815437828,አይኔን አታስቂው ጥርሴስ ልማዱ ነው አሉ ብጻይ ድንጋዩ ወገኖቸ ላሜሪካና ለወያኔ አዩ ጩፋና እሰራኤል ዳንሳ ቢፀልዩላቸውና ቢፈወሱልን እረፍት እናገኝ ነበር ወይ ዘንድሮ በሀዘንና,negative,negative,negative,negative
1453568454657671179,የአውሮፓ ህብረት ጠ/ሚ አብደላ ሀምዶክ አሁንም የሱዳን ሕጋዊ መሪ ናቸው አለ ጠቅላይ ሚኒስትሩንና ካቢኔያቸውን የሽግግር መንግሥቱ ሕገ መንግሥታዊ መሪዎች ናቸው ብሏል።,neutral,positive,neutral,neutral
1453543717130969094,ትግራይን የከዳች ኢትዮጵያ እጣ ፈንታ ምን እንደሆነ ለማወቅ ጠንቋይ መሆን አይጠይቅም! ከአሁን በኃላ ሌላ ተጨማሪ ስህተት እንዳይደገም ግን ሌላኛው ፈተና ነው: መሸነፍን ማመንና,negative,negative,negative,negative
1463007911379095556,እኔም ለሀገሬ እዘምታለሁ! በገንዘብ ፣ በሀሳብ ፣ በሞራል ፣ አካባቢን በመጠበቅ እኔም ለሀገሬ እዘምታለሁ። ????,positive,positive,positive,positive
1455735924181057539,አይ ከሁለታችን አንዱን ይጠብቃሉ ውቸና ዝርዘእ ልቫፒ ር / ዶ ችዎሰ ኔእየ ለእናንተ ህደ,neutral,positive,neutral,neutral
1475228180248104963,@user አንድ ሰሞን እንደዚህም እድርጏችሁ ነበር ከሀይሌ ቀድማችሁ ፈርጣችሁ ተመለሳችሁ,negative,negative,negative,negative
1461182263849148417,@user . ዛሬ በብር ላይ የሚንከባለሉ ቱጃሮች ናችው . ትህነግ / ግብፅ / እያለ ይቀጥላል :: የህዝብ ንቀቱ ትቢቱና ክህደቱ ከዚህ የመጣ ነው !!,negative,negative,negative,negative
1453104310288531468,@user @user እሷ ቂጥ የሚያሳይ ነው ያለችው,negative,positive,negative,negative
1470610299514466311,@user አትመኑኑኑኑ አንድ ለአምስት እና አንድ ለዘጠኝ የት ሄዶ።,negative,negative,negative,negative
1433910971316191239,ህወሀትን ከመቅበር ውጨ ምንም የቀረ አማራጭ የለም!! #AtrocitiesByTPLF #TPLFisaTerroristGroup #EthiopiaPrevails,negative,negative,negative,negative
1463363271969460224,የመንዝ በግ ጠባቂዎች ጀብዱ!!ለወራሪው የትግራይ ኃይል እረመጥ ሆነውበታል።መንገድ አሳዩኝ ያላቸው እረኞች ወደ ቆላ በማሳየት ከአፋፉ ላይ በመሆን በድንጋይ ከአስር ያላነሰ,negative,negative,negative,negative
1445948168877789184,@user ለወንድሜ ዶ/ር @user ጥልቅ ፍቅርና አክብሮት አለኝ ለዚች ቅድስት ሀገርና ህዝቦቿ ለከፈልከው መዕስዋትነት እጅጉን አመሰግንሀለው። እኔ ገና ወጣት,positive,positive,positive,positive
1435089216296325125,ይሁዳ ኢየሱስ ክርስቶስን ለሞት አሳልፎ የሰጠው አንደ ወዳጅ ጉንጩን ስሞት ነበር። አቢይ አህመድ ሃገራችንን ኢትዮጵያዬ ብሎ ሲያቆላምጣት ይሁዳን አስታውሳለሁ።,negative,negative,negative,negative
1454996641015115777,@user መንግስት ለምንድን ነው እየዘገየ የሚነቃው። አንድ ግዜ ሁሉም ጋ ያለውን ረመጥ ማዳፈን ስንችል፣ ለማይቀር ነገር ግዜ መውሰድ።,negative,negative,negative,negative
1443341756444155905,@user @user እንደ ምያሳምም ኣሁን ነው የተረዳሽው ?ከወራቶች በፊት የት ነበርሽ ? ለማስመሰል የተፈጠራቹህ ዜጎች ተመስገን እንካንም ትግሬ ሆንኩኝ,negative,negative,negative,negative
1455761584974876677,ክብር ኢትዮጵያን ሲሉ ለተሠዉ ጀግኖቻችን ወገኔ ብሎ ባገለገለው አካል እንደ በግ የታረደዉን፤ በክፉዎች ፅዋ ግብዣ መርዝ የተጋተዉን የሰሜን ዕዝ የመከላከያ ሰራዊታችንን መቼም አ,positive,negative,negative,negative
1433906637526405121,ለሰለሞን ቱፋስ ምን ተደረገለት ?,neutral,positive,neutral,neutral
1474904199464996866,ይህ ሕዝብ። ዱለት ነው በሚሉት ሁሉ። ዱለት ነው አትበሉ፤ መፈራታቸውንም አትፍሩ፥ አትደንግጡ። 13፤ ነገር ግን የሠራዊት ጌታ እግዚአብሔርን ቀድሱት፤ የሚያስፈራችሁና የሚያስደነግጣችሁም እርሱ ይሁን,positive,negative,neutral,neutral
1461546606109601801,ወይ ተጋሩ! ምንስ ይባላል? እንዴትስ ይነገር የናንተ ምግባረ? በሽኦል ምላች አገርን ለማውደም: እንደት ሰው ወንዱሙ ያርዳል ዓይኑ ኣያየን? ፈጣሪ አይፈራም ወይ በናንት ሰፈር? ፈ,negative,negative,negative,negative
1466990225398370308,የአትዮጵያ ሀይሎች የትግራይ ወራሪ እና ታስፋፊ ዛራፊ ሀይሎችን ድበቅ እየመታ ወደ ፊት እየገሰገስ ናዉ,positive,negative,negative,negative
1464066669081509888,@user @user @user ከውስጤ የሚታገለኝን በዘር የመፈረጅ ዕሳቤ በእጅጉ የተፈታተነች ፍጡር! እንዴው . ሳስበው ደግሞ የተቀላቀላት ነገር ካለ ብዬም አሰብኩ። ፈጣሪ ይባርካት!,positive,positive,positive,positive
1452373969324052480,ይህ አደገኛ አካሄድ ነው አጥፍቶ እንኳን ቢሆን እንዲታረም ዕድል መስጠት የሰራውም ወንጀል ካለ በህግ እንዲጠየቅ ማድረግ። አልያ በደቦ ፍርድ እንቀጣዋለን የሚባለው አካሄድ ትክክል,positive,negative,positive,positive
1457138891153158151,@user አንተ ነጫጭባ ነጭ ኢትዮጵያ ለማፍረስ መቼም ማሳካልክ ምክንያቱም እኛ ኢትዮጵያ ዊ ነን,negative,negative,negative,negative
1463730279378530309,@user ያንተን ምክር ለራስህ።ለመሆኑ ካንተ የበለጥ ጽንፈኛ ዘረኛ አለ እንዴ??!! ያው ዝንጀሮ የራሷ መላጣ ቂጥ አይታያትም!!,negative,negative,negative,negative
1472726593751638016,ምድራቸውም ገብተው ሞት የደገሱልን የዘላለም ጠላቶቻችን የእጃቸውን ያገኝዋታል!!,negative,negative,negative,negative
1464446997025357828,@user ንፁሃንን በግፍ እያስጨፈጨፍክ በሰላም መተኛት የለም አረመኔ,neutral,negative,negative,negative
1442939529564803073,@user ለዘላቂ ደስታችን በየቤቱ ሴት መሪዎች እንዲኖሩን ተግተን እንሰራለን የመአድን እና ውሀ ሚኒስቴር ??,positive,positive,positive,positive
1440496702654349317,1 . የአብይ አሕመድ የቅርብ አማካሪ አንዱ ከሆኑት ዶ/ር ወዳጄነህ አብይን በሚከተሉት 3 የስብእና ባህሪዎች ይገልጸዋል። . የሚያስደነግጥ ትህትና . Full of Love (እጅህን እየ,positive,positive,positive,positive
1433538504416391184,@user አንድ አዋጊ እዚህ ተቆርጦ እየዋጀጀ ሲሄድ እረኞች አይተው ለኛ ነገሩንና ማረክነው አለ አንበሳው ገበሬ,neutral,negative,negative,negative
1468804484893757441,@user የ4ወር ስራ አፈጻጸም ውጤት ከበባ ለመስበር ብሎ ወሬ . ኪሳራ ኮሪደር ለማስከፈት ብሎ ፉከራ .ኪሳራ ባህር ዳርን ለመያዝ ብሎ ቅዠት,negative,negative,negative,negative
1452093882376851456,Feyiso Kedir Ilmasabaa 7h የተስፋፊዎች ፖለቲካ በዋናነት መሠረቱ ጸረ ኦሮሞነት ነው!! (ተጻፈ በአንድነት ዘለቀ),negative,negative,negative,negative
1457196211421724673,@user ጁንታው . አሁንም ከቅዠትህ አልነቃህም?? ነቃ በልና ኢትዮጵያዊነት ሲለመልም ተመልከት። መሰረቱን በጥልቀት ግዛቱንም በስፋት እያንሰራፋ ነው። ንቃ . ንቃ .,positive,negative,negative,negative
1453119088692277265,@user @user የውጭ ዜናም የሚያወራው ሽንፈታችሁን ነው ። ባይሆንማ መሪዎችህ ሲፋንኑ በታዩ ነበር ። ጉድጓድ ለጉድጓድ እንደቀበሮ ምን አስሮጣቸው,negative,negative,negative,negative
1475649519098421252,@user የእናትህ ቁጥር ስንት ነው???,neutral,positive,neutral,neutral
1464063777859534851,@user @user አቤት ውሸት እደሱ የሰፋ ነው,negative,negative,negative,negative
1460462542191579139,የሀገር ሰው ተመልከት ይህ ጉድ ????,negative,negative,negative,negative
1462987729675849729,ኢትዮጵያ ታሸንፋለች የእውነት አምላክ ከኢትዮጵያ ጋር ነው!!,positive,positive,positive,positive
1463728690093772800,ህግ ማስከበር አሉ - ዝም አልን የህልውና ጉዳይ አሉ - ዝም አለን የአፍሪካውያኔ ውግያ ነው አሉ - ተገረምን ?? Next is World war 4??,neutral,positive,negative,negative
1441564398305386497,@user @user ደጋግሜ የምልህ መሪያችን በቅንነት። ብቻ አገልግል።,positive,positive,positive,positive
1463704387549904898,@user @user ምን ያለበት ምን አይችልም ነው የሚባለው,negative,neutral,neutral,neutral
1464087504345341952,እንዲሁም አማራ ባንክ በፍጥነት ወደስራ ገብቶ ይህን እንዲያግዝ አባይ ፣አቢሲኒያ ፣ኅብረት ፣ዳሽን ባንኳች እንዲያግዙ ይደረግ ችግሩ ይህ ባለ 10 ነጥብ ልዩ የኢኮነሚ ማካካሻን መተግበ,positive,positive,positive,positive
1444404196174925828,@user በጣም መልካም ዜና ነው . የመረጥንሽ በምክንያት ነው,positive,positive,positive,positive
1436093940042657814,@user @user @user የአመቱ ምርጥ ባለጌ ቴዎድሮስ አሃዳኖም,negative,negative,negative,negative
1441209651308077056,#ኢሬቻ የቀደምት ህዝቦች ምልክት! ክብረበአሎቻችን የታላቅነት ጉዟችን አቅሞች! ኢሬቻ የነፃና ሉአላዊ ህዝቦች ምልክት! ይቅርታ ሰላም እና ወንድማማችነት፡ - ኢሬቻ ኢሬቻ አገራዊ ኩራት ምንጭ!,positive,positive,positive,positive
1452111253330092034,@user በጣም ደስ የሚል ዜና ነዉ።,positive,positive,positive,positive
1453475614728589312,ኮንቴነር ውስጥ ሆኖ መፎከር አይከብድም ወይ ? -) መቀሌ በየሰፈሩ እና በየ ጉራንጉዱ እንደ አይጥ ተደብቀው ነው የሚኖሩት ድሮን ፍራቻ፣ ሲፎክሩ ግን የሃያላን ሃገር መሪ ኖ የሚ,negative,negative,negative,negative
1452759019626631174,@user ምን አይነት አሰጣጥ,neutral,positive,neutral,neutral
1452728621295095823,@user ህዝብን የሚከፋፍለው ይህ ነወ።ኢሣት ይቅርታ ሊጠይቅ ይገባል።,negative,negative,negative,negative
1438688257936699398,@user @user ምን ጥያቄ አለው እነዛ አፋቸው ማይናገሩ ከብቶችን አልገደሉም፤ መነኮሳትን አልደፈሩም ድልድይ ገነቡ እንጅ አላፈረሱም!!!,negative,positive,negative,negative
1464421190458654721,ለመረጃ ያህል ነው ወያኔ ሽምግልና አሻፈረኝ ብላ ነው ለምትሉ በሙሉ አብይ አህመድ የፈለገው ራሱን የኦሮሞ ወኪል አድርጎ መደረደር ነበር። ወያኔ ደሞ እውነተኞቹ የኦሮሞ ወኪሎች ይሳተፉ ባይ ነበረች፤ ሀቁ ይሀው ነው።,negative,negative,negative,negative
1440489210893385736,የሌሊት ወፍ ቅርፅ ልናሳሳነያ ድገንመ ንትበሳሳነያ ንኛእ ውሰ ድንአ ከአንድ የሠለጠነ ባላባ በስተቀር ርበነ ዬኛደጓ ኔእ,neutral,positive,neutral,neutral
1454990116464865290,የወያኔዎች ላንቃ ተዝግትቷል። ይህ መሬት ላይ እየሆነ ስላለው ጉዳይ አመላካች ነው። እውነት አርነት የምታውጣህ ቀድመህ ውሸት በማወራት በማደናገር አይደለም። እውነት ከተበዳዮች ጋር ናት።,negative,negative,negative,negative
1450215997948956674,ቀላል ክብር ኣዶ ዘይብላ ዓጣርት ????,neutral,neutral,neutral,neutral
1433940472553254915,@user ደስ ይላል ፈጣሪም አጥፊዎችን ይቀጣል ሰላም ለሀገራችን ይሁን,positive,positive,positive,positive
1468066330498719745,@user ዋይይይይይ ታማኝ እጃችንን አፋችን ላይ ልታስጭነን ነው እንዴ???,neutral,positive,positive,positive
1473508125248524292,@user ትክክል አላህ የጃቸዉን ይሥጣቸዉ የኑጹህን ደም ይፍረዲባቸዉ,negative,positive,negative,negative
1455324498039873540,@user ሁሉንም የመገናኛ መሳሪያዎችን ይቁረጡ2,negative,positive,negative,negative
1440830292994842624,የተሰገሰጉት እና በትምህር ምክንያት ውጭ ሀገር ያሉት የጁንታው አፍቃሪወችም ጉዳይ መታየት ይኖርበታል፡፡,negative,negative,negative,negative
1454670702586572803,@user @user የደፂን ፊትና glove ባገኝ እለብስ ነበር፡፡ አንቺ ግን ፈካ በይ የባሰ የበአል አከባበር አለና፤ ለምን የደም ብዛት ይኑርሽ፡፡,neutral,positive,negative,negative
1436503912924725258,@user አቶ አገኘሁ እባካችሁ ክፍተት አለ ይስተካከል ወሮበላወቹ ከትግራይገና ሲነሱ መግቢያ በር ለይ ዘግቶ የማይደመስሱት አማራምንምባላረገው የሚጨፈጨፈው ለምንይሄ ይታሰብበት,negative,negative,negative,negative
1474545428662214659,@user ትግራይ ውስጥ የነበሩትን የትግራይን ህዝብ ሲጠብቁ የነበሩት 32000 የመከላከያ አባላትን ምን እንዳደረጋችኋቸው ረስተህ ነው ።እንደውም ሰቅሎ መጥበስ ነበር ይህንን,negative,negative,negative,negative
1434257856904237059,@user ኢትዮጵያ የተመሰረተችው በወረራ ሲሆን የምትተዳደረው በግፍና ስቃይ ነው! የዘረዘርካቸው ሶስቱ የነዚህ ሁለት ቀዳሚ ሀጢያቶች ፍሬ ናቸው!,negative,negative,negative,negative
1465534688878026752,ታሪክ ከሚያደንቃቸው የኢትዮጵያ ልጆች አንዱ ለመሆን የምታስቡ ሁሉ ለሀገራችሁ ስትሉ ዛሬውኑ ተነሡ፤ ግንባር ላይ እንገናኝ ብለዋል። #March4Ethiopia,positive,positive,positive,positive
1476728668110135299,ከልባችሁ ይቅር የምትሉ ሰዎች ግን ምን ያህል እድለኛ ናችሁ!,positive,positive,positive,positive
1449861059515387908,ስለ ሱለይማን አብደላ የማይመለከተው ኢትዮጵያዊ ዜጋ የለም ሁሉም በዱዋና በጸሎት መገዝ አለበት ወገን ዝም አትበል ፈጣሪ ይድረስለት,positive,positive,positive,positive
1435006358412161027,@user ውታፍ ነቃይ የነ ተኛ ባሪያ ያንተ አቋም እነደዚህ ደነዝ ሆኖ ቀረ? ጎመቱ!,negative,negative,negative,negative
1435431644329033734,@user የኢትዮጵያ ህዝብ ያንተ ማላገጫ አይደለም የኢትዮጵያ ህዝብ እንዲህ ይላል ስትል ትንሽ ማገናዘብ ያስፈልግሃል የኢትዮጵያ ህዝብማ ያገለግለኛል ይመራኛል ያለው,negative,negative,negative,negative
1458960713402175499,@user የደላው ሙቅ ያኝካል ክልልህ ተወሮ ህዝብ እያለቀ ሀብት ንብረታቸው እየተዘረፈ እየወደመ ሚሊዮኖች በስደት እየተሰቃዩ ጀግኖች ደማቸውን እያፈሰሱ አጥንታቸውን እ,positive,negative,negative,negative
1470957986038575109,ነገ ወደ ትምህርት ቤት ይምጡ,neutral,positive,neutral,neutral
1445500483204890633,ለአቶ #አገኘሁ #ተሻገር በይደር ከሚጠብቃቸው ሥራዎች መካከል:በደም መሥዋዕትነት ተከፍሎባቸው ወደ ማንነታቸው የተመለሱ በጎንደር _የሁመራ እና የወልቃይት እና በትጥቅ ትግል ለመመለሥ የሚገኙትን በወሎ - የራያ ግዛቶች ፤,neutral,positive,neutral,neutral
1469893661810999297,@user አማራ አማራ አትበል ላጫም Tplf ጀግንነቱንማ በተግባር ኣሳየክ አንድ ወር ሙሉ ምስትህን ተጠቅሟል ።,negative,negative,negative,negative
1454289334102810626,@user ያንተ ደግሞ እስከመጨረሻው አሸልቧል,negative,negative,negative,negative
1442579237542707201,@user @user @user @user የአብይ መንጋዎች ከነጭ እና ጥቁር ውጭ ሌላ ቀለም አታውቁም አይደል?,negative,negative,negative,negative
1453908461675294722,የጥቅምት18 የምሽት ዜና 1 . በደላንታ በኩል ቅጠል ለብሶ የመጣው 6 ተሳቢ በEDF እምሽክ 2 . የቦሩ ስላሴ ጅብ ከ 3000 በላይ የሆነውን የባንዳ አስከሬን ????አድርጓቸዋል 3.በቆር,negative,negative,negative,negative
1462620606608732164,ኢትዮጵያውያን ዲያስፖራዎች ከበሮ እና ድራማ እያሸለሙ ነው። የኢትዮጵያ ብሔራዊ መከላከያ ግን ተሸንፏል,negative,negative,negative,negative
1461529024572837891,ኢትዮጵያ አንገት ላይ እንዲጠመጠም ታቅዶ የተጻፈው አንቀጽ 39 አድፍጦ ቆይቶ ህወሃት አንገት ላይ ይጠመጠማል ብሎ ማን ገመተ? ፅድቅና ኩነኔ ቢኖርም ባይኖርም፣ ከክፋት ደግነት,positive,negative,negative,negative
1438232298047119361,@user አንተ ደደብ አረቂያም ምን አገባህ ስለ ወሎ ኢዲዬት ነህ,negative,negative,negative,negative
1452425485384826888,@user @user @user @user 7 ቁጥሩ የማንቸስተር ተጫዋች የዛሬው 5-0 ሽንፈት ሳይበቃው ለምን እዚህ ለማንበብ በማይችለው ትዊት ስሙ እንደተካተተ ሲ,negative,negative,negative,negative
1440842700194938883,@user እጅግ የሚያስደስተው ነገር ሆድ አደር ባንዳዎችን በሞራልም፣ በስነ ምግባርም፣ በሀይማኖታዊ አውቀትም በልጦ ለራሱም፣ለሀገሩም፣ለሀይማኖቱም ታሪካዊ ስራ በመስራት ላይ መሆ,positive,negative,negative,negative
1442627837798854664,@user ጀግናው ሰራዊታችንን እንርዳ በምን? 1.ደም እንለግስ 2 . ቤተሰቡን እንከባከብ 3 . በጠላት ወሬ አንረበሽ 4 . ወያኔን እንሰልል 5 . ሐሰተኛ ወሬ አናዛምት 6 . በገ,positive,positive,positive,positive
1473441594418343939,@user አዱ በጣም አመሰግናለው።እጅግ አስተዋይ ሴት ነሽ ።,positive,positive,positive,positive
1458621136745422854,እነዚህ አውሬዎች ሚዲያ መዘጋቱ የተሰማኝ ደስታ ለመግለጽ ቃላት የለኝም። ትግራይ ዲያስፖራ ዎች ታላቅ ክብር አለኝ። ትግራይ ትሰዕር???? @user @user,negative,negative,negative,negative
1456847710263386113,ሸዋ ወደ ክተቱ እየተመመ ነው። #Ethiopia #Amhara #NoMore,neutral,negative,neutral,neutral
1476675596117815301,@user @user @user @user @user ልደቱ፣ ያንተን ያሳየን ሞትን የሚያስመኝ ይስጥህ,negative,negative,negative,negative
1457905613795729408,@user @user @user እና አብይ ሊሰብቅልሽ ነው ሰፈርሽን ኦንላይን ትዝፍዝፈሽ ከምትጮሂ ሰፈርሽን ጠብቂ,negative,negative,negative,negative
1435365221166616576,@user በትኅነግ የስራ ክፍፍል እሱ የወጣቱን ወኔ መስለብ፣ በእንቶ ፈንቶ ቀልቡን መግዛት፣ ኢትዮጵያዊ ጀግንነቱን ማኮላሸት፣ ስለ ወሳኝ ጉዳዮች አትኩሮት እንዳይኖረው አእምሮውን,negative,negative,negative,negative
1451287120354676745,ሰርተን ራሳችንን መመገብ ካልቻልን ስንዴ እየለመን ነፃነት የሚባል ነገር የለም ። (D.r Abiy Ahmed) የሚመግብህ እርሱ ይቆጣጠርሃል (Thomas Sankara) ስለዚህ,positive,positive,neutral,neutral
1462640609756340224,#እናሸንፋለን!! አትጠራጠሪ እማማ ኢትዮጵያ የሀሰት ወሬ እኛ ኢትዮጵያውያንን አያሸብረንም!!#በቃ! ይበቃል! የምህራበ አውሮፓውያን የሀሰት ወሬ!!,positive,negative,negative,negative
1435356287403970563,ሱዳን ክስተቶች አሉ:: - እለቡርሀን ሰላሳ የሚጠጉ ከፍተኛ የጦር መኮንኖችን ጡረታ አሰናብቷል - ሄመቲ ፈጥኖ ደራሽ ሀይሉን ከድተው የወጡ አሉ - የሱዳን ምክትል ቺፍ ኦፍ ስታፍ,negative,positive,neutral,neutral
1444796011143208960,@user እውነት ነው! አጉል አዛኝ ቅቤ አንጓች ማለት ነዋ ውድ ወንድሜ!,negative,negative,negative,negative
1440411169286549509,እርግጥ ነው ኢትዮጵያዊነት ኤርትራዊነት ላይበጠስ በእውነት ተጋምደዋል የምስራቅ አፍሪካው ቆሪጥ ሰይጣን ወያኔ የውሸት አምላኪ በእውነት ተሸንፈዋል አበቃ አውነት ትቀጥላለች!!,negative,negative,negative,negative
1446198351876218882,@user አይ ቢኒ ምን አደከመህ ይሄ እኮ ማለቃቀስ ነው ስራው ጥያቄ ስትጠይቀው መልሱ ለቅሶ ነው መድከም ነው,negative,negative,negative,negative
1436066986505736198,@user ዋናው ከአፋር መውጣታችሁ ነው የሚፈለገው፤ #TPLFTerroristGroup,neutral,negative,neutral,neutral
1466591045467230216,ሺ ዘጠኝ መቶ ሰማኒያ ሶስት እና 2014 ዓ.ም II ሁሉም ነገር ባለበት ቁሞ የሚጠብቃቸዉ የሚመስላቸዉ ነገር via @user,neutral,negative,negative,negative
1472032811011948550,@user ከቀባጠራቸው ሁሉ መልካሟን ብቻ መርጠር ወሬ ለማጣፈጥና ግርግር ለመፍጠር አትሞክር።,negative,negative,negative,negative
1475677625347719176,የእኔ ጥያቄ እዚ ሰፈር ቀኑን ሙሉ ሲፖስቱና ሪፕላይ ሲያረጉ የሚዉሉ ሰዎች የገቢ ምንጭ ምንድነዉ ?,neutral,positive,neutral,neutral
1436070717855043585,@user ብሔርተኝነት ከጭቆና በፊት ቢቀድም እንጂ በኋላ አልመጣም አንድ የሐረር ገበሬና አንድ ነጎጃም ገበሬ በብሔር ፓርቲ ከመጠመዳቸው በፊት ሁለቱም እኩል ነበሩ ዛሬም በገበሬነታቸው እኩል ናቸው,positive,negative,negative,negative
1444148573457764354,ለቅድስት ግሽን ደብረ ከርቤ አመታዊ በዓል በሰላም አደረሰን በዓሉ አገራችን ሠላም የምትሆንበት ጠላቶቻችን የሚጠፋት ህዝባችን በሰላም ወጥቶ በሰላም የሚገባበት በዓል ያርግልን,positive,positive,positive,positive
1473494318375575553,ያለቻቸዉን የመጨረሻ ያሏትን ሙከራ ያደርጋሉ። ታጣቂዉ ከላያቸዉ ተስፈንጥሮ በመዉረድ ከዉጭ ከሚጠብቁት ባልንጀሮቹ አንዱን ገብራይ በልና ላንተ የምትሆን ተገንታለች ብሎ በመጥራት አሳ,negative,negative,negative,negative
1455351024613462020,@user ምስኪን የእርትራ ወጣቶች እትብታቸው ባህር ውስጥ የተቀበረ ይመስል በየባህሩ ኢንዲሰምጡ እያሰደደ No shame.,negative,negative,negative,negative
1470202093059416064,@user ፉኖ እየተቀላቀሉ መስዋትነትን እየከፈሉ ነው! በጣምም ኮርተንባቸዋል በጀግኖቻችን! የሚያደርጉት ትክክልና አኩሪ ነው ድንቅ የአማራ ወጣቶች !,positive,positive,positive,positive
1441600774547640323,@user የሚገርም እይታ ትችላለህ #ResilientlyOnWards #EthiopiaPrevails,positive,positive,positive,positive
1464415495487119360,ኣይነጋ መስሏቸው በትግራይ ህዝብ ላይ እየፈፀሙት ላለው ግፍ ነገ እንደሚቀጡበት ማወቅ ብልህነት ነው።,negative,negative,negative,negative
1461167928762683397,@user ከነቅማሉ እሱን እንዳታቀርቡት መጀመሪያ መላጨት ነው::,negative,negative,negative,negative
1434325588886556672,@user አርሰህ ብላ እጅ እና እግር አለህ አይደል,neutral,negative,negative,negative
1450231773699452928,@user ታማኝ በየነ ከሚቀጥለው ትውልድ ተበድረን ነው ወይ የሞትነው ያለው ትንቢት ተፈፀመ ብለህ ፃፍበት@user,negative,positive,negative,negative
1475966580668485639,@user ወይ ታምር እንዴት ነው ግራ የገባቸው በጌታ ስም???,neutral,positive,negative,negative
1443056537635856385,እኛ ግን ነፍሳቸውን ሊያድኑ ከሚያምኑቱ ነን እንጂ ወደ ጥፋት ከሚያፈገፍጉ አይደለንም። (ዕብ 10: 39),positive,positive,positive,positive
1466941038031953921,የቤህነን ታጣቂ ቡድን መሪ የሆነው ህድር መሐመድ አሊ በቁጥጥር ሥር ዋለ!! በቤኒሻንጉል ጉምዝ ክልል፣ መንጌ ወረዳ፣ ጎልሞሶ ቀበሌ ላይ በቁጥጥር ስር የዋለው የቤህነን ታጣቂ ቡድን መ,neutral,negative,neutral,neutral
1444805898371698688,@user በተዘዋዋሪ ይገባል ብሎ ነው? ??,neutral,positive,neutral,neutral
1473125410921750531,@user @user ግራ የሚገባ ለቃቃሚነት ነው,negative,negative,negative,negative
1447658807925092359,@user በነበረው እንውሰድ??,neutral,positive,neutral,neutral
1446967856395169798,በየቀበሌው የተደራጀው ገበሬው ተመሳሳይ የሆነ ጥያቄ አለው። 1ኛ መንግስት ነፃ በሆነው የአፋር ክልል በኩል ትጥቅ እንዲያቀርብላቸው። 2ኛ ቁስለኞች በአፋር ክልል በኩል ወጥተው በቶሎ,neutral,positive,neutral,neutral
1457523539775479810,@user Awoll Allo ግን የሆነ ፈጣጣ ነገር ነው.አሁን እንዲህ ሲፅፍ ሰላም የናፈቀው አይመስልም??? ቀንደኛው ሽብር ጠማቂ እና አጥማቂ እኮ ነው.ወይ ዘንድሮ??,negative,negative,negative,negative
1441141807140671491,@user @user እሱስ ምንም አያንሰኝም ???? ዋናው መድፈር ነው,neutral,positive,positive,positive
1453093915968561164,በአማራ ክልል የተፈናቃዮች ቁጥር 1.7 ሚሊዮን ደርሷል ተባለ) - -,negative,positive,negative,negative
1457144348756357121,በጣም ከባድ ህመም ነው ይአ ሲ ኢ ምኤ ልቭፓ.ዶ ተረጋጋ ሐኪም ውነ ምመህ ድባከ ምጣበ,neutral,positive,negative,negative
1456833008510590978,@user ዋው ምክሬን ሰማሽ! አብይን ለቀቅ አደረግሽው። እኔ ግርም የሚለኝ በመወልወያ አዟሪና በልዋጭ ልዋጭ ጭንቅላት ፌመስ መሆንሽ ነው። የገብረመድህን ውለታ መቼም አይረ,negative,negative,negative,negative
1440812632953352193,@user Hahaha ዝም ብለህ ህክምችናህን ጨርስ የማይመቸን ጁንታ,negative,negative,negative,negative
