text_id,text,annotator_1,annotator_2,annotator_3,label
pidgin_text_5137_emotion_1,like today naaa i toke one sexy picture of myself but there was no boo to send it to las las na woman wey get brezz like me i send am toanty no even turn on na single i single i no kee person,"['disgust', 'sadness']",[],"['disgust', 'sadness']","['disgust', 'sadness']"
pidgin_text_5725_emotion_1,see how dem dey use utd play you go think say city na prime barcelona,['surprise'],['surprise'],['surprise'],['surprise']
pidgin_text_6029_emotion_1,una don start for dis app again ooo no be santorini again,"['disgust', 'surprise']",['surprise'],"['disgust', 'surprise']","['disgust', 'surprise']"
pidgin_text_5640_emotion_1,no dey slander my man pulliz,['disgust'],['sadness'],['disgust'],['disgust']
pidgin_text_2600_emotion_1,block him sef,['disgust'],"['anger', 'disgust']",['disgust'],['disgust']
pidgin_text_4094_emotion_1,thats exactly how yall say it the thing dey vex me i look nice ehennnn add other things to the you look nice eg baby oku nwa di okay youre looking gorgeous ahhhh ahnnn see babe etc,"['disgust', 'sadness']","['anger', 'sadness']","['anger', 'sadness']","['sadness', 'anger']"
pidgin_text_1187_emotion_1,meaning you b legendary for expo b dat na,['disgust'],"['disgust', 'surprise']","['disgust', 'surprise']","['disgust', 'surprise']"
pidgin_text_4455_emotion_1,the one i had that generated the malaria inside me im still battling with drip + injection currently maybe na god dey punish me sef god biko free me i wont do it again for the main time,"['fear', 'sadness']","['fear', 'sadness']","['fear', 'sadness']","['fear', 'sadness']"
pidgin_text_2289_emotion_1,like me wey don dey beg a girl on twitter for even dmdem say i no fine reach,['sadness'],['sadness'],"['disgust', 'sadness']",['sadness']
pidgin_text_5225_emotion_1,e pain me she even liked from why please,['sadness'],['sadness'],['sadness'],['sadness']
pidgin_text_3906_emotion_1,hearing any plane flying over and ill be hoping and praying its the one carrying my bag this people don turn me to mad person,"['anger', 'sadness']","['anger', 'sadness']","['disgust', 'fear', 'sadness']","['anger', 'sadness']"
pidgin_text_5067_emotion_1,even before jide pour san san inside all dem lagosians garri naso we dey see dem enter here like soldier ants,['disgust'],['disgust'],['disgust'],['disgust']
pidgin_text_1345_emotion_1,see wetin leaders of tomorrow dey chop ahtink youre seeing your mates not everytime akpụ for your son,['disgust'],"['anger', 'disgust', 'surprise']",['disgust'],['disgust']
pidgin_text_4394_emotion_1,we sha turn up if chance dey ooobut then plenty ppl sorry men in the comments section are not singu na knack dem dey find holy ghost ‍️‍️‍️,"['disgust', 'fear']",['disgust'],"['disgust', 'fear']","['disgust', 'fear']"
pidgin_text_3619_emotion_1,i fit even use my profit enter airplane go meet them wherever they are so far they are within nigeria,[],[],[],[]
pidgin_text_1916_emotion_1,lmaooo emma is funny tbh e say na anty commot this your eye glass make we price this thing well your ajebor too much this evening,['surprise'],"['disgust', 'joy', 'surprise']",['joy'],"['surprise', 'joy']"
pidgin_text_493_emotion_1,for our table na only me and this fine girl dey drink orijin bitters i dey try cut am eye,"['joy', 'surprise']",[],['joy'],['joy']
pidgin_text_4899_emotion_1,omo e b like say dem dey increase their salaries anytime dem take the light then at the end of the month they will now bring billdem nor get conscience,"['disgust', 'surprise']","['anger', 'disgust']",['disgust'],['disgust']
pidgin_text_3900_emotion_1,i was when i knew nigeria was not suppose to be a country e don tey bros,['disgust'],['disgust'],['disgust'],['disgust']
pidgin_text_1851_emotion_1,smalling just dey pass ball go back like say hin grandfather dey there,['disgust'],"['anger', 'disgust', 'fear', 'sadness', 'surprise']",['disgust'],['disgust']
pidgin_text_5324_emotion_1,if you can make pap without koko without putting it on fire cos e no done well add it to your cv oo i have tried i dont know how to maneuver this pap making again everytime na rubbish i dey make,"['disgust', 'sadness']",['sadness'],"['disgust', 'sadness']","['disgust', 'sadness']"
pidgin_text_4049_emotion_1,abeg where all these money dubblers come from na na so so mr flip cash or mrs flip cash dey follow me which kind nonsense be this na,"['disgust', 'surprise']","['anger', 'disgust', 'surprise']","['fear', 'surprise']","['disgust', 'surprise']"
pidgin_text_1421_emotion_1,omo una dey mad oh na love be this,"['disgust', 'surprise']","['disgust', 'surprise']","['disgust', 'surprise']","['disgust', 'surprise']"
pidgin_text_1999_emotion_1,thank god say don jazzy dey follow me even if e never dash me momey before,['joy'],['joy'],['joy'],['joy']
pidgin_text_5782_emotion_1,all these rubbish takes would have ended messi na idiot walahi,['disgust'],['fear'],['disgust'],['disgust']
pidgin_text_3964_emotion_1,fg e be like say ona no won get brain abi ona go just wake up one day dey give one mad notification,"['disgust', 'surprise']","['anger', 'disgust']","['anger', 'surprise']","['disgust', 'surprise', 'anger']"
pidgin_text_5764_emotion_1,this brhoe dey happy say he dey always do raw with every girl my condolences to all the babes sha,"['disgust', 'sadness']","['disgust', 'fear']",['disgust'],['disgust']
pidgin_text_1215_emotion_1,instead of you to work for person wey you fit get access to you say na nigerian government you wan work for tueh,['disgust'],"['disgust', 'surprise']","['disgust', 'surprise']","['disgust', 'surprise']"
pidgin_text_4112_emotion_1,sarri don spoil my night na ogogoro i go de on,"['disgust', 'sadness']","['anger', 'sadness']","['disgust', 'sadness']","['disgust', 'sadness']"
pidgin_text_357_emotion_1,four years don waka thank you lord journalist di egwu,['joy'],['joy'],['joy'],['joy']
pidgin_text_4283_emotion_1,lmao na k people just dey use dey play like this so this life na pot of beans oh,"['sadness', 'surprise']","['anger', 'surprise']",['surprise'],['surprise']
pidgin_text_4901_emotion_1,please book your session from tuesday abeg my money aff finish and school is on session the one them dey give for house no dey reach,"['fear', 'sadness']",[],['sadness'],['sadness']
pidgin_text_5391_emotion_1,ahhh you saying rich woman i just tweeted about someone calling me big woman ‍️ i don tire please im broke i need help yall should stop thinking im rich now,['sadness'],"['sadness', 'surprise']","['disgust', 'sadness']",['sadness']
pidgin_text_3438_emotion_1,my people who wan chop im cooking sth get ur ticket now the food go sweet oo wen i cook am finish the nnewi hotel and event centre,['joy'],[],['joy'],['joy']
pidgin_text_1922_emotion_1,na my mate dey chop this kind thing ooogod when,"['sadness', 'surprise']","['sadness', 'surprise']",['sadness'],"['sadness', 'surprise']"
pidgin_text_3624_emotion_1,girl na ya love wey dey ginger me you dey give me the love and the energy only you wey dey give me melody my baby morning yall,['joy'],['joy'],['joy'],['joy']
pidgin_text_4140_emotion_1,dem dey look the guy less less now nah no wahala nah condition make crayfish bend,"['disgust', 'sadness']",['anger'],"['anger', 'disgust']","['disgust', 'anger']"
pidgin_text_3066_emotion_1,you will not kill me thats what i use to tell people the way nigeria has bent only god can straighten it even god sef go reason am,"['disgust', 'sadness']","['disgust', 'fear']",['sadness'],"['disgust', 'sadness']"
pidgin_text_2483_emotion_1,cause i can y u go dey call me dat na,"['disgust', 'sadness']","['anger', 'surprise']",['disgust'],['disgust']
pidgin_text_1495_emotion_1,walahi dis diamond n access bank merger is not making sense to me how n to think am now an access bank customer how dat bank i no dey feel dere service at all there staff always looking boring or not smiling dozie u no try oh my diamond,"['disgust', 'sadness']","['disgust', 'sadness']",['disgust'],"['disgust', 'sadness']"
pidgin_text_3709_emotion_1,when my pple decided to create with this shot i was forming abeg wetin una wan do they did it anyways and i love it how do you like your we got you covered service,"['joy', 'surprise']","['joy', 'surprise']","['joy', 'surprise']","['joy', 'surprise']"
pidgin_text_1778_emotion_1,na sound of gun shot i just dey hear from am to am no be say dem dey fight oooooo dey just dey send aroko to them billion boys mushin no get joy oooo,"['disgust', 'fear']","['anger', 'surprise']",['fear'],['fear']
pidgin_text_5186_emotion_1,why dis all the timeunah go dey commot small change from person account like nah unah put am therese e wa ohk sha,"['anger', 'disgust']",['sadness'],"['disgust', 'sadness']","['disgust', 'sadness']"
pidgin_text_6135_emotion_1,im super grateful god didnt give me such a beast as parent nothing absolutely nothing justifies her actions i condemn dis wicked and inhumane act of hers in the strongest highest regard as for the recorder god will punish u de bastard tryna kill de kid i curse u,"['anger', 'disgust']","['anger', 'disgust']","['anger', 'disgust']","['anger', 'disgust']"
pidgin_text_5113_emotion_1,mongunu meat na hin i take from that pot fayemi is that why mama dey halla like say u chop abbatoir boss sigh mama can be so dramatic dalong choi what will i do now me dat chop,"['fear', 'surprise']","['disgust', 'surprise']","['fear', 'surprise']","['fear', 'surprise']"
pidgin_text_4107_emotion_1,make this people rest nau shuu how una wan take surprise the world wen una never ft surprise us abeg obongowo chill,['disgust'],"['anger', 'disgust', 'sadness', 'surprise']","['anger', 'disgust']","['disgust', 'anger']"
pidgin_text_1692_emotion_1,all my body dey pain me so na like this vendors dey package products by themselves for jumia shipping i don close store im not doing again,"['sadness', 'surprise']","['sadness', 'surprise']","['disgust', 'sadness']","['sadness', 'surprise']"
pidgin_text_3979_emotion_1,to construct message dis twitter dey always hard,['sadness'],['anger'],"['disgust', 'fear', 'sadness', 'surprise']",['sadness']
pidgin_text_5158_emotion_1,liquorrose wey no fit handle liquor be like gordon win am oh,['disgust'],['surprise'],"['disgust', 'surprise']","['disgust', 'surprise']"
pidgin_text_1039_emotion_1,im not new here o buh you guys have been ignoring me a lot you guys should follow me and like my tweet too na e no good o,['sadness'],"['anger', 'fear', 'sadness', 'surprise']",['sadness'],['sadness']
pidgin_text_743_emotion_1,to those ugly and beautiful girls wey god create wey no recreate come talk sey god dey create i love yall,['joy'],['joy'],['joy'],['joy']
pidgin_text_1651_emotion_1,this girl wan take style chop my money e don tey tey wey yansh dey for back,['disgust'],"['anger', 'disgust', 'surprise']",['disgust'],['disgust']
pidgin_text_3849_emotion_1,na the wc wey she go sit down on top i dey pity,['disgust'],['fear'],"['disgust', 'surprise']",['disgust']
pidgin_text_3378_emotion_1,i dey put am she dey feel am she dey lick am e dey sweet am i dey give am panel beat am when she need am,['joy'],['joy'],['joy'],['joy']
pidgin_text_442_emotion_1,that heart melting allah bless you baby from your spouse please marry ohhhh e get why,['joy'],['joy'],['joy'],['joy']
pidgin_text_3491_emotion_1,e sure me una do opening prayer before una take these pictures,['surprise'],['surprise'],['joy'],['surprise']
pidgin_text_3355_emotion_1,where una dey see all this letters,['surprise'],['surprise'],['surprise'],['surprise']
pidgin_text_1764_emotion_1,see dem dem wan chop free food wear free cloths this set of people wont even come out during election time to vote in vibrant youths like and the likes do they even have pvcs cursed generation,"['anger', 'disgust']","['anger', 'disgust']",['disgust'],"['anger', 'disgust']"
pidgin_text_1534_emotion_1,abeg make una buy perfume na from very cheap make i fit see money continue this protest ejor abeg edakun make una help me oh girl is super broke,['sadness'],['sadness'],['sadness'],['sadness']
pidgin_text_2239_emotion_1,baba e no reach that one na becus money no dey to play e dey pain to like,['disgust'],"['anger', 'disgust', 'sadness']","['disgust', 'sadness']","['disgust', 'sadness']"
pidgin_text_3174_emotion_1,ozo pls talk sum sense inside dis girls head bcos you see dis gurl am shipping her with the money,['sadness'],['joy'],['disgust'],[]
pidgin_text_1683_emotion_1,person no dey play with you again den say i go wake person wey don dey sleep since april up in june ‍️‍️ sorry sis aisha yesufu,['disgust'],['surprise'],"['disgust', 'fear']",['disgust']
pidgin_text_4578_emotion_1,e be like na to move osince access took over diamond na problem,"['disgust', 'fear']","['anger', 'disgust', 'fear', 'sadness', 'surprise']",['fear'],"['disgust', 'fear']"
pidgin_text_6163_emotion_1,im jealous of the nights that i dont spend with you im wondering who you lay next to ohim jealous of the nights im jealous of the love love that was in here gone for sumone else to shareits hard for me to say im jealous of the way you happy without me️,['sadness'],['sadness'],['sadness'],['sadness']
pidgin_text_1114_emotion_1,body wey i don shake tire next,"['disgust', 'sadness']",[],[],[]
pidgin_text_239_emotion_1,una wen dey receive massage na wetin una dey enjoy be this omooooooo,['surprise'],[],['surprise'],['surprise']
pidgin_text_5776_emotion_1,na play i been dey play oo i say make i go charge phone come backna insult i come see una no get joy at all,"['sadness', 'surprise']","['disgust', 'surprise']","['sadness', 'surprise']","['sadness', 'surprise']"
pidgin_text_3755_emotion_1,baba segee aka benson of all time baba ayo the way this animal kingdom is moving na that you ebsu certificate de go soon chop and that pharmacy license of urs go soon go downtown,['fear'],"['disgust', 'fear']","['fear', 'sadness']",['fear']
pidgin_text_2175_emotion_1,this daenerys pikin don too dey raise chest,['disgust'],['disgust'],['disgust'],['disgust']
pidgin_text_2012_emotion_1,why i no dey always dey online when dey dash people money which head be my own sef well i hope heaven smile on me one day,"['sadness', 'surprise']","['sadness', 'surprise']","['fear', 'sadness']","['sadness', 'surprise']"
pidgin_text_457_emotion_1,this guy i was thinking about you today like e tey wey i see your tweet alfa,['surprise'],[],"['joy', 'surprise']",['surprise']
pidgin_text_4033_emotion_1,whenever im in the kitchen i always remember the day i went to visit my mum madam cooked finish carry food go lock in her room saying if you wan eat gon cook yourself or call that lady wey dey cook the one you dey chop for owerri to come cook for you omo,['surprise'],"['anger', 'surprise']","['sadness', 'surprise']",['surprise']
pidgin_text_5698_emotion_1,na that one we won chop abi make una sign players for us,['disgust'],[],['disgust'],['disgust']
pidgin_text_3191_emotion_1,come be now wey i do see woman wey i love abeg o,['fear'],"['fear', 'surprise']","['fear', 'sadness']",['fear']
pidgin_text_4064_emotion_1,abeg no stress me if you wan give me give without condition atleast you don carry jollof pass me and i no vex sha no kill person pikin,"['anger', 'disgust']","['disgust', 'sadness']","['anger', 'sadness']","['anger', 'disgust', 'sadness']"
pidgin_text_5795_emotion_1,election day never reach they don pluck person eyes comot please im running back to ibadan lagos people are not going to take this thing lightly,"['disgust', 'fear']","['anger', 'fear', 'sadness']","['disgust', 'fear']","['disgust', 'fear']"
pidgin_text_1667_emotion_1,bros me i don see plenty people wey don fall out from keke o the most unfortunate one is my friend that is leg got amputated due to keke accident a car brush his leg,"['disgust', 'sadness']","['fear', 'sadness']",['sadness'],['sadness']
pidgin_text_3876_emotion_1,people never see one pot of food chop you have different dishes and you still they talk say you they watch your weight ogun kiiiii you dia,"['disgust', 'fear']",['anger'],"['anger', 'disgust', 'surprise']","['disgust', 'anger']"
pidgin_text_534_emotion_1,lmao not me oooo i be bassa age tag na him people well well na god save am sef say we send am go school,['disgust'],[],['disgust'],['disgust']
pidgin_text_1096_emotion_1,lol amoye statements some of us bank account na pipe na just passage way some get snakes wey dey siphon the money commot the account,"['disgust', 'sadness']","['anger', 'fear', 'sadness', 'surprise']","['disgust', 'sadness']","['disgust', 'sadness']"
pidgin_text_4744_emotion_1,na we wey chop fable still chop this one no wonder we nor too bright irọ ni wọn fi configure brain fun wa,"['disgust', 'surprise']",['surprise'],"['disgust', 'sadness']","['disgust', 'surprise']"
pidgin_text_2296_emotion_1,bros i weak i wan argue vehemently like what do u mean but liver fail me wo make i just dey waka go‍️‍️‍️‍️‍️‍️‍️‍️,"['fear', 'sadness']","['anger', 'fear', 'sadness']","['fear', 'sadness']","['fear', 'sadness']"
pidgin_text_1697_emotion_1,abeg all this money who dey collect amwe way dey grassroot no dey see anything oooooo anyone to reply me on this,"['disgust', 'surprise']","['anger', 'fear', 'sadness', 'surprise']",['surprise'],['surprise']
pidgin_text_5942_emotion_1,akwuzu own is abandoned destroyed windows shattered getting bushy i no even wan talk bout una town own not in use be like say na church people dey rent am,['disgust'],"['disgust', 'surprise']",['disgust'],['disgust']
pidgin_text_5821_emotion_1,even if dem sub rashfordwho dem wan put now,"['disgust', 'surprise']",[],['surprise'],['surprise']
pidgin_text_5288_emotion_1,its ok bayern una too dey vex sef wetin dey work una,['disgust'],"['anger', 'surprise']",['disgust'],['disgust']
pidgin_text_830_emotion_1,abeg i don off and on twitter for data becos of this likes dey kill me i dey play for my crush birthday jesus,"['fear', 'surprise']","['joy', 'surprise']","['joy', 'surprise']","['surprise', 'joy']"
pidgin_text_5592_emotion_1,mehn yeah im a lion hard guy hard guy but lion sef dey cry this is not fair this candle procession and the stories that followed really got teary where did we get it wrong,"['disgust', 'sadness']",['sadness'],"['fear', 'sadness']",['sadness']
pidgin_text_4570_emotion_1,it wasnt even direct and i dont talk to her im in pains talking about hes like my bro im not even a bro im like a bro my brain is even aching me,"['disgust', 'sadness']","['anger', 'disgust', 'sadness', 'surprise']","['anger', 'sadness']","['disgust', 'sadness', 'anger']"
pidgin_text_1030_emotion_1,you wey dey post prick u sabi bible join,"['disgust', 'surprise']","['anger', 'disgust', 'sadness', 'surprise']","['disgust', 'surprise']","['disgust', 'surprise']"
pidgin_text_2161_emotion_1,e no fit repair again my dm don spoil,['disgust'],['anger'],['sadness'],[]
pidgin_text_4498_emotion_1,this thing wey we dey take joke dey pain us person just need to laugh it off ni,['sadness'],"['anger', 'sadness']",[],['sadness']
pidgin_text_2288_emotion_1,but wait o days never still finish how many weeksmake one day abeg cus like this e be like say we don do months for house and weeks never still finisham confused somebody help,"['fear', 'sadness']","['anger', 'fear', 'sadness', 'surprise']","['sadness', 'surprise']","['fear', 'sadness', 'surprise']"
pidgin_text_2582_emotion_1,the guy wey i be think say we dey date don send me break up text this morning now seems like im not serious with my life where i go dey see t shirts take like this,"['disgust', 'sadness']",['surprise'],['sadness'],['sadness']
pidgin_text_4764_emotion_1,please space dey for one person this boredom dey gimme headache food sef no sweet for mouth again,"['disgust', 'sadness']",['surprise'],"['disgust', 'sadness']","['disgust', 'sadness']"
pidgin_text_2927_emotion_1,send your woman money your woman god abeg na,['sadness'],['sadness'],"['sadness', 'surprise']",['sadness']
pidgin_text_1470_emotion_1,see when dis mumu generator dey come shut down when i never save dis work ah go start all over,['disgust'],"['anger', 'disgust', 'sadness', 'surprise']","['disgust', 'sadness']","['disgust', 'sadness']"
pidgin_text_5064_emotion_1,money no dey o na love we think dey now we don know say both money and love no dey na just to dey survive be d tin now o,"['disgust', 'sadness']",['sadness'],"['disgust', 'sadness']","['disgust', 'sadness']"
pidgin_text_6051_emotion_1,god help u if ure pregnant they be like when u dey fuck e dey sweet u,['disgust'],['sadness'],['disgust'],['disgust']
pidgin_text_919_emotion_1,frosh somebody freshest of his kind chairman na dem dey rush us association member beard gang group,['joy'],['joy'],['joy'],['joy']
pidgin_text_1289_emotion_1,your weed is getting too much my baddest producer your face don dey change patapata,"['disgust', 'sadness']",['fear'],"['disgust', 'surprise']",['disgust']
pidgin_text_482_emotion_1,chai from number one to number five all stunning lemme goan admire them again sef,"['joy', 'surprise']","['joy', 'surprise']","['joy', 'surprise']","['joy', 'surprise']"
pidgin_text_2704_emotion_1,na only baes you dey reply,['surprise'],"['anger', 'sadness', 'surprise']",['disgust'],['surprise']
pidgin_text_5697_emotion_1,weeks to my friends wedding and i never get style i don search sotey i don dey loose hope oo,['sadness'],"['sadness', 'surprise']",['sadness'],['sadness']
pidgin_text_3798_emotion_1,e be like i sabi the mumu guy na to carry an go express,"['disgust', 'surprise']",['disgust'],['disgust'],['disgust']
pidgin_text_920_emotion_1,fine boys like us na mamiwater dey rush us im not you peoples mate,['disgust'],['joy'],"['disgust', 'joy']","['disgust', 'joy']"
pidgin_text_4381_emotion_1,i don dey fall in love with another person ke god help me abeg boboyen yen cute gan ni nau,"['fear', 'sadness']",['surprise'],"['fear', 'sadness']","['fear', 'sadness']"
pidgin_text_4706_emotion_1,please na abeg na please please please please please please please please please people are dieing please,['sadness'],"['fear', 'sadness']","['fear', 'sadness']","['sadness', 'fear']"
pidgin_text_2811_emotion_1,i don tire for this country i wan comot for this country to my village for ondo state,['disgust'],['disgust'],"['disgust', 'sadness']",['disgust']
pidgin_text_399_emotion_1,lmao bro how we go do na i dey test this big man life e be like say the thing go fit me abi,['fear'],"['anger', 'joy', 'sadness']",['surprise'],[]
pidgin_text_2947_emotion_1,person father die this ones dey say make dem stop to dey cry,"['disgust', 'surprise']",['surprise'],"['disgust', 'surprise']","['disgust', 'surprise']"
pidgin_text_4481_emotion_1,where una dey see this love make una remain small dash me na,['surprise'],"['joy', 'surprise']","['sadness', 'surprise']",['surprise']
pidgin_text_518_emotion_1,god pls protect ur lovely children from evil agendas today na follow dem dey follow each other dem no kee perzin,"['disgust', 'fear']",[],['fear'],['fear']
pidgin_text_2510_emotion_1,see as una take fall my hands now now wey i think say una don get sense so all these quick response to tweet na just forming,['disgust'],"['disgust', 'surprise']","['disgust', 'surprise']","['disgust', 'surprise']"
pidgin_text_3677_emotion_1,u deserve everything dat cums out of dis album like u said one day i go carry here is it wish u de best nd pray u win,['joy'],['joy'],['joy'],['joy']
pidgin_text_4613_emotion_1,this how it used to start o from tagging me to single people thread on twitter next thing na invitation to singles conference what next flyer inviting me to shilohsee im not single pls im dating in my head nd shes the most beautiful girl av ever seen thank u,"['disgust', 'sadness']","['anger', 'fear', 'sadness', 'surprise']",['disgust'],"['disgust', 'sadness']"
pidgin_text_2899_emotion_1,me as a pastor how you go dey put as your tithe your salary na,['disgust'],['surprise'],"['disgust', 'surprise']","['disgust', 'surprise']"
pidgin_text_932_emotion_1,cow wey no get tail na god dey help am chase flies oluwa abeg my only flies now na cold abeg help me run am,['sadness'],[],"['fear', 'sadness']",['sadness']
pidgin_text_3158_emotion_1,she said na because na our fav i no dey talk again make my fav get sense commot herself from whatever rubbish that is,"['disgust', 'sadness']","['disgust', 'sadness']",['disgust'],"['disgust', 'sadness']"
pidgin_text_4603_emotion_1,covid has done more damage dan good to me dis year d fact dat i wont be able to open my store dis year is so heart breaking whenever i think about it i just feel like throwing myself on d floor while wailing my eyes out its so unfair,['sadness'],"['anger', 'sadness']","['anger', 'sadness']","['sadness', 'anger']"
pidgin_text_3546_emotion_1,abeg fall o pere na cruise ship,['joy'],"['joy', 'surprise']",['joy'],['joy']
pidgin_text_2253_emotion_1,see dis ole fawo oooo police don relis u pls go and settle ur case den come back for reply,['disgust'],"['anger', 'disgust']","['disgust', 'fear']",['disgust']
pidgin_text_5967_emotion_1,lmao video call ni wahala bayi person wey no receive go talk say hin receive too,['disgust'],['joy'],['disgust'],['disgust']
pidgin_text_4323_emotion_1,stop to dey thief person tweet without giving him credit shame no dey dey u,['disgust'],['disgust'],"['anger', 'disgust']",['disgust']
pidgin_text_4257_emotion_1,every single time wey man united get chance to climb up the table and boost top four hopes dem go mess up na wetin happen last season when we think say ole go make top four e blow am e don start again,"['disgust', 'fear']",['anger'],"['disgust', 'fear']","['disgust', 'fear']"
pidgin_text_3937_emotion_1,shey you people the small vendor delivery issue or ig vendor palava una go don vex finish go con calm down for paying milli with no result e joor now,"['sadness', 'surprise']",['fear'],"['disgust', 'sadness']",['sadness']
pidgin_text_5395_emotion_1,o sick werey re o mumu on top dis fried rice na na must chop for you ohna osun u dey,['disgust'],"['disgust', 'surprise']","['disgust', 'surprise']","['disgust', 'surprise']"
pidgin_text_501_emotion_1,regrann from tundeednut ladies and gentlemen we cannot get enough of this hottest slang na dem dey rush us and we no get choice but to rush una too to order your finely made t,['joy'],['joy'],['joy'],['joy']
pidgin_text_4825_emotion_1,this one na normal church dance where diju generate the title best dancer which firm give you the award you better continue dancing for god for una church jeje no go explore una sef,"['disgust', 'surprise']",[],['disgust'],['disgust']
pidgin_text_4195_emotion_1,call your friend for me babe say i was the one you were looking at sharply she don comot food from her friend mouth in this life nobody be your guy,"['disgust', 'surprise']","['anger', 'disgust', 'sadness', 'surprise']","['disgust', 'surprise']","['disgust', 'surprise']"
pidgin_text_1473_emotion_1,this wizkid and ciara turn on the lights mash up is the most amazing collaboration that never happened magic voices baba oya still give us the alicia keys joint na wetin dey occur sef,['joy'],"['joy', 'surprise']","['joy', 'surprise']","['joy', 'surprise']"
pidgin_text_5784_emotion_1,my friend is planning to run wen he gets to france na d people wey dey spoil nigeria name b that my friend,['disgust'],"['anger', 'disgust']",['disgust'],['disgust']
pidgin_text_3406_emotion_1,i can relate make everyone dey hin corner,['disgust'],['anger'],['disgust'],['disgust']
pidgin_text_5987_emotion_1,good morning kemi of course my fellow woman would tear me down me wanting to pick from a range of men to make friends is now a crime secondly me wanting the man to pay all the bills on dates is now a crime lmao if that makes my tweet smelling make e dey smell dey go,['disgust'],['anger'],"['disgust', 'surprise']",['disgust']
pidgin_text_4034_emotion_1,wetin make you dey shat e nor consign you‍️‍️,['surprise'],['disgust'],['disgust'],['disgust']
pidgin_text_5270_emotion_1,lol god wetin dey sup na pick this call,['disgust'],"['anger', 'surprise']","['fear', 'sadness']",[]
pidgin_text_4848_emotion_1,dear wife e don do come to me im tired of searching,['sadness'],"['anger', 'sadness']",['sadness'],['sadness']
pidgin_text_3707_emotion_1,new week new arrivals as e dey hot oo dont be sleeping on this set at all o its a banger back to back they are finer in real life sef ️️ please retweet to my customers biko school have resume o school fees dey ground biko help my ministry,['joy'],['joy'],['joy'],['joy']
pidgin_text_3978_emotion_1,all this abeg giveaway he be like say na only me no win tag still dey down,"['fear', 'sadness']",['surprise'],"['fear', 'sadness']","['fear', 'sadness']"
pidgin_text_1599_emotion_1,lmao dem dey mad na who born dem,['disgust'],"['disgust', 'surprise']",['disgust'],['disgust']
pidgin_text_4985_emotion_1,e dey constantly burst my brain when they speak to parents to caution and appeal to their children i cant laugh but its funny like we are children we dont have sense we dont know what we are doing you think you years of respect and shutup tactic still works na wa,['disgust'],"['anger', 'disgust', 'sadness', 'surprise']","['disgust', 'sadness', 'surprise']","['disgust', 'sadness', 'surprise']"
pidgin_text_2367_emotion_1,normal charcoal pencil wey i dey buy k nteps sell gimme for i bin dey reason say i wise untill i use the pencil last night the charcoal nuh fit blend my hb pencil better pass am sef e nuh go better for mont marte charcoal pencil,"['disgust', 'sadness']","['anger', 'surprise']","['disgust', 'sadness']","['disgust', 'sadness']"
pidgin_text_2926_emotion_1,and you dey put mouth for where i dey baa,"['anger', 'surprise']",['surprise'],"['disgust', 'surprise']",['surprise']
pidgin_text_3125_emotion_1,sakamanje you na boss na where dem bosses like dey who i be,['joy'],['surprise'],"['fear', 'joy']",['joy']
pidgin_text_3175_emotion_1,saturday shout out to my wife under review abeg shes undergoing screening if she no fine make una talk na o,"['fear', 'joy']",['joy'],"['fear', 'joy']","['fear', 'joy']"
pidgin_text_5422_emotion_1,man im so pissed even when im not watching them play because what in gods name does that nigga do how does he think why play andreas and shaw why keep greenwood and mata on the bench,"['anger', 'disgust']","['anger', 'disgust']","['anger', 'disgust']","['anger', 'disgust']"
pidgin_text_365_emotion_1,hi pretty i just want to make things clear to you dear im not dirty️but merely looking at this your picture baby my eye don dirty im so high in love right now soteee i don dey see plenty so baby which designer do u want gucci or fenty️,"['joy', 'surprise']",['joy'],['joy'],['joy']
pidgin_text_503_emotion_1,we dey wait for the menu we need to serve these guys as e dey hot,['joy'],[],['disgust'],[]
pidgin_text_1828_emotion_1,dear sis im just trying to figure it all out cos im deeply irritated at such a groveling mindset especially for a babe with such a star for the future wetin dey worry am nau e dey pain me o no be say i wan harsh just deeply peeved,"['anger', 'sadness']","['disgust', 'fear', 'sadness']","['disgust', 'sadness']","['sadness', 'disgust']"
pidgin_text_4037_emotion_1,this hausa keke marwa rider just dey form need for speed anyhow and asweargad my soul be like say e wan ascend,['fear'],"['anger', 'fear']","['disgust', 'fear']",['fear']
pidgin_text_1483_emotion_1,baba god wen now early momo monday morning person don see woman dey sing song of praise ontop him head,"['sadness', 'surprise']","['joy', 'surprise']",['sadness'],"['sadness', 'surprise']"
pidgin_text_5117_emotion_1,subhanallahi i guess dey no fit walk,['surprise'],[],['fear'],[]
pidgin_text_4430_emotion_1,wetin push me go do this kind work na biscuits bone remain abeg i no do again tanigbolaamos please help tag until they see this visual siscobowzfilms,"['disgust', 'sadness']","['anger', 'sadness']","['fear', 'sadness']",['sadness']
pidgin_text_4957_emotion_1,padi na sharing life issue with beautiful oy today na injustice and rape fight dey ground ooo wetin make people dey commit rape,"['disgust', 'surprise']","['anger', 'disgust', 'sadness', 'surprise']","['disgust', 'sadness', 'surprise']","['disgust', 'surprise', 'sadness']"
pidgin_text_4599_emotion_1,na so i tell egungun liverpool to be careful now e don happen them con dey waka alone now,['disgust'],"['anger', 'joy']",[],[]
pidgin_text_2164_emotion_1,no dey ask me whether my day was productive again abeg i no dey do anything,"['disgust', 'sadness']",['anger'],"['disgust', 'sadness']","['disgust', 'sadness']"
pidgin_text_1195_emotion_1,dem don owe her money come give am belle,"['disgust', 'surprise']","['anger', 'disgust', 'sadness', 'surprise']",['disgust'],"['disgust', 'surprise']"
pidgin_text_5499_emotion_1,lol this guy just said na my family dey control ogun just to threaten someone lmao im tired of benin city,"['disgust', 'surprise']","['disgust', 'sadness', 'surprise']","['sadness', 'surprise']","['disgust', 'surprise', 'sadness']"
pidgin_text_1885_emotion_1,come be like say na only women come my show guys what is you peoples wàhálà na una leave phone for house,"['disgust', 'surprise']","['anger', 'fear', 'sadness', 'surprise']",['disgust'],"['disgust', 'surprise']"
pidgin_text_1658_emotion_1,people have donated money to buy nomination form for the president wen im still looking for those that trekked from lagos to abuja to congratulate him in na wa ooo,"['disgust', 'surprise']","['disgust', 'surprise']",['surprise'],"['disgust', 'surprise']"
pidgin_text_402_emotion_1,baby its not like dat na you know i love you tori tòrun,['joy'],['joy'],"['fear', 'joy']",['joy']
pidgin_text_1695_emotion_1,my dear the whole scenario of the wedding sef get as e be nobody knows how dey take jam na so so different version we hear kawai dai haduwan social media ne kuma abun har da kariya su ke ta wa juna anyway shebi everybody don hands off now namu sai dai kalo,['disgust'],"['anger', 'disgust', 'sadness', 'surprise']",['disgust'],['disgust']
pidgin_text_6124_emotion_1,i dey hear say na phase of covid we dey now is like i missed phase ooo,['surprise'],['surprise'],['surprise'],['surprise']
pidgin_text_6125_emotion_1,game wan begin i don arrange food to go with the game nepa off light due to rain dem sha wan carry me comot for this house must rain fall now must nepa take light,"['disgust', 'sadness']","['anger', 'disgust', 'surprise']","['disgust', 'sadness']","['disgust', 'sadness']"
pidgin_text_3563_emotion_1,pls obo abeg even if na k transfer for me make manage am on this lockdown abeg ebuka obianozie diamond bank,['sadness'],['sadness'],"['fear', 'sadness']",['sadness']
pidgin_text_2454_emotion_1,e be like say odunlade don dey go gym,['surprise'],['surprise'],['surprise'],['surprise']
pidgin_text_1549_emotion_1,dey do great link up play like say na wetin i go chop,['disgust'],"['anger', 'disgust', 'sadness', 'surprise']",['disgust'],['disgust']
pidgin_text_4898_emotion_1,lmafooo na me wey no fit marry ni,['surprise'],['anger'],['surprise'],['surprise']
pidgin_text_31_emotion_1,lol im good maka we suppose link up òooo e don tey,[],"['joy', 'surprise']",[],[]
pidgin_text_3571_emotion_1,abeg make una dey shake their leg,['sadness'],['anger'],['fear'],[]
pidgin_text_3953_emotion_1,abeg tell dem oo dem even won finish my whatsap status with laycon,['disgust'],"['anger', 'disgust', 'surprise']",['disgust'],['disgust']
pidgin_text_4879_emotion_1,make dem no go try pitch fela kuti with ronaldo as the best football player e go shock ronaldo self naija wey no dey gree for anything,['disgust'],"['fear', 'surprise']",[],[]
pidgin_text_5111_emotion_1,i don talk before dem wan kee me,"['disgust', 'fear']","['anger', 'sadness']","['disgust', 'fear']","['disgust', 'fear']"
pidgin_text_1693_emotion_1,gtb just charge me for april sms abeg if na play make una stop how many una send me,"['disgust', 'sadness']","['anger', 'surprise']",['disgust'],['disgust']
pidgin_text_4054_emotion_1,bruhhhhh e wan tear am piece,['surprise'],"['fear', 'surprise']","['disgust', 'surprise']",['surprise']
pidgin_text_1499_emotion_1,e be like dem dey boil nigeria for heavenheat for delta,"['fear', 'sadness']","['sadness', 'surprise']","['fear', 'sadness']","['fear', 'sadness']"
pidgin_text_147_emotion_1,big man like you na alarm dey wake you up you dont have any peng ting that wakes you up,['surprise'],[],['sadness'],[]
pidgin_text_321_emotion_1,e be like say you never hear me dey laugh before call me and tell me one joke i don dey even laugh already ha ha ha ha ha lota ohhh,['surprise'],"['joy', 'surprise']",['joy'],"['surprise', 'joy']"
pidgin_text_5638_emotion_1,boys wey dey wear that load for ear dey annoy me too muchthis one come even do swag use am face back,"['anger', 'disgust']",['disgust'],"['anger', 'disgust']","['anger', 'disgust']"
pidgin_text_4364_emotion_1,tb joshua no fit die now na wetin dey happen self this cant be true o,"['fear', 'surprise']","['fear', 'sadness']","['fear', 'surprise']","['fear', 'surprise']"
pidgin_text_2703_emotion_1,i been dey claim einstein before bt after i played this pics word game na there i know say even vibes no dey my head,['sadness'],"['disgust', 'surprise']","['disgust', 'sadness']","['sadness', 'disgust']"
pidgin_text_4129_emotion_1,stop intimidating us na we know you are fine dont let me tell u again na una dey make these babes dey turn us down,['disgust'],['anger'],"['disgust', 'sadness']",['disgust']
pidgin_text_2802_emotion_1,no go dey vex for who no send you o na waste of vex,['disgust'],[],['disgust'],['disgust']
pidgin_text_354_emotion_1,boys dont cry this weekend im so ecstatic,['joy'],['joy'],['joy'],['joy']
pidgin_text_894_emotion_1,i dey road dey go back to school man dey twitter dey watch,['sadness'],['surprise'],[],[]
pidgin_text_4794_emotion_1,na only wizkid dey try pass for luv showing na him dey show fans luv pass lyk mad no time say good or years dey pass say baba wizkid no go come chita and ojuelegba my,['joy'],['joy'],['joy'],['joy']
pidgin_text_1341_emotion_1,them tell am may your sons be like ozo and she provoke nor be if you like the behavior you no suppose vex na,['disgust'],"['anger', 'disgust', 'sadness', 'surprise']",['surprise'],"['disgust', 'surprise']"
pidgin_text_4907_emotion_1,as it is now e be like say na wiz be the major problem of all these our saymamas in this industry ‍️ now everybody dey vex say eran apinjé wa di ti enikan shosho mileage awon mami ti ja,['disgust'],"['disgust', 'surprise']",['disgust'],['disgust']
pidgin_text_1399_emotion_1,i dey on my own jeje dem carry do lesson when its time to pay dey want to use sense i told them to hold their money but when they see me coming make dem clear road dem beg me with the money last last,['disgust'],"['anger', 'sadness']","['anger', 'disgust']","['disgust', 'anger']"
pidgin_text_634_emotion_1,this smokey jollof rice na harvard standard ahanhn ️,['joy'],"['joy', 'surprise']","['joy', 'surprise']","['joy', 'surprise']"
pidgin_text_4457_emotion_1,omo i say make i tell una say na now i just dey reach we thank god for journey mercies,['joy'],['joy'],['joy'],['joy']
pidgin_text_2147_emotion_1,e don tey wey i know say were cowards i use to dream of becoming a soldier after my nysc but i will wait till i get to usa and join a respected military not this hooligans that kills civilians for fun but can face boko haram lazy,"['anger', 'disgust']","['disgust', 'fear']",['disgust'],['disgust']
pidgin_text_1583_emotion_1,lol do you know some of your other stuffs have been before you got them or even the fast food or snacks you get sef maybe person don scratch yansh before dem carry the bread enter nylon,['disgust'],"['disgust', 'surprise']",['disgust'],['disgust']
pidgin_text_4252_emotion_1,this adult life eh nobody dey do christmas for person again like person no fit dash person money sef chai,['sadness'],['sadness'],"['disgust', 'sadness']",['sadness']
pidgin_text_1133_emotion_1,who are you lieing tooexcept if na sex dem they find,['disgust'],"['anger', 'disgust', 'fear', 'surprise']",['disgust'],['disgust']
pidgin_text_720_emotion_1,everytime i wake up na your face i wana see without make up abeg meku no break up cuz i no fit stand to see you take up i like the way you move lyrics for you dear,['joy'],"['fear', 'joy']",['joy'],['joy']
pidgin_text_71_emotion_1,i don dey twitter for long like or retweet i no get mke una still show me love so dat me go feel at home,['sadness'],['joy'],['sadness'],['sadness']
pidgin_text_2581_emotion_1,na small children like u na dey knack pass,['disgust'],['disgust'],['disgust'],['disgust']
pidgin_text_2007_emotion_1,na this kind man i want abeg yessss adore me im your baby️,['joy'],['joy'],['joy'],['joy']
pidgin_text_5924_emotion_1,people just dey lie on sapa head ‍️ person wey we dey complain about sapa don leave me go cyprus ️ sapa nice one oo️,"['disgust', 'surprise']",['surprise'],"['disgust', 'surprise']","['disgust', 'surprise']"
pidgin_text_2015_emotion_1,even if he had his dark shades on drunk or something couldnt he tell that he would be killin dem fans of his now omo wey get waist like groundnut not fit keep secret,['disgust'],['disgust'],['disgust'],['disgust']
pidgin_text_1619_emotion_1,i post a video on my whatsapp status and my own blood quotes it with so lonely better goan find boyfriend boys don dey form for girls nowadays o please who needs a new family member im giving out for free,"['disgust', 'sadness']","['disgust', 'sadness', 'surprise']","['disgust', 'surprise']","['disgust', 'sadness', 'surprise']"
pidgin_text_2116_emotion_1,wetin carry me enter buycoins ooooo i don enter chance money don hook over hours now e ba mi gbowo mi,"['fear', 'sadness']","['anger', 'surprise']","['fear', 'sadness']","['fear', 'sadness']"
pidgin_text_4925_emotion_1,person wey dey always follow me post where una dey see love don pick date,"['disgust', 'surprise']",[],"['disgust', 'sadness', 'surprise']","['disgust', 'surprise']"
pidgin_text_4086_emotion_1,wetin den use do head self wey i no use biko tell me not even a giveaway won since day break what is my offense,"['fear', 'sadness']","['sadness', 'surprise']","['fear', 'sadness']","['fear', 'sadness']"
pidgin_text_4856_emotion_1,please work on the riders agbero niwon olohun ngbo then the app is very useless very very useless they no dey pick their calls or make dem tell you say dem no dey available,['disgust'],"['anger', 'fear', 'sadness']","['anger', 'disgust']","['disgust', 'anger']"
pidgin_text_2149_emotion_1,the thing dey actually pain me im sad that somebody will have brain and be thinking like buns im sad,"['anger', 'disgust', 'sadness']","['anger', 'disgust', 'sadness']","['disgust', 'sadness']","['anger', 'disgust', 'sadness']"
pidgin_text_4780_emotion_1,this was what we sought to achieve circa with the million youths movement everything was going as planned until person wey we give money to build website chop the money clean mouth na there i give up,"['anger', 'sadness']","['anger', 'disgust', 'sadness']","['disgust', 'sadness']","['anger', 'sadness', 'disgust']"
pidgin_text_2586_emotion_1,so mamba invited some hmates to her show and dey all started dragging for preek including d smh anywhere is dey must be danger,"['disgust', 'surprise']","['disgust', 'surprise']",['disgust'],"['disgust', 'surprise']"
pidgin_text_395_emotion_1,when i enter town some weeks back i just de smile,['joy'],['joy'],['joy'],['joy']
pidgin_text_5696_emotion_1,barcelona una wan dey unfortunate why una go concede,['disgust'],"['disgust', 'surprise']","['disgust', 'surprise']","['disgust', 'surprise']"
pidgin_text_3927_emotion_1,lmao gutter wey i dey jump on normal day one turn big guy i fall inside gutter dey cry,"['disgust', 'sadness']",['surprise'],"['disgust', 'sadness']","['disgust', 'sadness']"
pidgin_text_358_emotion_1,fall in love or allow person love youthat shiii is life no let dem tell you otherwise love is sweet i no fit lie for you,['joy'],['joy'],['joy'],['joy']
pidgin_text_5220_emotion_1,e just be like say make i don close cos as ukeme dey tweet the for tl i feel like to cry o,"['disgust', 'sadness']",['surprise'],['sadness'],['sadness']
pidgin_text_2197_emotion_1,what im not understanding is why my gas in the oven decided to off on e own now one cake never done for the middle and na middle dey sweet pass pray for my cake,"['disgust', 'fear']","['sadness', 'surprise']","['fear', 'sadness']","['fear', 'sadness']"
pidgin_text_3960_emotion_1,why dem dey call group d the group of death sef why not group f,"['disgust', 'surprise']","['disgust', 'surprise']","['disgust', 'surprise']","['disgust', 'surprise']"
pidgin_text_1048_emotion_1,i don finally comot my hand from anything wey concern love the last girl wey i treat like egg them don boil am chop ‍️,['disgust'],"['anger', 'disgust']",['sadness'],['disgust']
pidgin_text_2834_emotion_1,but oga u join rig for baba bubu naw so when orubebe was protesting in front of u u decided not c reasons cus u wanted a northerner become president how e do u now as you dance galala inside azonto bros abeg commot my face with your medicine after death holiness talk,"['anger', 'disgust']","['anger', 'disgust']","['anger', 'disgust']","['anger', 'disgust']"
pidgin_text_6174_emotion_1,mama na mama she strong well well she dey carry pikin for belle for months even papa them na mama dey born them i miss my mum,['sadness'],"['joy', 'surprise']",['sadness'],['sadness']
pidgin_text_1382_emotion_1,oga go and sit down who wan beg you werey all we need now is anything apart from this na opata,['disgust'],"['anger', 'disgust']",['disgust'],['disgust']
pidgin_text_5248_emotion_1,landlord will increase rent you go fuel your car and generator phcn monthly bill sef don increase gas don increase,"['anger', 'sadness']","['anger', 'surprise']","['disgust', 'sadness']","['anger', 'sadness']"
pidgin_text_1057_emotion_1,so una dey take their women,['surprise'],"['anger', 'disgust', 'surprise']",['surprise'],['surprise']
pidgin_text_4755_emotion_1,una just dey scatter ground holy boy like me no fit take anything,"['disgust', 'sadness']",['anger'],"['disgust', 'sadness']","['disgust', 'sadness']"
pidgin_text_4032_emotion_1,for how much now cus na money i take buy data na haba baba,['sadness'],"['anger', 'surprise']","['fear', 'sadness']",['sadness']
pidgin_text_5128_emotion_1,im forced to accept that most of this auntys fans are actually dumb jobless and aimless i mean dont yall have a life the one that baffles me the most is how they exhibit their stupidity with pride shame dey catch me for una o my fellow youths,"['disgust', 'surprise']",[],"['disgust', 'sadness']",['disgust']
pidgin_text_5916_emotion_1,since i don dey retweet or type the hashtag i never win baba wetin dey occur,"['fear', 'sadness']","['anger', 'sadness']","['fear', 'sadness']","['fear', 'sadness']"
pidgin_text_2894_emotion_1,is it wizkids song or drakes song u fucking dweeb if na like dat mr eazi get grammy nominationso if dem feature u song u don turn coowner guy goan sitdown,"['anger', 'disgust']","['anger', 'disgust']",['disgust'],"['anger', 'disgust']"
pidgin_text_1810_emotion_1,i don try my best on it tho e no dey show,['sadness'],"['sadness', 'surprise']",['sadness'],['sadness']
pidgin_text_4965_emotion_1,even in my own house na me dey last hear gist or see wetin dey happen my folks will now be like are you just knowing im like a stranger in my own house,['sadness'],"['anger', 'sadness', 'surprise']","['disgust', 'sadness']",['sadness']
pidgin_text_711_emotion_1,thank god for life na dem dey rush us ‍️‍️ lagos nigeria,[],"['joy', 'surprise']",[],[]
pidgin_text_4157_emotion_1,na you dey reason wetin he nor talk he mentioned a guy and two ladies but na tiwa e disrespectsame tiwa wey e dey kiss an grope for public,"['disgust', 'surprise']","['anger', 'disgust', 'surprise']","['disgust', 'surprise']","['disgust', 'surprise']"
pidgin_text_2364_emotion_1,someone will come to you and start saying baba ban ta ba cin ko biyar a allawee din ka ba wen i de school una de help me wit anything ne handout tp food tuition fee or una de wish me luck or una de pray for me and more rest,"['disgust', 'surprise']",['surprise'],['disgust'],"['disgust', 'surprise']"
pidgin_text_5771_emotion_1,everything buhari commission during der change eranone of dem is functioning yethe wil recommision dem during der next level nonsense wen dey start functioningjoke of a country,['disgust'],"['disgust', 'surprise']","['anger', 'disgust']",['disgust']
pidgin_text_144_emotion_1,doga na you i bet withna you dey i dey collect from,['sadness'],"['anger', 'fear', 'sadness', 'surprise']",[],['sadness']
pidgin_text_1208_emotion_1,obo u don liei no gree sef we no dey anything together joor e better make i dey as broke as u are dan to b as rich as i dey,['disgust'],"['anger', 'surprise']",['disgust'],['disgust']
pidgin_text_425_emotion_1,do small giveaway na just to celebrate the ferrari with us your loveable cupcakes na,['joy'],['joy'],[],['joy']
pidgin_text_2225_emotion_1,wetin concern me with brezz mine is to see admire and leave thats all help girls wey dey dis app oo i saw one girl with a fallen heroes at first i thought the movie olympus has fallen was named after seeing her without bra,['disgust'],"['anger', 'disgust', 'sadness', 'surprise']",['disgust'],['disgust']
pidgin_text_306_emotion_1,stop na my helpers fit dey this tl,['fear'],['anger'],['fear'],['fear']
pidgin_text_6010_emotion_1,where you dey cos these niggas dey craze for here sef,['disgust'],"['anger', 'surprise']","['disgust', 'fear', 'joy']",['disgust']
pidgin_text_5310_emotion_1,sme pple dnt take it p wen u dnt flow bk too bad im nt of dose pple if u dnt flow back in days im unflowin ya ass,['disgust'],[],['disgust'],['disgust']
pidgin_text_4769_emotion_1,i dey on top water as i dey like dis i dey fear,['fear'],['fear'],['fear'],['fear']
pidgin_text_1480_emotion_1,i dey try i just wrap myself like moi moi for bed here i dey get severe heart burn and belle dey pain me e dey hot from my chest to my belle god i beg,"['fear', 'sadness']",['sadness'],"['fear', 'sadness']","['fear', 'sadness']"
pidgin_text_1884_emotion_1,damn all this tech revelation is scary na why i no see anybody build with be this men dey red even my friends dey ask for money,"['disgust', 'fear']","['anger', 'fear', 'sadness', 'surprise']","['disgust', 'fear']","['disgust', 'fear']"
pidgin_text_1354_emotion_1,na the one wey dey vex me pass,"['anger', 'disgust']",['anger'],"['anger', 'disgust']","['anger', 'disgust']"
pidgin_text_6202_emotion_1,came across this igbo guys handle here and dude tweets sensibly went through his tweets and im like okuuurrr i have to dm slide to the media and + pictures all gifs and memes what is wrong with with you guys na at least put avi make i see market way i wan price,"['sadness', 'surprise']",['surprise'],"['disgust', 'surprise']",['surprise']
pidgin_text_2220_emotion_1,i was jejely trying to start something with one and casually babe mentions her boyfriend see i don tire bross make this rubbish corona just stop make i go dey shoot my film i don tire,"['disgust', 'sadness']","['anger', 'sadness']","['disgust', 'sadness']","['disgust', 'sadness']"
pidgin_text_1788_emotion_1,im having digital systems exam today and im reading hse types of fire extinguishers dear lord your daughter dey loose concentration,['fear'],"['fear', 'sadness']",['fear'],['fear']
pidgin_text_2219_emotion_1,as i be nothing dey to talk again the broom i wan use take come russia no come dey work,"['disgust', 'sadness']",[],['sadness'],['sadness']
pidgin_text_616_emotion_1,you sabi proper picture dey come representing,['surprise'],[],['joy'],[]
pidgin_text_819_emotion_1,who can spot me again to all my clients and prospects i say thank you e se imela na go de sosongho mercii cant achieve this without you permit me to be oliver twist i do well at my jobi need,['joy'],"['joy', 'surprise']",['joy'],['joy']
pidgin_text_1164_emotion_1,my guy no fit beg woman shuu the guy dy fire fuck valentine this guy is wanted in uniben o lvl engineering my guy wey dy teach no just notice the guy must be a marlian caption sef don tire me sef this thing dy off me im short of words ‍️,['disgust'],"['anger', 'sadness', 'surprise']","['disgust', 'surprise']","['disgust', 'surprise']"
pidgin_text_453_emotion_1,e don tay wey i don dey crush on this fine woman not knowing shes a fellow red i knew we had a connection nb pls dont sub,"['joy', 'surprise']","['joy', 'surprise']","['joy', 'surprise']","['joy', 'surprise']"
pidgin_text_5711_emotion_1,e dey pain me cause i dey fry plantain like this,['sadness'],['anger'],"['disgust', 'sadness']",['sadness']
pidgin_text_750_emotion_1,if he no chop like that how e go sabi play that football wey e dey playenergy,[],[],['surprise'],[]
pidgin_text_2939_emotion_1,wetin dis govt don fund abeg,"['disgust', 'surprise']",['anger'],"['disgust', 'sadness']",['disgust']
pidgin_text_506_emotion_1,for men that can relate you know when youre walking with your partner and she happily links her arm in yours or youre seated and she rests her head on your shoulder you see those seemingly insignificant gestures e dey sweet my belle ehn requited love has its sweet moments,['joy'],"['joy', 'surprise']",['joy'],['joy']
pidgin_text_5494_emotion_1,this week has been a crazy one but first off guys this lagos traffic can make you rethink life o omo life go tire you sotey e go be like say na you dey work pass kilode gaan na shey we cant relocate ni and keep patronizing each other,"['disgust', 'sadness']","['disgust', 'sadness', 'surprise']","['disgust', 'sadness']","['disgust', 'sadness']"
pidgin_text_5437_emotion_1,sad ffs i no fit even type properly what is this life,"['disgust', 'sadness']",['sadness'],"['disgust', 'sadness']","['disgust', 'sadness']"
pidgin_text_3342_emotion_1,dear lord the way you pamper me enh i don too spoil so tey i no dey thank you enough you don use sweetness finish me na so so love you dey take shower me everyday you just dey burst my brain on a daily i love you baba mi and i thank you️,['joy'],['joy'],['joy'],['joy']
pidgin_text_4631_emotion_1,na so i buy laptop and wifi wey i no plan for now im broke,"['disgust', 'sadness']",['sadness'],"['disgust', 'sadness']","['disgust', 'sadness']"
pidgin_text_639_emotion_1,he dey happen na na highness,['disgust'],['surprise'],[],[]
pidgin_text_4294_emotion_1,lol noooo send me money all ur flexing money i nvr chop ur naira before na woman dey always chop am and dem dey defraud u on top,"['disgust', 'sadness']","['disgust', 'surprise']","['anger', 'disgust']",['disgust']
pidgin_text_6208_emotion_1,$k is big money o plis dear you can bless me with $k sef im a sweet boy and i dont do jazz im also in the bearded gang plus i have medical degree take my aza make god bless you,['sadness'],['surprise'],['sadness'],['sadness']
pidgin_text_3566_emotion_1,this person is mei sweari do use my phone to record ur programmes u b legenddah combo wit d a team den kaycee brownsexyjoedorcas,['joy'],['joy'],"['joy', 'surprise']",['joy']
pidgin_text_4518_emotion_1,got sick sometime last month i was told i had blood infection at the hospital now im getting sick again and im just scared my mum wont come inside my room sef abi them don quarantine me,"['fear', 'sadness']","['fear', 'sadness', 'surprise']","['fear', 'sadness']","['fear', 'sadness']"
pidgin_text_61_emotion_1,oya if na so i wan do marriage make una send una gifts,[],['joy'],[],[]
pidgin_text_1146_emotion_1,im fucking pissed yal think so much of that lady e don enter her head can never be my fav,"['anger', 'disgust']",['disgust'],['disgust'],['disgust']
pidgin_text_420_emotion_1,receptionistssecretariescustomer service dey try abeg my first assignment at was to check inregister campers i was steady smiling for africa forming aunty admin and singing welcome to camp my cheeks dey pain me sef,"['disgust', 'sadness']","['anger', 'sadness']",['sadness'],['sadness']
pidgin_text_3537_emotion_1,na for this kind stage juve dey know say na ronaldo dem buy,['surprise'],"['joy', 'surprise']",['joy'],"['surprise', 'joy']"
pidgin_text_472_emotion_1,lmao me wey i no dey north i dey go back to that stupid place,"['disgust', 'sadness']","['anger', 'disgust']",['disgust'],['disgust']
pidgin_text_441_emotion_1,nawa e be like na only una dey collect gift for this xmas oo show your boy some good good loving,['surprise'],"['anger', 'sadness', 'surprise']","['sadness', 'surprise']","['surprise', 'sadness']"
pidgin_text_318_emotion_1,dem dey run am for me all the way from ph oo thank you so much ben you dont know how much i appreciate this i bless your career oya chop kiss,['joy'],"['joy', 'surprise']",['joy'],['joy']
pidgin_text_1089_emotion_1,well crafted and aptly delivered who know say e get coconut head make e come out february th,['disgust'],"['anger', 'disgust', 'joy', 'surprise']","['anger', 'disgust']","['disgust', 'anger']"
pidgin_text_1983_emotion_1,wizkidfc i hailo wizkid just dey where e dey chop suya and ciroc and e dey trend like like this,['surprise'],['joy'],['surprise'],['surprise']
pidgin_text_4544_emotion_1,its not funny oo dem don remove the transformer sef carry am go,"['disgust', 'sadness']",[],"['anger', 'disgust', 'sadness']","['disgust', 'sadness']"
pidgin_text_5985_emotion_1,hahaha see naw make we carry our wahala leave dis guy mentions abeg naw none of us go win credit talk less of sharing,['disgust'],[],['disgust'],['disgust']
pidgin_text_307_emotion_1,haa see fine girl bro come and pay my bride price lemi be ur girl️️ come and be my engine lemi be ur fuelas i dey like this my head don dey swell wat do you want baby if i no get trust me baby property i must selli was shy before but bcos you too fine im out of my shell,['surprise'],['joy'],['joy'],['joy']
pidgin_text_108_emotion_1,nakam dem good vibes spicy don n pepper dem squad saturday on,['joy'],['joy'],[],['joy']
pidgin_text_2990_emotion_1,as it is with most of their specie but look how chunky she is in the avatar by chunky i mean fat na that type dey lie down like log of wood from start to finish no mobility but na their specie god dey,['disgust'],"['anger', 'disgust', 'fear', 'sadness', 'surprise']",['disgust'],['disgust']
pidgin_text_5755_emotion_1,comot that akure wey dey your handle abeg you dunno anything,['disgust'],['disgust'],['disgust'],['disgust']
pidgin_text_1360_emotion_1,hope no be ur pikin as dem no understand why hair no gree grow so i say make i ask,['surprise'],"['anger', 'disgust', 'fear', 'sadness', 'surprise']",['surprise'],['surprise']
pidgin_text_757_emotion_1,im still awake because alcohol na bastard everytime i try close my eyes e they be like person carry my house for head they jog,"['fear', 'sadness']","['disgust', 'surprise']","['disgust', 'fear']","['fear', 'disgust']"
pidgin_text_5275_emotion_1,the slap i will give u aswear e go get standard wey belle go comot incase u get see the stupid slap theyre giving her idiot gang,"['anger', 'disgust']",['anger'],"['anger', 'disgust']","['anger', 'disgust']"
pidgin_text_3919_emotion_1,na true oh u don dey old oh,['surprise'],['surprise'],['surprise'],['surprise']
pidgin_text_5880_emotion_1,make biola getat him don dey banter arsenal since ltv and top radio days small manyoo wey i banter on twitter he block me,['disgust'],['anger'],"['anger', 'disgust']","['disgust', 'anger']"
pidgin_text_2342_emotion_1,no be everybody you go gree for now who knows maybe the person wey you no go gree for na hin come dey shoot for tl omo e no go sweet ooo,"['disgust', 'fear']","['anger', 'sadness']","['disgust', 'fear']","['disgust', 'fear']"
pidgin_text_5387_emotion_1,how i go sleep this night like this wetin i find come twitter weldone o‍‍‍,"['fear', 'sadness']",['surprise'],"['disgust', 'fear']",['fear']
pidgin_text_3950_emotion_1,i just dey observe their stupidity dey laf,['disgust'],['disgust'],['disgust'],['disgust']
pidgin_text_5553_emotion_1,so true babe all those there stories na lamba me self don chop am before everything he said his ex did to him he later do it to me too,['sadness'],"['disgust', 'sadness']","['disgust', 'sadness']","['sadness', 'disgust']"
pidgin_text_3181_emotion_1,small wetin na say i stand snap am bobo e big o,['joy'],[],['disgust'],[]
pidgin_text_1217_emotion_1,im a creative i dont need a dramatic or over attention seeking gf to disturb my mental state e hard to find babe cos yall be out there saying claiming baddie and saying if shes not dramatic she not the one for you bullshit u gon lose a nigga like me fr fr im busy af,['disgust'],"['anger', 'disgust', 'sadness', 'surprise']",['disgust'],['disgust']
pidgin_text_4729_emotion_1,to make it and im certain that im marking this one because e don sub + again lazio scores again to make it imagine not loving the joy and suspense footbal brings,['fear'],['joy'],"['fear', 'sadness']",['fear']
pidgin_text_3897_emotion_1,married men married men married men married men married men married men married men married men married men married men how many times did i call u stay away from my dm stay away from my dm d ones wey i get for real life sef no be sey i want abeg,['disgust'],"['anger', 'disgust']",['sadness'],['disgust']
pidgin_text_4592_emotion_1,ok i think i need help i eat rice times in a day and if i dont eat rice a day e dey be me like say i never chop help,"['disgust', 'sadness']",['surprise'],"['fear', 'sadness']",['sadness']
pidgin_text_5189_emotion_1,abeg person die for house niwhy this guy dey cry like small pikin,"['fear', 'surprise']","['disgust', 'surprise']",['surprise'],['surprise']
pidgin_text_2188_emotion_1,god ‍️ two bowls of ofe akwu plus goat meat wey dey inside i gave the boy living with me to warm so artisans wey work for my house go use chop cups of rice wey we prepare the boy burn everything to ashes ‍️,"['disgust', 'sadness']","['anger', 'disgust', 'sadness', 'surprise']","['anger', 'sadness']","['disgust', 'sadness', 'anger']"
pidgin_text_1690_emotion_1,eyy god i am with kids so na cartoon i dey watch small change like this them go dey scratch body,['sadness'],"['disgust', 'surprise']","['disgust', 'sadness']","['sadness', 'disgust']"
pidgin_text_1450_emotion_1,e b like i chop jazz inside this man vegetable soup because wetin b this feeling,"['fear', 'surprise']","['fear', 'joy', 'surprise']",['fear'],"['fear', 'surprise']"
pidgin_text_1216_emotion_1,why e be say na only where you dey rain dey fall guy,['surprise'],"['anger', 'surprise']",['surprise'],['surprise']
pidgin_text_1561_emotion_1,football don start again like this one game don dey cut my ticket they cant even do good welcome back for me,['sadness'],"['anger', 'disgust', 'fear', 'sadness', 'surprise']",['sadness'],['sadness']
pidgin_text_5463_emotion_1,wooo e be things the ones who want love meet the ones who just wanna pass time and vice versa they get heart broken and then the innocent hearts get the memo and become rambos infact super rambos the cycle continues like that sad,['sadness'],['surprise'],"['disgust', 'sadness']",['sadness']
pidgin_text_3980_emotion_1,why ogbeni come dey pepper us na tears won comot for my eye,['disgust'],['sadness'],['sadness'],['sadness']
pidgin_text_1642_emotion_1,were still top of the league na wetin dey still pain una be that we know theres is a conspiracy against us this season but god pass all of you valeri is out now remain orsato and that mumu mariani juve are in trouble,['disgust'],"['fear', 'sadness']",['disgust'],['disgust']
pidgin_text_4814_emotion_1,done ive been begging since three weeks make una help me beg cus pple will just comment once and they get credited abeg boss wetin dey occur k for me no go shake your account usman mubarak eco bank pls,['sadness'],['sadness'],"['fear', 'sadness', 'surprise']",['sadness']
pidgin_text_3212_emotion_1,naira marley as e dey go someone need to check up on if his voice never crack cos i don too play the track today,['joy'],['joy'],['joy'],['joy']
pidgin_text_2718_emotion_1,bros e be like say wan fold up dem use diamond collabo cover we eyes dem claim to debit me for sms charges twice yet i no receive any sms,"['disgust', 'sadness']",['sadness'],"['disgust', 'surprise']","['disgust', 'sadness']"
pidgin_text_516_emotion_1,i called to prescribe a drug for my ailment this morning his response was where you dey so that i go know if the drug go fit dey your location i laughed in drug abuse and replied him kano city ps im now on drugs thanks to as usual,['surprise'],"['joy', 'surprise']","['joy', 'surprise']","['surprise', 'joy']"
pidgin_text_1594_emotion_1,these days to dey comot no dey too hungry me like that again i am living such a boring life,['sadness'],"['anger', 'disgust', 'fear', 'sadness', 'surprise']",['sadness'],['sadness']
pidgin_text_2535_emotion_1,i nor know whether na same dm we dey use,['disgust'],['surprise'],['disgust'],['disgust']
pidgin_text_5669_emotion_1,una don dey overdo am for the benin city which one small pikin when never reach dey do for hk make una calm down chairmen abeg no go spoil smallie life because grown up boys nor dey loyal again shuoooo wetin dey xup na every body must do yahoo,"['anger', 'disgust', 'fear']","['disgust', 'fear', 'surprise']","['disgust', 'fear']","['disgust', 'fear']"
pidgin_text_1207_emotion_1,yahoo yahoo na work na cain i go take flog you people dey talk you sef wan show face,"['anger', 'disgust']","['anger', 'disgust', 'surprise']","['anger', 'disgust']","['anger', 'disgust']"
pidgin_text_15_emotion_1,baba don dey torment us with im jam chaiiimake i increase my speaker abeg,['joy'],['joy'],['joy'],['joy']
pidgin_text_1785_emotion_1,e no get daddy neow,['sadness'],['surprise'],['disgust'],[]
pidgin_text_3076_emotion_1,im not going to lie marriage scares me obirin san lori gan okunrin na de ya werey gan,"['disgust', 'fear']","['disgust', 'fear', 'sadness']","['fear', 'sadness']","['disgust', 'fear', 'sadness']"
pidgin_text_128_emotion_1,second everywhere don burst wahala for who no love this wonderful blessed and handsome bobo oo love you yasssss i don get new screensaver,['joy'],['joy'],['joy'],['joy']
pidgin_text_2176_emotion_1,is it until i dress in rags that people will know i dont have money yet and i dont even show off on sm cos i no get una dey make me wan depress say i never get money to help you oo,['sadness'],"['anger', 'surprise']","['fear', 'sadness']",['sadness']
pidgin_text_3052_emotion_1,see ur messi like tif wey dem wan catch roast,['disgust'],"['disgust', 'surprise']",['disgust'],['disgust']
pidgin_text_5273_emotion_1,at this point sef benzema is not even fit to play for castilla its just that bad,['sadness'],['sadness'],['sadness'],['sadness']
pidgin_text_262_emotion_1,my dad bought a whole me aso odun dis yr man said im ur father and u re still my child keh dads shud continue being responsible for dia kids for as long as they can e touch me the way i will rock it on xmas ehn e go be guinea k starch k ill oppress u ppl,['joy'],"['joy', 'surprise']",['joy'],['joy']
pidgin_text_4664_emotion_1,god i need to change my lifestyle i cant be harassing policemen anyhow this kind of stronghead na bullet fit end am o but categorically speaking if we dey for open area and policeman try try hit me to god ma ko igbaju fun,"['fear', 'sadness']",['disgust'],"['disgust', 'fear']","['fear', 'disgust']"
pidgin_text_4805_emotion_1,that kind time wey e dey sweet to hold soft material,"['joy', 'surprise']",['joy'],['joy'],['joy']
pidgin_text_1803_emotion_1,so i uploaded my roommates nysc pop picture and captioned it welcome to the class of hungry veteransna only skills go fit save you o i have not entered the room since morning the full compound don dey settle the matter since,"['fear', 'sadness']","['fear', 'sadness', 'surprise']",['fear'],"['fear', 'sadness']"
pidgin_text_5413_emotion_1,im in lagos o the thing dey vex me like mad,"['anger', 'disgust']",['anger'],"['anger', 'disgust']","['anger', 'disgust']"
pidgin_text_1337_emotion_1,likedis pple don taya me our liberation wunt be in dis century,"['disgust', 'sadness']",['disgust'],"['fear', 'sadness']","['disgust', 'sadness']"
pidgin_text_3399_emotion_1,good pm please call my pikin tell her god must surely bless her shes the best pikin ever am her pikin from onitsha,['joy'],['joy'],['joy'],['joy']
pidgin_text_1727_emotion_1,god when i am struggling to get mbps sef chai,['sadness'],['sadness'],['sadness'],['sadness']
pidgin_text_58_emotion_1,when i say ah get sugar mama na person and body like this any other na over the bar e choke,['surprise'],['joy'],['joy'],['joy']
pidgin_text_887_emotion_1,dis na one of the coolest gestures i don see since i start adulting fit afford a gazillion load of titanic cakes but wifey quietly press with portable starlet cake for him th birthday ladies no enta debt to show love if the love is real size no matter,['joy'],"['joy', 'surprise']",['joy'],['joy']
pidgin_text_689_emotion_1,una dey try wella abeg make una follow me back,"['joy', 'surprise']",['surprise'],['joy'],"['joy', 'surprise']"
pidgin_text_4003_emotion_1,if only kidd is directing dia thursday task bcos me i dont understand what dat boy tricky tee is doing,['disgust'],['fear'],['disgust'],['disgust']
pidgin_text_1471_emotion_1,this weather should pick a struggle please if na hot make e hot if na cold make e cold which one is heat and cold together,['sadness'],"['anger', 'disgust', 'surprise']",['surprise'],['surprise']
pidgin_text_4224_emotion_1,im in tears guys see how my customer is rocking her bag she made me so happy with this picture e choke abi e no choke lagos nigeria,['joy'],['joy'],['joy'],['joy']
pidgin_text_1854_emotion_1,all i want to do is sleep once i close my eyes phone will ring aunty the customer duvet na how many im not sleeping again make i sit down dey look,"['disgust', 'sadness']","['anger', 'sadness', 'surprise']",['sadness'],['sadness']
pidgin_text_5768_emotion_1,after mehn dem don wound preeq finish dey for hospital,['surprise'],['anger'],"['disgust', 'surprise']",['surprise']
pidgin_text_1520_emotion_1,what it feels like to love a woman people say im too playful laugh too much unpredictable feisty stubborn wetin i never hear but those i most agree with are intelligent hardworking strong generous and good hearted woman im amazing me sef know,"['disgust', 'joy']","['joy', 'surprise']",[],['joy']
pidgin_text_5209_emotion_1,oh na guy u be sef and ive been calm with my words thinking im talking with a female alaye if u dont get the fuck off from here now eeeh,"['anger', 'disgust']",['anger'],"['anger', 'disgust']","['anger', 'disgust']"
pidgin_text_1993_emotion_1,na lekpa like me de scatter de place,[],['surprise'],['surprise'],['surprise']
pidgin_text_4227_emotion_1,done turn rich friend oooooo abeg where una dey see this money,['surprise'],['surprise'],['surprise'],['surprise']
pidgin_text_1504_emotion_1,spoil yourself with affordable luxury month is ending tomorrow of your salary wont kee you abeg buy from me na beg i dey beg oo pls if you come across this on your tl rt for me god bless you | asuu | funke akindele | regina daniels | mompha,['sadness'],[],['sadness'],['sadness']
pidgin_text_2087_emotion_1,wetin i do moncheglabach sef na to rebet lie this,"['disgust', 'sadness']",['surprise'],"['disgust', 'sadness']","['disgust', 'sadness']"
pidgin_text_4782_emotion_1,i dont know o but this and question song dey make me happy everytime understand too go come make me dey miss my friend wey i quarell with,['sadness'],"['joy', 'sadness', 'surprise']","['joy', 'sadness']","['sadness', 'joy']"
pidgin_text_6187_emotion_1,i don comot hand for anything wey concern love like this the last person wey i treat like egg them don boil am chop am for my back,"['disgust', 'sadness']","['anger', 'sadness', 'surprise']","['disgust', 'sadness', 'surprise']","['disgust', 'sadness', 'surprise']"
pidgin_text_1714_emotion_1,na money wey dem take buy house and even estate for lekki na fbi dey talk for here o nor be the one wey dem take dey build house for amagba village and abuja quarters o,['disgust'],"['disgust', 'surprise']",['surprise'],"['disgust', 'surprise']"
pidgin_text_4560_emotion_1,wetin i fit tell don jazzy wey go make baba dash me money like this,['sadness'],[],['sadness'],['sadness']
pidgin_text_2796_emotion_1,but u dey chop food i go stone u slippers now,"['anger', 'disgust']","['anger', 'disgust']",['disgust'],"['anger', 'disgust']"
pidgin_text_416_emotion_1,i see people on here and im like no abeg god dey create kilode,['joy'],"['joy', 'surprise']","['joy', 'surprise']","['joy', 'surprise']"
pidgin_text_2537_emotion_1,i no fit even beat my sister bro last last na to shout so heartless,"['disgust', 'sadness']",['sadness'],"['disgust', 'sadness']","['disgust', 'sadness']"
pidgin_text_3262_emotion_1,omo na bsc u wan do,['surprise'],['surprise'],['surprise'],['surprise']
pidgin_text_4341_emotion_1,i just remember say i never wash my visitors toilet since january god abeg oo the day dem go use me clean the seat i no go fit snap evidence,"['disgust', 'fear']","['disgust', 'fear', 'surprise']","['fear', 'sadness']","['disgust', 'fear']"
pidgin_text_4614_emotion_1,so am some where watching my match ars vs liverpool an arsenal fan is busy watching old epl match where arsenal won man city he goes on to say make i use this one console my self arsenal don spoil see wetin them dey play na,['surprise'],['surprise'],"['sadness', 'surprise']",['surprise']
pidgin_text_3332_emotion_1,honest to god im still a learner e dey shook me,['joy'],['surprise'],['surprise'],['surprise']
pidgin_text_4778_emotion_1,amin jesu both the current past and future politicians of ogun state e no go better for all of them if you dey aspire to become politician in ogun state in few year e no go better for you too,"['anger', 'disgust']","['anger', 'disgust', 'fear', 'sadness']","['anger', 'disgust']","['anger', 'disgust']"
pidgin_text_337_emotion_1,she no go disturb you just dey your lane if you dey ninja let me know make i flex you i like your way meh im just trying to make a joke nothing attached follow back,"['disgust', 'joy']",[],[],[]
pidgin_text_1699_emotion_1,as if to get the cash na joke everything she dey like dey expensive infact the least i saw her crave for is k guy imagine gambling k only for her to say shes takenor isnt interested ️️️️️️️️️,"['disgust', 'fear']","['anger', 'disgust']","['fear', 'surprise']","['disgust', 'fear']"
pidgin_text_5155_emotion_1,bros we plenty wey gather dey dis dat useless sodiq fit come here turn m to joke now koeasy,"['disgust', 'fear']",['surprise'],"['disgust', 'fear']","['disgust', 'fear']"
pidgin_text_4514_emotion_1,you people have mind to even check statement omo heart dey cut me because of the plenty red letters i dey see for there e con be like dem dey grind pepper for my statement,"['fear', 'sadness']","['anger', 'fear', 'sadness', 'surprise']","['fear', 'sadness']","['fear', 'sadness']"
pidgin_text_5105_emotion_1,dem b useless people dey just dey spoil my tickets i cant carry winning for utd again,"['disgust', 'sadness']","['anger', 'sadness', 'surprise']","['disgust', 'sadness']","['disgust', 'sadness']"
pidgin_text_4282_emotion_1,dear e jo e help me i had naira left in my account una still come comot naira for sms chargekilode im heartbroken,['sadness'],"['anger', 'disgust', 'sadness', 'surprise']","['disgust', 'sadness']","['sadness', 'disgust']"
pidgin_text_5687_emotion_1,baba na ole talk am i fit show you video abuse am please no too press our neck make we for no dey depressed join we have enough battles already,['sadness'],['fear'],"['disgust', 'fear']",['fear']
pidgin_text_2456_emotion_1,miracle always brings his a game everytime dude is always making efforts and doing us proud why wont i vote for him in fact i registered a lot of peoples numbers just to vote for him me sef im bringing my a game to vote for him im a big fan biko starboy,['joy'],['joy'],['joy'],['joy']
pidgin_text_5855_emotion_1,na morning you for tweet this thing o light no dey here i don look back like three times na who retweet this thing come my tl self pls who is in ikeja help me buy fuel come,"['disgust', 'fear']",['surprise'],"['sadness', 'surprise']",['surprise']
pidgin_text_4823_emotion_1,on top una matter i chop blocking and you say you discussed with her she said you raped her ok if you dont take legal step on others take on this take legal step na abeg abi ewo n weerey,"['disgust', 'sadness']","['anger', 'disgust', 'sadness']","['disgust', 'surprise']","['disgust', 'sadness']"
pidgin_text_2283_emotion_1,lmao this na just noodles na but which kain egusi you cook wey dog no go fit chop,"['disgust', 'surprise']","['anger', 'disgust', 'sadness', 'surprise']","['disgust', 'surprise']","['disgust', 'surprise']"
pidgin_text_1317_emotion_1,but really these two don dey vex me na only them balon dors and one of them will win this year making in a row,"['anger', 'disgust']","['anger', 'disgust', 'sadness', 'surprise']","['anger', 'disgust']","['anger', 'disgust']"
pidgin_text_3239_emotion_1,if na the game na she go taya,['disgust'],"['disgust', 'surprise']",['disgust'],['disgust']
pidgin_text_4299_emotion_1,some opay drivers and too much talk sha so unprofessional we dey express wey trailer dey pass you are telling me about your ex that got pregnant the same time with your wife whats my own na trailer is coming ma pami,"['fear', 'sadness']","['anger', 'disgust', 'fear', 'sadness', 'surprise']","['disgust', 'fear']","['fear', 'sadness', 'disgust']"
pidgin_text_4663_emotion_1,oya send the thing now another story enter cant remember sha but e sha need me to send another money the things don hang for road transporting the things do one thing one thing blah blah blah i sent another k card‍ worst part be say then i no dey load pass,"['disgust', 'sadness']","['anger', 'surprise']","['disgust', 'sadness']","['disgust', 'sadness']"
pidgin_text_5689_emotion_1,i knew my instincts werent wrong when they questioned why that dude had a name like frodd now e don clear wella bros all that fraud tears wey you dey shed no go work its too early for that,"['anger', 'disgust']",['disgust'],['disgust'],['disgust']
pidgin_text_1011_emotion_1,arnold don dey curse o arnold na actor sha amvca awaits him,['surprise'],['surprise'],['surprise'],['surprise']
pidgin_text_3016_emotion_1,for us wey no sabi smile but dey sing nkor if you live me go dey,"['sadness', 'surprise']",[],['fear'],[]
pidgin_text_4279_emotion_1,biko i really dont care what part of earth you come from so kindly keep the rubbish ethnic jargon aside hungry no dey do vetting back to me talking like i have sense which im fully aware i dont ask dey know me well,['disgust'],"['anger', 'disgust']",['disgust'],['disgust']
pidgin_text_3600_emotion_1,make eh show day say nor be ojoro system u take dey select winners abeg notice me today i dey help like mad i detro,['sadness'],[],"['fear', 'sadness']",['sadness']
pidgin_text_584_emotion_1,if you never listen to bolanle by swears we need to check into your matter bolanle getti boyfriend wey no like too spend she getti boyfriend wey too dey calku she getti boyfriend omo ijebu bolanle ft ivd,['joy'],['joy'],['surprise'],['joy']
pidgin_text_1022_emotion_1,biola wahala e po englisg professor,['disgust'],"['anger', 'disgust', 'fear', 'sadness', 'surprise']",['disgust'],['disgust']
pidgin_text_2550_emotion_1,una wn folo me dog my pikin name prsn go wound o,['disgust'],['anger'],['disgust'],['disgust']
pidgin_text_1574_emotion_1,~ ifu wey dey down bottles of legend in the house and mama no dey shake guy fear short girls with muscles na woman like that dey beat man hands down if them allow her slap ahneeka that day he neck fit shift,"['disgust', 'fear', 'surprise']","['fear', 'surprise']",['disgust'],"['disgust', 'fear', 'surprise']"
pidgin_text_2422_emotion_1,aubameyang dae surprise me e be like say e wan leave my club because even an injured player could outperform him today,['disgust'],"['anger', 'disgust', 'sadness', 'surprise']","['disgust', 'surprise']","['disgust', 'surprise']"
pidgin_text_1205_emotion_1,pls d guys on twitter wey dey use girls dat r not celebritiesas avi wetin b d idea behind am,['surprise'],[],"['disgust', 'surprise']",['surprise']
pidgin_text_2286_emotion_1,dem no wan give us light o government no wan support our new lifestyle,"['disgust', 'sadness']","['sadness', 'surprise']","['disgust', 'sadness']","['disgust', 'sadness']"
pidgin_text_966_emotion_1,na the sars we know e don get sense,['surprise'],"['disgust', 'surprise']",['surprise'],['surprise']
pidgin_text_5452_emotion_1,why na be my shoe size my aunty bought like shoes for me based on we never see for like yrs na him she buy na my cousin i give last life is really hard,['sadness'],"['anger', 'surprise']",['sadness'],['sadness']
pidgin_text_3763_emotion_1,abeg leave the mugu he think he fit fool us the way e dey fool people for him area,['disgust'],"['anger', 'disgust']",['anger'],"['disgust', 'anger']"
pidgin_text_2141_emotion_1,btw can someone please explain to me why brymo took that picture with gstring on na so e dey take start o,"['disgust', 'surprise']","['anger', 'disgust', 'fear', 'sadness', 'surprise']","['disgust', 'surprise']","['disgust', 'surprise']"
pidgin_text_3287_emotion_1,every morning i wake up ehhh i always thank god dat i failed dat one maths dat made them move me to art class me nd art was a match made in heaven oo,['joy'],['joy'],['joy'],['joy']
pidgin_text_2905_emotion_1,some clubs na local champions dem be flogged dem like kids times this seasons,['disgust'],"['anger', 'disgust', 'surprise']",['disgust'],['disgust']
pidgin_text_5992_emotion_1,wen you dey chop for the government so wetin you go talk,['disgust'],['disgust'],['disgust'],['disgust']
pidgin_text_5399_emotion_1,dem dey draw us who give dem pencil,"['disgust', 'surprise']",['surprise'],"['disgust', 'surprise']","['disgust', 'surprise']"
pidgin_text_1873_emotion_1,superior kor how many inferior gender go this extra to impress if dem no like you dem no like you peridot poison na poison no matter how e package one gender food is anothers poison people are just killing themselves for stupid reasons,['disgust'],"['anger', 'disgust', 'sadness', 'surprise']",['disgust'],['disgust']
pidgin_text_4482_emotion_1,you need a house help please hire me i don tire to de do nothing i wan work i go do am,['sadness'],[],['sadness'],['sadness']
pidgin_text_3988_emotion_1,plz in wic dictionary can i find chief grammar cus my own is showin errordis gramma fit cure hiv,['surprise'],['disgust'],"['disgust', 'surprise']","['surprise', 'disgust']"
pidgin_text_4412_emotion_1,na lie sef i no dey do again i don see that your picture you go just make me feel inferior,"['fear', 'sadness']","['anger', 'sadness']","['fear', 'sadness']","['fear', 'sadness']"
pidgin_text_2612_emotion_1,hear perlople don too chop my money yet i never fit win mins draw,"['disgust', 'sadness']",['sadness'],['sadness'],['sadness']
pidgin_text_3590_emotion_1,if you know ezenwekwe n margaret street na there e dey sup if you know me wella even my close pals knows ion dey brag bout this things,['disgust'],['joy'],['disgust'],['disgust']
pidgin_text_2274_emotion_1,alcacer we all know david de gea has de worst defense in de league how do you expect him to keep clean sheets,"['disgust', 'surprise']","['anger', 'sadness', 'surprise']","['disgust', 'surprise']","['disgust', 'surprise']"
pidgin_text_3910_emotion_1,why una wan cast this guy naw,"['disgust', 'surprise']","['anger', 'fear']","['disgust', 'surprise']","['disgust', 'surprise']"
pidgin_text_444_emotion_1,i broke a sweat when i saw your post had to confirm no wahala sha e dey happen to even the best of us,"['sadness', 'surprise']","['anger', 'sadness', 'surprise']","['sadness', 'surprise']","['sadness', 'surprise']"
pidgin_text_2310_emotion_1,the thing wey dey pain mena im be say i no fine reach this niggah,['sadness'],"['anger', 'sadness']",['sadness'],['sadness']
pidgin_text_3730_emotion_1,we don waka be dat chaiiii,"['sadness', 'surprise']","['sadness', 'surprise']",['fear'],"['sadness', 'surprise']"
pidgin_text_2791_emotion_1,all these boys for twitter living large most of them na yahoo boys na,['disgust'],"['anger', 'disgust']",['disgust'],['disgust']
pidgin_text_5982_emotion_1,e be like say pastor don tell this bros say na hospital he go find wife you see nurse carry front carry back use nose mask use glasses wear hair net everything covered up you dey tell her she is beautiful bros you are a born liar joor why are we like this sef,['disgust'],['surprise'],"['disgust', 'surprise']","['disgust', 'surprise']"
pidgin_text_6209_emotion_1,area wey cultist fit choke people dey sleep like this port haccourt people no fit lose guard on gaad,"['fear', 'sadness']",['surprise'],['surprise'],['surprise']
pidgin_text_5645_emotion_1,you dey find and trouble oooooi no fit separate fight ooooo,['fear'],['fear'],"['disgust', 'fear']",['fear']
pidgin_text_510_emotion_1,just when i thought was a noshow for me my dream to chop life this december can now be a reality thanks to with the gt plus jolly fest chop life december is assured and for shikele money sef just check out the awesome packages in the combo,"['joy', 'surprise']","['joy', 'surprise']",['joy'],"['joy', 'surprise']"
pidgin_text_1605_emotion_1,are nengi and kidd dating too una globe people like to insert una mouth for matter wey no concern una if we come for baby elephant now you people will start crying,"['disgust', 'surprise']","['anger', 'disgust']",['disgust'],['disgust']
pidgin_text_3201_emotion_1,i know im not the only one not watching this nigeria vs south africa match i bn dey watch am too oooo but lyt don go,['disgust'],"['anger', 'sadness']","['disgust', 'sadness']","['disgust', 'sadness']"
pidgin_text_798_emotion_1,guy that miss still dey vex meto say we no win ehn i for don fly go spain go beat am,['disgust'],['anger'],['anger'],['anger']
pidgin_text_6042_emotion_1,wetin you speak no bi peace oo na chaos we go met nah i go show you wetin that chest fit do,"['anger', 'disgust']",['anger'],"['anger', 'disgust']","['anger', 'disgust']"
pidgin_text_3573_emotion_1,early morning u dey make person laugh,['joy'],[],"['joy', 'surprise']",['joy']
pidgin_text_2265_emotion_1,bro thank god dem no use vex beat me people dey para for this government oh,"['disgust', 'fear']",['fear'],['fear'],['fear']
pidgin_text_2408_emotion_1,na that lampard is better than ole dey pain me pass lampard wey suppose still dey play ball,"['disgust', 'sadness']",['anger'],"['disgust', 'sadness']","['disgust', 'sadness']"
pidgin_text_2347_emotion_1,you brilliant na me wey be say na me dey coordinates panpa for my set our room na neco office cc,['disgust'],['surprise'],[],[]
pidgin_text_1718_emotion_1,this boy dey london and i dey here dey argue with people say na him go win rookie of the year for headies mtschewww,['disgust'],"['anger', 'disgust', 'sadness', 'surprise']",['sadness'],"['disgust', 'sadness']"
pidgin_text_2251_emotion_1,e be like say dem go beat us together i no get packs to fight,"['disgust', 'fear']",['fear'],['fear'],['fear']
pidgin_text_2794_emotion_1,the way i serious for this pictures self you go think say mrs favouredafe promised to deal with me my people if una see my belle for this picture eh una go pity me na the consequence,"['disgust', 'sadness']",['surprise'],"['fear', 'sadness']",['sadness']
pidgin_text_2060_emotion_1,its a spotlight and im walkingworking on my own tryna dodge all these paparazzi distractions and theres no one to laugh it all out with and ease this life up i know im introverted but this wan fit make man craze,"['disgust', 'sadness']","['anger', 'fear', 'sadness', 'surprise']","['fear', 'sadness']","['sadness', 'fear']"
pidgin_text_1817_emotion_1,no dey use this thing joke na im sad here guy,"['disgust', 'sadness']",['anger'],['sadness'],['sadness']
pidgin_text_4783_emotion_1,everytime this shade is thrown e dey pain,['sadness'],['sadness'],"['anger', 'sadness']",['sadness']
pidgin_text_3794_emotion_1,which kain wahala be this na naija no good naija no good but people go dey carry sickness dey come naija i pray it is contained and we find the cure here amen,"['disgust', 'fear']","['anger', 'disgust', 'fear']",['fear'],"['disgust', 'fear']"
pidgin_text_1896_emotion_1,nooo me dont support oo cus if the table is being turned around err and i discovered another guy telling my woman love you at the end of a call me i no go gree o all this bestie dem gang una wun squeeze una sef enter another person relationship,['disgust'],"['anger', 'fear', 'surprise']",['disgust'],['disgust']
pidgin_text_3680_emotion_1,helloo abeg i don come again make una no vex o abeg theres been no light since tuesday in my street at fegge onitsha no one knows exactly what the problem is please do something thanks in anticipation,['sadness'],"['anger', 'sadness']",['sadness'],['sadness']
pidgin_text_2629_emotion_1,omo we don dey march go calvary o meet us at interbau roundabout asaba by am today we moveeee dem must hear word for golgotha today any roman and pharisee you see knack am something we must stop that murder this year anything wen wan happen make e happen,"['anger', 'disgust']","['anger', 'disgust', 'fear', 'sadness']","['anger', 'disgust']","['anger', 'disgust']"
pidgin_text_2254_emotion_1,wahala just dey everywhere this young man sitting beside me inside bus just dey talk like sey e dey follow somebody talk talking to himself ni sha from idumota to oyingbo afi ki oluwa wa pélu é oooooo,"['disgust', 'fear']","['disgust', 'surprise']","['disgust', 'fear']","['disgust', 'fear']"
pidgin_text_669_emotion_1,weve enough option for this trip fam see cruise na,"['joy', 'surprise']",['joy'],['joy'],['joy']
pidgin_text_5431_emotion_1,you know say i don dey beg you since to come you dey use me catch trips,"['disgust', 'sadness']",['anger'],"['disgust', 'sadness']","['disgust', 'sadness']"
pidgin_text_3447_emotion_1,now na me them dey answer yes sirrespect is reciprocal even though una know say i special,['joy'],['surprise'],['joy'],['joy']
pidgin_text_5212_emotion_1,month never reach half i don already make one mistake who send me make i wash my son bombom after he shit finish laidis tori olorun my hand just dey smell like dump site since morning,['disgust'],"['anger', 'disgust', 'sadness', 'surprise']","['disgust', 'sadness']","['disgust', 'sadness']"
pidgin_text_331_emotion_1,my dear na so i sabi ask oo abeg no vex for me,"['fear', 'sadness']",[],['fear'],['fear']
pidgin_text_5254_emotion_1,abeg abeg abeg the whole school and everybody inside should be burnt,"['anger', 'disgust']",['anger'],"['anger', 'disgust']","['anger', 'disgust']"
pidgin_text_4849_emotion_1,dey there dey form senior man when the love of your life dey ig dey write hookup only,['surprise'],['disgust'],['disgust'],['disgust']
pidgin_text_5570_emotion_1,e be like sy all of una for dy mad tonight lets fvcking see the votes,['disgust'],"['anger', 'disgust']",['disgust'],['disgust']
pidgin_text_5893_emotion_1,do you know how dense one has to be to be as dense as has been just this year alone na medicine i read no be maths so i no go fit calculate am well but that density go many tufiakwa‍️,['disgust'],"['fear', 'surprise']","['fear', 'surprise']","['fear', 'surprise']"
pidgin_text_4047_emotion_1,burna said com make i give you gist only for him to ask his enemies whens the last time somebody did like dis so bc its since it only means baba don waka many odogwu,['surprise'],['surprise'],['surprise'],['surprise']
pidgin_text_1733_emotion_1,people wey dem suppose dey flog,['disgust'],['anger'],['disgust'],['disgust']
pidgin_text_529_emotion_1,f e e l l o v e d they re awesome and amazing,['joy'],['joy'],['joy'],['joy']
pidgin_text_2767_emotion_1,first were you dey oga na wa o nextlevel dey shake,"['disgust', 'surprise']",['surprise'],"['disgust', 'fear']","['disgust', 'surprise']"
pidgin_text_1044_emotion_1,confusion break e bone e yeakpa na double wahala for deadi bodi and the owner of deadi bodi,['disgust'],"['anger', 'fear', 'sadness', 'surprise']","['fear', 'surprise']","['fear', 'surprise']"
pidgin_text_4722_emotion_1,no be if we cum win am now sars dem go carry us abeg make we st b we win am xo dat we fit use am well tnkx,"['fear', 'sadness']","['anger', 'disgust', 'fear', 'sadness']","['fear', 'sadness']","['fear', 'sadness']"
pidgin_text_2096_emotion_1,na you dey do giveaway na your second number dey win am ‍️ set awon give and take,['disgust'],['disgust'],"['disgust', 'surprise']",['disgust']
pidgin_text_498_emotion_1,men dem shey una no go do giveaway for customers like me at least make i do lockdown shopping abeg nah thank you and god bless,['sadness'],['sadness'],['sadness'],['sadness']
pidgin_text_580_emotion_1,lets have a deal when i get to k family youll credit my nairabet account with k i would love to share it for my twitter family cos na una dey chop our giveaway money tell oloye or ill tell him myself,['joy'],[],[],[]
pidgin_text_4916_emotion_1,he be like say i no go dey enter this justrite wey dey my area again na soap i one go buy how my hand go carry wristwatch i no sabi i don pay finish before the charm clear for my eyes,"['sadness', 'surprise']","['anger', 'surprise']",['sadness'],"['sadness', 'surprise']"
pidgin_text_5594_emotion_1,na this girl wey dey make me kolo ye,"['joy', 'surprise']",[],"['joy', 'surprise']","['joy', 'surprise']"
pidgin_text_2974_emotion_1,na dis same story na nigeria talk world cup after march,['disgust'],[],"['disgust', 'surprise']",['disgust']
pidgin_text_4612_emotion_1,overnice haff killed meaunty don go use money for goods do birthdaycome dey tell me say nothing wey i fit do about it the way my head is boiling and people asking me to go to her housei go rough handle her which i will never do women can pretend o like fucking pretend,"['anger', 'fear']","['anger', 'disgust', 'sadness', 'surprise']","['anger', 'disgust']","['anger', 'disgust']"
pidgin_text_1804_emotion_1,the way this jos cold is back ehhh be like say e dey vex oooo kai jamaaaa,"['fear', 'sadness']","['fear', 'surprise']","['fear', 'surprise']","['fear', 'surprise']"
pidgin_text_4557_emotion_1,as i dey vex for e be like make i vex unfollow am self because of the anger of not doing my panic shopping yet and the lockdown in abuja is tomorrow,"['anger', 'fear']",['anger'],"['anger', 'fear']","['anger', 'fear']"
pidgin_text_2463_emotion_1,may the lord hill you and epp you make una de give me commentary for twitter na him sweet pass,['joy'],['joy'],['sadness'],['joy']
pidgin_text_2206_emotion_1,the funniest thing is that my grandma my fathers mother is from otoriyede and they never told me that seriake was my elder brother which kain wickedness be dis one nah but h e why did you hide maternal home from us alk this while nah this is sheer wickedness o,"['disgust', 'sadness']","['anger', 'surprise']","['disgust', 'sadness', 'surprise']","['disgust', 'sadness', 'surprise']"
pidgin_text_6200_emotion_1,pls magnificent no go face bokoharam oo becus of money demfit kill u oo dat tin wey oga fayose talk na true talk oo,"['fear', 'sadness']",['fear'],"['disgust', 'fear']",['fear']
pidgin_text_1802_emotion_1,thank you for all de laugher u re releasing for us all especially dose slaps dat always drop my fone on de floor god bless u dearie,['joy'],['joy'],['joy'],['joy']
pidgin_text_4523_emotion_1,na china chop meat na we dey wash hand wahala no good day,"['disgust', 'fear', 'sadness']","['anger', 'fear', 'sadness']","['disgust', 'sadness']","['disgust', 'fear', 'sadness']"
pidgin_text_3397_emotion_1,we don hear una don win,['disgust'],['disgust'],['disgust'],['disgust']
pidgin_text_1609_emotion_1,like play like play eric don die he carry that powerful voice go like that na wa ooooo what a sad night im so broken rip eric,['sadness'],"['anger', 'sadness', 'surprise']",['sadness'],['sadness']
pidgin_text_3013_emotion_1,wetin happen dem remove am totally,['surprise'],['surprise'],['surprise'],['surprise']
pidgin_text_3877_emotion_1,support football club you say na soup you wan dey support,['disgust'],['sadness'],"['disgust', 'surprise']",['disgust']
pidgin_text_3916_emotion_1,na to dey make noise nai them sabi,['disgust'],['anger'],['disgust'],['disgust']
pidgin_text_1909_emotion_1,you guysssss brymo omo last night was beyond great been drafting this tweet since last night omo i no get words o just joy see you next year but de give us heads up before you comot stage like hey oo no more music,['joy'],"['joy', 'surprise']",['joy'],['joy']
pidgin_text_4566_emotion_1,after my byte baba was like eyin office worker yi shaa e like adaje all dis office workers una like chop alone i was like ok take na if you want na so baba grab am oh i couldnt cry,"['sadness', 'surprise']","['disgust', 'surprise']","['disgust', 'sadness']","['sadness', 'surprise', 'disgust']"
pidgin_text_5190_emotion_1,weyre sey na global pandemic go school go schooldem no go gree na to dey pluck mango upandown nonsense abeg wetin moenchengladbach dey play abeg make i check my ticket,['disgust'],"['anger', 'disgust']","['disgust', 'surprise']",['disgust']
pidgin_text_2758_emotion_1,this part don tire me aswearrrrrrr,['sadness'],"['anger', 'disgust', 'sadness']",['sadness'],['sadness']
pidgin_text_2424_emotion_1,e de pain me i actually had a first account i permanently deleted because i wan go heaven one time laidat,"['disgust', 'sadness']",['sadness'],"['disgust', 'sadness']","['disgust', 'sadness']"
pidgin_text_2771_emotion_1,una sub dey here fakenews peddlers,['disgust'],['disgust'],['disgust'],['disgust']
pidgin_text_2549_emotion_1,wahala dey ooo amodu don follow keshi waka oooo,"['disgust', 'fear']","['fear', 'sadness']","['fear', 'surprise']",['fear']
pidgin_text_4425_emotion_1,oga banks wetin dey occur na the day wey i go sleep early make i wake by you post in play for today again you shift am to i offend you,"['disgust', 'sadness']","['anger', 'surprise']","['fear', 'sadness']",['sadness']
pidgin_text_308_emotion_1,happy birthdaydear more grace to you o boy see uniform biafra army uniform chaii omo na this one be original army uniform no be that onion bag wey nigeria army dey wear choii this one be confirm i done fall inlove,['joy'],"['anger', 'joy', 'surprise']",['joy'],['joy']
pidgin_text_1237_emotion_1,but wetin una dey ever give man sef tueh,['disgust'],"['disgust', 'sadness', 'surprise']",['disgust'],['disgust']
pidgin_text_1547_emotion_1,lmaoooooooooooooooo just give us the handouts we sef wan be like people wey get sense,['sadness'],"['disgust', 'joy']",[],[]
pidgin_text_105_emotion_1,wow well e get as e dey sweet everybody,['surprise'],['joy'],['joy'],['joy']
pidgin_text_5140_emotion_1,belle dey pain me breast dey pain me on top this fruit wey eve chop,"['disgust', 'sadness']","['anger', 'sadness']",['sadness'],['sadness']
pidgin_text_4182_emotion_1,you waited for a day before making this statement this thing nr dey pain you as e dey pain us see if you want to avenge them you guys should address the reason for their deaths otherwise this country nr go contain all of us o,"['anger', 'disgust']",['anger'],"['anger', 'disgust']","['anger', 'disgust']"
pidgin_text_409_emotion_1,oya won lenu ni sir if rangers catch them for that playoffs dem go chop cane again na nairobi straight,['disgust'],['anger'],[],[]
pidgin_text_2647_emotion_1,omo wetin dey occur for this country,"['disgust', 'surprise']","['disgust', 'surprise']","['disgust', 'fear', 'surprise']","['disgust', 'surprise']"
pidgin_text_4462_emotion_1,dem don comot me for groupchat cos i talk good ebening,['sadness'],"['sadness', 'surprise']",['sadness'],['sadness']
pidgin_text_6098_emotion_1,all this people wey dey always do giveaway on top this twitter se dey no dey see me say my life needs help abi i be invisible on this app,"['fear', 'sadness']",['surprise'],"['fear', 'sadness']","['fear', 'sadness']"
pidgin_text_3297_emotion_1,so we plenty wey dey wear glassesnice,['surprise'],['surprise'],['surprise'],['surprise']
pidgin_text_1581_emotion_1,na chelsea win na arsenal fan dey power drunk,['disgust'],"['anger', 'disgust', 'sadness', 'surprise']",['disgust'],['disgust']
pidgin_text_2055_emotion_1,after i have abused you you still continue to view this thread wetin you dey fine you dey madd you chop winch you wan die oya geddifok fuck you damn you,"['anger', 'disgust']","['anger', 'surprise']","['anger', 'sadness']",['anger']
pidgin_text_5256_emotion_1,that shit is painful man e dey be like say man don lose investment,"['disgust', 'sadness']","['fear', 'sadness']","['disgust', 'sadness']","['disgust', 'sadness']"
pidgin_text_313_emotion_1,qudus e don reach where you go dey support me every time on this app if not the door of the other connection go close ooo,['fear'],['anger'],['fear'],['fear']
pidgin_text_5743_emotion_1,oh my goddistance no be anything but this one wey strong men don dey road,['fear'],['surprise'],"['fear', 'sadness']",['fear']
pidgin_text_410_emotion_1,why am i just seeing this must be twitter again but guys look at my baby who is your best girl na ️ this babe is brooooooooo god dey create sha abeg tell all the guys in the mentions that you are taken lola mi ️,['joy'],"['joy', 'surprise']","['joy', 'surprise']","['joy', 'surprise']"
pidgin_text_1490_emotion_1,haaa mogbe ‍️‍️‍️ tried to reach out to know wat i did to fi sha mi ni blocking pfffttt no response i dey my dey na so my paadi yan mi say my blocker say i dey disturb am and na why ti mo shey gba blocking person wey i no ask,"['disgust', 'surprise']","['sadness', 'surprise']",['surprise'],['surprise']
pidgin_text_4725_emotion_1,like whos suffering whos collecting money na we dey suffer na these cows dey collect money,['disgust'],['anger'],"['anger', 'disgust']","['disgust', 'anger']"
pidgin_text_4666_emotion_1,im gaining weight aswear na mosquitoes dey suck am back,"['disgust', 'sadness']","['disgust', 'surprise']",['sadness'],"['disgust', 'sadness']"
pidgin_text_3492_emotion_1,happy birthday dear by the way in my heart there is a permanent place for you thats why my hear dey beat like dundunke dundunke ️great lyric and the depth is madwe don dey wait song since and you blessed our heart with this,['joy'],['joy'],['joy'],['joy']
pidgin_text_3575_emotion_1,abeg tell her buk de sweet wooooo,['joy'],['joy'],[],['joy']
pidgin_text_2117_emotion_1,true love deh measurable by wetin una don sacrifice but no be by knack knack wey una deh knack everytime,['disgust'],['disgust'],['disgust'],['disgust']
pidgin_text_2777_emotion_1,dear ladies we are sorry for forcing you to make fine hairstyles that would hurt ur scalp una dey trythis fine hair never spend one week for my head scalp don dey itch me i no fit even sleep properly‍️ on behalf of all the men we are sorry yours sincerely,"['disgust', 'sadness']","['sadness', 'surprise']","['disgust', 'sadness']","['disgust', 'sadness']"
pidgin_text_4013_emotion_1,shebi na teams wey dey perform well wey fans go siddon compose viral club anthem imagine the entire stadium roaring that song as liverpool ripped city apart home and away wow united cant even fill old trafford anymore wetin una want make we sing about,"['disgust', 'surprise']","['anger', 'joy', 'surprise']",['disgust'],"['disgust', 'surprise']"
pidgin_text_5544_emotion_1,which country you deywhich flag you dey send to me you dey you dey send me ok keep hiding behind emojis o but that thing dey pain me see what this girl done to me thanks to my,['disgust'],"['anger', 'sadness', 'surprise']","['anger', 'disgust']","['disgust', 'anger']"
pidgin_text_4622_emotion_1,okay this is the third time im checking the numbers in naira again he scammed people of billion naira cash he had on him when arrested billion naira cars worth billion naira im crying guys hushpuppi why youre in billions man e be things️,"['sadness', 'surprise']","['anger', 'disgust']","['disgust', 'surprise']","['surprise', 'disgust']"
pidgin_text_5094_emotion_1,i had to log out bro even for our streets dem de drag me dat time if i banted bout bb den by now i for b in em memorial list,['sadness'],['fear'],"['disgust', 'sadness']",['sadness']
pidgin_text_438_emotion_1,my dear i dey join una pray say make e happen,['fear'],[],['sadness'],[]
pidgin_text_2689_emotion_1,but why una de hoard the camon x pro,['surprise'],"['anger', 'surprise']","['disgust', 'sadness']",['surprise']
pidgin_text_528_emotion_1,na we sabi wetin we dey see,['sadness'],"['anger', 'sadness']",['disgust'],['sadness']
pidgin_text_2624_emotion_1,finally someone said it been telling people oh buh dont wanna get ahead of the scripture e dey happen for real life sef you go dey hustle babe months finally you get and knack then e go clear you say the babe no fine sef you go begin wonder why all the stress,['disgust'],"['anger', 'disgust', 'sadness', 'surprise']","['disgust', 'sadness']","['disgust', 'sadness']"
pidgin_text_4131_emotion_1,e go be like say na kerosene i dey drink,['disgust'],[],['disgust'],['disgust']
pidgin_text_1009_emotion_1,dem dey find tearrubberi mean a man who has dealt with all his flaws,['disgust'],[],['surprise'],[]
pidgin_text_275_emotion_1,baba e be like say na dis one u go do for me ooo,['surprise'],"['joy', 'surprise']",['surprise'],['surprise']
pidgin_text_1875_emotion_1,forget say you don grew up or u youre taller than me u no pass beating and tell these your goons friends they should stop misbehaving in my house bcuz if dey mess up i will join them with you beat at the same time i no dey tolerate nonsense in my house,['disgust'],"['anger', 'disgust']","['anger', 'disgust']","['disgust', 'anger']"
pidgin_text_5355_emotion_1,chelsea banter go too sweet today na dem dey mock messi pass japanese enyimba,"['disgust', 'joy']",[],['joy'],['joy']
pidgin_text_5101_emotion_1,dis is nt ibb sayin dis trash here dis is d handiwrk of satanic hackers,"['disgust', 'fear']","['anger', 'disgust']",['disgust'],['disgust']
pidgin_text_5543_emotion_1,dis is getting real its as if dis type of luck is not meant for my village people abi the thing dey get routine‍️‍️ god abeg e no go better for money,"['anger', 'sadness']","['sadness', 'surprise']","['fear', 'sadness']",['sadness']
pidgin_text_6119_emotion_1,i dey look my phone dey laugh my family members dey think say na sweet emotions anyway may jehovah no let them have a mad son bcz of crypto,"['fear', 'joy']","['disgust', 'fear', 'surprise']","['fear', 'joy']","['fear', 'joy']"
pidgin_text_5492_emotion_1,what rubbish wetin chance dey find for here andersson paak i fit managebtw wheres savage,"['disgust', 'surprise']",['disgust'],"['disgust', 'surprise']","['disgust', 'surprise']"
pidgin_text_1333_emotion_1,abeg this country don tire me laikdis ooooo‍️‍️‍️,['sadness'],['disgust'],"['disgust', 'sadness']","['sadness', 'disgust']"
pidgin_text_1201_emotion_1,ha bori e dey rain here o and some of us dey alone,['sadness'],"['fear', 'sadness']","['disgust', 'sadness']",['sadness']
pidgin_text_1008_emotion_1,since you na no wan buy car again i don dey sell trucks now come let me take your orders,['sadness'],['joy'],['surprise'],[]
pidgin_text_162_emotion_1,this your body na killer,['surprise'],['joy'],['surprise'],['surprise']
pidgin_text_5448_emotion_1,big gal like you na k you fit dash person you nor even dey shame abi,['disgust'],['disgust'],"['disgust', 'surprise']",['disgust']
pidgin_text_872_emotion_1,abeg rate my pidgin we dey come through with your favorite products wey you fit buy at boku discounts free gifts products trials and education sef dey we nor fit wait to you this september,['joy'],[],[],[]
pidgin_text_2543_emotion_1,okay so you paid for money you be dey owe your network use tey subscribe enter google gather pictures come and tadaaaa youre here right,"['disgust', 'surprise']",['surprise'],['disgust'],"['disgust', 'surprise']"
pidgin_text_792_emotion_1,i dont even know where to start from koz my parent love that show like and nah night them dey watch am so sometimes i used to be like why cant they show this thing at morning i dont even know how to express my selffeelings towards this show abeg i just dey type shit,"['disgust', 'sadness']",['joy'],"['disgust', 'sadness']","['disgust', 'sadness']"
pidgin_text_6128_emotion_1,na this welcome back process dey pain me pass for this phone wey i lose,"['disgust', 'sadness']","['anger', 'sadness']","['anger', 'disgust', 'sadness']","['disgust', 'sadness', 'anger']"
pidgin_text_3458_emotion_1,efe u na sure boss take dat money,['surprise'],['joy'],['joy'],['joy']
pidgin_text_412_emotion_1,na una people na i want to be like you guys when i grow up,['joy'],[],['surprise'],[]
pidgin_text_5154_emotion_1,go tell god that one na we say make una like glittering things if not we go for still dey paradise now,"['disgust', 'sadness']",['surprise'],"['anger', 'disgust']",['disgust']
pidgin_text_286_emotion_1,man done dey discover side talent,['surprise'],[],[],[]
pidgin_text_404_emotion_1,dem say na aikin allah we de do our reward is in heaven,['joy'],"['anger', 'sadness']",['joy'],['joy']
pidgin_text_3047_emotion_1,e don happen oooo ajoke don break my heart ooo pls follow me on tiktok ️,['sadness'],"['anger', 'sadness']",['sadness'],['sadness']
pidgin_text_1807_emotion_1,glo pesin go borrow data una go still dey help pesin regulate amlike wtf let it finish na my money i go pay,['disgust'],"['anger', 'disgust', 'sadness', 'surprise']",['disgust'],['disgust']
pidgin_text_3718_emotion_1,wo una hard girl don dey fall in love o,['surprise'],['surprise'],"['fear', 'surprise']",['surprise']
pidgin_text_4585_emotion_1,wahala don happen o them don beat superhero wey come help person fight o,['surprise'],"['anger', 'sadness', 'surprise']",['surprise'],['surprise']
pidgin_text_5058_emotion_1,if only your efforts will fetch you wat you want without you being involved in corrupt practices buh life sef na scamyou go try your best come tire begin ask yoursef weda your best no de enoff you go wan do wetin odas do ooh,"['disgust', 'sadness']","['sadness', 'surprise']","['fear', 'sadness']",['sadness']
pidgin_text_221_emotion_1,na laycon dey enjoy for this party pass the privileges he has eeh the guy dey tap fire,['surprise'],"['joy', 'surprise']",['surprise'],['surprise']
pidgin_text_2226_emotion_1,you dey among people wey dey cause this confusion,"['disgust', 'surprise']",['anger'],['disgust'],['disgust']
pidgin_text_3367_emotion_1,i don chop three different types of rice and chicken my body don calm down,['joy'],['joy'],['joy'],['joy']
pidgin_text_5182_emotion_1,you do giveaways everyday you didnt pick me you asked for peoples account numbers you ignored me you reply some peoples dms you no reply my own you said we should ask you anything i asked for k you no even reply wetin i do nah,"['fear', 'sadness']","['sadness', 'surprise']","['anger', 'disgust']",['sadness']
pidgin_text_5827_emotion_1,wait o my own dm no dey collect una messages nii abi weitin na i no understand again o my chest,"['fear', 'sadness']","['fear', 'surprise']","['fear', 'sadness']","['fear', 'sadness']"
pidgin_text_809_emotion_1,mastacard na why you sef go blow for the abroad me sef i dey talk say i dey proud of you o my able course mate,['joy'],['joy'],['surprise'],['joy']
pidgin_text_5361_emotion_1,my concern are those married women wey dey tie wrapper every morning with bucket of piss for hand like how their husbands dey take cope,"['disgust', 'surprise']",['disgust'],"['disgust', 'surprise']","['disgust', 'surprise']"
pidgin_text_2229_emotion_1,ha na who that one want die ontop hin head e go just faint danu danu because of tosin sef rain go fall ontop rd mainland and the breeze go send am go inside water,['disgust'],"['disgust', 'surprise']",['disgust'],['disgust']
pidgin_text_5053_emotion_1,lmaoooo money can make me cry like a baby like this e don tey wey i receive credit alert,['sadness'],[],['sadness'],['sadness']
pidgin_text_2761_emotion_1,na lie u lie or u don fall your hand u don fall your hand,['disgust'],"['anger', 'disgust']","['disgust', 'surprise']",['disgust']
pidgin_text_4535_emotion_1,which kind movie una send me go watch wey de make person cry abeg,"['disgust', 'sadness']","['disgust', 'sadness', 'surprise']","['disgust', 'sadness']","['disgust', 'sadness']"
pidgin_text_2682_emotion_1,i dey with una na you vex me now you dey ask me to face my thursday football kilagbe you are not nice at all i want support my english team mate wey we dey same whats app group for league and you ruined everything,"['disgust', 'sadness']",['anger'],"['anger', 'disgust']","['disgust', 'anger']"
pidgin_text_2445_emotion_1,if zinoleesky doesnt perform kilofeshey this night i fit tear clothe,['fear'],['anger'],['fear'],['fear']
pidgin_text_3699_emotion_1,wizkid fc una bad ohi don laugh belle scatterlas las na wiz inspire all their mcm,"['joy', 'surprise']","['joy', 'surprise']",['joy'],"['joy', 'surprise']"
pidgin_text_1334_emotion_1,something is not too write about dis scripture pls is adam and eve d st mortal on earth if dey are who den bear d child cain married,"['disgust', 'surprise']","['fear', 'surprise']",['surprise'],['surprise']
pidgin_text_2186_emotion_1,this one don finish eba she con de serve hot looks if you dont geddifok,['disgust'],"['anger', 'disgust']","['disgust', 'surprise']",['disgust']
pidgin_text_3823_emotion_1,lmao reminds me of one babe that said i make you erect i have that much power over you lol something that even if na small breeze blow e go stand abeg,"['disgust', 'surprise']",['anger'],"['disgust', 'surprise']","['disgust', 'surprise']"
pidgin_text_5913_emotion_1,toronto raptors in the morning west brom in the afternoon na to go find cake and caprisone this night because my mental health is in the potopoto,"['fear', 'sadness']","['disgust', 'sadness', 'surprise']",['fear'],"['fear', 'sadness']"
pidgin_text_1967_emotion_1,abeg were una dey see love now,['surprise'],['sadness'],['sadness'],['sadness']
pidgin_text_264_emotion_1,no be say e dey plenty but based on contentment we dey live happily,['joy'],['sadness'],['joy'],['joy']
pidgin_text_853_emotion_1,you gat style baby girl congrats more deals dey front oo make e no shock you as e dey come enn calm down an seal em all,['joy'],['joy'],['joy'],['joy']
pidgin_text_2473_emotion_1,na from i wan be model i wan be model na so ucler take kill jeninfer oh,['sadness'],"['anger', 'disgust', 'fear', 'sadness']","['disgust', 'sadness']","['sadness', 'disgust']"
pidgin_text_2973_emotion_1,shameless lots deji activist musa don see everything finish for gate yeye dey smell,['disgust'],"['anger', 'disgust']",['disgust'],['disgust']
pidgin_text_5031_emotion_1,chai its christmas week but my side no be like say christmas dey at all oluwa wetin dey happen na,"['disgust', 'fear']",['sadness'],"['fear', 'sadness']","['fear', 'sadness']"
pidgin_text_3278_emotion_1,las las i don sabi toast girl hey girl does your mum sell okro cus you draw my attention,['joy'],['joy'],['joy'],['joy']
pidgin_text_3602_emotion_1,khloe and bitto go sha fit abeg make person come carry em family comot here ooo,['surprise'],"['anger', 'surprise']",['disgust'],['surprise']
pidgin_text_2622_emotion_1,so efcc for benin don dey enter church go to find boys,"['disgust', 'surprise']","['anger', 'disgust', 'fear', 'surprise']","['disgust', 'surprise']","['disgust', 'surprise']"
pidgin_text_5897_emotion_1,some people really dont like footballnotice dat gal wey just dey sleep by d side,"['disgust', 'surprise']","['disgust', 'surprise']","['disgust', 'surprise']","['disgust', 'surprise']"
pidgin_text_5223_emotion_1,im scared to take this loan from my sister her terms na die like im your baby brother oh this girl,"['disgust', 'fear']","['fear', 'surprise']","['fear', 'sadness']",['fear']
pidgin_text_2143_emotion_1,lmao this brt don climb bump sotey breast don commot for bra,"['disgust', 'surprise']","['disgust', 'surprise']",['surprise'],"['disgust', 'surprise']"
pidgin_text_4923_emotion_1,them ask usto drop these two courses say na elective and carry that say na hin be de core now dem dash us those courses wey we no carry and come talk say na them be core again fgs if not abu where,"['disgust', 'sadness']","['anger', 'disgust', 'surprise']","['anger', 'sadness']","['disgust', 'sadness', 'anger']"
pidgin_text_5644_emotion_1,missing home like say e don tey gra katsina,['sadness'],"['sadness', 'surprise']",['sadness'],['sadness']
pidgin_text_648_emotion_1,mouthwatering yeah i know you can have yours too fresh okra soup with better swallow wey hotyou know as e dey be na tasty meals and soups delivered fresh to your doorstep homemade and very delicious call us today or slide in to place your order️,['joy'],['joy'],['joy'],['joy']
pidgin_text_937_emotion_1,chai see wetin i dey like na,"['joy', 'surprise']","['joy', 'surprise']","['joy', 'surprise']","['joy', 'surprise']"
pidgin_text_2443_emotion_1,we have our different love boxes plans to suit you budget mini box maxi box of contents like doughnuts cakeschocolates and many more never forget sey love dey give and e no dey give finish,['joy'],['joy'],['joy'],['joy']
pidgin_text_740_emotion_1,na only god fit touch your heart you just help me pay for this phone father of all,['sadness'],"['joy', 'surprise']","['fear', 'sadness']",['sadness']
pidgin_text_1645_emotion_1,so wetin happen to ur destiny why connection dey run live u whenever una was lie una go dey talk about connection,"['disgust', 'surprise']","['anger', 'disgust', 'surprise']",['disgust'],"['disgust', 'surprise']"
pidgin_text_5183_emotion_1,lmao i should know this one sha zeez love lace magodo boys them dey do am well i don walk in on them no be times times the worst one na the one wey then finish with one babe she talk say they didnt do it well my is still intact i put hand for head,['disgust'],['surprise'],['disgust'],['disgust']
pidgin_text_3253_emotion_1,if na like this dates dey be ah we all should be hanging out more na,"['joy', 'surprise']","['joy', 'surprise']","['joy', 'surprise']","['joy', 'surprise']"
pidgin_text_2636_emotion_1,no go find the street davido wey give u belle,['disgust'],"['anger', 'disgust', 'sadness']",['disgust'],['disgust']
pidgin_text_5778_emotion_1,hahahaha na my account wey no balance o e dey give me sleepless nights,['sadness'],"['joy', 'sadness', 'surprise']","['fear', 'sadness']",['sadness']
pidgin_text_624_emotion_1,baba god you sabi as e be for my heart oo abeg bless your boy,['sadness'],[],"['fear', 'sadness']",['sadness']
pidgin_text_1756_emotion_1,i never had pots to wash because my sisters do the dishes but she no just wan make i dey comot for house and i was the best player in my street,['sadness'],"['anger', 'sadness', 'surprise']",['sadness'],['sadness']
pidgin_text_1241_emotion_1,armed robber breaks in rd class student hides under the bed armed robber rd c s armed robber rd c s armed robber na only school person fit use make am rd c s na lie many of our leaders no go school armed robber,"['sadness', 'surprise']","['anger', 'disgust', 'sadness', 'surprise']",['surprise'],"['sadness', 'surprise']"
pidgin_text_1893_emotion_1,im tired and feeling unmotivated about anything dont know if im still on the right track or taking the right decision im worried about the future like i dont know where im going,"['fear', 'sadness']","['fear', 'sadness']",['fear'],"['fear', 'sadness']"
pidgin_text_5812_emotion_1,you sef you dont have joy and romance sef its village people and sars shot that should deflect in your life not my own shot,['disgust'],"['disgust', 'surprise']",['disgust'],['disgust']
pidgin_text_332_emotion_1,if i no post review wetin i gain buy nirvana u no hear now my baby girlextraordinary presenterblaque beauty joyceiyakwari is giving it to them left and right in her double drawn fringe wig,['joy'],['joy'],['joy'],['joy']
pidgin_text_323_emotion_1,you see baba god finish work ontop my matter baba god im grateful of pure goodness smart funny sabi boy with ot wetn remain na that billion,['joy'],"['joy', 'surprise']",['joy'],['joy']
pidgin_text_1361_emotion_1,na batcha dem wan give you run o,['disgust'],"['disgust', 'fear', 'surprise']",[],['disgust']
pidgin_text_5417_emotion_1,i hate when i wake up and i dont see that special message m that special one,['sadness'],['anger'],"['disgust', 'sadness']",['sadness']
pidgin_text_1708_emotion_1,the traffic is crazy if you want to form badass and take taxify youre on your own opay sef is expensive its too bad,"['disgust', 'sadness']","['fear', 'surprise']","['disgust', 'sadness']","['disgust', 'sadness']"
pidgin_text_2809_emotion_1,that is the reason why when a call for peaceful protest is made they wont come out giving silly excuses na segalink good to dey front while una go dey behind una phone dey trend hashtags mtcheeeeeewwww,['disgust'],['disgust'],['disgust'],['disgust']
pidgin_text_1952_emotion_1,i thought as much but e never still late oh you fit still show me the love i avail myself,['sadness'],[],[],[]
pidgin_text_2999_emotion_1,omoyour ear for don deaf tey tey,['disgust'],"['disgust', 'fear']",['disgust'],['disgust']
pidgin_text_5712_emotion_1,please oh i wan ask this question can ugandans even read atol because all this scattering una dey scatter them isso unbearable‍️ asin eh they arent even saying anything abin them blind as well because there dumpness is certain already chai,"['disgust', 'surprise']","['disgust', 'surprise']","['disgust', 'surprise']","['disgust', 'surprise']"
pidgin_text_1326_emotion_1,i need to leave this app coz e be like sey una wan dey wyn my brocos,"['disgust', 'fear']","['anger', 'fear']","['fear', 'sadness']",['fear']
pidgin_text_4491_emotion_1,omo the way some customers go rude to you eh i just dey here dey collect raking person wey i fit beat on a very good day but i dey beg,"['disgust', 'sadness']",[],"['disgust', 'sadness']","['disgust', 'sadness']"
pidgin_text_5761_emotion_1,abeg who we offend in dis country students cant even read in peace nd dis is exam period awka is not safe anymore and dis is mostly around student areas,"['fear', 'sadness']","['fear', 'sadness']","['disgust', 'fear']","['fear', 'sadness']"
pidgin_text_1258_emotion_1,some no just sabi put points forward without throwing insults dem go say na bants,['disgust'],"['anger', 'disgust']",['disgust'],['disgust']
pidgin_text_4304_emotion_1,last months have been d best moments of arsenal fans life until dey came back same arsenal same stories one advice for arsenal fans make sure ur d last arsenal fan in ur lineage make sure ur not going to put ur kids through dis again in dis lyf i use god beg u,['disgust'],"['anger', 'disgust', 'sadness']",['disgust'],['disgust']
pidgin_text_3036_emotion_1,im surprised how educated people go just open mouth dey agree to that rubbish abi dem think say k note high pass dollar bill,"['disgust', 'surprise']",['surprise'],['surprise'],['surprise']
pidgin_text_4090_emotion_1,sleep please come back nah who begged me to wake up which kain wahala de be this,['sadness'],"['anger', 'sadness']",['fear'],['sadness']
pidgin_text_470_emotion_1,all this slow motion snapchat video uploaders ‍️ hot fire camon mashmellow kit kat ‍️ na una upload pass just get a phone with an iin the front better dont ask me what im using,['disgust'],['disgust'],['disgust'],['disgust']
pidgin_text_5000_emotion_1,dem bin do me like this one time i was in vex mode,['sadness'],['sadness'],"['anger', 'disgust']",['sadness']
pidgin_text_3267_emotion_1,bros na god go fit bless you for me the way you dey support my brand maximum regards december premium concert live in warri warri nigeria,['joy'],['joy'],['joy'],['joy']
pidgin_text_3805_emotion_1,the shoe nor even be your size borrow pose i sure say you dey carry filter for pocket waka becos all your picture na filter,['disgust'],"['anger', 'disgust', 'surprise']","['disgust', 'surprise']","['disgust', 'surprise']"
pidgin_text_54_emotion_1,hahahaha e be thingzzzz today ️,['surprise'],"['joy', 'surprise']",[],['surprise']
pidgin_text_3657_emotion_1,throwback wey make brain if you siddon for this kind setting you no go wan comot again i swear na correct decor setting to remember chai,['joy'],"['joy', 'surprise']",['joy'],['joy']
pidgin_text_3289_emotion_1,presido abeg na im not feeling fine,"['fear', 'sadness']",['fear'],"['disgust', 'fear', 'sadness']","['fear', 'sadness']"
pidgin_text_6102_emotion_1,talk am say as dortmund dey form like this its hard to back them coz fuck up dey onee corner dey wait,['disgust'],"['fear', 'surprise']",[],[]
pidgin_text_249_emotion_1,but you knw say u get wahala bah pipo go troll you one find your trouble you go give dem followers like that k followers you be charity ni,['surprise'],['joy'],['disgust'],[]
pidgin_text_992_emotion_1,so at this sweet juncture its time to attack the third task of s programming money lots of it that root of all evil wey dem dey hide i don buy shovel for am oddyandoddreamythe economist‍️,['disgust'],['joy'],['joy'],['joy']
pidgin_text_2261_emotion_1,wetin ole no go see for old trafford,['disgust'],"['anger', 'sadness']",['disgust'],['disgust']
pidgin_text_3909_emotion_1,people wey dey wear clothes sleep wahala,['surprise'],[],['surprise'],['surprise']
pidgin_text_1709_emotion_1,is he the king of saudi arabia if he is given a happy welcome una go still tweet say he go dey collect hailings for yonda baba still do am lowkey una dey vex make una let this man breathe abeg,['disgust'],"['anger', 'disgust', 'sadness', 'surprise']",['disgust'],['disgust']
pidgin_text_3885_emotion_1,hehe dem don catch ma guy with expo in dat pocket worse say e no even use am cos d exam easy pass wetin we think nd e come pay k to free emself,['sadness'],['surprise'],"['disgust', 'sadness']",['sadness']
pidgin_text_771_emotion_1,gaskia na true ooo why you go like my sister nah when i know wetin you dey do other peoples sister,['disgust'],"['disgust', 'fear']",['disgust'],['disgust']
pidgin_text_2499_emotion_1,one day i was coming from one party tinted eyes saw a guy and a babe fighting i do good boy intervene pin the guy for wall you dey mad why you dey harrass the babe na the babe tell me wetin concern you oga na my boyfriend i carry the guy hand put for her neck,"['anger', 'disgust']","['anger', 'disgust', 'surprise']","['disgust', 'sadness']","['anger', 'disgust']"
pidgin_text_1095_emotion_1,your mama with her mama with una aunty na im be puta you that went to someones page to ask how much for a night is the biggest puta then your drunkard father that skipped home training is the biggest puta bastard,"['anger', 'disgust']","['anger', 'disgust']","['anger', 'disgust']","['anger', 'disgust']"
pidgin_text_1387_emotion_1,lmao stop acting like all these things nor dey sweet you dey e dey turn you on boss,['disgust'],['joy'],['disgust'],['disgust']
pidgin_text_3513_emotion_1,food wey him don cook i don chop finish,['joy'],[],['surprise'],[]
pidgin_text_849_emotion_1,bros u fine die who dey chop all dis freshness na,['surprise'],"['joy', 'surprise']",['surprise'],['surprise']
pidgin_text_4300_emotion_1,someone should just send me money please this school thing everything na him we dey pay ehn im not doing again o,['sadness'],"['anger', 'sadness', 'surprise']","['anger', 'sadness']","['sadness', 'anger']"
pidgin_text_6186_emotion_1,that guy done use the money carry arsenal to win yesterday e come dey tell me rubbish now na on sight if i catch am,"['anger', 'disgust']","['anger', 'surprise']","['anger', 'disgust']","['anger', 'disgust']"
pidgin_text_1593_emotion_1,yu wey don get space for thr rm up bunk nigga pls contact yabaleft asap dat my prayers wud be answered yes,['disgust'],"['joy', 'surprise']",['disgust'],['disgust']
pidgin_text_6095_emotion_1,i never fuck almost years now and sapa still dey deal with me like this wetin dey xup na,['sadness'],"['sadness', 'surprise']","['fear', 'sadness']",['sadness']
pidgin_text_3168_emotion_1,guy your tweet legit i chop gt food on friday i nearly wan finish my cash at hand,"['joy', 'surprise']","['joy', 'surprise']",['joy'],"['joy', 'surprise']"
pidgin_text_1305_emotion_1,na like dis pesin dey take enta wahala for ooo,"['disgust', 'fear']",['fear'],"['disgust', 'fear']","['disgust', 'fear']"
pidgin_text_5775_emotion_1,e be like all these coaches don dey mad wtf is wrong with tuchel wtf is chupo motim wheres icardi if only these guys are aware how much ive lost to betja,['anger'],"['anger', 'disgust', 'fear', 'sadness', 'surprise']","['disgust', 'sadness']","['anger', 'disgust', 'sadness']"
pidgin_text_450_emotion_1,hanti ummie barca princess sorry for tagged you aging the responses de sweet me nee na oga u be,['joy'],['joy'],['joy'],['joy']
pidgin_text_2540_emotion_1,we don see you na son of solomon,['disgust'],['disgust'],['disgust'],['disgust']
pidgin_text_1171_emotion_1,some people like us dey die for here just to see you ooo baba see me na house cleaner is enough i fit dey sleep for floor abeg,['sadness'],['sadness'],['sadness'],['sadness']
pidgin_text_1284_emotion_1,twitter can hype rubbish abeg make dorsey come carry e app smh im done,['disgust'],['disgust'],['disgust'],['disgust']
pidgin_text_592_emotion_1,adverthoussena the place where we go carry your business go reach persins wey want am no be only that one we go bring out that better talent wey you getcome teach you how you go get money no allow this obonge opportunity waka pass you,['joy'],[],[],[]
pidgin_text_1319_emotion_1,working on a private road project in this town right now for an indigene and the villagers are here screaming elections don reach una wan buy our votes we go beat una if by next week una no do this road lmafoooooooooooooooooooooo ignorance eh ‍️,['disgust'],"['anger', 'surprise']",['disgust'],['disgust']
pidgin_text_3162_emotion_1,florence abeg e don reach,['disgust'],['anger'],['fear'],[]
pidgin_text_5299_emotion_1,why be say na now wey beans be k for bag i begin like beans bayi gas to cook am sef no dey smile,"['fear', 'sadness']","['anger', 'sadness', 'surprise']",['sadness'],['sadness']
pidgin_text_3712_emotion_1,it your day do shakara na d works when we dey do kwale,['joy'],['joy'],['joy'],['joy']
pidgin_text_1846_emotion_1,no mind am person no fit use dem for cover up again,['disgust'],"['anger', 'disgust', 'sadness', 'surprise']",['disgust'],['disgust']
pidgin_text_259_emotion_1,we love playing around with beautiful fabric d work wey we dey do kellyzafricana,['joy'],['joy'],['joy'],['joy']
pidgin_text_4369_emotion_1,adda inna i checked una tickets ooo my chest dey pain be like say na aero,['fear'],"['anger', 'sadness']","['disgust', 'fear']",['fear']
pidgin_text_2524_emotion_1,pepe don suddenly dey form,"['disgust', 'surprise']",['surprise'],"['disgust', 'surprise']","['disgust', 'surprise']"
pidgin_text_4662_emotion_1,that title is too heavy na imagine if she was our daughter one guy will just be having a swell time without dropping yam noo oo i cant take this lia lia she no even hide am na hin dey pain me i will report her to her brothers this is korupshun,"['disgust', 'sadness']","['anger', 'disgust', 'sadness']","['disgust', 'sadness']","['disgust', 'sadness']"
pidgin_text_4351_emotion_1,na me this house wan kill with work any small thing tiles don dirty i will run away to go and get strength to clean you,"['disgust', 'sadness']","['fear', 'sadness']","['anger', 'disgust']","['disgust', 'sadness']"
pidgin_text_6057_emotion_1,my tl is so boring tiktok wey dey help person cure boredom sef no gree open since yesterday iru ki wa leleyi oluwa,['sadness'],"['sadness', 'surprise']",['sadness'],['sadness']
pidgin_text_2855_emotion_1,buhahaha who said anything about followers i merely said engage them and leave me alone shame youre not half as smart as your fave and i sure say you no get breast too na why e dey doublepain you please leave me alone,['disgust'],['disgust'],['disgust'],['disgust']
pidgin_text_5666_emotion_1,like i dont understand how this things work you dey vex for me on top my own money again because you have a hole in between your legs haaaaaa nne adiro m enye onye na a di abalu m ulu ego m this stupid sense of entitlement is messing with my sanity mentally,"['anger', 'surprise']","['anger', 'disgust']","['disgust', 'surprise']","['anger', 'surprise', 'disgust']"
pidgin_text_3088_emotion_1,some companies need to be taken to court sent me messages even calls sef that my kyc was incomplete line that i have been using for more than years and when i complete it they will credit my line with k after i completed the registeration,"['disgust', 'surprise']",['anger'],['disgust'],['disgust']
pidgin_text_2202_emotion_1,well i see no reason y some girl wont clin thier pussy n they always want who to eat dem updat tin can b very anoyingif u want a pussy eater better u clin it up very welldont com kill someone son n wen u try to tell dem they will pick offence,['disgust'],['disgust'],['disgust'],['disgust']
pidgin_text_4246_emotion_1,now now wey i renew my sub netflix don sharply collect gb i no dey do again abeg this sub must follow me enter next year ijn,"['disgust', 'sadness']","['anger', 'sadness', 'surprise']","['disgust', 'fear']","['disgust', 'sadness']"
pidgin_text_4184_emotion_1,guy i shock too in this generation ur acc na wetin dem dey use grade the love dem no send you,['disgust'],['surprise'],"['disgust', 'surprise']","['disgust', 'surprise']"
pidgin_text_153_emotion_1,i will suffocate you with kisses sef,['joy'],['joy'],['joy'],['joy']
pidgin_text_2163_emotion_1,manchester united real madrid and barcelona fit be the three richest football clubs for this world but while barca and madrid don sign griezmann and hazard united dey hope to sign sean long staff man united no get ambition,['disgust'],['disgust'],['disgust'],['disgust']
pidgin_text_5557_emotion_1,lol dem tell you say dem wan hear from god focus on yourself big nenki no be you dem want o,"['disgust', 'surprise']","['fear', 'surprise']",['disgust'],"['disgust', 'surprise']"
pidgin_text_3847_emotion_1,when you don comot the whole thing from body you go con consider say knacks no worth abj house rent,"['disgust', 'sadness']",['disgust'],['disgust'],['disgust']
pidgin_text_2228_emotion_1,im really here to watch how some disciples of jesus will justify listening to these singles albums that are packed with messages full of lust of the flesh eyes and pride of life dey consume dey go na na you strong pass ba just know that your stunted growth is on you,"['disgust', 'sadness']","['anger', 'disgust', 'sadness']","['disgust', 'surprise']","['disgust', 'sadness']"
pidgin_text_5397_emotion_1,baba abeg do small giveaway na abeg your boy broke abeg work no dey and i dey survive on daily incomes i dey plan sell my phone sef help a brother,['sadness'],['sadness'],['sadness'],['sadness']
pidgin_text_2139_emotion_1,ikorodu delivery this could be your order but you dont love me enough to patronize me shey that one is good like that ehn abi you want me to go back to our village ni,['sadness'],['sadness'],"['fear', 'sadness']",['sadness']
pidgin_text_610_emotion_1,lol as in the guy talk dey muzz meunku wizkid of dey use playlist unku dey there dey tell us u can get million streams with fl fans,['disgust'],"['anger', 'joy', 'surprise']","['disgust', 'surprise']","['disgust', 'surprise']"
pidgin_text_539_emotion_1,make una help me tagmention and beg so he can send me the money he promised me make tomorrow fit soft e don pass one week,['sadness'],"['anger', 'fear', 'sadness', 'surprise']",['sadness'],['sadness']
pidgin_text_4562_emotion_1,chairmo nah beg i dah beg increase ma acct balance ma me too dey count mula in zeros eh if i dey chop life too ee no bad i no kill pesin fada na nah beg i deh beg some people say no dey rush i look them like i resemble rush hour,['sadness'],"['anger', 'sadness', 'surprise']","['fear', 'sadness']",['sadness']
pidgin_text_1101_emotion_1,mehnnnand na so e dey drink fuel,['sadness'],['disgust'],['sadness'],['sadness']
pidgin_text_5122_emotion_1,are mfm doing that if so when did they start doing it make olukoya carry him wahala go soda place na because na poor country we dey make am get levels some of these demons they want to kill are simply products of bad upbringing or poor education,"['disgust', 'sadness']","['anger', 'disgust', 'surprise']","['disgust', 'sadness']","['disgust', 'sadness']"
pidgin_text_5739_emotion_1,so because na year end na why i go work kill myself ‍️ to think i will be working late today again auditor sef don go holiday wetin come be my own sef,"['disgust', 'sadness']","['anger', 'surprise']","['anger', 'disgust']","['disgust', 'anger']"
pidgin_text_1031_emotion_1,pls and pls i know i always reply dms but abeg how can a guy slide into my dm and after exchanging pleasantries be like ya emmata ya lover i mean wtf who does that why be say na only guys de slide my dm sef,['disgust'],"['disgust', 'surprise']","['disgust', 'surprise']","['disgust', 'surprise']"
pidgin_text_4573_emotion_1,like this like this ehh benin boyz no wan hear o dem say buhariust go oo any body wen see buharibmake e tell am ooo make e fit run for his life o,"['disgust', 'fear']",['surprise'],"['disgust', 'fear']","['disgust', 'fear']"
pidgin_text_5476_emotion_1,i know if i try to hug or peck my mum ill definitely chop hot slap as a typical katsina hausa woman but i still miss her and i just want to hug her seriously rip mother yaa allah ka bani mata na gari that ill be hugging in moments like this without being slapped,"['fear', 'sadness']","['fear', 'joy', 'sadness']",['sadness'],"['fear', 'sadness']"
pidgin_text_784_emotion_1,if you go buy buy market e je ki ori wa pe ninu bus yi oooo no dey price market like say no be money them this sellers use buy am sef now kilode gan,['disgust'],"['anger', 'disgust']",['disgust'],['disgust']
pidgin_text_1571_emotion_1,which kin heat be dis man cant go bak to sleep like this abeg wia dem dey sell fuel early momo like dis,"['disgust', 'sadness']","['disgust', 'sadness']","['disgust', 'sadness']","['disgust', 'sadness']"
pidgin_text_6114_emotion_1,i no fit wait again cause e remain to cut my hair sef to resemble house girl finish,"['disgust', 'sadness']",['sadness'],"['disgust', 'sadness']","['disgust', 'sadness']"
pidgin_text_831_emotion_1,im the kind of person that laughs at jokes even when dey no involve me i dey like stay happy,['joy'],['joy'],['joy'],['joy']
pidgin_text_2363_emotion_1,chai sexy lips no go kee make your lips just sexy lásán i fit dash you my kidney,['joy'],"['joy', 'surprise']",['joy'],['joy']
pidgin_text_2709_emotion_1,dey reply me with one word dey expect me to carry the conversation where i wan carry am where i dey carry am go usu ra kwa nwanne gi nwanyị dia,['disgust'],"['anger', 'surprise']",['disgust'],['disgust']
pidgin_text_6075_emotion_1,i dey vex this morning your excellencies and abeg and shey this road from celeegbe to ileiwe bus stop ikotun make sense this road heaven forbid fit cause miscarriage the lcda isnt working we dey pay tax na,"['anger', 'disgust']","['anger', 'disgust', 'fear']","['disgust', 'sadness']","['anger', 'disgust']"
pidgin_text_228_emotion_1,the thing de nigeria o,['fear'],[],['surprise'],[]
pidgin_text_2194_emotion_1,psg you people should free him na na only pain una like this,['disgust'],"['anger', 'surprise']",['disgust'],['disgust']
pidgin_text_1706_emotion_1,guy my garri done dey finish and we still get days to go for the lockdown nah die i dey like this ooh,"['disgust', 'sadness']","['fear', 'sadness']",['fear'],"['sadness', 'fear']"
pidgin_text_4810_emotion_1,you guys should help me na my career sef dey suffer sell my own story na,['sadness'],"['fear', 'sadness']","['fear', 'sadness']","['sadness', 'fear']"
pidgin_text_4349_emotion_1,make the world just end if e wan end abi which wan is this hell lite we are currently experiencing in this part of the world like ds,"['anger', 'surprise']","['anger', 'sadness']","['anger', 'sadness']","['anger', 'sadness']"
pidgin_text_1023_emotion_1,yo girlfriend disrespects yo friends yet you go ahead to marry herna u sabi,['disgust'],"['disgust', 'fear', 'surprise']",['disgust'],['disgust']
pidgin_text_6020_emotion_1,kaiiii na segun de cause this thing oo you de make people think say i get money i need cash now see oga deola de scope me god de,"['disgust', 'sadness']","['sadness', 'surprise']","['fear', 'sadness']",['sadness']
pidgin_text_3811_emotion_1,dear liverpool fc why is it that every transfer window we must cry and beg you guys to do the needful this our current squad is ageing already una dy test my loyalty oo abi transfer window don close for anfield make una sign players before one or two go happen,"['disgust', 'sadness']","['anger', 'fear']","['disgust', 'fear']","['disgust', 'fear']"
pidgin_text_96_emotion_1,lmaoo e sweet my belle die i don full,['joy'],['joy'],['joy'],['joy']
pidgin_text_486_emotion_1,na you first shout like say the igbo song call your name na you first jump ontop stage na you first bend down please sir i cant stop what i didnt start,['surprise'],['anger'],['disgust'],[]
pidgin_text_246_emotion_1,abi o my brother me don leave my own for god o i no kuku kukuma like wahalla na only me waka come,['sadness'],"['anger', 'sadness']",['fear'],['sadness']
pidgin_text_826_emotion_1,man wizkid is fucking good dey chop beats like say na hot akara,['joy'],"['joy', 'surprise']","['joy', 'surprise']","['joy', 'surprise']"
pidgin_text_5429_emotion_1,only madrid just dey allow this ppl chop me these days,"['disgust', 'sadness']",['sadness'],"['disgust', 'sadness']","['disgust', 'sadness']"
pidgin_text_2006_emotion_1,all shot on my galaxy a e shook you,"['disgust', 'surprise']",['surprise'],['surprise'],['surprise']
pidgin_text_4181_emotion_1,all of una air if na influncers do this merch now i go dey see when can i order make una just help me retweet for biko na beg i de beg,"['disgust', 'sadness']","['disgust', 'sadness']","['disgust', 'sadness']","['disgust', 'sadness']"
pidgin_text_4021_emotion_1,and you that you are inside a car you bought with your money you sure say e no kill you like this you for dey trek or ride horse nastupid ass guy was never a fan and would never be i dont understand how people rant trash‍️ im so furious,['disgust'],['disgust'],"['anger', 'surprise']",['disgust']
pidgin_text_6033_emotion_1,so person no fit dash me k,"['sadness', 'surprise']",['surprise'],"['disgust', 'surprise']",['surprise']
pidgin_text_5458_emotion_1,i won talk say e don tey wey i see this guys tweet make i ask if hes okay alaye don block me sha,"['disgust', 'surprise']",['surprise'],"['disgust', 'surprise']","['disgust', 'surprise']"
pidgin_text_4581_emotion_1,jeffo parboil rice you don burn am wetin dey happen like this,"['disgust', 'surprise']","['sadness', 'surprise']","['disgust', 'fear']","['disgust', 'surprise']"
pidgin_text_5713_emotion_1,babe make we gather beat dat person wey write dat tweet bcus d tin touch me my left kidneylol,['anger'],"['anger', 'disgust', 'sadness', 'surprise']","['anger', 'disgust']","['anger', 'disgust']"
pidgin_text_3369_emotion_1,yaaaaaaaaaaggggggggaaaaaaaaaa e dey my tweets insha allah i go pull out out when e happen prophet ni mi,['joy'],['joy'],['joy'],['joy']
pidgin_text_954_emotion_1,me wey dey agitate dey high people moral na him one girl just dey come high my soul every seconds hello dearie you are doing well omo i motivate dye extra ginger to sing solidarity song,"['joy', 'surprise']","['joy', 'surprise']","['joy', 'surprise']","['joy', 'surprise']"
pidgin_text_3156_emotion_1,de don a don is always a don all hail de don,['joy'],['joy'],['joy'],['joy']
pidgin_text_4967_emotion_1,wetin be my offence,['surprise'],[],"['fear', 'surprise']",['surprise']
pidgin_text_530_emotion_1,nne see aw u fine pass china spare part shining like dubai gold fresh pass oyinbo and black man pikin cheiiii o babynm i commot dis cap for u,['joy'],"['joy', 'surprise']","['joy', 'surprise']","['joy', 'surprise']"
pidgin_text_3390_emotion_1,yeah i just checked and i see u make burger trust me im not a beggar but my love for dis picture is bigger baby i want u to love me deeper ️or do u know tina yeah dat girl been dey disturb be wella but i no dey reason her mattersweety joor shey mo ley av a taste i mean burger,['joy'],['joy'],['joy'],['joy']
pidgin_text_905_emotion_1,loving how whitemoney liquorose cross pere also push the ignore button ️️ una dey do like una too much we sef no dey see una top six for the win abeg,['joy'],['joy'],['joy'],['joy']
pidgin_text_1513_emotion_1,na person preeq dem dey drag like this im here for the violence,['surprise'],"['anger', 'disgust', 'sadness', 'surprise']",['surprise'],['surprise']
pidgin_text_2557_emotion_1,wahala even bandits don dey do visuals‍️‍️‍️,['surprise'],['surprise'],"['disgust', 'surprise']",['surprise']
pidgin_text_5278_emotion_1,i dont know who sent me to goan do exercise this eveningall my body de pain me like this my hands no de reach my back again and my legs de shake this lockdown should just end so somebody can go back to work see what idleness has caused for me now,"['disgust', 'sadness']","['sadness', 'surprise']","['disgust', 'sadness']","['disgust', 'sadness']"
pidgin_text_3719_emotion_1,get the cheapest data offer from lucid data world una don hear our icon so rush subscribe from lucid data world so una go stream anywhere una day icons we represent,['joy'],[],[],[]
pidgin_text_3497_emotion_1,dis bayern team wen i watch dem play or run wit d ball all i think of or see is german machine,['surprise'],['surprise'],['surprise'],['surprise']
pidgin_text_5055_emotion_1,fine boy no dey vex right madam abeg decide already and stop stressing somebodys son,['disgust'],['anger'],['disgust'],['disgust']
pidgin_text_3079_emotion_1,everyday na fight for this app we thought it was just lagos twitter now ibadan twitter has joined my very own ibadan when i was asking if people can fight outside this app yall thought twas a joke dem d even arrange boys join im going back to uyo please,"['disgust', 'fear']","['anger', 'disgust', 'fear', 'sadness', 'surprise']","['disgust', 'fear']","['disgust', 'fear']"
pidgin_text_3137_emotion_1,i dey hear una scores una do well oh,['surprise'],['disgust'],['surprise'],['surprise']
pidgin_text_1614_emotion_1,we decided to help dia life and give dem better music na arrest dem dey arrest us uganda will suffer for yrs,"['disgust', 'surprise']",['anger'],['disgust'],['disgust']
pidgin_text_2252_emotion_1,you dey fuck up na that time we begged you to follow us we even promised you one babe sef ‍️,['disgust'],"['anger', 'surprise']",['disgust'],['disgust']
pidgin_text_1481_emotion_1,the comments says it all na wa for that woman and the guy wey him talk to like that na my guy,['disgust'],"['anger', 'disgust', 'sadness', 'surprise']",['disgust'],['disgust']
pidgin_text_6137_emotion_1,please gift me data i no get money again shake body na ur boy has been loyal and this period management de pay me end month,['sadness'],['sadness'],['sadness'],['sadness']
pidgin_text_4191_emotion_1,im telling this fine ass baby girl they just beat arsenal she replied me normal na then went further to say you suppose don dey used to your mumu team na then rounded it up with sorry boo,"['sadness', 'surprise']","['anger', 'sadness', 'surprise']","['anger', 'sadness', 'surprise']","['sadness', 'surprise', 'anger']"
pidgin_text_152_emotion_1,e be like say na only me remain for this country oo‍️‍️ every body dey use welcome to a new week dispensation hei im happy for you all,"['joy', 'surprise']","['joy', 'surprise']","['joy', 'surprise']","['joy', 'surprise']"
pidgin_text_1249_emotion_1,just bcos i told u ur car has comprehensive insurance doesnt mean u shud go and jam police officer nau abi wch kain wahala be dis sef na insurance man i be i no be segalink,"['disgust', 'sadness']","['anger', 'disgust', 'fear', 'sadness', 'surprise']",['disgust'],"['disgust', 'sadness']"
pidgin_text_3739_emotion_1,na go visit this one if to say na my money be like say you dey crase,['disgust'],['anger'],['disgust'],['disgust']
pidgin_text_2171_emotion_1,why e be say na yhu get belle but na our gals and wives dey help carry am,"['disgust', 'surprise']",['surprise'],"['disgust', 'surprise']","['disgust', 'surprise']"
pidgin_text_4348_emotion_1,abeg if we win wetin go happen no make me vex oh,"['disgust', 'surprise']",['fear'],"['disgust', 'surprise']","['disgust', 'surprise']"
pidgin_text_3059_emotion_1,i thought you had a man this mananother one why you dey vex,['surprise'],"['anger', 'surprise']",['surprise'],['surprise']
pidgin_text_4807_emotion_1,na me fuck up one girl was taking it na im i say what a woman can do a man can do better i didnt remember i was still a boy,"['disgust', 'sadness']","['sadness', 'surprise']","['disgust', 'sadness']","['disgust', 'sadness']"
pidgin_text_2643_emotion_1,nawahala u dey fine are u suppose to date more dan one guy,"['disgust', 'surprise']","['anger', 'disgust', 'surprise']","['disgust', 'surprise']","['disgust', 'surprise']"
pidgin_text_3254_emotion_1,the kind snore wey dey go down for this camp na vand v engine oh,['disgust'],['surprise'],['disgust'],['disgust']
pidgin_text_473_emotion_1,i love manchester united lukaku no de fail a goal before best timing up man u,['joy'],['joy'],['joy'],['joy']
pidgin_text_2868_emotion_1,lmafoooooooooooooooooooooo and una say jazz no dey,"['disgust', 'surprise']",['surprise'],"['disgust', 'surprise']","['disgust', 'surprise']"
pidgin_text_5934_emotion_1,mudi o e be like woman don do mudi strong thing before,['surprise'],['surprise'],['surprise'],['surprise']
pidgin_text_4790_emotion_1,bro na so man city spoil my ticket yesterday and na only them remain make i chop small k way i suppose use hold body today man just dry like warey,"['disgust', 'sadness']","['anger', 'sadness']","['anger', 'sadness']","['sadness', 'anger']"
pidgin_text_5379_emotion_1,ori gbogbo won kan daru nioil wey be say na we get amna him we dey prepare for worse forhow did i ended up birthed in nigeria,['anger'],"['sadness', 'surprise']","['anger', 'disgust']",['anger']
pidgin_text_939_emotion_1,this policemen on brown road just begged for money by saying this to me and my guy bros abeg na wetin bird chop na im e go use fly help us lol,['surprise'],['surprise'],['surprise'],['surprise']
pidgin_text_379_emotion_1,totori me times i just love to dey sew eeh happy sunday guys hit the like and rt button na i dey find client,['joy'],['joy'],['joy'],['joy']
pidgin_text_542_emotion_1,cute me na dem dey rush us,['joy'],['joy'],[],['joy']
pidgin_text_1383_emotion_1,see wetin una don cause,['disgust'],"['disgust', 'surprise']",['sadness'],['disgust']
pidgin_text_1251_emotion_1,shey una dey see una mate we cant boast of hrs light in one week over here,['disgust'],"['anger', 'disgust']",['disgust'],['disgust']
pidgin_text_3072_emotion_1,im not even a fan of boutique dem sabi sell fake things and very expensive too ‍️,['disgust'],['disgust'],['disgust'],['disgust']
pidgin_text_5090_emotion_1,jisos christ ‍️‍️‍️‍️‍️ i don tell you if e sure for you tomorrow to wednesday before you go kd i no want long talk make i see how you won drive your car go kd by thursday na mumsi go use aboniki rob your body,"['fear', 'surprise']","['anger', 'fear', 'sadness']",['disgust'],['fear']
pidgin_text_5857_emotion_1,these people should use better ink the write expiry dates na some of us wey our eyes no good no fit read am,['disgust'],"['anger', 'fear']","['disgust', 'sadness']",['disgust']
pidgin_text_1322_emotion_1,we get this kind of security and bokoharam dey control many local govts in the moment even collecting taxes from farmersindeed there was a countrytransfer these ones maiduguri they will resignthat blood wey una dey find una no go see amguys please stay home and stay safe,"['fear', 'sadness']","['anger', 'disgust']","['disgust', 'fear', 'surprise']","['fear', 'disgust']"
pidgin_text_336_emotion_1,you don talk am already na but teema na sure babe no worries on her side na better person she be,"['disgust', 'sadness']",[],[],[]
pidgin_text_1668_emotion_1,e dey pain person especially if you are unable to give them the perfect reply e dey pain gan,"['disgust', 'sadness']",['anger'],['disgust'],['disgust']
pidgin_text_3379_emotion_1,e be like say stormblastmedia dey shoot with futuristic cameras their videos dey clear dieeeee,['surprise'],['joy'],"['joy', 'surprise']","['surprise', 'joy']"
pidgin_text_4866_emotion_1,this one willie obiano just dey position road roller machine motor grader for different parts of the state shey na make e be like say him dey work osodieme ga machi kwa ya nti ozo,"['disgust', 'surprise']","['disgust', 'fear', 'surprise']","['fear', 'surprise']","['disgust', 'surprise', 'fear']"
pidgin_text_4297_emotion_1,they still opened gofundme account for tacha una dey don mad for this country ohh i was legit born in a wrong country,"['disgust', 'surprise']","['anger', 'disgust', 'sadness', 'surprise']","['anger', 'disgust']","['disgust', 'surprise', 'anger']"
pidgin_text_5335_emotion_1,follow follow were do you know they are going you just wan follow na u suppose dey conduct house fellowship,['disgust'],['disgust'],['disgust'],['disgust']
pidgin_text_2518_emotion_1,all these gees can lie cos i know say she fine she wan de use me de shine by and,['sadness'],['sadness'],"['disgust', 'sadness']",['sadness']
pidgin_text_884_emotion_1,omo when don baba j go bless me like did i get frame i get twitter i get vbank na only send me your account remain god abeg do am for your boy,['sadness'],[],"['fear', 'sadness']",['sadness']
pidgin_text_6176_emotion_1,to god ee no go better for my village people na thunder for fire dem do giveaway e no reach my side,"['anger', 'sadness']",['anger'],"['disgust', 'sadness']","['anger', 'sadness']"
pidgin_text_4488_emotion_1,i hope can still remember all his tracks he don sing too much song abeg that man na legend aswr,['joy'],"['joy', 'surprise']","['fear', 'joy']",['joy']
pidgin_text_2785_emotion_1,omo child wey talk day him mama no go sleep him eye sef no go fit close,['disgust'],['anger'],['disgust'],['disgust']
pidgin_text_4873_emotion_1,make una help me oooooi don put hand wey i take blend pepper for my balls when peeingim burning now,"['disgust', 'sadness']","['fear', 'sadness']","['disgust', 'sadness']","['disgust', 'sadness']"
pidgin_text_573_emotion_1,but who dey cook ‍ dis wicked stew nah ah go carry my plate take go beg for stew ohguy aroma wan cut my nose but i hope it taste well sha,"['sadness', 'surprise']","['joy', 'surprise']",['surprise'],['surprise']
pidgin_text_5098_emotion_1,village people at work faaa ‍️‍️‍️‍️ if you laugh na hellfire straight lagos island,"['fear', 'sadness']",['anger'],"['disgust', 'sadness']",['sadness']
pidgin_text_5021_emotion_1,your own is good sef aym gudu gave me fuel that messed up my pump,"['disgust', 'sadness']","['sadness', 'surprise']","['anger', 'disgust']","['disgust', 'sadness']"
pidgin_text_4446_emotion_1,the way dem go drag this guy this season ehn sometimes it is players wey dem don too rate like this that makes that messi not playing in the epl argument kinda valid loool,"['disgust', 'fear']","['fear', 'surprise']","['disgust', 'fear']","['disgust', 'fear']"
pidgin_text_6180_emotion_1,i think im no longer omo iya e again oooo cos you just dey air me,"['disgust', 'sadness']",['fear'],"['disgust', 'surprise']",['disgust']
pidgin_text_4388_emotion_1,wahala dey i don forget which department i dey and its like asuu will call off this strike tomorrow,"['disgust', 'fear']","['fear', 'surprise']","['disgust', 'sadness']","['disgust', 'fear']"
pidgin_text_5577_emotion_1,after a funeral service americans what a great loss nigerians abeg pass me salt make i add for dis rice dem no cook am well,['disgust'],['disgust'],['disgust'],['disgust']
pidgin_text_200_emotion_1,person hate you you dey vex a whole religion hate pig and alaye still dey fat like say e nor concern ham better live your life and enjoy it ️,['surprise'],"['anger', 'surprise']",['disgust'],['surprise']
pidgin_text_3819_emotion_1,them done start everything na kill for una,['disgust'],[],"['disgust', 'fear']",['disgust']
pidgin_text_2642_emotion_1,so thats how i went to my tailors shop this morning and alas shop ti jo na like this kind of thing you cant even vex cos you can feel his grief so my cloth don follow fire go,"['sadness', 'surprise']",['surprise'],"['fear', 'sadness']","['sadness', 'surprise']"
pidgin_text_3314_emotion_1,heh godt see finenesssss na why you dey torment me like this na xzee,"['joy', 'surprise']","['joy', 'surprise']","['sadness', 'surprise']","['joy', 'surprise']"
pidgin_text_6059_emotion_1,lol shey na d heat or the hits u dey talk about but as at the time of dis tweet im certain even india is a better option nigeria keh e be like say na away you dey,"['disgust', 'surprise']","['disgust', 'surprise']","['sadness', 'surprise']","['disgust', 'surprise']"
pidgin_text_229_emotion_1,my girl is trending you people should leave my ceec oo allow her vent na‍️ trasha fans calling ceec bitter is the funniest shit have read today ceec dey learn where odouryewu dey na spartans,['disgust'],"['anger', 'disgust', 'joy']",['disgust'],['disgust']
pidgin_text_2650_emotion_1,na her husband dey write all that and she dey endorse am oh my what a pitiful union this one has surpassed human eye ka ma ri mo,['disgust'],['disgust'],"['disgust', 'sadness']",['disgust']
pidgin_text_356_emotion_1,e be like sey una know this guy make una gist us the twitter bird dey hungry,['surprise'],[],['surprise'],['surprise']
pidgin_text_641_emotion_1,frankly i dey enjoy am cuss no dey pain me at all i be warri boy wey go military school cuss na compliment,['joy'],[],[],[]
pidgin_text_389_emotion_1,you have been giving entrepreneurs students hospital bills what of me wey be doctor i like freebie too we sef na fans,['sadness'],"['anger', 'sadness']","['disgust', 'sadness']",['sadness']
pidgin_text_885_emotion_1,make i wear mask for inside car again e dey bag,['disgust'],"['anger', 'surprise']",['disgust'],['disgust']
pidgin_text_68_emotion_1,mood finally is resuming boss don comot from office light no dey my sends me off to s high way give me transport to take go back office cos like this i don lost,['fear'],"['joy', 'sadness']",['disgust'],[]
pidgin_text_140_emotion_1,im chilling in my balcony collecting fresh breeze this morning e be like say na wetin i go do today be that,['joy'],['joy'],['joy'],['joy']
pidgin_text_823_emotion_1,from d moesha reactions on the tl u can easily spot all d women wey dey nack for money if pesin dm u for price sha no kan complain for tl o,"['disgust', 'surprise']","['disgust', 'surprise']",['disgust'],"['disgust', 'surprise']"
pidgin_text_5569_emotion_1,anyone that might have seen me earlier today must have thought that im crazy no dear na stress wan kill me,"['disgust', 'sadness']","['fear', 'surprise']","['disgust', 'sadness']","['disgust', 'sadness']"
pidgin_text_1758_emotion_1,nobody likes jungle justice online but na you slap that boy wey thief for market that day abi na until dem light am fire e turn jungle justice,"['disgust', 'surprise']","['anger', 'disgust', 'fear', 'sadness', 'surprise']",['disgust'],"['disgust', 'surprise']"
pidgin_text_1400_emotion_1,where dem dey donate sperm na,"['sadness', 'surprise']",[],"['sadness', 'surprise']","['sadness', 'surprise']"
pidgin_text_3754_emotion_1,to be last born ehna crime these ones don turn me to house boy igwe unijos like me,"['disgust', 'sadness']",['surprise'],"['anger', 'sadness']",['sadness']
pidgin_text_3533_emotion_1,i look at some of the dresses i made and im like damn i sabi dis tailor work for real,"['joy', 'surprise']","['joy', 'surprise']",['joy'],"['joy', 'surprise']"
pidgin_text_5631_emotion_1,bakayoko neva still fit impress me for dis team yet defensive midfielder wen no dey impose himself na wetin dem dey call am,"['disgust', 'surprise']","['disgust', 'surprise']","['disgust', 'surprise']","['disgust', 'surprise']"
pidgin_text_3743_emotion_1,wetin i do una so them dey keep friendshipwell do ur tinno wahala,"['fear', 'surprise']",['sadness'],"['fear', 'sadness']","['fear', 'sadness']"
pidgin_text_4185_emotion_1,you no get money for hand and you still no go get good talk for mouth na which kind person you wan con be️,"['disgust', 'surprise']","['anger', 'disgust']","['anger', 'disgust']","['disgust', 'anger']"
pidgin_text_3554_emotion_1,na una two know wetin the funny unaseems the same thing happened,"['disgust', 'surprise']",['surprise'],['disgust'],"['disgust', 'surprise']"
pidgin_text_4635_emotion_1,toh as im not + im going back to my fathers house please na pikin i be i no kill person,['sadness'],"['anger', 'sadness', 'surprise']","['disgust', 'sadness']",['sadness']
pidgin_text_6076_emotion_1,if you never download this jam i no no wetin you dey wait for sha joro joro joro joro you wan kill person when i say wizkid a legend just accept that fact ️ wizzy number one fan of him or no fam i mean,['joy'],"['joy', 'surprise']",['joy'],['joy']
pidgin_text_4922_emotion_1,mm lens is k haba make una dey calm down this shirt gats dey made of gold plus diamond studs,"['disgust', 'surprise']",['surprise'],"['disgust', 'surprise']","['disgust', 'surprise']"
pidgin_text_3872_emotion_1,shurrup abeg rt no be say i fine sef,['disgust'],['disgust'],['disgust'],['disgust']
pidgin_text_5735_emotion_1,the woman that washed my hair on saturday its like she gave me a different shape of skull head just dey pain me e be like some part don enter inside sef,"['fear', 'sadness']","['fear', 'sadness', 'surprise']","['disgust', 'fear']","['fear', 'sadness']"
pidgin_text_169_emotion_1,wetin dey sup nah is it that people are not seeing my tweets or they dont just want to engage them please im new here o teach me what to do abeg thanks,"['fear', 'sadness']","['anger', 'fear', 'sadness', 'surprise']","['fear', 'sadness']","['fear', 'sadness']"
pidgin_text_5027_emotion_1,symply tacha that oneshe enter house now and she no wan twerk for us so all the twerking na only for ig she does nothing in that house issokay e go do her like film trick when shes booted out,['disgust'],"['anger', 'sadness', 'surprise']","['disgust', 'surprise']","['disgust', 'surprise']"
pidgin_text_260_emotion_1,see sweet boy wey dey make all of them vex skin like vanilla flavored chocolate ice cream,['surprise'],['joy'],['joy'],['joy']
pidgin_text_3170_emotion_1,na me be that of winners wey dey on top of you,['joy'],['joy'],['joy'],['joy']
pidgin_text_5762_emotion_1,you know me im already used to it sef but you see those foken lectures jesus christ i want to cry,"['disgust', 'sadness']","['disgust', 'sadness']",['disgust'],"['disgust', 'sadness']"
pidgin_text_2713_emotion_1,when rain dey fall na nigerians take dey show their true color,['disgust'],"['anger', 'disgust', 'sadness']","['disgust', 'surprise']",['disgust']
pidgin_text_3341_emotion_1,omo me i wan know sef,['surprise'],['surprise'],['surprise'],['surprise']
pidgin_text_1590_emotion_1,so edo pple una don carry una leg come out see una for cnn trafficking ur pple,['disgust'],"['disgust', 'surprise']",['disgust'],['disgust']
pidgin_text_4422_emotion_1,this ppl hand sef no good if dem no steal am e go break or lost,['disgust'],['disgust'],"['disgust', 'fear']",['disgust']
pidgin_text_4829_emotion_1,my dear oh im jobless broke so i dey waka dey establish connect for oh,['sadness'],['sadness'],['sadness'],['sadness']
pidgin_text_4507_emotion_1,my stew burn on top say i won engage una post and still una go still dey air my posts experience nah good teacher,"['disgust', 'sadness']","['anger', 'surprise']","['disgust', 'sadness']","['disgust', 'sadness']"
pidgin_text_3809_emotion_1,lol stupid annoying thing next month i fit fry my own egg sef,['disgust'],"['disgust', 'surprise']","['anger', 'disgust']",['disgust']
pidgin_text_4438_emotion_1,as u talk say u de support man utd i com de feel say dis beauty went to the wrong person its all love thoo,"['disgust', 'sadness']",['disgust'],"['disgust', 'sadness']","['disgust', 'sadness']"
pidgin_text_4677_emotion_1,aargh we don lose oh na this bad luck jersey we dey wear,['sadness'],"['disgust', 'surprise']","['disgust', 'sadness']","['sadness', 'disgust']"
pidgin_text_112_emotion_1,omo dey cook abeg im not saying this because i like spaghetti the food make brain kindly patronize my bestie,"['joy', 'surprise']","['joy', 'surprise']",['joy'],"['joy', 'surprise']"
pidgin_text_1865_emotion_1,guy dont forget your roots you dey go buzz white man for him handle to call am that kind name na wetin you chop before you log in who teach you slangs you better delete the tweet he is kuku saying the truth but una no dey gree year truth leicester city go tear una,['disgust'],"['anger', 'disgust']",['disgust'],['disgust']
pidgin_text_6062_emotion_1,wahala be like matriculation ooo e kon be like say we never do matric before na wa ooooo,"['disgust', 'surprise']",['surprise'],"['disgust', 'surprise']","['disgust', 'surprise']"
pidgin_text_5699_emotion_1,omo e be like say we go protest for the whole year be that this people no rate us say na sprinkle of people oh lord,['disgust'],"['sadness', 'surprise']","['disgust', 'surprise']","['disgust', 'surprise']"
pidgin_text_3604_emotion_1,oluwa o na one lucky human dey chop this work like this o,['surprise'],['joy'],['surprise'],['surprise']
pidgin_text_1889_emotion_1,una wey dey receive salary before month end dey enjoy o na whenever we see,['sadness'],['sadness'],['sadness'],['sadness']
pidgin_text_5606_emotion_1,since i don de bayelsa i never see person like nengi where una de hide,['surprise'],['surprise'],['surprise'],['surprise']
pidgin_text_3572_emotion_1,phyn boi wey come sabi bake again ️ we are your best cake its not even a competition sef abeg oooo buy what i am selling pls if this comes up on your timeline retweet thanks,['joy'],['joy'],['joy'],['joy']
pidgin_text_2660_emotion_1,if they remove you then go because no be your house since you dey chop you call anyone to join you now when e reach fight you remember nigerians to retweet,['disgust'],"['anger', 'surprise']","['anger', 'disgust']","['disgust', 'anger']"
pidgin_text_3984_emotion_1,what how who did you pay who help you do your sure runs like this na please i need boasting so my epl scores go at least enter e abeg see f staring deep at me epp ma laive here,"['sadness', 'surprise']",[],"['sadness', 'surprise']","['sadness', 'surprise']"
pidgin_text_973_emotion_1,that crocodile wey dey front ba if i am the one na him go chop all before i get my magnitude and direction,[],[],['surprise'],[]
pidgin_text_3508_emotion_1,my mums ringtone for over years now has been my song i released in come everytime her phone rings close to me omo e dey put me in my feelings,['joy'],"['joy', 'surprise']",['joy'],['joy']
pidgin_text_3817_emotion_1,where una for dey see this money you even get balance omo,['surprise'],['surprise'],['surprise'],['surprise']
pidgin_text_2431_emotion_1,when i asked again now at the top of my voice the werey say he no hear english so all the thing wey i dey talk since nothing enter your head just vibes i sha alighted angrily without paying they no even born am well make he ask me for money sef cos i was angry asf,"['anger', 'disgust']","['anger', 'disgust', 'sadness', 'surprise']","['anger', 'disgust']","['anger', 'disgust']"
pidgin_text_4731_emotion_1,s tl is giving me intense life and joy all my coconut head compatriots in abuja we love you and we salute you aluta continua e sure me die say god dey waka amongst una,['joy'],"['joy', 'surprise']",['joy'],['joy']
pidgin_text_6103_emotion_1,person dey beat me for fifa still dey talk say bro your hand don dey strong o,"['disgust', 'surprise']","['sadness', 'surprise']","['disgust', 'sadness']","['disgust', 'surprise', 'sadness']"
pidgin_text_1292_emotion_1,motivational speaker wan commit suicide na we dey settle since,"['disgust', 'surprise']",['surprise'],['surprise'],['surprise']
pidgin_text_2376_emotion_1,now no guy will truly believe is in love because no be only food them dey use you fit just dey your house dey like girl when you never talk to before or liked all of a sudden youre in love later they will be shouting men are scum women are scummers,['disgust'],"['anger', 'disgust', 'sadness', 'surprise']",['disgust'],['disgust']
pidgin_text_6099_emotion_1,its her stupidity for me thank god i no follow for her people wahala for who dey listen to every advice wey dey on twitter,['disgust'],['disgust'],['disgust'],['disgust']
pidgin_text_4087_emotion_1,by far the worst world cup team i have seen since lost to wonder how this panama team qualified sef making the team look good,['disgust'],"['anger', 'disgust', 'surprise']","['disgust', 'surprise']","['disgust', 'surprise']"
pidgin_text_2335_emotion_1,i been won ft but i no get money for studio session talk less of giving him money for collaboration oh lord of mercy na you way answer dangote help me do am make e no go tay shaybe na pesin born adeleke put me for top make i dey okay,['sadness'],['sadness'],['sadness'],['sadness']
pidgin_text_5865_emotion_1,what level is olamide abeg make una dey see truth talk eee must u be sentimental olamide wen never cross rd main land bridge,['disgust'],['anger'],"['disgust', 'surprise']",['disgust']
pidgin_text_4311_emotion_1,omokehinde na hin you still dey panla like this only you chop am theres god o,"['disgust', 'surprise']","['sadness', 'surprise']",['surprise'],['surprise']
pidgin_text_3229_emotion_1,e don red oooo ur ex don lash ur lover no,['disgust'],['surprise'],"['disgust', 'surprise']","['disgust', 'surprise']"
pidgin_text_4959_emotion_1,like i never chop belleful i go come dey fight woman wey buy macbook for man,"['disgust', 'surprise']",[],['disgust'],['disgust']
pidgin_text_546_emotion_1,yeah ‍️the guy wants to trend dat was why e join nysc e cant trend with good music again,['disgust'],['anger'],['disgust'],['disgust']
pidgin_text_5957_emotion_1,abeg arsenal make una carry una wahala dey goim not doing again,"['disgust', 'sadness']",['anger'],"['anger', 'disgust']","['disgust', 'anger']"
pidgin_text_1152_emotion_1,na wa ooo do you ladies have to go this far ‍️,"['disgust', 'surprise']","['anger', 'disgust', 'sadness', 'surprise']",['surprise'],"['disgust', 'surprise']"
pidgin_text_226_emotion_1,i don blow ooo i got a retweet from the only king of puns chai if una help me see my geography teacher with that koko shoe tell am say i don make am follow and hit us up lets beautify your feets in grandeur thats what we do,"['joy', 'surprise']","['joy', 'surprise']",['joy'],"['joy', 'surprise']"
pidgin_text_1028_emotion_1,vio don catch me police don catch me road safety don catch me lastma don catch me sometimes it is best to take public transport,['sadness'],['sadness'],['sadness'],['sadness']
pidgin_text_2528_emotion_1,why na dem just be hitting mah dm i don tire oo just like dat some pipus uncles dey disturb mah life cycle whhhhy,"['disgust', 'sadness']",['anger'],"['disgust', 'surprise']",['disgust']
pidgin_text_5979_emotion_1,shey you dey see wetin you don help uganda do us,['disgust'],['surprise'],['disgust'],['disgust']
pidgin_text_4679_emotion_1,who be this new guy wey enter for ighalo wey dey play ball like insect,"['disgust', 'surprise']",['surprise'],['disgust'],"['disgust', 'surprise']"
pidgin_text_4728_emotion_1,abeg make una help me run this thing i have a cater on standby to cook some banging party rice na money we need epp us,['sadness'],[],"['fear', 'sadness']",['sadness']
pidgin_text_5061_emotion_1,something that have been suspended theyre no longer issuing new or renewing expired passports until further notice e be like you no sabi wetin dey ground wahala dey o,"['disgust', 'surprise']","['anger', 'disgust', 'surprise']","['disgust', 'surprise']","['disgust', 'surprise']"
pidgin_text_1566_emotion_1,una wan kill man city bros make una calm down na wetin happen self i greet you bros,['sadness'],"['fear', 'surprise']",['surprise'],['surprise']
pidgin_text_3607_emotion_1,only the thought of this na this dey my mind already si tiny ya enough towel oh,['surprise'],['joy'],['disgust'],[]
pidgin_text_5958_emotion_1,u dont expect my ceec to drink dat kind baby food na see wat she is bragging for naija nestle dat is so cheap no wonder u guys cant vote to save her live even nestle will be so ashamed to see person like ales dat feed with their food misbehaving,['disgust'],"['anger', 'disgust']","['disgust', 'sadness']",['disgust']
pidgin_text_5159_emotion_1,na where momsie order for gas some months ago naim dem exchange her cylinder me come collect am from her till i get chance to buy new one na stone i been dey use support the valve wey dey leak o,"['disgust', 'sadness']",['surprise'],"['disgust', 'sadness']","['disgust', 'sadness']"
pidgin_text_273_emotion_1,dis teddys song is mad o haters in d building pls dnt let hatred in yur hearts deprive yur earsrm listening dis jamlife is not that deep also as una dey listen d jam make una take chilled chivita to balance well happy weekend one luv,['joy'],"['anger', 'joy', 'surprise']",['joy'],['joy']
pidgin_text_1269_emotion_1,abeg una too dey ask this question,['disgust'],"['anger', 'disgust', 'sadness', 'surprise']",['disgust'],['disgust']
pidgin_text_560_emotion_1,momsi dey beg me make i stay house my sister dey beg me make i stay house my cousin de beg me make i stay house never have i felt so important in my life before im literally in tears because i know i wont still stay home,['joy'],"['sadness', 'surprise']",['joy'],['joy']
pidgin_text_5601_emotion_1,im ok with not having light what i dont like is this unnecessary teasing dem go bring light u go off gen dem go take am back do i look like a joke to them ill lay curse on them o,"['anger', 'disgust']","['anger', 'disgust']","['anger', 'disgust']","['anger', 'disgust']"
pidgin_text_6024_emotion_1,how i wan take convince my mama say i been dey lie that time what would make her believe that i am not lying now braaah i chop beating that day like no mans business ehnnn my street rep still damage sef cos nepa finally brought the light and they watched it,"['disgust', 'fear', 'sadness']","['fear', 'sadness']","['disgust', 'sadness']","['disgust', 'fear', 'sadness']"
pidgin_text_4858_emotion_1,papa abeg play like say na your last match you dey play i take god beg you,"['fear', 'sadness']",['joy'],"['disgust', 'sadness']",['sadness']
pidgin_text_4487_emotion_1,you are all that i want girl more precious to me than diamonds and pearls just like a star you light up my world the way i feel inside e always on my mind e e and i cant get over you girl cos you got me so confused you got me in the mood and you make me feel brand new,['joy'],['joy'],['joy'],['joy']
pidgin_text_4703_emotion_1,ogudu sars self dey game those idiot don do me strong thing dey withdraw the whole money wey dey my access account still dey tell me say make i thank god say i get money,"['disgust', 'sadness']","['anger', 'disgust']","['disgust', 'sadness']","['disgust', 'sadness']"
pidgin_text_2381_emotion_1,this is so sick asin which kind stupid police report u won tell m say if any of does leader way pass dis sick law geh accident dem go drop police report before dem attend to dem ‍️,"['disgust', 'surprise']","['anger', 'disgust']",['disgust'],['disgust']
pidgin_text_3_emotion_1,no be boy dem just born wetin these rich kids dey chop,['surprise'],['surprise'],"['disgust', 'surprise']",['surprise']
pidgin_text_2810_emotion_1,abeg wetin lingard name dey find for barca tweet,['surprise'],"['disgust', 'surprise']","['disgust', 'surprise']","['surprise', 'disgust']"
pidgin_text_2155_emotion_1,nepa off light fan never finish dey turn i don sweat finish i comot outside hot inside hot after facing all of this i cannot come and go to hell again oohh,"['disgust', 'fear']","['anger', 'fear', 'sadness']","['fear', 'sadness']","['fear', 'sadness']"
pidgin_text_3018_emotion_1,person never play ball them don dey imagine am best,"['disgust', 'surprise']","['anger', 'disgust', 'surprise']","['disgust', 'surprise']","['disgust', 'surprise']"
pidgin_text_4699_emotion_1,like dis like e be like don lose dis election,"['fear', 'sadness']","['anger', 'fear', 'sadness', 'surprise']",['fear'],"['fear', 'sadness']"
pidgin_text_4396_emotion_1,imo i dey follow one babe talk yesterday my head just dey pain me like pretty babe no go dey smart rara,['disgust'],"['anger', 'disgust', 'sadness']","['disgust', 'sadness']","['disgust', 'sadness']"
pidgin_text_840_emotion_1,who go chop indomie and peppered kidney+smoothiefood wey sweet aswer na man cook am mid night dinner hits different walai,['joy'],"['joy', 'surprise']",['surprise'],"['joy', 'surprise']"
pidgin_text_1066_emotion_1,oga na bench u dey go,['disgust'],"['disgust', 'sadness']",['disgust'],['disgust']
pidgin_text_4314_emotion_1,i wan change am for am buh na public place sha ah e pain me and my guys dey another table dey laugh,"['disgust', 'sadness']","['anger', 'disgust', 'sadness', 'surprise']","['anger', 'sadness']","['disgust', 'sadness', 'anger']"
pidgin_text_5790_emotion_1,las las obi cubana no get female friend wey dey spray money all of them just fold hands dey do like fowl,"['disgust', 'surprise']","['disgust', 'surprise']","['disgust', 'surprise']","['disgust', 'surprise']"
pidgin_text_145_emotion_1,all the good good cakes wey we dey do for una our reward dey for heaven this is real marketing for me ️ lets double ur joy with mouthwatering moist and fluffy cakes you need to watch this dont forget to like,['joy'],"['joy', 'surprise']",['joy'],['joy']
pidgin_text_1263_emotion_1,ask for more accountability from your governorgovernment instead of trying to drag ncdc by saying what rubbish your governor failed kano by reopening mosques for prayers amidst clamours of the raving virus wetin dey do una for this bird app sef,"['anger', 'disgust']","['anger', 'disgust', 'sadness', 'surprise']",['disgust'],"['anger', 'disgust']"
pidgin_text_3348_emotion_1,days u hours omo mehn na wa for of una o,"['disgust', 'surprise']",['surprise'],['disgust'],"['disgust', 'surprise']"
pidgin_text_227_emotion_1,chai see my friend️️️ pesin pikin,"['joy', 'surprise']","['joy', 'surprise']","['joy', 'surprise']","['joy', 'surprise']"
pidgin_text_4940_emotion_1,ah dey here dey rack my brain god too patient ogun sef no dey kill again karma doesnt happen these men will still be looting money and living large may god help us,"['anger', 'disgust']","['disgust', 'sadness']","['disgust', 'fear']",['disgust']
pidgin_text_4213_emotion_1,she ws floggin me dat very day d beatin ws so much dat i try fight back nd dis man came rm nowhere omg i almost die dat daydat my head wey no correct full of koko nd my mom was there watching dat ws d last day she floggin me always sha obt i see hell return dat day,['sadness'],"['fear', 'surprise']","['fear', 'sadness']","['sadness', 'fear']"
pidgin_text_4173_emotion_1,you sabi dat werey boy,"['disgust', 'surprise']",['disgust'],"['disgust', 'surprise']","['disgust', 'surprise']"
pidgin_text_4041_emotion_1,wetin ndi awka do una for this app bikonu na crime say we love enjoyment ‍,"['disgust', 'surprise']","['anger', 'surprise']","['disgust', 'surprise']","['disgust', 'surprise']"
pidgin_text_3934_emotion_1,valentine never even come you guys are already talking about it like its tomorrow na singu pringles even come carry di mata for head pass,"['disgust', 'surprise']","['disgust', 'surprise']","['disgust', 'surprise']","['disgust', 'surprise']"
pidgin_text_2618_emotion_1,nah why dem say dog wey dey lost no dey hear em master whistle dem come still say fly wey no dey hear word go follow dead body enter graves,[],"['disgust', 'fear', 'sadness']",[],[]
pidgin_text_4180_emotion_1,the rice wey i cook this morning no follow at all be like something dem wan give bingo,"['disgust', 'sadness']","['anger', 'disgust', 'sadness', 'surprise']","['disgust', 'sadness']","['disgust', 'sadness']"
pidgin_text_3433_emotion_1,good morning akpors baba greetings to the upcoming dj there i know say na upper iweka dey use dat guy abeg morning to all my people especially evangeline obiora,['joy'],[],['joy'],['joy']
pidgin_text_5953_emotion_1,very stubborn af and you cant even beat them sef mummy will come to their rescue,['disgust'],"['anger', 'sadness']",['disgust'],['disgust']
pidgin_text_5059_emotion_1,god i am so drained feels like ill faint sef,"['fear', 'sadness']",[],"['fear', 'sadness']","['fear', 'sadness']"
pidgin_text_2609_emotion_1,na wetin your comment mean n na here i go faint oooso shift to the left,"['disgust', 'sadness']",['sadness'],['disgust'],"['disgust', 'sadness']"
pidgin_text_116_emotion_1,baba u fit follow back na only u i fit fams dont know if u re understanding sir love u gan,['joy'],['joy'],['joy'],['joy']
pidgin_text_637_emotion_1,this song still gives me chills i swearrr especially if you are now in love again is a fucking talent for daysssssss na wetin go make man dey crazeeeee,['joy'],"['fear', 'joy', 'surprise']",['joy'],['joy']
pidgin_text_3926_emotion_1,today na today see as them dey drag men and women like baby generator if you don get small inconvenience with any twitter babe fear go hold your penis today,"['disgust', 'surprise']","['disgust', 'fear', 'surprise']","['disgust', 'fear']","['disgust', 'surprise', 'fear']"
pidgin_text_3056_emotion_1,lol nah lie men wan show off too abeg,['disgust'],[],['disgust'],['disgust']
pidgin_text_4719_emotion_1,forger hype abeg because of the love i get for the guy i play the album overnight just so the thing go enter body but as i wake i still low on vibe the tracks get as then be jare all na low vibe things and den fit putset you for boredom moodmode,"['disgust', 'sadness']","['joy', 'surprise']","['disgust', 'sadness']","['disgust', 'sadness']"
pidgin_text_1122_emotion_1,i don comot hand for anything love matter the last girl i treat like egg another man don fry am,"['disgust', 'sadness']","['anger', 'sadness', 'surprise']","['disgust', 'sadness']","['disgust', 'sadness']"
pidgin_text_2728_emotion_1,my own na to reduce belle sef,['sadness'],[],[],[]
pidgin_text_1312_emotion_1,this one don come with e chop chop attitude,['disgust'],"['anger', 'disgust']",['disgust'],['disgust']
pidgin_text_5547_emotion_1,so all of una wen dei find babe una area and school or place of work no reach again youve finished tasting dos ones o di e gwu,"['disgust', 'surprise']","['disgust', 'surprise']","['disgust', 'surprise']","['disgust', 'surprise']"
pidgin_text_1991_emotion_1,march is going to be so lit for me both my babies would be home down side na say i go dey cook like say i dey run restaurant but i loooooveeee that kendra and her father will be home same time,['joy'],['joy'],['joy'],['joy']
pidgin_text_4734_emotion_1,ronaldo we wey know am wella know say na fraud your goat no get goatti he no fit carry team turned a team that was winning the double comfortably to a team that is now doing singles like an upcoming artiste,['disgust'],['disgust'],['disgust'],['disgust']
pidgin_text_3166_emotion_1,lmaooo e say na scam girl im sorry im aroundleaving tomorrow,['surprise'],"['disgust', 'surprise']",['disgust'],"['surprise', 'disgust']"
pidgin_text_948_emotion_1,you think its easy to have plenty ig followers at im o and i no get reach k followers tacha don achieve abeg na she achieve pass for the house i stan titans,['joy'],['surprise'],['surprise'],['surprise']
pidgin_text_4727_emotion_1,the guy that dies in my area egbon wey gentle omo olomo wey no like wahala stray bullet pass go meet am haa rasheed footballer,"['disgust', 'sadness']","['anger', 'sadness', 'surprise']","['sadness', 'surprise']","['sadness', 'surprise']"
pidgin_text_5816_emotion_1,you self no fit comot face ni,['disgust'],['anger'],['disgust'],['disgust']
pidgin_text_2062_emotion_1,ph people and christ embassythat year sef for ph na my church na so person tell us say them see vision of waec maths theory i keyed into the vision i no read again the result was not so nice,"['disgust', 'sadness']","['anger', 'surprise']","['disgust', 'sadness']","['disgust', 'sadness']"
pidgin_text_2792_emotion_1,if only dis dramas give credit alert i for understand me sef for join get alert naa pple abeg can we all calm down smh,"['disgust', 'surprise']",['sadness'],['disgust'],['disgust']
pidgin_text_1056_emotion_1,omo na who no last secs again like this dem just dey mud all these boys,"['disgust', 'surprise']",['disgust'],"['disgust', 'surprise']","['disgust', 'surprise']"
pidgin_text_3745_emotion_1,ben arfa na petty g see as e pain presido,['surprise'],"['disgust', 'surprise']",['surprise'],['surprise']
pidgin_text_769_emotion_1,and na one man go dey chop the sexy girl work like this,['surprise'],"['disgust', 'surprise']","['disgust', 'surprise']","['surprise', 'disgust']"
pidgin_text_4448_emotion_1,i said thesame thing but e be like i no come sabi wey i dey talk,['surprise'],['surprise'],['surprise'],['surprise']
pidgin_text_3640_emotion_1,its the way whitemoney singing i see snake agwo for me dis guy don kolo with music,['surprise'],"['joy', 'surprise']","['joy', 'surprise']","['surprise', 'joy']"
pidgin_text_2333_emotion_1,congratulations sir as e de sweet us e de pain them,"['disgust', 'joy']",['joy'],['joy'],['joy']
pidgin_text_2058_emotion_1,choi see all these boys wey don tweet nonsense about how shy the team has been plus jm come see their tweets now like say don ucl,"['disgust', 'surprise']","['anger', 'disgust', 'surprise']","['disgust', 'surprise']","['disgust', 'surprise']"
pidgin_text_3759_emotion_1,una dey always wan form devils advocate reach out to her richard,['disgust'],['fear'],"['disgust', 'surprise']",['disgust']
pidgin_text_1792_emotion_1,i wan go but flight money and visa no de,['sadness'],['sadness'],['sadness'],['sadness']
pidgin_text_4860_emotion_1,during lockdown i got like k from this stupid betja and after the took almost ×back now them give me wetin no even dey close at all una dey drag me,"['disgust', 'sadness']",['anger'],"['anger', 'disgust']","['disgust', 'anger']"
pidgin_text_5107_emotion_1,ive spent my iphone x money all of it na to start saving again from scratch so this slay queen moves wey i dey plan will be on pause hay god,['sadness'],[],"['fear', 'sadness']",['sadness']
pidgin_text_1862_emotion_1,don jazzy dr sid dprince korede bello dija and all other surbodinates or mavin records cant even come out to compare themselves with olamide whos rema una sha dey find talk for this app,['disgust'],"['anger', 'disgust']",['disgust'],['disgust']
pidgin_text_3767_emotion_1,your mates don watch got finish na now you dey carry book read,"['disgust', 'surprise']",['disgust'],"['disgust', 'surprise']","['disgust', 'surprise']"
pidgin_text_299_emotion_1,bosse pain them girlcott in da mudd,['disgust'],[],['joy'],[]
pidgin_text_566_emotion_1,i don spark am how i fit make una manage am happy new year,['joy'],['joy'],['disgust'],['joy']
pidgin_text_3103_emotion_1,those chicken no go don for their pots in jesus name ooo and if dem do stronghead eat am dem go purge from now reach december awon ole oloriburuku,"['anger', 'disgust']",['anger'],"['anger', 'disgust']","['anger', 'disgust']"
pidgin_text_4458_emotion_1,me na ur die hard fan not only because of ur songs way dey give me joy️ but u be my namesake abdulrazaq me no want giveaway at all i did dis cover the love i have u and all i want is from u thank you,['joy'],['joy'],['joy'],['joy']
pidgin_text_2257_emotion_1,its like they plan these things coz wetin be dis na so like there will be an unmarried women association ‍️‍️,"['disgust', 'fear']","['fear', 'surprise']",['disgust'],"['disgust', 'fear']"
pidgin_text_5351_emotion_1,so like this na person wey get money dey add weight,['sadness'],['surprise'],"['disgust', 'surprise']",['surprise']
pidgin_text_975_emotion_1,video is on d dj set rolling often n oftend video na deadest as warri boyz dey talk emblessup kesh,['joy'],['joy'],"['joy', 'surprise']",['joy']
pidgin_text_5843_emotion_1,wetin musa ni go see for gate,"['disgust', 'sadness']",['surprise'],['disgust'],['disgust']
pidgin_text_1815_emotion_1,this construction going on at allen i dont know how long it will take those incharge to round up no be say dem dey construct bridge o nawa o causing hell traffic im kuku late for work tweeting inside traffic like this,"['disgust', 'sadness']","['anger', 'disgust']","['anger', 'disgust']","['disgust', 'anger']"
pidgin_text_3128_emotion_1,abeg na beg i dey feed me,['sadness'],['sadness'],['sadness'],['sadness']
pidgin_text_6025_emotion_1,bro na god dey help us for this country because na weekly prices dey increase you arent even sure of buying an item this week with the same amount you bought it last week,"['disgust', 'sadness']","['anger', 'surprise']","['fear', 'sadness']",['sadness']
pidgin_text_4712_emotion_1,ha awon omo mile fiya jemi leni all the work out wey i dey run from na today i do am,"['disgust', 'sadness']",['surprise'],"['disgust', 'sadness']","['disgust', 'sadness']"
pidgin_text_1928_emotion_1,back in the days i dey claim and dey feel like pac this my other friend na ti year challenge,[],['anger'],['joy'],[]
pidgin_text_3990_emotion_1,lol this idiot try to scam me eeee say make i dictate my mastercard number shey me wey don work for ebusiness dey generate pan for accts and for yrs i even forget to call thunder for the low budget scammer,"['disgust', 'surprise']","['anger', 'disgust']","['anger', 'disgust']","['disgust', 'anger']"
pidgin_text_1479_emotion_1,na you literally dey on top my tl dey sweat on davido matter since guy focus on your idol nau or sake of he no get hit for like two years now,['disgust'],"['anger', 'disgust', 'surprise']",['disgust'],['disgust']
pidgin_text_2825_emotion_1,dem don dey fnga this one,['disgust'],"['anger', 'disgust']",['disgust'],['disgust']
pidgin_text_3432_emotion_1,lol i left all to follow him bro na only food i dey chop now,['sadness'],"['anger', 'surprise']",['sadness'],['sadness']
pidgin_text_2118_emotion_1,the woman wey dey supply us moi moi no dey add egg for am again o‍️,['sadness'],"['anger', 'sadness', 'surprise']","['disgust', 'surprise']","['sadness', 'surprise']"
pidgin_text_4176_emotion_1,we all know say na lie baba dey lie sha,['disgust'],"['anger', 'disgust']","['anger', 'disgust']","['disgust', 'anger']"
pidgin_text_646_emotion_1,lol abi when the queen made you the chosen one na to dey brag remain na ajeh nengi we full here ooo,['surprise'],"['disgust', 'joy']",['disgust'],['disgust']
pidgin_text_1000_emotion_1,ah dem dey get follow limit me am just knowing ooo,['surprise'],['surprise'],['surprise'],['surprise']
pidgin_text_3134_emotion_1,poverty must die this year boys dey work dem never collect oluwa please wire time no dey na you be our hope we pray and believe in you only,"['disgust', 'sadness']",['disgust'],"['fear', 'sadness']","['disgust', 'sadness']"
pidgin_text_4259_emotion_1,i hate it when i say something meaningful and pesin comment rubbish me no better thing dey to chop for this kitchen pesin chop bread bread na better thing iffah reason you,"['disgust', 'surprise']","['anger', 'disgust', 'sadness']","['anger', 'disgust']","['disgust', 'anger']"
pidgin_text_2721_emotion_1,god im so pissed reading this ‍️ na lie go finish all of una whether you like it or not justice will prevail,"['anger', 'disgust']",['anger'],"['anger', 'disgust']","['anger', 'disgust']"
pidgin_text_4989_emotion_1,abeg make una dey use una brain sometimes abeg,['disgust'],"['anger', 'sadness']",['disgust'],['disgust']
pidgin_text_4510_emotion_1,wahala dey o my girlfriend say na she dey lead praise and worship for her church on valentines day and dem dey do vigil till monday evening abeg shey na lori iro or i should calm down,"['disgust', 'fear']","['anger', 'fear', 'sadness', 'surprise']","['fear', 'sadness']","['fear', 'sadness']"
pidgin_text_627_emotion_1,so na twitter for iphone i dey see under your tweets abi u wey dey criticize apple wetin change your mind bruh so las las you owned one congrats on board,['surprise'],['surprise'],"['disgust', 'surprise']",['surprise']
pidgin_text_867_emotion_1,na why u still dey kano dey enjoy yourself,['joy'],[],['surprise'],[]
pidgin_text_1153_emotion_1,nepa wetin dey happen na i hear say na since morning una off am oo bedc,"['disgust', 'sadness', 'surprise']","['anger', 'surprise']","['disgust', 'sadness']","['disgust', 'sadness', 'surprise']"
pidgin_text_4435_emotion_1,this is current situation i dey like this if i mistakenly jam egg seller na beat dem go beat me nothing go comot my pocket,"['fear', 'sadness']",[],"['fear', 'sadness']","['fear', 'sadness']"
pidgin_text_4534_emotion_1,nah highlights goals dey make me dey shout like madman now ma neighbors don dey look me somehow,['sadness'],"['disgust', 'sadness', 'surprise']","['fear', 'sadness']",['sadness']
pidgin_text_4932_emotion_1,i still dey road oh god help me took forever to even get bus at cms and na struggle i take enter i don suffer,"['disgust', 'sadness']",['surprise'],"['disgust', 'sadness']","['disgust', 'sadness']"
pidgin_text_6110_emotion_1,aunty abeg take ur good morning back small play na inside gutter u wan put person,"['disgust', 'fear']","['anger', 'surprise']",['disgust'],['disgust']
pidgin_text_5264_emotion_1,nahthats like doing him a favor make dem minus hin prik and dash out hin kidney and right eyena hin family go kill am las las wen dem tire to treat am,"['disgust', 'sadness']",['anger'],['disgust'],['disgust']
pidgin_text_2488_emotion_1,lmao i workd dis lady who wud send me on nonsense errands small clerk job i applied coz i was bored in sch day she needed a doc i had gone home wit n decidd branch my house on her way d office bedroom n my bike was parked in d parlour stopped paying me afta dah day,"['disgust', 'surprise']","['disgust', 'sadness']","['disgust', 'sadness']","['disgust', 'sadness']"
pidgin_text_3153_emotion_1,ssgtruellyi concur absolutely wth lgladysabeg hlp me take bottle chilld star take beg joejoearmanimake e no near mozambque,['joy'],"['fear', 'joy']","['joy', 'surprise']",['joy']
pidgin_text_4974_emotion_1,if you know you have raped someone before please dont post say no to rape e dey vex your victims just shut up make dem no go cast you even if you may have stopped but shut up‍️,['disgust'],"['anger', 'disgust', 'sadness']","['anger', 'disgust']","['disgust', 'anger']"
pidgin_text_822_emotion_1,my truest joy in life is seeing my niece and mom spending my money esppp my niece nwanwaaa e dey sweeeet but the baby is always pitying my money omaro na ha di agba ego nkiti owu ihe newute m baby girl eatttt this money naaaa im working for you ooo,['joy'],['joy'],['joy'],['joy']
pidgin_text_3169_emotion_1,if e nor dey e nor dey why i go boast put,['disgust'],[],['anger'],[]
pidgin_text_5118_emotion_1,some people get time to they speak english sha as i dey speak the english na slap dey follow am nonsense,"['fear', 'surprise']",['anger'],"['disgust', 'surprise']",['surprise']
pidgin_text_4101_emotion_1,lmao relationship twitter see wetin una don cause,['surprise'],"['anger', 'fear', 'sadness', 'surprise']","['disgust', 'surprise']",['surprise']
pidgin_text_3053_emotion_1,remind him say morgue dey in front of my house na room dey go give am if he try nonsense,"['anger', 'disgust']","['anger', 'fear']",['disgust'],"['anger', 'disgust']"
pidgin_text_859_emotion_1,this is mee especially when am school i don know wetin i go chop the following week i love food food is bae,['joy'],['joy'],['joy'],['joy']
pidgin_text_256_emotion_1,now this caught my attention ill die dia,['surprise'],['surprise'],"['joy', 'surprise']",['surprise']
pidgin_text_25_emotion_1,e get one blue jeans wey dey make every woman set or is it my love for blue anyways i love to see it blue is such a vibe,['joy'],['joy'],"['joy', 'surprise']",['joy']
pidgin_text_5867_emotion_1,im not even talking about jungle justice he is talking in the nonsense and they are looking at him saying he was asleep and all sort hin mouth suppose don tear,"['anger', 'disgust']","['disgust', 'surprise']","['disgust', 'surprise']","['disgust', 'surprise']"
pidgin_text_5011_emotion_1,blood of malachi see as zambia just wan tear my ticket algeria dey house dey play like visitors,"['disgust', 'fear']",['surprise'],"['disgust', 'fear']","['disgust', 'fear']"
pidgin_text_5525_emotion_1,you people like arguing on this app a lot una no dey see the heavy sun wey dey outside now,"['disgust', 'surprise']","['sadness', 'surprise']","['disgust', 'surprise']","['disgust', 'surprise']"
pidgin_text_622_emotion_1,guy forget e be like say na wetin i go ask them prepare this afternoon,['joy'],['joy'],['joy'],['joy']
pidgin_text_2081_emotion_1,i was about to sleep till i heard anybody lord help me i don dey zanku dey gbese for mins now its am‍️,['joy'],"['fear', 'sadness', 'surprise']",['joy'],['joy']
pidgin_text_1094_emotion_1,what type of dance is this on the make una come carry una cc silverbirds rhythm fm benin,"['disgust', 'surprise']","['anger', 'disgust', 'surprise']","['disgust', 'surprise']","['disgust', 'surprise']"
pidgin_text_803_emotion_1,maami support me na see as dem dey attack only me,['sadness'],['fear'],"['fear', 'sadness']","['sadness', 'fear']"
pidgin_text_3536_emotion_1,if you been know me before you go know say things no dey today like them been dey yesterday im a miracle youre a miracle we are miracles by lit up by george dashe n e w s o n g l o a d i n g,['joy'],['joy'],['joy'],['joy']
pidgin_text_3145_emotion_1,noo hes been fc just dat den he de do eye service asin unbaised but now hes a full member of wizkid fc,['disgust'],[],['disgust'],['disgust']
pidgin_text_5438_emotion_1,relationship too hard abeg man go dey vex say you no call am woman go still dey vex say you no call am abeg i want to be hoeing around quitting dating both gender for now till i mature enough to communicate better,"['disgust', 'sadness']","['anger', 'surprise']",['disgust'],['disgust']
pidgin_text_4973_emotion_1,what is wrong wit our leaders in dis country tallest pole,"['disgust', 'sadness']",['disgust'],"['anger', 'disgust']",['disgust']
pidgin_text_2525_emotion_1,and this dumb fuck had the nerve to say that thing wey you dey find you go soon see am and then goes on to say as long as i use protection im good and he raised both hands to support his statements i guess im shookt i pity his babe,"['disgust', 'surprise']",['disgust'],"['disgust', 'surprise']","['disgust', 'surprise']"
pidgin_text_2056_emotion_1,the earpiece that i bought k on sunday don dey make one kind stupid funny sound today and emeka told the earpiece na original one na my god go judge emeka,"['anger', 'disgust']",['anger'],"['anger', 'sadness']",['anger']
pidgin_text_2327_emotion_1,if any law student or practising lawyer open hisher mouth here again eehhnn na slap una go receive una oga dem don sell the country,"['anger', 'disgust']","['anger', 'disgust', 'sadness', 'surprise']",['disgust'],"['anger', 'disgust']"
pidgin_text_2345_emotion_1,to get over her i havent seen my baby in that kind of situation my boy went offline and wasnt picking his calls wow na so e dey pain he said his chest is paining him the girl did him strong thing to the extent that i had to ban her name from this house that time,"['disgust', 'surprise']",['sadness'],"['disgust', 'surprise']","['disgust', 'surprise']"
pidgin_text_4074_emotion_1,giveaway na im you dey call party crash,['disgust'],"['anger', 'surprise']","['disgust', 'surprise']","['disgust', 'surprise']"
pidgin_text_4295_emotion_1,na over sabi dey kill monkey cooking basmati rice then decided to spice it up a lil i added cinnamon ginger thyme curry and pepper now its looking like brown rice,"['disgust', 'sadness']","['disgust', 'surprise']","['disgust', 'sadness']","['disgust', 'sadness']"
pidgin_text_6109_emotion_1,like why are you looking for me when nothing dey inside wetin you wan use me do madam,['fear'],['surprise'],"['fear', 'surprise']","['fear', 'surprise']"
pidgin_text_5613_emotion_1,all of una wey dey choir please dont come do show off,['disgust'],['anger'],"['disgust', 'fear']",['disgust']
pidgin_text_2559_emotion_1,pikin wey say him papa no go sleep na orphanage fit am,['disgust'],"['anger', 'disgust']",['disgust'],['disgust']
pidgin_text_4477_emotion_1,lol even at this point buhari twitter defenders don tire e don dey spoil beyond wetin anybody fit defend,['sadness'],['surprise'],"['disgust', 'surprise']",['surprise']
pidgin_text_2653_emotion_1,every year na me dem dey use do father christmas for my church they dont care about my mental health,"['disgust', 'sadness']","['anger', 'disgust', 'sadness']",['sadness'],"['disgust', 'sadness']"
pidgin_text_2444_emotion_1,we just wan say we appreciate all of una and to our fanmily members we say happy workers day to all of us wetin we dey take put food for our table no go fall comot from our hands happy new month and happy workers day,['joy'],['joy'],['joy'],['joy']
pidgin_text_6205_emotion_1,i really dont like anything about rivers peopleelection dey them go kill election no dey them go kill whats it with you people sef ‍️,['disgust'],['disgust'],"['disgust', 'fear']",['disgust']
pidgin_text_952_emotion_1,be like say i go go through vlad following cause the kind things wey dey appear for e tl ehn,['surprise'],['surprise'],['surprise'],['surprise']
pidgin_text_2001_emotion_1,if i should win today née na life time memory and i not fit forget the day wey tunde eddnut so my birthday well abeg choose me in jesus name,['sadness'],"['joy', 'surprise']",['fear'],[]
pidgin_text_6030_emotion_1,chai this government is not wise at all rubberband wey obasanjo stretch small yaradua stretch am small give goodluck him too stretch am as e take dey come buhari don go cut am it took many nigerians to go through this terrible times to realize we never had a government,"['anger', 'disgust']","['anger', 'sadness', 'surprise']","['disgust', 'sadness']","['anger', 'disgust', 'sadness']"
pidgin_text_3723_emotion_1,warri nor dey carry last our people say las las na bracket first shopnow tshirt tshirt by contact us facebook zitu clothing zituclothingcom,['joy'],['joy'],['joy'],['joy']
pidgin_text_3113_emotion_1,omo how do i unreport a tweet biko phone dey pocket dey press‍️‍️,['sadness'],"['anger', 'fear', 'sadness', 'surprise']",['sadness'],['sadness']
pidgin_text_4125_emotion_1,omo women dey suprise me o how one mumu joke like stingy boys association go dey make una chest tight and tbh yall know its a joke if boys stingy hunger no go kill una nau or is that the case because itll explain the pains about it,"['disgust', 'surprise']",['surprise'],"['disgust', 'surprise']","['disgust', 'surprise']"
pidgin_text_1288_emotion_1,how dem take fit na beauty to deciv tobi,['surprise'],"['anger', 'disgust']","['disgust', 'surprise']","['surprise', 'disgust']"
pidgin_text_2429_emotion_1,my eye red one time i go dey play offensive dey replicate war films as i move in i dey expect my team to cover me dem come rush me like say no fight we dey fight refree dey shout nice gameplay team red alaye koshilo i no do again why my team no cover me,"['anger', 'disgust']","['anger', 'surprise']","['disgust', 'sadness']","['anger', 'disgust']"
pidgin_text_1200_emotion_1,this noodles wey you dey chop everyday never do you,"['disgust', 'surprise']","['disgust', 'surprise']","['disgust', 'surprise']","['disgust', 'surprise']"
pidgin_text_1934_emotion_1,i go like chop suya e don stay,['sadness'],[],['sadness'],['sadness']
pidgin_text_5402_emotion_1,u pipu are wilding on this app cuz of ordinary pussy u even dey dictate say na iphone plus u want nobody shud ask me anything o cuz i am not feeling fine,"['disgust', 'surprise']","['disgust', 'sadness']","['anger', 'disgust']",['disgust']
pidgin_text_381_emotion_1,im still in love x s u p e r s u n d a y e v e n i n g w p l a y l i s t c o n t a g i o u s download app,['joy'],['joy'],[],['joy']
pidgin_text_2086_emotion_1,make una stop this cheating thing e dey gimme chest pain,"['fear', 'sadness']","['anger', 'disgust']","['disgust', 'fear']","['fear', 'disgust']"
pidgin_text_2168_emotion_1,hold on na this same premier league i watched abi na another one wey people dey tip kante for player of the year ‍️‍️,['surprise'],"['anger', 'disgust', 'surprise']",['surprise'],['surprise']
pidgin_text_5939_emotion_1,lol bpy na fear you dey and i understand because according to your logic person no fit enter ashawo quarter come out alive but here i am twitting insults at you so your logic no correct if them born you well abeg come that your hand go bend mumu sha show,['anger'],"['disgust', 'fear']","['anger', 'disgust']","['anger', 'disgust']"
pidgin_text_4964_emotion_1,awon eleyi ti ya werey shaa koni ragba fun yin shey i look like pos ni see charges wey una dey comot for my account do i look rich we call something savings you dey comot charges like current abi wetin dey sup gan,"['anger', 'disgust']","['anger', 'disgust', 'sadness']","['anger', 'disgust']","['anger', 'disgust']"
pidgin_text_5363_emotion_1,na police no give people space lol if you had been here you would known what im talking about bones were broken bro people dey jump untop human being head like say na cockroach dem dey kill,"['disgust', 'sadness']",['surprise'],"['disgust', 'sadness']","['disgust', 'sadness']"
pidgin_text_609_emotion_1,baba you need hear this abeg them never polish this or do training na him she dey sing like this if the train the voice finish how eeh go dey,['surprise'],['joy'],"['joy', 'surprise']","['surprise', 'joy']"
pidgin_text_842_emotion_1,bossu na valentine wey dey med go follow me,['surprise'],[],['surprise'],['surprise']
pidgin_text_5013_emotion_1,i don tire to dey look for the x wey nor dey end for maths,"['disgust', 'sadness']","['anger', 'sadness']","['disgust', 'sadness']","['disgust', 'sadness']"
pidgin_text_4995_emotion_1,wheres the dj na e be like say biggie wan atlact curses or is it years suffering,"['disgust', 'surprise']","['fear', 'surprise']","['disgust', 'surprise']","['disgust', 'surprise']"
pidgin_text_185_emotion_1,de don na today today i must win your giveaway ive gone to the highest mountain to pray im a graphics designer,['sadness'],[],[],[]
pidgin_text_779_emotion_1,mama purity see as u set over fine dey worry u and chikalaoh boy see figure chop kiss una fine,"['joy', 'surprise']",['joy'],"['joy', 'surprise']","['joy', 'surprise']"
pidgin_text_1120_emotion_1,you no dey post your trekking record again baba don tire to dey trek,"['disgust', 'surprise']","['disgust', 'sadness', 'surprise']",['surprise'],"['disgust', 'surprise']"
pidgin_text_103_emotion_1,help me tell my family members im normal oh abeg no be mad i mad na blog content i dey create now that youre here please take a trip round my blog,['fear'],"['fear', 'joy']",['fear'],['fear']
pidgin_text_773_emotion_1,somebody help i wanna renew my sub and i mistakenly send airtime to another number with just one number with imidiate effect i call the number i swear this nigga say bros i de look for hike to sub i no fit talk again na so just go,['sadness'],"['anger', 'disgust', 'sadness', 'surprise']",['sadness'],['sadness']
pidgin_text_2267_emotion_1,my girlfriend just vex me right now saying na boyfriend wey go protest go collect bj just imagine that kind rubbish talk i just vex comot for house and i don almost reach lekki toll gate now i wan go vex for there,"['anger', 'disgust']","['anger', 'sadness']",['anger'],['anger']
pidgin_text_6169_emotion_1,ah abeg abeg abeg i no like to dey deceive myself my own work na to stan,['disgust'],[],['disgust'],['disgust']
pidgin_text_2134_emotion_1,una dey see una mates oluwa which kind friends dey occur gimme,"['sadness', 'surprise']","['anger', 'disgust', 'sadness', 'surprise']","['sadness', 'surprise']","['sadness', 'surprise']"
pidgin_text_3896_emotion_1,i don dey try find am for like decades now wetin dey occur gan gan,['sadness'],"['anger', 'fear', 'sadness', 'surprise']","['fear', 'surprise']","['sadness', 'fear', 'surprise']"
pidgin_text_1004_emotion_1,e better be o cause all my ego na for you na there e dey o,['fear'],['fear'],"['fear', 'sadness']",['fear']
pidgin_text_4529_emotion_1,successful aba nigga go loud am like mad u knw all dose china speaker nasounds so unpleasant dai kids are so lousy dem go jus de shout for yoruba ehn d others ones will be watching nollywood like say dem de mad mi am ready no sleep for d wicked i de feel d bass,"['anger', 'disgust']",['disgust'],"['anger', 'disgust']","['anger', 'disgust']"
pidgin_text_3843_emotion_1,please make una carry una problem dey go no be for my timeline,['disgust'],['anger'],"['anger', 'disgust']","['disgust', 'anger']"
pidgin_text_5610_emotion_1,i swear na wetin me sef dey fear be that ooo make he no go follow trump mouth support one side of the war cause we go suffer gan we wey we never fight boko haram finish na wan con go face iran single technology wey no get omo make we forget ham we are all dead,"['disgust', 'fear', 'sadness']",['fear'],"['fear', 'sadness']","['fear', 'sadness']"
pidgin_text_1878_emotion_1,when before meets afteri love it when people who sabi chop fish buy my fish and do justice to itofcourse the fish sweet die so dem no get choice its weekend,['joy'],['joy'],['joy'],['joy']
pidgin_text_1376_emotion_1,so dem wey their names shouldnt be mentioned came to a fuel station took nk fuel for two sienna and drove off in their words to the manager its your contribution to the struggle,"['disgust', 'surprise']","['anger', 'disgust', 'sadness']",['disgust'],['disgust']
pidgin_text_4633_emotion_1,see person wey dem dey drag for tl mek she free person boyfriend dey call me ashawo my own na for imagination e stop sha,"['disgust', 'surprise']","['anger', 'disgust', 'surprise']","['disgust', 'surprise']","['disgust', 'surprise']"
pidgin_text_5907_emotion_1,sake mi shey u nor see wetin dey front smh,"['disgust', 'surprise']",['surprise'],"['disgust', 'surprise']","['disgust', 'surprise']"
pidgin_text_1356_emotion_1,like okirika wey dem dey sell or nai don go k and she dey talk sey e no cost,['disgust'],['surprise'],"['disgust', 'surprise']","['disgust', 'surprise']"
pidgin_text_1779_emotion_1,if i dont fix this my ac and go out in the afternoon consecutively for a week like this i fit just die,"['fear', 'sadness']","['anger', 'fear', 'sadness']",['sadness'],"['fear', 'sadness']"
pidgin_text_426_emotion_1,enjoying this tonight the song is just don abeg we wan see video soon ka fun won ni nkan tan fe ko kuro lona,['joy'],['joy'],['joy'],['joy']
pidgin_text_2876_emotion_1,good evening i just wan know na because i small na hin make you no dey see my begging i beg i begged i still dey beg whenever s beggie beggie comes on my playlist i feel attacked why you no dey answer me ewooo‍️,"['fear', 'sadness']",['sadness'],"['fear', 'sadness']","['fear', 'sadness']"
pidgin_text_3862_emotion_1,just negodu this one wey we dey na heaven how hell wan take be oh god have mercy on us,"['fear', 'sadness']",['surprise'],['fear'],['fear']
pidgin_text_4379_emotion_1,but this guy is fine sha e con sabi snap again,['surprise'],"['joy', 'surprise']","['joy', 'surprise']","['surprise', 'joy']"
pidgin_text_4437_emotion_1,nothing is more beautiful than seeing ur woman with no make up in one of ur best tee shirts or polo thats too big for her rocking it with one super killing bumshot doing kuruukeree ur side god waytin dey encapsulate na god make e circumnavigate reach me too na,['joy'],['joy'],"['fear', 'joy']",['joy']
pidgin_text_9_emotion_1,my bestie is off the market na countdown we de now to nov peep what the husband to be has to say about the matter if e be u wetin u go do congratulations ndi nke m new bestie needed apply within fun guaranteed,['joy'],['joy'],['joy'],['joy']
pidgin_text_4634_emotion_1,i miss ping pong game and swimming ‍️ i just dey chop dey sleep like mumu here,['sadness'],"['disgust', 'sadness']",['sadness'],['sadness']
pidgin_text_1507_emotion_1,make my content be my followers will never engage e dey be like say my tweet dey smell to them e go be sha,"['disgust', 'sadness']",['anger'],"['fear', 'sadness']",['sadness']
pidgin_text_2157_emotion_1,your avatar no fine sef with your big mouth wey sabi hiss,['disgust'],"['anger', 'disgust', 'sadness', 'surprise']",['disgust'],['disgust']
pidgin_text_2764_emotion_1,wicked after u don drink people hennessy finish u no want make dem come drink ur own lai lai e no go happen,['disgust'],"['anger', 'surprise']","['disgust', 'surprise']","['disgust', 'surprise']"
pidgin_text_1606_emotion_1,you sef dey act like depe person wey dey collect choc from mary and martha no go don sabi them,"['disgust', 'surprise']",['disgust'],['disgust'],['disgust']
pidgin_text_1841_emotion_1,me please follow me influencers no twitter sends village people influencers please follow me old account got suspended me where den dey when i dey for gutter,"['disgust', 'sadness']","['anger', 'disgust', 'surprise']",['sadness'],"['disgust', 'sadness']"
pidgin_text_881_emotion_1,how una dey my ppl e ku ile o our valentine sets just landed with top notch quality as you can see duvetset this is not our regular sheet o quality starts and,['joy'],[],['joy'],['joy']
pidgin_text_1497_emotion_1,seriously why dem no dey call me for the dollar rain sef its no fair o,['sadness'],"['sadness', 'surprise']",['sadness'],['sadness']
pidgin_text_519_emotion_1,video never come out everywhere don burstif nor be grace abeg tell me wetin e be,"['joy', 'surprise']","['joy', 'surprise']","['joy', 'surprise']","['joy', 'surprise']"
pidgin_text_3547_emotion_1,lmfaooo i don win themabeg dey find party make we dey fresh out go this period,['joy'],['joy'],['joy'],['joy']
pidgin_text_2551_emotion_1,ayo i am fine o na person wey dey owe me still dey air me dey make me vex please i need people to help me go and beat someone up,"['anger', 'disgust']","['anger', 'disgust', 'sadness']","['disgust', 'sadness']","['anger', 'disgust', 'sadness']"
pidgin_text_2841_emotion_1,if you don wan me den don talk to meee,['disgust'],['anger'],['disgust'],['disgust']
pidgin_text_245_emotion_1,time tiri gbosa for the person wey born you i never want to try lose you try dem no born me well i no fit tire for your matter lai lai say i no do suddenly man calm down man down for only you,['joy'],['joy'],['joy'],['joy']
pidgin_text_1021_emotion_1,smhna even bcoz of football u dey shout my chest i thought it was sometin serioushmmmuna n football match,"['disgust', 'surprise']","['disgust', 'surprise']","['anger', 'disgust']","['disgust', 'surprise']"
pidgin_text_2733_emotion_1,i see this is what you went to do at the gym people dey grow abs you dey know the shades of melanin,['disgust'],"['disgust', 'surprise']",['disgust'],['disgust']
pidgin_text_456_emotion_1,lol oya now wetin dey hold you back now but for me na carrot sure pass at the moment,['surprise'],[],[],[]
pidgin_text_5797_emotion_1,she say the k na christmas giftshey na with blocking on all social media platforms pesin come day use say thank you una no go kill pesin for this country,"['disgust', 'surprise']",['surprise'],['disgust'],"['disgust', 'surprise']"
pidgin_text_2383_emotion_1,the way zlatan dey do me ehnnn i for nor dey play your music again oh how can i tag you for post no reply treat your fans nice na k is nothing just write paste your aza na haba,['disgust'],['sadness'],['sadness'],['sadness']
pidgin_text_1375_emotion_1,person wey don ment since,['disgust'],"['anger', 'disgust', 'sadness']",['disgust'],['disgust']
pidgin_text_3717_emotion_1,with jennnifer omoko dey celebrate one of the most celebrated and recolonized female actress of our time her name na we salute you sist you don try wella kpokooo,['joy'],['joy'],['joy'],['joy']
pidgin_text_51_emotion_1,u de help me find wife,['surprise'],[],['surprise'],['surprise']
pidgin_text_4201_emotion_1,sweater god e don dey be like my supervisor disturbing me for project,['sadness'],"['anger', 'fear', 'sadness', 'surprise']","['anger', 'sadness']","['sadness', 'anger']"
pidgin_text_4847_emotion_1,see person pikin see as e fresh and na chelsea fan again blues just kfb,"['joy', 'surprise']",['surprise'],['surprise'],['surprise']
pidgin_text_3039_emotion_1,good morning sir im one of those nigerians that hunger is about to kill im typing this on an empty stomach im very hungry because i dont have foodstuffs or even money to buy sir pls help me,['sadness'],"['fear', 'sadness']","['fear', 'sadness']","['sadness', 'fear']"
pidgin_text_3065_emotion_1,wetin una dey find abeg pk or red card,['disgust'],['disgust'],['disgust'],['disgust']
pidgin_text_500_emotion_1,i toast u and u say no u ask for money i say no or i didnt respondu con dey vex no b persin wey gain add mission dey pay sch fees ‍️‍️‍️ oya u self reason am nah,"['disgust', 'surprise']","['disgust', 'sadness']",['surprise'],"['disgust', 'surprise']"
pidgin_text_6184_emotion_1,another warehouse ‍️ na military man dem go hire make dem secure there who dem born make e reach the vicinity wicked government,"['disgust', 'sadness']","['disgust', 'sadness']","['disgust', 'fear']","['disgust', 'sadness']"
pidgin_text_1535_emotion_1,be like say everything na simulation make dem wake us up say dem no kill anybody and there was no rioting by hoodlums and our government actually did the simple things that we requested,['disgust'],['fear'],['disgust'],['disgust']
pidgin_text_4904_emotion_1,ah one o de ah two o de de ah three o de de de am in love oh am in love oh i said am in,['joy'],['joy'],['joy'],['joy']
pidgin_text_1744_emotion_1,bro i don over emerging this moving thing sotay i don enter canada the fucked up thing is i don beat police for the imagination and now i dey station stuck in one place in the imagination come and rescue your brother pls,"['fear', 'sadness']",['anger'],['sadness'],['sadness']
pidgin_text_2738_emotion_1,this tuoyo don dey overdo this gym thing oh,['disgust'],['disgust'],['disgust'],['disgust']
pidgin_text_4621_emotion_1,me abeg help me check wetin arsenal dey play friend arsenal dey lose + minutes me chai,"['disgust', 'sadness']","['anger', 'sadness', 'surprise']","['disgust', 'sadness']","['disgust', 'sadness']"
pidgin_text_2078_emotion_1,everywhere just boring nothing to excite me its like ill leave this twitter for good sef una nor dey kuku patronize me again,"['anger', 'sadness']","['anger', 'disgust', 'sadness']","['disgust', 'sadness']","['anger', 'sadness', 'disgust']"
pidgin_text_1221_emotion_1,omo you don dey old oh,['surprise'],['surprise'],['surprise'],['surprise']
pidgin_text_4567_emotion_1,guy you are wicked that kick fit don comot her womb like that o,"['disgust', 'fear']","['anger', 'disgust', 'fear']","['disgust', 'surprise']","['disgust', 'fear']"
pidgin_text_1192_emotion_1,lagos people please na we use god dey beg una stay one place haba new cases ‍️,"['disgust', 'fear']","['anger', 'disgust', 'surprise']","['disgust', 'fear']","['disgust', 'fear']"
pidgin_text_1886_emotion_1,show us the way na tope na please na i am begging you,['sadness'],"['anger', 'sadness', 'surprise']",['sadness'],['sadness']
pidgin_text_5115_emotion_1,why this guy dey cast me nau,"['fear', 'sadness']","['anger', 'sadness']","['disgust', 'fear']","['fear', 'sadness']"
pidgin_text_1252_emotion_1,dat even small some elderly ppl will jst come from no where nd blike my son am rushing to church can i please blah blahi will kuku let dem use out of my time b dem use ma destiny play ping pong its annoyning,"['anger', 'disgust']","['anger', 'disgust']","['anger', 'disgust', 'sadness']","['anger', 'disgust']"
pidgin_text_982_emotion_1,it will be a dream come true for many of us to see feature abi make we use jazz carry dem enta studio ni make dem no come out till dey release like songs,['joy'],['surprise'],"['fear', 'surprise']",['surprise']
pidgin_text_5903_emotion_1,na so polio wey we don eradicate b take come back o thanks our able pmb govt,['disgust'],"['anger', 'surprise']","['disgust', 'surprise']","['disgust', 'surprise']"
pidgin_text_11_emotion_1,we nor dey taya oooi love wizkid essence video be wan restrict my period flow but becos na wizzy he still flow,['joy'],['joy'],['joy'],['joy']
pidgin_text_1329_emotion_1,all those monies wen de other party dey share yesterday son enter voicemail,['sadness'],"['anger', 'sadness', 'surprise']","['disgust', 'surprise']","['sadness', 'surprise']"
pidgin_text_4763_emotion_1,damn im listening to this jam and im like oh sht the gbedu e tight gan,"['joy', 'surprise']",['joy'],['joy'],['joy']
pidgin_text_1301_emotion_1,nor be only integrity na intensify you see this feminine gender so i cant trust a thing they say boy wey yus collect small money na girl lemme follow not to talk of mompha sister kpomkpi,['disgust'],"['anger', 'disgust', 'fear', 'sadness', 'surprise']",['disgust'],['disgust']
pidgin_text_2329_emotion_1,as she dey waka inside bush ‍️ person come fire arrow e come chuck her for back so tey e comot for her chest ‍️ blood come dey comot she come fall for ground e be like say the thing dey pain am well well na im she come dey cry all the birds wey dey there come begin dey fly,['sadness'],"['fear', 'sadness', 'surprise']",['sadness'],['sadness']
pidgin_text_3164_emotion_1,haaaa abeg show me the tweet i wan invest,['surprise'],['surprise'],['surprise'],['surprise']
pidgin_text_571_emotion_1,na the work wey we dey do we give you an i want more experience with our beautiful and yummy cakes send a whatsapp message via to place your orders ikorodu,['joy'],['joy'],['joy'],['joy']
pidgin_text_2908_emotion_1,im this life ehn kana naka allah na nashi im so stuck i dont know again sef ill just flow like a river lobatan,"['disgust', 'sadness']","['sadness', 'surprise']","['fear', 'sadness']",['sadness']
pidgin_text_1458_emotion_1,these ones don comot the remaining naira wey dey my account nice one sapa nice one,"['disgust', 'sadness']","['anger', 'sadness']",['sadness'],['sadness']
pidgin_text_3086_emotion_1,i get one ebook wey go suit u make i send am the name na minding ya fking biziness,['disgust'],['anger'],"['anger', 'disgust']","['disgust', 'anger']"
pidgin_text_5545_emotion_1,now say that again without crying una madrid dey happy sey the little devil dey comot,['disgust'],['disgust'],['surprise'],['disgust']
pidgin_text_2109_emotion_1,im not a lesbian i repeat im not a lesbian ok yes i appreciate girls with assets alot but dat does not make me one,['disgust'],"['disgust', 'sadness']","['disgust', 'sadness']","['disgust', 'sadness']"
pidgin_text_3498_emotion_1,abeg who dey village make we socialize area too dry,['sadness'],['joy'],['sadness'],['sadness']
pidgin_text_1924_emotion_1,na my top goals wayne rooney vs man city chris smalling vs man city anthony martial vs liverpool rashford vs psg i no fit contain my job when the goals bin happen,['joy'],['joy'],['joy'],['joy']
pidgin_text_4947_emotion_1,dis my voice tin don taya mi ooi ordered some fabrics online delivery guy called he was outside told him i was coming got to him nd he says who was i dat he cant give d fabrics to midat its a lady he spoke tosumbody cannot ve fine voice in peace ni,"['disgust', 'sadness']","['sadness', 'surprise']","['sadness', 'surprise']","['sadness', 'surprise']"
pidgin_text_4264_emotion_1,my dear that one sef dey im taking myself for facials as my gift because that towel isnt touching my skin,['disgust'],['joy'],"['disgust', 'fear']",['disgust']
pidgin_text_2085_emotion_1,omooooo i no fit laugh abeg man utd fans this is pathetic even as a rival fan i dey feel pity for una,"['disgust', 'sadness']","['anger', 'disgust', 'surprise']",['sadness'],"['disgust', 'sadness']"
pidgin_text_2587_emotion_1,calm down your eye don clear now ur eye dey chook now oo na offside,['disgust'],"['anger', 'surprise']",['disgust'],['disgust']
pidgin_text_4781_emotion_1,baba don jazzyplease nahgimme money tooplease nah abeg nahna beg i dey beg,['sadness'],[],['sadness'],['sadness']
pidgin_text_4154_emotion_1,all this plenty question on top wetin na,['disgust'],"['anger', 'surprise']",['disgust'],['disgust']
pidgin_text_2437_emotion_1,omo one lag shuttle bus scratch my car today see how baba been humble even one old baba wey be passenger gats come down help am dey wash off the paint cause omo the igbese wey for don dey load,['surprise'],"['anger', 'disgust', 'sadness']","['disgust', 'surprise']","['surprise', 'disgust']"
pidgin_text_3286_emotion_1,hai god comments plenty o but any how my head dey game i sight you well for that secs for your right corner but i couldnt screen grab that part but this na your drip e also dey your dp everywhere as the song dey bomb,"['joy', 'surprise']","['joy', 'surprise']","['sadness', 'surprise']","['joy', 'surprise']"
pidgin_text_5974_emotion_1,see ehn fear those young men in suits always looking dapper fresh as heaven and whatnot dem dey move billions but its we $ itunes card una go dey cast,['disgust'],"['disgust', 'fear']","['disgust', 'sadness']",['disgust']
pidgin_text_671_emotion_1,my broda na so e be when u sing along dem go say u dey form sey make u play soapie im like what happened to some lay back relaxed,['disgust'],['disgust'],"['disgust', 'surprise']",['disgust']
pidgin_text_2344_emotion_1,he was asked are you a hard guy next he did this ️and i told him ooooo no dey do like that alaye no dey do like that now dem don turn him sharpness to mugun song title ballerz,"['disgust', 'surprise']","['anger', 'disgust', 'fear', 'sadness', 'surprise']","['disgust', 'sadness']","['disgust', 'surprise', 'sadness']"
pidgin_text_3146_emotion_1,you de carry me go bistro,[],[],['surprise'],[]
pidgin_text_4244_emotion_1,fresh kehabi opportunity to fornicateactivity dey wey baba go do wey go make baba forget about meim not playing rough play naira,"['disgust', 'sadness']","['anger', 'disgust', 'fear', 'sadness', 'surprise']","['disgust', 'fear']","['disgust', 'sadness', 'fear']"
pidgin_text_4040_emotion_1,we don lose elections i wan move abeg,"['anger', 'disgust']",['sadness'],"['anger', 'sadness']","['anger', 'sadness']"
pidgin_text_2818_emotion_1,dis woman selfbubu no get una time na u go tireu went to south africa in the middle of it and did u appear sad at all,"['disgust', 'surprise']",['disgust'],['disgust'],['disgust']
pidgin_text_88_emotion_1,i can do another sef but let me chill meanwhile see who is saying god when,"['disgust', 'surprise']",[],['surprise'],['surprise']
pidgin_text_2856_emotion_1,taah i broke pieces account balance no reach k sef,['disgust'],"['anger', 'sadness']","['disgust', 'sadness']","['disgust', 'sadness']"
pidgin_text_4575_emotion_1,read this with keen interest thinking its going to make sense at the end wetin be this,"['disgust', 'surprise']","['anger', 'disgust', 'surprise']","['disgust', 'surprise']","['disgust', 'surprise']"
pidgin_text_1219_emotion_1,ssgabeg hlp me ask hazard say wetin concern agbero with overldoadinfactwho will tell okekewhat a yamayama,['disgust'],"['anger', 'disgust']",['disgust'],['disgust']
pidgin_text_360_emotion_1,e choke wow this awesome️,['surprise'],"['joy', 'surprise']","['joy', 'surprise']","['surprise', 'joy']"
pidgin_text_1485_emotion_1,dis mfs are milking us dry mehn imagine decoder wey neva reach mnths oooo dis pipu they cheat us ooo normally i shud be given a one na heavy thunder go visit dem soon awon ole,"['anger', 'disgust']","['anger', 'disgust']","['anger', 'disgust']","['anger', 'disgust']"
pidgin_text_3616_emotion_1,dear lord when my wealth finally comes please let me be humble cuz as i dey like this ehn as i no get shinmgbine tin tini pride still dey on the loooow o god help us all money does not change people o money enhances the inner you,['fear'],['joy'],"['fear', 'sadness']",['fear']
pidgin_text_3658_emotion_1,embrace una people na,"['disgust', 'surprise']",[],[],[]
pidgin_text_3801_emotion_1,if na man utd now rashford go dey play rubbish,['disgust'],['anger'],['disgust'],['disgust']
pidgin_text_550_emotion_1,lmao egg wey don soak for stew wey u dey always enjoy lick plate ‍️,['surprise'],[],['joy'],[]
pidgin_text_5451_emotion_1,your network is becoming too poor these days plus na big straw una dey use suck mb gb no even last better hours no conscience at all,"['disgust', 'sadness']","['anger', 'sadness']",['disgust'],"['disgust', 'sadness']"
pidgin_text_2104_emotion_1,e no go de funny at all the imagination de distress me,"['disgust', 'sadness']",['fear'],"['fear', 'sadness']","['sadness', 'fear']"
pidgin_text_168_emotion_1,this generation is one of a kind don get radio e dey sweet my belle currently live on soro soke radio,['joy'],"['joy', 'surprise']",['joy'],['joy']
pidgin_text_78_emotion_1,i don dey pray and beg for this opportunity for weeks abeg make i dey,['sadness'],"['anger', 'sadness']",['fear'],['sadness']
pidgin_text_559_emotion_1,so weve added a jonzin jam on abeg tag one artist yall want me to put on dis joint coz e be like say dis my rap no bad oo sdb headquarters,['surprise'],[],['joy'],[]
pidgin_text_5493_emotion_1,and if the rate of mad people increase for the country anytime soon na una cause am because some reactions wey i dey see for una thread dey make me fear for some people right now awon omo olomo,"['disgust', 'fear']","['anger', 'disgust']","['disgust', 'fear']","['disgust', 'fear']"
pidgin_text_782_emotion_1,there is one guy on this app thats not fine but una dey always hype am and e dey headache me,['disgust'],"['disgust', 'surprise']",['anger'],['disgust']
pidgin_text_3639_emotion_1,women wey dey support man united dey special ️,['joy'],['joy'],['joy'],['joy']
pidgin_text_4472_emotion_1,with the way things dey go for this country eh i am very very scared no security no job no comfort no peace nothing nothing wtf is going on in this life sef abi angel gabriel should just blow trumpet now sef make the world kuku end mtchewwwwww,"['anger', 'fear']","['anger', 'sadness']","['anger', 'sadness']","['anger', 'sadness']"
pidgin_text_5203_emotion_1,go and do your research you don travel out of your state before if nor be say we dey stan thesame mcm u for chop slap for telling me shut up you think say flavor na olamide mate for music,"['anger', 'disgust']","['anger', 'disgust']","['anger', 'disgust']","['anger', 'disgust']"
pidgin_text_828_emotion_1,d way i love dis eeh if u dont know what love looks like jst take a look at dis two and ull c it may god bless and keep u both geda kachi abeg show us your open in d next pix weve missed it,['joy'],['joy'],['joy'],['joy']
pidgin_text_2215_emotion_1,see dem awon werey omo ole god punish anybody wey faint for court para dey oooo,"['anger', 'disgust']",['anger'],"['anger', 'disgust']","['anger', 'disgust']"
pidgin_text_5034_emotion_1,no vex baba na the plane ticket of una spectators dey do me strong thing for body una enta plane come collect beating,"['disgust', 'sadness']",['surprise'],"['anger', 'disgust']",['disgust']
pidgin_text_5317_emotion_1,omo if car na wetin person dey vex buy i for don break bottle go buy,"['disgust', 'sadness']",[],['sadness'],['sadness']
pidgin_text_3758_emotion_1,omo nigerian news agency no go kill me with bad news una no know say country hard nii make una dey throw in good news once in a while nau,"['disgust', 'sadness']","['disgust', 'surprise']","['disgust', 'fear']",['disgust']
pidgin_text_4516_emotion_1,lmao you gat me bah joksss no kee me with laugh abeg babe see ehn lemme brag sef im too expensive to do gbam,"['joy', 'surprise']",['joy'],['joy'],['joy']
pidgin_text_5265_emotion_1,eno please na but its not fair what you people do to me oo be speaking for and with me naaah they would soon tag me rebel if they havent already sef,"['fear', 'sadness']","['sadness', 'surprise']","['fear', 'sadness']","['fear', 'sadness']"
pidgin_text_6000_emotion_1,you wey get good football iq good oga master i hail oh and watin get to do with this now guy na people like ona dey cause conflict for the society so oh mcheew,"['disgust', 'surprise']","['anger', 'disgust']",['disgust'],['disgust']
pidgin_text_1365_emotion_1,lmao na she unfollow me too oh funny thing be say i dey try interact with the babe for tl dey always retweet her business whenever i see am them dey slander edo men regularly nobody dey take am to heart aunty dey provoke cause of brows and bear bear,['disgust'],"['disgust', 'sadness', 'surprise']","['disgust', 'surprise']","['disgust', 'surprise']"
pidgin_text_5814_emotion_1,haay god im in tears we got to know each other for the first time yesterday and this morning im already your last hope how biko asking me to pay your friends school fees as as what na why are some girls like this,"['disgust', 'surprise']","['anger', 'surprise']","['disgust', 'surprise']","['disgust', 'surprise']"
pidgin_text_4466_emotion_1,just remember that my neighbour got pissed that in his absence his wife paid their bit to recharge the prepaid meter over the wend egoistic men like this disgust me you dey vex say your wife dey pay bills something wey i go come back buy thank you dinner for her,"['disgust', 'surprise']","['disgust', 'surprise']","['disgust', 'surprise']","['disgust', 'surprise']"
pidgin_text_2277_emotion_1,and my mama and my friend mama no fess too dey align before i go say ehnn ehnn ehnn ggggbosa one very hot midnight slap na here i confuse cos fess fess this feem i never watch am na just branding and now i dey chop better drilling for am,"['disgust', 'sadness']","['anger', 'fear', 'sadness']","['disgust', 'sadness']","['disgust', 'sadness']"
pidgin_text_4741_emotion_1,lol some niggas still dey around dey peddle drugs as match dey go on ahh,"['disgust', 'surprise']",['surprise'],"['disgust', 'surprise']","['disgust', 'surprise']"
pidgin_text_5018_emotion_1,and if e easy ur grand father for popular by now oo u for dey enjoy d privilege wey dem seun kuti dey enjoy,['disgust'],"['anger', 'disgust']",['disgust'],['disgust']
pidgin_text_3361_emotion_1,got these new shoes and i was calling them canvas and said uyi stop calling it canvas na kicks abeg omo na canvas my mama raise me with oh,['surprise'],"['joy', 'surprise']","['joy', 'surprise']","['surprise', 'joy']"
pidgin_text_4892_emotion_1,batshuayi game dey wound my conscience walahii substitute wen no get steady voltage last pesin to enta field but na him still dey slow pass to catch ball like say him leg get belle this na match batman for fit help easily win but he choke as usual ‍️,"['disgust', 'fear']","['anger', 'disgust']","['anger', 'disgust']","['disgust', 'anger']"
pidgin_text_1297_emotion_1,i don tire to dey complain,['sadness'],['sadness'],['disgust'],['sadness']
pidgin_text_131_emotion_1,yall please follow me i don tey for this bird app pass to dey get followers,['sadness'],[],['sadness'],['sadness']
pidgin_text_1627_emotion_1,plus this one wey dem dtey vex say dey never give them allowance,['disgust'],"['anger', 'disgust', 'fear', 'sadness', 'surprise']",['surprise'],"['disgust', 'surprise']"
pidgin_text_1780_emotion_1,una dey kiss in front of trouble dey o,"['disgust', 'fear', 'surprise']",['surprise'],['surprise'],['surprise']
pidgin_text_3178_emotion_1,people dey wey never see like this chop since yesterday morning,['sadness'],['surprise'],['sadness'],['sadness']
pidgin_text_2035_emotion_1,those of una wey be say once you see my business tweet like this you go engage i no need tag you na laidat god go dey bless you before you ask o,['joy'],['joy'],['joy'],['joy']
pidgin_text_149_emotion_1,sugar mummy i wan get fit just for you oo,['joy'],['joy'],['surprise'],['joy']
pidgin_text_612_emotion_1,thank you ️️️️️ this review e don tey i don dey wait for am ️️️️,['joy'],"['joy', 'surprise']",['joy'],['joy']
pidgin_text_3323_emotion_1,celebrity don join us for this parade now and trust we so much love you make this happen where una dey make this happen lets thread this,['joy'],"['joy', 'surprise']",['joy'],['joy']
pidgin_text_1935_emotion_1,as i dey biz trip andnobody give me sallah meat chop na hin i carry myself go aver restaurant in zone ortomatic makurdi for original tiv meal tiv people are doing well àwọn foddie fc come and see something unku i hail u o,"['sadness', 'surprise']","['joy', 'surprise']",['joy'],"['surprise', 'joy']"
pidgin_text_2165_emotion_1,may god not allow us marry dem ooo na dem o,"['disgust', 'fear']","['disgust', 'fear']","['disgust', 'fear']","['disgust', 'fear']"
pidgin_text_3753_emotion_1,jack don vex,['surprise'],['surprise'],['surprise'],['surprise']
pidgin_text_6173_emotion_1,see wetin chelsea dey cause arsenal fans dey yab me buy better striker we no buy,"['anger', 'disgust', 'sadness']",['anger'],"['disgust', 'sadness']","['anger', 'disgust', 'sadness']"
pidgin_text_4944_emotion_1,that guy dey buy player like say na fm he dey play ni,"['disgust', 'surprise']","['disgust', 'surprise']","['disgust', 'surprise']","['disgust', 'surprise']"
pidgin_text_4036_emotion_1,that time wey caragher dey play wetin he achieved,['disgust'],"['anger', 'disgust']",['disgust'],['disgust']
pidgin_text_858_emotion_1,that feelings when your favorite song is been played you cant help it but to vibeeeeewardeva still trending song were sweet no de fade like orlandis within nigeria,['joy'],['joy'],['joy'],['joy']
pidgin_text_1515_emotion_1,abeg make i go chop my bread and tea again if butter no dey jam go dey if jam no dey sardine go dey yesterday own na two dey inside maybe today own go carry one this life no balance,"['disgust', 'sadness']",['joy'],"['disgust', 'sadness']","['disgust', 'sadness']"
pidgin_text_4136_emotion_1,people wey dey watch back of tv,['disgust'],['disgust'],['disgust'],['disgust']
pidgin_text_40_emotion_1,i dey like dis vee action dey always sweet mena only one kiss go solve all dis oh,['joy'],['joy'],['joy'],['joy']
pidgin_text_3142_emotion_1,how una dey enjoy warrii believe say una don grab enuf waffi slangs when com sooner than u knw,['surprise'],"['joy', 'surprise']","['joy', 'surprise']","['surprise', 'joy']"
pidgin_text_1423_emotion_1,women strong ‍️ my house buh na me dey outside dey beg make i come sleep for room,"['disgust', 'sadness']",['surprise'],['sadness'],['sadness']
pidgin_text_2989_emotion_1,na ptsd for when i go commot benin dey do me so,"['fear', 'sadness']","['fear', 'sadness']","['fear', 'sadness']","['fear', 'sadness']"
pidgin_text_3074_emotion_1,the person wey you love with all your heart dey love another person wey love another person las las this life wey you see so no balance at allllll tears plenty for this matter aiiiiiiiii,"['disgust', 'sadness']","['anger', 'fear', 'sadness', 'surprise']","['disgust', 'fear', 'sadness']","['disgust', 'sadness', 'fear']"
pidgin_text_6064_emotion_1,it will be a travesty of justice to include dasuki and not marry him wdiezani on the same stake let di same bullets kee di of dem together,"['anger', 'disgust']",['disgust'],['disgust'],['disgust']
pidgin_text_943_emotion_1,omo wer una dey see dat kind relationship na,['surprise'],['surprise'],['surprise'],['surprise']
pidgin_text_5205_emotion_1,my god im hungry bhet dem dey do healthy eating for this house,"['disgust', 'sadness']","['anger', 'disgust', 'sadness']",['sadness'],"['disgust', 'sadness']"
pidgin_text_5328_emotion_1,sapa no good at all see me dey find atm wey dey give,"['disgust', 'sadness']",['sadness'],['sadness'],['sadness']
pidgin_text_3845_emotion_1,na e cousin you kw say e dey against obaseki so na obaseki camp nai play the guy,['sadness'],[],['disgust'],[]
pidgin_text_3279_emotion_1,pls when is it gonna be my turn i need to get food stuffs for my parents pls na beg i dey beg first bank ezechukwu paschal c,['sadness'],"['anger', 'sadness']","['fear', 'sadness']",['sadness']
pidgin_text_5540_emotion_1,if only dem listened to an elder wey dey take utaba ‍️,['sadness'],"['disgust', 'surprise']",['disgust'],['disgust']
pidgin_text_1084_emotion_1,una don first increase petrol we no talknow nah our small small money una wan still chopkukuma make am naira per transaction idiots,['disgust'],"['anger', 'disgust', 'fear', 'sadness', 'surprise']",['disgust'],['disgust']
pidgin_text_1523_emotion_1,people think im okay but within me i know i am not how can a yo beat me at fifa like a thief who stole a phone inside computer village no be say e beat me de pain me na the way him de say stop giving excuses kubi ill be back without mercy,"['disgust', 'sadness']","['anger', 'disgust', 'fear', 'sadness', 'surprise']","['disgust', 'sadness']","['disgust', 'sadness']"
pidgin_text_3467_emotion_1,you know this white folks em fit don create taser for pussy like that we never can tell this one might be one e go jus do dem giz giz,['disgust'],['fear'],"['joy', 'surprise']",[]
pidgin_text_3078_emotion_1,my fellow e be like say na so so battle we go dey fight till this season finish,"['fear', 'sadness']","['anger', 'fear', 'sadness', 'surprise']",['fear'],"['fear', 'sadness']"
pidgin_text_4397_emotion_1,im in that position right damn now something i hated with passion not seeing myself do it in a million years guess what na im i dey do now god help me pls,"['disgust', 'sadness', 'surprise']","['disgust', 'sadness', 'surprise']","['disgust', 'sadness']","['disgust', 'sadness', 'surprise']"
pidgin_text_491_emotion_1,am a little gangster wit de best star u can test if u r wit tester visits,['joy'],['anger'],[],[]
pidgin_text_2608_emotion_1,dem no wan hear word na sweet in the middle kill dem der,['disgust'],['disgust'],['disgust'],['disgust']
pidgin_text_5925_emotion_1,una wan chop again,"['disgust', 'surprise']",['surprise'],['surprise'],['surprise']
pidgin_text_28_emotion_1,hot sale️ abeg see customers review e dey gimme joy come and get yours tasted and trusted polo old gra maiduguri,['joy'],['joy'],['joy'],['joy']
pidgin_text_3023_emotion_1,what is he locking it down for shebi na the jumaat prayer and easter service na im dey more important our brain go soon correct,['disgust'],['surprise'],"['disgust', 'surprise']","['disgust', 'surprise']"
pidgin_text_1505_emotion_1,when im at home sometimes i tend to forget that i aint browsing with office wifi i go dey stream videos music mtn go just dey smile dey sweep my data,"['disgust', 'sadness']","['anger', 'surprise']",['sadness'],['sadness']
pidgin_text_3647_emotion_1,if na me get ball baba all man don play finish be that oh,['disgust'],['anger'],['surprise'],[]
pidgin_text_95_emotion_1,riri u sure say na u dey sing all those songs for la femme anjola lovely movie im being original while teasing you ️,['surprise'],"['joy', 'surprise']","['joy', 'surprise']","['surprise', 'joy']"
pidgin_text_5022_emotion_1,i hate you so its me you dont like cause im short im not even short im small fun size,['sadness'],['anger'],"['disgust', 'surprise']",[]
pidgin_text_474_emotion_1,you dont mean it and make una tell her as una do una own,['surprise'],['surprise'],['surprise'],['surprise']
pidgin_text_2339_emotion_1,lol i dont wanna believe this i think na because of babes wey i dey post for status make her insecure,['disgust'],['surprise'],"['fear', 'sadness']",[]
pidgin_text_1156_emotion_1,una too like to dey stress una sef walahi tweet your trash ima like aint see that shit problem no dey finish no mean say you go carry anyone wey you see for head‍️,['disgust'],"['anger', 'disgust', 'sadness', 'surprise']",['disgust'],['disgust']
pidgin_text_3998_emotion_1,allawee wey dey never even see for the first time,['disgust'],['surprise'],['surprise'],['surprise']
pidgin_text_3009_emotion_1,wetin bro chimezie go do he don cry tire sotey e eye come swell up like say boil catch am him dey vex for aka,"['sadness', 'surprise']","['anger', 'surprise']",['surprise'],['surprise']
pidgin_text_2690_emotion_1,story story who carry league pass when last you carry am my brother hypertension fc when you start to dy support arsenal sef how many trophies you don celebrate with them the unbeaten season you never start to dy watch ball sef so sit down and be humble bro,['disgust'],['disgust'],['disgust'],['disgust']
pidgin_text_3291_emotion_1,biggest baddest nigga ever liveth fine boys like you na dem dey rush you,"['joy', 'surprise']",['joy'],['joy'],['joy']
pidgin_text_5003_emotion_1,biggie jut like dat how many weeks dey don use waiting happen,"['disgust', 'surprise']","['disgust', 'surprise']","['disgust', 'surprise']","['disgust', 'surprise']"
pidgin_text_2611_emotion_1,na person pikin yansh dem dey slap like that olorun,"['disgust', 'surprise']","['anger', 'disgust', 'sadness', 'surprise']","['disgust', 'surprise']","['disgust', 'surprise']"
pidgin_text_1406_emotion_1,i was just thinking the same thing how come na wetin all of them they do be this shey twitter don amber brochure wey include this move ni,['surprise'],['surprise'],['surprise'],['surprise']
pidgin_text_763_emotion_1,no be until i post your picture mean say i love you my momma wey i love️ pass i no dey post her picture and she no dey vex,['disgust'],['anger'],['disgust'],['disgust']
pidgin_text_4689_emotion_1,cows man fit start cow business add obi anachulu efi to him title na people like then dey make people no dey like go village,"['disgust', 'sadness']",['disgust'],"['disgust', 'fear']",['disgust']
pidgin_text_5138_emotion_1,baba i get work na why i no talk anything again e dey pain me walahi,"['disgust', 'sadness']",[],"['disgust', 'sadness']","['disgust', 'sadness']"
pidgin_text_4917_emotion_1,this una own na to dey terminate channels without putting up a replacement in the past months yall have terminated like channels without a replacement yet man pikin dey pay the same subscription rate now yall want to terminate vuzu channel too,['disgust'],"['anger', 'sadness']","['disgust', 'surprise']",['disgust']
pidgin_text_4528_emotion_1,these people no go hear word e be like say dem swear for dem na so covid take start,['disgust'],"['anger', 'disgust']","['anger', 'disgust']","['disgust', 'anger']"
pidgin_text_544_emotion_1,so so many thing mehn i play different instruments i play different sports i come sabi maths and physics i come sabi sing again i come dey style people again i come dey think like bill gates list can go onnnnn,['joy'],['surprise'],['joy'],['joy']
pidgin_text_2804_emotion_1,e be like say na everytime you tyre dey get fault,"['disgust', 'surprise']","['anger', 'disgust', 'sadness', 'surprise']",['disgust'],"['disgust', 'surprise']"
pidgin_text_4571_emotion_1,s e a s o n s ~ g r e e t i n g s thankful for sweet clients like you you made awesome,['joy'],['joy'],['joy'],['joy']
pidgin_text_3542_emotion_1,u sef ur own dey ur body,['disgust'],['disgust'],['disgust'],['disgust']
pidgin_text_3161_emotion_1,lol i used friend loosely na my chairman o not be smallie so not be the type smallie like me fit dey advice plus the girl in question is his wife and they have two kids,['fear'],[],['disgust'],[]
pidgin_text_4158_emotion_1,look wetin dey free about the promo dem be like mtn,['disgust'],[],['disgust'],['disgust']
pidgin_text_511_emotion_1,lmao hay god i have been caught bro i no de get your mails again una don do coup for me nor vex please let them be sending me mails again thanks dming you in,['fear'],"['joy', 'surprise']","['fear', 'sadness']",['fear']
pidgin_text_3875_emotion_1,who dey restrict my blessings na the thing d choke me for neck now i no dey fit breeeettt again abeg,"['fear', 'sadness']",['anger'],['fear'],['fear']
pidgin_text_5384_emotion_1,make dem no ignore you for table because na so so people drink you dey drink you no dey ever buy your own bottle and coro dey outside nobody go share shisha with you o,['disgust'],"['disgust', 'fear']","['disgust', 'fear']","['disgust', 'fear']"
pidgin_text_4009_emotion_1,if you are single please avoid watching erica and kidd tonight you fit use vex go entangle your maigard for outside or worse still ring up your ex,['fear'],['disgust'],"['disgust', 'fear']","['fear', 'disgust']"
pidgin_text_1016_emotion_1,para wey dey vex paranoid,['disgust'],['anger'],['disgust'],['disgust']
pidgin_text_2129_emotion_1,clean as you cook now i done cook finish and dem don chop add plate its like im running a restaurant in my fathers house,"['disgust', 'sadness']","['anger', 'disgust', 'sadness', 'surprise']","['disgust', 'sadness']","['disgust', 'sadness']"
pidgin_text_3483_emotion_1,chai and na the song i dey listen to,['surprise'],['surprise'],['surprise'],['surprise']
pidgin_text_41_emotion_1,dude the way you dey deliver sub na you build uk subway o,['surprise'],"['joy', 'surprise']",['surprise'],['surprise']
pidgin_text_918_emotion_1,beautiful ankara print and colors kayan sallah is ready if you dont support this small business abeg na wetin you gain dont miss out on this lovely ankara very much,['joy'],['joy'],['sadness'],['joy']
pidgin_text_1997_emotion_1,wen you have to tone and volume balance while performing music sweet sha wen e dey body cant wait for my first konna performance on stage i swear i go naked wats the video number now ‍️,['joy'],['joy'],['joy'],['joy']
pidgin_text_4983_emotion_1,inspecting what please e be like say na years them take swear for abia state,"['disgust', 'sadness']",['disgust'],"['disgust', 'fear']",['disgust']
pidgin_text_2113_emotion_1,my guy just called amala garbage smh na why dem nor dey rate benin boys for lagos,['disgust'],"['disgust', 'sadness']","['disgust', 'surprise']",['disgust']
pidgin_text_4289_emotion_1,guys today a girl fine girl wey fine reach meal on a hungry eve gave me her iphone pro to help her hold it till she finish drinking water i wanted to run but na for motor park we de i no i go chop beating sotey i go wish i die,"['fear', 'sadness']",['sadness'],"['fear', 'surprise']","['fear', 'sadness']"
pidgin_text_1240_emotion_1,them don book your babe for valentine and you dey plan to buy couples polo youre a mumu man na only you go wear the polo you never see anything ‍️,['disgust'],"['anger', 'disgust', 'sadness']",['disgust'],['disgust']
pidgin_text_5174_emotion_1,u go no say this olopa don drink soooo tey he don fall for gutter nack head for ground see swollen face and head and his eyes like it gonna pull out yeye,['disgust'],"['disgust', 'surprise']","['disgust', 'surprise']","['disgust', 'surprise']"
pidgin_text_4533_emotion_1,e be like say nothing for me today o i don drop account details everywhr nobody dey see am,['sadness'],['sadness'],"['fear', 'sadness']",['sadness']
pidgin_text_4602_emotion_1,i gat to put my acts in check and my shits together to keep my life daily fine tuned for god dis crazy heat reminded me dat i cant go to hell when its merely shukuli compared to de real thing if i eventually fuck up at the end of de day not pleasing my maker,"['fear', 'sadness']","['fear', 'sadness', 'surprise']","['fear', 'sadness']","['fear', 'sadness']"
pidgin_text_3938_emotion_1,na still wetin these owerri boys dey drink one night let me shut up its like poverty is staring to show,"['disgust', 'fear']",['disgust'],"['disgust', 'fear']","['disgust', 'fear']"
pidgin_text_4441_emotion_1,im really sorry im used to keeping to myself and my guys shey u even rejected my j when i gave you last last sha na me fuck up sorry,"['disgust', 'sadness']","['anger', 'sadness', 'surprise']","['disgust', 'sadness']","['disgust', 'sadness']"
pidgin_text_3245_emotion_1,baba god don do am oooo happy new month my correct person yes time for na to pick from make we sama you d song wey folo,['joy'],['joy'],['joy'],['joy']
pidgin_text_2193_emotion_1,so na ontop me you con use am abi na my head you dey flex muscle abi my god will judge you,['disgust'],"['anger', 'disgust', 'sadness']","['disgust', 'sadness']","['disgust', 'sadness']"
pidgin_text_6133_emotion_1,this one wey this corona guy don enter abuja laikdis person no even fit do shina again wetin man go do with all these konji báyìí,"['fear', 'sadness']","['fear', 'sadness']","['disgust', 'fear']","['fear', 'sadness']"
pidgin_text_3430_emotion_1,im being sincere so i can dance well when i hear kai ekeleke pekele pekeleke its don jazzy mavins don come back again oh and not be hiding from camera,['surprise'],"['joy', 'surprise']","['joy', 'surprise']","['surprise', 'joy']"
pidgin_text_5750_emotion_1,any fine girl pictures you go don see liked by egbon wetin dey sup gan self,['surprise'],['surprise'],"['disgust', 'surprise']",['surprise']
pidgin_text_5132_emotion_1,he say na fine girl na becaue say na youi just smiled and said thank you,[],"['anger', 'disgust']",['joy'],[]
pidgin_text_3147_emotion_1,cubana chiefpriest na who blow kon help person blow na igbo people dey call odogwu me david omo adeleke aka obo na the real odogwu,['joy'],"['anger', 'joy']",[],['joy']
pidgin_text_3864_emotion_1,e be like say these elites no know say erica don also lose all the money wey she win,['surprise'],"['anger', 'surprise']",['surprise'],['surprise']
pidgin_text_5504_emotion_1,he wan beg for money na so e dey start,['disgust'],['surprise'],['disgust'],['disgust']
pidgin_text_4127_emotion_1,salary wey dey finish before e enter ‍️,"['disgust', 'sadness']",['sadness'],"['anger', 'sadness']",['sadness']
pidgin_text_2241_emotion_1,why you dey do like this im done for the year now,"['disgust', 'surprise']","['anger', 'disgust', 'sadness', 'surprise']","['sadness', 'surprise']","['disgust', 'surprise', 'sadness']"
pidgin_text_1047_emotion_1,whats going on ghan do i need to be doing deliverance every december ni last year na so pesin expensive laptop screen break for my hand for my house i had to pay in installments with a touch of abeg now this year car bills when i wan detty december oh lord,"['fear', 'sadness']","['anger', 'sadness', 'surprise']","['fear', 'sadness']","['fear', 'sadness']"
pidgin_text_1544_emotion_1,u follow me i followed backin less than mins u unfollowed me n u think u are sharp u must be mad una mata don tire me dont bother following if u wont stay as a follower thank you,['disgust'],"['anger', 'disgust', 'surprise']",['disgust'],['disgust']
pidgin_text_2195_emotion_1,tax collector i hail you the road which you dey build na only the day time your contractor dey work who will pay us lagosian tine lost fees abi you want tax us for staying traffice too,"['anger', 'disgust']","['anger', 'disgust']","['disgust', 'sadness']","['anger', 'disgust']"
pidgin_text_1140_emotion_1,everybody dey put mouth for hush matter like say nor be we we dey follow am for ig lol make una rest abeg,"['disgust', 'surprise']","['anger', 'disgust', 'sadness', 'surprise']","['disgust', 'surprise']","['disgust', 'surprise']"
pidgin_text_1892_emotion_1,una carry pikin de play this kind expensive joke they cannot the ones who can no reach,"['disgust', 'joy', 'surprise']",['surprise'],['surprise'],['surprise']
pidgin_text_3120_emotion_1,today marks one small milestone in the beautiful journey of lifei believe dat im the equivalent to a fine wine or a delicious cheesed older the better im trilled to be another year today i create within me a vacuum that no one can and will ever fill except god,['joy'],['joy'],['surprise'],['joy']
pidgin_text_805_emotion_1,bros the tin no dey sweet me again oo money no dey economy na mess,['sadness'],['disgust'],"['fear', 'sadness']",['sadness']
pidgin_text_2826_emotion_1,na so so order e dey order,['disgust'],['disgust'],['disgust'],['disgust']
pidgin_text_4500_emotion_1,person go dey waka on road na oppression left and right person go sleep na oppression i day see inside dream person go come twitter to cruise na another round of oppression again kinlode bayii nau take it easy on us edaakun,"['disgust', 'sadness']","['fear', 'sadness']","['disgust', 'sadness']","['disgust', 'sadness']"
pidgin_text_651_emotion_1,life in a useless country haha lols abeg make we go back abeg i no want make de shoot for lag ooooo lols,"['disgust', 'sadness']",['disgust'],"['disgust', 'fear']",['disgust']
pidgin_text_5169_emotion_1,on top light wey u dey pay fornepa pple don enslave us finish,"['disgust', 'sadness']","['anger', 'sadness']","['disgust', 'sadness']","['disgust', 'sadness']"
pidgin_text_1077_emotion_1,i don screen grab this ur reply give one osas omo d baby dey worry,"['disgust', 'surprise']",['surprise'],['disgust'],"['disgust', 'surprise']"
pidgin_text_1769_emotion_1,this account wey no get identity wetin i want send for the mail abeg o i dey find money i no say make dem use me do money o,['anger'],['fear'],['fear'],['fear']
pidgin_text_5513_emotion_1,lmao alex dey there dey cry like idiot meanwhile leo don reach door,['disgust'],"['anger', 'disgust', 'surprise']","['disgust', 'surprise']","['disgust', 'surprise']"
pidgin_text_5656_emotion_1,e never even play beta ball dis season sef injuries since,['disgust'],"['disgust', 'surprise']","['disgust', 'surprise']","['disgust', 'surprise']"
pidgin_text_5559_emotion_1,theres nothing we do that makes sense i don tire mood till further notice,"['disgust', 'sadness']",['sadness'],['sadness'],['sadness']
pidgin_text_2389_emotion_1,this onitsha sef traffic dey buh na akara and bread una dey sell for traffic ‍️,"['disgust', 'surprise']","['disgust', 'surprise']","['disgust', 'surprise']","['disgust', 'surprise']"
pidgin_text_2679_emotion_1,i no dey understand this network again,['sadness'],['anger'],"['disgust', 'sadness']",['sadness']
pidgin_text_1092_emotion_1,una don see this shit why cow dey enjoy fan nigerian dey suffer,"['anger', 'disgust']","['anger', 'disgust']",['disgust'],"['anger', 'disgust']"
pidgin_text_4461_emotion_1,the guy wey dey flog am no try this na joke compared to wetin him do the woman na,['disgust'],['surprise'],"['disgust', 'sadness']",['disgust']
pidgin_text_3589_emotion_1,lmao i dont have any interest in shooting shots at that babe abeg just had to say shes fine cause she is na money i dey find,['disgust'],['joy'],['disgust'],['disgust']
pidgin_text_5874_emotion_1,hello friends hope your day is going on well abeg na beg i dey beg oh its simply not fair for you to expect that as youre being followed and or as you follow people you automatically hit their and expect them to start interacting with you haba,['disgust'],['surprise'],['disgust'],['disgust']
pidgin_text_1984_emotion_1,they sent me a mail mins ago that e don hit the k milestonejust dropped dem on audiomack i no even post am it consists of my songs of omg badder thanft sagghar philips sgd whats on your mind carolina mirrorcover b i gave birth to dreamchaser thank you,['joy'],['joy'],['joy'],['joy']
pidgin_text_1131_emotion_1,i pity short guys sha you wan suck brezz your dk go comot from py you wan put am back your mouth go commot from brezz that thing dey pain,"['disgust', 'sadness']","['disgust', 'sadness', 'surprise']","['disgust', 'sadness']","['disgust', 'sadness']"
pidgin_text_5243_emotion_1,na d same people make say buhari don scatter our country na same we dey flex data dis night oh nothing clear again oh,"['disgust', 'surprise']",['surprise'],"['disgust', 'surprise']","['disgust', 'surprise']"
pidgin_text_4508_emotion_1,i hate coming to ilorin esp this tanke area you must go broke before leaving how much person get sef wey i they spend like i don make am,"['disgust', 'sadness']","['anger', 'disgust', 'sadness']","['fear', 'sadness']","['disgust', 'sadness']"
pidgin_text_2854_emotion_1,ok there was no twitter then abi make una rest this guy don broke and he need small thing dem nor dey use shame chop poison if u didnt like the contract den u shouldnt be on that table and u dey come sign contract without your lawyer yeye dey smell,['disgust'],"['anger', 'disgust']",['disgust'],['disgust']
pidgin_text_3184_emotion_1,una don tire for the movement remember the reason why we started this for your children oo retweet and tweet at the same the energy is needed,"['disgust', 'sadness']","['anger', 'sadness']",[],['sadness']
pidgin_text_5002_emotion_1,i dont know guy miracle say na anytime ebuka wear that him agbada person dey comot say na eviction cloth,['surprise'],[],['surprise'],['surprise']
pidgin_text_4230_emotion_1,if you go to that party behind metheyll not give you rice chop and if them give you rice meat know go dey on top ami hate rubbish‍️now im just home alone looking like person wey lost her way to naija abeg who get party for there area lemme turn up please,"['disgust', 'sadness']",['disgust'],"['disgust', 'sadness']","['disgust', 'sadness']"
pidgin_text_667_emotion_1,e don do this man una don win league,['disgust'],"['anger', 'sadness']",['disgust'],['disgust']
pidgin_text_1370_emotion_1,omo e dey vex me,['anger'],['anger'],['anger'],['anger']
pidgin_text_3559_emotion_1,me wey don download eba with onugbu soup come dey wait for rain so i can sleep,['fear'],"['fear', 'surprise']",['surprise'],"['fear', 'surprise']"
pidgin_text_4052_emotion_1,wetin dey work you,['disgust'],"['anger', 'disgust']","['disgust', 'surprise']",['disgust']
pidgin_text_1879_emotion_1,wow wetin de pain me no b se u no sabi speak d nupe,['disgust'],"['anger', 'sadness']",['disgust'],['disgust']
pidgin_text_64_emotion_1,the way e dey take sweet me when chelsea fans dey follow lose game,['joy'],"['anger', 'joy']",['joy'],['joy']
pidgin_text_2441_emotion_1,what are u still waiting to start ordering your oppo phones and other great and available phones from us you no wan dey snap sweet pictures with great battery life and other great featuresdm im ur phone dealer now its my buttmy lips and skin me in these pictures,[],[],[],[]
pidgin_text_4120_emotion_1,i told one i wanted to know more about her she said her sub go soon finish like girl im not even toasting you dem think sey na everybody won toast them,"['disgust', 'surprise']","['disgust', 'surprise']","['disgust', 'surprise']","['disgust', 'surprise']"
pidgin_text_90_emotion_1,e get how person go rate you you sef go look yourself say ahan wetin happen,['surprise'],['surprise'],['surprise'],['surprise']
pidgin_text_2493_emotion_1,never man will call me for hr and its full of insults bants abuses but deep down we know the love real af something we will never trade what is kiss smiley and mwuaah na abeg abeg that boy is foolish,['disgust'],"['disgust', 'sadness']",['disgust'],['disgust']
pidgin_text_5346_emotion_1,na ik dem dey run street like this bust my head,"['disgust', 'surprise']",['surprise'],['surprise'],['surprise']
pidgin_text_3506_emotion_1,who de breeetttt all of una combined shey u wan try oya do am if e easy,['joy'],"['disgust', 'joy']","['disgust', 'surprise']","['joy', 'disgust']"
pidgin_text_3625_emotion_1,lmaooooo thank god e kuku dey empty abeg make dem gods run one or twos inside the aza nau,['sadness'],"['joy', 'surprise']","['fear', 'sadness']",['sadness']
pidgin_text_5895_emotion_1,am calling out someone soon that person woke me with fake patronage this morning i dey vex oo,"['anger', 'disgust']",['anger'],"['anger', 'disgust']","['anger', 'disgust']"
pidgin_text_5648_emotion_1,bros abeg my helper fit dey online no let am pass me by im broke please help me,['sadness'],"['fear', 'sadness']","['fear', 'sadness']","['sadness', 'fear']"
pidgin_text_1532_emotion_1,nawa o no be to dey hide phone or to dey dress like poor person again now na nyash we go dey hide godforbid this stupid sars guys im heavy on this thing now i dey go protest today,"['anger', 'disgust']","['anger', 'disgust', 'fear', 'sadness', 'surprise']","['anger', 'fear']","['anger', 'disgust', 'fear']"
pidgin_text_6015_emotion_1,nigerians ehn na them go praise you na dem go pull you down oriyin buru lai,"['disgust', 'sadness']","['disgust', 'surprise']","['disgust', 'surprise']","['disgust', 'surprise']"
pidgin_text_3784_emotion_1,when dey removed dat babe dey removed the drama from the house,['sadness'],"['disgust', 'surprise']",['sadness'],['sadness']
pidgin_text_3525_emotion_1,yoooo your avatar dia fadaaa dem no born anybody well,['surprise'],['anger'],['anger'],['anger']
pidgin_text_3643_emotion_1,ogbeni don vex,['surprise'],['fear'],['surprise'],['surprise']
pidgin_text_1405_emotion_1,na wa oo dem dey watch porn for afternoon,"['disgust', 'surprise']","['disgust', 'surprise']","['disgust', 'surprise']","['disgust', 'surprise']"
pidgin_text_3258_emotion_1,e don dey set come small small day today,['surprise'],['surprise'],['surprise'],['surprise']
pidgin_text_210_emotion_1,this car will fit me sha,['surprise'],['joy'],"['joy', 'surprise']","['surprise', 'joy']"
pidgin_text_1401_emotion_1,o better ke ma gba fun won o cos as e dey go like this theyre really cashing out on this their fainting act pass any nollywood actors awon oniranu irresponsible leaders only god knows why none of them is even better sef osun mi o,['disgust'],['surprise'],"['anger', 'disgust', 'surprise']","['disgust', 'surprise']"
pidgin_text_4843_emotion_1,my oga don warn me make i no dey too chuck mouth for politics on twitter im just restraining myself father lawd help me,"['fear', 'sadness']",['fear'],['sadness'],"['fear', 'sadness']"
pidgin_text_4702_emotion_1,the girl don mad i swear lmao student aza wey no fit collect pass k,"['disgust', 'surprise']","['anger', 'disgust']",['disgust'],['disgust']
pidgin_text_5620_emotion_1,lmao e don do me sef before oo i wan die that day and na k i bet,"['disgust', 'sadness']","['fear', 'surprise']",['sadness'],['sadness']
pidgin_text_548_emotion_1,father abeg do am in a way wey be say everybody go fit win something abeg i need support for business wey i won open,['fear'],['sadness'],['sadness'],['sadness']
pidgin_text_5853_emotion_1,all of them dey mad smile sef say unlimited next thing network don dey slow after one week,['disgust'],"['anger', 'sadness']",['disgust'],['disgust']
pidgin_text_3208_emotion_1,omo this angel don dey enter my eye when do they start voting ukwu nwere ntị,"['joy', 'surprise']","['joy', 'surprise']","['disgust', 'joy', 'surprise']","['joy', 'surprise']"
pidgin_text_3874_emotion_1,d demon na for him preeq e dey,['disgust'],['disgust'],['disgust'],['disgust']
pidgin_text_4404_emotion_1,na this kain content i dey like sign for,['joy'],['joy'],"['joy', 'surprise']",['joy']
pidgin_text_744_emotion_1,e don dey happen ministry,['surprise'],[],[],[]
pidgin_text_522_emotion_1,lmao na my boy chief i sabi hin password i just want him to stay in one lane you cant be lollygagging,['disgust'],[],['disgust'],['disgust']
pidgin_text_5977_emotion_1,wahala dey ohthis people don make me captain,"['fear', 'surprise']",['surprise'],['sadness'],['surprise']
pidgin_text_2697_emotion_1,if na barca body now una go dey form power shameless people ‍️,['disgust'],['disgust'],"['disgust', 'sadness']",['disgust']
pidgin_text_2595_emotion_1,the disgrace the shame e de purge my belle really like seriously this is your problem heigawd shift i need to faint,"['sadness', 'surprise']",['disgust'],"['disgust', 'sadness']","['sadness', 'disgust']"
pidgin_text_1809_emotion_1,my name is samipraise chatting from abeg help me with country na ja don had ooo still roaming,['sadness'],"['disgust', 'sadness']",['sadness'],['sadness']
pidgin_text_3064_emotion_1,you guys are not normal at allif una wan chop the money make una chop idiotsfoh,['disgust'],"['anger', 'disgust']",['disgust'],['disgust']
pidgin_text_5202_emotion_1,some people no dey text us again as them dey lockdown abeg after the lockdown make we keep the same energy ooo trailer will not jam us,"['disgust', 'surprise']","['sadness', 'surprise']",['disgust'],"['disgust', 'surprise']"
pidgin_text_2861_emotion_1,follow who know road ooo follow who know road ooooooo na so anita take go oooo aneg watch who u dey follow,"['disgust', 'fear']","['fear', 'surprise']",['fear'],['fear']
pidgin_text_414_emotion_1,my shirts will take over lagos soon you can already bear me witness my fans dey feel me everywhere i go even some of my friends dey feel me but dem dey pretend like say dem no too know jollof boy will take,['joy'],['anger'],['joy'],['joy']
pidgin_text_5200_emotion_1,i wonder weda na ronaldo tell ole say e wan rest,['disgust'],['surprise'],"['disgust', 'surprise']","['disgust', 'surprise']"
pidgin_text_3392_emotion_1,lol baba i dey feel you bros i am active most times here when am on time off ohguy i no dey offshore now nah make me dey chest all the gist,['joy'],['joy'],['joy'],['joy']
pidgin_text_4513_emotion_1,so i cant visit my village in peace rat don chop my new earpiece wahala dey for who still use earpiece,"['disgust', 'sadness']","['anger', 'disgust', 'sadness', 'surprise']","['disgust', 'sadness']","['disgust', 'sadness']"
pidgin_text_5754_emotion_1,na transfer wey person don sabi do na em make life no remain thesame again true true,"['disgust', 'sadness']",['sadness'],['sadness'],['sadness']
pidgin_text_2053_emotion_1,you know this️️e dey pain me say this girl no dey related to meall of them for don sleep eternal sleep,"['anger', 'disgust']",['sadness'],"['anger', 'disgust']","['anger', 'disgust']"
pidgin_text_1866_emotion_1,is it that theres no good food in egypt these ones dey pass ball like say them never chop belle full see im not doing again im kuku not nigerian so ‍️,['disgust'],"['anger', 'disgust']",['disgust'],['disgust']
pidgin_text_4384_emotion_1,everyone is but me the one wey dey pain me pass na that morning parade they way dem dey wake people up they way dem dey shout on top people head,"['disgust', 'sadness']","['anger', 'disgust', 'sadness']","['disgust', 'sadness']","['disgust', 'sadness']"
pidgin_text_1316_emotion_1,bruhhhhh e dey vex me,['anger'],['anger'],['anger'],['anger']
pidgin_text_133_emotion_1,man o man beautiful girls choke this twitter o ahhhhhhh my phone don dey lag cos some of the photos dey heavy before loading bless you guys,['surprise'],"['joy', 'surprise']","['joy', 'surprise']","['surprise', 'joy']"
pidgin_text_3691_emotion_1,no be today we done ready for this fight na me na since my mama born me i done dey vex already ️ please rt if you love the vibe ️,['disgust'],['anger'],['joy'],[]
pidgin_text_2533_emotion_1,you wey don decay abegggg dear,['disgust'],"['anger', 'disgust', 'sadness']",['disgust'],['disgust']
pidgin_text_1239_emotion_1,asin ehh dey suppose just dey there house than to come collect,['disgust'],"['anger', 'disgust', 'fear', 'sadness', 'surprise']",['disgust'],['disgust']
pidgin_text_3999_emotion_1,lmao i just remembered akah and claire so as light no dey now how dem dey store their breast milk,"['disgust', 'surprise']","['joy', 'surprise']",['surprise'],['surprise']
pidgin_text_3517_emotion_1,the way you take dey talk next de sweet i hope one day e go reach my turn,['joy'],['joy'],"['fear', 'joy']",['joy']
pidgin_text_3216_emotion_1,i dey reason how people take dey like that level sha lol cos i nor fit enjoy pain,"['disgust', 'surprise']",['surprise'],['surprise'],['surprise']
pidgin_text_5848_emotion_1,bros your own better ooo my bank de charge me like say na them help me keep the money for there using other bank na them de collect from me and to use online banking na killing them de do me for there transactions go or e no go na them de collect,"['disgust', 'sadness']","['anger', 'surprise']","['disgust', 'sadness']","['disgust', 'sadness']"
pidgin_text_4576_emotion_1,to dey order things for boyfriend from vendors now go dey scare babes make dem no go dey do bedmatics delivery,['disgust'],"['anger', 'disgust', 'fear', 'sadness', 'surprise']","['disgust', 'fear']","['disgust', 'fear']"
pidgin_text_4804_emotion_1,wetin him de see for ground u no de see for on top treerespect ya elders,['disgust'],[],['disgust'],['disgust']
pidgin_text_710_emotion_1,i be the nigga wey go ginger you agali wey go head ball clean my license and focus my eye on you camera man with the head shot no let champagne popper dey dinger you apprentice wey dey learn work o come through give me kiss ogini that red handed,['joy'],[],[],[]
pidgin_text_1477_emotion_1,just tiri days into the kind of lies i dey see on this don dey off me,"['disgust', 'surprise']","['anger', 'disgust', 'surprise']",['disgust'],"['disgust', 'surprise']"
pidgin_text_3889_emotion_1,even me as a guy i was really offended when i saw it check well e fit be say na woman way bring out such tin,['disgust'],"['anger', 'disgust']",['anger'],"['disgust', 'anger']"
pidgin_text_854_emotion_1,come and buy o e don happen shoes wey dey make people turn heads shoes wey go make people smile at you no matter the situation market brekete size price dont snooze,['joy'],['joy'],[],['joy']
pidgin_text_6199_emotion_1,then man and woman fuuk for bible na the woman dem wan stone then drag am go city center go meet jesus now e be like man priick dey raise untop e secretary wey no know anything na the woman dem still sack religious men wont keep making women the victim e be things‍️,"['disgust', 'sadness']",['disgust'],"['disgust', 'sadness']","['disgust', 'sadness']"
pidgin_text_4700_emotion_1,watin da sup na boyz come out to protest for my side ajangbadi ojo lagos na e police don gun seven down and injured many with gunshot this lifes wont go down like dat this bad leaders must meet their waterloo and the times nowend bad governance our lives matter,"['anger', 'disgust']","['anger', 'sadness', 'surprise']","['anger', 'fear']",['anger']
pidgin_text_2013_emotion_1,we are starving in dis country pls epp us only d strong can survive dis pandemic try to understand peoples grievance anoda days the st days sef knws how it went fine u said we should stay home then u av to provide d needs for us we just dont want dis anymore,"['disgust', 'sadness']","['fear', 'sadness']",['sadness'],['sadness']
pidgin_text_4475_emotion_1,this shawarma no be wetin my belle won chop ooooo,['sadness'],"['disgust', 'sadness']",['sadness'],['sadness']
pidgin_text_2415_emotion_1,why are u deceiving us na if i dey hear this ting my hope dey faint,"['disgust', 'sadness']","['anger', 'fear', 'sadness', 'surprise']","['disgust', 'sadness']","['disgust', 'sadness']"
pidgin_text_3766_emotion_1,nna ehhdis chloroquine injection dey scratch me bad bad ouch,"['disgust', 'sadness']","['disgust', 'sadness', 'surprise']",['sadness'],"['disgust', 'sadness']"
pidgin_text_24_emotion_1,in all honesty eh that your pinned picture no day wey i no dey look ham i lost totally when your tweet first came to my tl im like what,['surprise'],['surprise'],"['joy', 'surprise']",['surprise']
pidgin_text_5566_emotion_1,this idiot don carry for illorin on number of occasion i cant stop counting oga friday thats is foolish name na f division i sabi am wella,['disgust'],"['disgust', 'surprise']",['disgust'],['disgust']
pidgin_text_5370_emotion_1,if you insult me on your tl concerning this matter na you e go catch ó if you say mad na you be mad etc,['disgust'],['anger'],['disgust'],['disgust']
pidgin_text_451_emotion_1,what are u trailing me im actually on my way to rccg youth convention and i just passed magodo sha look gooding gurl wey sabi geography,"['joy', 'surprise']","['joy', 'surprise']","['joy', 'surprise']","['joy', 'surprise']"
pidgin_text_1789_emotion_1,egboni dey akindeko forget food theftperson go shit inside bathroome con shit am inside dem bar soap cartonslike how the fuck did the person manage to do it,"['disgust', 'surprise']","['disgust', 'surprise']",['disgust'],"['disgust', 'surprise']"
pidgin_text_2418_emotion_1,see as sanwoolu dey chance me for eko bridge ahhh suffer dey this lagos i dey comot,"['disgust', 'sadness']","['disgust', 'surprise']",['disgust'],['disgust']
pidgin_text_2003_emotion_1,ray i greet una abeg why una never and no dey nack by abi una no like better tin,['surprise'],['surprise'],['surprise'],['surprise']
pidgin_text_3637_emotion_1,lewl na to hustle so that when my mother dey address herself for church she go be like im mrs badmus aka iya falilat lori twitter pelu k followers todi ambassador union bank,['joy'],"['joy', 'surprise']",['surprise'],"['joy', 'surprise']"
pidgin_text_5210_emotion_1,you remember stella stella wey get big nyash she dey on top my bed laidis she don see money she no wan go house again,['disgust'],['surprise'],"['disgust', 'sadness']",['disgust']
pidgin_text_4097_emotion_1,you don dey smoke auchi igbo abi,['disgust'],"['disgust', 'fear']","['disgust', 'surprise']",['disgust']
pidgin_text_1603_emotion_1,na demo o i dey overleverage steady the losing trades dey vex me,"['anger', 'disgust']","['anger', 'disgust', 'fear', 'sadness', 'surprise']",['anger'],"['anger', 'disgust']"
pidgin_text_4511_emotion_1,omo job hunting go humble you you go just dey greet everybody good morning sir im fine ma alright sir thank you ma the banks wey i go this morning i don waste my sir and ma on top their heads,"['disgust', 'sadness']","['anger', 'disgust', 'sadness']","['disgust', 'sadness']","['disgust', 'sadness']"
pidgin_text_3460_emotion_1,wetin i wan take beg you to followback na gtgtbeg me,['sadness'],[],['sadness'],['sadness']
pidgin_text_3804_emotion_1,twitter na dem done do naija kill switch na to jump start am remain,['disgust'],['disgust'],['disgust'],['disgust']
pidgin_text_496_emotion_1,this makeup fit am,['surprise'],['joy'],['surprise'],['surprise']
pidgin_text_4678_emotion_1,bbnaija na fraud how can you eliminate kim on top of that naija don commot for afcon,"['disgust', 'sadness']","['anger', 'surprise']","['anger', 'disgust']","['disgust', 'anger']"
pidgin_text_4152_emotion_1,please i want to sub na since morning service temporarily unavailable na hotspot person on for me so please na i want to sub and work the hotspot wont be on forever na whats happening,"['disgust', 'sadness']",['sadness'],"['anger', 'sadness']",['sadness']
pidgin_text_564_emotion_1,even me sef dey laugh,['joy'],['joy'],['surprise'],['joy']
pidgin_text_5450_emotion_1,omo to even run comot sef dey like herculean task what is this life,"['fear', 'sadness']","['fear', 'surprise']","['disgust', 'fear']",['fear']
pidgin_text_5051_emotion_1,fuck you this iphone no de gree na be like na drop box u go send am to sef,['disgust'],"['anger', 'disgust']",['disgust'],['disgust']
pidgin_text_5423_emotion_1,wetin this man dey do bayi even if country no get good leaders e never reach trying to commit suicide nah,"['disgust', 'surprise']","['fear', 'surprise']","['disgust', 'sadness', 'surprise']","['disgust', 'surprise']"
pidgin_text_386_emotion_1,im enjoying these heartbreak stories mehn e dey sweet like dodo ikire,['joy'],['joy'],['joy'],['joy']
pidgin_text_4979_emotion_1,make wuna stop dey like my tweets e dey make me think say don send me money i take god beg wuna i no want heart attack,"['fear', 'sadness']","['anger', 'sadness', 'surprise']","['fear', 'sadness']","['fear', 'sadness']"
pidgin_text_5766_emotion_1,me were no dey watch ball ohhhhhhh i say make i watch this one them flog us é for beta say make i no watch am now e dey like say na me them flog outrightly,"['disgust', 'sadness']","['sadness', 'surprise']","['disgust', 'sadness']","['disgust', 'sadness']"
pidgin_text_2076_emotion_1,be like wetin dem dey see for museum,['disgust'],['disgust'],['disgust'],['disgust']
pidgin_text_178_emotion_1,na this kain thing i dey like princess me,['joy'],['joy'],['joy'],['joy']
pidgin_text_5680_emotion_1,i nor understand oh i dont watch bbn but wetin this erica give una chop sef,"['disgust', 'surprise']","['anger', 'disgust', 'surprise']","['disgust', 'surprise']","['disgust', 'surprise']"
pidgin_text_5446_emotion_1,lmao do i look like one of their board member i think you should direct the question to barca no wan wise up,['disgust'],['surprise'],['disgust'],['disgust']
pidgin_text_1836_emotion_1,so im returning back to school and also writing exams that same week and im hearing the will do social distancing untop examomo e don red,"['fear', 'sadness']","['anger', 'fear', 'sadness', 'surprise']",['fear'],"['fear', 'sadness']"
pidgin_text_2645_emotion_1,fellas dis gals legit think we are made of iron ooo dats how they took umbrella today n left me inside rain dat hes a man not that ayam complaining its jst dat dis one am shivering like parkinsonian cockroach am not understanding ooo,"['disgust', 'sadness']","['fear', 'surprise']","['disgust', 'sadness']","['disgust', 'sadness']"
pidgin_text_6034_emotion_1,girl took weed from the ash tray my niqqas dey smoke put for my mouth bro hand wey i hit for table eh madam run go inside room lock me outside for lounge say na there i go sleep,"['disgust', 'surprise']","['disgust', 'sadness', 'surprise']","['disgust', 'surprise']","['disgust', 'surprise']"
pidgin_text_5807_emotion_1,wetin dey happen for betis that scoreline changed quickly chai would love to see jovicbenzema combo who say make i fleet o,"['disgust', 'sadness']",[],"['disgust', 'fear', 'surprise']",['disgust']
pidgin_text_1233_emotion_1,person wey e suppose go im room konk his head,['disgust'],['surprise'],['disgust'],['disgust']
pidgin_text_3338_emotion_1,e go clear for him eye make him first give us iv and asoebi then we go lay tell am how e dey go,['disgust'],['anger'],['disgust'],['disgust']
pidgin_text_98_emotion_1,i still dey try recover from fem e drop doubtingthomas now dem leak holy ground‍️ wetin i do e wan kill me with good music davido,"['joy', 'surprise']",['joy'],['joy'],['joy']
pidgin_text_6100_emotion_1,if the price doesnt fit you can go and buy goat im trouble dey price nairayou wont make heaven like this,['disgust'],['surprise'],['disgust'],['disgust']
pidgin_text_2325_emotion_1,armed robber walks in armed robber i know youre there me armed robber come out me armed robber u better come out now or else me armed robber na condition make cray fish bend me even cray fish wey straight na winch,"['fear', 'sadness']","['fear', 'surprise']",['disgust'],['fear']
pidgin_text_3237_emotion_1,baba dey do high taste high taste as him perceive the aroma of my jollof rice pops you don cook finish me nah e remain small pops i go chop oh,['surprise'],['surprise'],"['joy', 'surprise']",['surprise']
pidgin_text_1046_emotion_1,hehehhe guy the number of calls i don receive this period na die i dey do my job dey do customer care job too,['disgust'],"['sadness', 'surprise']","['disgust', 'sadness']","['disgust', 'sadness']"
pidgin_text_5252_emotion_1,i dey vex seriously faaa make dem start make we see sha or else na sunday igboho go take over their uniform last last,"['anger', 'disgust']","['anger', 'disgust', 'surprise']","['anger', 'disgust']","['anger', 'disgust']"
pidgin_text_1741_emotion_1,abeg i no ask again small kweshun wey i ask dem don hammer me,['disgust'],['anger'],['disgust'],['disgust']
pidgin_text_3870_emotion_1,go market go buy cow skin na cow skin no fit sweet like ponmo sef imagine person say peppered cow skin,['surprise'],['surprise'],"['disgust', 'surprise']",['surprise']
pidgin_text_4277_emotion_1,oyaaaaaaaaaaaaaaa akure is just dry no shayo nothing nothing my people for lagos dey drink shots like dis for mall i dey here dey dullll,['sadness'],"['anger', 'sadness', 'surprise']",['sadness'],['sadness']
pidgin_text_5757_emotion_1,aligo abeg help me give akpors hot slap dis morning cus he no sabi anythingi vote aligo joor,['disgust'],['disgust'],['disgust'],['disgust']
pidgin_text_3775_emotion_1,since it luks likely dat buhari will win wen d time comes i dnt wnt to hear cries frm ncstateskogikwaranassarawa nd couna well don o,['disgust'],"['anger', 'fear']","['anger', 'fear']","['anger', 'fear']"
pidgin_text_765_emotion_1,brymo is a gift to humanity we dont deserve him na society dey enforce the rule but na woman dey dictate the rule but wetin man go do na to break the rule for good what a gift what a blessing what a rendition what a talent i stan a living icon,['joy'],"['joy', 'surprise']",['joy'],['joy']
pidgin_text_4138_emotion_1,ehnnn you said wetin you no get respect,"['disgust', 'surprise']","['anger', 'disgust', 'sadness', 'surprise']","['anger', 'disgust']","['disgust', 'surprise', 'anger']"
pidgin_text_4921_emotion_1,wetin pain me na lfc way dey ur profile i for tell u word this morning i swear on god u for reason life but we never walk alone but make god no allow me catch u alone sha fit remove ur teethi lowkey mean am sha,"['anger', 'disgust']","['anger', 'fear', 'sadness']",['anger'],['anger']
pidgin_text_4969_emotion_1,god what is dis one na angel gabriel what is wrong with the trumpet na is it not clean enough blow d thing na were tired whose child and brother is this na lagos state,"['anger', 'disgust']","['anger', 'disgust', 'sadness', 'surprise']","['anger', 'disgust']","['anger', 'disgust']"
pidgin_text_732_emotion_1,bro be strong wahala non dey finish me self dey struggle i dey look up dey believe say light go shine soon dont allow a rough patch in your life tomake you think your whole life is worthless you dont judge a whole journey on the basis of one pothole hold on thngs go better,['sadness'],['sadness'],['sadness'],['sadness']
pidgin_text_662_emotion_1,this beat dey knock e enter like domot gbefun the punches in this song silly af my head don burst,['joy'],"['joy', 'surprise']",['joy'],['joy']
pidgin_text_4954_emotion_1,that naira wen dem add for drinks dey scatter money ehn,"['disgust', 'sadness']","['anger', 'sadness']","['disgust', 'sadness']","['disgust', 'sadness']"
pidgin_text_2775_emotion_1,go sympathize wit wit ur family cos u v taken nigeria out of sovereignty n put her in a zoo,['disgust'],['anger'],['disgust'],['disgust']
pidgin_text_5412_emotion_1,e don happen i don tell am motto don jam am,"['sadness', 'surprise']",['surprise'],"['sadness', 'surprise']","['sadness', 'surprise']"
pidgin_text_5424_emotion_1,man no dey ever use hin credit call me again na xoxo whatsapp every time,"['disgust', 'sadness']",['disgust'],['disgust'],['disgust']
pidgin_text_6198_emotion_1,was dem don lock am who unlock am sef me i no dey see road again oh,"['disgust', 'sadness']",['surprise'],"['fear', 'surprise']",['surprise']
pidgin_text_2379_emotion_1,who know make dem warn them this night oo which kind nonsense una dey practice na person go load card to credit person na problem to call for una to answer na problem if una allow me call my village people this night e nu go better for una o,"['anger', 'disgust']","['anger', 'disgust', 'sadness', 'surprise']","['anger', 'disgust']","['anger', 'disgust']"
pidgin_text_2271_emotion_1,dey press the weyrey like bread wey dey wan buy,['disgust'],['disgust'],['disgust'],['disgust']
pidgin_text_3551_emotion_1,got a show today mehnmake i go do wetin i sabi do once small,[],[],['joy'],[]
pidgin_text_3733_emotion_1,diya is in love and he doesnt like me again bastard no wan come magodo again all him weekend na for love im angry,"['anger', 'disgust']","['anger', 'sadness']",['anger'],['anger']
pidgin_text_3098_emotion_1,abeg why cooking gas dey always finish on sunday my rice dey swell like dis i,"['disgust', 'sadness']","['anger', 'surprise']",['sadness'],['sadness']
pidgin_text_5701_emotion_1,see obinna avoid me i fit injure you cos of this spoiler i just started season ffs,['anger'],['anger'],"['anger', 'disgust']",['anger']
pidgin_text_795_emotion_1,my gender and wahala wahala for who be nurseyou go turn nurse doctor consultant all at same time stop doing if you are not ready or better still take precautions na you people wee now be acting surprised o wrong now mtcheew,['disgust'],"['anger', 'disgust']",['disgust'],['disgust']
pidgin_text_547_emotion_1,geezussscherryi didnt recognize u againna ur eye be dise don tay oooi just read a chat we had wen i was a,['surprise'],['surprise'],['joy'],['surprise']
pidgin_text_3097_emotion_1,i dont wanna b on any ladys fucking dp next thing a guy will c u on de way and b like guy ar u hitting dat toowe hav been hitting dat for de past yrs welcome de league please hit de follow button,['disgust'],"['disgust', 'fear']",['disgust'],['disgust']
pidgin_text_4344_emotion_1,this days you no fit actually differentiate who actually get money and who dey broke true true all of una dey use una papa catch cruise,"['disgust', 'sadness']","['disgust', 'surprise']","['disgust', 'surprise']","['disgust', 'surprise']"
pidgin_text_6158_emotion_1,abeg e b like say hushpuppi don hack nysc account o allawee never enter o,"['fear', 'sadness']","['fear', 'surprise']","['fear', 'sadness']","['fear', 'sadness']"
pidgin_text_2092_emotion_1,youre mad see you wey you want use ₦ stake to win ₦ for bet naija who dash you crypto currencies and forex your ₦k bitcoin wey don enter dip you better go an start selling gala and get a life burna boy,['disgust'],"['anger', 'disgust']",['disgust'],['disgust']
pidgin_text_5658_emotion_1,e be like say the cutlass wey dey use carve your head carry your sense commot,['disgust'],"['disgust', 'surprise']",['disgust'],['disgust']
pidgin_text_8_emotion_1,happy birthday to you wish u long life and plenty moneyenjoy your dayand please no dey as u dey for dis pics today oooo make u do ur face well oga happy birthday once again,['joy'],['disgust'],['joy'],['joy']
pidgin_text_5918_emotion_1,masquerade wey say e won dance before say e no de dance again rest jhur,['disgust'],['surprise'],"['disgust', 'surprise']","['disgust', 'surprise']"
pidgin_text_1770_emotion_1,na here i dey since morning oo trying to get the perfect product picture is a struggle mehn im tired,"['disgust', 'sadness']","['anger', 'joy', 'sadness']",['sadness'],['sadness']
pidgin_text_1542_emotion_1,oga common sense use your common sense wen talking because every strong house starts from the foundationwe had yrs of bad governance and terrible looting of fundsyou people for yrs didnt do any betterall of una na the same thing so kindly shut up there,"['anger', 'disgust']","['anger', 'disgust']",['disgust'],"['anger', 'disgust']"
pidgin_text_220_emotion_1,hope say mouth never dy pain you no vex if e dy pain you na me cause m too sweet na why,['joy'],"['joy', 'surprise']","['fear', 'joy']",['joy']
pidgin_text_1336_emotion_1,e dey enter extra month why why you dey like this,"['disgust', 'sadness']",['anger'],"['disgust', 'sadness']","['disgust', 'sadness']"
pidgin_text_4018_emotion_1,lol this one na small na only the glass i go pick for ground because i go stone am for ground as e no high me i go pick am back for round,['disgust'],['anger'],['anger'],['anger']
pidgin_text_3274_emotion_1,na my guy e dey sweet to argue with am for tl,['joy'],['joy'],['joy'],['joy']
pidgin_text_1040_emotion_1,all dis things for us to vote u old men into power again oga goan rest una don ova do,['disgust'],"['anger', 'disgust']",['disgust'],['disgust']
pidgin_text_5211_emotion_1,maybe person wen sabi neva tough me na so all of them dey talk end up disappointed,"['disgust', 'sadness']",['disgust'],['fear'],['disgust']
pidgin_text_2358_emotion_1,una wey dey watch lucifer dey go hell fire how lucifer go good and angel micheal go bad small time god go bad hell fire with brimstone is waiting for yall that watch lucifer,"['anger', 'disgust']","['fear', 'surprise']","['anger', 'disgust']","['anger', 'disgust']"
pidgin_text_1352_emotion_1,neymar movingpsg£mthat is absolutelly crazyso if na crormessi nkoe go be£mna waoo,['surprise'],['surprise'],['surprise'],['surprise']
pidgin_text_391_emotion_1,rich men are funny men meeting for am casually moved to am and now pm its so funny that im contemplating on waiting here till pm because this house be like say na abroad i dey the ac is not even normal ac,['surprise'],"['anger', 'sadness', 'surprise']","['joy', 'surprise']",['surprise']
pidgin_text_3285_emotion_1,ah see aunty omo see aunty aunty wey dey write long aunty wey see turn off i hail you writer long i laugh in madagascarian way,['joy'],"['joy', 'surprise']","['disgust', 'surprise']","['joy', 'surprise']"
pidgin_text_3093_emotion_1,e don baff where were u wen d fools threaten dino not to com to sw doh akowe wit ur suit like bailee,"['anger', 'disgust']","['anger', 'disgust']",['disgust'],"['anger', 'disgust']"
pidgin_text_911_emotion_1,this dress is so comfortable i can say this because na me dey inside what im driving at is you should get yourself one or get one for someone ️️,['joy'],['joy'],['joy'],['joy']
pidgin_text_3308_emotion_1,so dem dey press breast for cinema,"['disgust', 'surprise']","['disgust', 'surprise']",['surprise'],"['disgust', 'surprise']"
pidgin_text_2090_emotion_1,ah she said it oh she was like the small money wey you save nai you take dey branama like say you get pass like that you for move commot for house na and she used her warri accent,"['sadness', 'surprise']","['disgust', 'surprise']","['sadness', 'surprise']","['sadness', 'surprise']"
pidgin_text_729_emotion_1,as u dey fine like this na dem dey rush us,['surprise'],['joy'],['surprise'],['surprise']
pidgin_text_4296_emotion_1,the only thing wey pain me for that mi and vector diss na say e call am lanre like say na him born am,"['anger', 'disgust', 'fear']","['anger', 'sadness']",['anger'],['anger']
pidgin_text_5247_emotion_1,fat boys like us we dey find wife but dem no dey rush us dem no dey rush us,['sadness'],"['sadness', 'surprise']",['sadness'],['sadness']
pidgin_text_1662_emotion_1,na wa oooooo i no fit do dis una work o wahlai d attachment is strong even me i am having chills na so mr google go just disappear,['sadness'],"['anger', 'fear', 'sadness', 'surprise']",['fear'],"['sadness', 'fear']"
pidgin_text_1043_emotion_1,here u go again hypocrisy personified before u start guessing na me corper wen dey everywhere like mtn,['disgust'],['disgust'],['disgust'],['disgust']
pidgin_text_3850_emotion_1,do u even care about my mental health see wetin u dey chop and i never chop since are you sure you care about me bayiii,"['disgust', 'sadness']",['sadness'],"['fear', 'surprise']",['sadness']
pidgin_text_1989_emotion_1,e be like say time don reach sef na who naira epp,['disgust'],"['anger', 'disgust']",['surprise'],['disgust']
pidgin_text_4373_emotion_1,shame is catching me to confess i once crushed on a big time oleeee she could do no wrong in my eyes until i heard d story how she was tearing race after bubu for airport tarmac after elections na den ma eyes open thank god buhari no be small spirit sef imagine,"['disgust', 'sadness']","['anger', 'disgust', 'surprise']","['disgust', 'sadness']","['disgust', 'sadness']"
pidgin_text_1600_emotion_1,who baba please chop pepper oo e be like say u don high oo sevilla beat me bawo,"['disgust', 'sadness']","['anger', 'disgust']","['disgust', 'sadness']","['disgust', 'sadness']"
pidgin_text_5091_emotion_1,i just asked a friend this question now shey you sabi say world cup dey this year he went ohhhhhh so world cup dey na true o the last one na message this russia world cup is the least publicised marketing dept for the wc is poor good morning,"['disgust', 'surprise']",['surprise'],"['disgust', 'surprise']","['disgust', 'surprise']"
pidgin_text_1723_emotion_1,moh people wey won epp me dey here now shey you won make i dey drink garri everyday ni how i go send you money you moh i don commot for you sir ️,"['disgust', 'sadness']","['disgust', 'sadness']","['disgust', 'surprise']","['disgust', 'sadness']"
pidgin_text_714_emotion_1,i got an alert but i dont know who sent it ah god of umu ogbenyi i bless your name god of ndi ne ewe gi nne na nna i thank you na me you dey look after like this i will always speak of your goodness in my life,['joy'],"['joy', 'surprise']",['joy'],['joy']
pidgin_text_4652_emotion_1,i forgot that grandpa had bought something and asked me to pay i come dey scatter house like mad woman morning don come now bill don start to dey show i no do adulthood again ooo,"['disgust', 'sadness']","['anger', 'sadness']","['fear', 'sadness']",['sadness']
pidgin_text_5728_emotion_1,e be like say different teams dey lol segalink vs ogbeni dipo vs ydp the first two dey fight for who go take the shine for the last one wan hijack the protest from to but who dey fund ydp lol,"['disgust', 'surprise']",['surprise'],['surprise'],['surprise']
pidgin_text_1546_emotion_1,i dey inside church guy i just happy say dis cwo woman no sabi read,['joy'],"['fear', 'joy']",['joy'],['joy']
pidgin_text_5029_emotion_1,na so them sabi ooo you think sey na one better money them want withdraw,['disgust'],['anger'],['disgust'],['disgust']
pidgin_text_5597_emotion_1,no light no football to watch no game to hold body sef transfomer don spoil no bae to quarantine with some of us no go dey well in this social distancing period,"['disgust', 'sadness']","['fear', 'sadness']","['disgust', 'sadness']","['disgust', 'sadness']"
pidgin_text_2970_emotion_1,uriel ur time is comingdey form caring wit ur black assacting like she caresand gosh she can talk africa,['disgust'],"['anger', 'disgust', 'surprise']",['disgust'],['disgust']
pidgin_text_289_emotion_1,pending the time im away from my tv enjoying chief kim a korean dramai cant help laughing abeg i dey come oo,['joy'],[],['joy'],['joy']
pidgin_text_2864_emotion_1,guess them don chop ope finish oo,['disgust'],"['fear', 'sadness']",['disgust'],['disgust']
pidgin_text_4449_emotion_1,walai i go pour salt inside all these generators e be like people wan dey compete for ment inside my compound wetin be all these noise ffs,"['anger', 'disgust']","['anger', 'disgust']","['anger', 'disgust']","['anger', 'disgust']"
pidgin_text_1874_emotion_1,guys how fashey corona don catch kush again if you see wetin dem sell for me for k,"['sadness', 'surprise']",['surprise'],"['disgust', 'surprise']",['surprise']
pidgin_text_4669_emotion_1,is this how mazi go comot twitter without blessing me i don keep tab since ekiti election so tey i don lose weight,"['fear', 'sadness']","['sadness', 'surprise']","['fear', 'sadness']","['fear', 'sadness']"
pidgin_text_4655_emotion_1,person wey carry league dey improve squad the idiots wey come at rd position dey do like bastard whats this stress,"['disgust', 'surprise']","['anger', 'disgust', 'fear', 'sadness', 'surprise']","['disgust', 'fear']","['disgust', 'surprise', 'fear']"
pidgin_text_5506_emotion_1,omo na only me de hear dis noise from d street of lagos dangote truck de pass and a car wit siren and all d danfo buses lol dis to prove to una say na naija we de run dis show live,"['disgust', 'surprise']","['disgust', 'surprise']","['disgust', 'sadness']","['disgust', 'surprise']"
pidgin_text_1231_emotion_1,no dey stress me,['disgust'],['anger'],['disgust'],['disgust']
pidgin_text_4429_emotion_1,oluwa wetin dey happen for netflix dem go use am sub their exestweets like if i had stayed with that one maybe thats how i would have ended,"['disgust', 'fear']","['anger', 'fear', 'sadness']","['disgust', 'fear']","['disgust', 'fear']"
pidgin_text_6016_emotion_1,this gen wey we dey take charge for mosque don stop to dey work tragic our only hope in this hood,"['disgust', 'sadness']",['sadness'],['sadness'],['sadness']
pidgin_text_3944_emotion_1,even me minding my business is a lot to handle ‍️ talk less of you wey nor dey add anything to my existence abeg ee,['disgust'],"['anger', 'disgust']","['anger', 'disgust']","['disgust', 'anger']"
pidgin_text_1622_emotion_1,wetin people wey no like sports dey do with their lives because what is this nonsense life,"['disgust', 'surprise']",['disgust'],"['disgust', 'surprise']","['disgust', 'surprise']"
pidgin_text_5192_emotion_1,e dey pain me i been get people wey wan knack me but i dey form good boyfriend,"['disgust', 'sadness']",['sadness'],"['disgust', 'sadness']","['disgust', 'sadness']"
pidgin_text_5684_emotion_1,and you think say na only for love dem fit break your heart have you visited someone and he brought out food and said come chop o only to come n see just one meat inside plate,"['disgust', 'sadness']","['anger', 'surprise']","['disgust', 'surprise']","['disgust', 'surprise']"
pidgin_text_1537_emotion_1,ofe owerri with a difference made with goatmeat pomo snail cowleg smoked catfish smoked panla stop killing those that are patronizing me na person wey dey alive dey chop i deliver to anywhere in lagos,['joy'],['joy'],['disgust'],['joy']
pidgin_text_2781_emotion_1,dear jack you dont want to know how many years i been here tweeting regularly before i managed to get to k fllwers weeks ago abeg e don do no remove my fllwrs again,"['disgust', 'sadness']","['anger', 'disgust', 'sadness', 'surprise']","['disgust', 'sadness']","['disgust', 'sadness']"
pidgin_text_4542_emotion_1,prevention is better than cure but this lock down no go work because na wen man comot na him man go chop this post is for those politicians just like una gave us rice salt and made tshirt during campaign,"['disgust', 'sadness']","['anger', 'sadness']","['anger', 'disgust']","['disgust', 'sadness', 'anger']"
pidgin_text_1625_emotion_1,nigerian men really need to be more romantic ffss wetin be this ‍️,['disgust'],['disgust'],['disgust'],['disgust']
pidgin_text_556_emotion_1,i swear jide read pass me for that exam i was too confident like wetin baba wan set wey i no go sabi baba sly me,['disgust'],"['anger', 'sadness']",['sadness'],['sadness']
pidgin_text_3173_emotion_1,she don smell am na top tea dey there not coffee,['surprise'],['surprise'],['disgust'],['surprise']
pidgin_text_5119_emotion_1,this guys small challenge una go de oppress us,"['disgust', 'sadness']","['anger', 'sadness']","['disgust', 'sadness']","['disgust', 'sadness']"
pidgin_text_3141_emotion_1,lmafoooooooooooooooooooooo your avi sef na hornywell,['disgust'],"['joy', 'surprise']",['surprise'],['surprise']
pidgin_text_902_emotion_1,im hearing some good things about owerri female students omo e be like sey na there i go do my masters oooo,['surprise'],"['joy', 'surprise']",['surprise'],['surprise']
pidgin_text_4838_emotion_1,why u dey yan like say u fit spank gal wey never love u back she will spank u back hard but that will be on your face bro,"['disgust', 'surprise']","['anger', 'fear', 'sadness', 'surprise']","['disgust', 'sadness', 'surprise']","['disgust', 'surprise', 'sadness']"
pidgin_text_1433_emotion_1,e be like say dem don curse these guys o,['disgust'],"['anger', 'disgust', 'fear', 'sadness', 'surprise']","['disgust', 'surprise']","['disgust', 'surprise']"
pidgin_text_3725_emotion_1,just when i was wondering when next youll tell us a story i woke up to this nice piece and yeah jos cold die at least you don dey get expo in wetin to expect for canada,['surprise'],"['joy', 'surprise']","['joy', 'surprise']","['surprise', 'joy']"
pidgin_text_865_emotion_1,money go fit me,['joy'],[],[],[]
pidgin_text_385_emotion_1,lol cross na werey somebody e just wake up go dey chop person noodles,"['disgust', 'surprise']","['joy', 'surprise']",['disgust'],"['disgust', 'surprise']"
pidgin_text_4632_emotion_1,e come be like say trophuse dey vex for us,"['fear', 'surprise']",['anger'],"['fear', 'surprise']","['fear', 'surprise']"
pidgin_text_2484_emotion_1,hello i no read again wetin wan xup make e xup,"['anger', 'disgust']",['anger'],"['disgust', 'sadness']","['anger', 'disgust']"
pidgin_text_5652_emotion_1,so man u go lose to villarreal wey sevilla dey beat wey we mend,"['disgust', 'surprise']",['surprise'],"['disgust', 'surprise']","['disgust', 'surprise']"
pidgin_text_4428_emotion_1,lol really though why una always dey give us middle finger for your pictures na we offend you,"['disgust', 'surprise']","['anger', 'disgust', 'sadness']","['disgust', 'sadness']","['disgust', 'sadness']"
pidgin_text_1677_emotion_1,i sew fine cream voil fabric i starch am i reach aose i baff i chop i wear my starched kaftanspray small calvin klein perfume heading out for vigil na so rain start ojo pa mi drip ti lazzdent,"['disgust', 'sadness']","['anger', 'disgust', 'fear', 'sadness', 'surprise']",['sadness'],"['disgust', 'sadness']"
pidgin_text_615_emotion_1,ah aha check ur callender now we are still in march ooo ok dont worry i no go spend too much just take to iya kemi ologufegoat meat,['surprise'],['fear'],['surprise'],['surprise']
pidgin_text_6065_emotion_1,omo na wetin be all this one na gig don finish again wey na monday afternoon i suball this isps tho,"['disgust', 'sadness']",['surprise'],"['disgust', 'sadness']","['disgust', 'sadness']"
pidgin_text_231_emotion_1,happy people wetin others been dey drag for years you go pull through in days kids wey go bring follow come crown na im elédùmarè go give you small hustle plenty money with peace of mind may the god grant your wishes strengthen your medulla and make you bigger,['joy'],[],['joy'],['joy']
pidgin_text_2440_emotion_1,sometimes i forget that parts of s mural in my room is glow in the dark e dey sweet when i walk in and eyes dey look me best gift ️,['joy'],"['joy', 'surprise']",['joy'],['joy']
pidgin_text_5584_emotion_1,me i cant wait to leave dis sch na passport be dis abi warris dis one again nsuk wil not kill person haba,"['disgust', 'surprise']","['disgust', 'surprise']","['disgust', 'surprise']","['disgust', 'surprise']"
pidgin_text_3653_emotion_1,nah today e don tey nah i just dey manage this place dey wait the day wey i go enter my country of origin wey be canada,"['disgust', 'sadness']",['joy'],['sadness'],['sadness']
pidgin_text_4390_emotion_1,omo this one don pass horror film o ‍️‍️ if na rough play stop am abeg see fante na,"['disgust', 'fear']",['surprise'],"['disgust', 'fear']","['disgust', 'fear']"
pidgin_text_2392_emotion_1,see what im talking about long day yesterday today im suppose to sleep till noon but no im up by dont think my body actually likes me,"['disgust', 'sadness']",['sadness'],"['disgust', 'sadness']","['disgust', 'sadness']"
pidgin_text_5279_emotion_1,dem don carry light again which kain life,"['disgust', 'sadness']",['sadness'],"['anger', 'sadness']",['sadness']
pidgin_text_3394_emotion_1,urs is wit me my bestfriend finally got her baby back im so happy for her meanwhile im still tryna get my baby back‍️,"['joy', 'sadness']",[],"['joy', 'sadness']","['joy', 'sadness']"
pidgin_text_5722_emotion_1,na today una know say dsf na liar if she fit talk say cab guy be wan rape her for am when she nor get destination she can do anything just to be relevant failed actress abi wetin she dey do for a living again tcheww,"['anger', 'disgust']","['disgust', 'surprise']","['disgust', 'surprise']","['disgust', 'surprise']"
pidgin_text_2760_emotion_1,see wetin ed woodword dey cause ‍️,"['disgust', 'sadness']",['disgust'],"['disgust', 'sadness']","['disgust', 'sadness']"
pidgin_text_2411_emotion_1,chai so true true this children will not do gongoni play pikiin don dey own car i never sabi to drive sef this life sha,"['sadness', 'surprise']",[],"['sadness', 'surprise']","['sadness', 'surprise']"
pidgin_text_5001_emotion_1,and dem no go tell us,['disgust'],"['anger', 'surprise']",['disgust'],['disgust']
pidgin_text_5556_emotion_1,you country nor dey there too zimbabwe una nor even dey talk self talkless of speak english,['disgust'],['disgust'],['sadness'],['disgust']
pidgin_text_5449_emotion_1,not his fault na our people wey dey encourage him,['disgust'],"['anger', 'disgust']",['disgust'],['disgust']
pidgin_text_4319_emotion_1,asin ehn e de pain you go see them use cake de passoya give me small cake make i chop them go say na for house people like say i no get house,['disgust'],"['anger', 'surprise']","['anger', 'disgust']","['disgust', 'anger']"
pidgin_text_137_emotion_1,mama di mama na you after you na you again wutttttttttttttt,['surprise'],['joy'],['surprise'],['surprise']
pidgin_text_4791_emotion_1,who get phone wey e no de use again my phone has spoilt last last the screen be like e de high dey touch here and thereyo type this tweet na war epppp,['sadness'],['sadness'],['sadness'],['sadness']
pidgin_text_5353_emotion_1,lmao dey behave like person with tumor wey know say las las den no fit comot am sha las las go bald,['disgust'],['disgust'],"['disgust', 'surprise']",['disgust']
pidgin_text_4440_emotion_1,hello na she be this na sha wan spoil the trend,['disgust'],"['anger', 'disgust']",['disgust'],['disgust']
pidgin_text_5919_emotion_1,na why no gree enter love for yrs now oohhshey we no go carry am go bath dis geh for river now eehnn,['disgust'],"['disgust', 'surprise']","['disgust', 'fear']",['disgust']
pidgin_text_1293_emotion_1,asin ehn next weeks should coke already these exams should end aidy arbi ewo gan ni sef,"['disgust', 'sadness']","['anger', 'disgust', 'fear', 'sadness', 'surprise']","['disgust', 'sadness']","['disgust', 'sadness']"
pidgin_text_1311_emotion_1,guy e dey shook me oh,['surprise'],['surprise'],['surprise'],['surprise']
pidgin_text_4951_emotion_1,na when sleep de sweet na ein b d time de sabi disturb pass,['disgust'],"['anger', 'sadness', 'surprise']","['anger', 'disgust']","['disgust', 'anger']"
pidgin_text_5681_emotion_1,if person na arsenal fan abeg e dey cause mental disorder,"['disgust', 'sadness']","['fear', 'sadness']",['disgust'],"['disgust', 'sadness']"
pidgin_text_3545_emotion_1,abeg yoruba is a beautiful language and na curse dey sweet pass,['joy'],[],['joy'],['joy']
pidgin_text_3364_emotion_1,bruh my favs in order bank on it wetin dey sup no fit vex onyeka monsters you made time flies wonderful level up alarm clock way too big real life when i think about it its not even in order i no get fav las las,['sadness'],['disgust'],['disgust'],['disgust']
pidgin_text_2505_emotion_1,stanley small match person match hin feet e don headbutt person,"['disgust', 'surprise']",['surprise'],"['disgust', 'surprise']","['disgust', 'surprise']"
pidgin_text_5634_emotion_1,dear anon i don wait sote i don dey loose weight ooooo,['sadness'],['fear'],"['disgust', 'sadness']",['sadness']
pidgin_text_1281_emotion_1,biggie na next year you wan call kidd enter diary room to choose his deputy,['disgust'],['surprise'],['disgust'],['disgust']
pidgin_text_2607_emotion_1,baba help me interpret am to am na i talk am because na lie be that press releaseyou know how many people that report don mislead baba abeg tell am say na wetin i call am be thati dey here dey wait,"['anger', 'disgust']","['anger', 'disgust', 'sadness']","['anger', 'disgust']","['anger', 'disgust']"
pidgin_text_5672_emotion_1,the passenger don shit dia panties wow,"['disgust', 'surprise']","['fear', 'surprise']","['disgust', 'surprise']","['disgust', 'surprise']"
pidgin_text_423_emotion_1,remember that kpalas wet i bin talk say ur music help me getomod girl say anytime i play appian way e dey always make am horny no jokesluckily for me appian way is always on repeat whenever she around,['joy'],"['joy', 'surprise']",['joy'],['joy']
pidgin_text_2665_emotion_1,ole go the act like say ehn know wetin e dey do,['disgust'],"['disgust', 'surprise']",['disgust'],['disgust']
pidgin_text_1121_emotion_1,now she want to sing khafi abi na gadafi na fuel i de use abeg ja hard,"['disgust', 'sadness']","['anger', 'disgust', 'sadness', 'surprise']",['disgust'],"['disgust', 'sadness']"
pidgin_text_1565_emotion_1,lol na so e pain you lowlife pls caput quietly abeg dont smell here,['disgust'],['disgust'],['disgust'],['disgust']
pidgin_text_172_emotion_1,so na u they reply on his behalf weldon,['disgust'],"['anger', 'surprise']",['disgust'],['disgust']
pidgin_text_4416_emotion_1,era for slayqueen don chill na level now make we sef do our shakara till this year end na pana all my guys out there fine boyz like us,['joy'],['joy'],['joy'],['joy']
pidgin_text_2827_emotion_1,lmao go wetin because of who dey abeg make we rest,['disgust'],[],['disgust'],['disgust']
pidgin_text_517_emotion_1,haba exams that has made you avoid a fellow ogoja brother for this long congratulations big brother more more more to come how we celebrating na make i buy you beer na abi you no dey drink like me,"['joy', 'surprise']","['anger', 'joy', 'sadness', 'surprise']",['joy'],"['joy', 'surprise']"
pidgin_text_4859_emotion_1,stop telling me im too young to be this worried im the only son no sponsor in sight im so worried for my future my family future etc,"['disgust', 'sadness']","['fear', 'sadness']","['fear', 'sadness']","['sadness', 'fear']"
pidgin_text_2099_emotion_1,when sarz said thats cute and then played a mad jam i felt bad for shizzi e call person hard work cute,['sadness'],['surprise'],['sadness'],['sadness']
pidgin_text_5664_emotion_1,i spend k on transport every month my work no dey heaven oo na lagos i dey work,"['disgust', 'sadness']","['disgust', 'sadness', 'surprise']","['disgust', 'sadness']","['disgust', 'sadness']"
pidgin_text_4089_emotion_1,some pipu hypocrisies dey stink fine u dont like rosie bt she postd pics of herself in cegar brand wear instead of u at list b happy d patronageuna stil dey spill billes bout her in d wears oloun some pipu hearts na hatred fulam notin u can do please em,"['anger', 'disgust']",['disgust'],"['anger', 'disgust']","['anger', 'disgust']"
pidgin_text_3853_emotion_1,bro na waiting the country de push us to,"['disgust', 'fear']",['anger'],"['disgust', 'sadness']",['disgust']
pidgin_text_2824_emotion_1,more than any other act haba abeg sweetie don meet wizzy abi u don see her listen to his pre released or is she a nigerian she fit speak pidgin am done coz u are typically dumb like others una say dem de do pr for unreleased song,['disgust'],"['disgust', 'joy']","['disgust', 'surprise']",['disgust']
pidgin_text_4950_emotion_1,wetin be this abeg,['disgust'],"['anger', 'sadness']","['disgust', 'fear', 'sadness']","['disgust', 'sadness']"
pidgin_text_3529_emotion_1,stay there and be doubting in my presence someone won k another won gees with naira with carefully selected games na so you go dey there dey doubt men go dey cash out,['disgust'],['surprise'],['disgust'],['disgust']
pidgin_text_5390_emotion_1,i cross my boundary with an arsenal fan tonight till i was told we chelsea fans dont deserve happiness na me go find wahala dem still come beat me come back home,['sadness'],"['sadness', 'surprise']","['disgust', 'sadness']",['sadness']
pidgin_text_4526_emotion_1,one of my neighbors like this just imagine noise of gen wey dem dey use muscle on,['disgust'],"['anger', 'disgust']","['anger', 'disgust']","['disgust', 'anger']"
pidgin_text_4339_emotion_1,and i no fit wake her to clean her up else i don enter one chance please what can i give baby to reduce the smell from her poop biko before e restrain my air flow o,"['disgust', 'fear']",[],"['disgust', 'fear', 'sadness']","['disgust', 'fear']"
pidgin_text_585_emotion_1,special shoutouts to the smart ladies getting it on their own una dey give us hope sey life no dey revolve only around bum bum,['joy'],['joy'],['joy'],['joy']
pidgin_text_3583_emotion_1,over proud sef of my belle,['joy'],"['disgust', 'joy']",['joy'],['joy']
pidgin_text_238_emotion_1,my broda out with a dope tune but as you dey pop champagne abeg give me some beer so that everybody go dey alright support good musiclink pon his bio,['joy'],['joy'],[],['joy']
pidgin_text_766_emotion_1,never gonna carry any man on my head again sha na so i put one for header ready to paste him on my forehead sef dey love up and down till i checked his phone i wanted to faint,['disgust'],"['disgust', 'surprise']","['disgust', 'fear']",['disgust']
pidgin_text_2331_emotion_1,me wey tweet about the ep for my tl sef no dey lucky god when,['sadness'],['sadness'],['sadness'],['sadness']
pidgin_text_4067_emotion_1,esther dey advise mercy make she no break up with ikeshe no no say na her coin cause fightmercy dey cry ooo inside life,['surprise'],['surprise'],"['disgust', 'surprise']",['surprise']
pidgin_text_6028_emotion_1,lmao people don dey defend project for biz ad but i still dey chapter this is the real god when,['sadness'],"['sadness', 'surprise']","['sadness', 'surprise']","['sadness', 'surprise']"
pidgin_text_3043_emotion_1,ahhhhthem don find winnie wahala,['surprise'],['fear'],['surprise'],['surprise']
pidgin_text_6118_emotion_1,i just dey iron eid cloth and light don spoil on top grid wey don collapse,"['disgust', 'sadness']","['sadness', 'surprise']","['disgust', 'sadness']","['disgust', 'sadness']"
pidgin_text_6132_emotion_1,e funny to you as well im surprised how i missed this since morning sodiq sef nah ladokite,['surprise'],['surprise'],"['disgust', 'surprise']",['surprise']
pidgin_text_5079_emotion_1,i dont get your statement so me i dey behave like person wey dey high or mad ikunle abiyamo o why me as example,"['sadness', 'surprise']","['anger', 'sadness', 'surprise']","['anger', 'disgust', 'surprise']","['sadness', 'surprise', 'anger']"
pidgin_text_3124_emotion_1,it is all these kain shot shooting that we want this las las it wee na end in picking a date for weddingthen you wee na start sourcing for souvenirs you should remember thats,['joy'],['anger'],"['joy', 'surprise']",['joy']
pidgin_text_4539_emotion_1,this morning i woke up and decide to spy on twitter for some good new but no i was angry share money e nor reach me too share i still dey hope share the same story do too e nor reach me abeg who i offend,"['fear', 'sadness']","['anger', 'sadness', 'surprise']","['anger', 'fear']","['fear', 'sadness', 'anger']"
pidgin_text_327_emotion_1,wow if e dey e dey if e no dey e no dey u no fit fake am,"['disgust', 'surprise']","['joy', 'surprise']",[],['surprise']
pidgin_text_2865_emotion_1,this arsenal team should stop being a seconds man first half na fire fire second half inyuo small thing una don tire tufiakwa,"['anger', 'disgust']","['anger', 'disgust', 'sadness', 'surprise']",['disgust'],"['anger', 'disgust']"
pidgin_text_5691_emotion_1,when u love someone they will be using you to do shakara but boom as feelings no dey again na dat time dem go begin catch their own feelings this life sef‍️‍️‍️,['disgust'],"['anger', 'surprise']","['disgust', 'sadness']",['disgust']
pidgin_text_1573_emotion_1,you no hear wetin malaria dey do us bah na proud you hear,['disgust'],"['anger', 'disgust', 'fear', 'sadness', 'surprise']",['disgust'],['disgust']
pidgin_text_3957_emotion_1,shey una dey see am as cult clashes dey spoil things for us in awka,"['disgust', 'sadness']","['anger', 'sadness']","['disgust', 'sadness']","['disgust', 'sadness']"
pidgin_text_4926_emotion_1,abeg make una the caption pishure well na make person no go the ask for person number weh don go great beyond,"['disgust', 'fear']","['disgust', 'sadness']","['disgust', 'fear']","['disgust', 'fear']"
pidgin_text_4593_emotion_1,whys supersport doing us this kinda strong thing naaa na bad chelsea badno be say we be alaba nollywood movie wey don crack finish naa,"['disgust', 'sadness']",['anger'],"['disgust', 'sadness']","['disgust', 'sadness']"
pidgin_text_1193_emotion_1,all major estates in lekki and some other places where i go pay million per year or more sef no dey nigeria but na naija international dem be light no dey nigeria how true is this,['surprise'],"['disgust', 'surprise']",['surprise'],['surprise']
pidgin_text_5286_emotion_1,in i was picked up in front of that same gbagada station on a saturday morning for not observing environmental sanitation and i had to part with k laughed at me and said why you go allow dem chop you just like that im still pained,['sadness'],['sadness'],"['disgust', 'sadness']",['sadness']
pidgin_text_1635_emotion_1,lol there is no key and there is no heart gan sef na only conscience dem get and even the conscience sef no dey too work like that,['disgust'],"['disgust', 'surprise']",['disgust'],['disgust']
pidgin_text_30_emotion_1,lmao me wey been dey think say na something dey do me,['surprise'],"['joy', 'surprise']",['fear'],['surprise']
pidgin_text_5785_emotion_1,wetin de there to pay person na kk na wa for u oo,"['disgust', 'surprise']","['sadness', 'surprise']","['disgust', 'surprise']","['disgust', 'surprise']"
pidgin_text_3288_emotion_1,people who bought phones at computer village and saw fufu in di pack when they got home how una take do di fufu you chop di fufu abi you troway am i want to know,['surprise'],"['anger', 'surprise']",['surprise'],['surprise']
pidgin_text_2806_emotion_1,be like his own yahoo juju don expire so na like that dey wan take kpai him how will a right thinking human jump from the th floor,"['disgust', 'surprise']","['disgust', 'surprise']","['disgust', 'sadness']","['disgust', 'surprise']"
pidgin_text_4682_emotion_1,called my guy in lagos today and was just trolling him small me ive been hearing tankers falling along the road in lagos everywhere causing traffic wetin dey happen him yes oh just like ive been hearing about pastors raping everyone in abuja how e dey happen im hurt,"['disgust', 'sadness']",[],"['anger', 'sadness']",['sadness']
pidgin_text_1552_emotion_1,the thing dey go round e be like say them dey serve amon a platter these days,['surprise'],"['fear', 'surprise']",['surprise'],['surprise']
pidgin_text_1393_emotion_1,the energy wey i put for love if i use am learn mechanic i for don sabi repair train i swear,"['disgust', 'sadness']","['anger', 'sadness', 'surprise']","['disgust', 'sadness']","['disgust', 'sadness']"
pidgin_text_5015_emotion_1,tboss dey learnyou see ceec lasan e go dey do you like say make you stone your tv,['disgust'],['disgust'],"['anger', 'disgust']",['disgust']
pidgin_text_1557_emotion_1,i ask this guy can you make this shoe shoe maker oga i fit run am na small work i ask him again you sure say you fit do am shoe maker ahh oga u dey doubt me i go shock you now see truly dis mad man has shocked me,"['disgust', 'surprise']","['anger', 'surprise']",['anger'],"['surprise', 'anger']"
pidgin_text_6070_emotion_1,this is what you get when blockheads who like using religiously conservative dogmas as their shield to take canvass for more bribes get to hold on to powersilly laws wen no dey ever make sense in view and na man and woman keke be our problem for kano now abi faaccckk,['disgust'],['disgust'],"['disgust', 'surprise']",['disgust']
pidgin_text_5786_emotion_1,see dem dey wil not mind dia business,['disgust'],"['anger', 'disgust', 'surprise']",['disgust'],['disgust']
pidgin_text_5066_emotion_1,na which kain problem be this one na i dodged a bullet as an undergrad this one wan start all that male stalking again menascum,"['disgust', 'fear']","['disgust', 'sadness']",['disgust'],['disgust']
pidgin_text_5495_emotion_1,been reading since morning nothing seems to be happening im not feeling like einstein but book wey no enter head go enter hall im tired,"['disgust', 'sadness']",['sadness'],"['disgust', 'sadness']","['disgust', 'sadness']"
pidgin_text_2447_emotion_1,e don tey wey i kiss sha,['sadness'],['sadness'],['sadness'],['sadness']
pidgin_text_6068_emotion_1,where are you people seeing all these true love youre doing na me too im finding na help me to find na,"['sadness', 'surprise']",['surprise'],"['sadness', 'surprise']","['sadness', 'surprise']"
pidgin_text_5407_emotion_1,goddy those peeps they make me para na only dem we never finish sadau own hisbah dey there jumping on saudi arabia king again cos of handshake,['disgust'],"['anger', 'surprise']","['disgust', 'surprise']","['disgust', 'surprise']"
pidgin_text_5103_emotion_1,your relationship is not even defined yet you don dey mark territory the insecurity stinks be giving someone unnecessary headache on top stan ko shi danu funmi mehnnnn make i stan my partner in breast dorathy,['disgust'],"['anger', 'disgust']","['disgust', 'sadness']",['disgust']
pidgin_text_621_emotion_1,i lyk myself na your advice i wan follow nau rt lol oya na make we enter alter,['joy'],['joy'],['joy'],['joy']
pidgin_text_1704_emotion_1,if dem give am the nd pk chelsea for dey th now dey there dey vex,['disgust'],"['anger', 'disgust']",['disgust'],['disgust']
pidgin_text_836_emotion_1,i never ask anything from you im a titan im not good and im dry please bless me anyhow my queen even if na small i just want to have the mouth that you noticed me my queen,['sadness'],['joy'],['sadness'],['sadness']
pidgin_text_3908_emotion_1,but seriously why wizkid go dey do like this e dey starve us nah i pray he repent shaa,['disgust'],"['anger', 'sadness']",['disgust'],['disgust']
pidgin_text_5382_emotion_1,if thunder for dey strike our presidents based on their swearing in oaths on may only general murtala mohammed for still dey alive todaythe rest for don roast like corn,['disgust'],"['anger', 'disgust', 'fear']","['anger', 'disgust']","['disgust', 'anger']"
pidgin_text_2514_emotion_1,wahala psg wey dey win don dey draw now left win from one ticket to boom to tickets,"['disgust', 'sadness']","['anger', 'fear', 'sadness', 'surprise']",['fear'],"['sadness', 'fear']"
pidgin_text_6018_emotion_1,my account just de follow random ppl,['disgust'],"['disgust', 'surprise']","['disgust', 'surprise']","['disgust', 'surprise']"
pidgin_text_896_emotion_1,your opon sef dey,['disgust'],[],[],[]
pidgin_text_2172_emotion_1,nobody has asked me what my favorite wine or chocolate is abi this valentine get special perfume wey dem dey spray,"['disgust', 'sadness']",['surprise'],"['sadness', 'surprise']","['sadness', 'surprise']"
pidgin_text_5736_emotion_1,na wah oh gbenga,['disgust'],['surprise'],['disgust'],['disgust']
pidgin_text_1108_emotion_1,so this people dey get news quickly like this it took them so long to talk about end sars abeg make dem rest,"['disgust', 'surprise']","['anger', 'disgust']","['disgust', 'surprise']","['disgust', 'surprise']"
pidgin_text_1244_emotion_1,omo all man with hin own wahala beat like thieves points behind shey shame no dey taya una,['disgust'],['disgust'],"['disgust', 'surprise']",['disgust']
pidgin_text_4156_emotion_1,the way some of you breathe off drama on here like say dem born una for na national theatre stage,['disgust'],"['anger', 'disgust']","['disgust', 'surprise']",['disgust']
pidgin_text_5078_emotion_1,when we dey tell dem something dem go dey yarn dust england is the best league yen yen yen,['disgust'],['joy'],['disgust'],['disgust']
pidgin_text_2294_emotion_1,afmag fine babe dey steal shey i fit find wife like this see my crush at first sight dey steal,"['disgust', 'fear']","['anger', 'disgust', 'fear', 'sadness']","['disgust', 'fear']","['disgust', 'fear']"
pidgin_text_5372_emotion_1,im even trying to understand the thread be like say people dey die in that house from way back abeg o mi o se big brother saran,"['disgust', 'fear']",['fear'],"['fear', 'surprise']",['fear']
pidgin_text_4395_emotion_1,small sickness i don dey chop like thief o wrong na,"['disgust', 'fear', 'sadness']","['anger', 'disgust', 'fear', 'sadness']","['fear', 'surprise']","['disgust', 'fear', 'sadness']"
pidgin_text_2955_emotion_1,lol all dos giveaway fans can never get sense i swearra god if dem ask u na u dey talk abi gerarahere,"['anger', 'disgust']",['surprise'],['disgust'],['disgust']
pidgin_text_4708_emotion_1,mc oluomo thugs wey suppose join the protest don go collect bribe its so unfortunate ahaaaaaaaaaaaaaaaaaaaa nigeria yiii teyin nikan ni e no concern me again ‍️ sha make them,"['disgust', 'sadness']","['anger', 'disgust', 'surprise']","['disgust', 'surprise']","['disgust', 'surprise']"
pidgin_text_524_emotion_1,na real men b this na confirm people wey sabi shoot shot b thispapa god which day i go get this kind liver omoi dy come learn work asap,['surprise'],"['joy', 'surprise']","['joy', 'surprise']","['surprise', 'joy']"
pidgin_text_3171_emotion_1,burna boy has been nominated for grammy wizkid dey eko hotel dey reason davido dey house dey celebrate birthday with manager how come wait for your time dont rush it,['joy'],[],[],[]
pidgin_text_37_emotion_1,the song don dey repeat elite music thank god for adekunle gold i for dey find who sing which verse between those other two,['joy'],['joy'],['joy'],['joy']
pidgin_text_1971_emotion_1,you wey dey get spam dms sef thank god,"['disgust', 'sadness', 'surprise']",['joy'],['disgust'],['disgust']
pidgin_text_1482_emotion_1,omo i don chop press phone taya hungry again and this lowbed never bring these machines come i don taya here na,"['disgust', 'sadness']",['sadness'],"['disgust', 'sadness']","['disgust', 'sadness']"
pidgin_text_1172_emotion_1,omo oh i dey mortuary dey book my dead momma them call me oh i was trying to explain to the bastard that the timing is wrong the he should come back some other time baba dey raise voice say he tracked her from onitsha that she ignoring him was rude i wan stab am biro,"['anger', 'disgust']","['anger', 'surprise']","['anger', 'disgust']","['anger', 'disgust']"
pidgin_text_2749_emotion_1,lmafoooooooooooooooooooooo id rather forfeit the airtime than use my money call customer care dem sef na worse your airtime go dey go and idiots go dey sing nonsense songs dey chop your airtime before an agent go pick,"['anger', 'disgust']",['anger'],['disgust'],"['anger', 'disgust']"
pidgin_text_666_emotion_1,o boi today na super sunday o which game you dey look forward to ️ we hope say you go watch am on super sports on dstv lastly if you fit predict the scoreline of both games you go win free airtime from us,['joy'],['joy'],[],['joy']
pidgin_text_2028_emotion_1,dem fit na sabi people,['surprise'],[],[],[]
pidgin_text_5303_emotion_1,bros like this abeg make una remain small for them na haba ‍️,"['disgust', 'sadness']","['disgust', 'surprise']","['disgust', 'sadness']","['disgust', 'sadness']"
pidgin_text_4548_emotion_1,abeg be quiet you are not even the champion in your family your younger brother better pass you and i still beat am join who una wan call for me your ancestors go sabi play game na,['disgust'],['disgust'],"['disgust', 'surprise']",['disgust']
pidgin_text_891_emotion_1,lmao davido said should keep their awards e say e don dey peel i love this guy ️,['joy'],"['joy', 'surprise']","['joy', 'surprise']","['joy', 'surprise']"
pidgin_text_1384_emotion_1,if i start shooting my shot na dey wud dodge oo,['sadness'],['fear'],"['disgust', 'fear']",['fear']
pidgin_text_4071_emotion_1,loooooooool rotfl its dis kain lie dat killed ananias and sapphira im not kissing till i marry,['disgust'],"['anger', 'surprise']","['disgust', 'joy']",['disgust']
pidgin_text_1891_emotion_1,which kind rubbish be dis like dis now i tried recharging my phone with k las las na k airtime i buy ‍️ i dey sell card oooo,"['disgust', 'sadness']","['anger', 'sadness', 'surprise']",['sadness'],['sadness']
pidgin_text_5614_emotion_1,una no dey help me ooh with all these delivery ooh like i just stay indoors everyday except to go to work church market or park na wah oh,['sadness'],"['sadness', 'surprise']","['sadness', 'surprise']","['sadness', 'surprise']"
pidgin_text_1528_emotion_1,person wey tell me say love na scam don pick date for introduction ‍️ this life ehehe no follow people mouth,"['disgust', 'surprise']","['sadness', 'surprise']","['disgust', 'surprise']","['disgust', 'surprise']"
pidgin_text_2820_emotion_1,facebook na worst place to be doing advertising on it so many dumb questions wetn dey vex me pass say them go see your price on a product yet them go dey price the thing as if na meat them won buy god im stressed,"['anger', 'disgust']","['anger', 'disgust', 'sadness', 'surprise']","['anger', 'disgust']","['anger', 'disgust']"
pidgin_text_2320_emotion_1,i no drop sisi before i comot but this woman still dey call me dey ask me wetin she go cook good bless yo ma ill insha allah put you in a bigger crib,['joy'],"['joy', 'sadness', 'surprise']",['joy'],['joy']
pidgin_text_4284_emotion_1,i don dey beg him no gree hear just help me beg him its just d type of his dog i want,['sadness'],[],['sadness'],['sadness']
pidgin_text_938_emotion_1,i dey tells you but i dey enjoy am shaa as i dey inside house dey watch movie,['joy'],['joy'],['joy'],['joy']
pidgin_text_5396_emotion_1,if i touch you now your father will be panic dis english pierce ma heart make una hold me o i don faint like two times na i no wan faint again,['disgust'],"['disgust', 'surprise']","['disgust', 'surprise']","['disgust', 'surprise']"
pidgin_text_3084_emotion_1,good girls like us we no dey hurt feelings na them dey hurt us,['sadness'],[],['sadness'],['sadness']
pidgin_text_1308_emotion_1,which kain useless traffic dey on ikorodu road like this sef one hour from tejuosho to palmgrove this uber charge go gangsta,"['disgust', 'fear', 'sadness']","['anger', 'disgust', 'sadness', 'surprise']","['disgust', 'fear']","['disgust', 'fear', 'sadness']"
pidgin_text_1543_emotion_1,they want to increase vat by to pay minimum wage you see that tradermoni wey una collect una go vomit am back oh my nigeria the rich gets richer the poor gets screwed,['disgust'],"['anger', 'disgust', 'sadness', 'surprise']","['disgust', 'sadness']","['disgust', 'sadness']"
pidgin_text_4022_emotion_1,says who if thats the case dem should carry cup dem don win,['disgust'],['anger'],['disgust'],['disgust']
pidgin_text_1062_emotion_1,i know say that winch go say na becos i wan come lagos nie i de do plea bargain but k na always k she must talk,['disgust'],['disgust'],['disgust'],['disgust']
pidgin_text_1966_emotion_1,everytime i see this man i just want to ask him why why are you so damn fine only you ebuka only you carry the fine wey men suppose fine wetin happen,"['joy', 'surprise']","['joy', 'surprise']","['joy', 'surprise']","['joy', 'surprise']"
pidgin_text_734_emotion_1,you too serious to,"['disgust', 'surprise']",[],[],[]
pidgin_text_5503_emotion_1,all these na famzing dem wan cause quarrel bw baba and prof it wee nor work,['disgust'],"['disgust', 'surprise']",['disgust'],['disgust']
pidgin_text_512_emotion_1,nigerian babes wey dey support manchester united dey fine sha,['surprise'],['joy'],['surprise'],['surprise']
pidgin_text_3352_emotion_1,ermmm ekaale nigerian time oo pliks i don watch una video tire give me my battery oo plus we do not deserve you guys again the videos too dey short fà make it longer oo teinz ‍️‍️,['sadness'],"['joy', 'surprise']",['sadness'],['sadness']
pidgin_text_2307_emotion_1,wetin man go chop like this its as if im tired of the whole food in the world and im hungry,"['disgust', 'sadness']","['anger', 'fear', 'sadness', 'surprise']",['sadness'],['sadness']
pidgin_text_723_emotion_1,i want to love somebodys daughter so badly na me dem go dey use as model husband for prospective suitors coming to marry the other girls in the house,['joy'],['joy'],['joy'],['joy']
pidgin_text_2153_emotion_1,lmao person papa na him them dey use rag clean like say na dirty window like this,"['disgust', 'surprise']","['disgust', 'surprise']","['disgust', 'surprise']","['disgust', 'surprise']"
pidgin_text_2858_emotion_1,standing erica is so hard am abt to cry nw wic kind wahala be dis,['sadness'],"['sadness', 'surprise']","['disgust', 'sadness']",['sadness']
pidgin_text_4820_emotion_1,no vex oh abeg wetin million wan buy again gone are the days when million naira sounds cool,['sadness'],[],"['disgust', 'sadness']",['sadness']
pidgin_text_3250_emotion_1,i swr e get one dey wen na iphone person use do am,[],['surprise'],['disgust'],[]
pidgin_text_2654_emotion_1,nah pride dey kill dem,['disgust'],['disgust'],['disgust'],['disgust']
pidgin_text_4269_emotion_1,abeg help me beg maazi ighalo jude make e help my life o i dey suffer gan you too i no mind if you help me o gtbank adeyemi peter,['sadness'],[],['sadness'],['sadness']
pidgin_text_2686_emotion_1,check your dp you nor see how your neck long na because of amebor wey u dey do continue pulling your legs out shameless sacrifice,"['anger', 'disgust']","['anger', 'disgust']",['disgust'],"['anger', 'disgust']"
pidgin_text_3026_emotion_1,naija case be like man way fire dey him house and him carry water go dey quench the fire way dey him neighbour house,"['disgust', 'sadness']","['anger', 'surprise']",['disgust'],['disgust']
pidgin_text_3306_emotion_1,is a bastard pikin wey them born for this world nor fit dey as creative as the bastard ask his latest this is nigeria banger everything about the hit is outta this world oluwa jor make me a bastard like,"['joy', 'surprise']","['joy', 'surprise']",['joy'],"['joy', 'surprise']"
pidgin_text_3737_emotion_1,punching bag yu are hit me hian na so dem teach u the floor while yu squating what to hit,"['disgust', 'surprise']",['surprise'],['disgust'],"['disgust', 'surprise']"
pidgin_text_1075_emotion_1,so dem dey chop am from there now but e no care because e no get say,['disgust'],"['disgust', 'surprise']","['disgust', 'surprise']","['disgust', 'surprise']"
pidgin_text_2162_emotion_1,they took light and heat descended on me like a plague heeeeiiiiii so na wetin pple wey no get ac dey pass thru be this chimooo,"['disgust', 'sadness']","['disgust', 'surprise']","['sadness', 'surprise']","['disgust', 'sadness', 'surprise']"
pidgin_text_4520_emotion_1,sneakers don cost well well for market no thanks to all girls na when una begin wear am the thing cost,"['disgust', 'sadness']","['sadness', 'surprise']","['disgust', 'surprise']","['disgust', 'sadness', 'surprise']"
pidgin_text_4223_emotion_1,wahala be like bicycle ooooo kuje rain don commot person roof breeze carry roof hit person windshield spoil d person gate breeze lift roof again to spoil another person house god abeg they still dey commot money for this house,"['fear', 'sadness']",['surprise'],"['fear', 'sadness']","['fear', 'sadness']"
pidgin_text_5700_emotion_1,the kind curses wey people dey give sanwoolu this morning ehne don pass the amount of prayers wey e don receive this year,"['disgust', 'sadness']",['surprise'],"['disgust', 'surprise']","['disgust', 'surprise']"
pidgin_text_6219_emotion_1,i want to apologise ahead for some seemingly ignorant things i may tweet in the future im human pls forgive me blast in my dm na me go use my hand come tl come apologise pls dont do what u did to falilat to me i fit kee myself oo me im not a strong person,"['fear', 'sadness']",['fear'],"['fear', 'sadness']","['fear', 'sadness']"
pidgin_text_3471_emotion_1,them wan dey sub me for here love wahala for who their loml no be chef,['joy'],['anger'],['joy'],['joy']
pidgin_text_2893_emotion_1,im handsome im well built i can cook im aa im caring i have an olive color complexion am not a traditional worshiper im funny im educated and yet i dont have a girlfriend,['sadness'],['surprise'],['sadness'],['sadness']
pidgin_text_5156_emotion_1,ambode that was a babanla patron of quilox yet you people could not help him when he needed you most is it sanwo olu that you will do anything to or for better tell honourable to get lands around his club for parking or else na so e go de go,['disgust'],"['fear', 'surprise']",['disgust'],['disgust']
pidgin_text_715_emotion_1,na d tin wey dey make football sweet be dat mourinho the finished one,['joy'],"['disgust', 'joy']",['joy'],['joy']
pidgin_text_5663_emotion_1,una too spoil any small thing una wan naked clothes nor dey stay una body sef,['disgust'],['disgust'],['disgust'],['disgust']
pidgin_text_2272_emotion_1,please before you dm me or reply my dm go through my media its not the one you will request for my pics and then stop replying me after i send you some pics na ugly i ugly i no kill person and e dey pain very much,"['disgust', 'sadness']","['anger', 'sadness']","['disgust', 'sadness']","['disgust', 'sadness']"
pidgin_text_4876_emotion_1,from nancyisimeofficial t w e n t y s e v e n still living my best life thank you jesus happy birthday to you ma may almighty god,['joy'],['joy'],['joy'],['joy']
pidgin_text_1666_emotion_1,yes na every time i dey tackle am for him whatsapp on top fake news i don tackle am on top this helicopter crash dis morning,['disgust'],"['anger', 'disgust']",['disgust'],['disgust']
pidgin_text_4642_emotion_1,lol i no even know if na good thing i dey get at least hrs mins in days them never take am for days straight my pocket dey bleed,"['fear', 'sadness']","['fear', 'surprise']","['fear', 'sadness']","['fear', 'sadness']"
pidgin_text_3750_emotion_1,person way no dey collect nysc allowee again na small thing dey vex am,"['disgust', 'sadness']",[],['disgust'],['disgust']
pidgin_text_2236_emotion_1,those guys finish me the day i bebeto enteras i wan run close door naso ozor shout my namei say enter i knew its been for me howard just dey laugh like idiot as ozor dey shout this boy is a criminal,"['disgust', 'sadness']","['anger', 'surprise']","['disgust', 'sadness']","['disgust', 'sadness']"
pidgin_text_6193_emotion_1,these are the sort of vehicles im supposed to share the road with this is why i have never even considered driving in lagos theyll bash your car in a heartbeat theyve got nothing to lose their danfos are already ugly na you wan drive sexy car for ikeja under bridge,"['disgust', 'fear']","['anger', 'disgust', 'surprise']",['disgust'],['disgust']
pidgin_text_5316_emotion_1,wetin i wan do bayi light no dey gen sef don pack up and i get whipped cream cake to decorate and i dey go work too wetin una dey do no good ooooo,"['disgust', 'sadness']",['sadness'],"['disgust', 'sadness']","['disgust', 'sadness']"
pidgin_text_3206_emotion_1,we go feast so now fc make una rest baba don speak all of una predicting date since january lol wizzy we cant wait for serious gbedu,"['disgust', 'joy']",['joy'],"['joy', 'surprise']",['joy']
pidgin_text_5432_emotion_1,lowokan sha i called orungbe to tell him he said i should cam dan cam dan bawo i was inking my hand was shaking dem thief my gen before that week na candle i dey use the torture jury morning i didnt go o i off phone dey ink for house i was the class rep,"['disgust', 'sadness']","['anger', 'sadness']","['anger', 'disgust', 'sadness']","['disgust', 'sadness', 'anger']"
pidgin_text_2011_emotion_1,if i upload pictures of akwa ibom girls i met during my nysc in for uyo eh god na goddess dem dey born there walahi fine dark skin queens,"['joy', 'surprise']","['joy', 'surprise']",['surprise'],"['joy', 'surprise']"
pidgin_text_4607_emotion_1,guy i no even fit watch the match cause na we dey hold ball na them dey score‍️so na europa like this,"['disgust', 'fear', 'surprise']",[],"['anger', 'fear']",['fear']
pidgin_text_5635_emotion_1,e be like say you don drink something were dey make you see things,['disgust'],['surprise'],"['disgust', 'surprise']","['disgust', 'surprise']"
pidgin_text_4606_emotion_1,omo you dey yankee still dey say make i dey pay you monthly salaryagain i have useless friends,"['disgust', 'surprise']","['anger', 'disgust']","['disgust', 'surprise']","['disgust', 'surprise']"
pidgin_text_4696_emotion_1,peace wey una don pieces overcalcu don dey do baba ontop tollgate money wey no enter join me laugh biko,['disgust'],"['anger', 'disgust', 'sadness', 'surprise']",['disgust'],['disgust']
pidgin_text_5752_emotion_1,whatsapp should please work on that their privacy na the double tick shows youre online and received the message if you like no reply the sender knows youve received it make dem give us one tick na i can be online buh not ready to talk to someone on whatsapp,"['disgust', 'sadness']",['anger'],['disgust'],['disgust']
pidgin_text_2135_emotion_1,sigh e no easy for this end o even work is finishing me,['sadness'],"['fear', 'sadness']",['sadness'],['sadness']
pidgin_text_1186_emotion_1,me i don taya for the car sef na every tuesday e dey spoil,"['disgust', 'sadness']","['anger', 'sadness']",['sadness'],['sadness']
pidgin_text_3335_emotion_1,this guywe never really ready for wetin you wan do for this app my man,['fear'],"['joy', 'surprise']","['fear', 'surprise']","['fear', 'surprise']"
pidgin_text_993_emotion_1,lol na that hairstyle i get for head take talk with my ex on the very first day memories,['sadness'],['joy'],['sadness'],['sadness']
pidgin_text_4103_emotion_1,una go still die leave am who una dey deceive,['disgust'],['disgust'],['disgust'],['disgust']
pidgin_text_2179_emotion_1,na wa oo person don dey for this onitsha bridge for almost an hour nowkai when we go reach lagos ooo,"['disgust', 'sadness']","['anger', 'surprise']","['disgust', 'fear']",['disgust']
pidgin_text_1859_emotion_1,i hear dem beat una today again una just dy spoil boiz ticket up nd down mke una sha no wear that una jakujaku jersey for street ooo boiz dy vex ooo,"['disgust', 'surprise']","['anger', 'fear']","['anger', 'disgust']","['disgust', 'anger']"
pidgin_text_1456_emotion_1,sneakers fc if una lose make una no come online ooo e be like sey these ninjas mean business o stationhead faceoff,['fear'],"['fear', 'surprise']","['disgust', 'surprise']","['fear', 'surprise']"
pidgin_text_4960_emotion_1,na dis kind examyou go kon dey sweat anyhowand those invigilators they get one kind evil you eye glasses,"['disgust', 'fear']",[],['fear'],['fear']
pidgin_text_4530_emotion_1,don jazzy this is not fair oo lock down sef don hit ogun state bayi aiye ti paree ooo,"['fear', 'sadness']","['anger', 'surprise']","['fear', 'sadness']","['fear', 'sadness']"
pidgin_text_2190_emotion_1,lagos people make una leave burna boy for a while why una be like dis nah,['disgust'],"['anger', 'sadness', 'surprise']",['disgust'],['disgust']
pidgin_text_629_emotion_1,congrats fine people god bless your home na dis kind pictures dem dey make me wan do fast go marry,['joy'],"['joy', 'surprise']","['joy', 'surprise']","['joy', 'surprise']"
pidgin_text_1953_emotion_1,don don abeg save me,"['fear', 'sadness']",['fear'],['fear'],['fear']
pidgin_text_4325_emotion_1,this one i have just bin blessing people for the kinda tweets they tweeting today is really freaking me outgod abeg use this tweet to bless me for all the blessings i have bin blessing others oooo,"['fear', 'sadness']","['joy', 'surprise']","['fear', 'surprise']","['fear', 'surprise']"
pidgin_text_349_emotion_1,burna boy whhhhhy whyyyy i just dey sitdown dey respect my sef dey listen to music for mayroad ooo all of a sudden gbona started playing i didnt know when i started dancing oo till the finish i had to tell pipo around dat village pipo are doing me,['joy'],"['disgust', 'joy', 'surprise']","['fear', 'joy']",['joy']
pidgin_text_1415_emotion_1,na only me no gree baff soap and e come be like say i no serious for my life chai,"['disgust', 'sadness']",['sadness'],['sadness'],['sadness']
pidgin_text_531_emotion_1,no vex e don through i still get one sweet red go arrange nkwobi join am,['sadness'],[],['fear'],[]
pidgin_text_2466_emotion_1,una when dey give m followers how many una get,['disgust'],"['anger', 'disgust', 'surprise']","['disgust', 'surprise']","['disgust', 'surprise']"
pidgin_text_2038_emotion_1,make una patronize me abeg i no take eye see food chop for days now why una de do me like this na,['sadness'],['sadness'],['sadness'],['sadness']
pidgin_text_5040_emotion_1,na so dem recommend anointing oil give person say na beard oil i dey fear una for these streets,"['disgust', 'fear']","['anger', 'disgust', 'fear']","['disgust', 'fear', 'surprise']","['disgust', 'fear']"
pidgin_text_4391_emotion_1,how will i tell my keeds i gained admission in and resumed university in them go con dey look me say i dey lie say i write jamb more times,"['disgust', 'sadness']","['fear', 'surprise']","['disgust', 'sadness']","['disgust', 'sadness']"
pidgin_text_3192_emotion_1,where una dey see this strand of weed,['surprise'],"['anger', 'surprise']",['surprise'],['surprise']
pidgin_text_2245_emotion_1,black and white police dey kill black people e don too muchhhh,"['disgust', 'fear']",['anger'],"['disgust', 'sadness']",['disgust']
pidgin_text_3426_emotion_1,dis guy just dey jaye ori e like say tomorrow no dey again pls god when‍️‍️‍️,['surprise'],"['joy', 'sadness']","['fear', 'surprise']",['surprise']
pidgin_text_6035_emotion_1,all these over games can be very annoying when goals arent coming forth na to play double chance either or x at your discretion be the way but e go still cut if e go cut,['disgust'],['surprise'],"['anger', 'disgust']",['disgust']
pidgin_text_2516_emotion_1,big brother abeg we don tiya to dey look these people,['disgust'],"['anger', 'disgust']",['disgust'],['disgust']
pidgin_text_363_emotion_1,for mesome things dont invoke fear death death ke he don baff even mr death know say i no send i don die since mtcheew,['disgust'],"['anger', 'fear']",['anger'],['anger']
pidgin_text_4116_emotion_1,some of our religious leaders nor dey hear word even word of god dem nor dey hear maybe later shall they will organise healing services for their members wen nor die cox their immune strong nonsense and religious ignorance,['disgust'],"['anger', 'disgust']","['anger', 'disgust']","['disgust', 'anger']"
pidgin_text_3762_emotion_1,you when be like who dem select comot for beans abeg fly,['disgust'],['disgust'],['anger'],['disgust']
pidgin_text_1955_emotion_1,the energy these people dey use advertise this tradera thing e done dey be like gnld but selling forex education,"['disgust', 'fear']","['anger', 'disgust', 'fear', 'surprise']",['fear'],"['disgust', 'fear']"
pidgin_text_2137_emotion_1,good shape good shape belle don dey come out,"['disgust', 'sadness']",['surprise'],"['disgust', 'fear']",['disgust']
pidgin_text_908_emotion_1,lol just like dat send ur acct number dis i no dey watch ball but i love chelsea,['joy'],"['joy', 'surprise']",['surprise'],"['joy', 'surprise']"
pidgin_text_5148_emotion_1,after shouting my year of positive vibes now im seeing just vibes wetin do the positive,['fear'],"['disgust', 'surprise']","['fear', 'surprise']","['fear', 'surprise']"
pidgin_text_2264_emotion_1,man utd no get engagements again na sponsored ads dem dey run now,['disgust'],['disgust'],"['disgust', 'surprise']",['disgust']
pidgin_text_3038_emotion_1,e say if na nigerian boyfriend them for blow you woman beater im deadddddddd,"['disgust', 'surprise']",['fear'],"['disgust', 'surprise']","['disgust', 'surprise']"
pidgin_text_3567_emotion_1,just look at me making mouth on this day ‍️ ase i was just doing myself babe wen i dey toast don dey collect better body massage on a reg she calls it sensual massage and even promised to pay for a session for me am die o,"['disgust', 'sadness']","['anger', 'sadness', 'surprise']","['disgust', 'fear']","['disgust', 'sadness']"
pidgin_text_1734_emotion_1,good country like nigeria but na bad leaders dey rush us na na na dem dey rush us,['sadness'],"['disgust', 'sadness']",['sadness'],['sadness']
pidgin_text_736_emotion_1,make i go sleep now after i don listen to badman song by cos na wetin i dey wait for be that wey make i never sleep,['joy'],['joy'],['joy'],['joy']
pidgin_text_1331_emotion_1,skales don dey keep hair agnmtcheeew,['disgust'],['disgust'],['disgust'],['disgust']
pidgin_text_3878_emotion_1,i sha no understand my ig‍️ i dey see plenty followers for my tl but the number of ffws dey reduce e dey pain me,"['disgust', 'sadness']","['anger', 'sadness']","['disgust', 'fear']","['disgust', 'sadness']"
pidgin_text_3293_emotion_1,na why you wan succeed am na best beast,['disgust'],['disgust'],['disgust'],['disgust']
pidgin_text_2844_emotion_1,really would love to get sister locs but im too broke like way too broke for that i shouldnt even be thinking about it k don comot from my account already just thinking about sister locs,"['fear', 'sadness']","['anger', 'sadness']","['fear', 'sadness']","['fear', 'sadness']"
pidgin_text_864_emotion_1,imagine me dating u and you dont want me to quarrel or annoy u u wan waste my talent be dat na,['disgust'],['disgust'],"['fear', 'sadness']",['disgust']
pidgin_text_527_emotion_1,he de fast de answer,['surprise'],[],['surprise'],['surprise']
pidgin_text_55_emotion_1,ong unsliced is just the best you fit dey chop am laidis before you know it e don finish as e dey go,['surprise'],[],[],[]
pidgin_text_3197_emotion_1,omg i swear tears just dey drop from my eyes as i hear say na our african giantour odogwu️ na en win this fucking grammythis is a good history,['joy'],"['joy', 'surprise']","['joy', 'surprise']","['joy', 'surprise']"
pidgin_text_1806_emotion_1,bros help ur gal na i don dey engage since u knw dey look my side i don dey engage since i open my twitter abeg look me side help ur gal na,['sadness'],['sadness'],['sadness'],['sadness']
pidgin_text_3721_emotion_1,man wey sabi wey mean well for im people that man na,['joy'],['joy'],[],['joy']
pidgin_text_857_emotion_1,i have been trying all my possible best to my you notice me na every where i dey hype ayra songs even on my whatsapp tv please notice me na shey mo wa kere ni,['sadness'],['joy'],['sadness'],['sadness']
pidgin_text_288_emotion_1,person fit use that majesty lyrics get babe ohh i no fit move until i see ur lightill cry a river if i fit wahlai ‍️ baby malo gbagbe say na ur cruise i like i jus wanna say thank you for blessing us with dis jam,['joy'],"['joy', 'surprise']",['joy'],['joy']
pidgin_text_3617_emotion_1,rotfl say na offside why you dey outside pitch na you no go like come in for sub play baba for match na na top striker,['disgust'],['surprise'],"['disgust', 'surprise']","['disgust', 'surprise']"
pidgin_text_5033_emotion_1,i was actually having this side pity for hushpuppi till i heard he bought tyre rim for nm ha not the car the tyre rim abeg jail am i know wetin i dey do before i see k we legit hustlers are so so underated,"['anger', 'disgust']","['anger', 'disgust', 'sadness']","['disgust', 'sadness', 'surprise']","['anger', 'disgust', 'sadness']"
pidgin_text_3054_emotion_1,wait first the man na lawyer or na by force say him must speak haba,['disgust'],"['disgust', 'surprise']",['disgust'],['disgust']
pidgin_text_5089_emotion_1,wow wahala don reach kada be that na,"['disgust', 'fear']",['surprise'],"['disgust', 'fear']","['disgust', 'fear']"
pidgin_text_2606_emotion_1,kachyhlp me tell prophet benji that he is on his own ooshey e wan naked abimay good hlp ameven if u see ame bad,['disgust'],['surprise'],['disgust'],['disgust']
pidgin_text_582_emotion_1,loooli don place the order today my account no dey funded like yours fam we dey gather am small small,['sadness'],[],['joy'],[]
pidgin_text_311_emotion_1,accounts with k and more followers dey follow me and dem dey engage my tweets even me don dey form for me laycon thank you,['joy'],"['joy', 'surprise']",['joy'],['joy']
pidgin_text_2542_emotion_1,even u dey shout nite on and na k subs u dey do always na wa ooo,"['disgust', 'surprise']",['surprise'],"['disgust', 'surprise']","['disgust', 'surprise']"
pidgin_text_1562_emotion_1,girls dey no no under this thread but na them dey help am follow client talk,['disgust'],"['anger', 'sadness', 'surprise']",['surprise'],['surprise']
pidgin_text_3518_emotion_1,pablo makanaki dey pon de airwaves to make sure say everything stew this friday amam wat,['joy'],[],['surprise'],[]
pidgin_text_5496_emotion_1,i nor blame u sha na twitter people wey hype u na make u dey yarn dis durst,['disgust'],"['disgust', 'sadness']",['disgust'],['disgust']
pidgin_text_752_emotion_1,pikin wey fine like this suppose dey with me oh,"['joy', 'surprise']","['joy', 'surprise']","['joy', 'surprise']","['joy', 'surprise']"
pidgin_text_2625_emotion_1,see ds one abeg wetin u dey form i no want o before u use am insult me again,"['disgust', 'surprise']","['anger', 'fear']","['fear', 'surprise']","['surprise', 'fear']"
pidgin_text_1514_emotion_1,bro i no get club again i don resign stupid club no fit kill me abeg win trophy you no win sign players you no sign win me k you no win i don taya,"['anger', 'disgust']","['anger', 'disgust']",['disgust'],"['anger', 'disgust']"
pidgin_text_52_emotion_1,why you come dey do like say you no wan dance o looking at you pretty face theres mistake that im crazy about you you bursting my brain baeby youre bursting my brain i no go lie o baby me i no fit lie o oo hassaniiii i live you die,['joy'],"['joy', 'surprise']",['joy'],['joy']
pidgin_text_693_emotion_1,una don die davido hand this year ah ludacris timbaland ah god im crying david no one like u,"['joy', 'surprise']",[],['joy'],['joy']
pidgin_text_1777_emotion_1,o lord wen i go buy dis motor wey dey my mind,['sadness'],"['fear', 'sadness']",['sadness'],['sadness']
pidgin_text_647_emotion_1,please ooo i am not hurt i am just reacting to a tweet i saw about soft men even saw people who have dished pain to the softest men i know waggling their tail there na wetin vex me i am good my women dey try ️,['disgust'],"['anger', 'surprise']",['disgust'],['disgust']
pidgin_text_1830_emotion_1,as in that working part dey always mk them think na everyday e dey rain plis i appreciate free money edakun i never chop some will even come to borrow money,['sadness'],"['anger', 'sadness', 'surprise']","['disgust', 'sadness']",['sadness']
pidgin_text_2708_emotion_1,lai mohammed is at it again nta to compete with cnn small pinkin when won follow e papa rake na bald ‍ head e go get,"['disgust', 'surprise']","['anger', 'disgust', 'surprise']","['disgust', 'surprise']","['disgust', 'surprise']"
pidgin_text_2746_emotion_1,chair man e bin pa wa o please paste share numbers wey we go dey call for foods too another days is not easy,"['disgust', 'sadness']",[],['sadness'],['sadness']
pidgin_text_4001_emotion_1,traditions can be crazy yo make we bury person make grown men fit stop dey cry una say make we dance around am,"['disgust', 'surprise']","['disgust', 'surprise']","['disgust', 'surprise']","['disgust', 'surprise']"
pidgin_text_5710_emotion_1,u dis guy u are not serious again na my presido u dey reason like that ‍️‍️‍️,"['disgust', 'surprise']","['anger', 'surprise']","['disgust', 'surprise']","['disgust', 'surprise']"
pidgin_text_5517_emotion_1,them no understandso because say na k i dey earni no go fit find love or start a relationship,"['disgust', 'sadness']","['anger', 'surprise']","['disgust', 'fear']",['disgust']
pidgin_text_545_emotion_1,na bcos i like you that why i fit answer you when im eating bread you gat a special place,[],['joy'],['joy'],['joy']
pidgin_text_21_emotion_1,we the aaswe no dey select genotypena dem dey rush us,['joy'],['joy'],[],['joy']
pidgin_text_3333_emotion_1,una geng wey sabi mix,['surprise'],[],['joy'],[]
pidgin_text_664_emotion_1,as e dey hot i come jump on this hit track called dangbanagba by ft and as b dey b i dropped the cover the show must continue,['joy'],['joy'],['joy'],['joy']
pidgin_text_3321_emotion_1,nobi everybody wia sabi book sani way to make real dope i hope your eye don clear all the abuse you gave that course mate wia no sabi book back then most of them don blow make una sha remember una course rep i no sell material pass normal price,"['disgust', 'surprise']",[],['disgust'],['disgust']
pidgin_text_935_emotion_1,add that special red oil pepper sauce join down am with pepsi wen dey sweat and the rapture don complete walahii,['joy'],['joy'],['joy'],['joy']
pidgin_text_3227_emotion_1,make person show me love buy me iphone na abeg show una boy love abeg,['sadness'],[],"['fear', 'sadness']",['sadness']
pidgin_text_1453_emotion_1,nyesom wike is this rochas okorocha is that apc is this pdp is that lori iro na people wey dey fight dirtyto death because of them i pity pass,['disgust'],"['anger', 'disgust', 'fear', 'sadness', 'surprise']",['disgust'],['disgust']
pidgin_text_23_emotion_1,yess me im dancing now sef and you too yoma,['joy'],['joy'],['joy'],['joy']
pidgin_text_3881_emotion_1,asked my friend the difference between yakubu and aiyegbeni when we were in med school and he said that aiyegbeni na bad guy o e dey score gan but i no like yakubu e too dey trowey goal i gave up on him that day,['disgust'],[],"['disgust', 'surprise']",['disgust']
pidgin_text_3738_emotion_1,pork is fucking expensive fr fr k nkwobi pork no reach pics na to dey use shawarma las las dey chop my rice,['sadness'],['surprise'],['sadness'],['sadness']
pidgin_text_5890_emotion_1,lmao one of my riders did something wrong and i raised my voice and this man told me not to try it again why woman go dey talk to me like that so appaz if na man e fit talk to am anyhow lmao,"['disgust', 'surprise']",['surprise'],"['disgust', 'surprise']","['disgust', 'surprise']"
pidgin_text_3895_emotion_1,everybody drink more water drink more water now belle don swell,['disgust'],['anger'],"['disgust', 'sadness']",['disgust']
pidgin_text_762_emotion_1,pls broda na food money i dey fine oooo ps no be food ooooo pls help me now pls,['sadness'],[],['sadness'],['sadness']
pidgin_text_2578_emotion_1,na una dey carry go give dem na,['disgust'],['anger'],['disgust'],['disgust']
pidgin_text_3251_emotion_1,no be paper trophy oo just put medal for our neck we no dey like wahala,['disgust'],['joy'],['disgust'],['disgust']
pidgin_text_1943_emotion_1,seriously though i was so sure i was gonna marry an igbo manna dem full my hand that timechoii they love my oroboishness die na so so nwayiomai sure say na my mama ijebu toned prayers na im change am igbo kwenuuna sabi jare no be lie,"['joy', 'sadness']","['anger', 'joy', 'sadness', 'surprise']",['joy'],"['joy', 'sadness']"
pidgin_text_575_emotion_1,na my best number no mean say i go be for age every year na im this year but my demeanor speaks ill be next year ️,['disgust'],"['fear', 'joy']","['disgust', 'joy']","['disgust', 'joy']"
pidgin_text_3073_emotion_1,few years when u do am for kids sef na stress talkless of pet when nor dey pay bills lol someone is going to be left at the junction the follow day,['disgust'],"['anger', 'sadness', 'surprise']",['disgust'],['disgust']
pidgin_text_1554_emotion_1,abeg i no dey see your emoji i no get good phone,"['disgust', 'sadness']","['anger', 'sadness']",['sadness'],['sadness']
pidgin_text_122_emotion_1,very true o dr soul god no go shame us if na tho i would rather invest it wetin m wan dey breathe like living thing and be depreciating in this nigerian economy if i dont find risk free investments i will save it in usd let it breathe in an incorruptible currency,"['disgust', 'fear']","['anger', 'fear']","['anger', 'fear']","['fear', 'anger']"
pidgin_text_953_emotion_1,handsome cant be used anyhow o e get e meaning,['disgust'],[],['disgust'],['disgust']
pidgin_text_252_emotion_1,beht beht e be like say na when i fat i dey fine,['surprise'],"['anger', 'joy', 'surprise']",['surprise'],['surprise']
pidgin_text_2942_emotion_1,wait e be like say years no go do fa man dey chop cake na me dey look picture,['disgust'],"['anger', 'surprise']","['sadness', 'surprise']",['surprise']
pidgin_text_335_emotion_1,ehennnwhere una dey ooall of you who engage my tweets andmake me enjoy these streetsoya make una line up ooi wan share jollof for una here oo abi una don chop ni‍️,['joy'],[],['joy'],['joy']
pidgin_text_6190_emotion_1,recommended o kai the comments under this tweet is proof that some nigerians dont verify anything before they put it out there im just seeing congratulations when trump is not accepting it then again why cos shes from nigeria go figure the rest una dey see,"['disgust', 'surprise']","['disgust', 'surprise']","['disgust', 'surprise']","['disgust', 'surprise']"
pidgin_text_3363_emotion_1,loooool u don vex,['surprise'],['surprise'],['fear'],['surprise']
pidgin_text_984_emotion_1,and then you go ahead and fuck him because the thing dey sweet man as e dey sweet woman,['disgust'],"['anger', 'disgust']","['disgust', 'surprise']",['disgust']
pidgin_text_1994_emotion_1,so im on the dinning table doing my work and this hotel guest just told me come and eat with me with a big smile baba i dey actually h and i no go mind but i dey reason you way pay like for yam and egg with tea,"['sadness', 'surprise']",['surprise'],['surprise'],['surprise']
pidgin_text_5147_emotion_1,husband no go fit talk cos him too dey chop from alanu things,['disgust'],['disgust'],['disgust'],['disgust']
pidgin_text_2281_emotion_1,you no go wan hear sef the kyn gist wey dey there,['disgust'],"['disgust', 'surprise']",['disgust'],['disgust']
pidgin_text_5941_emotion_1,na una dem go beat oo for even bringing ur candidate into the equation,['disgust'],"['anger', 'disgust']",['disgust'],['disgust']
pidgin_text_2366_emotion_1,i don lose k in gameslast gamei reason say atletico fit no score so i cash out my stake and now the game still dey rungame wey i for chop close to k now i dey one game left to chop kif i had left itill be one game to win k,"['disgust', 'sadness']","['anger', 'surprise']","['disgust', 'sadness']","['disgust', 'sadness']"
pidgin_text_1428_emotion_1,i no too rate them like that based on wetin dem don do me but na dem go still ruin me last last,"['disgust', 'fear', 'sadness']","['anger', 'fear', 'surprise']","['fear', 'sadness']","['fear', 'sadness']"
pidgin_text_6194_emotion_1,kí lon shele gan gan shey i go finish money i suppose use build house on top data ni im tired ó but i did more of graphic and product works this month na not much websites ‍️ ps thats just glo o mtn and smile too dey o im literally crying walahi,['sadness'],"['sadness', 'surprise']","['disgust', 'sadness']",['sadness']
pidgin_text_3749_emotion_1,me yayi zafi ina ruwanka kuma e no concern u e no concern u abeg stop bn a cule pls,['disgust'],['disgust'],['anger'],['disgust']
pidgin_text_60_emotion_1,there is something i want to show you nne nu girl you no need delaying you dey reject my love abumsim apenu when you dancing kukere e dey enter my body baby nene omalicha my baby my boo boo my love for you confirm ohh eh,['joy'],['joy'],['joy'],['joy']
pidgin_text_2428_emotion_1,wait oh is this real king is dead abeg if na play make dem stop am i cant forget the first time i had an encounter with his words on he spoke extensively on turning lemon to lemonade etc rip legend,"['sadness', 'surprise']",['sadness'],"['sadness', 'surprise']","['sadness', 'surprise']"
pidgin_text_2343_emotion_1,na like this auto correct go kee somebody one day just wanted to hail an old class mate that has been married for a couple of years without any issue nk baby na so my phone sent no baby how i wan take begin dey explain myself now,"['disgust', 'fear']","['fear', 'sadness']","['fear', 'sadness']","['fear', 'sadness']"
pidgin_text_2298_emotion_1,na boredom dey make person dance for midnight sleep sef no com gree come i have dance body fat out somebody help me,"['disgust', 'sadness']","['fear', 'surprise']","['disgust', 'sadness']","['disgust', 'sadness']"
pidgin_text_3676_emotion_1,yes thats the problem even when ole was appointed e had a run of about games before injury and be performed well a fit jones is better that a fit bailly,['disgust'],['fear'],['disgust'],['disgust']
pidgin_text_4023_emotion_1,de gea don start again o suppose don be now,['disgust'],['surprise'],"['disgust', 'surprise']","['disgust', 'surprise']"
pidgin_text_4929_emotion_1,hahahahaha na dem wan stop me from blowing,['disgust'],"['anger', 'joy']","['sadness', 'surprise']",[]
pidgin_text_211_emotion_1,omo na as i dey reason am now i con dey code oh,['surprise'],['surprise'],['surprise'],['surprise']
pidgin_text_4692_emotion_1,he no go better for all those telegram channel whey dey forecast games una don wreck me finish all my money don finish one game i no see chop bastard people,['anger'],"['anger', 'disgust']","['anger', 'sadness']",['anger']
pidgin_text_4521_emotion_1,how una dey even know all these year of production sef person go see fine car another idiot go come with na old model sef discouragement im tayad,"['disgust', 'surprise']","['anger', 'surprise']","['disgust', 'surprise']","['disgust', 'surprise']"
pidgin_text_5457_emotion_1,ner take away u dey use in your home as plate,"['disgust', 'surprise']","['disgust', 'surprise']",['disgust'],"['disgust', 'surprise']"
pidgin_text_6160_emotion_1,na kiss of affirmation be dis na love language,['joy'],['joy'],[],['joy']
pidgin_text_3442_emotion_1,and dem for don dey hail am from house say the dressing make sense die,['disgust'],['surprise'],"['disgust', 'surprise']","['disgust', 'surprise']"
pidgin_text_5748_emotion_1,bro i rather go back to arsenal na champion we they no dey win no be overall failure them be person go dey jolly if them win fa cup buharitrump lord forbid bad thing i had to beg them on bio not to follow me,"['disgust', 'fear']","['disgust', 'fear', 'surprise']",['disgust'],"['disgust', 'fear']"
pidgin_text_6107_emotion_1,how far my love wetin kill you na abeg where you keep the original documents na lawyer say i must find am if i wan change the next of kin no na why you go die na you for tell me say you go die before i comot for house na if na play stop am,"['disgust', 'sadness']","['fear', 'sadness', 'surprise']","['disgust', 'sadness']","['disgust', 'sadness']"
pidgin_text_6050_emotion_1,my problem with uniben was the level of washing you go see where strong man go dey hail you wey no be anything master master your boy is loyal my chairman i greet you oga carry your number status comot for here before dem follow off me,"['disgust', 'fear']","['disgust', 'surprise']","['disgust', 'fear']","['disgust', 'fear']"
pidgin_text_2755_emotion_1,maybe as you like dbanj too much dey affect am this one dey pain me ooh cuz i no fit follow the gist wella now,"['disgust', 'sadness']","['anger', 'sadness']","['anger', 'disgust']","['disgust', 'sadness', 'anger']"
pidgin_text_5813_emotion_1,wen dem put moth for watin nor concearn dem u tell dem all dis one,['disgust'],"['anger', 'disgust']",['disgust'],['disgust']
pidgin_text_675_emotion_1,man my wife dey help me shine na £ body cream she buy me make i dey rub who i be who i be gaaaawd,"['joy', 'surprise']","['joy', 'surprise']","['joy', 'surprise']","['joy', 'surprise']"
pidgin_text_1268_emotion_1,abeg tacha should leave this show e don do,['disgust'],['disgust'],['disgust'],['disgust']
pidgin_text_2567_emotion_1,lmaoooooo that agenda na from una coven,['disgust'],['anger'],"['disgust', 'surprise']",['disgust']
pidgin_text_5304_emotion_1,awoof dey run belle them say na herbal malt e be like bitterleaf soup tueh,['disgust'],['disgust'],['disgust'],['disgust']
pidgin_text_375_emotion_1,old man pa ikhide you sef no chop the wash brf my man all the way plus he didnt sign no cheques,['disgust'],['surprise'],['disgust'],['disgust']
pidgin_text_5665_emotion_1,i just remembered this girl i paid her tfare this evening refused to gimme number wherever you are rosemary your conscience will judge you o wetin dey even pain me na say she was smiling all through the refusal,"['anger', 'disgust']","['anger', 'surprise']","['disgust', 'sadness']","['anger', 'disgust']"
pidgin_text_1182_emotion_1,me sef don tire for chelsea matter,"['disgust', 'sadness']","['anger', 'fear', 'sadness', 'surprise']","['disgust', 'sadness']","['disgust', 'sadness']"
pidgin_text_4331_emotion_1,lowkey we suppose sue that grammy award winning singletwearing short man you sef listen to this fire na dear na on sight if i ever catch you on why do you like hoarding music like its indomieeeennnnnnn why,"['disgust', 'sadness']","['anger', 'disgust']","['anger', 'disgust']","['disgust', 'anger']"
pidgin_text_1245_emotion_1,una too dey suck data abeg i no be benefit boy now gb cant even last for a day years dey corner for una,['disgust'],"['anger', 'disgust']","['disgust', 'sadness']",['disgust']
pidgin_text_2772_emotion_1,what of guccy branch abeg coro don catch am,"['fear', 'surprise']",['fear'],['surprise'],"['fear', 'surprise']"
pidgin_text_2088_emotion_1,vector after all the warnings the super eagles dont play against the falcons worwor pikin they form handsome only one kelly dat i kno how come you didnt pay attention to all of this vector,"['disgust', 'surprise']","['anger', 'disgust', 'sadness', 'surprise']",['disgust'],"['disgust', 'surprise']"
pidgin_text_3726_emotion_1,this guy never old o listening to him on regular way back then early morning jams between e don tey amazing that he is still working with you guys e go don get hin own share for that radio,['joy'],['joy'],['joy'],['joy']
pidgin_text_2968_emotion_1,abeg nnewi people cinema dey nnewi lidis,"['sadness', 'surprise']",['surprise'],['surprise'],['surprise']
pidgin_text_3891_emotion_1,wetin dis one dey talk,['disgust'],"['anger', 'disgust']",['disgust'],['disgust']
pidgin_text_2380_emotion_1,na so we we cum dey go the drive sabi drive in a way wey e be say this lady dey fall on top me at every sharp bend and speed bump local man was battling with seeing clearly and controlling john tomos,[],['surprise'],['sadness'],[]
pidgin_text_2819_emotion_1,my people how far na shey una perfume never finish ni abi una dey vex for una baby girl una no wan follow me but again abeg wetin i do una na i no wan go bag our village o i,"['fear', 'sadness']","['fear', 'surprise']","['fear', 'sadness']","['fear', 'sadness']"
pidgin_text_2763_emotion_1,make una come see una uncle o,['disgust'],['disgust'],"['disgust', 'surprise']",['disgust']
pidgin_text_1330_emotion_1,abi people wey dem born for this country get ancestral ties with cain,"['fear', 'surprise']","['anger', 'disgust', 'surprise']","['disgust', 'fear']","['fear', 'surprise', 'disgust']"
pidgin_text_1243_emotion_1,you wey dey form kod sniper with the range you go dey hide i dare we go free for all rn,['disgust'],"['anger', 'joy', 'surprise']",['disgust'],['disgust']
pidgin_text_5418_emotion_1,i hit my mouth on a door now my lip is swolen what is wrong with me sef ‍️ talking about being clumsy ‍️ im tired of me mehn,"['anger', 'sadness']","['disgust', 'sadness']","['disgust', 'sadness']","['sadness', 'disgust']"
pidgin_text_1829_emotion_1,dont you ever put that your dirty stupid cane legs on the couch how much you get if you wan be oga get your own house here na my husbands house you see that house sha house don set na money to fuck it up,['sadness'],"['anger', 'disgust']","['disgust', 'sadness']","['sadness', 'disgust']"
pidgin_text_4258_emotion_1,na we dey kill ourselves for this nigeria how tf will you use rope to hold your goddamm engine interstate car o where person wan see motor like this time to get a ride,"['disgust', 'fear']","['anger', 'disgust']","['anger', 'fear']","['disgust', 'fear', 'anger']"
pidgin_text_4453_emotion_1,wahala be like broken condom e don leak,"['disgust', 'surprise']",[],['disgust'],['disgust']
pidgin_text_4016_emotion_1,its only shout out we would be receiving every time abeg jor dey go,['disgust'],['anger'],['disgust'],['disgust']
pidgin_text_1959_emotion_1,shout out to ma men burna wiz n david ️ say dem dey wait make i drop dat new fire tomorrow first before dem drop their album whos ready for vaseline mafipara about that time for our yearly dance music,['joy'],['surprise'],['joy'],['joy']
pidgin_text_5017_emotion_1,wen u go dey jolly for beach head no pain uwork don start nowyen yen my head,['disgust'],"['disgust', 'surprise']","['anger', 'disgust']",['disgust']
pidgin_text_5921_emotion_1,so una no dey go office for dat lagos shey na d same na we dey run like dis,"['disgust', 'surprise']",['surprise'],"['disgust', 'surprise']","['disgust', 'surprise']"
pidgin_text_5104_emotion_1,they may play it right at the back of your house even the league whey dem dey play with book haram dem never win,['disgust'],"['disgust', 'surprise']",['disgust'],['disgust']
pidgin_text_151_emotion_1,guy how u dey now me i dey my dey o guy how ya dey dey me my dey dey there jare theres level to how guys relate sha,['joy'],['surprise'],[],[]
pidgin_text_4077_emotion_1,my dear everybody dey vex na only cancel i cancel trip i used wrong location,['sadness'],"['fear', 'surprise']","['disgust', 'sadness', 'surprise']","['sadness', 'surprise']"
pidgin_text_4616_emotion_1,my phone camera just broke my heart i snap picture n my oga called me mr tycoon u looking good this man does not know na camera iphone dey help my life top league for this girls heart so this man no go wan help me again oh,"['fear', 'sadness']","['fear', 'sadness', 'surprise']","['fear', 'sadness']","['fear', 'sadness']"
pidgin_text_5444_emotion_1,na your papa get when you dey select people when you wan see for,['disgust'],[],['disgust'],['disgust']
pidgin_text_5161_emotion_1,which kind of bus is this sef no window i need to remove this hair,['disgust'],"['disgust', 'surprise']","['disgust', 'fear']",['disgust']
pidgin_text_4720_emotion_1,omo see wetin buhari de do for this kind heated moment baba de commision keke how this buhari take survive this corona virus how did he not dieeeee this guy doesnt deserve to live,"['anger', 'disgust']","['anger', 'disgust', 'surprise']","['anger', 'disgust']","['anger', 'disgust']"
pidgin_text_2712_emotion_1,dem don chop ya nipples finish‍️ which one you wan use enter now,['disgust'],"['anger', 'disgust']",['disgust'],['disgust']
pidgin_text_1570_emotion_1,where dem see this dj he is dulling usthe barber shop down my street sef dey blast better gbedu pass am,['disgust'],['disgust'],['disgust'],['disgust']
pidgin_text_5400_emotion_1,this akpeyi na punishment coach dey give am e be like him disrespect one of the coaches naim dem punish am with start,"['disgust', 'surprise']",['sadness'],['surprise'],['surprise']
pidgin_text_1051_emotion_1,traditional marriage don reach now you carry us dey enter bush all those fine gates wey you stand dey snap nah who get am,"['disgust', 'surprise']","['disgust', 'surprise']","['disgust', 'surprise']","['disgust', 'surprise']"
pidgin_text_844_emotion_1,omo na this kind party wey i dey so i dey like minimum guys maximum babes dj wey sabi loud and strippers if i die like this i die a brokeass happy man,['joy'],['joy'],['joy'],['joy']
pidgin_text_4194_emotion_1,onitsha people how una take dey breath for that city busy dusty noisy and too much people everywhere hot ‍️ light sef no dey ‍️ left nkpor by pm got to my house in the village everywhere cold fresh air plus nepa dey ️ una dey suffer for that city o,"['disgust', 'surprise']","['disgust', 'surprise']","['disgust', 'surprise']","['disgust', 'surprise']"
pidgin_text_507_emotion_1,i jus dey feel dis and biko meanwhile if you bring your own oh or you want make we help you go anyone we dey our sweet~belle go be to make sure say,['joy'],['joy'],['joy'],['joy']
pidgin_text_2073_emotion_1,i swear all these girls wey dey date guys like us deserve heaven oooo we no get car money no club no shopping no gift no date no baby take fees no pizzashawarma no money for hairsub and room still dey smell like abattoir you girls na only god fit reward you,['joy'],['joy'],['joy'],['joy']
pidgin_text_2192_emotion_1,da gudu sef na dat time e go pain dem pass,['disgust'],['fear'],['disgust'],['disgust']
pidgin_text_4208_emotion_1,this ramadan im reporting plenty people to god una don too do me strong thing,"['disgust', 'sadness']","['anger', 'sadness', 'surprise']","['anger', 'sadness']","['sadness', 'anger']"
pidgin_text_3922_emotion_1,really but i wan park comot so o dem too oppress me o,"['disgust', 'sadness']",['sadness'],"['fear', 'sadness']",['sadness']
pidgin_text_4674_emotion_1,before you post finish sef people don dey like the post with all my fire pictures today and i have smelling likes,"['disgust', 'sadness']","['sadness', 'surprise']","['disgust', 'surprise']","['disgust', 'sadness', 'surprise']"
pidgin_text_2556_emotion_1,n toll gate fee na wetin dey trigger u people lol shame,['disgust'],"['anger', 'disgust', 'sadness']",['disgust'],['disgust']
pidgin_text_5788_emotion_1,even fut boy wey babes dey use form no dey beg reach like this,['disgust'],"['disgust', 'surprise']",['disgust'],['disgust']
pidgin_text_655_emotion_1,try dey enjoy once once cuz bet wey go still cut go cut e don clear abi you need antenna,['disgust'],"['fear', 'joy']","['disgust', 'joy']","['disgust', 'joy']"
pidgin_text_1018_emotion_1,where dem de sell kidney self i can survive on one,['sadness'],['fear'],['sadness'],['sadness']
pidgin_text_1749_emotion_1,i dey vex o me wey need the most them say i dey rich,"['anger', 'disgust']",['anger'],['anger'],['anger']
pidgin_text_476_emotion_1,we that have rough face sef we are grateful,['sadness'],"['disgust', 'joy', 'sadness']",['sadness'],['sadness']
pidgin_text_1586_emotion_1,please if you no sabi where you dey go no carry aboki bike you will suffer i repeat you go suffer e better make you trek and dey ask people for road this aboki bike man show me shege today,"['disgust', 'sadness']","['anger', 'disgust']","['disgust', 'sadness']","['disgust', 'sadness']"
pidgin_text_5133_emotion_1,my guy said mefemoi wan buy car transportme thinkingthis guy no get sensecant e see i need moneymy advisegive me the money flex broif you buy the car give driverno ever come cry mefine boi wey wan do hustle wey only werey fit survive,"['disgust', 'surprise']","['anger', 'fear', 'sadness', 'surprise']","['disgust', 'sadness']","['disgust', 'surprise', 'sadness']"
pidgin_text_4912_emotion_1,bros we should stop talking about this thing e dey pain me water dey comot for my eye seriously o e dey pain me enta bodi,"['disgust', 'sadness']",['sadness'],"['disgust', 'sadness']","['disgust', 'sadness']"
pidgin_text_5342_emotion_1,how i go rate myself abeg i am not tall and i am not fine please no dey whine me abeg my mum and sis do enough,"['disgust', 'sadness']",[],"['fear', 'sadness']",['sadness']
pidgin_text_1385_emotion_1,na who get sponsors dey go school na street i dey full time,"['disgust', 'sadness']","['anger', 'fear', 'sadness']",['sadness'],['sadness']
pidgin_text_1726_emotion_1,my k plus followers wetin ah do you nah we suppose don dey roll well by now nah since,"['fear', 'sadness']",['surprise'],"['fear', 'sadness']","['fear', 'sadness']"
pidgin_text_5871_emotion_1,bro na so mesef buy am yesterday e pain me but man no fit shout,"['disgust', 'sadness']",['sadness'],['sadness'],['sadness']
pidgin_text_589_emotion_1,i love white money he said mosquito wey dey bite for big brother house first as question baba na cruise,['joy'],['joy'],['joy'],['joy']
pidgin_text_3564_emotion_1,so ill be respected more shebi dey say e dey bring projects and respect,['surprise'],[],['surprise'],['surprise']
pidgin_text_3734_emotion_1,wetin happen na wetin itua do you wey you just carry am go like that bring my bro back please,['sadness'],"['anger', 'surprise']","['fear', 'sadness']",['sadness']
pidgin_text_5318_emotion_1,bro so na the abortion be the vex now common na person force her,['disgust'],"['anger', 'disgust', 'surprise']","['disgust', 'surprise']","['disgust', 'surprise']"
pidgin_text_3106_emotion_1,vex no let me watch this video finish babein the future abeg dead this idea if i call you x you no pick na till tomorrow morning,"['anger', 'disgust']","['anger', 'sadness']","['anger', 'disgust']","['anger', 'disgust']"
pidgin_text_719_emotion_1,cant wait to open my luxury incense and humrah ️ from kamshi kamshi bakhoor ️️ the scents is all over already sef,['joy'],"['joy', 'surprise']",['joy'],['joy']
pidgin_text_1377_emotion_1,where are you from im from kogi state ahh kogi people hope say you no dy do jazz but the girls sabi for bed sha yahaya bello dy finish una if you dont gedifok,"['anger', 'disgust']","['anger', 'disgust', 'sadness']",['disgust'],"['anger', 'disgust']"
pidgin_text_3234_emotion_1,thank you lord for the blessings of today your boy don chop na your doings and i dey grateful,['joy'],['joy'],['joy'],['joy']
pidgin_text_5373_emotion_1,abeg abeg na only me dey sleep wazoldis,['disgust'],['fear'],['disgust'],['disgust']
pidgin_text_3395_emotion_1,special birthday shout out to my pops you are the coolest dad in the whole wide world you need to sit and watch zee world with this man you go laugh tire you know as e dey be na today we make some noise for the doc himself i love like kilode,['joy'],['joy'],['joy'],['joy']
pidgin_text_2952_emotion_1,aproko wetin you wan check,['disgust'],"['anger', 'disgust']","['disgust', 'surprise']",['disgust']
pidgin_text_5253_emotion_1,lmao the thing dey vex me the only content na to insult us jos girls oya go toast abuja babes and leave us,"['anger', 'disgust']",['anger'],"['anger', 'disgust']","['anger', 'disgust']"
pidgin_text_394_emotion_1,this album is fire you just gained a fan youre addictive ive been avoiding this album but e choke me today now im stuck on replay,['joy'],"['joy', 'surprise']",['joy'],['joy']
pidgin_text_1124_emotion_1,why she go know her self worth o wrong na,['disgust'],"['fear', 'surprise']",['disgust'],['disgust']
pidgin_text_4569_emotion_1,open the motel room toilet for midnight and you see two big fat cockroaches crawling out of the plumbing towel go stiff like wetin them starch the color sef go de confusing is it brown is it grey off white,['disgust'],"['anger', 'disgust', 'fear', 'sadness', 'surprise']","['disgust', 'sadness']","['disgust', 'sadness']"
pidgin_text_706_emotion_1,e too sweet abeglike things ehif pastor ask me for special number now to drop some lines oo na this cruise na we need ooo e day enter brain pass some pastors messages,['joy'],['joy'],['joy'],['joy']
pidgin_text_3894_emotion_1,deal breaker for me na the percentage you dey give me after you collect from other guys,['joy'],['anger'],[],[]
pidgin_text_3538_emotion_1,all this girls for this office go still dey pamper me like say i still be baby them no knw say i fit gv them belle bt i dey enjoy am sha,"['joy', 'surprise']","['anger', 'joy', 'surprise']","['joy', 'surprise']","['joy', 'surprise']"
pidgin_text_5330_emotion_1,kai for wer abeghmmm lv dem joh anything wey sweet no good for poor man body for dis country,['sadness'],"['joy', 'surprise']","['disgust', 'sadness']",['sadness']
pidgin_text_5633_emotion_1,the bills at home is crazy to eat now na war oh prices of food commodities fit make person mad how are we surviving this school fees don join we go repair car as well i need to check my mental health nigeria is killing us,"['fear', 'sadness']","['anger', 'sadness']","['disgust', 'sadness']",['sadness']
pidgin_text_925_emotion_1,where una de see this love,['surprise'],['surprise'],['surprise'],['surprise']
pidgin_text_272_emotion_1,i soo want to recreate this vidand very soon sef,['joy'],"['joy', 'surprise']",['joy'],['joy']
pidgin_text_3779_emotion_1,las las na una dey trend the kind invisible by unaselves by asking who she is‍️,['surprise'],['disgust'],['surprise'],['surprise']
pidgin_text_3268_emotion_1,i was about to tell the workd how happy that tweet made me god will not whyne you o i kuku bin sabi where u dey go thank you for still believing in me,['joy'],['joy'],['joy'],['joy']
pidgin_text_2754_emotion_1,na everyone wey wear am that day dey menstruate dem for wear sanitary pad too for thong i can fit it dem too should try it,"['disgust', 'surprise']","['disgust', 'surprise']",['disgust'],"['disgust', 'surprise']"
pidgin_text_1254_emotion_1,make una dey wash us dey go without omo,['disgust'],"['anger', 'disgust', 'sadness']","['disgust', 'sadness']","['disgust', 'sadness']"
pidgin_text_5293_emotion_1,why u dey lie now ola,"['disgust', 'surprise']","['anger', 'surprise']","['disgust', 'surprise']","['disgust', 'surprise']"
pidgin_text_5112_emotion_1,wetin dey worry this bobrisky and james brown sef which kain yeye trips be this one,"['disgust', 'surprise']","['anger', 'disgust', 'surprise']",['disgust'],"['disgust', 'surprise']"
pidgin_text_1368_emotion_1,kwanar ina ppl like u wey no dey comot hakkin allah inside ur wealth get mouth abi,['disgust'],"['anger', 'disgust', 'surprise']",['disgust'],['disgust']
pidgin_text_5383_emotion_1,the difference between and half dozen na how you talk am alaye with all the beards wey full my face you wan dey whine me calm down bros,['disgust'],['disgust'],"['disgust', 'surprise']",['disgust']
pidgin_text_718_emotion_1,i know say nobody don know me but you ma wet know me bring work come make them know wetin i dey do nah‍️ awada onitsha,['disgust'],['fear'],['sadness'],[]
pidgin_text_3190_emotion_1,where una dey see money na i have rich female friends,['surprise'],['surprise'],['surprise'],['surprise']
pidgin_text_665_emotion_1,abeg don baba jay no get wahala for this life again do us give away na infinix we want,[],['joy'],"['joy', 'surprise']",['joy']
pidgin_text_1702_emotion_1,those people na eleribu dem ready beat ham not fair though dem even wan face police as police arrest one of them,"['disgust', 'surprise']","['sadness', 'surprise']",['disgust'],"['disgust', 'surprise']"
pidgin_text_4537_emotion_1,no dey do frontman when it concern fighting for right in nigeria‍ if u hear gbas gbos na oyo u dey ur supporter go talk say u no suppose talk like dat na there u go hear if na me address d issue e no go b like dat peele awon eniyan human right,['disgust'],"['anger', 'fear']","['disgust', 'fear']","['disgust', 'fear']"
pidgin_text_628_emotion_1,the fleet feature is sweet small sha e be like say jazz don dey catch me,['joy'],"['joy', 'surprise']","['joy', 'surprise']","['joy', 'surprise']"
pidgin_text_5215_emotion_1,how will i read this one sef,['disgust'],[],"['disgust', 'joy']",['disgust']
pidgin_text_3644_emotion_1,even me if na me buy am go dey impressed,['surprise'],['joy'],"['joy', 'surprise']","['surprise', 'joy']"
pidgin_text_3300_emotion_1,lol sef don de speak igbo i sure say na teach am,['surprise'],"['joy', 'surprise']",['surprise'],['surprise']
pidgin_text_5172_emotion_1,wic kain holdup kon dey dis kubwa express like dis me im famished edakun,"['disgust', 'sadness']",['sadness'],"['sadness', 'surprise']",['sadness']
pidgin_text_3434_emotion_1,na this kana una say wan go house next how na,['surprise'],"['disgust', 'surprise']","['disgust', 'surprise']","['surprise', 'disgust']"
pidgin_text_2677_emotion_1,im suspecting you o itunu e dey your body,['disgust'],['fear'],"['disgust', 'surprise']",['disgust']
pidgin_text_3105_emotion_1,dear god if you happen to see this kindly know that i cant be a citizen of nigeria here on earth and still end up in hell in the after life you cant punish me twice na i dont wanna be in hell a second time abeg this one don do,"['disgust', 'sadness']","['anger', 'disgust', 'fear', 'sadness', 'surprise']","['fear', 'sadness']","['disgust', 'sadness', 'fear']"
pidgin_text_5578_emotion_1,lol wahala for who waste data for babe wey no go fit sub for you,['disgust'],['disgust'],['disgust'],['disgust']
pidgin_text_1358_emotion_1,car horn no car at the gate me my dad is back me after fuck mehn i didnt know what dat guy put in his drink but my head is just turnioniown,"['disgust', 'fear']","['anger', 'sadness', 'surprise']","['disgust', 'fear']","['disgust', 'fear']"
pidgin_text_2509_emotion_1,sometimes i wonder who writes these scripts for our leaders o asaba movies try pass una for script writing n acting abeg,"['anger', 'disgust']",['disgust'],['disgust'],['disgust']
pidgin_text_2091_emotion_1,ah taya oo she no cum fine sef wen dey dey wear bra there will not here word,['disgust'],"['anger', 'disgust', 'sadness', 'surprise']",['disgust'],['disgust']
pidgin_text_4946_emotion_1,lmaooooooo its not a matter of prayer baba if ole doesnt fix his shit hed go this one wey your coach don dey yarn okoto like this nah l him go dey drink incoming l against chelsea,['disgust'],['anger'],['disgust'],['disgust']
pidgin_text_4337_emotion_1,adam n eve una fvck up sha just a reminder this panties de pain joor bra sef na issue,"['anger', 'disgust']","['disgust', 'sadness']","['disgust', 'sadness']","['disgust', 'sadness']"
pidgin_text_3532_emotion_1,actually viewed this project since i couldnt wait till ⁨isaaczara you are good abeg i stan abeg where your house dey i need tutorials,"['joy', 'surprise']",['surprise'],['joy'],"['joy', 'surprise']"
pidgin_text_4842_emotion_1,lmao me that wanted to listen to channels news this morning so ill be specific when im telling my boss im not coming to work coz of strike now i have to rely on hearsay say na channel weak,['sadness'],"['anger', 'sadness']","['disgust', 'sadness']",['sadness']
pidgin_text_3911_emotion_1,thats one way to know girl wey nothing dey her brain just air for the record i phone is hype do your research and get back to me,['disgust'],"['anger', 'disgust']",['disgust'],['disgust']
pidgin_text_5622_emotion_1,loooooool won ti lu werey yi pa you go carry wetin pass u later we go dey abuse short girls how she wan popo u like this,"['disgust', 'surprise']","['disgust', 'surprise']","['disgust', 'surprise']","['disgust', 'surprise']"
pidgin_text_2303_emotion_1,bosd why you dey do like this now why na person wey dey alive dey do ramadan oo shey person wey hunger don kill go fast boss why why you no look my side whyyyy,['sadness'],"['anger', 'disgust']","['sadness', 'surprise']",['sadness']
pidgin_text_848_emotion_1,i still dont know how i take waka jam this man o e still dey do me like film trick,['surprise'],"['joy', 'surprise']",['surprise'],['surprise']
pidgin_text_1787_emotion_1,lmao so una been dey watch me forget dressing man dey hungry,"['sadness', 'surprise']",['joy'],['sadness'],['sadness']
pidgin_text_466_emotion_1,hahaha jason pls commot here i don buy new one sef chinenye,['disgust'],[],[],[]
pidgin_text_5864_emotion_1,na why you no fit ever talk shortingo,['disgust'],"['disgust', 'surprise']",['disgust'],['disgust']
pidgin_text_1079_emotion_1,you don blow lie this na baba connect me na,['disgust'],"['anger', 'fear', 'joy', 'sadness', 'surprise']",['disgust'],['disgust']
pidgin_text_4653_emotion_1,person wey wan gimme money today talk say e no dey gimme again till next month,['sadness'],['sadness'],"['sadness', 'surprise']",['sadness']
pidgin_text_2438_emotion_1,e go make sense too if ah go follow my oga too de chop de insulte better pass tu de receive am,['disgust'],['disgust'],"['disgust', 'sadness']",['disgust']
pidgin_text_4329_emotion_1,oga make you rest when u bin leave me e be like say u just wan go downstairs but see where u end,['disgust'],['surprise'],"['disgust', 'surprise']","['disgust', 'surprise']"
pidgin_text_837_emotion_1,me wey don dey the hangout already ti won ba so mi mole lojo yen ma ja,['disgust'],['joy'],['surprise'],[]
pidgin_text_1402_emotion_1,lmafoooooooooooooooooooooo na the matter wey start that talk o went upstairs to gist him bout issues i was having with madam baba provoke say na because i get issues na why i come find am say ion dey ask after am before,"['disgust', 'sadness']","['disgust', 'sadness']","['disgust', 'surprise']","['disgust', 'sadness']"
pidgin_text_3556_emotion_1,abeg alex dey dancemy kinda girl,"['joy', 'surprise']",['joy'],"['joy', 'surprise']","['joy', 'surprise']"
pidgin_text_587_emotion_1,nengi you be better pikini love thé wey u dey follow you nd néo to the bank abeg congratulations inadvance,['joy'],['joy'],['joy'],['joy']
pidgin_text_5804_emotion_1,she go touch lión tailtrust me e no good to find dis guys trouble we dey cool dem down dey are well informed na my ppl dem no dey tire aunty no important na wetin dey vex them,['disgust'],"['anger', 'fear']","['fear', 'surprise']",['fear']
pidgin_text_6204_emotion_1,where are all the influencers her on what r u people doing are u sleeping na dem dey treat like trash oh these r d next people to enter workforce please who will start a new hashtag campaign for this inhumane treatment,"['anger', 'disgust']",['sadness'],"['anger', 'disgust']","['anger', 'disgust']"
pidgin_text_6106_emotion_1,tweeps tweeps tweeps i call una wetin they happen now i don reach like years for the twitter ordinary k followers i never celebrate just now now just right now motara create acct e don almost enter k plus oh god of followers take your people to my follow button,"['anger', 'disgust', 'sadness']","['anger', 'surprise']","['sadness', 'surprise']","['anger', 'sadness', 'surprise']"
pidgin_text_650_emotion_1,coming from a person i know is extra brilliantnow im scared egbon dat slot still deysebi im your brother too may allah ease for you your affairs,['fear'],"['fear', 'surprise']",['fear'],['fear']
pidgin_text_5072_emotion_1,im sure someone is already writing speech your president will say now president wey no fit talk without looking at the book is that one president abi folorun shole,['disgust'],"['anger', 'disgust', 'sadness']",['disgust'],['disgust']
pidgin_text_3714_emotion_1,address i wan dey chop am as e dey drop,['joy'],['joy'],[],['joy']
pidgin_text_3768_emotion_1,thats the thing i dey stay abuja k nor be big money it doesnt mean its not reasonable but nor be the way people dey look am my guy before nysc i was earning a month in benin i thought it was good money but my guy e nor reach,['sadness'],"['anger', 'sadness', 'surprise']","['disgust', 'fear']",['sadness']
pidgin_text_4920_emotion_1,i don de look one babe like that sinceee but as i no get money she say i de creepy,['sadness'],['sadness'],"['disgust', 'sadness']",['sadness']
pidgin_text_3947_emotion_1,na small thing dey vex me,['disgust'],['anger'],['disgust'],['disgust']
pidgin_text_2725_emotion_1,people are wicked sha person wey tell me say love na scam don propose to woman and me i still dey float,"['disgust', 'surprise']","['anger', 'disgust', 'sadness', 'surprise']","['disgust', 'sadness', 'surprise']","['disgust', 'surprise', 'sadness']"
pidgin_text_1127_emotion_1,na my location dey ment i dey school oo,['disgust'],"['disgust', 'surprise']","['disgust', 'fear']",['disgust']
pidgin_text_4084_emotion_1,biko how do people get suspended and locked out of their accounts on this app wetin gass occur make i know how i take dey waka here,['fear'],['fear'],"['fear', 'surprise']",['fear']
pidgin_text_22_emotion_1,im not understanding its only fades bikini that feels like years don waka the body remains the same,['surprise'],"['anger', 'sadness']",['surprise'],['surprise']
pidgin_text_6130_emotion_1,r e v i e w wey dey burst brain what better way to start a new this beautiful new week than to wake up to this why havent you patronized me yet please call or send a dm good morning have an amazing monday,"['joy', 'surprise']",['joy'],['joy'],['joy']
pidgin_text_1441_emotion_1,shop owners need to know how to relate with customers me good morning sir i came to you store to get a cord yesterday night but the cord is bad shop owner ehn go there and change it now ends the call na my money i take u na se u dey mad ni,"['anger', 'disgust']","['anger', 'surprise']",['disgust'],"['anger', 'disgust']"
pidgin_text_4148_emotion_1,una go chase us comot o common tail na k,"['disgust', 'fear']","['fear', 'surprise']","['disgust', 'fear']","['disgust', 'fear']"
pidgin_text_5497_emotion_1,so curtis graham u no fit direct beta knife stabbing scene this stabbing looks like the we did in the short film we made im annoyed cos were amateurs making a movie with zero budget and u people are oyibo with plenty equipment woz deez,"['disgust', 'surprise']","['disgust', 'surprise']","['disgust', 'sadness']","['disgust', 'surprise']"
pidgin_text_1460_emotion_1,peruzzi some people dey use charm for you o dem go just ask send me money gbam you don ask for aza but me i go write epistle till tomorrow shishi ion go see is it well,"['sadness', 'surprise']","['sadness', 'surprise']","['sadness', 'surprise']","['sadness', 'surprise']"
pidgin_text_87_emotion_1,wow so kaywise na chelsea fan i been think say na manutd pesin ooo up blues,['surprise'],"['joy', 'surprise']","['joy', 'surprise']","['surprise', 'joy']"
pidgin_text_3584_emotion_1,this pant bro i like how e dey gum for una body,['joy'],['joy'],"['joy', 'surprise']",['joy']
pidgin_text_601_emotion_1,shey e make sense u sef reason am na,['disgust'],[],"['disgust', 'surprise']",['disgust']
pidgin_text_4124_emotion_1,lagos na wa oo this wahala has been long,"['disgust', 'sadness']","['anger', 'disgust']","['fear', 'surprise']",['disgust']
pidgin_text_2181_emotion_1,no be lie ders dis girl i loved xo much back den upon all d things i do this girl no gree comot me from friend zone‍️she evn open mouth tell me say im like the brother she never had since then till today we still dey beef major beef,['disgust'],['anger'],['disgust'],['disgust']
pidgin_text_845_emotion_1,chaiii this one don sweet me die loyl e fit be you o,['joy'],['joy'],['surprise'],['joy']
pidgin_text_1637_emotion_1,why boss kon dey tell me shey na me dey do policy ni,['disgust'],"['anger', 'surprise']",['surprise'],['surprise']
pidgin_text_3311_emotion_1,lautech na school infact na sudan while unilorin na usa proud alunmi of unilorin,"['disgust', 'joy']","['disgust', 'joy']","['disgust', 'joy']","['disgust', 'joy']"
pidgin_text_5552_emotion_1,na for civilians body dem dey get power cnn,['disgust'],['disgust'],"['disgust', 'sadness']",['disgust']
pidgin_text_2066_emotion_1,im stressed because of that club no jokes if spurs win uefa e go pain me if liverpool win e go still pain me same thing if arsenal win europa e go pain me if chelsea win e go pain me no joy anywhere im in a toxic relationship with that club atm,"['anger', 'disgust']",['fear'],"['fear', 'sadness']",['fear']
pidgin_text_3519_emotion_1,dollars na small thing na we go soon dey ball,['joy'],['joy'],[],['joy']
pidgin_text_598_emotion_1,niggas wont say this but guy why e be say na when guys break up with babes dem dey overfine just saw my exes snap and damn,['surprise'],['surprise'],"['sadness', 'surprise']",['surprise']
pidgin_text_6116_emotion_1,my uncle was addressing one of his orderlies uncle gentleman you have to sit tight no time for partisan politics dont involve yourself me as per the mumu nephew wey i be well may be it is time for artisan politics e be like say i don buy job ooo,"['disgust', 'fear']",['surprise'],['fear'],['fear']
pidgin_text_1503_emotion_1,seriously if dangote still dey find money i wonder why i go dey satisfied when i never even get sef good morning sir please kindly help retweet my customers are definitely on your tl please,['sadness'],['surprise'],['sadness'],['sadness']
pidgin_text_1204_emotion_1,he say because say she get big yash that one say na she dey twerk because say she dey light skin that one say na she fine pass praise is a goat,"['disgust', 'surprise']","['disgust', 'surprise']",['disgust'],"['disgust', 'surprise']"
pidgin_text_5718_emotion_1,my padi make mouth to me i flog am o for fifa the real matter na hin be say he don cook and e no cook my own who go help us settle like this,"['disgust', 'fear', 'sadness']",['anger'],"['disgust', 'fear']","['disgust', 'fear']"
pidgin_text_4474_emotion_1,see as the guy bin dey give us that hin mumu smile like tony umez,['disgust'],['disgust'],['disgust'],['disgust']
pidgin_text_685_emotion_1,e choke help the ministry abeg,['surprise'],[],[],[]
pidgin_text_1680_emotion_1,calm down even your location sef is working against you,['disgust'],"['anger', 'fear']",['disgust'],['disgust']
pidgin_text_2965_emotion_1,e don happen again ooo‍️‍️‍️ my oga give me k go take buy im recharge card i use am go do freestyle now i don spoil producer mic️who go help me settle this one like thisthe matter serious ooo,"['fear', 'sadness']","['anger', 'fear', 'sadness', 'surprise']","['fear', 'sadness']","['fear', 'sadness']"
pidgin_text_595_emotion_1,peck me join sef,['joy'],['joy'],"['joy', 'surprise']",['joy']
pidgin_text_4896_emotion_1,omoo social media nowadays walai ko funny make d nigga with epilepsy just know where e dey spit go o make e no spit pass boundary woss,"['disgust', 'fear']","['disgust', 'fear', 'surprise']","['disgust', 'fear']","['disgust', 'fear']"
pidgin_text_5800_emotion_1,dont watch this video you go enter depression oloun na person net worth dem wan spend for oju agbo,['disgust'],"['fear', 'surprise']","['disgust', 'surprise']","['disgust', 'surprise']"
pidgin_text_6214_emotion_1,straight win psg dem don gimme cash out oh na to cash out now,"['joy', 'surprise']",['surprise'],"['joy', 'surprise']","['joy', 'surprise']"
pidgin_text_2479_emotion_1,una mumu don tay u feelsay mercy fans dey vote for people i laugh una,['disgust'],['disgust'],['disgust'],['disgust']
pidgin_text_3182_emotion_1,bros abeg which prayer request manual u dey use pray oo abeg i need am o too o god abeg let your daughter change my status and put smiles on my face and family today,['surprise'],[],"['fear', 'surprise']",['surprise']
pidgin_text_5971_emotion_1,since its your job to keep defrauding people claiming youre an artist na that cancer go kill youna people like this no dey make some clients trust us them don dey claim your work o,['disgust'],"['anger', 'disgust', 'surprise']","['anger', 'disgust']","['disgust', 'anger']"
pidgin_text_2946_emotion_1,this nurse wey bleach so go fit gimme injection me wey no get vain,"['disgust', 'fear']","['disgust', 'surprise']","['disgust', 'fear']","['disgust', 'fear']"
pidgin_text_5167_emotion_1,person go dey owe you money but go dey launch new footwear if you wan wear am match for the protest wahala no dey but if otherwise you better pay up as we dey your nonsense behaviour must end too period,"['anger', 'disgust']","['anger', 'surprise']","['disgust', 'surprise']","['anger', 'disgust', 'surprise']"
pidgin_text_4501_emotion_1,this fake life has finally land me into trouble when i think say we dey plenty for single life omo everyone don sort them selves out sha dey con dey use the singu life we gather dey before dey mock me,"['disgust', 'sadness']",['sadness'],['sadness'],['sadness']
pidgin_text_4307_emotion_1,why you dey do like this nah this guyyou wey dey chill with buhari,"['sadness', 'surprise']",['surprise'],['surprise'],['surprise']
pidgin_text_2071_emotion_1,please what nonsense formula to be hurting someone una no fit comot formula wey go give person joy,['disgust'],['anger'],['disgust'],['disgust']
pidgin_text_4442_emotion_1,as dis mfs wey on the field wen my boiz came to town years back hope u remember the goals bashings back to back sha,['disgust'],"['anger', 'disgust']",['disgust'],['disgust']
pidgin_text_1132_emotion_1,i dey see them on a steady a certain time one even use shoulder jam me and apologized if dem stop me i dey stop give dem phone to check e be like say dem dey use jazz no say i no get bar,"['disgust', 'fear']","['disgust', 'surprise']","['fear', 'sadness']","['disgust', 'fear']"
pidgin_text_963_emotion_1,i get toyota spider oh i dey drive nissan hover i dey drive camry i dey drive durano eh god o,"['joy', 'surprise']",['surprise'],['joy'],"['joy', 'surprise']"
pidgin_text_4765_emotion_1,free money no dey again him com dey vex unknown to him see how him dey tell us how dem dey slaughter nigeria money by just passing a call through their designated insiders during their time in aso rock now we know,['disgust'],"['anger', 'disgust', 'sadness']","['disgust', 'surprise']",['disgust']
pidgin_text_950_emotion_1,i dey help u na make u see wetin to talk and write for ielts,['disgust'],[],['surprise'],[]
pidgin_text_5308_emotion_1,im not happy with you oh you can just go awol on me come back dey call me chuks chuks,['disgust'],"['anger', 'surprise']","['disgust', 'sadness']",['disgust']
pidgin_text_2300_emotion_1,no b una fault oo na rihanna no wan release musiceyin omo leyin iya beji no get respect rara,['disgust'],"['anger', 'disgust', 'surprise']",['disgust'],['disgust']
pidgin_text_1344_emotion_1,guy go marry you don dey old ooo,['disgust'],"['disgust', 'fear']",['disgust'],['disgust']
pidgin_text_5529_emotion_1,osun west is it only adelekes family dat is in osunwestsendistrict,"['disgust', 'surprise']",['surprise'],"['disgust', 'surprise']","['disgust', 'surprise']"
pidgin_text_1071_emotion_1,i have been risking using my phone without pouch for a week now i just hope it wont end in premium tears pouch spoil buy another one ano gree buy i dey rock and like that make e no be like say na village people dey do this thing o,['fear'],['fear'],['fear'],['fear']
pidgin_text_125_emotion_1,on top this valetine na so my guy propose yesterday ooo love is sweet which way now i dey propose next week ooo i don leave una geng,['joy'],"['joy', 'surprise']",['joy'],['joy']
pidgin_text_682_emotion_1,uriel don strt wit englishsha go n eat d disgusting food n vomit well cos u don dey practise since,['disgust'],['disgust'],['disgust'],['disgust']
pidgin_text_2892_emotion_1,police driving audi without number plate wants to arrest a camry without number plate okay na so wahala dey start its like the new cp is worse than the last one,"['disgust', 'surprise']","['disgust', 'surprise']","['disgust', 'surprise']","['disgust', 'surprise']"
pidgin_text_213_emotion_1,fine ijaw man wey get sense husband material yards,['joy'],['joy'],['joy'],['joy']
pidgin_text_4320_emotion_1,happy democracy say to those who preactce and still believe in true democracy for my country because last last all this old men dey use our future abeg na how many future person dey get democracy,"['disgust', 'sadness']",[],"['fear', 'sadness']",['sadness']
pidgin_text_1591_emotion_1,wetin dey happen na everywhere just dry shey mazi don carry all di drama go ni,['surprise'],"['anger', 'disgust', 'sadness', 'surprise']","['sadness', 'surprise']","['surprise', 'sadness']"
pidgin_text_725_emotion_1,ur sonmy nephew decided today is arabic speaking day oooh were doing islamiyya im ashamed of myself ur girl no sabi wetin e dey talk na to say toh ina zuwa but las las im proud of him,"['disgust', 'joy']","['joy', 'surprise']","['disgust', 'joy']","['disgust', 'joy']"
pidgin_text_3610_emotion_1,bros i dey your back but na bolle and sauce i fit chop as we dey slaughter them with tweets,['joy'],[],['joy'],['joy']
pidgin_text_2235_emotion_1,omoh ph people dey suffer o this days my body don tell me for traffic,"['disgust', 'sadness']","['anger', 'disgust', 'sadness', 'surprise']",['sadness'],"['disgust', 'sadness']"
pidgin_text_4239_emotion_1,na wetin de pain me for justice be that the crime don kill one person,"['disgust', 'sadness']","['anger', 'disgust', 'fear', 'sadness']","['disgust', 'fear']","['disgust', 'sadness', 'fear']"
pidgin_text_1694_emotion_1,all the way from ife to warri for dick on his birthday in the night when no option of calling warri main chick again and then half way into the dis tin u come de ur mind de shout stop and she expect brother to magically know well am just a virgin wat do i know ‍️,"['disgust', 'surprise']","['disgust', 'surprise']",['disgust'],"['disgust', 'surprise']"
pidgin_text_5121_emotion_1,e no go better for lampard,['anger'],['anger'],"['disgust', 'sadness']",['anger']
pidgin_text_370_emotion_1,e no get who no get him own wahalaeverybody just de smile de waka jeje so if person no fit helep you todaynwannem nwoke nwanyi understand and move on if you continue to worry am and him block you patapatae no mean say him wicked o e only mean say you no get sense,['disgust'],"['anger', 'disgust', 'sadness']",['disgust'],['disgust']
pidgin_text_3228_emotion_1,e even blow powder join am sef,['surprise'],['surprise'],['surprise'],['surprise']
pidgin_text_5044_emotion_1,i dey tell you baba we dey watch like bat the tone don dey change the next thing is to compare evil with evil but them fo avoid the good,"['disgust', 'sadness']",[],"['disgust', 'fear']",['disgust']
pidgin_text_2148_emotion_1,lol calm down na unna own dey worry pass oh omo if unna start person no dey rest,['disgust'],['fear'],"['disgust', 'sadness']",['disgust']
pidgin_text_5810_emotion_1,lmao see this man u fan dey talk if na sars catch liverpool wetin catch man u,['disgust'],['surprise'],['disgust'],['disgust']
pidgin_text_979_emotion_1,hahahaha no vex baba me na mentor i want write but autocorrect change am to ancestor but e still blend so i leave am like that see you on sunday boss,['sadness'],"['joy', 'surprise']","['fear', 'surprise']",['surprise']
pidgin_text_3070_emotion_1,at about this time in two friends doing mmm mr a guy you no want give me my money abi na you introduce me to this thing oooh mr b oga free me na when you pay the money na my account you send am to,"['disgust', 'surprise']",[],['disgust'],['disgust']
pidgin_text_2547_emotion_1,omo now wey chelsea match dey on na im rain say i no watch ball again which kind wahala be this e for fall when man u dey play na,"['disgust', 'sadness']","['anger', 'sadness']","['disgust', 'sadness']","['disgust', 'sadness']"
pidgin_text_368_emotion_1,dat ur face ehn priceless,['surprise'],['surprise'],['joy'],['surprise']
pidgin_text_1822_emotion_1,u left and dropped a big hole now this boys cant come close i trust you mercy for don don my ink don finish,['disgust'],['sadness'],['sadness'],['sadness']
pidgin_text_1199_emotion_1,was at the police station yesterday as police dey handle matter dey advice the ode they arrested omo one guy from cell come dey advise am join oh,"['disgust', 'surprise']","['disgust', 'surprise']",['surprise'],"['disgust', 'surprise']"
pidgin_text_2789_emotion_1,see this woman na so you wan sideline me,"['disgust', 'surprise']","['anger', 'fear', 'sadness', 'surprise']","['disgust', 'surprise']","['disgust', 'surprise']"
pidgin_text_4735_emotion_1,how many years ago sing shey na like this e go dey dey listening again now and im in tears how many years ago and we still dey ask the same question,"['disgust', 'sadness']","['disgust', 'surprise']","['disgust', 'sadness']","['disgust', 'sadness']"
pidgin_text_5195_emotion_1,peeps pls let uncle doyin rest na y u dey remind e no good o,['sadness'],['sadness'],"['disgust', 'sadness']",['sadness']
pidgin_text_5983_emotion_1,e sir person go gas hin babe for where boys dey smoke benson hmmmm sir daddy sheri everybody sha cash faya sha last last won jona,"['disgust', 'surprise']","['anger', 'surprise']","['disgust', 'sadness']","['disgust', 'surprise']"
pidgin_text_3456_emotion_1,veehive we nur dey fight anybody na god dey fight for us,['joy'],[],['joy'],['joy']
pidgin_text_396_emotion_1,no use oppression kill yourself cos of otedolas ferrari always thank your parent for wetin dem don do for u and u should also double your hustle to do dis kind tin for ur daughters road wey get hold up go soon clear congratulations to you all otedolas i love this,['joy'],['joy'],"['disgust', 'joy']",['joy']
pidgin_text_5377_emotion_1,this one has come again belle don dey pain person,['disgust'],['sadness'],['joy'],[]
pidgin_text_390_emotion_1,i remember dat day for freddo house wey dalo no gree make you talk on the matter funny as fuck,['joy'],['joy'],['disgust'],['joy']
pidgin_text_2736_emotion_1,if deeper life children spoil ehn omo dem dey spoil finish,['disgust'],['disgust'],"['disgust', 'surprise']",['disgust']
pidgin_text_3000_emotion_1,abeg make person hlp share dis video so dat okowa go talk abt dis palliative wen people de loot and e claim say e don share own,['disgust'],"['anger', 'disgust', 'sadness', 'surprise']","['disgust', 'surprise']","['disgust', 'surprise']"
pidgin_text_305_emotion_1,all dis fine fine girls wey una dey use for header sha mek i kuku get one too,['surprise'],"['joy', 'surprise']",['surprise'],['surprise']
pidgin_text_6038_emotion_1,u sef de even get warning they de snuff me out like a dothraki herd charging towards the undead,"['disgust', 'sadness']","['anger', 'sadness', 'surprise']","['disgust', 'sadness']","['disgust', 'sadness']"
pidgin_text_5173_emotion_1,who go kon marry me now old age don come na money dey fvck me up or true love,['sadness'],"['fear', 'sadness']","['fear', 'surprise']","['sadness', 'fear']"
pidgin_text_2357_emotion_1,the same babe wey you you wan die on top her matter for this lagos nah him some boys dey use do point and kill for sex party,['disgust'],"['disgust', 'surprise']",['disgust'],['disgust']
pidgin_text_2486_emotion_1,now oo dem fit vex score ooo,['fear'],['fear'],['fear'],['fear']
pidgin_text_2940_emotion_1,to make noodles took more than mins ‍️ time wey for don use rush chop onugbu soup n fufu ‍️ nawa o,"['disgust', 'sadness']",['surprise'],"['disgust', 'surprise']","['disgust', 'surprise']"
pidgin_text_2601_emotion_1,nd frame moto don jam e don happen,"['disgust', 'fear']","['fear', 'surprise']","['fear', 'surprise']","['fear', 'surprise']"
pidgin_text_5803_emotion_1,this your show off don dey too much o the bad belle in me say you dey violate social distancing in this critical time of second wave,['disgust'],"['anger', 'fear', 'surprise']","['disgust', 'surprise']","['disgust', 'surprise']"
pidgin_text_889_emotion_1,e be like say na from tope the k gist emanate from people never kana say na em be the originator he for don chop drags since morning cc,['surprise'],['surprise'],['surprise'],['surprise']
pidgin_text_1753_emotion_1,sandra borrow amake her new shirt now amaka don use am post for ig dey tell us happy new year shirt wey sandra one use caption new year new me,"['disgust', 'surprise']","['disgust', 'surprise']",['surprise'],"['disgust', 'surprise']"
pidgin_text_2262_emotion_1,lmfao abi thunder wan strike this oneso na pm be your resumption and me dey resume am,"['disgust', 'surprise']","['disgust', 'surprise']","['disgust', 'surprise']","['disgust', 'surprise']"
pidgin_text_1610_emotion_1,people wey get girlfriend dey here dey do video call and then theres me,['sadness'],['sadness'],['sadness'],['sadness']
pidgin_text_553_emotion_1,omo i just dey remember say i shazam song wey been dey play when i won buy bread and egg from aboki yesterday i see am for apple music and i jam am i think ive lost it,['fear'],"['joy', 'surprise']",['sadness'],[]
pidgin_text_797_emotion_1,ahh ig vendor don use me catch cruise but i paid for a green dress na vendor sorry ma no vex this one is fine too e get high slit for front like the green e go fit that your small waist i want to fighttttt,"['anger', 'surprise']",['surprise'],['anger'],"['anger', 'surprise']"
pidgin_text_2577_emotion_1,you too dey stress pesin wey dey ment,['disgust'],"['anger', 'disgust', 'surprise']",['disgust'],['disgust']
pidgin_text_4479_emotion_1,you people are wicked i say make una no retweet that tweet but na then una know where the retweet button dey when i talk something wey make sense retweet go dey slow like naija antiinsurgency fight na wah,['disgust'],"['anger', 'disgust']","['disgust', 'sadness']",['disgust']
pidgin_text_4596_emotion_1,but jaru fuck up sha how can you be selling regina mixpresident wife mix all the mixes to catch rich men to spend on you but you no fit catch even if na after rich man nne e fok u ezigbo up biko,"['disgust', 'surprise']",['disgust'],"['disgust', 'surprise']","['disgust', 'surprise']"
pidgin_text_104_emotion_1,thanks to everyone dat voted dis baby girl and those of us dat still love her even with her flaws honesty her sarcasm thank u guys we are d real mvp,['joy'],['joy'],['joy'],['joy']
pidgin_text_2903_emotion_1,na wah oh which crime i commit wey you go come tie me like this dey flog,"['sadness', 'surprise']","['sadness', 'surprise']","['disgust', 'surprise']","['sadness', 'surprise']"
pidgin_text_5056_emotion_1,a we get jobs b we dy suffer pass a guy them don cut ya hair for assembly a guy we dy cut grass for here sef b e pele rich gang problems a doh ya papa no get money b nothing lasts forever tearssss b na me tell you make you disobey small rules and regulations,['sadness'],"['anger', 'fear']","['disgust', 'sadness']",['sadness']
pidgin_text_4204_emotion_1,like where i wan dey see k monthly where i dey work,"['disgust', 'sadness']","['anger', 'sadness', 'surprise']","['disgust', 'sadness']","['disgust', 'sadness']"
pidgin_text_3815_emotion_1,when simi tweet em tweet oga come dey look for clout say her music dey make an sleep na wetin you dey find for twitter oh oh,['disgust'],['surprise'],"['disgust', 'surprise']","['disgust', 'surprise']"
pidgin_text_1050_emotion_1,as eleran ara i vex tell my paadi day and for this reason i must collect my money see life ooh out of nowhere i receive hin call months after our last convo say make i no vexwan manipulate me again mi ode rindi oooh na just cos i get soft spot,"['disgust', 'surprise']","['anger', 'disgust', 'surprise']","['disgust', 'sadness']","['disgust', 'surprise']"
pidgin_text_1901_emotion_1,once again e no go better for arsenal week after week na sorrow na god go punish you,"['anger', 'sadness']","['anger', 'disgust', 'sadness', 'surprise']","['anger', 'sadness']","['anger', 'sadness']"
pidgin_text_5715_emotion_1,somebody should please help me tell phcn people that rain has stopped since wire sef don dry abeg i need to use the microwave please,"['disgust', 'sadness']","['anger', 'sadness']","['disgust', 'sadness']","['disgust', 'sadness']"
pidgin_text_1663_emotion_1,after this argentinas loss anybody wey curse super eagles eh him papa this same croatia wey fear us wey use own goal and penalty beat us naim dey destroy messi and argentina like this wow,['surprise'],"['anger', 'surprise']",['disgust'],['surprise']
pidgin_text_1508_emotion_1,now imagine thinking about sars before wearing a particular cloth drive a car or use a phone thinking this will look too flashy for sars even me wey dey wear suits in d last years sef sars don do me stop and search,"['disgust', 'sadness']","['sadness', 'surprise']","['disgust', 'fear']","['disgust', 'sadness']"
pidgin_text_3585_emotion_1,make una come i don die,['sadness'],"['fear', 'surprise']","['fear', 'surprise']","['fear', 'surprise']"
pidgin_text_1720_emotion_1,awwwwww e pain me shaaaa i go miss dis chance to parry wit nengi,['sadness'],['anger'],['sadness'],['sadness']
pidgin_text_6168_emotion_1,i never want you to go away from me dont go away from me i like it that youre happy baby like it that youre happy with me like it that you wan be with me oh say na who i kom be like it that you want to love me baby do you see that im so happy so happy say you sef choose me,['joy'],['joy'],['joy'],['joy']
pidgin_text_3527_emotion_1,if to say na our mama de help una negotiate before una for don sign am mama good die,[],"['joy', 'surprise']",['sadness'],[]
pidgin_text_5076_emotion_1,id rather starve than to eat rice one more time again waiz this na shey na crime i do to come visit una haba,"['disgust', 'sadness']","['anger', 'sadness']","['disgust', 'sadness']","['disgust', 'sadness']"
pidgin_text_2716_emotion_1,just yesterday i overhead a man and market woman talking about the and the lady was surprised i just dey hear dis tori so o which kind senake go chop million naira na true talk be dis so u nor hear d news for igbudu market,"['disgust', 'sadness']","['anger', 'disgust', 'sadness', 'surprise']","['disgust', 'surprise']","['disgust', 'sadness', 'surprise']"
pidgin_text_5571_emotion_1,the nd framecheck him ear welle be like say he dey chop through hin ear because the thing just dirty anyhow like say them drop bed crumbs for ground handsome man,"['disgust', 'surprise']","['disgust', 'surprise']","['disgust', 'surprise']","['disgust', 'surprise']"
pidgin_text_2958_emotion_1,nai i wan just talkordinary selfcon for here you go wan donate organ first to afford am,"['disgust', 'sadness']",['surprise'],"['disgust', 'sadness']","['disgust', 'sadness']"
pidgin_text_5887_emotion_1,you go wan play match for abuja you go dey find out if na grass or ontop sandstone una dey play ontop make you know as you go package your body if you fall ontop sandstone pitch secs blood don dey flow,['disgust'],['fear'],['disgust'],['disgust']
pidgin_text_4915_emotion_1,if jesus dey call roll call now we don miss heaven be dat o,"['disgust', 'fear']","['anger', 'disgust', 'fear']","['disgust', 'fear']","['disgust', 'fear']"
pidgin_text_2378_emotion_1,so as u tak fine reach whr plenty pussy don dey visit ur profile to drop digit na dick u con dey suck ur family members suppose surround you dey giv u slap for one year,"['anger', 'disgust']","['anger', 'disgust', 'sadness', 'surprise']",['disgust'],"['anger', 'disgust']"
pidgin_text_1067_emotion_1,oversabi don dey enter this thing abeg,['disgust'],"['anger', 'disgust', 'surprise']",['disgust'],['disgust']
pidgin_text_3791_emotion_1,i told them i wasnt pregnant oo but dem wan just collect that k,"['disgust', 'sadness']","['anger', 'sadness']",['anger'],"['sadness', 'anger']"
pidgin_text_998_emotion_1,️️ boss i hail ooo hwfar with de iphone give away way u say u go give for video i don do my own tag u time but i no hear from you,['sadness'],[],['fear'],[]
pidgin_text_3631_emotion_1,biggi sef confirm am biggi sef get eye and him dey see am biggi sef dey regret why he succumbed to little bribe and disqualified child of grace biggi sef don finally receive sense to the benefit of the current bbn show going on,['disgust'],"['disgust', 'sadness']",['disgust'],['disgust']
pidgin_text_2200_emotion_1,im such a spoilt girlfriend i dont know how to do anything again to buy myself charger sef na problem,"['disgust', 'sadness']",['disgust'],"['disgust', 'sadness']","['disgust', 'sadness']"
pidgin_text_1728_emotion_1,what kind of rubbish is this advert wey we don see taya now we no know weda na rubbish efe rap now,['disgust'],['disgust'],['disgust'],['disgust']
pidgin_text_5845_emotion_1,na die una dey findhope he is aware of the appointment ooobaba brain dey on autoformat mode,"['disgust', 'surprise']","['disgust', 'surprise']",['disgust'],"['disgust', 'surprise']"
pidgin_text_5751_emotion_1,dis one na koloe dey form hardcore comedyeven dave chapelle go vex for am,['disgust'],['surprise'],['surprise'],['surprise']
pidgin_text_280_emotion_1,go kene shrine go chop meat me sef dey go dia now,[],[],[],[]
pidgin_text_2160_emotion_1,aswear e no go funny wahala sef don pass the money them go wan pay you,"['disgust', 'sadness']","['fear', 'surprise']","['disgust', 'sadness']","['disgust', 'sadness']"
pidgin_text_3918_emotion_1,sugar which paradiseis it d paradise of failureabi na paradise of fa cupabeg make we hear word jare,['disgust'],"['anger', 'disgust']",['disgust'],['disgust']
pidgin_text_3202_emotion_1,but wait on magbe with said ki eba toh jina kan le dada ori na la ma ti ro but dem no dey turn eba ontop fire i wish say na ki amala toh jina dada ori na la ma ti ro would make everything meaningful but i love you like that,"['disgust', 'surprise']",['joy'],"['joy', 'surprise']","['surprise', 'joy']"
pidgin_text_3024_emotion_1,who dey vex you,['surprise'],"['disgust', 'surprise']",['surprise'],['surprise']
pidgin_text_5134_emotion_1,these patients no gree come since oona when man wan go find food na him dem dey fall in e no fair na,"['disgust', 'sadness']","['anger', 'fear', 'sadness']","['disgust', 'sadness']","['disgust', 'sadness']"
pidgin_text_1299_emotion_1,duduke duduke relationship goals dem go break ur heart at last ask me na dem dismantle my heart so stop making noise,['disgust'],"['anger', 'disgust', 'sadness']","['disgust', 'sadness']","['disgust', 'sadness']"
pidgin_text_3989_emotion_1,lmao you don join dem too na wa ohh,['surprise'],"['sadness', 'surprise']","['disgust', 'surprise']",['surprise']
pidgin_text_1002_emotion_1,but this pikin take style resemble terry ooh why she nor put am for e head,['surprise'],['surprise'],['surprise'],['surprise']
pidgin_text_4240_emotion_1,i just no wan curse people doing this face and account thing why you dey give pesin hbp like this,"['anger', 'disgust']","['anger', 'disgust']","['anger', 'fear']","['anger', 'disgust']"
pidgin_text_373_emotion_1,thanks boss na me kuku do those ones wey dey the picture,['joy'],['joy'],['joy'],['joy']
pidgin_text_5005_emotion_1,shay u no sabi pidgin english again simple singular and plural u no sabi as you use s for cupcake na una you suppose use no be you school for ja u no gree we dey okay dj,"['disgust', 'surprise']","['anger', 'disgust', 'surprise']",['disgust'],"['disgust', 'surprise']"
pidgin_text_1339_emotion_1,see how i am looking at all of you ooo nobody wan do easter for me chukwu na aka gi kam noo,"['disgust', 'sadness']",['sadness'],"['fear', 'sadness']",['sadness']
pidgin_text_4443_emotion_1,you people are cheap niyen o una done dey forget our best boss you done even give hin title out in less than month,"['disgust', 'surprise']","['disgust', 'surprise']","['disgust', 'surprise']","['disgust', 'surprise']"
pidgin_text_5149_emotion_1,mercy mouth smells body smells she only has her shower once in a day guys una dey chop shit,"['disgust', 'sadness', 'surprise']","['anger', 'disgust', 'sadness']",['disgust'],"['disgust', 'sadness']"
pidgin_text_3501_emotion_1,+= so does + d way u do tins is nt always d way do dem respect oda peoples way of tinkin,['surprise'],[],['disgust'],[]
pidgin_text_1834_emotion_1,rain don dey fall since morning and nepa nova take lait e be like say world go soon end today be that,"['fear', 'surprise']","['fear', 'joy', 'surprise']",['fear'],"['fear', 'surprise']"
pidgin_text_3325_emotion_1,na person like you dem dey rush,[],[],['joy'],[]
pidgin_text_2691_emotion_1,ngwa ndo esoghim ekiri socceru don chop e be like say everibodi de watch balllemme kukuma sleep vex,"['anger', 'disgust']",['anger'],"['anger', 'disgust']","['anger', 'disgust']"
pidgin_text_2994_emotion_1,who get this number wey dey call me aggressively,"['disgust', 'surprise']",['anger'],"['disgust', 'surprise']","['disgust', 'surprise']"
pidgin_text_2352_emotion_1,if biggie really evicts erica today lol i will just switch off my phone and escape twitter because i don dey prove points since like say na debate,['fear'],['fear'],['fear'],['fear']
pidgin_text_2108_emotion_1,you never help to dey gather money den they curse you on top your voluntary analysis wetin dem go con do if you dey help raise money for voting and stuff oga abeg reason am well o,"['disgust', 'surprise']",['anger'],"['disgust', 'surprise']","['disgust', 'surprise']"
pidgin_text_2491_emotion_1,before god and man i am not going to any of your outlets for any registration if the queues are still there as una no wan give una sef sense,['disgust'],"['anger', 'surprise']",['disgust'],['disgust']
pidgin_text_5702_emotion_1,you don wanna know after my laundry guy brought my clothes yesterday madam para dey vex say i dey live like king for here say ion dey wash guess who washed her clothes today,"['disgust', 'sadness']","['sadness', 'surprise']","['sadness', 'surprise']","['sadness', 'surprise']"
pidgin_text_180_emotion_1,make una dey invite me go wedding na i have not been to one this year help me get familiar with native dress na,['sadness'],"['anger', 'joy', 'sadness']",['sadness'],['sadness']
pidgin_text_3655_emotion_1,money go fit me die my offer still stands o celebritieswhere una dey am in the mood to draw tatoo dont miss did opportunity oo dont say i didnt announce it o,['joy'],['joy'],['joy'],['joy']
pidgin_text_5787_emotion_1,so for the full nigeria them nor see better camera take snap this thing this ahmed musa una sure say e dey alright so i stil dont understand this decision to join kanu pillars,"['disgust', 'surprise']","['fear', 'surprise']","['disgust', 'surprise']","['disgust', 'surprise']"
pidgin_text_3415_emotion_1,e sweet me as dem pick david silva for pfa team of the season than fernandez man utd fans don dey cry ontop tl,"['disgust', 'joy']",[],['joy'],['joy']
pidgin_text_353_emotion_1,my bro true o na who loose guard dem dey run street,"['disgust', 'fear']",['fear'],[],['fear']
pidgin_text_6164_emotion_1,one pisfu aftunui decided relax my private prtpenisafta a min of relaxing it and d tin dey pain mei go wsh am quicklycon see miracleas i wsh am finish all d hair don comoti be like i no use shaving stickclipper or blade nah wetin con hapentill now hair never comot,"['fear', 'sadness']",['surprise'],"['disgust', 'fear']",['fear']
pidgin_text_4999_emotion_1,may all the good things in his life i follow him child like him mumu upcoming politician na emm first speech na why that nonsense de come out from em mouth,['anger'],['anger'],"['anger', 'disgust']",['anger']
pidgin_text_3111_emotion_1,why do you people always bring relationship dos and donts on media who wants to cook should cook who nur wan cook make e rest lets debate on something else everytime a man should this a woman should that,"['anger', 'disgust']","['anger', 'disgust', 'sadness', 'surprise']",['disgust'],"['anger', 'disgust']"
pidgin_text_5403_emotion_1,which one come be just for you again na e don full my dm and later twitter go dey suspend d wrong pipu sorry is twitter made in nigeria,['disgust'],"['anger', 'surprise']","['disgust', 'surprise']","['disgust', 'surprise']"
pidgin_text_2699_emotion_1,ati your head don dey shake well well,['disgust'],[],['disgust'],['disgust']
pidgin_text_3131_emotion_1,na dream shank just followed me im so emotional im so grateful to god for making me withness this moment,['joy'],['joy'],['joy'],['joy']
pidgin_text_5744_emotion_1,this country na indian film i dey uar dey tweet from zambia,['disgust'],['disgust'],"['disgust', 'surprise']",['disgust']
pidgin_text_1747_emotion_1,lmao me wey just dey observe i been wan learn from the master i been dey watch you but all your shots for tl just dey go off target since yesterday,['disgust'],['disgust'],['sadness'],['disgust']
pidgin_text_5218_emotion_1,this lingard wey una dey start hope say e no go make us cry see ehn we don too make mouth please win,"['fear', 'sadness']",['fear'],['fear'],['fear']
pidgin_text_3453_emotion_1,arewa twitter una name dey trend inside this camp oo,['surprise'],['surprise'],['surprise'],['surprise']
pidgin_text_4338_emotion_1,ah con dey see am like say na only me racksterly dey fuck up since on th oooooooo ayyi its unfair na una costomer care no dey even answer person thats that worst part ️️️️️️️️️️️️️️️️️️️️️,"['disgust', 'sadness']",['surprise'],"['anger', 'sadness']",['sadness']
pidgin_text_4209_emotion_1,you see why sticking to what youre familiar with is the best when making food choices just had the trashiest creamy chicken sauce with basmati rice and i dont know how to feel well maybe not trashy its just not something im used to i no dey chop pass rice and stew,"['disgust', 'sadness']",['joy'],"['disgust', 'sadness']","['disgust', 'sadness']"
pidgin_text_3848_emotion_1,why una dey rush person sef let them be,['disgust'],"['disgust', 'surprise']",['disgust'],['disgust']
pidgin_text_326_emotion_1,you have stolen my anywhere you go me sef i go dey follow follow,['joy'],['joy'],['joy'],['joy']
pidgin_text_3155_emotion_1,ndi igbo si na voom ka mma karia statement so bro dey ur dey make papa adeboye dey him dey,['disgust'],[],['disgust'],['disgust']
pidgin_text_302_emotion_1,what if i say make we no be friends make you be my babe cos i don dey fall and e be like say me and you we go runaway we go go america in the midnight train,['joy'],[],['joy'],['joy']
pidgin_text_117_emotion_1,na dis kind love wet i dey find o,['surprise'],['joy'],['surprise'],['surprise']
pidgin_text_5229_emotion_1,you de tell me make i buy land for country wey i no even wan de,['surprise'],"['disgust', 'surprise']","['disgust', 'surprise']","['surprise', 'disgust']"
pidgin_text_726_emotion_1,even for court sefperson wey dey innocent go talk say him dey guilty after seeing your beautiful facebeautiful agbejero,"['joy', 'surprise']","['joy', 'surprise']",['joy'],"['joy', 'surprise']"
pidgin_text_204_emotion_1,exactly wetin i dey tell ma guy for here something na tomorrow o e don trend todaylove for breast everywhere,"['joy', 'surprise']","['anger', 'disgust', 'surprise']","['joy', 'surprise']","['joy', 'surprise']"
pidgin_text_6179_emotion_1,my mates dey enjoy for house me i dey here dey work bye bye to independent lady i no do again,"['disgust', 'sadness']","['anger', 'sadness']","['disgust', 'sadness']","['disgust', 'sadness']"
pidgin_text_4761_emotion_1,jazz boys where una dey na this whole story is just upside down and inside out lol the worst part is that some of you are now thinking that palm jazz go work for una please refrain from supporting any adulterated suggestion that jazz go work for you by believing it,"['disgust', 'surprise']","['disgust', 'surprise']","['anger', 'disgust']","['disgust', 'surprise']"
pidgin_text_3199_emotion_1,thank god for that password wey lasu put for lidc you go just dey cry your cry for house your mama go dey ask wetin happen you go just say you dey meditate na only you know wetin do you,['joy'],['joy'],"['fear', 'joy']",['joy']
pidgin_text_4301_emotion_1,boss i was fasting that day about to break fast before kickoff but i was like make i go watch my match before i get myself better thing to chop bro na after days i chop can testify,"['disgust', 'sadness']",[],"['anger', 'sadness']",['sadness']
pidgin_text_5653_emotion_1,broda he just he like say make person go meet baba say make him do level for person make you con dey make mouth for street not knowing say some people way no talk way just dey look you get wetting them fit do you so tay the person no go fit carry one hand self,['disgust'],[],['disgust'],['disgust']
pidgin_text_1180_emotion_1,just this year wey never reach one week and people don dey marry‍️,['surprise'],['surprise'],['surprise'],['surprise']
pidgin_text_5130_emotion_1,patronising alternativemedicine vendors dey cum around on saturdays stay d bstop and stat blastin ru deir loudspeakers about d various cures dey ave esp stds and stis den my dad wud b lyk go an buy agbo jedi me rm dose pple kuku kil me na,['disgust'],"['anger', 'disgust', 'fear', 'sadness']","['anger', 'disgust']","['disgust', 'anger']"
pidgin_text_3063_emotion_1,oluwa wetin dey occur didnt he know his erect penis was out,"['disgust', 'surprise']","['disgust', 'surprise']","['disgust', 'surprise']","['disgust', 'surprise']"
pidgin_text_1796_emotion_1,just type my handle under it na why are you just dragging my shirt like this na ive picked my sub thank you im not even crying i,"['disgust', 'surprise']","['anger', 'disgust', 'sadness', 'surprise']",['disgust'],"['disgust', 'surprise']"
pidgin_text_2322_emotion_1,continue to dey do rubbish o when dem go sack you e go be like film for your eye ode,['disgust'],['disgust'],['disgust'],['disgust']
pidgin_text_2399_emotion_1,ebuka your snake don de bite ohhhh lmao nice outfit tho,"['joy', 'surprise']","['fear', 'joy', 'surprise']",['surprise'],"['joy', 'surprise']"
pidgin_text_4272_emotion_1,lol makes sense resale value for here na shey first body ni shey ac dey work cos the mechanic sef no reliable,"['disgust', 'sadness']",['fear'],"['disgust', 'sadness']","['disgust', 'sadness']"
pidgin_text_2803_emotion_1,e dey vex me tbh he gets looks but hitting them na problem and kuzma has been to inconsistent to take his spot,"['anger', 'disgust']",['anger'],"['anger', 'disgust']","['anger', 'disgust']"
pidgin_text_2569_emotion_1,omo wetin be this guy na person dem they flog with iron so,"['disgust', 'surprise']","['anger', 'sadness', 'surprise']","['disgust', 'surprise']","['disgust', 'surprise']"
pidgin_text_2692_emotion_1,this one this man tenant just dey give me drinks since last week hmmm e say e get wetin we go discuss humans they dont give without something in return,"['disgust', 'fear']","['disgust', 'surprise']","['fear', 'surprise']","['disgust', 'fear', 'surprise']"
pidgin_text_4846_emotion_1,pls oo all those ladies dat usually chat up ppls boyfrnd to ask dem wen are we gng to see or wont u cm andsee me pls aunty sorry o but wat exactly are u guys seeing for una wan do praise and worship if any bitch tries dis with me i swear sumone is going to die,"['anger', 'disgust']","['anger', 'disgust']","['anger', 'disgust']","['anger', 'disgust']"
pidgin_text_3869_emotion_1,you dey talk rubbish rilli try am for dubai na their police to arrest you forget say dubai na muslim state,['disgust'],"['anger', 'disgust']",['disgust'],['disgust']
pidgin_text_4241_emotion_1,na all this kind play dey make my future husband dey run im single lets be guided please,"['disgust', 'fear']",['fear'],"['disgust', 'fear']","['disgust', 'fear']"
pidgin_text_2121_emotion_1,and to think i risked points to bring in barnes the guy is returning just points e no go better for fpl scouts wey dey confuse person and to top it all pep is keeping kdb on the bench i need somewhere to cry,"['disgust', 'sadness']",['sadness'],"['disgust', 'sadness']","['disgust', 'sadness']"
pidgin_text_2628_emotion_1,why normal human being go dey chop egusi,"['disgust', 'surprise']","['anger', 'disgust', 'surprise']",['disgust'],"['disgust', 'surprise']"
pidgin_text_873_emotion_1,i dey ask simple question still some people dey find my trouble wetin be your plan for christmas and how you dey celebrate am very simple,['disgust'],['anger'],['disgust'],['disgust']
pidgin_text_2282_emotion_1,baba na who dem give dey give thanks i don drop details tire make i smile like others na,['sadness'],['sadness'],['sadness'],['sadness']
pidgin_text_2512_emotion_1,talk na be dis if u wan say until vengar grow white bears dats at years b arsenal go win trophy,['disgust'],['fear'],['disgust'],['disgust']
pidgin_text_696_emotion_1,congratulations bro your girlfriend dun get belle and scan say na triplets she go born olohun a ba e wo oo amin,['joy'],"['joy', 'surprise']",['joy'],['joy']
pidgin_text_459_emotion_1,please help me hear wetin dis guy dey say,['surprise'],['disgust'],['surprise'],['surprise']
pidgin_text_1403_emotion_1,abi dem dey use condom them don dey tell me say egg scarce wan ti ja,"['disgust', 'surprise']","['anger', 'disgust', 'sadness', 'surprise']",['surprise'],"['disgust', 'surprise']"
pidgin_text_5705_emotion_1,ordinary dog i no fit buy in peace make we no ham nii ooo ft hrfceo tegvoc cc mannynations officialefresh thecuteabiola iamomobolade yabaleftonline gossipmillnaija,"['disgust', 'sadness']",['surprise'],"['disgust', 'sadness']","['disgust', 'sadness']"
pidgin_text_2249_emotion_1,someones girlfriend oo na him dem dey reset and turn left and right like this women are scum ‍️,"['disgust', 'surprise']","['anger', 'disgust', 'sadness', 'surprise']","['disgust', 'surprise']","['disgust', 'surprise']"
pidgin_text_4709_emotion_1,somebody please help na wetin all this people living in lekki dey do for their house,"['sadness', 'surprise']","['anger', 'surprise']","['sadness', 'surprise']","['sadness', 'surprise']"
pidgin_text_3669_emotion_1,hold god strong oo cus babalawo wey dey do charm for u fit las las repent leave u stranded happy sunday all,['fear'],['joy'],[],[]
pidgin_text_3595_emotion_1,manchi na twitter we de i wan popular ifb o,['disgust'],['joy'],['fear'],[]
pidgin_text_1287_emotion_1,waitking and halita got married or una dey make things up,['surprise'],['surprise'],['surprise'],['surprise']
pidgin_text_2670_emotion_1,when be say make u read u wont na instablog u go dey go read headline,['disgust'],"['anger', 'disgust']",['disgust'],['disgust']
pidgin_text_5850_emotion_1,ahnahn why are you trying to spoil my good name nastop using my name with dont trust in a statementmy wife might see this na,"['disgust', 'fear']","['anger', 'fear']","['disgust', 'fear']","['disgust', 'fear']"
pidgin_text_1643_emotion_1,e be like say na legtime this new phone dey use o the facetime just dey commot naira everytime wey network off i weak,"['disgust', 'sadness']","['disgust', 'surprise']","['disgust', 'fear', 'sadness']","['disgust', 'sadness']"
pidgin_text_5357_emotion_1,make we no lie na oshodi under bridge these ones collect admission letter,['disgust'],['disgust'],['disgust'],['disgust']
pidgin_text_2620_emotion_1,guy guy hold the paper abeg na only number i don write abeg,"['disgust', 'fear']",['fear'],"['fear', 'sadness']",['fear']
pidgin_text_2372_emotion_1,ha yemi small scream and the next minute they fit dey use towing vehicle comot us inside gutter,['fear'],['surprise'],['fear'],['fear']
pidgin_text_4399_emotion_1,when i dont have money i no dey at peace na why i dey sleep,['sadness'],"['anger', 'fear', 'sadness']","['fear', 'sadness']","['sadness', 'fear']"
pidgin_text_1656_emotion_1,u dey sure of wetin u dey talk so o girl,['surprise'],['surprise'],['surprise'],['surprise']
pidgin_text_3320_emotion_1,i don dey follow you since you start dey sing,['joy'],[],"['joy', 'surprise']",['joy']
pidgin_text_5404_emotion_1,i don suffer o on top small twitter naim person wey i go break with one hand dey threaten me to score points na wetin dey make me respond,"['disgust', 'sadness']","['anger', 'surprise']","['anger', 'disgust']","['disgust', 'anger']"
pidgin_text_2054_emotion_1,i thought of it too and got disappointed when i heard he was putting akonguyy i wan crybetter song like that you dey ft akon i just dey imagine davidowizkid or burna boy on that song guyyy,"['disgust', 'sadness']","['anger', 'joy', 'sadness']","['anger', 'sadness']","['sadness', 'anger']"
pidgin_text_4683_emotion_1,wen wen wen wen you see a starstars always dripping too hard nice meeting you mamaso much love maam adedoyino radisson blu,['joy'],['joy'],['joy'],['joy']
pidgin_text_4992_emotion_1,i feel like not going to work today im in painsyrs of hardship we endure nd they still want moresee all these beggarsmai ruwashoe makers dont come near me oo go and meet ur sai baba wen poverty wan finish you,"['anger', 'disgust']",['anger'],"['anger', 'disgust', 'sadness']","['anger', 'disgust']"
pidgin_text_1338_emotion_1,you nor see dem go comot una logo for the hashtag na only fc dey hear the album lol,['disgust'],"['fear', 'surprise']","['disgust', 'surprise']","['disgust', 'surprise']"
pidgin_text_2639_emotion_1,person never blow finish una don dey ask for giveaway i dont want to blow again thanks,['disgust'],"['anger', 'disgust', 'sadness', 'surprise']",['disgust'],['disgust']
pidgin_text_1416_emotion_1,na so use thief my money oh make una help a broda abeg i don send mail tire access bank deserve dragging,"['disgust', 'sadness']","['anger', 'disgust', 'sadness', 'surprise']","['anger', 'disgust']","['disgust', 'sadness', 'anger']"
pidgin_text_620_emotion_1,like e dey convulse but na sweet sweet feeling,"['joy', 'surprise']",['joy'],['joy'],['joy']
pidgin_text_5292_emotion_1,im back with my rants tonight i am uncle veccs because i dey vex fuck everyone elses thoughts and feelings i have monopoly over truth i know truth is relative not absolute but today truth is universal my emotional state is unhappy rn enhen so fuck everybody ‍️,"['anger', 'sadness']",['anger'],"['anger', 'sadness']","['anger', 'sadness']"
pidgin_text_1905_emotion_1,how many christians una give rice and chicken for christmas to celebrate una want they imbibe the teachings of christ with empty belle abi na so christ teach am for bible,['disgust'],"['anger', 'disgust', 'sadness', 'surprise']",['disgust'],['disgust']
pidgin_text_4111_emotion_1,to patronize online vendors dey tire me aswear i want to buy product of naira god is good is telling me delivery is how much be wetin i wan buy gangan‍️,['disgust'],"['anger', 'sadness']","['disgust', 'surprise']",['disgust']
pidgin_text_702_emotion_1,infant something ba biko i like it i want it help me oooo im not a feminist abi gender equalator or those grammar yall speak patriarchy and chivalry and yenyenyen help me abeg im a weaker vessel if na to born i can do it myself small,"['disgust', 'sadness']",['joy'],"['fear', 'sadness']",['sadness']
pidgin_text_202_emotion_1,omooooooooo e don tey oooo at last we see person vpn login steal congratulations to me on my login back to twitter ive missed dragging environment mehhn buhari snapchat burna meta verse black rihanna,['joy'],"['anger', 'joy', 'surprise']",['joy'],['joy']
pidgin_text_5201_emotion_1,me sars just dey carry people anyhow we need to dey careful my friend luda u nor suppose fear na u nor fresh dem nor go carry u me,"['disgust', 'fear', 'sadness']",['fear'],"['fear', 'sadness']","['fear', 'sadness']"
pidgin_text_3933_emotion_1,na wa ooooo so una really wan see convulsing cumming lady hellfire go quick full like jesus said,"['disgust', 'surprise']","['disgust', 'surprise']","['disgust', 'surprise']","['disgust', 'surprise']"
pidgin_text_5468_emotion_1,the only thing wey these psg team sabi na to dey drip for ig outside france they are just an overrated swansea fc,['disgust'],['disgust'],['disgust'],['disgust']
pidgin_text_4796_emotion_1,go do something without telling us in order to celebrate jp i don vex sef i no go congratulate u for your pop,"['anger', 'disgust', 'sadness']",['anger'],"['anger', 'sadness']","['anger', 'sadness']"
pidgin_text_1784_emotion_1,someone is threatening me on this app im not safe please if anything happens to me hold this man and im a very nice guy on this app ey god i no dey find trouble oo,['fear'],['fear'],['fear'],['fear']
pidgin_text_1951_emotion_1,make me sef do am deleting soon if i dont give them how una go take the sun came out to play im new here plz be good to me and show me around guys kicks by,"['disgust', 'sadness']",['fear'],['fear'],['fear']
pidgin_text_1076_emotion_1,make una dey unfollow dis werey,['disgust'],"['anger', 'disgust']",['disgust'],['disgust']
pidgin_text_4418_emotion_1,the way wey slippers go cut for this lagos ehn israelites slippers dey learn work for where we dey person go waka come dey kick stone like ronaldo wey wan play free kick,"['disgust', 'sadness']","['anger', 'surprise']","['anger', 'disgust', 'fear', 'sadness']","['disgust', 'sadness', 'anger']"
pidgin_text_846_emotion_1,bigi waist fine face i don dey miss you my bestie ️️️,['sadness'],[],['joy'],[]
pidgin_text_1072_emotion_1,my mum can cobalize shaso im on the phone with her me how are you mum im fine im getting ready for my uncles burial your grandad is here o me abeg his talks are long ill call you later mum with a loud voice lisa you dont want to talk to your grandpa,"['disgust', 'sadness']","['anger', 'disgust', 'fear', 'sadness', 'surprise']","['disgust', 'sadness']","['disgust', 'sadness']"
pidgin_text_5837_emotion_1,i disagree o exactly what i said days ago in a table tennis game at a pastor friends home and pastor with his friends played me like pro dem no even allowed me enjoy d game at all pst called me yesta morning to ask wen im coming i said very soon but i no gree show,"['disgust', 'sadness']",['sadness'],"['disgust', 'sadness']","['disgust', 'sadness']"
pidgin_text_4685_emotion_1,haan na everything be red flag sha wahala for who dey relationship,"['disgust', 'surprise']","['anger', 'disgust', 'fear', 'sadness', 'surprise']","['disgust', 'surprise']","['disgust', 'surprise']"
pidgin_text_6185_emotion_1,i was thinking of travelling by road dis xmas but nah some drivers can be very stubborn and reckless this one theyre handing guns frsc workers frsc hey stop there park there driver mtcheew no mind dem dem no fit do anything frsc kra kra kpa kpa kpa thinking aloud,"['disgust', 'fear']","['disgust', 'fear']","['fear', 'sadness']","['disgust', 'fear']"
pidgin_text_495_emotion_1,hungary win or draw don bin grand audit na hunger go kill una entire nation o,"['anger', 'disgust']","['anger', 'sadness']",['disgust'],"['anger', 'disgust']"
pidgin_text_377_emotion_1,omo dis fidio go pinis my data oo iyanmii see pesin pikin,['surprise'],"['joy', 'surprise']","['joy', 'surprise']","['surprise', 'joy']"
pidgin_text_549_emotion_1,i got over k followers maybe not much like most people on this app but im grateful for every single person that hit that follow button na to dey relate with tweet remain,['joy'],"['joy', 'surprise']",['joy'],['joy']
pidgin_text_6126_emotion_1,omo wahala for jamb office book appointment on top wetin na when no be job we dey find the no to call sef no dey available na by grace them go take pick your call again if u no get connection oyo ooo for this naija,"['disgust', 'sadness']","['disgust', 'surprise']","['disgust', 'surprise']","['disgust', 'surprise']"
pidgin_text_5532_emotion_1,na una get the company na make una leave us with the upgrade na rich man suppose dey complain ‍️,['disgust'],['anger'],['disgust'],['disgust']
pidgin_text_205_emotion_1,wow lagos is wild e go still dey do am like dream,['disgust'],['surprise'],[],[]
pidgin_text_4410_emotion_1,fine boys like us we no dey too rush malaria like that na malaria dey rush us,['sadness'],['sadness'],['sadness'],['sadness']
pidgin_text_1174_emotion_1,me sef dey pity who go jam this ting i no know if my sister go be victim,"['disgust', 'fear']","['anger', 'disgust', 'fear', 'sadness', 'surprise']","['disgust', 'fear']","['disgust', 'fear']"
pidgin_text_177_emotion_1,right now i think i like the way nepa is treating us in gg if dem take the light within min dem don bring am back,['joy'],"['joy', 'surprise']",['joy'],['joy']
pidgin_text_5337_emotion_1,lmao una too dey beg see una life,['surprise'],"['disgust', 'surprise']",['disgust'],"['surprise', 'disgust']"
pidgin_text_4451_emotion_1,wait oo make e no be say this gl dey one corner dey carry us catch better cruise with him bf oo,"['disgust', 'fear']",['fear'],['fear'],['fear']
pidgin_text_1840_emotion_1,the owner of that car na olodo me i for don dey hail by now,['disgust'],"['anger', 'disgust', 'surprise']","['disgust', 'fear']",['disgust']
pidgin_text_4686_emotion_1,baba no whine me o you wey dey feed animals for street sef like this no food for me till next week ‍️ something wey suppose last me for days i don chop am in one day,"['fear', 'sadness']",['surprise'],"['disgust', 'sadness', 'surprise']","['sadness', 'surprise']"
pidgin_text_1276_emotion_1,breeze don dey blow fowl yansh don only reminder egg to run enter cynthia morgan,['disgust'],"['disgust', 'surprise']",['disgust'],['disgust']
pidgin_text_2879_emotion_1,hold that thought men that will bring home girl wey spend night for him house only for them to stop in front of her apartment and be gisting inside car for hrs wetin dem do last nite dem no talk then,"['disgust', 'surprise']",['surprise'],"['disgust', 'surprise']","['disgust', 'surprise']"
pidgin_text_3350_emotion_1,indomix e be like say yu dey chop indomie wella abi na yu own the company,['surprise'],['surprise'],['surprise'],['surprise']
pidgin_text_86_emotion_1,ebuka swagged in a benin attire nothing wey nor dey fit am,['surprise'],['joy'],[],[]
pidgin_text_4186_emotion_1,somebody cannot even plan surprise for this one again small play i go don dey ka boroboro bi eye ibaka wan ti get mi,['disgust'],"['disgust', 'surprise']","['anger', 'disgust']",['disgust']
pidgin_text_6082_emotion_1,its not her first time the boy is strong i fit don die if na me,"['disgust', 'fear']","['fear', 'surprise']","['disgust', 'fear']","['disgust', 'fear']"
pidgin_text_5860_emotion_1,your mama na killer we go find all of una na just time good morning,['anger'],"['anger', 'disgust', 'sadness']",['disgust'],"['anger', 'disgust']"
pidgin_text_5375_emotion_1,walahi na pure scam na little things like this wey matter wey suppose dey start protest imagine the extortion,['disgust'],['anger'],"['disgust', 'sadness']",['disgust']
pidgin_text_2707_emotion_1,oga posh you dey waka oh,['surprise'],"['disgust', 'surprise']",['surprise'],['surprise']
pidgin_text_4499_emotion_1,i go leave betting for una if this odds no play don baba please balance my account because betway don finish me patapata,"['fear', 'sadness']","['anger', 'disgust', 'fear', 'sadness', 'surprise']","['fear', 'sadness']","['fear', 'sadness']"
pidgin_text_2795_emotion_1,why i dey chop by this time ‍️,['surprise'],['disgust'],"['fear', 'surprise']",['surprise']
pidgin_text_4990_emotion_1,nina youre vexing me miracle vex na if you want to vex vex with the straightest demonic face ever lmfao,['surprise'],['surprise'],"['disgust', 'sadness']",['surprise']
pidgin_text_3083_emotion_1,as i was coming back from the peaceful walk we had in benin and i was still holding my placard up na so one stupid cab man asked me na virgin you be‍️ thats how myself and di other pple faced him and told him that he is a rapist na so baba quiet o and drove away,"['anger', 'disgust']","['anger', 'disgust', 'sadness', 'surprise']","['disgust', 'surprise']","['anger', 'disgust', 'surprise']"
pidgin_text_1223_emotion_1,lmao omo mine no dey gree for japa till tomorrow the guy talk say if he die he go wan come back into naija i don tire,"['disgust', 'surprise']","['anger', 'sadness', 'surprise']","['disgust', 'sadness']","['disgust', 'surprise', 'sadness']"
pidgin_text_115_emotion_1,man cant be romantic in peace na porsche dem dey find,['disgust'],['anger'],['disgust'],['disgust']
pidgin_text_4432_emotion_1,sanwo olu ti aláro ba nipe o ma da fun e alalé o ni je ko da fun e in fact awon mejeji o le agree ko da fun e sef you fucking cunt,['disgust'],"['anger', 'disgust']","['anger', 'disgust']","['disgust', 'anger']"
pidgin_text_2223_emotion_1,quite obvious now na only bet e sabi,['disgust'],"['anger', 'disgust']",['disgust'],['disgust']
pidgin_text_2106_emotion_1,these internet service providers are extorting us they really are we spend so much on data and we never complain poor internet outrageous tariffs like say na straw una dey use draw my internet all the time gb off like that smile una no do well o,"['anger', 'sadness']","['anger', 'sadness']","['anger', 'disgust']","['anger', 'sadness']"
pidgin_text_838_emotion_1,e get why and im glad chelsea did,['joy'],[],['surprise'],[]
pidgin_text_2770_emotion_1,na only for twitter una take dey censor wetin una kids dey listen to oo lol,['surprise'],['surprise'],['disgust'],['surprise']
pidgin_text_3409_emotion_1,shuuoo na dem papa money na,['surprise'],['surprise'],['surprise'],['surprise']
pidgin_text_2852_emotion_1,legit nwanyi onitsha e don dey pepper you already say we go begin tension you,['disgust'],"['anger', 'surprise']",['disgust'],['disgust']
pidgin_text_452_emotion_1,the next days is gon be fun never been this excited before una wey dey go leave before dey enjoy ooo,"['joy', 'surprise']","['joy', 'surprise']","['joy', 'surprise']","['joy', 'surprise']"
pidgin_text_4415_emotion_1,but i really like the zobo i drink na god dey save pesin sha,['sadness'],['surprise'],"['fear', 'sadness']",['sadness']
pidgin_text_2779_emotion_1,omo una no de play ball for una estate again i don fat,"['disgust', 'surprise']","['anger', 'sadness', 'surprise']","['disgust', 'surprise']","['disgust', 'surprise']"
pidgin_text_2562_emotion_1,which kind wahala shit wey no free flush be this na ive been inside this hospital toilet for minutes just because this stubborn shit no free flush,['disgust'],"['disgust', 'surprise']","['disgust', 'sadness']",['disgust']
pidgin_text_33_emotion_1,todays news on ordinary things still dey move me one of my roommates told me he envies my teeth arrangement and how white they are ordinary compliments like this still dey move me nah why i say i must tell una thank you,"['joy', 'surprise']",['joy'],['surprise'],"['joy', 'surprise']"
pidgin_text_1472_emotion_1,im looking for valantine too oh make e no be like say i dev vex,['sadness'],"['anger', 'sadness']",['sadness'],['sadness']
pidgin_text_5792_emotion_1,de bruyne is playing lb pesin wey i cap,"['sadness', 'surprise']",['joy'],['surprise'],['surprise']
pidgin_text_3698_emotion_1,happy birthday mr e l e v a t e d such an amazing fun loving and outstanding,['joy'],['joy'],['joy'],['joy']
pidgin_text_3310_emotion_1,warri una don ready its that time of the year again in warri warri arts festival unveiling on oct th at official press conference una dooh oh get involved warri nigeria,['joy'],['joy'],['joy'],['joy']
pidgin_text_4392_emotion_1,come ooh na every match ronald koeman go dey start pedri why pedri go come chance rigui puig just like dat make this our coach know make me dislike pedri ooh,"['disgust', 'surprise']","['disgust', 'surprise']",['disgust'],"['disgust', 'surprise']"
pidgin_text_1691_emotion_1,the fear of lais tongue is the beginning of wisdom like carry your wahala waka dey go,['disgust'],['fear'],['disgust'],['disgust']
pidgin_text_2074_emotion_1,neutral ko no sane nigerian will support a sponsored protest of this kind with motives of destruction certainly not after the havoc carried out during the sponsored endsars protest dem no born una papa well make una try am,['disgust'],"['disgust', 'fear']",['disgust'],['disgust']
pidgin_text_4385_emotion_1,stop eet na so una shout detty detty detty last year turn horror movie lets just enjoy this december in peace and look forward to a better recession dey already sef,"['fear', 'sadness']",[],"['disgust', 'fear']",['fear']
pidgin_text_1601_emotion_1,i dey complain say funds no dey you go root this post out how helper wan help me like this,['disgust'],"['anger', 'sadness', 'surprise']","['disgust', 'fear']",['disgust']
pidgin_text_4459_emotion_1,wish you all the best david one of the finest ever reliable baller ever seen alaba mr workaholic na man you be how i wish u stay a bit further why madrid again na city dem suppose sell am go na naso we give dem kroos dt yr,"['disgust', 'sadness']",[],"['disgust', 'sadness']","['disgust', 'sadness']"
pidgin_text_1923_emotion_1,e sweet you say dem go disconnect me e go soon shock you,['disgust'],"['anger', 'disgust', 'sadness', 'surprise']",['disgust'],['disgust']
pidgin_text_3375_emotion_1,make una nor go sell una vote o vote pdp,['fear'],[],"['disgust', 'fear']",['fear']
pidgin_text_5970_emotion_1,i saw it comingi know its just a matter of time bpsg finally falls like a pack of cardandcitydem own na dis wkend,['disgust'],[],['disgust'],['disgust']
pidgin_text_481_emotion_1,i no dey find their trouble i just dey face my hustlee see but when i start them go yinmu then them go start to dey love me ahhh spiritual am highly spiritual birthday blessings baby boy for life,['joy'],['joy'],['joy'],['joy']
pidgin_text_788_emotion_1,dear anon please locate me toooo na is it because im black na black i black i no kill person na is it because im big na big i big i no kill person na bikonu locate me,['sadness'],['sadness'],"['fear', 'sadness']",['sadness']
pidgin_text_4962_emotion_1,how many side chicks dem even get so tey na go remains asking for myself ni o,"['disgust', 'surprise']",['surprise'],['surprise'],['surprise']
pidgin_text_2093_emotion_1,is like people bought new cars in this gwarimpa the kin traffic way dem dey get these days e e e,['surprise'],['disgust'],['surprise'],['surprise']
pidgin_text_5839_emotion_1,see am keypad warrior na for twitter you dey get strength come fight mortal combat now na wahala,['disgust'],"['anger', 'disgust', 'surprise']",['disgust'],['disgust']
pidgin_text_5142_emotion_1,this is nigeriawia everyone dey check whether my watch na original lol,"['disgust', 'surprise']","['anger', 'disgust', 'surprise']",['disgust'],"['disgust', 'surprise']"
pidgin_text_5671_emotion_1,my friendship i say insult follow the last money wey i receive to think when i was giving it na so so thank you god bless you see am now the money don useless kai,"['disgust', 'sadness']",['surprise'],"['disgust', 'sadness']","['disgust', 'sadness']"
pidgin_text_179_emotion_1,e don dey enter whatsapp love to see it,['surprise'],['surprise'],['joy'],['surprise']
pidgin_text_2039_emotion_1,anywhere there is enjoyment this easter period please call me na beg i dey beg na only one life dey,['sadness'],['sadness'],['sadness'],['sadness']
pidgin_text_3469_emotion_1,who tell you say i dey vex my friend how your family send your girl some cool cash na like k,['surprise'],[],['joy'],[]
pidgin_text_4109_emotion_1,person way chop ordinary slap e rush go dubai,"['disgust', 'surprise']","['disgust', 'surprise']","['disgust', 'surprise']","['disgust', 'surprise']"
pidgin_text_2605_emotion_1,send me like two rats wey dey my house don dey gym,"['disgust', 'sadness']",['fear'],"['disgust', 'sadness']","['disgust', 'sadness']"
pidgin_text_5830_emotion_1,person may ask am for the sofa picture supposed ask am weda e day mad after e say i said my camera is poor because obviously not only is his camera poor his brian is also poor to phantom that those two pictures are absolutely different for god sake,['disgust'],"['disgust', 'surprise']","['anger', 'disgust']",['disgust']
pidgin_text_930_emotion_1,dem don strt again am leaving d country am leaving d countryna wetin dem go do der na to carry drugs dey sellinstead y u no sell pure water ur own country wey u no say nobody go arrest uy ja dey go outside dey misbhav na omo dis kin tin tire me ooo,['disgust'],['disgust'],['disgust'],['disgust']
pidgin_text_4786_emotion_1,you dey mind them we dey envy everything for ja like now i suppose dey tell them shey de suffer light pass me tho i know one mumu amongst them would still say we no suffer reach them,['disgust'],"['anger', 'disgust']","['disgust', 'sadness']",['disgust']
pidgin_text_3136_emotion_1,w always learn to control the word wen dey come out of your mouth wen you dey in the midst of people because you nor know who dey near you,['disgust'],['fear'],['disgust'],['disgust']
pidgin_text_945_emotion_1,i don go follow and patiently waiting for her for apple music should i blow powder before you notice me abeg na,['sadness'],['surprise'],"['fear', 'sadness']",['sadness']
pidgin_text_4600_emotion_1,i swear ladycare that year do me strong thing for this life shaade shifting de dragging were i have to be fighting with my pant publicy all in a bid to be at least comfortable while losing blood ewww god e be tings for this period hassle wey guys wan troll us on top️,"['disgust', 'sadness']","['anger', 'sadness', 'surprise']","['disgust', 'sadness']","['disgust', 'sadness']"
pidgin_text_1595_emotion_1,no light in citec gwarinpa please epp e be like e don dey master una sha,"['disgust', 'sadness']",['disgust'],"['fear', 'sadness']","['disgust', 'sadness']"
pidgin_text_4362_emotion_1,seeeee ehn the small small ones on my face gan e dey affect my self esteem i sincerely feel for them i fit ment,"['disgust', 'fear', 'sadness']","['anger', 'disgust', 'sadness']","['disgust', 'sadness']","['disgust', 'sadness']"
pidgin_text_4903_emotion_1,the kind spirit wey push me to give arsenal full time win i no understand the one wey i even give them score in each halves sef lana,"['disgust', 'sadness']",['surprise'],"['disgust', 'sadness']","['disgust', 'sadness']"
pidgin_text_3917_emotion_1,like bro i don wait for this fight tire dem don too postpone am,"['disgust', 'sadness']","['anger', 'surprise']","['disgust', 'sadness']","['disgust', 'sadness']"
pidgin_text_4701_emotion_1,your blood will give no peace to all the police and animals called sars enipa gunugun kii kaadun eni pa akalamagbo gan kii kaasu all of una sars na untimely death dey knock una doors,"['anger', 'disgust']","['anger', 'disgust', 'sadness']",['anger'],"['anger', 'disgust']"
pidgin_text_3362_emotion_1,make una help me see erring dis bae use my song dey do oyibo life style and swag banging,"['joy', 'surprise']","['disgust', 'surprise']",['surprise'],['surprise']
pidgin_text_4751_emotion_1,yal didnt even wait for banks to finish una don dey tag apc you want to refund him his money and all e calm down na,"['disgust', 'surprise']","['disgust', 'surprise']","['fear', 'joy', 'surprise']","['disgust', 'surprise']"
pidgin_text_3594_emotion_1,my mood since gifted me a whooping $ cc make e nor be like say i nor tell una ooall body full like bus wey dem over load for bush market,['joy'],['joy'],['joy'],['joy']
pidgin_text_3233_emotion_1,where una dey see these twins dey born congrats bells we tap into this double blessings,"['joy', 'surprise']","['joy', 'surprise']","['joy', 'surprise']","['joy', 'surprise']"
pidgin_text_2720_emotion_1,you sef why did u gbe idi e si odo ee,"['disgust', 'surprise']",['surprise'],"['disgust', 'surprise']","['disgust', 'surprise']"
pidgin_text_5352_emotion_1,no be im fault brosna surulere people i blame,['disgust'],['disgust'],['disgust'],['disgust']
pidgin_text_401_emotion_1,una wicked oh make una wish good for our country for once nah person use fone record una de attack nta,['disgust'],"['anger', 'sadness', 'surprise']",['disgust'],['disgust']
pidgin_text_5347_emotion_1,all of u owing me money don suddenly turn to zenith bank userslying that d network is bad money wey i wan use buy easter chickeni will not ask god to punish u o happy easter o,"['disgust', 'sadness']","['disgust', 'surprise']","['anger', 'disgust', 'sadness']","['disgust', 'sadness']"
pidgin_text_2365_emotion_1,lol how many ratio you don chop on top this tweet and e never even blow my guy o,['disgust'],['surprise'],"['disgust', 'surprise']","['disgust', 'surprise']"
pidgin_text_4885_emotion_1,some people wicked sha when dey won borrow money dem go behave like human being ok to return am now dey go turn animal turn u to enemy,['disgust'],"['anger', 'disgust', 'fear']","['anger', 'disgust']","['disgust', 'anger']"
pidgin_text_1681_emotion_1,my point exactly he no dey like make dem criticize him goat but he dey chop mi everyday like asun,"['disgust', 'sadness']","['anger', 'disgust', 'sadness', 'surprise']",['disgust'],"['disgust', 'sadness']"
pidgin_text_1119_emotion_1,mr man did u see awolowo for that lyrics since him de gail legends saraki na legend too abi,"['disgust', 'surprise']","['anger', 'disgust']","['disgust', 'surprise']","['disgust', 'surprise']"
pidgin_text_5609_emotion_1,allah ya isa auto refresh i just saw something and was about viewing profile now i no fit see am again,"['anger', 'disgust']",['surprise'],"['disgust', 'sadness']",['disgust']
pidgin_text_3230_emotion_1,abeg na oxblood colour oooo i no want wahala ooo kill me happy sunday my people cap from benin empire,['surprise'],[],['joy'],[]
pidgin_text_5626_emotion_1,omo lagos heat don bad ooo i was in the bathroom for almost mins no light and water heater is not on but na hot water dey comot for shower i no bath again ooo,"['disgust', 'sadness']","['fear', 'surprise']","['disgust', 'sadness', 'surprise']","['disgust', 'sadness', 'surprise']"
pidgin_text_5555_emotion_1,omo na so i go help person set him system and put software finish come mistakenly format the hard drive na we dey settle since ooo,"['disgust', 'sadness']",['surprise'],"['fear', 'sadness']",['sadness']
pidgin_text_6207_emotion_1,dem dey chop you like that,"['disgust', 'surprise']",['surprise'],"['disgust', 'surprise']","['disgust', 'surprise']"
pidgin_text_2571_emotion_1,na whoana woman go carry dis kain meanness,"['disgust', 'surprise']","['disgust', 'fear']","['disgust', 'surprise']","['disgust', 'surprise']"
pidgin_text_4911_emotion_1,feel like entring beach buh am scared make dem no go carry me away cos d last time na shisha pot dem carry,"['disgust', 'fear']",['fear'],['fear'],['fear']
pidgin_text_6197_emotion_1,even all the celebrities join dey do agbaya dem no fit leave the thing for upcoming like us,['disgust'],['surprise'],"['disgust', 'sadness']",['disgust']
pidgin_text_2355_emotion_1,e be like the yansh wan commot for the body,"['disgust', 'surprise']","['disgust', 'surprise']",['disgust'],"['disgust', 'surprise']"
pidgin_text_2461_emotion_1,ok na she enter keke finishkeke wan go she see me say make keke wait called me got down for me to enter i was shook like so nice ppl dey this lag so after all the horrible story heard about lagos peopleone man con even pay my tfare join wow,['surprise'],['surprise'],"['joy', 'surprise']",['surprise']
pidgin_text_1451_emotion_1,this one don wash hand comot for anything wey concern heavenly race,['disgust'],['disgust'],['disgust'],['disgust']
pidgin_text_4833_emotion_1,im not even rich im poor na only puff puff i don chop today,['sadness'],['sadness'],['sadness'],['sadness']
pidgin_text_1106_emotion_1,arsenal have met a strong team let dem score na,['disgust'],"['anger', 'disgust', 'surprise']",['disgust'],['disgust']
pidgin_text_4559_emotion_1,oau people e be like say all of una don enter express oooooooo egungun was not careful enough ‍️,"['disgust', 'surprise']","['fear', 'surprise']",['surprise'],['surprise']
pidgin_text_3982_emotion_1,you dey find him trouble oh ion dey,['fear'],[],"['disgust', 'fear']",['fear']
pidgin_text_1638_emotion_1,u go dey bully ur siblings,['disgust'],"['anger', 'disgust', 'fear', 'sadness']",['disgust'],['disgust']
pidgin_text_1444_emotion_1,i am tired of not having constant power supply im tired of the insecurities im tired of our leaders not doing the right thing im tired of the selfishness and mans inhumanity to man im tired of saying e go better im tired of being tired,"['disgust', 'sadness']","['anger', 'disgust', 'fear', 'sadness', 'surprise']","['disgust', 'sadness']","['disgust', 'sadness']"
pidgin_text_3015_emotion_1,dem don chop baba,['surprise'],[],['sadness'],[]
pidgin_text_2306_emotion_1,been long i let go and screamed o and breathe fresh clean air walahi if u see wetin we dey breathe for this lagos eh tufiakwa na god dey save us i miss drinking fura i miss buying suya at terminus i miss buying coconut bread at ahmadu bello way,"['disgust', 'sadness']",['disgust'],"['disgust', 'sadness']","['disgust', 'sadness']"
pidgin_text_1559_emotion_1,na alert i want ooo abeg coz who no go no go know ooo hunger dey kill too yhemu anything at all i go manage am even if na kalert alert alert and please can someone tell ncdc to stop with the message my fone don full while my belle still dey empty,"['disgust', 'sadness']","['anger', 'disgust', 'fear', 'sadness', 'surprise']",['sadness'],"['disgust', 'sadness']"
pidgin_text_1587_emotion_1,onile all those super mario coins you no allow us chop that year i hope say you e don turn millions for you today,['disgust'],"['anger', 'disgust']",['disgust'],['disgust']
pidgin_text_5266_emotion_1,who started this look at your whatever thing e don do oo my tl is mess already,['disgust'],['disgust'],['disgust'],['disgust']
pidgin_text_5600_emotion_1,na so dem de do the thing man pikin never sabi anything,"['sadness', 'surprise']",['disgust'],"['disgust', 'surprise']","['surprise', 'disgust']"
pidgin_text_5789_emotion_1,now i caught her with two different guys nacking her like ashewo and she be giving the other dude head babe wey i dey manage nack we broke up after she carry scan results come my house dey tell me say shes carrying my child abeg nah my pikin,"['disgust', 'surprise']","['anger', 'disgust', 'surprise']","['disgust', 'surprise']","['disgust', 'surprise']"
pidgin_text_4695_emotion_1,make nobody toast my babe for protest ground o make e no be like say as we dey i go run you with them o babe wey i suffer toast years ago,"['disgust', 'fear']",['fear'],"['fear', 'sadness']",['fear']
pidgin_text_2439_emotion_1,e be thingshe sharply improvised actually,['surprise'],"['sadness', 'surprise']",['surprise'],['surprise']
pidgin_text_2403_emotion_1,i had in jamb and or in post jamb walai god will punish unilorin they denied me admission i had to collect kamu and go to poly poly wey everything na gragra years and your result is shit dem go dey price you k thank god for tech,"['disgust', 'sadness']","['anger', 'disgust', 'sadness']","['disgust', 'sadness']","['disgust', 'sadness']"
pidgin_text_5522_emotion_1,na wa oooooo so somebody cannot wash her pants and spread on the line to dry again so one fool will now come and steal the pants at gunpoint and use his destiny to buy benz which kind wahala be dis this is becoming alarming with each passing day no safe haven again,"['anger', 'fear', 'sadness']","['disgust', 'fear', 'surprise']","['disgust', 'fear']","['fear', 'disgust']"
pidgin_text_1220_emotion_1,same thing ona today complete my days odem no reverse my money,"['disgust', 'sadness']","['anger', 'surprise']","['disgust', 'sadness']","['disgust', 'sadness']"
pidgin_text_3670_emotion_1,nengi na spec abeg,['surprise'],"['joy', 'surprise']",['surprise'],['surprise']
pidgin_text_3304_emotion_1,nna ehnn im just tired the thing don dey do me like near success syndrome cause im looking at my money rn,"['fear', 'sadness']",['sadness'],"['fear', 'sadness']","['fear', 'sadness']"
pidgin_text_4580_emotion_1,finally dr pam pam don vex for me but am just joking ni on more serious group wealth is good so i dey envy you bro i don change my group of friends to lekki and banana island group no room for ikorodu friends again,['sadness'],['joy'],"['fear', 'sadness']",['sadness']
pidgin_text_3958_emotion_1,na wa ooo awon feminist ti de una go dey alright people that are mad,['disgust'],"['anger', 'disgust']",['disgust'],['disgust']
pidgin_text_5398_emotion_1,ozwor na we wan tell you weda you go stain yourself or not abeg dey go e draw if you wan draw‍️ draw draw,['disgust'],"['anger', 'disgust']",['disgust'],['disgust']
pidgin_text_3728_emotion_1,since burna dey make music for this kind p when the time reach na fem guys con dey jam i no wan push no agenda e jus funny,['joy'],['surprise'],['disgust'],[]
pidgin_text_406_emotion_1,me sef shock oo thank god for my brain sha,['surprise'],"['joy', 'surprise']",['surprise'],['surprise']
pidgin_text_3222_emotion_1,pepper eye na dey do you soe don tay liverpool win this trophy at least make them win one in this era,['disgust'],['disgust'],"['disgust', 'sadness']",['disgust']
pidgin_text_1620_emotion_1,because our politicians sef dey tiff,['disgust'],['disgust'],['disgust'],['disgust']
pidgin_text_4661_emotion_1,i dont only play piano i play guitar too i sing im a performing artist im a song writer im unsigned im scared of ending up locally but im proud of what of doing it will take me globally someday i wish its soon,"['fear', 'joy']","['fear', 'joy']","['fear', 'sadness']","['fear', 'joy']"
pidgin_text_3842_emotion_1,e don reach my own u wan come change format,"['disgust', 'surprise']","['anger', 'disgust']",['surprise'],"['disgust', 'surprise']"
pidgin_text_4875_emotion_1,lmao attempts na fulham dem dey play against,['disgust'],"['joy', 'surprise']",['disgust'],['disgust']
pidgin_text_4387_emotion_1,pesin go dey save but money go dey leak,['sadness'],"['sadness', 'surprise']","['disgust', 'sadness']",['sadness']
pidgin_text_4931_emotion_1,na wa o if what im seeing under this tweet is true my wife go hate me gan o cos im too lazy cant even get myself food,"['sadness', 'surprise']",['sadness'],"['fear', 'sadness']",['sadness']
pidgin_text_1611_emotion_1,why mama dey para she sef suppose dn leave street make she sempe,"['disgust', 'surprise']",['anger'],['disgust'],['disgust']
pidgin_text_5576_emotion_1,any man get e specs for e partner someone go like the one wey sabi french and english someone go like the one wey sabi hausa sef blackest one na e some pple like even bomb blanca na some man e choice but u see this smelly mop and stinky pple abeg no man like una una pass go wash,['disgust'],"['anger', 'disgust']",['disgust'],['disgust']
pidgin_text_2807_emotion_1,i dont know why many osun indigenes claim lagosians at the first questionna later d person wey ask question go dey laff for im mind,"['disgust', 'surprise']",['surprise'],"['disgust', 'surprise']","['disgust', 'surprise']"
pidgin_text_5767_emotion_1,please it is finished if u dey go london abeg if nah like dis make i hang ah go dae comfortable,['sadness'],['fear'],['sadness'],['sadness']
pidgin_text_1488_emotion_1,team wey i carry straight win don dey lose,"['fear', 'sadness', 'surprise']","['anger', 'fear', 'sadness', 'surprise']",['fear'],"['fear', 'sadness', 'surprise']"
pidgin_text_294_emotion_1,baba support we too wey want read please i need laptop i don dey tell you since daddy,['sadness'],"['joy', 'sadness']",['sadness'],['sadness']
pidgin_text_5376_emotion_1,so daz how no turn up for me ds night again oga o e staff reach weeks ive not danced,"['disgust', 'sadness']","['sadness', 'surprise']","['sadness', 'surprise']","['sadness', 'surprise']"
pidgin_text_2370_emotion_1,i just dey observe say that hood i came fromno artist don blow for there oooluwaabeg help me and my musical career link me up with person wey go help my life asapmake i break that jinx ooso help me god,"['disgust', 'fear']","['fear', 'sadness', 'surprise']",['fear'],['fear']
pidgin_text_2030_emotion_1,you fit listen to this o would make you fall in love ‍️,[],['joy'],['joy'],['joy']
pidgin_text_3562_emotion_1,super falcons don start abeg o world cup na june pls show us una real face,['fear'],"['anger', 'fear']","['fear', 'surprise']",['fear']
pidgin_text_599_emotion_1,lmaowhy re u like this na u wey don chop life finish for ur area,['disgust'],"['joy', 'surprise']","['disgust', 'surprise']","['disgust', 'surprise']"
pidgin_text_5039_emotion_1,e say na one night thing,['surprise'],"['anger', 'disgust', 'sadness']",['surprise'],['surprise']
pidgin_text_2921_emotion_1,bros comot cap make small breeze way dey carry sense enta ya head small,['disgust'],"['anger', 'disgust']",['surprise'],['disgust']
pidgin_text_5041_emotion_1,baba turn a whole contry to babe wey dem dey woo allow me to prove to you that boy if you dont you want to use us to collect extra sheet that you wont use they will waste your time they will prove to you carry your desire and go abeggi,"['disgust', 'sadness']","['anger', 'disgust', 'fear', 'sadness', 'surprise']","['disgust', 'sadness']","['disgust', 'sadness']"
pidgin_text_2817_emotion_1,lol person wey get belle wetin him go born before cow,['disgust'],"['anger', 'surprise']",['disgust'],['disgust']
pidgin_text_240_emotion_1,if anybody dey wey i don offend in one way or the other make una please slide in my dm imma apologize either im at fault or youre at fault i go apologize and let all go its december thanks love always ️,['fear'],"['anger', 'sadness']",['fear'],['fear']
pidgin_text_3305_emotion_1,finally i don fit create vbank account don baba help me out,['joy'],"['joy', 'surprise']",['sadness'],['joy']
pidgin_text_2848_emotion_1,lmao guy see up till na just cruise i dey do how i nor tey fail some courses shock me,['surprise'],['surprise'],"['joy', 'surprise']",['surprise']
pidgin_text_6175_emotion_1,blessing okagbares clean record for almost years and suddenly tokyo people said drugs dey her system abeg everything just tire me jarekuku tell us say you no wan see any nigerians for olympic we go understand,['disgust'],['surprise'],['disgust'],['disgust']
pidgin_text_3622_emotion_1,today we dey celebrate nigeria comedian and actor wen be nigeria entertainere name na for we say kpoko to you nothing do u bros u too much cc,['joy'],['joy'],['joy'],['joy']
pidgin_text_3049_emotion_1,na so them dey do bro and must of them are new comers from facebook they will be posting pictures here anyhow like say twitter na instagram,['disgust'],['disgust'],['disgust'],['disgust']
pidgin_text_3509_emotion_1,wetin i gain if my bank account no fit receive money‍️nah gtbank i dey use oo,['sadness'],[],['sadness'],['sadness']
pidgin_text_118_emotion_1,no be say we no like wizkid oh but davido doings de burst head at de same time na king of music,['joy'],"['anger', 'joy']",['joy'],['joy']
pidgin_text_5734_emotion_1,akamu pain you akamu still get taste na he be like pikin shit you no say pikin shit no get strength to pack sef na wahala,['disgust'],"['disgust', 'surprise']",['disgust'],['disgust']
pidgin_text_3220_emotion_1,smh must u eat we bam i don chop tire lol i dey okhow ur side,['surprise'],"['disgust', 'joy', 'surprise']",['disgust'],"['surprise', 'disgust']"
pidgin_text_777_emotion_1,person bin tell me say if i open abeg account i go receive money immediately its been hours since i havent received anything make una dey talk true sometimes nah,"['disgust', 'sadness']","['disgust', 'surprise']","['disgust', 'sadness']","['disgust', 'sadness']"
pidgin_text_5326_emotion_1,and dem never comot his head buh na pm i dey waka jejely to my house oh nigerian army patrol team arrest me comot my clothes every damn pin i had on me were placed right in my front like how dey treat armed robbers the beating i collect that night hay god,"['disgust', 'sadness']","['sadness', 'surprise']","['anger', 'disgust', 'sadness']","['disgust', 'sadness']"
pidgin_text_818_emotion_1,when they say parents train ur children u think were joking oya una dey see am real man like iykeand ebony esteem lady like tessyeziokwu god blessthe wombs that gave birth to this dignified coupleuna dey bust ourbrain with pure luv,"['joy', 'surprise']","['joy', 'surprise']",['joy'],"['joy', 'surprise']"
pidgin_text_3443_emotion_1,was listening to one radio station news this evening on my way home omo eh the igbo wey dey speak dey learn work from that of the newscaster oh,['surprise'],['surprise'],['surprise'],['surprise']
pidgin_text_1059_emotion_1,na now wey i wan sell kayamata naim dem wan cast the business,['disgust'],"['anger', 'sadness']",['disgust'],['disgust']
pidgin_text_4305_emotion_1,omo my gender don dey reason how deh go clap their grandmother mate ontop this ps matters,['disgust'],"['disgust', 'sadness']","['disgust', 'surprise']",['disgust']
pidgin_text_6085_emotion_1,this energy na why i love una dide na still my oga sha,['joy'],['joy'],['joy'],['joy']
pidgin_text_3464_emotion_1,that new ip x e too sweet abeg if you never hear no go too far link dey here,['joy'],['joy'],['joy'],['joy']
pidgin_text_5505_emotion_1,omo if you see as one babe dey shout trust aunty seun to act like why is that aunty screaming shes not in her house me i just dey see dey look how this guys wan break my heart a who tchalla gone,"['disgust', 'sadness']",['surprise'],"['sadness', 'surprise']","['sadness', 'surprise']"
pidgin_text_5184_emotion_1,imagine you wey no get car but you dey do giveaway you go come see person wey win giveaway from you wey dey do the face vs the car oh the betrayal,['sadness'],['surprise'],"['disgust', 'fear']",[]
pidgin_text_5596_emotion_1,if burna had won that grammy small thing e for don dey say win a grammy and come talk later,['disgust'],[],['disgust'],['disgust']
pidgin_text_1673_emotion_1,west ham if una no wan make god punish una now eh score,"['anger', 'disgust']",['anger'],['disgust'],"['anger', 'disgust']"
pidgin_text_5847_emotion_1,over late sef dey worry you,['disgust'],['disgust'],['disgust'],['disgust']
pidgin_text_3630_emotion_1,shall we take a short commercial break laugh with me abeg but seriously smelling nice doesnt cost much fragrance scentuary has made it quite affordable dont forget our perfumes are original if you find it expensive elsewhere na because of how dem buy their own,['joy'],['joy'],['joy'],['joy']
pidgin_text_2922_emotion_1,omo pikin wey you go born go vex for you,['disgust'],"['disgust', 'fear']","['disgust', 'fear']","['disgust', 'fear']"
pidgin_text_5836_emotion_1,or you go don broke shame dem on top gender war some idiots said never pass border i fear people wey no fear their self,"['disgust', 'fear']","['disgust', 'surprise']","['disgust', 'fear']","['disgust', 'fear']"
pidgin_text_5146_emotion_1,hope sae u no b dos kind babes wey dey raise man hope come kill am cream de la cream babybaby,['fear'],['fear'],['fear'],['fear']
pidgin_text_2890_emotion_1,emmywhat is all this noise about vmosespasthrs nowshey chellostarsandsince thenhell was let loosehabana wetin sef,"['disgust', 'surprise']",['anger'],['disgust'],['disgust']
pidgin_text_3568_emotion_1,come o movie don start na the premiere be this,['surprise'],['surprise'],['surprise'],['surprise']
pidgin_text_3879_emotion_1,this january una don start to dey sub people haba,['surprise'],"['disgust', 'surprise']",['surprise'],['surprise']
pidgin_text_3340_emotion_1,lately youve been all up in my head playlist ina kpaka mi shi oh omo this jam don de burst my brain ft lately,['joy'],"['joy', 'surprise']",['joy'],['joy']
pidgin_text_6001_emotion_1,kii wetin e say na kiss o this smelly thingggg sorry nigga but whoever the girl is i think shell pass,['disgust'],"['disgust', 'surprise']",['disgust'],['disgust']
pidgin_text_1035_emotion_1,make una dey try to pay debt abeg ‍️,"['disgust', 'sadness']","['anger', 'disgust']","['disgust', 'sadness']","['disgust', 'sadness']"
pidgin_text_2338_emotion_1,see your mouth like ask him una no sabi wetin una want gan gan confused beautiful creatures,['disgust'],['disgust'],['disgust'],['disgust']
pidgin_text_5272_emotion_1,lol you have a point bro if fela sef dey like this wey him dey fight for them dem go drag am join,['disgust'],['fear'],['disgust'],['disgust']
pidgin_text_2519_emotion_1,e don tey wey i hear our leaders talk about vision oooo abi prophet don get stroke for mouth,"['disgust', 'surprise']",['surprise'],"['fear', 'surprise']",['surprise']
pidgin_text_959_emotion_1,make una come see una influencer,"['disgust', 'surprise']",[],"['disgust', 'surprise']","['disgust', 'surprise']"
pidgin_text_3283_emotion_1,na gateman you dey do for your ppa,"['disgust', 'surprise']","['disgust', 'surprise']",['surprise'],"['disgust', 'surprise']"
pidgin_text_1013_emotion_1,me wen don gin up,['surprise'],[],['surprise'],['surprise']
pidgin_text_2105_emotion_1,air peace don delay my flight ️ for more than hours na their logo i been wan post yab dem before i just control myself cus i dey hear people dey shout calm down inside my head benin nigeria,"['anger', 'disgust']",['sadness'],"['anger', 'disgust']","['anger', 'disgust']"
pidgin_text_1321_emotion_1,na only my small flashlight nokia phone i dey carry wake these days i no even get strength for any police wahala what a country,"['disgust', 'fear', 'sadness']","['anger', 'disgust']","['disgust', 'fear']","['disgust', 'fear']"
pidgin_text_3096_emotion_1,so na brokenness de bring feminism,"['disgust', 'surprise']","['anger', 'disgust', 'sadness', 'surprise']",['surprise'],"['disgust', 'surprise']"
pidgin_text_3290_emotion_1,twitter ng is the new drug everyone wants to get high one love it on a work note who be the nigerians wey dey manage or teach these people make una tell us nau me sef wan do,['surprise'],"['joy', 'surprise']","['joy', 'surprise']","['surprise', 'joy']"
pidgin_text_4200_emotion_1,e be like u sef dey mad,['disgust'],"['anger', 'surprise']","['anger', 'disgust']","['disgust', 'anger']"
pidgin_text_699_emotion_1,but you see tec from show dem camp good lord im living im living,['surprise'],['fear'],['joy'],[]
pidgin_text_4888_emotion_1,this tin dey pain me ehn a girl will come and post im new here show me the way or whatever the fuck it is then youll see all them miyan kuka gang like hayatu suleiman dauda saminu and co parading the tweet na una preeq dey itch una,"['disgust', 'sadness']","['anger', 'disgust', 'sadness', 'surprise']","['anger', 'disgust', 'sadness']","['disgust', 'sadness', 'anger']"
pidgin_text_1410_emotion_1,joke of a government na thunder way de do press up de wait una,"['anger', 'disgust']",['disgust'],['disgust'],['disgust']
pidgin_text_5794_emotion_1,but as hin fast na so them dey suck my data too,['sadness'],[],['sadness'],['sadness']
pidgin_text_2094_emotion_1,stay at home stay at home una no go hear word now ovi don go club tyler during extraction process don die awon omo alaigboran,"['disgust', 'fear']","['anger', 'fear', 'sadness', 'surprise']","['anger', 'disgust']","['disgust', 'fear', 'anger']"
pidgin_text_3521_emotion_1,wetin glo do big brother nigeria abi em don still carry their toxicity reach there glo for don make millions this period mtn and airtel done blow like this even if na to use throway as far as their airtime are being sold,"['disgust', 'surprise']",['surprise'],"['disgust', 'surprise']","['disgust', 'surprise']"
pidgin_text_2067_emotion_1,na glo give una chance to dey gimme got spoilers like this,['disgust'],['disgust'],"['disgust', 'surprise']",['disgust']
pidgin_text_5714_emotion_1,the only team that wants us to win today is a liverpool the rest na werey na arsenal sef worst pass,"['anger', 'fear']","['anger', 'disgust']",['disgust'],"['anger', 'disgust']"
pidgin_text_2867_emotion_1,dem arrest me where i went to watch football took me to barracks had me take off every item on me except my boxer had me write undertaking should dey arrest me again dey will kill me bro then proceeded to whoop me in the morning tied me and others n paraded for my street,"['disgust', 'sadness']","['sadness', 'surprise']","['disgust', 'sadness']","['disgust', 'sadness']"
pidgin_text_3107_emotion_1,where dem dey see this kin people,"['disgust', 'surprise']","['anger', 'disgust', 'surprise']",['surprise'],"['disgust', 'surprise']"
pidgin_text_5369_emotion_1,i don de retweet my data crying my fingers crying,['disgust'],['sadness'],['sadness'],['sadness']
pidgin_text_866_emotion_1,video budget na like m i still dey gather am u fit chill small,['sadness'],[],[],[]
pidgin_text_5661_emotion_1,you no dey engage like before again e dey anger me,['anger'],"['anger', 'sadness', 'surprise']",['anger'],['anger']
pidgin_text_5486_emotion_1,i have just been scammeddem sell okpa for me dem tell me say na moimoi i come reach house dey chop i think say na my tongue get fault,['disgust'],"['disgust', 'fear']","['disgust', 'surprise']",['disgust']
pidgin_text_933_emotion_1,people wey no dey haggle price awon okay send your account number ill make the transfer now,['joy'],"['disgust', 'surprise']",['joy'],['joy']
pidgin_text_3837_emotion_1,you don dey kolo abi nah weed you smoke warri boys just com see him wrinkled face you hala area and you nor know wetin dey sup,['disgust'],['disgust'],['anger'],['disgust']
pidgin_text_2221_emotion_1,the kinda gossip that comes out from female tailors shops eh ‍️ and na women dem too dey gossip bout ‍️,"['disgust', 'surprise']","['disgust', 'surprise']","['disgust', 'surprise']","['disgust', 'surprise']"
pidgin_text_5020_emotion_1,olboy speak for yourself are you me are me you is me you is you me is you even of us is us part of you stay your lane o no spoil business for dentist wey wan press bress to treat him customer o shey won bi sobi meja ni koribuku e si canal jare,"['disgust', 'surprise']",['anger'],['disgust'],['disgust']
pidgin_text_4167_emotion_1,na true you talk baba but the thing be say if you stay indoor hunger go kill person u go outside corona go kill person either way na die na god go help person for this great dilemmacoz as take dey real na so dey real me self dey feel am now,"['fear', 'sadness']",['fear'],"['fear', 'sadness']","['fear', 'sadness']"
pidgin_text_4236_emotion_1,one hour before you enter abuja you for don dey see good roads na where the madness of all the drivers on the road they start be that come and see speeding all im hearing is voom voom voom left and right,"['disgust', 'fear']","['disgust', 'surprise']","['disgust', 'fear']","['disgust', 'fear']"
pidgin_text_2103_emotion_1,im not saying you shouldnt gossip about me youre free but please dont lie which one is shes even uglyabi your eye dey pain you omalicha nwa di ka m️,"['disgust', 'surprise']","['disgust', 'sadness']",['disgust'],['disgust']
pidgin_text_810_emotion_1,i really might not be the best but im such a baby girl porthacourt peeps always asking wheres landlord na so una take miss landlord yesterday ooo even called me landlady,['surprise'],['surprise'],"['joy', 'surprise']",['surprise']
pidgin_text_4155_emotion_1,i cant find my money wetin una do na me nd una tomorrow morning,"['anger', 'disgust']","['anger', 'disgust', 'sadness']","['anger', 'fear']","['anger', 'disgust']"
pidgin_text_5178_emotion_1,lmao craving sea food pasta from lmao which kain wahala be this im far off in anambra rn but im craving something in lagos,['sadness'],"['anger', 'sadness', 'surprise']",['sadness'],['sadness']
pidgin_text_5541_emotion_1,this lere to island road ehn the shortcut wey you pass today fit block tomorrow drivers actually need to pray every morning,"['fear', 'sadness']","['fear', 'surprise']","['disgust', 'fear']",['fear']
pidgin_text_907_emotion_1,e don happen all dresses made by me,['joy'],['joy'],['joy'],['joy']
pidgin_text_2788_emotion_1,benin don cast walai see wetin dey sup broad daylight and dem even dey record am tueeehhh,"['disgust', 'surprise']","['anger', 'fear', 'surprise']",['disgust'],"['disgust', 'surprise']"
pidgin_text_5177_emotion_1,lmao person wey me dey beg to check his dm dey beg another person,"['disgust', 'surprise']",['surprise'],"['disgust', 'sadness', 'surprise']","['disgust', 'surprise']"
pidgin_text_923_emotion_1,lol u cannot see my familys net worth cannot enter k e sure me corona con dey again one mouth don commot for their food niyen,['sadness'],"['fear', 'surprise']","['sadness', 'surprise']","['sadness', 'surprise']"
pidgin_text_5207_emotion_1,ermm the way awon olokpa de use agidi jump enter motor front ehn no wahala for that wan o but wetin me no understand na the way them still go carry the same agidi no pay conductor money ‍️ thats a negatively correlated shii,['disgust'],"['disgust', 'surprise']","['disgust', 'surprise']","['disgust', 'surprise']"
pidgin_text_5856_emotion_1,wetin concern una with tollgate leave tollgate for lagosians lets fight for our own nation una sef ehh,['disgust'],"['disgust', 'surprise']",['disgust'],['disgust']
pidgin_text_3132_emotion_1,abeg make dem no insort me na play,['fear'],"['anger', 'surprise']","['disgust', 'fear']",['fear']
pidgin_text_4164_emotion_1,i think i get you now you guys have started rd semester of preclinics omo una welldone io bhet marathon shotgun for two weeks is not good na abi how did they even break your course for multiple lecturers sef i can feel your pain now,"['disgust', 'sadness']","['fear', 'surprise']","['sadness', 'surprise']","['sadness', 'surprise']"
pidgin_text_2450_emotion_1,this team don good abeg madam abeg gimme fearless,['joy'],['joy'],['joy'],['joy']
pidgin_text_841_emotion_1,i don get body guard and fighter i fit find trouble for road now,['joy'],['joy'],['joy'],['joy']
pidgin_text_2349_emotion_1,which kind vee be this abeg just dey so uninterested as dem ride her man,['disgust'],['surprise'],"['disgust', 'surprise']","['disgust', 'surprise']"
pidgin_text_4193_emotion_1,your papa dey crazebut thats not important rn una dey behave anyhow for this app,['disgust'],"['anger', 'disgust', 'sadness', 'surprise']","['anger', 'disgust', 'surprise']","['disgust', 'anger', 'surprise']"
pidgin_text_2935_emotion_1,my guy introduce en father to scam btc purchase company en father buy k dollars worth of btc btc no show efcc investigate na en son be the company ceo na we still dey settle oo,"['disgust', 'surprise']",['surprise'],"['disgust', 'surprise']","['disgust', 'surprise']"
pidgin_text_3550_emotion_1,but e get mood wey u go dey sometimes just listening to noise can be fun gelatoooooooooo,['joy'],[],['joy'],['joy']
pidgin_text_3485_emotion_1,make e pain me abeg,['sadness'],['anger'],['anger'],['anger']
pidgin_text_977_emotion_1,baba watch this video and laugh small i dey reason na wetin person like you fit do,['joy'],['joy'],"['joy', 'surprise']",['joy']
pidgin_text_39_emotion_1,seeing my guys win gives me joy being the plug gladdens my heart more before i so to god love to for being the grid you dey make big things sup oluwa na u be d chief handler wey no get handle,['joy'],['joy'],['joy'],['joy']
pidgin_text_1359_emotion_1,una dey liewhere e body,['disgust'],['anger'],['disgust'],['disgust']
pidgin_text_2019_emotion_1,i want all you vendors out here to know that if i had money youll all know me to be your customer youll all know my name im sorry already but then im hopeful when the money come we dey buy anything,['sadness'],['sadness'],['sadness'],['sadness']
pidgin_text_431_emotion_1,wowoo but were una dey see dis money ooooooo am here looking for iphone you are already using pro,['surprise'],"['sadness', 'surprise']",['surprise'],['surprise']
pidgin_text_3968_emotion_1,bros he stole my glasses oo i give am motor make e sell e loot everything inside including this glasses,"['disgust', 'sadness']",['surprise'],['anger'],[]
pidgin_text_5793_emotion_1,made me a millionaire how i dey work for he papa abi e don dash me kobo before hes very stupid,"['anger', 'disgust']",['anger'],"['anger', 'sadness']",['anger']
pidgin_text_594_emotion_1,na musician wen sabi sing we the retweet ooo,"['disgust', 'joy']",['joy'],[],['joy']
pidgin_text_1968_emotion_1,my love for omashola the guy dey real,['joy'],['joy'],['joy'],['joy']
pidgin_text_986_emotion_1,guyyyyy i go dey open mouth dey sleep i go dey open mouth watch film i go dey open mouth dey smile see ehn no just worry my handle go change to king of smiles,['joy'],"['joy', 'surprise']",['joy'],['joy']
pidgin_text_5048_emotion_1,won ti report tag wa who are this people that all their work is to report our tag something was at no before now nowhere to be found first to do no dey pain o if we start fully with una eh u go pack comot for twitter,"['anger', 'disgust']","['anger', 'disgust', 'sadness', 'surprise']","['anger', 'disgust']","['anger', 'disgust']"
pidgin_text_2960_emotion_1,i havent eaten today sef kai,"['sadness', 'surprise']","['anger', 'sadness', 'surprise']",['sadness'],"['sadness', 'surprise']"
pidgin_text_2504_emotion_1,e dey pain me because of you i dey cry see the tears from my eyes and you still deny,"['disgust', 'sadness']","['sadness', 'surprise']","['disgust', 'sadness']","['disgust', 'sadness']"
pidgin_text_5024_emotion_1,na hours she de do on top mat + him hrs abeg if we add you she go sleep for there ni,['disgust'],['surprise'],"['disgust', 'surprise']","['disgust', 'surprise']"
pidgin_text_4117_emotion_1,i guess has a word for naysayers speaking outside the confines of the benin moatshe said una dey craze,['disgust'],['anger'],"['anger', 'disgust']","['disgust', 'anger']"
pidgin_text_5882_emotion_1,e don tey una dey poto poto a whole cjn was removed by an experte order sans were rolling in the mud in support,['disgust'],"['disgust', 'surprise']",['disgust'],['disgust']
pidgin_text_5108_emotion_1,the way todays games be going ehmits like the gods of football have done okoto meow skkkrr on all my predictions so far im not doing again let be playing their play local woman dey go drink beer abeg choi‍️,"['fear', 'sadness']",['surprise'],"['fear', 'sadness']","['fear', 'sadness']"
pidgin_text_3002_emotion_1,butdis vmoses sefim own don deymuchwhy e be say everytime naim dey come lastcampaligoodimma,['disgust'],"['anger', 'disgust', 'sadness']","['disgust', 'surprise']",['disgust']
pidgin_text_3620_emotion_1,even my ppl from that villa side dey say chris don buy iphone den no say na redmi doings,['surprise'],"['joy', 'surprise']",['surprise'],['surprise']
pidgin_text_3828_emotion_1,them don talk say anything wey premium times like make them write about peter hin tu lai say nah distraction from the nasco fiction by their award winning journo the agenda is not for a better opportunity or better nigeria the agenda is to push their own narration ️,"['disgust', 'sadness']",['disgust'],['disgust'],['disgust']
pidgin_text_981_emotion_1,boss abeg march th na my bday make i still win am every time i dey try but today na today we die for this twitter lol,['sadness'],['joy'],['sadness'],['sadness']
pidgin_text_4121_emotion_1,you dey hope for bs and you no dey happy we wey no see b hope for nkor,"['disgust', 'sadness']","['anger', 'disgust', 'sadness', 'surprise']","['disgust', 'surprise']","['disgust', 'sadness', 'surprise']"
pidgin_text_2051_emotion_1,lol wetin dey happen na im just in the dark,['sadness'],['surprise'],"['sadness', 'surprise']","['sadness', 'surprise']"
pidgin_text_4226_emotion_1,this work of is going to cost me more hours to complete and im not giving up not now or never ️ so many legends dey but im just trying to be another one please kindly retweet for a bother na,['sadness'],['anger'],"['fear', 'joy']",[]
pidgin_text_2136_emotion_1,recently i have seen usuk citizen type wrong english and i dey here dey think how i wan take pass ielts wahala for wey no get better government o,"['disgust', 'surprise']","['anger', 'fear', 'sadness', 'surprise']","['disgust', 'surprise']","['disgust', 'surprise']"
pidgin_text_897_emotion_1,im an old man in a young body oshey im glad i dont age u think rmd is sugar daddy goals wait till im in my s,['joy'],['joy'],['joy'],['joy']
pidgin_text_3705_emotion_1,i swear baddest guy from wey back️ dat guy na full of vibe and more his consistency is not from here atech to the world,"['joy', 'surprise']",['joy'],['joy'],['joy']
pidgin_text_791_emotion_1,wait all of una sabi book like dis how una do am abeg,['surprise'],['surprise'],['surprise'],['surprise']
pidgin_text_1860_emotion_1,lmao una dey ment for this app tbh una no sabi hide mouth,['disgust'],"['disgust', 'surprise']",['disgust'],['disgust']
pidgin_text_733_emotion_1,see persin wey u got i don become an adopted family na make me like this ogbonge club abeg make una welcome me,['joy'],['joy'],"['fear', 'surprise']",['joy']
pidgin_text_242_emotion_1,fine boy wey con sabi sing again,['joy'],['joy'],"['joy', 'surprise']",['joy']
pidgin_text_4413_emotion_1,lol me na those advert dey vex me pass,"['anger', 'disgust']",['anger'],['disgust'],"['anger', 'disgust']"
pidgin_text_4473_emotion_1,but if na man dey touch woman like that na harassment,"['disgust', 'surprise']","['anger', 'disgust', 'fear', 'sadness', 'surprise']",['disgust'],"['disgust', 'surprise']"
pidgin_text_1751_emotion_1,k ticket inside bush what is this ticket wey we don dey guide for days just games to go god will punish you how tf are you people top,"['anger', 'disgust']","['anger', 'disgust', 'surprise']","['disgust', 'fear']","['anger', 'disgust']"
pidgin_text_1659_emotion_1,abeg help me ohi no understand again for sms how much dey the acc sefhow much dey enter the acc maka why,"['disgust', 'sadness']","['anger', 'surprise']",['surprise'],['surprise']
pidgin_text_5861_emotion_1,if this nepa should blink this light one more time ehnn i de go nepa office,['anger'],['anger'],"['anger', 'disgust']",['anger']
pidgin_text_4118_emotion_1,who be dis wan,['disgust'],"['anger', 'surprise']","['disgust', 'surprise']","['disgust', 'surprise']"
pidgin_text_3731_emotion_1,so i slept off and many things happened when i was saying stop shipping some were calling me bitter cruise on this show una no dey hear or hv a fav anywhere his or her belle face u follow it wil end in tears david is the ultimate scam for now next,"['disgust', 'sadness']","['anger', 'disgust']",['disgust'],['disgust']
pidgin_text_2982_emotion_1,please dont remind me e dey vex me,"['disgust', 'sadness']","['anger', 'sadness']","['anger', 'disgust']","['disgust', 'sadness', 'anger']"
pidgin_text_5829_emotion_1,bruh like say you no sabi nigerians anything wey oyinbo feature our own na hit for dem eyes,['disgust'],['disgust'],['disgust'],['disgust']
pidgin_text_1475_emotion_1,na so nnamchi them wan take kill us we no want algorithm una wey sabi book go dey oppress studiocode people like us of = of = of = of = ️ i use calculator for the addition sha,"['disgust', 'sadness']","['anger', 'disgust', 'sadness']",['disgust'],"['disgust', 'sadness']"
pidgin_text_1448_emotion_1,in my area my mama say we don stop dey chop meat for house,['sadness'],"['sadness', 'surprise']",['sadness'],['sadness']
pidgin_text_1110_emotion_1,we no get ladies wey fit just dash pesin money for this tl like this,"['sadness', 'surprise']","['anger', 'disgust']","['disgust', 'surprise']","['surprise', 'disgust']"
pidgin_text_4123_emotion_1,ag no sabi dance sha dey do like earthworm dey pour salt,['disgust'],['disgust'],"['disgust', 'sadness']",['disgust']
pidgin_text_6191_emotion_1,so a fine girl from this app messaged me we got talking i thought we were cool o my brothers and sisters na work i been wan chop it ended in gbas gbosguys how do you get girls on this app i need work book with examples pls,"['disgust', 'sadness']","['sadness', 'surprise']","['disgust', 'surprise']","['disgust', 'sadness', 'surprise']"
pidgin_text_1781_emotion_1,omo see something sha na zobo them give them drink abi na loli that pikin don suffer ki,"['disgust', 'surprise']","['anger', 'disgust', 'sadness', 'surprise']",['disgust'],"['disgust', 'surprise']"
pidgin_text_392_emotion_1,but honestly the hype on this virus is too much more than the virus itself but guess what im a nigerian im safe i survived ebola i survived lassar ill survive corona too the same speed wey e use come na im e go use go no world is ending,['disgust'],"['anger', 'fear', 'sadness', 'surprise']",['disgust'],['disgust']
pidgin_text_2871_emotion_1,am i the only pcm posted to kwara from edo state dis one im not seeing a travelling partner e get as e b oh,"['fear', 'surprise']",['surprise'],"['fear', 'sadness']","['fear', 'surprise']"
pidgin_text_2199_emotion_1,ha bros fear god small now see as you finish dembele pesin wey see you go think say you no dey talk but the words of your mouth are nothing but a timed bomb waiting to explode,"['disgust', 'surprise']","['anger', 'fear', 'surprise']","['fear', 'surprise']","['surprise', 'fear']"
pidgin_text_4072_emotion_1,my brother even if dem dey make money these influencers dey lose their account for here small thing jack go change am for them but the thing is they already have followers and have made a name for themselves so rebuilding isnt so difficult so why person go wan commit suicide,"['disgust', 'surprise']","['anger', 'sadness']","['disgust', 'surprise']","['disgust', 'surprise']"
pidgin_text_1632_emotion_1,like this i don dey rehearse how i go take vex if dem talk say gas finish for house e go be baba,"['disgust', 'fear']",['fear'],['fear'],['fear']
pidgin_text_965_emotion_1,no na my guy na,[],['joy'],[],[]
pidgin_text_2131_emotion_1,months nai i dey para for mnths wey one put me make i send u d msg wey i send am,['disgust'],"['anger', 'sadness', 'surprise']",['disgust'],['disgust']
pidgin_text_2603_emotion_1,na only upcoming una dey advice,['surprise'],"['anger', 'surprise']","['disgust', 'surprise']",['surprise']
pidgin_text_5774_emotion_1,so u think hussethaul will let is top defender go like datno way abt ryan betrand wen una start dy sign arugbo ojo players na so una gamble on the mf willian,"['disgust', 'surprise']",['surprise'],['disgust'],"['disgust', 'surprise']"
pidgin_text_477_emotion_1,me i fit run the aso ebinah my work be that,[],[],['joy'],[]
pidgin_text_3240_emotion_1,na the one i fit relate to i go dey under na una make dey intelligent and enlightened dey abroad twitter,"['joy', 'surprise']","['anger', 'disgust']",[],[]
pidgin_text_2962_emotion_1,sugarthese oyinbo can liena which kin injury those chilians say asanchez getsee how dem just downplay d injury,['disgust'],"['anger', 'disgust']","['disgust', 'sadness']",['disgust']
pidgin_text_915_emotion_1,lol hope say na you give chiamaka hand in marriage to the husband o,['surprise'],[],['surprise'],['surprise']
pidgin_text_5892_emotion_1,oga wetin the happen again na una student won graduate oo,"['disgust', 'sadness']","['anger', 'fear']","['disgust', 'sadness']","['disgust', 'sadness']"
pidgin_text_1116_emotion_1,nahh u don de talk shit,['disgust'],"['anger', 'disgust']",['disgust'],['disgust']
pidgin_text_3152_emotion_1,i dey change course from engineering to whistle blowing e be like say that work dey pay ive got a masters in whistle blowing,['surprise'],"['joy', 'surprise']",['surprise'],['surprise']
pidgin_text_2554_emotion_1,say make i hustle tight gather better money and propose to my celebrity crush in but see everything i wan chop na hin one yeye cameraman don put for the public view lifes unfair,"['disgust', 'sadness']",['sadness'],"['disgust', 'sadness']","['disgust', 'sadness']"
pidgin_text_5343_emotion_1,yes but e be like dem just wan do me and if dem no do me our friendship fit cut,"['disgust', 'fear']",[],"['fear', 'sadness']",['fear']
pidgin_text_2465_emotion_1,damn one bastard na im dae wash and lick her plate like dis ó,['disgust'],"['anger', 'disgust', 'sadness', 'surprise']",['disgust'],['disgust']
pidgin_text_1272_emotion_1,this fit jam traffic wey fit cause fight,"['disgust', 'fear']","['fear', 'surprise']",['fear'],['fear']
pidgin_text_3671_emotion_1,i just cant laughing sparkleteetp and abeg make una come join me laugh small abeg abrg just tag any dude wey be like the second guy from,"['joy', 'surprise']",['joy'],['joy'],['joy']
pidgin_text_2180_emotion_1,im locked out of my house e no go better for security door,"['disgust', 'sadness']","['anger', 'surprise']","['disgust', 'sadness']","['disgust', 'sadness']"
pidgin_text_5619_emotion_1,i never knew arsenal is an oloriburuku club like this them no even fit score goal,['anger'],['disgust'],['disgust'],['disgust']
pidgin_text_5249_emotion_1,ever since e don spoil came out everything don dey spoil,"['fear', 'sadness']","['disgust', 'surprise']","['fear', 'sadness']","['fear', 'sadness']"
pidgin_text_148_emotion_1,me sef i go love ️️,['joy'],['joy'],['joy'],['joy']
pidgin_text_4870_emotion_1,bought wilson this gw only to see the nigga sitting this one out e be like say my fpl don dey cast luke chelsea,"['fear', 'sadness']","['anger', 'fear', 'sadness', 'surprise']","['fear', 'surprise']","['fear', 'sadness', 'surprise']"
pidgin_text_142_emotion_1,all these foreign people with were updating our policy please sha no comot the small change wey we dey see for our mouth ẹ joor,['fear'],"['anger', 'sadness', 'surprise']",['fear'],['fear']
pidgin_text_5951_emotion_1,lmaoeven girl wey dey her period no dey run mouth like that guyi was disappointed coming from a grown man like that,['disgust'],"['anger', 'disgust', 'sadness', 'surprise']","['disgust', 'sadness']","['disgust', 'sadness']"
pidgin_text_2943_emotion_1,crying ke i don cry the cry since hazard comot i no fit cry again,"['disgust', 'sadness']",['surprise'],"['disgust', 'sadness']","['disgust', 'sadness']"
pidgin_text_813_emotion_1,jude no go put me for wahala did sit ups yesterday now my belle be like where dem do do tug of war,"['fear', 'sadness']","['fear', 'sadness']","['anger', 'fear']","['fear', 'sadness']"
pidgin_text_1740_emotion_1,phone wey lost for police station dey ring for dpo pocket na ig all of us they wait for like this na wey we wan settle since morning,"['disgust', 'surprise']",['surprise'],['surprise'],['surprise']
pidgin_text_4423_emotion_1,oluwa sky blue water blue wetin dey bloomate wetin dey halt wetin dey do like this like that for my chest,"['fear', 'sadness']",['joy'],"['fear', 'sadness']","['fear', 'sadness']"
pidgin_text_2745_emotion_1,bro since yesterday i just dey ask u if u will show calabar but youre not answering like if na heaven you wan give me,['disgust'],[],['disgust'],['disgust']
pidgin_text_6155_emotion_1,person dey untop your case already and you don dey give am attention warming up to him already but you still dey entertain other niggas,"['disgust', 'sadness']",['disgust'],"['disgust', 'surprise']",['disgust']
pidgin_text_34_emotion_1,me sef dey pray say make the money come quick oo make guys enjoy how your syd my oga,"['fear', 'sadness']",['joy'],['fear'],['fear']
pidgin_text_434_emotion_1,kayodeeeee why switch the camera na na this kind mood dey result months pls go back to the hoh lounge,"['disgust', 'sadness']","['anger', 'surprise']","['disgust', 'sadness']","['disgust', 'sadness']"
pidgin_text_983_emotion_1,are you watching me with d using g haaaaaanyway just add small vodka to the bucket of ice make e for dey chilled,['joy'],['joy'],['joy'],['joy']
pidgin_text_1306_emotion_1,don jazzy how all these things take the tori tori u dey baffle me nigeria has bigger problems than dis,['surprise'],['disgust'],"['disgust', 'surprise']","['surprise', 'disgust']"
pidgin_text_3898_emotion_1,screenshot be spoiling things for peeps who start to dey use am first sef small play laidisfiam fiam fiam ur dm convo is already at the mercy of public glare nsogbu dikwa na obodo,['disgust'],['surprise'],"['disgust', 'fear']",['disgust']
pidgin_text_5765_emotion_1,laycon don start again o wahala ma wa de bayi o this is obsession,['disgust'],['disgust'],['disgust'],['disgust']
pidgin_text_3221_emotion_1,oh abegi dey should dey dia dey,['disgust'],"['anger', 'disgust']",['disgust'],['disgust']
pidgin_text_1700_emotion_1,i dey laugh dey cry reading a particular reply dem say e wear her pina,"['disgust', 'surprise']","['anger', 'disgust', 'sadness', 'surprise']",['surprise'],"['disgust', 'surprise']"
pidgin_text_6047_emotion_1,saudi arabia is in trouble nigbayen shia ti take over this power politics in the middle east is sweet but the way it has displaced and killed many is sad now europeamerica no won open border for refugees yet na dem dey supply saudi iran weapons crazy word mehn,"['disgust', 'sadness']","['disgust', 'fear']","['disgust', 'surprise']",['disgust']
pidgin_text_2573_emotion_1,you bin dey whine us ni,"['disgust', 'surprise']","['disgust', 'surprise']","['disgust', 'surprise']","['disgust', 'surprise']"
pidgin_text_6171_emotion_1,organisers take style wicked sha how you go just keep hefty bouncers for der dey look yansh wey dem no fit tosh dey bounce see as dat wit bald head take style dey look abeg dick don rise finish nothing to do,"['disgust', 'sadness']","['disgust', 'surprise']","['disgust', 'surprise']","['disgust', 'surprise']"
pidgin_text_745_emotion_1,i sha know im getting freebies na u sabi the rest,"['disgust', 'surprise']","['joy', 'surprise']",['disgust'],"['disgust', 'surprise']"
pidgin_text_3266_emotion_1,god bless you boss am so grateful my weekend don set lai dis,['joy'],['joy'],['joy'],['joy']
pidgin_text_2173_emotion_1,lol asin ehn i no dey even do that smiling again make everybody know how e dey be me,"['anger', 'disgust']","['anger', 'sadness']",['sadness'],"['anger', 'sadness']"
pidgin_text_5741_emotion_1,bro no select again i dey vex because even if u select u no go select me join im no happy,"['anger', 'sadness']","['anger', 'sadness']","['anger', 'sadness']","['anger', 'sadness']"
pidgin_text_4068_emotion_1,so doctor said the back pain is cos of my driving up and down my nice driver travelled and since then i have been driving when will this patient and nice driver come back na please no vex incase i don offend you cant imagine trying to get another driver now ooo,"['fear', 'sadness']",['fear'],"['fear', 'sadness']","['fear', 'sadness']"
pidgin_text_1760_emotion_1,you guys dont even want to know na so i no even sew sallah cloth abeg i cannot be tempted ‍️ the was missed fiesta last eid na so i go miss but sha we go dey alryt,"['disgust', 'sadness']","['anger', 'sadness']",['disgust'],"['disgust', 'sadness']"
pidgin_text_233_emotion_1,lmaooo i swear i no see the tweet wey you dey reply to but i don get now okay nice one,['surprise'],[],[],[]
pidgin_text_5674_emotion_1,na why you dey support arsenal nothing wey you sabi,['disgust'],['disgust'],['disgust'],['disgust']
pidgin_text_5773_emotion_1,am yet to be a mother na i shock self wen i come online come see happy mothers day women wahala too much jorhow many times wey dey celebrate one tin,"['disgust', 'surprise']",['surprise'],"['disgust', 'surprise']","['disgust', 'surprise']"
pidgin_text_737_emotion_1,i just enjoy seeing people winning so bad e dey be like say na me the good things dey happen to,['joy'],['joy'],['joy'],['joy']
pidgin_text_4886_emotion_1,like if i knew the reason for the fight sef e for betterall i see is adults acting like kidsthrowing insults around like its the right thing to doit pains me too but what can we dowe can only read and waka pass,"['disgust', 'sadness']",['disgust'],['disgust'],['disgust']
pidgin_text_2687_emotion_1,who dey sell this kin wig mbah wan run something,['disgust'],"['disgust', 'surprise']",[],['disgust']
pidgin_text_5655_emotion_1,lol i just dey here dey laugh im obviously not their target market,['disgust'],"['joy', 'surprise']","['disgust', 'joy', 'sadness']","['disgust', 'joy']"
pidgin_text_2332_emotion_1,loool this mute button na inside life o e go far gannnnn you mute person and e be like say them don die,['surprise'],['surprise'],"['fear', 'surprise']",['surprise']
pidgin_text_1474_emotion_1,me sef no dey house na been outta here for a while too glad to be back here though i missed everybody,['joy'],['joy'],['joy'],['joy']
pidgin_text_2140_emotion_1,now you pissed her off who dey suffer am na me dey suffer am ️,"['disgust', 'sadness']",['sadness'],"['disgust', 'sadness']","['disgust', 'sadness']"
pidgin_text_5598_emotion_1,e no funny to me jor u seek equality yet you give so much preference to yourselves equality my foot equity my left yansh we were all humans first before gender set in whats all these na,['disgust'],"['anger', 'sadness']",['disgust'],['disgust']
pidgin_text_508_emotion_1,a time to be alive followed me back then the oga not only followed back but i heard his voice see ehn e get as body dey do me thank you so much for call oga you pa don dey get level oh thank you,['joy'],"['joy', 'surprise']","['joy', 'surprise']","['joy', 'surprise']"
pidgin_text_1908_emotion_1,so im chilling in this bar sipping my energy drink and watching ashey somebody dun mess one wicked mess as score i say make i shout goal na so i swallow mess now my belle dun dey run me why do bad things happen to good people,"['disgust', 'sadness']","['anger', 'disgust', 'sadness', 'surprise']","['disgust', 'sadness']","['disgust', 'sadness']"
pidgin_text_5708_emotion_1,e don be power bank don run down im now at the mercy of my,['sadness'],['sadness'],"['fear', 'sadness']",['sadness']
pidgin_text_5910_emotion_1,na how i go end up for cell dey scare me pass omo i hustled cab when she got herself pay make e drop her for her house mehn god,"['fear', 'sadness']","['fear', 'surprise']","['disgust', 'fear']",['fear']
pidgin_text_2396_emotion_1,e pain me ooo me wey single like this she for try look my side na may her soul rest in peace,"['disgust', 'sadness']","['anger', 'surprise']",['sadness'],['sadness']
pidgin_text_3752_emotion_1,you never even vexme wey go camp their branch i want to speak to your manager i say i want to speak to the manager,['disgust'],"['anger', 'surprise']",['anger'],['anger']
pidgin_text_5568_emotion_1,na all these kind signings you dey always envisage go bring problem between me and you one day na so you start willian that time and today dem don sign am,"['disgust', 'fear']",['anger'],['disgust'],['disgust']
pidgin_text_2849_emotion_1,sugarna wetin u call that sporting director wen deychelseesugartht woman na d most yamayama sdirector wen i don see,['disgust'],['disgust'],['disgust'],['disgust']
pidgin_text_3704_emotion_1,brooo you get eye i know wetin i de talk,['surprise'],['surprise'],['surprise'],['surprise']
pidgin_text_6083_emotion_1,lmaooooo e dey do me like make i dey sample this girl for head,['sadness'],['joy'],"['disgust', 'sadness']",['sadness']
pidgin_text_5179_emotion_1,nobody should come to abuja again e don full dont comma disturb our peace,['disgust'],"['anger', 'disgust']","['disgust', 'sadness']",['disgust']
pidgin_text_1563_emotion_1,today fasting no easy o e be like sey na in we dey do today,['sadness'],"['anger', 'sadness', 'surprise']",['sadness'],['sadness']
pidgin_text_1100_emotion_1,why you dey whine me na,['sadness'],['anger'],"['disgust', 'fear']",[]
pidgin_text_1351_emotion_1,nawa o buh na civil servant state na,['surprise'],['surprise'],['surprise'],['surprise']
pidgin_text_3520_emotion_1,twitter omo e don tey o,['surprise'],"['joy', 'surprise']",['surprise'],['surprise']
pidgin_text_2831_emotion_1,pls dis guys should call lucy b she vex again,"['disgust', 'surprise']",['surprise'],['surprise'],['surprise']
pidgin_text_2324_emotion_1,you dey on top bike see me as i dey trek you con dey call me boo dey blow me kiss you no fit stop make i enter meanwhile our two dey go the same place amaka na thunder go fire you,"['anger', 'disgust']","['anger', 'disgust', 'sadness', 'surprise']","['anger', 'disgust']","['anger', 'disgust']"
pidgin_text_4014_emotion_1,barkley that was worth £m last season and who dey even turned down £m offer na who dem sell for £m now chai football ehn,['surprise'],['surprise'],"['disgust', 'surprise']",['surprise']
pidgin_text_1519_emotion_1,but one invite out like this na bed i go dey dey give excuses upon excuses i will now start complaining i am bored i dont have anywhere to go etc i am broke i dont go out when i am broke is this how ill continue with myself im my own problem,"['disgust', 'sadness']",['sadness'],"['disgust', 'sadness']","['disgust', 'sadness']"
pidgin_text_3372_emotion_1,look may i tell you sometin na niger delta babe i make make we drop this english die na die na only one die na we get aisha yesufu is that queen,['joy'],"['disgust', 'sadness']",['joy'],['joy']
pidgin_text_5742_emotion_1,naso my naira don go,['sadness'],['surprise'],"['sadness', 'surprise']","['sadness', 'surprise']"
pidgin_text_2829_emotion_1,and the say buhari is a tyrantfor ordinary fish and meat na him u dey para na whoa for some guys sha,"['disgust', 'surprise']","['disgust', 'surprise']","['disgust', 'surprise']","['disgust', 'surprise']"
pidgin_text_4844_emotion_1,who said i was fine abeg na mosquitoes and malaria dey rush me,"['disgust', 'surprise']","['anger', 'sadness']",['sadness'],['sadness']
pidgin_text_1882_emotion_1,leave them jare idiot people people wey win am no be them dey their front na to chase clout,['disgust'],"['anger', 'disgust']",['disgust'],['disgust']
pidgin_text_5838_emotion_1,shame no dey catch u abi if na ur country d fight holdim sure at a point dem go take light for stadium and d fight go gat wait till dem on gen do and leave in peace in,['disgust'],['disgust'],['disgust'],['disgust']
pidgin_text_6167_emotion_1,kiki osinbajo should just go and sit down abeg they dey find her papa for oshodi oo make dey no catch am oo it is like they dont know people voted for osinbajo not buhari not knowing that the difference between osinbajo and buhari na just age and height,['disgust'],"['anger', 'disgust', 'fear', 'sadness', 'surprise']",['disgust'],['disgust']
pidgin_text_2354_emotion_1,d tin dat is paining me is dat d guy doesnt like her like dat sef,"['anger', 'sadness']","['anger', 'disgust', 'sadness', 'surprise']","['disgust', 'sadness']","['anger', 'sadness', 'disgust']"
pidgin_text_1864_emotion_1,help me sir see me oluwa wetin dey occur bayii shey i don go invincible ni bayii,"['fear', 'sadness']","['anger', 'fear', 'sadness', 'surprise']","['fear', 'sadness']","['fear', 'sadness']"
pidgin_text_4554_emotion_1,oti be like you know say you no get sense abi you no stan me wey be your room mate and you no promote my hustle but you dey stan celeb wey no send you abi if dem born you well reach this house ask me for food mek your celeb feed you heeeeeeeeeeoooooottttt,"['anger', 'disgust']","['anger', 'disgust']",['anger'],"['anger', 'disgust']"
pidgin_text_2315_emotion_1,i dey use god beg you come do give away for me please e don happen egungun don enter express + weeks ask for akant number biko nu,['sadness'],"['fear', 'sadness']","['fear', 'sadness']","['sadness', 'fear']"
pidgin_text_75_emotion_1,i am sitting here no leave no transfer abeg reply his apology e sweet me o na atom special,['joy'],['joy'],['joy'],['joy']
pidgin_text_1661_emotion_1,una nor nice for this twitter at all na only to slander person una sabi,['disgust'],"['anger', 'disgust']",['disgust'],['disgust']
pidgin_text_4025_emotion_1,abi na only me dey experience am since dis november guys wen dey disturb me don reduce ooso na so we go dey dis christmas sef,"['fear', 'surprise']","['anger', 'surprise']","['disgust', 'surprise']",['surprise']
pidgin_text_5770_emotion_1,how that one take concern me na una need my help so if una no ready then just go wait till you time to turn zombie ‍️ reach,"['anger', 'disgust']","['anger', 'disgust']",['disgust'],"['anger', 'disgust']"
pidgin_text_4777_emotion_1,mosquitoes on silent they will be flying around your head and you wont even know so much for just bite and go na that their noise dey pain me i no fit use am as excuse again mosquito don dey put themselves on silent if them wan enter flight mode oohh,"['disgust', 'fear']","['sadness', 'surprise']","['disgust', 'fear']","['disgust', 'fear']"
pidgin_text_4637_emotion_1,everyone is shouting yahoo yahoo the truth of the matter be say directly or indirectly all of us na scammer the way you take scam fit different but scam na scam the greatest gboys we have in this country is our leaders they all carted our future away,['disgust'],"['anger', 'disgust']","['disgust', 'sadness']",['disgust']
pidgin_text_3450_emotion_1,where una dey see this harmattan make una tell person,['surprise'],['surprise'],['surprise'],['surprise']
pidgin_text_3119_emotion_1,how ur sunday dey like god don arrange everywhere for us oooo time don reach for us to appreciation baba god as we pick inside make we sama u d sing d,['joy'],"['joy', 'surprise']",['joy'],['joy']
pidgin_text_3830_emotion_1,dem don remove e sense now,['disgust'],"['disgust', 'surprise']",['disgust'],['disgust']
pidgin_text_5416_emotion_1,see this agbero you went to see a therapist for oshodi bus stop or ajegunle where you dey live agberos now know a therapist b b na only baba ijebu dem know,"['disgust', 'surprise']","['disgust', 'surprise']","['disgust', 'surprise']","['disgust', 'surprise']"
pidgin_text_4076_emotion_1,lol na when we finish sch matter na lolz come make i beat ur age comot your body,['disgust'],['joy'],['disgust'],['disgust']
pidgin_text_3931_emotion_1,hmmmm world best barber na so u wan commot my afro,['disgust'],"['anger', 'surprise']","['fear', 'surprise']",['surprise']
pidgin_text_6108_emotion_1,help me tell them someone even posted that is what they want man city wey get better squad self dey chop am well well una con sign one player we no hear word las las na still th or th una go end,['disgust'],[],['disgust'],['disgust']
pidgin_text_6145_emotion_1,angeli angelina you dey cool my temperature if you call i go come deliver i no go fall e your hand never say na me you go love forever ‍️,['joy'],['joy'],['joy'],['joy']
pidgin_text_4704_emotion_1,nah nah e done forget say day like this go pull up head his fmr aig tiff done dey e blood,"['disgust', 'sadness']",[],['disgust'],['disgust']
pidgin_text_1640_emotion_1,seme ke kilode you no even give me better country i don vex u had the chance to say canada na,"['anger', 'disgust']",['disgust'],['disgust'],['disgust']
pidgin_text_3357_emotion_1,na who chop the spag after una do the artwork finish song is too bop,['surprise'],[],"['joy', 'surprise']",['surprise']
pidgin_text_4044_emotion_1,abeg rest for the matta who dey chop dey continue dey chop see the simple question she cannot answer,['disgust'],"['disgust', 'surprise']",['anger'],['disgust']
pidgin_text_3451_emotion_1,lucy sef dey dance wawu,['surprise'],['surprise'],['surprise'],['surprise']
pidgin_text_1246_emotion_1,liverpool na express you dey o,"['disgust', 'fear']",['fear'],['fear'],['fear']
pidgin_text_4721_emotion_1,pele wetin i dy vex like dis like madt today is monday my boss no go hear story say traffic dey ooo,"['anger', 'disgust']","['anger', 'fear', 'sadness']","['anger', 'fear']","['anger', 'fear']"
pidgin_text_5932_emotion_1,a typical hausa or nupe man will prefer his child to marry a hausanupe lady if he dares marry frm another tribe ehnnnn sai duai we most times pretend to be united ne fah but deep down no be so e be ohhhh,['sadness'],['disgust'],"['disgust', 'sadness']","['sadness', 'disgust']"
pidgin_text_247_emotion_1,hey cuzzzo im sure she kept the phone somewhere elsebut were home sha see you soon,[],[],[],[]
pidgin_text_4691_emotion_1,e be like say this one dey ment you dey order drink on our date without my knowledge andn on my absent what if i couldnt make it down omo angel for heaven don use this one learn work already,"['disgust', 'surprise']","['anger', 'disgust', 'sadness', 'surprise']","['disgust', 'surprise']","['disgust', 'surprise']"
pidgin_text_5508_emotion_1,so why that man go there dey try help am read am abi na brail him dey read or shorthand,['surprise'],"['disgust', 'surprise']","['disgust', 'surprise']","['surprise', 'disgust']"
pidgin_text_3740_emotion_1,fear this man during his test period dont even think about not reading for his test if not na na na failure go day rush you,"['disgust', 'sadness']",['fear'],"['disgust', 'fear']","['disgust', 'fear']"
pidgin_text_6136_emotion_1,if you like show us where dem dey behead people shooting people etc even show us lion tiger leopard any sort of wild animal eating people were still coming to join you make dem chao all of us together i hate nonsense oshi,['disgust'],['anger'],"['anger', 'disgust']","['disgust', 'anger']"
pidgin_text_2487_emotion_1,audiomack sub sef na n,"['disgust', 'sadness']",[],"['disgust', 'surprise']",['disgust']
pidgin_text_1398_emotion_1,las las na god go punish all of una,"['anger', 'disgust']",['anger'],"['anger', 'disgust']","['anger', 'disgust']"
pidgin_text_4750_emotion_1,guy lock up abeg na today we begin dey see your tweets youve been behaving like class captain of common sense and logic all in the effort to look more tolerant and enlightened than the rest of us now go and live on your educated northerner compliments,['disgust'],"['anger', 'disgust', 'sadness', 'surprise']","['anger', 'disgust']","['disgust', 'anger']"
pidgin_text_3122_emotion_1,motana thank god for the deliverance so far pls change the company of people you listen to and work on your mind and selling points also get someone or church that understands the word of god boss d abeg no vex o dat jollof rice sweet,"['disgust', 'fear', 'joy']",['joy'],['joy'],['joy']
pidgin_text_5563_emotion_1,na all of una dey code ni your sister too yeah but regardless una two be hoe sha i dey always seem im tweets,['disgust'],"['anger', 'disgust', 'sadness']","['disgust', 'surprise']",['disgust']
pidgin_text_161_emotion_1,as i dey like this na like say make i just dey drive go elegushi straight just dey till like,['joy'],[],[],[]
pidgin_text_890_emotion_1,na so e dey do you you don start e dey shark you abi,['disgust'],"['disgust', 'joy', 'surprise']",['surprise'],"['disgust', 'surprise']"
pidgin_text_4463_emotion_1,this na wetin you dey call small matter ehn tell me na how the political journey of one person for kubau wan take affect the rest of us for nigeria positively tell me o make everybody get out jare,"['disgust', 'surprise']","['anger', 'surprise']","['anger', 'disgust']","['disgust', 'surprise', 'anger']"
pidgin_text_2531_emotion_1,make una give me small sand make i stain my own na i dey beg,['sadness'],[],['sadness'],['sadness']
pidgin_text_5455_emotion_1,na so we comot wedding wey we no chop wedding rice thank god for the igbo food vendor down the street all the way from akure to lagos no wedding rice to eat,['disgust'],"['anger', 'sadness', 'surprise']","['disgust', 'surprise']","['disgust', 'surprise']"
pidgin_text_2125_emotion_1,i gave one small boy ogogoro dem catch me e beat me had to act like i fainted e use cane wake me up,"['disgust', 'sadness']","['sadness', 'surprise']",['sadness'],['sadness']
pidgin_text_5959_emotion_1,if you know whats good for you better resign if not we wont stop protesting you nor fit kill us instead we go kill you i know say na clone buhari you be sha on a low but we go soon loud am istand with,['anger'],"['anger', 'disgust']","['anger', 'disgust']","['anger', 'disgust']"
pidgin_text_2031_emotion_1,oga baba j abeg u get any k wey u no dey use for now make u give me abeg so this christmas go sure for me small abeg thanks in anticipation,['sadness'],['sadness'],['sadness'],['sadness']
pidgin_text_5087_emotion_1,na wetin de hungry u,['disgust'],[],['disgust'],['disgust']
pidgin_text_2933_emotion_1,its this client calling to come to his house that dem don cancel sit at home dey funny me you sidon for your house with your family with security personnel and want me to go collect beating,"['disgust', 'sadness']","['fear', 'surprise']","['disgust', 'surprise']","['disgust', 'surprise']"
pidgin_text_5603_emotion_1,i hear say dem ban watsapp and fb for one state in dis naija abi na illiteracy or democracy,"['disgust', 'surprise']","['disgust', 'surprise']","['disgust', 'surprise']","['disgust', 'surprise']"
pidgin_text_3479_emotion_1,good morning my don body just dey de wait for u,['joy'],[],['joy'],['joy']
pidgin_text_44_emotion_1,this one described the love of my life please add beauty wey dey blind eye my woman na spec️,['joy'],['joy'],['joy'],['joy']
pidgin_text_786_emotion_1,so painful i could only help someone with ah but when did i turn to this na my village people make una leave me na abeg i need money enu gbe please,"['fear', 'sadness']","['disgust', 'surprise']","['fear', 'sadness']","['fear', 'sadness']"
pidgin_text_5891_emotion_1,im hungry e be like say pesin they squeeze my belle,"['disgust', 'sadness']",['fear'],['sadness'],['sadness']
pidgin_text_1232_emotion_1,i told yall dat dis fat cheeks thing was not my fault my mum caused it all these itsekiri women with fat chicks mum warri nigeria,['sadness'],"['disgust', 'sadness']",['sadness'],['sadness']
pidgin_text_4549_emotion_1,as you no con like me now wetin con happen if you are not careful we go present buhari again in and e go enter una go protest and riot for twitter for day afterward una go rest,"['disgust', 'surprise']",['anger'],['disgust'],['disgust']
pidgin_text_1926_emotion_1,she started taking this pyhto collagen weeks ago last night she sent some pictures and even videos choi na this kin customer get mansion for heaven abeg who dey breeeet because this one chock e restrict my airflow gannnnn shes my special ️️️,['joy'],['surprise'],['joy'],['joy']
pidgin_text_217_emotion_1,no im not rich o not even close but since im working im goodif to say i no dey work haaaaaaa,['joy'],"['anger', 'sadness']","['fear', 'joy']",['joy']
pidgin_text_2596_emotion_1,you no fit try am for naija who wan dey follow lion play,['disgust'],['fear'],['surprise'],[]
pidgin_text_1525_emotion_1,they will always bring up a different story since dem dey play us like a soccer game apcpdp and every goddamn political parties in nigeria are all the same na their name different the monsters you made don come back to haunt you,"['disgust', 'sadness']","['anger', 'disgust', 'fear', 'sadness', 'surprise']",['disgust'],"['disgust', 'sadness']"
pidgin_text_1890_emotion_1,lol some women are so triggered that theyve begun red flags thread anew like ive seen over threads theyve started this morning but na woman own make men do that single one na now una don turn am to face of threads,"['disgust', 'surprise']","['anger', 'disgust', 'surprise']",['surprise'],"['disgust', 'surprise']"
pidgin_text_690_emotion_1,this jumpsuit de burst my farome chai valetine is by the corner ooo️️️️ what are you wearing for that dinner date this jumpsuit is hotter than hot by the,['joy'],"['joy', 'surprise']",['joy'],['joy']
pidgin_text_1641_emotion_1,na so i careless but everybody and everything says im very careful see this your thing na scam jare,['disgust'],"['anger', 'disgust', 'fear', 'sadness', 'surprise']",['disgust'],['disgust']
pidgin_text_5219_emotion_1,but e dey pain na for this kind economy,"['disgust', 'sadness']",['sadness'],"['disgust', 'sadness']","['disgust', 'sadness']"
pidgin_text_3376_emotion_1,but everton and west ham dey vex gan oo seen their acquisitions,['surprise'],['surprise'],['surprise'],['surprise']
pidgin_text_821_emotion_1,play play the winner money and price done dey enter millions oh my village people oh titans una welldone the contents are amazing make una better trade mark una contents sha,['surprise'],"['disgust', 'surprise']",['surprise'],['surprise']
pidgin_text_5246_emotion_1,twenty wetin for where ma hand no dey oooo the guy wey be grandpa choi nigeria footballers sha,['disgust'],['surprise'],"['disgust', 'surprise']","['disgust', 'surprise']"
pidgin_text_874_emotion_1,if i dey enter your eye or you like me and no fit talk am time dey go ohreporting live from paris,['sadness'],[],[],[]
pidgin_text_605_emotion_1,i no fit burst for joy finally got her attention,['joy'],"['joy', 'surprise']",['joy'],['joy']
pidgin_text_1436_emotion_1,me wey stop to dey watch after st half the season is over for me thank u to think i was planning to spend money to come to watch a match this year at d emirates na this rubbish i go come watch,['disgust'],"['anger', 'disgust']",['disgust'],['disgust']
pidgin_text_5070_emotion_1,if you no fit dey accountable no stay front abeg people tend to expect more from you if you go complain abeg shift go back jejely remember why moses missed the promise land and learn,['disgust'],['anger'],"['anger', 'disgust']","['disgust', 'anger']"
pidgin_text_677_emotion_1,pls id start sharing my vlog and thought leadership stuff here soon abeg make una dey epp me retweet so my future children go fit chop thanks and god bless u,['sadness'],[],"['fear', 'sadness']",['sadness']
pidgin_text_330_emotion_1,sometimes we dont have a clue of how blessed and favored we are of god lemme rephrase this sometimes we nor know wetin god don do for us heavenly father im grateful for your love,['joy'],"['joy', 'surprise']",['joy'],['joy']
pidgin_text_1165_emotion_1,who be dis u see anything wey resemble giveaway for there u sure say u de see well,"['disgust', 'surprise']","['fear', 'surprise']","['disgust', 'surprise']","['disgust', 'surprise']"
pidgin_text_1671_emotion_1,told one of my guy that im becoming more of the ass guy this past few days the idiot was like thats good you don dey enter puberty be that,"['disgust', 'surprise']","['anger', 'sadness', 'surprise']","['disgust', 'surprise']","['disgust', 'surprise']"
pidgin_text_4543_emotion_1,im so terribly scared i might die a virgin shey na like this e suppose be,"['fear', 'sadness']",['fear'],"['fear', 'sadness']","['fear', 'sadness']"
pidgin_text_3129_emotion_1,omahlayh bro u don kill me with this songna now i begin feel am oo for for my afternoon belt indeed,['joy'],['joy'],['joy'],['joy']
pidgin_text_2737_emotion_1,apologise for what na what are you people saying sef,"['disgust', 'surprise']",[],"['disgust', 'surprise']","['disgust', 'surprise']"
pidgin_text_3393_emotion_1,im sorry dear but plis dear just face fashion na beg i dey beg oooooo,['fear'],['disgust'],"['disgust', 'sadness']",['disgust']
pidgin_text_1858_emotion_1,guy i never enter protection but guy wtfe no even funny like how will you be the only one playing domination match,['disgust'],"['anger', 'surprise']","['disgust', 'surprise']","['disgust', 'surprise']"
pidgin_text_5365_emotion_1,wahala ma wa de o you people sha no wan make we chop if you are do this bayi delievry fee go increase ijoba emasewapa na,"['disgust', 'sadness']","['disgust', 'fear']","['disgust', 'fear']","['disgust', 'fear']"
pidgin_text_4953_emotion_1,lmao this violence pesin go think say na wetin i dey run for the podcast yaro,"['disgust', 'fear']",['joy'],"['fear', 'sadness']",['fear']
pidgin_text_1973_emotion_1,abeg which kind phones una dey use snap pictures like this nah,['surprise'],['surprise'],['surprise'],['surprise']
pidgin_text_603_emotion_1,you de mind them before,['disgust'],['disgust'],['disgust'],['disgust']
pidgin_text_4705_emotion_1,dont say that na broda na the twin sis like fetish stuff,"['disgust', 'sadness']","['anger', 'disgust']",['disgust'],['disgust']
pidgin_text_2588_emotion_1,people wey dey buy no test can take risk sha na so one of my guy go see condemn iphone buy for no test in kasuwan gwari,"['disgust', 'surprise']",['surprise'],"['fear', 'surprise']",['surprise']
pidgin_text_6009_emotion_1,your mama and papa no de live together but you de go settle other people matter,"['disgust', 'surprise']",['surprise'],"['disgust', 'surprise']","['disgust', 'surprise']"
pidgin_text_4816_emotion_1,hahaha i dey tell you as i dey watch the video i still dey fear say light go come and those pikin dem go die but e no happen,"['fear', 'sadness']","['fear', 'surprise']",['fear'],['fear']
pidgin_text_5819_emotion_1,wahala ooooooo no keke oo out oforlu day don dey break oooo,"['disgust', 'fear', 'sadness']",['fear'],"['sadness', 'surprise']","['fear', 'sadness']"
pidgin_text_2151_emotion_1,na biz body dey worry u whahala say him dey pay me salary abi him go beat me,"['disgust', 'surprise']","['anger', 'disgust']","['disgust', 'surprise']","['disgust', 'surprise']"
pidgin_text_5954_emotion_1,u see how everywhere quiet imagine say na apc state all those way u see say dey always make noise for don do thread,['disgust'],['surprise'],['disgust'],['disgust']
pidgin_text_1006_emotion_1,celtic e be like say dem wan serious this season,['surprise'],['surprise'],['surprise'],['surprise']
pidgin_text_189_emotion_1,lmao no wahala when dem score d rd goal its not just d cbs sef see even iwobi dey lose ball wey dey lead to opposition attack wheres the midfield,['disgust'],"['anger', 'fear', 'sadness', 'surprise']",['disgust'],['disgust']
pidgin_text_1716_emotion_1,in warri how much i dey owe you sef na today den dey owe pesin naija sef dey owe nah nor dey stress me,['disgust'],['anger'],['disgust'],['disgust']
pidgin_text_5406_emotion_1,fine girl if you wan get bike dey comot from house around or am i did not subscribe for this stress abeg,"['disgust', 'sadness']",['disgust'],"['disgust', 'sadness']","['disgust', 'sadness']"
pidgin_text_4536_emotion_1,in spain cases deaths recoveries naija please be safe your pastor and imam have a good house to stay without sharing anything with anybody una the ones wey dey share share,"['disgust', 'fear']",[],"['disgust', 'fear']","['disgust', 'fear']"
pidgin_text_5940_emotion_1,being huge has its disadvantagesyoud be in a place and they don start to dey call you mama please im no milf im still a kid,['sadness'],"['disgust', 'surprise']","['disgust', 'sadness']","['sadness', 'disgust']"
pidgin_text_3316_emotion_1,how your sunday dey go oya time don reach to pick your number make we sama u d song wey folo onto inside w d u fit drop am for,['joy'],['joy'],['joy'],['joy']
pidgin_text_2018_emotion_1,please boss help my career abeg i need money to buy camera na the only way i dey use survive be dat i go dey happy if u for do am for me acc no moronfolu pelumi john wema bank abeg if u no help me i fit die oh,['sadness'],"['fear', 'sadness']",['sadness'],['sadness']
pidgin_text_806_emotion_1,omo i won start to dey beg na cos im broke,['disgust'],['sadness'],['sadness'],['sadness']
pidgin_text_1558_emotion_1,see person pikin dey ask me how to change school email password me wey forget my school email address cant even remember d way it looks like,"['disgust', 'surprise']",['surprise'],['disgust'],"['disgust', 'surprise']"
pidgin_text_5732_emotion_1,i really get pissed wen short people be like abeg help me pick this thing up me see you see ground pick it,['disgust'],"['anger', 'disgust', 'surprise']",['disgust'],['disgust']
pidgin_text_5049_emotion_1,hmm my birthday is tomorrow sef no money assurance nothing nothing chioma don collect my birthday gift how far na shey una fit help me biko,['sadness'],['surprise'],"['fear', 'sadness']",['sadness']
pidgin_text_3412_emotion_1,whats ur im a christian dats my main adeniny tho i gat sub adeninys much love for tha boss charlesokocha igwe pac lol make una tag am till e see am,['joy'],['joy'],['joy'],['joy']
pidgin_text_2724_emotion_1,see common arsenal sef de pepper tottenham ‍️,"['disgust', 'sadness']","['anger', 'disgust', 'sadness', 'surprise']","['disgust', 'surprise']","['disgust', 'sadness', 'surprise']"
pidgin_text_1910_emotion_1,na fit we fit we no kill person,['disgust'],['sadness'],['disgust'],['disgust']
pidgin_text_698_emotion_1,na d work wey dem dey do na,['disgust'],[],[],[]
pidgin_text_5875_emotion_1,goan sleep sir e be like say ur sahur don dey blink red sir,['disgust'],['fear'],['disgust'],['disgust']
pidgin_text_1314_emotion_1,akporsa beg tlk trueif wnjaarku na ur brodau go stll allw amdey speak engradiobc we im brodas wen write petitionbrila,['disgust'],"['anger', 'disgust']","['disgust', 'surprise']",['disgust']
pidgin_text_3327_emotion_1,this babe posted on her snap that she wanted a new laptop and her followers started sending in money again where una dey see all these money wey una dey dash people who,['surprise'],['surprise'],['surprise'],['surprise']
pidgin_text_2881_emotion_1,omo e de shake my bones laidis oo,"['fear', 'sadness']","['fear', 'surprise']",['fear'],['fear']
pidgin_text_4401_emotion_1,na joke oo wetin i wan do with +,['disgust'],['surprise'],['disgust'],['disgust']
pidgin_text_4456_emotion_1,im in this location right now god i can feel the music in my heart and e dey sweet mee,['joy'],"['joy', 'surprise']",['joy'],['joy']
pidgin_text_3558_emotion_1,hmm hmm speechless speechless its how youve made me feel seeing this tweet but its impossible cause distance is the lord i wish say we dey close i for don dey your gate holding your hands and profess my love but i am speechless speechless its how i feel inside ‍️‍️‍️,"['joy', 'surprise']",['joy'],['joy'],['joy']
pidgin_text_6217_emotion_1,we go dey house dey lock gate like who kee person to comot na trouble na gaffy finesse babe but na all of us minna daniskas wan kill,"['fear', 'sadness']","['fear', 'surprise']","['fear', 'sadness']","['fear', 'sadness']"
pidgin_text_4059_emotion_1,na wetin i no like to dey hear be this o business is business,['disgust'],['anger'],"['disgust', 'fear']",['disgust']
pidgin_text_557_emotion_1,me i don send out deliveries already i dey bed dey enjoy ac come let me employ you to be frying puff puff,['joy'],['joy'],['joy'],['joy']
pidgin_text_600_emotion_1,see montero don win set for cash out odds,['surprise'],[],"['joy', 'surprise']",['surprise']
pidgin_text_4105_emotion_1,all this our babalawo just useless if na to do ritual now boom dem don see head awon werey,['disgust'],"['anger', 'disgust']","['anger', 'disgust']","['disgust', 'anger']"
pidgin_text_5043_emotion_1,wow so some people using hate on dis twitter doesnt even knw what it means abeg bro itunes hw i dey hate on coca cola now,"['disgust', 'surprise']","['disgust', 'surprise']","['disgust', 'surprise']","['disgust', 'surprise']"
pidgin_text_2326_emotion_1,inspire to aspire na em fbi carry baba them go dey thief still come dey pressure us ontop our small small legal hustle like say we no dey try im serving a living god e go expose all of una,"['anger', 'disgust']",['sadness'],"['disgust', 'sadness']","['disgust', 'sadness']"
pidgin_text_910_emotion_1,fine ankaras like these na people wey get good taste dey rush dem oya select and pay so i go know say you get good fashion sense too beautiful fabrics for beautiful people,['joy'],['joy'],[],['joy']
pidgin_text_1091_emotion_1,i hear say all the matter wey dem put table dem settle am na only bobrisky matter dem no fit settle,"['disgust', 'surprise']","['anger', 'disgust', 'surprise']",['disgust'],"['disgust', 'surprise']"
pidgin_text_4767_emotion_1,mixing and mastering is so damn stressfulyou fit just dey hear some kind breath underneat the recording who dey actually breeeett,"['sadness', 'surprise']",['surprise'],"['fear', 'sadness']","['sadness', 'surprise']"
pidgin_text_1126_emotion_1,so na kompany wey i can exchange for a loaf spoil my show,"['disgust', 'surprise']","['anger', 'disgust', 'sadness', 'surprise']","['disgust', 'surprise']","['disgust', 'surprise']"
pidgin_text_4005_emotion_1,na wa ooh when this goo slow wan stop nw guy na lyk since when them born mi ooh kaiii wtf,"['disgust', 'fear']","['disgust', 'surprise']","['disgust', 'sadness']",['disgust']
pidgin_text_5623_emotion_1,una nor dey tire for this app sef agenda abd reaching everywhere,['disgust'],"['anger', 'disgust']",['disgust'],['disgust']
pidgin_text_625_emotion_1,u don dey kiss ur broda abi itiz well hes kisses soft and sweet,['surprise'],"['joy', 'surprise']","['disgust', 'surprise']",['surprise']
pidgin_text_3185_emotion_1,lmao na law school abeg we don get marriage order ope first collins last,['joy'],"['joy', 'surprise']",['disgust'],['joy']
pidgin_text_1707_emotion_1,that god forbid enter my bone lool a while iyanya wey get mad hits for west africa e dey pain me olorun,"['disgust', 'sadness']","['anger', 'surprise']",['sadness'],['sadness']
pidgin_text_2468_emotion_1,klopp tolerates his bs na why e dey continue dey do the rubbish when e dey do jose mourinho would have sold him or benched him by now,['disgust'],"['anger', 'disgust']",['disgust'],['disgust']
pidgin_text_4312_emotion_1,all of you on this app are hypocrites all of una dey shout but una no go shout just negodu how dem dey rape arsenal fc behind closed doors please coman console me,"['anger', 'sadness']",['sadness'],"['anger', 'sadness']","['anger', 'sadness']"
pidgin_text_5608_emotion_1,come and date people like us una no gree shey e don happen now everybody go rest,['disgust'],['anger'],['disgust'],['disgust']
pidgin_text_3081_emotion_1,no b dat annoy me sef na say na ijawthis pple dey madt ooo,['disgust'],"['anger', 'disgust', 'sadness', 'surprise']",['disgust'],['disgust']
pidgin_text_850_emotion_1,this na the networking people dey talk about babe don network enter money be like na to dey go party o,['surprise'],"['joy', 'surprise']",['surprise'],['surprise']
pidgin_text_951_emotion_1,when i put my hand around her waist and i feel her waist bead e dey burst my braiiiiiin,['joy'],['joy'],"['joy', 'surprise']",['joy']
pidgin_text_3384_emotion_1,the party don set who dey bring the girls dem enough shayo and peppered goat meat,['joy'],['joy'],"['joy', 'surprise']",['joy']
pidgin_text_5356_emotion_1,i sha need discipline in my spendings the money when no dey just dey fly commot like witch,"['disgust', 'sadness']","['sadness', 'surprise']","['disgust', 'sadness']","['disgust', 'sadness']"
pidgin_text_789_emotion_1,make dem free u o for your love i go wound dem o agbero with the love o i go comot their leg o,['disgust'],['fear'],['joy'],[]
pidgin_text_3907_emotion_1,na middle children dey do this thing to themselves my sister dey use k for month for this same nigeria wey we dey na them dey call her to ask her sef if i complain say my own no reach week dem go say i dey waste money meanwhile our last born na steady provision and cash,['disgust'],"['sadness', 'surprise']","['disgust', 'sadness']","['disgust', 'sadness']"
pidgin_text_342_emotion_1,their love i want my own simi this im serious o marriage don dey hungry me,"['joy', 'surprise']","['joy', 'surprise']",['joy'],"['joy', 'surprise']"
pidgin_text_3459_emotion_1,lmaoooooo e don tey i like madders,['joy'],['joy'],['joy'],['joy']
pidgin_text_1911_emotion_1,all these ppl dat are not popular who is always hacking their account wetin dey ur social media account wey pesin wan hack,"['disgust', 'surprise']","['disgust', 'surprise']","['disgust', 'surprise']","['disgust', 'surprise']"
pidgin_text_5820_emotion_1,e be like say magu na picker for hushpuppi,"['disgust', 'surprise']",['surprise'],['surprise'],['surprise']
pidgin_text_2920_emotion_1,bank wey i don upgrade to nm nm enter dem flag am and this customer care dey ask me whats that money for bro,"['disgust', 'surprise']",['surprise'],"['disgust', 'sadness', 'surprise']","['disgust', 'surprise']"
pidgin_text_3099_emotion_1,this one pain me ooo innocent people are donating out of pity not knowing it is a scam thats unfair na wetin dey annoy me be that how do we stop this from happening next time na im fed up o catching them with no solution to end such from happening again,"['anger', 'disgust']","['anger', 'sadness']",['anger'],['anger']
pidgin_text_2673_emotion_1,at this age don dey hold this guy na wa o,"['disgust', 'surprise']",['surprise'],"['disgust', 'surprise']","['disgust', 'surprise']"
pidgin_text_5692_emotion_1,my tight guy just talk say me and am no fit be guys again say i no dey him level again,['sadness'],"['sadness', 'surprise']","['disgust', 'sadness', 'surprise']","['sadness', 'surprise']"
pidgin_text_6134_emotion_1,lmaooooooo im not watching again biko me wey cry dey hungry before mins into it i don dey cry,['sadness'],"['disgust', 'fear', 'sadness']","['fear', 'sadness']","['sadness', 'fear']"
pidgin_text_4303_emotion_1,i laugh at you shit wont even fly in the home of the free not to talk of this country no go kill yourself say you dey do freedom fighter oh na only mourn dem go mourn you las las,['disgust'],"['anger', 'disgust', 'sadness']","['disgust', 'sadness']","['disgust', 'sadness']"
pidgin_text_333_emotion_1,generally speaking with is here again whole lot been said about the previous editions but you see this edition e go madoooh with alist comedians,['joy'],"['joy', 'surprise']",['joy'],['joy']
pidgin_text_448_emotion_1,like thats how he does each time im derei notice those ppl dey roger am somethingnigerians treated my roomie then like she had more than her balance ni ohone of their staffs in makia bo told kenny one dayna because of you them employ me na the feeling,['disgust'],"['anger', 'sadness', 'surprise']",['disgust'],['disgust']
pidgin_text_2613_emotion_1,tiger dey sleep monkey dey wake am,['disgust'],['surprise'],"['disgust', 'fear']",['disgust']
pidgin_text_5531_emotion_1,you have no idea no push this matter mek i go dey talk wetin i no suppose sef,['disgust'],['fear'],"['disgust', 'fear']","['disgust', 'fear']"
pidgin_text_2838_emotion_1,i don vex finish just carry ya dimple and go pleaseeeee,"['anger', 'disgust']",['anger'],"['disgust', 'sadness']","['anger', 'disgust']"
pidgin_text_2233_emotion_1,this shawcross injury is horrible i just watch the video and dont know why atink im crying,['sadness'],"['anger', 'fear', 'sadness', 'surprise']",['sadness'],['sadness']
pidgin_text_1371_emotion_1,lol una get giroud wey like fa cup pass em carrier una dey bench am for nothing hudsonodoi is there as well confused managers that always want to prove useless points,['disgust'],"['anger', 'disgust']",['disgust'],['disgust']
pidgin_text_4205_emotion_1,person wey i wan shoot shot to don egbonzone me again ooo,['sadness'],['surprise'],"['sadness', 'surprise']","['sadness', 'surprise']"
pidgin_text_2000_emotion_1,lol still dey learn work make dem go hire lai mohd to teach dem how to be a credible opposition,['disgust'],['disgust'],['disgust'],['disgust']
pidgin_text_3087_emotion_1,i for insult you oh but i no wan waste my insult cos you no worth am cos wiz no insult anybody just simple question and na the truth e be like the whole sarz killing never reach your side dem never kill your fam if them don kill one person for your fam you no go see hand type,"['anger', 'disgust']","['anger', 'disgust']","['anger', 'disgust']","['anger', 'disgust']"
pidgin_text_2178_emotion_1,na you be that na god be that foolish boy i rush enter room go lie down on bed to make a peaceful and romantic call na so his stupid number show up,"['anger', 'disgust']",['anger'],['disgust'],"['anger', 'disgust']"
pidgin_text_5366_emotion_1,ordinary court wey go times after he lostna im and dey attack and arrest attackers like say advertisements na against make no host world cup,['disgust'],"['anger', 'sadness']",['disgust'],['disgust']
pidgin_text_2047_emotion_1,na why i no dey like talk much on this app before dem go say person dey sell fake gold circle,"['fear', 'sadness']",['fear'],['disgust'],['fear']
pidgin_text_2127_emotion_1,make una see the meeting wey this baba dey do shey dis one na president sha ur youths are been harassed and even killed as we tweet and everywhere is boiling up but na mali be ur fucking problem we don enter one chance tey tey for naija,"['anger', 'disgust']","['anger', 'disgust', 'surprise']","['anger', 'disgust']","['anger', 'disgust']"
pidgin_text_3859_emotion_1,lmfaoooooooo same boo i don unstan her cos katikati e ti poju,['disgust'],"['anger', 'surprise']","['disgust', 'surprise']","['disgust', 'surprise']"
pidgin_text_2672_emotion_1,oga wetin be tyou think say everything na mathematics ehh ode,['disgust'],['disgust'],['disgust'],['disgust']
pidgin_text_5526_emotion_1,im tired already billionwetin dem dey renovate shey rat dey chop the furniture niwhich kind thing be this,['disgust'],"['anger', 'surprise']","['anger', 'disgust', 'surprise']","['disgust', 'anger', 'surprise']"
pidgin_text_3218_emotion_1,alaye you don dey chop life o,['surprise'],['surprise'],['surprise'],['surprise']
pidgin_text_2526_emotion_1,cream and cabbage on street of lagos dem dey call m shawarma,"['disgust', 'surprise']",['surprise'],"['disgust', 'surprise']","['disgust', 'surprise']"
pidgin_text_5092_emotion_1,i dey give this guy michael jackson view this video just proved otherwise nigga be sounding like chibuzo wey dey sell provision see igbotic intonation,['disgust'],"['anger', 'disgust', 'sadness']",['disgust'],['disgust']
pidgin_text_3217_emotion_1,why dont you wanna stream my song if na because of my character no vex oya stream am because say i fine small today na link on my bio,"['fear', 'sadness']",['joy'],"['fear', 'sadness']","['fear', 'sadness']"
pidgin_text_6141_emotion_1,davido no dey use infinix and they signed him to be ambassador me we dey use infinix since tey tey dey no sign me you people should continue be fighting for nonsense person wey rich pass among influencers with your infinix,"['disgust', 'sadness']","['disgust', 'surprise']",['disgust'],['disgust']
pidgin_text_2748_emotion_1,choi una dey do am wella all is well much fingering cc wetin dey cause am dont,['disgust'],"['anger', 'disgust', 'surprise']",['surprise'],"['disgust', 'surprise']"
pidgin_text_2240_emotion_1,for this person now man utd playing beautiful football no concern am na just to win and thats what jose does as a chelsea fan sef im worried,"['fear', 'sadness']","['anger', 'disgust', 'sadness']","['disgust', 'fear']","['fear', 'sadness', 'disgust']"
pidgin_text_1833_emotion_1,the kind agbada wey i dey see dey vex me,"['anger', 'disgust']",['anger'],['disgust'],"['anger', 'disgust']"
pidgin_text_3560_emotion_1,all of una dey find premium gist,['disgust'],[],['disgust'],['disgust']
pidgin_text_2648_emotion_1,guy na h ooo u wan reimburse me local man tire barca was even the first game on the slip lol,"['disgust', 'sadness']",['surprise'],['sadness'],['sadness']
pidgin_text_2511_emotion_1,e be like na eric brother dey handle this bbnaija handle because i dont understand the jump on this ship since morning,"['disgust', 'surprise']","['anger', 'disgust', 'fear', 'surprise']","['disgust', 'surprise']","['disgust', 'surprise']"
pidgin_text_3582_emotion_1,this is so funny to me because atleast una own dey form ball my home made puff puff dey always turn to fried egg because its always flat i cant even vex please teach me how to make proper puff puff,"['sadness', 'surprise']","['sadness', 'surprise']","['sadness', 'surprise']","['sadness', 'surprise']"
pidgin_text_3673_emotion_1,omoh i don see my senior oooona only mouth i get oooo don change am for mi grand,['surprise'],['surprise'],"['sadness', 'surprise']",['surprise']
pidgin_text_198_emotion_1,lmfao don dey leak wale turner song too waawuu im just hearing this now wale turner did afrench cover of ycees juice but is still yet to be released not anymore bloggers don leak am,['sadness'],"['joy', 'surprise']",['surprise'],['surprise']
pidgin_text_4263_emotion_1,wow i just posted that pic saying no girl on your list can send you k now before i know it alert don enter vtu don land and one is angry with me cause i refuse to give her my acct details had to delete it im so emotional right now i feel loved i appreciate yall,"['joy', 'surprise']","['joy', 'surprise']","['joy', 'surprise']","['joy', 'surprise']"
pidgin_text_1295_emotion_1,my cousin brother give girl belle say na loml last last na girl when i carry for shop rite last week as olosho oi even get her tweaking video for my phone,['disgust'],"['disgust', 'surprise']","['disgust', 'surprise']","['disgust', 'surprise']"
pidgin_text_1730_emotion_1,heartbreak wey make person drink to stuporsmoke igbo like say na doctor sens am dey vomit dey cry,['disgust'],"['anger', 'disgust', 'fear', 'sadness', 'surprise']","['disgust', 'surprise']","['disgust', 'surprise']"
pidgin_text_2575_emotion_1,weting dey work you now abi dem dey do you from village wtf,"['disgust', 'surprise']","['anger', 'disgust']",['disgust'],['disgust']
pidgin_text_2884_emotion_1,the filter dey even vex me,['anger'],['anger'],['disgust'],['anger']
pidgin_text_123_emotion_1,one day i will share them i love you edikan and i miss being your bestie as you don replace me with make una no worry im waiting patiently for you both i miss you bombom,['sadness'],"['anger', 'sadness', 'surprise']","['joy', 'sadness']",['sadness']
pidgin_text_4093_emotion_1,babes go ask to go hike after una don hike finish dem go dy complain like say na you force them,['disgust'],"['anger', 'surprise']",['disgust'],['disgust']
pidgin_text_6120_emotion_1,if the thing pain una make una begin dey win match and stop embarrassing me as a fani have no bragging rights among my friends anymore as an arsenal fanit hurts us as well,"['anger', 'sadness']","['anger', 'sadness']","['disgust', 'sadness']","['anger', 'sadness']"
pidgin_text_4902_emotion_1,nengi dey try if na me man dey follow like say i tie his destiny for my bra strap i for don rake for am since you dont follow woman around like this and expect her to rate you women dont want a puppy,['disgust'],"['anger', 'disgust']",['disgust'],['disgust']
pidgin_text_6131_emotion_1,i wanted to slap one guy one dayi was speechless after about mins i got my voice back and all i could say was as you see me way i stand like this you feel say na the kain house wey u suppose carry me come be dsand if i even pay you you will collect the money,"['anger', 'disgust']","['anger', 'surprise']","['anger', 'disgust']","['anger', 'disgust']"
pidgin_text_3176_emotion_1,dr dr we are waiting for you o this children talk is so apt please bless us with one na,['surprise'],['joy'],"['joy', 'surprise']","['surprise', 'joy']"
pidgin_text_586_emotion_1,betalicious morning salutations to you my korrectest pesin time don reach for the ogbonge show on top wen dey baptize you with high moral wen you need for your day w,['joy'],['joy'],[],['joy']
pidgin_text_485_emotion_1,seyi do well for the presentation sotey them dey talk say e over do ham dey no fit handle the brilliance again after you na you seyi i stan pka dr seyi awolowo bbn mbbo phd+ gon clo pepper dem bsc ‍ rt,['joy'],"['anger', 'joy', 'surprise']",['joy'],['joy']
pidgin_text_4547_emotion_1,na that one dey pain my soul pass come be like say baba dey pay in advance make i just kuku rest ‍️,"['fear', 'sadness']","['anger', 'disgust', 'sadness']","['sadness', 'surprise']",['sadness']
pidgin_text_3495_emotion_1,e dey sweet my belle,['joy'],['joy'],['joy'],['joy']
pidgin_text_5081_emotion_1,since my dads younger brother came it has been wks now i don do pap pass my whole yrs on this earth ‍️ na only pap him dey like take,"['disgust', 'sadness']",['surprise'],"['disgust', 'sadness']","['disgust', 'sadness']"
pidgin_text_2695_emotion_1,even me sef i dey insult man utd fans i no fit talk again cause if we jam una dem go spell arsenal,['disgust'],['disgust'],"['fear', 'sadness']",['disgust']
pidgin_text_4798_emotion_1,today wey i no drive this danfo dey show me shege naso i dey come down like times make ppl fit pass,"['disgust', 'sadness']","['anger', 'sadness']","['disgust', 'sadness']","['disgust', 'sadness']"
pidgin_text_5464_emotion_1,too dey hear gossip how sure una dey say the snitch dey talk true,['disgust'],['surprise'],"['disgust', 'surprise']","['disgust', 'surprise']"
pidgin_text_2319_emotion_1,i honestly think should do more freestyle videos his vocals during the live gave me goosebumps huncho dey give us small freestyles na dey bless us with that voice abeg,['joy'],"['joy', 'surprise']",['joy'],['joy']
pidgin_text_1687_emotion_1,mid too na wetin dey pain me pass guy mid,"['disgust', 'sadness']","['anger', 'sadness']","['disgust', 'sadness']","['disgust', 'sadness']"
pidgin_text_3265_emotion_1,make dem do well oh im a waiting for it and bleach but you see that bleach own best news i heard in a while i don dey prep my slanders,['joy'],['joy'],['surprise'],['joy']
pidgin_text_541_emotion_1,most amazing and wonderful people really abundant with gorgeous and thick skinned women industrious hardworking men too peaceful look tueh charlie dey don know waris dis ubuntu no dey lie dey don know warm regards mt bc and cc,[],['joy'],['disgust'],[]
pidgin_text_3441_emotion_1,guy abeg peruzzi is a vibe abeg,['joy'],['joy'],['joy'],['joy']
pidgin_text_1486_emotion_1,lol e sure me say na mins hold up be that abeg make dem come lagos come see hrs traffic,['disgust'],"['anger', 'disgust', 'fear', 'sadness', 'surprise']",['disgust'],['disgust']
pidgin_text_5908_emotion_1,gen don spoil mosquitoes wey dey room don dey happy say tonight na for feast,"['fear', 'sadness']","['anger', 'disgust']","['fear', 'sadness']","['fear', 'sadness']"
pidgin_text_3806_emotion_1,louder my brother it is becoming a norm in this street weda na advance almajiri be dis i no knw,['disgust'],"['anger', 'disgust', 'sadness', 'surprise']",['disgust'],['disgust']
pidgin_text_3756_emotion_1,you drip finish dey talk about respect over money let the money comot fess,['disgust'],['anger'],['disgust'],['disgust']
pidgin_text_3187_emotion_1,thank you jare e dun tey wey i comot for school,['joy'],['joy'],['joy'],['joy']
pidgin_text_3713_emotion_1,in essence youre a selective person and disinclined to talk when you dont feel like but still as usual na dem dey rush hajiya,[],[],['joy'],[]
pidgin_text_1686_emotion_1,the choir was singing ‍️ na why no get required points for ielts,['surprise'],[],['disgust'],[]
pidgin_text_754_emotion_1,them don dey sell black market o and baby girl like me cant queue epp us na big daddy,"['disgust', 'sadness']","['joy', 'surprise']",['sadness'],['sadness']
pidgin_text_3727_emotion_1,please stop late night meals your belle don dey big oo,"['disgust', 'sadness']",['disgust'],"['disgust', 'sadness']","['disgust', 'sadness']"
pidgin_text_5261_emotion_1,just wasted money buying this recharge card e don loss,['sadness'],['sadness'],['sadness'],['sadness']
pidgin_text_1925_emotion_1,hey guyi was on my own jejely o wen i got a dm ur number msg on my tl as per obedient pikin wey i bei kuku send the dm sharp sharp next tin i see na sms alart say don butter my bread and sugar my teaabeg my peoplemake una help me taink am oo,"['joy', 'surprise']","['joy', 'surprise']",['joy'],"['joy', 'surprise']"
pidgin_text_697_emotion_1,abeg naa blow me na you god wan use please naa,['sadness'],['joy'],"['fear', 'sadness']",['sadness']
pidgin_text_1418_emotion_1,naso my crush tell me sey she love me today i con dey confess feelings too like mumu oo i don forget say today na april fools naso she tell me thanks con send one pawpaw laughing sticker,"['disgust', 'sadness']","['anger', 'surprise']","['disgust', 'sadness']","['disgust', 'sadness']"
pidgin_text_4676_emotion_1,person wey look this country finish call am zoo no make mistake so una no see better roads and good life to copy from france na animal rearing how did we end up cursed with apc,"['anger', 'disgust']","['disgust', 'surprise']","['anger', 'disgust']","['anger', 'disgust']"
pidgin_text_1325_emotion_1,wetin be that cry im dying here please nawa o na by force,"['disgust', 'surprise']","['fear', 'sadness']","['disgust', 'surprise']","['disgust', 'surprise']"
pidgin_text_6140_emotion_1,u don dey feel like saviour abeg shift,['disgust'],"['disgust', 'surprise']",['disgust'],['disgust']
pidgin_text_5269_emotion_1,only one devil abi na lucifer thats making so much retweets like dis mehn that guy sef stubborn,['disgust'],"['disgust', 'surprise']","['disgust', 'surprise']","['disgust', 'surprise']"
pidgin_text_4726_emotion_1,see this foolish human begin ooo good what your broders dey die u dey here dey praise your stupid president i sorry for u make i catch u first,"['anger', 'disgust']","['anger', 'disgust']","['anger', 'disgust']","['anger', 'disgust']"
pidgin_text_4328_emotion_1,omo ive been on steady data subscription since the beginning of covid i need to applaud myself and add wire wire to my nameko easy rara thank you oo week subscription na days e dey last,"['joy', 'surprise']",['joy'],['joy'],['joy']
pidgin_text_5572_emotion_1,person wey him carry don go still dey enter worldwide chart wey ur fave no see enter jokes on u,['disgust'],['surprise'],['disgust'],['disgust']
pidgin_text_4882_emotion_1,sha this small money wey i dey talk took me almost months oo i still dey try recover from the expense sef,['sadness'],['anger'],"['disgust', 'sadness']",['sadness']
pidgin_text_1170_emotion_1,dem dey call animals wey get horn snail reekado banks sef dey come outside lmao burna boy na your set,['disgust'],"['disgust', 'surprise']","['disgust', 'surprise']","['disgust', 'surprise']"
pidgin_text_3553_emotion_1,na you act feel part and lolz erigga don smoke i can feel it,['surprise'],"['joy', 'surprise']",['joy'],"['surprise', 'joy']"
pidgin_text_2475_emotion_1,na to appease the gods to break the curse but even the gods sef dem don tire for nigeria matter so tay our early morning kainkain to the ground nor dey make sense to dem again,['sadness'],"['disgust', 'fear', 'sadness']","['disgust', 'sadness']","['sadness', 'disgust']"
pidgin_text_4552_emotion_1,make una dey look back before tweeting ooo because of ordinary covikk i said oga police come carry me for house oooimamofpeace e no go better for you,"['anger', 'fear', 'sadness']","['fear', 'sadness', 'surprise']","['fear', 'sadness']","['fear', 'sadness']"
pidgin_text_3634_emotion_1,na tailor when dey try na costumers dey loyal for na innoclothings dey run am benin city edo state nigeria west africa,['joy'],[],[],[]
pidgin_text_3856_emotion_1,una to dey fear,['disgust'],['anger'],['disgust'],['disgust']
pidgin_text_4681_emotion_1,any small thing na loss play win opponent retire na refund play win your player retires na loss,['sadness'],['fear'],['surprise'],[]
pidgin_text_2305_emotion_1,say i help out now don cause all this wahala na me fuck up o‍️‍️,['disgust'],"['anger', 'sadness', 'surprise']",['disgust'],['disgust']
pidgin_text_633_emotion_1,na true i dey talk o see facts everyone dey see na katsinawa dey pray with sigari because of the love they have for sigari,[],[],[],[]
pidgin_text_2870_emotion_1,walahi bipe kin shepe fun e ni gf has a choice but u wan dey lash sumbody child randomly make i block you,"['disgust', 'fear']","['anger', 'disgust']",['disgust'],['disgust']
pidgin_text_611_emotion_1,i swear na me lucky passsssss for dis life baba god i am grateful for dis man u gave me ️,['joy'],['joy'],['joy'],['joy']
pidgin_text_2845_emotion_1,see ooo ️if na nigeria men na to dey shout like barking dog,['disgust'],"['anger', 'disgust', 'sadness', 'surprise']",['disgust'],['disgust']
pidgin_text_4927_emotion_1,stop it abeg na here some of us de see food chop,"['fear', 'sadness']",['anger'],['fear'],['fear']
pidgin_text_2369_emotion_1,fear who never collect fear who never collect na like years dem don dey fear me now thunder fire una with stupid quotes,"['disgust', 'sadness']",['anger'],['disgust'],['disgust']
pidgin_text_1903_emotion_1,omo na so i take deaf sha na waooouuuuiiinnnnnnnnn i just dey hear and i don leave club who send me message,"['disgust', 'sadness']","['fear', 'surprise']","['disgust', 'fear']","['disgust', 'fear']"
pidgin_text_5131_emotion_1,im inside keke see wetin person de drive for my front and this stupid keke just came to block my beautiful view,['disgust'],"['anger', 'surprise']","['disgust', 'sadness']",['disgust']
pidgin_text_4806_emotion_1,i wanna thank my god for blessings and letting me grow na na i wanna thank my fans for support and letting me blow na na lord i give everything to you my life and soul na na i wanna thank my mum for bringing me into life na na i dedicate everything to you my fans all over,['joy'],['surprise'],['joy'],['joy']
pidgin_text_3892_emotion_1,na wetin baba dey talk o we no get that kind money here please,"['fear', 'surprise']",['anger'],"['disgust', 'fear']",['fear']
pidgin_text_4970_emotion_1,whats the way forward na to deh borrow and get if person carry laptop ‍ enter street una go find ahm arrest god punish anyone weh go bring decency talk near me for this period weh hunger and pain no deh look any body face,"['anger', 'disgust', 'fear']","['anger', 'disgust', 'fear', 'sadness', 'surprise']","['anger', 'disgust']","['anger', 'disgust', 'fear']"
pidgin_text_2368_emotion_1,days wey i dey find engagement i no see e reach win free pasta una dey retweet you guys would starve,"['anger', 'surprise']",['anger'],['disgust'],['anger']
pidgin_text_1230_emotion_1,oya oooo make una hold im trouser oooo before we go hear stories that touch,['disgust'],['anger'],"['disgust', 'fear']",['disgust']
pidgin_text_218_emotion_1,after them don kw me finish na dem go come like me pass anything o morning afternoon and night hello ibk how r uam bored i lets go out ask she go tell u how sweet of a person i am abi u no like me,['joy'],"['anger', 'sadness', 'surprise']",[],[]
pidgin_text_3034_emotion_1,dis ait sef eh dey can misbhv,['disgust'],['disgust'],['disgust'],['disgust']
pidgin_text_895_emotion_1,my gunman must be licking his lips cos united is coming to town next week my winger sef go dey plot,['fear'],[],[],[]
pidgin_text_2527_emotion_1,school uniform in the game house hours after closing time it was on a friday my guy na we them use end assembly the next monday nice strokes of cane for yansh they called my parents it wasnt up to three weeks them don dey label me and my guys bad students,"['disgust', 'sadness']","['anger', 'sadness', 'surprise']",['sadness'],['sadness']
pidgin_text_6177_emotion_1,another man don gift my babe iphone oo i was actually on my way buy some presents her b i saw d video what was in my hand suya and caprisonne saaapppaaaa deep down i dey pray make diz kind tin just happen make i know say no be curse im single stupor,"['disgust', 'sadness']","['sadness', 'surprise']","['disgust', 'sadness']","['disgust', 'sadness']"
pidgin_text_340_emotion_1,to god be the glory i don dey add weight oh now na to get six pack remain,['joy'],['joy'],['joy'],['joy']
pidgin_text_3921_emotion_1,sega am with on this one thifinubu has been rubbing the people of lagos since may ok baba dey control national union for lagos all of them na all the thugs on election day dey give bike to go around i hv seen it ooo with my eyes o,['disgust'],"['anger', 'disgust']",['disgust'],['disgust']
pidgin_text_5632_emotion_1,but wait oooo na only mercy and tacha dey always trending ever since bbnaija don finish im aware mercy won the show but shey na tacha carry second ni where all those people dey,['surprise'],['surprise'],['surprise'],['surprise']
pidgin_text_3955_emotion_1,she na like this we go dey dey so many heart shattering news hitting us on daily basis in niger state my heart is broken rn ya allah come through for us,"['fear', 'sadness']","['anger', 'disgust', 'fear', 'sadness']","['fear', 'sadness']","['fear', 'sadness']"
pidgin_text_4045_emotion_1,my dear jos people make una remain silent oooo na only zoo una sabi talk about dem momcy and popcy money wey una giant cat press una lock up i dey watch from afar retnan daser you ma keep quiet oooo izzokay,['disgust'],"['anger', 'disgust']","['anger', 'disgust']","['disgust', 'anger']"
pidgin_text_3424_emotion_1,wetin you chop wetin you drink wetin you puff my house na dey play since morning ive had favorite songs since morning now its jam ft chronnix every track,['joy'],['joy'],['joy'],['joy']
pidgin_text_5301_emotion_1,baba i dan almost reach oh i dey enter different bus wey jus dey break down anyhow like say na me b bad energy,"['disgust', 'fear']","['disgust', 'surprise']","['disgust', 'fear']","['disgust', 'fear']"
pidgin_text_5679_emotion_1,onye ela dey there na poverty go cripple u dia hehehe,['disgust'],['anger'],['disgust'],['disgust']
pidgin_text_971_emotion_1,why una dey take this thing seriously i was only joking na,"['fear', 'sadness']",['surprise'],"['fear', 'sadness']","['fear', 'sadness']"
pidgin_text_800_emotion_1,please na high e wan high e no kill person,['surprise'],[],['disgust'],[]
pidgin_text_1373_emotion_1,lmaooooo na this one una wan take compete for league so,"['disgust', 'surprise']","['anger', 'disgust', 'fear', 'sadness', 'surprise']","['disgust', 'surprise']","['disgust', 'surprise']"
pidgin_text_3694_emotion_1,i did not just lick my screen i chewed it but wait o na my fellow man with head n mouth dey eat this,['surprise'],['surprise'],['surprise'],['surprise']
pidgin_text_4809_emotion_1,they don come again we go suffer for line finish na made men we go see for house wtf is pick a group leader translate watz in dat card you picked thank youyou will hear from us yet no b say dem collect our details for d room,"['anger', 'disgust']",['anger'],"['disgust', 'surprise']","['anger', 'disgust']"
pidgin_text_4144_emotion_1,peter wetin concern you for fire wey you no wan make govt resti hope you didnt take photograph ohrember unibens pictures oh,"['disgust', 'fear', 'surprise']",['anger'],"['anger', 'disgust']","['disgust', 'anger']"
pidgin_text_5579_emotion_1,i take god beg my lagos pple once una don empty dat warehouserelieve materials for covid light up d warehouse i hate nonsense man is not kind to mankind wier is the love,['anger'],"['disgust', 'fear', 'sadness']","['anger', 'disgust']","['anger', 'disgust']"
pidgin_text_4808_emotion_1,charlie wen you the go through the thread shey you read to fit quarrel or like to fit argue bcus ayam not understanding moreover na she talk if she want put dem go ask for ur opinion,"['disgust', 'surprise']","['disgust', 'sadness']","['disgust', 'surprise']","['disgust', 'surprise']"
pidgin_text_1125_emotion_1,the weyrey say na group baba e group,['surprise'],"['anger', 'disgust', 'sadness', 'surprise']",['disgust'],"['surprise', 'disgust']"
pidgin_text_3514_emotion_1,abeg make una join this ajor platform i don join two cell already,['joy'],[],[],[]
pidgin_text_3095_emotion_1,i be that kind guy wey go get car buh na person go dey drive me around that shit car fear me die,"['fear', 'sadness']","['fear', 'sadness', 'surprise']",['fear'],"['fear', 'sadness']"
pidgin_text_929_emotion_1,grandma you will celebrate but after d remaining na god hand e dey kudos u ma,['fear'],['joy'],['joy'],['joy']
pidgin_text_3967_emotion_1,my dear oh dats what dey are always dragging in dis street nd dey think my girl dont knw hw she looks abi,"['disgust', 'surprise']","['disgust', 'surprise']","['disgust', 'surprise']","['disgust', 'surprise']"
pidgin_text_6123_emotion_1,se una no go return my money before i dash una something else spiritually abi both capital and interest i didnt see anything e go contribute small for my school fee oo is like you people wanna craze and you will see it,['anger'],['anger'],"['anger', 'disgust']",['anger']
pidgin_text_4824_emotion_1,only one any other one is a counterfeitif e no be mike e no fit be like mikea fave like no other,['joy'],['joy'],['joy'],['joy']
pidgin_text_1719_emotion_1,wetyn dey work barcelona sef how é dey do una match radarada wo leleyi messi ‍️‍️‍️suarez ‍️‍️ last two matches have been an eyesore whats going on my babies,"['disgust', 'sadness']","['disgust', 'sadness']",['sadness'],"['disgust', 'sadness']"
pidgin_text_6196_emotion_1,abeg wetin concern phone and chest pain sha dont show my mother this video abeg if you can relate tag two friends to see this and,"['disgust', 'fear']","['fear', 'surprise']","['disgust', 'fear']","['disgust', 'fear']"
pidgin_text_1161_emotion_1,recruit your pikin na your family self fit join imbe,['disgust'],"['disgust', 'fear']",['disgust'],['disgust']
pidgin_text_2413_emotion_1,na all those kind guys for exam hall wey go ask you whether you dey sure when dem dey dub,['disgust'],"['disgust', 'surprise']",['disgust'],['disgust']
pidgin_text_5539_emotion_1,may the good lord touch the heart of your debtors this week amen i have over out there and i dey see all of my debtors dey flex well i kuku no get mama or papa so i leave them to god to judge na me wey mumu dey loan like central bank it will not happen again,"['disgust', 'sadness']","['sadness', 'surprise']","['disgust', 'sadness']","['disgust', 'sadness']"
pidgin_text_1134_emotion_1,good evening everyborry lasisi is hia again soum just happin rhy na soum pipo on twitter would just be posting delicious food and me im here am very very hungry im hungry ooo,['sadness'],['sadness'],"['disgust', 'sadness']",['sadness']
pidgin_text_4254_emotion_1,wetin these ones dey talk like this where me con stand,"['fear', 'sadness']",['disgust'],"['disgust', 'surprise']",['disgust']
pidgin_text_5262_emotion_1,brooo if you go lagos market e go be like say make you faint them don dey sell nose guard so you no go dey smell the trash cleaner lagos na scam,['disgust'],"['anger', 'disgust', 'sadness']",['disgust'],['disgust']
pidgin_text_4707_emotion_1,buhari son kee hes probably well secured even agbero chairman piking dem na yankee dem dey,"['disgust', 'sadness']","['anger', 'disgust']",['disgust'],['disgust']
pidgin_text_65_emotion_1,lool oh chinwe na that hin chest moves dey burst head that year,['joy'],['joy'],['joy'],['joy']
pidgin_text_4290_emotion_1,i sha know that babe and clique get bad omen for that socialiga day na why we no get along i thank god for my life to think that i wanted to offer one a lift in my uber maybe na me for dey do thread,['disgust'],['joy'],"['disgust', 'fear']",['disgust']
pidgin_text_1353_emotion_1,i no blame you na rochas i blame still better than wike wey dey carry machete dey give press conference abeg no commot on saturday oo make em no kee u cos u never settle me and i go cry small,"['disgust', 'fear']","['anger', 'disgust', 'fear', 'sadness', 'surprise']","['disgust', 'fear']","['disgust', 'fear']"
pidgin_text_3150_emotion_1,if you de with me e go sure for me let every other name fade away ft,['joy'],['joy'],['joy'],['joy']
pidgin_text_2766_emotion_1,i dey tell you brother my tiredness first me finish today e don enter tomorrow already,['sadness'],"['anger', 'disgust', 'sadness']",['sadness'],['sadness']
pidgin_text_4869_emotion_1,asweaarrigaadd na d tin wey make me leave dis street came back was blocked again came back suspended den resumed back months ago baba i dey fear,['fear'],"['anger', 'fear']","['fear', 'sadness']",['fear']
pidgin_text_4861_emotion_1,cnn na scam oo,['disgust'],['anger'],['disgust'],['disgust']
pidgin_text_1831_emotion_1,just u call may rd just my colleague don go now na na hrs get me now i get back home looking like a zombie,['sadness'],"['anger', 'disgust']","['disgust', 'sadness']","['sadness', 'disgust']"
pidgin_text_182_emotion_1,here i am baby practice what you preach fi di gyals dem karaoke was super litty last week friday hope yall come through this week im your host so come watch my fire moves too this friday at by pm,['joy'],['joy'],['joy'],['joy']
pidgin_text_4085_emotion_1,una no tell me say na like this this ulcer thing dey be oh i just ate big plate of eba now now and e still be like say nothing don enter my belle heyyyy god wetin be this,"['fear', 'sadness', 'surprise']","['joy', 'surprise']","['fear', 'surprise']","['fear', 'surprise']"
pidgin_text_5_emotion_1,lekki toll gate don turn him own city like this oh people don set camp for there to commot after the protest go come hard,"['disgust', 'surprise']",['surprise'],['fear'],['surprise']
pidgin_text_5077_emotion_1,im thinking we should find this man and save him from shae because if na you come at me like this bruh you know im coming to fuck your face up,['disgust'],[],"['disgust', 'fear']",['disgust']
pidgin_text_3774_emotion_1,all these brand builders trying to manage and monitor nengi lifebetter patronize her shoe line cos una noise making don too much from one complaint to another una no dey tire free the girl tufiakwa,['disgust'],['disgust'],['sadness'],['disgust']
pidgin_text_6067_emotion_1,hei lawd na so man wan take miss e blessing could even be that baba lack data or has a dead phone battery,['fear'],"['fear', 'surprise']","['fear', 'sadness']",['fear']
pidgin_text_5479_emotion_1,be like u don ment finish wetin u dey carry enter my tl naa,"['anger', 'disgust']","['anger', 'surprise']",['disgust'],"['anger', 'disgust']"
pidgin_text_3503_emotion_1,be like say na dem dey rush us o,['surprise'],"['joy', 'surprise']",['surprise'],['surprise']
pidgin_text_1388_emotion_1,he talk well about my favorite i just dey talk down wen he go come out so dat he go knw say ur favorite na witch,['disgust'],"['anger', 'disgust', 'surprise']",['disgust'],['disgust']
pidgin_text_346_emotion_1,ha ha aswear the family don blow finish,['surprise'],['surprise'],['surprise'],['surprise']
pidgin_text_2822_emotion_1,haunty you dey vex ahn ahn,"['disgust', 'surprise']","['disgust', 'surprise']","['disgust', 'surprise']","['disgust', 'surprise']"
pidgin_text_2414_emotion_1,my youngest sister don pack all the airtime n she dey her room dey laugh like agbero ‍️,['disgust'],"['anger', 'disgust', 'sadness', 'surprise']",['disgust'],['disgust']
pidgin_text_1118_emotion_1,on that one lets revert to steve oronsayes report rubbish duplicitous agencies collapse it to a desk officer in moi ministry of information and orientation jor even those ones sef wetin dem dey do,['disgust'],"['anger', 'disgust']",['disgust'],['disgust']
pidgin_text_783_emotion_1,who is doing who i don mumu myself before sha i go still send her money before i came back mama don get belle tragic,"['disgust', 'sadness']","['anger', 'sadness']","['sadness', 'surprise']",['sadness']
pidgin_text_2627_emotion_1,kai read again n get what im trying to say u dont have anything to donate yet u are shouting se wan fi se yiin nii them come una door come ask for money una go just dey use panadol on top person headache abeg gedifok,"['anger', 'disgust']","['anger', 'disgust', 'sadness', 'surprise']",['disgust'],"['anger', 'disgust']"
pidgin_text_5052_emotion_1,lol he did it to some of us dat did same na why should we be an exception na haba,['sadness'],"['anger', 'surprise']","['disgust', 'sadness']",['sadness']
pidgin_text_1278_emotion_1,by now i for don dey chevron drive dey enjoy this,"['disgust', 'sadness']",['sadness'],['sadness'],['sadness']
pidgin_text_3143_emotion_1,lmafoooooooooooooooooooooo na why i dey always use good morningevening maam yes maam for my married exes whenever we dey chat,"['fear', 'sadness']",['fear'],['fear'],['fear']
pidgin_text_2462_emotion_1,killing dem pa ur voice sweet so tey e give me diabetes,['joy'],['joy'],['joy'],['joy']
pidgin_text_5245_emotion_1,wetin be suv na poku lowo bi dis ohbend down selecte popular for nigeria baje baje,['disgust'],"['anger', 'disgust', 'sadness', 'surprise']",['disgust'],['disgust']
pidgin_text_1262_emotion_1,lol people wey go drag person buh when you drag them back dem dey shout mental health mental health,['disgust'],"['anger', 'disgust', 'surprise']",['disgust'],['disgust']
pidgin_text_4081_emotion_1,i go soon change this number again e dey only ring when person wan take dem no dey give na just take take take take mo need heavy pampering,['disgust'],['anger'],"['disgust', 'fear']",['disgust']
pidgin_text_5477_emotion_1,all this ones na grammar hunger dey the street work no dey corruption everywhere na revolution be the key,"['anger', 'disgust']","['anger', 'disgust']","['anger', 'disgust']","['anger', 'disgust']"
pidgin_text_3470_emotion_1,omo sent me vn ni sha thank god im alone in store see me blushing and smiling momma so fine she still con get sweet voice weh fit make man god bless you maam,['joy'],['joy'],['joy'],['joy']
pidgin_text_1379_emotion_1,since nigeria beat iceland na so so rain dey fall na so we melt the ice ‍️,['surprise'],"['fear', 'surprise']",['surprise'],['surprise']
pidgin_text_26_emotion_1,i don dey love you for a long time my boy e be like say you no know say i care i wish you knew what im feeling for you darling youre so extraordinary and thats no ordinary thing and they kill killed and keilt it,['joy'],['joy'],"['joy', 'sadness']",['joy']
pidgin_text_4857_emotion_1,i actually begged you all for rts and im still on im very gentle o its only my market in selling by the way im running a discount till sunday midnight dont miss out please rt,['sadness'],[],['sadness'],['sadness']
pidgin_text_2457_emotion_1,e dey sweet soul abeg,['joy'],['joy'],['joy'],['joy']
pidgin_text_4234_emotion_1,this modric goal was one real madrid goal i didnt celebrate dem just ruin handicap wey everything don set,['sadness'],"['anger', 'sadness']",['disgust'],['sadness']
pidgin_text_2494_emotion_1,u dey vex thunder fall on u,['anger'],"['anger', 'disgust']",['disgust'],"['anger', 'disgust']"
pidgin_text_1639_emotion_1,worse day ever at work today the lift was faulty and na th floor i de,['sadness'],['sadness'],"['disgust', 'sadness', 'surprise']",['sadness']
pidgin_text_2702_emotion_1,na so i go glo office upon then on hotspot for me naso i say make i download army of the dead only na so i see hours left i think na all those play wey download they like play like u get baa omor after hours i go come i still dey mb i just give up,['disgust'],"['anger', 'sadness', 'surprise']",['disgust'],['disgust']
pidgin_text_1086_emotion_1,omo na both of them we go focus how you go dey straff a supposed year old through yansh and then how the boy go straff year old dem say na coercion but the story says she accepted to do stuff age aside,"['disgust', 'surprise']","['anger', 'disgust', 'surprise']",['disgust'],"['disgust', 'surprise']"
pidgin_text_3591_emotion_1,na true o na green and e get net,[],['surprise'],[],[]
pidgin_text_5624_emotion_1,for the very first time wey i suppose receive sweet goodnight message e no enter ‍️,"['disgust', 'sadness']","['anger', 'sadness']",['sadness'],['sadness']
pidgin_text_4938_emotion_1,dis man don sleep and me i still open eyes down like person wey wan pour jazz for ground wch kind life be dis one god,"['disgust', 'sadness']","['disgust', 'sadness']","['fear', 'sadness']","['disgust', 'sadness']"
pidgin_text_2084_emotion_1,pastor dey shout your children will suck your womb i say your children will suck your womb congregation dey halla amen amen the thing sound like joke right now but if you follow me dey dat street this morning your heart for cut,"['disgust', 'fear']","['anger', 'disgust', 'fear', 'sadness', 'surprise']","['fear', 'surprise']","['disgust', 'fear', 'surprise']"
pidgin_text_2904_emotion_1,see person wey una want make e play,"['disgust', 'surprise']",['disgust'],"['disgust', 'fear']",['disgust']
pidgin_text_5063_emotion_1,you called yourself a food vendor but na curry and aginomoto u take season d food like indian pipo my sister just go back to catering school nothing dey inside ur head,"['disgust', 'surprise']","['anger', 'disgust']",['disgust'],['disgust']
pidgin_text_1303_emotion_1,na whyning una two wan whyn,['disgust'],['fear'],['disgust'],['disgust']
pidgin_text_3902_emotion_1,we don grow na village people dey hold us,['sadness'],['sadness'],"['fear', 'sadness']",['sadness']
pidgin_text_2963_emotion_1,omo the way una dey come explain una sef freely talk bout sexual encounter you had a with particular person name mentioned una dey fear me oh no matter what i need explain ion fit mention names,"['disgust', 'fear']","['anger', 'disgust', 'fear', 'surprise']","['disgust', 'fear']","['disgust', 'fear']"
pidgin_text_4374_emotion_1,up on the wahala wey nigeria get now na concerned nigeria government one word for buhari and his cabinet like lai muhammad,['anger'],[],"['anger', 'disgust']",['anger']
pidgin_text_3273_emotion_1,their father na netherlands i dey like this so make dem come block me na,['disgust'],['joy'],['disgust'],['disgust']
pidgin_text_709_emotion_1,dont do me like dis nah make i see d video st e get d way take narrate d video wey i won see,['sadness'],['anger'],"['fear', 'sadness']",['sadness']
pidgin_text_2649_emotion_1,health commissioner of ondo state the bushmeat don dey hunt the hunter ooo,['disgust'],"['anger', 'fear', 'sadness', 'surprise']","['disgust', 'surprise']","['disgust', 'surprise']"
pidgin_text_5151_emotion_1,yes na na n they took e shock me,['surprise'],['surprise'],['surprise'],['surprise']
pidgin_text_6162_emotion_1,please lemme oh this bus for onitsha na die the front tires no get teeth e don wash finish,"['disgust', 'fear']","['disgust', 'surprise']","['disgust', 'fear']","['disgust', 'fear']"
pidgin_text_2037_emotion_1,how na arent you beautiful,['surprise'],['surprise'],['surprise'],['surprise']
pidgin_text_2328_emotion_1,y i go calm down wey b say so many unclassified life has been taken the wey dey vex me pass b say my gal frd no go fit come naija again cus of fear guy if i tell u how much i don invest there ehh lets alone people wey lost there love once,"['anger', 'disgust']",['anger'],"['disgust', 'sadness']","['anger', 'disgust']"
pidgin_text_2496_emotion_1,bros na e be say theres no need for you to evn watch the season finale sef oo,['disgust'],['anger'],"['fear', 'sadness']",[]
pidgin_text_1347_emotion_1,i wan know e dey reject my gt,"['disgust', 'surprise']",['sadness'],['surprise'],['surprise']
pidgin_text_1457_emotion_1,imagine make olopa dey banter me dem no even care about my mental health say i go fit drive reach house or make them escort me,"['disgust', 'sadness']","['sadness', 'surprise']","['disgust', 'sadness']","['disgust', 'sadness']"
pidgin_text_2498_emotion_1,abi una don chop the balance,"['disgust', 'fear']","['anger', 'fear', 'surprise']",['fear'],['fear']
pidgin_text_45_emotion_1,i don shoot my shot na you be the reward na me win your heart oh i go claim all your love i go claim all your oh i will definitely sing this to the loml very soon,['joy'],['joy'],['joy'],['joy']
pidgin_text_4342_emotion_1,im broke im broke where una dey see this money its all fun and games until you are piggyvest broke,['sadness'],"['sadness', 'surprise']",['sadness'],['sadness']
pidgin_text_1628_emotion_1,to comot house don dey look like hard work,['fear'],"['fear', 'surprise']",['fear'],['fear']
pidgin_text_4532_emotion_1,omo e just be like say man dem dey konji prison,"['disgust', 'sadness']","['anger', 'sadness', 'surprise']","['fear', 'sadness']",['sadness']
pidgin_text_4407_emotion_1,hell yeah im a straight up amazing person mixture of craze intelligence and the love of christ why wouldnt i love me plus i never see person wey dey ever ready to improve on themselves like me ️,['joy'],['joy'],['joy'],['joy']
pidgin_text_2340_emotion_1,hahahha rem dose days dat i fit kill for dis ynx gashi nan a banxa,['disgust'],['joy'],['disgust'],['disgust']
pidgin_text_1684_emotion_1,no single happy independence for all the status for my contact list wahala be like nigeria wey him people nor wan celebrate again,['surprise'],"['disgust', 'surprise']",['surprise'],['surprise']
pidgin_text_3651_emotion_1,my love i no argue ooooooooooooo i just talk say make she clear d mata make i no just dey conclude you know now unto say she talk that kind thing and i see am with the bigi i wan know how eeh take happen now you understand abi i no talk say she do am i dey ask if she do am,"['fear', 'sadness']",[],"['disgust', 'surprise']",[]
pidgin_text_4216_emotion_1,a letter to my ex dear miss amaka you been tell me say ikechukwu na your brother all those years only for you to invite me come wedding come see you dey marry the same ikechukwu my chest still dey pain me till today for my leg and my abdomen region,"['anger', 'sadness']","['anger', 'sadness', 'surprise']","['anger', 'sadness']","['anger', 'sadness']"
pidgin_text_3204_emotion_1,lol brother get hope na you wan spoil e show,['disgust'],['joy'],['disgust'],['disgust']
pidgin_text_1929_emotion_1,thiago na them dey win buh na we dey enjoy ball pass alcantara,"['joy', 'surprise']","['joy', 'surprise']",['joy'],"['joy', 'surprise']"
pidgin_text_4106_emotion_1,yinmu you no see the storm of fixtures wey dey wait una una go hear wehn,['disgust'],[],"['anger', 'disgust']",['disgust']
pidgin_text_2657_emotion_1,i no secure another job o i go help person ni e pain me gan say i miss site work today abeg if u fit give me h of your site money i no go mind,['sadness'],"['anger', 'sadness', 'surprise']","['disgust', 'sadness']",['sadness']
pidgin_text_1725_emotion_1,na because you no be naija girl na cele church dem for flog the love of plastic comot for your body,['disgust'],"['disgust', 'fear']",['disgust'],['disgust']
pidgin_text_187_emotion_1,oluwa wetin dey occur gan gan na your boy don reach to enjoy government money too na,['sadness'],"['anger', 'fear', 'sadness']",['sadness'],['sadness']
pidgin_text_5716_emotion_1,whenever sensitive topics are discussed here some people tend to just be stupid just to gain followers god punish all of una wey dey do that,['disgust'],"['anger', 'disgust']",['disgust'],['disgust']
pidgin_text_513_emotion_1,haha na god my guy make we never too loud am pay day dey come and those things we see today na chaiss na me tell you,['joy'],"['joy', 'surprise']",['joy'],['joy']
pidgin_text_3445_emotion_1,me wey dey look into settling after nysc sef i love peace of mind,['fear'],['joy'],['joy'],['joy']
pidgin_text_4636_emotion_1,my belle don dey come out dear fat why didnt you just go to my bum why my tummy,"['disgust', 'sadness']","['disgust', 'fear']","['disgust', 'sadness']","['disgust', 'sadness']"
pidgin_text_1568_emotion_1,reno de disappoint mi sha baba use style beg say na e no knoe say na her,['disgust'],"['disgust', 'surprise']",['disgust'],['disgust']
pidgin_text_5334_emotion_1,azzzzin abeg no dey pull my legs dem no too strong like that,['sadness'],['fear'],"['fear', 'sadness']","['sadness', 'fear']"
pidgin_text_3825_emotion_1,ịdị correct dey learn better ones o know say na bad bad ones go dey your head,['disgust'],['anger'],[],[]
pidgin_text_143_emotion_1,haha no dey loud am now i don dey sabi small small,['disgust'],[],['joy'],[]
pidgin_text_4255_emotion_1,me trying to make people recite the alphabets with me without actually telling them to me a them me c them what me e them you good bruv me g them snap out of it me i them total silence e de pain me nau plis,['sadness'],"['sadness', 'surprise']","['disgust', 'sadness']",['sadness']
pidgin_text_739_emotion_1,guyscrolling down my tl na only your lmaaaaaoooooooo i dey see everywhere who dey lick u dz morning,['surprise'],['joy'],['surprise'],['surprise']
pidgin_text_1304_emotion_1,all my babes no wan link up again shey na bcos of corona or dem no dey reason me again,"['fear', 'sadness']","['anger', 'sadness', 'surprise']","['fear', 'sadness']","['fear', 'sadness']"
pidgin_text_419_emotion_1,abeg no vex how can i ask a girl out on twitter fine girls full this twitter ooo shooo the kind fyn fyn profile pictures i dey see ehnn any tips on how to toast a girl on twitter,['surprise'],[],"['fear', 'surprise']",['surprise']
pidgin_text_4688_emotion_1,na this love wey you put now go cause problem i no dey take am easy with love,['fear'],['disgust'],['fear'],['fear']
pidgin_text_5994_emotion_1,nothing de happen i dey mi dey make everybody de there dey i beg,"['disgust', 'sadness']",[],['disgust'],['disgust']
pidgin_text_5935_emotion_1,someone said what an elder sees sitting down fit b nonsense omo we don vex im here for all of it,"['anger', 'disgust']",['anger'],"['anger', 'disgust']","['anger', 'disgust']"
pidgin_text_1881_emotion_1,na wetin dey vex me be that after saying shes not looking for love shes just going to go with the flow and not overthink now now her brain has burst with thoughts,"['anger', 'disgust']","['disgust', 'surprise']","['anger', 'disgust']","['anger', 'disgust']"
pidgin_text_4971_emotion_1,make someone call me too na i be person pikin single life good but my guy and his babe dey use me catch cruise for here,"['disgust', 'sadness']","['anger', 'sadness', 'surprise']","['disgust', 'sadness']","['disgust', 'sadness']"
pidgin_text_2234_emotion_1,if this ship no work i fit die,['fear'],['fear'],['fear'],['fear']
pidgin_text_3569_emotion_1,i yam gratefull to god fur de woman he gave me tnobertswife wan year in dis biutifull jonny,['joy'],['joy'],['joy'],['joy']
pidgin_text_3466_emotion_1,andprf cletus una gudevenssg i tink it should be bb bonsnegodu liverpool negodu messii dey thnk u joor,['joy'],['joy'],['joy'],['joy']
pidgin_text_10_emotion_1,i don finally register for gym oo na when summer dey end i wan start my summer body loading,['joy'],[],['joy'],['joy']
pidgin_text_3831_emotion_1,them dey use our future dey gba oringo,"['fear', 'sadness']","['disgust', 'surprise']",['fear'],['fear']
pidgin_text_3346_emotion_1,even beebeehen never waka where i am laycon showmax wan waka ooo we are talking about countries outside africa ooo sho get like are you understanding how huge this is,['surprise'],['surprise'],"['joy', 'surprise']",['surprise']
pidgin_text_3548_emotion_1,i am just here trying to understand dis twitter thing oh in oda news dis is d jam of d decade dis part especially d appraisal was okay bye‍️‍️‍️,"['joy', 'surprise']","['joy', 'surprise']","['joy', 'surprise']","['joy', 'surprise']"
pidgin_text_81_emotion_1,akpors biko if dem see okpa pls make dem chopmikel don score two already,['joy'],"['anger', 'surprise']",['joy'],['joy']
pidgin_text_6055_emotion_1,me that has been enjoying electricity now dem con decide vandalize me that was thinking i dont live in nigeria again sef now na darkness get me so☻☻☻☻,"['anger', 'sadness']","['sadness', 'surprise']","['disgust', 'sadness']",['sadness']
pidgin_text_1921_emotion_1,you dey look fine woman u don forget sef say u sef be spec,['surprise'],['surprise'],['surprise'],['surprise']
pidgin_text_921_emotion_1,lol iwo is always safe osun generally is peaceful na mouth we get na money we dey find we no dey fight,['joy'],['joy'],['joy'],['joy']
pidgin_text_3408_emotion_1,zlatan dey sing bolanle as if na worship song,['disgust'],['surprise'],['disgust'],['disgust']
pidgin_text_3748_emotion_1,hello i made a transaction of kairtime top up i was debited and never got the airtime its a week alreadyabeg na student i bemake una help me check before i go come beg una for garri inside your office thanks,"['disgust', 'sadness']",['surprise'],"['anger', 'sadness']",['sadness']
pidgin_text_738_emotion_1,wale applause ti fo table from his oau days na him i don sabi say the guy get content,['joy'],['surprise'],['surprise'],['surprise']
pidgin_text_2120_emotion_1,my mother comes back from work oh im so tired all my body dey pain me i wan sleep but make we go kitchen go rearrangeclean the deep freezer im like how ‍️,"['disgust', 'surprise']",['surprise'],"['sadness', 'surprise']",['surprise']
pidgin_text_2638_emotion_1,accent yen thick pa e dey vex me,"['anger', 'disgust']",['anger'],"['anger', 'surprise']",['anger']
pidgin_text_3975_emotion_1,when e start now na you go japa,['disgust'],"['anger', 'fear']",['disgust'],['disgust']
pidgin_text_274_emotion_1,what do dodo na abeg na love the meal,['surprise'],['surprise'],['surprise'],['surprise']
pidgin_text_5866_emotion_1,una don dey claim class on top app of mb say na they dont have access to it poverty don finish this country walai,"['disgust', 'sadness']",['disgust'],['disgust'],['disgust']
pidgin_text_4340_emotion_1,omoooo no reason am like that oooo e get some customers wey dey vex for me,"['fear', 'sadness']","['anger', 'surprise']","['fear', 'sadness']","['fear', 'sadness']"
pidgin_text_3461_emotion_1,see ehn as una dey like the tweet just follow the handle wey post the tweet as well oo happy new year,['joy'],['joy'],['joy'],['joy']
pidgin_text_5409_emotion_1,shey na cruise una dey use us catch for this country,"['disgust', 'sadness']",['surprise'],['disgust'],['disgust']
pidgin_text_3995_emotion_1,pls who has the dg of nysc number or email this my cds pple think they can extort me of k for project wey dey inconclusive abi them think say k plenty ni,"['anger', 'disgust']",['anger'],['disgust'],"['anger', 'disgust']"
pidgin_text_1019_emotion_1,una dey find who una won castabeg hold una k,['surprise'],"['anger', 'fear']",['disgust'],[]
pidgin_text_5999_emotion_1,thugs don turn inec officials see as dem carry ballot papers like say na dem get am‍️ nigeria my country,"['disgust', 'surprise']","['anger', 'disgust']","['disgust', 'surprise']","['disgust', 'surprise']"
pidgin_text_3060_emotion_1,yh rytna ashawo do am passna m experience u dey talk,['disgust'],"['anger', 'disgust']",['disgust'],['disgust']
pidgin_text_3444_emotion_1,tigernut drink is what you need if you really want to go to war i mean i just pity person pikin wey i go handle today fa all the women around should be guided please body dey totori mi,"['fear', 'surprise']","['joy', 'surprise']",['fear'],"['fear', 'surprise']"
pidgin_text_254_emotion_1,dear redtv na work una dey do this mens club s make sense die i cry sha but we cant wait till next year for another season it is too far please do you need funds lets start a account next year too far,['sadness'],"['joy', 'surprise']",['sadness'],['sadness']
pidgin_text_1302_emotion_1,lmaooo guy i don tire sef belle don dey big anyhow,"['disgust', 'sadness']","['disgust', 'sadness']","['fear', 'sadness']","['disgust', 'sadness']"
pidgin_text_4233_emotion_1,how far after the online bashing na this way una go una dey hawk our jersey like this cc,"['disgust', 'fear', 'sadness']",[],"['disgust', 'joy']",['disgust']
pidgin_text_2853_emotion_1,how do you guys feel comfortable in crowded place my own house de itch me people everywhere nowhere to hide wedding don finish make them de go house,"['disgust', 'sadness']","['anger', 'disgust']","['anger', 'disgust']","['disgust', 'anger']"
pidgin_text_4988_emotion_1,na you dey cheat na me dey beg make una check am o nwanne see as dey rush ‍️ one maltina per person at icons concert‍️‍️ success come be your hobby hobby o oya wait haters fvck you hold me before i killy person o arrest me yeah,"['anger', 'disgust']",['anger'],"['anger', 'disgust']","['anger', 'disgust']"
pidgin_text_1743_emotion_1,lie lie you dey do like pikin when dey crèche na the same thing as you no get sense just that na indirectly what you typed meant you accusing me of insulting his mother which wasnt true stay safe ‍️,['disgust'],"['anger', 'disgust']",['disgust'],['disgust']
pidgin_text_129_emotion_1,happy birthday man but wetin u dey use for ur beards na gimme make me self use am na,"['joy', 'surprise']","['joy', 'surprise']","['joy', 'surprise']","['joy', 'surprise']"
pidgin_text_241_emotion_1,local man is pleased we don even play our champions league before the people wey qualify play sef levels,['joy'],['joy'],['joy'],['joy']
pidgin_text_2992_emotion_1,na u be eran way dem uproot him brain,['disgust'],"['disgust', 'surprise']",['disgust'],['disgust']
pidgin_text_602_emotion_1,you no steal tweet pass dis dude wey i jst rt hin tweet d guy too much,['disgust'],"['disgust', 'surprise']",['disgust'],['disgust']
pidgin_text_5367_emotion_1,so this dude selling some stuff to reduce belly fat comes up to me and says if i buy i will be able to run to area or garki from jabi once i use d drug guy na craze person dey look forward to useless trekking o im sane we bless god,['disgust'],"['anger', 'surprise']",['disgust'],['disgust']
pidgin_text_3914_emotion_1,so if osibanjo needed moneyits magu that he will collect it fromuna kind of reasoning self dey purge,"['disgust', 'surprise']",['disgust'],['disgust'],['disgust']
pidgin_text_1616_emotion_1,what kind of dark joke is this this night ehn abeg its past midnight na now ghosts dey waka o,"['disgust', 'fear']","['anger', 'fear']",['fear'],['fear']
pidgin_text_742_emotion_1,so nysc sent some female corp members to my place of work and i am supposed to interview them lol me wey no get sense and they get nyash interview never start but i don accept dem already,['surprise'],['joy'],"['joy', 'surprise']","['surprise', 'joy']"
pidgin_text_2919_emotion_1,mumu broda na so dem dey carry hiv sha go ask sango for aunty nurse number,['disgust'],['disgust'],['disgust'],['disgust']
pidgin_text_215_emotion_1,fan love from my surest girlie yo dem austinetreasure and tedd god bless you too for me don dey try shaa,['joy'],"['joy', 'surprise']",['joy'],['joy']
pidgin_text_3781_emotion_1,the numbers of snake wen them use take act snakes in the plane na go swallow una destiny wen una don arrange,"['disgust', 'fear']","['fear', 'surprise']","['disgust', 'fear', 'surprise']","['disgust', 'fear', 'surprise']"
pidgin_text_5538_emotion_1,️️️️️️️️ wetin we go dey chop again now,['sadness'],['sadness'],"['fear', 'sadness']",['sadness']
pidgin_text_83_emotion_1,going through i don smile tire,['joy'],['joy'],['joy'],['joy']
pidgin_text_3679_emotion_1,aa like us no dey select genotype na dem dey rush us,['joy'],['joy'],['joy'],['joy']
pidgin_text_4694_emotion_1,na the dressing dey vex me pass wey super k suppose dey supply better brainwork with correct agbada,"['anger', 'disgust']",['anger'],['disgust'],"['anger', 'disgust']"
pidgin_text_1791_emotion_1,maybe him don jam talk again you sabi say the guy sabi spew okoto,['disgust'],"['fear', 'surprise']",['disgust'],['disgust']
pidgin_text_4231_emotion_1,dis boys av dual citizenshipno properties nor businesses in nigeria bt ar makin d loudest noises and ar causin problem in d country dey can leave d country anytime dey set it ablaze wt d help of sentimental apologists dey av turned some of our youths zombies wt no brains,['anger'],"['anger', 'disgust', 'surprise']","['anger', 'disgust', 'fear']","['anger', 'disgust']"
pidgin_text_5489_emotion_1,dem evict am e still dey do i love you tueh god forbid,['disgust'],"['disgust', 'surprise']",['disgust'],['disgust']
pidgin_text_5509_emotion_1,omah lay and tems wey dey give us good vibe uganda wan come kill our vibe abi them dey ment,"['disgust', 'surprise']","['disgust', 'joy', 'surprise']","['anger', 'disgust']","['disgust', 'surprise']"
pidgin_text_2835_emotion_1,seyi go dey brag dey raise shoulder who the hell does he think he is na im grand papa we sabi o,"['disgust', 'surprise']","['anger', 'disgust']",['disgust'],['disgust']
pidgin_text_4114_emotion_1,stop shifting simple answer with facts u dey beat around bush dey curse dey parais that how empty your head is just answer with facts,['disgust'],"['anger', 'disgust', 'surprise']","['anger', 'disgust']","['disgust', 'anger']"
pidgin_text_1054_emotion_1,like play like playi no get phonena just something to take dey browse,['sadness'],"['sadness', 'surprise']",['sadness'],['sadness']
pidgin_text_1739_emotion_1,soo that leaf de give seizure,['surprise'],['surprise'],['surprise'],['surprise']
pidgin_text_3241_emotion_1,my birthday na next month i don dey collect gifts sha,['joy'],"['joy', 'surprise']",['joy'],['joy']
pidgin_text_5141_emotion_1,its hightime stop misleading us in this country oooo nah dem dem dem i first see with dis faceapp whatever oooo now russia don hack my face,"['disgust', 'fear']",['disgust'],['disgust'],['disgust']
pidgin_text_1808_emotion_1,money wen i be wan use take flex this weekend na wetin i dey use take repair laptop so ohh sapa = toju =,['sadness'],"['anger', 'sadness']",['sadness'],['sadness']
pidgin_text_523_emotion_1,this was how our client enjoyed herself and she said it was totally worth it if you wan chop this life ehn chop am with your full chest so order nice treats for yourself this weekend dont say i didnt do anything for you,['joy'],[],['joy'],['joy']
pidgin_text_3530_emotion_1,make una dey drop names of these restaurants and city na person fit get girlfriend there so e go fit carry am go anytime e enter,['sadness'],['joy'],['sadness'],['sadness']
pidgin_text_5127_emotion_1,and so e no gree again na na una dey pained sef shebi na just ordinary feature from the king,['disgust'],[],['disgust'],['disgust']
pidgin_text_4298_emotion_1,as twitter say i no fit follow back peopleagain now wetin dem gain ️,"['disgust', 'sadness']",['anger'],"['disgust', 'surprise']",['disgust']
pidgin_text_56_emotion_1,dem beat them like thief wey dem catch for mushin,"['disgust', 'surprise']","['anger', 'joy']",['disgust'],['disgust']
pidgin_text_4897_emotion_1,me sef shock,['surprise'],['surprise'],['surprise'],['surprise']
pidgin_text_660_emotion_1,too dey record live stream any show wey him dey if egbon dey on top plane he go come down to show me love too dey always gat my back everytime am on stage with my performances clip and pics is not left behind either thank you all,['joy'],"['joy', 'surprise']",['joy'],['joy']
pidgin_text_6041_emotion_1,people can lie sha i just woke up and im seeing abortions kunle ‍️ abeg how many children follow your womb come wey you don abort for one man it is a wà,"['disgust', 'surprise']","['disgust', 'surprise']","['disgust', 'surprise']","['disgust', 'surprise']"
pidgin_text_2377_emotion_1,anambra branch wants my to verify me una dey mad utunnukeep ur verification wait who contacted you he say na thank you for contacting us magodo gra phase ii,"['disgust', 'surprise']","['anger', 'disgust']",['disgust'],['disgust']
pidgin_text_2395_emotion_1,e con be like say we no serious everybody dey ask me for pictures i no see anything drop,['sadness'],"['sadness', 'surprise']","['disgust', 'sadness']",['sadness']
pidgin_text_3861_emotion_1,eyahhhh oversabi na im dey do you,['disgust'],['disgust'],['disgust'],['disgust']
pidgin_text_2742_emotion_1,oga we go chop ur fada ooo u just dey mek people relationship dey shake god even save she no dey watch ur movie and na dark skin guys she like,"['disgust', 'fear']","['anger', 'surprise']","['disgust', 'fear']","['disgust', 'fear']"
pidgin_text_223_emotion_1,i am tarzan im an hypeman standard experience i dey down oo shows events concert my employer could be on ur timeline ooooo abeg and its summer now help me get jobs ️️ ️️️️️️️️️️️️,['sadness'],[],[],[]
pidgin_text_2059_emotion_1,god im done imagining how money would fit me just bless me with this moneyi already know it would fit me o god,['sadness'],['anger'],['sadness'],['sadness']
pidgin_text_2729_emotion_1,and we conceded the third goal the very first day of wearing this jersey na goals we take chop we go dey alright las las,['disgust'],"['anger', 'sadness', 'surprise']",['fear'],[]
pidgin_text_2739_emotion_1,nigeria university will not stress me na person wey dey happy go write exams️,"['disgust', 'sadness']","['anger', 'disgust', 'sadness']","['disgust', 'sadness']","['disgust', 'sadness']"
pidgin_text_4738_emotion_1,abeg help me analyze because i have headache already how is it possible to order pizza from london you think say na waybill you dey do from enuguabuja abi,"['disgust', 'surprise']",['surprise'],"['anger', 'disgust']","['disgust', 'surprise']"
pidgin_text_535_emotion_1,boss wetin dey shele gangan sef na so i no lucky reach i tire o,['disgust'],"['anger', 'sadness']",['sadness'],['sadness']
pidgin_text_5332_emotion_1,i dont believe dis coach again ooo we cant even win cardiff and u let herrera go for free solsjkær,['disgust'],"['sadness', 'surprise']","['disgust', 'sadness']","['disgust', 'sadness']"
pidgin_text_563_emotion_1,no problem iyaboyz oya drop your number make i do the gb i no say e small but me sef no hold you know say sapa dey much love from this side,['sadness'],"['anger', 'joy', 'sadness']",['joy'],"['sadness', 'joy']"
pidgin_text_1282_emotion_1,story u wey don chook spoon for the pot,['disgust'],"['anger', 'disgust']",['disgust'],['disgust']
pidgin_text_5968_emotion_1,see as she dey talk to me sef yall unmarried friends of mine are in trouble ahbeg lemme instill fear thatll remain even after yall get married and i cant yab you again,"['disgust', 'surprise']","['disgust', 'fear', 'surprise']",['disgust'],"['disgust', 'surprise']"
pidgin_text_243_emotion_1,just realized its like days to my babys girl birthday im still excited like its my own even though this time around shes far n i feel helpless that i cant plan but yaaaaa im excited me i don start countdown,['joy'],"['joy', 'sadness', 'surprise']",['joy'],['joy']
pidgin_text_1560_emotion_1,all the fine fine girls wey dey diz world my eyes no see dem to date na man im crying in egbira,['disgust'],"['disgust', 'sadness']","['disgust', 'sadness']","['disgust', 'sadness']"
pidgin_text_5320_emotion_1,wife wey another niga go congo when you don dey with bros satan ekwensu,['disgust'],"['disgust', 'surprise']",['disgust'],['disgust']
pidgin_text_1064_emotion_1,ah illiterate get levuls o this one na something this kneeling down has been going on in private teytey its dashed him dsp and it puts highend meals on the table you are shaking the children go know say dem papa be hustler wey don hustle down castle for them,['sadness'],"['anger', 'surprise']",['surprise'],['surprise']
pidgin_text_2079_emotion_1,lmao my secondary school no fit even do that sco whatever thing i doubt say we reach wey dey active for twitter d skul ratchet as hell zero boujee standard for that ends na only biola dara sochima and muyiwa dey this twitter as far as im concerned,['disgust'],['surprise'],"['disgust', 'fear']",['disgust']
pidgin_text_1468_emotion_1,oluwa wetin dey deteriorate wetin dey sofun daanu i cant make feel my hends,['sadness'],[],"['fear', 'sadness']",['sadness']
pidgin_text_2231_emotion_1,grow your followers first ke e be things o god no go shame us shes not woke shes rude af,['disgust'],['disgust'],['disgust'],['disgust']
pidgin_text_2158_emotion_1,abeg wetin everybody dey see for this chiomas,"['disgust', 'surprise']",['disgust'],"['disgust', 'surprise']","['disgust', 'surprise']"
pidgin_text_5277_emotion_1,i broke a ml beaker during practical and now i have to replace it thats not even my problem the problem is that this is the th store im in and na for ml beaker their own dey stop i don almost use leg reach uselu market and rain dey fall god my day,"['disgust', 'sadness']","['sadness', 'surprise']","['disgust', 'sadness']","['disgust', 'sadness']"
pidgin_text_160_emotion_1,e dey pain me like sey na me,['sadness'],"['anger', 'sadness']",['anger'],"['sadness', 'anger']"
pidgin_text_2124_emotion_1,those of you who have girl as profile pix and guy as cover photo whats your problem sef you cant confuse us ooh,['disgust'],"['anger', 'disgust', 'surprise']",['disgust'],['disgust']
pidgin_text_1455_emotion_1,you dey mad kepa wey no even play anything werner wey dey miss like mumu what is a kovacic,['disgust'],"['anger', 'disgust']",['disgust'],['disgust']
pidgin_text_4486_emotion_1,to everyone building house plus building engineers please give us the contract to supply sachina bricks and tiles for you na beg we amagoz tiles and bricks dey beg una when you come across this tweet please retweet it our next clients are among your followers,['sadness'],[],[],[]
pidgin_text_1087_emotion_1,abeg wetin you write,['surprise'],[],[],[]
pidgin_text_4007_emotion_1,no b only u guy my eyes dey act like say we slept during the so no qualms i need sleep e no wan come,['sadness'],"['anger', 'sadness']","['fear', 'sadness']",['sadness']
pidgin_text_3032_emotion_1,where all these karki boys day when some so call niger delta avengers dey blow blow pipeline na to use us do frog jump dem sabi smh,"['anger', 'disgust']",['anger'],"['disgust', 'surprise']","['anger', 'disgust']"
pidgin_text_704_emotion_1,im so happy im not a reserved person if not no be wetin i dey talk i go dey talk by now but all i know is that,['joy'],"['anger', 'joy']",['joy'],['joy']
pidgin_text_614_emotion_1,fine deal like this na dem dey rush us,['joy'],['joy'],[],['joy']
pidgin_text_2604_emotion_1,u know say u sabi liewen dem carry u noready to explainu that is america is in possession of cbn transaction papers,"['anger', 'disgust']","['anger', 'surprise']",['disgust'],"['anger', 'disgust']"
pidgin_text_3858_emotion_1,i must be really doing something wrong na these same ladies wey dey air me up and down if i approach them be this the one wey no air me go get poor communication skills i go just give up e be like una dey script all these relationship because i no understand,"['disgust', 'sadness']","['disgust', 'surprise']","['fear', 'sadness']","['disgust', 'sadness']"
pidgin_text_3196_emotion_1,thank you sir ️ for made in lagos the album dey gimme joy at least december go get sweet now,['joy'],['joy'],['joy'],['joy']
pidgin_text_1074_emotion_1,which sellouts abeg e be like na we dey pay lazio to sign this brazilian fraud,['disgust'],"['anger', 'disgust', 'surprise']","['disgust', 'surprise']","['disgust', 'surprise']"
pidgin_text_504_emotion_1,the kind goosebumps wey una two dey gvme ehn no be for yia god bless you both,['joy'],['joy'],['joy'],['joy']
pidgin_text_5833_emotion_1,so im hearing a mans voice from my neighbors room see ehn i want to fight this guy get luck say no be ph we dey i for duff am before e comot estate gate what rubbish,"['anger', 'disgust']","['anger', 'disgust', 'sadness']","['anger', 'disgust']","['anger', 'disgust']"
pidgin_text_5799_emotion_1,aswear o e save her name with mami m,['surprise'],[],['surprise'],['surprise']
pidgin_text_3463_emotion_1,loool agent cech is used to being behind bus at chelsea now na keke maruwa dey hin front,['disgust'],"['joy', 'surprise']",['disgust'],['disgust']
pidgin_text_4172_emotion_1,fat abi thick people please no vex buh how do you people do it like breath stay comfortable with tight clothes clothe i made in december today i no fit use am enter bike e dey choke,"['disgust', 'surprise']",['surprise'],"['anger', 'surprise']",['surprise']
pidgin_text_1712_emotion_1,na only my ogas and fit dash una airpod pro free me how much i get,"['disgust', 'sadness']",[],['disgust'],['disgust']
pidgin_text_489_emotion_1,see ehn i no dey beg mek anybody follow me like or retweet my pictures but abeg mek una help my ministry retweet my hustle e take too much grace of god for me to bounce back bikonu retweet my pinned tweet please,['sadness'],[],['sadness'],['sadness']
pidgin_text_89_emotion_1,u re d real queen of highlight pls keep giving dem shadesdey re nt ready yet ciroc sef don bow for ur advert u look like d real queen dat u re ️️,['surprise'],['joy'],['joy'],['joy']
pidgin_text_827_emotion_1,i have mixed feelings today knowing will go and leave me here but im so proud of you who doesnt know christine in this aun small pepper wey dey worry congratulations darling️,"['joy', 'sadness']",['joy'],"['fear', 'joy']",['joy']
pidgin_text_4698_emotion_1,na just vex i go they vex because i would have wash them again but heart break,"['disgust', 'sadness']","['anger', 'sadness']","['anger', 'sadness']","['sadness', 'anger']"
pidgin_text_4137_emotion_1,i cant believe thats the same oshio baba my late dad jump gutters for in this benin city i got so much in love with that former labor congress nlc in wetin dem do to our one man one ️ vote leader wetin happen to our only comradethe famous action gov,"['disgust', 'surprise']","['disgust', 'surprise']","['disgust', 'surprise']","['disgust', 'surprise']"
pidgin_text_5796_emotion_1,to be a marlian na stress o my trousers just dey fall from my waist since wetin sef,['disgust'],['disgust'],['disgust'],['disgust']
pidgin_text_1307_emotion_1,ewwooooooo make dem refund me ooo abeg or else,"['disgust', 'sadness']",['anger'],"['anger', 'disgust']","['disgust', 'anger']"
pidgin_text_1771_emotion_1,i bought bread yesterday i dey hide am from my guy e no dey contribute anything for house see why i dont like having visitors dem go chow everything,['disgust'],"['anger', 'disgust', 'surprise']","['disgust', 'sadness']",['disgust']
pidgin_text_4360_emotion_1,ok oh na like this oh like play like play until e reach everybody na this kan rough play i dey hate ohh some of the technology are made in china but u see all this deadly diseases is only made in china where exactly was the world wronged china,"['anger', 'disgust', 'fear']","['anger', 'disgust', 'fear', 'sadness']","['anger', 'disgust']","['anger', 'disgust', 'fear']"
pidgin_text_1191_emotion_1,liquorlions are we voting cus e be like say na only me dey vote o,"['disgust', 'surprise']","['fear', 'surprise']","['fear', 'sadness']","['surprise', 'fear']"
pidgin_text_1824_emotion_1,e de pain me why my guy go de do like mumu on top babe,"['disgust', 'sadness']","['anger', 'disgust']","['disgust', 'sadness']","['disgust', 'sadness']"
pidgin_text_5514_emotion_1,whatever you do in life dont be part of those sitting at the overflow in church e just dey like say you dey listen to audio message im fuming at myself right now,['sadness'],"['anger', 'disgust', 'sadness']","['anger', 'disgust', 'sadness']","['sadness', 'anger', 'disgust']"
pidgin_text_1855_emotion_1,true and na wetin dey annoy me mehn,"['anger', 'disgust']",['anger'],"['anger', 'disgust']","['anger', 'disgust']"
pidgin_text_2506_emotion_1,why she dey tell us she dey go for meeting kilo kan wa,"['disgust', 'surprise']",['anger'],"['disgust', 'surprise']","['disgust', 'surprise']"
pidgin_text_424_emotion_1,shey una dey listen to crest fm sha talk say them wan share babe by am o,['surprise'],[],['surprise'],['surprise']
pidgin_text_3337_emotion_1,walahi wuse market puff puff dey hungry me,['sadness'],"['joy', 'surprise']",['sadness'],['sadness']
pidgin_text_436_emotion_1,david was like where is he e sweet me for belle,['joy'],"['joy', 'surprise']",['joy'],['joy']
pidgin_text_1783_emotion_1,the way i move from one app to another like say na wifi i dey use i dey browse like thief,['disgust'],"['anger', 'disgust', 'fear', 'sadness', 'surprise']",['disgust'],['disgust']
pidgin_text_6122_emotion_1,omo i sent them email taya o like say i dey find job i went to their office twice and still dem no sabi as my money waka my god is watching them a whole k,"['anger', 'sadness']","['sadness', 'surprise']","['disgust', 'sadness']",['sadness']
pidgin_text_724_emotion_1,rashford dey play like person wey god don answer his prayer,['surprise'],['surprise'],['surprise'],['surprise']
pidgin_text_552_emotion_1,abeg who get owambe wey person fit gate crash today na,['sadness'],[],[],[]
pidgin_text_5230_emotion_1,make una rest if not for desmond elliot wey give madrid bad luck una for see draw,['disgust'],"['sadness', 'surprise']","['disgust', 'sadness']","['disgust', 'sadness']"
pidgin_text_2914_emotion_1,my uncle wey promise me money don dey call me big man,"['fear', 'sadness']","['anger', 'surprise']","['fear', 'surprise']","['fear', 'surprise']"
pidgin_text_1750_emotion_1,which kind soup una dey chop you people are suffering oh,"['disgust', 'surprise']","['anger', 'disgust', 'fear', 'sadness', 'surprise']",['surprise'],"['disgust', 'surprise']"
pidgin_text_3259_emotion_1,them go dey whatsapp group na wetin dem say make them dey preach,['disgust'],['disgust'],['disgust'],['disgust']
pidgin_text_4405_emotion_1,seeing as rice cost for market i just dey admire that bag of rice wey dey there god bless you for your support blessed is the man that giveth than the one that taketh may gods blessings and grace be upon you always,"['joy', 'surprise']",[],['sadness'],[]
pidgin_text_1509_emotion_1,e dey pain me like say na me dey there,"['disgust', 'sadness']",['anger'],"['disgust', 'sadness']","['disgust', 'sadness']"
pidgin_text_447_emotion_1,lol you for say no this one na by force proposal o them no dey say no to this kind proposal say uncle peeps as una dey celebrate the new month no let opportunities pass you by again no loose opportunity of signing up with sayuncle,['surprise'],[],"['disgust', 'surprise']",['surprise']
pidgin_text_2280_emotion_1,i used typical replace extremists ne i was talking a friendxtian dat grew up in minna niger state abt how it feels whenever he visits his hometown imo he was like na boko haram dey call us oh he revealed some shocking secrets but no b my mouth una go hear am,"['disgust', 'surprise']","['fear', 'surprise']","['sadness', 'surprise']",['surprise']
pidgin_text_5826_emotion_1,so because i dey use prepaid meter i dey use torch dey move around even when light dey poverty bad even in lebanon,"['disgust', 'sadness']","['sadness', 'surprise']","['disgust', 'sadness']","['disgust', 'sadness']"
pidgin_text_5929_emotion_1,so dis housemates nu fit sidon eat dis chaw ‍️ see as sir dee n tacha pack tins lik say moro nu dey,"['disgust', 'surprise']","['disgust', 'surprise']","['disgust', 'surprise']","['disgust', 'surprise']"
pidgin_text_4924_emotion_1,ive friends like this omo anytime i dey dis situation i dey always fear,"['fear', 'sadness']",['fear'],['fear'],['fear']
pidgin_text_3205_emotion_1,na their agbele na na dem wan take pick millions,['disgust'],['surprise'],['disgust'],['disgust']
pidgin_text_1868_emotion_1,i am criminally tired and hungry this singu laif sef,"['disgust', 'sadness']",['sadness'],['sadness'],['sadness']
pidgin_text_16_emotion_1,good no one tagged me to this today una don dey forget thanks,['joy'],['anger'],['joy'],['joy']
pidgin_text_758_emotion_1,whatsapp saw this first how una lockdown de go my people me im learning disturbing the entire house mbok isnor me boredom will kee and glowing and please give us light sometimes too in karu na the heat is too much,['sadness'],[],"['disgust', 'sadness']",['sadness']
pidgin_text_635_emotion_1,unnecessary rudeness sef daz y im always a bitter leaf to them sha im hausa too,['disgust'],"['anger', 'disgust']",['disgust'],['disgust']
pidgin_text_1617_emotion_1,my brother we don forgive you but we cannot forget argh you sef reason am bro e dey pain me sef like this,"['disgust', 'sadness']","['anger', 'sadness']",['sadness'],['sadness']
pidgin_text_2816_emotion_1,na the remaining k you dey find dey make you say whew mtsheww,['disgust'],"['anger', 'disgust', 'sadness', 'surprise']",['surprise'],"['disgust', 'surprise']"
pidgin_text_6088_emotion_1,curve your life pieces you no go even show for their snapchat so so food dem go dey snap me sef like foto too nau,['disgust'],"['anger', 'disgust']","['disgust', 'sadness']",['disgust']
pidgin_text_2832_emotion_1,wait fess wetin them talk say be the brideprice million na wives i dey marry,"['disgust', 'sadness', 'surprise']",['surprise'],"['disgust', 'surprise']","['disgust', 'surprise']"
pidgin_text_437_emotion_1,e dey oh na u ask me question naaa,['disgust'],[],[],[]
pidgin_text_1181_emotion_1,this ur talk dey smell weeks ago both ozil and mata played in the same game ozil shone mata didnt rest,['disgust'],['disgust'],['disgust'],['disgust']
pidgin_text_1976_emotion_1,happy birthday mama we love you and are making it look like na only dem get mama‍️ im coming home‍️‍️‍️,['joy'],"['anger', 'disgust', 'joy']",['joy'],['joy']
pidgin_text_5973_emotion_1,e be like say english don dey hard i no talk say una short,['disgust'],['surprise'],"['disgust', 'fear', 'surprise']","['disgust', 'surprise']"
pidgin_text_6003_emotion_1,thats all for now you too like gist me i sha dey ignore am and you know that sometimes hurts she fit vex later con come out say person dey ignore am based on one or two ️ you dey go back school you say make i buy you provision me sef need provisions na,"['disgust', 'sadness']",[],"['disgust', 'sadness']","['disgust', 'sadness']"
pidgin_text_5884_emotion_1,bros calm down nana only shirt u see u don de plan stalking mission,['disgust'],['surprise'],['disgust'],['disgust']
pidgin_text_5244_emotion_1,and somebody will comman tell me this cee c is not mad like this her case be like lantern wey dey give others light but no dey see hinsef,['disgust'],"['anger', 'disgust']","['anger', 'disgust']","['disgust', 'anger']"
pidgin_text_1235_emotion_1,calm down nana question e aske no kii person ah ah,['disgust'],[],['disgust'],['disgust']
pidgin_text_3609_emotion_1,oya oogather becos today go make sense wellalike dis eh nai dey with jennifer omoko why people wen dey stay for face me i face house n share one toilet dey always go without flushinge don happen to u bgive me line for,['joy'],"['disgust', 'joy']",[],['joy']
pidgin_text_1996_emotion_1,kamaru usman bin wan kill that hin opponent sha naija to the world,['surprise'],"['fear', 'joy', 'surprise']",['joy'],"['surprise', 'joy']"
pidgin_text_703_emotion_1,e be like say na as you speak e dey happen boss show me love too make better no pass me,"['fear', 'sadness']","['joy', 'surprise']","['sadness', 'surprise']","['sadness', 'surprise']"
pidgin_text_3534_emotion_1,you are asking me how thing do you even know how i feel im madly in love with you i just hope you can see but na lie u go dey reason matter instead of you to come let me be you kids father,"['disgust', 'sadness']","['joy', 'sadness']","['disgust', 'surprise']","['disgust', 'sadness']"
pidgin_text_1845_emotion_1,omo na this same thing person talk for my side wey dem break bottle for him head o na we dey settle since like this,"['disgust', 'surprise']","['fear', 'sadness', 'surprise']",['fear'],"['surprise', 'fear']"
pidgin_text_3493_emotion_1,meanwhile i was being humanitarian over there na fine wife i go marry alfas self na fine ladies dem dey marry and theres no poster or billboard youd see a pastors wife looking ugly in brodashaggis voice taink you ️,"['joy', 'surprise']",[],['disgust'],[]
pidgin_text_1348_emotion_1,theyre lucky was at the office by am the secretary came and on ac and fan na by am dem come call me that time i don sidon different style dey shiver onyinye may god forgive you,"['disgust', 'sadness']","['anger', 'disgust', 'sadness', 'surprise']",['sadness'],"['disgust', 'sadness']"
pidgin_text_418_emotion_1,no be say e be like e don actually increase my sister i dey outside rn,['sadness'],['sadness'],[],['sadness']
pidgin_text_6060_emotion_1,i always picked a quarrel with people dat disrespected my bamteddy dat time it was war for mewhat our faves will make us doi guess some people thought i was d most disrespectful person dey ever met then,['sadness'],['surprise'],['sadness'],['sadness']
pidgin_text_2356_emotion_1,this todays eviction show was very crazyyy why my guy brighto go commot jus like dat una no try at all,"['disgust', 'sadness']","['anger', 'surprise']",['sadness'],['sadness']
pidgin_text_4149_emotion_1,all d chairman make he dey call him self since na for mouth make he nor try me ooh nor send oh na d cc he dey bet so,"['anger', 'disgust']",[],"['anger', 'disgust']","['anger', 'disgust']"
pidgin_text_3626_emotion_1,boss mi i swear i no know how god take create u ooo all i know is dat my god will judge u oooo al dis good jamzzzzzz wey u dey give is non stop,['joy'],"['joy', 'surprise']","['joy', 'surprise']","['joy', 'surprise']"
pidgin_text_3198_emotion_1,money dey dat tin oo my cousin for villa na plug now oo,['surprise'],"['joy', 'surprise']",[],['surprise']
pidgin_text_912_emotion_1,abeg do your edit na this option i use chop the last time banks share am,[],[],[],[]
pidgin_text_3165_emotion_1,winning good sha if not i for don carry belle face bed dey grumble hhmm,['joy'],['joy'],['joy'],['joy']
pidgin_text_608_emotion_1,i know im guessing but e be like say i don guess rightly o,['surprise'],['surprise'],['surprise'],['surprise']
pidgin_text_3654_emotion_1,god you too much ohh because if to sey na man hunger for don beat me i for don loose weight jesus na you ohhhh happy palm sunday,['joy'],['joy'],['joy'],['joy']
pidgin_text_1654_emotion_1,oga was like mr y im sure youre the one blowing ac on this children in this weather pity them at least cuz theyve no one to warm them when you get home shey i can vex an marry like dis cuz whats this dragging home and office,"['anger', 'disgust']","['anger', 'disgust', 'sadness', 'surprise']","['disgust', 'sadness']","['anger', 'disgust', 'sadness']"
pidgin_text_2900_emotion_1,abi make i tell your woman say you don dey follow another woman wey get big yarnsh pass ni make you be the first person wey go chop breakfast,['disgust'],['sadness'],['disgust'],['disgust']
pidgin_text_1167_emotion_1,you people wey go dey hungry then come enter kitchen begin cook dey mad fr ‍️ ion get that kind patience,['surprise'],"['anger', 'disgust']","['disgust', 'surprise']","['surprise', 'disgust']"
pidgin_text_4671_emotion_1,girls that will say she is celibate and shit my brother na lie dem dey shook am in and out bruhhhhhhh won do gidi gan na u be the mumu for the film bruuuhhhh,['disgust'],"['anger', 'disgust']",['disgust'],['disgust']
pidgin_text_1975_emotion_1,wahala for who no order grilled catfish from lavonne oo catfish toh gba phd na fried dodo be the follow come dont worryyou can still order for tomorrow o callwhatsapp ota lenuperfectly seasoned steamy hot haiigod na catfish dem go take kidnap me laslas,['joy'],['joy'],['joy'],['joy']
pidgin_text_2676_emotion_1,so my boss said anybody on the table that can finish the remaining food $ see me na i cant eat to save my life i tried but failed before i started sef,"['disgust', 'sadness']","['sadness', 'surprise']","['disgust', 'sadness']","['disgust', 'sadness']"
pidgin_text_2390_emotion_1,what sickness abi disease tsetse fly dey give ni e don bite me die for this bush,"['disgust', 'fear']",['fear'],"['disgust', 'fear']","['disgust', 'fear']"
pidgin_text_3094_emotion_1,so wetin em be he cover faceso na masquerade nah,['disgust'],"['anger', 'disgust', 'surprise']",['disgust'],['disgust']
pidgin_text_2398_emotion_1,how my head is swelling make e no burst o success is sweet this is in fact motivation to those of una wey no sabi anything pass breast and yansh pictures you people are sincerely madt go and stop that rubbish o ah my green bottle pls maam yaf resume today,"['disgust', 'joy']","['disgust', 'joy']",['joy'],"['disgust', 'joy']"
pidgin_text_4038_emotion_1,we just dey start and you don already dey lose concentration you for jazz up ooo,"['disgust', 'surprise']","['disgust', 'surprise']","['disgust', 'surprise']","['disgust', 'surprise']"
pidgin_text_4151_emotion_1,omo i no fit pass for road again make oba cum for our rescue oo e pain me say dem use water stains my clothes coz i no get moni,"['disgust', 'fear', 'sadness']","['anger', 'sadness']","['anger', 'disgust']","['disgust', 'sadness', 'anger']"
pidgin_text_4935_emotion_1,properties wey una dey collect frm those yahoo yahoo bois wey una don burst shey na return u dey return ham to dem oyimbo people all una dey na self interests una sha wan turn away frm una normal duties nd focus on unreported ceneros,['disgust'],['disgust'],['disgust'],['disgust']
pidgin_text_1613_emotion_1,my crush no dey reason me again oluwa wetin dey occur,"['fear', 'sadness']","['anger', 'sadness']","['fear', 'sadness']","['fear', 'sadness']"
pidgin_text_3838_emotion_1,wen me never buy one sef this life no balance truly,"['sadness', 'surprise']","['sadness', 'surprise']","['sadness', 'surprise']","['sadness', 'surprise']"
pidgin_text_2560_emotion_1,what is happening here okenwa so you dey come awkaetiti every december make e nobi where i dey think,['surprise'],['surprise'],"['fear', 'surprise']",['surprise']
pidgin_text_4061_emotion_1,lewl so wetin we dey talk before dey smell,['surprise'],['disgust'],['disgust'],['disgust']
pidgin_text_5354_emotion_1,which juju dem dey use for una self,"['disgust', 'surprise']","['anger', 'surprise']","['disgust', 'surprise']","['disgust', 'surprise']"
pidgin_text_6203_emotion_1,hahahahaha wat rubbish news dis by dis time of d day am in pains y am i born in dis country yyyyyyyyy postpone election by dis time of election eve,"['anger', 'disgust']","['anger', 'sadness']","['disgust', 'sadness']","['anger', 'disgust', 'sadness']"
pidgin_text_2041_emotion_1,that guy na big time werey his nonsense is so hilarious,"['disgust', 'joy']",['disgust'],['joy'],"['disgust', 'joy']"
pidgin_text_5344_emotion_1,lmaooo dat wan sef dey naa lmao una be fool shaaa,['disgust'],"['disgust', 'surprise']",['disgust'],['disgust']
pidgin_text_4327_emotion_1,shey una later tune in to banger already and e never drop oh big thanks to starbukky and paj king ara+ ️ im so grateful for the love cc adebukolakolapo pajofficial,['joy'],['joy'],['joy'],['joy']
pidgin_text_2663_emotion_1,na so dem don carry me enter benin i tire,"['disgust', 'sadness']","['sadness', 'surprise']","['disgust', 'sadness']","['disgust', 'sadness']"
pidgin_text_5224_emotion_1,this sapa of a thing is now an everyday norms e kan be like say credit alert dey go call debit alert come one credit alert laidiz debit alerts will arrive from nowhere,['fear'],"['sadness', 'surprise']","['fear', 'sadness']","['fear', 'sadness']"
pidgin_text_5374_emotion_1,the kind one of a kind wey some of una be dey one kind,['disgust'],['surprise'],['disgust'],['disgust']
pidgin_text_2614_emotion_1,babe just dey vex,['surprise'],"['anger', 'disgust', 'fear']","['sadness', 'surprise']",['surprise']
pidgin_text_4308_emotion_1,at least you have one me strechmark no dey booty no dey hope gaan no dey too,['sadness'],"['disgust', 'sadness']",['sadness'],['sadness']
pidgin_text_4817_emotion_1,my bro replied wetin happen i call you tire switched off i even come use microphone dey shout for manuwa busstop say if you know madu onyinyechi for banking rd year abeg tell am say i dey find am o people dey pass dey laugh me,['joy'],"['anger', 'fear']","['joy', 'surprise']",['joy']
pidgin_text_5050_emotion_1,baba i swear to god even if i were to be a senator i wont even near those dss operatives you see wetin dem palm na who dey alive fit thank god for life o any pararara na fts under the ground,['fear'],['fear'],['fear'],['fear']
pidgin_text_1271_emotion_1,you dey trigger ptsd too much for person wey get finals to lose by weekend,['disgust'],['fear'],"['disgust', 'sadness']",['disgust']
pidgin_text_1315_emotion_1,omo i check email and sms no alert oga boss month don end na,['sadness'],['surprise'],"['fear', 'sadness', 'surprise']","['sadness', 'surprise']"
pidgin_text_1141_emotion_1,imagine say the person get mouth odour and you con near am as e dey talk am,['disgust'],"['anger', 'disgust']",['disgust'],['disgust']
pidgin_text_5900_emotion_1,haaaah my gee omah lay don suffersee where dem put am omo na uganda way tomorrow morning like dis,"['anger', 'surprise']","['sadness', 'surprise']","['disgust', 'surprise']",['surprise']
pidgin_text_5267_emotion_1,god punish degree sef,['disgust'],['anger'],"['anger', 'disgust']","['disgust', 'anger']"
pidgin_text_4042_emotion_1,as i dey now ehn i just need anything even if na to k make i use buy my fish feed tomorrow or friday,['sadness'],"['anger', 'sadness']","['fear', 'sadness']",['sadness']
pidgin_text_3435_emotion_1,make she carry her wahala dey go,['disgust'],['disgust'],['disgust'],['disgust']
pidgin_text_2005_emotion_1,same as me but i have more than enough to last me than stay up at midnight wen i no gaachi,['sadness'],['fear'],[],[]
pidgin_text_265_emotion_1,god na this place i suppose dey na,"['sadness', 'surprise']","['anger', 'joy', 'surprise']",['surprise'],['surprise']
pidgin_text_2460_emotion_1,as d week don dey round up we wan use dis opportunity to say big thank you for joining us today on d with our ogbonge host we appreciate una if you join us today which of d top tori catch your attention,['joy'],['joy'],['joy'],['joy']
pidgin_text_3983_emotion_1,una weldone oh na god go punish una with this una network nonsense,['anger'],"['anger', 'sadness']",['anger'],['anger']
pidgin_text_4130_emotion_1,smh you still dey do e dey pain u,['disgust'],"['disgust', 'sadness']","['disgust', 'surprise']",['disgust']
pidgin_text_3236_emotion_1,onye egwu nwannem please anything you can do for your brother make man fit chop abeg k is up to something obi godwin uba,['sadness'],['joy'],['sadness'],['sadness']
pidgin_text_5560_emotion_1,e still dey pain me i dey feel like ano go sleep,['sadness'],"['anger', 'sadness']","['disgust', 'sadness']",['sadness']
pidgin_text_1939_emotion_1,oga omo barca abeg make una take am easy ooo with manchester united o we know sey una sabi murder people like you did with athletico madrid recently that una messi alone na distroyer,"['disgust', 'fear']","['anger', 'disgust', 'fear', 'sadness', 'surprise']",['fear'],"['disgust', 'fear']"
pidgin_text_3522_emotion_1,ox person wey sabi sing song,"['joy', 'surprise']",['joy'],['joy'],['joy']
pidgin_text_3429_emotion_1,see pikin dem dey flex you dey here,['disgust'],['surprise'],['surprise'],['surprise']
pidgin_text_4976_emotion_1,with that their rough road sef person fit get miscarriage,"['disgust', 'fear']","['anger', 'sadness']",['disgust'],['disgust']
pidgin_text_127_emotion_1,no be this me do am oooo but im proud of my namie who did this me na chef i don turn,['joy'],"['anger', 'joy', 'surprise']",['joy'],['joy']
pidgin_text_843_emotion_1,our last born name na ilias but people dey call am iliyasu na my name fine pass habeebllah,['disgust'],"['disgust', 'surprise']",[],['disgust']
pidgin_text_764_emotion_1,ahh mummy wa na full thread how she dey make sure se you get sense how she dey always make boys happy her pepper soup free heineken omo opoorr mama is in a better place,['joy'],"['joy', 'surprise']",['sadness'],['joy']
pidgin_text_1767_emotion_1,okay well na una sabi las las,['disgust'],[],['disgust'],['disgust']
pidgin_text_2797_emotion_1,the energy wey i carry put for love if i use am learn mechanic i for don sabi repair train,"['disgust', 'sadness']","['anger', 'disgust', 'sadness', 'surprise']","['disgust', 'sadness']","['disgust', 'sadness']"
pidgin_text_2482_emotion_1,i still cant believe that upon how our mom used to tell us datmy pikin keep urselfif u near man belle don come ooit didnt stop us from tasting the d we still went ahead abeg fear nigerian women rt lets know ourselves,"['disgust', 'fear', 'sadness']","['anger', 'surprise']","['disgust', 'surprise']","['disgust', 'surprise']"
pidgin_text_6111_emotion_1,na that one dem dey see you fine meal oleey,['disgust'],['disgust'],['disgust'],['disgust']
pidgin_text_3803_emotion_1,baba help me i cant afford to miss this job all i need it small boost so i can travel down the uyo from ph e no easy to get job for this coro period,"['fear', 'sadness']","['fear', 'sadness']","['fear', 'sadness']","['fear', 'sadness']"
pidgin_text_4414_emotion_1,please help us have the fun too na we just dey god dey our side for here,['sadness'],['joy'],"['fear', 'sadness']",['sadness']
pidgin_text_5564_emotion_1,e be like say our daddy don dey ment his handle is down down,['disgust'],"['fear', 'surprise']","['disgust', 'surprise']","['disgust', 'surprise']"
pidgin_text_2710_emotion_1,i dey toast one girl yesterday she just dey cap nonsense tope if ashawo tire you do runs which one is i can manage k but im not cheap i dont sleep out ‍️,"['anger', 'disgust']","['anger', 'disgust', 'surprise']",['disgust'],"['anger', 'disgust']"
pidgin_text_5057_emotion_1,its only when im talking to someone i like ill now be slow hell now think im a mumu,"['fear', 'sadness']","['anger', 'disgust', 'surprise']","['disgust', 'sadness']","['sadness', 'disgust']"
pidgin_text_882_emotion_1,all the good good things wey we dey do for girls our reward na for heaven,['joy'],['joy'],[],['joy']
pidgin_text_3598_emotion_1,abeg no dey sweet talk me forget alhaji and that engr na ceo better pass,['disgust'],['anger'],['disgust'],['disgust']
pidgin_text_1038_emotion_1,lool leave am e don go grind rophynol put am inside sprite sense don leave am,['disgust'],"['anger', 'disgust', 'fear', 'sadness', 'surprise']",['disgust'],['disgust']
pidgin_text_4143_emotion_1,but e no go better for arsenal sha only them spoilt my beautifully cooked odds something k for don dey ready to sit for my acct now,"['anger', 'sadness']","['anger', 'sadness']","['anger', 'disgust']","['anger', 'sadness']"
pidgin_text_3193_emotion_1,my bro eh i used to initiate convos most times with ladies but my current girl sabi discuss eh sotey na me dey run,['fear'],"['anger', 'surprise']",['surprise'],['surprise']
pidgin_text_4697_emotion_1,who wan console me now just one game cut my k odds na cry get me now i swear who do me this thing abeg most times just one game stops me from winning big️ i am pained allah i cant remember who actually gave this game to atleast show,"['disgust', 'sadness']",['sadness'],"['fear', 'sadness']",['sadness']
pidgin_text_976_emotion_1,please na abeg na bros dem i dey on my knees sir biko,['sadness'],['fear'],['sadness'],['sadness']
pidgin_text_2412_emotion_1,i just dey vex i just dey quiet make e no be like say na bad belle dey do me,"['anger', 'disgust']","['anger', 'disgust', 'sadness']","['anger', 'disgust']","['anger', 'disgust']"
pidgin_text_1960_emotion_1,boss man now wey everybody don go sleep baba bless my aza make me sef do christmas,['sadness'],[],['sadness'],['sadness']
pidgin_text_1853_emotion_1,eryou no win na una plenty wey get am,['disgust'],[],['disgust'],['disgust']
pidgin_text_351_emotion_1,hot i no fit tire for the album,['joy'],"['joy', 'surprise']",['joy'],['joy']
pidgin_text_1253_emotion_1,dont listen to people telling you not to cast those gay bastards in your dm cast them abeg arrange for how we to beat them cos trust me i go follow do jungle justice on any gay guy i am angry this morning e pain me say i just dey see the whole drama,"['anger', 'disgust']","['anger', 'disgust']","['anger', 'disgust']","['anger', 'disgust']"
pidgin_text_4597_emotion_1,shey u people are seeing daddy enny now which kain love be this i say goodmorning e no reply i notified him e like my comment he still no reply,['sadness'],"['anger', 'disgust', 'sadness']","['fear', 'sadness']",['sadness']
pidgin_text_4467_emotion_1,shitttttttt tried to clean my ears with an earbud and i think i pushed the wax further in my right ear don deaf oo abeg where the doctors for my tl im panicking,"['fear', 'sadness']","['anger', 'fear', 'sadness', 'surprise']","['fear', 'sadness']","['fear', 'sadness']"
pidgin_text_1222_emotion_1,e no get wetin person no go see for dis app,['disgust'],"['anger', 'disgust', 'surprise']","['disgust', 'surprise']","['disgust', 'surprise']"
pidgin_text_4075_emotion_1,this is me going on my own oo and this truck driver is shouting auntie na you get this bumbum ahh na you get this thing like this so and im not even seeing the bumbum hes talking about,"['disgust', 'surprise']","['anger', 'disgust', 'surprise']","['disgust', 'surprise']","['disgust', 'surprise']"
pidgin_text_3235_emotion_1,happy birthday more life more mullauna don prove us say dose born in november can talk ehhh,['joy'],"['joy', 'surprise']","['joy', 'surprise']","['joy', 'surprise']"
pidgin_text_2394_emotion_1,na to return this puppy i don waste money abeg who wants a german shepherd with like k naira,['disgust'],['sadness'],['disgust'],['disgust']
pidgin_text_2706_emotion_1,una even get rejection emails and notifications my own they kept saying youre in our minds until it became obvious i no dey their mind na that time i comot hope o,['sadness'],"['anger', 'sadness', 'surprise']","['disgust', 'sadness']",['sadness']
pidgin_text_4427_emotion_1,omg this kind next level wey we dey for this nigeria e too much mcb don reduce one year oo now na three years course,['sadness'],"['anger', 'fear', 'sadness']","['sadness', 'surprise']",['sadness']
pidgin_text_5062_emotion_1,ha yee why na his time hunger con dey catch me egbon koda oo,"['fear', 'surprise']",['surprise'],"['fear', 'sadness']","['fear', 'surprise']"
pidgin_text_2917_emotion_1,im no longer patient with you people on monday im heading straight to office and every damn thing is going viral just reverse my money if you guys dont want more wahala from me,"['anger', 'disgust']","['anger', 'disgust', 'sadness']","['anger', 'disgust']","['anger', 'disgust']"
pidgin_text_3821_emotion_1,aunty e be like say you go go find this boyfriend wey you wan build for your head ooo,['disgust'],"['anger', 'disgust']",['disgust'],['disgust']
pidgin_text_2_emotion_1,yes maam you know the traffic just de reduce nah why i reach now,['sadness'],[],[],[]
pidgin_text_3771_emotion_1,ah yetty no see where the punch dey come from sha as she dey go low baba dey go lower babanla tactics,['surprise'],"['joy', 'surprise']",['surprise'],['surprise']
pidgin_text_1419_emotion_1,and somebodys daughter thinks she go born pass one for me even that one sev make e no be like say person no born ni‍️ abeg i no fit stand these things women go through biko,"['disgust', 'sadness']","['fear', 'sadness', 'surprise']","['fear', 'sadness']","['sadness', 'fear']"
pidgin_text_1839_emotion_1,tell my enemies fvck dem they know already but fvck dem tell dem again with a middle finger and a chucklehaha,"['anger', 'disgust']","['anger', 'disgust']",['disgust'],"['anger', 'disgust']"
pidgin_text_3645_emotion_1,ur just my type much love from here as a guy if u have self control believe me dats wen u will know ur worth even wit money or not no be only girls sabi do shakara wit there number i come in peace ‍‍,['joy'],['joy'],['joy'],['joy']
pidgin_text_5670_emotion_1,if na to dey carry goat upandan nw he go sabi,['disgust'],['disgust'],['disgust'],['disgust']
pidgin_text_5883_emotion_1,e neva finish oooo shooting in sango ibadan oyo state again today ️ what we need now is,['fear'],"['fear', 'surprise']","['fear', 'sadness']",['fear']
pidgin_text_72_emotion_1,im looking for a brother musa my lover oe dey russia e dey play nigeria ooo,['joy'],"['fear', 'joy']",['joy'],['joy']
pidgin_text_5802_emotion_1,my airtel just off for like minute i don dey think say dem don block me,"['fear', 'sadness']",['surprise'],"['fear', 'surprise']","['fear', 'surprise']"
pidgin_text_3939_emotion_1,wetin this girl dey sing ni,['disgust'],"['disgust', 'surprise']","['sadness', 'surprise']","['disgust', 'surprise']"
pidgin_text_1517_emotion_1,when babes like una no come toast me na one gardi dey do am na una cause am,"['disgust', 'sadness']","['anger', 'disgust', 'sadness', 'surprise']",['disgust'],"['disgust', 'sadness']"
pidgin_text_80_emotion_1,too much activities on this side no negativity no impossibility good life dey sweet me for body nothing wey dey bother me because oluwa cover me princemabbey opeloyeruquadri salako,['joy'],['joy'],['surprise'],['joy']
pidgin_text_5194_emotion_1,bros thank u e dey pain me eh me that from day was smooth sailing up to now only for them to my dear bros dirty laidis e dey pain me walahi i really hope d number goes through and good service to ease d pain can resume just finished a guitar tutorial on youtube sef,"['disgust', 'sadness']","['anger', 'disgust']","['anger', 'disgust', 'sadness']","['disgust', 'sadness', 'anger']"
pidgin_text_3790_emotion_1,you just dey take people papa dey play jogba abi you sure say you dey any online you nor get my account number which one k again,['disgust'],['anger'],"['disgust', 'surprise']",['disgust']
pidgin_text_1877_emotion_1,dis was d day i broke d vow of not voting in ultimateloveng after seeing how cute they both look in dis outfit i ddnt kw wen i picked up my fone and gave them sms vote dis was hands down their best outfit,"['joy', 'surprise']","['joy', 'surprise']","['joy', 'surprise']","['joy', 'surprise']"
pidgin_text_4568_emotion_1,gone are those days when we used to have rainy and dry seasons in nigeria now we have the e be like say rain wan fall season and the this heat wan kill person season,"['disgust', 'sadness']","['disgust', 'sadness', 'surprise']","['fear', 'sadness']","['disgust', 'sadness']"
pidgin_text_5886_emotion_1,lmao so na you wan marry abi after all that i did to you im not proud of you son,['disgust'],"['disgust', 'surprise']",['disgust'],['disgust']
pidgin_text_2433_emotion_1,from this part of the whine slow till the girl na your love wey dey ginger me gets to me play me this part and youll have me,[],['joy'],['disgust'],[]
pidgin_text_673_emotion_1,peace be unto my and lfc fans if una wan carry league nah you sabi just free th place nah only one year remain for wenger,['fear'],[],['disgust'],[]
pidgin_text_2658_emotion_1,men nor dey smile government nor dey try when u hear say e red the red the enter eye,"['disgust', 'sadness']","['anger', 'fear', 'sadness']","['anger', 'sadness']","['sadness', 'anger']"
pidgin_text_121_emotion_1,laughter wan kill me oooo,['joy'],['joy'],['joy'],['joy']
pidgin_text_6045_emotion_1,yess esp de bruyne he was a class act today peps team is exuding so much confidence and there is no sign of complacency as a man utd fan i dey vex,"['anger', 'disgust']",['sadness'],"['anger', 'disgust']","['anger', 'disgust']"
pidgin_text_3091_emotion_1,why dem come dey paaaraaaa paaaara paaarraaa paraaaa for me,"['disgust', 'surprise']","['anger', 'surprise']",['surprise'],['surprise']
pidgin_text_5646_emotion_1,e get sth wey dey my mind make nobody insort me abeg but these crotchet mini tops skirts shortsknicker bralette etc una dey wear am comot like to go out with somebody youd wear crotchet crop top and skirt,['surprise'],"['disgust', 'surprise']","['disgust', 'surprise']","['surprise', 'disgust']"
pidgin_text_2932_emotion_1,if we had gone ahead with that election and they declare some states inconclusive na una go come twitter come dey shout oooo,['disgust'],"['anger', 'disgust', 'sadness']",['disgust'],['disgust']
pidgin_text_731_emotion_1,alaye e don do stop explaining for them i don delete tweet dem go rest,['disgust'],['anger'],['anger'],['anger']
pidgin_text_5862_emotion_1,e don spoil oo biggie already calling his children back home,"['disgust', 'fear', 'sadness']","['fear', 'surprise']","['disgust', 'surprise']","['disgust', 'fear', 'surprise']"
pidgin_text_1675_emotion_1,sips water my personal o jewa ke eng the evil caterers of the dream realm decided to test me but i no chop last last i woke up very very very hungry the aroma of ewa and dodo breezed past i dashed to the kitchen pots were clean na next house dey cook am mi o jewa o,['sadness'],"['sadness', 'surprise']",['sadness'],['sadness']
pidgin_text_487_emotion_1,for not proving point is just a class nengi above em yeey e restrict airflow jor,['joy'],"['anger', 'joy']",['joy'],['joy']
pidgin_text_5419_emotion_1,dude i remember in jss i just got into fgc ikirun jjc i no sabi how e dey go i was flashing my bright torchlight at night feeling happy suddenly someone just flashed one weak one in my eyes snatched my torchlight and dropped his own for me i almost cried that day,['sadness'],['surprise'],['disgust'],[]
pidgin_text_5823_emotion_1,and una say una plan nobi to dey collect person babe like this with benz for abuja hiking,"['disgust', 'fear']","['anger', 'fear', 'surprise']","['disgust', 'fear', 'surprise']","['disgust', 'fear', 'surprise']"
pidgin_text_1843_emotion_1,lol its kuku all of you im talking to small thing una don dy analyse they apportion blames,['disgust'],"['disgust', 'surprise']",['disgust'],['disgust']
pidgin_text_97_emotion_1,e don scatter street laidis ooo,['surprise'],"['fear', 'surprise']",[],['surprise']
pidgin_text_1498_emotion_1,a whole vice president is infected with the virus vp wey no dey enter public transport o wey no dey stand for bus stop ha,"['fear', 'surprise']","['fear', 'surprise']","['fear', 'surprise']","['fear', 'surprise']"
pidgin_text_2034_emotion_1,mehnnnnnn na those kain things dey prolong man life o,['surprise'],"['joy', 'surprise']",['surprise'],['surprise']
pidgin_text_4565_emotion_1,they are nice beautiful till u wan marry demmoney u will spend is enough to buy lands and build houses then after u marry dem once dem born chai oluwa fatty,['disgust'],"['disgust', 'surprise']","['disgust', 'fear']",['disgust']
pidgin_text_85_emotion_1,e dey sweet my belle die,['joy'],['joy'],['joy'],['joy']
pidgin_text_1775_emotion_1,una wan start like this lol abi the virus catch una,"['disgust', 'surprise']","['anger', 'disgust', 'fear', 'sadness', 'surprise']",['surprise'],"['disgust', 'surprise']"
pidgin_text_5336_emotion_1,dont mind the guy after all the money wey e dey make for writing e still want dey disturb us wey no get,"['disgust', 'sadness']",['anger'],['disgust'],['disgust']
pidgin_text_1501_emotion_1,i really want to whine him but e fit mute me again make i no dey see his status,['fear'],['fear'],['fear'],['fear']
pidgin_text_3209_emotion_1,you went off on dis album man its super lit you went off on dis album man its super lit you went off on dis album man its super lit you went off on dis album man its super lit you went off on dis album man its super lit,['joy'],[],['joy'],['joy']
pidgin_text_400_emotion_1,if say as i dey think na so e dey happen ehn na norway i for dey chill like this but here i am unable to sleep because of toothache,['sadness'],"['anger', 'sadness']",['sadness'],['sadness']
pidgin_text_5487_emotion_1,goddddddddddd dcode na lie abegna alupu dey set rules for the house give mulla e ogaabi nor be mulla be oga for the house,['disgust'],['surprise'],"['disgust', 'surprise']","['disgust', 'surprise']"
pidgin_text_2574_emotion_1,na so e tk dey start o,"['disgust', 'fear']",['fear'],"['disgust', 'fear']","['disgust', 'fear']"
pidgin_text_3307_emotion_1,true love story this one is for you you you and you baba don enjoy na same situation me and you dey but no worry the man above go help us,['joy'],['sadness'],['joy'],['joy']
pidgin_text_2409_emotion_1,last month bcus dem use iphone colet my baby wet i don dey save for years and i still dey cry now too‍️,"['disgust', 'sadness']","['anger', 'sadness']","['disgust', 'sadness']","['disgust', 'sadness']"
pidgin_text_1213_emotion_1,na date dey thrill una ordinary date for calendar oo una go need begin smoke weed oo,"['disgust', 'surprise']","['disgust', 'surprise']","['disgust', 'surprise']","['disgust', 'surprise']"
pidgin_text_1014_emotion_1,i don finish crap wey dey smell like adult own no more eba for them more coco pops,['disgust'],"['anger', 'disgust', 'sadness']",['disgust'],['disgust']
pidgin_text_728_emotion_1,on a special day like this clean babe like me na dem dey rush us,['joy'],"['joy', 'surprise']",['joy'],['joy']
pidgin_text_1527_emotion_1,e don tey wey fkabudu block me now im feeling like a bad person seeing all the good shes doing,"['disgust', 'sadness']","['anger', 'fear', 'sadness', 'surprise']",['sadness'],['sadness']
pidgin_text_5629_emotion_1,he say ayiri dey laugh am say nobody from ugbori don blow and its an insult unto him e come be like say na bros gandos be oba of ugbori because i no come dey understand again he even say when dem build house on top him papa grave ugbori peeps no treat the matter well,"['disgust', 'surprise']",['sadness'],"['disgust', 'surprise']","['disgust', 'surprise']"
pidgin_text_4690_emotion_1,i no dey see pissure again o and my vpn dey on e dey show london no be juju be dis,"['fear', 'surprise']",['surprise'],"['sadness', 'surprise']",['surprise']
pidgin_text_1511_emotion_1,i no dey carry food play abeg na god name i carry beg you delete your tweet abeg dont be like this its to early on a friday morning na,['sadness'],['anger'],['sadness'],['sadness']
pidgin_text_3261_emotion_1,people eye don dey open oo,['surprise'],['surprise'],['surprise'],['surprise']
pidgin_text_5427_emotion_1,cbs fb mf st ibra was a free agent sanchez a swap e never reach sef we had issues in a lot of places before he came barest minimum is lb and a rw unfortunately he wont get that,"['disgust', 'sadness']",['sadness'],['disgust'],"['disgust', 'sadness']"
pidgin_text_5470_emotion_1,omo person wen i dey depend on for christmas don dey call me boss,"['sadness', 'surprise']",['surprise'],"['fear', 'sadness']","['sadness', 'surprise']"
pidgin_text_5389_emotion_1,wetin dey happen make rose dey calm down,"['disgust', 'surprise']",['disgust'],"['disgust', 'surprise']","['disgust', 'surprise']"
pidgin_text_1045_emotion_1,lol im angry ill say we av work by pm on friday you go dey tell me say e too late for you to travel,"['anger', 'disgust']","['anger', 'sadness', 'surprise']","['anger', 'surprise']","['anger', 'surprise']"
pidgin_text_3813_emotion_1,car wey woman for don buy give you since buh no you no wan dey useful ‍️,['disgust'],['anger'],['disgust'],['disgust']
pidgin_text_4993_emotion_1,cordinator stop all these nysc sense wey we dey always use for sojo na be punctual and buy ticket ni joo,['disgust'],['disgust'],['disgust'],['disgust']
pidgin_text_324_emotion_1,life is precious please stop wasting it that partner wey make you wan kill yourself if you stay alive you go see beta one oo that degree wey no first reach your hand if you stay alive,['sadness'],"['anger', 'disgust', 'sadness', 'surprise']",['disgust'],"['sadness', 'disgust']"
pidgin_text_1629_emotion_1,i think say na only me hear that nonsense talk na now i realize say jay dey very immature forget the beard dude reasons like a teenager,['disgust'],"['anger', 'disgust', 'sadness', 'surprise']",['disgust'],['disgust']
pidgin_text_4650_emotion_1,my dear shift for me let me cry abeg im tired‍️‍️ small thing dey will ask u savings or current omg who did i offend o‍️,"['fear', 'sadness']","['anger', 'disgust', 'sadness']",['sadness'],['sadness']
pidgin_text_2674_emotion_1,e be like them don chop that rapper biscuit run see as e dey cry for twitter,"['disgust', 'surprise']","['disgust', 'fear']","['fear', 'surprise']","['disgust', 'surprise', 'fear']"
pidgin_text_6054_emotion_1,belle don dey pain me again how long will i live with this pain lai shey cramps,"['disgust', 'fear']",['sadness'],"['fear', 'sadness']","['fear', 'sadness']"
pidgin_text_558_emotion_1,na lie na who de castigate a whole coal city like this oh boy take time you will be amazed you know when we don de go cinema for enugu during the days of eastern shop leventis when enugu was hub for the whole eastern states stop it,['surprise'],['anger'],['disgust'],[]
pidgin_text_3913_emotion_1,na my ticket dey me important pass you people should not beat dem more than o,"['disgust', 'fear']",['joy'],"['disgust', 'fear']","['disgust', 'fear']"
pidgin_text_6117_emotion_1,i know say no dey carry last in signing good artist omo this good o am still listening since morning don pls send me money now make i use flex i know go vex i understand ayra talk am,['joy'],['joy'],['sadness'],['joy']
pidgin_text_4980_emotion_1,exam dey by and hin be like say storage don full book no fit enter my head right now wetin sup michael my brain dey project a different image for my head and i no fit stop am cause the image still dey pop up weather na bastard abeg,"['disgust', 'fear', 'sadness']",['surprise'],"['disgust', 'sadness']","['disgust', 'sadness']"
pidgin_text_1906_emotion_1,person dey perform others dey collect awards baba think say na headies wey if you perform at least one award sure for you,['disgust'],['surprise'],['disgust'],['disgust']
pidgin_text_5551_emotion_1,we dey fight for a better nigeriadis werey dey here dey do him own evil work e sir we re coming for u soon,['anger'],"['anger', 'disgust', 'surprise']","['anger', 'disgust']","['anger', 'disgust']"
pidgin_text_232_emotion_1,these girls must be drinking some special kinda water down southloving this glow loving this sass chai roast us small small with dis una swag abeg we are your sacrifice chai,"['joy', 'surprise']",['joy'],"['joy', 'surprise']","['joy', 'surprise']"
pidgin_text_4206_emotion_1,you see those ones wey dey change paper to money i no dey believe say dem dey exist until d day dem run me pure street since last year sept i still dey think about my k till today na k these bastards use to cover d perfectly cut cartons wey be like real money ot of life,"['disgust', 'sadness']","['anger', 'fear', 'sadness']","['anger', 'sadness', 'surprise']","['sadness', 'anger']"
pidgin_text_3500_emotion_1,ur waka don pay u na u don turn person husband,['surprise'],['surprise'],['surprise'],['surprise']
pidgin_text_2652_emotion_1,exactly the bills ure paying doesnt comfort u im migrating to ogba now because no light for days you dey see im ready to move to my village now,"['disgust', 'sadness']",['sadness'],['sadness'],['sadness']
pidgin_text_5599_emotion_1,see wetin i yarn that time someone got those hotels for don record u handed over bodies to soldiers way dey shoot,['sadness'],[],['disgust'],[]
pidgin_text_310_emotion_1,i love fried chicken make e dry well no our am for soup o if you come fry local chicken wey don tey for street,['joy'],['joy'],['joy'],['joy']
pidgin_text_328_emotion_1,no be person wey first call police dey win case cross de boss spill out dear im loving the conversation with queen cross,['joy'],"['anger', 'joy']",['surprise'],['joy']
pidgin_text_4368_emotion_1,na person wey get money dey cuddle nice one sapa,['sadness'],['sadness'],"['disgust', 'sadness']",['sadness']
pidgin_text_713_emotion_1,which one is behind again loool who dis prity boy sweetie do u ave a behind to go wit dat face,['surprise'],"['joy', 'surprise']","['joy', 'surprise']","['surprise', 'joy']"
pidgin_text_5943_emotion_1,u wey vex anyhow wetin u don commission the toilet was built by ngo a foreign one for that matterare u wiser than them,['disgust'],['anger'],['disgust'],['disgust']
pidgin_text_29_emotion_1,i will go to this law school very soon una don dey push me thank you sir,['sadness'],['anger'],['disgust'],[]
pidgin_text_3121_emotion_1,has blown on nigerian twitter since the don epp episode don epp finally don epp person,['surprise'],['surprise'],"['joy', 'surprise']",['surprise']
pidgin_text_644_emotion_1,too many cute things this young man has been around this his little girl ever since they moved into the ward already singing sef haaa all no be money o,['surprise'],"['joy', 'surprise']","['joy', 'surprise']","['surprise', 'joy']"
pidgin_text_5841_emotion_1,abeg abeg everybody should stay their fathers house until e don do dem,"['disgust', 'fear']",['anger'],['disgust'],['disgust']
pidgin_text_4710_emotion_1,after this hate and selfish speech i hereby give up make i go dust my book abeg if youre going to the abroad even if na namibia please i dont mind being your guide o we moveeee god fit use you o,"['anger', 'disgust']","['anger', 'disgust', 'fear', 'sadness', 'surprise']","['disgust', 'sadness']","['anger', 'disgust', 'sadness']"
pidgin_text_2744_emotion_1,ah i run commot from lagos go village cos of corona now e don come meet me for this side,"['fear', 'sadness']","['anger', 'fear', 'sadness', 'surprise']","['fear', 'sadness']","['fear', 'sadness']"
pidgin_text_2290_emotion_1,wawu so some verified celebrities dey this app wey no dey get reach likes per post,['surprise'],['surprise'],['surprise'],['surprise']
pidgin_text_4345_emotion_1,omo if by next week i start dropping motivational quotes abeg send me money cuz e don happen e get the kind balance wey i see for my account now e fit cause depression,"['fear', 'sadness']",['surprise'],"['fear', 'sadness']","['fear', 'sadness']"
pidgin_text_4142_emotion_1,gej mumu aboki wey dey claim igbo,['disgust'],['disgust'],"['anger', 'disgust']",['disgust']
pidgin_text_3180_emotion_1,i nor know waity dey happen to me since yesterdayoo i just dey talk dey talk inside warri abeg make una go tell my mama say i don sabi preach bible,"['fear', 'surprise']",['surprise'],['fear'],"['fear', 'surprise']"
pidgin_text_2938_emotion_1,na why your life dey like this you don chop all the suya it don full your head,['disgust'],"['disgust', 'surprise']",['disgust'],['disgust']
pidgin_text_4874_emotion_1,den cos somone carry iphone x go village dem go say em dey enjoy lagos life,"['disgust', 'sadness']","['anger', 'sadness', 'surprise']",['disgust'],"['disgust', 'sadness']"
pidgin_text_4836_emotion_1,new broom go sweep better make una no come again ooooo him no be anybody mate we nor dey drag with una gods grace for him life can never be stopped young stunner ika set awon p diddy baddest,"['disgust', 'joy']","['anger', 'joy']",['sadness'],['joy']
pidgin_text_2555_emotion_1,loool dem don do turkey intl yahoo yahoo,['surprise'],"['disgust', 'fear', 'surprise']",['surprise'],['surprise']
pidgin_text_1748_emotion_1,to level up dem dey happy the club dey vex me tomorrow is another day,"['anger', 'disgust']","['anger', 'disgust']",['anger'],"['anger', 'disgust']"
pidgin_text_12_emotion_1,if to say i be matter wey dey sup i for don enter trend table now i got some more juice for the next days guys ‍️️ thanks to yall imma keep being your and,['joy'],['joy'],['joy'],['joy']
pidgin_text_2435_emotion_1,me i dont have problem with the asun na something wey i fit enter my wife kitchen run in less than mins but you see that suya abeg where i fit get something like that exactly or almost exactly for this kd today laidis don allah a taimaki danuwa,['sadness'],[],['sadness'],['sadness']
pidgin_text_181_emotion_1,abeg as from todaymake una know wetyn una suppose dey post for i want make this year fasting meet allah with clean sheetall post wey go make dey say wa iyyazubillahastaghfirullah subhanallah abeg una leave them till after ramadanthanks for una understanding,"['disgust', 'fear']","['anger', 'sadness']",['fear'],['fear']
pidgin_text_927_emotion_1,tacha has forced me to start carrying bottle water everywhere i hear its a massive boost for a smooth skin yet nigerians couldnt even see that positive thing about her o but na to slander and insult her una sabi try looking at the good sometimes,['disgust'],"['disgust', 'surprise']",['disgust'],['disgust']
pidgin_text_5349_emotion_1,e dey everywhere for nigeria during the construction of road for one of our houses dem demolished some parts make we repair na him dem bail us die,"['disgust', 'sadness']",['disgust'],"['disgust', 'sadness']","['disgust', 'sadness']"
pidgin_text_2455_emotion_1,me wey i don dey fine peace of mind up n down i thank god i found you bayi,['joy'],['joy'],['joy'],['joy']
pidgin_text_5197_emotion_1,mentor wey you nor dey follow him ways you don see any girl come claim me for twitter you nor dey learn well,['disgust'],['sadness'],['disgust'],['disgust']
pidgin_text_2928_emotion_1,tell them the truth joor which one is the louder your amen the louder your testimony mtchew abegi joor na express you dey go so o,['disgust'],"['anger', 'disgust']",['disgust'],['disgust']
pidgin_text_5546_emotion_1,my guys and i are just roaming the streets of ogba looking for cheap street food that we might not even eat i no get appetite sef asas eye adaba is the soundtrack for tonight this thing pain us o e pain us we are depressed together,['sadness'],['sadness'],"['disgust', 'sadness']",['sadness']
pidgin_text_1821_emotion_1,and he is still a senator dis protest im sure is the beginning of good things to happen in dis country,"['joy', 'surprise']","['anger', 'joy', 'surprise']",['surprise'],"['joy', 'surprise']"
pidgin_text_5490_emotion_1,i swear musa don suffer e be things musa dey see,"['disgust', 'sadness']","['sadness', 'surprise']","['disgust', 'surprise']","['disgust', 'sadness', 'surprise']"
pidgin_text_2552_emotion_1,efe too like ass shadey carry wetin big pass am,['disgust'],['disgust'],['disgust'],['disgust']
pidgin_text_3648_emotion_1,im not regular at this but and no need to compare you guys because good is understatement fabulous is the word the only comparison is between you guys and those mumu haters that cant boost of anything make una dey give us good vibes,['joy'],"['disgust', 'joy']",['joy'],['joy']
pidgin_text_947_emotion_1,all i just want now na padi wen go dey look me like fresh tomatoes as we dey gist just like dey look goals,['sadness'],['joy'],[],[]
pidgin_text_904_emotion_1,like for real mehn shelby and cigar=and na this guy dey make me dey use cigarette do lipstick,['joy'],['joy'],"['joy', 'surprise']",['joy']
pidgin_text_3810_emotion_1,tonypls stop calling tht name corsecana whch kin country be dat sefin all my yrs in geographydat name nawaa,"['disgust', 'surprise']",['disgust'],"['disgust', 'surprise']","['disgust', 'surprise']"
pidgin_text_3402_emotion_1,time like this in those days i and olayemi go dey waka up and down like sheep wey lost we go dey look for wetin wey no lost i miss the young innocent days merry christmas,['sadness'],['joy'],['sadness'],['sadness']
pidgin_text_3033_emotion_1,walahi e dey pain dem awon feminist oniranu u go think say na man gbenro dey flaunt,['disgust'],"['disgust', 'sadness']",['disgust'],['disgust']
pidgin_text_3455_emotion_1,kpo kpo didi personally this song dey give me joy yall go get my brothers ep n bless your ears redeye by is out everywhere ep wey dey increase lifespan university of lagos,['joy'],['joy'],['joy'],['joy']
pidgin_text_5779_emotion_1,once stepped out to buy stuff the girl say around yrs i met there sitting with her mum i addressed her as lady mama change am for me oh shes not a lady na so una dey take spoil peoples daughters shes not a lady na girl biko ha,"['disgust', 'surprise']","['anger', 'surprise']","['disgust', 'surprise']","['disgust', 'surprise']"
pidgin_text_1053_emotion_1,uncle sola abeg na my girlfriend follows you dont put sand sand in my garri,"['fear', 'sadness']","['fear', 'sadness']",['fear'],"['fear', 'sadness']"
pidgin_text_1963_emotion_1,say it with a cake guys weve gat you like seriously why wont she say yes after seeing this cutie in white ️ if na you nko wetin you for talk off course ill say yes plenty times na how,['joy'],"['joy', 'surprise']",['surprise'],"['joy', 'surprise']"
pidgin_text_5006_emotion_1,try and collect the cap back and see if they will even return it play play i don lose all my caps once any babe visits me they take your cap and ask you to rate if it fits themthe only cap i have like this na cap wey i take dey wear native,"['disgust', 'sadness']","['anger', 'sadness', 'surprise']","['disgust', 'sadness']","['disgust', 'sadness']"
pidgin_text_1422_emotion_1,i had to remind my tailor to allow me breathe because this waist snatching is becoming something else please my dear let me breathe na who dey alive dey wear asoebi,['disgust'],"['disgust', 'fear', 'sadness']",['fear'],"['disgust', 'fear']"
pidgin_text_5583_emotion_1,who go con dey gist with me,['sadness'],['fear'],"['disgust', 'fear', 'surprise']",['fear']
pidgin_text_1155_emotion_1,dey never dark reach where una dey ahbi,['surprise'],[],['disgust'],[]
pidgin_text_3871_emotion_1,go ask wetin happen wen i score adamawa keeper dey there dey find me for aerial ball witch,['disgust'],"['joy', 'surprise']",[],[]
pidgin_text_2972_emotion_1,una dey craze tik tok and d husband and wife person wey post this thing rie nsi,['disgust'],['anger'],['disgust'],['disgust']
pidgin_text_2214_emotion_1,this is a huge lie they are busy doing stop and search abeg make una no dey give us lamba,['disgust'],"['anger', 'disgust', 'sadness', 'surprise']",['disgust'],['disgust']
pidgin_text_2978_emotion_1,e don dip finish abeg make e go up make i comot body i wan come down,['sadness'],"['anger', 'sadness', 'surprise']",[],['sadness']
pidgin_text_1111_emotion_1,how do you feel for this thing wey you dey do so,"['disgust', 'surprise']","['anger', 'disgust', 'surprise']","['disgust', 'surprise']","['disgust', 'surprise']"
pidgin_text_413_emotion_1,what better way to start a week our chops they give life na customer testimony no we are here to treat you ryt so start placing your orders and have a beautiful day we are taking orders for the week,['joy'],['joy'],['joy'],['joy']
pidgin_text_4469_emotion_1,i used one of your atm gtb for ekenwan road benin city branch withdrawal today i was debited and didnt get paid i still havent gotten a reversal till now abeg make una reverse my k nor be for this kind economy person dey lost k,"['anger', 'sadness']",['anger'],"['disgust', 'sadness']","['anger', 'sadness']"
pidgin_text_1551_emotion_1,why e be say any club wey i support dey collect piping why,"['fear', 'sadness']","['anger', 'disgust', 'sadness', 'surprise']",['surprise'],"['sadness', 'surprise']"
pidgin_text_3929_emotion_1,you don see am de no need armored tank again e don clear now na buhari computer dem de set,"['disgust', 'sadness']","['fear', 'surprise']",['disgust'],['disgust']
pidgin_text_361_emotion_1,e don do oh plix dear come back i miss you and im sure does too,['sadness'],"['joy', 'sadness']",['sadness'],['sadness']
pidgin_text_898_emotion_1,my broda i no get colleague u don see me dey do bant before or post any act they trash am there are things i do and there are things i dont im a lover of good music regardless of the act,[],['joy'],[],[]
pidgin_text_2082_emotion_1,onions be testing my grocery shopping skills because what in the is this st frame is ooó nd frame is worth because a bag is wahala for who no dey chop food without onions what is the cost of onions in your area saturday is shopoclock,"['disgust', 'sadness']","['anger', 'sadness', 'surprise']","['sadness', 'surprise']","['sadness', 'surprise']"
pidgin_text_1432_emotion_1,wey man go dey see bear like say e dey pepper soup joint i no do,"['disgust', 'surprise']","['disgust', 'surprise']",['disgust'],"['disgust', 'surprise']"
pidgin_text_4402_emotion_1,i always dey pity for some people wey dey talk say them no fit dey fear god make them still dey fear human being like them ur name nah sorry them go chop yah raw flesh you don see where wife they tell husband say nah me dey behind your brokenness,"['disgust', 'surprise']","['disgust', 'surprise']","['disgust', 'surprise']","['disgust', 'surprise']"
pidgin_text_3833_emotion_1,he hushed everyone in his words the trust wey i get for una una don break am this night who come tiff phone wey dem dey charge for my room i could only hear frogs croaking from the gutters outside the silence was epic he had a generator and he used to let housemate,"['anger', 'disgust', 'surprise']","['sadness', 'surprise']",['anger'],"['anger', 'surprise']"
pidgin_text_5944_emotion_1,i dont like the way your header looks at me when i enter your page e dey look me like i wan thief something,"['disgust', 'fear']","['anger', 'disgust']","['disgust', 'fear']","['disgust', 'fear']"
pidgin_text_661_emotion_1,hello fam a pleasant morning to you its time to catch a glimpse of some of our team dont mind us like say una wan go use us collect money for bank anyhow wey im be sha see some of us one day ehn una go,['joy'],"['fear', 'joy']",['disgust'],['joy']
pidgin_text_5421_emotion_1,but talk true o this ur selection no dey weird for ur eye as person wey dey watch wella,"['disgust', 'surprise']",[],"['disgust', 'surprise']","['disgust', 'surprise']"
pidgin_text_3665_emotion_1,ahhhh na man u dey fall in ove with,['surprise'],[],['surprise'],['surprise']
pidgin_text_649_emotion_1,my nigga na her typedont know if shes still in tho married with a kid now haaaa this hit me in the heart man the guy con dey bear my name again brings back so many memories i wanna forget god is good fam,['sadness'],"['joy', 'sadness', 'surprise']","['disgust', 'sadness']",['sadness']
pidgin_text_722_emotion_1,happy married life john adedapo and regina titilayo god bless you and dwell in your new home john youre now a married man make sure you chop well and get fat abeg na bachelor like me suppose dey look thin and dont forget to name your son adewale,['joy'],['joy'],['joy'],['joy']
pidgin_text_1580_emotion_1,e fit be cow i carry takeaway when they give me price i was like huh what i chop,"['disgust', 'surprise']",['surprise'],"['disgust', 'surprise']","['disgust', 'surprise']"
pidgin_text_4217_emotion_1,no light heat come dey againand our forever tenantmosquitoes dey also do their job which kind wahala be this,"['disgust', 'sadness']","['anger', 'sadness']","['disgust', 'sadness']","['disgust', 'sadness']"
pidgin_text_4471_emotion_1,how una dey do this love thing sef bcs me i don tire laidis,"['sadness', 'surprise']","['sadness', 'surprise']","['sadness', 'surprise']","['sadness', 'surprise']"
pidgin_text_2743_emotion_1,i de vex for you you forgot your lil sis,"['anger', 'surprise']","['anger', 'sadness', 'surprise']","['anger', 'disgust']","['anger', 'surprise']"
pidgin_text_2426_emotion_1,but wait oo abeg davido no vez na true say you fight with burna boy or na rumor,"['disgust', 'surprise']",['surprise'],['surprise'],['surprise']
pidgin_text_4170_emotion_1,wetin do una for breast sef una too dey hold am for this bird app why ‍️,"['disgust', 'surprise']","['anger', 'disgust', 'surprise']","['anger', 'disgust']","['disgust', 'surprise', 'anger']"
pidgin_text_192_emotion_1,all of dem dey dia dey shout my guy yousef just dey groove dey chill with different babes like dis,['surprise'],['joy'],['surprise'],['surprise']
pidgin_text_1176_emotion_1,everywhere on my whatsapp its loom this loom that k to get k and all the likes nigerians no dey learn lesson until e go do dem like feem,"['disgust', 'surprise']","['disgust', 'surprise']","['disgust', 'surprise']","['disgust', 'surprise']"
pidgin_text_1715_emotion_1,calm down for wetin aboi you nor see wetin dey happen,['disgust'],['anger'],['disgust'],['disgust']
pidgin_text_1464_emotion_1,jetawo sef dey call me boss why you dey follow them whine me like this,"['disgust', 'sadness']","['sadness', 'surprise']","['fear', 'sadness']",['sadness']
pidgin_text_883_emotion_1,na project pastor chris sure pass the way i dey look am make i still dey observe am first we go start in months time,['joy'],['fear'],['surprise'],[]
pidgin_text_2227_emotion_1,na who de crase de quick bring up mental health issues,['disgust'],['disgust'],['disgust'],['disgust']
pidgin_text_2508_emotion_1,do you know if it was the lady that said baby i dont like condon cum inside me i wont get pregnant im not a baby ill definitely take care of myself then when e don burst she change am for you,['disgust'],"['anger', 'sadness', 'surprise']",['disgust'],['disgust']
pidgin_text_1800_emotion_1,| w e e k e n d j o y | when you over deliver thank you for making the process stressless had my heart in my mouth until,['joy'],"['joy', 'surprise']",['joy'],['joy']
pidgin_text_5587_emotion_1,ode niyin walaiyou are abelejayannnn rd wey dey give you joy with your fc jersey i still collect am from you after beating you home and away you better shut f up,['disgust'],['anger'],['disgust'],['disgust']
pidgin_text_1776_emotion_1,is there no way we can erase and let come haba its like theyve used this b see the wahala wey e carry come and we are still in march smh,"['disgust', 'sadness']","['anger', 'disgust', 'fear', 'sadness', 'surprise']",['sadness'],"['disgust', 'sadness']"
pidgin_text_4732_emotion_1,lol wahala for the babe wey dey always tell wiz something o everytime she tell me say she tell me say lol abeg make the babe dey continue to dey tell am better something make e dey sing better for us,"['joy', 'surprise']",['joy'],['joy'],['joy']
pidgin_text_607_emotion_1,good morning abeg i won wake up my customers with a cold water to tell them say today na tuesday make dem dey rush me for shop,['fear'],['joy'],[],[]
pidgin_text_2874_emotion_1,lol baba dey change squad like say na friendly b every game im tired,['disgust'],"['anger', 'fear', 'surprise']",['disgust'],['disgust']
pidgin_text_4318_emotion_1,fearless don start again my dm dey open na abi wetin dey happen ah never see anything,"['disgust', 'fear']",['anger'],"['fear', 'surprise']",['fear']
pidgin_text_158_emotion_1,bae wit sauce be my sunshine,['joy'],['joy'],['joy'],['joy']
pidgin_text_3592_emotion_1,as supposed make una wire my acct make i follow una dey see front,['sadness'],['joy'],[],[]
pidgin_text_3027_emotion_1,lmao dont kill me abeg e say na tech,"['disgust', 'surprise']",[],"['joy', 'surprise']",['surprise']
pidgin_text_281_emotion_1,song of the century ooo nobody wey no fit to make am ooo o baby mi,['joy'],[],['joy'],['joy']
pidgin_text_4730_emotion_1,at this point im proud to say im a member of tho i no dey attend membership class,['joy'],['joy'],"['joy', 'surprise']",['joy']
pidgin_text_5491_emotion_1,and make una refund me my money where una carry cause dey debit me twice for package where get as he be,['disgust'],"['anger', 'disgust', 'surprise']",['disgust'],['disgust']
pidgin_text_2201_emotion_1,na the kind people una dey argue with on twitter be this,"['disgust', 'surprise']",['disgust'],"['disgust', 'surprise']","['disgust', 'surprise']"
pidgin_text_1987_emotion_1,just a reminder sabi this work mehnnnnnnnn how human being go just good like this wetn be all these pls give us another mix na abeg na okay give only me abeg na,"['sadness', 'surprise']",['sadness'],"['joy', 'surprise']","['sadness', 'surprise']"
pidgin_text_2681_emotion_1,im very sure say mobile police officers wey dey nigeria of dem na escorts for anambra state for this christmas ‍️,['disgust'],"['anger', 'disgust']",['disgust'],['disgust']
pidgin_text_4713_emotion_1,abeg use style check my media you fit see wetin you like i don broke ejhooorbikoibegpleasembok,['sadness'],[],['sadness'],['sadness']
pidgin_text_5327_emotion_1,all dem sabi na to pursue people with beards and afro smh,['disgust'],['disgust'],"['anger', 'disgust']",['disgust']
pidgin_text_4942_emotion_1,eheeeen so this na man utd bank sef and i didnt know before now me im a proud city fan and i dont associate myself with anything man u same reason i stopped patronizing chivita time to change bank,"['disgust', 'surprise']","['anger', 'disgust', 'surprise']","['disgust', 'surprise']","['disgust', 'surprise']"
pidgin_text_2783_emotion_1,e too dey scenti nor dey like am,['disgust'],['disgust'],['disgust'],['disgust']
pidgin_text_3481_emotion_1,im excited tomorrow is the birthday of the best man on planet earth the yin to my yang my partner and support system my lover and friend his first birthday as a dad omo i cant wait e dey sweet me for belle,['joy'],"['joy', 'surprise']",['joy'],['joy']
pidgin_text_5501_emotion_1,na so dem go continue to dey collide,['disgust'],['disgust'],['disgust'],['disgust']
pidgin_text_154_emotion_1,e be like time don reach wey i go marry im just in my feelings make this wedding do make i go house btw yorubas can party sha,['joy'],"['anger', 'joy', 'sadness', 'surprise']","['joy', 'surprise']","['joy', 'surprise']"
pidgin_text_5902_emotion_1,all of una wey dey tell me say una love me make i no see una for my dm again ooo,['disgust'],['anger'],"['anger', 'disgust']","['disgust', 'anger']"
pidgin_text_5471_emotion_1,on saturday them bring am o i say i will give them mins to be sure they have made up their mind on giving us power after mins light still dey i happy go off gen as i enter house wan siddon light fiaaaaam which kain we get for agungi sef,"['disgust', 'sadness']","['anger', 'disgust', 'surprise']","['anger', 'disgust']","['disgust', 'anger']"
pidgin_text_5805_emotion_1,wow so you are married im also a married man that makes us compatible na dem ooo thunder fire your wandering shafts,"['anger', 'disgust']","['anger', 'disgust']","['anger', 'disgust']","['anger', 'disgust']"
pidgin_text_312_emotion_1,hows your family na hin i dey wait for,['sadness'],[],[],[]
pidgin_text_3343_emotion_1,zenith bank baba i don dey try since abeg help me out mk i buy small foodstuff for house,['sadness'],['sadness'],['sadness'],['sadness']
pidgin_text_652_emotion_1,the film makes sense die the action na selense them just dey shoot people dey jump building the fight ehhh chai e too sweet e get some people dem no dey die and them dey helep people but one man con betray them sha but the new recruit wey no dey die con save the others,"['joy', 'surprise']","['joy', 'surprise']","['joy', 'surprise']","['joy', 'surprise']"
pidgin_text_2851_emotion_1,the man that cant answer a simple question is the one calling me a coward e pain am my guy rest if you not get wetin you want talk since you want to act like i child ill talk to you like one make we fire down dey go i have time,['disgust'],"['anger', 'disgust']","['anger', 'disgust']","['disgust', 'anger']"
pidgin_text_6078_emotion_1,nah same thing we dey still talk i be like person wey don count k for my laive before,"['disgust', 'sadness']","['fear', 'surprise']","['disgust', 'surprise']","['disgust', 'surprise']"
pidgin_text_2010_emotion_1,more blessings to the giver and the receiver abeg you get k wey you no dey use again,['sadness'],['joy'],['surprise'],[]
pidgin_text_5065_emotion_1,why are my followers reducing na followers wey never reach come go dey reduce good morning,"['fear', 'surprise']","['anger', 'fear', 'sadness', 'surprise']","['fear', 'sadness']","['fear', 'surprise', 'sadness']"
pidgin_text_2133_emotion_1,dis is how blessing keep passing me by sir biko ans my call na beg i dey beg,['sadness'],['surprise'],"['fear', 'sadness']",['sadness']
pidgin_text_3135_emotion_1,update e don dey work,['joy'],[],['joy'],['joy']
pidgin_text_2950_emotion_1,you sef no say u dey lie but sentiments no fit gree u,['disgust'],"['anger', 'disgust']",['disgust'],['disgust']
pidgin_text_3905_emotion_1,na mata wey don expire about a year back naem dem carry based on normal level sakpa don dey worry dem for mata wey nor concern the other of us me trying to be a smart dude con dey won hide my nokia na so one halla you think say we be thief,['disgust'],"['anger', 'surprise']","['disgust', 'fear']",['disgust']
pidgin_text_2635_emotion_1,chaaaiii i don late ooh gtbank abeg nothing too small,['sadness'],['fear'],"['fear', 'sadness']","['sadness', 'fear']"
pidgin_text_4460_emotion_1,aje baba table water from to malt from to na rich man dey chop beta food now when i go blow to take care of people god when,['sadness'],"['anger', 'fear', 'sadness']","['fear', 'sadness']","['sadness', 'fear']"
pidgin_text_767_emotion_1,my brother i just weak like dodo wey dem dey times,['sadness'],"['fear', 'sadness']","['sadness', 'surprise']",['sadness']
pidgin_text_4737_emotion_1,e pain me sha,['sadness'],['sadness'],['sadness'],['sadness']
pidgin_text_3976_emotion_1,girl why e do us like that,['sadness'],['sadness'],"['fear', 'surprise']",['sadness']
pidgin_text_3977_emotion_1,nna ehhh wetin vector talk wey bust una brain sigh,"['disgust', 'surprise']",['surprise'],"['disgust', 'surprise']","['disgust', 'surprise']"
pidgin_text_5012_emotion_1,you are a spurs fan na cotton wool dey una head,['disgust'],['disgust'],['disgust'],['disgust']
pidgin_text_808_emotion_1,shebi na like this we sef suppose dey rejoice,"['disgust', 'sadness']","['joy', 'sadness']",['surprise'],['sadness']
pidgin_text_1438_emotion_1,forget fine boy in a suit and tie shit don catch you for inside traffic before and the thing be like say e go dey watery,['disgust'],"['disgust', 'fear']",['fear'],"['disgust', 'fear']"
pidgin_text_4963_emotion_1,its easier for me to stomach the british speaking it but im always shocked to hear asians speaking pidgin english especially the chinese which kain yeye beefroll you sell give me yesterday nothing beef about am o my pickin dey halla say e worst pass gala sef,"['disgust', 'surprise']","['anger', 'disgust', 'surprise']","['anger', 'disgust']","['disgust', 'surprise', 'anger']"
pidgin_text_5339_emotion_1,lmao shey na cuddle the guy wan spell or what e say cudull,"['disgust', 'surprise']",['surprise'],"['disgust', 'surprise']","['disgust', 'surprise']"
pidgin_text_5237_emotion_1,lmfaooo i can relate season still long sha bro i joined paid league nd i no check whatsapp group for link to join league till my guy ask say e no see me for there i don speak english tire the admin just dey whine me nd i don tire,"['disgust', 'sadness']",['surprise'],"['disgust', 'sadness']","['disgust', 'sadness']"
pidgin_text_4775_emotion_1,swear kayode no fit make am again ooo nah + den call this thing nah wetin concern us with gossip,"['anger', 'disgust']","['anger', 'sadness']","['anger', 'disgust']","['anger', 'disgust']"
pidgin_text_1099_emotion_1,buh seriously u quick dey vex small things paar dem don slap bf,['disgust'],"['anger', 'disgust']",['disgust'],['disgust']
pidgin_text_4643_emotion_1,why autocorrect dey do like this na i wan write age with grace to dis new babe autocorrect put age with gravey na,['sadness'],"['anger', 'surprise']","['disgust', 'sadness']",['sadness']
pidgin_text_6182_emotion_1,wizkid fc i de call on all of una to help stream my music abeg me sef na fc too,['sadness'],[],['sadness'],['sadness']
pidgin_text_591_emotion_1,some basic things stay blowing my girls mind cos shes taking in all the love i really hope i dont kill her when i start my next level plans for cos shocked to death ‍️‍️ mio le shey ewon tori surprise o na surprise i surprise am i no wan kill am,['fear'],['surprise'],"['fear', 'surprise']","['fear', 'surprise']"
pidgin_text_4601_emotion_1,baba don try smoke corruption out of nigeria like weed and now e don corrode him brain,['disgust'],['joy'],['disgust'],['disgust']
pidgin_text_1918_emotion_1,black is beauty na an there body system is well strong,[],['joy'],[],[]
pidgin_text_1721_emotion_1,dem wan kidnap the cow but e dey form strong head,"['disgust', 'surprise']",['surprise'],['surprise'],['surprise']
pidgin_text_2568_emotion_1,you carry olosho dem say you no get game you took care of yourself by yourself dem say na lack of confidence please wetin go for next boss,"['disgust', 'sadness']","['anger', 'sadness', 'surprise']","['disgust', 'sadness']","['disgust', 'sadness']"
pidgin_text_5340_emotion_1,una shakara don wan dey too much god will help you guys ehn youll call off strike after collecting one underground bribe because you guys delayed my final exams now im sure your kids are not in this country ooo i know god is watching,"['disgust', 'sadness']","['anger', 'disgust', 'sadness']","['disgust', 'sadness']","['disgust', 'sadness']"
pidgin_text_4322_emotion_1,na people like this go dey spoil our integrity out there small time now ugandans no go dey rate us again,['disgust'],"['anger', 'surprise']",['disgust'],['disgust']
pidgin_text_1149_emotion_1,some icons wailing under this post wetin dorathy do una with una billion fan base you guys are still insecure and toxic,"['disgust', 'surprise']","['anger', 'disgust']","['disgust', 'surprise']","['disgust', 'surprise']"
pidgin_text_6213_emotion_1,i swear im not understanding again this brain don dey dull ooo unilag has killed me father have mercy,['sadness'],['surprise'],"['fear', 'sadness']",['sadness']
pidgin_text_4253_emotion_1,shebi na zanku wey i never perfect na im these hens are doing anyhow,"['sadness', 'surprise']","['anger', 'sadness', 'surprise']","['sadness', 'surprise']","['sadness', 'surprise']"
pidgin_text_5084_emotion_1,giroud wey no well na hin dey save arsenal for big games this season,"['disgust', 'surprise']","['anger', 'sadness', 'surprise']",['surprise'],['surprise']
pidgin_text_4813_emotion_1,e sweet before but now e don turn bitter leaf e bi thing,['sadness'],"['disgust', 'surprise']",['sadness'],['sadness']
pidgin_text_5912_emotion_1,champions league never start and leicester don dey lose guard alreadylife fit taya them dis year,['disgust'],"['disgust', 'surprise']",['disgust'],['disgust']
pidgin_text_1585_emotion_1,this ajah traffic no just get joy sha na traffic go return the stress wey the pamper commot before i even reach house,"['disgust', 'sadness']","['disgust', 'surprise']","['disgust', 'sadness']","['disgust', 'sadness']"
pidgin_text_543_emotion_1,you wey don chop life,['disgust'],['joy'],['disgust'],['disgust']
pidgin_text_1703_emotion_1,na wetin dey pain me b dat awon omo yii dojutimi ontop,['disgust'],['anger'],"['anger', 'sadness']",['anger']
pidgin_text_4031_emotion_1,oni iwo omo funsho yi lara gan oo naso dem vex you reach,['surprise'],['surprise'],['surprise'],['surprise']
pidgin_text_2548_emotion_1,lol checking different ig and whatsapp status this morning made me realize that i ought to really be going out enjoying clubbing and doing everything my age but then i remembered say na money dem dey use do those kain things,"['disgust', 'sadness']",['sadness'],['sadness'],['sadness']
pidgin_text_428_emotion_1,see my own ballons baby of this twitter fam got ballons its not even pm yet and the way you lovely people are making me blush smile and blush again over smiling de do me i am being swept off my baby feet with all the love keep it coming bikonu,['joy'],"['joy', 'surprise']",['joy'],['joy']
pidgin_text_325_emotion_1,hehehe naa this kind faaji you dey chop abii make una invite me naa bills on you,['surprise'],"['joy', 'surprise']",['joy'],"['surprise', 'joy']"
pidgin_text_5123_emotion_1,i dont even go out of my room again unless im going for business purpose or just to eat to meet man now sef na war make them no go use food carry person go,"['fear', 'sadness']","['anger', 'fear', 'sadness']","['fear', 'sadness']","['fear', 'sadness']"
pidgin_text_5462_emotion_1,na that one be my concern na why e dey pain,"['disgust', 'sadness']",['sadness'],"['anger', 'disgust', 'sadness']","['disgust', 'sadness']"
pidgin_text_2502_emotion_1,las las d ashawos wey d twitter ehn their thunder just de different,['disgust'],"['disgust', 'surprise']",['disgust'],['disgust']
pidgin_text_3703_emotion_1,you wey get money wey bank dey tamper your own good my dear,['surprise'],"['sadness', 'surprise']",['surprise'],['surprise']
pidgin_text_186_emotion_1,tz just soo cute wen a guy is rily nervous talking to u wen e cn hardly look at ur face sef,['joy'],"['joy', 'surprise']",['joy'],['joy']
pidgin_text_5129_emotion_1,this nomination don talk am say i am happy for you na dem b dat oooo,['disgust'],['surprise'],"['joy', 'surprise']",['surprise']
pidgin_text_2119_emotion_1,so apparently any girl i come across in abuja are either or years and they come dey make me feel like old girl i no know say na football age dem dey give me me i dey form honesty we go kill me,"['disgust', 'surprise']","['anger', 'disgust', 'sadness', 'surprise']","['disgust', 'surprise']","['disgust', 'surprise']"
pidgin_text_3690_emotion_1,nice bed space you don chop rich stewbanga cause na next line of action,['joy'],"['joy', 'surprise']",['surprise'],"['joy', 'surprise']"
pidgin_text_2360_emotion_1,see the fresh chief people see and say we look alike why una go dey whyne me like this na happy birthday best roommate in the whole world thank you for being my brother,['joy'],['joy'],"['joy', 'surprise']",['joy']
pidgin_text_225_emotion_1,ahh abi me too i go start to dey play that ball ne again cos he be like sey na deir d happening dey ooo,['surprise'],['surprise'],['surprise'],['surprise']
pidgin_text_4278_emotion_1,i wonder the kind wisdom wey dey the fish head wey these people dey sell am k k for fish head‍️ isi azu,"['disgust', 'surprise']","['anger', 'disgust', 'sadness', 'surprise']","['disgust', 'surprise']","['disgust', 'surprise']"
pidgin_text_4649_emotion_1,na so ihhh dey happen oooto go school from aous sef you gatts dey pray lyk sey na trip to heaven oooowere tired and sad,"['fear', 'sadness']",['sadness'],"['fear', 'sadness']","['fear', 'sadness']"
pidgin_text_301_emotion_1,i joined the flower gang happy new month im a little bit too,['joy'],['joy'],['joy'],['joy']
pidgin_text_924_emotion_1,nah man wey dey reason dey scratch bear bear~ best birthday wishes to me kindly drop some kind words,['joy'],['joy'],['joy'],['joy']
pidgin_text_4644_emotion_1,people wey no get money dey para for person wey get billions social media dey give some people mind sha tf,"['disgust', 'surprise']","['anger', 'disgust', 'surprise']","['disgust', 'surprise']","['disgust', 'surprise']"
pidgin_text_5415_emotion_1,the kind wahala i do today my body don dey pain me,['sadness'],['sadness'],"['disgust', 'sadness']",['sadness']
pidgin_text_3383_emotion_1,abeg where una dey see this love wey they make una wear matching cloths me wey the only matching cloth i done wear with girl na school uniform,"['sadness', 'surprise']",['surprise'],"['sadness', 'surprise']","['sadness', 'surprise']"
pidgin_text_6206_emotion_1,we dey suffer we dey smile we dey fear to talk,"['fear', 'sadness']",['sadness'],"['fear', 'sadness']","['fear', 'sadness']"
pidgin_text_5480_emotion_1,if someone had helped me loud this to my dad in e no for be all this one wey dey sup oh,"['disgust', 'sadness']",[],"['disgust', 'sadness']","['disgust', 'sadness']"
pidgin_text_4207_emotion_1,na the witchcraft part omo e just dawn on me say true dem don turn black witches o,"['fear', 'surprise']",['surprise'],"['fear', 'surprise']","['fear', 'surprise']"
pidgin_text_2453_emotion_1,me self wey read am just dey here dey laugh,['surprise'],['surprise'],['surprise'],['surprise']
pidgin_text_1974_emotion_1,yesterday fred bin marry today e score na wanbissaka do assist we no sabi the kind wedding night knack wey hin wife give am but make she continue the good work,"['joy', 'surprise']",['surprise'],['joy'],"['joy', 'surprise']"
pidgin_text_2095_emotion_1,st match guy this pad no good ok we go exchange for d second game nd match guy na bcos u dey use world xi ok i go use ajax next rd match guy its bcos i havent eaten make we pause go chop now th match guyguy i dey go house,['disgust'],[],['disgust'],['disgust']
pidgin_text_1512_emotion_1,lmafoooooooooooooooooooooo buh tbvh i hate that shit remembered when i was working on a project and my guys gf dey do birthday the mc na our guy omo small thing engr chuks come clean chair for celebrant engr chuks come cut cake na you na money man,['disgust'],"['anger', 'disgust', 'sadness', 'surprise']",['disgust'],['disgust']
pidgin_text_1185_emotion_1,if theres another level higher than trending nasty blaq go don dey there make una take ᵃ̲ᵐ̲ easy abegdepression is real just like everybody get the guy for mindsome people are just mercilessabeg,['disgust'],['anger'],"['disgust', 'sadness']",['disgust']
pidgin_text_454_emotion_1,abeg where una dey see this kind love,['surprise'],"['joy', 'surprise']",['surprise'],['surprise']
pidgin_text_2470_emotion_1,na wa oh because you offered me sex and i said im not interested you decide to go around telling all my friends that im uselessladies is this how you guys do now‍️,"['disgust', 'surprise']","['disgust', 'surprise']","['disgust', 'surprise']","['disgust', 'surprise']"
pidgin_text_2500_emotion_1,shebi dem dey gbe omu e senu me i dey here cold wan kee me,['disgust'],"['fear', 'sadness']","['disgust', 'sadness']","['disgust', 'sadness']"
pidgin_text_3716_emotion_1,see talent wey gather for one place yet majority dont know please make una dey wake up time don reach,['surprise'],"['anger', 'surprise']",['surprise'],['surprise']
pidgin_text_5433_emotion_1,abegi accant don dey finish,['sadness'],[],"['fear', 'sadness']",['sadness']
pidgin_text_632_emotion_1,na twerk we sef dey twerk oo no be like say we no go like shake body when you tanana us,['disgust'],['joy'],[],[]
pidgin_text_5955_emotion_1,loool if only epe was on the island too he has only chosen to ignore certain places jare no majorminor roads done no infrastructure nothing nothing e go be for them sha,['disgust'],"['disgust', 'surprise']",['disgust'],['disgust']
pidgin_text_2244_emotion_1,you dey mind people wey wan just talk,['disgust'],['disgust'],['disgust'],['disgust']
pidgin_text_1159_emotion_1,ola wetin i do you now na man i no get i didnt rob na i dont have a man cause im keeping myself unlike you this bloody fornicator,['disgust'],"['anger', 'disgust']",['disgust'],['disgust']
pidgin_text_2046_emotion_1,na this people wan carry e casket,['surprise'],['surprise'],['surprise'],['surprise']
pidgin_text_2448_emotion_1,i hv sha learnt my lesson im not doing tutorials or telling anybody answer again this second degree and masters make everybody mind their business but e pain me e pain me ooooooo,"['anger', 'sadness']",['anger'],"['disgust', 'sadness']","['anger', 'sadness']"
pidgin_text_2451_emotion_1,na this kain thing i dey enjoy i swear,['joy'],['joy'],['joy'],['joy']
pidgin_text_663_emotion_1,alamanjo do wetin god say make u do that k important na my account number first bank na d bankthank you as god use u amen,['sadness'],[],['sadness'],['sadness']
pidgin_text_509_emotion_1,ok today i saw not just dat we even had a conversation like he literally told me e choke️ at dis point i made my parents proud️️️️️ period,['joy'],['joy'],"['joy', 'surprise']",['joy']
pidgin_text_1157_emotion_1,shebi na me wey ask,['disgust'],['anger'],"['sadness', 'surprise']",[]
pidgin_text_2734_emotion_1,why do some of yall just wake up and tag someone to a post that doesnt concern the person dey try sha my mention wan blow up some time ago i wan mad,['disgust'],"['anger', 'disgust']","['disgust', 'surprise']",['disgust']
pidgin_text_5214_emotion_1,una weh done oo shey na blackout things you dey give us since yesterday,"['disgust', 'sadness']",['anger'],"['anger', 'disgust']","['disgust', 'anger']"
pidgin_text_4687_emotion_1,omo this life no get balance and i dont know who i have offended as at my age now i no get girlfriend no tease mate friend no chat street girl and even a bola or awara girl its no joke wollah e dey pain i really feel it but im just pretending,"['fear', 'sadness']",['sadness'],"['fear', 'sadness']","['fear', 'sadness']"
pidgin_text_3915_emotion_1,na only weeks wey i don get this license and this one already wants me to help her sign a document claiming shes got arthritis and ulcer so she can manipulate her nysc whatever oluwa this isnt what i trained for,"['disgust', 'fear']","['anger', 'sadness', 'surprise']","['disgust', 'fear']","['disgust', 'fear']"
pidgin_text_4153_emotion_1,i get two weddings tomorrow materials don land buh was super lazy to sew now im tryna dodge em and idk how one na my tenant the other guy na childhood friend from church plus i get burial condolence same tomorrow i just want to be a toddler again god,"['fear', 'sadness']","['fear', 'sadness']","['fear', 'sadness']","['fear', 'sadness']"
pidgin_text_2589_emotion_1,thats what im saying like what i tweeted while watching the newsscam that has been refurbished for ages but im not opposing the authenticity of k if they really want to do it its freaking possiblei had access to one document when i was in campthings dey happen,"['disgust', 'sadness']","['disgust', 'surprise']",['disgust'],['disgust']
pidgin_text_3570_emotion_1,the tears in the quoted replies and comments is making me happy arteta has his hands on the necks of so many people e dey press this thing weekly and most of them no dey breath well again,['joy'],"['anger', 'joy', 'surprise']","['joy', 'surprise']","['joy', 'surprise']"
pidgin_text_4400_emotion_1,go just dey flex and even vex for us ontop our money wahala for who no get big brother oo,"['disgust', 'surprise']",['surprise'],"['disgust', 'surprise']","['disgust', 'surprise']"
pidgin_text_5380_emotion_1,good morning yall️️ those that do ask ppl to drop their name whenever time they tweeted wetin dem wan use am toh‍️ a$ap,['surprise'],['surprise'],"['fear', 'surprise']",['surprise']
pidgin_text_5808_emotion_1,i carry venza go crash for my padi crib hin landlord give am quick notice next morning mr landlord brought calming wale isnt the owner of the car,"['disgust', 'surprise']",['surprise'],"['disgust', 'surprise']","['disgust', 'surprise']"
pidgin_text_5586_emotion_1,these set of house mates sha wetin dey their head na how to come out of the house and become celebrities social media verification etc etc yeye,"['disgust', 'surprise']",['disgust'],['disgust'],['disgust']
pidgin_text_3629_emotion_1,omo obo give una so mad ooo we suppose host award for una sef una too much,['surprise'],"['joy', 'surprise']",['joy'],"['surprise', 'joy']"
pidgin_text_4555_emotion_1,guy even to sleep sef dey scare me imagine sleeping and your mind is still thinking if you washed your hands enough small headache last nite i don dey fear,['fear'],"['anger', 'fear', 'sadness', 'surprise']","['fear', 'sadness']","['fear', 'sadness']"
pidgin_text_2371_emotion_1,exactly even the waist bead pics alone sef i go dey vex na only me suppose dey see this thing you con post that kind picture na only her face dey missing na,"['anger', 'disgust']",['surprise'],"['disgust', 'sadness']",['disgust']
pidgin_text_2666_emotion_1,which kain hubby be dis wey i get kwanu lawwwd goddissolve dis marriage abeg,"['anger', 'disgust']","['anger', 'disgust']","['disgust', 'sadness']","['anger', 'disgust']"
pidgin_text_3472_emotion_1,people don register d name now since u don create d awareness,[],[],['surprise'],[]
pidgin_text_4625_emotion_1,wetin una dey talk wey notification be like group chat messages like this,['surprise'],"['disgust', 'surprise']",['surprise'],['surprise']
pidgin_text_50_emotion_1,the doughnuts worth the akpili oooo chaiiiiiiii i want two cartons sef,['surprise'],['joy'],['joy'],['joy']
pidgin_text_5515_emotion_1,but you no dey baba group dey your dey na na so una wan use your own scatter the peace wey dey the party make you dey chop your ege dey go,['disgust'],['anger'],"['disgust', 'fear']",['disgust']
pidgin_text_2956_emotion_1,the mata tire me bros me sef confuse,"['disgust', 'sadness']","['anger', 'sadness', 'surprise']","['disgust', 'fear', 'sadness']","['disgust', 'sadness']"
pidgin_text_536_emotion_1,you voice dey play for my head as i dey read this thing and e funny,['joy'],['surprise'],['joy'],['joy']
pidgin_text_1630_emotion_1,lol okay see as dem dey destroy una for twitter,['surprise'],['surprise'],['disgust'],['surprise']
pidgin_text_3687_emotion_1,guy dey like kalistus wey dey do yawah skits for youtube,['disgust'],['surprise'],['disgust'],['disgust']
pidgin_text_3773_emotion_1,just now bro its sad man the funniest thing be say na person wey don dey support him videos upload this one e con dey abuse ham now hows that guy gon make it in this football world man is a youngster and doing like that what will happen wen e turns damn,['disgust'],['surprise'],['anger'],[]
pidgin_text_4561_emotion_1,see bah asides good health financial security is everything ive written down my list for panic buyingstock up with several adjustments to fit in with money in my account but its not just adding up oluwa wetin dey coronate,"['fear', 'sadness']","['fear', 'surprise']","['fear', 'sadness']","['fear', 'sadness']"
pidgin_text_2187_emotion_1,where una for dey see this money take dey buy car for una wives namake una show me na,['surprise'],['surprise'],['surprise'],['surprise']
pidgin_text_82_emotion_1,im already doing house help work here for free e no go be problem as e don master my body,['disgust'],['sadness'],[],[]
pidgin_text_946_emotion_1,oya kolibi your phone make we collabo for the with jennifer omoko base on say we wan laughplay and dey serious weti be the biggest lie wen you don tell,['joy'],['joy'],['joy'],['joy']
pidgin_text_2553_emotion_1,every day una dey give order yet the man nor get una time make una rest joor giving orders like say na una be him master,['disgust'],"['anger', 'disgust', 'sadness', 'surprise']",['disgust'],['disgust']
pidgin_text_4724_emotion_1,abeg make una tell me which one be swat we are tired of this people swat and sars na still the same people abeg who train the swat people we done wake up and them no fit decieve us again na still the same people they there,"['disgust', 'surprise']","['anger', 'sadness']","['anger', 'disgust']","['disgust', 'anger']"
pidgin_text_3328_emotion_1,the person wey run commentary na werey,['disgust'],['disgust'],['disgust'],['disgust']
pidgin_text_640_emotion_1,na that kind thing i dey like to dey read thank you ill bookmark it,['joy'],['joy'],['joy'],['joy']
pidgin_text_1061_emotion_1,ant wey dey rude,['disgust'],[],['disgust'],['disgust']
pidgin_text_4718_emotion_1,nah this week weak me pass atm sef no gree dispense money ah jes dey like sae i no dey,['sadness'],"['anger', 'disgust', 'fear', 'sadness', 'surprise']",['fear'],"['sadness', 'fear']"
pidgin_text_4949_emotion_1,dont be a wicked fellow na,['disgust'],"['anger', 'disgust']","['disgust', 'fear']",['disgust']
pidgin_text_678_emotion_1,na so dear preach the gospel abeg make e sink in,['joy'],[],['joy'],['joy']
pidgin_text_4656_emotion_1,i no get money for surgery yet i dont have big breast definitely not a size so na like this i dey go,"['disgust', 'sadness']","['joy', 'sadness']","['fear', 'sadness']",['sadness']
pidgin_text_1130_emotion_1,this nigeria we no dey chop food na sweet we dey lick,['sadness'],"['anger', 'disgust']","['disgust', 'sadness']","['sadness', 'disgust']"
pidgin_text_2880_emotion_1,me ògá wetin happen na where una dey run to with cutlass agbèrò we dey go mtn office we go burn am down today me haha wetin happen agbèrò you never hear say them dey kill xenophobia for sauti abi me,"['disgust', 'surprise']",['surprise'],"['disgust', 'surprise']","['disgust', 'surprise']"
pidgin_text_1553_emotion_1,oluwa pick my call na omo i dn call and pray now na social media i wan call ooo god no go come from heaven ooo na man go run am for e fellow man,['sadness'],['sadness'],['sadness'],['sadness']
pidgin_text_3565_emotion_1,as i finish exam so na parte afta parte,['joy'],['joy'],['joy'],['joy']
pidgin_text_4359_emotion_1,so wetin i go use my data dey do as they don ban twitter unfortunate government,"['disgust', 'surprise']","['anger', 'sadness']","['anger', 'sadness']","['anger', 'sadness']"
pidgin_text_4229_emotion_1,stop tell me i forget you pls that have to stop remember when you dey suffer i know come help you and u know call me enjoyment come ur side my phone no ring oh now d table don turn i don become ur enemy life,['sadness'],"['anger', 'sadness']","['disgust', 'surprise']",['sadness']
pidgin_text_2678_emotion_1,lol i dey tell you watin dey school wen i go you dey argue with me,"['disgust', 'surprise']","['anger', 'surprise']","['disgust', 'surprise']","['disgust', 'surprise']"
pidgin_text_1407_emotion_1,wetin e wan cost you to bless me absolutely nothing yet you will look away so sad im off mtchue,['disgust'],['sadness'],"['disgust', 'sadness']","['disgust', 'sadness']"
pidgin_text_1162_emotion_1,ordinary small office wey dem go give some of una to manage body go dey catch una ️️️,['disgust'],"['disgust', 'surprise']",['disgust'],['disgust']
pidgin_text_3294_emotion_1,good morningthanks for yesterday but we dey wait for today game my girlfriend don showi wan stake am,['joy'],[],"['fear', 'surprise']",[]
pidgin_text_931_emotion_1,lord am grateful na my song white woman they vibe to like say she dey with me for studio when i dey record the song believe in your self and never let any body tell you that you can not do itgod is with you,['joy'],"['joy', 'surprise']",['joy'],['joy']
pidgin_text_5885_emotion_1,as dem dey beat chelsea e dey sweet me for body,['joy'],['joy'],['joy'],['joy']
pidgin_text_4242_emotion_1,small change i lock somewhere for detty december e be like every go dey dia problem done plenty pass money make i face am head o,['sadness'],"['anger', 'fear', 'surprise']","['fear', 'sadness', 'surprise']","['sadness', 'fear', 'surprise']"
pidgin_text_6195_emotion_1,bros o na person wey dey come from uk go help me but no money o about £ no be beans o even tom ford wont accept me back maybe i should start using hausa perfume,"['disgust', 'fear', 'sadness']","['disgust', 'sadness']",['sadness'],"['disgust', 'sadness']"
pidgin_text_5969_emotion_1,when gist don dey sweet na him these people go change am to commercial ‍️‍️‍️,['disgust'],"['anger', 'surprise']",['disgust'],['disgust']
pidgin_text_3496_emotion_1,de good neighbor,[],[],[],[]
pidgin_text_1434_emotion_1,i literally feel sick to my tummy and i dont even feel like doing anything today but im on the street oof lagos hustlingif tomorrow i buy a housecar and any fool come out to say na runs she dey do na just know that god will punish you na dog go chop ur mouth,"['anger', 'disgust']","['anger', 'disgust', 'sadness']","['anger', 'disgust', 'sadness']","['anger', 'disgust', 'sadness']"
pidgin_text_4171_emotion_1,rain pls is enough i dont wash my blanket for threedays now e no fi dry am tired of taking it in and out like a patient,"['disgust', 'sadness']","['anger', 'sadness']","['fear', 'sadness']",['sadness']
pidgin_text_4863_emotion_1,you dey win and you dey bring in mane wey go wan score hin own wetin ole do to klopp na,"['disgust', 'fear']","['disgust', 'surprise']","['disgust', 'sadness', 'surprise']","['disgust', 'surprise']"
pidgin_text_1005_emotion_1,make e sing song abeg e voice sweet,['surprise'],['joy'],['joy'],['joy']
pidgin_text_4981_emotion_1,weds wahala go dey o na only ludo draft chess whot their children go dey play nothing like basket ball or volleyball who wan dey change bulb for house sef if bulb spoil omo mi weds rinu,"['disgust', 'surprise']","['disgust', 'fear']","['disgust', 'surprise']","['disgust', 'surprise']"
pidgin_text_5143_emotion_1,dem don finish us bokoharam pass una but to kill innocent youths no hard abi,['disgust'],"['anger', 'disgust', 'sadness', 'surprise']",['disgust'],['disgust']
pidgin_text_3635_emotion_1,this guy ehn e say na guinea pig experiment,['surprise'],['disgust'],['surprise'],['surprise']
pidgin_text_4551_emotion_1,mans brought out clothes for hommie to help him wash i wan act like say i wan help wash am i know him go say leave am buh my village people fit cast me him go pack am gimme,['fear'],['fear'],['fear'],['fear']
pidgin_text_1530_emotion_1,e be like say na to disconnect my light and go buy generator oohow can nepa bring bill for a room self con monthly shey una dey ment ni,"['disgust', 'surprise']","['anger', 'disgust', 'fear', 'sadness', 'surprise']","['disgust', 'surprise']","['disgust', 'surprise']"
pidgin_text_2002_emotion_1,to all d cute guysgbosas for una wey make sense without d lies of makeupi wish be like u wen i grow up rt if ure cute,['joy'],['joy'],['joy'],['joy']
pidgin_text_3516_emotion_1,this is my own little way of saying happy birthday i want to join aunt to dash you money its small but mange it na wetin i fit afford at least it would get a bottle water for you whole on stage i love you teni keep breaking boundaries,['joy'],['joy'],['joy'],['joy']
pidgin_text_3981_emotion_1,i just realised why some people dey get mind owe people money is because even the government sef dey owe with their full chest,['disgust'],"['anger', 'disgust']",['disgust'],['disgust']
pidgin_text_3478_emotion_1,thanksi wan swag small abeg,['joy'],['joy'],['joy'],['joy']
pidgin_text_2513_emotion_1,penalties in one season haba na only una waka come,"['disgust', 'surprise']","['anger', 'disgust', 'fear', 'sadness']","['disgust', 'surprise']","['disgust', 'surprise']"
pidgin_text_3613_emotion_1,ode ok ode ok lool the indomie i cooked for my sister tho e remain make she chop the pot,['surprise'],"['joy', 'surprise']",['joy'],"['surprise', 'joy']"
pidgin_text_4411_emotion_1,unilag student like us wey they stay for hostel we no too dey form na bedbugs rush us ‍️‍️‍️,"['disgust', 'sadness']","['anger', 'sadness']",['sadness'],['sadness']
pidgin_text_2619_emotion_1,wahala chairman don vex,"['disgust', 'surprise']","['fear', 'surprise']","['fear', 'surprise']","['surprise', 'fear']"
pidgin_text_5329_emotion_1,wetin dis people dey even do self make i just dey look,"['disgust', 'surprise']","['disgust', 'surprise']","['disgust', 'surprise']","['disgust', 'surprise']"
pidgin_text_2299_emotion_1,the kinda energy i like not the bullcrap dey yarn i don too flog d werey baba dey yarn dust,['disgust'],"['anger', 'disgust']",['disgust'],['disgust']
pidgin_text_5898_emotion_1,bwahahahahaha na your mates dey do giveaway in this psychological time na book you wan make i go read smh ️,['disgust'],['disgust'],"['disgust', 'surprise']",['disgust']
pidgin_text_5439_emotion_1,referee tell us who win match na broom fc or umbrella fc if na extra time you let us know haba league game una dey waste time next year champions league wetin go happen,"['disgust', 'surprise']","['anger', 'disgust', 'sadness']","['disgust', 'fear']",['disgust']
pidgin_text_47_emotion_1,you dey mad oh na now you dey tell me eh sha dey come house i dey cook,['disgust'],"['anger', 'surprise']",['disgust'],['disgust']
pidgin_text_4996_emotion_1,ah swear e pain me oh because it was a close relationship wey we gather dey same room dey connect but na when i wan go out go ease myself for the dream i sharperly wake up because that one na trap ‍️,"['disgust', 'sadness']","['anger', 'fear']","['fear', 'sadness']","['sadness', 'fear']"
pidgin_text_2196_emotion_1,ive tried telling girls im older than that im interested in a relationship with them but no immediate plans for marriage say years and above the first statement i get is you never serious and these girls dont own a penny to their name oh e dey mad me walahi,"['anger', 'disgust']","['anger', 'disgust']",['disgust'],"['anger', 'disgust']"
pidgin_text_1294_emotion_1,wetin concern bird and toothbrushyou nor go eat belle full first you dey talk vehicles and abroad,['disgust'],['anger'],"['disgust', 'surprise']",['disgust']
pidgin_text_1440_emotion_1,see me see wàhálà ó na so these empty agolo go dey spread stupid rumour on top fb now theyre bringing it here the whey go strike una ehn,"['anger', 'disgust']","['anger', 'disgust', 'surprise']",['disgust'],"['anger', 'disgust']"
pidgin_text_1007_emotion_1,baba e be number one man for e sef oo,['surprise'],[],[],[]
pidgin_text_3371_emotion_1,this cho cho dance shey my neck wouldnt shift from east to west na who go vex go vex david is a vibe,"['joy', 'surprise']",['fear'],"['fear', 'joy']","['joy', 'fear']"
pidgin_text_5946_emotion_1,a thread conversation btw alumni lvl student bro someone told me dat if u can understand physics mechanics dat you can understand girls lvl guy if you like score a in that course dem go still break your heart ‍‍,['surprise'],"['anger', 'surprise']","['disgust', 'surprise']",['surprise']
pidgin_text_3904_emotion_1,bro i was once in dis shoe i fink i af said it before pon ya post pon ig glad my friend was wit us dat night nobody wudda believed me she beat me so tey i lo fit explain to person,['sadness'],"['joy', 'surprise']","['anger', 'sadness']",['sadness']
pidgin_text_2495_emotion_1,the worse na when sleep dey sweet you she go wake you to walk her to the toilet ‍️ na until i hit head for wall,"['disgust', 'sadness']","['anger', 'disgust', 'sadness', 'surprise']","['disgust', 'sadness']","['disgust', 'sadness']"
pidgin_text_3473_emotion_1,so from staked n on a leg multibet to secure a bag of fifty million naira n jus laidat na me and una for dis matter,"['disgust', 'surprise']",['surprise'],"['disgust', 'surprise']","['disgust', 'surprise']"
pidgin_text_267_emotion_1,evamisseva issa baby girl life my love this babe eh e don tey thanks sis for supporting from the beginning i truly appreciate god bless bless you port harcourt,['joy'],"['joy', 'surprise']",['joy'],['joy']
pidgin_text_4733_emotion_1,ac and fan dey on im naked on bed chilling buh outside with tshirt and pant cold wan finish me,"['fear', 'sadness']",['surprise'],"['fear', 'surprise']","['fear', 'surprise']"
pidgin_text_5150_emotion_1,the money i scammed him sef is still remaining to buy another phone if i want my conscience is killing me arghhh,"['fear', 'sadness']","['fear', 'sadness']","['fear', 'sadness']","['fear', 'sadness']"
pidgin_text_2910_emotion_1,na una go chop oooh we beat division country team una dey happy,[],"['joy', 'surprise']","['disgust', 'surprise']",['surprise']
pidgin_text_5004_emotion_1,the mumu go soon delete am now na to dey tweet information way no correct then delete later he sabi say him audience gullible how person fit sure that all wetin him dey prescribe sef no be lie,['disgust'],"['disgust', 'surprise']","['disgust', 'surprise']","['disgust', 'surprise']"
pidgin_text_2873_emotion_1,dont remind me again abeg i fit dey cry again,['sadness'],['sadness'],"['disgust', 'sadness']",['sadness']
pidgin_text_4657_emotion_1,make una dey play una ball ooo we dey street dey protest na person wet happy dey watch footballwe nigeria youth are not happywe arent watching any match,"['anger', 'disgust']","['anger', 'sadness']","['disgust', 'sadness']","['anger', 'disgust', 'sadness']"
pidgin_text_2284_emotion_1,the guy don go again catch this guy abegggggggggg e dey spoil your name na,['disgust'],['anger'],['disgust'],['disgust']
pidgin_text_1529_emotion_1,omo the poor girl been wan follow am die oh dear future husband dont try this abeg i dont have tolerance for such situations my bp fit over rise,"['disgust', 'fear']","['fear', 'sadness', 'surprise']",['fear'],['fear']
pidgin_text_4218_emotion_1,make pple d dey very careful wit diz end of month oo month don end month don end ehhenn who tell u say month end nah pay day some pple month nah dayz abeg make una take am easy wit pple oo diz monin i hear wife dey corey wit husband ontop breakfast money,['disgust'],['surprise'],"['disgust', 'sadness']",['disgust']
pidgin_text_388_emotion_1,kids wey don sabi twerk like that theyre potential slay queens wetin dey pain me say i no sabi which state or school dem dey,"['sadness', 'surprise']","['sadness', 'surprise']","['disgust', 'surprise']","['sadness', 'surprise']"
pidgin_text_3029_emotion_1,werey o ni tie sef dey talk,['disgust'],['anger'],['disgust'],['disgust']
pidgin_text_4343_emotion_1,na una bad belle no make me find love for abuja,['disgust'],['anger'],"['disgust', 'sadness']",['disgust']
pidgin_text_978_emotion_1,she just sent me money my card dey comot next year,['sadness'],[],['joy'],[]
pidgin_text_5319_emotion_1,wahala be like bicycle nah jeje i dey wey u drive ruff with ur mouth come my tweet ordinary for agbawoli to wash your head for days you blocked me just lai dat how we go solve this your problem now small play ooo,['disgust'],['surprise'],"['anger', 'disgust']",['disgust']
pidgin_text_1411_emotion_1,it will not better for d handlers if this fpl thing oo fraser has always been in my team since the start of the season yesterday dem put caution to his name that he might not play na so i sell am now guy don score goals for st half,"['anger', 'disgust']","['fear', 'sadness', 'surprise']","['anger', 'sadness']","['anger', 'sadness']"
pidgin_text_2023_emotion_1,where shey u no go go come bless early morning blessing kk e fit reach me as bad belle dem dey sleep,['sadness'],"['anger', 'disgust', 'fear', 'sadness', 'surprise']",['sadness'],['sadness']
pidgin_text_3951_emotion_1,no dey tag me for things like dis abeg or i go block you,['disgust'],['anger'],['anger'],['anger']
pidgin_text_4_emotion_1,guy why you just dey speak wetin dey my heart i love it,"['joy', 'surprise']",['joy'],"['joy', 'surprise']","['joy', 'surprise']"
pidgin_text_3608_emotion_1,na people wey don chop belle full ị de put mouth for their matter,['sadness'],['disgust'],['disgust'],['disgust']
pidgin_text_1318_emotion_1,guys dey always dey careful with una una fit even break person head,"['disgust', 'fear']","['disgust', 'fear', 'surprise']","['disgust', 'fear']","['disgust', 'fear']"
pidgin_text_2515_emotion_1,a man that couldnt build a single standard hospital has good vision na so dem dey do for finland,"['disgust', 'surprise']","['disgust', 'surprise']","['disgust', 'surprise']","['disgust', 'surprise']"
pidgin_text_5801_emotion_1,e don be for me oeven ncdc weh been deh care for me don finally forget mebaba god na your hand i deh o,['sadness'],"['fear', 'sadness']","['fear', 'sadness']","['sadness', 'fear']"
pidgin_text_525_emotion_1,i sit down jeje and you said i should come to whatsapp so that you can kill me with stickers now you don dey fear ehn that have not even started anything with you so nah still friendly i dey play with you so,['disgust'],"['anger', 'surprise']","['joy', 'surprise']",['surprise']
pidgin_text_540_emotion_1,e dey do me like make friday just come im tired of here already,['sadness'],"['anger', 'sadness']",['sadness'],['sadness']
pidgin_text_944_emotion_1,hakarat don come again with another ogbonge league party come and chill play and chop money as you dey play snooker for our lounge,['joy'],['joy'],['joy'],['joy']
pidgin_text_1578_emotion_1,seen not sure what shes doing thoughe be like say she wan become snake,"['disgust', 'surprise']","['fear', 'surprise']",['surprise'],['surprise']
pidgin_text_2126_emotion_1,im waay to tired leave this bed to watch the ja match we already losing sef so whats the point,"['disgust', 'sadness']","['anger', 'sadness']","['disgust', 'sadness']","['disgust', 'sadness']"
pidgin_text_6181_emotion_1,stop dishing it out in large quantities nobody is cooking anything ooh small small make e reach all man for dah yellow canopy wetin be dis abeg oohbe joting,['disgust'],['fear'],"['disgust', 'fear']","['disgust', 'fear']"
pidgin_text_1229_emotion_1,and abscond some will either steal something from their employees giving you a bad name or will just leave without saying a word you see them and ask them what happened and what you hear is aunty abeg i no fit don that work o how many months i go work before i fit save,"['disgust', 'sadness']","['anger', 'disgust', 'surprise']","['disgust', 'sadness']","['disgust', 'sadness']"
pidgin_text_2405_emotion_1,don jazzy shey u go do small giveaway this december na u i use get hope o since this year e just dey jump me abi this no be my year chai,"['fear', 'sadness']","['sadness', 'surprise']",['fear'],"['fear', 'sadness']"
pidgin_text_4918_emotion_1,na lecturer wey no get happy home dey fix class no week this is my spirit animal but walai i must go i wish i get coconut head for this case but i no get,"['disgust', 'sadness']",[],"['disgust', 'sadness']","['disgust', 'sadness']"
pidgin_text_5945_emotion_1,who go fit help me with visa nau abeg buhari just threatened protesters sly people wey die for toll gate and tell international communities to face front and mind their business still far olúwa ẹyin oyinbo ẹ dé fún mi ní visa ejooo,"['fear', 'sadness']","['anger', 'fear', 'sadness']","['disgust', 'fear']","['fear', 'sadness']"
pidgin_text_3188_emotion_1,abobithe picture too fine you don put am everywhere and na wetin i been plan post on your birthday,['joy'],['joy'],"['disgust', 'joy']",['joy']
pidgin_text_4831_emotion_1,i knew the case would be thrown out due to lack of evidence it is just a sad situation like they say cow wey no get tail na god dey help am chase flies just like a boxer shouldnt leave the decision with the judges never leave it in the hands of the judiciary sad,"['disgust', 'sadness']","['anger', 'sadness', 'surprise']","['disgust', 'sadness']","['disgust', 'sadness']"
pidgin_text_4012_emotion_1,is that the life you want for yourself tell me the truth to buy something una go do division and subtraction school wan open mind go dey fly if hes content with dat fine o but me i no fit my running cost at home is almost k in a month and i dey patch ou wan kill me,"['fear', 'sadness']","['joy', 'surprise']","['anger', 'fear']",['fear']
pidgin_text_1980_emotion_1,nls chronicles im in ethics class thinking of what to eat and how to pay for the food boom i remember say person fit chop on credit thank god for crown kitchen hustle oo no go dey chop on credit like me here,['joy'],"['joy', 'surprise']",['joy'],['joy']
pidgin_text_3601_emotion_1,akporshappy fathers dayall brila fathersandall brila men wen never wan marry even though say dem don dey passmarry,[],[],"['disgust', 'joy']",[]
pidgin_text_3880_emotion_1,dem don carry lolade go date she no de pick my call again naso life be,"['fear', 'sadness']",['surprise'],"['fear', 'sadness']","['fear', 'sadness']"
pidgin_text_1634_emotion_1,una dey play nonsense this na wetin we go do all chelsea and arsenal players one day warri nigeria,['disgust'],"['anger', 'disgust', 'sadness', 'surprise']",['disgust'],['disgust']
pidgin_text_4306_emotion_1,the fact that abdullahi is a clown and he refuses to believe is the matter we don dey settle since last week i dey court like this,['surprise'],['disgust'],[],[]
pidgin_text_1844_emotion_1,ive been taking the try to dey enjoy problem no dey finish seriously now im broke and that is a problem motivational speakers stay away from my tl,"['fear', 'sadness']","['anger', 'disgust', 'sadness', 'surprise']","['anger', 'disgust']","['sadness', 'anger', 'disgust']"
pidgin_text_5085_emotion_1,na soso quarrels full this street since wey dem slap somebody earlier on twitter,"['fear', 'surprise']",['disgust'],"['fear', 'surprise']","['fear', 'surprise']"
pidgin_text_1211_emotion_1,‍ you don finish you don finish dis guy,['disgust'],"['anger', 'disgust', 'surprise']",['disgust'],['disgust']
pidgin_text_6039_emotion_1,this rain don spoil fun we no fit do pictures stories like uyo my equipment no fit stand the rain,"['disgust', 'sadness']",['anger'],"['disgust', 'sadness']","['disgust', 'sadness']"
pidgin_text_1597_emotion_1,me sef shock even people wey dey this entire world no pass billion what is the reach of dstv again lol,"['disgust', 'surprise']",['surprise'],['surprise'],['surprise']
pidgin_text_4420_emotion_1,she didnt even come with her nigga she just looked uninterested and na dem dey trip for the boy pass,"['disgust', 'surprise']","['anger', 'disgust']","['disgust', 'surprise']","['disgust', 'surprise']"
pidgin_text_5643_emotion_1,you dey beat me for fifa dey tell me bro your hand strong na the team no good,"['disgust', 'sadness']","['anger', 'surprise']","['disgust', 'surprise']","['disgust', 'surprise']"
pidgin_text_6090_emotion_1,what is this end whyyyyyyyyyyyyyyyyyyuu what type of accident is this the end mba im not watching again minutes left but i no fit do am if someone died ahhhhh which kain rubbish twist is this,"['disgust', 'sadness']","['anger', 'sadness', 'surprise']","['disgust', 'sadness']","['disgust', 'sadness']"
pidgin_text_3965_emotion_1,abi its boda isiaka wey no know pass baba ijebu boda isiaka that wants to win sure so he can buy molue to be having fun you dey here dey trend hashtag you people think its everything hashtag and social media go solve,['disgust'],['disgust'],['disgust'],['disgust']
pidgin_text_1540_emotion_1,which kind wahala be this one na abi una dey plan us,"['disgust', 'sadness']","['anger', 'surprise']","['disgust', 'fear']",['disgust']
pidgin_text_3302_emotion_1,that one na na ones wey go harvard na cassava flakes,['joy'],[],['joy'],['joy']
pidgin_text_4582_emotion_1,i know its a monday morning but on this app this same gaddem app oh babe whey i dey famz whey i dey trip for same babe oh dey ask for another guy d print no be say i no fine sef na abi na who i offended,"['disgust', 'sadness']","['disgust', 'sadness']","['disgust', 'surprise']","['disgust', 'sadness']"
pidgin_text_4313_emotion_1,wait people regard slimcase as a nigerian musician so any town crier that takes his shouting career to the internet and becomes popular is now termed a musician sadly na we dey cause all the shame wey these kain people dey give us una too hype them,"['disgust', 'surprise']","['anger', 'disgust', 'surprise']","['anger', 'disgust']","['disgust', 'surprise', 'anger']"
pidgin_text_683_emotion_1,nobody me god talk of detty december sweet stories of i never experredit i never ask e shock me im open to more mehn,"['joy', 'surprise']",['surprise'],"['fear', 'surprise']",['surprise']
pidgin_text_1437_emotion_1,people wey dey lead us dey forge certificates up and dan abeg who certificate help gimme the money,['disgust'],['disgust'],['disgust'],['disgust']
pidgin_text_814_emotion_1,both of them fine die they fit act they fit sing they have money god look at me neeeooow e still possible for me too,['joy'],['joy'],"['fear', 'surprise']",['joy']
pidgin_text_999_emotion_1,and his fathers briefcase with k note full inside dat guy been de off me i swear,['disgust'],['disgust'],"['anger', 'surprise']",['disgust']
pidgin_text_4051_emotion_1,i don tire for una intellectual,"['disgust', 'fear', 'sadness']",['anger'],['disgust'],['disgust']
pidgin_text_2731_emotion_1,na vex i use tey go buy this food sha ended up dressing like a mad man,"['anger', 'disgust']","['disgust', 'sadness', 'surprise']","['anger', 'disgust']","['anger', 'disgust']"
pidgin_text_5759_emotion_1,lol e dey pain them una sorry o,['disgust'],['surprise'],[],[]
pidgin_text_3993_emotion_1,when u are not sure of why u are on tweeter the next tin na to dey cause person u way ur own never better wey dey look for partner o gor gan,['disgust'],"['anger', 'disgust']","['anger', 'disgust']","['disgust', 'anger']"
pidgin_text_99_emotion_1,my people as u dey like dey buy market and dey tell people about us as well please na god i take beg una one love lagos nigeria,[],['joy'],['sadness'],[]
pidgin_text_4493_emotion_1,wtf imagine this bastard wey him head no carry glory dey spit shit we don exile you for street tori street won ma fvckee up,['anger'],"['anger', 'disgust']","['anger', 'fear', 'sadness']",['anger']
pidgin_text_4522_emotion_1,lolpass to where bros better answer una just dey over hype the kind oba fit dey wonder where all the juju way una yall say him get dey,['disgust'],"['disgust', 'surprise']","['disgust', 'surprise']","['disgust', 'surprise']"
pidgin_text_295_emotion_1,engineer ds biran is going to be great trust me that head no dey shine for nothing na glory dey radiate abi wetin you feel about our engineer head,['joy'],['joy'],['joy'],['joy']
pidgin_text_913_emotion_1,naso this morning i just dey remember the day i play odds wey later enter i just dey imagine say i put like k ontop am boom o ma ti dun ju,['joy'],"['joy', 'surprise']",['joy'],['joy']
pidgin_text_2828_emotion_1,buhari na vegetable wey dem dey press like x for pad,['disgust'],"['anger', 'disgust', 'sadness']",['disgust'],['disgust']
pidgin_text_3051_emotion_1,wey my preeq dey here dey waste life is not fair,"['disgust', 'sadness']","['anger', 'sadness', 'surprise']",['sadness'],['sadness']
pidgin_text_1548_emotion_1,saga maria wan marry you you dey follow sunita up and down like say she lost dem don use indian jazz for my boy o,"['disgust', 'surprise']","['anger', 'disgust', 'fear', 'sadness', 'surprise']",['disgust'],"['disgust', 'surprise']"
pidgin_text_1835_emotion_1,i will go on any date please i don old i no get the time to dey picky again,['sadness'],"['anger', 'fear', 'sadness', 'surprise']",['sadness'],['sadness']
pidgin_text_2471_emotion_1,chop your invite na im not igbo im efikibibio or inemesit sounds like an igbo name,['disgust'],"['anger', 'disgust', 'surprise']",['disgust'],['disgust']
pidgin_text_2701_emotion_1,una just won make i dey regret bankiny wit u people weeks now my money never reverse why,"['anger', 'disgust']","['anger', 'sadness']","['disgust', 'sadness']","['anger', 'disgust', 'sadness']"
pidgin_text_3242_emotion_1,submitted this today feels like a heavy weight has been lifted off my chest i don comot hand for anything wey concern school,['joy'],['joy'],['joy'],['joy']
pidgin_text_3089_emotion_1,the kind waka wey we waka today on top house ehn,"['disgust', 'sadness']",['surprise'],"['disgust', 'sadness', 'surprise']","['disgust', 'sadness', 'surprise']"
pidgin_text_1250_emotion_1,hw can service chiefs about of dem leave dere houses for an event dt even the common man knows it was a political event and u are saying dey were not aware who did we offend in dis country why are we being treated like dis,"['disgust', 'sadness']","['anger', 'disgust', 'fear', 'sadness', 'surprise']","['disgust', 'sadness']","['disgust', 'sadness']"
pidgin_text_3824_emotion_1,egbon for your mind una dey deal with manutd now ooo,['disgust'],[],['disgust'],['disgust']
pidgin_text_2128_emotion_1,na secret cult you don see dem dey see you,['disgust'],['fear'],"['disgust', 'fear']","['disgust', 'fear']"
pidgin_text_1257_emotion_1,na whatspp status i should my papa him don dey try nod me and my phone down sef,"['disgust', 'fear']",[],"['fear', 'sadness']",['fear']
pidgin_text_430_emotion_1,coach shay you will enter and play the rest you just dey say calm down since and dem dey flog me,"['anger', 'disgust']","['anger', 'sadness']",['anger'],['anger']
pidgin_text_787_emotion_1,she no reply me so i don chop my l in peace why you com dey mock me,['disgust'],['sadness'],"['sadness', 'surprise']",['sadness']
pidgin_text_2238_emotion_1,karius was woeful biko ahn ahn e be like person wey nor dey chop protein,['disgust'],['disgust'],['disgust'],['disgust']
pidgin_text_2866_emotion_1,o my god na which kain talk be dis nah,"['disgust', 'surprise']","['anger', 'fear', 'sadness', 'surprise']","['disgust', 'surprise']","['disgust', 'surprise']"
pidgin_text_597_emotion_1,na tomorrow light we dey enjoy like this ooo nepa should take our light my phone don full o,['fear'],"['fear', 'surprise']",['fear'],['fear']
pidgin_text_5738_emotion_1,e say regain sense we dem don lose am ni,"['disgust', 'surprise']",['surprise'],"['disgust', 'surprise']","['disgust', 'surprise']"
pidgin_text_5135_emotion_1,degea will disgrace you what is james playing na only lindelof bruno and mctominay come this match,"['disgust', 'surprise']","['anger', 'fear', 'joy', 'sadness']","['disgust', 'sadness']","['disgust', 'sadness']"
pidgin_text_5707_emotion_1,ọmọ if pt wey i don discharge don dey overstay because of funds na my documentation be that o thats what they deserve,['disgust'],"['disgust', 'surprise']","['fear', 'surprise']","['disgust', 'surprise']"
pidgin_text_4497_emotion_1,na this kain bruh wey i get dem never like my progress,"['disgust', 'sadness']","['anger', 'disgust']","['disgust', 'sadness']","['disgust', 'sadness']"
pidgin_text_1496_emotion_1,see eh broke die i no fit move until i see your light i cry a river if i fit walahi,['sadness'],['sadness'],['sadness'],['sadness']
pidgin_text_480_emotion_1,antonio valencia na the first man united celebrity wey don repost us on hin instagram story wow ️ thank you one way,"['joy', 'surprise']","['joy', 'surprise']",['joy'],"['joy', 'surprise']"
pidgin_text_5519_emotion_1,is dis hw pple look wen dey go on low cut i look like smigel,"['disgust', 'surprise']","['disgust', 'surprise']","['disgust', 'surprise']","['disgust', 'surprise']"
pidgin_text_2210_emotion_1,you people like to tag me as a trouble maker nah jeje wahala go sleep una go dey wake am,['sadness'],['surprise'],['sadness'],['sadness']
pidgin_text_5114_emotion_1,e rora mu orijin lale yi sha una dey drink snr drink like water hmmmm,"['disgust', 'surprise']",[],['surprise'],['surprise']
pidgin_text_5204_emotion_1,lmfaooooooooooo im done bro im done wtf no hope for dat man and his team,['anger'],['anger'],"['disgust', 'sadness']",['anger']
pidgin_text_1550_emotion_1,e no dey go wellbut i need it to calm my nervesi dey boil this chelsea team no strong like that oooo,"['anger', 'sadness']","['anger', 'fear', 'sadness', 'surprise']",['fear'],"['anger', 'sadness', 'fear']"
pidgin_text_4421_emotion_1,e don happen again o olosho don steal iphone pro max wey my guy borrow,"['disgust', 'surprise']","['disgust', 'surprise']","['sadness', 'surprise']","['disgust', 'surprise']"
pidgin_text_5436_emotion_1,stop shiftin facts n focus fo say na inky u sabi read bsides u dint discova dt dos dt did gave ref n many wrote too srry bt nt dis time sir,['disgust'],"['disgust', 'sadness', 'surprise']",['disgust'],['disgust']
pidgin_text_833_emotion_1,its a few days to months of our union and e dey sweet me for belle say i gree for you a glimpse of court trad and white port harcourt,['joy'],['joy'],['surprise'],['joy']
pidgin_text_2386_emotion_1,november is here ya allah ur boy i mean me has professional exams dis month bless my memory and studies if i study just its just that that should come out im not trying to be petty buh god you sef know as e dey be nw,"['fear', 'sadness']","['disgust', 'surprise']",['fear'],['fear']
pidgin_text_4739_emotion_1,be like person put boiling ring inside our over head tank cos water wey dey comot from shower and tap be like wetin dem wan take make eba at am god abeg april no too early for rain to start to dey fall everyday nah abeg,"['fear', 'sadness']","['disgust', 'sadness', 'surprise']","['fear', 'sadness']","['fear', 'sadness']"
pidgin_text_1746_emotion_1,i get this friendship wen dey flow since undergraduate days each time i try make e flow enter ocean girl go buy boat,"['disgust', 'sadness']","['sadness', 'surprise']","['disgust', 'sadness']","['disgust', 'sadness']"
pidgin_text_2080_emotion_1,f r i d a y thank god is friday weekend on d low b e l i e v e m o n e y e v e r e y lafia city stadium,['joy'],['joy'],['joy'],['joy']
pidgin_text_3552_emotion_1,davido e be like you don dey get small lungs small lungs you don dey breathe too much fem burna boy oboy i don dey breathe pass you small breathe i com dey win grammy chooooke,"['disgust', 'surprise']",['surprise'],['disgust'],"['disgust', 'surprise']"
pidgin_text_1577_emotion_1,i swear thats exactly what im worried about tbh questions questions that booklet na like pages na haha nobody can tension me o,['disgust'],"['anger', 'fear']","['disgust', 'fear']","['disgust', 'fear']"
pidgin_text_234_emotion_1,i never take anything serious sha someone told me you dey burst my brain nonstop and the first thing that came to my mind was gbedu wey dey burst brain and i just had to say it,['disgust'],"['joy', 'surprise']",[],[]
pidgin_text_3636_emotion_1,seyi the director don vex,['surprise'],[],['surprise'],['surprise']
pidgin_text_91_emotion_1,whenever i see fine girls picture on the tl i retweet and drop a comment sharperly sharperly e no easy to be a fine girl abeg,['joy'],['joy'],[],['joy']
pidgin_text_261_emotion_1,sincerely speaking all the cash in my account had gone to their various houses for this lockdown pls help sombori papa ooo pikin dem nor wan hear ngbati ngbati ooo,['sadness'],"['anger', 'fear']",['sadness'],['sadness']
pidgin_text_721_emotion_1,girl i love your color e be like cookie wey don bake,['joy'],['joy'],['joy'],['joy']
pidgin_text_1988_emotion_1,abeg i wan play your inplays but funds no dey i dey enjoy as your telegram dey win,['sadness'],['sadness'],['joy'],['sadness']
pidgin_text_3381_emotion_1,exactly wetin de sweet me too plus de way u just had to spell it correctly at that i don watch am more than x i would definitely have a beautiful sleep cos i wan watch am one last time before going to bed mbaise nwere mmadu nwa afo,['joy'],"['joy', 'surprise']",['joy'],['joy']
pidgin_text_6113_emotion_1,im having the same issue pos transactions and atm withdrawals arent working and said i should update my app wetin concern app and card this is the last time ill use the bank abeg i no like wahala,"['anger', 'disgust']","['anger', 'surprise']",['disgust'],"['anger', 'disgust']"
pidgin_text_2270_emotion_1,you stay inside theres heatyou stay outside mosquitoes sef dey these are tough times for the poor people,"['disgust', 'sadness']","['anger', 'disgust', 'sadness']","['disgust', 'sadness']","['disgust', 'sadness']"
pidgin_text_4608_emotion_1,the fan wants to be held nah but if this girl get boyfriend the guy go don drink tiri keg of water cos em eye go dey reeeeeed em body go dey shaaaake,"['disgust', 'fear']",['disgust'],"['fear', 'surprise']","['disgust', 'fear']"
pidgin_text_494_emotion_1,i remembered when i use to describe with butterfly labalaba etc because i dont want to her directly luckily she doesnt miss those tweets belle dey sweet me see us now this year really long ó all being said im still crushing on that butterfly girl,['joy'],"['joy', 'sadness', 'surprise']",['joy'],['joy']
pidgin_text_2481_emotion_1,the two teams just dey all my tickets if them tell me say na them go spoil am i for no believe but e don clear now,"['disgust', 'sadness']","['anger', 'sadness', 'surprise']","['disgust', 'sadness']","['disgust', 'sadness']"
pidgin_text_3783_emotion_1,guy everywhere you turn na beach pictures but man dey on top couch for house dey press phone,['sadness'],['surprise'],"['sadness', 'surprise']","['sadness', 'surprise']"
pidgin_text_5745_emotion_1,thanks dear not like theres anything to be happy about sef,['sadness'],['sadness'],[],['sadness']
pidgin_text_2882_emotion_1,abeg even the right lady dem never born them yahooboys don make relationship out of reach for ordinary civil servants many ladies now for benin don even dey apply to date yahooboys or why waiting on the queue go for hookups,"['disgust', 'sadness']","['anger', 'disgust', 'fear', 'sadness']","['disgust', 'sadness']","['disgust', 'sadness']"
pidgin_text_170_emotion_1,thats why im alone now but im happy i realized what i did and im happy it wont happen again,['joy'],"['joy', 'sadness', 'surprise']",['joy'],['joy']
pidgin_text_5333_emotion_1,so i no fit get knee injury in peace these fools dey say i don dey chase girls wtf,"['disgust', 'sadness']","['sadness', 'surprise']","['anger', 'disgust']","['disgust', 'sadness']"
pidgin_text_4465_emotion_1,as this country is going e be like god don comot hand from anything wey concern nigeria cause whats all this sad news everyday,"['fear', 'sadness']",['sadness'],"['fear', 'sadness']","['fear', 'sadness']"
pidgin_text_6148_emotion_1,e y e t e n t i o n never have i seen a blue eye shadow look soooooo gorgeous all thanks to lacici x available kano st yanga,"['joy', 'surprise']","['joy', 'surprise']",['joy'],"['joy', 'surprise']"
pidgin_text_604_emotion_1,dear i just want to say thank you for your investigation on the issue but abeg una go like hang boot at this point ive been having test broi will be having another one saturday and sunday respectively e don do o i want to graduate in peace,['joy'],['fear'],['fear'],['fear']
pidgin_text_4785_emotion_1,una small girlz big gawdboyz just dey hit their meats inside una deep freezerz make una better take am easy ooo body go soon tell una as e dey go,['disgust'],"['anger', 'disgust', 'fear', 'sadness', 'surprise']",['disgust'],['disgust']
pidgin_text_1931_emotion_1,bia divine anytime i see this ylur beards na to kidnap you keep for house de plait the beards de my mind,['joy'],"['joy', 'surprise']",['joy'],['joy']
pidgin_text_1259_emotion_1,lol i don chop gbese as i dey drive out,['sadness'],['sadness'],"['fear', 'sadness']",['sadness']
pidgin_text_2597_emotion_1,hmmn bros come visit me with that automobile for my area for one month the car go turn motoodey nor dey tell person say sun hot,"['disgust', 'sadness']","['anger', 'disgust']","['disgust', 'fear']",['disgust']
pidgin_text_1412_emotion_1,i no fit marry man wey dey fight for nxt sha na everyday i go dey cry,"['disgust', 'fear']","['anger', 'disgust', 'fear', 'sadness', 'surprise']",['fear'],"['disgust', 'fear']"
pidgin_text_2801_emotion_1,well sha lagos na wah who de cry de see road,"['disgust', 'surprise']","['sadness', 'surprise']","['disgust', 'surprise']","['disgust', 'surprise']"
pidgin_text_2112_emotion_1,inspiration sef left you you answered the wrong call man,['disgust'],['fear'],['disgust'],['disgust']
pidgin_text_832_emotion_1,thank you all yesterday was awesome and amazing and you people made it so for meyou came out in numbers to wish me well and celebrate mei wasnt expecting that but i was shocked i also got new followers i no dey always get sense ohi fit drag u anytime im grateful,"['joy', 'surprise']",['joy'],"['disgust', 'joy', 'surprise']","['joy', 'surprise']"
pidgin_text_3465_emotion_1,i go wash the gate sef in the morning and night after everybody don enter,['joy'],[],[],[]
pidgin_text_3996_emotion_1,me too after mmm and ultimate cycler i learnt my lessonsmy luck is so ill datif it was paying pple last minuteand it put in money d next minuteit will crash crypto sef de kill mei go sell dip with vexe go begin pump,"['fear', 'sadness']","['sadness', 'surprise']","['anger', 'fear']","['fear', 'sadness']"
pidgin_text_1850_emotion_1,so na like this nepa wan dy treat us for this lapaiomo wetin dy happen selfwhy b say we no dy get lighti want make somebody give me one good reason why we no dy get light for this town i dy vex ahswear,"['anger', 'disgust']","['anger', 'disgust', 'surprise']","['anger', 'disgust']","['anger', 'disgust']"
pidgin_text_4027_emotion_1,lol dem too dey form and las las nah dem dey marry,['disgust'],['disgust'],['disgust'],['disgust']
pidgin_text_3177_emotion_1,i just wan feel myself ni jareyi never meant it mk una no too take am serious na so e dey do me once in a while i love yall,['sadness'],"['joy', 'surprise']","['fear', 'sadness']",['sadness']
pidgin_text_1759_emotion_1,na una actually been dey rate all these influencers too much in the first place,['disgust'],"['anger', 'disgust']",['disgust'],['disgust']
pidgin_text_691_emotion_1,have you met my queen of the elite league natural skin from god as in her name fit the skin milk skin for who no sabi not diluted face o the face is from god,['joy'],"['joy', 'surprise']",['joy'],['joy']
pidgin_text_2401_emotion_1,make just quote my tweet i go be e happiest man on earth walahi as in today will be the happiest day of my entire lifeyou dunno the privilege to get your quoted by the african goat i go happy pass ham wey dey eat steak,"['joy', 'surprise']",['joy'],"['joy', 'surprise']","['joy', 'surprise']"
pidgin_text_3312_emotion_1,no use laugh kill pesin abeg,['joy'],['joy'],['joy'],['joy']
pidgin_text_3366_emotion_1,chelsea must win oo even if na chelsea mcity no wahala,['fear'],[],['fear'],['fear']
pidgin_text_1143_emotion_1,the thing dey funny you go get senior sister for house you go dey play when dem never sweep floor dem born you well say you never wash plate you dey watch tv who dey wash cars who dey clear compound for those wey not get tap who dey go fetch water,['sadness'],"['anger', 'fear', 'sadness', 'surprise']",['disgust'],['sadness']
pidgin_text_4867_emotion_1,man god forgive me i didnt mean to cheat on my wife its the devils handwork man abeg make una no burn me na devil make me tiff the phone woman father its not like i intentionally stole the money its the devils handwork devil,['disgust'],['fear'],"['fear', 'sadness']",['fear']
pidgin_text_5585_emotion_1,na catfish i do i no kill person saratu,['disgust'],['sadness'],['disgust'],['disgust']
pidgin_text_1160_emotion_1,lmafoooooooooo the human temple run ‍️ tueh him dey run pass ball sef,['disgust'],['surprise'],['disgust'],['disgust']
pidgin_text_4629_emotion_1,omoh dmca removal dey pain o blow szn don go the full album fit go sefwe had a nice run either ways,['sadness'],"['joy', 'sadness', 'surprise']","['anger', 'sadness']",['sadness']
pidgin_text_934_emotion_1,my bedsheets are well made to stand out bedsheets wey get quality e no dey wash or fade over fine dey worry am e go fit your bedroom too n click this link make u buy am abeg tap retweet for your home girl,['joy'],['joy'],[],['joy']
pidgin_text_2348_emotion_1,be like say apple dey med fireboy album wey i download full for nigth this morning them don delete am,"['anger', 'disgust']","['anger', 'disgust', 'sadness', 'surprise']","['anger', 'disgust']","['anger', 'disgust']"
pidgin_text_3650_emotion_1,e dey sweet my body oh see as my friends dey come through for me with gifts upandan invest in your friendships oh be the giver you will reap eventually,"['joy', 'surprise']","['joy', 'surprise']",['joy'],"['joy', 'surprise']"
pidgin_text_1564_emotion_1,god have mercy youre cute even gap toothed na waa o am married abeg make una no come for me o just admiring gods curious art in human flesh,"['joy', 'surprise']","['joy', 'surprise']","['fear', 'surprise']","['joy', 'surprise']"
pidgin_text_5250_emotion_1,even the man wife dey vex for am e heart na stone,['disgust'],"['disgust', 'surprise']",['disgust'],['disgust']
pidgin_text_1081_emotion_1,if na give away them wan do sharp sharp comment go full everywhere,['disgust'],"['anger', 'disgust', 'sadness']",['disgust'],['disgust']
pidgin_text_19_emotion_1,unplanned matching day e be like say my tailor don dey run my material for my patients too lagos island,"['disgust', 'surprise']",['anger'],['surprise'],['surprise']
pidgin_text_532_emotion_1,make e see wetin hin fine face and stature dey cause for my marital house o,['fear'],"['anger', 'fear', 'surprise']","['fear', 'joy']",['fear']
pidgin_text_4895_emotion_1,this manhole in my bathroom always gives me the creeps that someone will enter through it small kpram for night i don go check,['fear'],"['anger', 'fear', 'sadness']",['fear'],['fear']
pidgin_text_5824_emotion_1,yansh be trending all of a sudden as i no kon get yansh laidis wetin i go do,['sadness'],"['sadness', 'surprise']","['disgust', 'sadness']",['sadness']
pidgin_text_5511_emotion_1,all of dem dey vex me ‍️,['sadness'],"['anger', 'disgust']","['anger', 'disgust']","['anger', 'disgust']"
pidgin_text_1188_emotion_1,e dey funny me youre the one trynna hit on your friends boyfriend na your voice dey loud pass where did this reverse started from sef,"['disgust', 'surprise']","['disgust', 'surprise']","['disgust', 'surprise']","['disgust', 'surprise']"
pidgin_text_759_emotion_1,na me una dey live on im spending money small small so e no go finish now i have to take care of you too as a nursing mother with twins im just angry goats can eat their foods are expensive im going to name them bitterness and pain cause right now im bitter and in pains,"['anger', 'sadness']","['anger', 'sadness']",['anger'],"['anger', 'sadness']"
pidgin_text_2883_emotion_1,you suppose dey watch matic and pogba work instead you dey watch the johnsons,['disgust'],"['anger', 'sadness', 'surprise']",['disgust'],['disgust']
pidgin_text_2442_emotion_1,my pinned tweet ehn chaii e de burst my brains fam love is good o,['joy'],"['joy', 'surprise']",['joy'],['joy']
pidgin_text_4986_emotion_1,be like say the phone brain dey shake wetin wan carry me go ikorodu,"['disgust', 'fear']","['disgust', 'surprise']","['disgust', 'fear']","['disgust', 'fear']"
pidgin_text_2308_emotion_1,ode una no sabi reason u think he will give u no wonder nnamdi kanu dey deceive u people thank god he is late now even in his death una no still get sense,"['disgust', 'surprise']","['anger', 'disgust', 'surprise']",['disgust'],"['disgust', 'surprise']"
pidgin_text_6049_emotion_1,me and my mama dey one shop o dey wait make rain stop but mess dey worrii want to messsss,"['fear', 'sadness']",['fear'],"['fear', 'sadness']","['fear', 'sadness']"
pidgin_text_2916_emotion_1,even for relationship na so dem dey leave,['disgust'],['surprise'],['disgust'],['disgust']
pidgin_text_668_emotion_1,but e be like say i don dey fine oo all this gehz be cutting me eyes azzin im loving maself,"['joy', 'surprise']","['joy', 'surprise']","['joy', 'surprise']","['joy', 'surprise']"
pidgin_text_6139_emotion_1,whats happening na me i feel say na who celebrity know them the dash money to oo cos i cant be this unlucky na my account number now is very popular to them but i never see naira by mistake,['sadness'],"['sadness', 'surprise']","['fear', 'sadness']",['sadness']
pidgin_text_5350_emotion_1,whats wrong with this people sef haba lets us eat food finish,['disgust'],['disgust'],"['disgust', 'fear']",['disgust']
pidgin_text_460_emotion_1,i dnt trust dis nepa dey must be up to smthng dis one dat light don dey for like hrs and rain fall heavily dis morin and dem no still take am,['fear'],"['joy', 'surprise']",['fear'],['fear']
pidgin_text_5604_emotion_1,the lady recording this video lacks respect whats i love this boy you see man wey be captain wey defend una you dey call am boy,['disgust'],"['disgust', 'surprise']",['disgust'],['disgust']
pidgin_text_879_emotion_1,igbo fufu na d best dem no dey turn am for pot na pounding,[],[],['surprise'],[]
pidgin_text_6080_emotion_1,i did not say anything first i just tasted it first and ate to a certain level then i went further to ask ehe bros how much be this fish again sef baba said oh bros na change na just i lost appetite immediately,"['sadness', 'surprise']","['fear', 'surprise']","['disgust', 'surprise']",['surprise']
pidgin_text_3044_emotion_1,valverde has caused me so much pains even if dem flog me koboko sef e no go pain me like this like we are really going to wait till septoct to watch barca at the ucl again,"['anger', 'sadness']","['anger', 'sadness', 'surprise']","['disgust', 'sadness']","['anger', 'sadness']"
pidgin_text_793_emotion_1,we already know the reason why make una shaa enjoy de moment sef just like when dose cr fan sef no let us hear word again years ago,['sadness'],['disgust'],['disgust'],['disgust']
pidgin_text_3539_emotion_1,they say out wit old and in wit newbut im not letting go of good friends like uthank u for being an incredible frndtank u so much for affecting my life positively this year n the past yearsgod bless and be wit you allu r loved by me,['joy'],['joy'],"['disgust', 'joy']",['joy']
pidgin_text_2497_emotion_1,sugarbuthow long must aconte experiment with this hazard falsesenarioe no dey work,['disgust'],[],['disgust'],['disgust']
pidgin_text_2594_emotion_1,guy you dey commot for night shuu,['surprise'],['surprise'],['surprise'],['surprise']
pidgin_text_5730_emotion_1,is this not that guy thats using wan accent like that at him don get naija accent now o and him don dy wear trads,['surprise'],['surprise'],['surprise'],['surprise']
pidgin_text_1621_emotion_1,na dis kain tin u dey like️,['disgust'],"['disgust', 'surprise']",['disgust'],['disgust']
pidgin_text_3154_emotion_1,u not serious u don dey change am now abi,"['disgust', 'surprise']","['disgust', 'sadness']","['disgust', 'surprise']","['disgust', 'surprise']"
pidgin_text_1394_emotion_1,the sun wey dey beat me like this eh i don black,"['disgust', 'sadness']","['anger', 'sadness', 'surprise']","['disgust', 'sadness']","['disgust', 'sadness']"
pidgin_text_4115_emotion_1,the matter tire me sef seeing the same annoying thing every time,"['disgust', 'sadness']","['anger', 'disgust']","['anger', 'disgust']","['disgust', 'anger']"
pidgin_text_2580_emotion_1,im not even exaggerating na big ass fit kill me inside this life like wtf why why i cant resist,"['disgust', 'sadness']","['fear', 'surprise']","['disgust', 'fear']","['disgust', 'fear']"
pidgin_text_5873_emotion_1,lmaoo na only him dem dey miscomprehend only him,['disgust'],['surprise'],['disgust'],['disgust']
pidgin_text_5258_emotion_1,una dey try with this una increment to scare people,"['disgust', 'sadness']",['surprise'],['disgust'],['disgust']
pidgin_text_3140_emotion_1,all your followers na sharp guys o them don laod all the card finish i give una hand o twale,['surprise'],"['anger', 'surprise']",['surprise'],['surprise']
pidgin_text_4494_emotion_1,na these women ụna wan give gun ellah cynthia blessing for don kill me since,"['fear', 'surprise']",['surprise'],['fear'],"['fear', 'surprise']"
pidgin_text_2723_emotion_1,una too dey complain,['disgust'],"['anger', 'disgust', 'sadness', 'surprise']",['disgust'],['disgust']
pidgin_text_774_emotion_1,omo this love don dey enter my body again i think say e no dey last ni i was wrong,['surprise'],['surprise'],"['fear', 'surprise']",['surprise']
pidgin_text_4333_emotion_1,imagine this weather for two abeg where una dey see love now,"['sadness', 'surprise']","['sadness', 'surprise']","['sadness', 'surprise']","['sadness', 'surprise']"
pidgin_text_2107_emotion_1,ah e don electrocute her,['surprise'],"['fear', 'sadness']",['surprise'],['surprise']
pidgin_text_4893_emotion_1,f i n e p e o p l e thank you so much for bearing with us all through the struggles that,['joy'],['joy'],['joy'],['joy']
pidgin_text_5998_emotion_1,all dese govt workers go dey dress like skreps even their youthsif dey come see person wey dey manage wear better cloth like this na beef u will see a young girl looking wetin i no go see for ds house of assembly abeg nobody fit kill my shine,['disgust'],"['anger', 'disgust']",['disgust'],['disgust']
pidgin_text_5831_emotion_1,leav dem make dem just open mouth cos they sabi talk,['disgust'],"['anger', 'disgust', 'sadness', 'surprise']",['surprise'],"['disgust', 'surprise']"
pidgin_text_3696_emotion_1,guy i no dey use that beer playi miss am gan for benin here but thank god say dem get hero lager too wey dey similar,"['joy', 'sadness']",['joy'],['sadness'],"['joy', 'sadness']"
pidgin_text_596_emotion_1,d kind talk wey dey spit out eh u suppose be course for skool abeg and na first class student i go be ah swear,['surprise'],"['disgust', 'surprise']",['surprise'],['surprise']
pidgin_text_735_emotion_1,‍️ i still dey laugh,['surprise'],"['joy', 'surprise']","['joy', 'surprise']","['surprise', 'joy']"
pidgin_text_6069_emotion_1,lol why e dey pain u na not all of us dey wank,['disgust'],['surprise'],['disgust'],['disgust']
pidgin_text_572_emotion_1,your excellency help us na help make kd a tech hub abeg lagos is too congestedno you be the guy wey fit do am abeg,['sadness'],"['anger', 'fear', 'sadness']",['sadness'],['sadness']
pidgin_text_2404_emotion_1,pussy way everybody dey enjoy e reach your turn you give her belle no be so then they do things,['disgust'],"['anger', 'disgust']",['disgust'],['disgust']
pidgin_text_4489_emotion_1,so because your boyfriend give you small attention today you don forget me the funny guy no be so them dey do things o but lola kumfayakun e ma pada je breakfast,['sadness'],"['sadness', 'surprise']",['sadness'],['sadness']
pidgin_text_3835_emotion_1,why you come dey vex like na you get the shop and the food na,['surprise'],"['anger', 'surprise']",['surprise'],['surprise']
pidgin_text_1346_emotion_1,abeg cool weather no be thunderstorm na rain don stop already abi una wan sun the transformer make una restore light make dis lockdown no be anyhow,"['disgust', 'sadness']","['anger', 'sadness']","['disgust', 'fear']","['disgust', 'sadness']"
pidgin_text_3370_emotion_1,lol i dey awka na flavour event on the th i dey warm up for,['joy'],['joy'],['joy'],['joy']
pidgin_text_2216_emotion_1,i been wan call police for am that time na person wey dey pick call next day,['disgust'],['anger'],['disgust'],['disgust']
pidgin_text_578_emotion_1,marriage is really a sweet thing for men ooh they come home chop food eat meat and enjoy person wey cook hmm oda rm olamide zalatan,"['joy', 'surprise']",['joy'],['joy'],['joy']
pidgin_text_6104_emotion_1,la hawla i don burn sweet potato all my kitchen don dey smell,['sadness'],['disgust'],"['disgust', 'sadness']","['sadness', 'disgust']"
pidgin_text_4837_emotion_1,didnt see this coming so just like that im now a car owner god who am i that youre so mindful of me so no trekking anymore no waiting for taxi now na me go dey drive dey go gas station go buy fuel words alone cant express how much i need of a car right now,"['joy', 'surprise']","['joy', 'surprise']","['joy', 'surprise']","['joy', 'surprise']"
pidgin_text_4716_emotion_1,do we look like terrorists mugu wey dey yarn dust when he don see microphone,['disgust'],"['anger', 'surprise']","['anger', 'disgust']","['disgust', 'anger']"
pidgin_text_6052_emotion_1,arsenal fc board member i c u jare u r mad over something you expected to happen and now going the other way roundi feel your pain i can still fetch out your summer twit about what im talking about but pls focus on your team n leave us alonena u comot na u still de care,['disgust'],"['anger', 'disgust', 'surprise']",['disgust'],['disgust']
pidgin_text_3031_emotion_1,this sober ting is crazy cah i got the pills on me rn na jus to dey look am like the devil,['sadness'],"['anger', 'fear']",['sadness'],['sadness']
pidgin_text_3048_emotion_1,low budget ayesha yesufu don begin dey comment again calm your tits with the i know it all facade please if you no learn to mind your bidness for here dem go beat craze comot for your body one of these days,['disgust'],['disgust'],['disgust'],['disgust']
pidgin_text_2293_emotion_1,dont mind them let them not do it and lets pray all this will stop in no time they will use cup of rice do election again ️ see ehhnn d thunder dat will fire dem ehn e go pass the one in the flash,"['anger', 'disgust']","['anger', 'disgust', 'fear', 'sadness']","['anger', 'disgust']","['anger', 'disgust']"
pidgin_text_5868_emotion_1,e don end im hurt,['sadness'],['sadness'],['sadness'],['sadness']
pidgin_text_1919_emotion_1,nice nick i go need ask the dude if hin don see the battery,[],['joy'],[],[]
pidgin_text_2980_emotion_1,na my mates know wetin dem dey find for person forehead,['disgust'],['disgust'],"['disgust', 'surprise']",['disgust']
pidgin_text_2906_emotion_1,anytime someone says im coming to visit i get anxiety i really hate to have visitors around i dont like to visit too just dey your dey make i dey my dey,"['disgust', 'fear']","['anger', 'fear', 'sadness']","['disgust', 'fear']","['disgust', 'fear']"
pidgin_text_3943_emotion_1,corruption don jam corruption our country is a joke,"['disgust', 'sadness']","['anger', 'disgust', 'sadness']",['disgust'],"['disgust', 'sadness']"
pidgin_text_5588_emotion_1,imagine bab go dey chop yur money still dey stress you on top i go craze oooo,"['disgust', 'sadness']","['anger', 'surprise']","['anger', 'disgust']","['disgust', 'anger']"
pidgin_text_3854_emotion_1,i seriously dont understand chelsea fans complaining about werner whos putting in all his best for the team make e cut em gbolla for una before una go know say nah hard working player,"['disgust', 'surprise']","['anger', 'sadness', 'surprise']",['disgust'],"['disgust', 'surprise']"
pidgin_text_4572_emotion_1,wetin praise band dey sing sef,"['disgust', 'surprise']",['disgust'],"['disgust', 'surprise']","['disgust', 'surprise']"
pidgin_text_1795_emotion_1,i for like dey somewhere with my phone off enjoying life but i dey here dey para on top basket of tomatoes,"['disgust', 'sadness']","['anger', 'sadness']",['disgust'],"['disgust', 'sadness']"
pidgin_text_1752_emotion_1,i dont really like when a guy will always want u to chat him up all the time oga me i no well i delete ur number no come dey do yanga for me i am very busy lady benin ladies no get time so if u won dey act like say u no dey shit oga i delete and block u join,['disgust'],"['anger', 'disgust', 'sadness', 'surprise']",['disgust'],['disgust']
pidgin_text_382_emotion_1,as a chelsea fan i no want make my former papa dey suffer wetin him dey suffer now it too much i want am to win games,['sadness'],[],"['fear', 'sadness']",['sadness']
pidgin_text_5325_emotion_1,na the number of foolish people wey dey the replies dey surprise me abi na sarcasm,"['disgust', 'surprise']",['disgust'],"['disgust', 'surprise']","['disgust', 'surprise']"
pidgin_text_2812_emotion_1,na the mama part dey vex me sef like nigga really just say you dont want to,"['anger', 'disgust']",['anger'],"['anger', 'disgust']","['anger', 'disgust']"
pidgin_text_2237_emotion_1,my bunch of keys decided to divide themselves the half i need to open d house doors fell at d office d remaining half wey be office keys r so intact in my bag as i dey like dis na in front of my door i jst siddon siddon dey look,"['disgust', 'sadness']","['sadness', 'surprise']","['disgust', 'sadness']","['disgust', 'sadness']"
pidgin_text_1977_emotion_1,am finally e don happen first official kiss under the duvet lol n weldone o even if we no fit see unawe can hear una is now a ship lol wellwe are watching you both,['disgust'],"['disgust', 'surprise']",['surprise'],"['disgust', 'surprise']"
pidgin_text_3246_emotion_1,i don marry for dia ni,"['disgust', 'surprise']",['surprise'],['disgust'],"['disgust', 'surprise']"
pidgin_text_4987_emotion_1,this boy is still protesting that i called his men rogues ikorodu no be good place apayan ni won if you love your life avoid that place na hell my girl head don stiff arm don swell up ika ni yin ni ikorodu oooo awon apayan greedy wicked armed robbers,"['fear', 'sadness']","['disgust', 'fear']","['disgust', 'fear']","['fear', 'disgust']"
pidgin_text_1793_emotion_1,na wah oo this is getting way too serious,['surprise'],"['fear', 'surprise']",['fear'],"['surprise', 'fear']"
pidgin_text_2598_emotion_1,na aboki na wetin you expect if nor be cow e nor important,['disgust'],['disgust'],['disgust'],['disgust']
pidgin_text_1737_emotion_1,jeezzzzz so na just this simple stuff i no fit understand school na scam,"['sadness', 'surprise']","['anger', 'disgust', 'fear', 'sadness', 'surprise']","['disgust', 'joy', 'surprise']","['sadness', 'surprise', 'disgust']"
pidgin_text_5410_emotion_1,na the joseph for bible wey them lie on top of his heard say he wan rape portiphers wife lie about someone no be fake news or that no qualify to be,['disgust'],['surprise'],['disgust'],['disgust']
pidgin_text_2887_emotion_1,when ure eating all kinds of meat and then ur mind is like chop am ochop am wellasna sit ur belle go suffer when sit up time don reach,['disgust'],"['fear', 'surprise']",['disgust'],['disgust']
pidgin_text_3972_emotion_1,and i calm down dey reason say na better thing the guy wan talk,['disgust'],"['anger', 'disgust']",['disgust'],['disgust']
pidgin_text_6005_emotion_1,dem dey drag you like tiger gen them con drag me join,['sadness'],['surprise'],"['disgust', 'sadness']",['sadness']
pidgin_text_3299_emotion_1,alonso go just dey make me laff una sure sey nah ball dz man wan play before,['surprise'],"['joy', 'surprise']","['joy', 'surprise']","['surprise', 'joy']"
pidgin_text_278_emotion_1,watched twice they girl wey use get better bum bum na that bumbum i dey juse dey notice,[],['joy'],['surprise'],[]
pidgin_text_1078_emotion_1,if pipu talk dis mumu go come out toookpoif it was your fav bet you wldnt make dis comment,['disgust'],"['anger', 'disgust']",['disgust'],['disgust']
pidgin_text_3772_emotion_1,imagine recommending books for sammy na me fuck up person wey dem use novel swear for,['sadness'],"['anger', 'surprise']",['sadness'],['sadness']
pidgin_text_4978_emotion_1,you see ahh omo na to hustle for street jarey school wey person go go finish work no dey and even when you finally see work do sef the salary no go give person reasons to smile if you comot transport and feeding it is finished,"['disgust', 'sadness']","['anger', 'sadness']","['anger', 'disgust']","['disgust', 'sadness', 'anger']"
pidgin_text_2243_emotion_1,during my nysc e get one babe i dey eye for uniuyo she hug me finish call me next day say wetin be the name of my perfume that the bf likes it,"['disgust', 'sadness']","['anger', 'sadness', 'surprise']",['disgust'],"['disgust', 'sadness']"
pidgin_text_4930_emotion_1,lol i get person wey dey come naija na make i still pay shipping you are hi,"['anger', 'surprise']",[],"['disgust', 'surprise']",['surprise']
pidgin_text_5199_emotion_1,you people should try and be calming down make e no come touch us wey dey supporters club like this,"['disgust', 'fear']",['fear'],['fear'],['fear']
pidgin_text_207_emotion_1,de only pipo sorry lovers dat can insult me on dis twitter n go free i love you,"['disgust', 'joy']",['joy'],"['disgust', 'joy']","['disgust', 'joy']"
pidgin_text_3489_emotion_1,him wan dey whyne my jesus,['disgust'],['surprise'],['disgust'],['disgust']
pidgin_text_5469_emotion_1,person voice dey sound like car engine wey dey start,"['disgust', 'surprise']","['disgust', 'surprise']",['disgust'],"['disgust', 'surprise']"
pidgin_text_1478_emotion_1,na man utd women own dey vex me pass like when una start,"['anger', 'disgust']",['anger'],"['anger', 'disgust']","['anger', 'disgust']"
pidgin_text_1435_emotion_1,mtn dey mad dem don turn scammers they re just sucking our mb anyhow like when mosquitoe suck blood,"['anger', 'disgust']","['anger', 'disgust']","['anger', 'disgust']","['anger', 'disgust']"
pidgin_text_3248_emotion_1,d gist i wan laugh,['surprise'],['joy'],"['joy', 'surprise']","['surprise', 'joy']"
pidgin_text_2640_emotion_1,make una nor go dey embarrass una self ooo,['disgust'],['disgust'],"['disgust', 'fear']",['disgust']
pidgin_text_2671_emotion_1,what amuses u might not amuse me after all basket mouth performs to a sell out crowddis una nobody from ur native is no where close is nonsense,['disgust'],['disgust'],['disgust'],['disgust']
pidgin_text_6026_emotion_1,praise go dey wank if e see small skin for movies i fit bet am,['disgust'],['disgust'],['disgust'],['disgust']
pidgin_text_1688_emotion_1,where all of them dey follow the man dey run dey go,['surprise'],['surprise'],"['disgust', 'surprise']",['surprise']
pidgin_text_138_emotion_1,thanks so much boss unfortunately na stream i dey with boss na till june but god bless you sir for reaching out,['joy'],"['anger', 'joy', 'sadness']",['joy'],['joy']
pidgin_text_4447_emotion_1,leave your fathers house leave your fathers house okay now i enter market spent more than k na leather way no full na him i come back with which kind wahala bdis,"['disgust', 'sadness']","['anger', 'sadness']","['disgust', 'sadness']","['disgust', 'sadness']"
pidgin_text_171_emotion_1,boy i am loving you for days anytime you call my name e be like i dey craze igba di e loku kiss daniel for president,['joy'],"['joy', 'surprise']",['joy'],['joy']
pidgin_text_3080_emotion_1,she don use their head finish naaaa maga don pay,['disgust'],['disgust'],['disgust'],['disgust']
pidgin_text_376_emotion_1,you like wahala abeg tinpin no even de look their face,['disgust'],[],['disgust'],['disgust']
pidgin_text_3675_emotion_1,ahhhhh today na townsend birthday wahala ooo baba must shake our legs oo,['joy'],"['joy', 'surprise']",['surprise'],"['joy', 'surprise']"
pidgin_text_1452_emotion_1,hunger wan kee me now you con dey tweet this kind thing,"['disgust', 'sadness']",['anger'],"['disgust', 'sadness']","['disgust', 'sadness']"
pidgin_text_5460_emotion_1,na small play oh e dey twist am like say e dey pick beans,"['disgust', 'surprise']",['surprise'],"['disgust', 'surprise']","['disgust', 'surprise']"
pidgin_text_4315_emotion_1,seeee the thing no gree fine again and na so so emabinu ma i dey hear,"['disgust', 'sadness']",['anger'],"['disgust', 'surprise']",['disgust']
pidgin_text_5781_emotion_1,na only mumu dey ask fish if e don baff,['disgust'],['anger'],['disgust'],['disgust']
pidgin_text_1826_emotion_1,dz christmas for me na real na o nobody to celebrate with no money sef to flex well as person wan flex,['sadness'],['sadness'],['sadness'],['sadness']
pidgin_text_2476_emotion_1,dem dey donate for erica but wait oo una no dey donate for man nii upper year it was ceecee last year it was tasha this penis wey person carry self no useful oo,"['disgust', 'surprise']","['anger', 'sadness', 'surprise']","['disgust', 'sadness', 'surprise']","['disgust', 'surprise', 'sadness']"
pidgin_text_1327_emotion_1,some people just dey make mouth but their money na audiowe no dey see am at all the dream is,['disgust'],"['anger', 'disgust', 'surprise']",['disgust'],['disgust']
pidgin_text_1063_emotion_1,see hypocriteafter you don japa you come here dey yarn okoto my friend will you keep kwayetlets trade places na since you love nigeria so much,['disgust'],"['anger', 'disgust']",['disgust'],['disgust']
pidgin_text_3724_emotion_1,it amazes that up till now don jazzy still does give away god de really de bless people,['surprise'],['surprise'],['surprise'],['surprise']
pidgin_text_1920_emotion_1,na this kind thing una dey like,"['disgust', 'surprise']",['disgust'],['disgust'],['disgust']
pidgin_text_2384_emotion_1,na so me sef shock dear na me fuck up sha,"['sadness', 'surprise']","['anger', 'sadness', 'surprise']","['disgust', 'sadness']","['sadness', 'surprise']"
pidgin_text_955_emotion_1,my guy will remain president till if my guy comot sef na my guy go still dey there buhahaha edrag by with twitter fingers,['joy'],['joy'],['joy'],['joy']
pidgin_text_1861_emotion_1,be like na only me never use ciao and that tattoo filter,"['disgust', 'surprise']","['anger', 'disgust', 'surprise']",['surprise'],"['disgust', 'surprise']"
pidgin_text_2969_emotion_1,those yoruba people wan too dey show i just did introduction kawai,['disgust'],"['anger', 'surprise']",['disgust'],['disgust']
pidgin_text_1765_emotion_1,as sars sabi shot and kill youthmake government send them go fight and kill boko haram na government abeg oo,['disgust'],"['anger', 'disgust', 'fear', 'sadness']",['disgust'],['disgust']
pidgin_text_3528_emotion_1,please which exercise you dey do wey make you not dey fati wan join you sir,['surprise'],[],['surprise'],['surprise']
pidgin_text_2218_emotion_1,coming back to the original topic women are bread winners yes but even at that body dey still gist the guys say them dey fuck hence the depression because low key your guys wont rate you any body that frequent bars a lot where guys talk can relate to what im saying,['disgust'],"['anger', 'disgust', 'fear', 'sadness']",['disgust'],['disgust']
pidgin_text_1898_emotion_1,gt bank no go finish me k wey i dey managethey comot sms charge still comot vat on top sms charge ‍️,"['disgust', 'sadness']","['anger', 'surprise']",['disgust'],['disgust']
pidgin_text_5188_emotion_1,jesus taught i had sef,['surprise'],['surprise'],['surprise'],['surprise']
pidgin_text_236_emotion_1,i love you guys getting a jersey soon even if na road side own sef,['joy'],['joy'],['joy'],['joy']
pidgin_text_1880_emotion_1,as osi dey turn that stew i remember sometime early wey popsi enter kitchen make stew guy stew sweet die after eating it i came a little edo men dey cook forget,['joy'],"['joy', 'surprise']","['joy', 'surprise']","['joy', 'surprise']"
pidgin_text_5221_emotion_1,wetin person go chop like dis,['sadness'],['sadness'],['sadness'],['sadness']
pidgin_text_1732_emotion_1,im sure she ll be filled with regrets now una go don pursue sleep komot for her eye even bros go dey vex,['sadness'],"['anger', 'sadness', 'surprise']",['sadness'],['sadness']
pidgin_text_1604_emotion_1,bro dont do this to us,['fear'],"['disgust', 'sadness']",['fear'],['fear']
pidgin_text_834_emotion_1,lol someone texted and said tolu u will treat ur babe so well that im jealous cos even us wey no dey date u sef you dey overtry for us,['surprise'],"['joy', 'surprise']","['joy', 'surprise']","['surprise', 'joy']"
pidgin_text_3219_emotion_1,i dey game o connect me to dis mama na,['surprise'],['joy'],['joy'],['joy']
pidgin_text_4235_emotion_1,the kind body heating wey dis geh gimme for bus now ehn unto say i look like snow white shey na my fault,"['disgust', 'sadness']","['anger', 'disgust', 'sadness', 'surprise']","['fear', 'sadness']","['disgust', 'sadness']"
pidgin_text_2361_emotion_1,good morning big bro abeg na vn u go de use reply my whats app now,['surprise'],[],"['sadness', 'surprise']",['surprise']
pidgin_text_1801_emotion_1,most of youll always happy for peoples downfall wow most of una dey happy say us house of rep impeach hope una no get flaws hope una better pass am make una go face una family problems leave the man jooooor,"['disgust', 'surprise']","['anger', 'surprise']",['disgust'],"['disgust', 'surprise']"
pidgin_text_3110_emotion_1,loool be like sey dem don dey put magun on top shaft ooo,"['disgust', 'surprise']","['fear', 'sadness', 'surprise']",['surprise'],['surprise']
pidgin_text_2014_emotion_1,e be like say e don happen o,['fear'],"['joy', 'surprise']",['fear'],['fear']
pidgin_text_5651_emotion_1,april don dey finish ooo i never see post like kings and queens are born in april wetin happen abi coro don collect una crown,['surprise'],['surprise'],['surprise'],['surprise']
pidgin_text_2693_emotion_1,e don happen oooo wife call police to arrest her husband side chick police reach there the side chick na dpo wife kam baikwa,"['disgust', 'surprise']","['anger', 'disgust', 'fear', 'surprise']",['surprise'],"['disgust', 'surprise']"
pidgin_text_1736_emotion_1,reason y kante snubbed jose is cus of his attitudeand xpecialy his bad mouthu no jose dey talk lyk pesin way dey tak sumtin,['disgust'],['disgust'],['disgust'],['disgust']
pidgin_text_4232_emotion_1,am ur biggest fan person blow me for mouth coz of you we dey argue u and olamide who get vibes pass i argue they tell dem sey na get vibes pass before u no wetin dey happen wey don dey argue i no know wen i call the boy bastard out of anger the guy blow me,['sadness'],"['anger', 'sadness', 'surprise']","['anger', 'disgust', 'sadness']","['sadness', 'anger']"
pidgin_text_5088_emotion_1,you wan make dem comot boys go drive them finish,"['disgust', 'fear']","['anger', 'fear', 'sadness', 'surprise']","['fear', 'surprise']","['fear', 'surprise']"
pidgin_text_2346_emotion_1,e be like dem don suspend twitter for instagram o,['surprise'],"['anger', 'disgust', 'fear', 'sadness']","['fear', 'surprise']","['surprise', 'fear']"
pidgin_text_4476_emotion_1,e con be like say i no wan serious with my life again,"['fear', 'sadness']","['disgust', 'sadness']","['sadness', 'surprise']",['sadness']
pidgin_text_684_emotion_1,lol this tweet just made me laughbecause im always broke everyday but yet i still feed myself well and still i no dey off my phone data how i manage to cope everyday i dont know but i know im broke it can only be god,['joy'],"['joy', 'surprise']","['joy', 'surprise']","['joy', 'surprise']"
pidgin_text_1391_emotion_1,lmfaoooo e be like the harmattan don dey worry u people because kini gbogbo rubbish yi lori tl,['disgust'],['anger'],"['disgust', 'surprise']",['disgust']
pidgin_text_2735_emotion_1,na now wen una don break upyou dey talk say you been get plans for her but she fucked up oshey oo event planner,['disgust'],['surprise'],['disgust'],['disgust']
pidgin_text_2793_emotion_1,abeg make una buy better rifles arden means weapons why una come dey use toy gun whereas others are using sophisticated weapons like machine gun,['disgust'],"['disgust', 'fear', 'surprise']","['disgust', 'surprise']","['disgust', 'surprise']"
pidgin_text_4864_emotion_1,which username na when i buy the sim una nor gimme username na ahn ahn number location osubi warri delta state device name k,"['disgust', 'surprise']",[],['surprise'],['surprise']
pidgin_text_2762_emotion_1,lol one day sha if anybody see me dey fight make dem just pass because na so one say e wan fok me say cold dey catch am because rain fall,"['anger', 'disgust']","['disgust', 'surprise']",['disgust'],['disgust']
pidgin_text_4711_emotion_1,this govt just dey like odd against odd how e wan take enter make e give u joy god give me trusting wrongly mowe ogun nigeria,"['disgust', 'sadness']",['disgust'],"['anger', 'sadness']","['disgust', 'sadness']"
pidgin_text_4225_emotion_1,im in tears guys see how my customer rocked her bag she made me so happy with this picture e choke abi e no choke ikeja,['joy'],['joy'],['joy'],['joy']
pidgin_text_4433_emotion_1,sha said im sorry na okay im still sorry,['sadness'],"['anger', 'sadness', 'surprise']",['sadness'],['sadness']
pidgin_text_4380_emotion_1,these people just dey enjoy for amawbia site mehn no wonder dem no wan make i show since ‍️ see better local kitchens chilled drinks n all,"['sadness', 'surprise']","['joy', 'surprise']","['sadness', 'surprise']","['sadness', 'surprise']"
pidgin_text_5615_emotion_1,why you no blowchuk hand inside dat bastard eye this is sad my gender keep shaming me,"['disgust', 'fear', 'sadness']","['disgust', 'sadness']","['disgust', 'sadness']","['disgust', 'sadness']"
pidgin_text_3344_emotion_1,mehn the cars eeh fada lawd abeg nau me sef wan get car and house for assokoro,"['sadness', 'surprise']",['surprise'],"['sadness', 'surprise']","['sadness', 'surprise']"
pidgin_text_5649_emotion_1,omo na one woman i dey follow up on whatsapp to get back my money now i no even know how to type the english again e come be like say i dey beg to get back my own money,"['disgust', 'sadness']",['surprise'],"['disgust', 'sadness']","['disgust', 'sadness']"
pidgin_text_5894_emotion_1,e no go better for the dg and his workers una think say na only una get plans abi,['anger'],"['anger', 'sadness']","['anger', 'disgust']",['anger']
pidgin_text_5287_emotion_1,wahala for country wey no get president make i go dey save money move go ghana or kenya,"['disgust', 'sadness']",['disgust'],['disgust'],['disgust']
pidgin_text_479_emotion_1,this serves as a reminder for choristers and instrumentalist to start rehearsing because as i de so i don de rehearse dance steps for d first sunday after covid ish,[],[],['joy'],[]
pidgin_text_5110_emotion_1,person wey dem use rubber spoon exchange eim brain na kpians go follow warri boi word,['disgust'],[],['disgust'],['disgust']
pidgin_text_4317_emotion_1,na for where we go settle matter naim person slap me for eye i no see who slap me me sef con slap the short man wey dey my side i no know say na soldier we don dey drive go barracks like this,"['fear', 'sadness']",['fear'],"['fear', 'surprise']",['fear']
pidgin_text_155_emotion_1,god if this thing fit just happen again,['sadness'],"['anger', 'fear', 'sadness']",['fear'],"['sadness', 'fear']"
pidgin_text_1518_emotion_1,na like this we go dey dey where is our joy and happiness nigeria lagos nigeria,"['disgust', 'surprise']","['fear', 'sadness']",['sadness'],['sadness']
pidgin_text_3189_emotion_1,make one fine girl for uyo carry me comot tomorrow na babes im calling on you,['sadness'],[],['sadness'],['sadness']
pidgin_text_2279_emotion_1,una try o una dey mess up my new year the network i praise so much is hurting me,"['disgust', 'sadness']","['disgust', 'sadness']","['disgust', 'sadness']","['disgust', 'sadness']"
pidgin_text_4408_emotion_1,youth corpers like us na na only naira dey rush us,['joy'],"['anger', 'disgust', 'sadness']",['joy'],['joy']
pidgin_text_417_emotion_1,mr zayn africa the gemu don come back again o una wan shave am again you fine pass without gemu,['surprise'],[],['surprise'],['surprise']
pidgin_text_730_emotion_1,see as the pigin dey totori for ear,['joy'],"['joy', 'surprise']",['joy'],['joy']
pidgin_text_4792_emotion_1,sombody remind these silly women that rachel d beloved wife of jacob di original hebrew died due to childbirth complications after giving birth to benjamin and d hebrew women story was a lie told by d midwives to deceive pharaoh in egypt dey no dey read bible ni,"['disgust', 'surprise']","['anger', 'disgust']","['disgust', 'surprise']","['disgust', 'surprise']"
pidgin_text_4894_emotion_1,person wey dey cry dey see road nigeria is a big joke‍️,"['disgust', 'surprise']","['anger', 'disgust', 'fear', 'sadness', 'surprise']","['disgust', 'surprise']","['disgust', 'surprise']"
pidgin_text_6087_emotion_1,you dey ask me wetin b sapa my dear if sapa hit u your life no fit remain d same,"['sadness', 'surprise']",['anger'],['sadness'],['sadness']
pidgin_text_284_emotion_1,na olosho men full this year they tooooo fine im calling ambulance for my feelings coz im crushing already on these men,['fear'],['joy'],['joy'],['joy']
pidgin_text_1129_emotion_1,omo rapture don take place ooo fuckif maleria dey catch u u go say na rapturego take ur drugs,"['disgust', 'sadness']","['anger', 'disgust', 'fear', 'sadness', 'surprise']","['fear', 'sadness']","['disgust', 'sadness', 'fear']"
pidgin_text_3735_emotion_1,so if that one talk to me anyhowyou sef want get mouthif i slap una,['disgust'],"['anger', 'surprise']",['anger'],['anger']
pidgin_text_3511_emotion_1,most sought after na dem dey rush you,['joy'],['joy'],[],['joy']
pidgin_text_3846_emotion_1,my dear i dey fear e don dey reach this side ooo,['fear'],['fear'],['fear'],['fear']
pidgin_text_2242_emotion_1,aaaaaaahthis entrepreneurshipi no dey do again ooooooi went to the market i dey cry please who has a rich igbo husband or a rich yoruba husband for mebecause i need to be spoiled and pampered independence is not easye be like say i no wan do again,"['disgust', 'sadness']",['sadness'],"['fear', 'sadness']",['sadness']
pidgin_text_5542_emotion_1,as big as this country is nobody dey repair earpiece,"['disgust', 'sadness']",['surprise'],"['disgust', 'surprise']","['disgust', 'surprise']"
pidgin_text_2530_emotion_1,keyamo if no be mumu dey worry u or u don join mad people u for no urself u be really slave sha na this kind issue them born u come life come do lie lie matter after all your degreego think about your life,"['anger', 'disgust']",['disgust'],"['anger', 'disgust']","['anger', 'disgust']"
pidgin_text_4434_emotion_1,epele jor youll be fine im sure person like you wetin you want burn flesh no dey anywhere oh you want to turn to spaghetti,['disgust'],[],"['sadness', 'surprise']",[]
pidgin_text_5881_emotion_1,ogbono don wan grow for my head,['sadness'],"['sadness', 'surprise']","['disgust', 'sadness']",['sadness']
pidgin_text_1408_emotion_1,i go push you comot from that fence wey you dey,['disgust'],['anger'],['disgust'],['disgust']
pidgin_text_4667_emotion_1,at least chelsea fans go dey alright say them dey face ban but you see this my arsenal tosin na only jersey release we just dey celebrate and unnecessary transfer rumors and no be say we dey face ban like this,['disgust'],"['disgust', 'surprise']",['disgust'],['disgust']
pidgin_text_5991_emotion_1,shey e no better make i dey my papa house like this they cannot lock me in that prison yard for months oo i fit crase,"['disgust', 'fear']","['disgust', 'surprise']","['disgust', 'fear']","['disgust', 'fear']"
pidgin_text_565_emotion_1,e funny die cus the same thing wey you talk sey una dey cool and allna so e be me sef,['surprise'],['joy'],['joy'],['joy']
pidgin_text_4742_emotion_1,anytime i go there i just loose it one day i was like if na penicillin i being dey go for i will kuku tell the person im seeing my period cant start work in that kind oozing heat and temperature,"['disgust', 'sadness']","['disgust', 'surprise']","['fear', 'sadness']","['disgust', 'sadness']"
pidgin_text_5023_emotion_1,oh boi e done be for me ohguy person wey dey drive me crazy say fuel ️ done finish dem done drop me for auchi express way like dis,"['disgust', 'sadness']","['anger', 'fear', 'sadness', 'surprise']","['disgust', 'sadness']","['disgust', 'sadness']"
pidgin_text_989_emotion_1,you no be balldem want pass u aroundthank god say socratis dey field,['disgust'],"['anger', 'fear', 'joy']",['disgust'],['disgust']
pidgin_text_1390_emotion_1,see bah i dey vex i see bah is you ever see me eating boiled corn abeg no beg me to break for you i mean am cos i swear we go fight for there i no care toh i don talk my own,"['anger', 'disgust']","['anger', 'disgust', 'fear', 'sadness', 'surprise']","['anger', 'disgust']","['anger', 'disgust']"
pidgin_text_1964_emotion_1,pple wey go tok go tok ma bro dont mind dem jhor,['disgust'],['anger'],['disgust'],['disgust']
pidgin_text_995_emotion_1,should i tell u d truth erica nd ozo fit den nengi nd kidd but sha i like dat naughty kidd for my erica too but both of dem re hot,['joy'],[],['joy'],['joy']
pidgin_text_3315_emotion_1,zenith bankbrov na im b dat u tu much,['joy'],"['joy', 'surprise']",['joy'],['joy']
pidgin_text_1113_emotion_1,i swear i no understand my account balance e be like say e dey leak somewhere,"['sadness', 'surprise']","['sadness', 'surprise']","['disgust', 'sadness']","['sadness', 'surprise']"
pidgin_text_3925_emotion_1,u get time to dey reply the daft girl like say na dem board bus go saudi arabia mscheww if she blow for saudi now them go dey remind us from there how naija na bad country,['disgust'],"['disgust', 'surprise']",['anger'],['disgust']
pidgin_text_794_emotion_1,bro no one would have said my mind better than this tweet loads of times i see mistakes after im done editing but when i post it out every one is like crazy mad job and im like una no dey see this mistakes lol,['sadness'],"['joy', 'surprise']","['joy', 'surprise']","['joy', 'surprise']"
pidgin_text_1569_emotion_1,peruzzi too sabi abeg the guy dy sing e dy sung e dy sunging finally a fan of peruzzi,['joy'],['joy'],['joy'],['joy']
pidgin_text_3194_emotion_1,u wey carry pot of stew pour for baba wardrobe walls then proceed to carry tv throaway entered and baba kneel down dey beg,"['fear', 'sadness']",['surprise'],"['disgust', 'surprise']",['surprise']
pidgin_text_4335_emotion_1,this guy in particular came over and refused to leave was just talking here and there made everyone uncomfortable i say na help i b wan help na so i enta one chance ‍️,"['disgust', 'sadness']","['disgust', 'surprise']","['disgust', 'sadness']","['disgust', 'sadness']"
pidgin_text_4956_emotion_1,shori e gbálè ni ah wan tell security make dey pursue am just changed my mind not his fault i genuinely look like i follow my daddy to office,"['disgust', 'sadness']",[],"['anger', 'sadness']",['sadness']
pidgin_text_3476_emotion_1,i use my leg waka comot from school una dey laugh see me now,['disgust'],"['anger', 'joy']",['disgust'],['disgust']
pidgin_text_1857_emotion_1,when someone asks how are you your response shouldnt be im fine and you ffs ‍ same goes for how was your day una dey tire me,['disgust'],['anger'],['disgust'],['disgust']
pidgin_text_3579_emotion_1,im not even bothered again sef todays discovery just made me realise im actually doing something great,['joy'],['joy'],"['joy', 'surprise']",['joy']
pidgin_text_124_emotion_1,make we talk for bbm your drug sef dey,['surprise'],[],['surprise'],['surprise']
pidgin_text_2004_emotion_1,another made in naija automobile if we no drive wetin we gain i pray and hope it will be affordable at least no import duty,['joy'],['joy'],['joy'],['joy']
pidgin_text_3504_emotion_1,we thank bar fred latimore wey be the executive assistant to the governor okowa on communication as en come we studio today kon touchlight some kyn matters wey dey gbege for we ogbonge state,['joy'],['joy'],['joy'],['joy']
pidgin_text_1343_emotion_1,d lyn wey u tok just make me de feel wan kind dizzy,['disgust'],['surprise'],"['fear', 'surprise']",['surprise']
pidgin_text_4675_emotion_1,atleast tacha dey try show us small cleavage is she not cold see ehn leave all this people them be scam some of us dey work for cold room we still dey naked waka for house wey get ac dey don scam us im hurt,"['disgust', 'sadness']","['anger', 'disgust', 'sadness']","['anger', 'disgust']","['disgust', 'sadness', 'anger']"
pidgin_text_6188_emotion_1,this speech dey vex me nothing even makes sense this guy just dey yarn dust i think itd be better if jubril no address us this video was obviously recorded nowww,['anger'],['anger'],"['anger', 'disgust']",['anger']
pidgin_text_5630_emotion_1,ahswear not only that my dear i even thought bida was moved from it original location self the journey no wan end e come be as if na one state i dey go,"['disgust', 'sadness']",['surprise'],['sadness'],['sadness']
pidgin_text_903_emotion_1,baba god na my joy giver baba talk and do even not talk and do sef join️ his word no dey fail and he too love me too much e choke mi goodly,['joy'],['joy'],['joy'],['joy']
pidgin_text_3543_emotion_1,he saw one handsome man and said madamthis man fine well well o una fit hes coming to say hi give him your number o no go dey do i dont need men today him too fine me,['surprise'],[],['surprise'],['surprise']
pidgin_text_462_emotion_1,im seriousi need to blowlike used condom wen dey stretch,['sadness'],['fear'],['sadness'],['sadness']
pidgin_text_6172_emotion_1,na dem please give me some more time me okay sir na dem im even working on a project and might wanna have you on board me nooo im very busy at the moment just pay this one first,"['disgust', 'sadness']","['disgust', 'fear']",['disgust'],['disgust']
pidgin_text_2741_emotion_1,this one think say dem go give am money if e do shoutout,"['disgust', 'surprise']",['disgust'],"['disgust', 'surprise']","['disgust', 'surprise']"
pidgin_text_5828_emotion_1,lol nai make dem no de allow dem collect award on top mainstage for abroad,['disgust'],['disgust'],[],['disgust']
pidgin_text_4309_emotion_1,wtf why that guy dey go mark them like that them no dey vex make for ball oo damn that was dirty,"['disgust', 'surprise']","['disgust', 'surprise']","['disgust', 'surprise']","['disgust', 'surprise']"
pidgin_text_355_emotion_1,i love how you can see the future and all possible outcomes well done mrs strange me i just dey talk wetin i see sha i no fit talk pass that one,['disgust'],[],['surprise'],[]
pidgin_text_4673_emotion_1,e for better sef if baba dribble me i no dey struggle oh i dey just collect my l move,"['disgust', 'sadness']","['anger', 'sadness']",[],['sadness']
pidgin_text_3855_emotion_1,so ur part of dem too see d way dem dey shout for here too,['surprise'],"['anger', 'surprise']",['surprise'],['surprise']
pidgin_text_3108_emotion_1,oz dey give them ball and them dey throway am see wahala,"['anger', 'disgust']",['surprise'],['disgust'],['disgust']
pidgin_text_2948_emotion_1,the igbinedions working against thier foster son that will be absurdbruv na gather beat dem want give ogadem go beat sotay dem go use fowl feather dey put water for he earsedo elites feat dem oooo,"['anger', 'disgust']","['fear', 'surprise']","['disgust', 'fear']","['disgust', 'fear']"
pidgin_text_1212_emotion_1,independence day and i dey try carry lawyer commot for cell for iyaganku my wey don balance like rock say nothing go move me today,"['disgust', 'sadness']","['sadness', 'surprise']","['disgust', 'sadness']","['disgust', 'sadness']"
pidgin_text_6092_emotion_1,im not serious reason why im still single see fine fine ladies on my tl dis night,['sadness'],['disgust'],"['disgust', 'sadness']","['sadness', 'disgust']"
pidgin_text_3973_emotion_1,sing i no fit vex now baba don vex he no wan gree drop the album again life go just dey boring,"['disgust', 'sadness']","['disgust', 'sadness']","['disgust', 'sadness']","['disgust', 'sadness']"
pidgin_text_4991_emotion_1,tell us whos paying you or your own pay master is not doing enough everytime one stand up for the truth one is been paid well am not surprised cause unah no fit do anything on your own will,['disgust'],"['anger', 'disgust', 'sadness', 'surprise']",['disgust'],['disgust']
pidgin_text_5478_emotion_1,and dem say na rubbish children dey talk,['disgust'],['disgust'],"['disgust', 'surprise']",['disgust']
pidgin_text_4504_emotion_1,ha youre mean its ok no be your fault na origi wey no gree score one on one against burnley,"['disgust', 'sadness']","['anger', 'surprise']","['disgust', 'sadness']","['disgust', 'sadness']"
pidgin_text_3354_emotion_1,ooooooh boy c urhobo babes r doing it hhhmmnnn u pipo shud carry us along e o,['surprise'],"['joy', 'surprise']","['joy', 'surprise']","['surprise', 'joy']"
pidgin_text_2337_emotion_1,chai and na that time when music dey sweet pass oh everything go just freeze but music go still dey play,['joy'],"['anger', 'sadness', 'surprise']",['disgust'],[]
pidgin_text_1342_emotion_1,the flyover itself dey cause traffic the higher it is been raised the more traffic it cause wahala fit dey when e complete,['disgust'],['fear'],['fear'],['fear']
pidgin_text_2961_emotion_1,see wetin jack don cause,['sadness'],['anger'],"['disgust', 'surprise']",[]
pidgin_text_5817_emotion_1,omo i don tire mehn i no fit wait come back lag next month sha,['sadness'],['sadness'],['sadness'],['sadness']
pidgin_text_5558_emotion_1,all jurgen klopp sabi na to dey run up and down like lunatic shiooor,['disgust'],['disgust'],['disgust'],['disgust']
pidgin_text_2631_emotion_1,yup just another day in the life of a nigerian waka wey i start since e be like say the queue dey increase on em own,"['disgust', 'sadness']","['anger', 'sadness', 'surprise']","['anger', 'fear', 'sadness']","['sadness', 'anger']"
pidgin_text_4624_emotion_1,lmao this thing do me last year i nearly died them dey drag me sef i no fit voice,"['disgust', 'sadness']","['anger', 'sadness']",['sadness'],['sadness']
pidgin_text_2485_emotion_1,e don pass k na abi make i bring the violence for ya house ni,['disgust'],"['anger', 'surprise']",['disgust'],['disgust']
pidgin_text_2146_emotion_1,our government no dey hear word they are deaf to the people na lie na until they take one of em abi,"['anger', 'disgust']","['anger', 'disgust', 'sadness']",['disgust'],"['anger', 'disgust']"
pidgin_text_5216_emotion_1,dey kuku be careful na express you dey gonah you guys are not okay,['disgust'],['fear'],['disgust'],['disgust']
pidgin_text_4850_emotion_1,they banned me from the kitchen for this even when another person dey fry them dey hide am from me i dey taste like pieces,['sadness'],[],"['disgust', 'sadness']",['sadness']
pidgin_text_1572_emotion_1,im fine thanks for reading na lie o im not fine please call me im experiencing heartbreak for the first time this year god why me,['sadness'],['sadness'],['sadness'],['sadness']
pidgin_text_2145_emotion_1,e be like i don enter gbese oo i don go mistake buy new cycling shoes fizik tempo r overcurve in gunmetal,"['sadness', 'surprise']",['fear'],"['fear', 'sadness']","['sadness', 'fear']"
pidgin_text_1320_emotion_1,if dem born you for nigeria automatically life don dey ahead of if you come fall for poor family if you come be first born paddy take life jejena money dey make normal problem be like spiritual problem,"['disgust', 'sadness']","['disgust', 'sadness', 'surprise']",['sadness'],"['disgust', 'sadness']"
pidgin_text_5595_emotion_1,omooo innocent dey vex this night sha see wetin maguire don cause,"['disgust', 'sadness']",['surprise'],"['disgust', 'surprise']","['disgust', 'surprise']"
pidgin_text_6192_emotion_1,me my guy abeg take earphone upcoming artist thank you me dey plug am anytime you dey play your song around me upcoming artist ok,['disgust'],[],['disgust'],['disgust']
pidgin_text_5434_emotion_1,you are all bastard beat graduating student for lasu shey na ogun state that one dey oou tasued funnab and other institutions dey ogun o eyin were won yi,['disgust'],['anger'],['disgust'],['disgust']
pidgin_text_2492_emotion_1,phone don spoil gen wey i off bout hr ago no gree start again abegi good night,"['anger', 'sadness']",['sadness'],"['anger', 'sadness']","['anger', 'sadness']"
pidgin_text_69_emotion_1,see as i dey sidon dey watch palace v leeds like say na champions league game say what you will about the premier league but its definitely the most exciting league to watch,['joy'],['joy'],['joy'],['joy']
pidgin_text_2924_emotion_1,i don wait for you taya na,['sadness'],"['anger', 'sadness']",['sadness'],['sadness']
pidgin_text_5472_emotion_1,dem dey beat dem like say dem thief for oba market dis ihiogbe boys of real sociedad dey vex,['surprise'],"['joy', 'surprise']","['disgust', 'surprise']",['surprise']
pidgin_text_4997_emotion_1,e don tey wey mosquitoes bite me like this and the night is still long and full of terrors,['sadness'],['surprise'],"['fear', 'sadness']",['sadness']
pidgin_text_3232_emotion_1,i dey look as people dey do testimony me still dey wait make reach me if i no wait wetin i go gain first bank dada modupeoluwa,['sadness'],['joy'],"['fear', 'surprise']",[]
pidgin_text_3403_emotion_1,na so i take dey toast one oh i don send send money i never see am buh madam don turn me to maga thank god for inmessage na that day my guy introduced me to it,['disgust'],"['disgust', 'joy']",['disgust'],['disgust']
pidgin_text_5069_emotion_1,young man calm down na the funny thing is most of their customers are not even on twitter let alone seeing this april fool im very sure you sef no dey use itel,['disgust'],['anger'],['disgust'],['disgust']
pidgin_text_3082_emotion_1,every year them dey knack dis hamburg wetin sef,['disgust'],"['anger', 'disgust', 'sadness', 'surprise']",['disgust'],['disgust']
pidgin_text_4749_emotion_1,guys help retweet my client may be on your timeline please go subscribe to our youtube channel na wetin we dey use feed our family epp us,['sadness'],['fear'],['sadness'],['sadness']
pidgin_text_4919_emotion_1,na partey dey sha collect and e dey pain me o,"['disgust', 'sadness']",['anger'],['sadness'],['sadness']
pidgin_text_1819_emotion_1,i don see your game na that your game no supposed beat me but u just dey beat me like say,['sadness'],['surprise'],"['sadness', 'surprise']","['sadness', 'surprise']"
pidgin_text_5673_emotion_1,nigeria we hail thee pls i know do again abeg link me with any foreigner wey wan buy citizenship,"['disgust', 'sadness']","['disgust', 'surprise']",['disgust'],['disgust']
pidgin_text_515_emotion_1,always take out time to appreciate people wey love your hustle god bless all the people wey dey support muip ️ how you see that de gea jersey wey dey rock,['joy'],['joy'],['joy'],['joy']
pidgin_text_3884_emotion_1,swrs bruh i don use my account number flood twitter still yet nothing nothing e con dey be me like say my tweets dey invisible main while don win giveaway form two stars in less than weeks i really wan knw where they dey install their own twitter from,"['fear', 'sadness']",['surprise'],"['fear', 'sadness']","['fear', 'sadness']"
pidgin_text_4334_emotion_1,so fuel nw na per liter bicycle no de use fuel yet wahala be like bicycle wetin de occur,"['fear', 'sadness']",['surprise'],"['sadness', 'surprise']","['sadness', 'surprise']"
pidgin_text_4347_emotion_1,person wey tell me say school na scam them don call am out as best graduating student,"['sadness', 'surprise']",['surprise'],"['disgust', 'joy']",['surprise']
pidgin_text_3069_emotion_1,abi o me sef all my monkey post goals and table soccer sef i go begin count am even biro game sef nonsense,['disgust'],"['anger', 'disgust', 'surprise']",['disgust'],['disgust']
pidgin_text_2776_emotion_1,imagine wetin go come dey go through people mind weh never fit secure any job before so sad,"['disgust', 'sadness']",['fear'],"['disgust', 'sadness']","['disgust', 'sadness']"
pidgin_text_1194_emotion_1,this girl dey kolo she dey cram wetin trickytee tell her about him,"['disgust', 'surprise']","['anger', 'disgust', 'fear', 'surprise']","['disgust', 'surprise']","['disgust', 'surprise']"
pidgin_text_3991_emotion_1,yeswayyo ne ai they appear to be decent and better by pointing fingers at those sinning differently than themsomtimes their sins are worst sefyet they hide behind those sinning publicly as if they are any better,['disgust'],"['anger', 'disgust']",['disgust'],['disgust']
pidgin_text_974_emotion_1,sorry guy no vex abeg,['sadness'],[],"['fear', 'sadness']",['sadness']
pidgin_text_5844_emotion_1,abeg wetin dem ask kana wetin she dey talk ‍️‍️‍️‍️,"['disgust', 'surprise']",['surprise'],"['disgust', 'surprise']","['disgust', 'surprise']"
pidgin_text_3701_emotion_1,lol don dey give money you dey give happily ever after,['disgust'],['joy'],['disgust'],['disgust']
pidgin_text_3252_emotion_1,lmao uniben shopping complex na h guy some people dey cut h for my side i know someone that cuts h dey there,['disgust'],"['joy', 'surprise']",['surprise'],['surprise']
pidgin_text_2373_emotion_1,as a jobless youth hustling you will enter cab with employed dude wey de earn big and heshe will be waiting for you to pay for em abeg which economic system is that,"['disgust', 'surprise']","['anger', 'disgust', 'sadness', 'surprise']",['disgust'],"['disgust', 'surprise']"
pidgin_text_2183_emotion_1,mimi kim se fun e na crime to black ni na black i black i no kee person or rig election ooo,"['disgust', 'sadness']","['anger', 'surprise']","['sadness', 'surprise']","['sadness', 'surprise']"
pidgin_text_4615_emotion_1,stop this nahhh i dey chop hot dog for sharwama i cook spaghetti hot dog is inside indomie hot dog is inside even my nigerian jellof hot dog dey pls nahhh hot is like a spice to all my food,"['fear', 'joy']",['anger'],['sadness'],[]
pidgin_text_5260_emotion_1,thats why i hate maths and anything calculation like wetin we dey find wey we no lost wettin we dey arrange wen we no scatter,['disgust'],"['anger', 'surprise']","['anger', 'disgust']","['disgust', 'anger']"
pidgin_text_1069_emotion_1,site supervisor e no good o na the site money u give me that day wey i save i wam sharply withdraw like this make i no kill myself,['sadness'],"['fear', 'sadness']",['sadness'],['sadness']
pidgin_text_5617_emotion_1,sensationalism abi na clickbait una dey call am he did not ban anything like that why lying he only gave good pieces of advice and instructions to the public and his officers you guys are being mischievously clever by half with this headline fix up and do better,"['anger', 'disgust']",['disgust'],['disgust'],['disgust']
pidgin_text_2561_emotion_1,looooolz who be terry g for here wey dey gbagaun,['disgust'],"['anger', 'disgust', 'surprise']","['disgust', 'surprise']","['disgust', 'surprise']"
pidgin_text_5703_emotion_1,lol u don dey already na u go speak big grammar land inside otto soup,['disgust'],['disgust'],"['disgust', 'surprise']",['disgust']
pidgin_text_987_emotion_1,if e nor b titans e nor fit b like titansgood morning beautiful titans,['joy'],['joy'],['joy'],['joy']
pidgin_text_4132_emotion_1,boss abeg help me na e don tey i dey retweet but nothing don fall for my side,['sadness'],"['anger', 'sadness']","['fear', 'sadness']",['sadness']
pidgin_text_2336_emotion_1,so im at this house opening ceremony at onitsha mehn d house dịkwa bloody chai soso entrance door bụ mil naira frm tokyo pure bullet proof mbia banu parlour mehn e be like say i enter anoda world e fine pass office if to say e fine ihu tv bụ mil,['surprise'],['surprise'],['surprise'],['surprise']
pidgin_text_4355_emotion_1,na arsenal dem dey do like dis go lingard make my fpl smile,['surprise'],['anger'],"['disgust', 'joy']",[]
pidgin_text_4203_emotion_1,if by tomorrow i cannot make transactions with my account ill be done with yall and thats on period i know the money wey dey there na small thing butmake e work well napeople cannot even help my lifewhats this one na,"['anger', 'sadness']","['anger', 'fear', 'sadness']","['anger', 'disgust']","['anger', 'sadness']"
pidgin_text_4179_emotion_1,as hin fine reach hin noh fit toast even girls wey noh reach hin level his ego sef,['disgust'],"['disgust', 'surprise']","['disgust', 'surprise']","['disgust', 'surprise']"
pidgin_text_5071_emotion_1,e dey pain me my hard earned gone like dat,"['disgust', 'sadness']","['anger', 'sadness']","['anger', 'disgust', 'sadness']","['disgust', 'sadness', 'anger']"
pidgin_text_5726_emotion_1,bros stoopeet if na joke thats beyond mistake i call that inexperienced a ball wey for easily push over without using a muscle e dey beat him chest from disappointment atm,['sadness'],"['anger', 'disgust']",['disgust'],['disgust']
pidgin_text_4914_emotion_1,bros o this thing nr first dey before i jux dey reason am una neva first get sanctions for rogue officers abi panel must dey for everything the rot must be scraped of nr dey use hypo dey wash brown cloth e nr go white,['disgust'],"['anger', 'disgust']","['anger', 'disgust']","['disgust', 'anger']"
pidgin_text_1811_emotion_1,them break my heart i dey do hard guy na till juice wrld die i join the tears people think say because i be juice wrld fan na lie relationship do me gbim,"['disgust', 'sadness']","['anger', 'disgust', 'sadness']",['sadness'],"['disgust', 'sadness']"
pidgin_text_670_emotion_1,i don officially comot hand from anything wey resemble nysc allawee congratulations to everyone passing out february blessings to all of us in our chosen careers unto the next,['joy'],['joy'],['joy'],['joy']
pidgin_text_2842_emotion_1,na thief dey worry dem airtel also have theirs n too,['disgust'],"['disgust', 'surprise']",['disgust'],['disgust']
pidgin_text_3744_emotion_1,i say u no get sense se i know say after reading u will still mumu come here we dey wait for ur own reply where u see say stanbic no obey cbn ur mumu say u get other acc somewhere like say u no sabi wetin bvn dey for ani se o stupid,['surprise'],"['anger', 'disgust']","['anger', 'disgust']","['anger', 'disgust']"
pidgin_text_329_emotion_1,wetin we don chop today ehn i love this unity,['joy'],['joy'],['joy'],['joy']
pidgin_text_5106_emotion_1,that person should be ready to be seriously disappointed he wasted money on jazz e be like say ordinary swear don catch this one tey tey,"['disgust', 'surprise']","['anger', 'disgust', 'surprise']",['disgust'],"['disgust', 'surprise']"
pidgin_text_1887_emotion_1,its how people stay comfortable walking around petrol tanker making videos dey off me same road sometimes last year petrol tanker come spoil for road oil dey spill traffic dey omo i had to come down collect better run for my life,"['fear', 'surprise']","['fear', 'surprise']",['surprise'],"['fear', 'surprise']"
pidgin_text_4221_emotion_1,if i dey play ball i dey avoid these kind people i no dey bother my sef to go mack them theyll just use you and shine,['disgust'],['anger'],"['disgust', 'fear']",['disgust']
pidgin_text_5798_emotion_1,na really balanced diet later dem go chill for one uncompleted building den enjoy correct siesta low key scammers,['disgust'],"['anger', 'disgust']",['disgust'],['disgust']
pidgin_text_2075_emotion_1,abeg make we no dey do like this i still dey young,"['disgust', 'fear']","['anger', 'fear', 'sadness', 'surprise']",['fear'],['fear']
pidgin_text_2269_emotion_1,e get as dis match dey be oo na war,"['disgust', 'surprise']","['fear', 'surprise']",['fear'],"['surprise', 'fear']"
pidgin_text_2419_emotion_1,wahala dey all dis world now n even nig is not left out ha ha banger keea,"['disgust', 'sadness']","['disgust', 'fear']","['fear', 'sadness']","['disgust', 'sadness', 'fear']"
pidgin_text_1664_emotion_1,buhari don park his family and property for inside motor dey run ooo he don dey comot for asorock una dey see am,"['disgust', 'surprise']",['surprise'],['disgust'],"['disgust', 'surprise']"
pidgin_text_46_emotion_1,goodmorning my beautiful people of god take a minute to thank god for the gift of life na who dey alive dey hustle o stay blessed,['joy'],['joy'],['joy'],['joy']
pidgin_text_6153_emotion_1,i dey site they hustle you dey bill me untop k wey manager never pay me,"['disgust', 'sadness']","['anger', 'sadness', 'surprise']","['disgust', 'surprise']","['disgust', 'sadness', 'surprise']"
pidgin_text_3292_emotion_1,omo na party dem say make we con do for this ministry,"['joy', 'surprise']","['disgust', 'surprise']","['joy', 'surprise']","['joy', 'surprise']"
pidgin_text_6121_emotion_1,lmaoooo i hate when i tell a vendor i will get back to you and they get back to me instead then i have to ghost them or lie or archive their chats abeg make una dey attach prices me sef i dont like pinging you,"['disgust', 'sadness']","['sadness', 'surprise']","['disgust', 'sadness']","['disgust', 'sadness']"
pidgin_text_1290_emotion_1,is this what vector told you on whatsapp cause una go dey assume industry wey we dey inside wey everything na inside life,"['disgust', 'joy', 'surprise']",['surprise'],"['disgust', 'surprise']","['disgust', 'surprise']"
pidgin_text_1992_emotion_1,happy birthday bro but abeg where una dey see all this money,['surprise'],"['joy', 'sadness', 'surprise']",['surprise'],['surprise']
pidgin_text_3324_emotion_1,we wey dey champion companies na because we dey tweet abi tohhh,['disgust'],[],['surprise'],[]
pidgin_text_2941_emotion_1,omo school and nysc life at mbakwu how dem go carry all go one town na whos hand dey inside am,['surprise'],"['anger', 'surprise']","['disgust', 'surprise']",['surprise']
pidgin_text_1073_emotion_1,abeg pick me cos na only k i ask biko,['sadness'],['sadness'],['sadness'],['sadness']
pidgin_text_2330_emotion_1,like say you sef no fit join its that account balance thread im hiding from,['disgust'],['fear'],"['disgust', 'fear']","['disgust', 'fear']"
pidgin_text_5863_emotion_1,abeg na wetin dem wan turn boss tobeast of all nation human beings are so impossibleabeg we need handles oothis should not slide oo,"['disgust', 'fear']","['disgust', 'surprise']","['disgust', 'fear']","['disgust', 'fear']"
pidgin_text_18_emotion_1,no be wetin sha na person na my mama n im happy n proud,['joy'],['joy'],['joy'],['joy']
pidgin_text_4452_emotion_1,ọmọ una sure sey dem no suppose dey send these kind people go kirikiri once once cos omooooooo,"['disgust', 'surprise']",['surprise'],['surprise'],['surprise']
pidgin_text_5573_emotion_1,hate when my premonition tells me things and i dont do it immediately now whole breakfast has casted all over the floor who has cleaning company please no be more go do this wahala wit all these oil please who has breakfast let me visit them abeg while they are cleaning,"['disgust', 'sadness']","['disgust', 'sadness']","['disgust', 'sadness']","['disgust', 'sadness']"
pidgin_text_2026_emotion_1,~ i have been searching for the right one and im searching no more baby girl you are such a miracle i will take my time with you slowly and hey igba di eh loku anytime you call my name be like say i dey craze dear ayobami,['joy'],"['joy', 'surprise']",['joy'],['joy']
pidgin_text_4658_emotion_1,we no dey even vote for anybody again abeg we don try,"['disgust', 'sadness']","['anger', 'sadness']","['anger', 'disgust']","['disgust', 'sadness', 'anger']"
pidgin_text_3523_emotion_1,star boy why are you a devil no cap you just drop no hype and now you dey top wey dey trend so much blessings in one human always blowing off our mind,['surprise'],"['joy', 'surprise']","['joy', 'surprise']","['surprise', 'joy']"
pidgin_text_5473_emotion_1,laycon don win bbnaija don end but buhari still remain our presidentwhich kind wahala be this,"['disgust', 'sadness']","['disgust', 'sadness', 'surprise']","['disgust', 'sadness']","['disgust', 'sadness']"
pidgin_text_3295_emotion_1,happy new week i don dey for site the wait for una order category customize waist bead price,['joy'],[],['joy'],['joy']
pidgin_text_5997_emotion_1,na over hyping keeel this february now na protest and police arresting peace civilians we they solve but no the mater no gree solve,"['fear', 'sadness']","['disgust', 'fear', 'sadness']",['disgust'],"['fear', 'sadness', 'disgust']"
pidgin_text_1698_emotion_1,lol person wey suppose carry me go and come back no wan comot house,['sadness'],"['anger', 'sadness', 'surprise']",['sadness'],['sadness']
pidgin_text_5467_emotion_1,i don buy diesel i don clean house i don cook food keep i don buy shayo for yard i don dey wait but you just had to be amaka,"['disgust', 'sadness']","['anger', 'sadness']","['anger', 'sadness']","['sadness', 'anger']"
pidgin_text_67_emotion_1,you fine die you fine like ki lo de de you fine my mama dey jealous me you fine die come here,['joy'],['joy'],"['joy', 'surprise']",['joy']
pidgin_text_4908_emotion_1,lol how my queen go dey do that how person wey go raise my kids go dey knock gala out like that,"['disgust', 'fear']","['anger', 'disgust', 'sadness', 'surprise']",['disgust'],['disgust']
pidgin_text_2182_emotion_1,so that guy sef na pius anyim he wan talk abt na him dem wan dry clean now lol see okoto here,"['disgust', 'surprise']",['surprise'],"['disgust', 'surprise']","['disgust', 'surprise']"
pidgin_text_4784_emotion_1,person give u a twerk video una dey tell am say make e delete am e no good o,"['disgust', 'surprise']","['anger', 'sadness']","['disgust', 'surprise']","['disgust', 'surprise']"
pidgin_text_1533_emotion_1,make dem no near me tommorow oh cause walahi i go commot person teeth and the weyrey dey smile with me today oh,"['anger', 'disgust']",['anger'],['anger'],['anger']
pidgin_text_1454_emotion_1,lmao i just remembered how a girl slapped me in secondary school after night prep i turned the second cheek to her so she can slap it as per the bible says if someone slaps you turn the second cheek deep down na lie oooo i no sabi fight na why,"['disgust', 'sadness']","['fear', 'sadness']","['disgust', 'sadness']","['disgust', 'sadness']"
pidgin_text_5291_emotion_1,dem say na girls wey nor get character nai support ceec is that true one girl on my snapchat confirmed that tho she is mannerless lets hear your opinion,"['disgust', 'surprise']","['anger', 'disgust', 'sadness', 'surprise']","['disgust', 'surprise']","['disgust', 'surprise']"
pidgin_text_2350_emotion_1,shey na you say make i go last gate go chop abi wetin be that placeno try am again everywhere stuffy and smelly hot afternoon people din smoke cigarette full everywhere i left,"['anger', 'disgust']","['anger', 'disgust', 'sadness', 'surprise']",['disgust'],"['anger', 'disgust']"
pidgin_text_5481_emotion_1,but the thing sef is set up boy will be on his own jeje you will just be missing him more,['sadness'],['surprise'],['sadness'],['sadness']
pidgin_text_4197_emotion_1,dis is unfair of urcompany goingtowks nw ive bin complaining abt d subscriptioni did wch did nt reflect on mydecoder nd im givin u an ultimatum else u willbsurprised my next reactnim makin dis publicly nw ive chatted u privately showing evidence of payment,"['disgust', 'sadness']","['anger', 'sadness']","['anger', 'disgust']","['disgust', 'sadness', 'anger']"
pidgin_text_555_emotion_1,you too fine abeg na pesin pikin be dis,['surprise'],"['joy', 'surprise']","['joy', 'surprise']","['surprise', 'joy']"
pidgin_text_2318_emotion_1,na this kind rough play na em make me dey try avoid u for knock out tourney,"['disgust', 'fear']","['anger', 'fear', 'sadness']",['anger'],"['fear', 'anger']"
pidgin_text_4819_emotion_1,when i go win my first give away e be like say lucky no dey my name even thou me and don share the same name make i try again oo,"['fear', 'sadness']","['sadness', 'surprise']","['fear', 'sadness']","['fear', 'sadness']"
pidgin_text_3482_emotion_1,na cartoon network fit follow dem watch,['sadness'],[],[],[]
pidgin_text_4267_emotion_1,i still feel na cyndi win this thing jare seyi wey dey use side wake,"['disgust', 'surprise']","['anger', 'sadness', 'surprise']",['disgust'],"['disgust', 'surprise']"
pidgin_text_4160_emotion_1,lol person don owe me money but e dey pop don p for club,"['disgust', 'joy', 'surprise']",['surprise'],"['disgust', 'surprise']","['disgust', 'surprise']"
pidgin_text_300_emotion_1,you be baba nowmake football activities start nowyou don carry ur camera and mictravel go where e dey happeni know say one dayif me too play football to the top u go cover my game i dey gbadun ur write and story most especially on naija leaguegodbless you,['joy'],['joy'],['joy'],['joy']
pidgin_text_679_emotion_1,na you get your mouthu fit use am talk anything wey u like ️,['disgust'],['anger'],['disgust'],['disgust']
pidgin_text_1463_emotion_1,but na true na nobody don invite me for turn up,"['disgust', 'sadness']",['sadness'],['disgust'],"['disgust', 'sadness']"
pidgin_text_4541_emotion_1,thank god you will pass through park corona will say hi hey even that place sef na where this virus fit spread for aba problem dey,"['disgust', 'fear']",[],"['fear', 'sadness']",['fear']
pidgin_text_76_emotion_1,lmao omo that time person go dey record rhythm and ray power jamz on don moen tapes chop beating after sef,['joy'],['anger'],['joy'],['joy']
pidgin_text_1818_emotion_1,first day at the hospital and i don dey use sheets my exam sheets no dey even full like dis,"['disgust', 'surprise']","['anger', 'fear', 'sadness', 'surprise']","['disgust', 'sadness']","['disgust', 'surprise', 'sadness']"
pidgin_text_2323_emotion_1,i deserve to be flogged sef i don say i no go put mouth for una matter again mo kan ya eleti didi ni,['disgust'],['anger'],"['disgust', 'sadness']",['disgust']
pidgin_text_5896_emotion_1,u dey call urself young ceo and u dey dm say u need my help for kogun go kill ur papa why u no go read about world famous business men how dem dey request loans from bank do business,"['disgust', 'surprise']",['anger'],"['disgust', 'surprise']","['disgust', 'surprise']"
pidgin_text_3020_emotion_1,arsenal abeg vex pull out biko,['disgust'],"['anger', 'sadness']",['surprise'],[]
pidgin_text_4505_emotion_1,its now common among young people if u try to correct someone from doing something bad heshe will be like mind your business over sabi bla bla if we continue like this gaskiya problem go dey i dey pity our generation,"['disgust', 'sadness']","['anger', 'disgust', 'sadness']",['disgust'],"['disgust', 'sadness']"
pidgin_text_968_emotion_1,eazege dis ur hair eh u look like joseph for bible wey dey think of him future odogwu e go dey softer for u grammy go reach ur side just do something extra ordinary like ur self ️,['surprise'],[],"['disgust', 'surprise']",['surprise']
pidgin_text_2815_emotion_1,the amount of coconut water i have had in this life time i should be on a zero iq if according to my people e nor dey make pikin get sense some myth,['disgust'],[],['disgust'],['disgust']
pidgin_text_5295_emotion_1,any influencer wey jack suspended on this ️ and heshe open another account make you dey try to follow some of your followers back dont be too proud even jack wey be your ceo dey follow back or else be expecting another lockdown,['disgust'],['disgust'],['disgust'],['disgust']
pidgin_text_119_emotion_1,i dont even knw dat wizzy sabi shaku shaku and i dey look for hu go teach me lol,['surprise'],"['joy', 'surprise']",['surprise'],['surprise']
pidgin_text_5276_emotion_1,me where i dey sha i don already comport myself as i spot dem for ada george wear seat belt and face mask comot my signature snapback with red and black tassels before dem go say i dey fly colour now the matta is why we no go fit waka freely for our own town ah ah ‍️ kilode,"['disgust', 'sadness']","['anger', 'fear', 'sadness']","['disgust', 'fear']","['disgust', 'sadness', 'fear']"
pidgin_text_4163_emotion_1,nawaoo u guys oo c as i jus grab my fone tink say una dey call beta airtimeinfact i dey tnk una,['sadness'],"['anger', 'disgust', 'surprise']",['disgust'],['disgust']
pidgin_text_2472_emotion_1,na beverly dey fool herself na beverly osu and i will never be angelo reopens old wounds,['disgust'],['disgust'],['disgust'],['disgust']
pidgin_text_3457_emotion_1,as i dey talk with you now ehn anything is possible me sef dey yankee this minute dey enjoy snow,['joy'],"['joy', 'surprise']",[],['joy']
pidgin_text_1366_emotion_1,delta state where our own palliative dey na how can people be going shopping and im just home doing nothing,"['disgust', 'sadness']","['sadness', 'surprise']","['disgust', 'sadness']","['disgust', 'sadness']"
pidgin_text_2311_emotion_1,i don dey chop like thief this is not how a broke person is supposed to behave,"['disgust', 'sadness']","['disgust', 'surprise']","['disgust', 'fear']",['disgust']
pidgin_text_6161_emotion_1,first time i knew i wont fall as onitsha boy wey i be buh e shock me when e come be like say we dey enter potholes for air ‍️,"['disgust', 'surprise']","['fear', 'surprise']","['disgust', 'surprise']","['disgust', 'surprise']"
pidgin_text_2633_emotion_1,dem go think say dis one sabi play ball nowshishi,['surprise'],['disgust'],['disgust'],['disgust']
pidgin_text_4770_emotion_1,this my tailor be like he wan use peer pressure kill me k a yard material seaman brother abi uncle used na him e dey call me to come buy,"['fear', 'surprise']",['surprise'],"['fear', 'surprise']","['fear', 'surprise']"
pidgin_text_66_emotion_1,naso me and sef hug ourselves dey scream inside car,['joy'],"['joy', 'surprise']",['fear'],['joy']
pidgin_text_1041_emotion_1,you dey squat for person house you dey wake am up for morning devotion,"['disgust', 'surprise']",['surprise'],"['disgust', 'surprise']","['disgust', 'surprise']"
pidgin_text_5846_emotion_1,ussy broke man no dey sleep,['sadness'],"['disgust', 'sadness', 'surprise']",['sadness'],['sadness']
pidgin_text_3941_emotion_1,the person wey wan stop you dey mad ni,"['disgust', 'surprise']",['anger'],"['disgust', 'surprise']","['disgust', 'surprise']"
pidgin_text_4436_emotion_1,you de like person wey de stuffer from ebola sorry you be like wetin ebola de suffer from,['disgust'],"['anger', 'disgust', 'surprise']","['anger', 'disgust']","['disgust', 'anger']"
pidgin_text_4630_emotion_1,shes and so wetin dy pain me pass rn be this young rich bro who committed suicide because of false accusation on rape twitter shey na like this e go dy go ‍️,"['disgust', 'fear', 'sadness']","['anger', 'disgust', 'fear', 'sadness', 'surprise']","['disgust', 'sadness']","['disgust', 'fear', 'sadness']"
pidgin_text_3419_emotion_1,the only reason why man utd dey champions league na bruno + pogba combo post lockdown mason greenwood form rashford + martial also this season as bad as pogba be e play key role for our wins vs rb leipzig newcastle and psg so calm down ️,['disgust'],"['anger', 'fear', 'surprise']",['sadness'],[]
pidgin_text_3761_emotion_1,im always active on your page but if na giveaway time u no see me again why nah abi i kill your pikin inside water,"['disgust', 'sadness']",['sadness'],"['disgust', 'fear']","['disgust', 'sadness']"
pidgin_text_2823_emotion_1,person wen supposed to dey catch thief nahim dem catch thief,"['disgust', 'surprise']",['surprise'],"['disgust', 'surprise']","['disgust', 'surprise']"
pidgin_text_3380_emotion_1,god bless you una don dey blow me gradually,['joy'],"['joy', 'surprise']",['joy'],['joy']
pidgin_text_255_emotion_1,baba cto dey the mail omo na grand entrance i wan use enter the presentation,['joy'],['surprise'],[],[]
pidgin_text_4840_emotion_1,lol me sef i cant get rid of my coffee habit and fit fam food no dey quench coffee induced hunger,['sadness'],"['anger', 'sadness']",['sadness'],['sadness']
pidgin_text_5695_emotion_1,looks like this writing never stops when it comes to postgrad studies thought you just finished one some days ago and am here still battling with my thesis proposal tired sef,"['disgust', 'sadness']",['surprise'],"['disgust', 'sadness']","['disgust', 'sadness']"
pidgin_text_899_emotion_1,paddie mithanks for your patronage always wahala for who no dey chop lavonne cuisine ooo,['joy'],['joy'],['joy'],['joy']
pidgin_text_3163_emotion_1,u still dey laugh na,"['disgust', 'surprise']",['joy'],['surprise'],['surprise']
pidgin_text_2070_emotion_1,you wey no dey at peace with the weda dey advice me,"['disgust', 'surprise']","['anger', 'surprise']","['disgust', 'surprise']","['disgust', 'surprise']"
pidgin_text_2122_emotion_1,wetin happen nàaa,['surprise'],['surprise'],['surprise'],['surprise']
pidgin_text_3077_emotion_1,sisssss na to dey ontop bed dey collect drip on top drip,['sadness'],"['fear', 'joy']",['fear'],['fear']
pidgin_text_796_emotion_1,anneath block this woman anneath no gree mumsy viewing anneaths status but this your best friend get swag no be small o me naso i see am o mumsy she don dey do count down sef looking at me like all is not well unlike you wey no get swag,['sadness'],['surprise'],['sadness'],['sadness']
pidgin_text_2563_emotion_1,why be say na if you enter gbeke or if you die pple dey love you pass this one that everybody loves is plentyyy faahh pesin wey no dey pass dis street b without sum pouring sand sand inside his garrie choke,"['disgust', 'sadness']",['sadness'],"['disgust', 'surprise']","['disgust', 'sadness']"
pidgin_text_184_emotion_1,omo god dey create o my celebrity crush,['surprise'],"['joy', 'surprise']",['surprise'],['surprise']
pidgin_text_4553_emotion_1,na anfileld dem disrespect like this that one even dey slide with him back,"['disgust', 'surprise']","['disgust', 'surprise']","['disgust', 'surprise']","['disgust', 'surprise']"
pidgin_text_5257_emotion_1,no be only u n collins na kolo ni this man shey ole yawerey sha why e be say na my name u come use y u no use no worry dem go soon shoot u from uk u no well,"['anger', 'disgust']",['surprise'],"['anger', 'disgust']","['anger', 'disgust']"
pidgin_text_847_emotion_1,i dey wait for client come see this woman with plantain buns bruhhhhhhh i don pack am e don tey i had plantain bun and e soft die,"['joy', 'surprise']","['joy', 'surprise']","['joy', 'surprise']","['joy', 'surprise']"
pidgin_text_2750_emotion_1,am not even sure of what will kill someone again corona dey outside hunger dey inside konji dey inside inside‍,"['fear', 'sadness']","['anger', 'fear', 'sadness']","['fear', 'sadness']","['fear', 'sadness']"
pidgin_text_6150_emotion_1,lol me im still think of how my masters reading will go when i start and your results already giving you phd vibes hain oluwa wetin dey sup na when youre smart youre smart biko,"['fear', 'surprise']",['surprise'],['joy'],['surprise']
pidgin_text_505_emotion_1,someone told me im better with male friends than females im beginning to concur to that o is like na true o,['surprise'],['surprise'],['surprise'],['surprise']
pidgin_text_3788_emotion_1,you go dey hear so the oxygen go con meet the methyl group con form leaving group sha the end product na secondary alchohol shey you get bro i no get,['disgust'],['surprise'],"['disgust', 'surprise']","['disgust', 'surprise']"
pidgin_text_4598_emotion_1,like i dont get it with those unfortunate lotsmake everybody de dia de o,"['disgust', 'surprise']",['anger'],"['anger', 'disgust']","['disgust', 'anger']"
pidgin_text_6101_emotion_1,ẹ be like dem don break this guy heart he just dey rant for whatsapp status,"['disgust', 'fear']","['disgust', 'surprise']","['disgust', 'sadness']",['disgust']
pidgin_text_5305_emotion_1,aswear con dey turn tierney to otu him no care whether person dey or not one two move booom cross,['disgust'],['surprise'],"['disgust', 'sadness']",['disgust']
pidgin_text_3621_emotion_1,just for the fun of it na me sef dey go buy cake for supermarket too,['joy'],['joy'],"['joy', 'surprise']",['joy']
pidgin_text_4826_emotion_1,i thought my area was alone in this please we no wan hear one grid get fault oooo abeg its december abi water don dry fro dam again ni,"['disgust', 'fear']","['anger', 'fear', 'surprise']","['fear', 'sadness']",['fear']
pidgin_text_1363_emotion_1,someone has been coughing here since two weeks oooo i don dey fear,['fear'],['fear'],['fear'],['fear']
pidgin_text_2623_emotion_1,na that person wey you call your man omo na that person wey go fall your hand,['disgust'],"['anger', 'fear', 'surprise']","['disgust', 'fear']","['disgust', 'fear']"
pidgin_text_4945_emotion_1,peopleare getting dressed una dey here dey talk mtchewwwww,['disgust'],"['anger', 'disgust', 'fear', 'sadness']",['disgust'],['disgust']
pidgin_text_1154_emotion_1,make una help me ask wetin him dey do the road he claims to be a master in is all wack job i was seeing at warri and even asaba is delta cursed,['disgust'],"['anger', 'disgust']",['disgust'],['disgust']
pidgin_text_3005_emotion_1,no worry the person wey go break your heart dey come no be heartbreak e go reach everyone,['disgust'],"['anger', 'sadness']",['disgust'],['disgust']
pidgin_text_1660_emotion_1,any adult i hear talking politics again and they try to bring me in i snob them cause omo na una votes cause all these one na see cow get freedom of movement they curtail human being own see rubbish,"['anger', 'disgust']","['anger', 'disgust']",['disgust'],"['anger', 'disgust']"
pidgin_text_1615_emotion_1,didnt i say itmo ti unfollow e na man wey wan sell fine gate,['disgust'],['surprise'],['disgust'],['disgust']
pidgin_text_5723_emotion_1,they will jus collect your phone and even asked you to unlock it like say na dere papa buy the phone for me say iphone users na yahoo yahoo dem de do,['anger'],"['disgust', 'surprise']",['disgust'],['disgust']
pidgin_text_3685_emotion_1,ronaldo go dey upload pictures like e no dey train match go come now e go net hattrick,['disgust'],['surprise'],['surprise'],['surprise']
pidgin_text_3829_emotion_1,lmafooooooooooooooooo one night for club we dey chill omo babes joined our table na hin my guy carry one begin kiss me i dey busy with one hin finish pass give omo me i go outside come still carry same babe think say i catch babe carry comot outside kiss,"['joy', 'surprise']","['disgust', 'joy', 'surprise']","['disgust', 'surprise']","['joy', 'surprise', 'disgust']"
pidgin_text_1805_emotion_1,na generation of lazy yoots do pass na we dey carry nigeria for our back see wins everywhere in the recent years nigerians deserve better than the leadership we have we deserve a better government baba god run am for us,"['disgust', 'joy']","['disgust', 'sadness']","['joy', 'sadness']","['disgust', 'joy', 'sadness']"
pidgin_text_4626_emotion_1,how much dey the account wey dey go dey comot person money like this i dont always notice before until recently i just dey see say the change ontop money dey disappear if e finish they go spoil another k wtf add u stamping,"['anger', 'disgust', 'sadness']","['anger', 'disgust', 'sadness', 'surprise']","['anger', 'surprise']","['anger', 'disgust', 'sadness', 'surprise']"
