id,tweet,anno1,anno2,anno3,anno4,label
1502684596214763523,ሰራዊትና ግን ገስጊሱ እንተብቅዕ ሙርኻትን ፋብሪካታትን ፀላኢ እንትሕሉ መስዋእቲ ከፊሉ እዩ። ሩስያ፣ ዩክረይንን ምዕራባውያንን ፀለእተን ንምድኻም ብዘይንሕስያ ኣብ ሙሩኻትን ፋብሪካታት,hate,normal,normal,normal,normal
1659077597920198659,@USER ዘይሰምዖ እካ የብለይን ትብል አደይ! ስለዚ ሳልሳይ ሓሙሽተይ ህዝቢ ትግሪይ ተደኽዲኹ ካብ ሃለወ : ናይ ወያነ ቃንዛ ስሱሳይ ሓሙሽተይ ምስ ወሰካዮ ሕዙለይ,hate,hate,hate,hate,hate
1498049787584786432,እዛ #ዮኩሬይናዊት ጓል 8 ዓመት ደፋር ህፃን ንህፃን #ዶናት #ትግራወይቲ ኣስታዊሳትኒ። ዓድኻ ተመለስ እዚ ዓድና እዩ ትብሎ ኣላ። #Ukraine #Tigray,normal,normal,normal,normal,normal
1489805024704319492,@USER ዜሮ እንደመርካ ዝውስኽ ቁጽሪ የልቦን፡ ወያነ ከኣ ሃጓፋቶም ንምኽዋል ብዙሕ ኢዮም ፈቲኖም ግን ነቲ ፖለቲካዊ ጸወታ ኣይከኣልዎን,hate,hate,normal,normal,hate
1488930610030731267,ናስትሮ ህግደፍ አንጻር ወያኔ ጥራይ ?ኢያ ትጭድር?አበይ አሎ ኢምባስ ህግደፍ አብ ኢትዮጵያ ኮኔኑኡ ዘይገልጽ,hate,hate,hate,normal,hate
1478929791059476483,@USER ስርቂ ዉርሻ ኮይንዎም ኣይተ ኣረጋዊ ፡እዚ ሰብኣይ ንወያነ ዝጸልእ ወያናይ ኢዩ።ጌና ሕጽቦ የእምሮ የድልዮ ኢዩ።,hate,hate,hate,abuse,hate
1510010695819182085,@USER @USER ነቶም ሓመድና ዘፍረዮም ደጋጊምና ነጊርናዮም ግና ነታ ኣብ ናይ ቆሕ-ሰም ግዜ ትጠልም ዝርግቲ ወያነ ኣሚኖም ሆ ሆ ኢሎም ያኣዪ ጸገምና ዓረብ ዶ,hate,hate,hate,hate,hate
1553412123157487616,@USER መቓልሕ ህግደፍ ደጊሞም ወግሐ ጸብሐ ወያነ ወያነ ዝብሉ ሃሱሳት እዮም ::,hate,hate,hate,abuse,hate
1618293776342188039,@USER ህግደፍ ነዞም ኩሎም ዝረገፋ መናእሰይ ብዕላማዬም ረጊፎም ንምባልን ህዝቢ ኤርትራ ደቅና ኣቤለዉ ኢሉ ከይሓትት ዝገብርዎ ዘለዉ መናዉራዩ! !!! ሃገራዊ ቅዋም ንኸይ,hate,hate,hate,normal,hate
1514890384639500292,@USER ህግደፋውያን ናይሰብ ኣድጊ እዮም ብንግግር ብምክያት ኣይርደኦምን ብበትሪ እዩ እሱውን ክንራከብ ኢና,hate,hate,hate,hate,hate
1643741722151907329,@USER @USER እዋይ ህግደፋውያን! ሰብ ኢና ኢልኩም ድኹም ብዛዕባ ትግራይን ትግራዎትን ትዛረቡ!,hate,hate,hate,abuse,hate
1482893882056658945,@USER ወያነ ተንኮል ክትፍሕስ አብ ዘይ ዓቕማ ምስ ኤርትራ ውግእ ምስ አወጀት ብኤርትራውያን ማኖ ሒዛ አይ ንላዕሊ አይ ንታሕቲ ተቀርቂራ ምዕፋር ብ,hate,hate,hate,hate,hate
1621269954111705090,@USER ኣበይ ኮይንካ ኣብ ስደት:ኣብ ትውተር ለማኒ:: ሰብኣይ ኢዩ ንእምነቱን መትከሉን ዝስዋእ:: ከማኻ ሃዳሚ መሲልካ:: ከማኻ ዝሃድሙ ኣይኮኑን ናጽነት ኣምጺኦም::,abuse,abuse,abuse,abuse,abuse
1510810549445181442,ንመንግስቲ ተቃውምኩም ተባሂሎም ተዓፊኖም ክምለሱ ተፈቲኑ ግና ኣሰሎጦን። 2006 ድማ #ኣስመራ ዩኒቨርስቲ ተዓጽዩ፣ ህግደፍ ብኹሉ መዳያቱ ጸረ ህዝቡ እናኾነ ምስመጸ መንእሰይ ኤርትራ,hate,normal,normal,normal,normal
1611054339048574976,@USER ሰራቂ ዘይ ናትካ ሕማም ቅንኢ ኣለኩም ንፈልተኩም አና ንሕና ኤርትራውያን ሓሳዳት ::,hate,hate,abuse,abuse,hate
1496552615919955969,@USER @USER @USER አብ መሬት ትግራይ ዝነበሩ ኤርትራውያን ሰለልቲ ናይ ህግደፍ እምበር ስደተኛታት አይነበሩን። ዝሰርቁን ዝቀትሉን ቆልዓ ሰበይቲ ዝጋሰሱ ዝ,hate,hate,hate,hate,hate
1490166287061987330,በዓል ንስኺ ምስ ደመኛ ጸላኢ ህዝቢ ኤርትራ ወያነ ዘውደኽደኺ፡ ብዋጋ ስደተኛታት ኤርትራዊያን ትሽቅጢ ዝነበርክን ዘለኽን፡ ግደፊዮ እሞ ማዕረ ዝተሰውኣላን ዝሰንከሉላን: ኤርትራ ትበሃል,hate,abuse,abuse,abuse,abuse
1506215161132199943,@USER ኣየ ህግደፍ ደቂ መድህና በራድ,hate,hate,hate,hate,hate
1525411651574538240,@USER ኤርትራዊ ኮይኑ ከዳዕ ኔሩ ኣብ ግዜ ቃልሲ:ሕጂውን ከዳዕ ኣሎ።ስለዚ እዞም ትውድሶም ዘለኻ ድማ ካልእ ሽም ከተጠምቖም ኣይትፈትን።ንሃገርና ተቓዋሚ የብላን:ግን ከድዓ,abuse,hate,hate,abuse,hate
1516124202180366336,ERISAT: እዋናዊ ጉዳያት | ዋዕላ መንእሰያት ዶ ዋላስ ዋዕላ ኣረጋውያን ህግደፍ | Current Affairs via @USER,hate,hate,normal,normal,hate
1656291622068314114,ክኹሕላ ክብላ፡ ዓይኒ ሰብ የንቁራ፦ ሻዕብያን፣ ህግደፍን ፡ ክትፈልዮም ዘጸግመካ እንትኾይኑ ድሕረትካምበር፡ ፍልጠትካ ዘረጋግጽ ኣይኮነን። ጸባ ካብ ማይጨባ ከማን ምፍላይ ከጸግመካ እዩ።,hate,normal,abuse,abuse,abuse
1501945069993017348,ደቂ ዓደይ እዛ #HR6600 ዳርጋ ረሲዕናያ ኢና። ብጣዕሚ ድኹም ኣፈፃፅማን ጎስጓስን እዩ እንዮ። ብኻልኦት ዘይረብሑ ኣጀንዳታት ዝተፀመድና ንመስል። ብኣንፃሩ ድማ ፀላእትና,normal,normal,normal,normal,normal
1612227919304351744,@USER ሰለሙን ወልደገሪማ Solomon weldegerima ካብ ንህግደፍ ከተሔጉስ ኣብ ሞንጎ ህዝብታት ጽልእን ገበንን ምጽሕታር ንነብስካ ንበር ሰብ ኩን መጀመርታ,hate,normal,abuse,abuse,abuse
1547059376170717185,@USER ብሓቂ ወያነ ዕደ። ኣደይ ኣዘኪርክኒ ኣዝዩ ሕማቕ ሰብ እንተርእያ ዕደ ትብሎ ነይራ ።,hate,hate,hate,hate,hate
1611269036372811777,ህዝበይ ለዋህ ዶ ዓሻ ዘዝሓለፈ ኲሉ እናረሳዕና መመሊሶም ይቀትሉና:: አረ ይኣኽለና,normal,normal,normal,normal,normal
1513029753900519429,@USER ተዝኸውን ቀዲመ ልነኽሶ ንዓኻ ኣታ ሓሳድ ??,abuse,abuse,abuse,abuse,abuse
1655653202568568836,@USER ሳሕሳሕ፡ ቆንዳፍ ወዲ ደርግ ኣድጊ በሎ,hate,hate,abuse,abuse,hate
1484096821022580736,ንዓና ን ኤርትራውያ ዘገድሰና፡ወያነ ከደ ብልጽግና መጸ ኣይኪነን ከገድሰና ዘለዎ ጉዳይና፡ ጉዳይ ምክባር ላእላውነት ኤርትራ ዘኽብር መንግስቲ ኣብ ኢይዮጵያ ምስ ዝህሉ ጥራይ እዩ። እዝይ ከኣ ግድን ክግበር ዘለዎ ጉዳይ እዩ።,hate,hate,normal,normal,hate
1490756741977542660,መሰረት ስልጣነ፣ዓንዲ ሑቐ ሕራነ፣ህዝባዊ ወያነ!Tigray Music via @USER,hate,normal,normal,normal,normal
1485338692663324677,በየን ስረ ትግራይ ናጻ ክትወጽእ፡ በየን መዓኮራ ትግራይ ክትብልጽግ፡ሓቂ ወያነ ኣዲስ ኣበባ ዝበጽሔት ኣብ ሕቆ ሻዕብያ ተሓንጊራ እያ:ተወላዶ ዓድዋ ገንዘብ ዝገበርኩም ካብ ኢትዮጵያ ሰ,hate,hate,hate,hate,hate
1553811792782147584,@USER ሓሙኽሽቲ ኣብዝባናን ዝባን ደገፍታን ዝድፈኣሉ ጊዜ ኸኣ ኣብ ቀረባ:: ኣብ ልዕሊ ሞት ትግራይ ክትዕንድር ዝተሃንደደት ታህፋፍ መራት መዛዘሚኣ ትሕቲ መሬት ክኾን ዋግዋጎ እኒሀ ይረአ::,hate,hate,hate,abuse,hate
1625237065213554688,@USER ንመንእሰያት ኤርትራ ኣራዊት ኢልካ ሽም ሂብካ ብኢድ ሚሊሻ ወያነ ክጠፍኡ ትፈርድ እንተዄንካ፡ ምስ ወያነኻ ተረፈት። ኣብ ኣገልግሎት ዘለዉ መንእሰያት ከም,hate,hate,abuse,hate,hate
1488773485484994564,ጉዳይ ዶብ መዕለቢ ረኺቡ ኣብ ዝተፈትሓሉ እዋን ወያነ ኣብ ንቡር ፖሊቲካ ኢትዮጵያ ክነብር ኣይክእልን። ምናልባት ሕብሪ ቀይሩ ናጽነት ወይ ርእሰ ውሳነ ትግራይ ኢሉ ዕድመ ከናውሕ ይኽ,hate,hate,hate,hate,hate
1636424085910573056,@USER ክላ ሓሳዊ ናትካ ዘይትገብር ወዲ ደበልየ ብዓል ወዲ መድህን በራድ ሲ እንታይ ድዮም ዝገብሩ ደለዉ እዚኦም ሲ ኮ ምስ ህዝቦም . መፐን ድንቁርናኻ መወዳእታ የብሉን ምሽኪናይ ክፍላይ ብርሃነ!,abuse,abuse,abuse,abuse,abuse
1612889543778177026,@USER ሓሰውቲ ፡ ኣስመራ እንተዘይኣትየ ክብሉ ሓቢሮም ኣታቒዖም ክነሶም፡ 1 ሚሊዮን ገቢርካውን ኣስመራ ስለዘይተረኽበት ሕጂ ጻድቅ ጻድቅ ይጻወቱ ኣለዉ። ወሽላኻት,hate,hate,hate,hate,hate
1502907388420149253,@USER ህዝቢ ኤርትራ ሰብኣውን ሞራላውን ርህራሀ ዘለዎን እዩ ካብ ቀደሙq፡ ህግደፍ ብግፍዒን መከራን ሲናይን ባሕርን ምድረበዳን ማእሰርትን ንዝሳቐ ኤርትራዊ ኣይኮነን,hate,hate,normal,normal,hate
1642589984937988106,@USER ጭፍራ ህግደፍ ቁዘምኣ ክትቅጽል ኢያ።ኩነታት ህዝቢ ኤርትራ ድማ ካብ ዝከፍአ ናብ ዝበኣሰ ክከይድ ኢዩ።,hate,hate,hate,normal,hate
1649190791670116354,@USER @USER @USER @USER @USER ህግደፍ ናብ ኣራዊት እዮም ተቐይሮም!,hate,hate,hate,hate,hate
1612402004810403841,@USER ንመንእሰያት ኣጥፊእካ ግርም ሃገር ምባል,hate,hate,hate,hate,hate
1544042934328336384,@USER 1.ኩሉ መንነት ክቡር ተኮይኑ፡ ኤርትራዊ መንነት ክቡርዩ ኢልና ምንያት ወይ ሙኽራዕ ኣየድልየናንዩ፡፡ 2 . በበይኑ ባህልን፥ ዉሱን ሓበራዊ ተመክሮ ዘለዎ ህዝቢ ኣልና፡፡ 3 . ብልክዕ።,normal,normal,normal,normal,normal
1576090078241525760,@USER ግና መላፍንቲ ህግደፍ፥ ኣቢይ ንሕና ኢና ደብዲብና ምባሉ ግና ንኤሪትራ ነጻ ኣይገብራንዩ። ሽፋን ተኮነከ ? ምናልባት ኤሪትራ ነዚ ቅብጸት ኣብ እዛ ቁሸት ዝ,hate,normal,normal,normal,normal
1483335683586629632,@USER @USER ዓጀውጀው ኣይትበል እስኻ ልኻብድኻ ክትብል ህዝቢ 70 እንደርታ ጠሊምኻ ሓሽከር ጉጅለ ፋሺሽታት ዓድዋ ኢኻሞ ስለ ትግራይ ክትፀዊ ኣይትኽእልይሞ ሕፈር ደንባው,hate,hate,hate,abuse,hate
1655781075241533440,@USER ኣታ ረሳሕ ግደፍ እንዶ ድምፂ ህዝብና ኩን ኩሉ ግዜ ሃተፍተፍ ትብል ከም ዕቡድ ከልቢ ! ረሳሕ ሸቃጢ ዩቱብ :: ጥዑይ ፅሑፍ ፀሓፍ። @USER,abuse,abuse,abuse,abuse,abuse
1639671668237803520,@USER @USER አታ ለማኒ ወዲ ለማኒ ዓጋመ፣ ተረፍ ሻዕብያ፣ ጥሙይ ከልቢ ደአ በየናይ ዓቕምኻ ሕነ ክትፈዲ፣ በዚኦም?? ሃዳሚ ፈታሒ ስሪኡ,hate,hate,abuse,abuse,hate
1595677313932279809,@USER ፕሪቶርያ ተዘይኣትየስ ኣይትግራዋይን ደኣ በል፡ ከዳሚ ዋሕድ! ኣብ ባራት ኮይንካ ዊስኪኻ ትግጥም ኣብ ወጻኢ ኮይንካ ንጻዕዳ ትኽድም ሽረ ምስተጸፋዕካ ፕሪቶርያ,hate,hate,hate,abuse,hate
1653475200397348865,@USER @USER @USER @USER @USER @USER @USER @USER ለባ ንሌባ እንታይ ዝብል ስጉምቲ ክወስደሉ,abuse,abuse,abuse,abuse,abuse
1543345264588734464,ብሰንኪ ብፍሽሽታውያን ልፍንቲ ህግደፍን ደርግን ኣብ ልዕሊ ህዝቢ ትግራይ ዝግበር ዘሎ ዕጽዋን ክባን:ንሕና ውን ግዳያት ንኸውን ኣለና ክብሉ ኤርትራውያን ስደተኛታት ኣብ ሽሬ ሰላማዊ,hate,hate,hate,normal,hate
1516067101034831886,@USER ሐሳዊ ዝሕዝንሲ ጋና ብሽም እቲ ድኻ ሕዝቢ ምሽቃትካ እዩ ወድኻን ጓልካን አብ ሕቚፍኻ ኮይናም ትምርቶምን ናብሮኦምን የካይዱ አለዉ እቲ ወዲ ድኻ ግን ኣደዳ ዐረርን,hate,abuse,abuse,abuse,abuse
1651830109219827713,@USER ሃዝራጥ! ጦብሎቅሎቅ ግደፍ ለሓሲ! መቸም ንናይ ታሪኽ ሙሁራት ዝግደፍ እካ እንተኾነ፡ ምስጢር ትብዓትን ኣይግዛእን በሃላይነትን ህዝቢ ትግራይ ግሁድ ሓቂ እዩ። ሳዲ,abuse,abuse,abuse,abuse,abuse
1601870118455283713,@USER ኤርትራውያን ብፍላይ ተኽታሊ ሕግደፍባርነት መግዛእቲ አሜንኢሉ ብነፃናት እናሳብብካ ናይ ውድቅትካመበገሲ ባዕልኻ ምዃንካ ብዘይምርኣይ ብሽም ወያነ እናሳበብካን ፅልኢ እናሰ,hate,hate,normal,hate,hate
1502752442395545604,@USER እንታይ ተረኽበ ዳኣ ሕጂ ዓለም ኣብ ቅልውላው ግዜ ፈራሕ ኢሰያስ ኣብ ነብሱ ከይትቀርቦ ስእላዊ ምርጫ የካይድ ኣሎ ኣይገረመናን።,hate,normal,abuse,abuse,abuse
1511375473258995716,@USER ኤርትራዊ መንነት የለን ኪድኹም ናይ ኢሳያስ ኣፍወርቂ ድጸሓፎ ንሕናን ዕላማናን ኣንብብዎ።ኤርትራዊ ዜግነት እነበር መንነት ኣይኮነን,hate,normal,normal,normal,normal
1615991773947387904,@USER @USER መጀመሪያ ባእልኻ ኣብ ኣድኻ ዘሎ ተመን እለዮ ካብኡ ???? ህሰብ ወንጫር,hate,abuse,abuse,abuse,abuse
1568712657703768066,@USER ሓሳዊ ህዝቢ ትግራይ ጥራይ በል,hate,hate,hate,abuse,hate
1502013709912207361,@USER He disappeared from his ሃገራዊ responsibilities ንሃገር ጠሊሙ ዝኸድዐ ሰብ ድኣ እንታይ ከብድኻ ሓበጠካ ኣብ media መጺኡ ኣይመጺኡ,hate,abuse,abuse,abuse,abuse
1488934379917303817,ክፍሊ ጽሩይ ዝስተ ማይን ረሳሕ ፈሳሲን፡ ቀረብ ከተማን ገጠርን ንምውሓስ ጻዕርታት የካይድ፡,normal,normal,normal,normal,normal
1639712074711330817,#ህግደፍ፥ መዓልቲ ሕጊ ኣለቦ ኣብ ኤሪትራ ብክብ ዝበለ ኣገባብ ኣብዔሉ። ኣብ እቲ ኣጋጣሚ፥ ውሩይ ድምጻዊ ኤርሚያስ.ንመዓልቲ ሞት ሕጊ ኣብ ኤሪትራ፡ ደመት፥እዋይ ክልተ ሞት,hate,hate,hate,normal,hate
1590078149676896256,@USER ኣብ ዓለም ከም ሻዕብያ ሓሳድ የለን :: ኣብ ከተማ ጽብቕቲ መኪና ኢንተሪኦም ንዋናኣ ካበይ ኣምጺኻያ እዮም ዝብልዎ :: ድኻ እምበር ሃብታም ክርእዩ ዓይኖም,hate,hate,hate,hate,hate
1573758312973324296,@USER ኣታ ሓሳዊ ከዳዓ ከምቶም ቅዳሞት ከምዝይ ኮኑ ግዜ ከቃልዖም አዩ ከምዝኦም ሰራዊት የብሉን ሻዕብያ,abuse,abuse,abuse,abuse,abuse
1484287900292427777,@USER @USER ጸማም ሓደ ደርፉ፣ ኣብ ክሳድኩም ዘላ ሓኽሊ ከይርኣኹማ መሬት ዓሪባትኩም። ንሰናይ ጉርብትና ምሕሳብ ተመሃሩ ኣንቱም ሓሳዳት,hate,hate,hate,abuse,hate
1485496881174265858,@USER ናትኩም ወሲድና ቀደም ንተ.ሓ.ኤ( ጀብሃ) ምስ ወያነ ኮይንኩም ደምሲኩማ ሕጂ ከኣ ንሕና ምስ ወያነ እንተ ተሓባበርና ይሕመኩም ወይ ጉድ?? ንስኹም ምስ ወያነ,normal,normal,hate,normal,normal
1516421032340512783,@USER ኣብ ልእላውነት ኤርትራ ካብ ጭፍራ ህግደፍ ንላዕሊ ወያነ ንጹር መርገጺ ኣለዎ ::,hate,hate,normal,normal,hate
1593862850937847808,@USER @USER እቲ አብ ትሕቲ ህግደፍ ዘሎ ምስኪን ህዝብና እምበር፣ ንሕና አብ ወጻኢ ዘለና ድኣ ናይ ጥሮታን ሕክምናን ጸገም ምዓስ አለና,hate,normal,normal,normal,normal
1561742906720800769,@USER @USER እወ! እቲ ቅድም ክፈልጠኪ ድኣ ንጹር መርገጺ ኣንጻር ህግደፍ ነይሩኪ ::ንምኻኑ እንታይ ክንብለኪ ድኣ ትጽበዪ ? ህግደፍ ተሃሪሞም ዘሕመኪ እንተኾይ,hate,normal,normal,abuse,normal
1657998068011216898,@USER ናይ እንዳ መን ከብቲ ኢኻ ኣታ ንስኻ፡ ኣብ ዓድኻ ሻዕብያ ተጥፍኦ ዘላ ህዝቢ ግዱ ከይገብርካስ ሕውሓት ንትግራይ ተጥፍኣ ኣላ ኢልካ ክትዛረብ፡ ንምንታይ ዲኻ ትጥቀመሉ እቲ ርእስኻ,abuse,abuse,abuse,abuse,abuse
1563783571734777856,@USER @USER ስቅ ኢልኩም ብትዕግስቲ ተፀበዩና አኽላባት ህግደፍ ክሳብ ናባኩ ገጽና ንመጽእ። ክሳብ ሽዑ ንሳምንታት ዝኣክል ስንቂ ቋጽሩ። ከይንጠሚ ሓደራ።,hate,hate,hate,abuse,hate
1567052517791469569,ብህጻኖም ከይዓበዩ ብዓያሽኦም ኣሪጎም ዘለዉ መራሕቲ ጁንታ ወያነ መሬት ወልቃይትን ባሕሪ ኤርትራ ክሓልሙ ክብሉ፡ ንትግራይ ኣህሊቖማ ዝጠፍኡ ዘለዉ #EritreaPrevails,hate,hate,hate,hate,hate
1573025835854209024,ህግደፍ ኣብ ኩናት ምስዝስዓርከ? ንትግራይ ክኣቱ ምፍታኑን ሳዕቤናቱን። via @USER,hate,normal,normal,normal,normal
1482855446583169028,@USER ኩቡር ሓው ፍትዊ እዞም ሃሱሳት ህግደፍ : ኣብ ምጥሓል 360 ኤርትራውያን ኣብ ገማግም ጣልያን ጓይላ ተኺሎም ዝሳዕስዑ እዮም :: ኣብ ሲናይ ኵሊት ክሽየጥ ደላሎ ኮ,hate,hate,normal,abuse,hate
1642241641841844226,@USER ልአኻለ ዐብይ ክብረት አለኒ ስራሕኻ ምቾትኻ ጠንጢንኻ ምእንቲ ህዝቢ ላብ በረኻ ልወረድኻ ቆራፅ ኢኻ መጀመርያ ካብ በረኻ ትአትዩ ተለኹም አደባባይ ሓውዜን ሪአካ,normal,normal,normal,normal,normal
1515262821025648650,ወያነ ዝብሃል ደጊም ግደፍዋ፡ ጥራይ ንሕና ኤርትራውያን ሓደነትና ኣደልዲልና ኣብ ጎኒ ህዝብናን ሃገርናን ምክልካል ሓይልታት ኤርትራን ጠጠው ንበል እምበር ካልእ ኩሉ ሕኪ ቀሊል እዩ።,hate,hate,normal,normal,hate
1515403232775974916,ብቐጥታ ይኹን ብተዘዋዋሪ ቀንዲ መፅነቲት ህዝቢ ትግራይ ኣመሪካ ምዃና ግልፂ እናኾነ ይመፅእ ኣሎ ፣ ንኣብነት መሬት ትግራይ ብወረርቲ ሓይልታት ተታሒዙ እናሃለወ ዘይተዛረበት ንሰራዊት,hate,hate,hate,normal,hate
1487896637309698054,ኣምባሰደር ህግደፍ ኣብ ተቓውሞ ደንምበ ዓንደብርሃን ወልደገርግሽ:ነቶም ኣብ 2001 ደሞክራሳዊ ሕቶ ዘልዓሉ G15 ብምጥቃን ኣብ ዲያስፖራ ዝህቦ ዝነበረ ጎስጓስ:: እዚ ሰብ ኣብ ሕጊ,hate,normal,normal,abuse,normal
1487175249288482821,መንግስቲ ኢትዮጵያ ነዚ ጁንታ ትገብሮ ዘላ ናይ ተስፋ ምቁራጽ ፈተነ መዛዘሚ ክገብረሉ ዉሳኔ የሕሊፉ።ተረፍ መረፍ ጁንታ ንምቅባጽ ወሲኑ ኣሎ። #EritreaPrevails,hate,hate,hate,hate,hate
1631598378982207488,@USER @USER @USER @USER ታይ ይፈልጦ እዚ ህግደፍ,hate,abuse,abuse,abuse,abuse
1585724709119070208,@USER ጸማም ሓደ ደርፉ ጃንዳ ወያነ,hate,hate,abuse,abuse,hate
1490459461835792389,@USER ጽቡቕ ኣለኺ ጠላማት ስርዓት ህግደፍ ዓለም ምሉእ ፎእ ኢልዎም።ንህዝቢ ኤርትራ ጥልም ኣቢለሞ,hate,hate,hate,hate,hate
1510528052278747138,@USER @USER ትግራዋይ ብ ናይ ሰብ ጽቡቅ ዝሕጎሰላ መዓልቲስ ኣላ ዶ ትኸውን ኩሉ ግዜ ተንኮል ሕስድናን ጥራይ ነሕዋትኩም ሓሳዳት ን ጎረቤትኩም ሓሳዳት,hate,hate,hate,hate,hate
1483208686042599427,@USER ሓሳዊ ኣደራሽ ገዛ መዕነዊ ህግደፍ ሰርቅቲ ካብ ህዝቢ ኤርትራ ብሓይሊ ዝኣከብኩሞ ገንዘብ ፡ንቤተሰብኩም ትህብዎም ደሓር ድማ ኣወፍዮም ትብሉ። ንኣብነት ሓጎስ ኪሻ,hate,hate,hate,hate,hate
1515410363700985859,ዘፀኣት ትግራይ ንፅረተ ሓሳብ/ናይ ስግግር ፖለቲካዊ መስርሕ ግድን ይብለና/ሓላፊ ጉዳያት ወጻኢ ውድብ ሳልሳይ ወያነ via @USER,normal,normal,normal,normal,normal
1603112005195665409,ህግደፍ ገንዘብ ሰሚዑ ሕጂ ደኣ፥ ኣታዕርቁኒ ክብልዩ።,hate,hate,hate,normal,hate
1492986503072468995,@USER ወለድኻ ይወቅስ ኣይኮንኩን ዘለኹ። እንተተረዲኡካ ዘይንቡር ትገብር ኣለኻ ይብለካ ኣለኹ።,normal,normal,normal,abuse,normal
1561575266484469760,ኣብ ኤርትራ ተወልዳ ዝዓበየት ትግራወይት ነዝ ትማ ዝጋጠመ ኣብ ልዕል ኤርትራዊያን ኣቦታት ኣዴታት ዓበይት አዛ ረሳሓ ሸርሙጣ ቅጽልዎ ትብሎም ኣላ ኣብ ማዕዶ ኮና ኣጆኩም ትብል ኣብ,abuse,abuse,abuse,abuse,abuse
1568506355018858496,@USER @USER ኣየ ህግደፍ፤ኣብ ጎንኻ ኣለና ትብልዎ ዝጸናሕኩም፤ኣብቲ ዘሳወርክሞ ኵናት ምስተማረኸን ምስተቐትለን፤ እዚዳኣ ትግራዋይ ኢልኩም ኪሒድኩሞ፤,hate,hate,hate,normal,hate
1511741696928886796,ምስ ህወሓት ሰበስልጣን ባንዳታታት ክንፀባፀብ ኢና ዘይተርፍ እዩ ኣነ ዘግርመለይ ግን እቶም ኣውራ ባንዳታት ሽሞም እውን ኣይላዓልን ንምንታይ ኮን ይኾን ፅባሕ ዝሓቶ ሕቶ እዩ።,hate,hate,abuse,abuse,hate
1539905857256824832,@USER @USER ህበይ ዓድዋ፣ ብሽም ኤርትራ ንኤሮፖ ብሜዲተራንያን ዝወጸት፣ ንስኻን እቶም ሎቋምጽ ደቂ ዓድኻንዮም።,hate,hate,hate,abuse,hate
1493309007653711887,ብደም ህዝቢ ትግራይ ኣብ ኤርትራ ቦታ ክረክብ ዝሃቀነ ተጋሩ ነቒሖምሉ ፡ኣዋሪዶሞ፡ ሓሲሩ ሓሻኻ ሰልጠነ ከዳዕ።,hate,abuse,abuse,abuse,abuse
1616478269783658496,@USER እልልል ሌባ ናጀሪካን አመፅቲን ቀተልትን ሰራዊት ኢሳያስ ናብ ባርነቶም ተመሊሶ:: አብ 21st century ጀሪካን ማንካ ፋርኬታ ክትጉሕሉ ካብ ሓንቲ ሉዕላዊት ዓ,hate,hate,hate,hate,hate
1652915048300580864,#ደለይቲ_ፍትሒ_ኤርትራውያን ነዚኦም ዝጻረፍ #ህግደፍ ጥራይ እዩ። #ትግራይን_ትግራዋይን የምውስግነኩም ክቡራት ኣሕዋት። @USER,hate,normal,normal,normal,normal
1636116315613036544,@USER @USER @USER @USER @USER እዚ ኮይኑ ከብቅዕ : ኣብ ክንዲ ንሰላም ዝጽዕር ሓዊ ይጽሕር ?? ስለዚ እና ክኣ ኣብ ዘመነ ህግደፍ,hate,hate,hate,normal,hate
1516197287734689793,@USER @USER ምደረ ፈገራት ሰረቅቲ እቶም ኣርካናት ኣብ ፈቀዶ እስሩቤት ተደርብዮም ብዓል ንስኻ ኣፈ ጨለ ሎቃምጽ ወዳኢትኩም ትምጻእ ምድረ ጉሓላሉ,abuse,abuse,abuse,abuse,abuse
1539353754675331080,ኣሰልጣኒ ክለብ ሰምበል ዪናስ ዘካርያስ፡ ኣብ ውሽጢ ሃገር ዝቀዳደም ተዓዋቲ ቻምፕዮን ኤርትራ 2022 ክኸውን ከም ዝደናገጽ፡ ፕሮ-ተቐዳደምቲ ክዕወቱላ እዮም ኢልና እንተ ወዲእናዮሞ,normal,normal,normal,normal,normal
1642942459356364827,@USER @USER @USER ቅድሚ ገዛኺ ጥራሕ ረኣዩ ምባልኪ: ካብ ገዛ ዳማትኪ ውጺ:: #EritreaOutOfTigray,abuse,normal,hate,abuse,abuse
1480326379870863368,@USER ሓሳዊ ቆርበትስ እንዳሓደረ ይፈኩስ ! 30 ዓመት ሓሶትን ፉኽሰትን # ዕንክሊል :እንዳ ዕንክሊል ግዜ የብልኩምን ! Game is over !!!,hate,hate,hate,abuse,hate
1482532535531978754,ዓኽ!ህዝብኻ ሓዊ እናዘነቦ፣ብጥሜት ማዓልታዊ ኣሻሓት እናሃለቑ፣ሕሙማት ምድሓን እናተኻለ ሰኣንመድሓኒት ኣዕይንቶም ንብዓት እናፈሰሰ ዓለም እናተሰናበቱዋ ኣጀንዳ ኸፊቱ3ይወያነ፣ውናት፣ህወ,hate,hate,normal,normal,hate
1557377017414406146,@USER ትርኢትኩም ክፉኣት ወንጫራት: ዕላማኩምን ስራሕኩምን ጽልእን ባእስን ድኣ እንታይ ዘነይት ኣለኩም? በጃኩም ተሰተሩ!!,hate,hate,hate,hate,hate
1496170620312342534,@USER እታ ሓቂ መቸም ምውሓጥ እያ ትኣብየኩም ደገፍቲ ወዲ መድህን በራድን ሓጎስ ክሻ፤ ህዝቢ ወይ እታ ሃገር ኣይትኣገደትን እቶም ሰረቅቲ ዓመጽትን እዮም ትኣጊዶም።,hate,hate,normal,abuse,hate
1612400078672769024,@USER ንባርያ ህግደፍ ዋጋ ነፃነት ስለዘይርድኦ ስሒቀ ክሓልፈካ::,hate,abuse,abuse,abuse,abuse
1599714297264734210,@USER ህግደፍ ዝኮሎፍዋ?ኤርትራዊ መንእሰይ ?መንግሰተ ስማይ?ይቀበልካ,hate,hate,hate,normal,hate
1527322288151855107,@USER @USER ስድራቤት ሲራክ ባህልቢ እትስ ዝኮነ አኣጋ ዘይከፈለት ስድራቤ ኢያ።,normal,normal,abuse,normal,normal
1496311281011339264,ኣነስ ያኢ ምሒር ስቕ በሃላይ ግዲ ኮይነ ተረኺበ ገዛይ ክበጽሓኒ ዝመጸ ጋሻ ኣዕልል እባ፥ ኣይትሕፈር እንዳ በለ ልበይ የጥፍአለይ ኣሎ። ታይ ውቃዕ ዘመኑ ኢዩ ወደይ? ??,normal,normal,abuse,abuse,normal
1565623419504414720,ነሓሰ 27/12/14ዓ/ም መድሃኒኣለም ኣቦይ ህዝብኻን ርስትኻን ባርኽ፡ንግፍዐኛታትን በደለኛታትን ፍርድኻ ሃብ ።አሜን አሜን አሜን,normal,normal,normal,normal,normal
1618333215227531266,@USER ሸያጢ ኩሊት ብሐወላ ልብኻ ዝስኸረ ብናይ የሕዋትካ ደም ትሾቅጥ ጨምላቅ ረሳሕ:: ድሕሪ ዓወት ? አየናይ ዓወ,abuse,abuse,abuse,abuse,abuse
1516248384373497856,ህግደፍ ንርዋንዳ ዓገብ በሉልና ይብል via @USER,normal,normal,normal,normal,normal
1620478248584122374,@USER @USER ለማኒ ቆንዳፍ ዓጋመ። ጻሕጻሒ፣ ኤሪትራዊያን ኣብ ዓዶም አዮም ዘለዉ።,hate,hate,hate,abuse,hate
1570853397724819459,እቶም ከም ልጋም ፈረስ #ህግደፍ መንደፍ ዝተኣሰረሎም ኣብ ጸሊም መዝገብ ታሪኽ ክምዝገብ ኢዩ። እቶም ከም ደለይቲ ፍትሒን ካልኦት ውድባት ኤርትራን እንኮ ኣማራጺና ምስ ትግራወት ኣሕ,hate,hate,hate,normal,hate
1554007985592012800,@USER @USER @USER ሓሳዊ ሕጂሞ ክኣ ዝበልኩም ተበልኩም ዝኣምነኩም የለን ጊዒርኩም ኢኹም ትተርፉ,hate,abuse,abuse,abuse,abuse
1637010269313351684,ወዮ ውፍይ ዝበላ ኩራ ህግደፍ ጀሚራ?ብመገዲ ቡዞም ባህላዊ ?ብሽውናታት ቁሪምሪም ጀሚራ?ህግደፍ ዕደ,hate,hate,hate,abuse,hate
1489675141898453000,@USER @USER ህግደፍን ስድነትን ማይን ጸባን !,hate,hate,hate,hate,hate
1579553177078476801,@USER ኣንታ ዓሻ ናይ ወያነኻ ጥራይ ግበር፡ ብዛዕባ ህዝቢ ኤርትራ ንዓኻ ዝምልከት ኣይኮነን።,hate,abuse,abuse,abuse,abuse
1485358542215331853,@USER ናዓ እስከ ውጻእ ኣንታ ለማኒ,abuse,abuse,abuse,abuse,abuse
1591914949051568128,@USER @USER @USER መቸም ሎሚ ህግደፍ ከፍርስ እንተ ዘይ ኮይኑ ክሃንጽ ይኽእል እዩ ኢሉ ዝኣምን ሰብ እንተ ሃልዩ ናይ ብሓቂ የዋህ እዩ። ክነ,hate,hate,hate,hate,hate
1513080460993339392,ኣቦ ፍትሒ:ኣቦ ሓቂ ኩቡር ሓው ኣምኑኤል ኢያሱ : ግዲ የብልካን ፍሽሽታውያን ወረርቲ ህግደፍን ደርግን ናይ ግድን ክሰዓሩ እዮም! እቲ ትብህጎ ሰላም ህዝቢ ኤርትራን ትግራይን ድማ ከ,hate,hate,hate,normal,hate
1489785957427597312,ክሳብ ለይተ-ሎሚ ንህዝቢ ጽልኢ ዝሕላገቱ ድኹም ፖለቲካዊ ባህሊ ብምስራጽ ምስ ጎረባብቱን፡ ደቂ ሃገሩን ተላፊኑ ብሰላም ከይነብር እጃምኩም ተበርክቱን፡ ኣብ ዘይተደለየ ኲናት ናይ ዝጠፍ,hate,hate,normal,normal,hate
1482440306066923528,@USER @USER ማዓንኮር ሓፃብቲ ትማሊ ናይ ኢታሊ ሎሚ ናይ ኢትዮጵያውያን,hate,hate,hate,hate,hate
1489160632800788484,Solo Media ፣ ዶ/ር ዓወት ንትግራይ ባሕሪ ረድኤት ክሓልፍ ኣለዎ | ደደብ ሜድያ ባሕርን ወርቅን ክንሰርቕ ኢ . via @USER,hate,hate,abuse,abuse,hate
1494591292495392773,እንኻዕ: ናብ: ዕለት: የካቲት:11 ምጅማር: ሕዝባዊ: ወያነ: ሓርነት:ትግራይ: አብፀሓኩም: : ፉትሃዊ: ቓልሲ:ትግራይ: ነዊህ: ጊዜ: ዘቁጸረ: እዪ:: ናይ: ሳልሳይ: ወያነ: ቓልሲ,normal,normal,normal,normal,normal
1539721091953950739,ህግደፍ ንትግራይ ወሪሩ ህዝቢ ከጭፍጭፍ ገና ድልየቱ አይወደአን ኢሳያስ ጋህነብ ክአቱ ተቀሪቡ አሎ ዕልልል በሊ ኤርትራ ሰይጣን ይፍኖሎ,hate,hate,hate,hate,hate
1482789241004466177,@USER ህዝቢ ትግራይ ዘይኢዱ ረኺቡ ???? እቲ ዝገርመኒ ግን ናይቶም ስቓዩ ከናውሑ ኣብ ጎድኒ ልፍንቲ ህግደፍን ደርግን ኣለና ዝብሉ ሕልና ኣልቦ እዩ ::,hate,hate,normal,abuse,hate
1501104422520332290,ጅግና ንክብሃል ንሓወይ ካብ ዘሳቅን ዝቀትልን ጅግንነት ይትረፈኒ። መእሰይ ኤርትራ ኣብ ጎኒ ዓማጺ ኮይኑ ንህግደፍ ይድግፍ መንእሰይ ትግራይ ጅግና ዲማ እምቢ ንመግዛእቲ ይብል ፈጣ,hate,hate,normal,normal,hate
1507881664210419716,@USER ኣማን ብኣማን! ህግደፍ መተኣኻኸቢ ሓተላ ሕብረተሰብና እዩ!,hate,hate,hate,hate,hate
1610465198686765057,ኣቱም ሰባት ሬሳ ንምቕባር ዝተሃላለኽ ስርዓት ህግደፍ : ማይ ክቕርብ ዘይክእልስርዓት: ሕጊ ዘይፈልጥ ምምሕዳርስ እንታይ ርእዮም እዮም ክወዳደሱን ክጻረፉን ዝውዕሉ?,hate,hate,hate,hate,hate
1482729420544790529,@USER @USER @USER @USER @USER ህግደፍ ዝኾነ ወዲ።??,hate,hate,hate,abuse,hate
1505484509898285056,@USER @USER ኣንታ ብሩኽ ዘርኢ፣ ንሱ ደኣ ኣይ ባዕሉ ጥዑም እንድዩ ግዲ ዝበሎ፡ ብኤለክትሪክ ትኸይድ ባሊላ ከም ዘላ ዘይመሰለቶ። ወይስ እንዳ ፈለጠዩ ጌጋ ጽሒፉ በሃላይ ኢኻ?,normal,normal,normal,normal,normal
1566899530230030339,@USER እዚ መሃይም ሐምየን ወዲትኹል ከዳዕ ዕላማኡ ዝሰሐተ ሎሚ መን ምዃኑ ተፈሊጡ።,abuse,abuse,abuse,abuse,abuse
1617703069554442240,@USER @USER እዞም ደገፍቲ ህግደፍ እምበር ዶ ናይ ሰብ ኣለዎም፣ 2 ዓመት ሙሉእ ንህዝቢ ትግራይ ቀቲልካ ዓሚጽካ ንብረቶም ዘሪፍካስ፣ንሽፍታ ከመስግኑ ም,hate,hate,hate,abuse,hate
1635770283482308609,ፍርዲ ዕስለ (Mob justice) ኣብ ድምፂ ወያነ - ንምንታይ?,normal,normal,normal,normal,normal
1625265282179600392,ጃንዳ ወያነ ሕጂ እውን ዓሪፋ ኣይትቕመጥን ኢያ ኢሉ፣ ከመይ ገይራ ትዓርፍ? ከም ትዓርፍ ዶ ገይርካያ ኢኻ፣ ?? ሓደ ቕርሺ ተቐቢሉ ልተጸፍዔ ኣብ ፕረቶርያ ደሞ ቆምሽጢ ልፈትሑ ኣ,hate,hate,hate,hate,hate
1503769972086128647,ጠባናት ኣራዊት ወመራሕቲ ???? ንሃገሮም ናይ ምድሪ ሲኦል ስለዝገበሩዋ ንትግራይ ብምዕናው ዓዶም ዝልውጠሎም መሲልዎም እዩ።ንግዚኡ ክጎድአና ይኸውን ንሓዋሩ ግን ዝበለፀ ኣሐሪኑና ገዲፍና,hate,hate,hate,hate,hate
1632824661707718657,@USER ከብድካ ጥራይ ምላእ ህዝብና ብስደትን ሕማምን ትውዳእ መሐከሚ ሲኢኑ በዓል ንስካ ትስዕስዑ። ሃገርና ኤርትራ ንባዓል ንዓካ መዐንደሪ ን ናይዝጊ ክፍሉ ትከልእ መቅበሪ,abuse,abuse,abuse,abuse,abuse
1505452437494276098,@USER ህግደፍ ኣይትጸውዕ ፡ ፎብያ ኣለኒ ኣታ ሓወይ,hate,hate,hate,normal,hate
1500965482408546305,@USER ኣንፈትና ንምስሓት ዝግበር ኩሉ ብንቅሓት እናላለና ናብ ስፍርኡ ጉሓፍ ምድርባይ ኣይንሕመቅ! ረሳሕ ናብ ጉሓፍ ምድርባይ ንቡር ስለ ዝኾነ!!!,hate,hate,normal,normal,hate
1609819303297122305,ነቲ ሓሳዊ ናይ ሽዋ ነቲ መስራቲ ደብተራ ዱንኳን ኣቦሓጎ ዳኔልክብረት መንገሲ ድበፀር ዘርያቆብ ሃንዳሲ ፅንተትና ተኽለሃይማኖት ዘይኮነስ ነቲ ቆየፃዊ ደብራዳሞኣዊ ምስጉን ትሑት ክርስት,hate,hate,hate,abuse,hate
1615843182192869378,@USER ዝርኢ ህግደፍ ?ዘርኢ ክርዳድ?ዘርኢ ሓሶት,hate,hate,hate,hate,hate
1485872178893574147,ግራትና ዝሓርስዎ ብንዋትና እቶትና ዝወስድዎ ብዘይ ፍቓድና ብሓይሊ ይገፍዎም ንደቕና ስርዓት ህግደፍ ጸረ ህዝብናን ሃገርናንዮም። ጸረ ሰላም ጸረ ተክኖሎጂ ጸረ ኢኮኖምያዊ ዕብየት ዮም።,hate,hate,hate,hate,hate
1492944663665430528,@USER ኣብ ገዝኦም ክሳብ ዝመጾም ኣይርደኦምንዩ፥ ፍቅሪ ህግደፍ ዘለዎም ተቃወምቲ ከም በዓል ኣያ @USER ፥ ደለይቲ ፍትሒ ኢና ይብሉካ፥ ጎዕጻጽ ፍትሒ እናደለዩ።,hate,normal,abuse,abuse,abuse
1614877965107470340,ህግደፍ ኣብ ጽልዒ ኢዩ ዝዕንብብ። ከምኡ ስለዝኾነ ድማ፡ ዝኾነ ናይ ፍቕሪ ጎስጓስ ጸላዕላዕ ኢዩ ዘብሎም። ሎሚ ህዝቢ ነቒሑ ኢዩ። ህዝቢ ትግራይ እንኮ ኣብ ዓለም ፍንጫሕ መሰንገለና ኢ,hate,hate,hate,hate,hate
1609340153197395969,@USER ዓጋመ እንታይ እዩ ዝበለ ሸይጣን እንታይ ክገብረልካ ንኤርትራ ግን ዕጽፍኻ እየ ዝገብረላ ምስ በሎ? ሓንቲ ዓይነይ ኣንቁረኒ.ትግራዋይ ብተፈጥርኡ ሓሳድ እዩ ::,hate,hate,hate,hate,hate
1511433437676244992,@USER @USER @USER ብሽም ተክለሃይማኖት ክንፀድቕ ኢልና ዝረዳእናዮ እቱ ፅድቒ ይቕረየና ገንዘብና ሓሲቦም ምስ ወለዱ ይመልሱልና።????,normal,hate,normal,normal,normal
1616611585484521475,@USER @USER ሳጥናኤል ንባዕሉ ካብ ሚኪኤል ዝሐሽኩ ኣነ እየ እዩ ዝብል፡፡ ካብ ሰይጣናዊ ግብሪ ዘለዎ ኣራዊት ማ/ሰብ ድማ ተመሳሳሊ ዕላል ኢኻ ትሰምዕ! እታ,hate,hate,hate,hate,hate
1583026076145840128,@USER እዋይ ሓወይ ቀደም ነይሩ ዓቅምኻ ምፍላጥ ሕጂ ብመጻወድያ ከም ዝተታሕዘት ኣንጭዋ ምስኮንካ _ውጽኢት ሕሉፍ ከዳሚ ምዃን ትርፉ ከመዚዩ,abuse,abuse,abuse,abuse,abuse
1509261800503717888,@USER Kkkkkk ቁንጣሮ ኩዕንትን ማእለያ ዘይብሎም ኣዛብእን ጥራይ እዩ ዘለዋ ኣብዚ ሕጂ እዋን እታ ድኻ ክልል ትግራይ ( ዝፈረሰት ክልል )!!!,hate,hate,hate,hate,hate
1494747085463293956,ፈለማ እንኳዕ ንመበል 47 ዓመት በዓል 11 ለካቲት ኣብፀሓና። ብምቕፃል ነታ ንሰሙናት ዝኣክል ንፅበያ ዝነበርና ብጉዱሳት ተጋሩጉጅለ #Save Tigray #ትግራይና ነድሕን ዝተዳለወ,normal,normal,normal,normal,normal
1598527727765700608,ክልተ መልሓስ ክዛረቡ ይግደዱ ኣለዉ። ተገዲዶም ካብ ሞትን መግረፍትን ነብሶምን ቤተ-ሰቦምን ንምድሓን። እዚ ኹሉ ኣብ ኣክሱም እንትፍፀም ካሕዳን ከዳዕን ህወሓት ግን ኣብ ወርዒ ዝነበረ,hate,hate,hate,normal,hate
1562694692579422208,@USER ከዳሚት ዕስብቲ ቶማም ገና ኣምላኽ ክጎማጽጸኪ ኢዩ ደም ኤርትራውያን ኣይገድፈክን ኢዩ,abuse,abuse,abuse,abuse,abuse
1602593968071610368,ዋይ! ወዮ እቲ ነፋሒቶ ክኣቱ የብሉን እንዳበልናስ: ኣትዩስ ተሸሊሙ ከኣ? ፖለቲካ ንጽድቂ/ንሰብኣውነት ኣይኮነን ንብል ነዙይ እዩ:: ዓለም ሓሳዊት!,hate,hate,normal,abuse,hate
1615574742051717121,@USER @USER ሕጅ ድማ፥ ግፍዕታት ህግደፍ ኣብ ትግራይ ንገረና።,hate,hate,normal,normal,hate
1609836202617720832,@USER አብ 2023 ምስ ህግደፍ ?ዝዉገዱ ?ህግደፋዊ ቃላት,hate,hate,hate,hate,hate
1515604564883525633,@USER ወዲ ጣባ ከዳዕ፡ጃሱስ ብኸብዱ ዝግዛእ(ጨሪቐ በላዕ)፥መርገጺ ዘይብሉ ኢዩ።,abuse,abuse,abuse,abuse,abuse
1636024212488945670,ህግደፍዊት ኤርትራ ?አበይ ዓድካ እንተበልካ?መጽሓፍ ክጽሕፍ ኢየ?ብሓቂ,normal,hate,hate,hate,hate
1619282381051150338,@USER ኣየ ህግደፍ መብለይቲ ሃገር ! ሳእኒ ጸጋም !,hate,hate,hate,hate,hate
1551688798664269827,@USER መሬት ኣፋ ሃህ ኣቢላ ትውሓጥኩም እምበር ህግደፍስ ያኢ ክሳብ ሎሚ እዚኣ ከቢዳቶም ያ,hate,hate,hate,hate,hate
1561115466105589763,@USER @USER ክክክክክክክክክ ትኽክል ዓጋመ ቆማል እቲ ረሳሕ ተግባራቱ ኣብ ገጹ እዩ ዝርኤ።,hate,hate,hate,abuse,hate
1549994800459517952,@USER እንታይ ይበሃል እዚስ? ንቕሓትን ሕልናን ሓደ ሕብረተሰብ ብብዙሕዩ ዝልካዕ፡ ገለ ካብኡ - ዘይናትካ ዘይምድላይ፡ ዘይማኣድኻ ዘይምጥማት፡ ንዘስርሑ ክብሪ ምሃብ፡.ወዘተ። እዚ ኣበይ ተቐምጦ? ባእ!,hate,normal,normal,normal,normal
1592934436177608706,@USER @USER Correct . ህወሓት መርገም ኮይኑዋ ንዓድና ናይ በሓቂ ። ካብ ህግደፍ ብምንታይ ይፍለዩ እንተልካ ንህዝቦም ገዲፎም ንካልእ ህዝቢ,hate,hate,hate,normal,hate
1561097220035956737,ኣብ ፎስቲቻል ህግደፍ ጀርመንየ ዘለኹ።,hate,hate,normal,normal,hate
1513617000894971904,@USER እቲ ዘሕርቕ ከኣ ህግደፍ ኣመንዝራ፣ ሙዚቃ ኣምሓርኛ ሰሚዕኹም ኢሉ ክንደይ ሰብ ዘየሳራጠየ #Eritrea,hate,hate,hate,hate,hate
1596793255362203649,@USER አንታ ሌባ አብርእሲ ፀገሙ ንህዝቢ ትግራይ ዝመፀ ረዲኤት ሸይጥኩም ንብረት ህዝቢ ዘሪፍካ ሀዲምካ ይውአል ይህደር እምበይ ንስካይ ማህዙትካይ ናይ ኢድኩም ዝትረክቡሉ ግዜ ሩሑቅ አይኬንይ,hate,abuse,abuse,abuse,abuse
1504151760855785487,Nipsey Hussle: ከም መዘናይ ክርእየካ ብፍጹም ኣይክእልንየ! ንምንታዴኻ ኢለየሞ ሲድኻ ዝሰምዓልካ?! ??,normal,abuse,abuse,abuse,abuse
1486738629930242056,@USER ኣበይ ኣላ ጉጅለ ህግደፍ ነዚ ትግርኛ ክሕከኽ ንሳ ብግብሪ ትሰርሖ ዘላ ቀቢላታት ትርፍራፍ ጀብሃ ድማ ሕልሞም፡ሰሚሩሎም፡ሳላ ኢሳያስ ድርባይ ርእሶም የቕንዑ ኣሎ,hate,hate,hate,hate,hate
1594025154614476800,@USER @USER @USER ደፉን፥ ካብ ህግደፍ ሃዲምካ፥ ትሰዲድካዶ ደኣ ህግደፍ ምስ ደገፍካ።,hate,abuse,abuse,abuse,abuse
1596704381352742913,@USER @USER እዚ ከዳዕ ሙሁር ደንቆሮ ። ዝጸሓፈ እንተ ጸሓፈ ሰራዊትን ህዝብን ኤርትራ ብናይ ሓሰዉቲ ቃላት ታሪኹን መንነትን ዝብለል ኣይኮነንኩል,abuse,abuse,abuse,abuse,abuse
1569761146772811776,@USER ህዝቢ ኤርትራ ክምዚ ህግደፍ ዓይነት ጸላኢ ሃልይዎ አይፈልጥን,hate,hate,hate,hate,hate
1630322655923515393,@USER @USER @USER ህዝቢ ኤርትራ ?እታ ዝተሓተ አብ ግዜ መግዛእቲ ኢትዮጵያ ዘይስአነ ሕጂ ኣብ መግዛእቲ ?ህግደፍ,hate,hate,hate,normal,hate
1620321601765126145,@USER @USER ቆንዳፍ ዓጋመ አንታይ ዝስረቅ ኣለካ። ለማኒ። መኪና ረዲኤት ቁጸር።,hate,hate,abuse,abuse,hate
1563996861186334721,ATV: መግለጺ ደለይቲ ፍትሒ ደንማርክ ብዛዕባ ቲ ህግደፍ 2 መስከረም 2022 ኣብታ ሃገር ከካይዶ መዲቡዎ ዘሎ ፈ . via @USER,normal,normal,normal,normal,normal
1483503415451738120,@USER ሃላይ ከምዚ ሰብዚ ርእየ ኣይፈልጥን።,abuse,abuse,abuse,abuse,abuse
1590047227854356480,1/ዮሃና ንብሩራዊ ኢዮቤል ምዝርጋሕ ባጤራና ናቕፋ። ከምዛ ሎሚ፡ ቅድሚ 25 ዓመታት፡ 8/11-1997፡ 7 ኣዋርሕ ቅድሚ ሓሳድ ወያነ ዘበገሰልና ወራርን ኲናትን፡ ኣርማ ጽንዓት ዝኾነ,hate,hate,hate,normal,hate
1573752609550254080,@USER @USER @USER ንተመን ዳኣ እሞ መን ክፈርሖ፥አታ ድሁል ባርያ ኢሳያስ,hate,abuse,abuse,abuse,abuse
1499122964238905344,ንእልውነት #Eritrea ሓደገኛ መን እዩ ተባሂሉ 92 ዝተሳተፍዎ ምርጫ ብ 78 ጭፍራ ህግደፍ ምኻኑ ተረጋጊጹ :: ስለዚ ነዚ ሽፍታ ጉጅለ ንምእላይ ምስ ሓይልታት ምክልኻል ትግራይ,hate,hate,hate,hate,hate
1567607803237339136,ናይ ሎሚ ኣባላት ሰ/ሓ/ኦ ናይ ትማሊ ሰልፈኛታት ፍትሒ፣ ሰላምን ዴሞክራስን እዮም። ምስ ስርዓት ህግደፍ እናተዋግኡ ንኩሎም ዜጋታት ኦሮሚያ ሓለዋ። @USER @USER,hate,hate,normal,normal,hate
1490817438124060674,@USER @USER መን ከ ንመን ክሓቶ፣ ነቲ ካብ ኤርትራ ሓሊፉ ናብ ትግራይ ሰጊሩ ህዝቢ ትግራይ ዘብረሰን ዘብርስን ዘሎ ስርዓት ሸፋቱ ህግደፍ? ካባኹም ካብ,hate,hate,hate,abuse,hate
1619058544913022976,ከበድቲ ተተኳሲ መሰረክብናዮም መሬትና ካብ ወረርቲ ከይውፅኡ፣ ዝተማዛበል ህዝብና ናብ መረበቱ ከይተመልሰ ምብራቅ፣ ማእኽላይ፣ ደቡብ፣ ሰሜን ምዕራብ፣ ምዕራብ ትግራይ ኣብ ኢድ ፅላኢ እ,normal,hate,hate,normal,hate
1512696151774052354,@USER @USER ኣብ ባዓቲ ህግደፍ ዝነብር ሓቒን ሓሶትን ከለሊ ኣይክእልን እዩ ።,hate,hate,hate,normal,hate
1632126224347672577,@USER @USER ህግደፍ ተገጢምኪ?ፋኖ ?ግንቦት 7 ?ሒዛ ዝፈተነቶ ዕግርግር?ተገጢማ ?Old . Fashion,hate,normal,hate,normal,hate
1508892992341516297,ትግራይ ዓዲ ተጋዳላይ አይንስዓርን ባሃላይ መመሊሱ ስዓራይ ?? ኣነ አዉን ድድሕረካ,normal,normal,normal,normal,normal
1516586524984463361,@USER እዞም ባንዳታት ካብቶም ረሳሓት ሻዓብያ ፈሊና ኣይንሪኦምን,hate,hate,hate,abuse,hate
1564529987948089344,ዓሻ ጽቡቅ ኣሎ ዘመድ ዓሻ ከፊእዎ ኣሎ ዝብሃል ሲ ከምዚ ዩ፡ብዛዕባ ህዝቢ ትግራይ ዘይሓሰበስ ብስድራቤት እሞ ደቁ ሓቂፉ ብደቂ ድኻ ህዝቢ ትግራይ ምጽዋት ሲ ሃየንታ ኣለዎ።,abuse,normal,hate,abuse,abuse
1488573524230946821,ኣታ እዛ ጅንታ ወያነ ታሪክ ኣልቦ ታሪክና ታሪክ ህዝባዊ ግንባር እናሰረቀት ኣትኪካትና ያላ ኢደይ ኢድካ ንበል ኣብ tweeter #,hate,hate,hate,hate,hate
1510302353974611972,@USER ንድሕሪት እስከ ኣይትምለሶ፥ ግደፎ! ተኩሲ፥ ኩናት፥ ህውከት ናይ ህግደፍዩ፥ ኣብ ረድዮ ህግደፍ ጥራይዩ ድማ ከም ቁም ነገር ዝረኤ።,hate,hate,hate,hate,hate
1630322147443851264,@USER ክልተ ሰብ ኣምጺእካ ክተ ካትዕ እንተ ዘይ ክኢልካ ፣ ሰባት ብዘይ ግቡእ ወንጂልካ ጥራይ ኢኻ ትሓልፍ ዘለኻ። እዚ ክኣ ንረብሓ ህግደፍ ጥራይ እዩ,hate,abuse,abuse,abuse,abuse
1514886221889249280,@USER 4)ኣድጊ ባርያ ምኮና የኩርዓ ህግደፍውያን ናይ ጣልያን እና ኢሳያስ መዖንኮር ፀረግቲ ምኮኖም የኩርዖም 5)ኣድጊ በትሪ ብቻ እዩ ዝርድኣ ህግደፋውያን ከዓ ናይ ኢሳያስ በትሪ ብቻ እዩ ዝርድኦም,hate,hate,hate,hate,hate
1492685860927586304,ማእከል - ክፍሊ ማይን ረሳሕ ፈሳሲን ጠለባት ንምምላስ ጻዕርታት የካይድ #Eritrea,normal,normal,normal,normal,normal
1492320254751617028,@USER ንሶም ከ ብህግደፍ ዝወርዶም ዘሎ ጸባ ድዩ ወላ ፊኖ? ማለተይ ሓቂ እንተለካ ጌጋ ይገብሩ ኣለዉ ንስኻ ውን እዚ ኹሉ ዝወርዶም ዘሎ ብሰንኪ ስርዓት ኢሰያስ ኣብ ልዕሊ ተጋ,hate,normal,normal,normal,normal
1594946724157595648,@USER ኣይ ወይን ደቂ ድኻ እንዳ ወደኣኪ ትፍክሪ ህዝቢ ይበኪ ደሓን ዕምርኹም ደኣ ኣኺሉ ኣሎ እንበር,hate,hate,hate,abuse,hate
1540921595912404992,@USER @USER ኣቲ ተገባሪት ዓጣሪት ህግደፍ፡ ሃገራዊ ድሕነት ኣቃትላ ከልቢ ጌሩ ፈቀዶ ኢትዮጵያ ይሓንቆም ኣሎ?? ብዓል ንስክን ብጀካ ሰለፍካ ምክፋት ትፈልጥኦ ነገር የለን፡ ኣክላብት።,hate,hate,hate,hate,hate
1628869321953882112,ዘይሓስብ ዓሻ ኤርትራዊ ካብ ድያብሎስ ዓዲ ሃሎ ፍታሕ ዘምጽእ ቃለመሕተት ይጽበ። እሰያስ ካኣ ኤርትራዊ ዘስተንፍሶ ዘሎ ኦክሲጅን ኣብ ኢደይ ክኸውን ነይሩዎ እንዳበለ ይሕንሕን። ኣየ ባሃም ኤርትራዊ በል ተጸበ.,hate,hate,hate,hate,hate
1483923595592146949,@USER ዘሕፍር ናይ መጓዓዝያ ዘይሽፍን ፡ሓዘንኩም ኣይትረስዑ ኢዩ። ንስኻ ውን ክትጽሕፎ ኣይነበረካን ነዚ መሕፈር ተግባራት ህግደፍ ይኸፍሎም ድዩ ዘሎ የሳቕዮም,hate,hate,normal,normal,hate
1488635223713587202,Jstudio ልዕሊ 3500 ሰራዊት ሃሊቑ፣ቀጢን ትእዛዝ ህግደፍ ናብ ህዝቢ፣ትግራይ ባሕሪ ትወርር ኣላ.ኣምሓራ፣ via @USER,hate,hate,normal,abuse,hate
1489363690059087875,ኣብ ኣቀነባብራ መስርሕ ወድሰብ ንወያነ ዝተዓደለት ርእሲ ከይበሰለት እንከላ ኢያ ተሰኹዓትላ፡ ከም ተመኩሮና ኣይክትበስልን ኢያ ድማ,hate,hate,hate,hate,hate
1651302427247640595,@USER @USER ህዝቢ ምስ መንግስቲ ብሓድነት ንልምዓትን ዕብየትን ስለ ዝተበገሰ ከብድኹም ቀሪጽኩም።ወሓጥዎ ጥራይ ዕሱባት,hate,hate,hate,hate,hate
1607955442294218752,@USER @USER ሱቅ በል ልሓሲ ማዓኮር ጌታቸዉ ካድረ ማሌሊት። ብዛዕባ ከብድኹም እምበር ብዛዕባ ህዝቢ ዘይጨንቀኩም። ባንዳታት መገልገልቲ ኤርትራ ዝኾንኩም። Pr,hate,abuse,abuse,abuse,abuse
1505635087664173058,@USER @USER ፕሮፈሰር ሀሶት። መንእሰይ ትግራይ አብ ሀው እንዳነቆትካ ምስ ሌባታት ህወሓትያን ናብራኻ አጣጢህካ ናይ ሀሶት ፕሮፓጋንዳ ካብ ፕላኔት ሆቴል,hate,hate,abuse,abuse,hate
1496167283412336643,ATV:ህግደፍ ዓፋር ኤርትራ ናይ ኢትዮጵያ ኣምሲሉ ኣብ ኲናት ብምስላፍ ኣብ መንጎ ህዝቢ ዓፋርን ትግራይን ጽልእን . via @USER,hate,hate,normal,normal,hate
1615463405254758400,ህግደፍ እንተደኣ ትጸልኣካ ኮይና ብሐፈሽኡ ቅኑዕ ኢኻ ማለትዩ:: እስኪ እዛ ዝበልክዋ ኣስተንትንዋ:,hate,hate,hate,normal,hate
1615835878298984474,ባይቶ ጀርመን ነት ወሪድዎ ዘሎ ቕልውላው ቑጠባ ንምድሓን ምስ ሀገራት ኣፍሪቓ ብተሪር ክሰርሕ ምዃኑ ሓቢሩ እት ዝሓሰብዎ መደባት ግን ዘየስራሓካ ኢድኻ ዝቖርይ ትኻቦ እንዳሃብኻ ናይ ተ,normal,normal,normal,normal,normal
1536910844348571649,@USER @USER ትፃረፊ ትኾኒ እንበር ካሳ ካብ ዜሮ ተበጊሱ ብሎክ ኣይገብርን,abuse,normal,normal,normal,normal
1495089981294985220,@USER ብርክኹም ይጽናዕ መንገድኹም ይቅናዕ ብዓወትን ብጥዕናን ተመለሱና ጎባልል ደቂ ሓላል መሬት። ዓወት ንሓፋሽ!!!!,hate,normal,normal,normal,normal
1514113335817551875,@USER @USER ??ህግደፍ ጸረ ህዝቢ ኤርትራ ን ኤርትራውያን ጸረ ህዝባዊ ግንባር ሓርነት ኤርትራ (ሻዕቢያ)። እዛ ዓመት እዚ ኣምላኽ ኣቦይ ውድቀት ናይ ህግደፍ ትኹን።,hate,hate,hate,hate,hate
1479614904105635846,መራሒ ሽፍታ ጉጅለ ህግደፍ ዝኾነ ጽሉል ዓዲ ሃሎ ጽባሕ ዕለት 08/01/22 ናይ ምሸት ኣብ TV ??ሓሶት ክቑዝም ምኻኑ :ኣባል እታ ሽፍታ ጉጅለ የማነ ቻርሊ ሓቢሩ :: #Eritrea,hate,hate,hate,abuse,hate
1514122987204718593,ዕጡቓት ተስፋሕፋሕቲ ሓይልታት ትምክሕቲ ኣምሓራን መላፍንቶምን ኣብ ዞባ ምዕራብ ትግራይ ዝነብር ህዝብና ኣምሓራይ መንነት ክሕዝ የገድድዎ ኣለዉ _ተመዛበልቲ ዞባ ምዕራብ,hate,hate,hate,hate,hate
1580067270797033472,@USER ኣንታ ዓንዛር ኣድጊ ህግደፍ ህዝባዊ ግንባር ብክልተ ገጻት ዝመጸ ኣዕናዊ ውድብ ንህዝቢ ኤርትራ ብስም ንናጽነት ብምትላል ክልተ ከበድቲ ዋጋ እናክፈለ ናጽነት,hate,hate,abuse,abuse,hate
1561452263154933760,@USER @USER ኣንቲ ቆማል ውዒግን ደኣ ድስቲ አንታይ ምኻኑ ትፈልጥዎ ድኹም። ካብ ኩዕንቲ መን ሕለፉ ኢሉኩም። መንደላይ ታንክታትክን ሮከታትክን ኢዩ መንዚዑክን።,hate,abuse,abuse,abuse,abuse
1608025852339712000,@USER ንህግደፍ ጽቡቅ ጌርኩም ስለዘይትፈልጥዎም ኢኹም ኣብዚ ኹሉ ጸገም ኣቲኹም። ህግደፍ ግን ጽቡቅ ጌሮም፡ስለዝፈልጡኹም፡ ኣብዚ ኹሉ መከራ ከእትዉኹም ኣይተሸገሩን። እንተ ተረዲእኩምሲ?,hate,normal,hate,hate,hate
1543267543816839172,@USER ሓሳዊ ስለዝኾንካ!!!!!! ነብስኻን ደቕሓን ኣብ ወጻኢ ኣብ ስደት እንዳነበርካ፡ ወዲ ድኻ ክትሞተልካ ከተጣቕዕ ትዉዕል ኣምሰሉ!!!!!! እስከ ንደቕኻ ቕድም ሳዋ ስደዶም!!!! ሰብ ኣይትረብሽ!!!! ኣድጊ!,abuse,abuse,abuse,abuse,abuse
1580461283736195078,@USER @USER ኣታ ከዲስ ጁባ እቶክ ከዳዓት ሰራሕተኛታት ኮንስላት እባ ሕጂ ጥርሓ ትተርፍ። ሎቕማጽ ሓሳዊ,abuse,abuse,abuse,abuse,abuse
1543478998998605826,@USER ንህግደፍ አይትመልሶሎም ንከውሒ ዳርጋ ምዝራብ እዩ ሪፖርትና ብሎክ ምግባር ልመድ,hate,hate,hate,hate,hate
1590053658741600256,@USER ሰብ ፀዉዕ እንተበልኩዎስ ኣታክሌቲ ባንዳ፣ ከሓዲ ህዝቡ።,abuse,abuse,abuse,abuse,abuse
1607473380688818177,@USER ካባኻ ንላዕሊ ሌባ ዘራፊ የለንሞ ይኾኖ,abuse,abuse,abuse,abuse,abuse
1657615858389368832,@USER @USER @USER ስርዓት ደርግ ምስ እዚ ኣብ ኤርትራ ዘሎ ጉጅሌ ጥፋኣት ህግደፍ ክነጻጸር ከሎ ማርያ ቴሬዛ እዮ #Eritrea,hate,hate,hate,hate,hate
1627436987748872193,ኣብ ቅናተ-መረብ ዝግነ ዓሻን ህልኸኛን ሕ/ሰብ መዓልቲ ይድፋእ፤ቁፅሩውን ይምንምን ይኸውንምበር ቶም ደናቑር መራሕቱ ኣላህ ምስፀወዖም፤ካብ እንግድዑ ምስተኣለዩ፤ብነፃ ምሕሳብ ምስጀ,hate,hate,hate,hate,hate
1551468691782598657,ዳኒ ወዲ መምህር ?? ?? ድሕሪ ሕጂ ኣብ ልዕሊ እዛ ብፖሎቲካ ጠፊሻ ብእርጋን ሞሽሚሻ ትሰሓግ ዘላ ሽፍታ ጉጅለ ህግደፍ ቅንጣብ ሓልዮት የለን:: ዝቐደመ ይብላዓያ :: #Eritrea,hate,hate,hate,hate,hate
1617820337068179457,ኤርትራዊ ብዓይኒ መራሒ ህግደፍን ጥሪቱን! #Eritrea @USER @USER @USER @USER @USER @USER,hate,hate,normal,normal,hate
1615302051235250178,ቡዝሕ ሰብ ዓሻ ክትሪኢ ትክእል ኢኻ እመኑኒ ክንዲ ኤርትራ ዓሻ ሰብ 20 ሌትሮ ዘይቲ ደፊኡ ጀረካን ዝወስድ ዓሻ ግን ኣጋጢሙኻ ኣይፈልጥን,hate,hate,hate,hate,hate
1654918631401111552,@USER #Eri ሄይ አቱም ዘይትሐፍሩ።ባዕሎም መጥፋእቲ ድኻ ህዝቦም ሑሱራት መንነት እምበር ። በጌጋ ፖሎቲክ ድኻ ህጻናት ህዝቡ አብ፡መጋሬያ ሓዊ ዝማግድ ፡ብደሞም ወ,hate,hate,hate,abuse,hate
1490962305395601410,@USER ።ንህና ተፀጊምና። ሀንሳብ ተጋሩ፡ሰረቅቲ ይኰኑ፤ሀንሳብ፡ድማ ከምዶክተራት ይገብሮም፡ ከምለመንቲ ይገብሮም።እንታይ ይህሸና ?,hate,hate,hate,hate,hate
1493683871874965508,እምበርከ ዓበይቲ አለዉ አብ ወያነ ትስዕር ትግራይ? ዶ እሱውን ሓሶትዩ?,hate,hate,hate,normal,hate
1514524320890073089,@USER @USER @USER ኣብ ኣእምሮ እዞም ሓሳዳት ኵናትን ወረ ኵናትን : ሞትን ዕንወትን : ህልቒትን ጽንተትን እምበር ሰላም ዝበሃል የለን ::,hate,hate,hate,abuse,hate
1529515138528813056,ኣናፍራ ቆቓሕ ዘይፈልጥሲ፥ ኣይሃዳናይን።’ ኣየ መራሕቲ ወያነ፥ ሕጂ ምስ ቆረርክን፥ ህዝቢ ኤርትራ ምባል ትርጕም የብሉን። መመኣድና ኣለና። @USER @USER,hate,hate,hate,hate,hate
1614125935120236544,እከይ ዘበለ ኣይክረኽበካን፣ ስቓይውን ኣብ ድንኳንካ ኣይክቐርብን እዩ። አብ ኵሉ መገድኻ ክሕልዉኻ፣ ንመላእኽቱ ክእዝዘልካ እዩ እሞ፣ መዝሙር ዳዊት ፺፪ ፡ ፲-፲፩ ሠናይ መዓ,normal,normal,normal,normal,normal
1567785637125783553,ህግደፍ ብኩሉ ግንባራት ኩናት ወሊዑ መንእስይ ኣብ ዘይምልከቶ ኩናት የቕዝፎ ኣሎ።ንስለ ኢትዪጵያ ኤርትራዊ ድም ዝኸፍለሉ ሃገር ኣብ ኩናት ትኣትወሉ ምኽንያት የለን።ህዝቢ ኣብ ውሽጥን ደገን ኣንጻር እዚ ኩናት ክለዓል ኣለዎ።,hate,hate,hate,hate,hate
1477804427532767235,ንዘይትፈትዎ ዘበለ ነገራት ዕዉር ኹን . ንዝጐድኣካ ዘበለ ጸማም ኹን . በቲ ዝጐድኣካ ዘበለ ዅሉ ድማ ጠምት ብህይወት ክትነብር::,normal,normal,normal,normal,normal
1514897151054295040,@USER ኣብዚ ናይ ህግደፍ በዓቲ ፡ እንትርፎ ናይ ባዕሎም ጽላሎትን ፡ መቓልሕን ካልእ ዘይፈልጡ ፡ ነብሰምትሓት ዘሳቕዮም ፡ መስቖርቖርቲ ።,hate,hate,hate,hate,hate
1501325910674452485,@USER @USER @USER @USER @USER @USER ኤህ ድኣ ህግደፍሲ ሃገር ናብ ዘመነ Stone age ቀይሮማ ???,hate,hate,hate,hate,hate
1480690146756411392,@USER ብዛዕባ ዓቅምኺ ዝኾኑ ሰባት ተዛረቢ! ከምብዓል ጉጅለ ልሒትት ወያነ ኣዚለ ማለተይ እየ። He’s not your type!,hate,hate,abuse,abuse,hate
1622146547633848321,@USER እወ ጭርጭር እዩ። ህግደፍ ትሕቲ ዓራት ተሐቢእክን አለኽን,hate,hate,hate,hate,hate
1539184005920202753,@USER ንሰደት ኤርትራውያን ህግደፍ ተዓዊቱ,hate,hate,hate,normal,hate
1497617186147471367,@USER ታዲኻ ድኣ ረሳሕ ቀዳም እንድዩ ሎሚ ሰብ ኩል ግዜ ክታኮስ ግድን ኣይኮነን ለኽባጥ። እስኻ ከማን ነዊሕ ስታር ባክስ እንዳሰተይኻ እንዲኻ አብ ሚድያ ትዕንድር,abuse,abuse,abuse,abuse,abuse
1514895068552957953,@USER ህግደፋውያን ኣድግታት እዮም ኣይበልኩን ረአይዋ ናይሰብ ኣድጊ ትግረ እና ትግራዋይ ምፍላይ ዘይክእል ደሞ ኤርትራዊ እየ ይብል ሱቅ ኢልካ ከምዝለመደኩም ኢሳያስ ዘንጠባጥቦ ሓርኢ ፅረግ,hate,abuse,abuse,abuse,abuse
1552898726682890240,@USER ኤርትራውያን እንተኾይኖም ናብ ዓድዋ ዘኽይድ እንታይ ኔርዎም? ከምዛ ሕጂ ህግደፍ ናብ ዓድዋ ከይዱ ዘሎ ኢዩ እቲ መልሲ ።ዋጋ ኻኣ ይኸፍሉ! ንርስቲ ይዋጋኣላ ኣንስቲ።,hate,hate,hate,normal,hate
1562900491029254153,ሕጂ ግርም: ?? መንግስቲ ነርወይ ነዞም ኣብዚ ፈስቲቫል ህግደፍ ዝሳተፉ ስደተኛታት ክሰጎም ምዃኑ ሓቢሩ ኣሎ። እዚ ከኣ ካብ ደንጎላ ዝኸፍእ:: Tesfom Times,hate,normal,normal,normal,normal
1614187674713169920,@USER ባዕሎም ዓዲሞም ዝምፅእዎም ሰለልቲ ሲ ኸዚ ን ወናት ምውንጃል?ብስሩ መን ድዩ ን ንኤርትራውያን ካልአይቲ ዓድኹም እያ ትግራይ ንዑ ምፁ ዝበሎም ????,hate,normal,normal,normal,normal
1500516534858489860,@USER @USER ህግደፍ program ዝገበሮ ርእሲ ተፈንጢሑ ከይተሰርሐ ምንም ሓድሽ ነገር ኣየምጽእን። ንኸምኡዩ ኣቦኦም ኣዲኦም የሕዋቶም ዝተኣስሩ ኣብ ክንዲ,hate,hate,hate,hate,hate
1567968418946580483,@USER ምርጫ ጽቡቅ ኣይኮነን ኣይንገብርን እናበሉ ሲ ኣብ ምርጫ ተዓዊቱ ኢሎም ከኣ ይንእድዎ ! ናይ ህግደፍ ኮ ኩሉ ስግንጢር ኢዩ። ዓጂብ ወላሂ !!!,hate,hate,hate,hate,hate
1497617369207824390,ወረርቲ ሓይልታት ኣብ ልዕሊ 120 ሽሕ ደቂ ኣንስትዮ ትግራይ ፆታዊ መጥቃዕቲ ፈፂሞም። via @USER,hate,hate,normal,normal,hate
1598049675231514624,@USER @USER አነ እወ ፅርይቲ ዓጋመ እየ፤ ንሱባርያ ወዲአድኻ እዩ.ፀሚምካ አሸጊርካ እምበር አነዘይኾንኩ አለም መስኪራትልኩም እያ አባጊዕ፣ ህሙማት፣,hate,hate,abuse,abuse,hate
1615992249170685952,@USER ኤርትራዊ ፎቖዶ ኸይዱ ይፍገም ህግደፍ ካሕሳ ደም ተቐቢሎም ዊስኪ ይጨርሙሉ፡ ሓሻኽሮም ድማ ብሞት ኣሕዋትኹም ትጫድሩ። አዶ ምውት ግን ተዓፂፋ ትነብዕ።,hate,hate,hate,normal,hate
1623062513041670144,@USER ወዲ ሸርሙጣ እንተበልኩኻ ይውሕደካ ዶ ይኸውን?,abuse,abuse,abuse,abuse,abuse
1646965570644987935,እገዳ ህግደፍ ን 09 ን 03 እተን ባናና ናይ ማንክን ጸባ(for cat ?? and dog ?? ዓደስ መግቢ ኣባጊዕ ዘመላልሳ ዝነበራ ትካላት ተኣጊደንስ ሃገር ሚሉእ ርግጥ።,hate,hate,normal,normal,hate
1572705962359914496,@USER @USER ዘይትፈልጥ ክነስኻ ፈላጥየ ከምትብል እዩ ዝገብረካ ህግደፍ።ወዮ ድኣ ብዘይካ እዝንኻ እቲ ካልእ ህዋሳትካ ንህግደፍ ኣረኪብካዮ ኢኻ እምበር፡,hate,hate,abuse,abuse,hate
1516419860221382670,እናዳ ህግደፍ ካብ መራሕታ ክሳብ ደገፍታ ኩላ ሰራቒ ????#Eritrea,hate,hate,hate,hate,hate
1579931471640682496,@USER @USER @USER @USER @USER @USER ዋይዋይ ዓርከዋ ኣብዚ ገጊኹም ዓርክቹኮ ፀረ እኽሊ እያ??,abuse,abuse,abuse,abuse,abuse
1625258675731595266,@USER ኤልሳ ዕደ Nike ኣፋ፡ኣፍኪ ጠዋይ ልብኺ ጠዋይ፡ሕጂ ኽኣ ዝገደደ ዕድልኪ ሓውሊሉ ኣዴኺ ወይን ተጎዲኣትኪ እንታይ ክትገብሪ።ይርድኣኺ ኤልሳ ለማኒት፡ቶኺብና ወዲእና ኢና።,hate,abuse,abuse,abuse,abuse
1506213210663309319,ዕጫ ካልኦት ከተማታት #Eritrea ኣጋጢምዋ ብሸፍቱ ህግደፍ ከም ትዓኑ ዝተገብረት ከተማ #ሰንዓፈ :: ነባሪ ዓድታት ንኡስ ዞባ #ሰንዓፈ ብሰንኪ ምሕደራ ጭፍራ ህግደፍ ብዙሕ ህዝቢ,hate,hate,hate,hate,hate
1504015092807081993,ከምታ ፀላእትና ዘውፅኡዋ ሰይጣናዊት ፕላን ንኽንፀንት በቲ ኣብ ትግራይ ዘሎ ዓንቃፅ ፖለቲካ (Dogmatic politics) ተወሲኽዎ ንውዳእ ኣለና:: ንዝኸፈአ ጦርነት እንተኽኢሎም ብ,hate,hate,hate,normal,hate
1488222905783787521,ሓሳዊ እንዳሓደረ ይፎኩስ! ክ/ሰ 41 ዝበሃል የለን @USER ሓይልታት በርብዓታት ኣይጽውዓን እየን ናይ ሜካ 74 እዩ 5 ክ/ሰ ጥራይ እየን ዘለዋ እንዳ 4?፥ 4?፥ 4?፥ 4,hate,hate,abuse,abuse,hate
1490089350733910019,@USER አታ ብዕራይ ዓጋመ፣ እቲ ዝጠዓምካዮ ጸበልዩ፣ እቲ ውራይ ገና ክትርእዮ ኢኻ፣ ሎቕማጽ ሐሳዊ።,hate,hate,hate,abuse,hate
1636611394513653762,@USER ናይ ባዕልኻ ግበር ኣብ ዘይ መልከተካ ሃለዉለዉ ኣይትበል እንዳ ህግደፍ,hate,normal,abuse,abuse,abuse
1496540683313758211,እዚ ህዝባዊ ግንባር ዝበሃል ውድብ ንምንባር ፈራሕ ንምማት ክኣ ተባዕ ከምትኸውንዩ ዝገብረካ :: ወዲ ንጉስ መስደመም !?? ጓላ ስለ ዝሞተት ተኸይፍኪ ኢልናያ ተጋዳሊት,hate,hate,normal,normal,hate
1576431070647488513,መስዋእቲ አሽሓት ጀጋኑና ?መጨረሽታ ህግደፍ ነዚአ ትመስል?ኤርትራ ስሪሑ,hate,hate,hate,normal,hate
1650922268778979328,ቀሺ ማሪቆስ ደባት ብዛዕባ ዕርቅን ሓድነትን ቤ/ክ - ክፉት ህዝባዊ ዘተ,normal,normal,normal,normal,normal
1496801751378317313,@USER ኣቲ ተሰተሪ!!!!!!! ኣየናይ እዩ ሓሶ???? መን እዩ ሓሳዊ?,normal,abuse,abuse,abuse,abuse
1501302727992918024,@USER ትግራይ ናይ ደናቁር ወያነን ከምዚከማኺ ደቂ ሕርካም ዝጭድሩላ ሲኦል ስለዝኮነት ሕዝቢ ትግራይ ዳግማይ ክሓስብ እንተዘይኪኢሉ ከምዳይናሶር ነበረት ክትከውን እያ ንስኽን ከማኽን ድማ ብገበን ክትሕተቱ ኢኹም።,hate,hate,hate,abuse,hate
1578638842021965825,@USER ኬንያውያን ክርስትያንን ምሁራትን ኢዮም፡ ከማኹም ኣረሜንን ደናቍርን ኣይኮኑን፡ ዝገብርዎ ከኣ፡ ብኣእምሮኣዊ ብስለቶምን መንፈሳውነቶም ተጠቂሞም ይውስኑ። ምስ ህግደፍ ምጽዳፍካ ዘይተርፍ ኢዩ።,hate,hate,hate,abuse,hate
1510517925911928834,@USER ህግደፍን ደገፍታን እኮ ተጠሊዖም ሓደ እና ኣሕዋት እና እዮም ዝብሉ : ኣርሜናዊ ትግባራቶም እንተሪኢኻውን ሓደ ካብቲ ካልእ ኣይፍለን ::,hate,hate,hate,hate,hate
1604880090206289921,@USER በዓል ጸማም ሐደ ደርፎም ንስኻትኩም ከም ከልቢ ትነብሑ እቲ ግመል ካአ ጉዕዙኡ ይቅጽል።,abuse,abuse,abuse,abuse,abuse
1579331150929342465,@USER ኣቲ ንስኺ ኸ ኣበይ ዝጸናሕኪ ዕትሮ እኺ? መቸም ናይ ኢሰያስ ዓታሩ ኣይቲውደኣን??,hate,abuse,abuse,abuse,abuse
1616528865748205569,?? እሰያስ ልክዕ ከምኦ ኣብ ኩሉ ዓይነት ንሱ ዝዉልዖ ሓዊ፡ዘይሳተፉ ግን ከኣ፡ብድሕሪ ጽንተት ደቂ ድኻ ኤርትራዉያን፡ወጽዮም ዝግዕሩ፡ ንሱ ዝበሎ ስደግሙ፡ፊልም ዝሰርሑ፡ዎደስቲን፡ኮሓልት,hate,hate,hate,normal,hate
1503645830770745356,ወልቃይት ተጋሩ እዮም እቲ መሬት መሬት ትግራዋይ እዩ ። ሓዱሽ ማንነት ክትፈጥሩ ትደሊዩ ዘለኩም ውሕዳት ባንዳታት ሰባት ግን ካብ መሬት ትግራይ መሰስ በሉ መሬት ትግራይ ንተጋሩ ጥራይ እዩ ።,hate,hate,normal,abuse,hate
1573055359752994816,@USER @USER ዋዕሮታተይ ምስ ብፆትክን ብዓወት የራከበና ሐፍቶመይ ንህግደፍ እዉንዶ ማሪኩም ቀብጠርጠር ተብልዎ ትኮኑ አብ ደገ ዘለና አሕዋትኩም ይሕመና አሎ???,hate,hate,normal,normal,hate
1512697093739229189,@USER @USER ጭንቕን መከራን ናይ ትሩፉ Mao china copy ዝገብር ህግደፍ ጸዋዒ ሕሱም ግዜ ።,hate,hate,hate,hate,hate
1583725541706072064,@USER ሰክቲ ጭርምቲ ጎምጻጽ፡ ኣምላኽ ሓቁ እንድዩ ሓንቲ ሉኽስስቲ ውላድ ክህበኪ፡ ተንኮለኛ ረሳሕ ፍጥረት፡ ዓጋመ,hate,hate,hate,abuse,hate
1502206075499646979,@USER ኣነስ ክቡር ኣምባሳደር ሰመረ ርእሶም ብዓወት ናይ ስራሕ ግዚኡ ወዲኡ ብምስንባቱ ደስ ኢሉኒ፡ ብሕጂ ኣብ ኢትዮጲያ ኣየድልን እዩ ብሃላይ እየ፡ ነዚኦም ብናዕዶ እ,normal,normal,normal,normal,normal
1588268833508188161,ERISAT: ዛዕባታትና | ህግደፍ እቲ ኤርትራዊ ቋንቋ ዝዛረብ ካልኣይ ደርጊ via @USER,hate,hate,hate,hate,hate
1613444712739864576,@USER @USER ኤርትራውነት ኣብ ዘመነ ህግደፍ መሕብኢ ኤርትራውያን ናይ ዘይኮኑ ጣሻ እዩ ኮይኑ ዘሎ :: ካብ መራሕቶም ክሳብ ደገፍቶም ::,hate,hate,hate,normal,hate
1493512776098230273,@USER @USER እዚኣ እያ እታ ጭፍራ ህግደፍ ሰሪትዋ ዘሎ ህግደፍዊት ኤርትራዊት መንነት:: ጸርፊ : ሓሶት : ብድዐ : ቅጥፈት ወዘተ : : እቲ ጭዋ ባ,hate,hate,hate,hate,hate
1517002312631439361,@USER ድርባይ ዝኾነ ሰብ : ናብታ ዝነበራ ጸልማት ምምላሱ ኔሩ! ነዚ ጥሪት ህግደፍ ??,hate,abuse,abuse,abuse,abuse
1557590831715975168,@USER ከዳሚ እንተኾንካ ዉጺኢቱ ዉርደትን ሞት እዩ።,normal,abuse,abuse,abuse,abuse
1657779898587512832,@USER ሓሳዊ ሎኽላኽ?ብጀካ ማንቲለ እዝንን መነጽርን?ዝርኤ ዘይብልካ ሁሱስ,abuse,abuse,abuse,abuse,abuse
1499498614288261130,ከይሞቱ ዝሞቱ፣ ናይ ገዛእ ርእሶም ሓሳብ ዘይብሎም መመላኻዕቲ ህግደፍ!,hate,hate,hate,hate,hate
1539301022950207490,@USER @USER @USER አቱም ረሳሕ መሃረም እኳ ዘይትፍንፍኑ ቆማጣታት! ቢሒውቅ እኮ ቂጫ ይስንከት እዩ,hate,hate,hate,abuse,hate
1496322706924576772,@USER ኣብ ጉኒ ቆፎ ማይ ዘይሓለፎ ኣሎ ኣይትባናን ዶ ማይ በለ ወድኹመ ማይ በለ ወድኹም ናይ ቀደም ኣወዳት በትሪ ሒዞም ኣብ መርዓ ምሸት ክደርፉ ከለው ይመስል ክክ,normal,normal,normal,normal,normal
1506700490343546881,@USER ወለድና ክምስሉ ዓይኒ ነባዕ ከዳዕ ይብሉ,normal,normal,abuse,abuse,normal
1567258728574885891,@USER ህግደፍ ክስዕስዕ እበር ክማሃሩ ኣይኩኡሉን ኣይክእሉን እዩ ብእግሩኩም ዳኣ ትሓስቡ ከይትኮኑ,hate,hate,hate,hate,hate
1486061702458261508,@USER ኣብ ልዕሊ ህዝቢ ትግራይ ይኩን ኣብቲ ክባቢ ዝነብሩ ህዝቢ ዝወርድ ሽግር ብሰኪ ብልሽው መሪሒነት ወያነ ዝሳዓበ እዩ። ብጀካ እዚ ጉጅለ ወያነ ካልህ ዝሕተት የለን።,hate,hate,hate,hate,hate
1590258921490755584,እንቱም ሰባት፥ ዲጋን ሓጽብን ተሰሪሑ ዝብል ዓበይቲ ዜናታት ናይ ህግደፍ እምበር ተሪፉ። ኩሉ ተሪፉ፥ ሁሉ ወደ ጦር ግንባር ጥራይ ጌርዋ ዓዲ።,hate,hate,hate,normal,hate
1492244488093421575,??Solomon Yikunoamlak ነባራታዓዪም?? ሕማም ኮይኑ ናትና ነገር ናይሞትና ምዕራይ ጠላም ሀገር ከይርሳዕ ከይድግም ማሓልዎ ሞይትና ሞት,hate,hate,normal,normal,hate
1488080385535791111,@USER @USER ኣየ ወያነ ሎምስ ትብሎ ጠፊእዋ ሓይሊ ዘይብሉ ተቃላሲ፡ ስንቂ ዝይብሉ ኮላሲ፡,hate,hate,hate,hate,hate
1615218043323293696,@USER Kkk ሓይልታት ምክልኻል አሬትራ . ናይ ኢሳያስ ባርያ እዩ ዝብሃል . እምበር ምክልኻል ናይ አሬትራ እንተ ዝነብርስ ብመጀርያ ህዝቡ መድሓነ ካብዚ ኣራዊት ህግደፍ ??,hate,hate,hate,hate,hate
1590835068770996225,@USER ወይልኻ ደንቆር መጋበርያ ኢሰያስ ዓማጺ።,hate,abuse,abuse,abuse,abuse
1564696420703211521,@USER @USER ደቂ ማለሊት ቆልዑ ተህልቕዎም ኣለኹም ንመጻኢ ከቢድ ዕዳ ክህልወኩም ኢዪ።ኣያታትኩም ከምዚ ትርኢዎም ዘለኹም ደቆም ሓቒፎም ደቂ ድኻታት የወድ,hate,hate,hate,hate,hate
1515098317071523843,@USER @USER @USER @USER @USER @USER @USER @USER ምደረ ባርያ ደቃላ መንነት አልቦ ተረፍ መረፍ,hate,hate,abuse,abuse,hate
1511237384167473154,@USER @USER @USER አይ ህወሐት ሓሳዳት፡ ጽቡቕ ናይ ሻዕብያ ደኣ ከመይ ኣቢሉ ካብ ኣፍኩም ክወጽእ??ሰረቕቲ ታሪኽ??,hate,hate,hate,hate,hate
1486408406017716224,@USER ኣመል ምስ መግነዝ ከምዝብሃል ወያነ ሓሶትን ጸለመን ጀሚራላ እዝኒ እንተረኸብኩ ኢላ ነቲ ኣንጻር ኩሉ ዝርያን ኣሎቅን ዝሰግረ ህዝቢ ኤርትራ ንምድዋን ኩነታት,hate,hate,hate,abuse,hate
1508141808768929797,ሓቲቶምኒ’ ኣበይ ዓድኻ ኣበይከ መረበትካ ካበይከ መጺካ ኢሎም ሓቲቶምኒ? ኣፍራቃዊት ሃገር፥ ኤርትራ ዋና ከተመኣ፥ ኣስመራ ኣበባ ሃይለ singing about ቢንያም ግርማይ,normal,normal,normal,normal,normal
1494150206211989504,ንኹልኹም ኣብ ኣውሮፓ ዘለኹም ተጋሩ እዚ ብሃይማኖት ተሸፊኑ ኣብ ህዝቢ ትግራይ ኩናት #TigrayGenocide መሪቑን ወታደራት ኣብዪ ዝበረኸን ጳጳስ እየ በሃላይ ተኾላ ናብ ጣል,hate,abuse,abuse,abuse,abuse
1493498961944055808,ሓንጎል በሃልቲምበር #ትግራይ ዓደይስ ድኻ ኣይኮነትን። ድኽነት ካብ ኣብ ልዕሊ መሬት ትግራይ ኣብ ርእሲ ሰባት ድለዩዋ።,normal,normal,normal,normal,normal
1486072883243716608,@USER @USER ጸማም ሓደ ደርፉ፤ ንሳላሳዓመት ኩሉ ዝወጠኖ ከምዘይ ትዓወተ ነጊሩካ። ሕጂ ኽኣ ወያነወያነ ኢሉ ንጎረባብቲ ኣብኩናት ሸሚምወን ግን ፈሺሉ። ዘዝበለካ ካብትደግም ሕሱብ ከም ሰብ።,hate,hate,abuse,abuse,hate
1590919240080850944,@USER ደደብ ናይ ኢሰያስ ባርያ,hate,abuse,abuse,abuse,abuse
1609059950516477953,@USER ህግዴፍ ገዲም ናብ ጉድጋድኹም ክትአትዬ እኹም አቱም ነዉራማት ኹፍአት ዘርኢ ነቓዕ ርእሲ።,hate,hate,hate,hate,hate
1608755109894451200,ህግደፍ ተኾሚቲራ! ንሰይጣን ፀበል፡ ንህግደፍ ሰላም ኡይ እዮም ዘብሉዎም።,hate,hate,hate,hate,hate
1555624893223522304,@USER @USER በለስ አብ ኤርትራ አብ ክረምቲ?ከም ተወሳኪ ሓውሲ ፉሩት?ምናልባት አብ ዘመነ ህግደፍ እንዲዕ?እንተበዚሑ ወይ አብ ጥራይ ኩብድካ ከአ እታ ንፈልጣ,hate,hate,normal,normal,hate
1660183380766384132,@USER ናይ ህዝቢ ድምጺ ማለት ናይ ብርሃን ዝመርሓ መንገዲ እዩ እዚ ግን ቁንጮ ዉልቀ መሊኺ ህግደፍ እቲ ቀንዲ ኣብ ሂወት ህግደፍ ቁጩጩዉ ዘብሎም ነገር እዩ,hate,hate,hate,abuse,hate
1578670716303515648,@USER @USER ስቅ በሊ መሳሰይት ዓዲ ሃገር ዘይ ክብርቲ ከዳዕ,abuse,abuse,abuse,abuse,abuse
1517080077925769218,ኣብ ታሪኽ መዝገብ ይቀመጥ ????አናዳ ህግደፍ ካብ መራሕታ ክሳብ ደገፍታ ኩላ ሰራቒ መሬት ባዕላ ክትዉሕጠኩም አያ ትግራዋይ ዝረኸቦ ዘሎ መከራ ህዝበይ ማዓረይ መውፅኢ ይፍጠረልካ ዓኽኽኽ,hate,hate,hate,hate,hate
1480338083849687041,ዘለካ ዓቕምን ዘለካ ዕድልን ተጠቒምካ ነቲ ስስዔን ጭኑቕ የእምሮን ጭፍራ ወያነን ኣተባባዕትን ናይ ደግ ሓይልታት ኣጀንዳታት መደባት ዝፈጠሮ 1ይን 2ይን ሓደገኛ ዕንደራ ንሙኽላፍን ከም,hate,hate,hate,hate,hate
1511242218782306306,@USER @USER ሓደ ካብቶም ንደለይቲ ፍትሒ ንኽዝልፉ ብህግደፍ ዝተዓሰቡ ምኻንካ ፉሉጥ ! ሰሪሕካ ብላዕ ! ነውራም,hate,abuse,abuse,abuse,abuse
1514894535662489600,@USER ኣላ ህግደፍ ፡ መቸም ነታ ናትኩም ተሕፍር ኩልንተናዊት ውድቐት ክትሓብኡ ወያነ ክትብሉ ኢኹም ትነብሩ ። ወያነ ከምዚ ገበረትና ክትብሉ፡ ወያነ ሓይልኩም እዩ ከ,hate,hate,normal,normal,hate
1636395606393405441,@USER ጸማም ሕደ ድርፉ ጸማም ሐደ ደርፉ ስዕረቱ ዘይርዳእ ዘህተፍትፍ ዝልዚ ወግሐ ጸብሐ ኣብ ጸልማት ከሎ ዝመስሎ ዝወግሐ ስዕረትካ ምቕባል ምምሃር ካብ ጌጋኻ ነብስኻ,abuse,abuse,abuse,abuse,abuse
1559037787667456000,@USER ጁንታ አስከ ደሃይ አኖኻ ግበር ድሁል ሳምና ኣይትፈልጥ ጽሩይ ማይ ኣይትፈልጥ ሓግዛ ኢሱ ክትብል መረት ዓሪቡካ ሽንቲ።,hate,hate,abuse,abuse,hate
1591312860113928192,@USER @USER ጋሃነብ እሳት እንተኣተኻውን ሕሶት መናብርትካ ዩ ሳሕሳሕ ዓጋመ፣ ብልማኖ ትመሓደር እንታይ ዝስረቅ ኣለካ።,hate,hate,abuse,abuse,hate
1483535136482340866,@USER ጸሓይና መሊአ ምስ በረቀት፡ ነዞም ደገፍቲ ጃንዳ ህግደፍ አብዛ ZOO ናይ ቤትገርግሽ እያ ትግብኦም።,hate,hate,hate,hate,hate
1480753814626095108,ኣሜሪካ ኣብ ቀርኒ ኣፍሪካ ሓደ ሞኒተር ትደሊ እያ፡ ምስ ሓሳባ ዘይገራጮ፤ ዋና ዕላማኣ ንሱ እዩ፡ እዙይ ናብ ረብሓና እንተዘይ ቀይርናዮ፡ እቲ ተመን ይምረፅ እሞ ፀገምና እናገደደ ይኸ,normal,normal,normal,normal,normal
1564719737657036801,@USER @USER ስቅ በል በጃኻ። ባንዳነትካ ሒዝካ ተሰተር።መን ከብድኻ ምስ ረገጸካዩ። ሸያጢ ህዝቡ።,abuse,abuse,abuse,abuse,abuse
1560364254204555264,መንግስቲ ኢትዮጵያ ነቲ ተፃቦኦታት ደው ምባል ጢሒስዎ እዩ፣ ህግደፍ ንትግራይ ካልኣይ ሓደጋ ከምዘይኾን ክንገብሮ ኢና! #Tigrai #Eritrea,hate,hate,hate,normal,hate
1505039753737125894,@USER ኣረጊት ወዲ ህግደፍ ከምኣ ኢልኩም ብክፋእ ኣሪኩም !!??,hate,hate,abuse,abuse,hate
1484617130117005313,ክልተ ሓቅታት ገድልና። 1 ኤርትራ ሓራ ምውጻእ 2 ኤርትራ ነጻ ምውጻእ። ሃገርና ዘላቶ ኩነታት 1 ኩናትን ወረ ኩናትን 2 ማእሰርትን ግዱድ ዕስክርናን 3 ድክነትን ጥምየትን 4 ህግደፍን ህግደፍውነትን 5 ፍርሕን ሽርሕን።,hate,hate,normal,normal,hate
1637026456072011783,@USER ኣንቢብካ ኣይትኽእልን ድኻ ወይ ዓይነስዉር ክትከውን ኣሎካ።,abuse,abuse,abuse,abuse,abuse
1490809552018759684,@USER ንህዝቢ ትግራይ ጅሆ ሒዙ ኣደዳ ኩናትን ጥምየትን ዝገበረ ወያነ እምበር ብሰንኪ ወደባት ኤርትራ ኣይኮነን። መለስ ሓላፊኻ ገመል የስትይሉ ኢሉ ባሕርና ዝተሓስምዎ ባዕሎ,hate,hate,hate,normal,hate
1502567625678798848,@USER ዓቕሊሞ ግበር ህግደፍ ን ደቒኣንስትዮና ኣብ መዓስከር ባርነት ሳዋ እንታይ ይገብር ከምዝነበረ ክትሰምዕ ኢኻ ድሕሪ ሞት ህግደፍ ።,hate,hate,hate,hate,hate
1490081406525100042,@USER @USER ካብ ሰራቒ ህግደፍ ተጠንቀቑ,hate,hate,hate,abuse,hate
1578103198119825423,@USER ህዋሓት . ስለምንታይ ኢዩ ንህግደፍ ዘይሃርሞ,hate,hate,hate,hate,hate
1486786491363860482,ኤርትራውያን ብሰንኪ መግዛእቲ ስርዓት ህግደፍ ዝወርዶም ዜሎ ኣደራዕ,hate,hate,normal,abuse,hate
1561769587951210498,@USER ህግደፍ ዝለአኩዋ ዶላር ?ክእክብ ስዒድ ሽሬ? ፍቆዶ ፌስ ቡክ ዓደክዶክ?ዕዳን ዕንዲዳን ?ወይ ሎሚ ዘመን ?ህግደፍ,hate,hate,abuse,abuse,hate
1538230086956089346,ኪሮስ ሓውና፣ ፖሎቲካ #ህግደፋውያን ከም ዝኣጎጰለ እንቋቅሖ ምኻኑ ብግቡእ ተረዲእኻዮ ኣሎኻ።,normal,hate,normal,normal,normal
1566539787267366912,@USER @USER @USER @USER @USER ረሳሕ ዝብኢ። ኣበየዴዘካ ዝቕየር ብዓወት መሰስ ምስበልና ክርባልዑ ክንርኢ ኢና ደቓሉ ደቂ ቀቢላ።,hate,abuse,abuse,abuse,abuse
1628666168117538816,@USER ሰራቂ ሞባእ ሲ ባዕሉ ይለፋለፍ ድዩ ዝብሃል። ጌና ካልእ ክትብሉ ኢኩም።,normal,abuse,abuse,abuse,abuse
1597639721869406208,@USER @USER አስመራ ሽኮር?አብ ትሕቲ ዘርኢ ?ክርዳድ ህግደፍ,hate,hate,hate,hate,hate
1611667449560064000,ጥቕዓት ህዝቢ ትግራይ ብዝምልከት ለጊስላቲቨ (Legislative) ወያነ ባንዳን ኤክሱኩቲቨ (Executive) ሻዕቢ-Dogን ምሕታት ጥራሕ እዩ ዘድሊ፣ ስለሚፈሩንና ስለሚያፍሩብን,hate,hate,hate,hate,hate
1618343660839632896,ጉዕዞ ሂወት ናይ ቆሚጣ ?? ተጋዳላይ ሻዕብያ ወዶ ገባ ናብ ደርጊ ስደት ደላዪ ፍትሒ ህግደፍ ትግራይ ትስዕር??? @USER @USER,hate,hate,normal,abuse,hate
1502403378378387466,@USER ብዕራይ!?? ካብ ከማኻ ሃሱስ 03 ናይ ህግደፍ ኮይነ ሓስየ ዝበልዕ : ሲሚንቶ ወልዊለ ክብለዕ ብ 10000 ግዜ ይበልጽ ! ውጻእ ሕጂ ጓሓፍ !,hate,hate,abuse,abuse,hate
1482612537338310660,@USER ህዝቢ ደም እንድኣንባዕኻባ ግርም ብጻዕዳ ሓሶት ጌርካ ምትላል፡ ግን ንመን ? ኩሉ በዓል ሕልና ገጢምኩም ኢዩ ፡ ሓሰውቲ መዓልትኩም ኣኺላ ሰዓታ ።,hate,hate,abuse,abuse,hate
1514487951740309504,ህዝቢ ትግራይ ብግፍዓውያንን ወረርቲ ሓይልታት መጠነ ሰፊሕ ማሕበራውን ቁጠባውን ሃሰያ እንተበፅሖ እኳ መግለፂኡ ንዝኾኑ ባህሊ ምትሕግጋዝን ምትሕብባርን ኣጠናኺሩ ክቕፅለሎም ከምዝግባእ,normal,normal,normal,normal,normal
1605470257329700866,@USER እዚ ረሳሕ፥ ንነብሱ በኪዑ ንህብናን ባህልናን ኣርሲሕዎ።,abuse,abuse,abuse,abuse,abuse
1526975069414731778,ሎሚ 18 ግንቦት ኮሌጅ ስነ-ፍልጠት ናይ ኢንስቲትዩት ቴክኖሎጂ ኤርትራ (Eritrea Institute of Technology)ንንጥፈታት ተማሃርኡን ተመራመርቲ መምሃራንን (Resear,normal,normal,normal,normal,normal
1605621924272300032,@USER @USER እቲ ሓቂ?ግን አብ ህግደፍ ?ሉኡክ ኢስያስ ኢዩ ሓለፋ ?ዝረክብ,hate,hate,hate,normal,hate
1603215472798814209,@USER ህግደፍናይ ህልኽ ስርዓት እዩ:: ዝረብሕ ውጺኢት የብሉን: ክሳራ ስርዓት,hate,hate,hate,hate,hate
1509790635594764307,@USER ኣግባብ እዩ ምኽንያቱ ናይ ዓፋር ህዝቢ መንግስቲ የብሉን ናይ ትግራይ ህዝቢ ግን መንግስቲ ኣለዎ እሞ ብሓደ ኣይሕሰቡን እዮም ተኪኢልኹም መንገድኹም ዕጸዉ ተዘይኺ,hate,normal,normal,normal,normal
1501985461438320643,The Economist ንውልቀ መላኺ ኢሳያስ #ዓሻኽ ዲክታተር ክብል ገሊፅዎ ኣሎ።,hate,hate,normal,abuse,hate
1542550883174682624,@USER Dani ፡ welcome my brother . ቀንዲ ሽግርና ህግደፍ እምበር ካልእ ባዕዳዊ ሓይሊ ኣይኮነን። ወያነ ጸላእትና ኢዮም ፡ ንፈልጦም ኢና። ቀዳማይ ተሓታቲ,hate,hate,hate,normal,hate
1600793180697686016,እንታይ ይበሃል? ድሕሪ እዚ ኹሉ ጥፍኣትውን ክንዲ ምስ ህዝቢ ምውጋንስ ኣእጋር ሓደ ረሳሕ ፀረ-ህዝቢ ትግራይ ዝኾነ ጉጅለ እንዳሓፀቡ ክነብሩ?,hate,hate,hate,abuse,hate
1617430657516593152,@USER @USER ትግራይ ኣግዒዞማ ?? ይብለካ ሎ ደብሽ ከምዞም ዓዲ እዚኦም ዓይኒ ሓሰኻ ዘይብሉ ሓሳዊ መእወይ ህዝቢ የለን በዓል በላዕቲ መንጸፎም ??,hate,hate,hate,abuse,hate
1621030883036729344,@USER @USER ከምዛ ሰብ እዚአ ዝበለ ከዳዕ ከዓ የለን።,abuse,abuse,abuse,abuse,abuse
1591558979020541952,@USER @USER ኣምባሳደር ናይ ጋኒን ዓዲሃሎ 666 ርኽስቲ ዛርቲሃገር ዘርከሰት ዛር,hate,hate,abuse,abuse,hate
1491685328968724483,ርሑስ ቅንያት ብዓል ፈንቅል ይግበረልና ደቒ ኤረይ ዓይኒ ሓሳድ ይድፈነልና ኣሜን።,hate,normal,normal,normal,normal
1511271427307188227,ያ ሰላም ኩርዕ ህዝቢ ሃገረይ ክብረተይ ዝብል #Eritrea ውዳቤ መንእሰያት ህግደፍ ደቡብ ሱዳን፡ ክተት ከም መድረኻዊ ግድነት ብዝብል ቴማ፡ 3ይ ጉባኤኡ ብ3 ሚያዚያ 2022 ኣብ,hate,normal,normal,normal,normal
1602051872658956295,@USER @USER ሳሕሳሕ እንታዴኻ ዓቅሚ ኣለካ ክትቅይሮ!? ተቀይሩኸ እታ ድኻ ክልል ትግራይ ክትነብር እያ ኢልካ ትሓስብዶ !?? ክሳብ ሕጂ ንህዝቢ ኤርትራ,hate,hate,abuse,abuse,hate
1489722525659635712,@USER @USER ልዑላዊ መሬት ኢትዮጵያ በሊ፥ ትግራይ ኣብ ትሕቲ ኢትዮጵያ ስጋብ ዝሃለወት። ስራዊት ኢትዮጵያ ኣብትሕቲ መሪሕነት ወያነ ከሎ ካብ ልዕላዊ መሬት ኤርትራ,hate,hate,normal,normal,hate
1599997905578098688,@USER ንስካ እውን ብሓሶትን ፕሮፖጋንዳን ስርቅን ትድለን ሕሳብካ ድማ ክትወስድን ሙካንካ ኣይትዘንግዕ ባርያ ህግደፍ።,hate,abuse,abuse,abuse,abuse
1614325136458399744,@USER ዓማጺ ንኸብዱ ክብል እዩ ሓመድ ዝብላዕ እዞም ዓመጽቲ አራዊት ኤርትራ ካአ ክዕምጹ ክብሉ ሓመድ ተቐይሮም,hate,hate,hate,hate,hate
1509978242744160256,ህግደፍ ብሐሶት ኣታሊሎም : ኣሽኒፍናየን ይብሉ ብ2018 ናይ ሐሶት ሰላም ይእውጁ ኣቢይ ኣሕመድ ስሱዕ ዓሰብ ደልዩ ይታለል ዓለም ናይ ሰላም ሽመት ብምሃብ ትታለል ው,hate,hate,hate,normal,hate
1625608785296252934,@USER @USER ሓሳዊ ሰብ ፡ ኩሉ ከምኡ ሓሳዊ ይመስሎ።,normal,abuse,abuse,abuse,abuse
1492181158355947528,እዚ መድሓኒት ብምእታዉ ኽንደይ ደም ዓይኖም ዝመልእ ክፉኣት ኣለዉዮም።ብዝኾነ ተመስገን እዩ ዝበሃል።ገና ድማ ብዙሕ ነገር ይቐርየናዩ ቃልስና ነሕይል ፀላእትና ብዓድን በረኻን ኽንቀብሮ,hate,hate,normal,abuse,hate
1548362466765053952,@USER ትኽክል ኣነውን ትማሊ ከምኣ ትብል ርእየስ እናገረመኒ ነይሩ ኣነ ብወገነይ ንባንዳን ንከዳዕን ኣብዛ ቁርፂ እዋን ምስ ህዝቡ ከይውግን ስግኡ ኣብሊፁ ምስ ስድርኡ,normal,abuse,abuse,abuse,abuse
1656231262569340928,@USER @USER ዘረባ ስድርኡ ዘይሰምዕ፡ዘረባ ኣሕዋቱ ዘይሰምዕ፡ግደፍ ጽቡው የለን መንገዲ እንዳተባህለ፡ጸማም እዝኒ ሂቡ ምሳኻ ከይተማኸረ፡ኣብ ኢድ ሰምሳሪ ዝኣቱ ወለዶ፡,hate,normal,abuse,normal,normal
1619420970556743680,@USER ክትከይድ ተለኻ ዘዐንቀፈካ ደንጎላ ክትምለስ ተለኻ ተላሂሙካ እቲ ደንጎላ ንስኻ ባዕልኻ ኢኻ። ንዓሻኹም በልዎ #ጠንቆልቲ #ሰያጥን #ኣምሰልቲ,hate,hate,abuse,hate,hate
1486912010428325891,@USER ሕጂ በረኸት ኤርትራውያን ኣብ ኣንጎላ ክቆረጽ እዩ ህግደፍ ናይ መርገም እዩ ሰለዚ ብፍላጥ ይኹን ብደይ ፍላጥ ዝሓበሮም ጥርጥር የለን ከንቆልቁል ጥራሕ እዩ :,hate,hate,hate,abuse,hate
1486913105015840776,@USER ሕጂ በል ኣስተውዕል ኤርትራዊ ኣብ ኣንጎላ ገንዘብ ንምውሳድን ስለያን እያ እዚያ ናይ ህግደፍ ኢምባሲ እሞ ግድን እዩ ምጥንቃቕ ::በረኸትካ ውን ናይዝዮም መንፍስ ከይሕድገልካ ጽሎት ዳ ግበር ::,hate,hate,hate,normal,hate
1594588342636650496,@USER ሌባ ወዲ ባንዳ ተጋሩ እኮ ኢና መዓዝ ከምጎተትካ ኮይንና ትግራዋይ ዕጥቁ አይፈትሕን አታ ድርባይ ፉንፉን ተዘይ ሓሲኻ ምንባር አይትኽእልን ምስ አብይ ሓ,hate,abuse,abuse,abuse,abuse
1495470981883863056,ዋይ ስኢልካ ሃላኽ ኮዩ፣ 93 ድሕሪ ኩናት ባድመ ንትግራይ ቀዳምነት ዝህቡ መራሕትና ኣወጊዱ ነዛ ጠላም ዓዲ ክልውጥ ናብራ ገባር ትግራይ ዝረስዕ ሰብ ናይ ኢዱ እዩ ረኺቡ ጉደፍና ሕጂ,hate,hate,hate,normal,hate
1512899627732938848,ሕጂ ግርም፣ ህዝቢ ኤርትራን ትግራይን ሓቢሮም ጸላእቶም ክስዕሩ ምበር ተሳዒሮም ኣይፈልጡን። #ህግደፍ ናይ ሰለማዊ ህዝቢ ኤርትራ ደም መጢጡ ወዲኡ ሕጂ ድማ ኣብዘይ ምልከቶ ኺናት ትግራ,hate,hate,hate,hate,hate
1510822467857788935,@USER ኩራዕ ተሓበን ወዲ ኤረይ ፣ትመውት፡ትስደድ፡ዘለኻ ምእንቲ ኤርትራ እዩ ፣ ህግደፍ፡ዝኣስረካ ዝቐትለካ ዘሎ፡ንስለ ኤርትራ ዮ።,hate,hate,hate,normal,hate
1513060259488837637,@USER እዚ ርጉም ኣረሜን ህግደፍ(ሕጊ-ግደፍ) እባ ክጠፍእ ኣለዎ፡ ህዝቢ ትግራይ ክድሕን ሰላም ክረርክብ ተኾይኑ።,hate,hate,hate,hate,hate
1596609569274286080,@USER ካብህግደፍ ዝረኸብዋ እውቀት እዝኣ እያ violence ታ መርዓ እስካትውዳእውን ትዕግስቲ ስኢኑ ገፆም ይርሓቕ,hate,hate,hate,hate,hate
1496589172152352771,@USER @USER ኣትዮ ዉዒግን ኣብ ናይ ዓለም ኣሸቨርቲ መዝገብ ዝተመገበ ወያነ አኮ ኢዩ። ዝበስበሰ ስርናይ ካናዳ ክተኽበልኩን ደቅኹም ዝወስደልክይም። ትምህር,hate,hate,hate,abuse,hate
1554753553830379520,መንገዲ ኣየር ኢትዮጵያ ዶላር ሒዝኩም ምጹ እናበለ ካብ ጸሊም ዕዳጋ ክገዙኡ ይገብር ኣሎ ክብሉና ቀንዮም እንዳ ህግደፍ። እቲ ንሶም ነዛ ናይ ኮሮና መርመራ ዘኽፍልዋ 100 ዶላር ግን,hate,hate,normal,normal,hate
1495494005907406859,@USER @USER @USER ዘልኣለም ደስታ:ባረንቱ ዝዓበየ ትግራዋይ:ቅድሚ ምፍራም ሰላም ኢትዮ-ኤርትራ ናብ ትግራይ ከይዱ:ምስ ኣሸባሪ ወያነ ተጸም,hate,hate,hate,hate,hate
1548932469767929856,@USER ዓጋመ ብዛዕባ ዓድኻ ግበር ተረፍ ድሮን።,hate,hate,hate,hate,hate
1561214261493436416,@USER @USER ኦይ ሃላይ እተን ንብረተን ንባኒ ዝሸጣ ዘለዋ ኣዲታትካን ኣሕዋትካን ግዳ ዘይትሓስብ ዓያሹ,abuse,abuse,abuse,abuse,abuse
1612475511170633729,@USER ኣታ ተረዋኢ ደንቆሮ ከምኡ ድዩ ድልየትካ ረሳሕ,abuse,abuse,abuse,abuse,abuse
1592606280643858432,@USER ንርእስኺ ይግበረልኪ ኣቲ ሓሳዊት!,abuse,abuse,abuse,abuse,abuse
1566701920554721280,እታ ኣብ ኤርትራውን እንተኾነ ህግደፍ ስሩዕ ውዳበ የብሉን ትብል ኣምር ንዃደረታት እታ ዓሌታዊት ውድብ ህግደፍ ከየቆጥዓ ኣይተረፈን። ኣይተ ኤርትራን ፕረስ ህግደፍ ዝኾነ ውዳበ ክም ዘ,hate,normal,hate,hate,hate
1489669541206581249,ህዝባዊ ሰሚናር ንዓበይትን መንእሰያትን (ብማንዛ) - Virtual Public Seminar 05-02-2022 15.00 (መስመር ካብ ስዓት 14.30 ክፉትዩ),normal,normal,normal,normal,normal
1566893054614818823,@USER @USER ህግደፍ ብሰላም ጥራሕ ን ዓድና ንቶ ሓንቲ ብሓንቲ ክንጻባጸብ ኢና ጸልማት መጻኢ ዲና ብሩህ መጻኢ ክነሬኤኩም ኢና።,hate,hate,hate,normal,hate
1494400668832264192,እንኳዕ ንመበል 47 ዓመት ምጅማር ብረታዊ ቃልሲ ህዝቢ ትግራይን ልደት ህዝባዊ ወያነ ሓርነት ትግራይን ኣብፀሐኩም ኣብፀሐና!,normal,normal,normal,normal,normal
1590478446316384257,@USER @USER ክትፈላሊ ደርጊ ህግደፍ ትብል አለኻ እሶም ናትና አይንህብን እዮም ዝብሉ ዘለዉ ነቶም ዘይናትኩም ትደልዩ። ምሳኹም ንስኹምን ተንኮልኩምን ዘራኽብ የብልናን።,hate,hate,normal,abuse,hate
1505249978847006727,@USER @USER ንሱ ናይ ኣቦታትካ እዩ ንዓይ ኣይትሃበኒ ባርያ ተሸያጢ ብገንዘብ ዝካረ ሰራዊት ሒዝኩም ስለ ስብእነት ክትዛረቡ ዘይትሓፍሩ ድሁላት ኪድ ምሩኻትካ ኣክብ ድርባይ,hate,hate,hate,hate,hate
1488030012787896322,ALERT ንቓለ-መሕትት ኣቦ-መንበር ሳልሳይ ወያነ ኣይተ ሃያሉ ጎዲፋይን ኣቦ-መንበር ውድብ ነፃነት ኣይተ ግርማይ በርሀን ስዒቡ ክልተ ኣባላት ኣብ ቀረባ መዓልቲታት ስራሕ ዝ,hate,normal,normal,normal,normal
1592055578813403136,ንህዝቢ ትግራይ ካባካ ንላዕሊ ፀላኢ የብላን ኳኺቶ ዓዲ,abuse,abuse,abuse,abuse,abuse
1491331312187179009,ተጋሩ የሕዋተይ ናብቶም ጎሓፋት ኣፍሪካ ሕብረት @USER ገፅ እማ ሕለፉ ሐን ምዃኖም ንገሩለይ። #ንመሓየሽ ዶ ኣለና ዝብል አሽካዕላል ጠቂዖም ኣለው። ??,hate,hate,hate,abuse,hate
1611766099476992000,@USER ምሽ ዶ ናይ መልሃስ ሃርበኛ ተጋዳላይ ሓሳዊ ሓሳድዋይ ????,abuse,abuse,abuse,abuse,abuse
1629550047137243139,@USER ዘይትነብረላ ዓዲ ?? ተባሪርካ ትነብር ካብ ዓድኻ ብጃህራን ፈኸራን ከአ ትነብር አይ ኤርትራዊ??,hate,hate,hate,hate,hate
1584817499090350081,ትኽክል ንዘይኮነ ተኣዚዘ ኢሉ ዝፍፅም ከይቃወም ከይመወት ዝፈርሕ ኮይኑግን ከይመውት ክብል ናብ ሞት ዝመፅእ ሰራዊት ኣራዊት ህግደፍ ዝገርም! ከምዚ ዝበለ ድንዙዝ ህንፀት ሃገራዊነት ህ,hate,hate,hate,normal,hate
1491136854464565254,@USER ሰላም ፕ/ኣወት እዛ ሰብአውነት ይሃልወና ትብላ ዘለኻ ቃል ንምንታይ ቀደም ንወያነ ካብ መረትና ውጹ ሰብአውነት ይሃልኹም ዘይበልካ፡ ክልተ ሰለስቲ ዝከውን ቃለ መሕተ,hate,normal,normal,normal,normal
1487872403770331139,@USER ኣመል ምስ መግነዝ ወያነ ፍጥር ክብሉ ስርቅን ሓሶትን ምትላልን እምነቶም ኮይኑ ን46 ዓመታት ዝተጉዓዙ ናይሸይጣውንቲ ምትእኽኻብ ታሪኽ ኣይኮነን ዓለምና ዝፈልጦ,hate,hate,hate,hate,hate
1590269235091374080,ህግደፍ ኣብ ቀረባ እዋን ክበኪ እዩ። ብወገንኩም ደገፍቲ ኣምሓሩ/ኢትዮጵያ ኣይክህልዉን ኢዮም እኩያት ደቂ ሰባት።,hate,hate,hate,hate,hate
1558730000446136320,ኣብ ጀርመን ዝካየድ ፈስታል ህግደፍ ብ ሕጊ ተታሒዙ ኣሎ ፥ ጥርናፈ ፈልሲ ኣብ ጀርመን ከመይ ይመስል ምስ ፈቨ . via @USER,normal,normal,hate,normal,normal
1491148194407133189,@USER ቡዙሕ እንተ ዘይቀጸልካ ጽቡቅ እዩ። ብዝጽሓፍካዮ መጠን ጽባ ካምዘድልየካ ጋህዲ ስለ ዝገብሮ ዘሎ። ዓሻስ ስቅ እንተበለስ ለባም ይመስልዩሞ ኣብዚ ትብሎ ዘሎካ ትተኣማን ኮይንካ ሱቅ ምባል።,normal,abuse,abuse,abuse,abuse
1622000327921631232,@USER ንህዝቦይ እዮም ዝማወቱ፥ እንዳ ህግደፍ ሰብ ክትበልዑ፥ ከተጥፍኡ፥ ከተዕንዉ፥ ክትኣስሩ ጥራይ እያ ዓቅምኹም። ንስኻስ ናይ ሰበይታኻ ድሃይ ዘይ ትሓትት ካብ ዘይመዘኑኻ ስም ተልዕል።,hate,hate,hate,abuse,hate
1559972582522343425,@USER ዘኪረያ ኣለኹ እዛ ቪድዮ::እዛ ሓሳዊት ኢትዮጵያውያን ወይ ደቂ ጁቡቲ ኤርትራውያን ኢሎም ዑቕባ ክሓቱ ይኽእሉ እዮም::እቶም ትብሎም ዘላ ደቂ ኣይቬሪኮስን ደቂ ና,hate,abuse,abuse,abuse,abuse
1577939026824380417,@USER ድሁል!! ኢሰያስ አብ ዉዕል ለንደን ን ናይ ደርጊ ሐሳብ ተሰማሚዑ ዕጥቁ ክፈትሕ ከምዝሐሰበ ግን ሳላ ወያነ ናጽነትኩም ከም ዝረኸብኩም ትፈልጥ ዶ?,normal,abuse,hate,abuse,abuse
1639734772019675137,@USER ኣሸባሪ ጉጅለ ህግደፍ ብመንገዲ እቶም ከም ጠለ በጊዕ ንኣብይ ኣሕመድ ዝሸጠሉ ባራይኡ ገይሩ ኣብ ትግራይ ጾታዊ ዓመጽን ዘርኢ ምጽናትን ስርቅን ዕንወትን ከም ዝፈጸ,hate,hate,hate,hate,hate
1608735007182557184,ድሕሪ ሰላም ምፍርራም፡ ኹሉ ሓቀኛ ትግራዋይ ክድቅሰለን ዘይብሉ ጉዳያት፥ 1) መረሕቲን ካድሬታትን #TPLF ሽርሒኛታት፥ ከሓድቲ፥ ሽም መጥፈእቲ፥ ቁሸተኛታት፥ መቓቐልቲ፥ መናቖርቲታ ል,hate,hate,hate,hate,hate
1553598621576298497,@USER አብታ ግንባር እምበር?እዚ ደአ ነዞም ዝሃደምኩም?ቁሩብ አጀኩም ኢዩ ?ህግደፍ ገዲፍኩምኒ ይብለካ አሎ?ብጋይላ ዝሕሎ ግንባር የለን ?ሓሞት አጆካ ነታ ዝደርበካ,hate,normal,abuse,abuse,abuse
1610952782353244162,ሓማሴን እቲ ናይ ዓለምና ሓሳድ ዓሌት እዩ። ህዝቢ ትግራይ ንናጽነት ኤርትራ ዋጋ ኸፊሉ ዝተጠልመ፣ ንናጽነት ኤርትራ ደጊፉ ብሓማሴን 3 ጊዜ ዝተወርረ ህዝቢ እዩ። ሓማሴን ኣብ ዓዱ ዩኒ,hate,hate,hate,hate,hate
1502749955236241415,ኣጆና! ሙውት ዘተስእ ቃል! ቃል ሓይሊ ኣለዎ ዝበሃል ሓቂ እዩ። ንስምዒት ሰርሲሩ ክሳብ ውሽጢ ዘሊቑ ከብድኻ ዝበልዕ ሓዘን እንትገጥመካ ኣጆና ዝብል ቃል ንኻሊእ ተራ እዩ። ንዓና ንተጋሩ ግን ዓብይ ትርጉም ኣለዋ።,normal,normal,normal,normal,normal
1615933434169524226,@USER እንዳ ህግደፍ ሰረቅቲ ጎፋውንድሚ ኢልኩም ክትሰርኩ ሸፋቱ,hate,hate,hate,hate,hate
1505947620799303690,@USER እዞም ከምዚ ዝብሉ፣ ህግደፍ ንዘልአለም ክነብረሎም ዝደልዩ እዬም,hate,normal,normal,abuse,normal
1639844401819303936,Teddy Press ኣቦይ ስብሓት ነጋ ድሕሪ ክልተ ዓመት ናይ ናጽነት ኣየር ኣስተንፊሶም / ዉናትን 3ይ ወያነን ኣካል መንግስቲ ትግራይ ክኾና ወሲነን,normal,normal,normal,normal,normal
1511606401939947520,ተስፋሕፋሕቲ ሓይልታት ትምክሕቲ ኣምሓራ ኣብ ዞባ ምዕራብ ትግራይ ዝፈፀምዎም ገበናት ንምኽዋልን መረዳእታ ንምጥፋእን ብዕቱብ ይሰርሑ ከምዘለዉ ተሓቢሩ።,hate,hate,hate,hate,hate
1511264691892461570,ህግደፋውያን ሃገራውያን መንደፋውያን ሐሳዳት በላዕቲ ሰብ እታብላይ ገመደን ተሸንቂቃ አብክሳደን ።አብትግራይ ዘለዉ ኤርትራውያን ስደተኛታት ንዓድና የሕልፉና ኢሎም አቃናቢሮም ፌክ,hate,hate,hate,hate,hate
1612359391683944448,ኣየናይ ሰላም እዩ ተቃሊስና ዘምፃእናዮ ? ሲሶ ምትራፍና ረሲዖሞ ድዩ ? ምዉራድና ረሲዖሞ ድዩ? 80 ህዝብናይ መራትናይ ኣበይ ድዩ ዘሎ? 100 ዓመት ንድ,hate,normal,normal,normal,normal
1621376871198752769,@USER ወይዚ ጎድፍ ሓሳዊ! ትማሊ ዶ ኣይኮነን ኤርትራ ጄኖሳይድ ፈጺማ ዶ፡ ኣብ ኣዲስ ዝነብሩ ኤርትራውያን ብምዕግርጋርን ብሃንግን ሰብ ኣናዊጾም ዶ እናበለ ንበዓል ኢ,hate,abuse,abuse,abuse,abuse
1637935769544425472,ኣብ ማእከል ዓድኻ ምስ ጥዑም ኣየርን ምስትምቃር ወግዕታትን : መን ይረኽቦ እዝጊ ዝሃቦ ተዘይ ኮይኑ . ዓይኒ ኣባይኩም ይደፈን ደቂ ኤረይ |????,normal,normal,normal,abuse,normal
1613603510918021121,@USER ንስካ ከ ነቲ ጎልደን ናይ ኣፍሪቃ ፈለው ትብል ዊዒግን ዋሒድ ድርባይ ለማኒ ንስካስ ካባና ይትሓልፍሲ ቆማላ ትግራዋይ ክክክክክክክክክክክ,hate,hate,abuse,abuse,hate
1576275996407463937,@USER እዚ ሰብ እዚ ግን ኤረትራዊ ድዩ እንታይ ዓይነት ረሳሕ ሰብ እዩ ሕወሃት ክብል ዝውዕል ምሉ መዓልቲ,abuse,abuse,abuse,abuse,abuse
1504556364961570823,@USER ወይ ዓጋመ ርእሲ ኩቦ፡ በረፍ በረፍ . 3 ሚእቲ ሽሕ መንእሰይ አጥፊካ ሕጂዶ ኮይኑ ዘፍ።,hate,hate,hate,hate,hate
1636768820667858956,በየነ፡በበይ፡የናይ፡ነኤኻ፡ክክክክክክ ዋይ ዓሻ ኣይብዚሓ መቃቢር ከይውሕድ ትቢል ዓባየይ።ስማዕ በየነ ሰብ ኢኻ ናይ ሰብ ተዛረብ ንሓደ መኒኢሰይ ብመንገዲ ሰላም ምርሕ፥ግን መጀመሪያ ንስ,abuse,abuse,abuse,abuse,abuse
1478128668107059207,ሰብ ዶ የብሎምን እዞም ትግራይ ከም ቢስማርክ ጀርመን ኣዋሃዳይ?,hate,normal,hate,hate,hate
1651322061191626753,@USER @USER @USER @USER @USER ጨናዊ ስብሒ ሰበይቲ ቅልጽምኪ ክትሕጸብ ይግባእ ምኽንያቱ ከም ማዮኔዝ ምስ ሳርዲን ይጨኑ,abuse,abuse,abuse,abuse,abuse
1484009117186465792,ዝውከሎኣምላኸይን እዩ፣ እብሎ ኣሎኹ ሕጂ እዉን ተመስን እንዳ ህግደፍ ፈራዕራዕ ኣይት ህግደፍን ንሕና ኣብ ጎኒ . via @USER,hate,hate,hate,normal,hate
1585550878513147905,@USER ወሽላኽ ሓሳዊ ንስኻ ደኣ ኣብ ኣስመራ ዓስቢ ሓሶትካ እንደበላዕካ እንታይ ከፊእካ፧ ይዋኣዮ ደኣ እቲ ወዲ ድኻ፡ወዲ ገጠር፡ወዲ ሓረስታይ: እቲ ከማን ከምዚ ናትካ ሓስ,abuse,abuse,abuse,abuse,abuse
1577946935968862210,@USER @USER ሕሱራት ህግደፍ እንትርፎ ኩናት ጽንተት ህዝቢ ምምናይ ካልእ ዕላማ ዘይብሎም::,hate,hate,hate,hate,hate
1486454344463568903,@USER እታ ናይ መወዳኣ ኢለያ እኸውን ኢየ። ድኻ ስለዝኾንኩ። ??,normal,normal,normal,abuse,normal
1506535035746365443,@USER @USER ዋይ አንቲ ጋሕሻር መዓልትኪ እስኪ ሓልዊ እዙ እዋን ምስሓለፈ አብ ምንታይ ኮንክትአትዊ ትኮኒ ለማኒትጏል ለማኒት!!!,abuse,abuse,abuse,abuse,abuse
1515437018171551756,ሓድነት ዘለዎ ህዝብን ንጹር ራእይ ዘለዎ መሪሕነት ሃገር ዘውሕስ መንእሰይ ይፈጥር።ዓወት ንዋዕላ መንእሰያት ህግደፍ።,normal,normal,normal,normal,normal
1634604770995638272,@USER እሰይ ይልመድኹም፣ ናይ ራእሲ ኣሉላን ካልኦት ዐለም ለኻዊ ኣፍልጦ ዘለዎም ጀጋኑና ብኽብሪ ንዘክሮም። ሀውልቲውን ንስረሓሎም።,normal,normal,normal,normal,normal
1487909977800982530,እንታዩ ሽግርና ንኤርትራውያን ። ብዝኾነ ከምዚ ዓይነት ፖሊሲ ናይ ምጥቓስ ካብ ወያነ ካብ ትቐድሑ ናትኩም ፖሊሲ ምስራሕ መሓሸ ።,hate,hate,hate,normal,hate
1564871954242347009,@USER 2/2ሰሪቅኩም wow!! ካብ መጀመሪያ ሰውራ ድኹም ተሓጉምኩም በዞም ለያቡ ጻዓ? ሕጂ ከኣ ኣብ ርእሲ ደቂ ሃገርኩም ንኽትድምስሱ መሪጽኩም antum ሩኹሳት ጋሃ,hate,hate,abuse,abuse,hate
1600196437790273536,@USER ኣስላማይ ረሳሕ ቀቢላ ዪ ቀደም ኣይነበረ ሎሚ የሎ ኣቦታትካ ጃብሃ ከመይ ጌርና ዲና ቀቢርናዮም ኣታ ጃሃድ ቀቢላ ኣስላማይ ከ ሃገራዊ ኣሎ ድዩ,hate,hate,hate,hate,hate
1589166262709809152,@USER Your Tigray need peace not war . ውግእ ተደሊኺ ድማ ሃየ ባዕልኺ እተውያ። ኣብ ገዛኺ ኮፍ ኢልኪ ወዲ ድኻ ኣይተወድኢ,normal,normal,normal,normal,normal
1553125284865445888,እወ ፌስቲቫልና ዓመት መጸት ዓመት ንከዳሚ ዕርበት ነቲ ሓሳድ ቅብጸት ንወገናውያን ፍልሰት ንኣኽረርቲ ቅርጸት ንሓያላን ስዕረት ንዓመጽቲ ስእነት ንሃገራውያን ድሕነት ናይ ስውእ ቅሳነት,hate,hate,normal,abuse,hate
1635344745995317248,@USER መንእሰያት ህግደፍ ?አብ ጋይላ?ሓጺር አድጊ ወትሩ ዒሉ,hate,normal,hate,hate,hate
1556352150929817602,ስርዓት ኢሳያስ ህግደፍ፣ ንምልእቲ #Eritrea ናብ ቤት ማእሰርተ ዝቐየረ ሓደ ካብ ኣብ ዓለምና ዝተራእዩ ኣዝዮም ጨካናት ስርዓታት ኢዩ።,hate,hate,hate,hate,hate
1563081320653529088,@USER @USER @USER ንብረት ህግደፍ ተረፍ ዓሳ ናዓኻስ ምስ ኩሊትካ ገዲፈሙካ ኣንታ ሃላይ ስደት ክብሩ ኣውኡ ንበር ባርያ ኮይንካ ቆማል።,hate,abuse,abuse,abuse,abuse
1560184442559336448,@USER ናብቲ ናትኩም ደረጃ ክወርድ ትጽበዩኒ እንተ ሃሊኹም ፤ ኣይትጸበዩ ምስ ደገፍቲ ህግደፍ ናይ 20 ዓመት ተመክሮ እዩ ዘለኒ። ኣብዚ ተመክሮ እንተርፎ ናብቲ ዘከኹዎ,hate,hate,normal,normal,hate
1608752817170415616,@USER @USER ኣቲ ጨናዊት ማዕኸን ሙግሊ ንእሽተይ ዒሉ መን ሃምሰብ ቐጺሩኪ እዩ ጦብሎቕ ትብሊ ኣቲ ጓል ሳሕሳሕ ሽፍታ ????,abuse,abuse,abuse,abuse,abuse
1516462109072281605,ሰኣይን መከራን ህዝብና ዝውደአሉ መዓልቲ ናፍቐ ፣ 24 ሰዓት ትሰምዖን ትሪኦን ስቃይ ኮይኑ ፣ ዓለም ንፁጉምን ድኻን ከምዝትኾን ብጋህዲ ሪእና ፣ ካብ ኩሉ ዝተረፈ ምስክን ህዝብና የደንፅወካ !!,normal,normal,normal,normal,normal
1483508488097644550,@USER @USER @USER ኣየ ጠይቂ ናይ ዓለም ወያነ ንዓካ ዝቀርቡካ ከይኮኑ? እምበር ኣነስ ወድቶም ሻዕቢየ ኣያታተይ ከኣ ንክንመሳከን ኣይኮኑን ተዋዲቆም ንመሰለና ኢዮም በጃ ኮይኖም!,hate,hate,normal,abuse,hate
1489357398401761282,@USER ጸማም ሐደ ደርፊ,normal,abuse,hate,abuse,abuse
1584460216967778306,@USER ኣታ ባሽር ድዮም ዝብሉካ ኣድኪምካና እኮ: ጸማም ሓደ ደርፉ,abuse,abuse,abuse,abuse,abuse
1635448649416159232,@USER ኪድ ሓሳዊ ሸውራር ከልቢ ኢሳያስ,abuse,abuse,abuse,abuse,abuse
1658161718319624223,ን ዑ ንዑ እንምባሕ በሉ ዘይ ወለድክን ጥራሕ ለማጽ ማህጸን ደቓሉ እምባሕ እባበሉ ንዓኹም እንድዩ ግዒራ ተተኺሉ ደም ረሃጽ ሓፍሽ ጨልጡ ስኸሩ ስጋ ወዲ ስውእ ብልዑ ተደረሩ ኣ,hate,hate,hate,hate,hate
1513050707343163392,@USER ክክክክክክክክክክክክክክ መንነቶም ዘፍለጡ ሕብረተሰብ ፡ ኣቦኻ ርገም ኣቦኻ መርቅ ድዩ ዝበሃል ፡ ኣብ ኤርትራ ዘርዓይ ወይ ለማናይ ዘበረ ትግራዋይ ዝወለዶም ክ,normal,hate,hate,hate,hate
1480697590106763270,ወራሪ ሓይሊ ኣራዊት ሻዕብያ ድማ እዚያ ንምትዕንቓፍ ብሰሜን ምዕራብ ትግራይ ኣብ ልዕሊ ወገናትናን መሬትናን መጥቃዕቲ ይፍፅም ኣሎ። በዓል ጃዋር ብምፍታሕ ኣብ መንጎ ተስፋሕፋሕቲ ሓይል,hate,hate,normal,normal,hate
1597279497312956416,@USER @USER Lmaoo ኤርትራዊ ለማኒ እባ ???? በዛ ላይ ጠላማት . ለነገሩ አይ ደቂ ደምቢያ እንዲኹም ጥራህ ኢድኩም ፈራዕራዕ ናይ አሌት ኮይንኩም።,hate,hate,hate,abuse,hate
1580633267996602369,መባእስትኻ ሓሳዊ እንተኾይኑ፡ ቀቅድሜኻ እንዳኸደ እዩ ዘጸልመካ። #EritreaPrevails,normal,abuse,normal,normal,normal
1561795142268248064,@USER @USER @USER ቀደም ሓደ ቁሩብ ናይ ኣእምሮ ጸገም ዝነበሮ መምህር ኔሩ ኣብ ኣስመራ ገዛከንሻ ፣ ጸጋይ ኣፍሮ ዝብልዎ ፣ ብዛዕባ ናይ ዓሻ ደረጃ,hate,normal,normal,abuse,normal
1649840969297141762,@USER እዚ ድኹም ዝኾነ አራአእያኻን አታሐሳስባኻን ክሳብ ሕጂ አየማሐየሽካዬን? ብጣዕሚ ተሕዝን ደጋፊ ጠላሚ ሕድሪ ስውአትን ስንኩላንን በላዒ በይኑ::,abuse,abuse,abuse,abuse,abuse
1647113218014474243,ዓሻስ ብልቡ፣ ኣምላኽ የለን፣ ይብል። መዝሙር ዳዊት 14፥1,normal,normal,normal,normal,normal
1538627221472137218,20 ሰነ ሕድርን ለዎባን ስዋእትና ከይ ዓብር ኣነሐድሰሉ እንተኮይኑ #ህግደፍ ወላድን ውልዱን ናይ ስውእ ብዓብዩ ካኣ ህዝብን ሃገርን ፍሕ ፍሕ ኣቢሎም ኣብ ዘሎወሉ፡ኣብ ዝኽሮም ክጽን,hate,hate,hate,hate,hate
1653487062861991950,@USER ጊደወን ዝበስበሰ ኮበርታ ሓምለ ሰነ ተሰተር እንዶ ግዳ። ኣብ ዓድኹም ዝቦኸረኩም ብዙሕ ዝዕየ ዕዮ ኣሎኩም ዕዮኹም ግበሩ ኢሉኩም ኣሎ ኣብይ። ኣንታ ገንኢ ከብዱ።,abuse,abuse,abuse,abuse,abuse
1498015211156119561,@USER ብዛዕባ ሳዕቤን ኲናት ይኹን ብዛዕባ እቲ ብሓይሊ ስልጣን ሒዙ ዘሎ ሽፍታ ህግደፍ ኣይተዛረብኩን :: እዞም 2 ሕጋውያን መራሕቲ ነቲ ካብ ደገ ዝመጾም ወራር,hate,hate,hate,normal,hate
1478893508983468034,ንክድ ጥራይ ማሕማ ዝበለ ብርሃንዩ ቅድሜና ሳላ ጹኑዕ መሪሕ ህግደፍ ከም ወርቂ ተኮሊዕና ማሕማሕ ኢልና:: ኣያይ መዓረይ ኣንጻር ኩሉ ተጸብኦታት ገጢምካ ዝተዓወትካ ኣብ መትከልካን ራ,hate,normal,normal,normal,normal
1648085879322292224,@USER @USER ንሶም ይሕጉዙና ንሕና ንሕጉዞም : ኣሕዋት ክተሓጋገዙ ሪኢኺ ኣይትፈልጥን ? ???? ሓሳድ!!!,abuse,abuse,abuse,abuse,abuse
1632799365927501824,@USER @USER ዓይኒ ሓሳድ ይድፈነልኩም መማህራን ዓለም,normal,normal,normal,abuse,normal
1578670856821440512,@USER ኣታ ድርባይ! ንኸብድኻ ክንድዚ! ኣምሓሩ ክበልዕኻ ምዃኖም ኣይትዘንግዕ።,hate,abuse,abuse,abuse,abuse
1481016334523809799,@USER @USER @USER @USER ጸገም ውሽጥኻ ንምኽዋል ናይ ደገ ጸገም ትዛረብ ትትንትን ።እዚ ሓሳዊ መታለሊ ኢሳያስ ሽጣራ እያ።እዚ ናይ ሓደ ድኹም መራሒ ምለለዪ እዩ።,hate,hate,abuse,abuse,hate
1620665709276667904,እዚ እንሪኦ ኣጋንእ ብናይ ሃገር ዓቕሚ ዝተሰርሐ ፣ብናይ ዓዲ ሃሎፕሮጀክት ኣብ መላእ ሃገር ኣብ ኣገዳሲ ናይ ሕርሻ ቦታታት ተተኺሉ ይርከብ። ነውሰከፍ ገንኢ 38 ሺሕ ፊስቶ ይሕዝ። እ,normal,normal,normal,normal,normal
1498921333769527302,ቅዋም ህግደፍ! ሓደ ልቢ ሓደ ኩሊት,hate,normal,normal,normal,normal
1642266422817484800,@USER ክክክ ኣየ ህግደፍ ን ህዝቢ ኤረትራ ማይ ዘየስተኹሞ ንህዝቢ ኢትዮጲያ ጻባ ከነስትዮ ኢና ትብሉ ኣለኹም። ሽፍታስ ሽፍታ ዳኣ,hate,hate,hate,hate,hate
1635748613983748096,@USER @USER @USER @USER @USER @USER @USER @USER ኣንታ ለማኒ ሓይሊ ከምዘለካ ኩናት ወሊዕኻ መታንትኻ ምስ,abuse,abuse,abuse,abuse,abuse
1611665796182278144,@USER በቲ ረሳሕ እግሮም ለዋዊሶም፣ አብ ትሕቲ እግሮም ረጊጾምካ አለው፣ ካብ ምልፍላፍ ፈንጺሕካ ንሽረን ህዝባን ነጻ አውጻዮ፣ ቶጓር ዓጋመ።,hate,hate,abuse,abuse,hate
1501646803145351172,@USER ትግርኛ ክንዛረብ ክንብል ኢንግሊሽ ከይነጥፍኦ እናፈራሕና እምበር ጽቡቕ ኣለኺ ??,normal,normal,normal,normal,normal
1598504739616034825,@USER ሰራዊት ትግራይ ሒዝዎ ካብ ዝፀንሐ ውግእ መስመራት ለቂቑ ምውፃእ ጀሚሩ ኣሎ። @USER @USER @USER አሁንስ ም,normal,normal,normal,normal,normal
1642978441896116225,@USER @USER ኣነ ክኣቱ ኣይክእልን እየ:: ንስኺ ድማ ሓቂ ክትዛረቢ ኣይትክእልን ኢኺ:: ማለተይ ለክባጥ ኢኺ ሓሳዊት:: ሓሶት ድማ ንግዚኡ እዩ ዘ,abuse,abuse,abuse,abuse,abuse
1497147250543312897,@USER ሓሰውቲ እንዳ ጃንዳ ብላሽ ክቡር ፕረሲደንተ ምሳኹም ክዛረብ ወርቂ ግዝይኡ ከጥፍእ ኣይሓስቦምን እኳ ድማ ኽኣስ ፈደረሽን ጌርና ብጽቡቕ ክንነብር ክክክክክክ ምሳኹምስ ማዕዶ ማዕዶ ድኣ ከዳዓት!!!,hate,hate,hate,hate,hate
1556471626551771136,@USER @USER ደጊም ማለሊት ወያነ ብሓሶትን ሸፈጥን እንዳገበረት ንገለ ሃሱሳት በቲ ካብ ኢትዮጵያ ዝሰረቀቶ ገንዘብ ገራ ከተታልል ጸኒሓ፡ ሕጂ ግን ስለ ዝተ,hate,hate,hate,hate,hate
1506502140122087425,#ከመይሓዲርኪዓደይ ትግራይ ህርፋን ልበይ #GoodMorningTigray @USER @USER @USER ዓደይ ዓጋመ ወትሩ ለምለም ዘይፍለያ ግመ ኣይ,normal,normal,normal,normal,normal
1543142313060450305,@USER ህግደፍ ኢሳያስ ጡስጡስን ኣብርሃ ካሳን ማንኪ ክሻ ቻርሊ ዘምህረት ስምኦን መቀለ እዩ ኪኒኡ የብሉን ጉድ ናይዛ ጽግዕተኛ ጉጅለ ዘመድ ወዲ ሓወቦ የብላን ኣብ ሓ,hate,hate,hate,hate,hate
1483201258869739526,ምስ ኣሕዋቱ ኮይኑ ኣብክንዲ ዝሕይል ምስ ኣሕዋቱ ዝዋዳደር ሕማቕ እዩ፣ ጓና ድኹም ክነሱ ሓያል መሲሉ ዝጻወተሉ ለቕላቒ ዝለዝኾነ። ገሊኦም እኳ ኣብ ንኢሳያስ ምልቕላቕ እውን ኣየርከቡን,hate,hate,abuse,abuse,hate
1652055308812926976,@USER @USER ህግደፍ መንደፋት ካብ ኢትዮጵያ ክትስጎጓ ኢኪን ይብለክን ኣሎ እቲ ኣምሓራይ ፈታዊኪን??,hate,hate,hate,abuse,hate
1649808112822505473,ኣብ ሕድሕድ ኩናት ሱዳን ኢድ ኤርትራ ከምዘሎ ዘጠራጥር ኣይኾነን ! ብሰላምን ምርግጋዕን ክነብር ዘይኽእል ግብረ ሽበራዊ ጉጅለ ህግደፍ ካብ መንግስታዊ መሪሕነት ኤርትራ ክሳብ ዘይተኣ,hate,hate,hate,hate,hate
1497737815131447298,@USER ነታ ገፋሕ ኣዴካ ፋኖን ቄሮን ይላገጹላ ኣለዉ ግዳ ኪድ ኣድሕና ብኑቡርን ብዘይንቡርን ከም ኩዕሾ ይጻወቱላ ኣለዉ ። ዓጋመ ሽቃቅ መንግስቲ።,hate,hate,hate,abuse,hate
1572828201285726210,@USER @USER ትግረዋይከ ሰብ ተቆጺሩ ዲዩ በኻዕ ሓሳዊ። ኣበይሞ ተጊፍኩም ኣይትኮኑን cancer Africa,hate,hate,hate,hate,hate
1508133408504958985,መልሲ፡ ከተማ - ዓዲ ዳዕሮ ወረዳ - ላዕላይ ኣድያቦ ዞባ - ሰሜን ምዕራብ እዛ ከተማ ፍለጡ። #ዓድኹም_ፍለጡ,normal,normal,normal,normal,normal
1584435738313371649,@USER ሓሳዊ። ከይትኣምንዎ እዚ ሰብ እዚ በዘሕዚ። ናይ ኣብዪ ፌክ ፕሮፋይል እዩ።,abuse,abuse,abuse,abuse,abuse
1577027452987375616,@USER ኣጀኩም ትግራይ ኣሕዋተይ : በምሓራይ ትስዓር ነብሲ ጮማ ዝለመድት ጥራይ ኢያ : ብ ህግደፍ መንደፍ ትስዓር ነብሲ ክኣ በርገር ዝለመደት ጥራይ ኢያ ::,hate,hate,hate,hate,hate
1567969655616061440,ዓቅሚ ህግደፍ ?ንህጻዉንቲ ኢዩ ?መጨረስታ ዉድቀት,hate,hate,hate,hate,hate
1640775957396045824,ድምጽ ንኩኖም?ወይስ መምርሒ ካብ ?ህግደፍ ምጽባይ,hate,normal,normal,normal,normal
1488616272338243590,@USER ህግደፍ መንደፍ ኣማፂ ህፃውንቲ ጉሓሉት ማንካን ክሻን:: እንዳ ክሻ ኣፍኩም ሓዙ::,hate,hate,hate,abuse,hate
1544547462139916289,@USER እወ ንስኻ 95 ህዝቢ ትግራይ ዝኣምኖ ኣምላኽ እትጻረፍ ድሁል ደንቆሮ!,hate,abuse,abuse,abuse,abuse
1478210554980446208,@USER እወ ወያነ ድኣ ናይ ምድሪ ጭራቅ እዩ ምቅታል ምድፋር ምስራቅ ምህሻው ብራንዱ ልኾነ ሓይሊ እዩ ናይዚ ኹሉ መዛዘሚዩ ድማ ክህደት እዩ።,hate,hate,hate,hate,hate
1502040752754511874,@USER ?? ?? ህዝባዊ ግንባር ቅድሚ ምኽናፎም ነዘን ጉዶም በብሓደ ከምሉቅወን ጀሚሮም:ሰብ ረሳሕ ታሪኽ::,hate,hate,hate,hate,hate
1571038842467262465,@USER እንታይ ግድኻ እቲ ሓይል ቅልጽምናን ግዜን ሚሂርዎም እዩ፡፡,hate,hate,normal,normal,hate
1503578074599809025,@USER @USER ሳላ ንኹሉ ድልው ዝኾነ ካብ ፍርሒ ድሒና፡ ከምዚ ንስኻ ትሓስቦ መንግስቲ ነይሩ እንተዝኸውን ከብድና ሓቊፍና ምሓደርና። ስለዚ ዓሻኻ ድለ,normal,normal,normal,normal,normal
1484426869252440065,ረሳሕ ሰራዊት ሶማልያ ኣብ ታሓታይ ኣድያቦ/ዝባን ገደና ኣብ ወርሒ ታሓሳስ ዓሚ ቡዙሓት ኣቅሽትን መናኩስትን ከም ዝረሸነ ተፈሊጡ??,hate,hate,hate,abuse,hate
1607288424301752327,@USER @USER @USER @USER ብልጽግና ናብታ ዘዕበየቶም?ኢህወደግ ?መቀለ አትዮም?ህግደፍ ንበረኻ ?ረኪስካ ባራ?ወይልኡ ወዲ ድካ,hate,hate,hate,normal,hate
1627974291189899264,@USER @USER ዘይናትኻ ምድላይ ሕስድና ልመና ዓመጽ ተንኾል ርእሰ ምትሓትን ኻልእን እዚ እዩ እቲ ውርሻኹም ለሚድኹም እንዲኹም ኣሕዋት ኢና እንዳበልኹም ና,hate,hate,hate,abuse,hate
1483505852317421568,@USER @USER ዋይዋዮ አንታ ሃሳስ! ታሪኽ ዓጋመከ ምሕሳው፣ ምልማን፣ ምንዝርና፣ ጥልመት፣ ስርቂ፣ ናዬርትራውያን ኣርትን ደርፍን ከምናትካ አም,hate,hate,hate,abuse,hate
1585926396341530625,@USER ዓንጓር ሀዚ ትግራይ መከላኸሊ ሃገር ኢቶጵያ ልሚሊሻታት ህወሓት ምስ ኣዘዝቶም ብምድምሳስ ኣብ ትሕቲ ሕቑፉ ገይርዋሎ ባይ ባይ ሸፋቱ ህወሓት ዓድወቶት ????,hate,hate,hate,abuse,hate
1639132422674448384,ኣበይ ዓድኻ እንተይሎም ትግራይ እዩ ዓደይ በሎም ዋ ፥ ድምፂ ህዝብኻ ካብ ምዃን ግን ንድሕሪት ኣይትበል ። ትንሳኤ ትግራይ ኣብ ኢድኻ እዩ ዘሎ ። ፍትሒ ትግራይ ዝረጋገ,normal,normal,normal,normal,normal
1593895295238213632,@USER እዚ ቦታ ንሽፍታ ጉጅለ ህግደፍ ከገልግል ሂወተይ ዕድመይ ብኮንቱ ዘጥፋእኩሉ ን 10ታት ዓመታት ስለ ዝኾነ ክሪኦን ክዝክሮን ኢዩ ዘብህርረኒ፡ደገፍቲ ሸፋቱ ግን ማይ,hate,hate,hate,normal,hate
1638281540546318366,@USER @USER መንግስቲ መሉእ ዝበሃል ደረዳ ረሲዖምና ክሳብ ሕዚ ተደብሪና ንርከብ መን ገዲም ብወዲ ድኻ ደም ክቅልድ የቐንየልና ናይ መለስ ካምፓስ ውጉአት ድምፂ ንዝኮኑና,hate,normal,normal,normal,normal
1488632392684347398,ኣባ ሳሙኤል ቤት ማእሰርቲ ብዙሕ ዘይተፈትሐ ትግራዋይ ኣሎ። ከይድኻ ምሕታት ተፈቒዱ እዩ ስለዝተብሃለን ብዙሕ ዝጠመየን ዝፀምአን ስለዘሎን ፅባሕ ሮቡዕ መሕተቲ ዕለት ስለዝኾነ እኽለ,normal,normal,normal,normal,normal
1516157456820305922,@USER @USER ወድዛ ሸርሙጣ ወዲ ዋዓሊት ድርባይ ረሳሕ ህግደፍ . ጥፋእ ካብዚ ዘለኣለም ደቂ ሓሻኽር,hate,hate,abuse,abuse,hate
1583211858244165632,እቶም ቖንዳፍት ህግደፍ ምስ ዲሲ ግብሪ ሓይሊ ዝገብርዎ ምድጋፍ ምፅናት ዘርኢ ትግራይ ንሕና ተጋሩ ምስ ብርጊድ ንሓመዱ ሕብረት ፈጢርና ፊት ንፊት ክንገጥሞም ይግባእ # ብርጊድ ንሓመዱ,hate,hate,hate,abuse,hate
1515829514689036289,ኣብ መሪሕነት ዘሎ ውድብ ቀጻልነቱ ንኸውሕስ ኣብ ዝግበር ጻዕሪ፣ንውድብ ክትክኡ ዝኽእሉ ወለዶ ኣብ ውሽጢ ሃገርዩ ዝምልምል።ህግደፍ ግን ኣብ ውሽጢ ሃገር ብህዝቢ ተኻዒቡ ብዘይ ሓድጊ,hate,hate,normal,normal,hate
1569586975707140096,#ኽብርን_ሰላምን ህዝብኹምን ዓድኹምን ክትምልሱ ፈቐዶ በረኻታትን ግንባራትን ትኳሽሑ ዘለኹም #ተጋደልትና፣ እንኳዕ ን2015 ዓም ኣብፀሓኩም። ??,normal,normal,normal,normal,normal
1585922339467718656,@USER @USER ህግደፍ እንተኮንካ ፈኸራ፡ጃህራን ትዕቢትን ተደሪርካ ምድቃስ እዩ።,hate,hate,hate,hate,hate
1489900760355811329,ኤርትራውያን ከም ኣያታትኩም ሓድነትኩም ኣትሪርኩም ንቐጻልነት ክብርቲ ሃገርኩም ድሉዋት ኩኑ ብኹሉ ዝኸሰሩ ናይ ሰብ ክጥምቱ ናቶም ዝሳኣኑ ሓሳዳት ጎረቤት ከምዘለውኹም ግን ኣይትረስዑ።,hate,hate,hate,hate,hate
1487169541759291405,ሓበሻ ካብ ካልእ ህዝብታት ዝበልጽሉ ዘይነስተውለሉ ዓቢ ሕጊ ኣብ መውስቦ ናይ ሓበሻ ሕጊ ኢዩ።ሸውዓተ ትውልድኻ ቆጺርካ ምምርዓው።እዚ ተጋሩ ንኽዕወቱ ሓጊዙ ኢዩ። ምኽንያቱ ብመውስቦ ካ,hate,normal,normal,normal,normal
1551998894929842176,ክሊ ሃላይ ገለ ሑቡሽ ደኣ ከተበላሽዊ እምበር !,abuse,abuse,abuse,abuse,abuse
1645338753429303299,@USER @USER @USER ካን ከም ህግደፍ ERISAt ኣምሓርሒራ!,hate,hate,hate,normal,hate
1613423297341054976,@USER ዝስተ ማይ ንህዝባ ክትህቡ ዘይትኽእሉ ህግደፍ ክትሐፍሩ እንበር ክትፍክሩ ኣይግባእን::,hate,hate,hate,normal,hate
1494609562602815489,ርሑቅ ዓዲ መሕስዊ ?ጽርግያየታት ንመካይን ወይስ ንአእዴግ ህግደፍ ?,hate,hate,hate,normal,hate
1601674499430436864,ህዝቢ ኤርትራ ምስ ብቁዕ መሪሕነቱን መወዳድርቲ ዘይብሉ ዝሃነጾ ጸጋ ህግደፍን ሕጂን ክንኡን ዝእለሙ ተጻብኦታት ክሓልፎም እዩ። ፍረ ጻዕርኻዩ ህዝበይ - ሙሉጌታ በይን (ወዲ ዛግር),normal,normal,normal,normal,normal
1588446583838093312,@USER ኣበይዩ ዓድኻ፡ ኣበይዩ ዓውድኻ ኢልኩም እስከ ሕተቱለይ፧ ከምዛ ብነፍሰ ምትሓት ዝሰሓጋ ዘሎ እናተሰሓገ ክዓርብ እዩ።,abuse,abuse,abuse,abuse,abuse
1555211801419284487,@USER ተሐባበርቲን ዕሱባት ህግደፍን ድአ ወጽዓን ጥፍአት፧ህዝብናን ዝርኢ አዒንትን ዝሰምዓ አእዛንን ዘይብልኩም። ነገር እንዳሐላለኽኩም ትኹረት ካብቲ ዋና ጸላኢ ህዝብና ንምኽዋል ትጽዕሩ አለኹም።,hate,hate,hate,abuse,hate
1507589735929294854,#ፋሽሽታውያን ሓይልታት ኣብ ልዕሊ #ትካላት #ጥዕና እንስሳ #ትግራይ ክቢድ #ዕንወት ኣብፂሖም። - For More #TigrayGenocide,hate,hate,hate,normal,hate
1511450107115233280,@USER @USER @USER ኣነሞ ኣምሓራ ዝበሃል ጨካን ቀታሊ ህጻናትን ሰበይቲን . ከሓዲ ምስ ኣሰብኡት ዘይገጥም ፈራሕ ዘይናቱ ዝምነ ምካኑ እየ ዝፈልጥ።,hate,hate,hate,hate,hate
1509424100493729793,@USER @USER ኣራፋይነ ወካርያ Eplf ይብል እስካ PFDJ ትብሉ ክክክ እሱ ህግደፍ ስለዘሕፈሮ ክሳራ ንክሳራ ስለዝገበራ ሃገር ዘሕብን ታሪክ ስለዘይ,hate,normal,abuse,abuse,abuse
1564689104134197248,ኣብ ምሉእ ዓለም ዝለኹም ድያስፖራታት ትግራይን ፈተውቲ ትግራይ ኣብዛ ጠላም ዓዲ ዘለና ተጋሩ ብመንነትና ምእሳርን ምግፋፍን ጀሚሮም ስለዝኾኑ ድምጺ ኩኑና ኣብ ሓደጋ ኣለና ከም ቀደም,hate,hate,hate,hate,hate
1614802128756965376,ዕድለኛታት መንግስቲታት ንኣብነት (ህግደፍ፤ ህወሓት) እቲ ዝገዝእዎ ህዝቢ ባዕሉዩ ብፍቓዱ ዝግዘአሎም። ብርግፅ እዞም ክልተ ውድባት ከምዚ ዓይነት ኣመለኻኽታ ዘለዎ majority ሕብ,hate,normal,normal,normal,normal
1611054293217382404,ፍርያት ህግደፍ ?ገና ምስ ህግደፍ ?2023 ??? ኢዩ,hate,normal,normal,normal,normal
1656371219925463045,ከም በዓል ንስኻ ገፋሕቲ ከብዶም ኮነ ኢልኩም ኣንጻር ህዝቢ ኢኹም ተዓጢኩም እምበር ዋርሳይ ኢላ ሺፍታ ህግደፍ መንእሰይ ኤረትራ ኣብሪሳቶ ኢያ .,hate,hate,abuse,hate,hate
1493714261557846018,ኤርትራውያን ነሓተኩም እምበር ኣይተሓቱናን ኢኹም ይቕረ ክብል ዝግበኦ ከኣ ንስኻን እቶም መራሕትኻን ኢኹም:: ካብዚ ሓሊፋ ተሪፉ ትርጉም ዘለዎ ኣይኮነን ናትካ ብገንዘብ ስርቂ ከብድኻ,hate,abuse,abuse,abuse,abuse
1546225088319700995,@USER እወ ነቲ ረሳሕ ወንጀለኛ ጉጅለ ማለሊት ዝድግፍ ንባእሉ ክብረት ዘይብሉን ንሕዝቡን ንሃገሩን ዘየኽብር ድርባይ ሰብ ጥራይ እዩ,hate,hate,abuse,abuse,hate
1490755183424507906,@USER እዚ ከዳሚ ህዝቡን ሃገሩን ናብ ክድመት ዝመርሄ,abuse,abuse,abuse,abuse,abuse
1586103381378015232,@USER ተሾመ ትኽክል እዩ ተዛሪቡ፡ እትንፈልጦ ብመድያ ናቶም ገሩ ስለዘጋወሖ ብጣዕሚ ክምስገን እዩ ዘለዎ፡፡ ድሓር ክአ ብዘይ ናይ ፒፒ ን ህግደፍን ካድራት ፍቃድ ከምዚ ዓይነት,hate,hate,normal,normal,hate
1591876129786368002,@USER ባንዳ ዘይምልከተኻ ??ሸያጢ ኣዴኡ ዳን ከብድኻ ግበር ክሳብ ማዓልትኻ ትመፅእ,abuse,abuse,abuse,abuse,abuse
1563598887562379265,ውዕሎ ስዊዝ ?ውዕሎ ኤርትራውያን ?ንምግሓፍ ነዚ ?ካንስር ህግደፍ ?ሓድሽ ወሉዶ?ስስኑልና,hate,hate,hate,hate,hate
1658491599066890242,@USER ጠላም ንስኻድኣ ዓቢ ዕዳ ዘለካ እንዲኻ ።ነቲ ብነጻ ሳንቲም ከይከፈልካ ዘምሃረካ ህዝቢ ዕድኡ ክፈል ንቕድም።ሞራላዊ ብቕዓት የብልካን።ነብስኻ ፈትሽ ንቕድም።,abuse,abuse,abuse,abuse,abuse
1510755967130079239,@USER ህዝብና ቆቓሕ ይኹን። ከምዚኣን ጠላማት ንፁሃት ይልክማ,normal,abuse,abuse,abuse,abuse
1623046678159757314,@USER ብዛዕባ እቲ ጅግና መንእሰይ ነዛ ታንኪ ዝመርሕ ዝነበረን ከምኡውን ብዛዕባ እቶም ጀጋኑ ብጾቱዶ ድኣ ከይትዛረብ። ንንብረት ልዕሊ ፈጣሪ እተምልኩ ደገፍቲ ህግደፍ !,hate,hate,hate,normal,hate
1653086207381848070,ATV: 1ይ ሚኒስተር ኣቢይ ኣሕመድ፡ ኣብ ውሽጣዊ ጉዳይ ኢትዮጵያ ዝኾነ ይኹን ናይ ወጻኢ ሓይሊ ጣልቃ ክኣቱ የብሉን ክብል ኣጠንቂቑ - ህግደፍ ጭራኻ ሓሉ?,hate,hate,hate,normal,hate
1640103665020149763,ኩራዕ ኤርትራዊ ?ህጻንታ አብ ክንዲ?ትምህሮቶም?ዓሳ ገፊፎም ክዓብዩ?ኩቡር ህዝቢ ህግደፍ,hate,hate,hate,normal,hate
1507096405009121284,ንልዕሊ ዓሰርተ ዓመት፣ አካይዳ ሰበ ስልጣን ህወሓት፣ ህወሓት እንትወድቅ ህዝቢ ትግራይ ሓቢሩ ክወድቅ ዝገብር አካይዳ እዩ፣ እናበልና እንትነእዊ፣ ዘይተወሀበና ሽም የለን። ከምዝፈራሕና,hate,normal,normal,normal,normal
1515697484147961863,@USER ናሆም ፣ ሕማቕን ድኹምን ሰብ ኢኻ,abuse,abuse,abuse,abuse,abuse
1556452902956175360,ብቀጥታ ዝመሓላላአፍ ዘሎ ቃለ መሕተት ምስ ኣቶ ሰለሙን ገብረእየሱስ ብዛዕባ ፌስቲቫላት ህግደፍ via @USER,normal,normal,normal,normal,normal
1511787548145770501,ሽሕን ዋልታን ኩኑ ዓይኒ ሓሳድ ይድፈነልኩም,hate,normal,normal,normal,normal
1571243954577997824,ዳስ ህግደፍ አብ ሽወደን?ካሕ ካሕ,hate,hate,hate,normal,hate
1560655017085845511,ኣብ መፍርቅ 1997 ቁልጹሙም እንተሓበጠ ዝሓየሉ ዝሞስሎም መራሕቲ ወያነ ጸዋዒት ሰላም ብምንጻግ ዶብ ኤርትራ ብምግሃስ ግፉዒ ኣብ ኤርትራውያን ተቀማጦ ገለባ:ባዳ:ባድመ:ደንካልያን ና,hate,hate,hate,hate,hate
1650765027660423168,@USER እድር። ኣብዛሓ ሕብረተስብና ኣብ ደስታን ሓዘንን ዘሎ ርክባቱ ዝጠቀመላ ማሕበረሰባዊ ትካል እያ። እድር ኣብ ከተማን ገጠርን ዘሎ ሕብረተሰብና ሃፍታምን ድኻን ዘይፈሊ መ,normal,normal,normal,normal,normal
1486108012725121027,@USER @USER @USER @USER @USER ዓጋመ ብሰንኪ ዓፍራኹም ኢኹም ረጊፍኩም ??,hate,hate,hate,hate,hate
1501672240559046663,@USER ኤህ ተደንጉጹ ከም ዝኣቶኩማ ውጹዋ ኢዩ ናይ ዓለምና መልሲ ከዳሚ ንእንተኮንካ ኩሉዩ ዝፍንፍነካ ተጋሩ በራዩ ምዕራባውያን ካብ ምካን ተጋላገሉ ሰላም ክትረክቡ።,hate,hate,hate,hate,hate
1503933721229017090,@USER አቢይ ክትሽከሞ ዘይትኽእል ሓሶትን ዕሽነትን ክሳብ ዘሸክመካ መልአኽ እናመሰለ ከም ዓሻ ክፃወተልካዝኽእል ብቀሊሉ ክረኤ ዘይግባእ ሐደገኛ ሰብ እዩ . ንሕና ሐሳ,hate,normal,abuse,abuse,abuse
1634628659532255232,@USER @USER ነብስኺ ጥራይ ኣኽብሪ ፡ ኣነ ውን ካብ ከምዚ ከማኺ ከደምቲ ጻዓዱ ጎይተቶም ክብሪ ኣይደልን ኢየ ።ሽሙስ ዓባይ ኢኺ ልቢ ግን ??? ኣብዛ,abuse,normal,abuse,abuse,abuse
1558149026960252935,@USER @USER ዓሻስ ኣይምት ንከጻውት ትብል ኔራ ጎረቤትና ከማኻ ዓንጃል ምስረኸበት:: ንበሩልና ደምበ ዕንክሊል ብእሽነትኩም ክተዘናጉዑና:: Btw ናይ ባሪያ,abuse,abuse,abuse,abuse,abuse
1623265335418712066,@USER ክክክክክክክክክክ ኣታ ልሕቲት ለማኒ ኤርትራዊ ክትሪኢ ከለኻ ሽንቲ ከምዝሞልቀካ ኣጥዕየ እየ ዝፈልጥ፡ ዘምዘምያ ዘለዎ ትግራዋይ ኣጋጢሙኒ ኣይፈልጥን እዩ፡ ክትልም,hate,abuse,abuse,abuse,abuse
1636529366573232128,@USER ፈኸራ ቅድሚ ሕጂ ኣይጠቐመኩም። ህግደፍን ተጻባእቱ መሰንገለኦም እዩ ሃደሽደሽ ዘብል። ንህግደፍ ዝሳዓረ ክሳብ ሕጂ የለን፡ ምኽንያቱ ብሓቅን መትከልን ስለዝምራሕ። ሓሶት,hate,hate,hate,normal,hate
1486039806564270080,Congratulations! @USER እቲ ከልቢ ይነብሕ እቲ ጊመል መንገዱ ይቕፅል እንኳዕ ሓጎሰና ንኹላህና ተጋሩ ብዘይ ባንዳታት ማለተይ እየ!,hate,hate,abuse,abuse,hate
1615572726470807552,ኣምሓራይ ሃይማኖት የብሉን ንብል ብዘይ ምኽንያት ኣይኮነን:: ለፖለቲካ እንጂ ሃይማኖት የላቸውም! ክፉኣት! @USER @USER @USER @,hate,hate,hate,hate,hate
1554677918235754496,@USER @USER ባንዴራ ኢትዮጵያ ኣሊኻ ናበይ እዩ መንገድኻ ሕልሚ ዓባይ ትግራይ መን ከሊእኩም መን ከ ከፍቕደልኩም እንዳ ዛህላይ ማህላይ።,hate,hate,hate,abuse,hate
1592442040960552968,@USER እዚ patrick ናብ ደቡብ ሱዳን ጁባ ከይዱ ኔሩ ቅድሚ 3 ወርሒ: እዛ ሕጂ ዝተኻየደት ምቅትታል ኣብ ደቡብ ሱዳን በዚ ሓሳድ እዚ እያ setup ክንደይ ግዜ,abuse,normal,hate,abuse,abuse
1578223594521378817,@USER ከይተዓደመ መጸ ከይጸገበ ወጸ። ሎቕመጽመጽ ይብል በቅስ ይርዳእካ! ዘይሰምዕ ለማኒ ከልቢ ፍትሓሉ ይበሃል ኔሩ ቀደም። እዚድማድ ኣበይ ኣለኻ ዘይበልዎስ ወጠምጠም,abuse,abuse,abuse,abuse,abuse
1481010809597661185,@USER ከዳሚ ዋሕድ፡ እቲ ኣብ ባይታ ዘሎ ወድዓዊ ኩነት/ምዕባለ ክትርድኦ ካብ ዓቕምኻ ንላዕሊዩ! @USER,abuse,abuse,abuse,abuse,abuse
1541154645560754176,@USER ጠላም ኢቲ ምስ ናይ ደገ ሓይሊ ኮይኑ ንትግራይ ዝወረረ ኢትዮጵያዊ ኩሉን ናንፅነቱ ዋጋ ዝኸፈልናሉ ኤርትራውን እዩ ጠላም። ህዝብና ዘካይዶ ዘሎ ቃልሲ ኣንፃር ናይ ደገ,hate,hate,hate,abuse,hate
1489339396537171969,ኣማኒኤል ሓሰና ደኣ ድጓማ ካብ ወያነ ኣቋሪጻ መስለኒ ን ደደቢት ሜድያ ዓገብ ክብል ጀሚሩ:: ህዝቢ ኤርትራ ኣብ ሰዓቱ ክሓተካ እዩ ናይ ግዜ ሕቶ እዩ ሓሹል ኢኻ::,abuse,abuse,abuse,abuse,abuse
1589494011831910400,@USER ብጋይ ላ ኣጥራይ ማዓኮካ ትብ ኣደይ ኢታይ። መንእሰያት ኣደንቅክሞ ህግደፍ መንደፍ።,hate,hate,hate,abuse,hate
1650862434528432128,ዘይቅየር መትከል ኣሰር ጀጋኑ እምበር ኣሰር ወኻሩ ምኻድስ ኣይና ኣቦናን። ክበር ንበር ፈጣሪ ኤርትራ ወዲ ኣፌ ጅግና።,normal,hate,normal,normal,normal
1579720155848134656,@USER ረሳሕ ጨናዊት፣ ክብሪ ተፈላጥነት ክትረኽቢ ያ ተባሂሉ አልኪ ትፅሕፊ ኣለኺ? ኣድጊ,abuse,abuse,abuse,abuse,abuse
1650952686076850189,@USER @USER @USER ህግደፍ ብርሃን ኤርትራ፡ ናይ ዘልኣለም ቅርሲ ኤርትራ #vivajpfd ደንበ ዕንክሊል፡ ዕንክሊል እንዳበልኩም ንበሩ ዓወት ንሓፋሽ,hate,hate,normal,abuse,hate
1611890569068019716,@USER ካብ ሓሳዊ ፡ ልኹመኛን መላኽዒን ጎረቤት ብምርሐቕ ተከላኸል፤ ብዝተኻለካ ብዝዕባኻ ከምዘይፈልጥ ምግባር እዩ መፍትሑ::,hate,hate,hate,abuse,hate
1479627133366460421,@USER @USER አቲ ጉማማ ናይግደፍ ባርያ መን አዲኪ ለማኒ ለመንቲስ ንስካትኩም ሰረቅቲ ቀተልቲ እንካን ንህዝብና ንደቂ ዓድኪ እካ 20 ዓመት አዕቁቢና አቅሚጥናኩም እ,hate,hate,hate,hate,hate
1492754448015314944,@USER እኒ ህግደፍ እታ ባእሲ ምስ ህዝቢ ኤርትራ ክትከውን ወይ ክትመስል ሞ ንሶም ካብ ተሓታታይነት ሓራ ክወፁ ዮም ዝደልዩ ። ነዚ ድማ ዕድል ኣይንህብን: ኣይንላቐ,hate,hate,normal,normal,hate
1626718154352365568,@USER @USER @USER @USER ወዲ ዓድኻ ዝብሎ ዘሎ ስምዓዮ ህዝቢ ትግራይ ምስ ሻዕብያ ኮፍ ኢሉ ነይሩ:: ደሓር ሻዕብያ ካ,normal,normal,normal,abuse,normal
1483543408610361344,ይመስሉ። ድኹም ጎኒ (1) ት ርእሲ ዝተፈላለየ ሓሳብ ከም ሃፍቲ ዘይኮነስ ከም ሕስያ threat ዝወስድ እዩ። (2) ንምንታይ ናብዚ መዋእለ ውድቐት፣ ፀሊም ታሪኽን ውርደትን ብ,normal,normal,normal,abuse,normal
1583031376193810433,@USER ንስኻ ኢኻ ሓሳዊ መደናገሪ,abuse,abuse,abuse,abuse,abuse
1555980313574211589,@USER ፈኸራ ህግደፍ #ዓፍራ ! ህግደፍ ናይ ኣሽሓት ኤርትራውያን ዘጥፍእኩሞ ህይወት : ህዝቢ ኤርትራ ከይሓተተ ስቕ ዝብል ይመስለኩም ኣሎ ??? እዞም ኣጥፊእኩሞም ዘለኹ,hate,hate,hate,hate,hate
1487640130919833603,@USER ኣየ ህግደፍ መንዩ ጠላም? ደብረጽዮን ንህዝቡ ተኣማኒ ኮይኑ ሂወቱ ኣትሒዙ ይዋጋእ ኣሎ ውልቀ መላኺ ኢሳይስ ዝመራሒኹም ክኣ ነታ ኣሽሓት ኤርትራውያን ተሰዊኦም ዘምጽእ,hate,hate,hate,abuse,hate
1608728889811144706,@USER @USER እዚ ወዲ ዝተፈለጠ ሸርሙጣ ኤድስ ዘለዎ ሰብ እዩ!,hate,abuse,abuse,abuse,abuse
1485199609467060226,??’ታ ዝፈርህ መጽያ ኣብ ነብሰይ: ሕንዛም ኲናት ሸኺትለይ:: ሓያል ዓቅመይ ተጸንቂቒ መሃዉሩ ተነቃኒቑ:: መቐረት ፍቅሪ ዘይመነዋ ልበይ ዓሻ ድንጽይዎ:: ??,normal,normal,normal,normal,normal
1494435479130980356,እንኳዕ ንመበል 47 ዓመት በዓል 11 ለካቲት ምጅማር ኻልኣይ ወያነ ትግራይ ኣብፀሐና፣ ኣብፀሐኩም። ዘለኣለማዊ ክብርን ሞገስን ንጀጋኑ ንስውኣትና! ?? #ለካቲት11,normal,normal,normal,normal,normal
1550552734146985990,@USER ህግደፍ መንደፍ ካብ 1998 ፡ ወያነ ክትብል መሬት ዓሪብዎን ።,hate,hate,hate,hate,hate
1592080489124605952,@USER @USER ህግደፍ ኢየ ኣይበልኩካን ኣታ ድንዙዝ ኣይትሓፍርን ክኣ ክትጻረፍ! እታ ንሊብያ ዝከደት ኣሃዱ እንዳ ክንደይ ኢያ፡ብመን ሓላፊ ትእዘዝ፡እቶም ተሰዊኦም,hate,abuse,abuse,abuse,abuse
1642971591255666696,ፕሮጀክት መለስ ?ህግደፍ ትዕዘብ,normal,normal,hate,normal,normal
1607947694726586368,ኣቦ ሕሶት ኣቦ ቅንኣት ኣቦ ውርደት ኣቦ ጃህራ ኣቦ መከራ ኣቦ ተንኮል ናብ ሲኦል ይእትኻ,abuse,abuse,hate,abuse,abuse
1604645438056824833,@USER ረሳሕ:: ካብትፍጠር ነዚኣ እትመስል ተፀጊእካ ኣይትፈልጥን::,abuse,abuse,abuse,abuse,abuse
1482428459897044994,ዘበን ህግደፍ ፣ ዕዋላ ዝኽበረሉ፣ ወዲ ዓዲን ዝተጋደለን ዝሐስረሉ,hate,hate,normal,normal,hate
1634251216128716801,@USER ኢንተርነት ዘይብላ ዓዲ ዳኣ ብምንታይ ኽሰምዕዎ ደሊኻ ኣብኡ ጨቂንኽሞ ህግደፍ መንደፍ,hate,hate,hate,normal,hate
1564696573765984258,@USER @USER አየ አጋሚኖ፣ ጽሕፈትካ ንመንነትካ(ዓጋመ) እዩ ዝገልጽ። ኤርትራዊ ገና ከሎ እዩ ዝፈልጠኩም፣ ኪድ ደአ ቆልዑ ብረት ዓጢቆም አለው አብ ዓድኻ(ትግራይ) ተቐበሎም።,hate,hate,abuse,abuse,hate
1492986152135147527,@USER ፍትሓዊ ኣብ ስምዒት ኣትዩ ቃላት ደርብዩ ተጋሩ እንታይ ኢሎም ኪድ ረኣዮሞ ሃላይ መን ከምዝኾነ ክበርሀልካ እዩ።,normal,abuse,abuse,abuse,abuse
1561422744352395264,@USER @USER ኣታ ዮኤል እንታይ እዩ ጎኒፍካ!!!!!! እዚ #ጎናይ ስደት፡ ንህግደፍዶ ምሳኹም ከነብዕል ኢሉ ይልምኖምን ኣይነበረን!!!!!! ነዚ መድያኻ፡ ሓርኢ መሊእካዮ!,hate,abuse,abuse,abuse,abuse
1599871800506474497,@USER በላዕተቲ ሰብ ተወፂኦም ሓመድ ዓድኻ ጥዑም,hate,hate,hate,hate,hate
1554963031666335744,@USER @USER ነዝዉን እንብቦ ጸማም ናይ አደ ደቅኻ ዘይገደሰካ ናይ ካልእ አይንታይካን አረሜን .,abuse,abuse,abuse,abuse,abuse
1641349299455037440,@USER @USER ንፉዕ ኩዑሶ እግሪ ተጻዋቲ ክንዓብይ ኮለና እንድሕር ኣሎ ኣብ ጎዛውትና ፔለ ኢልና ንጽዉዖ። እንድሕር ሓሳድ ሓሳዊ ሰራቂ ረሳሓ ተንኮ,hate,abuse,abuse,abuse,abuse
1558519959340318721,@USER @USER @USER ሻዕቢያ እዚ እዩ ዝማርኽ እምበር ናይ ዓጋመ መራት ድስቲ ይትረፍ ብኢድና ክንሕዞ ከም ቫዞ ሽንቲ ማይ ከማን አይንሸነሉን።,hate,hate,hate,hate,hate
1654990069315379200,@USER ንዘይፈልጠኩም በልዎ ብደም መንእሰያት ዝተሰርሐ ዓስቢ ረሃጾም ዘይከፍል ዉልቃዊ ትካል ህግደፍ (መንደፍ) ምዃኑ ዘይፈልጥ ሰብ የለን ።,hate,hate,hate,hate,hate
1584993804297568256,Where are the #EritreanPOWs 112 ምሩኻት ኤርትራውያን ብህግደፍ ተጨውዮም ንኤርትራ ተወሲዶም ???? via @USER,hate,hate,normal,normal,hate
1479309053494972416,ክንረዳደኣሉ ዝግባእ ዛዕባ እዩ። ዕድሉ ዜሮ እዩ። ንባህግን ረብሓን ፋሽሽቲ ኣብይ ኣሕመድን ተስፋሕፋሕቲ ኣምሓራን ብዝጥዕም መልኽዑ እቲ መስርሕ እንተተቐይሩ ድማ ዕድሉ ንዘላኣለሙ ይቕህም።,hate,hate,hate,hate,hate
1493041084561338376,እርጉማት አራዊት ኤርትራዉያን,hate,hate,hate,hate,hate
1490983099785695235,@USER ፍናን ጅግና : ንበዓል ውፉይ ዓዲሙ ጭፍራ ህግደፍ ተሓቢኦምላ ዘለው እንዳደለየ ይጭፍጭፎም ኣሎ ::,hate,hate,hate,abuse,hate
1578078047357456384,@USER @USER @USER መራሕቲ ወይንንህዝቦም ዘየለ ባዶ ታሪኽ ገዲፎምሉ ከይዶም: ብሓሶት ዝተመስረተ ሰራቂ ውድብ ብደም ህዝቢ????ን ኢትዮጵያን,hate,hate,hate,hate,hate
1491693060371234816,ኣራዊት ዝኾኑ ፍጥረት ድኻ ሓረስታይ ቐቲልካ ጥሪቱ ሓሪድካ በልዒኻ ከሸዐ ምምላእ እማ ድማ ኣብ ኩናት ውሽጢ ኮይንካ ፀኒሕኻ ክትፍገም ወይ ክትማረኽ:: ካብዞም ኣብዚኣ ዘለው ኣዛብእ መ,hate,hate,abuse,abuse,hate
1491508880823750671,ንህናስ፡እጫና ድሙቅ፡እዮ።ወያነስ ሀንሳብ ኤርትራና፡ሲኦልን፡ፀልማት፡እያ፡እንዳበለ፡ይዛረብ፡ኔሩ።አኔ፡ካብኩሉ፡ዝገርመኒ፡ነገር፡ኤርትራውያንሲ፡አህዋትና፡እዬምዝብልዋ፡ዘረባ፡እዪ።ከመይ ወድ,hate,hate,normal,normal,hate
1625568891605815305,@USER ንስኻ ኸ ንፍትሒ የ ዝድግፍ ዲኻ ክትብለኒ፡ ብውሽጢ ገንዘብ ተኻዕብት ብደገ ደገ ኸኣ ካልእ ክትመስል ኣይትፈትን። መላእ ህዝቢ ኤርትራ ውጹዕን መልመጺ ትፋእ ህግደፍን,hate,hate,abuse,abuse,hate
1508544569511751681,@USER @USER ሓው ዮናስ ተግባራቶም ኣሐጕስኒ ኣይኮነን ግን ማዕረ ክንደይ ነውራማት ምኻኖም ህዝቢ ክፈልጦም ኣለዎ ካብ ዝብል እየ ::,hate,normal,hate,hate,hate
1607042622287134724,@USER @USER እዚ ሕማም ህግደፍ ኣይገደፈካን መድሃኒት ፍትሒ ክእዘዘልካ ጽዓር።,hate,hate,abuse,abuse,hate
1611677233973690369,@USER ሓርቢታትካዶ? ከም ትካል፥ ወራሪ ሰራዊትዩ ኣገልጋሊ/ባርያ ህግደፍዩ ኣሳሪ/ቀታሊዩ ከም ዜጋታት/ውልቀ ሰባት/ይሕዋት/ይሓት ድማ - ጉድድ - ብኮለታ ተጎቲቱዩ ዝከይድ - ድምጺ የብሉን,hate,hate,hate,abuse,hate
1511770706396299281,@USER እንታይ ንምባል ኢዩ እዚ ረሳሕ ደንቆሮ,abuse,abuse,abuse,abuse,abuse
1654190916423528448,#ኣንታ እብዛ ስቕየ #ዓሻ መምሰሊየ ዶ በለ እዚ ደራፊ ሕዚ ብሰብ ይሕለፈለይ፣ ሰብ ይስራሓዮ ኢልካ ፖለቲካ ትግራይ እንተገዲፍካዮ ተመሊሱ ንበዓልኻ እዩ #ዝልብልበኻ።,normal,normal,normal,abuse,normal
1487115264948846592,ሞትን ስደትን ኤርትራውያን ኣብ ዘመነ ምሕደራ ኣርሜናዊ ጭፍራ ህግደፍ :: #Eritrea,hate,hate,hate,hate,hate
1529522409975562240,#ትግራይ ትስዕር! ዝኽታሙ መግለጺ ናይ #ወያነ: ናይ #ዮሃና መልእኽቲ ንህዝቢ #Eritrea ዘይኮነስ: ናይ ስራሕ መምርሒ ንዕሱባቶም ኢዩ? #ኤንብኤ,hate,hate,hate,hate,hate
1487741020171296774,ንተጋሩ! ከምቲ አቀዲመ ከምዝበልኩዎ ፋሽሽታውያን ሃዱሽ ኩናት ከፊቶም አለዉ። ብኩሉ ወገን ኩናት ክውልዑ ድማ ህዝውን ብወገን ደ/ትግራይ ይዳለዉ አለዉ። ተወደብ ፣ ስመር ፣ ፀላኢካ,hate,hate,normal,normal,hate
1569393576408391682,@USER @USER @USER እዋይ ብኡነት ግን፡ እንዳ ህግደፍ መንደፍ፡ ረሳሓት ፍጥረት፡ ሕጂ ሕጂ ኸኣ፡ ኣብ ቀረባ ማዓልታት ማለተይ እየ፡ ኩልኽን,hate,hate,hate,hate,hate
1503086701895376896,@USER ዉሉድ ጭዋ ጭዋ እዩ። ህግደፍ ካብ ህዝቢ እዩ ተወሊዱ። ጭብጢ እንተበልካ ኤርትራውያን እዮም።,normal,normal,normal,normal,normal
1488793628432650240,@USER @USER ክላ እዚ ከኣ ጸማም።,hate,abuse,abuse,abuse,abuse
1579171221190881280,@USER @USER ኣብ ደምበ ከዳዓት ኮይኑ ዝድክር ካልእ መጸዊዒ የብሉን! ምስቶም ቀንዲ ጸላእትና ኮይኑ ዘዋዕር ከዳዕ ጥራሕዩ! ሃገር ንህላዌኣ እናተቃለሰት ህዝቢ,hate,abuse,abuse,abuse,abuse
1573019215921029120,ህዝቢ ኤርትራ ንTDF ክተሓባበር ኣለዎ። ቃልስና ምስ ገበነኛ ህግደፍን መራሕቱን እምበር ምስ ህዝቢ ኤርትራ ኣይኮነን,hate,hate,hate,normal,hate
1500170659648913416,@USER @USER ወያነ ታደየብኻዮ ሒዙካ ዝወድቕ ዲቦከነ ኦም። እንተ ተፀግዕካዮ ተናኻሳይ ተመን እዪ,hate,hate,hate,hate,hate
1489351820409544704,ኣብ ወረዳ ሓውዜን ፉሉይ ቦታ ማይ ጎቦ ኣብ ዝበሃል ከባቢ ብግፎዓውያን ወረርቲ ሻዕብያ ሰበይቱን ደቁን ኣብ ቅድሚ ዓይኑ ብግፍዓዊ ኣቀታትላ ሂወቶም ሓሊፎም ????,hate,hate,normal,normal,hate
1562509294515662850,ጌና ብሕግን ስርዓትን ኣብ መስመር ኣለና ኣብ ሓጺር እዋን ተጸበ ዓማጺ ስርዓት .,hate,hate,hate,normal,hate
1543111859032788993,@USER @USER ኣንቲ ገፋሕ ምጥራ ምጥርክን ኣፋክን ገፊሖም ስቅ ክትብሊ ኣይክኣልክን ምሽ ንባዕልኪ ኣብ ስደት ተደርቢክስ ሸርሙጣ ባሪስታ ስገዲ ጸሎት ግበሪ ምስ,hate,abuse,abuse,abuse,abuse
1598029415770128384,@USER @USER @USER ኣታ ሳሕሳሕ ዓጋመ ጅግና ሰራዊት ኤርትራ ዝደለዮ ጌሩ እዩ።ዝወጽእ ኣብ ዉሻጠ ከም ትዕሸጋ ጌሩክን። እንድሕር ዝካልከ,hate,hate,abuse,abuse,hate
1616148960237998080,@USER ሕጂውን ወያኔ ናብ ማዕሙቕ ንምቕባር ኩሉ ዝክኣል ክግበር እዩ :: ምኽንያቱ ወያኔ ደመኛ ጸላኢ ህዝቢ ኤርትራ እዩ :: ተቐቢሩ ድማ ኣሎ : ዒም ዝበለ ይትሓ,hate,hate,hate,hate,hate
1548462557660266499,@USER @USER ኣብ ገዛኩም ስርቂ ልሙድ ስለ ዝኮነ ሰራቂ ምካንካ ኣይተርፍን። ሰራቂ።,abuse,abuse,abuse,abuse,abuse
1585732408590336000,ንትግራይ ምሕጋዝ ማለት እንታይ ማለት እዩ?: - #USA ንዘለኹም ተጋሩ ዲያስፖራን ደፍትናን እቲ ገበነኛ እኽብካብ ስርዓት ከሓዲት ኢትዮጵያ ኩሉ ዝነበረ financial & milita,hate,hate,hate,hate,hate
1579230149979287552,ንሕና ኤርትራውያን እዚ ቀይሕ ባሕሪ ዝኣርማና: ህግደፍ ዝመሪሕነትና እንዳ ውዕጊን ዝዓስተኸ ስንዳይ ዝኣርማኹም ስነ ሓሳብ መለስ ዝታሪኽኩም ፈጺምና ኣይመካይድትን ኢና:: ኣኸለ ቅበጹ,hate,hate,hate,hate,hate
1542972186591363074,ምስ ምምፃእ እዚ ሰይጣን ኣብይ ኣሕመድ ተተሓሒዙ ኩሉ እዩ ምባል እኳ ኣይከኣልን ግን መብዛሕቲኡ ኣብ ኣዲስ ኣበባን ከባቢኡን ዝነብር ትግራዋይ ፈራሕን ፈታዊ ነብሱን ኽኾን እዩ ገይሩዎ,hate,abuse,abuse,abuse,abuse
1515735716562706435,ህግደፍ ስብ ዝመስሉ አራዊትአምጺእልና አትረከ ድራር ዋርሳይ?ህበይን ዝብእን ዝሓዝዋ ደኣ እንታይ ክተርፍ,hate,hate,hate,hate,hate
1622164518301302785,ብሰሜን ገፅ ዝመፅእ መፍትሒ ንትግራይ ካብ ጫፍነት (ፐሪፌሪ ) ናብ ማእኸልነት ኢኮኖሚን ፖለቲካን ዝልውጥ ትርጉም ዘለዎ ለውጢ ዝፈጥር እዩ። ብቐንዱ ግና ትግራይ ፈለማ ካብ ውሽጣ ትለወጥ። #Bm Tesf,normal,normal,normal,normal,normal
1639156920111058946,ኣብ ክፉእ ነገራት ህግደፍ ኩሉ ግዜ፡ ካባና ዝኸፍኡ ኣብዚ ኣሎዉ። ክብሉና ድሕር ኣይብሉን።ኣብ ምዕባለ ግና፡ ዋላ ኣመሪካ እኳ ትቐንኣልና ኢያ። ይብሉና።,hate,hate,normal,normal,hate
1540431090904666112,@USER ናይዚ ሓባል ጠምባር ሰብኣይ እምነቱ ሙሉ ወንጌል የኾነይ። እዞም ዓዲ ብዓዳ ኣጥለቕሊቖምዋ እንየዉ ፓስተራት ሙሉ ወንጌል እዮም። መሽረፈት aka @USER እውን ከምኦም እዩ።,hate,hate,hate,abuse,hate
1655084364517048321,@USER ኣየ ደቂ ሽዕብያ ጸማም ሓደ ደርፉ ንሳ ኸ ማዓስ ዝሰምዓ ኢያ እቲ ብጥዑዩ ከሎ ቀደም ቅድሚ 62 ዓመታት ዝነበረ መዝሙር ክትዝምር ምሓፈርኩም እንዳ ሃገራዊ ጥፋኣ,hate,hate,abuse,abuse,hate
1614993696948191234,ዓሻ ኣምሓራይ ፡ ትግራዋይ ኣንበሪኪኹ ሰላም ዝረክብ ይመስሎ ዓሻያ ኤርትራዊ ኣብ ደምነት ኣምሓራን ትግራይን ክነግስ ይዳሎ ዓሻ ያትግራዋይ እዚ ኹናት ናይ ኣብይ የምስሎ እቲ ሓቂ ግን,hate,hate,hate,normal,hate
1636295416768614400,እምቢ በል ንመለኽቲ፥ እምቢ በል ንመግዛእቲ፥ ሓርን፡ ዓድኻ ኣድሕን!!,hate,normal,normal,normal,normal
1568696135233191937,ጀጋኑ ዘሕቀቀ ስርዓት ህግደፍ ክሳብ ንባዕሉ ዝሓቅቅ ቃልስና ቀጻሊ ኢዩ።,hate,hate,hate,hate,hate
1634196245001502724,@USER አመርካ ትቀንአላ ኤርትራ ?ናቅፋ አርማ ህግደፍ ሒዛ ?ትሪፋ?ኩራዕ ኤርትራዊ ?ጽላት ብጽላት,hate,hate,hate,normal,hate
1488196046828285969,@USER @USER ሃሳስ! ኣይ ህግደፍ እንድዩ ማይዶ ጨባ ኣጫዊትካ። ኦሮሞ ኣለ ኣምሓራ ኣለ ዝነበረ ናብ ዓጋመ ኣሎ ተንቤን ኣሎ ከም ትብሉ ጌርኩም። እቲ ቁምነገር,hate,hate,abuse,abuse,hate
1492430638275870723,ናብን ካብን ትግራይ ልዕሊ 8 መማረፂ መንገዲታት ኣሎን ነይሩን። ቕድሚ 6 ዓመት ዝተሰርሐ መንገዲ ከም እንኮ መእተዊ ተገይሩ ንምድንጋር ዝቐርብ ሓሳዊ ተረኽት narration ነዚ,hate,normal,normal,abuse,normal
1525759437809537026,ኣብ ኒውዮርክ፡ ኣብ ሓደ ሱፐርማርኬት ብዝተፈጸመ ዓሌታዊ ዝተባህለ መጥቃዕቲ ሰባት ሞይቶም #Tigray #Ethiopia #Amhara #Oromo,normal,normal,normal,normal,normal
1608053329359212545,እቲ ጠላም ትግራይን ሰራቒ ፖለቲካዊ ባህጊ ትግራይን ጉጅለ ደብረፅዮን ድሕንነት ኣብ ትሕቲ ወሪቲ ኤርትራን ኣምሓራን ዘሎ ኣበ 5ተ መሰረት ገይሩ እቲ CoHA ብዘይምፍፃሙን ህዝቢና እ,hate,hate,hate,hate,hate
1570706083425161217,መን ዩ ኣብ ዓለም ሕጊ ሎ ዝብል። ኣብ ዓለም ስርዓተ ጫካ ኢዩ ዘሎ። እቲ ዓቢ ዓሳ ነቲ ንእሽቶይ ዓሳ ይውሕጦምዕራባውያን ንሰን ዘውርድኦ ጉድኣት ኣብ ድኻታት ሃገራት ፣ሓላል ፣እተን,hate,hate,hate,normal,hate
1582831823037829121,@USER @USER ይቅሬታ ዳ እንበር ብስምዒት ምዝራብን ሓቅን በበይኑ እዩ፡ ናይ ኣፍሪቃ ጸገም፡ ድኽነት፡ ምስፍሕፋሕ ናይ ሰይጣናዊ ኣምልኾታት፡ ውግኣት ኮታ ኩሉ,hate,normal,normal,normal,normal
1503091269161132038,ህግደፍ መምህሮም ኢዩ።ህግደፍ ግና ኣዚዩ ምስጢራዊ ኢዩ።ንኣብነት ንኢብራሂም ዓፋ ቀቲሉ ንጉዋሉ ግና ከም ብጽቡቕ ኣዕብዩዋ ይብሃል።ሓዊ ኣብራሃም ተወልደ እውን ኣድናቒ ኢሳያስ ኢዩ ይብ,hate,hate,normal,normal,hate
1561286992914255872,@USER @USER @USER ጀርመን እንታይ ከይጎድላ እዩ። ኣፍካ ኣድብ ድኣ ናብ ባባ ኢሳያስ ከይመልሱኻ። ሓባል,abuse,abuse,abuse,abuse,abuse
1640501958518923264,@USER ደደብ ምስ ንትግራይ ቀቢርዋ ዝኸደ ስብሓት ኣዋጊዔ እልካስ ዘረባ ቦልቧል,abuse,abuse,abuse,abuse,abuse
1635317918094483456,ሕጂ ውን ጹኑዑን ጽፉፍን ውደባ የድልየናሎ ህግደፍ ብስም መዓልቲ ናጽነት ኢሎም ዳንከራ ኩናትን እምባጋሮን ከይገብሩ ብፍላይ እቶም ናይ ሕጊ ምሁራን እዚ መንእሰይ ብስሚዒት ኣብ ሓደጋ,hate,hate,normal,normal,hate
1553860681455353856,ጸርፍስ ብቕዐት ተቖጺሩ???? ከምዚ ወዲዚ ድኻ ሓንጎል ዘለዎ ሰብ ርኤ ኣይፈልጥንየ። ዋላ እቶም ደቂ ማሕበሩ ፈንፊኖሞ። ምኻን ከኣ ደድሕሪ ወያነ ዝኸደ ብጀካ ድንቁርና ካልእ ኣ,hate,normal,abuse,abuse,abuse
1491288400636563457,@USER ህግደፍዩ እቲ ጸላኢ፥ ካልእ ጸላኢ የለን!,hate,hate,hate,hate,hate
1624678276378624000,@USER @USER ኣብ ሕሉፍ ኣይንንበር ነቲ ንሕበነሉ ጅግንነት ኣቦታትና ነባሪ ክኸውን እንተኾይኑ ቁጠባ ሃኒጽካ ገንዘብ ሒዝካ እዩ ዝዕቀብን ነባሪ ዝኸውን ድኻ ኮይንካ ትዕቅቦ ጅግንነትን ታሪኽን የለን.,normal,normal,normal,normal,normal
1629563786435649536,ንተራ ወዲ ድኻ ትግራዋይ ኣጆኻ እንዳተባሃለ ናብ ሕዊ የእቴሞ። ወለዶም ደቂ ደቆም ይትረፍሲ ደቆምውን ኣይረኸቡን። እዚ ኸኣ pride እንዳበለ ኣብ ሓዊ ዘእተዎም መናእሰያት ድሮ ረሲ,normal,normal,normal,normal,normal
1640060945899704320,@USER ንኢትዮጵያ ካብ መንግስቲ ኢትዮጵያ ንላዕሊ መን ይሓመላ፧ ብዛዕባ ሃገርካ እንተትሓስብዶ ኣይምሓሸን ጻዕዳ ወያናይ። ክንድዚ ንወያነ ትሓመላ ዘለኻስ ንሃገርካ ክንድኡዶ ትሓመላ፧,abuse,hate,hate,abuse,hate
1550572406095454211,@USER @USER ህግደፍውያን ምኽሓድ ኣመልኩም እዩ :: ኣብ 2013 ነቶም ኣብ ላፓዱዛ ዝጠሓሉ ኤርትራውያን : ኣፍሪቃውያን ስደተኛታት ኢልኩም ከምዝኸሓ,hate,hate,hate,hate,hate
1544983956650692609,@USER @USER ምቅባጽ ዶ ኣቢኩማ ነዛ ከዳዕ ሃገር፡ ኣያ ካብ ዝብእስ ዓጽሚ ይበሃል፡ መን ንመን እዩ ኣፍልጦ ክህብ ንጽበ ዘለና፡ ኣብ ዘርብሓና ነድህብ፡ ኢት,hate,hate,hate,normal,hate
1492241009081729026,@USER @USER @USER @USER @USER ኢዛ ጭራም ፡ ሶፍት ዓጋመስ ግደፋ ድኣ። ሎምስ ክኣ ብዕሊ ናይ ሕውሓት ኤጀንሲ ምኻና ኣፍሊጣ።,hate,hate,hate,hate,hate
1494436375361474561,@USER እቲ ረሳሕ ቃላትካ እሞ ኣክቦ:ድሓር ርግእ በል።ሃገርካ ህዝብኻ ሰራዊትካ ምፍቃር ባርያ ዘብል እንተኾይኑ:እወ ባርያ ኢየ።ከምዚ ናትካ ኣንጻር ዝኾነ ድማ:ከዳዕ ይ,abuse,abuse,abuse,abuse,abuse
1563093319617392643,@USER ትማሊ ካብ ሓደ ዑሱብ ናይ ህግደፍ አብ ስዊዝ ዝተለጠፈ ጽሑፍ። ናይ ሓሶት ክኸውን ይኽእል እዩ????@USER @USER,hate,abuse,abuse,abuse,abuse
1492352605888126988,@USER ኣታ እንጀራ ዓለም ብላዕ ።ዓሻ ጽቡቅ ኣሎ ዘመድ ዓሻ ከፊኡዎ ኣሎ።,normal,normal,normal,abuse,normal
1579174652425142272,@USER @USER ከመይ ዝበሉኻ ውጅቡር ኣባል ህግደፍ መንደፍ ኢኻ ወደይ . ትርጉም ነጻ መድሃኒት ከተረድኣና ትፍትን: መጀመርታ ንሰብ ከም ሰብ ነዚ ኩሉ ኤርትራዊ,hate,abuse,abuse,abuse,abuse
1594814382663520257,@USER ዕስለታት ነዚኣ ይመስሉ። ቅድሚ 2ተ ሰሙን እናተዛራረቡላ ዘምሰዩን እንታይ ንማለት መሲልኩም? ዩናይትድ ኮይና ጆኖሳይድ ንዝፈፀሙልና ኣካላት ናብ ሕጊ ምቕራብ ንኽእ,hate,hate,normal,hate,hate
1590110686742728705,እዋይ ጉጅለ ህግደፍ ?ቁዘማ ጀሚራ,hate,hate,hate,normal,hate
1554613198946504714,@USER @USER ህግደፍ + ኦነግ ?ምስ ዝረከበቶ ክትሕቆፎ?እዋኢኪ ኤርትራ ?መጻወቲ ኦነግ,hate,hate,hate,normal,hate
1510335361725173760,#TigrayIsSuffering ካብዞም ሰብ ኮይኖም ሕሊና ዘይብሎም ሸይጣውንትን ካብዞም ኣደኦም ዝከሓዱ ባንዳታት ተጋሩን እዚ ከልቢ ይሓይሽ #StopTigrayGenocide,hate,hate,abuse,abuse,hate
1571931571967361025,ካብ ከሓዲ ንፅበዮ ነገር የለን። ነብሱ ዘሕሰረ ንካልእ ኣይከኽብርን።,abuse,abuse,abuse,abuse,abuse
1563430669359132672,@USER @USER በስናዕ ሓሳዊት ጓል ሓዎቦኪ ብሕማም ልቢ ጠሳቅያ ሓላፍነት ዝወስደላ ስኢና አብ ጀርመን ሂወታ ስኢና ብ ግብረ ሰናይ ሰባት ሬሳ ንዓዲ ተሰዲዱ,abuse,abuse,abuse,abuse,abuse
1585365501660008448,@USER @USER ራኪ ኣዝያ ሓሳዊት ኢያ ? ከመይ ጌራ መምህር ትኽውን እዚኣ ?,abuse,abuse,abuse,abuse,abuse
1501644735626178561,ERISAT:NEWS ዜና | ኣመሪካ ኣብ ማእሰርቲ ህግደፍ ንዘለዋ ደቂኣንስትዮ ዘኪራ via @USER,normal,normal,normal,normal,normal
1489477725190602752,እዞም ወረርቲ ሓይልታት ካብ ዝሓዝዎ መሬትና መሬት ምዕራብ ትግራይ እንትርፊ ተዘቢጦም ብሓይሊ ክወፅኡ ብድርድ ኮነ ብካሊእ መንገዲ ክወፅኡ ከምዘይክእሉ እዙይ ሓደ መርኣያ እዩ,hate,hate,hate,normal,hate
1483502333317173248,@USER @USER ህግደፍ ጽልኢ ኽጽሕትር ከይደቀሱ እንድዮም ዝሓድሩ። ብዛዕባ መግዛእቲ ጥልያን ካልኦት ታሪኽ ዘየዉርሱ። መግዛእቲ ጥልያን ኸስፋሕፍሑ ንኢትዮ,hate,hate,hate,hate,hate
1637936554441326592,ተጋዳላይ መሓረና ናብ ኤሜሪካ ተሰዲዱ ኣብ ልዕሊ ብጾቱ ስንኩላን ኵናት ዝተፈጸመ ግፍዒ ክገልጽ ኣብ ዝፈተነሉ : ህግደፍ ብዝላኣኾም ሃሱሳት ዘጋጠሞ ናይ ሓሶት ጸለመ ብኸምዚ ይገልጾ ??,hate,hate,normal,abuse,hate
1636289756295307264,@USER @USER @USER እንታይ ገደሰካ ናትካ ግበር ቆንዳፍ ዓጋመ?,abuse,hate,hate,hate,hate
1482461212927528961,@USER ኣየ ወያነ ባእልክን ቲተኻትኻ ዳሓር ከኣ ተደብዲብና ትብላ,hate,hate,hate,abuse,hate
1569255805618110465,@USER @USER ኣቡዕር ንወድኻ መብረ ሂብካ ንሰዓታት ?? ?? በፂሕኻ ምልስ እንድዮ ንቡር ለባማት ወለድና ዝገብርዎ!!,normal,normal,normal,normal,normal
1623071067639099395,@USER @USER @USER ንስኻ ናይ ዓለም ሓሳዊ ኢኻ። ብሓሶት ክንረወሰን ጨቢጥካ ኢኻ። ሓሶት ንዓኻ ባህላዊ ጨዋታ ኢዩ። ሓሳውን ቆርበትን,abuse,abuse,abuse,abuse,abuse
1561264297153642497,@USER @USER @USER @USER ኣታ ቆዳር እድጊ! ተወልጄ ሓው ፋኖ! ካብ ድሕሪ ሕጂ በትረይ በትርኻ እዪ ኣብ ፈስቲቫላት ህግደፍ መ,hate,hate,abuse,abuse,hate
1647345498645307402,ኣብ #ሱዳን ጀሚሩ ዘሎ ኵናት ሕድሕድ : #ኢድ መራሒ ግብረሽበራዊ ጉጅለ #ህግደፍ ዝኾነ ኢሳያስ ኣፍወርቂ ኣሎዎ ዝብል ሞጎት ትሰማምዐሉዶ ? ትሰማምዕሉዶ ?,hate,hate,normal,abuse,hate
1641839422927667211,@USER መሰኪን ኣኻልብ ህግደፍ ዓቕለን እምበር ጸቢብወን፡ ደቡብ ኣፍሪቃ፡ ሩስያ ክብላ እዘን ዕሙሳት ብዛዕባ ኤርትራ ኣጀንዳን ራእይ የብለንን,hate,hate,hate,hate,hate
1572499061693120514,@USER @USER ወያነ 2020 ጸወታ ኣብቂዑ ኢዩ፡ ዓሻስ ክሳብ እምኒ ዝውዳእ ገበጣ ይጻወት፡ ዝብልዎ ክርምዚ ኢዩ፡,hate,hate,hate,hate,hate
1543338986709581826,@USER @USER ኪድ ማሕዮ ወያነ ! ሚዛናዊ ጸሓፍ ፡ ወያነ ኣብ ልዕሊ ኤርትራ ዝበደልዎ ይኸፍእ ካብ ህግደፍ ኣብ ልዕሊ ትግራይ ዝገበርዎ ! ታሪኽ ኣጽኒዕካ ምጻእ,hate,hate,abuse,abuse,hate
1603309030528716800,@USER እዚ እኮሞ ምስቲ ንትግባረ ቅዋም ዝሓንገደ ህግደፍ ምስ ዝእለ እዩ። ንስኻ ግን ህግደፍ ክእለ ትደልዮ ኣይኮንካን።,hate,hate,hate,normal,hate
1516837651495763968,@USER አለም ንሰረቅቲ ሓጋዚት ኮይና ንብረት ተጋሩ ንየማነፀጋም ይጓዓዝ አሎ ፍትሕ ንህዝቢ ትግራይ,hate,normal,normal,abuse,normal
1578659207800229888,@USER ክክክክ እንታይ ንጨኖኦም ዲኻ ኣላሊኻዮም ቅድሚ ሕጂ ደቂ ሰራየ ኢልኩም ዝገበርኹሞ ኣይረሳዕናዮን እሞ ሰራየ ገለ ኣይትብል ድንቆሮ ድኻ ናይ ሓንጎል ኣይትኹን ቀደም,hate,abuse,abuse,abuse,abuse
1646047906812526593,@USER ብሽም ኤርትራ አይትሸቅጥ ሌባ !!,abuse,abuse,hate,abuse,abuse
1553313191467294722,#EritreaPrevails ሮቤል፡ ወዲ ያሬድ፡ ወዲ ቱኮቦ፡ መንግስቲኣብ፡ ዓንዲት፡ ሮቤል ሮቤል፡ ቆርጫጭ፡ ካልኦት ከዳዓት ደቂ ሃገር፡ ብናይ ወያነ ሳናቲም ዝከዳዓኩም ንላይክ ኢል,hate,abuse,abuse,abuse,abuse
1586634631629135872,@USER ፓፓጋሎ ንኽትሓስቢ ዘይተዓደልኪ ባርያ ህግደፍ : መነባብሮ ህዝብኪ ኣበይ ደረጃ ኣሎ ግዳ ዘይተስተባህሊ ደንቆሮ ወያነ ናቶም ኣለዎም: ኣብ ዘይምልከተኹም ኹናት ሰብ ተህልቁ ሓሰውቲ,hate,hate,abuse,abuse,hate
1492579075034169346,ትግራይ ዓደይ መበቆል ኩሉ ነገር ኢኺ ኣጆኺ ኣለና ደቅኺ ኩሉ ክሓልፍ ስላም ክኸውን,normal,normal,normal,normal,normal
1514975871173603335,ምርግጋጽ ፡መሪሕ ተራ መንእሰይ ህግደፍ ! #16thYPFDJEUROCONFERENCE,normal,normal,normal,normal,normal
1493142789391110145,@USER እንተ ዘይጠሊሞ ንኣሉላ ኣባነጋ ኸይጠልምዎ ኢሎም እዮም እንበር እዚ ሕማም ካብ ጥንቲ ቕድሚ ተሓኤ ኾነ ህግሓኤ ምፍጣሩ ዝሓደሮም ሕማም እዩ።ወዮ ደኣ ወያነ ካሕዳማት,hate,hate,hate,abuse,hate
1515388462408642562,ኣሜርካ ግን እንታይ እዩ ድሌታ? ብሰንኪ ዕሰለ ወረርቲ ህዝቢ ትግራይ ክረግፍ እንኮሎ የሻቅለኒ እንዳበለት መቅዘፍቲ ህዝቢ ትግራይ ይዘናግዕሉ ነይሮም። ሕዚ እውን ትግራይ ሃገር ንከይትከውን ዋና መሰናክል ትኮን ኣላ።,hate,hate,normal,normal,hate
1616560607171432450,ካስዕ ዝምልከቶም ዓለምለኸን ትግራይን ኣካላት ዕላዊ መግለፂ ዝህቡ ናይ ህግደፍ ናይ ሓሶትን ፕሮፓጋንዳን መሓውር ብዝዘርገሖ ወረን ስእልታትን ካብ ምዝራብን ምፅሓፍን ንቆጠብ። let,hate,hate,hate,hate,hate
1483317773052915714,@USER ኣነ መዓስ ኮይነ ብኩናት ብወያነ ጌረ ዓዲ ሃሎ ክኣቱ የ ዝብል ዘለኹ ንስኻን ኪሮስን እንበር ስለዚ እንተ ደኣ ሓቂ ኣለኩም ካብ ነታ ንባዕላ ኽትከዉን ዘይከኣለት ሽለ,hate,hate,abuse,abuse,hate
1514607279043067918,@USER @USER @USER ህግደፍን ሓሶትን ብሓደ ኢዮ ዝጓዓዙ ። ህግደፍ ብሓቂ ብሓሶት ዝተነድቀ ስርዓት ዓዋሉ ኢዩ ።,hate,hate,hate,hate,hate
1591143838433054722,@USER ወይልኻ ከዳዕ ብህወት ከሎ ሬሳ እዮም፡,abuse,abuse,abuse,abuse,abuse
1510524973433118721,@USER @USER @USER ብዕሉግ እዚ እቲ ነውራም ስነ ምግባርኩም : ግለት ድማ በዓል ንስኻ እኹም :: ኪድ ናብቶም ከማኻ ዝበሉ !,abuse,abuse,abuse,abuse,abuse
1541688357725818880,@USER እሞ እንታይ ደኣ ሓዘኩም ንሕወሓት ካብ ምጥፋእ። ህግደፍ ፡ ኢትዮጵያ ምስ ድሮናትን ምዕቡል ኣጽዋራን ኮ ንወያነ ኣየጥፋእኩሞን። መሊሱ ከማን ሰዊዱ ኣብ መቀለ ኩድም ኢሉ ይፍክረልኩም ኣሎ።,hate,normal,normal,normal,normal
1488633051097833478,ወረርቲ ሓይልታት ካብ ሕዛእቲ መሬት ትግራይ ከይወጽኡ፣ ኩለንተናዊ መሰላት ህዝቢ ትግራይ ከይተረጋግጸ ዝግበር ልዝብ የለን:: ፕረዚደንት ዶ/ር ደብረፅዮን ገብረሚካኤል,hate,normal,normal,normal,normal
1596982446616375297,#እዛ_ረሳሕ_ሽፍታ_መንግስቲ_ዓዲ_ሃሎ ፥ ክሳብ ከምዚያ ብህዝቢ ናሸቀጠት ጁቡኣ ተህጥር ዘላ ????,hate,hate,hate,hate,hate
1500533770381926405,ምንቅስቓስ ንብሩህ መጻኢ ኤርትራ :ግብረ ሽበራዊ ጉጅለ ህግደፍ ኣብ ጉዳይ ዩኩሬን ዝወሰዶ መርገጺ ብትሪ ኮኒኑ:: ብሩህ መጻኢ ክንዮ እቲ ፖሎቲካዊ ንጥፈታት ኣብ ዲፕሎማሲውን ሓይል,hate,hate,hate,normal,hate
1646083756225183744,@USER @USER ብርሂን ኣነ ውን እኮ ከሙ ኢየ ዝብል ዘለኩ።የዕኒናያ ኢና፡ህግደፍን ከማይ ዝኣመሰሉ ኣባላት ህግደፍን ኢና የዕኒናያ ዓዲ። ሓላፍነት ንውሰድ እየ እኮ,hate,normal,normal,normal,normal
1492557078673911813,በስመ አብ ወወልድ ወመንፈስ ቅዱስ አሐዱ አምላክ አሜን ንድኹም ሓይሊ ይህብ፡ ንስኑፍ ከኣ ብርታዔ ይውስኽ። ምሳኻ እየ እሞ፡ ኣይትፍራህ፡ ኣነ ኣምላኽካ እየ እሞ፡ ኣይትሸበር፡ ከበ,normal,normal,normal,normal,normal
1515013295811567619,ብርግጽ ክልቲ ኣሕዋት ህዝቢ ዝኾነ ጸገም የብሉን ! ፍሽሽታውያን ልፍንቲ ህግደፍን ደርግን ንዓና ብፈንጂ ሓጺሮም ብስቓይና ከሽካዕልሉ ኣይከነፍቅደሎምን እና:: ብልጽቲ ደርፊ??,hate,hate,hate,normal,hate
1485381054211014664,ወያነ ዘይትምህዞ ሰለዘይበላ አብ 200-2001 ረፊጂ ካንፕ ከፊታ ኤርትራዊያን ዘይኮኑ ተጋሩዮም ተጠቂሞምሉ ሐጂ ክአ ዘይወጸ ክተወጽእ ወይ ባሎም ክወጽሉ ተዘይኮይኑ አበይ ዘሎ UNHC,hate,hate,hate,hate,hate
1590406779770654721,Teddy Press ኣኼባ ፈልሲ ኣብ ጀርመን / ኣተሓሳስባ ህግደፍን ኢትዮፕያን / ውዕል ሰላም,normal,normal,normal,normal,normal
1653969833833160708,@USER #Eri ለማኒ ግደፎም ተጋሪ ሐሪሾም ይብሉዑ።ብሕዝብኻ አይትሸቕጥ።ኢትዮጵያ ለምለም ሃገር ኢያ ፡ብ አኻን ዝኸማኻን ግና ዝደኸየት ሃገር ተባሂላ።,hate,abuse,abuse,abuse,abuse
1557444319983935488,@USER @USER ከደምቲ ኮይኖም ከም ኣመንዝራ ስለ ዝሳዕሱዑ ድዮም ወይስ እቲ ረሳሕ ታሪኾም ክትሓብኦ ደሊኻ ? ንገረና ስከ ጥማዕ ውዒጊን !,abuse,abuse,abuse,abuse,abuse
1613987132791525385,@USER አንታ ሌባ ካባኻ ድአ ስርቅን ባንዳነት እዬም ዝመሃሩ ናይትግራይ መናእሰይ እቶም ጀጋኑ አያታትና እንተ አጥፊኦም እውን ሰባት እዬም ካብኡ ካዓ ምስ,abuse,abuse,abuse,abuse,abuse
1484087917874135040,#TPLFisaTerroristGroup እዚእ ምስ ራእየ እዩ ዒይኑ ደም ዝመልኦ። ርጉማት ጎሮቤት።,hate,hate,hate,hate,hate
1488968265699409925,@USER @USER @USER @USER @USER ሰላማዊ ሰብ ብሕሰም ምብዳል ሰይጣናዊ ጭካነ እዩ አምላኽ ይርእያሎ ኩላ ወያነን ሻዕቢያን ይራ,hate,hate,hate,abuse,hate
1485348494047125515,@USER ማዕጺድ ትክ ክብል ይቀልል ። ኣብ ኢድ ወያነ ዝነበር እንተሃለ ምልእኣክ ኢዩ ናይ ኣዘዝቱ። ወያን ብርእሳ ወሲና ኣይትፈልጥን,hate,hate,hate,abuse,hate
1553182446400716800,@USER ዓዋን ህግደፍ ሰብ ይሃንጽ ንስኻትኩም ድማ ሽም ኤርትራ ከተጥፍኡ ትውዕሉ ቕድመኻ ካብ 30 ዓመት ንላዕሊ ዝተቓወሙ ሓንቲ ከፍርዮ ኣይረኣናን,hate,hate,abuse,abuse,hate
1567055333897506817,@USER ኣሜን ህግደፍ ዝበሃሉ ገዛእቲ ጠፊኦም እቶም ደቀባት ተረዳዲእና ዓድና ንምለሰሉ ይበሎ,hate,hate,hate,hate,hate
1578100227365834753,@USER ዓሻ . ህይወት ሰበይትካን መንእሰይ ኢሬትራን ሂወት ናይ ባዕልካ ብኮንቱ ኣባኪንካ ዘይትምሃር ደንቆሮ.Tigray will Survive and Win ??,abuse,abuse,abuse,abuse,abuse
1483922180832436225,@USER @USER መስኪናይ ህግደፍ ሎምሲ ከደንግጸኒ ጀሚሩ ንበዓል ንስኻ ተሰኪሙ ይኸይድ ምህላዉ ! ህግደፍ ባጎኒ ኮይኑልኩም በቃ !,hate,hate,hate,abuse,hate
1585538683960233984,ህግደፍ ኣለኹም ዶ ውሕውሕ በሉስከ ከም ኣመልኩም ዘይ ብጸርፊ ኢኹም ዲግሪ ሰቒልኩም ጥሪት ባራዩ።,hate,hate,hate,hate,hate
1615078206524063744,@USER መራት ንስኺ ትግራወይቲ እንታይ ኣፍሊጥኪ ብዛዕባ ታሪኽ,hate,hate,abuse,abuse,hate
1493291206071177217,@USER @USER 100 ጽቡቕ ኣለኻ :: እዛ ብእርጋን ጠስጢሳ ዘላ ጭፍራ ህግደፍ ነንሕድሕዳ እንዳ ተቐባበረት ጓድጓድ ትሰፍር ኣላ :ገዲፍቶም ትኸይድ ዘላ ካብ,hate,hate,hate,hate,hate
1590826354215469061,@USER @USER ኣታ ግናይ እባ ምልምል ፈሪሒኻ ድኻ ፅባሕ ዳኛ ተኾይኑ ን @USER ከየዳሉ????,abuse,abuse,abuse,abuse,abuse
1556441865536376832,@USER ድኽመት መንግስቲ ትግራይ እዩ አዝሩ ናይ ምሕሳብ ዓቅሚ ድኹም እዩ ናይ #Obasanjo ናብ መቀለ ሚምልላስ እዙይ እዩ ዘርኢ ከምቲ ናይ ወታደራዊ ኮማንድ,hate,hate,hate,normal,hate
1632138819225935875,ኣብ ህግደፍ ተስፋ ክህልወካሲ ከመይ ዓይነት ሰብ ክትከውን ኣሎካ ኢለ ሓሲበ ዋላ ዝኾነ ክመጻለይ ኣይከኣለን። ኣብ ህግደፍ ተስፋ ክህልወካሲ ከመይ ዓይነት ሰብ ክትከውን ኣሎካ፧እስከ,hate,hate,hate,normal,hate
1636480356416102400,@USER @USER @USER @USER @USER እቶም ትማሊ ናብ ህግደፍ ዝሰለሙ እኮ ገዲዶምና ??,hate,normal,abuse,abuse,abuse
1573017067145396225,ዘሎናዮ መድርኽ ሓቅነትን ቅኑዕነትን ህዝብን መንግስትን ኤርትራ፣ፍሽለትን ሕፍረትን ወያነን ጎይቶቱን።,hate,hate,hate,hate,hate
1561127898030940161,ጀጋኑ ደለይቲ #ፍትሒኤርትራውያን ብኣ ሆላንድ ሽወደን ጀርመን ብዝገበርኩምዎ ሃንደበታዊ ዕውት ስሪሒት ጸረ #ህግደፍ። ይበል ቃልሲ ፍትሒ ተወሊዓ ። በቃ ህግደፍ መንደፍ ብሰላሕታ ን,hate,hate,hate,normal,hate
1654414064838225920,@USER እንታይ ዝፈልጥዋ እሞ ኣለዎም፡ ደቂ ህግደፍ ኣብ ዲሞክራሲ ንጹሃን ኤርትራውያን ድማ ኣብ ጭቆና ፡ ግበር ኣይትግበር፡ ተባሂሎም ኢዮም ሒዞማ ዘለዉ፡ ቴለፎን,hate,hate,hate,normal,hate
1551401935701516288,@USER @USER @USER ቁልጡፍ ምዕባለ አስመራ ካብ ዕስለ ?አካልብ?ናብ አዛብእ ?ኩራዕ ኤርትራዊ,hate,hate,hate,hate,hate
1515434849032617988,@USER ኣነስ ማዕረ ክንደይ ነውራማት ምኻኖም ሰብ ክፈልጦም ጽቡቕ እዩ ምበልኩ :: ምኽንያቱ ንሳቶም ብዝተፈለየ ኣገባብ ኣጋኒኖም ኣውንታዊ መልክዕ ከትሕዝዎ ስለዝፍትኑ ::,hate,hate,abuse,abuse,hate
1491699485109624838,እዋይ ዓጋመ ናይ በሓቂ ትኩፉእ ትርኢትኩም ከምዚ ይመስል ኔሩ፡ ኣይ ሃፍቲ ኢትዮጵያ ሰሪቅኩም ተለዊጥኩም እንዲኩም፡ ግን ጽጋብ በዚሑ ፈራዕ ፈራዕ ኢልኩም እንሄለ ድማ ሕጂ መዝሓሊ ረኪ,hate,hate,hate,hate,hate
1658629163522174980,@USER @USER ዘሚትና ዲካ ትብል ዘለካ ናራ ሓወይ፤ በቲ ሚሳኤል ናይ ጦቢያ በዚ ኣሓ። ኣታ ወዲ ንሕና ብዘርዕና ሰራቂ የብልናን ኣይትለክመና??,hate,normal,abuse,abuse,abuse
1584831317493284872,@USER ህግደፍን ምልኻዕን መለለይኦም,hate,hate,hate,hate,hate
1478505038691684355,@USER @USER ዓሻ ምዃንካ ዲኻ ከተላልየና ደሊኻ!,abuse,abuse,abuse,abuse,abuse
1495103840567320578,@USER ኣኞና እቶም ዘዕፅውና ዘለው ሓሳዳት ናይ ኢዶም ኣይሳኣኑ እንተንሕና ምኽፋት ኣይንታሃከይ ሓደራ ንህዝብና ድምፂ ንኹን።????,normal,normal,abuse,abuse,normal
1569931987183337472,እዞም ናይ ህግደፍን ናይ ኣምሓራን በራዩን ኣብዚ Tiwetter ክትጽሕፉስ ኣይትሓንኩን ዲኩም ንሓንቲ ክልል ትብልዋ ዓዲ ትምር ጦር ጌርኩም ተዋጊእኹም ብኩሉ ግንባራት ከም ጆያ ተጣ,hate,hate,abuse,abuse,hate
1557397641444691968,ኣምባሳደር ህግደፍ ኣብ ኬንያ በየነ ርእሶም ምርጫ ብዲምክርስያዊ መገዲ ንኽግበር ተዓዛባይ ኮይኑ ቀሪቡ ኣሎ። ምርጫ ብዘይ ቀጠፍጠፍ ከም ዝተኻየደ ናብ ዓዲ ሃሎ ጽብጻብ ኣቕሪቡ ኣሎ??,normal,normal,normal,normal,normal
1636852131817836544,ኣብ እንዳ @USER ዝመጹ ምሩጻት መጸጽቲ ሰባት - ትግሪኛ ዝበሃሉ ህዝቢ የለን ይብሉና። ህግደፍ ድማ፥ መዓልቲ ሕጊ ይክበር! ስግንጢር ዝኮነ ዝምድና ምስ ክውንነት! ክልቲኦም,hate,hate,normal,normal,hate
1486990259506319362,@USER @USER ክላ ዓንዛር ንህቢ ኣድጊ ብንእስነቱ ኣትሒዙ ንህዝቡ ከምዝወፈረ ስእሊ ዘመስክር ኢዩ እዚ እስከ ሓደ ካብ ህግደፍ ንህዝቡ ክሳዱ ኣቅኒዑ ዝካታዕ,hate,hate,abuse,abuse,hate
1545844859730382848,@USER @USER @USER ኽምድሊቱ ይኹን ህግደፍ ናትና እዩ ናትኩም ግበሩ ዝደቀሰ ሰራዊት ዝጭፍጭፍኽሞ ይአኽለኹም እሞ የለን ደናቁር።,hate,hate,hate,abuse,hate
1607825260782706689,@USER ኣየ ጭፍራ ህግደፍ ?በጊዕሲ ምስ ሓራዲኣ ትውዕል,hate,hate,hate,hate,hate
1482430433631555589,@USER ዕንደራ ወያነ ዕንደራ ወያነ በቃ ካልእ ዘረባ የለን 23 ዓመት ወያነ ወያነ ብዘይ ሕንከት ካልእ ዘረባ የለን እቲ ጽቡቕ ነገሩ ግን እታ ሃገር ከም ዝዓነወት ኣግሂዱ ምንጋሩ ተስፋ ከምዘይብላእ,hate,hate,hate,normal,hate
1505013897190801412,#500DaysOfTigrayGenocide ዓለም ሓሳዊት! ልዕሊ ዓመትን ፈረቓን ዝገበረ ዘርኢ ምፅናት ትግራይ ብሽሙ ዘይፀውዕዎስ: ብክልተ ሰሙን ውግእ ዩክሬንን ራሻን ብሓደ እግራ ጠጠ,hate,normal,normal,normal,normal
1546588196586156032,@USER ሓሳዊ ስንቅን እንዳሓደረ ይፈኩስ?ድሕሪ 3 ዓመት አሉ ቀጣን ?ሕጂ ድማ ?ምቅናይ ጥራይ,normal,abuse,abuse,abuse,abuse
1491498112145317894,ሃይማኖት አልቦ ህግደፍ ?ጋይላን ኩናትን ጥራይ,hate,hate,hate,hate,hate
1514113911620091907,@USER @USER ህግደፍ ባርያ ናይ ቻይን ናይ ሩስይ ናይ ኢትዮጵያ። ጸረ ነጻነት ህዝቢ ኤርትራ እዚ ጅግና ኢዩ ወዲ ህዝባዊ ግንባር ሓርነት ኤርትራ,hate,hate,hate,hate,hate
1482459606332944387,@USER @USER @USER @USER @USER @USER @USER ህግደፋውያን ዘይምምሃሮም ጠቒምዎም እምበር፣ ክልተ ኩላሊት ከምዘለዎምን,hate,hate,hate,hate,hate
1482723376913391621,@USER አታ ወዲ ሸርሙጣ ናይ ሻእቢያ እንስሳ እስካስ ከም ሰብ ነዚ ጀግና በየናይ ብቅዓትካ እዩ ሽሙ ክትጽውእ ዘይትሀፍር እንስሳ ሀቑ ፈቲኹም ጸሊኢኹም ባህሪ ትግራይ,hate,abuse,abuse,abuse,abuse
1566892077086121986,እዛ ሓሳድ ወያነ ተቀቢራ እፎይ ዝብሉሉ ግዜ የምጻኣሎም ኣርካናትና ዘይድገሙ ፋጡራት.,hate,hate,hate,hate,hate
1590999724324278272,@USER @USER ረሳሕ ሓሶት ስንቁሞያካ ትነግረና ኣለካ ትገብርዎ ኢኩም ኣቀዲምኩም ትብልዎ ቀንዳፋት ነቃዓት እግሪ,hate,abuse,abuse,abuse,abuse
1573181658534223883,በል እታ ትፈርሓ ወያ gameover መዓልታ ቆጺራ ለመም እንዳበለት ከም ሰራቂ ደበኽ ኢላ መጽያትካ። ፈገር ግዕዘ!!! ወዮም ኣኽላባት ውሑ ዝብሉ ዝነበሩ ምሳኻ ግደፍ ከድሑንኻ ባዓ,hate,abuse,abuse,abuse,abuse
1628348655924088832,3] ትግራይ ኣብ ፖለቲካዊ ጠላዕ ተሸሚማ ኣብ ስኽራን ትርከብ። ኣብ ሚዲያታት እናወፃእኻ ሰራዊት ትግራይ ዝብተነሉ ሽርሓዊ በለካ ለኸዐካ ምንዛሕ ፖለቲካዊ ፋሽን ውድባት ትግራይ ኮይኑ ኣሎ።,hate,normal,normal,normal,normal
1595175096506847234,ሓሳዊ ጻድቃን ወያኔ ወይ ትግራዋይ ኽገብሮ ዝኽእሎ ነገር የለን ትብትና የብልካን ትእክቦ የብልካን ስሬ ፈትህኻ ተአለይ,hate,hate,abuse,abuse,hate
1495163549563371523,@USER ሓለይቲ ክትመስሉ ከኣ ብኽብሪ እቶም ዝጠለምኩሞ ትምሕሉ ኣዛብእ ህግደፍ!,hate,hate,hate,hate,hate
1620458442136887298,@USER ሻዕቢያ ብምድካር ወያነ ብምፍካር መወዳድርቲ ዘይብሎም ውድባት እዮም,hate,hate,hate,hate,hate
1575754024602963969,@USER #ሚስተር ሓሳዊ ሚስተር ገንዘብ ሓዉ ንስኻስ ሰብ ዲኻ ዕንጉለ? አይንርስዕን ኢና እቶም ንህዝቦምን መንግስትን ኤርትራውነትን ዝትንክፍ ወይሊኡ። ኪድ ጥራይ ወያነ,hate,abuse,abuse,abuse,abuse
1658162693558218781,ዘበንኻ ኢዩ ህዝበይ ውሉድኻ ዚሰደዲኻ ንበረኻ ዋልታ ኢምበር ናይዛ ኩሉ መሃደር ሃገርኻ ኣረክቢ ህወቱ መጢዉ ኢሉ ኣነን ህወተይን ነዓኻ ጅግና ወልኺ ኣደ ኤርትራ ኑሱ ይብላ፥ንሳ ድማ ኾ,normal,hate,normal,normal,normal
1512541016196370438,ካባኻስ እንታይ ገዲፈ ጸሪፈዮ ኢልካ እንዲኻ።መጀመርታ ህግደፋውያን ድፉናት የእምሮ ስለዝኾንኩም እምበር ዓጋመ ጸርፊ ኣይኮነን ክትፈልጥ።ኣነ ኻኣ ዓጋመ ኣይኮንኩን ካልእ ደረጃይ ስለዘይ,hate,hate,abuse,abuse,hate
1614672345238568962,@USER @USER ቦጅባጅ መዓልትኹም ቀሪባ እያ እልፊ ናማንካ ሌባ,abuse,abuse,abuse,abuse,abuse
1500377255893209088,@USER ህግሓኤን ህግደፍን ሓደ እዩ : ዝመርሖ ዘሎ ውን ሓደ ኢሳያስ እዩ እንተበልናዮም : ገለ ሰባት ዝምሉስልካ እወ ግን ኣባላት ህግሓኤ ዝነበሩ ግን ምስ ደለይቲ ፍት,normal,normal,hate,normal,normal
1588645405482692608,@USER @USER ካብ ደገፍቲ ህወሓትን ህግደፍን ንምርዳእ ምፍታን፡ ስቕ ምባል ኣዝዩ ይምረጽ።,hate,hate,normal,abuse,hate
1487553006509961221,ህ ህዝባዊ ው ወያነ ሓ ሓለንጊ ጥምየት ት ትግራይ #TPLF_Kills #TPLF_Starves #NoMore,hate,hate,hate,hate,hate
1638752044193554433,@USER ኣንታ ሰሌ ሓወይ ብማዓኮርካ ድዮም ኣውሒጦምካ ኣንታ ንኡሽተይ ንዓድኻ ኣይትሓስብን ዲኻ,abuse,abuse,abuse,abuse,abuse
1495144966909222913,@USER እቶም ናይ ወያነ መራሕቲ ዝበሃሉ ክሞቱ ስለዘይደልዩ ውን ይኸውን ቆልዑ መራሕቲ ዝገብርዎም ዘለዉ።,hate,hate,hate,hate,hate
1615288573149810688,@USER @USER @USER @USER @USER @USER @USER @USER ብኸ ኣብዚ መጺኻ ኣንታ ሓሳዊ,abuse,abuse,abuse,abuse,abuse
1526768808685445121,@USER ናይ ጸላእትና ዝዓበየ ሓይሎም መልሓስ ምዃኑ ኣጸቢቕና ንፈልጥ ኢና። ንደመኛታትና ኣብራኾም ሓምሺሽና: ዘይትመዉት መልሓስ ጥራይ ሒዞም ከምዝተርፉ ገይርናዮም ኢና።,hate,hate,hate,hate,hate
1625030313931063297,@USER ሕቶታት ካብ ጋዘጠኛት ኤርትራ:: 1.ኣብ ከንያ ጌሽካ ከሎኻ ገሊኦም ጋዜጠኛታት ከም ካልኦት መራሕቲ መሲሊዎም ከይፈቐድካሎም ዝሐተትዎ ሕቶታት ንኹንኖ 2.ክ,normal,normal,normal,normal,normal
1638583616778256384,@USER @USER @USER ኣየ እንዳ ህግደፍ ገዛኹምንዶ ፈትሹ!! ጃንዳ ማለሊት ስርሑ ይሰርሕ ኣሎ።ኣቦኹም ኮ ጃንዳ ኣሜሪካ ምባል ጀሚሩ እዩ።,hate,hate,hate,hate,hate
1585352245176315904,@USER ዓሻስ ደሓን ኣሎ ዝምድ ዓሻ ከፊኡዎ ኣሎ,normal,normal,abuse,abuse,normal
1604191883957358593,ኣመል ናይ ህግደፍ ከይተርፍ #ኢንጂነርፍጹም !ሓቒ ከም በርቒ ዩ ንኣብ ሓሶት ዝነብር እዝኑ ኢዩ ዝቐድድ ! #Eritrean #JesticeforEritrean #eritrea,hate,hate,hate,normal,hate
1512366285518249986,Daily life in #Eritrea under brutal dictatorship . ግበረሽበራዊ ጉጅለ #ህግደፍ ነዚ ጻዕራም ህዝቢ : ንደቁ ኣጽኒቱ ማሕበራዊ ሰረቱ በናጢሱ ናብ ለማኒ ቀ,hate,hate,hate,hate,hate
1605105406916718592,ደገፍቲ ህግደፍ፡ ስድራኹም ደቅኹም ሒዝክን ካብ ስደት ተመሊስክን ባዕልኽን ዶ ምእታው ኣይምሓሸክንን?,normal,hate,hate,hate,hate
1639694795546173440,@USER @USER ኣንታ ሉጢ ለዛይ ረዋኢ ጓል ሓው ኣብኡ ወዲ ታ መበለት ኣመንዝራ ሳሕሳሕ ጨናዊ ካልስዩ,abuse,abuse,abuse,abuse,abuse
1635953527611588610,@USER @USER ሕቶ ህዝቢ ትግራይ ንመራሕቲ ወያነ፤ ንምንታይ ኣብ ል ዕሊ ህዝቢ ኤርትራ ኩናት ኣዊጅኩም,hate,normal,normal,normal,normal
1500586120521961477,@USER ግን ዝኾነ ናይ ህግደፍ ተቃዋሚ/ዉድብ ኣብ ኤሪሳት ምቅራብ ጸገሙ ኣይተርኣየንን።,normal,normal,normal,normal,normal
1513089222424637443,ህዝበይ ብርሃንካ ተባሪኩ በል ብር ክትብል እንዳተሐጎስካ ንበር ንውሉድ ወሊዶኻ ብሰላም ክትነብር ዘውድኻ ተባሪካያሞ ተፈሳህ ቅሰን ተሐጎስ ገዜ ሕጂ ናትካያ።,normal,normal,normal,normal,normal
1479938136050483201,@USER ንሳ ድኣ መፈጠር ህግደፍ።,hate,hate,hate,hate,hate
1570864187496370176,ጉጅለ ህግደፍ ?ግብረ ሽበራውያን,hate,hate,hate,hate,hate
1514516770526216192,አብ ዘበነ ሸፋቱ ህግደፍ ኤርትራዊ ዝረኸቦ ውርደት : ጥሜት: ጭንቂ: ስደትን ጥራሕ እዩ! ??,hate,hate,hate,hate,hate
1561412249125797888,#Okbagabr ወይ በዓል ከዳዕ! ጸረ ሓፋሽ መንዳዕ! ኣብ ርእሴኹም ይዝንቢ ኣሎ እቲ ሰውራዊ ስላዕ!,hate,hate,abuse,abuse,hate
1516602200893632514,@USER ኣታ ሎቅማጽ ሓፋዛ ኣኺሉካ ህግደፍ ህግደፍ ክትብል ካብ ዘገልገለስ ዘውደልደለ ፋንድያ ዋሒድ,abuse,abuse,abuse,abuse,abuse
1512596482062524416,ተበገስ ኤርትራዊ ማዓንጣኻ ሸጥ ኣቢልካ ኣንጻር ደመኛኻ #ኢሳያስ ተልዓል ኹልኻ። ሕበር ፍልልያትካ ኣጽብብ፣ ስቅያት ኤርትራ ንሓዋሩ ካብ #ህግደፍ መንደፍ ሰራውር ክበጣጠስ ኣሎዎ። ምስ,hate,hate,hate,hate,hate
1542947713674780675,ብሰንኪ ዓማጺ ስርዓት ህግደፍ ፡ ማይ ዝሓረመካ ህዝቢ ኤርትራ ፈጣሪ እንቋዕ ረድኣካ ! ሓይሊ እንተዝህልዎም ነዚ ዝናብ ውን ጠጠው መበልዎ ከንቅጹኻ !,hate,hate,hate,normal,hate
1601836248448270336,ከማና ገሩኸ ዝተሰደ ኣሎዩ ወደይ። ክዕሶ ዝቀልዑ ኣይኮነን፥ ጠፈር ዝድይቡ ከማን ምስ ኣይሳኣናን ነርና ባሃላይየ። 6/7,normal,normal,normal,normal,normal
1556705003179413504,Teddy Press ስርዓት ኢሰይያስ ኣብ ዓሌታዊ ጽልኢ ይቆማጣዕ via @USER,hate,hate,hate,hate,hate
1565427360786223104,ኣሕዋት ደለይቲ ፍትሒ:እዞም ብልምዲ ደገፍቲ ህግደፍ ንብሎም :ሓድጊ መግዛእቲ ዝኾኑ ኢትዮጵያውያን ደርጋውያን እዮም :: ባዕላቶም እኮ ይብልና ኣለው #ደማችንኣንድነው (ደምና ሓደ እዩ,hate,hate,hate,hate,hate
1599170953241821184,@USER ኣታ መን እዩ ኸ ውሃቢ ነዚ ኔርና ምስክር ወረቐት: ደስ ክብላ ጽብሓላ ድባ: ከምቲ ወያነን ንሃዳሚ ስየ ኣብርሃ ዝሃቦ ወረቐት እማሳሰል,hate,abuse,abuse,abuse,abuse
1482811598209273878,@USER ዓሻስ ጎበጣ ክሳብ ዝውዳእ ይጻወት ዝብሃል ከምዚ ናይዚኦም ዩ,hate,abuse,abuse,abuse,abuse
1485203155638013955,@USER ድኻስ ብሕልሙ ጠስሚ እንተዘይሰትስ ኣይምነበረን ኣብዘይ-ኣይተእትዋ ኢድክን ! ነፍስሄር መለስ ዜናዊ ምስ ሙሉእ ሓገዝ ኣሜሪካ ዘይተኻእለ ሕጂ በየናይ ዳንጋ ኣሰጋጋር !,hate,hate,hate,abuse,hate
1654507812762931202,@USER ህግደፍን ኣምሓራን ክልተ ገጽ ናይ ሓንቲ ሳንቲም :: በፉጽም ኣይሓፍሩን ??,hate,hate,hate,hate,hate
1478591596136435712,@USER @USER @USER @USER ዝኾነ ኤርትራዊ ሃገሩ ንክትዉረር ዝደሊ ኣይመስለንን፡ ግን ድማ ንህግደፍ ካብ ባዕዳውያን ወረርቲ ንላዕሊ ኣብሊጾም,hate,hate,normal,normal,hate
1561633754434703360,ከምዚ ዓለም ዝፈንፈኖ ሸዓቢያ ብግብረ-ሽበራ ኸሲስና ዓለም ክትፍንፍኖምን ክጥረዙን ክንገብር ኣለና! ሰይጣናዊ ሓሳቦም ገቢራዊ ክሳብ ዝኾን ኣይትፀበዩ። ሎሚ ክሲ መስርቱ!,hate,hate,hate,normal,hate
1491271419438968835,ኡፍፍ ስደት ረሳሕ?? ሰማዒ ዝሰኣኑ ኣሕዋትና ኣብ እስርቤት ዘለው ?? አምላክ ይብፀሐልኩም ኣሕዋተይ አሜን,normal,normal,normal,normal,normal
1540813786256392199,ህግደፍ ብዘይካ ሕሶት ካልእ የብሉን,hate,hate,hate,hate,hate
1482728722566426625,አህህ ወይ ህዝቢ ረኪብካዮ አኒአካ መንከራን ስቃይን ብሰንኪ ፋሽስታውያን ወረርቲ ብዘይ ምግብን ዝስተ ማይን መዳሓኒትን መፀለልን ስኢንካ ትንጋላታዓ አለኻ,hate,normal,normal,normal,normal
1648235167104872449,ጉጅለ ስብሓት ነጋ ንምጥፍእ ህዝቢና ንምድሓን ዋላ ምሽ ሸይጣን ክንሰርሕ እኒአና ዝ ባንዳ ከዳዕ ጨካን ስርዓት ከይጠፈአ ሰላም ክመፅ እዩ ማለት ከም ካብ ሰማይ ፀባ ምፅባይ ማለት እዩ,hate,hate,hate,hate,hate
1504377962749120513,ኤርትራውያን አምሐሩን ኢድኩም ብደም ተጨማሊቁ ATV: ድሒሩ ዝተረኽበ ኣሰቃቒ ቪድዮ - ወረርቲ ሓይልታት ኣብ ከባቢ መቐለ፡ ኣጒላዕ ኣብ ልዕሊ ሰላማውያን ሰባት .,hate,normal,normal,normal,normal
1492781766792339458,መትከላት 11 ለካቲት ኣፅኒዕና ወረርቲ ንሕምሽሽ! ሰናይ ቅነ መበል 47 ዓመት ምጅማር ብረታዊ ቃልሲ ህዝቢ ትግራይ። #ለካቲት47,hate,normal,normal,normal,normal
1561106962967830531,@USER እንቋዕ ናብዚ ባህላዉን ሃይማኖታዉን ዝኾነ በዓል ኣሸንዳ ማርያ ዓይኒዋሪ ትግራይ ኣብፀሐና። እዚ በዓል እዚ ኣብ ፀበባን ራህዋን እዋን ዓቂብናዮ ክንኸድ ይ,normal,normal,normal,normal,normal
1579382591865901059,@USER ነብሰይ ምኽኣል ሲኢነ ቀልጢፈ ኢደይ ሂበ ሙሩኽ ዕሱብ ሰራዊት ህግደፍ ወዲ ጀ/ ስብሓት,hate,hate,normal,abuse,hate
1575378203761311746,ደቂ ኤሬ: ህግደፍ: መንግስትን ህዝብን ቀዳምነታቶም ሰሪዖም ንልዕሊ 30ዓመታት ሰሪሖም እምበርኣይተዛረቡን ኣይሓሰውን ኣይተጃሃሩንደስ ይበልካ ህዝበይን ፈታዊ ኤርትራ እንሆ ውሕስነት,normal,normal,normal,normal,normal
1500304248776626186,@USER ኣብይ ኣሎኻ ዘይበልዎስ አበየት በለ ዩ ሕላዌኹም ህግደፋውያን ከማኡ ውን ኣምሓራውያን ::,hate,hate,hate,hate,hate
1485546017294540800,ኣባላት ህግደፍ ኣብ ንኡስ ዞባ ሰምበል፡ ትሕዝቶ ሃገራዊ ባንክ ደም ንምስሳን ተበግሶ ወሲዶም።,normal,normal,normal,normal,normal
1488739138102829059,@USER @USER ንስኻ ድማ ኣብ ስደት ሰፊርካ ተውደኽድኽ ኣለኻ ወድዛ ማሕዮ ህግደፍ,hate,abuse,abuse,abuse,abuse
1512968358127288320,ወረርቲ ፈሸልቲ እዮም ።ጥሜት ከም ጥይት ኩናት ንህዝቢ ክዉድኡ ክጥቀሙ ናይ ፍሽለቶም ምስክር እዩ ።ሕጂ ዉን ንሶምን ሰራዊቶምን ክጠፍኡ አለዎም ፡ካብ ህዝቢ ዝጠፍእ።,hate,hate,hate,hate,hate
1561409771080753152,ህግደፍ ኣብ ጀርመን ኣይኮነን ዘሎ ዘምዘምያ እንድሕር ኣለኩም፡ ሃየ ህዝባዊ ግንባር ንዲሞክራስን ፍትሕን ዘለዎ ክንሕብረኩም፡ ብፍላይ ብርጌድ ሓመድ ንሓመድ ሻንጣኹም ጥቅልሉ ናብ ሜዳ,hate,hate,normal,normal,hate
1495949986105864193,@USER @USER @USER ከመይ ከመይ እዩ ኤርታውያን ብመሪሕነት ወያነ ተበዲሎም ክበሃል ከሎ ብዛዕባ ፍቕሪ ዘይትሰብኩም ዝበሃል፧ ተጎምባሓለይ ክብለጸልካ ዓይነት ፖለቲካ።,hate,normal,normal,abuse,normal
1519860079608094724,@USER ካብ ዘገልገለን ዝሰንከለን ዘጣቀዔን ዘወደክደከን ?ህግደፍ ሳዋ ወሲዱ ነዚ ወሎዶ አፍሬዩ,normal,normal,hate,normal,normal
1499974094510514177,@USER Even እዞም ሕጂ ኣነ ትግራዋይ ዩ መንነተይ ዝብሉ ዘለዉ ውን ኮ ዓጋመ ይብሉዎ ኔሮም ዮም ክሳብ 2016 - 2017። ኣይሰማዕካዮን ዲኻ ኣሰና ንያቆብ ኣንታ ዓጋመ ክብሎ ? ያቆብ egg,hate,hate,normal,abuse,hate
1576465463130828800,@USER @USER ጠባይ ኣድገይ ዶ ጠፊኡኒ ትብል ነበረት ዓባየይ ! ተረዲኡካ ክከውን ተስፋ ይገብር ኣታ ድፋዕ ህግደፍ።,hate,abuse,abuse,abuse,abuse
1512826641524920320,@USER ህግደፍውያን ብፖሎቲካ ጠፊሸን ብእርጋን ተሰኒፈን እየን ዘለዋ : :,hate,hate,hate,normal,hate
1558507773649887232,@USER @USER @ ጓል አስመራ እቦሌሳ ባርያ ጓል ባርያ እታኖኺ አቲዩኪ ናብ ትግራይ ሰራቂት ማንካ ሽሉ አምቸ,abuse,abuse,hate,abuse,abuse
1513327271926509574,@USER @USER ቀንዳቢ ሓደ ካብቶም ንህዝብና ናብ እዚይ ስቓይ ዘእተዉ ሐደ ንስኻ ኢኻ ። ባንዳ ከዳዕ !,abuse,abuse,abuse,abuse,abuse
1609288514625241088,@USER ኣታ ሙሽሙሽ ኣብ ታርገት ኣቲካ ኣለካ ይንዋሕ ይሕጸር ከም ኣቦካ ስዩም ሓሳዊ ክትግተት ኢካ። ሓዛ ኢካ እዛ ቃል ወድታ ኣመንዝራ,hate,abuse,abuse,abuse,abuse
1553556912108498944,ብቀጥታ ዝምሓላለፍ ቃለ መሕትት ምስ ፈስቲቫል ህግደፍ ንክስረዝ ጻውዒት ዘቅረበት ሸውደናዊት ፖለቲከኛ sa Nilsson S derstr m ንጽባሕ ሰንበት ሓምለ 31 2022 ሰዓት 2,normal,normal,normal,normal,normal
1563773617225101313,እዞም አብ ድምፂ ወያነ ዘለው producerat ብሱሩ ርእሲ አለዎም ድዩ ይሓስቡ ድዮም:: ዜና ዓወት አይንደልን :: ዜና ዓወት እናበልኩም ንህዝብና ተጨፍጭፍዎ አለኹም ::,hate,hate,hate,abuse,hate
1511040908728303622,ሓባልሲ ኣበይ ኣለኪ ከይበልዋስ ኣብዚ ለኹ ትብል። @USER,abuse,abuse,abuse,abuse,abuse
1484095205708124160,ንብጾታ ኣሲራ ዘጥፍአት:ንስንኩላን ዝረሸነት ሽፍታ ጉጅለ #ህግደፍ ንዝሓመመ ዝተኣከበ ገንዘብ ህዝቢ ክትሰርቕ ዝቐለለ እዩ:: ድሕሪ ሕጂ ግን ደለይቲ ፍትሒ: ክንሕግዝ ምስ እንደሊ ብ,hate,hate,hate,hate,hate
1613580493005672448,@USER ህግደፍ ንምታይ ዓላማ ይሰለፍ ሰለዝፈልጥ አይበክይን እዩ ::,hate,hate,normal,normal,hate
1510397679041458178,@USER @USER ህግደፍ ይካ ሐላዊ ሃገር አዩ አምበር ከማካ ሃዳሚን መጸለሚ ሃገር ኣይኮነን,abuse,abuse,abuse,abuse,abuse
1566140308987027456,መጨሩሽትኡ ብህግደፍ ዝተበልዔ ?ስብሓት ጎልፎ,hate,hate,abuse,abuse,hate
1610671093273993216,@USER ለማኒ፡ ጆ ባይደን የለ ገለ የለ፡ ህዝቢ ትግራይ ካብ ወያነ ድኣምበር ካብ ሻዕቢያ ስግኣት የብሉን፡ ትግራዎት መቸም ንተግባርኩም ዝገልጽ ቃል እኳ የለን፡,hate,hate,hate,hate,hate
1594737319235444737,@USER @USER ክክ ኣንታ እዚኣን ሕማም ዛርቲ ኣልወን ቀይሕ መይሕ ናይ ማጥምጣም,abuse,abuse,abuse,abuse,abuse
1492184852535328779,#ኤርልሳ #ጭሩም ጎምጻጽ ተካል ኣፋ ኣምላኽ ረጊሙ ኣፋ ዝጠወያ ሰርዓት ወያነ 20 ዓመት ኣብ ልእላው መሬት ኤርትራ ኮፍ ኢሉ ኔሩ:: ሓንቲ ምዓልቲ ኣይተዛረበትን:: ፍትሒ ንኹሉ ማዕረ,hate,abuse,abuse,abuse,abuse
1613583628310646789,ህግደፍን ኮራኹራን ካብ ሙሉእ ኤውሮጳ ሃዲማ ኣስመራ ከምትረአ ዝገበረ : ጅግና በርጌድ #ንሓመዱ እዩ ::እዚ ድማ ኣብ ልዕሊ ጸላኢ ንፈለማ እዋን ዝተመዝገበ ኣንጸበራቒ ዓወት እዩ ::,hate,hate,hate,normal,hate
1616649722525282312,@USER ዓሻ ፍንዱድ ባንዳስያ ሓደ ደርፉ ተፈንደድ ጥራሕ በላዕቲ ኣሕዋቱ ሓሓውቲ ስፈር ግዙዕ ባንዳ!!,hate,abuse,abuse,abuse,abuse
1539543586299162625,ዝኽረ ሰማእታት ህግደፍ ኣሽካዕላል ኣብ ልዕሊ ስውኣት ኢዩ።,hate,hate,normal,normal,hate
1656767025845346305,@USER ናጽነት ትነብሮ ኢኻ፡ ኤርትራውያን ካኣ እታ ንነብራ ዘለና ሂወት ነጋሪ ኣይንደልን ኢና። ኣብ ኩሉ መግዛእትታት ዘሕለፎ ስቓይ ህዝብና ኣብ ትሕቲ መትዛእቲ ህግደፍ ይገዽድ።,hate,hate,hate,normal,hate
1600575818698211356,@USER ምስ ባድላኻ ከነእርገካ ኢና ኣታ ሓሳዊ ኩብላሊያ ካብ ነብሱ።,abuse,abuse,abuse,abuse,abuse
1653950173276704769,@USER ደቂ ማይ ጠላሚት! ንባህርያትን ክእለትን ብዚምልከት ከዳዕ ዮሃነስ ምስ ቴድሮስ ኪወዳደር ኣይክእልን እዩ ነይሩ።????,hate,abuse,abuse,abuse,abuse
1645870014187053056,ንዕቐት ድዩ? እንታይ እዩ ወደይ በዝሑ ወሓዱ በዚኦምስ ንእሽተይ እኳ ቅንጭ / ድንብርፅ ዘይበለካ ? ኣብ ታሪኽ ቃልስና ስለ እንቕጥቅጦም ፣ እንማርኾም ፣ ፋሕጭንግራሕ እነብሎም ግ,hate,hate,hate,hate,hate
1496428217791565824,@USER ብሃውሪ ትኽይድ ደንባር ዒሉ! ብጀካ ጸርፊ ካልእ ዘይትፈልጥ ሓሰኻ ዒባ ፣ እስከ ብመርትዖ ክትሙጉት ፈትን፣ ሱሉብ!??,abuse,abuse,abuse,abuse,abuse
1552802991014662145,@USER @USER @USER @USER @USER እዚኦም ከኣ ፎእ ?ንህግደፍ ኢሎም ዑቕባ ሓቲቶም,hate,hate,normal,abuse,hate
1502771845581484038,#StopTigrayGenocide ኣነ ዘግርመለይ ካብ ኩሉ ንሶም ሰይጣናዊ ጭካነኦም ከርኡይና ንሕና ልውህነትና/ዕሽነትና ክነርእዮም ተረባሪብና!! ግን ክሳብ መዓዝ?,hate,hate,hate,normal,hate
1534191907362021377,ብኤርትራውነትካ ክትሕበን እንተዘይክኢልካ ሽግርካ እምበር ሽግር ናይ ኩልና ኣይኮነን። ግደፉና ስኪ !!!,abuse,normal,abuse,abuse,abuse
1603469772481564682,@USER @USER ሓሳዊ ኩሉ ሰብ ከምኡ ዝሕሱ ኢዮ ዝመስሎ።,normal,abuse,abuse,abuse,abuse
1627976261267251200,@USER ነዳይ ናይ ነብሱ እምበር ናይ ጎረበቱ ዝይግድሶ ሱሱዕ አካል ወያነ እዩ,hate,hate,hate,hate,hate
1640095311346401280,@USER @USER ሳለሕ/ሲራጅ፥ ትግሪኛ ዝበሃል ሕዝቢ የለን ኢሎም። ነዚ ሓሳብ ናይ ክልቲኦም ዝቃወም ጋሽ መጽዩ ኔሩ? ገሪማው/ዳኒኤል፥ ናብ ህግደፍ ዝቀረበ,normal,hate,hate,hate,hate
1649420456355676163,@USER @USER የራስዋ አሮባት የሰው ታማስላለች ይሉሃል! ናትኩም እዩ! ንነገሩ እምበር ሓቂ ካብ ዓድኻ ብመንፈስን ብኣካልን ተዘይ ኣለኻ ታይ ይግበር!,hate,normal,normal,abuse,normal
1508970256869609472,@USER ለማኒ ዓጋመ፣ ብዛዕባ ብጥሜት ዝሳቐዩ ዘለው ስድራኻ ገድፍካ፣ ብዛዕባ ወርቂ ዝሽለሙ ኤርትራውያን ከተናአእስ ምፍታን ምስ ምንታይ ይቑጸር። ሕጂውን ኤርትራ ብወር,hate,hate,hate,abuse,hate
1512117852790304775,@USER በዓቲ ህግደፋውያን ጽላሎቶም ጥራሕ ዝርእይሉ መቓልሖም ጥራሕ ዝሰምዕሉ ናይ ሃልወሳ ዓለም ።,hate,hate,hate,hate,hate
1611301222018949121,ካብ 1994-97 ዓ.ም ቅዋም ኤርትራ ክንደፍን ክጽሓፍን ከሎ ህግደፍ ቅዋም ዘይብላ ሃገር ዓዲ ሸፋቱ እያ እናበለት እያ ዓዲ ዓዲ ጎስጋስ ትገብር ኔራ።100 ሸፋቱ ምኻኖም ከኣ ኣብዚ ዝሐለፈ ክልተ ዕቁድ ብግብሪ ኣርእዮምና!,hate,hate,hate,normal,hate
1596709783821656067,ERISAT:ናብ ኤርትራ 100 ዶላር ክትሰድድ ከለኻ፡ ካብዚ 95 ዶላር ናብ ህግደፍዩ ዝኣቱ | Bereket Yoh . via @USER,hate,hate,hate,normal,hate
1497463715372937217,@USER @USER እቲ እንኮ ኣብዚ ዘሎ ዓሻ ንስኻ ኢኻ፣ ከተማዛዝን ዘይትኽእል፣ ምሳኻ ዘይተሰማምዕ ህግደፍ ዶ ሳሕል ሲንድሮም ክትብል ትውዕል ንስኻ ኢኻ።,hate,abuse,abuse,abuse,abuse
1539522683964112902,@USER @USER ጸርፊ ፡ እታ እንኮ ባራዩ ህግደፍ ዝመልክዋ ሞያ,hate,hate,hate,abuse,hate
1497460834750111745,@USER @USER ጽቡቕ ኣለኻ :: እቲ ኢትዮጵያዊ ስሚዒት ዘለዎ ህግደፍ : #Eritrea ናብ ???? ምሕዋስ እዩ ዕላማኡ :: ኤርትራውያን ድማ ሃገርና ንኽንሸይጥ ኣብ ጎ,hate,normal,normal,normal,normal
1638983931977687040,ዝብኢ ክሳብ ዝደልዎ ይሕንክስ ዝብልዎ ከምዚ ኢዩ! ከዳዕ ኩሉ ግዜ ከዳዕዩ: ብኹሉ ይጽፍዕ ይዋረት ክብረት ኣልቦ ኮይኑውን ይነብር!!! ካብዚ ከምዚ የድሕንኩ,abuse,abuse,abuse,abuse,abuse
1538612320288514048,ኣላጋጭ ህግደፍ መወዳእታ የብሉን@USER @USER @USER,hate,hate,hate,normal,hate
1622348037938106370,@USER ኪናት ወሊዖም 1ሚልዮን መንእሰይ ኣወዲኦም፤ ሕጂ ድማ ኣብቲ ዝወላዕናዮ ኪናት ሃሲኹምና ኢኩም እሞ ሕነ ክንፈዲ ኢና ይብሉ ኣለዉ። ዓሻስ ገበታ ክሳእ . ነገሩ።,hate,hate,hate,normal,hate
1621789255583338498,@USER ሓሳዊ ባንዳ ብዓብዩ ህዝብኻ እናሀለቐ ተጣቕዕ ከምዘይነበርካ ሕጅ ብዛዓባ ኡሱራት ቃሊቲ ተገድስካ ማለት ድዩ ረሳሕ,hate,abuse,abuse,abuse,abuse
1625224042386198528,@USER ብዛዕባ ኣብ ኲናት ብኸንቱ ዝጠፋኡ ዕሸላት ትሓሊ እንተዄንካ ድኣ ንምንታይ ነቲ ቐንዲ ዓማጺኦም ከተጣቕዓሉ ትነብር ኣለኻ፧,normal,normal,normal,normal,normal
1511448021510328330,ኣብ ሜድኣ ውን ብርግጽ ኩዕሶ ክትጻወት ዘይኮነት ኣትለቲኮ ማድሪድ እቲ ኣሎ ዝበሃል ረሳሕ-ጸወታ ሓተግቢራ ብሸቶ ደቡረይና 1-0 ተሳዒራ፡፡ ፎደን ተቐይሩ ኣትዪ ኣብ ምኽፋት ምክልኻል,hate,normal,abuse,abuse,abuse
1553815644801564674,@USER @USER አድምፅዎ ሑሸት ስንቁ፣ ወፃእ ዓዲ እናምሀረ ደቁ፣ ደቂ ድኻታት ተጋሩ ንከህልቁ፣ ምድንጋር ህዝቢ ድዓጠቑ፣ አብይ ምስ ዘመተ ደንጊፆም ዝሃለቁ፣ ካደ,hate,hate,abuse,abuse,hate
1507648149275525125,@USER @USER ጋህታፍ ባንዳ። ከመይ ዝበሉኺ ስዲነኢኺ ፈኘግን? ድቓላ ዳኣ ትኾኒ እምበር። ጅግና ሓው ግዳ ኣለኪ።,hate,abuse,abuse,abuse,abuse
1509969036733558791,@USER መጀመርታ ዘይ ናትካ ገጽ ምጥቃም ፡ሓደ ካብቲ ድንቁርና ህግደፍ ኢዩ ወዲ ተንበን ሰራቂ ድስቲ ኩስኩስቲ ደኣ ርእሱ ባዶ ስለዝኮነ ካብ ምሰ ሰብ ምስ እንስሳ ይቀር,hate,hate,hate,abuse,hate
1512110048251719680,@USER ኣላ ህግደፍ ፣ ካብ ጅግና ሰብ ንላዕሊ ታንክን ሽዳን እንዲኹም ተምልኹ ። እምበር ሽዳ ብዘይ ተጋዳላይ ፡ ታንኪ ብዘይ ተጋዳላይ እንታይ ይረብሓ ጅግነት ሓጺን ዘ,hate,hate,hate,hate,hate
1496541634791895040,ERISAT: ይኣክል ናይ ወያነ እዩ ዝብል ጸለመ፡ ፍሹል ናይ ጸላኢ ፕሮፖጋንዳዩ| ኣቶ ልኡል ዘውደ ኣቦ መንበር . via @USER,hate,normal,normal,normal,normal
1558336161277427713,@USER ካን፥ ከመይ ኢሉዩ ተሓዋሲሱካ ዘሎ። ህግደፍዩ እኮ እቲ ሓደጋ። ወረ ብከመይዩ ክንገረኩም? ኣቦ ወንበር ውድብኩምዶ ኣይኮነን፥ ኣብ ዓዲ እንዳማቱ ከይዱ፥ ሃገር,hate,hate,hate,normal,hate
1506103372922990595,@USER @USER @USER @USER @USER @USER ንሱ ከምኡ ድዩ ዝኣምን? ስምዓዮ ካብ ኣፉ??,normal,normal,normal,normal,normal
1591928626773397505,ዕርቅ ዝጸልእ ሰብ የሎን። ኣፈጻጽምኡን፣ ዕላም ኡን ዘይፍለጥ ዕርቂ ግን ማንም ሕሊና ዘለዎ ኣይቅበሎን። ህዝብ ትግራይ ኣብ ትሕት ህግደፍ ይሳቀ ኣሎ። መቀለዉን ክሕዛ ቀርቡ ኣሎ። ምን ይዞ ኡዞ,normal,normal,normal,normal,normal
1635014612608512000,@USER እዚ ዝሓለፈ ሰላሳ ዓመት መምዘኒ ህግደፍን ምሕደርኡን እዩ፡፡ ኣብ ሜዳ ዝነበረ ብሉጽ ፋብሪካታት፡ ካብ ደርጊ ዝተረኸብኩሞ( ኣብ ግዜ ጥልያን ዝተተክለ) ኤርትራው,hate,hate,normal,normal,hate
1571754423344594944,@USER @USER ኣንታ ወዲ ለማኒት ጁንታኻ ትቅብር ኣላ ኪድ ጆባይደን በለላ,hate,hate,hate,abuse,hate
1626493035495260160,ሓሽሽ ህግደፍ እንታይ ዘይገብር!,hate,hate,hate,hate,hate
1497774981039595521,ሻዕብያ ንወያነ ጥራይ ዘይኮነስ እኮላይ ንጉስ ኣፍሪቃ ሙኳኑ ኣይትረስዕ። ስነሓሳብ #ርእስሙርከሳ ኣብ ኤርትራ እዩ ተፈጢሩ እንተበልና ምግናን ኣይኮነን። #Eritrea,hate,hate,normal,normal,hate
1638084177257193472,@USER @USER @USER ከምዚ ምስተረኽበ እዮም ሰራቂ ከም ኢዱ ሓሳዊ ከም ኣፉ ኢሎም መሲሎም ኣቦታትና። ንሶም ሰረቅትን ሓሰውትን ስለ ዝኾኑ ኩሎም,hate,abuse,abuse,abuse,abuse
1639546825115054081,እዋይ ሬድዋን ነዛ ብህግደፍ?ትምወል ጉጅለ አምሓራ?ገጾም አጸልሚትዋ,hate,hate,hate,hate,hate
1479627421536161808,ናይ ጽባሕ ቃለ ህውተታ ኢሳያስ ብወያነ ጀሚሩ ብወያነ ከምዝውዳእ ኣመል ናይዚ ጽሉል ኣብ ግምት ብምእታው ትጽቢታት ይግበር :: #Eritrea #Tigray,hate,hate,hate,abuse,hate
1575950198471241728,@USER @USER @USER @USER @USER @USER bro ናይ ህግደፍሲ ለሚድናዮ ኔርና ብ ሽም ደለይቲ ፍትሒ ዝሽቅጡ,hate,hate,hate,normal,hate
1550164348374552576,@USER ንደገፍቲ ህግደፍ ምስዚ ብብስለቱን ስልጣኔኡን ብ1 000 ግዜ ዝበልጽ ምስ እነወዳድር እውን ሓጥያትዩ ክኾነና ሶይራ ሓወይ::እቲ ስልጡን ከልቢ ንሰብኣውነቶምን ንቕሓቶም,hate,hate,hate,hate,hate
1598132946095190018,@USER @USER አንታ ዘርኢ ፉናፉንትን ኸደምትን ሓሳድን ረሳሕ ዓፅሚ ደንብያ ትሕቲ ስብ እኻ :: ምስ እንስሳ ተዋስብ ወጋሪ በጊዕ እንስሳ,hate,hate,abuse,abuse,hate
1563999681482575875,@USER @USER ህግደፍን ፈኸራን ከም ክልተ ገጽ ናይ ሓንቲ ሳንቲም እዮም። ናይ እቲ ትማሊ ህግደፍ ዝጎሓፈቶ ወዲ ትኹል፡ ንብላሽ ኮይኑ ፈኻራ ትብል ደርፉ ተደሪር,hate,hate,hate,hate,hate
1484292187189747715,@USER በዚ ኣገላልጻኺ እሞ ህግደፋውያን ኤርትራውያን ኣይኮኑን:: ንዒ ደአ ግፍጥፋጥ ወስኽላ::,hate,hate,hate,abuse,hate
1516835296649879561,@USER ህወሓት ስቃይን ርሃብን ህዝቢ ትግራይ ዝዓጠጦ ኣይመስልን ምስ ህግደፍን ብልጽግናን ዓፋርን ጭርጭር ዓበደ እዩ ዝጻወት ዘሎ።,hate,normal,normal,normal,normal
1608534939448016897,@USER @USER በጃኻ ኢለካ ሱቅ በል። ዋላ ጸላኢ ይሃልወካ ክትምዕብል ትክእል ኢኻ ግን ዓቅሚ ምሕደራ የድልየካ። ህግደፍ ከመሓድር ኣይበቅዕን ኢዩ ክዋጋእ ግን ይኽእል።,hate,hate,hate,normal,hate
1651110316258754561,@USER @USER ሓድሽ ነገር የለን በሃላይ እየ። ኣብ መጀመርያ ሰማንያታት ኣገዳስነት ደጀን ምርዳእ ስኢኖም ንዓመታት ንህዝባዊ ግንባር ዘሊፎም። ፍረ ጻማ ደጀንን,hate,hate,normal,normal,hate
1635816025651392512,@USER ዕስለታት ማለሊት ቤተስርቆት ማለሊት ዓድዋ ንዓኻትኩም ዘኽብር ስብእና የብለይን።ኮራኹር እሾኻት ዳንዴር ህዝቢ ትግራይ ብኸብድኹም ሕሰቡ ንሕና ብሄርተተኛታት ተጋሩ,hate,hate,hate,hate,hate
1642282781009903616,@USER @USER @USER ጌታቸው ን ኣዲስ ኣበባ ህግደፍ ናብ ዓዲ ሃሎ ናብታ መህብኢቶም።,hate,hate,normal,abuse,hate
1545821649366163457,@USER @USER ሱቕ በል ኣታዮ ሳሕሳሕ ልሃድም ኤርትራዊ የለይ ከዳሚ,abuse,abuse,abuse,abuse,abuse
1538743018743791617,ሕድሪ ሰማኣእታትና ብተግባር,normal,normal,normal,normal,normal
1627779820175122433,@USER ባሮት ናይ ህግደፍ ጭራኹም ደጉልኩም ናብታ ተመሲሕካ ዘይትደረረላ መናጢት በላዒት ደቃ ናይ ኢሳያስ ንብረት ዝኾነት ዓዲ ተመሊስኩም ወዲ ዓከርኩም ብልዑ። ምስዓር,hate,hate,hate,hate,hate
1501118034567733248,ጓል ንምኽባር ግድን ኣደዋካ ፡ ሓፍትካ ፡ ጓልካ ፡ ሰበይትኻ ኽትኮን ኣይትፀበ።ናይ ሰብ-ልቦና ዝሰልቡ ረሳሓት ቃላት ምጥቃም። ዓመፅ ፡ ድፍረት እዮም። ማንም ንጓል ኣንስተይቲ ሓፍትና,normal,normal,normal,normal,normal
1655666985659686912,ሓሳዊ ኣዳራሽ ገዛ መዕነዊ ድዩ ዝባሃል ሎሚ ማዓልቲ ቀይሕ መስቀልዩ። ስለዚ እቲ ሓሳዊ elite ኣብ ማሕበራዊ ምድያ ደጋጊሙ ስለ ዝልጥፎ ሓቂ ዝመስሎ ብዙሕ ኣሎ። ሎሚ ብ,abuse,abuse,abuse,abuse,abuse
1494385125097934849,@USER ዮናስ ወልዱ (ጠናስ ወሊዱ) ፡ ዓጋመ እንድኻ፡ ንህዝብኻ ዘይሓገዝካ ድኣ ንመን ክትሕግዝ? ግዳ ብሽም ኤርትራውያን ኣይትሸቕጥ።,hate,hate,hate,hate,hate
1492545494320570371,@USER ኣንቲም ደቓሉ ህግደፍ መስዋእትን ስንክልናን ኣያታትና ንመሸቀጥን ንዉልቀ መላኺ መዐንደርን ኣይኮነን።,hate,hate,hate,abuse,hate
1626337145043419137,@USER ክክ??ሓሲና ሸያኒ ኣብ ስሪኡ ኣታ ቦጅባጅ ናይ ድሕሪ መጥሓን ንምርኣይካ ጸገም ንምስማዕካ ፍንፋን ፕረሲደንት ኢሰያስ ኣባ ጥረግ መዓስ ዩ ኢንተርቭዩ ዝገብር ኢልካ ካባና,abuse,abuse,abuse,abuse,abuse
1487666915447214081,@USER @USER ኣረጋዊ ሰራቂ ታሪኽ ሰራቂ ስእሊ። እዚ ኣብ መጽሓፍካ ለጢፍካዮ ዘለኻ ስእሊ ናይ ኤርትራዊት ተጋዳሊት ኢዩ። ሰራቂ ዋጋ ከኣ ክትከፍለሉ ኢኻ።,hate,abuse,abuse,abuse,abuse
1572687668039024640,@USER @USER ትግርቻ ክትጽሕ ዘይካኣልካስ ግርማ ሃገር ከምዚ እዩ ዝጻሓፍ ህግደፍ መንደፍ ኣኪልኩም ጮካኒ ስርዓት ክትድግፉ,hate,hate,hate,abuse,hate
1484007366693642241,እንኳዕ ንዓመታዊ በዓል ቃናዘገሊላ አብፀሐና። ፈጣሪ አብ ቃናዘገሊላ ብታአምሩ ጥርሑ ዝነበረገንኢ ብማይ አምሊኡ ናብ ምዑዝወይኒ ዝቐየረ አብህዝቢትግራይ ዘሎ ዓፀቦን መከራን ናብበረከት,normal,normal,normal,normal,normal
1508172534612647938,@USER እንታዮም እዞም ዓጋመስ ፋቻ ዘይብሎም,hate,hate,hate,hate,hate
1606526294862270466,@USER @USER @USER @USER በጃኩም፥ እቶም ፍርቂ ልብኩም ኮንኩም ትቃወሙ፥ ጋንታ ዉላድ፥ ግዓዙልና ናብ ህግደፍኩም። ኣብ ምካድኩም፥ ብድግስ፥ እን,hate,hate,abuse,abuse,hate
1607410507576655873,እዛ ናይ ሰላም ጭላንጭል ተናድዶም ሰለስተ ኣካላት . ናይ ኣምሓራ ሸኔ ናይ ትግራይ ስሱዕ ነጋዴ ዘይተገረዙ ናይ ህግደፍ ኣክልብቲ ??,hate,hate,hate,hate,hate
1560709601388941313,@USER ወዲ በራድ? ፀረ ድኻ ፀርፊ እምበር ፀረ ምልኪ ኣይኮነን።,normal,normal,abuse,abuse,normal
1633737792785203200,ኣቶም ሰባት፥ ኩሎም ንኤሪትራ ዝገዝኡ ሕማቅን ጽቡቅን ኔርዎም። እዞም በረከኛታት ህግደፍ ግን፥ ገለ ጽቡቅ ንቀልዓለም እኾዩ ዘይብሎም። ሰብዶ ክሳብ ክንድዚ ኣራዊት፥ ሕማቅ፥ዘይሰብ ይከውንዩ።,hate,hate,hate,hate,hate
1491321397355945990,የቐንየልና ስነጥበባዊ ዓንዲት ዑቕባይ ?? ህግደፍን ደርግን ብስቓይና ክላገጹ ከነፍቅደሎም ኣይግባእን :: #Eritrea #Tigray,hate,hate,normal,normal,hate
1515592560756297733,ኣይፋል ንፖለቲካዊ ይኹን ቁጠባዊ ጽግዕተኛነት! #16thypfdjeuroconference #volunteereritrea2022 #ComeAndSeeEritrea,normal,normal,normal,normal,normal
1541152253121363976,@USER መን እዩ ጠላም? ዞም ህዝቦምን ስድራ ስውኣትን ረሲዖም ናይ ግሎም ኸርስን ረሰሕ ፖለቲክኦም ልምፍፃም ህዝብና ዝጠለሙ ድዩ? ህዝቢ ልዕኦ ሓቢኡ ኣብሊዑ ኣስትዩ ደቁ ሂቡ,hate,hate,normal,normal,hate
1544922016393863168,@USER ማርክሲዝምኮ ፖለቲካዊ እምነትዩ.ኤርትራ ዓረባዊት እያ ኢሉ ፕሮግራም ብዛዕባ ዝፀሓፈ(1970) ሻዕቢያ ዘይትዛረብ.ገገሌኹምኳ ድቓላ መግዛእቲ ኣባሓጎኹም,hate,hate,abuse,abuse,hate
1570695848681676802,ኢሳያስ ህዝቢ ኤርትራ ኣወዲኡ ንባዕሉ ኢትዮጵያዊ ምኾን እዩ ድሌቱ:: ሓደ ሓደ ኤርትራውያን ዓድኹም እናብረሳ ስቕ ኢልኩም ንህዝቢ ትግራይ ስለዝትፀልኡ ደው ኢልኩም ክትርእይዎ የብልኹምን::,hate,hate,hate,abuse,hate
1487494885758410753,@USER እቲ ዝገርም ህግደፍ ባዕሉ እኮ ብልእላውነት ኤርትራ ኣይኣምንን ::,hate,hate,hate,normal,hate
1581519456240472069,@USER @USER ዓንጓል ጨናዊ፡ ሓፃቢ ሞዓኮር፡ ሸያጢ ዓዱ፡ ብኻ ማይ ኮይንካ ተሪፍካ ካብ ኣዴኻ ተዋርድ። ሰብ ቆፂረካ ከይመስለካ ዝፅሕፍ ዘለኹ።,abuse,abuse,abuse,abuse,abuse
1580070798940782593,ተወለድቲ ሓደግቲ (#ሰገነይቲ ) ንሓው ህዝቢ #ትግራይ ሓገዝ ኣበርኪቶም:: እዚ ሰናይ ተግባር: ክንዮ ሰብኣውነት :ነታ ጽልኢ ናይዚ ኣሕዋት ህዝቢ ተሳውር ዘላ ጭፍራ ህግደፍ ምስ ኮራ,hate,hate,hate,normal,hate
1497006236528689155,@USER @USER ፈለማ ነዚ ሃሱስ 03 @USER ልኡኽ ህግደፍ እምበር ከም ደላይ ፍትሒ ኣይፈልጦን :: እዚ ድማ ንነዊሕ እዋን ኣገባብ ኣሰራርሓኡ,normal,abuse,abuse,abuse,abuse
1604745720233328640,@USER ሐወቦይ ንዓይ ይቀርብኒ ህግደፍ ብነብሱን ንዕድሚኡን ይጻወትሉ አለው ሀገር ንድሕሪት መሊሶማ,hate,hate,hate,normal,hate
1619541859835203589,@USER እታ ዝፈረሰት ሕወሓት፡ እቲ ዘፍረሳ ኸኣ ህግደፍ እዩ። ካብ ሕልምኹም ተበራበሩ። ንዘልኣለም ደንቈርካ ኣይንበርን እዩ።,hate,hate,hate,hate,hate
1516135003901550605,#Eritreans inside and outside Eritrea . ኣንቱም እንዳ ህግደፍ መኣስ ኢኩም ልቢ እትገብሩ። ምሕርት የውርደልኩም ፈጣሪ።,hate,hate,normal,normal,hate
1614560359456595968,@USER እታ ኦርጂናል ፖስት እኮ ኣይተምጽኣን ኢኻ ክሳብ ምዓስ ብፌክ ኣካውንት ነብስኹም ክተተዓሻሽዉ ? ኤርትራ ንስድራ ስውኣት ኣብ ወርሒ ወርሒ ገንዘብ ከም ትኸፍል ኣይትፈ,normal,normal,abuse,abuse,normal
1490251693803589634,@USER @USER ህግደፍ ድቃስ ሲኢንኩም ገፅኩም ትከወል ባራዩ,hate,hate,hate,hate,hate
1645127893775728641,@USER ሓሳብ ክተቅርብ ትኽኢል ኢኻ ተጋሩ ዓያሹ ኢልካ ትዛረብ ግን ዓሻ ክትከውን አለካ። ሰለ ዓርስኻ ወኪልካ ተዛረብ not the whole population! አነ ዓሻ እየ ክትብል ግን መብትኻ እዩ,normal,normal,abuse,abuse,normal
1594931442978623488,ብጣዕሚ ተሕፍር እቱ ትፅሕፎ ከም ሓደ ፃዲቀኛ መሲልካ እዙኩሉ ግፍዒ ዝሰረሕካዮ ንህዝቢ መቀለ ከትርስዖ,abuse,abuse,abuse,abuse,abuse
1585358348886872064,@USER ጽቡቕ ኣለኺ ሰሓቢት ዛንታ እዘን ዝጠቐስክየን ኩለን ብህግደፍ ዝተጣሕሳ እየን::ኣብ ዘመነ ህግደፍ መሰል ኤርትራውያን ትሕቲ መሰል እንስሳ ወሪዱ ጥሪትኢሳያስ ኣ,hate,hate,hate,hate,hate
1595183892973211649,@USER @USER ህግደፍ መንደፍ ህዝብኩም ኣጥፊእኩም ንባዕልኩም እዉን ጠፊእኩም ኣብ ሰደት ባራዩ,hate,hate,hate,hate,hate
1553088815295766528,መራሕቲ ህወሓት ኣብ በረኻ እናሃለው፡ህዝቢ ትግራይ ንባዕሉ ፆሙ እናሓደረ ናብቲ ዘለውዎ በዓትን እምባታትን እናኸደ ይቕልቦም ነይሩ። ደቁ እውን መሪቑ ይሰድድ ነይሩ። ድሕሪ 21 ሰነ 2,normal,normal,normal,normal,normal
1538806654837342209,@USER ዕሱብን ባርያን ብጎይቱኡ ዝተባህሎ ጥራይ ኢዩ ዝኣምን። ጽቡቕ ክትምሉሱ ሞ ኣይጽበየኩምን ኢየ። ዕሱብ ዕሱብ ምዃኑ ኣይተርፎን ኢዩ፡፡ ባራዩ ህግደፍ ፍሉያት ኢኹም።,hate,hate,abuse,abuse,hate
1612264905872211968,@USER ኣንታ ሓሳዊ መንዩ ኣእጋሩ ዝተቐርሰመ? ኣብ ቅድሚ ሰራዊት ኤርትራ ደው ዝብል ሓይሊ የልቦን። ሃተፍተካ ሕደግ። ሓይሊ እንተ ዝህልዎ ድኣ ስለምንታይ ከቢድ ኣጽዋሩ ኣረኪቡ። ቁሩብ ሕፈር።,hate,abuse,abuse,abuse,abuse
1489654801063456770,@USER @USER እቲ ነገር ከምዚ እዩ ክልተ ጎራሐት ሐምኽሽቲ ስንቆም ሻዕብያን ወያነን እዮም አብ መጨርሽታ ክልቲኦም ሐምኽሽቲ ሒዞም ተሪፎም,hate,hate,hate,hate,hate
1490276478705090562,@USER ኣነ ዝገርመኒ ናይ እዞም ደቂ ዓድና ተቃወምቲዩ። ረኣይዎሞ እዝ ሓዉና፥ ካብ ህግደፍ ክሃድም፥ጫፍ ዓለምዩ ከይዱ። ክንዲ ዝሓንክ ድማ፥ ኣብ መዕዶ ኮይኑ፥ ን,hate,normal,abuse,abuse,abuse
1491901147292000256,ዓሻ ደሓን ኣሎ ዘመድ ዓሻ ኸፊእዎ ኣሎ። #NoMorePFDJ,hate,hate,normal,normal,hate
1483744898801192962,ሕድሪ ስውኣት ዝጠለመ ኢሰያስ ካሕዳም!!!! ሃየንታ ኣለዎ ስድራቤት ስውኣት ኣብ ፎቖዶ ጎደናታት ለመንቲ ክኾኑ ብሕማም ክሳቐዩ ደኒኖም ክነብዑ!!!!!,hate,hate,hate,abuse,hate
1652027489366028288,@USER @USER ኩራእ ጥሙይ ተረፍ ዓሳ ጊላ ኢሰያስ አጋመ ሌባ ረሳህ ካልሲ????,hate,hate,abuse,abuse,hate
1483362655544897536,@USER ጽጋብ ዝሰርነቖ ኣላ ወያነ ዝሓዞ ዘይኣኽሎ ናይ ሰብ ክምነ ድሕሪ ፍርቂ ዘመን ታሪኽ ኣልቦ ኾነ! Watch Eritrean Wedi shawel ሕጂዶ ይሓይሽ,hate,hate,hate,abuse,hate
1649810792999534593,@USER ፓሪስ ኣብዚ ሕጂ ትነድድ ኣላ ናትኩም ሓዊ ውን ስቅሉ ዝቅህም ኣይኮነን ብስሪ ርኹስ ስራሓትኩምን ልሙስ ስነሓሳብኩምን ንገባቲ ሸውሃትኩም ከተርውዩ ንህዝ,hate,hate,hate,normal,hate
1606965456640020481,@USER ትግራይ ዘልዓለ ኤርትራዊ ኣግኣዝያን ወይ ውን ትግራይ ትግርኒ ኢሉ ክፍንፈን ኣልዎ ዝብል ፕሮፖጋንዳ ናይ ህግደፍን ኣዳከርቱን አዩ ዘሎ አዚ ካኣ ተለሚዱ ኣብ ካል,hate,hate,hate,normal,hate
1635722258932006918,@USER @USER ቶርጊምካ ማለት ድዩ፡ ጠላዕ ሰብኣይ ሲ ኣቶካሽ ኮንካ ፡ ኣይ ኣቦኻ ኣይስምዑ ። ናይ ሰብኣይ ሰራሕ,abuse,abuse,abuse,abuse,abuse
1550196778565337089,ፈስቲቫል ምልኪ ኣብ ስቶኮልም ክስረዝ ኣለዎ!! ሽወደናዊት ኣባል ሰልፊ ሊበራል ህግደፍ ኣብ ከተማ ስቶኮልም ሽወደን ሰሪዕዎ ዘሎ ገዚፍ ፈስቲቫል ክስረዝ፡ ፖለቲከኛታት እታ ሃገር ክ,hate,hate,hate,normal,hate
1478873152902025225,Jstudio ኣዛዚ ሰራዊት ትግራይ ናብ ወረርቲ መጠንቀቕታ፨ ወደብ ዓሰብን ደሴት ዳህላክን ናብ ቻይና ከረክብዩ፠ . via @USER,hate,hate,normal,normal,hate
1653801273152372739,@USER ሓሳድ ሓሳዊ። መን ዩ ክኣምነካ? ኣበይ ኣሎ ቲ ጭብጢ?,abuse,abuse,abuse,abuse,abuse
1548961940927569921,መጨረሻኡ ውድቀት እዩ ዝብል መልእኽቲ እዩ ዘሕለፈ። BZW ናይ ሰለስቲኦም መቕረብቲ ባህጊ ኣፈላላይ ኣይነበሮን፤ እንታይ ደኣ ብኸመይ እንተኾነ የዋፅእ እዩ ኔሩ እቲ ኣፈላላይ። መፃኢት,normal,normal,normal,normal,normal
1563764800827572224,@USER መቸም ሕፍረትኪ ሸጥኪ በሊዕክያ ኢኺ።እስኺ ትኹንንዮ መንግስቲ ይኹን ውልቀ ሰብ የለን።ምኽንያቱ ከዳሚት ናይ ወያነ ስለዝኾንኪ።ሎሚ ትማል ኣይኮነን።ብሂወት ብዙሓት መ,hate,abuse,abuse,abuse,abuse
1487126415464144903,ሰብኣዊ ቅልውላዉ ትግራይ፡ ሓካይም ከይተረፉ መግቢ ክልምኑ ጀሚሮም ኣለዉ ተባሂሉ የ 45 ዓመታት ባንዳ ወያነዎች ሌቢነት ውጤት፣ የባእዳን ባንኮች በወያነ ሲሞላ የትግራይ የ1,hate,hate,hate,hate,hate
1487881083991605249,እዚ ሰብ ኣብ ብረታዊ ቃልሲ ህዝቢ ኤርትራ ክንደይ ህዝቢ ብኣየር ዝጭፍጭፍ ዝነበረ ፡ደርጋውያን ሕጂ ጅግንነት ተባሂሉ ሓወልቲ ተስሪሕሉ ኣሎ ።,hate,hate,hate,normal,hate
1610302274726666242,ሃገረይ እወ ሃገረ ሰማእታት ትማልን ቅድሚኡን ተዋራሪሶም ዘረከቡና ናይሕድሪ ሃገርእያ ሃገርካ ምጥላም ማለት ነታ ዝወለደትካ ማህጸን ምኽሓድ ማለት እዩ ወይለኻ ከዳዕ ሎሚ ጸሓይ በሪቓ,hate,normal,abuse,abuse,abuse
1647684863690956800,@USER ሕልና ኣብ ደንበ ህግደፍ ኣይትርከብን እያ!,hate,hate,hate,hate,hate
1569964681976057858,@USER ኣየ ዓጋመ ክክክክክ ዋግ ክምራ ሽራሮ ከመይ ኣሎ ኢልኩም ሕተቱ ዓጋመ ቆሳላት ተላሒሶም,hate,hate,hate,hate,hate
1504564367563575300,@USER ህዝባዊ ግንባር ንህዝቢ ዝቖመዩ እንተኾነ ግን መራሒኻ አፍሪስዋስ ብህግደፍ መንደፍ ተኪእዎስ አንጻር ዓላማታት ህዝባዊ ግንባር ይሰርሕ አሎ መኒኻ በራሕ አርአያ ??,hate,hate,hate,abuse,hate
1558207366222561283,እቲ ብፖለቲካዊ ዓቕሚ ዝደሰከለን ብህልውናን ለኣላውነት ኢትዮጵያን ኤርትራ ዘገድሶ፣ ፅንተት ትግራይ ብገበነኛታት መራሕቲ ዝነበሩ ናይ AU መራሕቲ ክደራደር ብትግራይ ፖለቲካዊ ጠላዕ ዝ,hate,hate,hate,hate,hate
1492940046156115977,@USER እዚ ሰብኣይ ግን ይፈልጥ ድዩ ወያነ ከምዘብቀዐት ሃለውለው,hate,abuse,abuse,abuse,abuse
1543318013352501249,@USER @USER @USER @USER @USER ፍፁም ጌጋ እዩ እዚ። ምናልባት ህዝብና ኣየዳለዉዎን፣ ፖለቲካ ተዓይኑዎም፣ ስትራተ,hate,normal,normal,normal,normal
1639776152855146496,ፓለቲካ ውልቀ ሕዱር ቂምን ፅልእን ብሕማምን ሽምግልናን ይትረፍ ብሬሳውን ጠላዕ ይፃወት። ኣብ ውልቀ ቂም ይኹን ኣብ ውልቀ ፍቕሪን ዝምድናን ዝተመስረተ ፓለቲካ ውፂኢቱ ተታሕዝና ንጥፋ,normal,normal,normal,normal,normal
1485871829692653575,@USER ብዛዕባ ወያነ ብዙሕ ኣይትገደስሎም ምክንያቱ ናይ ገዛእ ርእሶም ዝኮነ ታሪክን መዘከርን ስለ ዘይብሎም ካብ ናይ ሻዕብያ ተዘይ ወሲዶም ካበይ ከምጹኡ። ታይ ታሪክ ኣከዎም ብዓል ዜሮ ዜሮ።,hate,hate,hate,hate,hate
1632113776487981056,??ኣሮን ወደይ ኣብ ርእሲ ትግራይን ህዝቢ ትግራይን ዝተወለዐ ናይ ዘርኢ ምፅናት ኲናት ንማሕበረሰብ ዓለም ንምፍላጥን ፍትሒ ንምንዳይን ምስ ወለድኻ ኾይንኻ ተቓሊስኻን ትቃለስ ድማ ኣለኻ,hate,normal,normal,normal,normal
1497310963036524545,እዛ ዓለምና እንታይ ኢዩ ጉዳ! ናይ ደርጊ ይጽናሕ።ከዳሚ ስርዓት ወያነ:ሕብሪ ዓይንኹም ኢሉ:ልዕሊ 90 ሽሕ ህዝብና ክሰጉግ:ኣብ ውሽጢ ኤርትራ ኣትዩ ዓመጽ ክገብርን ክሰርቕ ከሎ ት,hate,hate,hate,hate,hate
1617822667251535875,@USER ሱቅ በል ነስኻ ድማ ሰብ ተሓስብካ ሰበይትኻ ኣደ ደቅኻ ንስልጣን ክትብል ኣሕሊፍካ ዝሃብካ ይሁዳ ከዳዕ ።,abuse,abuse,abuse,abuse,abuse
1496568976163364867,@USER @USER ክክክክ ወያነ ኣብ ምቅታል ንጽሃን ኣንስትን ቆልዑትን ጅግና ኢዩ። አንተ ኣብ መዳ ውግእ ግን ዘሮ። ፍርቂ ሚልዮን ቆልዑት ትግራይ ኣጥፊኡ ንህዝ,hate,hate,hate,hate,hate
1484286001849769992,@USER @USER ወዲ በራድ ሰራቂ በራድ ትም በል አይ ምስ ኢስቶብያ አይ ነብሳ ኪኢላ አብትን አብትን ከይበለት ክብረታ ሐልያ አብ ዘይትወጽዎ ዓዘቕቲ የእቲኹማ እዛ,hate,hate,abuse,abuse,hate
1557664338508500992,ኣብ ልዕሊ ህዝቢ ሰገነይትን ከባቢኣን : ብግብረሽበራዊ ጉጅለ #ህግደፍ ዝካየድ ዘሎ ሰፊሕ ማእሰርትን ጨፍጫፍን ደው ይበል !!! #Eritrea #Segenaity,hate,hate,hate,normal,hate
1613701795758444544,@USER ክክክክክክክክክ ሩኹስ ረሳሕ ዓጋመ ኩቡር ጅግና ፕሬዝዳንት ኢሰያስ ኣፎርቂ ጎይታኻ እዩ ::ወያነ ዓሌትካ ኣትኪላ ተዋጊኣ ኣይትፈልጥን እያ ዓለም ተዋጊኤናና ትብሉ,hate,hate,hate,hate,hate
1623612288904179716,@USER እዞም ብህግደፍ ዝመሓደሩ መራሕቲ ሃይማኖት ኤርትራ ምስቶም መራሕቲ ሃይማኖት ኢትዮጵያ ሓደ እዮምዶ ክንብል ንኽእል ?,hate,normal,normal,normal,normal
1568698430641283074,ስርዓት ህግደፍ ውጻእ ፡ ህዝበይ ፍትሒ ሒዝካ እተው ??,hate,hate,hate,normal,hate
1596426957998084096,@USER ተንቀሳቓሲ ሬሳ!!!! ረዲኤት ሸይጥካ ብሞትን ስቓይን ህዝቢ ትግራይ ረሳሕ ሃፍቲ ፈጢርካ ጠላም,abuse,abuse,abuse,abuse,abuse
1592997988380835840,@USER @USER @USER ቆንዳፍ ዓጋመስ ካብ ምእራይ በለስ ሓሉፉልካ ሳላ ኤርትራ።,hate,hate,hate,hate,hate
1638970673786679305,፬፬ኣትሓሳስባ ናይ ህግደፍ፬፬,normal,hate,normal,normal,normal
1488259134197837826,ኣሕዋትና ብሰንኪ ጥሜትን ዕርቃንን ወርቃዊ ነብሰን ኣሕሊፈን ይህባ ኣለዋ ክትበሃል እንከለኻስ ከብድኻ ኣይበልዓካን ፡ ኩሉ ንግደፎ ሕጂ ኤርትራዊ ስደተኛ ኣብ መዓስከር ማይ ዓይንን ዓዲ,hate,normal,normal,normal,normal
1624663682843017218,@USER አብ ኤርትራ ፡ ድሕሪ ስምምዕ አልጀርስ ናይ 2000፡ ህዝቢን ደቂ ህዝብን ንኸላዘቡ ብህግደፍ ዝተገብረ ጎስጓስን ፖለቲካዊ ሸፈጥ ፡ ሕዝቢ ኤርትራ ስጋብ ሕ,hate,hate,hate,normal,hate
1577768451900379148,@USER እስኻ ድኣ እንታይ ኣጥፊእካ ጨናዊ ዓጽሚ,abuse,abuse,abuse,abuse,abuse
1569552085062144000,ንዕሰለታት ምኸሩልና ብዲፕሎማሲ ስዒርና እናበልኩም ህዝብና ዓንፅዓፆ ህዝብና ክድብደብን ብታ ከሓዲት ሃፀያዊት ኢትዮጵያ ህዝብና ኣብ concentration camp ክሳቐን ክጭፍጨፍን ካ,hate,hate,hate,hate,hate
1603478344271810561,@USER ጫረ ፈስፋስ ሓሳዊ ዝኾነ ሰብ,abuse,abuse,abuse,abuse,abuse
1615364222871015424,@USER @USER ኣታ ዉዲ 7ተ ዘርኢ ለማኒት እንታይ ኣዲኻ የእትይካ?!,abuse,abuse,abuse,abuse,abuse
1648235574661197824,ብኽያትን ንብዓትን ኣምባሳደር ባህሊ ህዝቢ ትግራይ ህዝቢ ራያ መንገሻ ረዳኢ ብኽያትን ንብዓትን ብረሳሕን ድሑርን ጨቁንን ስርዓት ህወሓት ዝተበደለ ፍትሒ ዝሓረሞን ህዝቢ ትግራይ እዩ።,hate,hate,hate,hate,hate
1597281840674455553,@USER @USER ቅጫ ማይ ትሓመድ ንባዕሉ መህደሪ ቀልቀል . ሕሱራት ኤርትራውያን ባርነት ገዲፍኩም ድራር አሳ ምዃን ከመይ? ጥራህ ከብድኻ ላሕ ላበልካስ ፀርፊ ????,hate,hate,hate,hate,hate
1559578631885598720,ERISAT:ንህግደፍ ከም ኣማራጺ ምርኣይ ጌጋ ጥራይ ዘይኮነስ፡ ሓጥያትውን እዩ | ኣቶ ተወልደ ስእለ | Tewel . via @USER,hate,hate,hate,hate,hate
1597645692981628928,@USER ጽዩቅ ረሳሕ የእምሮ ዘለዎ ከምዚ ከማኻ፡ ንህዝቢ ትግራይ ፈተውቱ ዘይኮንኩም ጸላእቲ ኢኹም።,hate,normal,abuse,abuse,abuse
1540244622198411264,@USER ብዘይ ህግደፍ ክብረት የለን ደኣ በሊ ንስኺ ሲ !,normal,abuse,abuse,abuse,abuse
1599682955139756032,@USER @USER ጸማም ሐደ ደርፋ ጉዳይ ዓድኻ ግዳ ዘይትገብር ድርባይ።,abuse,abuse,abuse,abuse,abuse
1578445553817382912,ኣብ ዲያስፖራ ዝርከቡ ብሄረ ተጋሩ ኣብ ውቁባት ከተማታት እናተቐመጡ፣ ጠያይቲ ከይሰምዑ፣ ንኲናት ህግደፍ ብዓይነ ስውርነት ክድግፉ ምርኣይ ንዕቀት’ዩ። ንህዝቢ ትግራይ ከምቲ ናትኩም ሰ,normal,normal,normal,abuse,normal
1640102977183576064,ኩራዕ ኤርትራዊ አብ?ወደባዊት ህግደፍ ?ዘዕነዋ ባጽዕ,hate,hate,hate,hate,hate
1650541155300564992,ኣይሰርሐን ፡ ኸምዝመፁ ቃል ዋላ እንተተኣተወ። - ሐዚ’ውን እቶም ሰራሕተኛታት ኾኑ እቲ ኣብ ስራሕ ዘሎ ቦርድ መፂኦም ሕቶታት ክምልሱ እንተደልዮምን ማዕጾና ክፉት ኮይኑ ኽቕጽል እ,normal,normal,normal,normal,normal
1596912117801979905,@USER @USER @USER @USER እዞም ውጺእት ናይ ምዕራብ ዝኮኑ ሰብ ቆቢዕ ብዘካ ተዓሰካ ምክዳም ካልእ ኣይተማህሩን። ህግደፍ,hate,hate,abuse,abuse,hate
1591903508306993153,እዛ ደርፊ ከም ኣጋጣሚ ምዛ ዋዕላ መንእሰያት ህግደፍ ሽወደን #YPFDJ ምውጻኣ ንመዘከርታ ክትኮነና እያ ሓንቲ ካብ ዋዕሮታትና ከኣ ኣሸብር . @USER,normal,normal,normal,normal,normal
1538591423456595968,ስውእ ዓሊ ኣብ ተክለ ስውነቱ ቁንጹብ እኳ እንተነበረ ብዝነብሩ ክእለትን ጥብብን ካብቶም ኣብቲ ግዜ ዝነብሩ ኣብ ቦታ ቁጽሪ (4) ዘይድፈር ተጻውታይ ነይሩ።,normal,normal,normal,normal,normal
1549652214662193153,@USER ሓደ፥ ኤሪትራዊዩ። ፍልልይ ኣባይን ኣባይን፥ ንስካ ባርያ ሙካንካ፥ ናይ ህግደፍ ኣገልጋሊ ምካኑ ክንጥረካ ከሎ፥ ኣነን ግን፥ ንመሰልይ ክብረይ ዝቃለስ ሕቡን ኤሪትራዊ,hate,abuse,abuse,abuse,abuse
1616479447309221891,@USER ጽንዓትን ንምፍራስ?ኤርትራ?አብ ትሕቲ ደቃሉ ህግደፍ,hate,hate,hate,hate,hate
1608631254228013057,ኣፈኛ ስርዓት ናይ ህግደፍ ናይ ንሓቂ! መንሞ ፈለጦ,hate,normal,normal,abuse,normal
1580652903722758144,@USER ህግደፍ መገዲ ኲናት እምበር መገዲ ልምዓት ኣይፈልጣንዩ፣ እንተዝኽል 30ዓመት ኣብ ስልጣን ነይሩ፣ ዘምጽኦ ለውጢ የለን,hate,hate,hate,hate,hate
1616658370143965184,እንተ ፈኸራ ዝገደፍና የብልናን እንተ ሻዕብያ እሞ ኣብራኽና ሰይሩ ስረና ኣፍትሕና እዪ ዓለም ቦሻዕ ፈጨጭ በል ከዳሚ???? @USER @USER @USER,hate,hate,abuse,abuse,hate
1604686205274230789,@USER ጋሃንም ሸይጣን የውርሶ። Meles Chenawi ሓሳዊ ድንቁርናን ሕማም ዘይናትኩም ምምናይን ኣውሪስኩም ኣባጅጎ ባግ ኣቢልዎ። ክትሓልሙ መሬትኩም ከይተረፈ ጠሊም,hate,hate,abuse,abuse,hate
1513222046876114949,ኣታ ረኣዩለይ? ተኸፋፊልናያ? ኣየ ህግደፋውያን ሕልሞም ዘይውዳእ,hate,hate,hate,normal,hate
1540198503934074881,ምእንቲ ካብ ባርነት ስርዓት ህግደፍ ሓራ ዝኾኑ ደቆም ፡ ኣስታት 100 000 ስድራ ቤታት ኤርትራ፡ ነፍስወከፎም 50 ሽሕ ናቕፋ ተቐጺዖም እዮም። እንተ ስድራ ስውኣት ክከፍሉ እምበር,hate,hate,hate,normal,hate
1599115397046816768,በየነ ርእሶም እኳ መንግስተ ሰማያት የዋርሶም ዝበለሎም!,normal,normal,normal,normal,normal
1481463398311370753,@USER @USER አብ ጥጡህ ቦታ ተቀሚጥካ ወድ ድኻ ናብ ውግእ ንምስናይ ሆ በል ጥራህ። ምስቶም ናይ ፊውድል ተወለድት ወያነ ገዛእት በአል (ደብረ-ሰይጣን ክ,hate,hate,hate,hate,hate
1630849714659766273,እሞ ንሕና ተጋሩ ንዓወት ዓድዋ ንክንፅየፎ ድዩ ዋላስ ክነኽብሮ ዝግባእ!? ብናተይ እምንርት እቲ ዓወት ንዓና ንተጋሩ ካብቶ ካልኦት ብፍሉይ ስለፀልወና ንትውልዲ ብዝጠቕም መልክዕ ክነሳታውሶ ይግባእ በሃላይ እየ። 5/n,normal,normal,normal,normal,normal
1503122363168157696,@USER ህግደፍ ማለት ህዝቢ ማለት እዩ እንታይ ኣፍሊጥካ ትምህርትኻ ግዳ ዝይትገብር ትካቦ ክትጽበይ ካብትውዕል GAME IS OVER!! ጁንታ ዶንቆሮ ኺድ ቅበሮም,hate,hate,abuse,abuse,hate
1615119125180829707,@USER ሕጂስ ክኣ ብናይ ህግደፍ መታለሊ ዜማ ክትጥበር መሪጽካ ? ?? እቲ ንህዝቢ በቲኑ ሃገር ዘዕነወ ግብረሽበራዊ #ህግደፍ : ብልእላውነት #ኤርትራ ከምዘይኣምን እኮ መራ,hate,hate,hate,hate,hate
1502759042388742152,@USER ትምህርቲ ህግደፍ ማይ ንዓቐብ,hate,hate,hate,hate,hate
1515797035475259392,ትግራይ ሓደ ውሑጅ ዘይኮነስ ብዙሕ ዓይኒ ማይ እዪ የድልያ። ኩሉ ቦታኣ ንክልምልምን ክለምዕን - ?ሓሳባት ዝድህሰሱሉን ሓሳብ ሒዝና ንመያየጠሉን መደብ??ተረፍ መረፍ,normal,normal,normal,normal,normal
1501851133278572550,@USER @USER @USER @USER @USER ሳላ ህግደፍ ቆርበትና ተኾነ ቆርበት ሓርገጽ ተቐይሩ እዩ ብልክዕ?? እዞም ኣራዊት ለኪሞምና ::,hate,hate,hate,hate,hate
1617711573245779968,@USER @USER @USER @USER ናይ ስጋን ኣእምሮን ባርነት። ቀደም ናይ ጣልያን ሎሚ ናይ ህግደፍ።,hate,hate,abuse,abuse,hate
1583002839764594688,@USER ሓሳዊ ለኽባጥ! ፈደራል መንግስቲ መቐለ ኣብ ዝተቆጻጸረሉ እዋን ኣባል መስጋግሪ መንግስቲ ክልል ትግራይ ዶ ኣይነበርካን? ሽዑ ደኣ ከምኡ ዘይትብል ነበርካ።,abuse,abuse,abuse,abuse,abuse
1562529991102849027,@USER ንስኪ እንዶ ሞ ኣለኪ ረሳሕ መልሓስ እንበር ንዓይ ደኣ እንተትረክብኒ ሊሒስኪ ኣይምጸገብክን ኣነ ደኣ ኣይቅርበክን እንበር ቃሕማም። ኣንቱም ደናቁር ከይፈተና ካ ተጻረፍቲ ቀይርኩምና።,abuse,abuse,abuse,abuse,abuse
1513924601436286987,@USER ክንዲ ዝወሰደ ግዜ እውሰድ: ክንዲ ዝወሰደ ሰብ ይህለቕ:ውግእ ቀጻሊ እዩ: ቃል ገብሩ ኣስራት ጠምባር:እዚ ኣብሃህላ ዚ ፖሊስን መትከልን ወያነ ብዜካ ኣሉታ,abuse,abuse,abuse,abuse,abuse
1576322151170605056,ንምእንቲ ህዝቡን መሬቱን ዝቃለስ ዘሎ ሰራዊት #ትግራይ : ክሰዓር እዩ ኢልካ ምሕሳብ: ሕልሚ እዩ :: እዞም ዝሃድሙ ዘለው ኣህባይ???? ከይመስለኩም : መላፍንቲ ህግደፍ ዝኾኑ ሰራዊ,hate,hate,hate,normal,hate
1515714274102030337,አስመራ ሽኮር ?ሳላ ህግደፍ ሓሳድ ዝፈረስ መንደቅን?ርስሓትን መለልይኪ ኮይኑ,hate,hate,hate,hate,hate
1544781305530941440,ዘጨፍጨፈትን ዘዝመተትን ጠላም ሃገር ሽም ትግራይ ዘይፀወዐት ኢልካ ብኣግራሞት ምግላፅ ይኹን ምልጋፅ ናይ ጥዕና ኣይመስለንን። ኣቦይ እነይ በበይኑ ፀሎቶም ዝበሃል ከምዚ ዝበለ እዩ። (3/4),hate,hate,hate,hate,hate
1502577938100850688,Solo Media ፦ ስድሪ ስጉምቲ ወያነ ካብ ፔርስኮብ ሰለያ ኤርትራ ክኽወል ዓቕሚ ኣይነብሮን ! via @USER,hate,normal,normal,normal,normal
1483605985965096960,ንባዓት ህዝብና ወለድናን ይፍረድኹም ኣቱም ኣራዊት መሰል ሰብኣዉነት ዘይትፈልጡ ????,hate,hate,hate,abuse,hate
1639777322734682113,ካድራት ኤርትራ ልክ ከም ዓለሞም በታ ጠንባስ ንገለ ናይ ህግደፍ ቢሮ ጥራሕ ዝፈቐደት ጠንባስ ኢንተርኔት ተጠቒሞም ኣብዚ ማሕበራዊ ሚድያ ከፃፍዑ ክትርኢ ከለኻስ ይድንፅወካ ፣ ሃገር ኣለትና ኢሎም ድዮም ፣ ድንዙዛት ።,hate,hate,hate,abuse,hate
1515412266262437902,@USER ህግደፍ ማለት ኣብ ውሽጢ ህዝባዊ ግንባር ተሓቢኣ ዝጎበዘት ንኣምሓራዊ ልዕልናን ጎበጣ ኤርትራ ብኢትዮጵያን እትቃለስ ጉጂለ ኢያ።,hate,hate,hate,hate,hate
1554925697331871746,@USER ነዛ ብፖሎቲካ ጠፊሻ ብእርጋን ተረሚሳ ትሰሓግ ዘለ ጉጅለ ሸፍታ #ህግደፍ : ኣወል ኣእውዩ ዘድሕና እንተኾይኑስ ሓቢርና ንርኢ ???? እዛ ስእሊኸ ድኣ ከበይ ኢኻ ኣም,hate,hate,hate,hate,hate
1607947773617524737,ኣርባዕተ ኢትዮጵያውያን ህጻናት ኣብዚ ወርሒ ኣብ ጃያዴቫ ኢንስቲትዩት ሳይንስ ልብን ስርዓተ ደምን ክፉት ልቢ መጥባሕቲ ከምዝተገብረሎም ካብቲ ሆስፒታል ዝወጸ ጋዜጣዊ መግለጺ ሓቢሩ።,normal,normal,normal,abuse,normal
1489715515459203072,@USER ትሓጓሚ ከሎሲ ትሓዚ ይጠርጥ ድዩ ዝበሃል። ወያነ ከሎ ሲ ኤልሳ ጭሩም ተእዊ።,hate,hate,normal,abuse,hate
1526658374561062913,ከበባዊ ፖለቲካዊ ረብሃ ዘለዎ ቀጠና ንክህልየናውን ክንሰርህ ናይግድን እዩ,normal,normal,normal,normal,normal
1504317689032065027,1ይ ዮሃንስ 4: 20 ፤ ነቲ ዝረኣዮ ሓዉ ዘየፍቅሮስ፡ ነቲ ዘይረኣዮ ኣምላኽ ኬፍቅሮ ኣይከኣሎን እዩ እሞ፡ ንሓዉ እናጸልኦስ፡ ንኣምላኽ ኤፍቅሮ እየ፡ ዚብል እንተሎ፡ ንሱ ሓሳዊ እዩ።,normal,normal,normal,abuse,normal
1605643474962976768,@USER @USER ኣታ ለማኒ እንታይ ኢኻ ትብል ዘለኻ ብትግርኛ ዲኻ ትጸውይ ዘለኻ ውይ??? ጥማዕ ትግርኛ ናይ ሳሕሳሕ ቆማል ዓጋመ ኣንፈትካ ስሒትካ ኣለኻ። ሓካፍ,hate,hate,abuse,abuse,hate
1647501418352263168,@USER #Eri አንታ ነቓዕ በንጻሩ ኢኻ ትዛረብ ዘለኻ።ዐጋመ ናትካ ፍለጥ ።,abuse,hate,hate,hate,hate
1654576501080113152,@USER ንኸዳዕ ከዳዕ ምባል አየድልየካን እዩ በርከ ሰምብረ ከዳዕ እዩ። ንሕና ኤርትራውያን ግን አአብደለናዮ ኩርናዓት ኮይና ሐድነት ሕውነት ክንገብር አለና።,abuse,abuse,abuse,abuse,abuse
1581527991145750528,@USER ኪድ ሓሳዊ ስዲ ኣዲኡ ዘዕበየቶ,abuse,abuse,abuse,abuse,abuse
1626263561579159552,ምዕራብ ትግራይ ወረርቲ ሓይሊታት ኣራዊት ኤርትራንተስፋሕፋሒ ዕጡቓት ዓዲኣምሓራን ካብ ምዕራብ ትግራይ ጠቅሊሎም ንኽወፁ ፅዑቕን ዝተወደበን ቃልሲ የድልየና ኣሎ,hate,hate,hate,hate,hate
1511097400496115720,@USER @USER @USER @USER ኣምባሳደር ህግደፍ ኣብ ደምበፍትሒ::,normal,normal,normal,abuse,normal
1608513897748742146,@USER ጀጋኑና ዘየክብር?ጉጅለ ህግደፍ ?ማፍያ,hate,hate,hate,hate,hate
1481374777675763716,@USER ሻዕብያ መቸም ከም ቁሪ ኢዮም ዘፍርሑኩም ድሁላት ።,hate,hate,hate,abuse,hate
1575758614928969728,@USER @USER @USER ጉሒላ ሓሳዊ፡ንህዝቢ ትግራይ ትሓልዩ ትመስሉ ኣምሰሉታት መደናገርቲ ሸቓጦ። ህዝቢ ትግራይ እታ ሓቒ ስለዝፈለጣ ናብ ኤ,hate,abuse,abuse,abuse,abuse
1587738935270195202,ንምንታይ ኢናባ? ሚስጥር ረኸብቲ ወይስ ሓበሬታ ጎርጎርቲ ክንበሃል ድዩ ዕላዊ ተገይሩ ስለ ዘይተነገረ ዛዕባ ንምዝራብ ሃንደፍደፍ እንብል? ደሓር ሓሳዊ ከብለና ከም ዝኽእል ግና ኣይንረስዕ።,normal,normal,normal,normal,normal
1610518809135271940,@USER @USER @USER ሓሳድ ብጀካ #ኩናት ኣትፈልጥን ኢካ,abuse,abuse,abuse,abuse,abuse
1483550140376006661,@USER @USER ኪዲ ዓጋመ ኣራት ኪሎ ተሰኪምና ኮፍ ዘበልናኹም ንሕና ኢና ለለዋ ለይብላ ኢልና ዝዓለምናኹም . ቆማል,hate,hate,hate,abuse,hate
1572147454660976640,@USER @USER ከዳዕ ካብ ምኽዳዕ ክሕር ኣይብልን እዩ። ክብርን መጎስን ነቲ ሓቂ ዓቲሩ ነቅ ዘይብል ህዝቢን መንግስትን ኤርትራ ምስ እቲ ጅግና ሓላው,abuse,abuse,abuse,abuse,abuse
1573558120105840641,@USER ትግራይ ክትስዕር ኢያ። ውግእ ግን ከተሕጽሮ ኣለዋ። እዚ ከኣ ናብ ኤርትራ ሥንጢቃ ንኣብነት ብሰንዓፈን ጸሮናን ምስ ትኣቱ ኢዩ። መራሕቲ ህግደፍ ሓንሳብ እንተፈ,hate,hate,hate,normal,hate
1571012510966501378,ኤርትራዊ ኣባል ጀርመናዊት ክለብ ዳዊት የማነ ኣብ ሰርብያ ዝተኻየደ ውድድር 1ይ ወጺኡ,normal,normal,normal,normal,normal
1629249384478130183,@USER ክክክክክክክክክክ ኣይተረድኦምን ምድረ ሃመማ፡ ምድረ ኩዕንቲ ብሰንኪ መልሓሶም ክንደይ ትግራዋይ ቀለብ ኣሞራ ኮይኑ ኣሎ፡ ሕጂ ድማ ይድግምዋ ኣለዉ፡ ዝተረፉ ተጋሩ ክኹስተሩ እዮም እንታይ ግድኻ,hate,hate,hate,abuse,hate
1621625750636855297,@USER ናይ ብሓቂ ስልጡን ኣባ ዳህሪ ህግደፍ ዓቕሉ ጸቢቡዎ ኣሎ ???? ተሓቢእካ ምብካይ ኮይኑ ክክክ።,hate,hate,hate,hate,hate
1492050494415585285,@USER እዚ ንትግራዎት ጀጋኑ ንምምሳል ንበይኖም ከም ዝመከቱ ኣምሲልካ ዝስራሕ ድራማ እዩ ወያነ ብዘይ ናይ ????ሓገዝ ስጋብ ሕጂ ኣይምጸንሐን ስጋብ ሕጂ ብዝግበረሉ ውሽጣዊ ሓ,hate,hate,hate,hate,hate
1594281890491629571,@USER ሓሳዊት ለኽባጥ። ኤርትራዊያን ሼጥኪ ዝበላዕክየን ገንዘብ ክትሕተትሉ ኢኺ ኣብ ቀረባ እዋን,abuse,abuse,abuse,abuse,abuse
1491868213344456711,ኤሪ-ቲቪ ዝብልዋ ኣብ ነፍሲ ወከፍ ማዕጾ አንዳ ኳሕኮሐት ወያነን ኣሜሪካን ዝብሃሉ ጸላአትካ አዮም ዝብል ናይ ሓሶትን ጸለመን መልአክቲ አናሕለፈት ን 30 ዓመት፡ ህዝቢ ባርያ ሻዕብ,hate,hate,hate,normal,hate
1581887890191048709,ዋይ ዋይ ወይኣነ ፍርያት ደደቢት ሕጂ ምስ ሰሓንካ ህድማ ንቕድሚት ኣበይ እንዳኖኻ ክትኣቱ ብድሕሪት ጓሓፍ ኤውሮጳውያን ኮንዶም ኣመሪካ ዚ ኩሉ ከዲምካ ብጠላዕ ወገንካ መን ክድንግጸል,hate,hate,abuse,abuse,hate
1634611014636302336,ደቂ ሃገር ሰራሕተኛታት ኣሰልጢኑ፥ ጽቡቕ እቶት ጌሩ፥ ንናይ ኤርትራ ቁጠባ ዘማዕብል ኣውፋራይ ኩሉ ግዜ ማዕጾና ክፉትዩ#PIAInterview2023 #EritreaPrevails,normal,normal,normal,normal,normal
1494747944016306179,እንዃዕ ንመበል 47 ዓመት ምጅማር ብረታዊ ቃልሲ ህዝባዊ ወያነ ሓርነት ትግራይ 11 ለካቲት ኣብፅሐና።,normal,normal,normal,normal,normal
1562903785260740610,ኪሮስ ኢኻ ፈሊጥካዮም ነዞም ሸፍቱ ህግደፍ ! ህግደፍ እንታይከ ዘይገብሩ !? ንስኩላን ኵናት ይርሽኑ መቓብር ስውኣት የፍርሱ ን ጳጳስ ንሓጂ ኣሳቕዮም ይቐትሉ ገበን ናይዞ,hate,hate,hate,hate,hate
1523194346828271616,እዚ ጀግና መን እዩ?,normal,normal,normal,normal,normal
1505764884331573253,ኣይይይ ደናቁር ደቂ ወያነ ትግራይ፣ ኤርትራዊያን መሲሎም ኣብ ወጻኢ ብልማኖ እንዳነበሩ፣ ሓንሳዕ - ደቂ #Tigray - ደቂ #Oromo - ደቂ #Amhara መሲሎም፣ ኣብ ጽርጊያታ,hate,hate,hate,hate,hate
1516483064909737989,@USER 10 ግዜ ወያነ ህዋሓት ትብል ዘለኻ ወያነ ህዋሓት ማለት ኮ ህዝቢ ትግራይ እዩ ስቁ ኢልካ ሓፍ ከፍ ኣይትበል ::,normal,normal,normal,abuse,normal
1600943769792102400,@USER @USER @USER ህግደፍን ሕፍረትን ከብድን ሕቖን እዬም,hate,hate,hate,normal,hate
1602776233732935686,@USER ኣይ ንስኻ ልብኻ ናብ ከብድኻ ዝተቐየረ ብዛዕባ ኤርትራ ይኹን ኢትዮጵያ ዋላ ሓንቲ ኣፍልጦ የብልካን።,abuse,abuse,abuse,abuse,abuse
1543157589801897985,@USER ከልቢ ዓድዋ . ህግደፍ ዝሃነጾ ጠፊኡካ አይመስለንን፡ ንኸምዚ ከማኻ ንዑቅ ሉሕሉሕ ፈትሊ ግን ምምላስዉን ጉቡእ ኣይኮነን፡ ዱርቡይ,hate,hate,abuse,abuse,hate
1498106664419004416,ድልየት ከም ዘለዎም ሓቲትኩም ድኹም? እዛ ዕፅዋ ኢንተርኔት ከም ፅቡቅ ኣጋጣሚ ይርእዩዋ ከኢይህልዉ? ምሳሌ፤ ካልኦት ድምፅታት ክይወፅኡ ይደልዩ ዶ? ልውህና ነብዝሕ ከኢንህልው? 2/2,normal,normal,normal,normal,normal
1588471848974835712,@USER ብርክ ሓወይ ጀግና ተቃላሳይ ምአሰንተ ህዝብኻ ዓድኻን ድቃስ ዕርፍቲ ዝሳአንካ ፍጣሪ ሰላም ትግራይ የርእየና ??,normal,normal,normal,normal,normal
1594420684939177984,@USER @USER ዓወት ንጥሙይ ተረፍ ዓሳ ሰራቒ ዚንጎ ማንካ ሌባ መንደላይ ኤሊጥሪያ ????,hate,hate,hate,abuse,hate
1494548560897089537,እንኳዕ ኣብፀሓኩም ን ምጅማር ብረታዊ ቃልሲ ካልኣይ ወያነ ህዝባዊ ወያነ ሓርነት ትግራይ ?? ሓሞኹም ፈለው በሉኒ??,normal,normal,normal,normal,normal
1479950036956033024,ATV: ንሕና ከለና ህዝቢ ትግራይ ብፋሽሽታውያን ወረርቲ ኢትዮጵያን ኣምሓራን፡ ኣራዊት ሰራዊት ህግደፍን ኣይሕረድን ይብል ሰራዊት ትግራይ,hate,hate,hate,normal,hate
1541329244562890752,@USER እሞ ኢሰያስ ደኣ ምስ ኣምሓራ እንድዩ ወጊኑ ዘሎ ! ታሪኻውያን ጸላእቲ ኤርትራ ! እስኪ በጃኹም ልዕሊ ዓቅምኹም ኣይትጽሓፉ ፡ ባራዩ ህግደፍ ፡ በየናይ ርእስኹም ደኣ ከይትሓስቡ እምበር !,hate,hate,hate,abuse,hate
1561112218682507267,@USER ኣብ ታሪኽና ካብ ዝረኣናዮም ገዛእቲ ፡ ከም ህግደፍ ጌሩ ዝደከረና የለን። ህዝቢ ከጽንቱ ፡ ሃገር ከባድሙን ከዕንዉን ስኽኽፍፍ ዘይብሎም ጁንታ ኢዮም።,hate,hate,hate,hate,hate
1594049241730646021,@USER ንህዝቢ እናገደድካ ምብላዕን አገዲድኻ ምግፋፍ ምዕማፅን ምዝራፍን አመሉ ዩ ህወሓት።,hate,hate,hate,hate,hate
1491669076871163904,አንታይ አዩ ደኣ አቲ ፍታሕ ንሱ ህዝባዊ ኣብያ አዩ ኣብ ደለናዮ አምቢ ንበል ሓርነት ክኾነልና የሙሮና ካብ systematically መግዛቲ ህግደፍ ነውጻዮ ንነብስና ምክልኻል አንተ ኣድልዩ ከኣ ወላ ጎነጽ ንጠቀም,hate,hate,normal,normal,hate
1488424911311888384,@USER @USER @USER ጠላማት ህዝብን መንግስትን ዝጠለሙ ፈተውቲ ንብሶም,hate,hate,abuse,abuse,hate
1508114076756586499,3/4 ሕጅውን ተኾነ አብ ቃልሲ ኾይኑ ዓዲረመፅ፣ ቃፍታ፣ ዓዲጎሹን ፀገዲ ንወረርትን ተስፋሕፋሕቲ አይግዛእን በሓላይ ሰንሰለታዊ መሓውር ዘርጊሑ ታሪክ ዝፈፀመ ጀግናና እዩ። ህዝቢ ወልቃይት ንደቁ አሰር ተጋዳላይ ተኪኡ፣,hate,hate,normal,normal,hate
1482810908296376320,ጋና መንገድኻ ከይጀመርካ ዝፀደፍካ ናብ ልብኻ ተመለስ ምስ ህዝብኻ ተሰለፍ::,hate,normal,abuse,abuse,abuse
1616516038631297039,@USER ተሓዚልኩም ኣቲኹም ንውልድ ወለዶኹም ከፊልኩም ዘይትውድእዎ ግፍዒ ፈፂምኩም ኣለኹም። ፅባሕ ተወሪርና ኢኩም ክተእውዩ ኢኹም,hate,hate,hate,hate,hate
1611627534504058881,@USER ህዝቢ ኤርትራ ግን ንህግደፍ ይውክል እዩ ሚስተር ኢንኪላሎ,hate,normal,abuse,abuse,abuse
1616478051289731073,ደቂ ኤረይ ብልጽቲ መጽሓፍ መጉሃር እግሪ-መኸል ተፈደሉ ንወያነን ላኣኽታን ናብ ሓሙኽሽቲ ዝቐየረት ክንፊ ጾሮና ሩባ በለሳ መሓንቖ እግሪ-መኸል ውዕሎ ዋርሳይን ምትሕንናቕ ምስ ታ,normal,hate,hate,hate,hate
1576681213384749057,@USER Today is 1st October!!!??? ኣየ ናይ ህግደፍ ነገር። ትርጕም ጊዜ ኣይርደኣኩምን እዩ። 24 ግንቦት ውን 20 ሰነ ከተብዑልዎ ኢኹም።,hate,hate,hate,normal,hate
1659758947358720001,@USER ብዘይ ምዕራብ ትግራይ ዝይኮነስ ግዝአትና እዩ ሕዝብእና እብኡ ዘሎ እትመነባብሮ እይኮነን ሕዝብ ከም ህዝቡ ነፃነት ክረክብ ክኽል እሎዎ,normal,normal,normal,normal,normal
1648349541815525377,@USER @USER ዉዲቓት!???? ዉዱቕ ከምዚ ኸማኹም ዘልአለሙ አብ USA aid food ጽግዕተኛ ዝኾነ ሰብ እዩ።,hate,hate,hate,hate,hate
1501943223689768966,ዓድኻን ዓውድኻን ጸላኢ ኣይሓዘን ንሰን እየን ኣውራ ርእሲ ሕማም መርዘን ኣርትሲ ኣተካልቲ ሃይለሚኪኤል #ትግራይ #Tigray #Tigrayans @USER,normal,normal,normal,normal,normal
1500021090252468226,ንመንግስቲ ሻዕብያ ምስ ወያነ ኮይና ክንኣልዮ ኢና! ሃየ ኩሉ ስልጣን ክንሕዞ ኢና! ሃየ ኣንታ ጽሉል ዕዳጋ ሕልሚምበር ራኢ ዘይብልካ፡ ዳሓርከ ንወያነ ምስ መን ኮንካ ከተውጾኦ? እስኪ ኣውገዓኒ፡ ኣንታ ዕሱብ ።,hate,hate,abuse,abuse,hate
1492585218678607876,@USER @USER @USER አጆኻ ዘይትብልዎ ነዚ ምሽክን (ድሁል )ሓውና ??,abuse,abuse,abuse,abuse,abuse
1608171145903353857,@USER Evil is evil is evil is evil ሹኮርን መዓርን ለኺኻ ንግፍዒ ህዝቢ ከተመቅሮ ብፍጹም ኣይከኣልን:: ህግደፍ ቀዳማይ ጸላኢ ህዝቢ ኤርትራ እዩ::,hate,hate,hate,hate,hate
1493072364585852929,@USER @USER ኣይ ጃንዳ ወያነ፣ እሞ ባኒ ዶ ክንዕድሎም ደሊዮም,hate,hate,hate,hate,hate
1653134582336593970,ህዝቢ ሱዳን ሓላል፡ዘይግባኣካዩ ረኺብካ። እዞም ዘሪኢ መርገን ኢትዮፕያ ዳኣ ኣይ ኣሲድ እንድዮም።ወላቶምኣቡኡ ዓብዮም ንኤርትራ ዝመጹ እኮዮም ቀጠፍቲ፡ ሰረቅቲ ከይሳዐረረ ዝወጹ ንሶም,hate,hate,hate,hate,hate
1598053649137401857,@USER @USER ሻዕብያ: ወያነ Game Over ኢላ ፈኪራ : ብልጽግና:ወያነ ሑራጭ ኮይና ተበቲና ኢላ ዓፊራ ?? እቲ ኣብ ባይታ ዝረኣናዮ ሓቂ ግን ፍሽሽታውያ,hate,hate,hate,hate,hate
1603445901728653312,ኣብዛ ዓለም ከም ናይ ትግራይ ፖለቲከኛ ዝበለ ደደብ የለን። ሕጂ ትግራዋይ ዝቅተል ዘሎ ብኢድ ዙር ብኤርትራ ወታደር እዩ ፤ መንግስቲ ኢ/ያ ድማ ይልጡ እዮ። ኣካል ዉዕሎም ዓብይ ፈሊ,hate,hate,hate,hate,hate
1575052112093859841,@USER ዓፋፍ ኣብ ትዊተር ምፍካር ድኣ ትኽእሉ(ህግደፍ): እንተ ኣብ ባይታ ግን ህጻውንቲ ቆልዑ ከንቱ ይጠፍኡ ኣለው: መዓልትኹም ኣኺላላ ኣበይ ከምትኣትዉ ክንሪአኩም ኢና?,hate,hate,hate,abuse,hate
1634500243331883008,እዛ ምስ ወዲ ፍቃዱ ዝተጀመረት ?ቃለ መሕት ት ናይ ዚ ጅግና ?መኮነን ተኽለ ቀደም አብ አስመራ?ቆርጫጭ ሜዳ ጉብጣን?አገባብ መስዋእቱ ልዕሊ ኦፐረተር?እሞ,normal,normal,normal,normal,normal
1554758105854083073,@USER ሓንቲ ሕቶ፣ እቲ ስሱዕ ስርዓት ኢሳያስ ንሓንቲ ዶላር ብሕሳብ 15 ናቕፋ ካብ ኣብ ወጻኢ ዝነብሩ ኤርትራውያን ይግሕጥ፣ እሞ ሰብ ኣብ ኤርትራ ዶላር ክዕድግ ምስ,hate,hate,hate,hate,hate
1482715857952378880,እታ መሰረታዊት ጌጋ ናይ ወያነ ካብ ደብደቢት ዘይኮነስ ካብ እንዳ ደግያት ሳብር ሰገ ርእሲ ዓዲ ከምተበገሱ ምርሶዖም እዩ።ብሻዕብያ ተማዒዶምኣጆኾም ተባሂሎም ከምትመስረቱ ረሲዖሞ።,hate,hate,hate,hate,hate
1648729396717420550,@USER ንሓያል ዝብኢ ድኹም ዝብኢ ክደፍሮ ኣይክእልን እቲ ሓያል ዝብኢ ናቱ በሊዑ ዶብ ሰጊሩ ናይ እንዳማቱ ክበልዕ እና ዝራኣና እዚ ውሕስነት ገርካ ክረኤ ኣይግባእን ተሓባባሪ እንተዘይ ኮንካ,hate,hate,hate,normal,hate
1497255206790250498,@USER @USER ስቕ በል ኸዛብ ጽባሕ ምስ ከደ ኸአ እዚ ዓጋመ ወዲ መድሕን በራድ ኢልካ ክሕድ ክተብሎ ኢኻ ለኽባጥ,abuse,hate,abuse,abuse,abuse
1499666442551275524,@USER ነዚ ህዝቢ ዘጽነተ ግብረ ሽበራዊ ጉጅለ ህግደፍ : ብደረጃ መንግስቲ ኣፍልጦ እንተሂቦሞ ድኣ ጌና ካልእ ክሰምዑ እዮም ::,hate,hate,hate,hate,hate
1618865094976487425,#ክብሪነቲጅግና #ሓይልታትምክኻል ኤርትራን ጅግና መሪሕነቱን !! #EritreaPrevails,normal,hate,normal,normal,normal
1584834704317902849,03 ህግደፍ ?ትም አጽቅጥ?ህልም?ሕጂ ዶ ይሓይሽ?ደቂ ኢስፖ,hate,hate,hate,abuse,hate
1508920420963028992,መርምሩ ዝብል መርበብ ሓብሬታ ተማሓድር ናይ ትግርኛ ልዕልና ዓፋሪ፥ ኣብ ታሪኽ ዘይነበረ ዛንታ ምሂዝካ ክትጽሕፍ ትፍትን ድርባይ ሓሳዊ ኢኻ። ግን ትግርኛ ብግቡእ ክትጽሕፍ ዘይከኣልካ,abuse,abuse,abuse,abuse,abuse
1550576890099949570,@USER @USER @USER እዚ ፕሮፖጋንዳ ናይ ህግደፍ እዩ ::ኣብ ዝሓለፈ ወያነን ሻዕብያን እንዳ ተሓጋገዙ ስለዝመጹ መን ኣበየናይ ይሕይል መጽናዕቲ,hate,hate,hate,normal,hate
1616524425314328577,ስራዊት ኤርትራ ኣብ ትግራይ ኣይ ኣተወን ኣሎ ኽትብል ዝኸረመት ህግደፍ ሎሚ ኸኣ ሰራዊት ኤርትራ ኻብ ትግራይ ይወጽእ ኣሎ ትብል ኣላ!ንህዝቢ ኤርትራ-ኸፊሉ ዘይውድኦ ዕዳ ሒዞምሉ ተመሊ,hate,hate,hate,normal,hate
1501939765221810176,@USER ኣብ ትሕቲ ህግደፍ ኣርዮሳት ኩለን ሕቡኣት እየን ??,hate,hate,hate,hate,hate
1612375554916864003,@USER ስርቅስ ናትኩም እያ ናይ #ህግደፍ !! :: ኣብ ዓለም ተራእዩን ኣብ ታሪኽ ውን ተመዝጊቡ ዘይፈልጥ ስርቂ !! ስርቂ ብታንኪ: ማንካ ድስቲ ኩስኩስቲ ????,hate,hate,hate,hate,hate
1581584331989843968,ዝኽሪ ንጸሓፊ ህግደፍ ኣቶ ኣልኣሚን መሓመድ ስዒድ ዝተዳለወ ፍሉይ ጽሑፍ #AhmedOmerSheikh ብሰላም ዕረፍ ሓርበኛ,normal,normal,normal,normal,normal
1622177643704590337,@USER ጽሉል ሰበይቱ ዝኻሓደ እስኻስ ሰብ ተሓሲብካ ብዛዕባ ትግራይ ክትዛረብ፡ Sadist ካድር ዕሱብ፡ ዝተሓሰበሉ ዝዛረብ ከሓዲ ኣሬመን,abuse,abuse,abuse,abuse,abuse
1584785500962816001,ኣብ ጎኒ ህግደፍን ሰራዊቱን ዝተሰለፉ #ኤርትራውያን: #ትግራይ ኣይወረርናን ኢትዮጵያ እያ ዓዲማትና እምበር ዝብሉ ኣብዪ #ንፅንተት ህዝቢ ትግራይ ሓግዙኒ ኢሉናስ እሺ ኢልናዮ ማለቶም እዩ ዝኮን ዘሎ::,hate,normal,normal,normal,normal
1560390926488551425,እዚ ረሳሕ ተግባር ናይ @USER & @USER ሰራሕተኛታት ረኣዩዎ የሕዋት።,hate,abuse,abuse,abuse,abuse
1509231540051447808,ወዲ ሰብ ብባህርያቱ ክፍጠር እንከሎ ተንኮለኛ ቀናእ ሃካይ ድኹም ሕልና ኮይኑ እንትተፈጢሩ ናይ ካሎኦት ኣህዛብ ጸጋ እናጠመተ ለዝነብር ጺዒሩ ላዕልን ታሕትን ኢሉ ዝሓለፈሉ ኣይመስሎን ኢዩ,normal,normal,abuse,abuse,normal
1649316988324397056,@USER @USER ክሳዕ ዝውድእኹም ዋላ ኢ/ያ በሉ ድዩ? ንስኻ እንደርታ እንዳብልካስ ትግራይ ኣይትበሉ ኸ ከመይ ኢሉ ናይ ጥዑይ ይበሃል? ንኸብድኻ ጥራሕ,hate,normal,abuse,abuse,abuse
1506520180033212416,@USER @USER ርጉማት መራሕቲ ህወሓት ለኪምኩሞ እባ ነዙይ ውጹዕ ድካ ህዝቢ ትግራይ,hate,hate,hate,abuse,hate
1578264197594488832,@USER @USER ዓሻስ ሓንቲ ደርፋ ዝብሃልኮ ከምዚ ናትኪ ዝበለዩ። ኣበይ ኣበይ ኔርካ? ኣብ ዝነበረ ይንበር ሰብ ኣብ ዝተረደኦ እዋን ሓሳቡ ክቅይር ኣይክእል,normal,abuse,abuse,abuse,abuse
1551096819559563266,ወሪድዋ ለቲሽ ሃሳስ ትዊተር የብላ:: ንቦኣን ንዴኣን ዘጥሚ ዝቅትል ንሓራዲኣ መንግስቲ ትጎዪ ዓሻ ሃፍትና አያ:: ደሓነይ ብልባ አቲ ኹሉ ኣብትግራይን ኣብ ትግራዋይን ዝበጽሕ ዘሎ ኧ,hate,abuse,abuse,abuse,abuse
1517569462802731010,@USER ኣየ ቶኽላ ብቖርበት በጊዕ! ውድብ ጡብኣድጊ ወያነ ተበልኩማ ይሓይሽ፥ እቲ ሰላም፥ ደሞክራስን ኤርትራን ዝብል ቃላት ካብ ሽምኩም እንተልገስኩሞ ዝያዳ ይውክለኩም።,hate,hate,hate,hate,hate
1492976515910291457,@USER @USER @USER እንታይ ናይ ህግደፍ ኣባልነት ካርድ ዲካ ትጽበ ዘለካ? ይብለካ ኣለኩ፥ ግዜ ከምኡውን ስደተኛታት ይቅተሉ ኣለዉ ዝብል ክሲ፥ ነዛ ኣብ,hate,normal,normal,abuse,normal
1629374006284435464,@USER ለማኒ። ስራሕ ልመናኻ ዘይትገብር። ኢሰያስ ጓሳ ህዝቡ እዩ። 25 ዓመታት ንኣሜሪካ ክትለኣኣኽ ግዜኻ የሕሊፍካዮ፡,hate,hate,abuse,abuse,hate
1503393813498417155,@USER ህግደፍ ደኣ ካብ መዓስ ልምዓት ይፈቱ ኢሰያስ ኣፍ ጨርቂ 48 ሰዓታት ብከመይ ህዝቢ ኤርትራ ይጸንትን ብሓለንጊ ጥምየት ይረግፍን ጥርይ ኢዩ ሓሳቡእንተ ኮይኑሉ ድማ ከ,hate,hate,hate,hate,hate
1560522703676784640,@USER ጎደና ሰገነይቲ ኣሪኤካስ እንታይ ድዩ ዘሎ ምባል ድዩ? ህግደፍ ደኣ ኣብ ቃልእ ኣሎ ድዩ ? ውስጥውጠ እዛኩላ ኢራኢሮ ኣበይ ድያ ?,hate,hate,normal,normal,hate
1504592562346242049,በሉ ስምዕዎም እንዳ ጃንዳ ትግራይ ትህነግ ወያነ ግራ አቲዪና ይብሉ አለው :: TDF አብ ፎቆዶ በረካ ትግራይ ብጥሜት ንክንቱ ይጠፍኡ አለው :: #weyane,hate,hate,hate,hate,hate
1509256122292744195,@USER @USER ምብራቕ ደንቆሮ ዓሻ ደምብያ!! ነብርያ ነበረኺ ግደፊዮ እሞ ብዛዕባ ኣሸንኳይዶ ሰብ ATM እንኳዕ ዘይነብረላ ዓድኺ ተዛረቢ። ሓሳዊት።,hate,abuse,abuse,abuse,abuse
1575927161638174720,@USER ማለሊት ጨናዊት ንቑሩብ ግዜ ኢያ አበር ምዕራባ ኣይተርፋን ኢዩ,hate,hate,hate,hate,hate
1485150468422746115,@USER ሎሚ ትንገር ጹባሕ ከኣ ክትጉየ ኢካ ን ህግደፍ ዝድግፍ ኩሉ ብ መከራ ሕዝብና ድህብትም ኣብ ሓንቲ ስድራ አቲ ድዓሸወ ሰብ ወይ ሓሳዊ ሕልና ደይብሉ ርአሱ ባ,hate,hate,abuse,abuse,hate
1486084158195699716,@USER እንታይሞ ክዋጢዩ ኣብኡ ኾፍ ኢሉ፡ ገለ እከይ ነገር እንተ ኣሊሙ ኸኣ ይስጎግ፡ እምበር ክፋእ ደኣ ምሳኹም እንድዩ ዝውለድ፡ ርጉማት እሾኽ ጎሮቤት,hate,hate,hate,abuse,hate
1597518693952458753,@USER እወ ምቕናይ ጥራሕ፣ ህግደፍ ቀሪባ እያ ክትከይድ,hate,hate,hate,normal,hate
1557101351976554496,@USER @USER ከማካ ፈራሕ ?ሓሳዊ ?ፕሮፋይል?እንዳቀያየርኩ አይቀርብን ኢየ?ኤርትራዊ አብ ስደት እንዳተሳቀየ ከማካ?ፕሮፋይል ቀይሩ ንዲክታተር አይዋጥን ኢየ,hate,abuse,abuse,abuse,abuse
1516454149466038278,#Eritrea ኣቱም ኩልኹም ሰብ ረብሓ ድኻ ልሙስ ዘኽታም ኣተሓሳስባ ርእሲ ሒዝኩም ዓዘፍዘፍ ትብሉ ደሎኹም ሻዕብያ ሕጂ ኣይኮነን ምስ ምሉእ ዓቅሙን ትሕዝቶን ቀደም ኣብቲ ጽንኩር እ,hate,hate,hate,abuse,hate
1487729102517936133,ወያነ ጸላኢ ኣጥፊኤ ክጠፍእ ክብል ህዝቡ ኣጥፊኡ ንባዕሉ ወያኔ ይጠፍእ ከምዘሎ ወይ ኣይተሰቆሮን ወይ ኣብ ክንዲ ምእራም ሓንሳብ ተጋግየ ካብ ኣተኹዋ ከምዘላታ ድኣ ሓዲኣ ትውለድ እምበ,hate,hate,hate,hate,hate
1575754090566471681,@USER @USER ጌታቸው ድኣ ዘይናቡአኡዶ ክሕሱ ሕሶት ድኣ ካብ ዕትሮ ሻዕቢያ እንዳኣላ ትቕዳሕ ዕሱባት,hate,hate,abuse,abuse,hate
1515779898719285250,ቀንዲ ካንሰራት ትግራይ ?ካድረታት ህወሓት ?ባንዳታትና ተከፈልቲ ኣክቲቭታት,hate,hate,abuse,abuse,hate
1513946574728138761,ህዝቢ ኤርትራ ካብ መግዛእቲ ሓራ ኣይወጸን። ህግደፍ ካብ ዝሓለፉ ገዛእቲ እቲ ዝሓሰመ ኢዩ። ጥልያን፡ ሃይለስላሴ፡ ደርጊ ካብ ህግደፍ ይሕሹ። ቃልስና ህዝቢ ኤርትራ ልኡላውነቱ ክጭብጥ እምበር፡ ዝዕቀብ ልኡላውነት የብልናን!,hate,hate,normal,normal,hate
1548970228201160706,?? እዛ ፈሽኳል ጉጅለ ማሌሊት ለማኒት ናይ ስርናይ ። ኣብ ተጋሩ ጥራሕ ድያ ኣስናና ኽተብልሕ ?! ??,hate,hate,hate,hate,hate
1622529073384660993,ጥብ ትብል ናይ ወያነ #Tigray ደም ዘለዎ፣ ስጋብ ክንደይ ርእሲ ሓምሓም ምዃኑ ካብዚ ትርድኦ። ሃላይ !! GAME OVER ክትኾውን ዝኻኣለት - 1/2 time ትማሊ 1998 ብእግሪ,hate,abuse,abuse,abuse,abuse
1514139234961088517,@USER ህግደፍ ጸዋዒ ሕሱም ግዜ ከይጠፍአ ሰላም የሎ ስልጣነ ።,hate,hate,hate,hate,hate
1635427836050780161,@USER @USER @USER @USER ኣብ ኮንተይነር ከእትወካ እየ!!!! ደርጊ! ቻ!,abuse,abuse,abuse,abuse,abuse
1554726006635773952,ካብ ማንካን ድስቲን ናብ ብሽክሌታ እዚውን ምዕባለ ህግደፍ ኮይኑ ክምዝገበለይ ይሐትት ????,hate,hate,hate,hate,hate
1502753265863348236,ፃድቃን እንተ ሰዓሩ፤ ዓብዪ ኽብሪ ኣሎ፤ ክፉኣት ሰባት ስልጣን እንትሕዙ ግና፥ ህዝቢ ይሕባእ። ምሳሌ 28:12 ትመ15,normal,normal,normal,normal,normal
1552567969456107520,@USER @USER ኣንቲ ምብላዕ ቀደም ተሪፋ እንድዩ! ህግደፍ በላሕቲ እንድዯም:: ነቲ ስእሊ ርኢኻ ከምትጸግብ ከምዝገበርዎ ኣይሰማዕክን ዲኺ? ኣን ዝመረጽካዯ መገዲ ትድቅስ ሳላ ማዕርነት,hate,hate,normal,normal,hate
1588105828921483267,መንግስቲ ኢትዮጵያ ሓደ ካብቶም ከቅርዮም ዝፈረምም ስምምዕነት ጉራን ፈከራን ኣበርቲዑ ይቅፅለሉ ኣሎ። ዝምልከቶ ኣካልመግለፂከውፅእ ይግባእ።,normal,normal,hate,normal,normal
1502812288490876932,@USER @USER ብሰንኪ ጦርዓን ጸንዓደግለን ክንደይ ሰብ ሞይቱ? ተመዛቢሉ? በሰንኪ ህግደፍ ከ? ቁጽሪ እንተ ኣሎ፡ ብቁጽሪ ንዛረብ.,hate,normal,normal,normal,normal
1553489475128496134,ሻዕቢያ እኳ፡ ብቅድሚትን ድሕሪትን፡ ብዉሽጥን ብደገን - ተወዲባ ኢያ፡ ካብ ኣይሰላም ኣይኲናት ፈንጢሳ ወጺኣ፡ ዕጽዋን ክባን ኣብ ርእሲ እዛ ከዳሚት ኣጽኒዓ።,hate,hate,hate,hate,hate
1539332432519913478,@USER @USER ዘልኣለማዊ ዝኽርን ኽብርን ንጀጋኑ ሰማእታት ኤርትራ!!!,normal,normal,normal,normal,normal
1576094572932845569,@USER ህግደፋውያን ?? ቂምና አብ ልዕሊ ህዝቢ ትግራይ ንዋጻእ አለና ይብሉኺ አለው ንስኺ @USER አጆኹም አነ ጉን ክሕግዘኹምየ ዶ በልኪ!! ታሪኽ ይቕረ ዘይብለ,hate,normal,hate,hate,hate
1595732697481191427,መራሒ ናይ ሓንቲ ማሕበር ኢንጆኦ ትካል ሬድኤት እዩ ከይገርመኩም እዚ ጸማም ሰብአይ እዚ መንእሰይ እንታይ ይጠልብ ኣሎ ውን ኣይርድኦን ዩ ካብቶም ኤርትራ ብአሜአኢካ ክትእገድ ኣለዋ ኢ,abuse,abuse,abuse,abuse,abuse
1490456785546878977,@USER @USER @USER ናይ በሓቂ ተሕዝኑ::ኩሉ ናይ ሓሶት ፕሮፖጋንዳ ገዲፍካ ወያነ ሞይታ ኢያ:: ሕጂ ነቲ ህዝቢ ትግራይ ስትራተ,hate,normal,hate,hate,hate
1600771645836169216,@USER @USER ዳህግደፍ መንደፍ፡ ስጊንጢር ዝኾንኩም ጉጅለ!!!!!! ካብ ሞት የሕዋትኩም ዘሕዝነኩም፡ ሞት ትግራዎት ኢኹም ባህታ ዝፈጥረልኩም!!!!! እዚዩ ንዓለም ዝገርሞ!!!!!!!!!!!!,hate,hate,abuse,abuse,hate
1499612520767635461,@USER @USER ክብሪ ይግብኣክን ኣትን ዋዕሮታት ! ንዓድኻን ህዝብኻን ትኽእሎ ኩሉ ንምግባር ቦታን ግዜን ከምዘይዓግት ንስኽን መርኣያና ኢኽን ። እስቲ,normal,normal,normal,normal,normal
1609060438691532800,ሂወት ኤርትራዊ ?አብ መግዛእቲ ህግደፍ ?መጨረሽታ ይግበረልና,hate,hate,hate,normal,hate
1581177749041217536,@USER @USER ካብ ህግደፍ ዝተማህርኩዎ እዩ።ህግደፍ ብናይ ሓሶት ፕሮፓጋንዳ ኣእዛነይ እንዳጽመመትኒየ ዓብየ።ባዕላ ኩናት ጀሚራ ተወሪረ፡1/3መሬት ኤርትራ ራሕ,hate,hate,hate,hate,hate
1596025894308843521,@USER @USER @USER አቲ ከዳዕ ልእኽቲ ሹዋ ጽባሕ አበይ ኢኻ ክትአትዊ,abuse,abuse,abuse,abuse,abuse
1620881355323355137,@USER ቆማላት ኣጋመ። ጻሕጻሕቲ። መን ሰብ ቆጺሩኩን አዩ ምስ ኤርትራ ክትዛረባ። መቀለ ክትቆጻጸራ ዘይከኣልክንስ ምስ ኤርትራ ክትላዘባ? Shocking.,hate,hate,hate,hate,hate
1631226020727488512,@USER ኣቶ ደበሻይ #ህግደፍ ንህዝቢ ጅሆ ሒዙ ዘሳቒ ዘሎ ግብረሽበራዊ ጉጅለ እዩ :: ስለዚ መንግስትን ህዝብን ኢልኩም ኣይትሓዋውስዎ :: ድሓር ክኣ እዚ ሽፍታ : ህዝቢ,hate,hate,hate,hate,hate
1508547991854014466,መልሲ፡ ከተማ - መኾኒ ወረዳ - ራያ ዓዘቦ ዞባ - ደቡብ እዚኣ ኸ መን ትበሃል? #ዓድኹም_ፍለጡ,normal,normal,normal,normal,normal
1483112921974587396,ኣብይ ኣብ ስዕስዒት እና ጥዑም ብልዒ ህዝቢ ትግራይ ኣብ ክባን ፍፁም ዕፅዋን ጥምየት ሕማም ስቃይን እታ ሓሳዊት ዓለም ድማ ከም ዘይራኣየት ኣዝቂጣ ትዕዘብን ዳጋፊት ጨፍጫፍ እያ,hate,normal,normal,abuse,normal
1595164838434836481,@USER @USER @USER ስደተኛ 2000 ማይል ፈርጢጥኻ ብድክነት ብስደት ተደርቢካ ረሳሕ life ትነብር ቆልዓስ እዚ ክትብል ወያነ ጸሪፍካ ኣ,abuse,abuse,abuse,abuse,abuse
1576098316583960576,@USER ቀደምስ ሓሳዊን ሰራቅን ቀባሕቀባሕ ይብል ኔሩ እንቶ ሎሚ ግን ሰብሞያ ጁንታ ወያነ በዚሖም ሓቂ ዝተዛረበ ይከሰስ ኮይኑ ኤpe ዘይ ታሪኽካ ምስራቅ ዘይ ንብረ,hate,hate,hate,abuse,hate
1649545403078152192,@USER ስብሃት ለኣብ! እቲ እንስሳስ ናይ ተፈጥሮ ኾይንዎ፡ ናይዛ ጎርዞ ኸ እንታይ ክበሃልዩ፧ ንቕያዩ!,abuse,abuse,abuse,abuse,abuse
1623055498890321924,@USER እሞ እማንካ ኣለምሰገድ፡ (ኵሉ) ዝበልካዮ ቅኑዕ ኣሎኻ። ብኻልእ ምምስኻር፡ ሓቅነቱ ምጥርጣር ኣድላዪ ኣይኰነን በሃላይ ኢኻ?,normal,normal,normal,normal,normal
1560430673407754241,ናይ ህግደፍ ቀይሕ መስመር ሓዊ ምዝራብ ፡ ሰብኣውነት፡ ልምዓት፥ ዘመናውነት? ናይ ስርዓት ጫካ ኣሰርቱ ቃላት! @USER,hate,hate,hate,hate,hate
1586114271066423296,@USER ሓሶት ኣብ እንዳ ህግደፍ/ሻዕብያ ዘኹርዕ ባህሊ እዩ :: ነዛ ዛንታዶ ከነዘክረካ ????,hate,hate,hate,hate,hate
1483536257405931527,@USER @USER ካብኹም ከይድና ኣይንፍልጥን። ስርቂቲ (ኤርትራ) ብሓይሊ ዓምጽኩም ዝግዝእክሞ ሃገር ኢዩ።ብርኽም ሰርና ስዒርና ናጽነትና ረኽብና። ለያቡ,hate,hate,hate,abuse,hate
1508707275539722240,@USER ዘረኛታት ከፋፈልቲ ርጉማት ጃንዳ,hate,hate,hate,abuse,hate
1634844601050886145,@USER ከዳሚ ዕሱብ ሕሱር ኢኻ ናይብሓቂ ኤርትራዊ እንተኾይንካ ማለት ኢዩ፣ ካብዞም ዜግነትካ እምበር መንነትካ ኢትዮጵያዊ እንተኾይንካ ሓዲኡ ሓዝ። ከም ኤርትራ ንሰላም ዝ,hate,abuse,abuse,abuse,abuse
1576436493304070144,@USER እዚ ሕልና ዘይብሉ ደንቆሮ እዩ ! ህግደፍ ክኣ ንሱ እዩ ዝደሊ እናተዳመና ክነብር ::,hate,abuse,abuse,abuse,abuse
1611496694880911360,@USER ረሳሕ ትግራዋይ ርኹስ መነሊክ ይዛረብ,hate,hate,hate,abuse,hate
1600407836189634561,@USER Eri u your self hat distroid.ሄይ ባዕልኻ ዘይተእትወሎም።ተቐርቃራይ ናይ ህዝቡ ፡ትመስል ።ግን እስኻ ሐደ ከዳዕ ኢኻ ፡ደምበ ዕንይንይ፡ሐላምቲ ሕልሚ ደርሆ።ቀጽል አይትተሃመል።,abuse,abuse,abuse,abuse,abuse
1498763128431157255,@USER ክሳብ ሕጂ 20 ሰባት ኣድሚጾም ስግኣት ኤርትራ 90 ህግደፍ : 0 ድማ ህወሓት ዝብል ዉጺኢት ተረኺቡ ኣሎ :: ስለዚ እታ ክተት ምስ ህወሓት ኮይንካ ኣን,normal,normal,hate,normal,normal
1579907902785347584,@USER @USER ብዛዕባ ህዝብኻን ሃገርካን ተዛረብ።ህግደፍ ወያነ ዝብል ኣጀንዳ ልዕሊ 20ዓመት ንዓኻን ከምዚ ከማኻን ዓዋናት ትሽውደሉ ኣላ።ኣሕዋትናን ኣቦታትናን ኣ,hate,normal,normal,abuse,normal
1487859545124843522,ዓጋመ ቆማላት 20 ዓመት ፈቲንኩም ግን በየን ሓሞትን ስረን ኤርትራ ክትቆጻጸሩ፡ ግደፍዎ እሞ ዘረብረበኩም ብዛዕባ ምጭባጥ፡ ኤርትራ ኣብ ቀርኒ ኣፍሪቃ ድላያ ክትገብር እትኽእል ሃገር,hate,hate,hate,hate,hate
1650602301780795416,እንዳ #ህግደፍ ንህዝቢ ትግራይ ዘለዎም ጽልኢት ንድሕረትን ድኽነትን ተዝህልዎም ከምቲ መራሒዕም ዝበሎም Singapore ምኮኑ,hate,hate,hate,hate,hate
1562693147662364674,@USER @USER ከም ህግደፍ ጌሩ ብህጻናት ፡ ኣዴታትን ኣቦታትን ኤርትራ ዝተጻወተ ሞ መን ኣሎ ? መጀመርታ ነቲ ህዝቢ ኤርትራ ዘጽንት ዘሎ ህግደፍ ዓገብ በሎ ፡ ድሕሪኡ ነዚኦም እምኒ ዝደርበዩ።,hate,hate,hate,hate,hate
1499937820089192453,@USER ብጣዕሚ መዓንጣኻ ይበትኽ እዞም ህፃዉቲ እዚኦም እናረኣየ ዘይምሕጋዘይ እስእኖም ከምዘለኹ ዓለም እዛ ጨናዊት ክትፈልጥ ይግባእ #EndTigraySeige #TigrayGenocide,normal,normal,normal,normal,normal
1494368366928220166,@USER ደገፍቲ ውልቀ ምልኪ ውሕ ውሕ ደኣ በሉ፡ ብዛዕባ ወያነ ዝተጻሓፈ የለን ግን ፎብያ ኣሎኩም መሳኪን ወያነ ዘቢል ሕማም,hate,hate,normal,abuse,hate
1487347214875869187,@USER ተጋሩ ትብልዎ ዩ ሓሰውቲ ስለ ዝኾንኩም ጸለመ ሓቅን በበይኖም ዮም እሱር ኣብደይ ዓዱ ከይዱ ሰራዊት እንዳ ማቱ ቀጥቂጡ ኣጽዋር ኣግዲፉ ንዓዱ ዝምለስ ኤርትራዊ ጥራሕ ዩ,hate,hate,hate,hate,hate
1491980137805631518,ATV: ኤምባሲ ኣመሪካ ኣብ ኣስመራ ብዕረፍቲ ፓትርያርክ ቅዱስ እንጠንዮስ ሓዘኑ ገሊጹ ንህዝቢ ኤርትራ ጽንዓት ይምነ - ህድግለነ ዘይብሉ ህግደፍ የጽቅጥ። via @USER,hate,normal,normal,normal,normal
1492984751648645126,@USER ንስኻስ ዝተምሃርካ ኢኻ (ድሕረ ባይታኻ ሓቂ እንተኾይኑ) ኣብ ክንዲ ንኻልኦት ኣብነታዊ ትኸውንስ ብደቂ ዓድኻ ንዝተበደልና ሰባት መሊስካ ልብና ተድምየና? ተስ,normal,normal,normal,abuse,normal
1627366744225357824,@USER እሞ የለናን ምኩሓት ደቂ ሃገር ማለትዩ፡ በዓል ንስካ ከዳዓት ሓተላ ሃገር እንተረጊጽኩማ ዘበት። ኣብታ ዓዲ ጀጋኑ ትብላ ትምካሓላ ዓዲ ሰበይትካ ጥሻ ሕተት እም,hate,abuse,abuse,abuse,abuse
1531338077393760256,@USER ?ገታቾዉ ኣባ ጥረግ?ሻዕብያ ሓንሳብን ንሓዋሩን ከይጠፍኡ ትግራይ ሰላም ክትረክብ ማለት ዘይሕሰብ እዩ,hate,normal,hate,hate,hate
1573573564611035136,@USER @USER እዞም ንጳጳስን ሓጂን ኣሳቕዮም ዝቐተሉ ሰይጣውንቲ ህግደፍ : ምስ ሃይማኖት ዝኾነ ይኹን ርክብ የብሎምን ::,hate,hate,hate,hate,hate
1627967815356481537,@USER ናይ ዓድኻ ግዳ ዘይትገብር ፡ፍቀዶ ፡ባሕሪ ባብ ትግራይ ልዕሊ62000 ሽሕ ብዘይ ምክንያት እንዳሃለቅካ፡ ኤርትራ ድያ ናይ ህዝቢ ረብሓ ሓልያ?ልቦና።,hate,normal,abuse,abuse,abuse
1481059809684340739,@USER @USER እንታይ ገዲፈ ኢሉ እዩ። ትግርይና እቲ ቅኑዕ ኣጸሓሕፋ ምኹኑ ኣብ ደምበ ህግደፍ ኣይተመሃርዎን።,hate,hate,abuse,abuse,hate
1591506909953404929,ኤርትራ ህዝብና ጨፍጪፋ ዘሚታትና ክንብል ከለና ኤርትራ ከይብሉ ህግደፍ ዶ Diet ህግደፍ እንዳበሉ ዘሕረሩና ኮ ዮም ሕጂ ኤርትራ ቃል ብቃላ ዘይተባሃለት እንዳበሉ ሩር ዝብሉ ዘለዎ፣ ሕማም ርእሲ,hate,normal,normal,normal,normal
1624993529230422021,@USER @USER ወያነ ዝደርበየቶ ካልስን መንድልን ዋላ ሐፅበ ክጥቀመሉ እላ እትአሪ እንዳ ህግደፍ ረስዕካ ድኻ ወይስ .,hate,hate,hate,hate,hate
1574155092747501568,@USER ኣታ ቆፍቋፍ ለማኒ ሰኽራም ሰሰኺርኩም ኣብ ዓዘቅቲ የእቲኹሞ ህዝብን መንእሰይ ዑሱባት ናየዕራብ,abuse,abuse,abuse,abuse,abuse
1574512941323411458,@USER አሃ!!! 82 ኽብል ደልዩ ኸይኸውን!!! ወሽኻር ሌባ።,abuse,abuse,abuse,abuse,abuse
1634292629201465346,@USER @USER ከም ጨው ሕቀቅ ንስኻ ፡ ዱርባይ ለማኒ ። በራዩ ኑኹን ኣይንኹን እንታይ ሓበጠካ ናይ መን ቃሓር ኢኻ ንስኻ።,abuse,abuse,abuse,abuse,abuse
1643766903259709440,ኣብ ዝሓለፈ ርብዒ ዘመን ኮነ ኢልካ ሓማሴናይ ንኸይውደብ ብደንበ ንቃወም ኢና ዝብሉ ታርጌት ጌሮም ክሰርሕሉ ጸኒሖም እዮም። እቲ ኣብ ደንበ ህግደፍ ዘሎውን ስጡም ውዳበ ንኸይህልዎ ኮነ,hate,hate,hate,hate,hate
1513416157419737089,@USER @USER ዓፊርካ ኢኻ ክተርፍ ድኹም ከማኻ ምጽራፍ ኣይጠፍኣንን፡ ድኹም። ንሓቒ ነገር ኣሉ ምባል ኣመል ስለዝኾነኩም ኢዩ። መጀመርያ ብሽምኻ ምጻእ፡ ሕቡእ መንፈስ,abuse,abuse,abuse,abuse,abuse
1489448208325611529,@USER ለኽባጥ ሓሳዊ። ሰራዊት ኤርትራ ይትረፍ ንሲቪል ንዝማረኾ ወታደር ኸማን ፈቃርዩ። ታሪኽ አንብብ።,abuse,abuse,abuse,abuse,abuse
1484802747492970500,@USER ኣቲ ድርባይ ረሳሕ ትግራወይቲ፡ ንደቂ ሰባት ተበሳብሲ ዘለኺ ንስኺ ኢኺ፡ ናይ ኢድኪ ከም ትረኽቢ ኣይትዘንግዒ፡ ቶማም፡ ጎምጻጽ፡ ጸያቒት ዓሌት,hate,hate,hate,hate,hate
1558495652971253762,ሕጂ ግርም?ህግደፍ ዕዋላ እንዳተሶገ?ዕዳን ዕንዲዳን,hate,hate,hate,hate,hate
1488800324710195204,@USER @USER ወልቃይት ከለዋ ሃብታም መሬት ካብ ኣፍ ዓጋመ ዝመንጠለቶ፡ እንታይ ኮይነ ኢላ ትስደድ። ደርባይ ሓጻቢ ካልሲ ኣቦይ ስብሓት።,hate,hate,abuse,abuse,hate
1559925151600361472,ዕብየት ኤርትራ ኣብ ?ትሕቲ ህግደፍ ?ዕንወትን ስደትን,hate,hate,hate,normal,hate
1512572966005096449,@USER @USER @USER ድሮን ኣይኮነን መሊሱካ ዳንጋ ጠሊሙምበር። ሃተፍተፍካ ዋጋ ክህልዎ እንተ ኾይኑ ዓርስኻ ዓድኻ ኣቲኻ ኻላሽን ክትዕጠቕ,hate,normal,abuse,abuse,abuse
1513358735053406215,@USER ኢድካ ትሰብር ሑልኩስ! ኣባዛ ሓሳዊት ዓለም እተን ኩስገጋ ዝግበአን ሰጎገቲ ሙኻነን ክገርመካ ኔርዎ። እንተ ንስኻ እሞ መሽረፈት ወያነ ናይ ኢድካ ክትረክብ ኢኻ።,hate,hate,abuse,abuse,hate
1510368863770271756,ምቕናይ ንኹሉ ንምርኣይ ዲዩ ዝበለ ነፍስሄር ኪሮስ ኣለማዮ :: እዋይ??? ውርደት ! ተሓጺብካ ናብ ጭቓ ! #Eritrea #ህግደፍደርጊ @USER,hate,hate,hate,normal,hate
1605625285335912448,@USER እምበር ንምኵሻም ውን ዝሓምቕ ቋንቋታት የብልናን እንታይ ግድኻ!,normal,normal,normal,normal,normal
1503416376710598659,@USER ጭዋ እንተትኸውንሲ ኣነ ምመስከርኩልካ ንስኻ ግና ንውልቀ ሰባትን ትካላትን እትጻረፍ ኢኻ ።ኣየናይ እዩ መግለጺ ጭውነትካ። ርግጸኛ እየ ወለድኻ ባኣኻ ከምዘይ ኮርዑ። ምኽንያቱ ጭዋታት እዮም ትብሎም ኣሎኻ።,normal,normal,abuse,abuse,normal
1640024440665677825,ዋጦት ህግደፍ ኤርትራ ?አትዮም ዝዓነወት ኤርትራ ?አሳእል ሒዞም ተመሊሶም?ንሕና ደኣ አበይ ኬድና ሪኢናዮ?ኩራዕ ኤርትራዊ,hate,hate,hate,abuse,hate
1615040279408517120,@USER ህግደፍ መጨረሽትኦም?ካብዚ ካብ ምሩካት ነበር ?ኮይኑ?አነ ከጥፍአ ከይትብል?ሃዳሚ,hate,hate,abuse,abuse,hate
1635762255663968257,@USER ካብ መሸኒትኪ ንታሕቲ እኮ ኢኺ ትሓስቢ፡ ረሳሕ ማህጸንም,abuse,abuse,abuse,abuse,abuse
1556913607673368576,@USER ላግጺ! ህግደፍ ንመናውሒ ስልጣኑ ክብል ነቲ ሓደ ሃገራዊ ንኻልእ ባዕዳዊ ኢሉ ፈላልይዎ ከምዘሎ ኣይረኣየካን ኣሎ? እዚ ሓደ ልቢ ሓደ ቀልቢ ዝብል ጽውጽዋይ ህግደፍ,hate,hate,hate,normal,hate
1562690513027104770,@USER ኣንቲ ኣረጊት ሽርሙጣ ቶማም ጎምጻጽ ወሻሽምኪ ከተድሕኒ ነቲ ጅግና ፕረዚደንትናን ህዝብናን ሰራዊትና ከተጸልሚ ትዉዕሊ ኣለኺ።ታሪኽ ኣቦኺ ትደግሚ ኣለኺ ጋል ማሕበር ኣንድነት ኣረጊት ሸርሙጣ።,hate,abuse,abuse,abuse,abuse
1638948090924212224,ህግደፍ ?ቅዋሚ?ምርጫ ጥራይ ?አይትሕተት ?ምጉራዕ ከም ልብካ,hate,hate,hate,hate,hate
1627367398104788994,ናይ ህወሓት ዋና ፀላዒ ትግራዋይ ከምዝኮነ ካብዚያ መጽሓፎም ትረክብዎ ኢኩም። እዚኦም ጉጅለታት ናይ ሎሚ ከዳዕነቶም ካብ ቀደሞም ዝነበረ ተፈጥሮኦም ምኳኑ ምፍላጥ ኣገዳሲ እዩ።,hate,hate,hate,hate,hate
1555415606450704384,ዋዕላና ንሕክምናዊ ሓገዝ ሕማም ካንሰር ዝውዕል 375000 ኣብ ውሽጢ ሓደ ሰዓት ብምውጻእ ይዛዘም። ህግደፍ ኣብ ግብሪ,hate,normal,normal,normal,normal
1632304175521443841,@USER @USER ህግደፍ ዘሪኢ መርገም Fabricated ዝብል ቓል ጥራሕ ዲኹም ተምሂርኩም ካብ ኢሰያስ መሕፈራት,hate,hate,hate,hate,hate
1619080830302949376,@USER ቅስን ?ህግደፍ ስብ እምበር ?ዓሳ አይትገፍፍን ኢያ,hate,hate,hate,hate,hate
1561993150972960768,@USER ካብ ደቂ ቴድሮስ ሌባ ደኣሞ እንታይ ክርከብ?,hate,abuse,abuse,abuse,abuse
1509423688273342467,@USER እንታይ ገደሰኻ ትፈርሕ Eplf 1991 ዛዚሙ ስርሑ ። በቲ ሱዑር ዘይቡቁዕ ናይ ሰረቅቲ ውድብ PFDJ ዳ ተሓበን ምክንያቱ ጥፍአት ዕንወት ናይዚ ኩሉ ታሓ,hate,hate,hate,abuse,hate
1574689176339058688,@USER ሕጂ ድማ ብሰንኪ ዓማጺ ስርዓት ኢሰያስ ጸምጸም ኢሉ። ዋናታቱ ኣብ ኡጓንዳን ጁባን የውፍሩ ኣለዉ,hate,hate,hate,normal,hate
1481384435308285965,ኣብ ማሕበራዊ፥ ድኹም ሰብ ብምንታይ ተለልዮ። ተሓቢኡ ይዛረብ . ንንጥፈት ሰባት የቆናጽብ ንሱ ክእለት ሰለዘይብሉ.ይሕሱ መታን ክእመን . እናሓመየካ ከሎ ምስኻ ግን ሙሱሉይ . እዞም ሰባ,normal,abuse,abuse,abuse,abuse
1604953776699252737,(EPLF)ህግሓኤ+ህግደፍ(PFDJ)+ይከኣሎ+ዋርሳይ+መንደላይ ሻዕብያ።9 ብሄረይ፡6 ዞባይ፡ እምነተይ ሓንቲ ኤርትራ፡ፕ/ት PIA።ነዚ ኣኽቢርኩምን ኣሚንኩምን follow ምግባር ይ,normal,normal,normal,normal,normal
1613490613055545345,@USER @USER ከምዚ ናትኩም ፞ሲ፡ ጸማም ሓደ ደርፉ ይበሃል።,hate,hate,abuse,abuse,hate
1609383948492369921,@USER @USER ጸማም ሓንቲ ደርፉ። እንዳ ህግደፍ ብጀካ ጸርፊ ዝተረፈኩም የለን። መወዳእታኹ ምዃና ነብስኹም ትነግረኩም አላ,hate,hate,hate,hate,hate
1559566737158414338,@USER ጓል መንገዲ እንዳምጻካ ካብቲ ህልው ኩነታት ኣይትህደም ኒ ኤረትራ ን31ዓመት ናብ ደልሃመት ዝቀየራ ሓደ ስርዓት እዩ እዩ ንሱ ኸኣ ሽፍታ ህግደፍ እዩ,hate,hate,hate,hate,hate
1492814757526654979,ብጣዕሚ ከብድኻ ዝቀርጽ በቃ!!!!! እናሰማዕኻ ከተድሕኖም ካብ ዘይምኽኣል ዝኸፍእ ገበን እንታይ ክህሉ ኢሉ። ስእሊ Screenshot @USER,normal,normal,normal,normal,normal
1495956264857350164,@USER ከዳዓትን ወይጦታትን ኮራኩር ወያነን ጎይቶቱን ንህዝቢ ኤርትራ ተሽካዕሉሉ ኣለኹም። ንብስኹም ኣሕሲርኩም ትነብሩ ሰባት ስለዝኾንኩም እንኮለይ እቶም ዘሸቅልኹም ዘለዉ ዉን,hate,hate,hate,hate,hate
1627906701662859267,@USER እቲ ምቑዛም ትብሉዎ እንዳ ዱካን ኩፖን ህግደፍ ምቁዋም እዩ:: እንታይ ኣፍሊጥኩም መሳኪን: ፓርላማ: ሰልፊታት: ነጻ ፕሬስ ዘይብላ ሃገር ይገድፈልኩም ኣሎ,hate,hate,hate,normal,hate
1503316112053833730,ትግራዋይ እንተደለየውን ኣብ ኢትዮጵያ ክነብር ኣይኽእልን ተስፈኛታት ተስፋ ቁረፁ። በመላ ኢትዮጵያ ተጠርጣሪ ሆኖ እንዲታይ ያበቃው ወያነ ተሽሎክልኮ 47 ዓመታት ትግራይን፣ 30 ዓ,hate,hate,hate,normal,hate
1621990542522388482,#ብፃይነት ምእንቲ ህዝብኻን ዓድኻን ኣብ ዝተሰለፍካሉ ዓዉደ ኩናት እትረኽቦ ናይ ቃልሲ #ቃልኪዳን እዩ ። ????,normal,normal,normal,normal,normal
1588483619752144898,@USER @USER @USER Rapist ዳኣ ወለድኻ እንድዮም ብገብሪ ዘመስክሩ ዘለዉ : ዋለድየይሲ ኣይዋዓሎን:: ናይ ምርዳእ ፀገም ከይህልወካሲ I,hate,normal,abuse,abuse,abuse
1539687823682461705,@USER ርኩስ ፡ ወያነ ንህዝባ ተድሕን ኣላ፡ እንተ ህግደፍ ግን ምስ ባሕርናን ወርቅናን ሃገርናን ናብ ኢትዮጵያ ከረክበና ዝወልዖ ኩናት ብ TDF ተመኪቱ ሃገርና ካብ በላዕቲ ሰ,hate,hate,hate,abuse,hate
1598786979667156993,@USER @USER ኣበይ ደረጃ በጺሕኪ ፡እስኪ ንገርና ፡መበለት ህግደፍ,hate,abuse,abuse,abuse,abuse
1483547274332442625,@USER ሐቂ። ሐገዝ ሰናይ። እቲ ምሕጋዝውን ብኹሉ ፍናኑ ክብርትዕ እቲ ቀንዲ ናይ ኩሉ ጸገምና ህግደፍ ክእለ አለው። እዚ ከምዚ ሰናይ ዓይነት ስራሐትውን ኩሉ ዝሳተፎ እቲ ስር,hate,hate,hate,normal,hate
1615175162206322688,@USER ሓሳውን ቖርበትን እና ሓደረ ፈኩስ ከምዚ ከማኻ ሕተት መን ይሰርቅ ይቅትል ከምዘሎ ኣብ ትግራይ ኣታሓሳዊ ከምኦም ስለዝኾንካ ኣየሕፍረካን ኢዩ።,abuse,abuse,abuse,abuse,abuse
1485016574121717761,@USER ቆራይ ቆራይ እንተዘይበልካዮ አብ መአድኻ መጺኡ ይፍትፍት ከም ምስላ አበዋት ብኹትር ቅርሕንቲ ዝተለብለብካ ሐደ ገጽ ተቓዋሚ መሰል ጉዳይካ ገዲፍካ ጉዳይ እንዳማትካ,hate,hate,abuse,abuse,hate
1616163896448143360,ኣብ ኣክሱም ኣራዊት ኤርትራን ሰራዊት ኢትዮጵያ ብኣራዊት ኤርትራ ብ2020 ልተጨፍጨፉ ንፁሃን ተጋሩ መቃብር ቆፊሮም ኣዕፅምቶም ናብ ዘይተፈለጠ ቦታ ይወስድዎ ከምዘለው ካብትቦታ ልረከብ,hate,hate,normal,hate,hate
1484807622901608449,@USER @USER ተጋሩ ጀጋኑ!ምስ ኣእዱግ ተሓንጊርኩም ኣቲኹሞም ኣብኣ ምስቶም ኣእዱግ ብሓንሳብ ቁሕም ኣቢሎምኹም። ንዓኻን ከማኻን ደገፍቲ ህግደፍ ሕጂ ግዜኹ,hate,hate,hate,hate,hate
1647330454360473603,@USER አዋይ አዞም ህግደፍ ሲ ከደንጉጽኻ በቃ ኩሉኹም አሰያስ syndrom ሓምምኩም ከይለበምኩም አባ ጅጎ ክወስደኩም አዩ,hate,hate,hate,hate,hate
1561952787377917952,@USER ፍቕርኹም ዘይዛሪ እናሓደረ ከም ወርቂ ብሓዊ እንትፍተን መመሊሱ ዝኹላዕ ቃልሲ ዘይስልችወኩም ኣማዕዲኹም ናፅነት ዓድኹምን ህዝብኹም ተቋምቱ ኣቱም ተጋሩ! ክብርን ፍናንን,normal,normal,normal,normal,normal
1505754192991993862,@USER ኮራኩር ህግደፍ ሓሶት ትብሉ ኣለኩም ከመይ ሓሰካ ቡሉዑ ቡዕሉጓት,hate,hate,hate,abuse,hate
1491361379428990976,@USER @USER ኣያ፥ ካብኡየ ሃዲመ። ህግደፍ ምድጋፍ፥ ሃገራዊ ኣይገብረካንዩ፥ ንእፍልጦ!,hate,hate,normal,normal,hate
1504200628159057928,አዋይ ከብድኻ ዝበልዕ ሂወት ነዞም ንጹሃን ቆልዑ ክንብል ኢደይ ኢድኻ ንበል ብጣዕሚ ተሰሚዕኒ ኩሉ ዉሽጢ ኣካላተይ።,normal,normal,normal,normal,normal
1506035206565867523,@USER እዞም ደቅዛ እሱራት ጥሪት መረቖም ዝወድኡ ዓጃዉስ ደገፍቲ ህግደፍ ግዜኹም ጥራይ ተጸበዩ ደቅዛ ጸብሒ ጽልልቲ ኣብ ዝሓለፍናዮ ገዛ ሕማቅ ጥራይ ክንርኢ ኣሕሕ!!!,hate,hate,hate,hate,hate
1638299986189246466,@USER ኤህህ መስጣ እዚ ድኻ ህዝቢ የውርደልኩም ጭፍራ ማሌሊት ኮብላሊት በላዒት ደቃ ??,hate,hate,hate,hate,hate
1614337548880613376,@USER ሕጂ እዚ ፈረንጂ ድዩ ሓሳዊ ዋላ ንስኻ፧ ኣብዛ ሳዓት እዚ ክንደይ ኣሻሓት መንእሰያት ኣብ ኣብያተ እሱርቤት ይሳቐ ኣሎ፧ ንምዃኑ ኤርትራዊ ከምዚ ንዓኻ ተፈቒዱካ ዘሎ,hate,normal,abuse,abuse,abuse
1620551826448973825,@USER ካብ ናይ ሓሳዊ መርድእ ፡ ናይ ጅግና መርደእ ይምረጽ።,normal,normal,abuse,abuse,normal
1507613076652179460,ኣብዚ እዋን እዚ ንጁንታ ወያነ ዘገድሳ ዘሎ፡ ትግራይ ትዕወት እናበለት ሓልዮት ክድምናን ግብረሽበራ ከተካይድ እምበር ብሰንካ ህዝቢ ክልል ትግራይ ኣደዳ ሞትን ጥምየትን ስደትን ይዳረግ,hate,hate,hate,hate,hate
1513065913712586752,@USER @USER ሕልና አሌቦስ ከምዚ ኸማኻ እምቢ ንምልኪ ንዝበለ ወያነ ከዳዕ ክትብሉ ሀገር ተረሚሳ እንዳጸነተት ተጣቕዑ ልሙሳት,hate,abuse,abuse,abuse,abuse
1604714828517482496,@USER ጸማም ሓደ ደርፉ። ቶማስ ተገምጠል ድዮም ዝበሉ ደቂ ኣስመራ።,abuse,abuse,abuse,abuse,abuse
1639312650503966720,ብጣዕሚ ዝንአድ መልእኽቲ ፈልሲ ናብ ህዝቢ ትግራይ,normal,normal,normal,normal,normal
1656751122759970827,@USER @USER @USER ኣታ ጨናዊ ተረፍ ጥልያን: ሽንቲ ሃጸይ ሃይለስላሰ,abuse,abuse,abuse,abuse,abuse
1492553142885625858,@USER @USER @USER ኢሱ ወዲ በራድ ዓጋመ እዮ ዝበሃል ሐቂ ድዮ እንኮላይ ሐጎስ ክሻ እዚኦምከ መን እየም ወዲ ሐማ ጭደድ ዘረባሞ መን ክኾእለ,hate,hate,hate,abuse,hate
1502362735849443332,@USER @USER @USER ህግደፍ ኣራዊት እዮም። ካብ ጳጳስ ክሳብ ትሕቲ ዕድመ ቆልዑት ዝኣስሩ። ደገፍቶም ድም ዓይኖም ዓሜቶም ንኺድ ጥራይ ዝብሉ። ?እንታ እዛ ዓ,hate,hate,hate,hate,hate
1569777169399947264,@USER ኣይ ህዝቢ ትግራይ ዝረኸቦ። ኣንታ ዓገብ ኣይትብሉን። ህጻውንቲ ይውድኡ ኣለዉ። ኣብ ደገ ደቕኹም የህዲምኩም ደቂ ድኻ ተውድእዎም ኣሎኹም። ወያነ 30 ዓመት ስልጣ,hate,hate,normal,normal,hate
1540419541473312768,@USER ካብዛ መሲልዋ ዘሎ ሲ ብኻ ሽዑ መይቱ ! ህግደፍ ሲ ኢድኩም ኣይትስኣኑ !,hate,hate,hate,hate,hate
1614300008282750976,@USER እዚኦም ኤርትራውያን ኣይኮኑን ንኤርትራ ኣዋሪዶም ትግራይ ትዕወት ንዝብሉ ተዃሉ ንየው በልዎም እዚኦም ብኸብዶም ዝሓስቡ ዕሱባት እዮም,hate,hate,hate,hate,hate
1493307505790881794,ስሱዕ ጀጃዊ ዶላራት ንኸኻዕብት ኣብ ዝእቶ ዝኣቱ ኲዲዓ ኣልከዳዕ።,abuse,abuse,abuse,abuse,abuse
1480034395146883073,ከምዝተለመደ ናይ ኢሳያስ ቃለ መሕትት ብወያነ ተጀሚራ ብወያነ ተዛዚማ,hate,hate,normal,normal,hate
1554168691515858946,ብዕራይ ናብ ዘበለ የብል፡ ዕርፊ ኣጽኒዕካ ሓዝ ዝብል ምስላ ኣቦታትና ኣዝያ እዋናዊት ኮይና ረኺበያ ኣለኹ። ፋሺስታዊ ህግደፍ ንዘለዉዎ ባራዩ ጠርኒፉ እምባሕ እንተበሎም፡ ነቲ ኣብ ባይ,hate,hate,hate,normal,hate
1516227315197530117,ተጋሩ ህዝቦም ሓንጎሎም ውን ኢዩ ኣሰንኪልዎም ህግደፍ መንደፍ ግን ንወለዶ ዘይሃሥስ ናይ ታርኽ ታሓታትነት ገዲፎም . via @USER,hate,hate,hate,hate,hate
1509566872316002322,@USER @USER ሕራይ እስከ ክንርእይ ክንደይ ክሻ ዶላር ናብ ህግደፍ ከም ዝጓርት ።,hate,normal,normal,normal,normal
1623062367029321728,ህግደፍ ድሙራት ደምብያውያን ንዓኹም ኢዩ እዚ ሕቶ።,hate,hate,hate,hate,hate
1571410639716745218,@USER ኣየ ህግደፍ: ሃገር ምልእቲ ረሚስኩምስ በቃ ኮይንኩም ክትሕስዉ ትነብሩ ?,hate,hate,hate,hate,hate
1643907210626334720,@USER ደደብ ዘልኣለም ለይትቕየር . ምጥያቕ ተኾይኑ አስካትኹ ለ ኢኹም ትጥየቑ . ኹለኹም ፖለቲከኛታት ኢና በሃልቲ.,hate,abuse,abuse,abuse,abuse
1531634768349110274,@USER ክልል ትግራይ እንታይ ኔሩዋ እዩ ክሳብ ክንድዚ ትግዕሩ ወያነ ሰራቂ ካብ ተሰነይ ባረንቱ ሰንዓፈ ጾሮና ፡ብዘሎ ጋሽ ባርካ ዓሊግድር ዝዘመቶ ንብረት ህዝቢ ናይ 10,hate,hate,hate,hate,hate
1602906099107127297,@USER ህግደፍ ኣነ ዝበልኩዎ ይኩን ኣብ ኤርትራስ ዝተኣስረ ብጥበቃ ዝወጸ ኣሎ,hate,hate,normal,normal,hate
1482798221764313090,@USER @USER ኣንታ መን እዩ ክሓፍረሎም እዞም ሓሳዳት! መካናይዝድ በል እሎሞ መክና-ዛኢድ እሉ:: ኣነ ግን ናይቶም ኣቀናብሮም ከምታ ዘላታ ምስዳዶም ሙሃራት እና እንዳ በሉ????,hate,abuse,abuse,abuse,abuse
1553055842517323776,@USER ብሂወት እንተዝነቡሩ ህግደፍ ?መአስሮም,hate,hate,hate,normal,hate
1573048611352768512,ኤርትራን ህዝቢን ካብዚ ህግደፍ የእቲውዋ ዘሎ ዓዘቅቲ ዘውጻኣ ሓደ ሰብኣይ ሲኢና,hate,hate,hate,hate,hate
1617835586127278080,@USER ሓንቲ ኣባል ሰነ ሓሳብ ባሻይዝም (ህወሓት ወይ ሞት) ደገፍቲ ህግደፍን ደገፍቲ ህወሓትን ብብዙሕ ነገር ትመሳሰሉ ። ሹሞኛታት ኣገልገልቲ ህዝቢ ከይኮነስ ህዝቢ ኣገ,hate,hate,hate,hate,hate
1601150163401441281,@USER @USER @USER ጨናዊት ናትካ እምበር ናተይ ሰአይኮንኩን የወያኔ ከበሮ አብ ተሀድሶ እንራከብ ዘረባ ዘይትገድፍ,hate,abuse,abuse,abuse,abuse
1514744147596484616,ሻዕብያ ብምጽማም ብምዃን ጸማም ሰጊርዎ ነቲ ዘይስገር መስገደል !!! የለን እንክብልዎ ብሓሳብ ክሸጥዎ ኣለኹ ኢሉ ደው ኢሉ ኣትኪሉ ወዮ ዘራያት ዝመጻ ከም ዘይከውን ቀበጻ ክምስክራ ጀ,hate,hate,normal,normal,hate
1638632785274445830,@USER አብይ አምበርኪኹ አዛሪብኩም ንዘይታምልጡ ጉያኹም ምብዝሁ አምሃራይ ፀላኢና እዩ እናበልኩም አምሃራይ ፖረዚዳት ተሾሞልኩም ወራዳታት ሊያቡ ትማሊ ሰራቂ ቢሁቅ ሎሚመአ,hate,hate,hate,hate,hate
1659750564073201666,ሰልጠነ ካብ ዩቱብ፡ ወያነ ካብ ናይ ኢትዮጲያ ፖለቲኻ ጠቅሊሎም ይሕኸኹ. ዝበልካያ መጺኣ. Game over @USER . via @USER,hate,hate,hate,hate,hate
1558843195353595906,ናይዚ gay ኢሰያስ ለቲና ቃላት ዶ ኣይትድገም ኣሸቀልቶም ኣስራሕቶም ገለ ዝብል ናይ ሓደ ጸግዕን ማሕበራዊ ሰረትን ጊድኒ ዘይብሉ ዝዛረቦ ዶ ኣይትዛረብ hah ምስ ኣብ ከባቢና ዘለዉ,abuse,abuse,abuse,abuse,abuse
1491332044315832326,@USER @USER ሃገር ኣላቶ ንስኻ እንታይ ኣላትካ? መንእሰይ ትግራይ ትወድእዋ ኣለኩም። ህዝበይ እቲ መሪር ከርፋሕ ናብራ ደጊም ሰጊርዋ እዩ። ጽባሕ ቀረባ እያ።,hate,hate,normal,abuse,hate
1561957801076953088,ሽፍታ ስርዓት ህግደፍ ካብ ሃገርና ኤርትራ ከም ንስደድ ጌሩ ሎሚ ከኣ ናብዚ ተሰዲድና ንነብረሉ ዘለና ዓዲ መጺኡ ጽልኢ ክነዝሕ፤ ናይ ኩናት ጎስጋስ ከካይድ፤ ገንዘብ ክእክብ ኣይነፍቅድ,hate,hate,hate,hate,hate
1514271652145770498,ምስ ወያነ ኮይንካ ምቅላስ ከም ንኸልቢ ስጋ ሓልወለይ ኢያ። ??,hate,hate,hate,hate,hate
1646740574303670275,ሬሳ ተይቀበርና ኣይንውዕልን ! - ተመዛበልቲ። እዚ ዘየሕሞ ትግራዋይ ተልዩ ብደው ዝሞተ ጥራሕ እዩ ! @USER @USER @USER @,hate,hate,normal,normal,hate
1495471211966570497,ሓቂ ተቀበራ ኣይትፈልጥን እያ። ወያን ዝሰርሖ ድራማ ብ መርተዖ ኤርትራውያን። ኤርትራያን በቶም መንእሰያት ተሓተቲ ይኮናን ዝሕተተሉ ባዕሉ ወያነ እዩ,hate,hate,hate,normal,hate
1589915121656422401,@USER እንዳ ህግደፍ ድኣ ቅዋም ዝብል ቃል ትፈልጥዎ ድኹም ወደይ፧??,hate,hate,normal,normal,hate
1490626806570958849,ጅግና ዘርእዝጊ፡ ጎይታ ኣራት ኪሎ ንስርዓት ደርግ ኣብ ውሽጢ ቤተ-መንግስቱ ኣትዮም ስረኡ ኣፍቲሖም፡ ንወያነ ስረ ኣዕጢቖም ኣብ መንበር ኣራት ኪሎ ኮፍ ዘበለ ጅግና ብጻይ ዘርእዝጊ,hate,hate,hate,normal,hate
1516521361690316803,#EritreaPrevails #EritreaPrevails 16th YPFDJ EURO Conference | ዋዕላ መንእሰያት ህግደፍ ኤዉረጳ ካብ 14-18 ሚያዚያ 2022 ????ወትሩ,normal,normal,normal,normal,normal
1638719683061792771,@USER @USER ኣለም ገብረዋህድ ምስዚ ረሳሕ ብከመይ ይወዳደር??,abuse,abuse,abuse,abuse,abuse
1502939745466388481,@USER መን ኢዩ እሞ ንዓካ ክቓወም ምክንያቱ ኣብታ ዓባይ ገዛ ከም ዛኣቱ ስለ ዝፈልጥ ኣቢ ለባ ሰራቂ ጆነሳይድ,hate,hate,abuse,abuse,hate
1578241821750198272,ኣብይ ሓሳዊ እዩ ድርድር እናበለ ደብዳብ ይካይደ አሎ አብ ከተማ ሸረ እና TDFይ ጥንቅቀ ንግበር,hate,abuse,abuse,abuse,abuse
1569436332249817093,ኣረጋይ ሓጎስ፥ ህግደፍ ብዓሰርተ ዕጽፊ ሽሕ ግዜ ይግዛእ። መራሕትና ኣይፍክሩ ኣይጃሃሩ ዝገብርዋ ብግብሪ ይገበሩ። ኣነ ብመራሕተይ ኮሪዔ። ኤርትራዊ ዘይሩ ዘይሩ ናብ ሃገሩ። እዚኣ,normal,normal,normal,normal,normal
1548720100764749824,@USER አሰከ ስንበት ኢዩ ሽግር?አዴታትኩም ተዛረቡ?ዋጦት ህግደፍ,hate,hate,hate,abuse,hate
1487265879071076357,@USER @USER እታ እንኮ ሞያ ናይ ህግደፍ - ኩናትን ዕንወትን,hate,hate,hate,hate,hate
1636271364939161603,ማሕበር ዕኑድ ብርሃን ኣፈኛ እሰያስ ኣብ ወጻኢ፡ ናይ እሰያስ ዘረባ የዋዕውዑ ኣለዉ። ብኸመይ ግን እዚ ኹሉ ዓመታት ተቓወምቲ መሲሎም ከታልሉ ጸኒሖም፧ ጻውዒተይ ኣስመራ ኣቲኹም ገንዘብ,hate,hate,normal,hate,hate
1570303823037759488,ህግደፍ ካብ ኩሎም ገዛእቲ ኤርትራ እቲ ዝኸፈአ ኢዩ።,hate,hate,hate,hate,hate
1492972803489947651,@USER እቲ ናታ ንሓማታ እዮም ህግደፍ።,hate,hate,hate,normal,hate
1498429123051540481,ኣብ ሞንጎ ኣፍሪቃውያን ብስፖርታዊ ውድድር ሓይልኻ ከተርኢ ቅኑዕን ሃናጺን ክኸውን ከሎ፣ ከም ወያነ ኣጽዋራት ለሚንካን ህዝቢ ኣገዲድካን ሓያል ክትመስል ምፍታን ኣዕናዊ ስለዝኾነ ክቋረ,hate,hate,hate,normal,hate
1502052355625390085,@USER @USER ትግራይ : ንህዝባ ኮይና ንኤርትራውያን ተዕቑብ ዝነበረት : ሎሚ ህግደፍን ደርግን ምስ ወረርዋ ህዝቢ ትግራይ ኣይጠዓሞ እቲ ተዓቒቡ ብሰላም ዝነብር,hate,normal,normal,normal,normal
1543526787380043776,ጽቡቕ ኣለኻ ሓው ዑመር ህዝቢ #ኤርትራ ነቲ ገበነኛ ሽፍታ #ህግደፍ ከረክብ ኣለዎ : እንተዘይኪኢሉ ክኣ :ነቲ ሽፍታ ጉጅለ ክከላኸል ህይወቱ ክኸፍል የብሉን 4:: #Eritrea,hate,hate,hate,normal,hate
1503665110098792450,@USER @USER ደንቆሮ ዓሻ ብዓቢኻ ኣረጊት ህበይ : ብዓል እስኩም ሸይጣውንቲ ዕድሜኩም ኣብ ሓደጉድጓድ ኣትዮ ንሰላም ኣብ ክንዲ ትጽልዮ:: ስራሕ ሸይጣውንቲ ትሓ,abuse,abuse,abuse,abuse,abuse
1514730347770036224,ናይዚ ኹሉ ሞትን ጽንተትን ህዝቢ ኤርትራ : ይንዋሕ ይሕጸር ህግደፍን ደገፍቲ ህግደፍን ተሓተቲ እኹም :: #Eritrea #PFDJ,hate,hate,normal,normal,hate
1619780097543905281,ፍተዎ ጽልኣዮ ኣብ ህይወቱ ለውጢ ከተምጽእ ዘይትኽእል ተኾንካ ዓርፍካ ተቐመጥ። ናይ ርእስኻ ውጥን ኣውጺእኻ መንገድኻ መርሽ።,normal,normal,normal,normal,normal
1569402046582767616,@USER ንሱ ቶም ተሓጎሙ ይፈልጥዎ:: ከምዚ ከማኻ ኣቃሊሎም ከይዛረብዎ ሑቑኦም ጎዚዎም እዩ :: ወዲ ባካሮ (ድቓላ ጣልያን)::,hate,abuse,abuse,abuse,abuse
1512846112637476867,ሓሳዳት ሻዕብያ ክሳብ ብእርይ ቁጽር ሕሳብና ንወራረድ ነቲ ዝቀተልኩሞን ዝሰረቅኩሞን ናይቶም ጨዊኩም ኣብ ኤረትራ ኣሲርኩሞም ዘለኩም ደም ትግራዋይ ንብረት ትግራዋይ ክሳብ ሕሳብ ሓለን,hate,hate,hate,hate,hate
1659327025801310210,ህዝቢ ኣስመራ ናይ በሓቂ #ገበነኛ #ህዝቢዮ። #ምስጥልያን #ምስእንግሊዝ #ሃይለስላሴ #ምስመንግስቱ ኣብግዜ #ህግደፍ ምስ #ህግደፍ #ኾይኑንህዝቢ ኤርትራ #ንምጽናት,hate,hate,hate,hate,hate
1481054852356751367,ስርዓት ወያነ ንዲፕሎማስያዊ ሃልኪ ልዕሊ ዝኮነ ገንዘብ ኣውጺሉ፡ዝሓለ 20 ዓመት ብቑዓት መናእሰይ ኣብ ደገ ኣሰልጢኑን እዩ። ኣብ ባይታ ዘሮ ኣብ ሜድያ ግን ጅግና ሙካኑ ኣመስኪሩ እዩ,hate,hate,hate,normal,hate
1485495119159738370,@USER I can’t agree more . ድሌቶም ንክረኽቡ ህዝቦም ክጸንት መሬቶም ክዝመት ዝመርጹ ተቓወምቲ ክትብሎም ኣይከኣልን ኢዩ:: ወይ ከዳዓት ኢዮም ወይ ድ,hate,hate,abuse,abuse,hate
1606580415225102337,@USER እሞ ህግደፍ ዳኣ ምርጫ ክገብር ዩ ሕጂ ፧,normal,normal,normal,normal,normal
1569251017740402690,@USER እስኪ ነቲ ሻሕኻር መንግስቲ ዓዲ ሃሎ #NoMoreENDF በልዎ ባራዩ ህግደፍ,hate,hate,hate,abuse,hate
1493327347398885384,@USER ሓሶት ተንኮል ዝኣመሎም ነውራማት! ባዶ ዝሓንጎሎም ሸፋቱ።,hate,hate,abuse,abuse,hate
1562862669253967872,ዘሕጉስ ዜና ኣብ ስዊዘርላንድ ንቀዳም ዝተሓስበ ናይ ህግደፍ ናይጽልኢ ፕሮፖጋንዳ ተዓጽዩ ይብሃል ኣሎ። እንኳዕ ሓጎሰና።,hate,hate,hate,normal,hate
1645511615264043008,ሓደ ግዜ ምቅዋም ፋሽን ኮይኑ ኔሩ፤ ሽዑ ዋላ ደገፍቲ ህግደፍ ተቓወምቲ ኮይኖም ኔሮም። ዳሓር ምቅዋም ዕላማ ምስ ኮነ፡ ወዮም ፋሽን ዝኣከቦም ተፈዲሶም። ሕጂ ናይ ህግደፍ ካፒታል ንሳ,hate,hate,hate,normal,hate
1507231405125869571,@USER ዕሉላት ከዳዓት ምስ አዋፈርቶም ዘርኢ ስእሊ,hate,hate,abuse,abuse,hate
1562154122966667264,@USER @USER ክሳራ ወለድኹም ኢኹም ካባኹም የድሕነና ፡ ንማንም ኣይትኾኑን ሕማሙ ዝሕእብኤ ሓባኢ ፈውሱ ፡ ውሻጦኹም ረኣዩ ጥሪት ይህግደፍ,hate,hate,hate,abuse,hate
1617647925173301248,#GEZATEGARUTS #EritreaOutOfTigray #AmharaOutOfTigray ንዑታ ንዓድኹም ገዛ ተጋሩ: ብሕብረት ድምፂ ህብናን ሃገርናን ንኹን::???,hate,normal,normal,normal,normal
1483481263918837765,@USER @USER ኣታ ዓሻ! ምስ ኢትዮጵያ ንኽትዋጋእ ብሸለልትነት ብዝገበርካዮ ውሳነ ነዚ ዅሉ ጸበባ ኣብ ህዝብኻ ኣምጺእካዮ ኢኻ ፣ ኵሎም ግብረ-ሽበራውያን,hate,hate,abuse,abuse,hate
1645491769075974144,@USER ናተይ ዓሻነት ፍሉጥ እዩ ዋ፣ ናትኻ ዕንዝርና ገደደ እምበር፤ ኮት ተገይሩልካ እውን፣ እዚኣ ረኺበ ኢልኻ ከይትኻታዕ ተባሂልካ እውን፣ ኣብኣ ትርከብ!?,abuse,abuse,abuse,abuse,abuse
1614758872300019713,ኣስመራ ሽኮር እንተ በልኺ ማስ ዊሕዲኪ ኣስመራ ምቅርቲ እንተ በልኩኺ ዘይ በዝሓኪ ኣስመራ ሕያወቲ ህዝቢኺ ተፋቅረኪ ማሪም ኣስመረቲ ብጾሎ ሳላ ዝተኻብኪ ኣስመራ ሕያወቲ ሃፋታም ድኻ,normal,normal,normal,normal,normal
1599690360183488512,#ሰብ ብህይወቱ ከሎ ክቓጸል ዝረኣኹሉ እዋን እንተሃልዩ:ኣብ ዘመነ ፍሽሽታውያን ልፍንቲ ህግደፍን ኣምሓራን እዩ:: እዚ ኣብ ልዕሊ ሓውና ህዝቢ #ትግራይ በዞም #ልፍንቲ ዝወረደ ግፍ,hate,hate,hate,hate,hate
1512888788925698052,@USER ዋላ ተደንጎየ፣ ሰናይ ሐሳብ፦ ነዞም ተዃሉ ሰረቕቲ ክትብልዶ መናእሰያትካን ህዝብኻን ይጥፋእዩ??,hate,hate,hate,abuse,hate
1591876344291491841,@USER #ወያነ ጠላም ክሓዳም መን እዩ ክሕተት ተጋሩ እስከ ቑሩብ ሕሰቢ?,hate,hate,hate,hate,hate
1554750716572536833,@USER እዚኣ BBC news ትግርኛ ዓጋመ እያ ምሽ? ሓንቲ ጽቡቅ ኣይትዛረብን እያ ሓሳዊት ተዓሲባ ትከዉን,hate,hate,abuse,abuse,hate
1638709072601174016,ህግደፍ ካብ አልሽባቦ?ናብ ጡሙር ፋኖ,hate,hate,hate,hate,hate
1651237206311202816,@USER @USER @USER @USER @USER ብድሕሪኡ ስዒቦም ሻዕብያ ይሕተቱ ግን ቀንዲ በላዒ ዝብኢ ዓዳማይ ወያነ እዬም,hate,hate,hate,hate,hate
1549118702896939008,@USER @USER ሕፍረት አልቦ ንስኻ ኢኻ አታ ተረፍ ዓሳ አባጊዕ የለባን ጠፊእን ግድእየን ናብ ናይ ዘይምጥነካ ዘግለስካ አታ እንስሳ ኽድ ናብ አባጊዕኻ ሃላይ ሕፍረተ ቢስ ቐተልቲ አንእስትኹም,abuse,abuse,abuse,abuse,abuse
1492913577782620169,ATV: እዋናዊ ሓበሬታ ካብ ምጽዋዕ - ንጽህናን ገበንን ብዋጋ ዕዳጋ ዝተወሰነሉ ድራማ ህግደፍ ኣብ ጽምብል ፈንቅል,hate,hate,normal,normal,hate
1507611396502077441,ባሮት ወያነ ናቶም ሓሳብ ከምዘብሎም ብባዓል ማርቲን ፕላውት ትፈልጦም።,hate,hate,hate,abuse,hate
1495983276963549193,ዝገብር ነዲኡ ነይነግር ?መራስንቲ መፍነውቲ ህጻውንቲ ቆልዑት ?ንውትድርናን ኩናትን ፍለጡለይን አየድልዮን ኢዪ። ዋጦት ህግደፍ,hate,hate,abuse,abuse,hate
1553052148170121218,@USER @USER Shut up ቆማል ዓጋመ ካርማ ድኣ ንዓኹም እንድዩ ተታሓሕዝኩም ዘሎ ረሳሕ ????,hate,hate,abuse,abuse,hate
1494370293984468993,እንኳዕ ንመበል 47 ዓመት በዓል 11 ለካቲት ምጅማር ብረታዊ ቃልሲ ካልኣይ ወያነ ህዝቢ ትግራይ ኣብፀሐና። ዘለኣለማዊ ክብርን ሞጎስን ንሰማእታትና! ትግራይ ትስዕር!??,normal,normal,normal,normal,normal
1642271985668333572,ሕጉስ ንምዃን ርሑቅ ተይኸድካ መጀመርያ ኣብ በዓልኻ ዘሎ ነገር ተጠቀም! ኣብ ኢድኻ ካብ ዘየለ ነገር ምሳኻ ዘሎ ነገር ዓብዪ ጥቅሚ ኣለዎ። ኣብ ኢድኻ ዘሎ ወርቂ ጨርቂ ከይኾነስ,normal,normal,normal,normal,normal
1660577048014749696,ወረርቲ እምበር ምስ ዝተወረረ ማሕበረሰብ ትግራይ ዘራኽብ ስለ ዘየብሎም ካብ ብሕዚኡ ከይዶም ዝረኽብዎ ትግራዋይ ክህሉ የብሉን! አብዙይ ታሪኽ ዘይርሰዖ ስሕተት ደጋጊሞም አይፈፅሙ! ሰላም,hate,hate,hate,hate,hate
1504525774010863624,መንእሰይ ትግራይ ኣብ ኢድ ድሑራት ከይትወድቕ ተጠንቀቕ ስደት ናይ ድኹምን ፈራሕን መግለፂ እዩ።ኣብ ልዕሌኻ ብሓይሊ ዝተኣወጀልካ ናይ ምጥፋእ ኣዋጅ ብሓይሊ ኢኻ ትብትኖ።ነዚ ድማ መ,hate,hate,normal,normal,hate
1485332042950881280,ATV:ዝርርብ ምስ ኣቶ ወልዳኣብ ፍስሓጽዮን፡ መብርሂ ብዛዕባቲ ኣብ ልዕሊ ኮራኹር ህግደፍ ኣብ ኖርወይ ዝተበየነ ፍርዲ - 1ይ ክፋል via @USER,hate,hate,hate,abuse,hate
1596442307729182720,@USER በቲ ጎምጫጭ ጠዎይ ጨናዊ አፍኪ ከመይ ጌርኪ ጥዑይ ክትዛሩቢ ፍንፍንቲ ፍጥረት።,hate,abuse,abuse,abuse,abuse
1491848077354876929,@USER ኣነ ግን ሂወት ዘለዎ ፍጥረት ኣብ ኤርትራ ብናፅነት ዝነብር አይመስለንን ኢሳያስ ሓሳድ እዩ!,hate,hate,abuse,abuse,hate
1494531018153472002,@USER ሓሶት ዘይ በልየሎም ኣዛብእ ጅንታ ።ወያነ 300 000 መንእሰያት ትግራይ ዘጥፈአ ግዳ ዘይትሓትዎ Tplf is a Terrorist group,hate,hate,hate,hate,hate
1579355399404531714,#ህግደፍ ተደፊሩ #ካብ ውሽቲ ኤርትራ ብትብዓት መልእኽቱ ዘመሓላለፈ #ህዝብና ከመይ ኣሎ ንስምዓዮ - YouTube,hate,hate,normal,normal,hate
1650576165894012929,@USER ድኹም ሓሳብ ብድኹም መርትዖ። ወርሓዊ ዶምዞም ክኽፈሉን ትምህርቶም ከይሳናኸሉን ኣንኮ ገባርን ሓዳግን ኣንባሳድር ጥራይ እዩ። ሓቀኛ ምስሉ ዘጉልሕ ክብ ክልቲኦም ዋላ ሓደ የለን,normal,normal,normal,abuse,normal
1602410375932440576,@USER @USER @USER Eri ኣይይይይይ፡ንስኻባ ሐምሐም ርእስኻ።ባኮ አበይ ኮንካ ኢኻ ትሙጉት ደለኻ።ህግደፍ ሐደ መዐልቲ ክለኽፈካ ኢዩ,hate,abuse,abuse,abuse,abuse
1498045323792502790,@USER ኣብቶም ደገፍቲ ህግደፍ ሓደ ለባም እዩ እኮ ዘየለ ??,hate,hate,hate,normal,hate
1632762616060755970,Good ?? job ?ናይ አርአእያ ይኩን ካልእ ?ፍልልያት ዘለዎም እንዳቅሩብኩም ንኩሉ ዘሳትፍ መድያ ግበርዋ?ከም ህግደፍ ፍልልያት አይትፍርሑ,hate,normal,normal,normal,normal
1496020792659910659,@USER እዚ ወኪል ባይደን ጥራይ ዘይኮነ ናይ ጃንታ ወያነ ተሓላቂ ኢዩ።ኣሜሪካ ዓዲ ዓዲ ኣሽሓት ኪሎሜተራት ከይዳ ጸላአተይን ንድሕነተይ ኣስጋእትን ትብሎም ከም ድሌ,hate,hate,hate,hate,hate
1597431906194583552,@USER @USER ?? ሱቅ ኢልካ ስርናይካ ስፈር ጸማም ሓደ ደርፋ,abuse,abuse,abuse,abuse,abuse
1628693241913647106,ዘካራያስ ገሪማ @USER ካብ ባህልን ስነ-ምግባርን ሕብረተሰብ #Eritrea ወጺኡ ህግደፍዊ ባህሪ ዘማዕበለ ሰብ እዩ ጽማቕ እብዚ ምስ @USER ዝገበሮ ዝርርብውን,hate,hate,abuse,abuse,hate
1641152046635311107,@USER @USER ኣብ ባህልና ሱቅ አልካ ኣይጽረፊን አዩ፤ ሰብ ዓሻ ከይብለካ ልቢ ጊበር ዝሐወይ።,normal,normal,normal,normal,normal
1489159498350669827,ምስ ህዝቢ ትግራይ ትደናገጽ እንተኾይንካ : ኤርትራዊ ኣይኮንካን ትበሃል :: እዚ ማለት ድማ ጭፍራ ህግደፍ ሰሪታቶ ዘላ ኤርትራውነት ኣብ ጽልኢ ተጋሩ ሙርኩስ ዝገበረ እዩ :: እዚ ድ,hate,hate,hate,hate,hate
1487886903102029824,@USER እዚኣ ወጃብከ መን ይብልዋ። ኣብየት ፈጠራታት ህግደፍን ኣምሓራን ኣቢዩን። መጨረሽትኦም እዚኣ ኮይና።,hate,hate,normal,abuse,hate
1625984852930486277,እንኮዕ ተወለድኻላ ልትግራይ @USER ኣነ እላሃለኹ ዓደይ ኣይትድፈርይ ኣደይ ለ ኣይትነብዕን ኢልካ ንክልተ ዓመት ኣብ ጓደናታት ብዘይ ምቁራፅ ድምፂ ህዝብካ,normal,normal,normal,normal,normal
1639505513342722048,@USER ኣንታ ሓወይ! ዜናኻ ስኢንካ? ተኸታታሊ ስፖርት ዋላ እንተኾንካስ ካብዛ ናይዛ ጠላም ሃገር ናይ #ሶማል ዘይትዝግበልና፣ መሰልካ ግን ክዳፈአካ አይደልን,hate,hate,hate,hate,hate
1485722935801352201,@USER @USER እዚ ኣብ ርእስኻ ዘሎ ወያነ ዝብሃል ሕንጉጉ ባሕሪ ኣይትጠቀሙ ዝብል ድዩ?,hate,hate,abuse,abuse,hate
1598908013892734977,@USER ካብ ህግደፍ ምድንጋራትን ሓሶትን ምትላላት ጥራይ ኢካ ክትፍልጥን ክትማሃር ኢዩ ዝካኣል እሞ ህዝቢኩምን ሰብኩምን ካብ ፍጥፋ ተመሎሱ ኢንዳ ህግደፍ !!!?,hate,hate,hate,normal,hate
1482680048142356481,@USER ኣታ ጨናዊ ንስካ ከማን ፈሊጥካ ሰብ ከተደናግር ሓሽሽ ተጠቂማ ትብል። ብድሕሪ ኮምፒተር ኮንካ ክትጻረፍ 20 ዓመት ገይርካ። ወያነ መይታትካ ሕጂ ናበይ ኢካ ትኸዶ?,hate,abuse,abuse,abuse,abuse
1503479162375450630,@USER @USER ዓጋመ(ዓድግራት) መንም ዘይደፈሮም ፅሩያት ተጋሩ እዮም?ደምብያ ኸኣ ዕልቦ ኣምሓሩ ዝኾነ ነብሱ ዝሽየጥ ባርያ ወዲ ባርያ ንመንነቱ ተቃሊሱ ዘይፈል,hate,hate,hate,hate,hate
1572880241852555264,@USER ጽዩፍ ሰብ! ወለድኻ ክንደየናይ ከምዝሓፍሩልካ እንተሓስብ ደቅኻ የሕዝኑኒ!,abuse,abuse,abuse,abuse,abuse
1617468084293599232,700 አውቶቡስ ከይደን 50 ተመሊሰን ግፋ ውትድርና ምክልባት ኤርትራውያን ይቕጽል ስደት ድማ ሕጅ ክቕጽልዩ ተስፋ ዘይብሉ ህዝቢ ምስ ህግደፍ,hate,normal,normal,normal,normal
1538932816045608961,@USER @USER @USER ሰብ ከማካ ንከብዱ አይነብርን ዘሀሰብካዬ ናብ መሬት ጠብ አይብልን ንህዝብ ዘለካ ንቀት ይገርም እዩ,abuse,abuse,normal,abuse,abuse
1489666898958635022,ውሽጢ ሃገር ኣቲኻ ኩነታት ዓድኻ ተዓዚብካ ቤተሰብካ ርኢኻ እሂን ምሂን ዶ ይሓይሽ ወይስ ሜድያ ብዝፈጠረልና ገዛኻ ኮፍ ኢልካ ዓገግ ምባል። እቲ ቀዳማይ ክብረትን ምስጋናን፡ ዳሕረዋይ,normal,normal,normal,normal,normal
1596438240432902145,@USER ከዳዕ ማለት ከምዚ ከማኻ ንዜጋታቱ ጠሊሙ ንምልኪ ዘሳሲ እዩ። እንተተረዲእካ እዚ ሕማም ናትካ ቁጥዐ እግዚኣብሔር እዩ። ስለ ብዘይ ፍትሕን ፍርድን ዝተበደሉ ወገናትካ ደው,abuse,abuse,abuse,abuse,abuse
1493132680199819271,@USER @USER ህዝቢ ትግራይ ይኹን ስደተኛታት ኤርትራ ሓገዝ ከይረኽቡ ህግደፍን ደርግን እንዲዮም 360 ዲግሪ ዓጽዮሞም ዘለው :: ሓልዩውን ኣይኮነን:,hate,hate,normal,normal,hate
1611428462685999104,@USER ክክክክክ ሓሳዊት ባንዳ ናይጁንታ ኣይትሓፍሩን ዲኹም ብዛዕባ ሰራዊት ኤርትራ ኽትዛረቡ ጻሕጻሕቲ ምሽ ድሒሪ መረጻ ሓዲአላ ብዛለንበሳ ዶ ሪሳ ዶ ትብሉ ነይርኩም እሞ,hate,hate,abuse,abuse,hate
1490069481955250179,@USER ናይ ህግደፍ ነገር፡ ንዝኾነ ኤርትራዊ ዲኹም ክትጸርፉ። ዓለም ኣንጻር ኮቪድ 19 እና ተከትበት ህዝንና ግና ካብኩሉ ብምጉሳዩ ስለ ዝተዛረቡ ምጽላም እንታይ ይብሃል,hate,hate,normal,normal,hate
1560383042119733250,@USER ጸማም ሳዋ ጀጋኑ ዘፍሪ። ንዓኻ ዘጋይ ንወያነ ዝቀበረ ምኻኑ አጸቢቅኻ ሰለ ትፍልጥ ሳዋ ተስሚእካ ራዕራዕ ህጅካ። አጆኻ ካብ ሳዋ ርሑ,hate,hate,hate,abuse,hate
1515699818156417029,@USER መሰረቶም ቦኽባኽ: ኣብ ሐሶት መርገጽ ዝቖመ: ኢሰብኣዊ ስለ ዝኾነ: ስርዓት ህግደፍ ውዱቕ እዩ:: ምትላል እንተዘይኮይኑ ዘስልጥዎ የብሎምን:: ናይ 30 ዓመት ታሪኾም ምስክር እዩ::,hate,hate,hate,hate,hate
1510704748617416714,@USER እንቋዕ ተወለድኻ ማዓረይ ዝተረፈ ዕድመኻ ይባረኽ ????,normal,normal,normal,normal,normal
1614664089397039107,@USER ዓይኒ ከዳዕ ነባዕ። ናይ ትግራይካ ግበር። ምዕባለ ኤርትራ ብዝምከት፡ ብኣኹምን ኣኸደምትኹምን እዩ ዝዕንቀፍ ዘሎ። መሰረት ዘለዎ ዘይንቕነቕ ምዕባለ ኣብ ኤርት,hate,hate,abuse,abuse,hate
1511737515723665417,@USER ዓጋመ ትገብርዋ ጠፊኢኩም ጌና ሃተፍተፍ ከነብለኩም ኢና። ምስ ሻዕብያ መንደላይ ጸወታ የልን። መስኪን ድካ ትግራዎት ለኪምኩሞም አብ ዘይፈልጥዎ ውግእ። ልዕሊ 3 ሚእቲ ሽሕ አጥፊእካስ ጠጠው አድዮ,hate,hate,hate,hate,hate
1581900897533059072,@USER ኣንታ ዕሱብ ድርባይ ትርፋ ንኤርትራ ሃገርና ዝተንከፋ የለን : ሻዕብያ ወራሪ ህግደፍ ሻያጢ ዓዱ : ግን ናይ ኣቦ ንመን ንሃቦ : ከም ኣቦ,hate,hate,abuse,abuse,hate
1632844271513468930,ሱታፌ ደቀንስትዮ ኣብ ቃልሲ ፡ምስ ምውላድ ህ.ግ እዩ ክሕይል ጀሚሩ! ስውእ ጸሓፊ ህግደፍ ኣቶ ኣልኣሚን መሓመድ ስዒድ ምንጪ፡-መጽሔት ኣግእዞ ቁ.31,normal,normal,normal,normal,normal
1553905170307743744,@USER @USER @USER አካልብ ህግደፍ ውሕ ውሕ?ኢልኩም ወጺልኩም ዶ?ወያኔ አብ ኤርትራ ?ወያኔ አብ ስደት ?መጻትኩም ?ዕድሜኩም,hate,hate,hate,hate,hate
1482669608725319683,@USER ስኒ እንዳማትካ ሑጻ ሐይኸሉ ደም ኤርትራውያን ብህግደፍ ደም ከልቢ ኮይኑ,hate,hate,hate,hate,hate
1656771761050976257,@USER እዚ ፍልልይ ከምዚ ኣብ ጎ ን ጐ ዘሎ ዓይነትዶ ይኸውን፧ እንታይ ሓሳብ ኣሎካ ሓው በረኸት፧,normal,normal,normal,normal,normal
1641107888184623104,@USER @USER ካብ ጉጅለ ትግራይ ትግሪኚ ስ ህግደፍ ብ100 ይሓይሽ። ሕግደፍ ደው ይበል??,hate,hate,hate,hate,hate
1554346701409878016,@USER @USER ንጉሰይ ጅግና ኢካ ዘይትሕለል ብዓድካ ትሕተኛ ኢካ መክበሪ ባህልካ ተባዕ ኢካ ፈታዊ ትግራይ ዓድኻ ንጉሰይ ናተይ ድንግል ማርያም ትሓሊካ ??,normal,normal,normal,normal,normal
1539813805349371904,ፈቲኽንዶ ንጉስ ትምርቃ ኮይና መሬት:: ህግደፍ እዛ ዝአጎድኩማ ሓዊ ክትበልዓኩም: ዝኮዓትኩማ ጉድጏድ ክትውሕጠኩም: ትቃረብ አላ::,hate,hate,hate,normal,hate
1641331162302889984,@USER @USER እሃድም እወ ካብ ዕቡድ ከልቢ ደኣ፣ ዓሻ ድየ በራኺ። ዝተለኽፍኩም ይርእየኩም እንድየ ዘለኹ። ዓዲ ሃሎ፣ ናቕፋ ገለ መለ የብለኩም፣ ሊሕቲት ዋሒድ።,hate,abuse,abuse,abuse,abuse
1479980663214428164,@USER ወያነ ንኣስታት 20 ዓመታት ብዘይሕጋዊ ኣብ ልኡላዊ መሬት ኤርትራ ከሎ ንሓንቲ መዓልቲ እኳ ብሒም ዘይበልኩም they are sellout Mussela hawey,hate,hate,hate,abuse,hate
1498601031508402176,ጭፍራ ህግደፍ : ህዝብን ሃገርን ዘዋርድ ሑሱር ጉጅለ ሸፍቱ ! #Eritrea,hate,hate,hate,abuse,hate
1556722580408639490,ግብረሽበራዊ ጉጅለ #ህግደፍ ስልጣን ካብ ዝሕዝ : ዓቢ ይኹን ንእሽቶ፡ ሽማግለ ይኹን መንእሰይ፡ ሰብኣይ ይኹን ሰበይቲ ኩሉ ብዘይ ኣፈላላይ ኣይጠዓሞን:: ስለዚ ኣንጻር #ህግደፍ ንዝ,hate,hate,hate,hate,hate
1602158862592868355,@USER ጣልያን ባራዩ ዝግበሮም ሰባት ኔሮም:: ዓዱ እንትኸይድ ዝደርበየን ናይ ኣስቃጥላ ታኒካታትውን ኔረን:: እተን ታኒካታት መሪተን - ህግደፍ እቶም ባሮት ድማ ደገ,hate,hate,hate,hate,hate
1627898843655475202,ኣብ ትግራይና ኾነ ቀርኒ ኣፍሪካ ብሓፈሻ ናይ ፖለቲካ ባህሊ ለውጢ ቀልጢፉ የድሊየና እዩ፡፡ ዝሐሸ ዕድል ዘለዋ ድማ ትግራይ እዩ፡፡ እቲ ለውጢ ዘድልየና ብቅደም ሰዓብ 1) ኣብ ስልጣ,normal,normal,normal,normal,normal
1491826614862327808,@USER ብመሰረቱ እዚ ደርፊ እዚ ጌጋዩ፣ ንህግደፍዩ ድማ ክድረፈሎም ኔርዎ። ህግደፍ፥ ብሰበብ ናይ ዶብ ጉዳይ ንሕዝቢ ኤሪትራ ኣብ ኣድላይ ዘይኮነ ኩናት ጠቢስዎ። እቲ ዝገርም,hate,normal,hate,hate,hate
1577577443904348160,@USER ኣብተን ኣንጉዐን ዝፈሰስ ንምብጻሕ ክንደይ ዋጋ ከፊልካ፧ ፍሱስ ኣንጉዕ ኣንጉዕን ደምን እቲ ዘይጻዓድ ህዝብና ዝማጺ ዘሎ ጠላም ዩ። ህዝቢ ዋግኡ ክህቦ ምዃኑ ካኣ ኣይትዘንግዕ።,hate,abuse,abuse,abuse,abuse
1479638931830231042,@USER ኣማንያን ዶ አይመስሉን ከምዚ ኢሎም ክትሪኦም? እንታይ ከ እዩ ናይ ሌባዉ ስክንድር ፌስታል ዶ ሒዞም ይራኣዩኑ አለው ሓቀይ? ወንጀሐኛ ሓደ ዉልቀ ሰብ ፈቸቲሕካ መላ,hate,hate,hate,abuse,hate
1509817420206292992,@USER ኣየ ህግደፋውያን ጸዋዓቲ ተካል እዋን ንዘይ ፈልጥ ሓቂ ይመስሎ እምበር ንስኹም ዳ ካብ ክትሃንጹ ኽተዐዕንው እንድዩ ዝቐለኩም ሚ,hate,hate,hate,hate,hate
1481383700180918275,@USER እቲ ዝገርመኒ ናይቶም ጥሪት ደገፍቲ ህግደፍ እዩ :: ክሓትሉ ዘይከኣሉስ ኣብቲ ፕሮፋይሎም ሰጢሖሞ ይውዕሉን ይሓድሩን ????,hate,hate,hate,abuse,hate
1630516990585577472,እዚ ዓወት ናትካን ናይ ስድራቤትካን ጥራይዩ። ህግደፍን መጣቃዕቱን ኣብዘይ ዳስካ ብዘይ ዙርያኻ ሸነን ዝለዝፈትው ግን ቦሮም-ቦጣዕ እንተበሉ ግዲ ኣይትሃቦም።,hate,hate,hate,normal,hate
1505620709623615489,@USER ህግደፍ ተጋጊና ካብ ዝብሉ መመሊሶምዮም ዝጋገዩ። እምበር ኤርትራን ህዝባን ዓንዮም ከምዘለዉስ ኣይስሓትዎንዮም። ሳሕትስ ሕልንኦም እውን ይወቕሶም እምበር ይኸውን።,hate,hate,hate,normal,hate
1510864994291920897,@USER እቲ ሓታቲ ሓደ ከማኣ ወይጦ ናይ ህግደፍ እንድዩ ??,hate,abuse,abuse,abuse,abuse
1504176621967740928,@USER @USER ህግደፍ ሲ በንቋሲትኩም ትምጻእ . You never had sense of humor ግን ወላ ስርዓተ ነጥቢ ዲኹም ዘይትፈልጡ,hate,hate,hate,hate,hate
1633609512371335170,ከዳዕ ዝተጸበዮ ካልእ ትግራዋይ ዝሃቦ መልሲ ካልእ። ሓቂ ባዕሉ ይወጽእ ኣሎ #EritreaPrevails @USER @USER @USER,hate,abuse,abuse,abuse,abuse
1620198248966426628,@USER @USER ጸማም ሓደ ደርፉ፡ ጽባሕ ከምዘየለ ተህተፍትፍ ዘለኻ ንስኻ ጥራይ ኢኻ፡ ትፈልጥ ዶ ተጋሩ ኣብዚ እዋን ናብ ኤርትራ ይበጽሑ ከምዘለዉ? መንገዲ ንገየሽቲ ክፉት እዩ ዘሎ፡,hate,abuse,abuse,abuse,abuse
1574841549476827173,@USER @USER ዓርኩ ዝግደሰልካ ዶ ሲኢንካ? ወናኒ ድኹም ኣታሓሳስባ ምኾንካ ፈሊጦም እዮም እኮ ?? ኣይትሓዘሎም:: ተጋሩ ርዝን ኢሎም እንድዮም : ዳሓን ግን ኣነ ከጋይሸካ,abuse,abuse,abuse,abuse,abuse
1546560108972351492,@USER ንሕና ውን ንሱ እና ንጠልብ ዘለና :: ወያነ ምስ ህግደፍ ዘለዎም ሕሳብ ክዓጽው መሰሎም እዩ :: ምኽንያቱ ህግደፍ ከይድዎም እምበር ንሳቶም ኣይመጽእዎን :: ገበነኛ,hate,hate,hate,normal,hate
1542588752450785280,@USER @USER @USER ኣብ ናይ ፖለቲካ ስርቂ ህግደፍን ወያነን ሓደ ኢዮም። ከም ህዝቢ ግን ዋእእእ ባዕሎም ዝኣምንሉ ጉዳይ እኮዩ። ናቶም ሲ ሃቦም,hate,hate,hate,hate,hate
1486411495651041288,@USER @USER ዋላ ዋላ ዋላዩ መትሓዚ ዘይብሉ እዚ ናይ ህግደፍ ነገር። እዚ ዝበልክዮ ጥራይ መዓስ ኮይኑ? ዋላ በዓሎም ዝቀተልዎ ሰብ፥ ተሰዊኡ ኢሎምሲ ምስክር ወረቀት ይህቡ እንድዮም።,hate,hate,hate,hate,hate
1575742189132730368,@USER @USER ናይ መን ድሁል ውቃበ እዩ እዚ ኸ?,abuse,abuse,abuse,abuse,abuse
1639008662575521801,@USER @USER @USER @USER ብህግደፍ ተጀሚሩ ዝውዳእ ስራሕ የለን፣ ሐሶትን ምትላልን ጥራሕ ። እዚአ ከምዘይትትግበር 10 ሽሕ ዶላር የትሕዝ አነ,hate,hate,hate,hate,hate
1506573476429246473,@USER ናታስ ንሐማታ ድዩ ዝበሃል ሕስድና ደአ ካባኩም ዝከፈአ መን አሎ አንታ ጉሒላ ጠባንጎረቤት ሰራቂ ድስቲ ንዓዲ ዝሃበካ ሕዝቢ ዓዱ ተፍርሰሊ በላዒ ሰብ,hate,abuse,abuse,abuse,abuse
1634288771435843594,በዓል ቤታ 1ይ ዙርያ ክሳብ ሕጂ ?አብ ዕስክርና ህግደፍ ንሳ አርባዕተ?ቆልዑ አብ ጎደና ጠዓምያ ሽይጣ ደቃ ?ተዕቢ ምስ ዓበዪ ሳዋ ወሪድካ ?ዕስክርና,hate,hate,abuse,abuse,hate
1596237166954569728,እዚ እዩ እቲ ሓቂ!! እዚ ረሳሕ ውድብ’ዚ ካብ ትግራይ ምሉእ ንምሉእ ክጠፍእ ኣለዎ። እዚ ውዕለታ ዘይፈልጥ ነውራም ውድብ ከይጠፍአ ኣሽንኳይዶ ድሌትን ረብሓን፣ ዋላ ሰላም ህዝቢ ትግራ,hate,hate,hate,hate,hate
1598950028541730816,ለማዓንቲ ካብቶም ኣብዛ ፈታኒት ግዜ Nohe Minichil ሓወይ እንኳዕ ተወለድኻ ዝተረፈ ዕድመካ ምስ ሙሉእ ጥዕና ሰላምን ራህዋን ሓጎስን ደስታን ዝተመልኦ ይኩነልኻ!! ኖ,normal,normal,normal,normal,normal
1501311397791162373,ህግደፍ ድሕሪ ናይ 30 ዓመት ዘዐውት ጻዕሪ ንኤርትራ ናብ ሲንጋፑር ቀይርዋ :: ሃገር ትውንጨፍ ኣላ ንኺድ ጥራይ ! #Eritrea #ShitPFDJ #PFDJMUSTGO,hate,normal,normal,normal,normal
1636827570632024064,@USER ዲክታቶር ኢሳያስ ናይ Washington ከዳሚ ኾሎ ኣብ 90ታት ን ኣል በሽር ተቋናጽብ ዝተዛረባ ዘረባ ኔራ:: እንቁርዖብ ክንዲ ሓርማዝ ክትከውን ኢላ ብዙሕ,hate,hate,abuse,abuse,hate
1559062088009621504,@USER @USER @USER ጸማም ሐደ ደርፉ ከምዚ እዩ.,hate,abuse,abuse,abuse,abuse
1597116578717323266,@USER እዛ ባንዴራ ትግራይ ናብ ሽንቲ ቤት ክነእትዋ ኢና ፣ ነዚኣ ዘይተረደአ ምሁር ትግራይ ከይህሉ ክነጥፋአ ኢና ። ይብሉና አለው ቀሺ ገብሩ ጠላዕ #MickySpace,hate,hate,hate,abuse,hate
1623070294347767816,@USER . ብኸምኡ ሱቕ ኢልና ኣይንሓልፎን። ኣነ እኳ በዛ ብንእሱይ፣ እሞ ድማ ክንድቲ ምስ ዓበይቲ ወጃዕ በሃላይ ከይኮንኩ ብዙሕ ውልቃዊ ታሪኽ ካብ ብዙሓት ሰሚዐለኹ።,normal,normal,normal,normal,normal
1559661934856884227,እቲ ሓሳዊ ክስዕርን ክረትዕን ኣይክእልን ግን ንሓቅን ንዓወትን ኾዶናጊ ይክእል ድሕሪ ሓሶት ምፍሻሉ እዩ ሓቂን ዓወትን ድመጽእ ።,normal,normal,normal,abuse,normal
1562898887287123971,@USER አታ ሕሱር ሸያጢ ወለዱ ንሱ ደአ ሰብአይ ሰብኡት እዩ ሞትውን ተኾነ ክቅበሎ እየ ምእንተ ህዝበይ ኢሉ። በዓል ንስኻ ሸየንቲ በላዕቲ ወለድኹም ግን አብ ምንታይ ትቁፀሩ,abuse,abuse,abuse,abuse,abuse
1489317993893056516,ንሕና ተጋሩ ንህግደፍን ደገፍቶምን ኩላ ታ ዝገበርዋ እንተዘይ ሂብናዪም ኣይተጋሩን ኢና እዚ ዘይብሃል ቅትለትን ግፍዕንዪም ኣብ ልዕሊ ህዝብና ጌሮም ምሩካታውን ናይ ኤረትራ ኣ,hate,hate,hate,normal,hate
1562356177949937664,@USER @USER @USER @USER @USER ክላ ሐሽከር አምሐራይ ቆንዶፍስ ንስኻ ኢኽይ ምስ አምሐሩ ኮይንካ ትሞት ዘለኻ ዝተዋረድኻ ድርባይ ምህሽካር ስራህ,hate,hate,abuse,abuse,hate
1514792991805698054,Now this is very true ንወያነ ምምሳል ገበን እዩ ጥራሕ ዘይኮነ ስ መውስቦ እውን የኸልክል እዩ። ኤርትራውነት ዝጸልእ እንተሎ ስግር ይበል ይታሓንበብ,hate,hate,hate,hate,hate
1489318011769171968,@USER ደንቆሮ ?? በዚ ረሳሕ መልሓስኩም ስም ስውኣት ከተልዕሉ ከለኹም ቁሩብ ሕፍር ኣይትብሉን ዲኹም ??,abuse,abuse,abuse,abuse,abuse
1621610588966191108,@USER @USER ሓሳዊ! ሓሳዊ! መደናገሪ! ልዕሊካ እታ ኤሪትራ ንዕኡ ትብጸሖን፥ ይሰርሕላን!,abuse,abuse,abuse,abuse,abuse
1563596134680911872,@USER እታ መልሲ ሓጻር ኢያ። ወያነ ካብ ህግደፍ ዘፍሊ ስለዘይብሎም ! ንህዝቢ ኤርትራ ኩሎም ጸላእቱ ኢዮም።,hate,hate,hate,hate,hate
1620199028532326401,ATV: ህግደፍ ክንድዚ ብድዐን መናውራን ስለምንታይ? ዝርርብ ምስ በየነ ገ/ዝጊኣቢሄር (ውፉይ) - ዘለናዮ ሸ . via @USER,hate,hate,normal,normal,hate
1578475023937196032,@USER መርሓት ህግደፍ ይስይቡ አንበር ኣይልቡምን ድዮም ዝበሉ ለባማት,hate,hate,hate,abuse,hate
1487187118115991554,@USER @USER @USER ከምኡ ኢሉ ክሓትት እንተዝኽእልዶ ንሩዋንዳ የላግበላ ኣሎ ኢልካዮ ብሩኽ ? ናይዚኦም ርእሲ ንግዚኡ ህግደፍ ኣውሪዱ ሒዙዎ ስለዘሎ ሸለል በሎም ።,hate,hate,normal,normal,hate
1548429961609981961,ብመጋዓዝያ ኢማራት ተጠቂምካ ?እሞ ኢማራት ብትንፋስ አሜሪካ?ትምራሕ አሽኪዕናያ?አብ ትግራይ ስራዊትና የለን እንዳበለ ?አልጀዚራ ብሳተላይይት ተመሓላልፎ?ኔራ አየ ህግደፍ ያኢ ንሕና,hate,hate,hate,normal,hate
1515443316783001605,@USER @USER ናይ ወያነ ከልቢ እኮ እዩ ኔሩ መዋእሉ,hate,abuse,abuse,abuse,abuse
1560641401632825344,@USER ሃገር ኣሕሊፉ ዝብል ሰብ ጸረ ሃገሩ ኢዩ። ንህግደፍ ኣሕሊፍካ ምሃብ ግን ፈታዊ ሃገሩ ኢዩ ። ህግደፍ ቀዳማይ ጸላኢ ኤርትራን ኤርትራውያንን ስለዝኾነ። ጉዳይና,hate,hate,hate,hate,hate
1514603889680478222,እዛ ኣብ 1964 ዝተመስረተት ፡ ናይ ከብትን እኽልን ዕዳጋ ሓሙስ ስጋብ ነጻነት ጠርበስበስ እናበለት፡ ጸኒሓ። ድሕሪ ነጻነት ጽቡቕ ምዕባለ ከተርኢ ጀሚራ፡ ወያነ፡ ኢዶም ኣይስኣኑ፡,hate,hate,hate,normal,hate
1552155731008393216,@USER እዚኣ ካብቶም ብዙሓት ሕጹባት ኣእምሮ ህግደፍን ካልኦት ኣካላትን እያ። ናይዛ ጓል ዘረባ ግን እንካብ ኤርትራዉያን ኣሕዋትና እዮም ምባል ኣይምልሰንን። ስለምንታይሲ እቲ ሓቂ እዚ ጥራሕ ስለዝኾነ።,hate,hate,hate,abuse,hate
1492607900967129098,@USER ንስካ እካ ደንዝ wake up ፈራሕ ኤርትራዊ ይሓርደካ ኣሎ ኣብ ገዛካ ሕሱር,hate,abuse,abuse,abuse,abuse
1495106517829361670,@USER ዘልኣለም ኣብ ሓገዝ ዝነብሩ ማሕበራትን ህግደፍ መንደፍን,hate,hate,hate,hate,hate
1515030889528442882,@USER እዚኣቶም ወረርቲ ጨካናት አራዊት ህግደፍ ትህቲ መሬት ትግራይ ክተርፉ አለዎም። ሀደ እንኳ ከይተረፈ።ተጋሰስቲ አባግዕ ደቂ ዲያብሎስ እዮም።,hate,hate,hate,hate,hate
1500031368344092673,@USER @USER @USER @USER ሸፋቱ ናይ ሳሕል። ወያነ ተዘይርክበልኩም ነይሩ ምጠፋእኹም። ሕሱራት ፍጥረት።,hate,hate,hate,hate,hate
1511075049759035396,ክልተ ባንዳታትን ባዕዳዊያንን ፀረ ህዝቢ ብሔረ ኣጋእዚ ዝፈጠሩዎ ፖሊስን ፕሮግራምን ብውዳበ ብሔረ ኣጋእዚ (ውብኣ) ክሕምሸሽ እዩ። ሽዑ ድማ ስልጣነናን ቐይሕ ባሕርና ናብ ንቡር ክምለ,hate,hate,hate,abuse,hate
1510001352054743044,@USER ናይ ወያነን ዋሽንግተን ዲሲን ሽርሒ ?? ?ወያነ ምባል ረሲዖም እባ,hate,hate,normal,normal,hate
1506086342282907660,@USER ህዝባዊ ወያነና ዘለኣለማዊ እዩ ። ዘለኣለማዊ ዝኽርን ሞጎስን ንስወኣትና ።,normal,normal,normal,normal,normal
1548354902400765960,@USER @USER ኣፍሪቃ ብምሉኣ ብሰንኪ ኣብ ትግራይ ዓመት ዓመት ብዘጋንፍ ጥሜትን ዓጸቦን ክም ብጠዓሚ ድኻታ ክመሓየሹ ዝይክእሉ ኣህጉር ኢና ንቁጸር። ብሰንኪ,hate,hate,hate,normal,hate
1631722222908997632,ህግደፍን ህዋሓትን ዝጓሓፍሉ ግዜ ርሑቅ ኣይኮነን,hate,hate,hate,hate,hate
1582814300540129281,#እግዚአብሔር ትማሊ ዘይብሉ ቀዳማዊ ሎሚ ዘይብሉ ማእከላዊ ጽባሕ ዘይብሉ ድኃራዊ ዝኾነ ንዘመኑ ስፍሪ ዘይብሉ ጥንታዊ እዩ። ድኻም ብዘይብሉ ንዅሉ ዝፈጠረ እዩ ዓቐን ዘይብሉ ናይ ምሕረ,normal,normal,normal,normal,normal
1491315300326805504,@USER @USER በላዕ ሰብ ንስኻ ኢኻ !! ድማ ሓሳዊ እዚ ቑጽሪ ሰብ ዝተቐትለ . ክትከፍላሉ ኢኽን እዘን መጣቓዕቲ: ልቢ ገዚእክን እንተዘይተነሲሕክን !!,hate,abuse,abuse,abuse,abuse
1651141791435874304,ኤርትራ ህዝባን መንግስታን ንምፍልላይ ኣመሪካ ኤሮጳን ብዓቕማ ከዳሚት ወያነን ዘይኣለምዎ ተንኮል ኣይነበረን። ሓድነት ህዝባ ቅያ ሓደ ልቢ ቅያ ስጡም መስርዕ ስለዝኾነ መሰናኽላቶ,hate,hate,hate,hate,hate
1498414522801037314,ናይ ህግደፍ ዕሽነት! ኤርትራ ኩሉ ግዜ ኣብ ተኣፋፊ ዞባ እትርከብ ሃገር እያ። ካብ ኢትዮጵያ ድማ ዘይዓርፍ ቶክታኹነት ኣለዋ። ንምንታይ እዮም ናይ ሃገር ጸጥታ ኣብሓደጋ ብምውዳቅ ንስ,hate,hate,hate,normal,hate
1500967101372194821,@USER @USER @USER ሕጂ እኮ ጭው ዝበለት ፍሽሽታዊት ህግደፍዊት ?? ምኻና ፈሊጥናያ ::,hate,hate,abuse,abuse,hate
1607192178736128003,ህግደፍ መንደፍ መበሊና እኮ ነዚ ወዲ ከምዚዩ፡ ወዲሓወቦይ። #Eritrea #Ethiopia #Tigrai,hate,hate,hate,hate,hate
1514106234735153152,ወዲ ዛርቲ፡ ኤርትራዊ እምበር ብስምካ እኮ ኣይጽዋዕን የ ! ኣነ ክግምጥለካ ኔርኒ ሰነፍ።,abuse,abuse,abuse,abuse,abuse
1493673719025307649,@USER ተመስገንካ ፈጣሪ ፍፃመ ባንዳታት ትግራይ ዘርኣኻና.ናይ ሽዋ ካልሲ ኣብረሃ ከመይ እሞ.ትግራይስ አይትረገፃን አንታ ከዳዕ,hate,hate,abuse,abuse,hate
1513986081263337484,@USER @USER ዘይተዓደለ ህዝቢ። እምበር ከ ሕልና ኣለዎም ድዮም መራሕቲ ወያነ። ውግእ ክንቅጽል ኢና ኢልካ ዘረባ ኣሎ ፍርቂ ሚልዮን መናእሰይ ኣ,hate,hate,hate,normal,hate
1613281965746147344,@USER @USER ኣብዚ ዘለናዮ ዘመን ምስ ዓማጺ ምውጋን ኢዩ ስግድግድ ከብለካ ኔርዎ፡፡ ምስ ጸረ-ኩሉ ዓይነታት ምዕባለ ዝኾነ ህግደፍ ብምውጋንካ ኤርትራ ካብ መ,hate,hate,normal,abuse,hate
1509956233956139014,ፀገም ዝሕታለ ኣእምሮ ዘለዎም ወገናት ብኽባን ዕፅዋን ፋሽሽታውያን ንዓፀባን ጥሜትን ተቃሊዖም ከምዝርከቡ ወለድን መምህራንን ገሊፆም፡፡24 መጋቢት ብብርኪ ዓለም መዓልቲ ዝሕታለ ኣእምሮ,hate,normal,normal,normal,normal
1646691221396418561,@USER This a pure lie . Look at their boots.እቲ ሓሶትስ ባህላዊ ጨዋታ ጌርኩሞ ደቂ ሓሳዊት ማለሊት። ጁንታ ንተጋሩ ሓሶት ጥራሕ ኢያ ኣውሪሳትኩም።,hate,hate,hate,abuse,hate
1477860807346200578,@USER TDF አብዚ መራሂ ጃንዳ ወያነ ጭፍራ ወያነ ኩሉ ኪሳራ እዪ today is not 1991 ሲልኪ ወያዳ ወስ ተወገር ማለት ነው በሱማልኛ,hate,hate,hate,hate,hate
1592410076530495488,@USER @USER ንሓሳዊ ዝድግፍ ባዕሉ ሓሳዊ ጥራይዩ!,normal,abuse,abuse,abuse,abuse
1633395581048504320,@USER @USER ካብ ንህግደፍ መንግስቲ ምባል ጉጅለ ማፍያ ባዕላ ሰሪቓ ተዳልየካ ካልእ ጸውዕ እንበር እቶም ክሳድ ህዝቢ ረጊጾም ዘለዉ ክደልዩ ባርያ ክደልዩ ጥሪት ከም ዝገበርዎ ህዝብና ፍሉጥዩ,hate,hate,hate,hate,hate
1544919936920944641,@USER ከምዛ ኦሮሞ ናኦሮምኛ ኣምሓራይ ኒኣምሓርኛ ፈረንሳይ ንፈረንሳይኛ ትግርኛ ንትግርኛ ትምልከት ላባይ ትኹን ናበይ ንኤርትራ ኣይትምልከትን . ድቓላ ዘበለ ኣንኮራ ከማን ዳኣ ይበል,hate,normal,abuse,abuse,abuse
1489307322828656640,@USER ክልቲኦም ዝፈላልዮም እስኪ ጽሓፈለይ፡ ህግደፍ ምኣስ ፈጢርዎ፡ እቲ ቅድሚ ህግደፍ ምፍጣር ዝነበረከ እንታይ እዩ፧ መበገሲካከ እንታይ እዩ፧ ብከመይከ ንስካ ካብቲ ብህግደፍ ዝተፈጥረ ኤርትራውነት ናጻ ኾይንካ፧,hate,normal,normal,normal,normal
1562329294327926791,@USER @USER @USER @USER ጊስ ቆንዳፋ ሓሳዊ 8ውርሒ መልእ ፀረ ሰላም ዝብልካዮ ነዚ ከይምፅእ ቅድም ለፍሊፎም ደኪሞምን እዮም ንስኻን ከማኻን ዝበሉ ደም,abuse,abuse,abuse,abuse,abuse
1577022204981628930,ንፈለማ ግዜ ሓውን ማይን ንጥፍኣትኩም ሓቢረን!! ዋይ ኣነ የሕዋተይ ሻዕብያ ዓድኹምን ሓመድኩምን ከልኪሉ ንዕረፍትኹም ተጻቢኡ እኳ እንተሎ ንሕና ግን ኣብ ዝኽርናን ኣብ ቃልስናን ኣለ,hate,hate,hate,normal,hate
1578098051935219712,@USER ኣታ ባርያ ህግደፍ ግዘ ሪኢኻዮ ዶ ተገላብጦሽ ኮይና፡ገና ኣብ ጎደና ኪቅንዩ ኢኹም,hate,abuse,abuse,abuse,abuse
1607509635380183040,@USER @USER @USER ስለዚ ረፈረንዶም ብህግደፍ ዝተኣወጀ ስለ ዝኾነ ቅቡል ኣይኮነንድዩ እቲ ቀንዲ ማልእክቲ፧ ጽልኢ ኣብ ፖለቲካ ኣይሰርሕን እዩ።,normal,normal,normal,normal,normal
1496542346065948675,ERISAT: ኤርትራዊ ክቡር መንነት እዩ ፡ ብሰንኪ ህግደፍ ግን ኣብዚ ሰዓት ዝሓሰረ ኮይኑ | ኢሰያስ ተወልደ ሓላ . via @USER,hate,hate,normal,normal,hate
1552512906452926466,@USER ኣይንርስዕዖን ኢና ከነዘቱዎሎም ኢና ንውሉድ ወሎዶ ሎሚ ኤርትራዊ ከም ቀደም ኣይምሰልኩም ሸለል በሃላይ ኩሉ ታሪክዞም ረሳሓት ኣብ ልብና ኣሎ ኣይረሳዕናዮን ?? (ስውኣትና ወቱሩ ኣብ ልብና ዓወት ንሓፋሽ!!),hate,hate,hate,abuse,hate
1482792597684953090,ኣነ ካብ ዝሓምም፡ሓደ ዓመት ገይረ።ዋላ ሓንቲ የብለይን።ወዲ 7 ድኻ።እንታይ ኣሎኒ፧ መሐከሚ ስኢነ፡ኣብዚ ኮፍ . ኢለ ዘለኹ።ክሳብ ዝመወት።ምስ ደቐይ ኣብዚ ተደፊነ። መን ኣሎኒ ንዓ,normal,normal,normal,normal,normal
1542949223896850434,ATV፡ ህግደፍ በላዒ ታሪኽ ደኣምበር ሰራሒ ታሪኽ ኣይኮነን - ታሪኽካ በሊዕካ ሓድሽ ታሪኽ ኣይውለድን እዩ,hate,hate,hate,hate,hate
1635054445489979393,@USER ሻዓ-ብየኛ ብላሻ! ናይ ጣዕሳ መሊእካ ናብታ ትምጥነካ ውድብ ምምላስ ኣይምሓሸካን፧ረሲዒካዮ ድኻ ኣብ ኤስብኢስ ዝተዛረብካዮ፡ንህዝቢ ኤርትራ ዘየርብሕ ናይ እሰያስ ኩናት,abuse,abuse,abuse,abuse,abuse
1487377447758835712,ኢሰያስ ኣፈወርቂ . ድቓላ ወዲ ሻርሙጣ . ኢኻ ግን . ግዶውን ሙሳ ሓሳዊ ኣብትጸሓሉ ኮይስ ዶ,hate,hate,abuse,abuse,hate
1618101359185920003,@USER @USER @USER ንሶም፥ ኣስመራ ተዘይኣትየ ኢሎም። ህግደፍ ግን፥ ትግራይ ወሪሩ ኣትዩ። ሰብ ድማ ኣጋፊዑ። ኣየናይ ይከፍእ?!,hate,normal,normal,normal,normal
1516462484651225090,ንህዝቡን ማንነቱን ህይወቱ ኣሕሊፋ ንምሃብ ዘይፈርሕ ተባዕ ትግራዋይ መጫወቲ ለኽማሳት ሌባቡ ፖለቲከኛታት ኣይከውንን። ህዝቢ ትግራይ ይምስገን እምበር ኣርዑት ወፅዓን ጭንቅን ኣይሽከምን።,hate,hate,normal,normal,hate
1655358799371448321,@USER ገለ ዕደታት ግን ኤርትራ ትሕምበብ አላ እንዳበሉ እምባሕ በል መንደላይ እንዳበሉ ይዘሉ አለው። ዘይስንኻ ሑጻ ቆርጥመሉ ደቆምን ሰበይቶምን ሓቂፎም ወዲ ድኻ ናብ ግንባር ሰዲዶም ይፍክሩ,hate,normal,abuse,abuse,abuse
1554508843589287937,ኣባሳደራት ጀነራላት ህግደፍ ደኣ እምበር መማህራን ኦርቶዶክስ ተዋሕዶ ኣይኮኑን በቲ ተግባሮም ንጸውዓዮም አገልገልቲ ስርዓት ኢሳያስ ። @USER,hate,hate,hate,abuse,hate
1561151303186784256,በርጌድ ንሓመዱ ጨንፈር #ጀርመን : ንዳኬራ ግብረሽበራዊ ጉጅለ #ህግደፍ ድሕሪ ምብታኖም :ሓጎሶም ብኸምዚ??የንጸባርቑ:: #Eritrea #PFDJTerroristGroup,hate,hate,hate,normal,hate
1565056815540453377,@USER ጨራም ኣብ መኣዲ ሓሶሰት ወያነ ዕስብቲ ጠላም,hate,abuse,abuse,abuse,abuse
1629556645196955648,@USER ጎይትኦም ኢሳያስ ከኣ፣ ዓመት መጸ ወያነ ከምዚ ገይራ ንኢትዮጵያ በታቲናታ እና በለ ክሰብኽ ይነብር። ኣብ ክንዲ ሕግን ስርዓትን ናይ ኤርትራ ዝዛረብ፣ ብዛዕባ ሕገ መንግስ,abuse,hate,abuse,hate,hate
1613194238316929025,@USER @USER ንስኸኸ ትግራይ ኢልካ ህዝብኻ ንኽልተ ዓመት ዝደርበኻስ እንታይ ኢኻ ክትውስኽ?? ተኸወል ድሁል፤ ንባዕልኻ ተጎታቲ ዓረብያ ከለኻስ ንዶብና ክሕንጸጽ,hate,abuse,abuse,abuse,abuse
1539532103632752641,ህግደፍ እንተ ዘየሎ ድማ፡ኤርትራ ትበሃል ሃገር ውሕስነት የብላን። ብዙሓት ኣኽላባት ርኢናን ንርኢ ድማ ኣሎናን።,hate,hate,hate,abuse,hate
1563277784612732928,ምንቅስቃስ ንብሩህ መጻኢ ኤርትራውያን ብኣኩሉር ዓለምክካየድ ዝሕሰብፈስቲቫል ጽልእን ዓፈናን ብቀታሊስርዓትህግደፍ ብትሪ ክቃለሶ ምህላው ይሕበር እንሆሎሚ ጋዜጣዊ መግሊጺሂቡ እቶም ኣብዝ,hate,hate,hate,normal,hate
1486743906373017603,ATV: ጅምላዊ ቅትለት ወረርቲ ንንጹሃን ተጋሩ መንእሰያት ማሕበረ ዴጎ ዘርኢ ቪድዮ ካብ መንጋጋ ጸላኢ ተመንዚዑ ናብ ዓለም ዝተቓልዓሉ ሜላ ዘዝንቱ መደብ,hate,hate,normal,normal,hate
1489551053758554115,ኤርትራውያን ኣብ ዲያድፖራ ኢትዮጵያ ኢትዮጵይኣ እናበልና ክንዝምር፡ ሕሉፍ ተግባራት ኢትዮጵያን መስዋእቲ ኣሓትናን ኣሕዋትናን ረሲዕናዮ ዲና ? ንወያነ ብሓባር ኮይንና ከነጥፍእ ቅቡል,hate,hate,normal,normal,hate
1488926283891462148,@USER ረሳሓት ዓሌት ፎእ?? ኣብ ዓዲእማቶም ዶብ ተሻጊሮም ህዝባና ኣፀንቲዮምዎ ንብረትና ጉሒሎም ወሲዶምዎስ እዚ ዓብይ ብዓራይ ካዓ ሃለውለው የብል,hate,hate,hate,hate,hate
1507844902591287298,ዋላ ልኣኻቱም ዲና ኣሸጊርናኩም ኤህ ፈታዊኹም ሽግርርር ይበሎ መሳኪን ?? ዜሩ ዜሩ ተጋሩዋይ ንሕና ስራሕና ከይንርስዕ ዓበይቲ ታይ ይብሉ ይመስለኩም ክምስሉ ከለው ፀላኢኻ ሽሕ ድኹም,normal,normal,normal,normal,normal
1492568033390481409,በቶም ግፍዓውያን ወረርቲ ኤርትራ ኢትዮጰያ ሶማልያ አምሓራ ድሮናት ዓረብ ኤምሬትስ ዝተሰውኡ ሰማእታትና ኣብተን ዝተሰዉኡለን ቦታታት ዕለት ስሞም ዕድሜኦም ዝገልፅ ምልክታት ንምግባር,hate,hate,hate,normal,hate
1625226539179581440,ቆሎ ስገም በሊዕኻዶ ይቕሕርየ ሕሾት እምበር ወያነ ዶ ይስዓርየ። ደርፊ ቀደም፣ ደርፊ ቀዳሞት ወየንቲ ወለድና! #ውቕሮ፣ #ትግራይ,normal,normal,hate,normal,normal
1557485217669160960,ህግደፍ ምስ ቁዘማን?ጉራ መናብርቶም ኢያ,hate,hate,hate,hate,hate
1560011388919185410,@USER ክቡር ወዲ ረዳ እቲ ገመል ይጔአዝ እዩ እሞ ንሕና አግማል ህግደፍን ፉኖን እናነብሑ ትግራይ ሓራ ክንገብራ ኢና ትግይ ትስዕር !!,hate,hate,hate,hate,hate
1654395020709879811,@USER ኣታ ወድዛ ድቓላ እቶም ካብ ገዘኦም ዝኣሰርዎምከ??? ድሁል ወዲ ሸርሙጣ??,abuse,abuse,abuse,abuse,abuse
1483549077849743365,እዞም ኢትዮጵያውያን ልእላውነት ካርታ ኤርትራ ጊሂሶም ኢልኩም ሎሚ ተእውዩ ዘለኹም ደገፍቲ ህግደፍ : ሓቂ እንተለኩም ስለምታይ መራሒኹም ከምዚ ኢሉ ክዛረብ ከሎ ዘይትቓዎሙ ? ፈለማ ል,hate,hate,normal,normal,hate
1509279397022363652,ኤርትራውያን ተቐማጦ ዓዲ ግራት ኒወራሪ ህግደፍን ንዕጽዋን ክባንትግርይ ብሓፈሻ ብሰላማዊ ሰልፊ ይኹንኑ,normal,normal,normal,normal,normal
1561457658900660225,@USER ሓራኢ፣ ረኺብካ ኸ ሞ እንታይ ክትገብሮ ኢኻ? ልዕሊ ዓቕምኻ ኣይትዛረብ!!!,abuse,abuse,abuse,abuse,abuse
1487869665858703365,ብልፅግናን ህግደፍን ንዝበለፀ ካራ መስሓሊ ግዜ ይደልዩ እምበር ናይ ብሓቂ ድርድር እዩ እትብል እንተሃሊኻ ነብስኻ ተጠራጠር! እዞም ሰባት ካብ ሰላም ዝርብሑ ኣካላት ኣይኾኑን ከም ጫት ድምፂ ጠመንጃ እዩ ሱሶም!,hate,hate,hate,hate,hate
1503899466293817346,#ኢሳያስ ንብጸቱን ንጎሬበቱን ብሓደ ደቂቅ ዝጠለመ፣ጠላም ብሓቂ።,hate,abuse,abuse,abuse,abuse
1616495196010647569,@USER @USER Just FYI ዝሰዓርኩሞ ትግራዋይ ኮነ ወያነ የለን:: ኣተሓሳስባ ኣይሰዓርን ግደፉዎ ሞ ሓደ ኔሽን ስተይት ትግራዋይነት ነቲ ብልሓቱ,hate,normal,hate,normal,hate
1599685372631400449,ኣይሓፍርን ድማ እዩ ፡ ንስካ እንበር ዶ ፡ ተጋዳላይ ህዝባዊ ግንባር ኢካ ፡ ምኳን ኩሉ እንድዩ፡ ኣኪቡ ሂቡካ በጅባጅ ፡ድሁል ዓሻ ከም ምሁር ኣርሒቅካ ዘይትርኢ ካብ ዓሻ ምሁርስ ይድ,abuse,abuse,abuse,abuse,abuse
1571794408961609728,ኣታ መን’ዩ ንታሪኹ ዝርስዕ እንታይ ኮይኑ’ዩ ብዘይበልዖ ዝጎስዕ ከይመስሎ ንዓሻ ከይመስሎ እዚ ህዝብስ ኣብ መትከሉ’ዩ ዘሎ ሃሙን ቀልቡን’ወ ዓደይ #EritreaPrevails #DisarmTPLF,hate,hate,normal,normal,hate
1501974496185667590,@USER እስቲ በያኮ ጠይቆ ጥሜት እውን ባህላዊ ጨወታ ከይከውን? ሳሕሳሕ,abuse,abuse,abuse,abuse,abuse
1596225771760103424,@USER ኣታ ብስብስ ከዳዕ ብኸብድኻ ትዕሰብ ፈስፋስ ሓሳዊ በል ክትፈልጥ ከማኻ 1000 ክንዲ ኢሰያስ ኣይትመጹን ኢኹም ለማኒ ትግራዋይ ዘይኣቦኻስ ከማኻ ከዳዕ እዩ ዝነበረ,hate,abuse,abuse,abuse,abuse
1646075836334833666,ህግደፍ ዘራያት ኣኪቡ ገዳማትን ቤት ትምህርቲታትን ሆስፒታላትን ኣዕንዩ፣ ሰላምዊ ህዝቢ ጨፍጪፉ እምበር እንታይ ጅግንነት ፈጺሙ??? ተጋዳላይ ሄኖስ ፍቓዱ,hate,hate,hate,normal,hate
1640513115056947200,@USER @USER @USER ድኹም! ኪድ ግዳይ ሳዋ: ተረፍ ባርነት::,hate,abuse,abuse,abuse,abuse
1613747428590772224,@USER ፈቲኹም :ጸሊእኩም : ተጻሪፍኩም ተምጽእዎ ለውጢ የለን:: ከይፈከረ ኣብ ዓድኹም መጺኡ እምባሕ ዝበለኩም ጅግና ኢዮ እዚ:: ኣበይ ኣሎ እቲ ኣስመራ እንተዘይኣት,hate,hate,hate,hate,hate
1501263828809654275,@USER ኩናት ሕማም መውጋእቲ ሞት ካልእ ቑምነገር ዘይብሎም ህግደፍ መንደፍ,hate,hate,hate,hate,hate
1579748352270295041,@USER ትግራይ ዓድኻ ናይ 9 ወርሒ ጥንሳ ኣብ ምሕራስ ትርከብ ኣላ።እቲ (መዳሕንታ ወያነ) ከኣ ኣዕሚቑ ክቅበርዩ።,hate,hate,hate,normal,hate
1560193540352876549,@USER እንታይ ዳ ውፈር እምበር እስኻውን! ኣቱም ጨካናት አብ ገዛሁም ኮፍ ኢልኩም ብቶም መሳኪን ድኻታት ተፃወቱ! . ናትካ ወዲ ዓበይ ድዩ ዘሎ?!,hate,hate,abuse,abuse,hate
1638927773296107520,@USER @USER ጥሜትን ፃምን ተፃዊርኻ ብላዕሊ ቁንቡላ እናዘነበልኻ ብታሕቲ ምስ ኣማኢት ኣሻሓት ዕስለታት ገጢምኻ ምእንተ ህዝብኻን ዓድኻን መሪር ተጋድ,hate,normal,normal,normal,normal
1483000968019156996,ንህዝቢ ኤርትራ ዘዐወቶ-ሓድነቱ ቅንዕነቱ ጽንዓቱ፡ መኸትኡ፡ ቅኑዕ መሪሕነቱ፡ሓይልታት ምክልኻሉ እዩ ።ንወያነ ዘውደቖ-ጥልመት-ስርቂ-ጥረራ-ክድምና ትዕቢት-ርእሰምትሓት-ሲኦል ምኻድ እ,hate,hate,hate,hate,hate
1489669551679811589,@USER ሙሴ ስለ ምንታይ ኢኻ ናይ ህግደፍ ትብሎ ዘለኻ፡፡ ንትግራይ ትግርኚ ባይታ ስለ ዝኸለኦም? መን ኣሎ ከምኡ ገይሩ ያዕ ዝብሎም?,hate,hate,normal,normal,hate
1633230462276468737,@USER @USER ህግደፍ በላዕቲ ስብ?እዚ ኩሉ መንእሰይ አጽኒቶም?ሓታቲ ዘይብሎም አብ?ምዝናይ,hate,hate,hate,hate,hate
1597282406658355202,2/3 . ኣመል ዓሌቶም ለጠናኸሩ ደቂ ሌባቡ : ኣታ ሌባ ተይሎሙኻ! . ደቂ ሸወጥቲ ዓዲይ ፀየቕቲ ታሪኽ ህዝቦምይ: ኣታ ሸዋጢ ዓዱ ተይሎሙኻ! . ደቂ ናመዋእል ሓንሸሽቲ ታሪኽይ ፀ,hate,hate,hate,abuse,hate
1497327458412081158,@USER Say it Loud Sis !!! እዞም ሓሳዳት ይስምዕዎ። ከጥፉኡና ዝአለምዎ መጥፊኢኦም ኮይኑ። እታ ክፍእቲ ኢዶም ይረኽብዋ አሎዉ።,hate,abuse,abuse,abuse,abuse
1591533369225269248,@USER ክክክክክ ንሳ ወርቂ:: ንስኻ ሰራቂ:: መስመራ ጸይቂ::,abuse,abuse,abuse,abuse,abuse
1500561577933774858,እምነ መሰረት ምጅማር ውዳቤ መንእሰያት ህግደፍ ፍሪቦርግ ስዊዘርላንድ,normal,normal,normal,normal,normal
1488084547573108736,@USER ወያነ ፓርቲ ኢዩ ን ኤርትራ ናጽነት ዝሃበ ን ኢትዮጵያ ባሕረ ኣልባ ዝገበረ በየናይ መልክእ ኢዩ ናጽነት ኤርትራ 1991 ክንገር ከሎ ዓሳብ 1993 ሓራ,hate,hate,hate,normal,hate
1499665665921327107,#ሌባ ሌባ ኢልኩም ከም ዝኣሰርኩሙኒ ጅግና ጅግና ኢልኩም ክትፈትሑኒ ኢኹም። ሜ/ጀ/ ክንፈ ዳኘው,normal,normal,normal,normal,normal
1649437939217178625,@USER @USER ኣታ ለማኒ ሓሽከር ወዲ መድሂን ብራድ ዲሞክራሲ ድባሃል ነገር ኣሎ ኣታ ደደብ ሻዕቢያ።,hate,abuse,abuse,abuse,abuse
1561416514137374726,ተአምኖ ሊኢካ ?እንታይ ጎደለ አይትበል?ብዙሕ አለዋም?ካብ ሉኡክ ህግደፍ,hate,hate,normal,normal,hate
1550511559142559744,@USER ብመግለጺ ርእስና ሓሚምና መአዝ እዩ ክፍንጻሕ? መኣዝ እዩ ህግደፍ ዝጉሓፍ?,hate,hate,hate,hate,hate
1487131068364992525,#Tigray #ሳልሳይ ወያነ #ባይቶና #ውድብ ናጽነት ትግራይ #ተናሓናሕቲ ውድባት ትግራይ ናይ ስግግር መንግስቲ ሕ . via @USER,normal,normal,normal,normal,normal
1556641985662001154,@USER ፍርያት ህግደፍ ደኣ ኩሉ ሕማቅ ምሳኩም እንድዩ ጽቡቅ ከይተረክበኩም ኣሪግኩም ቀሪብኩም ኢኩም ደኣ ክትከዱልና በር።,hate,hate,hate,hate,hate
1479970389409218560,@USER @USER @USER @USER @USER ችድ ወዲ ሰራቂ ድስቲ። ካብ ህግደፍ ንላእሊ ናዕዲ ዝፈጥር የለን,hate,hate,hate,abuse,hate
1513009964423409665,@USER ካብ ህዝቢ ኤርትራ ዝበልዖ ዘሎ መግደፍ ህግደፍ የድሕነና . ማርያም ከኣ መውዓሊ ሜድያ እይኮነትን .,hate,hate,hate,normal,hate
1496526287577530371,@USER ደቂ ኤሬ ሽኮሪናታት ዓይኒ ሓሳድ ይድፈነልክን።ጀጋኑ ደቂ ጀጋኑ!!,hate,normal,normal,normal,normal
1509394482839568386,ማንም ትግራዋይ ዘይረብሕ ሓገዝ ኣትዩ ኢሉ ተመሰገን እባ ገለ እባ ከይብል እንተኣትዩ ዋላ ሓሶት ኣይኣተወን በሉ ዋና ዕላማና ዘላቂ መፍትሒ ክመፅእን ወረርቲ ሓይልታት ጠቅላላ ሙሉእ ብ,hate,normal,normal,normal,normal
1540914829522771968,@USER ገኒ ሓፍተይ ኤርትራ ኣብ ልዕሌና ጄኖሳይድ ፈፂማ እያ። ግን ህዝቢ ኤርትራ (ብፍላይ ኣብቲ ዶባት ዝነብር) እውን ሰለባ ናይቲ ፅንተት እዩ። ህግደፍ ሰላሕታዊ ፅንተ,hate,hate,hate,normal,hate
1486958886477344771,እዞም ነውራማት ደገፍቲ ህግደፍ ብኹሉ ሰብ ክፍንፈኑ እዩ ዝግብኦም ኔሩ። ኩሉ ሰብ ድማ ዓገብ ክብሎም ምተገብኤ።ግን ተገልቢጦም ንሶም ከፈራርሑ ይርአዩ። ሕብረተሰብና እንታይ እዩ ወሪ,hate,hate,hate,abuse,hate
1478186758055546882,ህግደፍ ኪዛረብ ኮሎ ብጠዓሚ ተዳነጋጻይ ኮይኖም ዝቀርቡ ኢዚኦም ልቦም ብመቅዝ ገርካ ኢኻ ትቅምቅማ,hate,hate,hate,abuse,hate
1608025686433988608,@USER @USER ስዒርኩም?! በጃ እቶም 800ሺህ ተደፋእ::ሕልኩስ ለማኒ::,hate,abuse,abuse,abuse,abuse
1556302367859113984,እነሆ ድማ ከምታ ዝፈራሕናያ ኩለን ፈሺለን ተሪፈን። ህዝቢ ትግራይ ካብ ፈጣሪ ወፃኢ ማንም ከዋኒ የብሉን። ሚኢቲታት ህፃንት ትግራይ በቢ ዕለቱ እንዳረገፉ ከም ሰይጣን ኣብ ልዕሊ ሬሳ,hate,normal,normal,normal,normal
1564359647166795776,ጭርሖ ወያነ ትግራይ ትስዕር ኣብ ልዕሊ መን እዩ ክስዕር: ኣብ ልዕሊ ፋሽሽቲ ኣብይ ዝብሎ ዋላስ ነቲ ኣምሓራይ እዩ ጸላኢና ትብልዎ ዋላስ ነቲ ሓጋዚኻን ኣብ ስልጣን ኮፍ ኣቢሉ ዝኽ,normal,normal,hate,hate,hate
1628620822863650816,@USER ህግደፍ ንኢትዮጵያ ክትጥቅዓ ከላ ደጊፍካያ፡ ሎሚ ክትነብዕ ኣይግባእንዩ፡ ኮፍ በል ተዛነ።,hate,hate,normal,abuse,hate
1589702102083072000,ዳህግደፍ ለለ ናይ ኣምሓራ ተጣባቒት ኮይና መፂኣ ! ወይ ጊዜ,hate,hate,normal,normal,hate
1497728830999564292,@USER ወያነ ጥርዚ ድንቁርና,hate,hate,hate,hate,hate
1611415199973523462,@USER ችድ ሓሳዊ ፈላማይ ኣራዊት ሰራዊት ኤርትራ ካብ ዓድና ክወፅእ ኣለዎ ንሕና ምስ መንግስቲ ፌደራል እምበር ምስ ኣረመኔታት ርክብ ክህልወና ኣይንደልን Period.,hate,abuse,abuse,abuse,abuse
1508119481285070849,ጉጅለ ሽፍታ ህግደፍ ንኤርትራ ስማ ኣህሲሱ ክሸጣ ይፍትን : ኤርትራዊ ተቐዳዳማይ ብሽክለታ ቢንያም ድማ ዓወት ኣብ ልዕሊ ዓወት እንዳተጓናጸፈ ስም #Eritrea የድምቕ!!! Thx????,hate,hate,hate,normal,hate
1611441000609681440,@USER @USER ሱቕ በል ሓሳዊ ከማኻትኩም እዩ ዝመስለኩም ኩሉ ሰብ ሰራቒ ከምቲ ሕውሓት አብ ልዕሊ ኤርትራውያን ሃፍታማት ሰጒጓ ዝዘረፈቶ ንብረት አብ አዲስ ብ1998,hate,hate,abuse,abuse,hate
1653492175450132489,100 እዞም ገለ ገለ ድያስፖራ ተጋሩ ኣብ ቲክ ቶክ ተኣኪቦም ኣንጻር ደለይቲ ፍትሒ ኤርትራውያን ክዓፍሩ ዝውዕሉ ተጋሩ ካብቶም ተበለጽቲ ጥሪት ህግደፍ ፈልየ ኣይሪኦምን::,hate,hate,hate,hate,hate
1614286855981121537,@USER @USER @USER አልግስ ረሳህ ሌባ ! አብ ገዛይ መፂኻ ምስ መላፍንትካ አምሃሩ ን ደቂ ደርጊ ትሰርቅ ትእምፅን ትቀትልን ዘለኻ,hate,abuse,abuse,abuse,abuse
1533566450039922688,ኣብ ማሕዩር ባንክ ብመንግስቲ ጀርመን ተኣሲሩ ከሎ ሕብረተሰብ ኤርትራ ኣባል ተዋህዶ ቤክ ከም ለማኒ ዘይኣመሉን መንነቱን ኣብ ዕዳጋ ምውዓሉ ኢዩ። ስለዚ ኩሉ ምእመና ን ኣባልን ማህበ,normal,normal,normal,normal,normal
1545855112085733379,@USER ተፈንፊኖም እንድዮም እዞም ባሕታውያን ህግደፍ - ደቑ ከምልስ እዩ መጺእዎም ዘሎ፡??,hate,hate,hate,hate,hate
1635488446658621440,@USER @USER ኣንታ ደቂ ዞም ባራዩ ንስኻ ሰብ ኮይንካ። ንኣድኻ ዘይኮንካስ ብዛእባ ኻልእ ኣዲ ሃለውለው ትብል። ሙኻን መውአሊ ሲ ኢንካ እንዲኻ,abuse,abuse,abuse,abuse,abuse
1602142961759682560,@USER ጸማም ሓደ ደርፉ: ንሰላም ዕድል ሃብ: ንኤርትራ ከተፍርሱ ምስ ዘይጽጋዕ ተጸጊዕኩም ን25 ዓመት ዝፈጸምኩሞ በደል አብ ልዕሊ ህዝቢ ???? ኣይርስዓን እዩ: ካብ ሃይለስ,hate,hate,hate,abuse,hate
1654633338412433409,@USER @USER ቦግ በሉ ክሓልፈልና ኩስትር በሉ ርኹሳት ህግደፍ ዛዓለምና ሰላም ክትረክብ,hate,hate,hate,hate,hate
1514155649784983560,@USER @USER @USER @USER ስራሕኩም ግናይ ተግባራትኩም ግናይ ፉንፉናት ህግደፍ,hate,hate,hate,hate,hate
1543670286226169856,እንዳ ዮሃንስ እስጢፋኖስ መበል 40 ዓመት ዕለተ መርዓኦም ኣብ ካርቶም ኣቢዕሎም። ኣቱም ሰባት ህግደፍሲ ንህዝባ እሳት ዝኾነት ሃገርኮዩ ፈጢሩ፣ ህዝበይ ፈቖዶ ካርቱም፣ ኣዲሳ ኣበባ፣,hate,hate,hate,hate,hate
1647417504396877824,@USER @USER እዛ tweet #ንኤርትራውያን እምበር #ንዓጋመ ንውላዱን ኣዲኡን ዝዕምጽ ረሳሕ ፍጡር ናይ ዓለም ኣይትምልከቶን ኢያ ሸተት ኢልካ ኺድ ????,hate,hate,hate,normal,hate
1517933134045667328,ATV: ኣብ መሪር ስቓይ፤ ዝተዓወተ ኣፍቃሪ፤ መልእኽቲ ትንሣኤ,normal,normal,normal,normal,normal
1625585640694767638,እቲ ትደልዮ ምግባርን ኣብ ስልጣን ምጽናሕን ዝብል፡ኡኩይ ሓሳብ ግብረሰደማዊ ኢሰያስ ኢዩ # ካብዚ ብዝተፈልየ ሽርሒ ህግደፍ እንተሎ ከኣ፡ኤርትራ ክንብል እንከሎና እታ ኣስመራ ምዃና ክነግር ኣይደልን።,hate,hate,hate,abuse,hate
1616098936627806208,@USER ጸማም ሓደ ደርፉ ዝሰምዓካ የብልካን ስቕ ይሕሸካ ሓሶትን ስርቅን ናትኩም ኣመል እዩ,hate,abuse,abuse,abuse,abuse
1525250746803003393,@USER ከበሮ ህግደፍ፡ ኣባል ባህላዊ ጉዳያት ህግደፍ ኣብ መዳይ ፕሮፖጋንዳን ሕጽበተ-የእምሮን : ንዓኻትኩም ንምድኻም ዘገልግል ።,normal,hate,hate,hate,hate
1644764785311899648,@USER @USER @USER ክክክ ካብ ባርያ ናይዚ ብዕሉግ ፈጣሪኹም ኢሰያስ ምዃን ከምዚ ትብሎ ዘለኻ ይሓይሽ ።,hate,abuse,abuse,abuse,abuse
1515340060903841796,ኣየ ጃህራ ብለመና ክትብል ኢልካ ዲካ ብቅልጽም ዝመጸ ኣይራኣናንን ብፈኸራን ጃህራን ግን ዓለም ኣጸልሚትኩማ ብቅልጽምና ኣየ ደቂ ጁንታ ለሚንካ ረዲኤት ተአቱ ዘለካ ለማኒ ሲ ቅልጽምና ሓሰውቲ,hate,hate,hate,hate,hate
1492914996342398977,ኣጀንዳ ኣይተሃብና ሽርሕን ሽጥረን ንፈልጦ ኢና:: መስዋእቲ ኣሉላ ኣባነጋ እውን ኣብ ግዝኡ ኣክብርናዮ እና!! ቀዳማይ ወያነ እውን ኣብ ግዝኡ ኣክብርናዮ እና!! ብዕሉ ግዜ ኣለ,hate,normal,normal,normal,normal
1596796437458624513,@USER ኣታ ልኽባጥ ሓሳዊ ስዴቴና ስዴቴና ዝገበረካ ተ/ጋ መስፍን ኣይ ኮነን እዛ ርምስቲ እሰያስ(ለቲና) ሑካር እያ ከም ትስደት ዝገበረትካ ። እሰያስ እያ ዝህዝብና ኣሳዲዱ ተ/,hate,abuse,abuse,abuse,abuse
1506528707044954114,ጉጅለ ኣብይ ኣሕመድ ዘተ ሰላም ብዝብል መተዓሻሸዊ ተኸዊሉ፤ ኣብ ዘቃፅለን ዘሎ ሕድሕድ ሰዓት፤ ህዝቢ ትግራይ ከቢድ ናይ ህይወት ዋጋ ይኸፍል ኣሎ! ተስፋ ኣብ ዘይብሉ ዘተ ሰላም ተ,hate,normal,normal,normal,normal
1614091323790721025,@USER ትሓተቲ እታ ኲናት ዝጀመርት ግብረሽበራዊት ጭፍራ ወያነን ጎይቶታ ምዕራባዊያንን ሕሱራት ደገፍቶም ከም ኣማኒኤል ሓሳዊን ኢኹም። እዘን እንስቲ ካብ ፈረንሳን ጀርመንን ዝ,hate,hate,hate,hate,hate
1512660686295519240,@USER Dantheone921 ረሩ ኣፀቢቅካ ከኣለን ኢካ ብዘይ ርድኢት ሓሲካ ንምፅላም ክጥዕመካ ጦስጣስ ሓሳዊ ወዲ 7 ኣድጊ ናይ ናይ ተጎጅልካ ምፅላካ ዋጋ ከክፍላካ እዩ,abuse,abuse,abuse,abuse,abuse
1653098334830362625,@USER ህወሓት ስንፍናኺ ናብ ካሊእ ምልካክ ግደፊ። ኣንቲ ጨናዊት በድን ዝኾንኪ ውድብ ጥልመት።,hate,hate,hate,hate,hate
1640160581213892610,@USER ታሪክ ናይ ስብሃት ንመዛካከሪ። ዝሰረቆ ገንዘብ ኢትዮጵያ ናብ ሕክምና አብፂሒዎ ምሽክን መንእሰይ ትግራይ ከም ከልቢ አብ ኩሉ መሬት ኢትዮጵያ ምግቢ አዛብእ ኮይኑ,abuse,abuse,abuse,abuse,abuse
1621597035236311042,@USER ኣንተ ባለጌ እናቴ በንዳንተ ዓይነት ሚንቶም ካብ ትበሃል ናይ ጣልያን ሓሽከር ዝነበረት ወዲ ሰ ቲ ዝተወለድካ ባንዳ ዓድኻ ኮነ ዓውድኻ ዘይፍልጥ ሽምካ ኣናውን ኢልካ,abuse,abuse,abuse,abuse,abuse
1572887747303735296,ኣብዚ ኒኦ ድሁል መቐለ ዩኒቨርስቲ እየ ልፈልጦ። ርኡይ ልኾነ inferiority complex ነይርዎ። ብጣዕሚ እዩ ለሕዝነኒ ነበረ። ዓርሰ ምትሓት ህንደየናይ ርሕቐት ክወስድ,abuse,abuse,abuse,abuse,abuse
1566363460165853184,ኣብ ዓለም እና ነበረ ምንባር ዝተሓረሞ መሲኪናይ ህዝብና። ኣብ ገዛእ ሩስቱ ዝሓሰረ ህዝበይ። ህግደፍ ጸረ ኩሉ ፉጡር ኢዩ ኣብ ምጥፉኡ ተራ ኩሉ ሰብ ክከውን ይግባእ።,hate,hate,hate,hate,hate
1616555077581393934,@USER ሱቕ በሊ ሓሳዊት ነቶም ን ህዝብኺ ዘጥፍኡ #ሕዉሓት ሕተቲ,hate,abuse,abuse,abuse,abuse
1492968163176288262,Mestyat Betna | ዓሻ ደሓን ኣሎ: ዘመድ ዓሻ ግን ከፊእዎሎ! via @USER,normal,normal,normal,normal,normal
1514304985890181133,@USER @USER ኣብዛ ዓለም ከም ጭፍራ ህግደፍ ሓሳድን ቀናእን የለን ??,hate,hate,hate,hate,hate
1650763129624616960,@USER ምንጪ ሓሶትካ ሓሳዊ ዘፀኣት ዝብሃል ወዲ እዩ። ብዝኾነ እዚን ሓሶታት እንዳበተንኩም ንትግራይ ኢኹም ትጎድኡ ዘለኹም። ባንዳታት ፒፒ ሎሚ ውን ካብ ሕሉፍ ጌጋኹም ክትመሃሩ ኣይትደልዩን።,hate,abuse,abuse,abuse,abuse
1543087881601826817,@USER @USER @USER ዓሻ ግርም ኣሎ፡ ሓው ዓሻ ግን ከፊእዎሎ,normal,normal,abuse,abuse,normal
1622676734863675396,@USER @USER ዓሻ ወዲ ዓደይ ክሪኢ ከለኹ ይሓዝን።ኣነ ኣድጊ ኣይኮንኩ በቅሊ ኣይኮንኩ ። ከምኡ ዓይነት ትግራዋይ ኣሎ ኢለ እውን ኣይኣምንን ስለዚ,hate,normal,normal,abuse,normal
1556393381319872513,@USER ሓድሽ ስም ኣለዎም ?ብዓል ብጫ ኣልጫ?ንኸብዶም ዝተዓስቡ ብምርጫ?ከምቲ ሃላይ ብዕራይ ሳዕሪ ሪኡ ዝጸድፍ?ናብ ገደል ናብ ጫካ?ደምበ ፍትሒ ዘይ ኮኑስ ደም,hate,abuse,abuse,abuse,abuse
1631918481741434883,@USER @USER @USER @USER እወ ! ከዳዓት እንተዘይኮኑ ብናይ ኢትዮጵያ መንገዲ ኣየር ኣይምተጓዕዙን! ጽቡቕ ገበርዎም !,hate,normal,hate,hate,hate
1502934752105484291,@USER @USER @USER ፈለማ ኣብቲ ትብሎ ዘላ ቦታ ከምዚኣ ጓሓፍ የለን:ኩሉ ተጋሩ ኣሕዋቱ ምኻኑ ፈሊጡ:ንዊዲታት ሽፍታ ህግደፍ ኣፍሪሱ,hate,abuse,abuse,abuse,abuse
1562686256852893696,እቲ ሰራቂ ምድሪን ባህልንሲ ሰራቂ በለ:: ወይ ጉድ::,hate,abuse,abuse,abuse,abuse
1645492719547203584,@USER @USER ህግደፍ ዓድ ዊዕል?ደ/ ሱዳን ዘባረርዋ ህዝቢ ?ኩራዕ ኤርትራዊ ይብልዋ ?አበይ አብ ደቡብ ሱዳን ?እዛ ድሕሪ ኤርትራ ናጽ,hate,hate,hate,normal,hate
1492929513986179077,Dr . Hagos Abrha Abay ትግራይ ካብ ዘፍረዮቶም ሙሁራት ታርኽ ታሕቲ ወርዱ ሓድግታቱ ልእክብ ዕድመን ጥዕናን ይሃብካ ወድናይዋ እንኳዕ ተወለድኻ!??,normal,normal,normal,normal,normal
1517069119421562884,ተስፋሕፋሕትን ወረርቲ ሓይልታትን ህዝብና ቀቲሎም ኣፈናቂሎም ንብረት ምዕራብ ትግራይ ብዘምቁራፅ ንልዕል ሓደ ዓመት ብከምዚ ናብ ጎንደር ኣስመራን የጉዕዙዎ ኣለዉ! መንግስቲ ትግራይ ብ,hate,hate,hate,hate,hate
1490221525877805057,@USER ህግደፍ ብትግርኛ ትዛረብ ምንቅስቓስ ሕብረት ምስ ኢትዮጵያ ክክክክ ደጊም ዕርቃና ወጺኣ እያ።,hate,hate,hate,normal,hate
1506555623642648582,100 ዓናዝር ተጋሩ ናይ ሻዕብያ ሰላሊ retweet ባዶ 03 ናይ ሻዕብያ ፈዳያን ሓሳዊ መጀመርታ ናይ ኤርትራኻ ግበር !! ኣብዘን ዝለጠፍካዬን ዋላ ሓደ ብጌጋ Retweet ዝገበረ,hate,hate,abuse,abuse,hate
1509056418565038080,ኣረጋዉያን ህጻናትኣደታት ዓይኖም ዘይተበረሆምወያነ ብግፍዒ ዘባረሮም መን ክርስዖ ከምዚ ሎሚ ወያነ ካብኣዲስ ከምዘይሶጐገት ንባዕላ ተሶጒጋ ፈቀዶ በረኻታት ብጥምየትን ድርቅን ተሓሊባ ጌ,hate,hate,hate,hate,hate
1505434805126766593,@USER ሓሰውቲ ን27 ዓመት ብሰንኪ ዝምቡዕን ጎልሓጥን ፖለቲካዊ ኣተሓሳስባኹም መስተይ ኣግማይ ይኩን ኢልኩም ተሓሲምኩም ናብ ጁቡቲ ከም ዘይወገንኩም ሕጂ ብዛዕባ ተጠቓ,hate,hate,hate,abuse,hate
1647512152041984000,ንምንታይከ ነቲ ሕያው ኣብ ማእከል ምዉታት ትደልያኦ ኣለኽን፡ ንሱስ ተንሢኡ እዩ፡ ኣብዚ የለን። (ሉቃ24፥5) እንኳዕ ንብርሃነ ትንሣዔኡ ብሰላም ኣብጸሐና,normal,normal,normal,normal,normal
1500904978789146632,እቲ ሕጽቦ ብጽቡቕ ኢዩ ዝሰላሰል ዘሎ! ናይ ጸላእትኻ ኣውያት ብኽያት ሓዘን ሞት ጥፍኣት ጥምየት ጽምኢ: ክትሰምዕ ኮለኻ:እዚ ከብድኻ ሓቦጭቦጭ ዘይብለካ።ምኽንያቱ ብሰንኮም ብሉጻት የሕ,hate,hate,hate,hate,hate
1636672497117429762,@USER እታ እንኮ ሕጊ መንግስቲ ዘይብላ ሃገር ሓንት ER TV Chanel ሓኒቲ ሓዳስ ኤረትራ ጋዘጣ ሓንቲ ራድዮ Chanel ሓንቲ ፖርቲ ህግደፍ Internet ዘይፍቀ,hate,hate,hate,normal,hate
1569210692754092033,@USER ህግደፍ ቤተ-ክርስትያን እንዳዓጸው ኣቀሽቲ እዳኣሰሩ ከመይ ገሩ እግዚኣብሔር ክባርካ።,hate,hate,hate,normal,hate
1511398092905623552,@USER ውሑዳት ረሳሓት ሓንጎል ብጨቅ ዘብሎም ስለ ዘይተሳእኑ፡ ንቅሓቶም ትሕቲ ዜሮ ምክኑ ዩ ዘርእየካ።,hate,hate,abuse,abuse,hate
1632757598666588161,@USER ዋጦት ህግደፍ ?ንሕና ንሱ ?ትም ቅርጥምጥም?ገሊአ ከአ ሕሽኩሽክ?ተካል መርገም ?አምስሉ ዝኾነ ወለዶ,hate,hate,hate,hate,hate
1591295764231491585,@USER @USER 200 ጥራይ ኣይኮኑን፥ 500 እዮም ኣጸቢቕካ ሕርር በል - ሓሳድ ዘርኢ ጁንታ። ሶማልያ ከፊላያ ተሰልጥኖም ዘላ፥ ሻዕብያ ዘይፈልጥ ንባ,hate,hate,abuse,abuse,hate
1512824820156747780,@USER @USER ህግደፍ መሃይም ደንቆሮ ህዝብኻ ዘፅንት መንግስቲ እንዳደገፍካስ ሞራይ ሃልዩካ ስለ ዩክሬን ክትዛረብ,hate,hate,hate,abuse,hate
1619119713056948224,ፋሽታዊ ስርዓት ኣርዮስ ህግደፍ ሎሚ ዓቅሊ ጽበት እታ ናይ መወዳእታኣጥፊእካ ጥፋእ ጉድጋድ ይኩዕታ ኣሎለካኪሙ ዓዕሉ ዝቅበረላ ድማ ፍሉጥ ኢዩዘዕበካዮ ከልቢ ኣይከስካ ኢዩ ነገሩ።,hate,hate,hate,hate,hate
1611589553860612096,ንምንታይ ኢና እባ ኣምሓርኛ ነብዝሕ ዘለና ትግርኛ እንዳኻኣልና? ኣሻብኩም ኢኹም ኣጠቢብኩም??,hate,hate,normal,normal,hate
1593342246706987011,@USER እንዳ ህግደፍ ሽም ሰብ እንተፀሊምኩም ዝሃፍተምኩምን ዘሸነፍኩምን እዩ ዝመስለኩም፡ነዙይ ዉን እዩ ክሳብ ሎሚ ሓንቲ ዩኒቨርሲቲ . ሰ ቕቲ አንስቲ አፍሪኩም።,hate,hate,hate,hate,hate
1577919834586857473,@USER @USER @USER @USER @USER @USER ትንፋስ ኣየድልያን ኢዩ ነዛ ከዳሚት ስርዓት ብለዓልን ተሓትን ሓዊ ምዝረኣ ኢዩ,hate,hate,hate,abuse,hate
1640927113342599170,@USER ህዝባዊ ህንባርን ህግደፍን ፍልልዮም ከም ብርሃንን ድቕድቕ ጸልማትን እዩ::,hate,hate,hate,normal,hate
1493535745193254912,@USER ክድርናኻ ክሳብ ኢሳያስ ዓጋመ ዝከይድ ዶ ክትሳግመላ ኢካ ድሕሪ ኢሳያስ ግን ነተን ደቅኻ ዶ ኸም ጨው ክበልዐን ዩ ናዓኻ ካአ ሞ ዕምርካ ከሕጽሮ ዩ ።,hate,hate,abuse,abuse,hate
1489785519869509632,@USER ከብድኻ’ዶ በሊዑካ እዚ ኣድጊ፧ ምድራፍ እንተዘቋርጽ’ኳ ዓርኪ ኣይምስኣነን ????,hate,hate,abuse,abuse,hate
1496157565389918213,@USER ቃንቃ ህግደፍ ናይ ሳላሳ ዓመት፣ ወየነ ወያነ. . ወያነ ዝሀነጾ አብ ትግራይ ዘይኮነስ አብ ኩሉ ቦታ ናይ ኢትዮጵያ የዕንይዎ። መሬት አምሐራ ብሱዳን ተዎሪሩ። አይእ,hate,hate,normal,normal,hate
1514733424954728450,@USER እዚኦም????ግዳ ታሪኻውያን ጸላእትና:እቲ ንኤርትራ የመሓድር ኣለኹ ዝብል ሸፍታ ህግደፍ ነቶም ኣብ 2013 ኣብ ላፓዱዛ ዝጠሓሉ ኣሕዋትና ኣብቲ ፈለማ ክኽሕዶም ፈቲኑ ነይሩ:,hate,hate,hate,hate,hate
1513583506961616899,@USER ዲፕሎማሲ ጉጅለ ህግደፍ መዓልታዊ ኩነታት ኣእምሮ ኢሳያስ እዩ ዘንጸባርቕ።,hate,hate,normal,normal,hate
1617228943496732672,@USER ዕርዳታ ዝመፀ ከብትግራይ እየንዳወሰድኻ ዓዲ አምሓራ ትሸጥ ዝነበር ኻ ባንዳ ብምንታይ ሞራል ህወሓት ትፃረፍ ወዲ ጋህባ ??,hate,abuse,abuse,abuse,abuse
1488452259331592193,@USER @USER ቡና ኣይንብልን ኢና ጽያቅ ወያነ,hate,hate,hate,abuse,hate
1500174931765645320,@USER @USER @USER ኣቲ ዓጋመ አርትራ ዛንክስዮን ትኹን ኣይትኹን ንዓኹም ክትቡቅጾኩም እያ ??,hate,hate,abuse,abuse,hate
1487347529020760072,@USER @USER ንዓይ ዲኻ ነዚ ትግራዋይ ኢኻ ጀነራል ፍሊጶስ ክክክክ,normal,normal,abuse,abuse,abuse
1488625337797853189,@USER @USER @USER Add ቡን to the list not ቡና . ክንድያ እደ : እንታይ ዓይነት ገልዳም ሓሳዊ እዩ ::,abuse,abuse,abuse,abuse,abuse
1545338115350581248,ንዝምልከቶን ዝርድኦን። እቲ ገንዘብ ተኣኪቡ መናውሒ ዕድመ እቲ ዓማጺ ስርዓት ኢዩ።??ኣገዳስን ህጹጽን ጸዋዒት ኣብ ፈስቲቫል ህግደፍ ክትሳተፉ ትሓስቡ ዜጋታትና - ምንቅስቓስ ይኣክል,hate,hate,hate,normal,hate
1491684289284431873,@USER ኣነ ኣብ ቃልሲ ህዝቢ ኤርትራ ኢለካ ተጋድሎ ሓርነት ዎን ወሲኽካ። ኣብ ህግደፍ ዘሎ ኣብ ህግ ዘይነበረ የለን ሓቂ። ግን ኣበ ህግ ዝነበረ ኣብ ህግደፍ ዘየለ ኣ,hate,normal,normal,normal,normal
1491254762398162945,@USER @USER @USER @USER ብጭሮሖ ኮይኑ ህግደፍ ዝሰዓር ወይ ድማ ብጥምረት ናይ ክልተ ሐንካሳት።,hate,hate,hate,abuse,hate
1575405147823316994,Erisat ሓሳዊት ሚድያ ሕሉፍ ሓሊፍኩምሲ ናብ አዴታት ኤርትራ ድማ መጺኩም እሞ አዴታትና ዳአ ዕጡቃት ታዓጢቀን ዝዕጥቃ እንድየን ብናታትኩም አፍ ዘይላዓላ ተስፋ ሙቁራጽ ዘይገብሮ የብ,hate,hate,abuse,abuse,hate
1538740878088478720,@USER እሱስ እሱን እስካን ወያነን ኩልኩም ሓደ ናዓና መንድዓት ሃገርናን ህዝብናን,normal,hate,hate,hate,hate
1649142893313945627,@USER ስቅ በል ደንቆሮ ፋራ ንስኻ ብዛዕባ ምስልምና እንታይ ትፈልጥ ሓሳዊ,hate,abuse,abuse,abuse,abuse
1536967828544405504,@USER @USER ኣበይ እሞ ኢሉዎ ሓደ ሓተላ ዘይረብሕ ከዳዕ ይከውን,abuse,abuse,abuse,abuse,abuse
1485699180500815872,@USER ሓሳዊ ኩሉ ግዜ ሓሳዊዩ። ጉርሒ ተረኺብለይስ ፋኖን ኤርትራውን ንምበኣስ ዝኹሉ ዓፍ ዓፍ? እስከ በጃኹም ጽግዕ በሉ!! ኣተሓሳስባኹም ካብ ኣፍኩም ከይወጸ ኣንቢብናዪ ኣለና!!! ሰላም ንቀርኒ ኣፍሪቃ።,hate,hate,hate,abuse,hate
1587025589948530688,@USER ክላእ፣ ኮራኩር ህግደፍ ድማ ኩሉ ግዜ ናብ ካልኦት ኢድኩም ዊጥ እናበልኩም ጥራሕ እናሻዕ ካብ ሓላፍነት ክትሃድሙ ክትነብሩ።,hate,hate,hate,abuse,hate
1639709901692760065,@USER ኣዴታት ሱዉአት ፡ወዲ ሱዉእ ስድራ ሱዉእ ስድራ ቤት ስውአት ይሳቀዩ ደም፡ይነብዑ ድኻ ሓረስታይ ህዝብና ብካንሰር ይሳቀ ፡ ብሕሰም ይሳቀ ፡ኣብ ቀጻሊ ራዕዲ ፍር,normal,normal,normal,normal,normal
1569082648471179265,@USER እንዳ ህግደፍ ዓቅልኩም ጸቢብኩም ሰላም ክንገብር ኢና ተበሉ ኢትዮጵያውያን፣ኣብ ዝጥዕመኩም ኮፍ ኢልኩም ንኣሽቱ የሕዋትና ከተጥፍኡ የለን፣ግዜኩም ኣኪሉ እዩ ህዝቢ ኤ,hate,hate,hate,normal,hate
1511214521481932801,ወረርቲ ካብ መሬት ትግራይ ወፂኦም ንመሃረሉ ግዜ ክኸውን ኣለዎ፡ - #ህፃውንቲ #ተምሃሮ - For More #TigrayGenocide,normal,normal,normal,normal,normal
1616165357823082503,@USER ሓሳዊ ከዳዕ እቲ ኢንተርቪው ኩሉ ኣምጻዮ ንምንታይ ቆሪጽካዮ?,abuse,abuse,abuse,abuse,abuse
1628452640370704388,@USER @USER @USER ቆማል ሓሳዊ ፕሮፓጋንዳ ናይ ወያነ ኣሚንካ ኣይትሃውትት።,hate,abuse,abuse,abuse,abuse
1647130509045125121,@USER ደንቆሮ ድኣ ሺም ዓሌትካ እንድዩ እምበር ኣበየነይቲ ሃገር ካብ ኣፍሪቃ ድኣ ነጻ health care and education alo? ቆማል ዓጋመ ????,hate,hate,hate,hate,hate
1576439283019173888,እዚ ክኣ ሓደ ካብቶም ኣብ ዝበልዕሉ ዝሓርኡ #እንጀራ እተን ብሩኻት #ኣዴታትና በሊዖም ካብ ዝዓበዩ ክንዲ የቀኔለይ ከም ኣድጊ ዝሸንደሓና ?? ለማኒ #ትግራዋይ ኢዩ ግን ፍጥረት ሰብ,hate,hate,abuse,abuse,hate
1491675214006026241,@USER ሓደ ፈጣጥ ሃላይ ኢኻ ንስኻ,abuse,abuse,abuse,abuse,abuse
1547078793210302469,@USER ካብ ኣብ ከብዲ እዚ ሃላይሲ . ዝኸፍእ የለይ ?????,abuse,abuse,abuse,abuse,abuse
1638297610401247235,@USER @USER No ባድመ ናብ ዋናታታ ምምላስን ከምኡዉን ንወያነ ስረ ምፍታሕን፣ከምእውን ካብሕጂ ንድሓር ንኤርትራ ምውራር ከምዘይ ሕሰብ ንኹሉ ኢትዮጵያዊ,hate,hate,hate,hate,hate
1553158180552773633,@USER @USER ኣታ ሞስ በጃኻ ሓቂ ተዛረብ ካብማኣ ሻሂ ብቅመም ትሰትይ? ኣረቄ ጌርካ እንድኻ ትሰተይ lol,normal,normal,normal,abuse,normal
1652094211905265665,@USER ህግደፍ፦ ናይ ሓሶት ሕጋውነት ለቢሱ፤ ሃገር ዘብረሰ እከይ፡ ህግደፍ፦ ኣርማ ደናቑር።,hate,hate,hate,abuse,hate
1516882999303888903,ዋይ ዓድዋ ዓድዋ ዓድዋ ኮይና መሬት እዚኦም ክንዲ ዝሰረተሩ ይግተሩ ዓይኖም ዘፍጠጡ ባንዳታት,hate,hate,abuse,abuse,hate
1482728134034309121,@USER @USER ሃላይ አድምፆ መጀመሪያ ። መኽበርቲ ዓለም ለኸ ሕጊ ኽበሃሉን አምሓራይ ይወስድዎ አለው ኢሉ ኸይኹሪ ዝኹለይ እኽልን መድሓኒትን ገዲፎሞ።,hate,hate,abuse,abuse,hate
1639834169600507904,ህግደፍ አርምኦም ግመል?አመሓድርኦም ከም ?ሽንቲ ግመል ንድሕሪት,hate,hate,hate,hate,hate
1660170744163352577,@USER @USER አንታ ደንቆሮ ብእልፊ ከዳዓት ህግደፍ ዓድና ኤርትራዊ መሬቱ አፅኒዑ ከምዘይረግጽ አደዳ ስደትን መከራን መን ድዩ ጌሩና ዘሎ? ከምቲ,hate,hate,hate,hate,hate
1550497111355150340,@USER @USER @USER ናይ ማሚ ን ዳዲ ድዮም ዝብሉ . ?? ሰረቅቲን አመጽትን ንስኹም ንካልዕ ትጸርፉ ??,hate,hate,hate,hate,hate
1563087307351023616,@USER መኣረምታ፦ እታ ዓሳ እትብል ዋል ዓሻ ተባሂለ ትነበብ፡፡,normal,normal,normal,abuse,normal
1585386899979399168,@USER ከም ህግደፍ ብሓሶት ዓይኒ ሰብ ዘንቁር የለን።ባዕላ ወራር ጀሚራ ተወሪርና፡1/3 መሬት ኤርትራ ረኪሳ ሃዲማ፡ ስዒርና፡ ኣብ ቤትፍርዲ 10ሚልዮን ክትከፊል ተሰ,hate,hate,hate,hate,hate
1483114123848212487,እዋይ ህዝበይ አጆኻ ዓለም ሓሳዊት ህዝብና እንዳ ተወድአ ስቅ ኢላ ትዕዘብ ኣላ። ፈጺምና ተስፋ ኣይንቆርጽን ፈጣሪ ይሓግዘና ኣሜን ኣካልና እዩ እምበር ልብናን ሓሳብናን ምሳካ ኣለና ኣጆኻ ህዝበይ እዚ እውን ክሓልፍ እዩ።,normal,normal,normal,normal,normal
1481045811605688327,ንኢሳያስን ኣቢን ክራኸቡ ዝገበሩኩ ኣነ እየ ኢሉ ዝዛረብ ኣንዳርካቸው ጽጌ:ኣብ ምፍታሕ በዓል ኣቦይ ስብሓት ኣይተሓጎሰን::እታ ብፖሎትካ ተሳዒራ ብእርጋን ጠስጥሳ ትሰሓግ ዘላ ህግደፍ,hate,hate,hate,abuse,hate
1478869762709012491,@USER @USER ካብዛ ሽፍታ ህግደፍ :ወያነ ኣብ ልእላውነት ኤርትራ ዘለዎ መርገጺ ይንጽር ::ነዚ ድማ ህዝቢ ትግራይ ዋጋ ይኸፍለሉ ኣሎ ::ካብ ጉይይ ምውዓል,hate,hate,hate,abuse,hate
1505087732627951618,@USER @USER ባዕልኹም ዓድኹም ሒዝኩም ሰኣን ምንባር ጠፋሕፉሕ ናብ ትግራይ መን እተዉ ምጽ ኢሉኩም ክሳብ ሕጂ ኸአ አለኹም ስለዚ ሕነ ምፍዳይ ናይ ግድን አድላይ እዮ ናይ ግዜ ሕቶዮ,hate,hate,hate,hate,hate
1483237421999435779,@USER እዞም ኮራኩር ህግደፍሲ ብጣዕሚ ኢኹም ትገርሙ፡ ባዕሉ እቲ መራሒኹም ቁጠባ የለን ልምዓት የለን ኤለትሪክ የለን ጽርግያ የለን ኢሉ ብዕሊ እንዳኣወጀስ ንስኹም ከም,hate,hate,hate,abuse,hate
1594640009595949056,እዚ ዓለም ዝፈልጦ ድንቁርንኦም ክሸፋፍኑ ዘይፍንቅልዎ እምኒ የለን። ግን ትውልዲ 3ይው ወያነ ነቒሑ እዩ። ን50 ዓመት ወለዶ ትግራይ ዘብረሰ ኣተሓሳሳ ህወሓት ንሓንሳብን ንሓዋሩን ብሽ,hate,hate,hate,hate,hate
1477781661035204610,@USER እዚ ኩነታት ክንዮ እቲ ትብሎ ዘለኻ ዝኸደ ዞባዊ ኵናት እዩ ::ናይዚ ጠንቂ ድማ ወራሪ ህግደፍ እዩ ::ስለዚ ሽፍታ ጉጅለ ህግደፍ ናብ ትግራይ ክወርር ሓላል,hate,hate,hate,hate,hate
1494404113475555336,@USER Stone age !!!! The most Ignorant tweet ever ?? ዓቢ ሃላይ ክበሃል ኣይሰማዕካን ዲኻ ፧ ሲንጋፖር ክንዲ ኣስመራ ኣይትኸውንን እያ ግን ብሃብ,hate,abuse,abuse,abuse,abuse
1513396856612704257,ሕሱራት ባራዩ ክልተ ሰላሳ እንዳ ህግደፍ ብበትሪ #TDF ተኸራቲሞም ካብ መሬት ትግራይ ዝመሓውሉ ግዜ ዝኣኸለ ይመስል። ምስ ዓፋርን ኣምሓሩን ሓቢሮም ንኻልኣይ ጥፍኣት ምስ ዝተለምዎ,hate,hate,hate,hate,hate
1548889982299176960,@USER @USER ኣፍልጦኻ ጸቢብ ምዃኑ ተረዲኡኒ። ብመጀመርያ ሕግሓኤ ካብ ህግደፍ ፈላሊኻ ዘይምርኣይካ የሕዝን። እቲ ኻላኣይ ህግደፍ ንኤርትራን ህዝባን ኣብ ሓደጋ ዘውደ,hate,normal,abuse,abuse,abuse
1503286169836171267,@USER @USER ኣየ ዓጋመ ኣስመራ ከኣ ክትመጹ ክክክክ ቅድም ወልቃይት ብጻሕ መራት,hate,hate,hate,hate,hate
1490809029156818949,@USER አብዚ ዘለኹም ባራዩ ህግደፍ ተተኻኢሉ ከምብሓዱሽ ተጥሒንኩም ተትስርሑ ግርም ነይሩ፡፡ ኤርትራ ፍሽልቲ ዓዲ እያ . ትግራዋይ ተምቤናይ ኢሳያስን ወዲ ኺሻን ንብረት,hate,hate,hate,hate,hate
1575236716868538369,@USER ኣነ ዝገርመኒ ግን ናይቲ ዕዙም ጋዜጠኛ ኢየ ባሃላይ፡ ንምንታይ ኢዩ ደጋጊሙ ዘምጽኦ ዳሓር ካኣስ ኣይሓቶን ድዩ ከመይ ጌሩ ከምኡ ይከውን ይክእል ኢሉ፥ ደስ ዘይ በሰለ ምግቢ በሊዑ ኢዩ ተነፊሑ ምዝራብ ስኢኑ፥,normal,abuse,abuse,abuse,abuse
1569062409733537793,ሻዕብያ - የንቅሕ ይውድብ የዕጥቅ ! ኣብዚ ዓመት እዚ ቤት ትምህርቲ ካድር #ህግደፍ ናቕፋ፡ ኣስታት 1700 ካድራት ኣሰልጢኑ ናብ ቅድመ ግንባር ኣፋንዩ ኣሎ። መበል 24 ዙርያ ካድ,hate,normal,normal,normal,normal
1498178964887674883,@USER ህግደፋውያን ካብ ኣምላክ ገዲፍኩም ናይ ወዲ ጠንቃሊት ምስጋድ ይሕሸኩም . ሃገርና ህዝብናን ኣባዲሙ ባሕራን መሬታን ናብ ኢሊት ኣምሓራ ንምሻጥ ዝሻባሸብ ዘሎ ስ,hate,hate,hate,hate,hate
1657444224134963202,ህዝቢ ኤርትራ መናፈሻታት ከጫጭሕ ዝጓየ ህዝቢ ኣይኮነን (ህግደፍ) ንሃላላ ኬላ ምዃኑ እዩ????,hate,hate,normal,normal,hate
1572885895493160961,ስለዚ ተጋሩ ሓብርና ኣብ ህዝባዊን ሃገራዊን ቃልሲ በብዘለናዩ ብዝኻኣልናዩ #ብመኸተ ሓላፍኔትናን ግዴታናን ብምውፃእ ዓሻራና ነንብር ብሰላም ምፁታ?? #ኣድራሻና: - ??,hate,normal,normal,normal,normal
1607466067529732096,@USER ህግደፍ ብሕጊ ክግዛእ ዘይክእል፡ ተስፋ ዘይብሉ፡ ጸልማታዊ ጨቋኒ መንግሥቲ እዩ።,hate,hate,hate,hate,hate
1535752877624504320,@USER ድማሙ ህግደፍ ዋላ ድቃስ እንተኡብይዋም ዓክ ወያኔ ?እነሄ ሜዳ ኤነሄ ፈረስ ስደት ኮይኔካ ወያኔ ?ሃየ ባድመ ምእታው ኢያ ?ህዝቢ ኤርትራ ብጁካ ህ,hate,hate,hate,hate,hate
1601797114073608193,@USER ናይ ክልተ መንእሰያት መርዓ እዩ እዚ ህግደፍ ከመይ ተቛጻጺሩካ ኣሎ ይገርመኒ እዩ።,normal,normal,abuse,abuse,normal
1636384444331495426,በዚ ዘሎ ናይ ምስዳዕ ፕሮፖጋንዳ መንእሰይ ክጋገ ይኽእል እዩ ደገ ምስ ከድከድካ ግን እንታይ ቁም ነገር ጌርካ ዓድኻ ንኽትምለስ ዝኽልክለካ ሰብ የለን ክትምለስ ከለኻ ግን ጥራይ ኢድካ,normal,normal,normal,normal,normal
1569616865579749377,@USER እዛ ብላሽ ከዳሚት፡ ዕላማ ኣልቦ፡ ህዝቢ ተወድእ ኣላ፡ እዚ ከኣ ንህዝቢ ትግራይ ጥራይ ዘይኮነ፡ ንኢትዮጲያዊ እንተላይ ሓዉ ጎረቤት፡ ዘሐምም ፍጻሜ ኢዩ።,hate,hate,hate,abuse,hate
1585923432784748546,@USER ዓባይ በጊዕስ ዕያዉልታ ሒዛ ትጠፍእ ከምዚበሃል ከምዚ ናይዙ ኣረጊት ጋዉና እዩ ኣብ ምእራጎም ሕጻዉንቲይ ዝተቐየሩ ኣጋንንቲይ ጸየቅቲይ ዘርኢ ህግደፍን ደቂ ህግደፍን ኩሎም ዶናቑር ኣኽላባት እሰያስ ።,hate,hate,hate,abuse,hate
1652539418966896640,ደገፍቲ ህግደፍ ካብ ኢትዮጵያ ንዓድኹም ተመለሱ ተባሂሎም ክበኽዩ ክርኢ ከለኹ : ክልተ ነገር ቅጅል ይብለኒ: ኢትዮጵያ ሃገርና ኢሎም ስልዝኣምኑ ድዩ ወይስ ሃገሮም ከተንብሮ,hate,normal,normal,normal,normal
1636319847150747648,ሓደራሞ ካብዚ ዝብሃል ዘሎ ገንዘብ ፍርቁ ንህዝቢ ትግራይ ሕውየት ከምዝውዕል ይኹን፣ ግን ድማስ ሓደራ ብሌባ ወያነ ሸነኽ ገይርኩም ንኽትልኡኹልና ከይትፍትኑ! መሪሕነት ኣፍሪቃ ዝ,hate,hate,hate,normal,hate
1491505883163107330,@USER ተዳሎ እሞ ጃንዳ ህግደፍ ወልፊ ኩናት ስለዘኩም ገለ ምስ ሩስያ ኮንኩም ተሰለጠኩም ።,hate,hate,hate,hate,hate
1490045346298404874,ነዚ ረሲዖም ከኣ ኢሰያስ ይንበር ህግደፍ ማለት ኣነ ኢየ ።ኣብ ጎድኒ ሃገረይን መንግስተይን ኣለኹ ዝብሉስ እንታይ ትብሎም።,hate,hate,normal,normal,hate
1586822395381182464,@USER @USER @USER ደጋል ባርያ ዓጋመን ፈረቃን ፀረ ህግደፍ መንደፍ,hate,hate,abuse,abuse,hate
1616744593814425600,?? ናይ ዓለምና ሓርነት ዝሓረሞ ባርያ።ኣነ ሰራቂየ፡ዓማጺየ፡ቀታሊየ እንዳበለ ዝምካሕ ድሑርን፡ድኹምን ታሪኽ ኣልቦ ዝኾነ ጉዳመኛ ሰራዊት። ??,hate,hate,hate,hate,hate
1658367956156284929,@USER @USER @USER ጉዳይ ኣሕዋትካ ዘይትገብር፡ እዞም ርጉማት ወያነ እንታይ ይገብሩ ከምዘለው ኣብ ታሕቲ ኣንብብ።,hate,hate,hate,hate,hate
1560711288275214337,#ወያነ ዝባህል #ንህግደፍ ዘጥቀዐን ዘጥቅዕ ዘሎ ሕማምን #ወያነ ዝብል ውድብ ወይ ሕብረተ-ሰብ ፈላሊኻ ምርኣይ ናይ በላሕቲን እዩ።,hate,hate,hate,normal,hate
1489679217994473472,ንሃይለስላሴን ደርግን ዘውደቖም ምኽንያት ንህዝቢ ኤርትራ ከጽንትዎ ምብጋሶምን ህርፋን ቀይሕባሕርን እዩ።ንወያነ ናብ ሲኦል ዘእተዋ ድማ ደንቆሮ ጥልመታን ምትብባዕ ኣኸደምታን እዩ።,hate,hate,hate,normal,hate
1485885882385248256,@USER @USER ህግደፍ ዘዐወቶ ወፍሪ እንተ ሃልዩ ከም በዓል ንስኻ ነውራማት ምፍራዩ እዩ :: እቲ ጽዩፍ መልሓስካ ኣብቶም ከማኻ ዝኣመሰሉ ተጠቐመሉ :: ህዝ,hate,hate,hate,abuse,hate
1616706515586482176,ካብ ተደራራቢ ብድሆታትን ተጻብኦን ዳግም ዝተረግገጸልና ትምህርቲ ሃገራዊ ኣገልግሎት ብሩህዩ። ርግኣትን ሰላምን ኮነ፡ ራህዋን ጣዕሚን፡ ዝስራሕን ዝስረሓሉን እምበር፡ ሎተሪ ኣይኮነን,normal,normal,normal,normal,normal
1490079772591939586,@USER @USER ልሓሲት መዓኮር ወያነ። ጌና ወረ ኣብ ገጽኪ ክውድኡ ኢዮም።,hate,hate,abuse,abuse,hate
1487552500932751362,@USER @USER ንምልቃስ ድዩ ድኣ? ድሁላት ፍጥረት። 30 ዓመት ወታደር ዓሊምካ ብ5ተ ወርሒ ሙሉእ ዓቕሚ ዘለዎ ሰራዊት ክትወዳደር አይትሕሰብ።,hate,hate,hate,abuse,hate
1546881825225818112,ካብ ህግደፍ ንላዕሊ : ወያነ ኣብ ልእላውነት ኤርትራ ዘለዎም መርገጺ ይንጽር :: ህግደፍ ኣብ ስልጣን ክሳብ ዘሎ ክኣ ልእላውነት ኤርትራ ውሑስ ኣይኮነን :: #Eritrea,hate,hate,hate,hate,hate
1570308242772828160,@USER ኣይተጸገዐን ኣሎ ብኣንጻሩ ህግደፍ ኣብ ገዛውቲ ናይ ህዝቢ ተጸጊዑ ናይ ከቢድ ብረት ደብዳብ ናብ ዓድግራትን ከባቢኣን ክገብር ቀንዩ :: እቲ ኣፍሪሕዎ ዘሎ ኣብቲ,hate,hate,normal,normal,hate
1586094446109552641,@USER ሓሳዊ ሃዳሚ ትማሊ ኣብ ክልል ኣም ሓራን ዓፋር ህዝቢ ኣጥፊእኻ ሕጂ ኢትዮጵያዊ ኮንካ ንኤርትራን ኢትዮጵያውያን ከተባእስ ድኹም ሕልሚ?ማለሊት.ውሸታም ፈሪ ጅል ወያኔ,hate,hate,abuse,abuse,hate
1658299926474809345,@USER ጸማም ሓደ ደርፉ ጸወታ ቀይር ቆማል ዓጋመ ??,hate,hate,abuse,abuse,hate
1561438134994345989,@USER @USER ሎም ዘበን ህግደፍ ኣብ ውሽጥን ደገን ዓቕሎም ጸቢዎም ኣሎ,hate,hate,hate,normal,hate
1511280593136500738,#ካብውሽጢ ማህደር ልቡ ቅንእን ምሕርቃም ስንን ዝምንጩ ከዳሚ ወያነ ናይ ጐረቤቱ ሰላም ዕብየት ዘይምነ ንኤረትራ ዘንቀዶ ግናይ ተንኮል ኣይሰመረን ንዞባና ሓሚስካ ሰላም ክትረክብ በየና,hate,hate,hate,hate,hate
1511815770950488072,@USER ፈኸራ ታህዲድ . ንመን ንኤሪትራዊ ከም አመልካ ትሃድም ወይ ተእዊ። ዋሒድ ዓጋመ,hate,hate,hate,abuse,hate
1590465022215720960,@USER @USER ሓባል ኣእምሮ ሒዛ ኤርትራ ምስ ዝኾነ ዓዲ እንተሓበረት እውን መንገዳ ክትርኢ ኣይትኽእልን,hate,hate,hate,normal,hate
1579409907635617793,@USER @USER በየነ ሽለት ፡በየነ ባርያ፡በዓል እዚ ናጽነት ኣምጺእና ኢሎም ክዋራዘዩ ከለዉ ትግረም ፡በየነ ዓስታኽ፡ንኽትገልጾ ዘሸግር ድኹም ፍጥረት,abuse,hate,abuse,abuse,abuse
1503552455103107081,@USER ህግደፍ አርከይ ተነኽኡኒ እሉ ሓፍከፍ ዝብል ሰብ እዚ ፅሑፍ ትፅሕፍ ተሎስ ግርም ይብለካ! ላትፋለጥናስ!,normal,normal,normal,normal,normal
1548727263633571840,@USER @USER ኣታ ሳሕሳሕ ቆማል ዓጋመ ርኣዩ በል እዚ እዩቲ ካብታ ሃዳሚት ርሽንቲ ማለሊት ዝተመንዝዓ ብመንደላይ ሻዕብያ ጅግና,hate,hate,abuse,abuse,hate
1514604179616010254,@USER ህግደፍ ብስርቅን ገበንን ትኸስዎ ሰብ ዋላ ኣካል የለን ጎሓፋት,hate,hate,abuse,abuse,hate
1576444261062836225,@USER ነቶም ምእንቲ #ኤርትራ ኣካሎም ዝኸፈሉ ስንኩላን ኵናት ብጭካነ ዝረሸንኩም:ጽልኢ ንኸተሳውሩ መቓብር ስውኣት ብመድፍዕ ዘፍረስኩም ነውራማት ህግደፍ: ዘውረድኩሞ,hate,hate,hate,hate,hate
1565058472798035970,ብሰንኪ መስዋእቲ ክልቲኦም ወለዳ ዝዘኽተመት ሓፍቲ፡ ደቃ ከይዝኽትሙ ንርዳኣያ!,normal,normal,normal,normal,normal
1636174326473928705,ዓሻ ትግራዋይ ናብልቦናኻማ ተመለስ ፀላእትኻ ክዳኖም ቆርበቶም ቀይሮም ነንባዕልኻ ከባሉዑኻ ጠፊኦም ኣቤለው!! እናምበብና ኣይንረስዕ ኣቱም ሰባት :: ??,hate,normal,normal,abuse,normal
1509791601371107328,አብ ሕዉሓት ዉሽጢ ዘለዉ ከምቲ ትግራዋይ እየ ኢልካ ክትወቅስ ትሙኩሩ ዘለኩም ተጋሩን ፈረቃን አዮም። ከኣ ትግራዋይነቶም አንተይከድዑ ከምቶም ባንዳታት ሓመድ ሊሒስም አርአዮምና በየ አ,hate,normal,normal,abuse,normal
1610540779516137474,@USER ንዓድኻ ንመንነትካ ተቃሊስካ ኢኻ ከይተሓለልካ ! ክብሪ ድማ ይግበአካ ???? ትግራይ ከምዚ ከማኹም ሙሁር ሰብ እዩ ዘድልያ ! ንቀፂሊ ድማ ብዝበለፀ በርቲዕኻ በሊፅካ,normal,normal,normal,normal,normal
1581935492727459840,@USER አታ ሓንጎል ደርሆ ዱሑር አታሓሳሳብ ዝልክም ኤሪትራ ትግራይ ክይድ አይትፈልጥን እዳ መትክንሲ ዓድታት ክትፈላሊ ህዝብኻ ኣድሕን ባዓል ስረ እንተ ኮንካ ድሁል።,abuse,abuse,abuse,abuse,abuse
1541492261720047617,@USER ቅሰኒ ጥራየ ኤርይ ብዘይ ህግደፍ ኤርይ ንኽትከውን የሰክፋ እዩ: ንሱኹም ካልእ ሃገር ኣናድዩ!!!!!!!!!!!!!!!!!,hate,hate,hate,hate,hate
1594582524491141120,@USER በጃ ኤርትራ ድፍእ የብልካ፡ ሓሳድ ዓጋመ፡ ወዲ ሸውዓተ ቡዳ,hate,hate,abuse,abuse,hate
1658594745671712768,@USER ጥዑም መዚቃ ንእዝነይ፡ ኣስማዓኒ እስከ ጠጥዑሙ። ሓሳዳት ክቅረጹ እዮም ሕጂ????,hate,hate,hate,hate,hate
1603426686090870790,@USER ዓሻ/ዕኑድ፣አበይ አለኻ?ሕዉሓት ስረአ ካብ ትፈትሕ ወርሒ ሓሊፉዋ።No More! ተልአቪቭ ኮንካ ካብ እተእዊ፣ከምቶም ጀጋኑ ደቂ ኤሩ፣ ሳሕል - እምባታት ደንደ ደይብካ ፈትን። ደምበ ዕንይኒይ???,hate,hate,hate,hate,hate
1600346929233563648,@USER @USER ደንቆ ሰራቂ ድስቲ ነየናይ ህዝቢ ድማ በሽር ሓሰን ዝሕለቀሉ ነቲ ወራዳ ተረፍ ጥልያን አረ ሕፈሩ ድሁላት አማውታኹም ዘይትፈልጡ አብ ዓለም ከ,hate,abuse,hate,abuse,hate
1633014354604949504,@USER ን ኤርትራ ጸቅጢ ን ምግባር ዝግበር ሑሱር ምዕልባጥ ሊሂቃን ትግራይ፡ ከዳሚት ጃንዳን፡ ካብ ዘሓለፈ ገጋኩም እንተ ትማሃሩ ጽቡቅ ነይሩ። ን ህዝቢ ኤርትራ ን ም,hate,hate,hate,hate,hate
1600260760554258432,@USER መን ምዃንካ ምስ ፈለጥናካ ከም ቶም ህግደፍ ህጹጽ ስጉምቲ ዝወሰደሎም ናኣኻ ክውሰደካ ምዃኑ ኣሚንካ ተጓዓዝ በዚኢለ በቲ ግን መን ምዃንካ ክፈልጠካ ምዃነይ ፍለጥ!!,hate,hate,hate,abuse,hate
1493128326210273285,@USER ሓሳወዊ ሌባ ደቂ ዓድኻ እዮም ተፈሊጦም እዮም ንኤርትራውያን መሲልኩም ቪድዮ ንፕሮፖጋንዳ ምስራሕ አቋርጽዎ።ንስኻትኩም እንጀራ ኤርትራ ዝበላዕኩም ኢኹም ከፊኩምና ዘለኹም ለመንቲ,hate,hate,hate,hate,hate
1490756162777759744,ሰብኣዉነትና ድኣ ሕጂ መኣስ ኮይኑ ተባሕጊጉ። ናይ የሕዋቶም ኮላሊት ዝሸጡ ምስ ፈረዩ ኢና ናይ ጭካና ጫፍ ዝበጻሕና። ንሓድሕድና እንዳተበላላዕና ህግደፍ ኣብ #ዉሽጢ ትግራይ ዝገብሮ ዘ,hate,hate,normal,normal,hate
1619813998580625408,ህዝባዊ ወያነ ሓርነት ትግራይ !,normal,normal,normal,normal,normal
1597438796140019714,ወይ ጉድ: ፕረሲደንት ኢሳይያስን ቀዳማይ ሚኒስተር ኣቢይን በዛ ዓማጺት ሃገር መራሒ ናይ ምብጻሕ ዕድመ መጺኡዎም ሰሚዐ። ኣይትሓዙለይ እምበር እታ ትወስዶም ነፋሪት ኣብ ምኻዳ ወይ ምም,hate,hate,hate,hate,hate
1555192418315763713,@USER @USER @USER ንደገፍቲ ህግደፍን ተደናገጽቲ ህግደፍን ወላ ን ሓደ መዓልቲ 1000 ዶላር እንተኣኽፈልዎም ግዲ የብለይን :: እቲ ዘሕዝነኒ ናይቶ,hate,hate,hate,normal,hate
1572884477961207808,@USER ኣምላኽ ድኣ ንህዝብና ይሓሉ?? እምበር ጭፍራ ህግደፍ ዝኽተሎ ዘሎ መገዲ ኣጥፊእካ ምጥፍእ እዩ ::,hate,hate,hate,hate,hate
1594386980124737537,ካብቶም ኣብ ልዕሊ ህዝቢ ትግራይ ፅንተትን መቕዘፍትን ዝፍፅሙ ዘለዉ ፋሽሽታዊያን ወረርቲ ፈሊኻ ኣይረኣዩን።,hate,hate,hate,hate,hate
1548913114619559942,@USER ደንቆሮ ደአ እወ አብ ጥራሕ ከብዱ ይጀሃር። ካብ ዓድኹም ተሰዲድኩ ተዓቑብኩ አብ ምሉእ ዓለም እናነበርኩ ትነብሩ ርጉማት ህዝቢ፥ ኤርትራዊ አብ ዝኾዶ ሕቡን,hate,hate,hate,hate,hate
1625225950345437187,ሓይሊታት ተመሳሲሎም ኣትዮም ኣለው። Messages by @USER,normal,normal,normal,normal,normal
1489190649807216643,@USER ህግደፍ ጻሕተርቲ ኲናት እንከለው ደኣ ማንም ፖለቲከኛየ በሃሊ ንሉኣላውነት ኤርትራ ክዳፈር ግድንዩ። እዚ ኸኣ ብሰንኪ ኣብ ዘይምልከትካን ዘየዋጻካን ኲናት ምእታው ዘ,hate,hate,hate,normal,hate
1558021213041164290,ንህዝቢ ሓማሴን ከም መሳርሒ ተጠቂምካ ነቲ ህዝቢ ኣብ ራዕድን ኣብ ደምነትን ኣብ ምጽናቱ መራሕቱ እንዳ ኣሳቀካን እንዳአሰርካን ታሪኩ እንዳደምሰስካን ጆኖሳይድ ይፍጽሙሉ አለዉ ህግደፍ,hate,hate,hate,hate,hate
1481382091636023302,@USER @USER @USER ዓጋመ ምስተቀጥቀጡ ጨርቃ ደርብያ ?? ጽልኣት ኢሰያስ የብላን እዚኣ ጽልኣ ምስ ኤርትራን ኤርትራውያንን እዩ ሰብ ኣጀንዳ እየን እዚኣተን ጃሱስ እያ ::,hate,hate,hate,hate,hate
1580298327157256198,ሻዕብያ (ህግደፍ) እዚ ዘየለን እቲ ጎዲሉ ኢሉ ዘማርር ዘይኮነስ በቲ ዘሎን ምስእቲ ዘሎን እንዳ ኣካወነ(ኣታኻኸለ) ዝምርሽ መንግስትን ግንባርን እዩ:ንዝሓለፈ ንክንወቅስ ዘይኮነስ: ሕ,hate,normal,normal,normal,normal
1582670574043611136,@USER @USER ልክዕ አለኻ ናይ እንዳ03 ናይ ህግደፍ እዩ::,hate,normal,normal,normal,normal
1647520235346354176,@USER ኣታ ሃላይ ማዓስ ኢካ ትልብም ንኩሉ ኣማኒ ክርስትና እዩ ዝባሃል ኣኪልካ ምዕንጅሉ ኮንካ ዲካ ክትነብር ለብምባ ሎምስ,abuse,abuse,abuse,abuse,abuse
1547020908379996160,@USER @USER ኣታ ዶንቆሮ ዓጋመ መለስ ጨናዊ ድኣ ርፍያኖ እንዲዩ ኔሩ መዋዳድርቲ ዘይብሉ ሐሳዊ ወረ ምዓስ ኢኩም ባራበሩ?,hate,hate,abuse,abuse,hate
1496575283037708288,@USER @USER ወያነ ልህዝብ ልዓድ ዝሞት እዩ ከም ናትካ ኣሽባሪ ኣይኮነን ንህዝብ ዝሽጥ ንህዝብ ኩሊት ዝሽጥ ልቺ ዘይብሉ ኣብፀልማት ዘንብር Covid ከ,hate,hate,abuse,abuse,hate
1501310324703735811,@USER ጭርሖ ግደፉ የሕዋት:: ሰብ ምግቢ እዩ ዝደሊ ሐዚ . ዘይትኽእሉ እንተኾይንኩም ድማ ጭርሖኹም ኣብ ኸብድኹም ሓዝዎ .,normal,normal,normal,normal,normal
1487629380146774018,@USER @USER ሕጂ ግርም ድሮን ድኣ ወስኹና በሎም ። ከምቲ ጀነራል ኣበባው ዝበሎ ቀርኒ ኣፍሪቃ ሰላም ክረኽቡ ኰይኖም ወያነን ከምኡ መሰልትን ክድምሰሱ ኣለዎም።,hate,hate,hate,hate,hate
1573237614773157888,@USER እታ ስዉርቲ ኣጀንዳ ናይ ከዳዕ ኣንድነታዊ ኢሰያስ ኣፈወርቂ ጉልባባ ተቀሊዓ! ምስቶም ህዝቢ ኤርትራ ካብ መሬቱ ሓግሒጉ ዝጸረጎም ኣምሓሩ ተላፊንኩም ንነጻነት ህ,hate,hate,hate,abuse,hate
1489688091329712131,እሞ ንሱስ ጨለዋ ናብ ህዝቢ ክብተን ተሎ ኮ ዳርጋ ዓሰርተ ማንካ ዩ። ወረርቲ ካብ ዓድና ወፂኦም ረዴት ብመሬት,hate,normal,normal,normal,normal
1550602111720857606,@USER ዕንደራ ወያነ ውጽኢቱ ካብ ትግራይ ናብ ትግራይ እዩ። ግን ዝጎዶሎ 500 ሽሕ ወዲ ድኻ መንእሰይ ትግራዋይ።,hate,hate,hate,hate,hate
1603075139968634882,@USER እቶም ሓንጊሮምኹም ናብ ኤርትራ ክወስድኹም ዝሓሰቡ ብዘሕፍር ዕጥቆም አውሪዶም: እቶአጆኹም ዝብልዎም ዝነበሩ ሕፍረት አጋጢምዎም ቁማር ተበሊዖም: መንነትኩም ዝገበርክ,hate,hate,hate,normal,hate
1619830625011404802,ኣሕዋተይ ኢድኻ ላብ ኣፋ ኣእቲኻላ ለይትናኸስ ኣመለ ወርቂ @USER እባ Follow በልዋ ???? @USER @USER @USER,normal,normal,normal,normal,normal
1643620879811616773,@USER 1/2 ጎስጓስ እዛ ዓሌታዊት ስርዓት ህግደፍ ጀነራል ፊሊፖስ ሳዕሲዑ ኣብርሃ ካሳ ንምክልኻል ኤርትራ ወኪሉ ተሳቲፉ! ||||||||||||||||||| እታ ምንቅስቃስ,hate,hate,hate,normal,hate
1573959874374942721,@USER ኣብ ስደት ጸጉሩን ሓንጎሉን በሪሑ እዩ እዚ ሰብኣይ።እሰያስን መለስን ጠንቂ እቲ ኩናት ባድመ ከምዘይነበረ ተናሲሖም እዮም።መበገሲ ኩናት ከኣ ህግደፍ ባዕላ ተኣሚናሲ 10,hate,hate,hate,abuse,hate
1553288010506149889,ኣነ ዝገርመኒ ንስርዓት ህግደፍ ጸሊኦም ናብ ትግራይን ወያነን ምድጋፍ ዝኸዱ ሃሱሳት ኢዮም። ኣሜሪካውያን ንትራምፕ ጸሊኦም ናብ ቻይና ምድጋፍ ዝኸደ የብሎምን።,hate,normal,abuse,abuse,abuse
1643044121983205376,ጸማም። ትምህርቲ ደኣ ህዝባዊ ግንባር ኣብ ሜዳ ኮሎካ ኣይገደፈን። ምኻን ከኣ ኩሉ ከም ወያነ ደንቆሮ ጌርካ ስለትወስዶ ኣይተሓዘካንዩ። ንባዕልካውን ካብ ወያነ ዝገደድካ ደንቆሮኢኻ,hate,abuse,abuse,abuse,abuse
1569571970534068224,@USER ንሕና ኢርትራውያን ካኣ ንስድራና ደዊልና ኩሉ ቱ ትገብርዎ ክሕደት ኣብ ልዕሊኡ ክነግሮን ምሳኩ ክምዘይ ክውንይን ክንሕብርኩም ንፈቱ ህግደፍ ሰታይ ደም አልፊይ ገሳርጥ ታ,hate,hate,hate,hate,hate
1604543013497311232,@USER ዓሻ ረጋጺ . ልቢ ተዝህልወካ ሞት ህዝብኻ ደው መበልካ.,abuse,abuse,abuse,abuse,abuse
1579706235032842242,@USER ኢሰያስ ሃገር ምልእቲ ዘድመየ ዕቡድሲ . ከም ህግደፍ ሕልና ኣልቦን ተበላጽን የለን።,hate,hate,abuse,hate,hate
1604873528066670592,ኣዛዚ ሰራዊት #ህግደፍ ፊሊጶስ ገ/ሃንስ እሼቴ?? ዝተዛረቦን:ሓውና በረኸት ዝሃቦ ግብረመልስን ::#Eritrea #Tigray ሙሉእ ትሕዝቶ ኣብ Zelenayo Show ??,normal,normal,normal,normal,normal
1639740743295066112,ንህግደፍ ብመስዋእቲ መንእሰይ ትግራይ ክኣልየሎም ትጽቢቶም ውን ኔሩ ኢዩ።,hate,normal,normal,normal,normal
1477427842170376198,መባእያ #እንዳባገሪማ ዝበልዐስ ባዕሉ ይለፋለፍ ይብሉ ወለድና ዝሳዓርካዮ ኪናትኳ የለን ሓሳዊ ብዝኮነ ስአን ድንቁርናይ ናይ #ኢሳያስ ተለኣኣኪ ኮይነ የገልግል አለኩ ኢሉ ሓሳውን መላ,hate,hate,abuse,abuse,hate
1506715110445879305,እዛ ሰብ ዚአ ጥቅማ ከየምልጣ ንበዓት ሓርገጽ ተዝረብርብ አላ ገርሂ ልቡ ወድዓሻ ክልተክዘ ይውቃዕ ከምዝበሃል ትግራዋይ ክልተዓመት ሙሉእ ብኹሉ አፈት ተኸቢቡ እናሃለቀ ከሎ ብዛዓባ ዝግ,normal,abuse,abuse,abuse,abuse
1544259221499289601,@USER መቸስ ኣብ ኤርትራዊ ሳላ ህግደፍ ብዙሕ ጉራ ምራ ኣእምርኦም ርኢናዮም ኢና፡ እዚ ሕጅስ ኣእምርኡ ኣብ ግቡእ ቦትኡ ከሎ ድዩ ነዚ ጽሒፍዎ፥ ደስ ጥርሙዝ ኣረቂ ሰትዩ ይከውን፡,hate,abuse,abuse,abuse,abuse
1547818887042846721,#ውድብ _ህወሓት #ንህዝቢ _ምዕራብ _ትግራይ ካብ ትክሕዶ ክልተ ዓመታ:: ሕሰብዎ እስኪ ካብታ ምውቅቲ ገዛካ ተሰድድካ ኣብ ሱዳን ምስ ውሕጅን ቁርን ከርፋሕ ናብራ ክትነብር:: ጥዕሙ,hate,hate,hate,normal,hate
1630466712645644288,@USER ቆማል ወያነ ኣራይ ኩዕንቲ በየናይ ኣዴካ ሞራል ኢካ ምስ ጀጋኑ ሓርበኛታት ክትዋራዘ ኩርኩር ናይ ዓድዋ::,hate,hate,hate,hate,hate
1598776234581716992,ኻብዘለዎ ኽብረት ሕስረት ዝመረጸ-ሕሱር ጳጳስ ሎሚ ኣሰናቢቶም!ምክንያቱ ኹንትራቱ ወዲኡ።!ናይ ህግደፍ መስርሒ ዝኾኑ ሰባት!ኹሉም ሓደ ዓይነት ዕጫዩ ዘለዎ።??,hate,hate,hate,abuse,hate
1542206409953132544,@USER የስየፍ ሓሳዊ ወዲ መንደፈራ እየ እንዳበለ ዘታልል ዘሎ ትግራዋይ እዩ። ወዲ መንደፈራ ዝብሃል የለን እስኪ ሓቀኛ ኤርትራዊ እንተኮንካ ዓድካ እስኪ ንገረንስ። ንስካ ትግራዋይ ኢካ።,abuse,abuse,abuse,abuse,abuse
1510341712895483908,@USER ይትረፋዶ ብደዐ ናይዞም ብዓርሰ ምፅላእ ዝሳቐዩ ባንዳታትስ እልፊ ግፍዕን ሕነያን ናይቶም ጎይቶታቶም እውን ንህዝብናን መንነትናን ካብ ምሕላቕ ኣይከብኩረናን።,hate,hate,hate,abuse,hate
1597346146950578176,ይገርምዩ! . ኩላ ናብ ናይ ቅድም መዕቆቢኣ ትምለስ ኣላ! ኩናት ትግራይ ምስ ተጀመረ ከም ሰብ ቆለ ሰብ ዛርቲ ከዕበድብዱ ገሊኦም ተንተንቲ ኩናት ገሊኦም ፈከርቲ ሃደድቲ ደሃል,normal,normal,hate,normal,normal
1489886641837780996,ብጾተይ እዛ ናይ ህግደፍ መርፍእ ክትጥዕም ዋላ አብ አመራርሐ ሂወትካ ተዔውተካ።ህልምኻን ትምኒትኻን ክትበጽሆ ዋጋ ተከፊልካስ ትበጽሆ ወዝለቅለቅ ተልካ ሸለው ሳላ መርፍእ ተወጋእና ደቅ,hate,hate,hate,normal,hate
1505859842715660292,@USER ሻዕቢያ ንኤርትራ ከም #Singapore ክትገብራ እያ ሐሳባ ዝነበረ ንሳ ከም እትብሎ ወያነ ከይኮነስ ስራሐ / ዝመረፀቶ መንገዲ ግን ህግደፍ መንደፍ ገይሩዋ.,hate,hate,hate,hate,hate
1582646196031873025,እንዳ ህግደፍ ምስ ባሮቶም ፋኖ ምዃኖም ኣይትረስዑ ብዕላማ እዮም ምስ ጦር ሰራዊት ቀተልቲ 65 ሽሕ ስውኣትና ሓቢሮም ን ጥፍኣት ህዝቢ ኤርትራን ትግራይን ኣንጻር ልዕላውነት ኤርትራን,hate,hate,hate,hate,hate
1601863240513982465,@USER @USER መዓስ ከ ጽምዶ ለማኒን ተዃብን ክኸውን ይኽእል?,normal,abuse,abuse,abuse,abuse
1600435339730247680,@USER ትምክሕቲ ናይ አቦኻ ስለዝኾነ ካብ ምዝራብ ሐሊፍካ ትገብሮ ነገር የለን ተጻረፍ ነዓቕ ንሕጂ።ደሐር ከዘክረካየ ወዲ በራድ ሰራቂ ካልሲ,abuse,abuse,abuse,abuse,abuse
1623256176736477185,@USER @USER ሕጂ ኩሉ ምስፈንፈኖ ከቀባጥር ይፍትን ኣሎ ሓሳዊ ሓሳዊ ወ ሓሳዊ! እቲ ዝገበሮን ዝበሎን ገና ውዕይዩ ዘሎ ኣይረሳዕናዮን ኣይክንርስዖን ከኣ ኢና,abuse,abuse,abuse,abuse,abuse
1481390718128386048,@USER ዳዊት ለማኒ። ንዓኻ ብሎክ ጌሩ ታይ ከይተርፎ እንትርፎ ናይ ቀትሪ ዝብኢ ጠባይ,hate,abuse,abuse,abuse,abuse
1583916761425928192,@USER ዕሱብ ንባዓልኻ ነፃ ዘይወፃኻ ካብ መን እያ ነፃ ዝወፃ ድሁል ባርያ,abuse,abuse,abuse,abuse,abuse
1628679664393678857,@USER እስኪ ከይድካ አማሐድር ባንዳ ሰራቂ ድራሩ ሕጅስ ንስኻ ምስ ፋሽሽትታት ኮይንካ ትግራይ ዝሰረቀካያ ሰብአይስ በየናይ ሞራልካ ስለ ትግራይ ክትሕለቅ ባንዳ ንኸብዱ ጥራሕ ይነብር,hate,abuse,abuse,abuse,abuse
1554187214891909123,ኣብ ኢትዮጵያ ናብራ ኣዝዩ ከቢሩ ዘይቲ 1000 ብር ኣትዩ ኢልኩም ትዕንድሩ ተጋሩስ ገይረ ክፈትወኩም ሂወት ልሓረሞ ህዝቢ ሒዝናስ ናብራ ብልከበሮ ከዳዕ ህዝቢ ንጭነቕን ንፅናዕ,hate,hate,normal,normal,hate
1629016143662022657,@USER ናበይ ናበይ ኢኻ ትወስዶ ዘለኻ አብ ናይ ሎሚ እንዶ ተዛረብ አፍቲ ህሉፍ እማ ካባኻ ጀሚሩ ናአይ ሃዊሱ ተወቀስቲ ኢና በዛ ኮመንት ዛሃብካላ ንዝረብ ግን ጎልባብ ቅልእ አብል የብለካ አለኹ,normal,normal,abuse,normal,normal
1568690627621322755,@USER Dr . Hatred ኣቦ ፅልኢ እንዳ ህግደፍ ይኣርጉ ይስይቡ እምበር ኣይልቡሙን::,hate,hate,hate,abuse,hate
1638932243769901056,@USER @USER ሓሻካ ኣበይ ኢልካዮ እንታይ ምዃኑ ምስዓር፤ ህግደፍ ዝሰዓረ እዩ ዝመስለካ ዘሎ ቀስ ኢሉ ክስወጠካ እዩ።,hate,normal,normal,abuse,normal
1482858825090797584,@USER ይፈልጥ። ህግደፋውያን ደኣ ሰብ ኣውነት ዘይፈልጥዎ። ሓበን ግን ኣባል ደለይቲ ፍትሒ መሲላትኒ? ግድን ክሓልፍ እዩ!,hate,hate,hate,abuse,hate
1617641587043078145,@USER ካብ ሌባ ተቐባሊ ሌባ እዚ ትብሎ ዘለኻ ሰብ ወይ ሰራቒ እዩ ወይ ክኣ ኣእምሮ ዝጎደሎ እዩ ንዓኻ እሞ ጽቡቕ እዩ ከምቲ ዕስራን ሓሙሽተን ሽሕ ሰሪቕካ መሊዕካዮ,abuse,abuse,abuse,abuse,abuse
1545827027852283904,በገላልጻ እንዳ ህግደፍ: ንሕና #gameover ምስ በልና እቲ ጉዳይ ውዱእዩ ኢልና ገምጊምናዯ ኔርና ን20 ዓመታት ወያነ ኸዳሚት ኣገልገልታ እያ ኢልና: ኣገልገልታ ክዘ,hate,hate,hate,hate,hate
1655408651685842946,ኣቦታት ኤርትራ ይዛረቡ ኣለው። ነዚ እናሰማዕካ ኣጽቂጥካ ዘለኻ ወይውን ንህግደፍ ትድግፍ ዘለኻ ናይ ስነኣእምሮ ሕክምና ምግባር ከድሊ እዩ።,hate,abuse,abuse,abuse,abuse
1581885471898017793,@USER ካብ ረሳሕ ናይ #TPLFisaTerroristGroup አተሐሳስባ ዘለዎ ከማኺ ዓይነት ብናይ ማለሊታዊ ረሳሕ አታሐሳስ ሕማም ዝተለኽፈ ስዲ ዘረባ ምስማዕ ዘገር,hate,hate,hate,hate,hate
1487336976508411904,@USER እዚ ንብረት ንብረይ ሐያላን መንግስቲዩ ቁማር ሰለ ተበልዑ ቀጭ ቀጭ አቢልዎም ዘእገርግሩ ዘለዉ አብ ሃተፍተፍ የእትይዎም ወያነ ወያነ ወያነ ዘብሎም ዘሎ,hate,hate,hate,hate,hate
1610179360035868672,@USER እሞ ምኦም ደኣ ዘይትወፍር ኩናት ብተግባር ክትፍትኖ መሳኪን ደቂ ድኻታት ክሞትልኩም ንስኹም ትፍክሩ ዓጀብ,hate,normal,abuse,abuse,abuse
1499682487622156288,@USER @USER ኣነ ከም ዝመስለኒ፡ ን ዎሎዶታት ዘይሃስስ ጸሊም ታሪኽ ህግደፍ እምበር ኤርትራ ኣይኮነን። ህግደፍ ዝገበርዎ ህግደፍ ይሕተትሉ፥ ኣብ ምሉእ ዓልም ውን ከም,hate,normal,normal,normal,normal
1559822108586397699,@USER ብመሬትን ብሰማይን ዝተረገምኩም ኣረሜናዊ ሓሳብኩም ንህዝቢ ኤርትራ መዋእሉ ኣብ ኲናት ጸሚድኩሞ ፥ ሃገር ጥርሓ ተሪፋስ ትጃሃር ካኣ ኣለኻ ድኹም ደንቆሮ መራሒ ዝ,hate,hate,hate,abuse,hate
1508197365366210564,@USER እንድሕር ዳግም ኲናት ተወሊዓ ገፃ ናብ ኣስመራ ክትኮን ኣለዋ . ተዘይኮይኑ ህግደፍን ኮራኩር ህግደፍን እናሃለዉ ሰላም ኣይክህሉን,hate,hate,hate,hate,hate
1629568748288978948,@USER ካቴድራል አስመራ?መግዛእቲ ኢጣልያ ዝሃነጻ?መግዛእቲ ህግደፍ የዕንዋ,hate,hate,hate,hate,hate
1505994111589003268,ጻውዒት ሰላማዊ ሰልፊ ንተጋሩ ነበርቲ አውሮፓ ፋሽስት መንግስቲ አትዮጵያ ምስ መላፍንቱ ፋሽስት መንግስቲ ኤርትራን ተስፋሕፋሕቲ ናይ ትምክሕቲ ሓይልታት ኣምሓራን ኣብ ልዕ,hate,hate,hate,hate,hate
1494608362968915974,አስመራ ጽብቅቲ ?ሕልምናን ቃልስናን ንመጋርያ እንስሳ ?አይበረን ብጀካ ጭፍራ ህግደፍ,hate,hate,hate,abuse,hate
1490924566549778434,@USER መታለልቲ ኢሰያስ ሰዓብቱን ን ኤርትራ ዕርቃና ኣውጺኩማ ኣይትሓፍሩን ካ ተመሊስካ ደላይቲ ጹቡቅ ናይ ኤርትራ ኪትመስል ትጽሕፍ ። ሰብ ዝሰትዮ ማይ ኮሎዎ ከሌእ,hate,hate,hate,hate,hate
1541120152066052096,መርሞ [ሞርሚት] እንታይ ማለት እዩ ዝብል ሕቶ ስለ ዝተልዓለ፥ ካብ ጣልያንኛ ድቃል ቃል እዩ። ጥረ ትርጉሙ denotative meaning ብምስሊ ሰብ ካብ ዕትሮ [ገልዒ] ዝስራሕ ማ,normal,normal,normal,normal,normal
1493807603071266825,ህግደፍ ነቲ ብስደት ዘይጠፍኣ ብዉግእ ነቲ ብዉግእ ከጥፍእዎ ዘይከኣሉ ድማ ብሕማም።,hate,hate,hate,abuse,hate
1500242371430211584,@USER ትኽክል! ከምዛ ናይ ህግደፍ ወያነ ናቶም ከኣ ሻዕብያ ትብል ኣላቶም??,hate,hate,normal,normal,hate
1482475601986564097,@USER ቅድሚ ሕዚ ትግራዋ ብገርህነቱ ቡዙሕ ዕሽሽ እና እናበለ ይሓልፎ ነይሩ ሕዚግና ንሽርሖም ክንዋግኦ አሎና:: ምስዞም ሸያጢን ክፉኣትንኢና ንነብር ነይርና::,hate,hate,hate,abuse,hate
1497749124917121026,ምትእትታው #ህግደፍ ኣብ ትግራይ ይኹን ኣብ ልዕሊ ወያነ ዝወሰዶ ስጉምቲ ብጣዕሚ ኣንኢሱዎ ኢዩ፡ ወያነ እዚ ጥራይ ኣይኮነን ኢዳ። ተቃዋማይ/ ጥዑምዝጊ ወዲ ባሻይ #Mereb_Tv,hate,hate,hate,hate,hate
1514319302698143755,@USER ግብ ኣቢለ ረሲዕዮም ኔሬ፡ እምበኣር ይቃለሱለዉ??? ዲጂታል ወያነ፥ ጻእዳ(ኣሜሪካ) ወያነ ከምኡውን እጭለይ ብግዲ ወያነ( እኒ ትግራይ ትስዕር ኣሰና) ??,hate,hate,hate,normal,hate
1627933572228079616,@USER ትግራይ ደቂ ሓለፍቲ ምስ ገንዘብ ይጻወታ እቶም ድኻታት ብሓይሊ ናብ ኲናት ይጓረቱ ዝተረፉ ዉሕዳት ዕድለኛታት ከኣ ምስ ስንክልኖኦም ሽምዓ ወሊዖም ባዓላት ንምብዓ,hate,hate,normal,normal,hate
1487116764781686792,@USER @USER @USER @USER @USER @USER @USER @USER ህግደፍ ተረፍ ዓሳ,hate,hate,hate,hate,hate
1496739986770702338,@USER ድርባይ ባንዳ ኣለኹ ንምባል ድዩ? ረሳሕ ባንዳ መነዴኻ ሰብ ምስቆፀረካ እዩ። ድቓላ,hate,abuse,abuse,abuse,abuse
1515044527324766212,@USER @USER @USER ኣላ ህግደፍ ኤርትራዊ ፍስሃ ዝረኽበሉ ግዜ ኣብ ልዕሊ መቓብር ህግደፍ እዩ ።,hate,hate,hate,normal,hate
1553259269759373313,@USER ሰብ ደኣ የስእንኻወ ፈራሕ ሓሽከር ባንዳታት ዓድዋ ????,hate,hate,hate,abuse,hate
1509284749701009408,@USER ከማኻ ቆሳላት ቂመኛታት ስለዝኾኑ እዩ ሓይሊ እንተትረክብ ካብ ህግደፍ ንስኻ ምገደድካና,hate,abuse,abuse,abuse,abuse
1595002141265072128,@USER @USER ቁሩብ ኣይትሓፍሩን፡ እዚ ኩሉ መንእሰይ ትግራይ ንመራሕቲ ወያነ ክብል ሃሊቑ፡ ትግራይ ትሓልይላ እንተደኣ ኮይንኪ በሊ ኪዲ ናብ ሜዳ ውረዲ፡,hate,abuse,hate,hate,hate
1493491642124443652,@USER ሓሳድ ሰብን ሓሳድ ዕላማ ሒዙ ዝጓዓዝ እንዳ ሓደር እንዳፈሸለን ከም ሓሙኽሽቲ እንዳ በነን እያ ዝተርፍ። ካብዚ ኸምኦም የድሕነና። ኣብ ዝበጽሕዎ የብሎሙን,hate,hate,normal,abuse,hate
1585884264679510017,@USER @USER ከንቲባ፥ ክንቲት ርእሲ ሒዝካ ኣበይ ከይርድኣካ። ኣብ ዘይመኣድኻ ጦብሎቕ ኣይትበል። ሳርቶኻ ዓቂንካ ደቅስ።,abuse,abuse,abuse,abuse,abuse
1512598985382535179,@USER ኸዳዕ ጠላም ፊንፍንቲ ጨናዊት መልኣከ-ሞት ከንጸላልወኪ ኢዩ ደም ማይካድራ ሕሞራ ቤንሻጉል ብሂዎቱ ዘቃጸሉ ኣኽሱም ዝተረሸኑ ይርእዩኺ ኣለዉ ። ኽትእዉዪ ከሎኺ ኣምላኽ,hate,abuse,abuse,abuse,abuse
1515878489097973761,@USER ሕልሚ ኣይክልከልንዩ። ግን ህግደፍ ይኹን ሻዕብያ ክትከውን ተኾንካ ኣብ ስደት ኮንካ ኣይኮነን ኪድ ኣብ ዓዲ ህግደፍ ኤርትራ ተመለስ ሃገርካ ኣገልግል። ብሱዳን,normal,normal,normal,normal,normal
1636430672221880323,አብ ሽግግር ግዝያዊ መንግስቲ አብዘናሉ እዋን ንዝለዓሉ ዘለው ናይ መንግስቲ ፅልኢት ወረ ገዛኻ ኸፊትካ ንሌባ ምሃብ እዩ።,hate,normal,normal,normal,normal
1512517054384988166,ብወረርቲ ሓይልታት ካብ ዞባ ሰሜን ምዕራብ #ትግራይ ዝተመዛበለት ምርኣይ ዝተስኣና ንእስቲ ብዓፀባ ተፀጊማ፡፡ - For More,hate,normal,normal,normal,normal
1579317893766209536,ኣብ ዓለም ከም #ህዋሓት ፡ እንቁሩዑብ እንከሎ፡ ሓርማዝ ክኸዉን ዝደሊ #ሓሳዊን ከዳሚን ፉንፉኑን ጉዕዙይን ውድብ ርእና ኣይንፈልጥን። GAME IS OVER #EritreaPrevails,hate,hate,hate,hate,hate
1487741033848975362,@USER አንቱም እዚኦም ገፈጥ መፈጥ በየን እዯም ለጊቦምና ሐደ ውርዙይ ዘይብሎም ካብ ዓቢ የብሉ ካብ ንእሽቶ ስራቅቲ ሐስውቲ ጠላማት እቲ ኩሉ ጽዩፍ መንነቶም,hate,hate,hate,abuse,hate
1486264790268153857,@USER @USER ኦይ ብምንታይዮም ኤርትራውያን ብኣሉላ ክኾርዑ? ኣሉላ ረሳሕ,hate,hate,abuse,abuse,hate
1498033223959465987,ብመንፈስ ድኻታት ዝኾኑ ብፁኣን እዮም፤ መንግስተ ሰማያት ናታቶም እያ እሞ። ዝሓዝኑ ብፁኣን እዮም፤ ምፅንናዕ ክረኽቡ እዮም እሞ። ማቴዎስ 5:3-4 ትመ15,normal,normal,normal,normal,normal
1596702589261058048,@USER እንታይ እሞ ሐደ ሚሊዮን መንእሰይ ድራር ጥይት ጌርኩም ዕጫ በዓል ስዩም መስፉን ከይበጽሐኩም ፈሪሕኩም ኢድኩም ሂብኩም።ህዝቢ ትግራይ ክሐተኩም እዩ አቱም ፈራሓት አዛብእ ቀትሪ።,hate,hate,hate,hate,hate
1578829614079954944,ማእከል ዕደና #ክፋእ #ድንቁርናን #ባርነትን ህግደፍ,hate,hate,hate,hate,hate
1599479563603804160,@USER ሓሳዊ ሙዃንካ መቃልዒ መርትዖ። ሕሱር ሰብ ኢኻ ባሓቂ።,abuse,abuse,abuse,abuse,abuse
1496589296597229577,ATV: ባዶ ሰለስተ 03 - ሓንቲ ካብ መንቃማት ትካላት ህግደፍ - ብ ኤደን ኢያሱ via @USER,hate,hate,hate,hate,hate
1618399976241115136,@USER ሓድነት ኣምሓሩኔ ህግደፍን ዶ፥,hate,hate,normal,normal,hate
1563974851412766721,@USER @USER @USER @USER በየናይ ሓንጎልካ ኸርዳኣካ ጸማም,abuse,abuse,abuse,abuse,abuse
1598411022410326041,@USER ሃጠቀጠው ህግደፍ ?ዕላዊ ጻውዒት ከይተገብረላ ?አትያ ተስጊጋ ወጺኣ,hate,hate,hate,abuse,hate
1482486261306777600,ብወረርቲ ሻዕብያን ተስፋሕፋሕቲ ሓይልታት ኣምሓራን መሬት ዓደቦኻ እንትውረርን ህዝብኻ እንትሃልቕን ኣብ ኣዲስ ኣበባ ተሸጕጥካ ንሕና መርገፂና ብሰላማዊ መንገዲ ክፍታሕ እምበር ብረታዊ,hate,hate,hate,hate,hate
1487339159446593537,አብ ወሽጥን ወፃእን እንርከበ ተጋሩ ተስፋ ብዘይ ምቁራፅ ሓድነትና አጣናኽርና ቃልስና ነጣናኽርሃገር ??,normal,normal,normal,normal,normal
1620868225474121728,@USER @USER @USER ህግደፍ ካልእ ዝምጾ?ለዉጢ የለን?ማዕከን ሓሶት,hate,hate,hate,hate,hate
1645501845207490588,@USER ናይ ቀረባ ስጋ ኣዝማዳ፡ በየናይ ዓይና ክትርእዮም?,abuse,abuse,normal,normal,abuse
1507828281407639557,መልሲ፡ ከተማ - ፋፂ ወረዳ - ጉሎመኸዳ ዞባ - ምብራቕ ካብተን ዝገመትኩምወን ከተማታት ሓንቲ እዚኣ እያ። መን ትመስለኩም? #ዓድኹም_ፍለጡ,normal,normal,normal,normal,normal
1485719887179923465,@USER ካብ መዓስ ከዳሚት ወያነ ተቆጺርኪ ቫነሳ ኣብዘይምልከተኪ ወጠምጠም፣ ተሕፍሪ ዜጋ ናትና ምዃንኪ፣ ተጋሩ ንስኺ ከይተወለድኪ ብጥሜትን ዕርቃንን ዝፍለጡ ህዝቢ ኢ,hate,hate,hate,abuse,hate
1554701596902281216,@USER @USER @USER @USER ኣጋመ ርእሲ ዘለዎ ሪኤ ኣይፈልጥን ሽየ። ሓደ ንድኻ፡ ንቆብዕ ጥራይኢኹም ትጥቀሙላ።,hate,hate,hate,hate,hate
1511266427495497734,3ይ ጉባኤ መንእሰያት ህግደፍ - ደቡብ ሱዳን ዕለት 03/04/2022 ኣብ ጁባ ተኻይዱ። #Eritrea,normal,normal,normal,normal,normal
1486615292449112070,@USER @USER መርገጺ ውድብ ወያነ ኣብ ልእላውነት ኤርትራ ንጹር እዩ ::ኣብ ልእላውነት ኤርትራ ንጽር መርገጺ ዘይብሉ ህግደፍን መላፍንቱን ኣምሓራን እዮም :: ናይዚ,hate,hate,hate,normal,hate
1497052247292882996,??? ካብ ባሕሪ ብጭልፋ ግፍዒ ህግደፍ ኣብ ህዝብና : #Eritrea #Tigray @USER @USER @USER @USER @USER,hate,hate,hate,normal,hate
1598810400329539600,@USER ካብዚ ከምዚ ዓይነት ረሳሕ ጸወታን ኣብዘይ ዓቅምኻ ትዕቢትን እንተዘይወጺኽን ብሕጂውን እቲ ዕጫ ካብቲ ናይ ዝሓለፈ 2ዓመት 900 ሽሕ ዝገደደዩ ክኸውን!!! ልቢ ትግራዋይ ጥዋይዋይ,hate,hate,hate,hate,hate
1623806939019763713,@USER @USER ንስኻ ሽምካ ይምስክረልካ ፑሽኪን ኤርትራውያን ጀጋኑ ተሳኢኖም እቶም ብቦምባታት ዝቀዘፉና ሓበን ጌርካዮ ኣይትሓፍርን ጸማም ሓደ ደርፉ ከም ዝ,abuse,abuse,abuse,abuse,abuse
1551622683187707910,@USER መራታት መመረቲኦም ኣመሪቶም ሓቢኦሞ ተመሊሱ ከኣ ንሓዋሩ መራት ሓሳብ ሒዞም ክነብሩ መሪጾም ኣለዉ::,hate,hate,abuse,abuse,hate
1590610564392587264,@USER ኣይትዓይኖ እቲ ጥዑም ደርፊ! ንስኻ ዘይትፈልጦ ኩሉ ጌጋ ማለት ኣይኮነን፣ ሃላይ!,abuse,abuse,abuse,abuse,abuse
1643170244590989313,ሓዳስ ኤርትራ ሰሉስ 4 ሚያዝያ 2023 ??,normal,normal,normal,normal,normal
1487902955466629127,@USER @USER ንስኻ ዓጋመ ኢኻ፡ ብዛዕባ ኤርትራውያን እንታይ ይምልከተካ??? ጽባሕ ንግሆ መጻኢ ዘይብልካ ከይትተርፍ ብዛዕባ ህዝቢ ዓጋመኻ ሕሰብ። እምበር ብኤርትራውያ,hate,hate,hate,abuse,hate
1596616503734202368,ውድብ ህውሓት ምንም ከምዘይተፈጠረ ባንዴራ እዛ ጠላም ሃገር ጠቂዓቶ መፂኣ ኣላ ???? ውድብ ዝኣመነ ጉም ዝዘገነ! #TigrayDeserveBetter,hate,hate,hate,hate,hate
1491681158144446464,@USER ኣብ ህግደፍ ዘሎ፡ ኣብ ህግ ዘይነበረ ኣሎ? ሽሞም ስለዝቐየሩ፡ ወላ ብድሕሪ ሕጂዉን ተቐየርዎ፡ ንዓይ ኣይገርመንን እዩ። ባህሪኦምን፡ ሰቦምን ሕደ ሰባት እዮም። ስለዚ ንዓይ ክልቲኦም ሕደ እዮም!!!!!,hate,hate,normal,normal,hate
1658111964088877056,@USER ብልሹውቲ ስርዓት ህግደፍ ልክዕ ከም ዝሓለውፉ ስርዓታት ተጠቅሊላ ክትጓሓፍ ኢያ። ንህዝብና ግን ኣደዳ ዘይተኣደነ ዕዳ፤ መሬትና ከኣ ኣደዳ ኣሲድን ጉዳጉድን ብምግባ,hate,hate,hate,hate,hate
1639208172165447681,@USER ንኣማኢት ኣሻሓት መንእሰያት ትግራይ ደመ ድሙ ስለ ዝገበረ ድኹም ተጋሩ ንደብረጽዮን ክምስገን ትደልዩ ዘለኹም? የህባይ!!!,hate,abuse,abuse,abuse,abuse
1483193984847650820,ድንቁርና ፈራህ ሓሳዊ ጠላም ሱሱዕ ቂመኛ ሕሱር ጨካን,abuse,abuse,abuse,abuse,abuse
1573560215772987400,@USER ሰክት ኢናዓል ኣዳኻሪ! ኤርትራ ሲኦል ተቐይራ ዘለ ብዓማጺ ምልኪ ውልቀ መላኺ ኢሰያስ እያ። ዕድሜና ሙሉእ ክተዳናግሩና ኣይትፈትኑ። ሰነፍ,hate,abuse,abuse,abuse,abuse
1504890524456652806,@USER ግዶፎም ዞም ረሳሓት እድመ ልወያነ ስብ ገይሩዎም እዚኦም ዞም ጨነውቲ ኣጆና ክወግሕ እዩ,hate,hate,hate,abuse,hate
1643385498398781442,ህግደፍ ጸረ ልምዓት ?ሓንጎሎም ቦንብ ?ጥራይ ኢዩ,hate,hate,hate,hate,hate
1496577408069156868,ኣብ ፈለማ ህግደፍን ደርግን ኣንጻር ህዝቢ #Tigray ዝዎልዕዎ ኵናት:ብቕጽበትየ ኮኒነዮ ይኹን እምበር ገለ ተቓዎምቲ???? ሱቕ ምባሎም ኣስደሚሙና እና ሃለወ:ንዓይ ናይ #Eritrea,hate,normal,normal,normal,normal
1601278250604728322,@USER ካብ ኣብ ቤት እግዚኣብሔር እትገብሩ ሓቅነትን ትብዓትን እንተ ሃልይኩም ምስ ደገፍቲ ህግደፍ ኣብ ኢምባሲ ኮነ ኣብ ኣኬባታቶም ዘይትገብሮ። ናይ ጸጥታ ስለ ዘለዉ ትብዓ,hate,hate,normal,normal,hate
1516265407820320769,@USER @USER እዚ ኹሉ ጸገም መን ኢዩ ተሐታቲ ?መን ጥጣበቅቲ ስደተኛታት ጌሩኩም ኤርትራ ብህግደፍ ምስተጨውየት መን ኢዩ ኮፍ ክብል ኣብዛ ኣሾኽ ዝተዘረኣ ሀገረ #Eritrea.,hate,hate,hate,hate,hate
1642929412235575301,ኤርይራውያን (ደገፍቲ ህግደፍ) ምስ ኢትዮጵያን ከምዘይሓበርና ንወያነ በይንና ኣይመሸንፍናያን ኢሎም ይኣምኑ ፥ ኢትዮጵያውያን (ደገፍቲ ፒፒን ብፒፒ ዝተደናገሩን) ብወገኖም ሻዕብያ ባያግዘን ኣልቆልን ነበር ይብሉ።,hate,hate,hate,normal,hate
1656941043907002368,ሰላም አሕዋት አሐት ከመይ ቀኒኹም ስርዓት ህግደፍ ከምዚ አብ ላዕሊ ትሪእዎ ንዕለት 27 ጉንበት አደራሽ አብ ሶልና ሃለን(Solna hallen) ሂዙ ስለዘሎ ኩልና ብአዚ ዝስዕብ ቁጽሪ,hate,hate,normal,normal,hate
1493309681237958659,@USER @USER ተመስገን ካብዞም አህዛብ ብሞት ትግራዋይ ለባጭዩ ልገላገልካና።,hate,hate,hate,normal,hate
1508857382897651728,@USER ኣብ እግሪ ኣምሓሩ ተጐምቢሕኩም ትፋእኹም ትልሕሱ ኣለኹም ደቂ ህግደፍ ?? ነቲ ክቡር ህዝቢ ኤርትራ ኣዋሪድክሞ ??,hate,hate,hate,abuse,hate
1515366609665331221,#መበል 16 ዋዕላ መንእሰያት ህግደፍ???? ኣብ ኤዉሮጳ መቀጸልታ ቅኑዕ ስነ ሓሳብ ህግ ንኣብ ዉሽጥን ወጻእን ዘሎ መንእሰይ ከም ቀላስን ተቀባል ሕድርን መጠን ንቅሓቱ ክብ ኣቢሉ ንኩሉ,normal,normal,normal,normal,normal
1515442791366672394,@USER @USER መዓሰይ እዩ ከቲቱ ? ማለት ኣብ መቐለ ክንደይ ግዜ እዩ ጌሩ ምስ ወያነ ? ማለት ሓደ ዕሱብ ናይ ወያ,hate,hate,abuse,abuse,hate
1561392882652700673,@USER @USER ሞራል አኮ አዩ ዘይብልኩም ክትዛረቡ ናይ ዓድኹም ግበሩ ምስ ክለተ ባሓርኹም ዝጠመኹም ፎቖድኡ ሪጋ ማይ ህዝቡኹም ብጥምየት ሞይቱ ኣደታትኩም ኮ,hate,hate,hate,abuse,hate
1590246010042785792,@USER ጽቡቕ ገበርዎ ከዳዕ ብኸብዱ ዝሓድር ሸያጢ ሕልና ድኹም,abuse,abuse,abuse,abuse,abuse
1496606710089326602,@USER @USER @USER የጸብቆ !! እምበር እታ ዘረባኳ ሎሚ ቀይሕ ባሕሪ፣ ድሕሪ ግዜ ድማ ካልእ ቦታታት . .ድኻታት ኮይንናኮ ኣይንነብርን,hate,normal,normal,normal,normal
1587547284543504384,@USER ሳሕሳሕ። ባድመ ብሰላም ኣቢኹም ብመጽፋዕቲ ወጺኹም እለኹም። ድሕሪ ሕጂ ህዝቢ ኢትዮጵያ ንስሱዕ ሕልምኹም ከሳሲ ሂወቱ ኣይከፍለልኩምን ኢዩ።,hate,hate,abuse,abuse,hate
1647011908023640065,@USER ህግደፍ ሽፍታ ናይ ሳሕል ጠላሚ ሕድሪ ስውአቱን ህዝቡን ሃገሩን ሕጊ እንታይ አፍሊጥዎ? እዚ ማፍያ ዝኾነ ስርዓት ናይ ሕጊ ትርጉም ዝፈልጥን ዘኽብርን እንተዝኸውን,hate,hate,hate,hate,hate
1505262198054137866,ብሽም ትግራይ ዝተኸፈታ ብዙሓት ናይ Youtube ቻናላት ብጀካ ኣዝየን ውሑዳት ንትግራይ #ሓገዝ ዘይኮነስ ዕዳ ዘምፅኣ የን። ድምፂ ወያነን ቴለቭዥን ትግራይን ትምህርቲ ወሲደን ስቅ,normal,normal,normal,normal,normal
1653630041438265344,@USER ንምንታይ ኢኻ ሕጂውን ሰላም ዘይትደሊ ፡ ከም ምሑር ሰብ ክኣምነካ ኢዩ ። ኣብ ጣውላ ቐሪብካ ሰላም ተቐቢልካ ፡ ስለምንታይ ሕጂ ሕዝቢ ትግራይ ምስ ህዝቢ,abuse,normal,abuse,normal,abuse
1562195784338051072,@USER ክክክክክክክክ ኣየ ኣምበሳ ጸባ ኣስቲኻና ጸባ ስተ ኣድግስ ካብ ሙማታስ ምጉታታ ህግደፍ ህሩማት ርእሲ ክኣ ካብ ዘረባ ሓሊፍክን ተምጽኦኦ የብልክንን ደቂ ኾማሪት,hate,hate,hate,hate,hate
1499074922819293187,ትማል ድሕሪ ዕንደራ ጉጅለ ሸበራ ወያነ፡ ብጠለብ አሜሪካን ኤሮጳውን፣ ንኤርትራ ንምቕጻዕ ን11 ግዜ ዝተአከበ ባይቶ ጸጥታ ሕቡራት ሃገራት፡ ብምንጻግ ሩስያን ቻይናን፡ ውሳኔ ካብ ምሕላ,hate,hate,hate,hate,hate
1542918455221002241,ዘይፀሓፍኩም ሎሚ ንምንታይ ህወሓት እንትንቀፍ ቆርበትኩም ትሓኩ? ኣበይ ነይርኩም? እዚ ዘረባ ዓሻ ዘረባ ኣለም ተቓዊሙ ሕደጉ ዝበለ የለን።,hate,normal,abuse,abuse,abuse
1564714188785815554,@USER ሕድሪ ስውአትና ብህግደፍ ተጠሊሙ,hate,hate,hate,normal,hate
1505825802469916676,ንዓና ን ኤርትራውያን መለስ ሞተ ኣቢይ መጸ ኣይኮነን ዘገድሰና ኩሎም ሓደ ስለዝኮኑ ። ንዓና ዘገድሰና ግን ክብርታት ኤርትራን ህዝባን ኣክቢሩ ዝከይድ እዩ። መለስ ከዳዕ ፡ Dr ኣቢይ እውን ካብ መምህሩ መለስ ዘይሓይሽ።,hate,hate,abuse,abuse,hate
1612887587315662848,@USER 20 ዓመት ኣብዛኛው ጉድጓድ ዝነበሩ በካዕ ሌባ በሎ,abuse,abuse,abuse,abuse,abuse
1635682772747419649,@USER ያኣኸ ምስ መን ክትዋጋእ ርሙስ ወያነ ዝተመናነሃ በየናይ ዓቕሚ ኣመሪካ ግበሩ እንተይልዋም ንድሕሪት የለን ከም ከልቢ ዋንኡ ዝእዝዞ,hate,hate,hate,hate,hate
1514537900691664896,ATV: ዘተ ኣብ እዋናዊ ጉዳያት - ጽንጽንታ ኲናት ህግደፍን ኣመታቱን - ምስ ኣማኑኤል ኢያሱ - Zelenayo Show - ዮዲት እምባየ,hate,normal,normal,normal,normal
1646402071489380352,ኣቶ @USER ኣብ ዋልታ ናይ ኢትዮጵያ ሚድያ ቐሪቡ ኻብ ዝተዋረቦም! ?? ሓፋሽ ሎሚኻ ይበርሃልኻ ዶ ኣሎ!???,normal,normal,normal,normal,normal
1572333119386042370,@USER ድርባይ ኣተዓባብያ ዝበደላ ድቓላ ኣመንዝራ መቐለ ተጋሩ ኣግፊሖም ደርብዮምኺ እዮም ሃለው እንተበልኪ መን ቑሊሕ ክብለኪ::,abuse,abuse,abuse,abuse,abuse
1482859735028224014,ናይ ጥዕና መሳለጢ ክቅርብ ዘይክእል ህግደፍ፥ ክንደይ ሚሊዮናት ኣብ ኩናት ትግራይ የጥፍእ ኣሎ። ዝነኣድ ተበግሶ፥ ዓቢ ግብረ ሰናይ፥ ናይ ብሓቂ!!,hate,hate,hate,abuse,hate
1516602131855417347,ንሱ ንፖሮፖጋንዳ ህግደፍ ?ንሳ ከኣ ሂወታ ክትከፍል ዝተሳእልዋ ?ስእሊ ?ናይ እንዳ ድምጺ ሓሶት አባላት,hate,hate,hate,hate,hate
1481105502352416772,@USER ካብዝኹሉ ሽግር እና ምልቅቃስ እቶም ሓሳዳት በላዕቲ ንፁሃትን ከሓድቲ ሀገሮም ወንጀለኛታት አህሊፍኩም ዘይትህቡ።,hate,hate,hate,hate,hate
1616157338175512576,@USER @USER ሓሳዊት፤ ኣዴኺ ኣብ ፅቡቕ ኣላ ኣዴታት ትግራይ ግን እክሊ፥ ገንዘብ ይኹን መድሓኒት ከይረኽባ 360 ተዓፅየን ይዕመፃን ይሞታን አለዋ። ንስኺ ድማ ን,abuse,abuse,abuse,abuse,abuse
1654943902674087939,@USER ስደት መወሰኽታ እዩ እመስለኒ። ትምህርትስ ኣብ ገዛኻን ኣብ ዓድኻን ደኣ!,normal,normal,normal,normal,normal
1598051370804064256,@USER መልእኽትኻ ንመንዩ ንዓይ ወይስ ንከዳሚ ኣሉላ? ኣጸሓሕፋኻ ንጹር ኣይኮነን!,abuse,abuse,abuse,abuse,abuse
1477420553090867200,ህዝብና ካብ ኣብዓላ ብመንነቱ መሰረት ብጥሜትን መከራን ኣብ ዓዘቅቲ ተሸሚሙ ይርከብ። ወረርቲ ሓይልታት ወፍሪ ዘርኢ ምፅናት ትግራይ ብዝለዓለ ኩነት ይቅፅልሉ ኣለው። ንምሕረት ህዝብና,hate,hate,normal,normal,hate
1506366154008403976,@USER ካብ ህግደፍ ጽቡቕ ምጽባይ ኣብ ኤርፖርት ኮንካ መርከብ ምጽባይ ማለትዩ.sad,hate,hate,hate,hate,hate
1639719461405048834,ኣንባሳደር ወዲ ባሻይ ናብ ቤት ማሰርቲ ልኢኽካ . ብደቂ ዑናይ ጉናይ ቆንስላት ትምእዘዝ። ሕጂ እዚ ካብ ምስካም ኩርሲ ዝተገላልገለ ባርያ . ንኹላ እዛ ከዳዕ ኣብቲ ማሕ,hate,abuse,abuse,abuse,abuse
1509822447532621854,@USER ብስሩ እውን እኮ እንዳህዋሓት ክንወቅሶም ንኽእል ንሕና እምበር ልዕሊ 500መዓልቲ ወቃዕትን በትሪ አቀበልትን ኮይኖም ልዕሊ ፀላኢ ዝበደሉና ይሁዳታት ቀደም ዝቀበፅናዮም ባንዳታት ሕጂ ታይ ይምልከቶም።,hate,hate,abuse,abuse,hate
1573758254517207040,4.ዕኑድ ደምበ silent majority.ሃገር ብናይ ውሽጥን ናይ ደገን ከዳዓት ክትዓኑ እንዳረእዩ በቲ ሓሳዊ ናይ ስቕታ ባህርያቶም ንሞት ሃገሮም ብተመስጦ ዝዕዘቡ ህዋሳቶም ዝኾብለለ ዓሌት ፔርሙዳ ትርያንግል!,hate,hate,abuse,abuse,hate
1481392863405658119,@USER ሰብ ተጋጊካ ኣለካ፥ ኣያ። ሓለቃኻ፥ ዛኪ.ገንዘብ ኣዋጽኡ ኣይጀመረን ድዩ? መስኪናይ፥ ካብ ህግደፍ ሃዲምካ፥ ናብ ህግደፍ ክኮኑ ዝሰርሑ፥ ውልቀሰባት ተሓዊስካ። #ዱርቡሽ,hate,hate,normal,abuse,hate
1515708028716212228,@USER @USER ንዓካ ኢዮም ቤት-ማእስርቲ ዝስርሕዎ ዘለዉ . ፎሽኻል ሓሳዊ,abuse,abuse,abuse,abuse,abuse
1509593666985279507,@USER ናይ ዛርቲ ውቅዒት እኮ ሃጥ እንተበለት ክልተ ሰሙን እዩ ቀንፈዘው ዘብለካ ፤ ናይዛ በጨ ግን ገባ እዩ ብልሃታ ኣይተፈለጠን፡፡,abuse,abuse,abuse,abuse,abuse
1633385971856072711,@USER ዓሻ ደኣ ንስኺ እንዲኺ፡ ርእሲ እንተለኪ ነቲ ንሳ ዝበለቶ ሓቂ ዶ ኣይሓቅን ስለምንታይ ከ ንነብስኺ ሕተቲ፡ ኣቦኣ ካብዘይትሪኢ ልዕሊ 20 ዓመት ብዘይ ፍርዲ ኣብ ጸል,abuse,abuse,abuse,abuse,abuse
1629043117977399296,@USER ሽርሕን ጉርሕን ህግደፍ! ኩናቶም፥ ዓመጾም ኣብ ንጹሃት ሰባት ህዝባዊ መልክዕ ክትሕዝዎ ይፍቱኑ። የለናላን ደኣ ንበሎም ሕጂስ!,hate,hate,hate,normal,hate
1477486407585124355,ባርያን ግዙእ ኣራዊት ሻዕቢያ ረኺቡዋ በትሪ ወይን ዝተርፈሉ መሲሉዎ ነይሩ !ትግራይ ዓደይ ቀሪብና ክንትንፍስ ! ኣጆኻ ህዝበይ ዉሉድኻ ወፊሩ ይእቶ።,hate,hate,hate,hate,hate
1592604854694072320,እዚ ጉጅለ ህግደፍ ምስ ጉጅለ ህዉሓት ሓንቲ ዘይተመሳስሎም ጥራይ: ህግደፍ ዝለዓለ ቶንኮል ስለዘለዎዪ:: ንዓሻ :ቶንከኮለኛ ይስዕሮ: ንተንኮለኛ ድማ ጎራሕ ይድርዕሞ:: ኣግኣዝያን ካ,hate,hate,hate,normal,hate
1608986113473155072,ካብ ንህግደፍ ምጥፋእ ንደገፍቱ ምጥፋእ ።,hate,hate,hate,hate,hate
1565422092354555905,@USER @USER ኣታ ሌባ ታኒካ ክንረኣኣይ ኢና።,abuse,abuse,abuse,abuse,abuse
1590999170244300802,ሃብዎ ወታሃደራቱ ጨወይቲ በላዕቲ ሰብ ሰራቂ ዝኾነ መንግስቲ አሸባሪ ቀሪብካ ኢኻ ጭፍራ ህግደፍ ክትቅበራ ባራዩ,hate,hate,hate,hate,hate
1612556586626555904,ሳሕል ወሪድና እንታይ ኣምጺእና ዝበለና ሎሚ ክኣ ን ታ ክልተ ዓመት ሙሉእ ኣብ ልዕሊ ህዝቢ ትግራይ ዝተገብረ ገበናት ጸማም እዝኒ ሂባቶ ኢልና ዝኸሰስናያ @USER የማነ ናይ,hate,hate,normal,normal,hate
1484082204607193093,ህግደፍ ኣብ መላእ ዓለም ብወለንትኦም ዝተሓየሩ ባራዩ (እንስሳ) ኣሎዉዎ ።,hate,hate,hate,hate,hate
1568884281799327745,@USER ኣላትኒ ሓንቲ ሓዳስ ዜና ኣሰና ሓንቲ ሓሳዊት ለኽባጥ ን ህዝቢ ፋሕፋሕ እተብል ሜድያ እያ። ኢልካ እባ የሕልፈለይ,hate,hate,abuse,abuse,hate
1564686304792674305,@USER መንደላይ መንደላይ ኢልኩም እባ ርእሲ ርእሶም ከተጫፍልቅዎ ደሊኩም ከምዛ ናይ ጀርመን መራሰንቲ ብፍላይ ኣቲን ዓጣሮ ደገፍቲ ህግደፍ።,hate,abuse,abuse,abuse,abuse
1641339627884752896,እዛ ኹላ ባርያ ህግደፍ ኣብ ስደት ዘላ ትማሊ ኣብ ጎድኒ ሰራዊተይ ትብል ዝነበረት በዛ ስእሊ እዚኣ ይግለጹ።ደቂ ድኻ ተገፊፎምን ገዝኦም ተዓጽዩን ኣብ ትግራይ ክሞቱ ንሶም ይስዕስዑ።1,hate,hate,abuse,abuse,hate
1501262667444625408,@USER ?? እንትርፎ ብረት ዝተሰከመት ፡ ገጻ ዝተበንጨረ ካልእ ኣብነት ዘየቕርቡ ጠፋሻት ህግደፍ,hate,hate,hate,hate,hate
1596057827063189504,እረ እንዳ ህግደፍ እማ ድማ ካልኣይ የብሎምን ።,hate,hate,hate,normal,hate
1481374229761253378,ብዘይካ ኢሰያስን ቁንጮ ህግደፍን ኣንጻር ኤርትራን ህዝባን ዝቀንዔ ፍጡር የለን,hate,hate,hate,hate,hate
1499970156038078467,@USER @USER ኣቱም በካዓት እንኳዕ ወዲ ኣፎም መራሒኩም ኮን በታቲኑ ፍርቅኩም ሰረቅቲ ማንካ ፍርቅኩም ድራር ዓሳ ፍርቅኩም ሓለውቱን ንስልጣኑ መወትን ገበረኩም,hate,hate,hate,abuse,hate
1633842808300924936,@USER ባንዳታት ተኣኪቦምስያ ስለ ትግራይ ህዝቢ ሓለይቲ መሲለን መንቆሮ ሰረቅቲ ስርናይ,hate,hate,hate,hate,hate
1555955616903987202,ነዞም ነቃዓት ርእሲ ህግደፍ ክርዶኦም ኢሎም እዮም ብትግርኛ ጽሒፎምሎም,hate,hate,abuse,abuse,hate
1510539618734821378,@USER @USER ኣንታ ግደፍ ብሰንኪ ህግደፍ ኣብ ስደት ንሕድ ሕዶም ዝቃተሉ ዘለው ኣብ ፎቖዶ ስደት ዝሳቐዩ ዘለው ኤርትራውያን ማስቃ ከየውርደልካ,normal,normal,normal,normal,normal
1490593905829724161,ካብ 1998-2018 ኩሉ ዝከኣሎምን ልዕሊ ዓቅምኩን ብሓገዝ ሓያላት ዝገበርኩሞ ኣይትረስዕዎ፡ቀንዲ ስራሕ ህዝቢ ኤርትራ ዝፈጠራ ወያነ ሓንሳብን ንሓዋሩን ምድምሳስ እዩ፡ኣብዚ ጉዳይ ኣብ,hate,hate,hate,hate,hate
1514680735436787718,@USER ኣቱም ውሩዳት ከምቶም ፀላት ተዓፃፅፍኩም ስርሑ ንሱ ፈልጡ ካብ 4ወይ 1 ወርሕ ሓንት መተዓሻሸው ኢንዳላከ ህዝብና የፅንት ኣሎ ንስኩም መቀለ ሕዝኩም ዕንኪልል ጥራሕ ኮይኑ ስራሕኩም ወራዳታት,hate,hate,abuse,abuse,hate
1558858350166687744,@USER @USER ህግደፍ፥ ኣብ መሬቶም ኣትዩ፥ ቆልዖም ኣንስቶምን ዓጢቆም ድማ፥ ካብ ገዛእ መሬቶም ሓግ ሔጎም ኣውጺኦም። እቲ ሓቂ ግን፥ ህግደፍ ጽሓታሪ ኩናትን ህውከትንዩ።,hate,hate,hate,hate,hate
1516827830633566213,ንብረት ምዕራብ ትግራይ በቶም ጨካናት ወረርቲ ሓይልታት ኣምሓራን ኤርትራን ወሪሮም ናብ ጎንደርን ካልኦት ከባብታት ኣምሓራን የግዕዝዎ ኣለዉ??stop gonocide on tigray??,hate,hate,hate,normal,hate
1499849666946547716,@USER ከዳሚ ኣብ ኣፍሪቃ ከዳሚ ኣብ ኤውሮጳ ተረኺቦም። ትግራይ ከዳሚት ናይ ኣሜሪካን ምዕራብን:ዩክሬን ክኣ ከምኡ። ስለዚ ንክድምና:ኤርትራ ብመትከል ኢያ ት,hate,hate,hate,hate,hate
1624685112079032320,@USER ከም በዓል ሸያኒ ዶክተር ኣሰፋው ጅግና ናይ ኢንተርኔት ኣበይ ከነእትዎ?,abuse,normal,abuse,abuse,abuse
1498900117386108929,#TDFይ ጅግንነተ ወለዱ ወረሱ ዘይሕለፍ ውሑጃት ጢሒሱ ፀላእቱ ደምሲሱ ንባዕሉ ደሙ ኣፍሲሱ እዕፅምቱ ከስኪሱ ንብዓት ህዝቡ ሓቢሱ ካብ ቀዳሞት ወያነ ታሪክ ወሪሱ ዝፈርስ ዘይመስል ፀ,normal,normal,normal,normal,normal
1498895749345681414,ታሪክና ድማ ክሕደስ እዩ ንዝውለዱ ወልድኻ እዚ መን እዩ ኢሉም ምስ ዚሓትካ ንስኻ ከምዚ በሎም ጅግና ጀነራል ኣሉላ ኣባ ነጋ አብነት እይግዛእን በሃሊ ካብ መግዛእቲ ካብ ቤት ባርነት,normal,normal,normal,normal,normal
1597521134899015681,@USER ኣኽሱም ሽረ ዓድዋን ምዕራብ ትግራይን ንፀላኢ ኣሕሊፉ ዝሃበ ጠላም ውድብ ዝመርሕ በለ ኣይበለ ተግባሩ ህዝቢ ምዕራብ ይተሓተት,hate,hate,hate,hate,hate
1489679916190867458,ኩቡራት ደለይቲ ፍትሒ : ዝኾነ ይኹን ንልእላውነት ኤርትራ ዝትንክፍ ብዘይ ኣፈላላይ ይቓዎሙ እዮም:: እዞም መላፍንቲ #ፍኖ???? ዝኾኑ ደገፍቲ ጭፍራ ህግደፍ ግን ኣምሓሩ ወይ ኦሮሞ ን,hate,hate,hate,hate,hate
1636453912768028682,@USER ጸማም ሓደ ደርፉ። ድኻ ለማኒ። ልመና ትመልኮ ስራሕ እዩ።,abuse,abuse,abuse,abuse,abuse
1593183291682979840,Proverbs 21 (ትግ) - ምሳሌ 20: ኣብ ቤት ጥበበኛ ኽቡር መዝገብን ዘይትን ኣሎ፡ ዓሻ ሰብ ግና ይውሕጦ።,normal,normal,normal,abuse,normal
1603137665041326081,@USER ምስ ኤርትራዊ ኣይትወዳደር። ምሳና ክትወዳደር ኢልካ ኣይትሕሰብ፡። ማራ ከቢድ ንዕቀት እዩ ዘለና ኣብ ልዕሊ ዓጋመ ተጋሩ። ኣነ ብወገነይ ትግራዋይ ከም ሰብ ኣይቆጽሮን እየ። ትሕቲ ሰብ ረሳሕ።,hate,hate,hate,hate,hate
1562013955958136833,#EritreanFestival እቶም ምስ ደርጊ ወጊኖም ዝነበሩ ኤርትራውያን ኣበይ ኣሎው?? ንህግደፍ ተሻድኑ ዘሎኹምከ ሐሲብኩሙሉዶ ኣሎኹም??,hate,hate,normal,normal,hate
1552554148750626818,@USER @USER ትግርኛ ናትኪ ናይበይንኺ ቋንቋ ዝገበሮ መን እዩ:: በጥራዕራዕ አይትበሊ:: በጥራዕ!,abuse,abuse,abuse,abuse,abuse
1484083998867566593,ከምበዓል እዚኦም ዘኣመሰሉ ደደብ ኣምሓሩ ኣክትፍስት እና በሃልቲ። ክቅንጸልሉ ኣለዎም ነዚኦም ብትኩረት ክረኣዩ ኣለዎም ኣብ ቲሕቲ ህ፡ግ ክኣቱ ኣለዎ ወዲ ጉማማ,hate,hate,hate,abuse,hate
1507630316764213249,@USER ኣዚኦም ናይ ጥፍኣት ሃወርያ እዮም ፡ ምስቲ ዕሱብ ናይ ወያነ ወርሓዊ ኣብ ሕሳቡ ኣታዊ እንተዘይ ጌሮሙሉ ዘፈራርሖም ማርቲን ፓውል ፡ነዞም ተጎሮ ሃገር ዝኾኑ መዊሉ,hate,hate,hate,abuse,hate
1655869887481360389,@USER ጓል ባሕሪ፣ እኒሀውልኺ ኣያኺ ይነብዑ ኣለዉ። ትግራዋይ ኣይኮነን ዘንበዖም፤ ከማኺ ዝበሉ ጊላታት ኢሳያስ ግን ስቓይ ኻሊእ ተሪፉ ስቓይ ወለድኹምውን ኣይስመዐ,hate,abuse,abuse,abuse,abuse
1480698010560765954,ሓቂ መቸም ተሕሞ እያ ሎሚ ቦሊኩኒ ዝሃላይ,abuse,abuse,abuse,abuse,abuse
1551708252223717376,@USER @USER ብጽልኢ ዝተላዕጠጠ ርእሲ ነብሰ ቅትለት ጥራይ እዩ ክገብር ዝክእል በራዩ ውልቀ መላኪ ንህዝብና ድኣ ናበደራዕ ከተእትውዎ በር ህግደፍ ወይ ህግ,hate,hate,abuse,abuse,hate
1637881884129501191,@USER ብብዓል ንስኻትኩም ባንዳታት ዝላዓል ኣይኮነን ህዝቢ ትግራይ ወዲ ርግምቲ ረሳሕ,hate,hate,hate,hate,hate
1502693001864560640,አቃጣሪ ትግራዋይ ኮይንካ ምስ ብልፅግና ትድግፍ አስተውዕል ንነብስካ ፅባሕ እውን ንዓካ እዩ እቲ ግፍዒ ደደብ አምሓራይ ዝገብሮ ዘሎ ፅባሕ ናባካ እዩ እሞ ተምሃር ዝሓለፍ ነገራት::,hate,hate,hate,abuse,hate
1633360193466810368,@USER @USER @USER @USER ህግደፍ ኢኺ ይመስለኒ Martin እኮ ዳርጋ TDF ኮይኑ እዩ ንህዝብና ዝቃለስ ዘነበረ እዩ,hate,abuse,abuse,abuse,abuse
1490235099505377283,አብ ዘሓለፈ 30 ዓመታት በሰንኪ ጃንዳ ወያነ ማለሊት አብ ልዕሊ ህዝቢ አምሓራ ኤርትራ ሶማልን ኦሮሞ በሓፈሻ አብ ቀርኒ አፍሪካ ዝተፈፀመ ግፍዒን ፀገም ከምኡን ጂኖሳይድ ናይ ትግራ,hate,hate,hate,hate,hate
1649126795856183296,@USER እቲ ሰራቂ ሓውካ ኣፀቢቁ እዩ ሰቢኩካ ንምኳኑ እቲ ቀደም ኣበል ከፋላይ ኢካ ኔርካ ለቅላቂ ካድረ ሎሚ ተግልቢጥካ ትግራዋይ እየ ገለታት ክብል ኣይትሓፍርን ግ,hate,abuse,abuse,abuse,abuse
1623241169999220738,@USER ኣይትተሃወኹ ሸብዳዕዳዕ ኣየዋጽእን ኢዩ ብኸብድኻ ጥራሕ ኮይኑ ምዝራብ ኣየ ኤርትራዊ ማለት ጭውነት ሓንሳብ ስኑ ምስነኸሰ ሚኒን ምባል ዘይፈቱ,normal,normal,normal,abuse,normal
1567609408334561281,@USER ንህግደፍ ክትጠፍእ ኢና ምስ ህውሓት ዝሰርሕ 44 ።,hate,hate,hate,hate,hate
1609419072306823169,@USER ዋይ ዞም ትሕቲ ሰብ ሰረቅቲ ጀሪካን እዛ ቅድስቲ መሬት አራኺሶማ ኤህ አብይ አሕመድ ዕድመ ልክዕኻ አብ ውሉድ ውላድኻ ትረኽባ ኢኻ,hate,hate,hate,abuse,hate
1564508392630001665,@USER ጉሐፍ ዝስዕበካ የለን እንትርፎ እቶም ድቓላን አምሐሩን,hate,hate,abuse,abuse,hate
1622896613009006592,@USER ክሳብ ሐዚ ዘይ ኣብ ባርነት እዅም መከረኛ ድኻ ኤርትራዊ,hate,hate,hate,normal,hate
1597354119458484224,@USER ሱሳስ አላታ እዛ ነገር! አበይ ደኣ ኔርኩም ክሳብ ሎሚ እንዳ ህግደፍ መንደፍ???,hate,hate,hate,hate,hate
1507828457815875592,@USER @USER @USER ሰራቂ ድስቲ ሸሀነ እንታይአዴኻ አእተወካ።። ዓዲ እንተሀሊይካ ናይባእልኻ ዘይትገብር . ትግራይ ሀገዝ ክተረክብ ትኸውን እያ,abuse,abuse,abuse,abuse,abuse
1502833784932208640,@USER @USER @USER ምስዞም ሃሱሳት ናይ ህግደፍ ኮለል ምባልዩ ሕማቕ እምበር ጸሪፍካ ምጉሓፎም ኣይጽላእን :: እቲ ቀንዲ ኣዕቢድዎ,hate,hate,hate,hate,hate
1486449566589329417,@USER ኣንታ እዚኦም ጸማም ሓንቲ ደርፉ እዮም በጃካ ፣ ኣብ ክንዲ እቲ ህዝቢታት ዝጸንት ዘሎ ውልቀመላኺ ፣ኣብ ኢድና ዘየለ ጉጅለ ውልቀመላኺ ኢስያስ ዝመንጠለና ከይውስድ ዘየ,hate,hate,hate,abuse,hate
1577731519761846279,@USER @USER ባንዳታት ትግራይ ካብ ጣሊያን ወራሪ ሰርተፊኬት ተቀበልዎም ፈሊጡ ዘሎ ?? ድሮም እከክ አሁንም እከክ ??,hate,hate,hate,hate,hate
1492770458101551105,@USER @USER ቴድሮስ ኣድሓኖም:ቀንዲ ኣባል ስርዓት ግብረ ሽበራዊት ወያነ እንድዩ! ናይ WHO ስርሑ ገዲፉ ብዛዕባ ናይ ወያነ ክጽሕፍ ዝውዕል:ብዛዕባ ኲ,hate,hate,abuse,abuse,hate
1580804991555538945,@USER ካድረታት ደቂ ማለሊት ቤተሰብ ምጉጅጃል ቤተስርቆት ስብሃት ነጋ ባንዳታት ዕስለታት ዓድዋ ተፋለጥወን።,hate,hate,hate,hate,hate
1478919432990715907,@USER ይህን አይቶ የሚስቅ ኤርትራዊ የለም ለአማራው ገና ኢሳያስ ትግሬ መሆኑ አላወቁም የተምቤን ልጅ ፣ ኤርትራ ንኤርትራውያን ዓጋመ ኣየድልየና ኣምሓራይ ኣየድልየና።,hate,hate,hate,hate,hate
1657633397806714881,@USER ኣብ ኢንተርቪው ግን ፈጠጥ ፈጠጥ ክትብል ሪኤካ ነይረ ኣብዚ መጺካ መጸጸጽ ኣይትበል ! ድሁል,abuse,abuse,abuse,abuse,abuse
1594140301656215552,@USER ሒኔ ቀራናት?ናብ ደቀኩም ሃቡኒ?ወይ ተአስር?ኮማሮ ህግደፍ ኣብ ወጻኢ ?የጣቅዑ,hate,hate,abuse,abuse,hate
1499876469379674115,ንግፍዕታት ህግደፍ ኣብ ትግራይ ክትሽፍን ፈቲንካ ጥራይ ዘይኮነስ ነቲ ግፍዒ ዓገብ ንዝበሉ ነቒፍካ ግርም እባ ሕጂ #Ukraine ትስዕር።,hate,normal,normal,normal,normal
1583195659255296001,@USER ብጣዕሚ ዓሻ ኢኻ ደም አሬትራ እንተለካ ብዛዕባኻ ህዝብኻ ሕሰብ,abuse,abuse,abuse,abuse,abuse
1507864517316947969,@USER ህግደፍ ንስውእ ጥራይ ኣይኮነን ጠሊሙ : ነቲ ካብ መስዋእቲ ዝተረፈ ስንኩል ተጋዳላይ ናይ መነባብሮ ምምሕያሽ ስለ ዝጠለበዶ ኣይኮነን ተረሺኑ ግዲ ? #Eritrea,hate,hate,hate,normal,hate
1623260970087743489,@USER ምስ ህግደፍ እምበር የዳኽር ኣሎ ኢሎሞ ?? ንኣስፍሕፍቲ ኣምሓራ ዝመስል ባህሪ ዘለዎም ኣብ ዓድና ውን ኣለው ??,hate,normal,hate,hate,hate
1492724613742219265,ወያነ ኢና ሎሚ ወያነ ኢና ጽባሕ። ቲዘይሃስስ መስመር ሰኒቅና ኢና።,normal,normal,normal,normal,normal
1629936155016806401,@USER ሰራቂ ደኣ ርኢናዮኮ ጀርካንን ማንካን ፋርኬታን ከይተረፈ ክትሰርቁ ፉንፉናት,hate,hate,hate,abuse,hate
1550752655303131136,ከምኡ ስለዝኾነ ድማዩ፡ ህግደፍ መጠኑ ዝሓለፈ ዘይንቡር ፕሮፓጋንዳዊ ፈኸራ ዝገብር! እቲ እዋን ቀሪቡ ኢዩ። ክወግሕ ኢዩ! #NoMorePFDJ Death to #Fascism,hate,hate,hate,hate,hate
1488998900547661825,@USER @USER @USER kkkkkkkkkkk ወድቶም ሰረቅቲ ንብለኩም ብምክንያት እዩ አቱም ነውራማት ሰብ ፀሊም ታሪክ ዓስከራት የእድግ,hate,hate,hate,hate,hate
1590436878389772288,@USER @USER @USER ኮብላሊ ሌባ ይኣኽለካ ብስብስ ክብረት ኣድጊ,abuse,abuse,abuse,abuse,abuse
1503444458679025668,@USER ብዛዕባ በህይወት ዝጠበሱን ናይ ቶኽሲ ዒላማ ዝግበሩን ዘለዉ ተጋሩ ሰሚዕካዶ ወይስ ናይ ህግደፍ ልኡኽ ኢካ? ዝገርም እዩ።,hate,hate,normal,abuse,hate
1490772524229177346,ደቂ ሳሕል ሰብ ዕላማ ፈጠርቲ ሃገር ካብ ኢድ ባዕዳውያን መንዚዕኩም ሃገር ፈጢርኩም ካብ ህጻንነትኩም ንልዕሊ 60ዓመት ጽዒርኩም ፍረ ጻዕርኹም ሪኢኹም ኣብ መሬት ዓድኹም ከም ዝሰግዱ,hate,hate,normal,normal,hate
1565454273047326720,@USER ስንኩል ኣእምሮ ከማኻ ኣይረኣኹን ዱኹም ጡዑይ ተትኮውንድኣ ምስ ሕዝብኻ ጠጠው ምበልካን ንከብድኻ ትነብር ዱሑር ሰብ,abuse,abuse,abuse,abuse,abuse
1602190080336007169,@USER አንታ ሓሳዊ አበይ ኮንካ ኢኻ ነዚ ሓሶታት ትዝግሕ ዘሎኻ? ስቕኢልካ እቲ ተዓሲብካዮ ዘሎኻ ዘይትሰርሕ ክሳብ ትጉሓፍ ከምቶም የሕዋትካ ወየንቲ::,hate,abuse,abuse,abuse,abuse
1496001722795372549,@USER ክብር ነቲኣቶም 547 ሽሕ ልገዝኦም ለይተመለሱ ከምዝሞቱ ሕሰብዎም እንተትብል ምስሓሸካ ኔሩ በቲ ናትካ ቛንቛ። ዓንጓር,abuse,abuse,abuse,abuse,abuse
1563277362418315264,ኣሕዋት ደለይቲ ፍትሒ ነበርቲ ስዊዝ:እዚ ጽባሕ ህግደፍ ከካይዶ ዝመደበ ዳንኬራ:ተሰሪዙ ዝብል ወረ ይናፈስ ኣሎሞ:ብዘይሸለልትነት ምትኹረት ምክትታልና ክንቅጽል ይግባእ:: ምኽንያቱ,hate,hate,normal,normal,hate
1634608745618501639,@USER @USER ኣብ 98-2000 ብቦንድ መልክዕ ዝተገብረ ወፍሪ፣ በዘይ ፍረ ቅሂሙ ተሪፉ። ዓሻኺ ድለዪ . መንግስቲ ምስተቀየረ፣ መጀመርታ ስርበተኻዊ ክለሳ ዘድለ,hate,normal,abuse,abuse,abuse
1581402263729291264,@USER @USER @USER @USER @USER @USER @USER ክክክክክክክክክክክክክክክ ፓው ናይ ትግራዋይ ረሳሕ ዓሌት ድ,hate,hate,hate,hate,hate
1491515831007813641,ስቓይ ኤርትራውያን ኣብ ዘመነ ምሕደራ ጭፍራ ህግደፍ ኣብ ዝተፈላለያ ሃገራት ምዕራብ : ብመልክዕ መጽሓፍ ተዳልዩ ይሽየጥ ኣሎ :: እዚ ነውራም ጭፍራ ዘሕፍር ታሪኽ ገዲፉ ይሓልፍ ኣሎ,hate,hate,hate,abuse,hate
1615992460349415424,@USER @USER ክክክክክክ እታ ሓሳድ ትብል ንዓካ እምበር ንዓይ ኣይ ትምልከትን ያ እንተ እቲ ካልእማልእ ግን ስረካ ኣምሊቑ፡ ዕጥቕካ ኣውሪዱ፡ የሻል,hate,abuse,abuse,abuse,abuse
1491290581347143682,ገለ እባ በሉለይ ወይ ጸገም ወያነ ዝፍረየቶ ርእሲ። ሎምስ ኣስሒቁኒ። ንዘ ክትምምል ወያነ መርይት ጸልሚትዋ። ኣስሑቁኒ ደቂ ሃገረይ።,hate,hate,hate,hate,hate
1486103444498833417,እዚ ቡዳ ሓሳድ ደንበ ዕንክሊል ርኣዩለይ ከይ ሓፈረ ከኣ @USER ይብለለይ?? #Eritrea,abuse,abuse,abuse,abuse,abuse
1620275292215603203,@USER ውፉይ ንርኹስ ሓሳኽ ጨናዊ ማትያስ ተትኹንን ምሓሸካ ዝኸፍኤ ሳዲስት እዩ! ዕጥቂ ኸዳዕ ጠላም ኢሳያስ ተጋሩ ኣምሓርኛ ዝዛረቡ እዩ ፡ብድሽ ናይ ቱርኪ ፍልም,hate,hate,hate,abuse,hate
1509003516353859587,ብኮሚቴ ወፃኢ ጉዳይ ሰኔት ኣሜሪካ ዝተወሰነ ውሳነ ንመራሕቲ ብልፅግና: ህግደፍን ሰዓብቶምን ንፁር መልእኽቲ ዘሕለፈ እዩ::ድቃስ ስኢንኩም ውፅኢት ክርከብ ዝፀዓርኩም ክትሕበኑ ይግባእ:,normal,normal,normal,normal,normal
1578255783006904320,@USER ጠራጢ ሌባ ንክትሰርቕ ከም ኣመልኻ ድዩ? ኣታ ዕንጁይ ወደል,abuse,abuse,abuse,abuse,abuse
1562157377654333441,@USER አንታ ሓሳዊ ነቶም ተጋሩ የሕዋትካ አስመራ ተዘይአትየ ዝበለ ደኣ ዘይትነቅፍ ሓቀኛ ተኮንካ,abuse,abuse,abuse,abuse,abuse
1598044616905089024,@USER @USER @USER ህግደፍ ኣብ ልዕሊ ህዝቢ ትግራይ ብዝፈጸሞ ስርቅን ምጽናት ዓሌትን : ይንዋሕ ይሕጸር ረዚን ዋጋ ክኸፍለሉ ኢዩ :: እቲ ንህዝቢ ትግ,hate,hate,normal,normal,hate
1483184793743364096,ERISAT : News ዜና | ልኡኻት ህግደፍ ኣብ ውሽጢ ደንበ ፍትሒ via @USER,normal,normal,normal,abuse,normal
1561970787178856449,@USER @USER @USER @USER @USER ሓሳዊ 90 ብስም ኤርትራውያን ዝኣተው ተጋሩ ኢዮም። ንመን ከተታልል,hate,abuse,abuse,abuse,abuse
1627725341379657732,@USER ስልጡን ዘይ ናትካ ዘጸንሀካ ዘይባህርካ ከመይ ገርካ ክትክእሎ ከም ናቶም ዳ ስልጡን። ህግደፍ ድኣ ሓሶት: ስርቒ: ቕትለት: ዓመጽ ወዘተ . ናቶም ኢንዲያ,hate,hate,hate,hate,hate
1540427281016963077,@USER @USER @USER ኣብ ወጻኢ እንዳነበርካ ወዲ ድኻ ከተወድእ! ዘይስንኻ ሑጻ ቆርጥመሉ!,hate,normal,normal,abuse,normal
1570527940307480576,@USER ???? ገና ክልትኦም ኮይኖም ንህግደፍ ክድምስስዎ እዮም ተፀበ,hate,hate,hate,normal,hate
1560736085256179712,@USER @USER @USER ህግደፍን ውሽማ ህግደፍን ሎምዘመን ኣይጠዓሞምን ????,hate,hate,hate,hate,hate
1625769435633192960,@USER አዮኻ ትግራዋይ እየ ተይልኻ ትግራይ ዓደይ እያ ዓድኻ:ቐሪብና ኢና ሓራ ክንወፅእ:ካብ 6ግዘ ንላዕሊ መፅነቲ ተፈፃሙና ይብሉ ዓበይቲ ደጊምስ ናይ ኢትዮጵያ ነገር,hate,normal,normal,normal,normal
1562521329987092487,@USER እዚ ናይ ሌባ ጻድቅ ፡ ዕርቃኑ ዝወጸ ብህሎኩም ሲ ንሰብ ዘይኮነ ነቲ ኢጎ ናትኩም ንምዕጋብ ኢኩም ትብልዎ ሞ ፡ይርዳእኩም!,hate,abuse,abuse,abuse,abuse
1502049647132561409,@USER ብዘመን ኑበ ዝጸመመ ዝባን ኑበ ክብል ይነብር ዲዮም ኣቦታት ዝበሉ። ወያነ ወያነ ወያነ ምስማዕ ሰልቹይና ቻነል ተቐየርናስ ንሶምዉን ባዕሎም ኣብቲ ሓደ ቻነል ሓሊፎም,hate,hate,hate,hate,hate
1486748211347918851,ሐንቲ ካብተን ካብ ወያነ ዝተመንጠለት ፡ ብ ትግራይ አጸዋውዓ ማንካ ወይ ደስቲ። ሃሃሃሃሃ,hate,hate,hate,abuse,hate
1516800319367249925,@USER አማን ብአማን ወዲ ከረን ንገረለይ እስከ ነዞሞ ከዳዓት ጢብ አዲኦም ዝቆርፁ።,hate,abuse,abuse,abuse,abuse
1616740132052430850,ብሓፈሻ 19 ደቂ ኣንስትዮ ዝርከበኦም 36 ካብ 2 ክሳብ 66 ዝዕድሚኦም ወገናት ብዘስካሕኽሕ መልክዑ ብዕጡቓት ኣምሓራን ኣራዊት ሰራዊት ኤርትራንከምእንስሳተሓሪዶም ተቐተቲሎም ከምስድ,hate,hate,hate,hate,hate
1503102201576804353,ብኽንደይ ዕፅፊ ዝኸፍ አን ዝበኣሰን ጭካነ ዝተመልኦ ሰይጣናዊ ግፍዕን ኣብ ልዕሊ ህዝብና ፈፂምኩም ኢኹም። ይውዓል ይሕደር እምበር ንሰይጣናዊ ተግባርኩም ተሓተትቲ ከም እትኾኑን ግብርኹ,hate,hate,normal,normal,hate
1492622467713675269,@USER አብ ኤርትራ ዘሎ ተራእዩ ዘይፍለጥ ጸገም ዘምጽኤ ህግደፍ ጥራሕ እዩ። ነዚ አብ ውሽጥኻ ዘሎ ሐደገኛ መንሽሮ ከይፈወስካ እንዳ ጎረቤት ክትሕክምሲ የዋህነት ዶ ክንብሎ ዋላስ ካልእ?,hate,hate,hate,hate,hate
1487630837936009220,@USER ደቅኹም ኣብ ውሕስ ኣስፊርኩም ብድቂ ድኻታት ትጣልዑ ኣለኩም ::,hate,normal,normal,abuse,normal
1541676965706534914,ክትገብርሉ ብስም ፈጣሪ ንላቦ። ኣብ ልዕሊ ኣብ ህዝቢ ትግራይ ብዝበፅሕ ዘሎ መዓትን ግፍዕን ጭንቂን ሓሳብን ሓፍቱ ዛርቲ ኣዲኡውን ሕማም ርእሲ። ከም ተጋሩ ኣለናልካ ንበሎ።,normal,normal,normal,normal,normal
1599624721565626368,@USER @USER ሓሳድ ዓጋመ እንታይ ክሕሱ ሰሚዕካዮ ኤርትራዊ ተመሲልካ ትጽሕፍ ከመያታትካ ደቂ ማለሊት ግዳ ቲትሮሳይክልካ ጊርካ ዘይትሕሱ,hate,hate,hate,abuse,hate
1496871263645872134,ዋጦት ህግደፍ ንመንእሰያት ንምርስሳን?ነዚ ማእከላይ ወዲ ድካ ንካሜራ ተጠቂሞም።?ነሶም ነስመራ ወዲ ድካ ስብ ዘይብሉ ንኢትዮጵያ ንምድሓን ናብ ኢስያስ ዝአጎዶ ውግእ።,hate,hate,hate,hate,hate
1563591848215855104,@USER @USER ከዳዕ ሲ ከዳዕ ኣይበልካ፡ ምስ dictator Isaias ወጊንካ ዶ ኣይኮንካን ህዝቢ ሙሉ እ ዘብርስ ዞሎ፡ ካብዚ ንላዕሎ ክዳዓት ኣሎ?,hate,normal,abuse,abuse,abuse
1628123634999955471,ብተጋደልትና ቀልዲ የለን። ኩላ ዋጋ ሕድሕድ ድማ ክትኸፍሉዋ ኢኹም። ኣቱም ህወሓት ወይ ሞት እትብሉ ሰባት ግን ደው ኢልኩም ሕሰቦ ። ብኸብድኹም ኣይትሕሰቡ! ትማሊ ኣብ ጎኒ TDF እየ,hate,normal,abuse,abuse,abuse
1596583780093136896,ኣብ ምውቕቲ ገዛኻ ኣብ ሶፋኻ ኮፍ ኢልካ ኣብ ሰላም ድሕንነትካ ሓሊኻ ከብድኻ መሊእኻ ኮሕ ኣይትሰምዕ ደቂስካ እናሓደርካ ንምውንጃል ምስርሳር ቀላል እያ። ኩሎም በቲ ተፃቦኦታት ጠጠው,normal,normal,normal,normal,normal
1489663954339119106,@USER እዳ ህግደፍማ ክኽርከሙ እዩ ዘለዎም,hate,hate,normal,abuse,hate
1625604223655346177,#ዓፋር ሳዊ ገደል ሻሂ-ጉቢ ናይ #TDF መስተንክራዊ ዓወት #ህግደፍ_መንደፍ ጭርኡ ደጊሉ ከምልጥ ብቱግዜ ዝተማረኹ።,hate,hate,hate,normal,hate
1577035373628493825,እዋይ ዘዕበየና ገዛውቲ ?ኤህ ህግደፍ,hate,hate,hate,normal,hate
1550759837470007297,ዝሓለፈ 20 ዓመታት ብሰንኪ ህዋሓት ኣብ ልዕሊ ህግደፍ ዝተኸተለቶ ፖሊሲ ህዝቢ ትግራይ እዚ ንሪኦ ዘለና ህልቁትን ዕጽዋን ኣኸቲሉ። ንህግደፍ ብቀሊሉ ክትጉሕፎ ይከኣል ነይሩ። ሕጂ ውን,hate,hate,hate,hate,hate
1642439681831849991,@USER ሻዕብቲ ገዲም ናብ ጉድጋድኹም ዋጋ ዳይፐር ከመይ አሎ አብ አስመራ?,hate,hate,hate,hate,hate
1486437910492626951,@USER @USER ናይ ትማል ታሪኽኮ ርኢና፡ ወያነ ከመይ ከም ዘኳደደቶም።,hate,hate,hate,abuse,hate
1576652649264386048,@USER ህግደፍ እታ ናይ ጽልኢ መርዝኹም በይንኹም ሸርቡዋ፡በይንኹም ከኣ ትኽንፉ! ህዝቢፎ ኢልኩም፡እምቢ ኣብዘይምልከተና ኩናት ኣይንኸይድን ኣቕቢጹ።ኣገዲድኩም ዘእተኹሞ ሰራዊት ከ,hate,hate,normal,abuse,hate
1514896580058529793,@USER ን ሻዕብያ ጠፉሽ መአከቢ ደናቑር ክመስል ዝደሊ የልቦን ፣ እዚ ስነሓሳብ ውን ናይ Mao ፡lenin እምበር እንትርፎ ዕንወት ካልእ ሓድሽ ሓሳባት ክተመንጩ ዘይትኽእል ውድብ ዓዋሉ ህግደፍ ።,hate,hate,hate,hate,hate
1552389557932490753,@USER ንስኻ ጎሓፍ ኸ ትሕቲ ሰብ በላዒ ውዳቅ ሰብ ኾንካ ድማ ኽትጥጻረፍ ህግደፍ እኮ መንዩ ነጊረካ ኢየ ትሕቲ መሬት ዘእተዎም ነቦታትካ ዓባይ ትግራይ ክትስእሉ ነታ መ,hate,abuse,abuse,abuse,abuse
1500943590813487107,@USER ወያነ ዳአ ባዕልኹም ዐቕሚ አለና ሐያላት ኢና ኢልኩም ኢንዲኹም ጀሚርኩሞ ሕጂ ዶ ይሐይሽ ዋይዋይ በጃኻ ኢለካ ተሰተር,hate,hate,hate,normal,hate
1509561387110084616,@USER እቶም ናትና እማ ኣፎም ከፊቶም ምዓዘ እዩ ደኣ እት እኽሊ ዝበፅሐና፡ ክሳብ ሕዚ ኣይረኸብናን፡ ፀቕጢ ግበሩ እንዳበሉ ይፅበዩ ኣለዉ። ብላዕላይ ውን ሓራዲና,normal,normal,hate,normal,normal
1598758448711114752,@USER ናዓኻ ክንሐፍር እኮ ተሻማቒቕና እዋእ ዓሻ ስቕ ተበለስ ለባም ይመስል ስቕ ዘይትብል ወደይ ለባም ክንብለካ ኣይ ካብ ምህሮን ካብ ኣእምሮ,abuse,abuse,abuse,abuse,abuse
1619129895917092864,@USER ሰራቂ ድስቲ ብዘይ ሌባ ጀግና ስለ ዘይብልኩም አብ ገዛሀ ለጥፎም ንእሽተ ሐቦ ትሀቡሐ ተረፍ አሳ,hate,abuse,abuse,abuse,abuse
1632442708915519490,@USER @USER @USER ካብ ህውሓት ኣሳታፊ ዝኾነ ፖለቲካዊ ምትእኽኻብ ምጽባይ: ካብ ብዕራይ: ጸባ ምጽባይ እዩ:: ኣብ ምምርቓሕ ስልጣን መጺካ: ህውሓትን ህግደፍን ሓደ እዮም::,hate,hate,hate,hate,hate
1608757610668511237,#ሎሚ ኣብ ወጻኢ ዝነብሩ ኤርትራውያን ስነጥበባውያን ብዛዕባ ጁባኦም እንበር ብዛዕባ ስንኩላን ደቂ ስውኣትን ድኻታትን ሃገርን ዝሓስብ የለን፡ፍቆዶ ፡ባዓላትን፡መራዓታትንፈስቲባላትን እ,normal,normal,abuse,abuse,normal
1563644842688790528,@USER @USER እቲ ኩሉ ግዜ ዝዛረቦ ካብ ረሳሕ ዘረባን ጸርፍን ፈኸራን ሓሊፎም እንታይ ከይገብሩ ግደፍዎም ይለፍልፉ እንዳበልካ ተኣኻኺቦም ብመምርሒ ተወዳዲ,normal,abuse,abuse,abuse,abuse
1624897703447502849,@USER @USER @USER @USER አብዚ ንህግደፍ ምውጋድ ዝግበር ቃልሲ አጉል ድሑር ስሚዒታት ናይ ትግራይ ትግሪኚ አግአዝያን ድሑር ናይ ዘበን እኒ እ,hate,hate,hate,hate,hate
1549836840143822848,ህግደፍ ስለዝኾነ ክሳብ ሕጂ ኣብ ጎድኒ መንግስቱን ፥ሃገሩን ደው ኢሉ ኣሎ።ንሕና ነቲ ሃገሩ ክሒዱ ዝሃውተተ ኣይንርእን፡፡ናብ ሃገርካ ዘየምልስ ኣበር እንተ ኣሎካ እትዛረቦውን ኣይትፈ,hate,normal,normal,normal,normal
1551650137516163072,@USER @USER @USER @USER @USER @USER ሕጂ ህግደፍ ዝኣከበት ትኣክብ መዓልታ ኣኺሉ እዩ :: ወዲ ጣ,hate,hate,hate,hate,hate
1578245314535989248,@USER ኣንታ ያሬድ ዝብሉኻስ ካን ኮይኑካ ከተዳኽር ክትነብር። ከድካ ግዳ ዘይትዕለም ሉጢ ሓሳዊ። ኣኮኻ ዘመደ ተኽለ ኣዳኺሩን ጫመ ኢሰይያስ ወልዊሉ ኣብ ስልጣን ስለ ዝበጽሐ፡ ከም,hate,abuse,abuse,abuse,abuse
1603428686040125440,ሰራቂ ኣሎላ ፡ ባዕልኩም ከይትፈጥሩ ጥበብ ጣርነት እዮ ባሕልና ኢልኩምና ፡ ንሕና ከኣ ፡ ስርቂ ውን ባልኩም እዮ ንብለኩም ኣለና ፡ ጋዕግዓት ፡፡ ታቸኛው ግጥም የ ኤርትራ ነጻነት,hate,abuse,abuse,abuse,abuse
1512879307609317376,@USER እሞ ኸይድኻ ኸምዛ ትዛረባ ዘለኻ ዘትትገብር ድርባይ ብናይመን ድም ኢኻ ኽትነብር ኺድ ኢልካ ንኺድ እቱ ዝጸበቅ እዩ ፈካሪ ተወጋሪ ኢኻ ብውልቅኻ እስኻ ምስ ኤርትራ,hate,abuse,abuse,abuse,abuse
1538302508124209152,ኽብሪ ነቶም ኑኡስ ዕድምኦም ኸፊሎም ነዛ ብርሃን ናጽነት ዘምጹኡልና ሰማእታትና!ዘልአለማዊ ዝኽሪ ንስዉኣትና ዓወት ንሓፋሽ????!!!,normal,normal,normal,normal,normal
1597111072938659841,@USER ሃሃሃሃሃሃሃሀ አማራ ሲተርት አመድ በዱቄት ይስቃል ይላሉ ( በጃኻ እንዶ አይታስሕቀና ህግደፍ ብሕዋሐት ከቧጬ አይፋሉን ዋላ ኤርትራውያን ብተጋሩስ አይከውንን,hate,hate,normal,normal,hate
1490235138776649728,@USER ኣየ ባዞ ናይ ዑንዱ፡ኣብ ኮድኒ ተዓማጺ ሙካንን ምስ ዓማጺ/ገባቲ/ወራሪ ምኻንን ሓደ ጌርካዮ በቃ።,abuse,abuse,abuse,abuse,abuse
1486456396472328204,2 ነገራት፤ 1.እዚ ካብቶም ማንካና ክሰርቁ፣ ህዝብና ከብርሱ ናብ ትግራይ ኣትዮም ዝተፈገሙ መራሕቲ ህግደፍ ሓደ እዩ - እንኳዕሰይ ግዲ! 2.ኣብርሃም ብርሃኔ ኢሎምዎ፤ እንተንኣሰ,hate,hate,abuse,abuse,hate
1513959079198306309,@USER እዚ ሐደ ሎቕማጽ ልኡኽ ህግደፍ እዩ,abuse,abuse,abuse,abuse,abuse
1486524393492725763,@USER @USER ረሳህ ኣቱም ቁሩብ እሰኪ ህፍረት ግበሩ ኣታ እዚኦም ቁሩብ እልፍ ተረፍ ኣሳ ጨነውቲ ኪድ ድኣ ማሓዛሓ ታ በጊእ ድለይ ቅንዳፍ ወዲ ማእምን,hate,hate,abuse,abuse,hate
1479615336433569793,ኣብ ውሽጥን ወጻእን ዝርከቡ ወያነ ብመኽንያት ኣቦ ሰውራ ተጋሩ ካብ እስሪ ቤት ብምፉታሑ ሓጎሶም ኣይገለጹን እንታይ ኢዩ እቲ ኽንያት ባንዳ ኮይኑ ዲዩ ጸኒሑ ኣቦ ሰውራ ተጋሩ መቸም,hate,hate,hate,abuse,hate
1648442957127888900,@USER ደገፍቲ #ህግደፍ ይሓፍሩ ድዮም አይሓፍሩ አይሓንኹ ብስርቅን ብጉሕለትን ብዘይምልከቶም ምንጭብጫብን እንድዮም ዝኾርዑ,hate,hate,abuse,abuse,hate
1631762824761335810,@USER ከዳዕን ወዲ ከዳዕን ዳኣ እንታይ ክሓስቡ። ራሻይዳ ኣይኮነን ኣያታትካ ወልደገባ እዮም ንህዝቢ ኤርትራ ዝሓርዱዎን ዝዘምቱዎን ዝነበሩ,abuse,abuse,abuse,abuse,abuse
1619057593422598144,@USER ሕልሚ ደርሆ ይብሉ ዓድና ከምዚ ክሰምዑ ከለዉ። ህግደፍ ምስ ልምዓት ነብሱ ከላልስ ዘይሕሰብ’ዩ። @USER,hate,hate,hate,hate,hate
1496076676203225092,@USER @USER ሰብኣይ ኮይነስ ሰብኣይ ቀቲለ ድዩ ዝተባህለ? ህግደፍ ሲ ከኣ ከይ ሓፈርኩም ብዛዕባ ዝርርብ (dialogue) ክትዛረቡ :: ኣንታ ክንደይ ትደ,hate,hate,hate,normal,hate
1513054625686904837,@USER ማዓስ ኤዮም ዝልብሙ? ጭፍራ ህግደፍ ቤት-ማእሰርቲ ክስርሓሉ እዩ,hate,hate,hate,hate,hate
1514986404459253770,@USER @USER ናይ ደርሆ ርእሲ በቃ ተናጊርካ ሞይትካ ቢሂወት እናሃለካ ዝሞትካ ስለዝኮንካ ስለምቅባር ተጨነቅ ሰብ ሰለሂወት ይጭነቅ ህግደፋውያን ስለ ሞት ዝነካእክምዋ ኩሉ ሞት,hate,abuse,abuse,abuse,abuse
1629015561320513537,@USER ከዳዕ ምሸት ምሸት live እንዳኣተኻ ኤርትራዊ ክትከውን ትፍትን ኣለኻ!!! ተሰኒዱ እዪ ኩሉ ዝበልክዮ ኣቲ ክዳዕ,abuse,abuse,abuse,abuse,abuse
1572104737058603008,@USER @USER ሓሳድ !!! ጽቡቕ ናይ ኤርትራዊ መቸም ገመድ እዩ ዘትሕዘኩም??,hate,abuse,abuse,abuse,abuse
1570532494608601088,ወላ ሽሕ ግዜ ኤርትራዊ ኹን ንዕቀት ግና እንታይ ኣምጸኦ ኣይባህልናን ኣብ ኤርትራዊ ታሪኽ የለን ብሓፈሽኡ ይረደኣካ ስም ከይ ረቋሕኩ,normal,hate,hate,normal,hate
1608922137192189954,ፅንተት ትግራይ ከይርሳዕ ኣብ ትግራይ ኮይንኹም ኣብ ማሕበራዊ ሚድያ እትፅሕፉ ዘለኹም ወገናትና ኩልኻትኩም እንቋዕ ብደሓን ተመለስኩም። ካብቲ ፅንተታዊ ኲናት,normal,normal,hate,normal,normal
1540042104298250243,ኣየ ኤርትራ ! ቁማል ፍልሖ ባ መልእዋ። ህግደፍ,hate,hate,hate,hate,hate
1588101637209456642,@USER ኢንታይ ዓወት ስለ ዘመዝገብኩም ኢኻ ሓፍ ኮፍ ትብል ዘለኻ፡ ኣሕዋትና ኣብ ዕላማ ዘይብሉ ኪናት ስለ ዝጠፍኡ ድኻ፡ ኢቶም ሰብ ጉዳይ ኮ ናይ ዕርቂ ሰላም ኢዮም ተፋራ,normal,normal,normal,abuse,normal
1511819365045395456,@USER ታኒካ ወይ ድስቲ ይብሃል ብዓጋመ፡ ሽሙ ስለ ዘይፈልጥዎ፡ ነዚና ዒስራታት መንዚዕና,hate,hate,hate,hate,hate
1514028208659865605,ህዝቢ ትግራይ ብለያቡ ወያኔ ይኹስተሩ ኣለዉ ኤርትራ ኒ 27 ዓመት ሓንቲ ኣይገበሩን ንስኺ ግን ሓሶት ትሕስዊ ኣለኺ:: ኤርትራወያን ንተጋሩ ምድሓን እምበር ምጥፋእ ሓሲብና ኣይንፈልጥ,hate,hate,abuse,abuse,hate
1594452514996645888,@USER ዓሻ ብዕራይ መን ድዩ እዚ ኩሉ ሽግር ፈጢርዎ ተጋሩ ባዕልኹም ኦሮምን ኣምሓራን ኣኪብኩም ኤርትራውያን ክትጥፍኡ ዝፈጠርኩሞ ድንቁርና እዩ ኣብዚ ኩሉ ጣጣ ሸሚ,hate,hate,hate,abuse,hate
1502568078797901825,ንኤርትራ ንምንብርካኽ ዝግበር ሰይጣናዊ ስነ ሓሳብ በርዒኑን ይብርዕን ኣሎን።,hate,hate,hate,normal,hate
1657432687462711299,Happy birthday ?? እንኻዕ ተወለድኪይ መፃኢይ ዕድመኪይ ሰላምን ቅሳነትን ዝሞልኦ ይኩነልኪይ,normal,normal,normal,normal,normal
1649306729836847106,@USER #Eri አቶ ሓሳዊ ፡ሕጂ ድማ ካብ ወያኔ ናብ ሱዳን ወረ ሓሶት ምእራይ ጀሚርካ።ካብ ወያኔ ዝተመወልካዮ ገንዘብ አይተወደኤን ድዩ።ካብ ሱዳናውያን፡ድማ ተወሳኺ ደሊኻ።ሐራም ዓሌክ።,hate,hate,abuse,abuse,hate
1500196930269241344,ገዛና-ገዛ ተጋሩ ፅላል ዳዑረና!! ገዛ-ሓቂ!! ገዛ-ፍ,normal,normal,normal,normal,normal
1528130713643540481,ኣሰብ እባ ኣበየናይ ክልል እያ ክትጠቃለል ? ዶ ወይስ ራስ ገዝ እያ ከምቀደማ ክትከውን or new federal region???ኢሳያስ ኣፎርቂ ኣብ ዝሀለፍ 30ኣመታት ኣብ HOA ንዘብፀ,normal,normal,normal,normal,normal
1491487297073782795,@USER It’s not in Massawa . ካብ ድንቁርና ተዘይተገላጊልኩም ብኸምዚ መሐጎሲ ዓሻ ዝኾነ ዝተሰንዓ ሓሶት ክትድዓዓሱ ኽትነብሩ ኢኹም።,hate,hate,normal,abuse,hate
1579171660049317889,@USER ፈራሕ ዓሰርተ በትሩ ከምዚ ሕጂ ከየጸየቐሉ በረኸት ከምዚ ክብል ደሪፉ ኔሩ ብናይ ደርጊ ፈኸራ ኣይትምለስን ሰውራ ኤርትራ ክትኣቱ እያ ስዒራ። እወ ሕጂ ክኣ,hate,hate,normal,abuse,hate
1652520668120924162,@USER ሻዕንያ ናይ ሌባ መድሃኒት እዩ።,hate,hate,normal,normal,hate
1659114110909313028,ብመንገዲ ጸረ ሃገራውነትና ዝመጸና ኣይነፍቅድን ኣንታ ረሳሕ ዮስየፍ ገ/ት ስማዕያ ቀያሕቲ ብሉጻትን ተኸፍልዋ መሬትና።,normal,abuse,abuse,abuse,abuse
1486432280268709899,ቅድሚ ዝኾነ ይኹን ካልእ: ስግኣት ናይ ልእላውነት #Eritrea :ጉጅለ ህግደፍ እዩ :: ንዕኡ ከተውድቕ ስለዘይከኣልካ:ናብቶም ቃልሶም ዘካይዱ ዘለው ኢድካ ምውጥዋጥ ዓቢ ድኽመት እ,hate,hate,hate,normal,hate
1594048689726984192,@USER @USER @USER ሕኑቅ እንታይ የዉጽእ ዓፍራ ኣበይ ድኣ ኣሎ እቲ ብቅልጽምና ኣስመራ እንተ ዘይኣቲና? ለማኒ ስርናይ ስቅ ኢልካ ጥራይ ናይ ረዲኤት መኪናካ ቁጸር። መሻሙሽ,hate,hate,hate,abuse,hate
1565449100942012417,@USER ኣንታ ሓሳዊ Tplf ሕዝብኻ ኣይቀተለን የግዳስ ይከላኸል ኣሎ ። ኣኮኻ ዮናስ ፎቶ ኣንባሳደር ኣስመራ ዝነበረ ኣበይ ኣሎ ? ንሻዕብያ ሕተቶም ።,hate,hate,abuse,abuse,hate
1615493899027451908,@USER @USER @USER ኣታ ሃተፍተፍ ግደፍ፡ ጉዳይ ኢለክትሪክ ናይ ዓድኻ ዘይገበርካስ ናይ ጎረቤት ሃገር ከተናሹ ምስ ረኣኹኻ እየ ናይ ዓድ,abuse,abuse,abuse,abuse,abuse
1564349300364267528,@USER ናትኩም ግበሩ በራዩ ህግደፍ ግን ህጻናት የጋድል ጥራይ ዘይኮነስ ይርሽን እዩ እንታይ እሞ ይስወጠኩም ኮይኑ።,hate,hate,hate,abuse,hate
1488816964092977152,ሜካናይዝድ ብርጌድ ህዝባዊ ግንባር መሪሑ አዲስ አበባ ብምእታው፣ነቶም ብድሕሪት ብነዊሕ ርሕቀት ዝስዕብዎ ንዝነበሩ መራሕትን ተጋደልቲን ወያነ ሀገሮም አረኪቡ ናብ ሀገሩ ዝተመልሰ ጀግና,hate,hate,normal,normal,hate
1502184601485291521,ዕሰለ ልፍንታውያን ፀላእቲ ህዝቢ ትግራይ ብዝተቀየረ መልክዕ አሰረ ዘርኢ ህዝቢ ትግራይ ንምፅናት እኩይ ተግባሮም እናቀፀልሉ ይርከቡ። ንሕና ኣብ ፍፁማዊ ዕፅዋ ኮይና ፋሽሽታውያን ዝበየ,hate,hate,hate,hate,hate
1493123080272719872,@USER ኪድ ለባም ለባም ኣይትመስለ ኣብዚ ካብ ብልባኻ ትብሎ ባኣፋካ በሎ ድሁል,abuse,abuse,abuse,abuse,abuse
1500234043723505666,@USER @USER ሻዕብያ ወይ ህግደፍ ከም ዘለዎ ኮይኑ ገለ ምምሕያሽ ብምግባር እቲ ስርዓት ከም ዘለዎ ምቕጻል ማለት እዩ ::,normal,normal,normal,normal,normal
1490044515146776576,@USER ካብ ንሕውሓት ምንቃፍ ሲ እቲ ኣብ ዓድና ዘሎ ስርዓት ህግደፍ ምንቃፍ ምበለጸኩም,hate,normal,normal,normal,normal
1551335718873702400,@USER አይትኾሪ ደአምበር ሐጹር ጢሒስካ ካብ ቀጣፊ ንላዕሊ ኢኻ ጉዳይካ ዘይትገብር ህግደፍ መንግስቲ ኤሪትራ አብ ማዕዶ ዀንካ ሃለፍለፍ አይጠቅምንዩ ካልእ ተተረፈ ጽ,abuse,abuse,abuse,abuse,abuse
1491122758960697344,ስሪሒት ፈንቕል ስሪሒት ህዝቢ ኤርትራበር ስርሒት ህግደፍ ኣይኮነን።,hate,normal,normal,normal,normal
1617578065990647808,@USER ኤርትርያን ፅቡቅ ስሪሑ ዝተመለሰ መሲልኩም ሓጎስኩም ትገልጹ ኣለኺም ። እወ ካብ ጀብሃ እስካብ ህግደፍ ንከባቢ 60 ዓመታት ህዝቢ ትግራይ ንምጥፋእ ተሰሪሑሉ ህዝ,hate,hate,hate,normal,hate
1594385345768218624,@USER @USER እቲ ዝወርር፡ዝጎብጥ፡ዝግብት ከዳሚ ኣምሰሉ ሓይሊ ኣደቡ ምስ ዝሕዝ፡ ግፋን ካልእን ኣየ ድልን ዩ። ነቲ ወራሪ ሓይሊ ንምምካት ዩም ዜጋታት ዝከቱ።,hate,hate,hate,normal,hate
1489713047119749123,ኤንብኤ Eritrea first እንዳበሉ መሕብኢ ህግደፍ ኮይኑ,hate,hate,normal,normal,hate
1526627846810116096,ወያነ ዓቕሚ ስለዘይብሉ ኲናት ክጅምር ኣይክእን አዩ ክንብል ኣይንኽእልን። ም/ቱ ዓቕሙ ስለዘፈልጥን ሓልዮት ህዝቡ ስለጸይብሉን። ንቓሕ ተበራበር ህዝቢ ትግራይ!,hate,hate,hate,hate,hate
1617026851301376000,ታሪኻዊ ስሕተታት ንትግራይ: ስሕተት 1: ውጫሌ ስምምዕ ዓንቀፅ 3 - ጣልያን እና ምኒሊክ 1889 አ.ፈ ዝተፈረመ ስምምዕ.ኤርትራውያን ናይ ምግንፃል ስንፀ-ሓሳብ ዝቦቆለሉ እና ንልዕሊ,normal,normal,normal,normal,normal
1566719651270299648,@USER @USER @USER ዓማጺ ኣብ ዓድና ቀጻልነት ኣይክህልዎን እዩ ኣብ መጻኢት ሃገርና ተጸልጺልኩም ክትጋሓፉ እኩም ባራዩ,hate,hate,abuse,abuse,hate
1561435366908985352,@USER @USER @USER ጋና ጨርቅኽን ክትድርባያ ኢኽን ኣትን ደቂ ዞም ጠላማት ለለዋ ለይብላ ከምዘይ ማሃርናክን።ክልልክን ናብታ ዝነበረታ ክትምለስ እያ ሳሕሳሕ ዐጋመ,hate,hate,hate,abuse,hate
1533357419576889344,ብ/ጀነራል ህግደፍ አብ ግምባር ራማ ብሓይልታት ምክልኻል ትግራይ/TDF ተቐቲሉ ፀሓይ ብራቅ ምንጪ,normal,normal,hate,normal,normal
1508664358594924545,#ደቂ ኣንስትዮ #ትግራይ ብፋሽሽታውያን ወረርቲ ዝበፀሐን #ግፍዒ ከይተሸቁረራ ድምፀን ከስምዓ ይግባእ ፡፡ - For More,hate,hate,normal,normal,hate
1612032928166576133,@USER ሓሳዊ ኣደራሽ ገዛ መዕነዊ ስለዝዀነ፡ ወስል ኣልከዛብ ልሓድ ኣልባብ ብዝብል ብልሓት፡ ሓሶቱ ነጊፉ ክሳዕ ዝውድእ፡ ህ ሚ በልካ? እህም ሓቅኻ ዲኻ? እናበልካ ክሳብ,normal,abuse,abuse,abuse,abuse
1487742087139315712,ኩናት ዝመርሕ ዘሎ ህግደፍ ምስ ተስፋሕፋሕቲ ሓይሊ ትምክሕቲ ብምኳን እዩ ኣብይ ኣሕመድ ምስ መንግስቲ ትግራይ እንድሕር ተደራዲሩ ሰላም ይመፅእ ዶ? ኣይመስለንን ሓቂ እንተኾይኑ ህግደፍ,hate,hate,hate,hate,hate
1561404981785559041,@USER ህግደፍ ድዉያት ክፉክሩ ምሽ ቀንዮም ከሲስናዮም ኣለና ትብሉ ዶ ኣይነበርኩሙን።እቲ ሰለማዊ ኮንሰርት ክርኢ ዝመጸ ቆልዓ ሰበይቲ ክትልኩም አምበር ዓቅሚ የብልኩምን።,hate,hate,hate,normal,hate
1482648140801253377,እተን ንርግጸት ሰብኣዊ መሰላት አህዛብ ዕሽሽ ኢለን ምስ ምልካዊ መንግስቲ ዝሻረኻ ናይ ምዕራብ ኩባንያታት . ክሲ መስሪትካ ከተረኻኽበለን ይከኣል እዩ። ንኩባንያታት ቻይና ግን ኣብ,hate,hate,normal,normal,hate
1582655381834457088,@USER ክክክክክ ኣየ ናይ ዓጋመ ኣመል ካኣ ዘይስልችዎም። ካብ ተጋሩ እሞ ኣየናይ መራትን ረሳሕን ንብረት ዩ ዝዝረፍ ዎማላት። ካልእ ንትግራወይቲ ጓል ኣንስተይቲ ብ ዕ,hate,hate,hate,hate,hate
1576289408663584768,@USER @USER ሓቂ ተዛሪብኻ ወድዛ ብላይ ድኻ ! አህዋትካ ዓላማ ንዘይብሉ እንዳማቶም ንማንካ አረጊት ቀሚሽ ንሰበይቶምን አዲኦምን ክሰርቁ ሃሊሞም እዬም ከ,hate,abuse,abuse,abuse,abuse
1640230984518909952,ሕቶለኒ ኢሉ ይቃወም ኔሩ፤ ድሕሪ ኲናት ትግራይ ግን ሕጂ ተረዲኡኒ እናበለ ናብ ምድጋፍ ህግደፍ ተመሊሱ። ሕቶኡ ስለዝተመለሰ ድዩ? ሕቶኡ እንታይ ድዩ ኔሩ? ሕቶ ኲናት.? ??,hate,normal,normal,normal,normal
1482787968284823565,ሻብያ ብጎንደር ደብተራ ዘድገሞ ንወያነ ኣፍዝዝ ወ ኣደንዝዝ ድጋም፣ ኣብ TDF ኣይሰርሕን። ሕዝቢ ትግራይ ብጥምየት ንክመውት ዝገበረ ፣ መራሕቲ ዝቐተለ ፣ ንታሪኽን ባህሊን ሕጽ,hate,hate,hate,hate,hate
1554574603002908672,ባንዳታትን ዕሱባትን #ህግደፍ መንደፍ። ኣኣሪካ ናብ ናይ ዓለም ለኸ ዘሄግ ጀነቫ ንምርካብ ግዜኡ ኣይ ክነውሕን ኢዮ።,hate,hate,hate,hate,hate
1620860746598064128,@USER @USER @USER ካባኻ ዝሽዑ ዶ ኣሎ ኢዩ እሞ ሃላይ ????,abuse,abuse,abuse,abuse,abuse
1642191692802424833,Todays Tigrinya Proverbs ዓሻ ከመ’የሎ፧ ዓሻ ደኅንኣሎ፡ ዘመድ ዓሻ ከፊኡዎ’ሎ። ዓሻ ከም ልማዱ፡ ኣድጊ ናብ ሓመዱ። ዓሻ፡ ክልተሳዕ ይጽረፍ። .,hate,normal,abuse,abuse,abuse
1512899629385494566,ዘርባሓካ ኢኻ ትገብር፣ #ኢሳያስ #ንኣብይን #ኣምሓራን መሪጹ፣ ደላዪ ፍትሒ ድም ንትግራይን ንሱዳንን ይመርጽ። ኣቡ ፖሎቲካ ነባሪ ጸላእን ፈታውን የለን። ንህግደፍ መንደፍ ካብ ስሩ ክ,hate,hate,hate,hate,hate
1500008303585280004,@USER @USER ሃሱሳት ህግደፍ ድኣ ንህግደፍ ዝቓዎም ምጽላም እንዲዩ ስራሕኩም ::,hate,hate,hate,abuse,hate
1492945851655806979,@USER ዝህመል ወዲ ኤሬ የለን። ኣጠቃልላ ነጸላ ሰራዊትና እዚ እዩ። ብድጂታል ወያነ ዝተሰርሐት ሓጻር ናይ ምድንጋር ቪድዮ ሰራዊት ኤርትራ ኣምሲሎም ዝሰርሕዋ ቪድዮ ኣ,hate,hate,hate,normal,hate
1646022947767828481,@USER @USER ናይ ግድን!ቃል ህሓሓኤ ህግሓኤ ህግደፍ ብኡ ፈሊሙ ብኡ ይቅጽል ንክልሰ ሓሳብ ናብ ግብሪ ቀይሩ ቀንዲ ዕላማኡንመጻኢ ወለዶ ቅድሚትዝ,normal,normal,normal,normal,normal
1488621323530248198,@USER @USER ጉድ ረኺብና ! በዞም ኣበይ ዓድኹም ኢልካዮም ኤርትራዊ ምባል እኹልዩ ዝብሉ ፍኖ ደቂ ፍኖ እኮ ተዋርድና ????,hate,hate,abuse,abuse,hate
1606727491971944449,@USER @USER ዕውርስ ዕውር ከይብልዎ ሓባል ኢሉ ተጻረፈ ይበሃል ንስኻ ድማ ጋዕጋዕ ቆርፋድ ከይብሉኒ ኢልካስ ረሳሕ ኢልካ ውደዞም ጨው እግሮም,hate,abuse,abuse,abuse,abuse
1488226421470384129,@USER እዚ ጠምባር ነዛ ኹላ ሕንፍሽፍሽ ተሓታቲ እዩ! ናይ ሃይማኖት ጌሩዋ ሃገር ??,hate,hate,abuse,abuse,hate
1584806863698526209,@USER ክላ ቆማል ዓጋመ ሓሶትን ፈኸራን ስርቅን ዳኣ ናይ ኣቦታትኩም እንድዩ ረሳሓት,hate,hate,hate,hate,hate
1489137969311191041,ኣብዚ ዞባና ዞባ ቀርኒ ኣፍሪቃ ዓቅማን ሚዛናን ዘይትፈልጥ ኣንጭዋ ተልያ ወያነን ጭፍረኣን ጥራይ እዮም።,hate,hate,hate,hate,hate
1644233708319174656,መረብን ተሻግሮ በመፈለስ የኮሎኒያል ፍርፋሪ ለቃቃሚዎች፣ ኣፈር ብሉ! እምባ ሶይራ @USER ግብረሽበራዊት ጉጅለ ህግደፍ ንመንእሰያትን ሽማግለታትን ኤርትራ ኣብ ዘይምልከቶም ኵና,hate,hate,hate,hate,hate
1659394148602871808,@USER ውራይ እታ ለማኒት ኣዴኺ ዶ ከይትገብሪ ጭንን ኣብ ገዛ ኣናብስ ስራሕኪ ኾይኑ ጓል #ኣስፍሃዓጋመ ሃመማ ??,hate,hate,abuse,abuse,hate
1620178010878910464,@USER @USER እንታይ ኢኻሞ ትብል ዘለኻ ሕጂ ኣታ ለማኒ? እታ ትግራይ መቕበሪ ጸላእቲ እያ እንዳበልኩም ትፍክሩዋ ዝነበርኩምስ መቕበሪትኩም ኮይና። ሕጂ ክኣ,hate,abuse,abuse,abuse,abuse
1586831118006996995,@USER መስኪናይ ብዘበን ወያነ ዝጸመመ.። ጸማም ሓደ ደርፉ ኢዩ ነገሩ።,hate,hate,abuse,abuse,hate
1502943352131629059,@USER ጃንዳ ወያነ ነዚ ዘረባ እንዳ ሰሓቓ ይሰምዕዖ ኔረን ይኾና:ወላ እታ game over እውን ኖርማል ኢየ ሪኤንኣ ኔረን።እታ ሓለንጊ ግን ረኺባተን።,hate,hate,hate,hate,hate
1500031719705133057,@USER ፀገሙ ወታደራዊ ሓይሊ ምድኻም ኣይኮነን ሳምሪሻ፣ ፖለቲካዊ ውድቀት እዩ። ንቅድሚት ዝምርሕሉ/መንቀሳቀሲ/ ፖለቲካ የብሎምን። ብርግፅ ዝበፅሐ ወታደራዊ ኪሳራ,normal,normal,normal,normal,normal
1640036751883337735,@USER @USER @USER ንለባም ኣምተሉ ኣበይ ከይስሕቶ ንዓሻ ዶርጓሓሉ ኣበይ ከይፈልጦ እዩ ነገራቱ ።,normal,normal,normal,abuse,normal
1508163394209202198,ጥልመት ወያነ ኣብ 1998 ብቓላት ኣብቲ ቦታ ዝነበሩ ኣቦ። ኣብዛ ቦታ እዚኣ፡ ንዘተ ኢሎም ዝመጹ 8 ምክልኻል ኤርትራ፡ ወያነ ኣድቢዩ ጸኒሑ ረሺንዎም። ነዚ ግፎዒ በዐል,hate,hate,hate,hate,hate
1571759751138086914,@USER ኣታ ሓሳዊ እንዳሓሳካ ክትጸናናዕ ትኽእል,abuse,abuse,abuse,abuse,abuse
1540419588869033984,ATV: ብህግደፍ ኣስመራ ዳስ ሓውያ ኮይና - ናብ ኤርትራ ዝኣተዉ ኤርትራዊ ዜግነት ዘለዎም ገያሾ፡ ከይወጹ ዝተኸ . via @USER,hate,hate,hate,hate,hate
1570524644402434052,@USER ንሰባት ሓቲተ ቓንቓ ህግደፍ እዩ ኢሎምኒ :: ብኸምኡ እዩ ይመስለኒ ብትግርኛ ተዛሪብናዮም ዘይሰምዑ ????,hate,hate,hate,abuse,hate
1629383123942121472,@USER @USER @USER @USER @USER ናይ ህግደፍ ዳያስፖራ ሕማም ለጊብዎም ዝተደናገሮም ተጋሩ,hate,hate,hate,abuse,hate
1494546011422920704,ህዝቢ ትግራይ ተኣምር ሰሪሑ እዩ ገናውን ተኣምር ናሰርሐ ክስጉምዩ። ለካቲት 11 ናይ ህዝብና ኣይግዛእን በሃላይነቱ ንዓለም ከግህድ ዝገበረት ክብርቲ ዕለትያ! #ትግራይትስዕር!,hate,normal,normal,normal,normal
1487881888127758348,@USER ወይ ትግራዋይ ዝውረዶ በዞም ሓተላ ግለት ህግደፋውያንኮ ዕረፍቲ ስኢኑ!,hate,hate,hate,hate,hate
1487893652525678594,መሳርሒ ባንዳታትን አብ መንጎ ህዝቢ ትግራይ ፍልልይ ንክፍጠር ፀላእትና ብሕቡእ ኣጣይሾማ ነበሩ ሚድያ /YouTube channel ገና ሱር እንተይሰደደት ሕጋዊ ስጉምቲ ተወሲድዋ ኣሎ::,hate,normal,abuse,abuse,abuse
1611105914228035597,ጊላ ናይ ወያነ ሙኻንከ ምስ መን እዩ ዘጸውዓካ? ምስ ከዳዕ ወይሲ ምስ መንቀላወጢ?,hate,abuse,abuse,abuse,abuse
1660011606414073857,@USER እወ፣ሓርነት ዘይብሉ ኤርትራዊ ብስርዓት ሸፋቱ ህግደፍን ደገፍቶምን ኩሉ መሰላቱ ተገፊፉ፣ከም ባርያ ኣብ ዘይዓርፍ ኲናት ተኣጒዱ ዝሃልቀሉ፣ ብዘይካ ንስደት፣ ኣብ ሃገሩ ብኽ,hate,hate,hate,hate,hate
1579338842079125505,ብህግደፍ ዝምርሑ ፀላእትና መንገዲ ሰላም ረጊፆም ኸጥፉኡና ካብ ወዲ 10-80 ዓመት ኸቲቶም ኹሉ ነገር ይገብሩ ኣለው። ሻዕቢያ ኣቅሽቲ ከይተረፈ ምግፋፍ ጀሚሩ ኣሎ።ኹሉ ትግራዋይ ኻብ,hate,hate,hate,hate,hate
1575593982477750272,@USER ልክዕ እታ ህግደፍ ዝብልዋ ደጊምዋ።,hate,normal,normal,normal,normal
1558906740049158145,@USER @USER ሓቂ ዳኣ ዘይመናብርትኹም ደናቁር ኢንድኹም፡ ሳዕሪ በሊዕኩም ጥራይ እምባሕ በሉ።,hate,abuse,abuse,abuse,abuse
1579708565908250624,@USER ስቕ በል ሰራቒ በራድ ከማኻ መሲሉካ ድሁል ሸያጢ ኩሊት,abuse,abuse,abuse,abuse,abuse
1597400216193609728,@USER ቆፍቃፍ ሓሳዊ ውሕጅ ጥፍኣት ጸራሪጉካ ይኽድ ድኣ ንጥፍኣት ህዝቢ ኤርትራ ዝተዓጠቅኩምን ዝበርዓንኩምን ኣይ ንስኹም ኢንዲኹም ፡ግርም ከኣ ለኻኺሙኩም ንበይኒኹም,hate,hate,abuse,abuse,hate
1564887652872212480,@USER ተኻባይን ለማኒን መሻርኽቲ ክኾኑ ኣይክሉን ኢዮም። PIA,hate,normal,normal,abuse,normal
1577053099918692352,@USER ከምቲ መንእሰይ ኤርትራ ንህግደፍ ዝቃለሶ ዘሎ መንእሰይ ትግራይ እዉን ንህወሓት ክቃለሶ ኣለዎ። ሽዑዩ ሰላም ዝመጽእ። ኣይኮነንን ግን ህወሓት ኣብ ስልጣን ክ,hate,hate,hate,normal,hate
1514503573438189569,@USER @USER @USER @USER @USER @USER አታ ኸም መራሕቲ እንዶ አክት ግበሩ ። እዚ ትገብሮ ዘለኻ ናይ,hate,abuse,hate,hate,hate
1592983712882622464,@USER ካብዚ ናትኪ ድንቁርናን ድኹም አታሐሳስባን ልዑል ፈጣሪ የድሕነና:: ኢሰያስ ርእሲ ማርቴሎ ካብ ስልጣኑ ወሪዱ ህዝብና ብፍትሕን ዲሞክራስን አብ ሃገሩ ምንባር ዝጅምረሉ ዘመን እንዳቐረበ እዩ ብሐይሊ ፈጣሪ::,hate,hate,hate,abuse,hate
1590761493251108864,@USER እዞም ፖርቲ ዝብሃል ውን ኩሉ ግዜ ከምዙይ ክፍተት ክረክብ ከለው ካብ ንፖለትካ ምጥቃም ንህዝቦም ዝጠቅም ክስርሑ ይግቦም ነይሩ ግን የሓዝን !,normal,normal,normal,normal,normal
1483618968778727430,እዞም ወረርቲ ሓይልታት ንህዝብና ብድሮንን ደብዳብ ነፈርትን ብጥምየትን መድሓመት ብዘይ ምርኻብን ንስቃይ ፈሪድዎም ግን ድማ ኣጆና ክሓልፍ እዩ ኩሉ ??,hate,normal,normal,normal,normal
1506699473539448838,ሕጂውን ኣይረፈደን ነዛ ከዳዕ ዓዲ ዲስጦጲያ ብዝሰርሖም ኣዝዮም ብሉፃት ስርሓቲ ክብሪ ዝግበኦ ዓብይ ኣያና እዩ፤ኮይኑግን እቲ ኣብ ልዕሊ ህዝብና ዝተፈፀመን ዝፍፀም,hate,hate,hate,hate,hate
1617931134947721217,@USER ተረዋእ ኣታ በላዒ ሰብ ሓንቲ ማዓልቲ ማሕረድኻ ክሰምዕ ቸስፋ ኣለኒ,abuse,abuse,abuse,abuse,abuse
1642965640829870092,@USER ህግደፍ ዕደ መንእሰያት ኤርትራውያን ተገፍፍ?አብ ኢትዮጵያ ብቆልዑት ትመሃር,hate,hate,hate,normal,hate
1591295475332026370,@USER ኒስካ ውን ብወገንካ ውሑዳት ዘይኮኑ ጥሪት ኣሎዉካ፡ ካብ ቶን ናትካ ጥሪትስ ቶም ናይ ኢሰያስ ጥሪት ይሕሹ፡ ከመይሲ ኒስካ ተጻራፊ፡ ኣቃናጻቢ፡ ሓሳዊ፡ ሰራቂ፡,abuse,abuse,abuse,abuse,abuse
1483856075615047689,ሆስፒታል መቐለ! ናይ ሕክምና ጓንቲ ተሓፂቡ ዳግም ንግልጋሎት ክውዕል። [ላዕለዋይ ጠርዚ ሕሰም ፣ ጫፍ ስቓይና] ስእሊ ፣ ሙሉጌታ ኣብርሃ [ድምፂ ወያነ],normal,normal,normal,abuse,normal
1479637342252154881,@USER @USER ወድዛ በተኽ ፃዕዳ ድኻ ደንብያ አዴኻ ሳስላ ክተእቲ ዘይትኽእል በተኽ ስለዝኾነት እዚ ናይ ወይዘራዝር ትግራይ መጋየፂ ኢድን እግርን ዝገ,hate,hate,hate,abuse,hate
1594599218706108418,መንእሰይ ኤርትራ ን30ዓመታት ንምስረታ ነፃ ሃገረ ኤርትራ ዝኸፈሎ መስዋእቲ ተኻሂዱ ንባርነት ህግደፍን ስደትን ተዳሪጉ፣ዓዱ ባዲሙ ሐዚ ድማ ኣብዘይምልከቶ ኲናት ኣቲዩ ከም ከልቢ ተደፊ,hate,hate,hate,normal,hate
1494023162425749507,@USER ክጂመር ኤርትራዊ መንነት ዘይኮነስ ዜግነት እዩ : ኣብ ዛ መሬት ክንደይ ጎሓፋት ጽልኢ ከሳውሩ ዝውዕሉ ዓዋሉ ዓዋናት መሬት ክወግሕ ኣብዝቐረበሉ እዋን መእተዊኦም ኣበይ,hate,normal,abuse,abuse,abuse
1648019110452666387,@USER @USER ሌባ ኮ ኩሉ ሰብ ሌባ እዩ ዝመስሎ! ደሓን ትም ኢልካ follow ግበረኒ ብዙሕ ክምህረካ እየ!?? ገልጣም እንተዘይኮይንካ ናይ ብሓቂ ክት,abuse,abuse,abuse,abuse,abuse
1502050950495842306,@USER @USER ኤርትራውያን ስደተኛታት ምስ ህዝቢ ትግራይ ኣታ ከይተበሃሃሉ 20 ዓመት ተቐሚጦም። ህግደፍ ናይ ኢዶም ኣይስኣኑ ንትግራይ ካብ ዝወሩ ስደተኛታት ተኸላቢቶም,hate,hate,normal,normal,hate
1594989145662922756,@USER ሕማቅ እታ መሕፈሪትካስ ካን ዲካ ሓሪእካያ! ክሳብ መወዳእታ ክንጸባጸበካ ኢና፡ ኣብ ዘርኢ ምጽናት ተጋሩ ብምስሌንነት ኣገልጊልካ ኢኻ ግቡእ ፍርድኻ ክትረክብ ኢኻ።,abuse,abuse,abuse,abuse,abuse
1598868064090542080,@USER @USER ግዕዜናት ካባኹም ንላዕሊ ለማኒ ኣሎ? ፎፍአረጊት ኳዳ ከይተረፈ ትሰርቁ ለያቡ።,hate,hate,abuse,abuse,hate
1492557197984813059,@USER @USER @USER ዋላ ሽም መራሕትና ፈሊጥክሞ! ርግጸኛየ፡ ኣማሓዳሪ ናይ ክልል ዓጋመ ኣይትፈልጦን ኢኻ። ንመራሕቲ ኤርትራ ግን ፈሊጥካዮም። ይገርም,hate,normal,normal,abuse,normal
1488251679267082253,ለማኒ ናይ ዓዲ3 መእንተ ማርያም መእንተ ማርያም አነ ከዓ መእንተ ትግራይና እለስ 50 ሳንቲም ድርብይ የብለሉኹስ.ሂጅ ከዝህ ጁንታ ኢት ሳንቲም ስሕብ ኣብሉ ኮ እዩ ??,hate,hate,hate,hate,hate
1611166765010063360,ሻሓኒ ክትሓጽብ ኣብ ስደት ተደርቢካ እንዳነበርካ ነቲ ሕሰም ነቲ ድክነት ውርደት ምረት ሃዲምካሉ ብደቂ ድኻ ብደቂ ሓረስቶት ክሕንጭጭ ክትዋራዘ ክትውዕል ዘሕፍር እዩ እዚ ሽለት ቀቢላ,abuse,abuse,abuse,abuse,abuse
1484288115418226692,@USER @USER @USER @USER @USER ለማኒ ናትካ ሐለፍቲዶ አይኮኑን ልዕሊ ወዲ ሸዉዓተ ዓመት ዕድመ ቅተልዎ ኢሉ ደም ን,hate,hate,abuse,abuse,hate
1504358472149868547,@USER @USER አብ ትግራይ ሙርኻት ዝስርሕዎ ተባሂሉ ንታሪክ ትግራይ ዝኽውን ሓወልቲ ዋላ ግድብ ዝኸነ ይኹን እስኪ አስርሕዎም ታሪክ ሳልሳይ ወያነ እዩ PLC????,normal,normal,normal,normal,normal
1642102313828360197,ሽፍታ ስርዓት ህግደፍ ኤርትራውያን ስደተኛታት ኣብ ትግራይ ተዓሚጾም ኢሉ ናይ ሓሶት ፕሮፖጋንዳ ንፖለቲካዊ ሃልኪ ክነዝሕ እንተ ዘይ ኮይኑ፣ ኣብ ባሕሪ ክጥሕሉ ከለዉ እውን እዚኦም ናት,hate,hate,hate,hate,hate
1568348431973863432,@USER @USER ያዉኡኡኡኡይ ?? ኣየ እንዳ ህግደፍ ኩሉ ነገሮም ሕንግርጢጥ,hate,hate,hate,hate,hate
1640917933525442560,መአረምታ: ምስ ሳባውያን ብምትሕብባር ንኣባላት ትድኤፍ ምትእኽኻብ ሓገዝ ተባሂሉ ብክንደያ ፋውንዴሸን ዝተገበረ ፃውዒት ንማሕበር ሳባውያን ዘይውክል ምኻኑን፣ ኣብዝግበር ምትእኻብ ሓገዝ,normal,normal,normal,normal,normal
1616665070678966273,ጎይቶት ኣራዊት ህግደፍ ተደናጊሮም ከለዉ፣ ብድንቁርንኡ ተወዳዳሪ ዘይብሉ ፖሮት ድያስፖራ ህግደፍ ከዓ ጨፍር ስለ ዝተብሃለ ይጭፍር ኣሎ። ?? ?? እቲ ስምምዕ ሰላም ካባና ንላዕሊ ንዕኣቶም ጠንቂ ምዃኑ ዘይተረደኦም መሳኪን።,hate,hate,hate,hate,hate
1512518932233605121,@USER @USER ?? ኣንታ ሃላይ፣ copy ኣይኮነን ኣዛሪቡና ፣ ኣብ ክንዲ ንተጋዳላይ ናይ ክብሪ ሓወልቲ ዝስቐለሉ ፡ ብዘይ ሓቦን ንሒን ተጋዳላይ ካብ,abuse,abuse,abuse,abuse,abuse
1513327037347471366,ምንቅስቓስ መንእሰያት ህግደፍ ኣብ ጁባን ከባቢኣን፡ ጉባኤ ኣቃኒዑ - ኤምባሲ ኤርትራ ኣብ ኡጋንዳ፡ ህዝባዊ ሰሚናር ወዲቡ #Eritrea,normal,normal,normal,normal,normal
1480313855247060993,ዓሻ መቺዎ አሎ ሓው ዓሻ ድማ ከፊኡዎ አሎዝብሃል መዓንጣ ዝብጥሰካ ናይኒ እዚእን ጥረታት ክትሪኢ ከለካዩ አይኮነንዶ #መስቀልአደባባይ 4ኪሎ እንዳ #ስላሴ ዱዓ ወይ አጋንንት ክን,hate,hate,hate,abuse,hate
1650183461905264643,እዞም መፀለማት ህዝቢ ትግራይ ህዝቢ ትግራይን TDFን ምኽሓዶም ኣየግርመለይን። ዘይዝነኒ እቲ ነዞም ረሳሓት ዝድግፍ ህዝቢ ትግራይን ተጋሩ ዲያስፖራን እዩ። ዓርሱ ይኽሕድን ዓርሱ ይፀል,hate,hate,hate,hate,hate
1506108717695221760,@USER ላህማም። ሰራቒ ማንካ ቡታንታ። ባንዳ። ኮኹልሳዕ ሐሽከር። ናይ ጣልያን ወያነ አምሐራ,hate,hate,abuse,abuse,hate
1588832399085170688,1) ፖለቲከኛታትኩም ንድኻ ወዲ ሓረስታይ ኣብ ኩናት ጠቢሶም ከብቅዑ እንሆ ሎሚ ናብ መንገዲ ሰላም ተመሊሶም። ነዚ ክገብሩ እንተኾይኖም ካብ ቀደሙ እንታይ ናብ ኲናት ኣምረሖም ዝብል,hate,normal,normal,normal,normal
1503916821753307139,@USER @USER @USER እምባእ በሊ፥ እቲ ጸልማት ብህግደፍ ኣብ ኤሪትራ ዓሲሉ ዘሎ፥ ክግላህዩ። ክንቅንጥጦ ኢና። እቲ ጽልኢ ንስክን ህግደፍክን ክት,hate,hate,normal,abuse,hate
1478144374051684352,@USER ንስካ ኣይኮንካን ብሰንኪ ወያነ አዩ ዝብል ምክንያት የምጽሉ ኣለዉ።,hate,hate,hate,normal,hate
1528452596293324803,ፍሊልይ ደረጃ ንቕሓት ኣብ ትግራይ ዘሎ ህዝብን ኣብ ትሕቲ ህግደፍ ዝነብር ዘሎ ህዝብናን ብ ፍላይ ብ ጽልኢ ዝዓወራ . via @USER,hate,hate,hate,hate,hate
1657788424005246977,@USER ዓሻስ ሓንቲ ደርፉ። ንድሕሪት ዝምለስ ነገር የለን። ውዕሊ ፕሪቶርያ መቓብር ሻዕብያ ያ።,hate,hate,hate,hate,hate
1512354107440443393,ነዚ ሓሳዊ ሰባኣይ ንህዝቢ ዓለም ጌጋ ሓብሪታ ዳሃበ 1 ዓመትን 7 ወርሕን ምስ ኣቢ እሰያስ ኮይኑ ምስ ሊሂቃን ኣምሓራ ዝሰርሕ ዕሱብ ታሓታቲ ጆኖሳይድ ትግራይ እዪ ድሕር ሕዚ ል,hate,hate,abuse,abuse,hate
1500701461876908032,ባህግና Bahgna 45፣ እዋናውያን ዜናታት ፣ ግርምቢጥ ፖለቲካዊ ኣሰላልፋ ህግደፍ ናበይ ገጹ via @USER,hate,hate,normal,normal,hate
1531302301264015361,ጋና ግዳያት ጾታዊ ዓመጽ ንምሕጋዝ ፈተነታት ይግበር,normal,normal,normal,normal,normal
1627856649569329153,@USER ኣኮይ ኣኮይ ትብሊ ፈረስ ነይግዱ ሃሊሉ ዝመፀ ኣድጊ ኣፀቢቕካ ፀዓኖ? ዕዉር ምስ መራሒኡ፣ ሃሳስ ምስ መኻሪኡ ይበኣስ ሰብ ብዘይ ዓዲ፣ እኽሊ ብዘይ,normal,abuse,abuse,abuse,abuse
1639689696526704640,ህግደፍ ዳሳት ተኺሎም ምስ ኣምሓሩ ይስዕስዑ:ዝወረዶ ህዝቢ ከኣ ካልኡ ከይኣኽሎ ኣብ ገለ ንኡሳን ዞባታት ዞባ ደቡብ ብግዴታ 10 ኪሎ ናይ ግራትኩም እኽሊን( ናይ ሸመታ ኣይቅበሉን) ዝ,hate,hate,hate,hate,hate
1489700347778109446,ሕልኽላኽ ዝበዝሖ ፈታኒ ዓቐብ ክትድይብ፤ ኣይኮነንዶ ደቂ ዓድኻስ ምርኩዝ ዕንጨይቲ እኳ ዝድግፈካ! ትግራይ ዓደይ፤ ከምቱ ኣባ መብረቕ ብ1987 ዝበሉዎ፤ ሓድነትና እዩ ውሕስነት መንነ,normal,normal,normal,normal,normal
1509624587218214918,@USER @USER ደንቆሮ ኩርኩር ህግደፍ ፣ ኪድ ምዓኮርር ኢሳያስ ልሐስ,hate,hate,abuse,abuse,hate
1502701431375249408,ዓሻስ ዓሻ ደኣ ወይ ድንቁርና ናይ ኢሳያስ ኩርኩር እዩ ግና ኢሳያስ ዘይፈልጦ እግዚአብሔር ንዓመጽቲ ይእለየልና አሜን ። #እንድርያስ_ኣቦይ,hate,abuse,abuse,abuse,abuse
1567969436140974081,ከተማ ዓረዛ ዕጫ ኣሕዋታ በጺሕዋ። ዓጋመ (ወያነ) ይመጽእ ስለዘሎ ጸማምን ሓንካስን ከይትረፈ ዓቕሙ ክገብር ስለዝኽእል ኹሉ ክኸትት ትእዛዝ ተዋሂባ። እምቢ ዝበለት ዝበለት ከተማ ዓ,hate,hate,hate,hate,hate
1599245741167620097,@USER @USER ሀተፍተፍ። ክልተ ሸውዐተ የድልየኪ /ካ አሎ።,abuse,abuse,abuse,abuse,abuse
1499844135586521089,ሰራዊት ሩስያ፣ ነቲ ካልኣይ ዝዓበየ መደብር ኑክሌር ዩክሬን ከምዝተቆጻጸሩ፣ ሰበ - ስልጣን ዩክሬን ኣፍሊጦም። #Russia #Ukraine #US,normal,normal,normal,normal,normal
1514025000231129089,#TDF ካብ ተጋደልቲ 2ይ ወያን ብኽንደይ ዕፅፊ ዝበለ ምል፡ክት ኣመር ፅንዓት ጅግንነት ትግራይ ነይሩ። ግን 2ይ ተጋደልቲ 2ይ ወያነ ንፁርን ብሉፅን ፖልቲካዊን ዲፕሎማሲያዊን ኣመራርሓ ነይርዎም!,normal,normal,normal,normal,normal
1513272424594219008,@USER @USER @USER ኣብዚ እኔውልኻ ቆማል ዓጋመ ናይ ኤርትራ ነዴኻ ናይ ራሺዳ ኩላሊት ችብቻብ ጌሮም ነቦኻ ን ጎንደር ሰዲዶም ናይ ኣምሃራይ,hate,hate,hate,hate,hate
1621996622690254851,@USER መዓት እዮም መይቶም ሜድያ እዪ ከምዚ ዝብል ዘሎ እንበር አምቡላንስ ዝሰርሕ ሰብ ቡዙሐት እዮም ኢሉ አሎ,hate,normal,hate,normal,hate
1641260397121478660,@USER እቲ ተረኺቡ ዘሎ ሰላም ስለዘሕመመካ ድዩ አንታ ድሁል ሸያጢ ዓዱ ባንዳ አብ ህወሓት ክፍተት ይፈጠር አየእትወካን ክፍተት ምፍጣር ሓዱሽ አይኮነን,abuse,abuse,abuse,abuse,abuse
1494432095401295873,እንኳዕ ንመበል 47 ዓመት በዓል 11 ለካቲት ምጅማር 2ይ ወያነ ህዝቢ ትግራይ ኣብፀሐና ኣብፀሐኩም! ዘለኣለማዊ ክብሪ ንስውኣትና! ስውኣትና ንዘልኣለም ህያዎት እዮም! ትግራይ ትስዕ,normal,normal,normal,normal,normal
1521291280080420871,ክሳብ ክንደይ ህግደፍ ንክብርን ባህልን ?ህዝቢ ኤርትራ ጠቅሊሉ ከም ዝጎሓፎ?ከም ዝንዓቆን ካብዚ ንላዕሊ መረጋገጺ እንታይ አሎ ክሳብ ክንደይ ተበላጺ ዝኾነ ወለዶ ፈ,hate,normal,hate,hate,hate
1484057828943966209,@USER እዚኣስ ኣገዳሲ አያ ኔራ pls እንተ ኺኢልኻ ክልቲኤ እባ ሰደደለይ ሓደ ከዳዕ ናይ ደርግ ክሰደሉ . ረፈረንዶም ባርነት ወይ ናጽነት እዩ ዝብል ኔሩ ይብል . ሓሶት ከም ዝኾነ ከፍልጦ.,abuse,abuse,hate,abuse,abuse
1611875890807316480,@USER ሰክት ቆፍኩኣፍ ናይ ሰራሕተኛታት ዘይዕግበት ኣብ ኤርትራ ጥራይ ደዩ ዘሎ ክሳብ መዓኮርካ ጥቕደድ . ወዲ በዳን,abuse,abuse,abuse,abuse,abuse
1479961891111944193,@USER ወያነ ሓሳዳት ዶ በልካ ኣንታ ጎሓፍ? ሓሳዳት እቶም ብቅንኢ ዓዊሮም ኣብ መረበትና መፅዮም ህዝብና ዝሓረዱ ክትርእዮም ዝፅልኡኻ ረሳሓት ኣሕዋትካ እዮም። ናይ ወያነ,hate,hate,abuse,abuse,hate
1556937025026138113,@USER @USER ጥህሻ ወዲ ጥህሻ ንኹኩ ጥህሹ መስስ ከም ትኪ ናብ ዝለዓለን ዝበረኸን።ተዓወት ተዓወት ጥህሻ ናይ መን ደአሞ ክትወርስ ሐዊ መንደላይ።,normal,normal,normal,normal,normal
1506508517607452673,ኣወል ኣርባ ናይ ኣብይ፤ ኢሳያስን ተስፋሕፋሕቲ ኣምሓራን ትእዛዝ እዩ ዝፍፅም ዘሎ።,hate,hate,hate,hate,hate
1587715147921063937,@USER @USER ኣበዴኻ ዘሎ መሬት ኣታ ረሳሕ ኤርትራዊ። ወሪርካ ማለት ትነብረሉ ኢኻ ማለት ኣይኮነን። እትረፍ ባድመ እዛ ኤርትራ ኣይትነብረላን ኢኻ።,hate,hate,hate,abuse,hate
1577184035738365957,@USER ክትማርኩ ዶ ኣይቀነኩምን! እንዳ ሓሶት ድራሮም ፣ ግምጥል ኢልኩም ድማ ነዝልቅ ኣለና ኮይና በቃ! ተጸፊዕኩም ምስ ተደከርኩም ሲ ብድሌትና ኣስሒብና ኣለና ፣ክተ,hate,hate,hate,hate,hate
1544536976954519554,@USER እዋይ ውዒግን ደንቆሮ አሞ ነዚ ኩሉ ጸገማት ፈንጺጎም ኤርትራውያን ተደጋጋሚ ዓወት ምጭባጦምሲ ከብድኻ ቀሪጹካ ሓሳድ ሓሳዊ። ኤርትራውያን ብስፖርት ወርቂ መዳልያ,hate,abuse,abuse,abuse,abuse
1559078675064274944,ኣግዝያን መራሕቱ ሓሰብቱ ወነንቱ ደቂ ሻዕብያ እዩም ካብ ማእከል ሓማሴን እዩም ካአ ስለዚ ሓደ ዘየጋዳሲ ሰብ ናብ ወያነ ናብ ህግደፍ ከጸጋዓና ዝሓስብ ደኪሙ ጥራይ ዩ ኣግዝያን እንታይ,hate,hate,hate,hate,hate
1597822585559187456,@USER ሸያኒ። ነዚ ክትብል እኳ ምሉእ ሽምካ ክትጠቅስ ኣይትደፍርን። ነዚ ብምዝራብካ ኣብ ባይታ ተምጽኦ ቅንጣብ ለውጢ እኳ ተዘየለ መለበሚና ንእሽተይ ጨብራቕ ውራይ ሲ ሸ,abuse,abuse,abuse,abuse,abuse
1572829269125959680,@USER መዳርግቲ ዘይርከቦም ሉሙሳት ናይ ሻዕባዊያን ናፈቅቲ ደርጋዊን ሰባት ክሳብ መዓስ ኢና ኣብዚ ሚድያ ክንራዮም ። ኣዚ ህግደፍ የ ምባል ስለ ዘሕፈሮ ዩ ኣምበር ክላእ ሞጎ,hate,hate,hate,hate,hate
1657555904089280512,@USER ሚሽ ዶ ቁራእ ተረፍ ዓሳ ሌባ ጭልፋ ኤርጥርዊ,hate,hate,hate,abuse,hate
1494616921467199506,ንኹሊና ተጋሩ እንኳዕ ን47 ዓመት ምስረታ ህዝባዊ ወያነ ሓሪነት ትግራይ አብፀሐና።,normal,normal,normal,normal,normal
1513975898009178113,ATV: ይዝከረኩም ዶ ህግደፍ መንደፍ! - ካብ ኣሉ ቐጣን፡ እምብኣር ሰጊርኩም ናብ ጃህራን ፈኸራን - Amanuel . via @USER,hate,hate,hate,abuse,hate
1612037294579683330,@USER ቆማል ሓሳዊ ዕሱብ፡። ንስካ ጉሓፍ ማዳ ሃገር ካልእ ክትብል ዝጽበ ሰብ የለን,abuse,abuse,abuse,abuse,abuse
1494365431020273670,@USER ካብ ወዲ ወየንቲ ትብልኮ ወዲ ለመንቲ ማለት እያ!!!,hate,hate,hate,hate,hate
1497845301633187849,እዚ significant analysis ዝኮነ ተሞክሮ ኣብ ሳሕል በሊሑ ኣብ ኣስመራ ኮይኑ ንዓለም ብኣጉኡ እዩ ዝገምገማን ዝፈለጣ መሪሕነት ናይ ህግደፍ እዩ።ሓቂ እቶም ትማሊ ዝጻረፍ ዝ,normal,normal,normal,normal,normal
1503257221798322176,@USER ንስኻትኩም ከለኹም እሞ ኣበይ ክወግሕ። ህግደፍ ኩሉ ክብርታት ሕብረተሰብ ኣፍሪሱ ኣንስቶም ዝሓርዱ ባህረርቲ ወለዶ ፈጢሩ። ዓዲ ኣጽኒቱ ስድራቤታት ሓላዊ ማዕጾ,hate,hate,hate,hate,hate
1651523636073832449,@USER እመን ካፉ ሓወይ ዛ ዛርቲ ፍርቂ ለይቲ ዘጣመማ ሰበይቲ መቀለ እኒኣ,hate,abuse,abuse,abuse,abuse
1653831947351629824,@USER እዛ ክልል ትግራይ ከመይ እያ ትኸውን ዘላ ገታጀው ፈካሪ ስርቂ ናትኩም እንድዩ ንሱ እዩ ስራሕኩም ልምድኹም እዩ ኣያኹም መለስ እኮ ኢልዎ እዩ ስርቂ ስራሕ እ,hate,hate,hate,abuse,hate
1525178855065014273,ብተጋሩ መስዋእቲ ሃገር ዝኸንኩም ናይ ቃልሲ ውፅእትን አይግዛእን ብሃላይን አበይ ይርድእኩም ባርያ ነይርኩም ባርዩ አለኹም ተወዲአ??,hate,hate,hate,hate,hate
1589177044210167808,ጋል ባረነት ዘልመደት ህግደፍ መክናቱ ናጽተነት ዘፈለት ከመይ ህዘቢ ኤርትራ ካብ ዓለም ዘደከይ Internet ዘጠቀም አዩ ??,hate,hate,hate,hate,hate
1561926301522575365,ኣታ ለማኒ ወዲ ህግደፍ ኣቦታትካ ኣይሓፍሩን ድዮም?,hate,hate,abuse,abuse,hate
1643385100761956352,ህግደፍ ኩሉ ሓንጎሎም?ቦንብ?ምቅጻል?ምእሳር ጥራይ እዩ,hate,hate,hate,hate,hate
1638587814215405569,አቡቺ አራዳ?ንህግደፍ ከምታ ወልፋ ?አብ በረኻ ብጋይላ አፋንዩ?ንህወሓት አብ ባይቶ ተጋጊና አሽባሪ አይኮንኩምን,hate,hate,hate,hate,hate
1639708758216515584,@USER በዛ ዋንነት ናይ ሰረቅትን ናይ ተጋሩን ኣከለ-ጉዛይን ዝኮነ ውድብ ህግደፍ|PFDJ ዘይተሓበንኪ ፈጣጥ ዓይና እስኪ ኹርኩር ህግደፍ እንበር እንታይ ርክብ ኣለኪ,hate,hate,hate,abuse,hate
1581899431703875584,ነባራት ተጋደልቲ፥ ከም በዓል ወዲ ሽክ፥ ወዲ ትኩል፥ ሕጂ ድማ ጀንደ፥ ከምኡውን ብዙሓት ስድራ ስውኣት ሓጉዙና ኢሎምን፥ ገሊኦምውን ገና ሓገዝ ይሓቱ ኣለዉ። እቲ ዝሕዝን፥ ህግደፍ,hate,hate,hate,normal,hate
1490084320626753544,@USER @USER ትኽክል ኪናት ናይ መልሓስ መጠምዘዚ ሓሳብ ኢዩ።የግዳ ሽፋን ገርካ መሰረት ዘይብሉ ክትዛረብ እውን ጥዕም ኢዩ።ህግደፍ ሕቡእ ኣጀንዳ ኢዩ።ከም,hate,hate,normal,normal,hate
1637880058839801858,@USER ዋጦት ህግደፍ ?ምርጫ ትግራይ የሕሚምዋም?ናይ ኤርትራ ?ትም,hate,hate,abuse,abuse,hate
1599346119753859075,@USER ንባዕለንውን ሰሪቆመንዮም ዝዀኑ ! ህግደፍ ብጀካ ስርቂ ማእሰርቲ ሓሶት ቅትለት ካልእ ዘይፈልጥ አሸባሪ ጉጅለ። ግመለይ ግመለይ ብዓልቲ ግርማ ደኺመ ዘይትብል መርከብ በረኻ??,hate,hate,hate,hate,hate
1632311570737790981,@USER @USER ዋላ ድኻ ኮይና ነጻ ሃገረ ትግራይ ብቕልጡፍ,hate,normal,normal,normal,normal
1572321618608758786,ናይ ኣምሓሩ ምስክርነት ብዛዕባ ኢትዮጵያዊ ተልእኾ ዕሉል ወይጦ ከዳዕ ኢስያስ ኣፈወርቂ!,hate,hate,abuse,abuse,hate
1486968136976908288,@USER @USER እዚ ጸገም እዚ እኮ ካብ ወያነ ዝጀመረ ኣይኮነን፡ ወለድና ብመሳፍንቲ ትግራይ ክንደይ ሽግር እዮም ኣሕሊፎም የግዳስ ወለድና መግብን ስራሕን እንዳሃቡ የዐ,hate,hate,hate,hate,hate
1571947645089742848,@USER @USER @USER ኣብዛ ሕጂ ዝተጻሓሓፍናየን ጥራይ ብውሑዱ 3ግዜ ዕዉር ሓሶት ሓሲኺ።ዓባይ ትግራይ ዝብል ርእስኺ ሰሪሩኪ ኣሎ መስለኒ።ተሓቢእኩ,hate,abuse,abuse,abuse,abuse
1643432062068703232,ተበንቆስ ርኹስ መንፈስ መንዩ ኣውራጃ ሓማሴን ዝበለካ፧ #ሃገረ-#ሓማሴን ደኣምበር ኣውራጃ ሓማሴን ዝባሃል የለን !! ሓሳዊ ጉዕዙይ ከይ በቖልካ ሕረር ርእሰ ኣድባራት ኣክሱምን,hate,abuse,abuse,abuse,abuse
1494216078058213379,@USER @USER ዓንጓር ሻዕብያ ከም ቆፅሊ አርጊፍናኩምን ነርግፈኩምን እውን አለና ሑሱራት ገና ድማ ክንፀራርገኩም ኢና ሰረቕቲ።,hate,hate,hate,abuse,hate
1608190805826494464,ሙሉእ ይግበሮ ?አምላክ?ዓይኒ ሓሳድ?ድፍንፍን ይበል ንጥፍአትኩም?ዝተበገሲ አጋንንቲ ህግደፍ ?ናብ ዓዲ ሃሎኦም,hate,hate,hate,hate,hate
1631904222760370176,@USER @USER ሃየ ኣቤት ፖለቲካ ተኻኢልለይ ተባሂሉ እዩ፡ ንጥፍኣትካ ዝኣወጀ ዕሱብ ከዳሚ ብሚሳይላት እንዳደብደበካ ኣብ ኤርትራ ኣቲና ንሻዓብያ ደሚሲስና ዕሱ,hate,hate,hate,abuse,hate
1582998328307957760,@USER ፈራሕስያ ዓሰርተ በትሩ ኮይንዎም እዮ እኮ,normal,abuse,abuse,abuse,abuse
1561260903089295368,ፖሊስ ጀርምን ለይታዊ ትልሂት ህግደፍ ኪቃረጽ ከምዝተገብረ ብወግዒ ይገልጹ። #Nomorepfdjvestivalingermany #Nomorepropoganda #Nomoredictator,hate,hate,hate,normal,hate
1554132657067511810,@USER @USER ኪድ ሙሕሙሕ ናይ ህግደፍ ደጋፊ ኮንካስ ካልእ ሰብ ክትመክር!? ኣታ ራኣዩለይ!!!!????,hate,abuse,abuse,abuse,abuse
1507286293021179979,@USER ወያነ የለዉን ሕጂ ሕርቃንካ ኢካ ተውጽእ ዘለካ,hate,hate,normal,abuse,hate
1546951341951549445,ንመንግስቲ ትግራይ ክንወቅስ ከለና ጉድለታቱ ንክስተካከል እዩ። ድማ እንተጥፍእ ኣጥፊእኻ እንተዘይኢልናዮ ድሕሪ ቁሩብ ጊዜ ከምዞምደቂ ህግደፍ ዕምባሕ ጥራሕ ኢና ክንብል። ሃስሏኽ ድማስ,hate,hate,normal,abuse,hate
1563048849203089409,@USER ህግደፍ ብሕጂ ዳስ ተኪሉ ሳዕሲዑ ማለት ጻሓይ ስርሓ ኣቓሪጻ ማለት ኢዩ። ሕግን ቅዋምን ረጊጹ ንዝከይድ ሽፍተ ክድግፉ ተሰይሮምስ ብዛዕባ ሕጊ ክትዛረብ ሞ,hate,hate,hate,hate,hate
1533091330066464768,@USER በል ይብል ኣለኹ ከስታውሶ????? ቁጥሚ ድዩ ዝብሃል,normal,abuse,hate,normal,normal
1654777664014614529,@USER ዓጃው ብጽሙዋ ተበሊዑ፡ ነዚ ስልጡን ህዝብና 100 ዓመት ንድሕሪት መሊሱዎ።,hate,hate,hate,hate,hate
1492982303731200000,@USER ብወተሃደራት ኤርትራ ዝተቐተሉ ህጻት ተጋሩ እኮ ኣለው : : ወያነ ግን ከምቲ ህግደፍ ፕሮጋንዳ ገይሩ ዘእመነና ኣይገበሩን ::,hate,hate,normal,normal,hate
1580841465688690688,እዚ ነዛ ክንዲ ባኮ ሮዝማን ትኣክል ዓዲ ዝመጸ ሑልኩስ ሻዕብያ ኣጀጊንካ ምቅራብ ሚድያትና ደው ከብላኦ ይግባእ፡ ፈራሕውንኮ እንተገጢሙካ፡ ብላዕሊ ኮይኑ፡ ምስ ተሰአ ኣይሓድገንን ስለ ዝብል፡ ጨካን እዩ ዝቅየር፡፡,hate,hate,hate,abuse,hate
1486563911356796929,#ሌዋዊ ከም ሕጊ ሙሴ፡ ብዳርባኦም ናይ ኢዶም፣ ክመልሰሎም . ተበጊሰስ ተዓወትኩሎም ግዳስ.ገደደ ናትካ.፡ ዒቕ ኢሉና፣ ክንርኢ ታቦትና ተሰኪምካ፣ መሕደር ማሕደር ሓሳዊ፡,hate,abuse,abuse,abuse,abuse
1616548950131068952,@USER Tigrai Onlie!! lie Online!! ምሕሳው ዘይልወጥ ባህርይ ኮይንኩም! ኣመል ምስ መግነዝ። ሓደ ወዲ ሰብ ካብ ሓሳዊ ክበሃል ሰራቒ ክበሃል ይሓይሽ,hate,hate,abuse,abuse,hate
1644635809490911233,ህግደፍ ኣብ ፍቕሪ ህዝቢ ትግራይን ኤርትራን ኢዩ ዝወድቕ! ህዝቢ ኤርትራን ትግራይን ናብቲ ባህሪያዊ ዝኾነ ንቡር ርክባት ክምለስ በብወገንና ንጽዓር።,hate,hate,normal,normal,hate
1580300787413966848,ኮራኩር ህግደፍ ብ 03 ሽረ ተቖጻጺርናያ ኢሉ ህዝቢ የደናግር ኤርትራውያን ስደተኛታት ሎሚ ኣብ ሽረ ኮይኖም ነቲ ምልካዊ ስርዓት ይቃወሙ,hate,hate,abuse,abuse,hate
1658048012390637569,@USER ኣንታ ሳሕሳሕ ዓጋመ፥ ውሻ፥ እዚ ጨናዊ ኣፍካ ዕበስ።,hate,hate,hate,hate,hate
1654045720511479815,@USER አታ ጎሐፍ ለማኒ ህወሐት፣ ካብ መዓንጥአ ንላዕሊ ንዓኻ፣ ካብኡ ንታሕቲ ከአ ምሳና እዩ ዘሎ.,hate,abuse,abuse,abuse,abuse
1654052174781972480,ይንቅጥቀጥ አሎ ኢለ እየ lol ??,normal,normal,abuse,normal,normal
1563267250513379331,@USER @USER ኣንታ ጸማም፥ በዓሎም መንደላይ ኢናኮ ኢሎምካ። ንመንደላይሲ ብምንታይ ኢካ ክትምልሰሉ ደሊካ? ወዲ መንጎ ሰብ ጸላእኩ!,abuse,abuse,abuse,abuse,abuse
1578488980315983872,@USER @USER ኣቱም ሰባት ከመይ ኣቢልኩም ኢኩም ንወያነ ኣሚንክሞ። ካብ ህግደፍ ሕልፈት የለን ካብ ወያነ ኩሎም በጀካ ኩናት ንካልእ ኣይተፈጥሩን። ንሰላም ስበኩ በጃኩም ሰብ ይጠፍእ ዩ ዘሎ።,hate,hate,hate,hate,hate
1602116862250127360,@USER ሓመድ ደኣ የብልዕኻ ዋ አንታ ርኩስ ብሰላም ከይውዳእ ካብ ሻዕብያ ድዩ ተላኢኽካ ካብ ፋኖ ልአኻ ልወለደት ማህፀንስ ክንደይ ኮን ትሓዝንን ትራገምን ትህሉ ድሁል,hate,abuse,abuse,abuse,abuse
1584798654916808704,እዞም ለኻብጥ መንግስቲ ኤርትራ ይገፍፍ ኣሎ ኢልኩም ምስ ወያነን ሰዓብቶምን እተዳኽሩ ዘለኹም ኣኽላባት ሰማይ ኢድኩምን እግርኹምን ተኣከብኩም ጽቡቅዩ ሃዲምና ሃገር ዝገደፍናያ ደኣ መን,hate,hate,hate,hate,hate
1610549227742023682,@USER @USER @USER ብቕድሚ ትማሊ ገዛና ደዊለስ ኹሎም ቤተሰብና ረኺበዮም። ናዳሕና ድዩማ ተኣኪብኹም ኢለዮም ላፈራሕኹ፣ ተክልየ ዓመቱ እኮ እዩ ሎምዓንቲ፣,normal,normal,normal,normal,normal
1515398920880500740,ፍሉይ መደብ፡ ካብ ህግደፍ ሸሊኹ ዝወፀ ሰነድ - ኣድቂቕና ዝገምገምናሉ! Dedebit Media 16/04/2022 via @USER,normal,normal,normal,normal,normal
1648721643693326338,@USER @USER አበይ ዘነበረ ወርቂ፣ ዝበዝሑኳ ለመንቲዮም ኔሮም??,hate,hate,hate,hate,hate
1542920334336315392,ወያነን ህግደፍን ብማዕረ ጸላእቲ ኤርትራ ኢዮም። ኣብ ገዛእ ሃገሮምን ንህዝቦምን ኢሎም ዝሰርሕዎ ልምዓት ግን ነዚ ይመስል፡፡,hate,hate,hate,hate,hate
1597658322563661824,@USER እዚ ዘረባ ባዕሉ ማአዝ ተዘሪቡ ብዘየገድስ ትግራይ ኣብ እድ እኒመን ምንባራን ሐዚውን ምዃናን እዩ ዘርእይ፤ ናይ ፖለቲካ ደኽታም ወይድማ imbecile ሰብን ውድብን,hate,hate,normal,normal,hate
1601628525974650887,@USER ኣብዚኣ ዘላ ከኣ ሁከት ማይ ሰቲኻ እስከ ኮፍ በል ገልጣም,abuse,abuse,abuse,abuse,abuse
1530565556897820672,@USER ኢሰያስ ከም ሂትለር ክፍንፈን ክነብር ኢዩ,abuse,abuse,hate,abuse,abuse
1491151441758945280,@USER @USER @USER ክብረት ዝባሃል ስለ ዘይፈትዉ። ብትኳቦ ዝተዋህበቶም ባንዴራ ከም ሞግዚቶም ወያነ ትኳቦ ዘምሕረሎም።,hate,hate,hate,abuse,hate
1580852465473572865,@USER @USER @USER @USER ንመን ትዛራብ ከምዘለኻ ኣይትፈልጥን ኢኻ! ኣነኮ ኢትዮጵያ ባረንቱ ሒዞማ፡ ህግደፍ ንሳሕል ክሃድም ምስ ጀመረ,hate,normal,normal,normal,normal
1488092177184006144,@USER @USER ታሪኽ ምስራቅ ከመይ ኢሉ ክሕፍሮም ? መራሒኦም ነበር (መለስ ) ስርቒ መንፋዕቲ እዩ :: ዝሓደረሉ ገዛዃ ማእሲ ሰራቂም እዮም ዝከዱ ዝነበሩ። ብሕጊ ግን ክሕተቱ ???,hate,hate,hate,hate,hate
1655260328698019840,@USER @USER እዚ ጋነን ወዲ ሸርሙጣ ፡ወዲ መድህን በራድ።,abuse,abuse,abuse,abuse,abuse
1549501658677366784,@USER ካብ ምህሮ ኣእምሮ ዝበሉ ኣቦታትና፡ ከም ባዓል እዚ ዶክተርየ ባሃላይ ምስ ራኣዩዮም። 32 ዓመት ሓደ ሰብኣይ ብትንትን የእትይላ ሃገር እንዳራኣየ፡ ከምዘይራኣ,hate,abuse,abuse,abuse,abuse
1563273109863419904,ደገፍቲ ህግደፍ ብደም ህፃናት ትግራይ ትሕጎሱ ዘለኹም አብ ደቅኹም ይብፃሕ ንኽርድአኩም ድምፂ ውፁዕ አኽንዲ ሙዃን ብደም ሰኺርኩም !!,hate,hate,hate,normal,hate
1616165794206842881,@USER ድቓላ ወዲ 40፡ ናይ ትግራይካ ግበር፡ ጨናዊ ትሽቱሽ,abuse,abuse,abuse,abuse,abuse
1550712060840927234,@USER @USER ሱቅ በል ጸማም ካብ ናይ ወያነ ዕሱብ ምዃን ኣብ ዓለም ዝኽፍኤ ነገር የለን።,hate,hate,abuse,abuse,hate
1578618692287406080,ቆልዑ ኣስመራ ደቂ ጣባ(ቢምቦሪ) ቁልዕነት ኣዘኻኺሮምኒ፡ግርህነት ቆልዑ፡ ዘይግቡእዃ ተኾነ ትዝታታትካ ኣዘኻኺሮ ደስታ ይፈጥሩልካ፡ ኣባይኩም ይደፋእ ብሓጎስን ፍሃን የዕብኹም፡,normal,normal,normal,normal,normal
1497340403170775040,@USER ኤርትራዊት አዶ ዶ እወ ሓቅኻ እዞም ደቀይ ንብረት ዓጋመ ተሸኪሞምለይ ይመፁ አለዉ ኢላ እዳተፀበይ TDF ጋሕ የብሎም አሎ ነቶም ፉንፉናት ደቃ . ጋሕ ትበላዲኦም,hate,hate,hate,hate,hate
1587942273605455872,ATV: ዓንደብርሃንን ሰዓብቱን ህግደፍ ቁጽሪ ክልተ - ካብ ኢሳያስ ዝኸፍኡ ህግደፍ እዮም - ዝርርብ ምስ ዶር ገብ . via @USER,hate,normal,abuse,abuse,abuse
1654002048440868865,@USER ሓዳስ ኤርጥራ እወ ዘመናዊት ወዲ ኩርኩር ህግደፍ,hate,hate,abuse,abuse,hate
1553667381523877888,ህግደፍ ብዘይ ቅድመ-ኩነት ክጥፍእ ኣለዎ።ግዜ ብዝተዋህቦ ደረጃ፡ ንባዕሉ ክድልድል፡ ጸላእቲ ትግራይ ከሰልጥን ጥራሕ ኢዩ። ስለዚ ኢሳያስን ስርዓቱን ክጠፍእ ጥራሕ ኢዩ ዘለዎ። መንግስቲ ትግራይ ኲናት ክእውጀሉ ኣለዎ።,hate,hate,hate,hate,hate
1480329413111820292,@USER ንነብስኻ ካብ ባርያ ህግደፍ ምዃን ነጻ ክትወጽእ ዘለካ ንስኻ ኢኻ። ህዝቢ ትግራይ ወያነ ይምረጽ ካልእ ወድብ ይምረጽ ንዓኻ ዝምልከት ኣይኮነን,hate,abuse,abuse,abuse,abuse
1576485025885065216,@USER ሓሳዊ መደናገሪ፡ንብረት ምስራቕ ሓላል እዩ፡ንግሆን ምሸትን ሰብ ዶ ኣይኮነን ዝጭወ ኣብ ኤርትራ?ንብረት ቀሲኑ ዝነብረላ ሰብ ዝሳቐየላ ሃገር ከተጸባብቓ ኣትፈትን ሎኽመኛ ጴንጠ ሓሳዊ ።,hate,abuse,abuse,abuse,abuse
1623406298082549762,@USER ፈንቅል ዶ ገለ እንዳ በሉ ባ ሂወትና ፈንቂሎሙና እዞም ተካላት ህግደፍ ውፉይ ጅግና ኣቦ ሓቂ,hate,hate,hate,hate,hate
1585361451178680320,@USER ዓሻስ ጎቦጣ ስጋብ ዝውዳእ ይጻወት ዝብሃልሲ ከምዚ እዩ።,normal,normal,abuse,abuse,normal
1631593741378002945,@USER @USER ሕርር ድበልክስ ንስኪ 30 ዓመት ተደኪርኪ ዘይርድአኪ ስጋብ ሕጂ ብውሽጥን ብደገን ትድከሪ ደለኪ ሰራቂት ጀርካን ደንበከአስ ሰብ ኾንኪ ገናባ ብሕጂ,hate,abuse,abuse,abuse,abuse
1572675048426639364,@USER ኣታዚ ጨናዊ ንዮው በሎ ሓሳዊ ልሙጽ ህግደፍ ደደ እንዶ ግዳ የብዝሕ ኣየሎን በትኪ,hate,abuse,abuse,abuse,abuse
1508641353533517824,@USER እዋይ መከራ ጭፍራ ህግደፍ ሓንቲ መዓልቲ ግን ናይ እዚ ኩሉ ግፊዒ.,hate,hate,hate,normal,hate
1558373883748786176,@USER ኣንታ ዓሻ ትግራዋይ! ናይ ወያነ ኣጀንዳ ብወጻእተኛታት ውልቀሰባትን ብኣሜሪካን ኤውሮጳን ዝተጠጅአ ኢዩ ኔሩ።ወያነ ከዳሚትን ዝተባህለቶ ንኽትገብር ውዕል ዝኣተወ,hate,hate,hate,hate,hate
1503938603273043972,ራሻ ንክራይሚያ 2014 ብሓይሊ ወሪራታ ክፋል ዩኩሬን።ሕጂ ድማ ፑቲን ንብዓባያ ዩኩሬን ብሓይሊ ይወራ ኣሎ። ምስ ኩነታት ህግደፍ መንደፍ ዲፕሎማሲያዊ ምንጻል፣ ኤርትራ ከም ሃገር ምቅ,hate,hate,hate,normal,hate
1645126678950170624,ኣብ መላእ #ዓለም ዘለኹም #ተጋሩን ፈተወቲ ተጋሩን #እንኳዕ ንዓመታዊ በዓል #ሆሳዕና ብሰላም ኣብፀሐኩም/ ኣብፀሐና ??ድንግል ማርያም ኣብ ዘለኽሞ ትሓልኹም ?? ? @USER,normal,normal,normal,normal,normal
1606370057784786952,@USER @USER ደቂ ኤረ ተረፍ ቱርኪ/ጥልያን ዲኻ ትብል ዘለኻ?ሓሳዳት ዳኣ ንስኹም እምበር ኣታ ማዕቢሎም ኢልኩም ትሓሙ፡ከም ባዓል ረሳሕ ኣያኻ ወዲ በራድ፡ፋ,hate,hate,abuse,abuse,hate
1550898609692057600,ሓደ ኣዝዩ ዘደንጹ ፍጻመ ካብዛ ጠርፋሽ ሃገር ኤርትራ ድማ መጽዩና ኣሎ። #ዝብኢ ብቑመንኡ ብጠላዕ ጸሓይ ቀትሪ ኣብ ጎደናታት ከተማ ኣስመራ ክምዝተራእየ ምንጪታትና እንኮላይ ብምስሊ ኣ,hate,hate,hate,hate,hate
1590285618562891776,@USER ሕወሓት ተሸኒፉ ኣይፈልጥን ሓሳዊ ኮይንካ እምበር፣ ቀደሙ ብተመንያ ዝተዳህለ ብልሕፂ ተደገመ ከም ዝባሃል ኮይንካ ሕወሓት ውሕ ውሕ ውሕ እንዳበልካ ክነብር,abuse,abuse,abuse,abuse,abuse
1589532521259323392,@USER ኣታ ሙዉት ሕልና ብዛዕባ ኣብ ኤርትራ ዘሎ ሓሳረ መከራ ዘይትምስክር ካብ ኣብ ካልእ ዘሎ ህውተታ ትገብር ኣታ ባርያ ህግደፍ ።,hate,abuse,abuse,abuse,abuse
1571949727305850882,@USER ይገርም ! ግን ከም በዓል ኣልሻባብ : በኩሓራም : ወዘተ ካብዚ ህግደፍ ዝገብሮ ዘሎ ንላዕሊ ዘይገበሩ ክንሶም ኣብ ኣህጉራዊ ግብረሽበራ ምዝጉባት እዮም ::ህግደፍ ቀን,hate,hate,hate,hate,hate
1502373294212882438,ክሕደት ጥልመት ስርቂ ምርካስ ሃይማኖት ካብ ዶናቁር ወረርቲ ሩኩሳት ኣመንቲ ሓይልታት ፉጡራት ህዝብታት እምነት ፆሎት ክብሪ ፅንዓት ጥም,hate,hate,hate,abuse,hate
1511436862958747658,ህግደፍን ደርግን ናይ ስልጣን ባእሲ እምበር ናይ ዕላማ ፍልልይ ኣይነበሮምን ክልቲኦም ብሓንቲ ኢትዮጵያ???? ይኣምኑ :: #Eritrea #Tigray @USER,normal,normal,normal,normal,normal
1501616658535878665,@USER ህግደፍ ሕቡሽ ናይ ጸርፊ ማስተር ዲግሪ ተመረቕቲ።,hate,hate,hate,normal,hate
1483917268887220239,@USER አይ ጉሀፍ ወዲ ሸርሙጣ ደቓሉ ናይ አምሃራ አልልም እልፍ እንስሳት ንብ አምሃራ እንዳመጻኹም ሙቱ ምክንያቱም ደቓሉ ስለዝኾንኹም አይብካህሳ ይህበኩም እዩ ጋሀ,hate,hate,hate,hate,hate
1545497531664277506,@USER ናይ ደርግ ናፍቖት እንተበርቲዕካ ናይደርግ ባንዴራ ትሰቅል እዛ ዕለት ታሪኻዊት ዝገብራ ስውር ዕላማ ህግደፍ ዕርቃኑ ዝወጸላ ምኳና ኢዩ,hate,hate,hate,hate,hate
1625743930892468229,@USER ህዝቢ ኤርትራ ብዘይካ ህግደፍ ካል እ ጸላኢ የብሉን ሓደን ሓደን ጸላኢ ህዝቢ ኤርትራ ህግደፍ ጥራሕ ኢዩ,hate,hate,hate,hate,hate
1555347334766235651,ሳዋ ሌባ ቑፅሪ ሰለስተ ??,hate,abuse,abuse,abuse,abuse
1593516322318606341,ተጋዳላይ ንምንታይ ቆሎ በሊዑ? ተጋዳላይ ንምንታይ ጥሕኒ ቁሒሙ? ተጋዳላይ ንምንታይ ረሳሕ ማይ ሰትዩ? ተጋዳላይ ንምንታይ ጸይሙ ሓዲሩ? ንዓና ክብርን ነጻነትን ይኳሻሕ? ታይ ድኣ ንሕ,normal,normal,normal,normal,normal
1482833772953448449,እዚ ትሪኢዎ ዘለኹም ህፃን ኣብ ልዕሊ መንበሪ ገዛውቲ ንፁሃን ተጋሩ ፋሽሽታውያንብዝገበርዎ ደብዳብ ኣየር ስድርኡ ምሉእ ምስ ሰኣነ ነዛቁምቡላ ክሓቁፍ ዝተገደደሉ ምኽንያት ድማ እዛ ቁም,hate,hate,normal,normal,hate
1544403707382595585,@USER ጴጥሮስ ሰለሙን ድሩዕ ሸሪፎ ኣቦይ በራኺ ጀርማኖ ናቲ ምርያም ኣስቴር ዘይብሉ እንተኾይኑ ሻዕብያ ዘይኮነ ህግደፍ ኢዩ,hate,hate,normal,abuse,hate
1587531673129947139,@USER ኣንታ ረሳሕ ንኤርትራ ማይ ዲኹም ነጺግሙላ፡ ከደምቲ ናይ ኣሜሪካ ኮይንኩም ልዕሊ 25 ዓመት ንህዝቢ ኤርትራ ኣብኪኹሞ። ሕጂ 50 ዓመት ክትበኽዩ ኢኹም ዝግባእ ግን ልቦና ህዝባዊ ግንባር ኣይከምናትኩምን፡,hate,hate,hate,abuse,hate
1479977594963509250,#TPLFTerroristGroup ዘይረግአ ኣእምሮ ስሱዕ ኣተሓሳስባ ዘለዎ ዘይናቱ ዝደሊ ናይ ካልኦ ሰላምን ርግኣትን ባህ ዘየብሎ ብ ሓሳድ ዝዅነ ኣተሓሳስባታት ዝኸይድ ሓይሊ,hate,hate,hate,hate,hate
1617009590176038912,ወይ ዝበሉኻ ግበረሎም ወይ ዓደይ ልቐቐሎም ትብል ምስላ ናይ ድኹማት ኢያ:: ንመሰልካ ኣብ ዓድኻ ደው ክትብል ተተባብዕ ኣይኮነትን:: እዚ ንእሽቶይ ወለዶ ከኣ መውጽኢ ኣፉ ጌሩ ርዒምዋ:: ኣይግድን,normal,normal,normal,normal,normal
1554602813014937600,@USER @USER ወዲ ርእሲ ምራኽ መልሓስካ አርንብ ስዲ ወዲ መን ዳኣ ክትብል ጉዳይ ዓዲኻ ዶ ዳኣ ከይትገብር ቁርሱስ . Fix your fucking brain ወድዛ ዛርቲ,hate,abuse,abuse,abuse,abuse
1619239651625111553,@USER ዝሓመም ስአን መድሓኒት ዝሞውት ህዝቢ ሒዝካ PhD እየ ትብል ድኻ አቶ ህንደያ,normal,abuse,abuse,abuse,abuse
1510787524016361483,ህዝብና ኣብ ዘይውፃእ ዓቀበት ጥሜት ይርከብ ብሂወት ክሳብ ዘለና ዘይሃስስ ስብራት ኣራዊት ሰራዊት ኤርትራን ፋሽሽታውያን ወረርቲ ኢትዮጰያን ንኩሉ ትግራዋይ ኣብፂሖምን እናብፀሑን ይ,hate,hate,hate,hate,hate
1539726436373766144,@USER @USER ባሪያታት ናይ ህግደፍ ከመይ ግራጫ ክርድአኩም ደዓ??? ፀገም እዪ ድንቁርና,hate,hate,abuse,abuse,hate
1560363198041231360,@USER ኣብ ቅድሜኻ ኢሳያስ ለቲና ኣላ ድያ ገጽኻ ኣጨማዲድኻዩ።,abuse,abuse,abuse,abuse,abuse
1483546625628950528,@USER መላፍንቲ ጭፍራ ህግደፍ ዝኾኑ ኣምሓራ ሳዕሪሮም ??,hate,hate,hate,hate,hate
1616560329290285056,#ህግደፍ በዓል ጸሊም ታሪኽ! ካብ ሕቅፊ ወለዶም ብሓይሊ ገፊፉ ዘወሶድም ኣሕዋትና 40 ሽሕ ዝኣኽሉ ኣህሊቑ፥ ኣብ መሬቱ ኣብ ገዝኡ ብሰላም ዝነብር ህዝቢ ትግራይ ኣበሳቢሱ ተመሊ,hate,hate,hate,hate,hate
1594384447998414848,@USER ከዳዕ ሓሳዊ፡ ካብ መጺኣኛ ጭፍራ ወያነ ሓሊፍካ ካልእ ክትከዉን ኣይትኽእልን ኢኻ,hate,abuse,abuse,abuse,abuse
1515768281017237519,ግብራዊ ዕዮ ! ብንቕሓት ሓድነቶም ጨቢጦም ፡ ራኢኦም ኣማዕድዮም ዝምርሹ ዘለዉ ብሉጻት መንእሰያት ህግደፍ !!!! #16thypfdjeuroconference,normal,normal,normal,normal,normal
1569260685531709444,#Eritrea this Eritrea that! አየ ጃንዳ ወያነ ብኤርትራ እንተ ተደሲቓ መንግስተ ሰማይ ትኣቱዩ ዝመስላ።,hate,hate,hate,hate,hate
1612329541048868864,@USER @USER ግዝያዊ ስራሕተኛ?ግዝያዊ መንቀሳቀሲ ወረቀት?ግዝያዊ መንግስቲ ?ዋጦት ህግደፍ ከአ አብ ስደት?ወልፈር ኤውሮፖ ?አመሪካ ምስ ደቀን እንዳተ,hate,hate,hate,hate,hate
1563463630795919367,@USER ፅናሕ ደሓን ኣታ ረሳሕ ሰታይ ደም ውላድን ኣሕዋቱን!,abuse,abuse,abuse,abuse,abuse
1593708469521088514,እቲ መጸለሚ ጸለሎ ቀባኢ ብዘይካ መራት ልቡ ካልእ ከንጸባርቕ ኣይኽእልን እዩ።,abuse,abuse,abuse,abuse,abuse
1559819090596077568,@USER @USER @USER ሰሚዐያ ኣይፈልጥን ግን ሓንቲ ዓሻ እያ ትመስል : :,abuse,abuse,abuse,abuse,abuse
1484091084724707328,@USER ኣብየት ቅርጸት ኣንታ ሓላል ኣቦይ መጻወቲ ዚኦም ጌርካኒ እዚ ላግጺ እንድዩ ግን ድሓን ምሳኹም ንራኸበላ ቀረባ ኢያ ኣንቱም ጠላማት ዘይሰባት።,hate,hate,abuse,abuse,hate
1488267613855571970,@USER @USER እድካን እግርካን ዘይትእክብ እሞ መን ሓግዘና እሊካ ወዲ ለማኒት ትግራይ ናይ ተጋሩን ብተጋሩን እያ። ??,hate,abuse,abuse,abuse,abuse
1492551193247334407,@USER ጽቡቅ ኣለካ፥ ጅግናዩ ብዘይ ጥርጥር ክሳብ ኣዲስ ኣበባውን ሰራዊት መሪሑ በጺሑ። ምሉእ ምእንቲ ክከውን እቲ ታሪክ፥ ናይ ወያነ ተጋደልቲ ኣብ ኤሪትራ ኣብ ምርብራ,hate,hate,normal,normal,hate
1492726046227054594,@USER ህግደፍ ንህዝቢ ኤርትራውን ንልዕሊ 25 ዓመት ኣብ ክንደይ ኣንደርግራውንድ እዚ ዘይበሃል ግፍዒ ኣውሪዶሙሉ እዮም እምበር ስደትዶ ምመረጸ? ህግደፍከኣ ብሓይሊን ንህ,hate,hate,hate,hate,hate
1485379197312937994,ዓሻ ሃዳሚ ይገዝእ።ለባም ጅግና ዝደለዮ መሪጹ ይወስድ።ንሕና ናይ ሕርሻ መሳርሕ ክንገዝእ ከለና ኣጽዋር ይገዝኡ ኔሮም።ኣብ መጠረሽታ ንሶም ተቀቢሮም ኣጽዋራቶም ክኣ ወኒናዮ።,hate,hate,hate,abuse,hate
1497610038575345669,ዓሚ አብ መቀለ ዝነበረ ስብስባ!! #ህዝብና እግሩ ሰይርኩም ዌልቸር ትህቡ ድኹም መፅኹም ኢላቶም ንኢትዮጵያ/// @ዱባይ እውን ህዝብና ጨፊጭፋ ሃፍቲ ትግራይ አዕንያ 10ኮርቶን መድ,hate,normal,normal,normal,normal
1482621063137792000,እንተረኸብካ ውን እንተ ሰኣንካ ውን : ዓድኻ ይሓይሽ ስደት ኣይጥዑምን። ማርያም ተለመኒ ብሓጎስ ብ ደስታ ዓደይ ም . via @USER,normal,normal,normal,normal,normal
1494797996487286784,ኤርትራዉነት እንዳ ሓደረ ዝደምቅ መንነት እዩ። ኤርትራዊ ኣብ ኩሉ ቅያ ታሪኽ ክሰርሕ ዝተፈጥረ እዩ።ትማሊ ሎሚ ጽባሕ ወትሩ ህግደፍ #EritreaPrevails #NoMore,hate,normal,normal,normal,normal
1557026543314018306,@USER @USER @USER ጠለምቲ ህዝቦም?:መን!ንስኹም ተጋሩ ትገብርዎ ሰይጣናዊ ተግባር ብጀካ ንስኹም ተግበርቱ ዘይጽየፎ መን ኣሎ?ህጻናትኩም,hate,hate,hate,hate,hate
1596571023393968129,ዳሓን ኩኒ ከዳሚት ጁንታ ጭራ ሰላም ይመጽእ ኣሎ ዕቤትን ብልጽግናን ህዝብታት ኤርትራን ኢትዮጲያን,hate,hate,hate,hate,hate
1558512508251635714,ሓመድ ድበ ህግደፍ ?ነዚ ካንስር ህግደፍ,hate,hate,hate,hate,hate
1602716000897699840,ዘበነ ህግደፍ ምብራስ ምቅታል ምስዳድ ምዕናው እዩ።,hate,hate,hate,hate,hate
1583024559451623424,@USER ኣነ ካብ ዝገርመኒ ነገር ናይዛ ሓሳድ ጉጅለ ህ . ወ . ሓ . ት ብውግእ ትምካሕ ዘይ ትገብሮ ነገር ክገብሮ እየ እና በለት ትፊክር ኣብ ደረጃ ስዕረት እቲ ዝደለየቶ ክ,hate,hate,hate,hate,hate
1549771508914044928,@USER ኣየገርምን እዩ ብነብሰ ምትሓት ዝሳቀይ ሕብረተሰብ ዘይ ናቱ ምምንጣል ግን ዋንነት ኣየውህበካን እዩ . ????አብርሀም አፈወርቂ እዩ ዋና እዛ ዜማን ደ,normal,normal,hate,normal,normal
1492081377482878976,ሕዱር ሕማም ኾይኑ ናትና ነገር ናሞትና ምዕራይ ጠላም ሃገር! ነቓዕ ብርለ ብሰሎሞን ይኩኖአምላክ,hate,hate,normal,normal,hate
1544381103770767361,@USER ወሪድዎ እዚ ከዳሚ ?ተጎርቢሱ እንዲዩ ዓሚ?መዓስከ ኔርዎ ዓቕሚ ??ኣጆና ሕዝቢ ኤርትራ ?ብዕራይ ናብ ዘበለ የብል ዕርፊ’ዩ ጽኑዕ ቅልጽምና,abuse,abuse,abuse,abuse,abuse
1484609383912939521,@USER ካብ ህግደፍ ተስፋ ምስ ቆረጹ ዳኣ እንታይ ክገብሩ ተጸቢኻ ? እንበር እዚኦም ምኸበሩ እንበር ደቆም ንሃገር ሂቦም ዶ ዳኣ ከምዚ ከልበትበት ምበሉ ??,hate,hate,hate,abuse,hate
1641735782904758272,ሓደ ሓደ #ዘይነቀሑ _ተጋሩ ካብ ዝልጥፍዎ #ረሳሕ ፖስት ውሽጢ . ሓፋሽ ፎሽፋሽ . ዝብል ጅምላዊ ፀርፊ እንዮ። ሃየባ ንዉሑዳት ክንረክብ ኢልና ህዝብና ኣይንፅረፍ።,hate,abuse,abuse,abuse,abuse
1489906792666697728,ብስርዓት እምበር! ንጀርመን ገርመን ዩ ዘምሕረላ! ሕያዋይ ባሊጋይ ከይቅየመኒ እናፈራሕኩ፡ ነዛ ኽዳውንተይ ዘቐምጠላ ባሊጃይ ሞ ባሊጋይ፧ ተገረምኩ። ወንጀልሲ ብወንጌል ክትካእ,hate,normal,normal,normal,normal
1483218542896066564,#ወዲ፡ሰብ፡ኣብ፡ቍልዕነቱ፡ጽሩይ፡ልቢ፡ረሳሕ፡ክዳን.፡#ኣብ ዕብየቱ፡ጽሩይ፡ክዳን፡ረሳሕ፡ልቢ፡ይውንን . @USER @USER @USER @USER @USER,normal,normal,normal,abuse,normal
1488599025184124928,ናይ መርድእ ባህሊ ትግራይ ዘይምዝንጋዕ | ንገዝኡ ዘይተመልሰ ተጋዳላይ ከምልቐረየ ውሰድዎ [01 ለካቲት 2022] - ብህዝባዊ መንግስትኣብ - ወያነ ኣስታት 300ሽሕ መንእሰይ,hate,hate,hate,normal,hate
1502701354875293696,ዝክረ ሃፀይ የውሃንስ 4ይ ሃፀይ ዮውሃንስ 4ይ ምእንተ ህልውና ህዝብን ሃገርን ዝኸፈልዎ ክቡር መስዋእትነት መግለፂ ክብሪ ትግራዋይነትን መንፈስ ኣይግዛእን በሃላይነትን ብምዃኑ ከምት,normal,normal,normal,normal,normal
1611878980252061699,@USER ካብ ሚልዬን ንላዕሊ ኤርትራውያን ካብ ዓዶም ሰጉግካስ ኩራዕ፣ እንዳ ህግደፍ መጠፋፋእቲ,hate,hate,hate,hate,hate
1645344124747350016,@USER እታ ኣክማዊያን ትብላ ስም ተትቅይርዎ ፅቡቅ ነይሩ ።ምክንያቱም ኣሰፊሑ ዘይሓስብ ሰብ ናይ ሓደ ካባቢ ኢያ ትመስል። ናይ ምስራቅ ኣፈሪካ ድምፂ ተትብሉዎ ፅቡቅ ባሃላይ እየ ኣነ።,hate,normal,normal,normal,normal
1648037422138028055,@USER @USER እሞ ደሓን ኣብ ቅድሚ ስራሕ ኣይትጽናሕ ስለዝኾነ ጸገም የለን ካልእ ጊዜ ነዕልል??,normal,normal,normal,normal,normal
1500526603545321474,@USER @USER @USER @USER ዘይጋገ ሰብ የለን፣ ግን ንዞም ብዙሕ መስዋእቲ ጌሮም ዝቃለሱ ዘለው ደለይቲ ፍትሒ ፋሺሽቲ ወይ ህግደፋውያን,hate,hate,hate,normal,hate
1651293226022899714,@USER ዙ ዓጋመ ሃም ጸርፊ ትወስድዎለኹም ክሳብ ኸዚ? እሱ እኮ እዩ ዋና ኤርትራይ ትግራይይ ለባኣሰ። ሓማሴን ኢልኻ ጸርፊዶ እኒኦ? ወይ እንደርታ ኢልኻ ጸርፊዶ እኒኦ?,normal,normal,normal,normal,normal
1544220823036334083,@USER @USER @USER ህግደፍ ጎሓፋት ናይ ሕጂ ዶ ኣይገድድን,hate,hate,hate,abuse,hate
1572851145843904512,@USER ኣየ ሰልጠነ ኣድጊ በረኻ በቃ ኣኺልካ ክትክድም ጥራይ ከዳሚ,abuse,abuse,abuse,abuse,abuse
1598257990758330374,@USER ነፍስኻ ምኽኣል ፍልስፍና ህግደፍ ዘይክተልዎ ስም ጥራይ እዩ:: ሐገዛት ግን ዓመት ዓመት ካብ ኩሉ ዓለማት ናብ ኤርትራ ይኣቱ እዩ:: USAID EUROPEAN,hate,hate,normal,normal,hate
1505444278599929857,ሞ እቶም ጎንጺ ትኣምኑ ናብቲ መጓነጺ ቦታ ዘይትወርዱ።ዶስ ከም እቶም ተበለጽቲ ደገፍቲ ጉጅለ ኢሰያስን እዛ ዝርግቲ ጉጅለ ወያነን ነብስኹምን ፍረ-ብርክኹምን ዓቂብኩም ብትንፋስ ካልኦ,hate,hate,hate,hate,hate
1495137126463193089,@USER ወድ ዛ ረማስ ጋውና እንታይ ገዲሹኻ እዩ ብዝዐባ ትግራይ ኣታ ኣዱ ሸያጢ ባንዳ ኣሪፍኻ ኾፍ በል ጠልቐምቐም ኣይትበል ሌባ,abuse,abuse,abuse,abuse,abuse
1498041026149289990,አብ ፀልማት ዘሎ ህዝብካ በዚ እዩ መንገድኻ ኢልካ ተሓላቃይ ንምምሳል ትሙኩሩ #ተጋሩ ታኒካ ከየቅናዕኹም ሪኢቶ ትህቡ ስርዓት ግበሩ በዚ እንቀፂልኩም ደገፍቲ #TigrayGenocide አኹም።,hate,normal,normal,normal,normal
1505275755198136324,@USER ክክክክክክክክክክ ኣየ ትግራዋይ ረሳሕ ፍጥረት ፡ መን ዲኣ ከእውየሉ እዩ እቲ ብጥምየትን ብኹናትን ኣብ እቶን ዝህሞኽ ዘሎ ትግራዋይ ።,hate,hate,hate,hate,hate
1544049112924004353,ክደይ ኣዴታት ስውአት ኣዴታት ተጋደልቲ ይሳቀያ ኣለዋ ኣዴታት ካድረታት ህግደፍ ካኣ ብሕብስቲ ኣብቲዎተር ይሰቅሉለን ኣለዉ ኣዴታት Eri ሬሳ ደቀን ተከሊአን ደም ክነብዓ ተፈሪደን,hate,hate,hate,normal,hate
1600589743326171143,ኣሕዋተይ ዞም ኣብ ኩናት ከይተሳተፉ ከለው ዳጒኖም ዝረሸንዎም ኣባላት ምክልካል ታ ከዳዕ ዓዲ ዝነበሩ ኣሕዋትና ዝንቡዕ ዜና ይሕወፅ ኣሎ እሞ ገለ ንግበር ?,hate,hate,hate,abuse,hate
1497653660666507276,ሓው ኣማኑኤል:እቲ ኣብ ልዕሊ ተጋሩ ዝካየድ ዘሎ ምጽናት ዓሌት እቶም ሓቀኛታት ኤርትራውያን ደለይቲ ፍትሒ ኮኒኖሞ እዮም ነቶም ጥሪት?? ኢሳያስ እንተኾይንካ ግን ህግደፍ ክሳዕ ዘሎ እ,hate,normal,normal,normal,normal
1625084787219132417,ኤርትራዊ (ሻዕብያ) ዝብሃል ኣራዊት ዘብቕዐሉ ጊዜ ኣኺሉ እዩ። ኣብ ጥቓኻ ሓሳድ ዋግኡ ሂብኻ እዩ ልህርስዎ። ግድን እዩ ክውዳእ ኣለዎ።,hate,hate,hate,hate,hate
1559661153109872648,@USER ዕባይ፡ስርዓት፡ወያነ፡ከመይ፡ጌርኪ፡ኢኺ፡ኣብ፡ሃገራዊ፡ጉዳይና፡ከተጨማልቒ?ኤርትራውነት፡ትርጉሙ፡ስለዘይትርድእዮ፡እንታውነትኪ፡ሸይጥኪ፡ኣንጻር፡ህዝብን፡ሃገርን፡ተዋፊርኪ።መንደቕ፡ከምትሃርሚ፡ድማ፡ሕቶ፡የብሉን።,abuse,hate,hate,abuse,hate
1488270312374513665,@USER @USER ኣነ ዝገርመኒ ናይታ ለማኒት ጭፍራ ህግደፍ ዘይኮነ : ናይቶም ዝተኹቡ እዩ ????,hate,hate,hate,hate,hate
1502820423972671493,ደኺመ ረብሪበ ከይ በለ ጸኒዑ ዝቃለስ ሓው ኣማኒኤል።ሕጂ ድማ ስቃይ ትግራዎት ኣሕዋትና ስቃይ ህዝቢ ኤርትራ ኢዩ ብምሕሳ ኽፍኣት ካልኣይ ደርጋውያን ኣቃላሕካዮ:ሕብረትን ሓድነትን ፍቅር,normal,normal,normal,normal,normal
1496231198175244298,@USER ኤርትራ ንኤርትራውያን ፈተውቲ ሕዝቦምን መንነቶም እምበር ንኸምዚ ከማኺ መናፍቃን እምነቶም ገንዝብ ግዙኣት ሰይጣናዊ ኣታሓሳስባ ዝዘርኡ ደቂ ጽርግያን,hate,hate,abuse,abuse,hate
1515410793944293392,@USER እዚ ናይ ህግደፍ ዳንኬራ ብቪድዮ ምዝርግሑ ዝያዳ ራኣይን ሰማዕን ይረክብ፤ ብወገነይ ብዛዕብኡ ኣብ መራኸቢ ብዙሓን ከይተራእየ እንተዘሓልፍ ምሓሸ፤፤ ከምኡ ምስ እንገብር እቲ ዳንኬራ ጽምዎ ይኣትዎ፤፤,hate,normal,normal,normal,normal
1505811722854150148,#ገበቲዓለምናን መወልቲ እዛ ካብ ትዉለድ #ኣይኾንይ) ትኣምን ርእሳን ጫምኣን ጐማ እግራ ርክስቲ ወያነ ፍጹም ምስ ቀሃመትኣብ ቀ/ኣፍሪቃ ሰላም ብፍላይ ድማ ንሕና ኤርትራዉያን ቀንዲ ግ,hate,hate,hate,hate,hate
1539658417140568064,@USER @USER ተጣዕስና ኢና ደምሩና በጃኹም ነፃነት ን30 ዓመት ናይ ኢሳያስ ባሮት ሰለዝገበረና። ባርያ ናይ ህግደፍ እንታይ ኣእተወካ???,abuse,abuse,abuse,abuse,abuse
1515382996781649926,ጽንዓት መንእሰያት ህግደፍ ። via @USER,normal,normal,normal,normal,normal
1487535655668301827,@USER 2 - ክንደይ ሰረቅቲ መደናገርቲ ነብሶም ሸይጦም ሃገር ክሸጡ ዝፍትኑ ከራኹር መጋበሪያ ዝተፈላለያ ትካላት ኣብ ውሽጢ እዚ ደምበኹም እውን ኣለው . ስለዚ ፍልልይከ ጸርካ ብክብረት ምባር ጽቡቅ ኔሩ ይመስለኒ,hate,hate,hate,abuse,hate
1620369112601067522,@USER @USER ኣንታ ሕጂስ እንዳ ዓለቦኻ ድዩ መሲሉካ፡ ስረሕካ ብላዕ ለማኒ፡ ቀቢሕ ለማኒ ኢኻ ንስኻስ፡ ዝተኾብልካ ጥራይ ስቕ ኢልካ ብላዕ፡፡,abuse,abuse,abuse,abuse,abuse
1504512289856180232,ህግደፋውያን ትግራይ ኣቲኹም ጀሪካን ንምስራቕ ሂወትኩም ካብ ትግብሩ ናብ ልብኹም ቸመሊስኩም መራሒኹም ምርሑ።,hate,hate,hate,hate,hate
1496622469691715586,@USER ሰለም ዝሓትት የለን ስብኣውነት ዘይተለመደ ኣብዚ እንዳ #ህግደፍ ናይ ኢዱ ረኺቡ ! ሓላዊ ስጡሕ ኮይኑ !!! እድ ሸናሒት ጸናሒት !!!,hate,hate,hate,normal,hate
1515377666060337155,ማሻኣላህ ዋዕላ መንእሰያት ህግደፍ ኮሪዕናልኩም ተሓቢና,normal,normal,normal,normal,normal
1628318699227586562,@USER @USER ኢሰያስ ርእሲ ማርቴሎ ከዳዕ ጠላሚ ሕድሪ ስውአትን ጀጋኑን ክኸበር ዘይግብኦ ሽፍታ ሙኻኑ መብዛሕቱ ኤርትራዊ ዘይክሕዶ ሐቂ እዩ::,hate,hate,abuse,abuse,hate
1504364941696028681,@USER ዝለመድካዮ ቆልመጽመጽ ካብ ወያነ ስለ ዝተርፈካ ሕማም ርእስ ጌርልካ።,hate,abuse,abuse,abuse,abuse
1641313736643182592,@USER @USER ትርፍ ዘረባ የብላን ክብርን ሞገስን ንስዋትና ሓይልታት ምክልካል!!,normal,normal,normal,normal,normal
1646074858260840449,@USER @USER ከመይ ጌሩ ደው ይብል ህዝብካ ብስርቂ ገፈፋ ካልዕ ህዝቢ ብምቅታል አሽከር ህግደፍ መንደፍ,hate,abuse,abuse,abuse,abuse
1608151374432280578,@USER ቋንቋ ዘይምፍላጥ እዩ ከምኡ ገይሩኪ። ዓሻስ ኣብ ክንዲዝስተር ይግተር።,abuse,abuse,abuse,abuse,abuse
1556750472660262913,@USER @USER ሐሰውቲ፣ ጥራኽን ዶጊልክን ካብ ኤርትራ ሃዲምክንሲ ፣ አብዚ ኮንካ ኢሳይያስ ይሕሸና። ወዲ ድኻ ይግረፍን ይመውትን አሎ፣ እንታይ ገዲሱክን። መሻኪን አብ ጎዳጉድ ተአሲሮም ዘለው እምበር።,hate,abuse,abuse,abuse,abuse
1487662487776468995,ተጋሩዋኒ አብዛ Discussion ናይ እቶም ባንዳታትን ፡ መርዛማት ፀላእትናን ክፍአት እንርኢ ዘለና፡፡,hate,hate,hate,abuse,hate
1619005255135694848,@USER ኣሉላ ወዲ ቁቢ ጥልመት ዝጀመረ ቲግራይን አሪትራን ኣብ ምትፍናን ክነብሩ ዝገበረ ጠላም!,abuse,abuse,abuse,abuse,abuse
1515364774959362057,16 Conferenza YPFDJ Europea in Italia 2022 መበል 16ተ ዋዕላ መንእሰያት ህግደፍ YPFDJ ኣብ ኢጣልያ ብዙሓት መንእሰያት ዝካፈልዎ ዘሎዉ ኾይኑ፥ ብዓቢ ፍና,normal,normal,normal,normal,normal
1543523952533839873,ምጽናት ህዝቢ ንምፍጻም ዝውሃብ ምኽንያት ክህሉ ኣይብሉን።ወያነ ሰልፊ እምበር ህዝቢ ኣይኮነን።ህግደፍ ንምጥፋእ ደርጊ ንህዝቢ ኤርትራ ኣየጥፍኦን እምበር ምኽኣለ ነይሩ።,hate,hate,hate,normal,hate
1603498286677106709,@USER @USER ናይ 1991 ፍፃመ ሕቡእ እኮ ኣይኮነን። ወርቂ ስኖም ከይተረፈ ኣምሊቕኩም ዝሰደድክምዎም ፈቆዶ መገዲታት ከተማታት ትግራይን ኣዲስ ኣበባን እዮም ተደርብዮም ነይሮም።,hate,hate,hate,hate,hate
1486885355164864514,@USER ንረሳሕ ዘረባን ምቁንጻብን ንርእስካ ኢካ ተርስሕ። ካብ ከምዚኦም ዓይነት ሰባት ምርሓቅ እዩ,hate,normal,normal,abuse,normal
1657310522524553219,ህዝባ መዕልታዊ ዝገድፋ ወይ ክገድፋ ዝህቅን ሃገር፡ ሃገራዊ ስኒት ኣለኒ ክትብልስ ኣየሕፍርንዶ፥ እንዳ ህግደፍ ሰብ ብምቕታል፡ ብምእስርን ምድካይን ዝመጽእ ሓድነት የለን። ኣብ ኤርትራ,hate,hate,hate,normal,hate
1505623828218748928,ተጋሩ ሓይልና አብቶም ናይ ሃይማኖት ካባ ለቢሶም ህዝብና ንምፅናት ውሽጥውሽጡ ዝሰርሑ ተዃሉ ማህበረ ርኩሳን ኣብ ምቅላዕ ሻማ ሻማ ንበል ዳርጋ መብዛሕትኦም ሰበክቲ ሃይማኖት ኢትዮጵያ,hate,hate,hate,hate,hate
1560710101761019904,ኢድኩም ሃቡ ወይ ጥመዩ ድርቂ 1977 ዓ/ም ጻንሒት ምስ ዲፕሎማት ብርሃነ ኪ/ማርያም(ማረት) . Happening now in @USER!,normal,normal,normal,normal,normal
1626985066466361344,መዓለቲ፣ እናጨፈረት አ.አ . አትያ ዊስኪ እትጭልጥ መሪሕነት እንተኾይና፣ አይተድልየናን፤ ክነውግዛ ይግባእ። ወያነ ከዳዕ እያ ዘብለናውን እዙየ እዩ። A staunch Ethiopian U,hate,hate,hate,hate,hate
1484291519540461569,@USER ሓንቲ ቅር ትብለንስ እዞም ጀጋኑ ሓንሳብ ሰለም ከየበሉ ግቡእ ጻምኦም ከይረኸቡን ምስውኦም ዩ ቀናእ ጎረቤት ከሎ ዕረፍቲ ስለ ዘየሎ ነዞም ጠላማትን ወይጦታትን ሓን,hate,hate,hate,abuse,hate
1578078065934180355,@USER ግደፋ አምበር እንታይ ገበረት ኢዳ ሲእናስ ምሕሳው ከኣ ክንከልኣ? ወዲ ኣፌ ከምዝበሎ ነቲ ሓሳዊ ከኣ መሰሉ ትሕልወሉ!,hate,abuse,abuse,abuse,abuse
1504248994989588480,ንልኡላውነት ናይ ሃገር በየናይ መቀኒ ኢና ንመሪሕነት ህግደፍ ኣብ ናይ ሕቶ ምልክት ክንእትዎም።ሓቂ ንስለ ሉእላውነትና እንድዮም ከም ገረብ 60ዓመት ጠጠው ኢሎም ክሳብ ዕለተ መስዋእቶ,normal,normal,normal,normal,normal
1509789726026387492,Typical! ንወለድኻ ከማን ሳላኹም ኣብዚ በጺሐ ኢልካ ይምስገን ኣሽንካይ ኣብ ብተጋሩ ዝምወልን ዝእለን ትምህርቲ ዕድል ተዋሂቡካ።,normal,normal,normal,normal,normal
1561621519763226624,እቲ ዓማጺ እንዳሞገስካ ዝግበር ናይ ህግደፍ #FestivalOfDoom ጽያፍ ዩ . ኣይባህልናን!,hate,hate,hate,normal,hate
1492978514592739328,@USER @USER @USER አታ ፋራ ዋሒድ እዚ ናይ ቀደም ዩ በጣዕ ናይ ህግደፍ,hate,abuse,abuse,abuse,abuse
1526003630649708544,@USER ?? . ብጭፍራ ህግደፍ ዝሓም ርእሲ የብልናን,hate,hate,hate,hate,hate
1492553801949229060,@USER @USER @USER ናይ ሰላምሲ ደሐን ይጽንሐልካ ወዲ በራድ ሰራቂ በራድ ዝገበርካ ምስ ገበርካ ሰላም,hate,abuse,abuse,abuse,abuse
1589010714530050048,ይሀው ዝፈራሕናዮ ብተግባር ኮይኑ ዘሕዝን,normal,normal,normal,normal,normal
1592784242869940227,@USER @USER ጸማም ሓደ ደርፉ። መንእሰይ ካብ ዓዱ ዝወጸ ስራሕ ንምንዳይ መነባብርኡ ንኸማሓይሽ ደኣምበር ምንባር ዝኸለኦ ስለዘሎ ኣይኾነን። ኤርትራ ቁጠባዊ ም,abuse,normal,hate,abuse,abuse
1646997234859294720,ATV: ሳዕቤን ምውራድ ዕጥቂ ፍሉይ ሃይሊ ኣምሓራ ንህግደፍ እንታይ እዩ ? - ከፊል መልሲ ካብ ናይ ሎሚ ኣሰና Live - ምሉእ ትሕዝቶ Atv Live ኣለኩም,normal,normal,normal,normal,normal
1606395761121533958,@USER @USER @USER ነቲ ረሳሕ ዓሌታዊ ስቕ በልዎ።,abuse,abuse,abuse,abuse,abuse
1614664837371404291,@USER Bro ህግደፍ እበር በራዩ ህግደፍ ዳ እንተይ ዕላማ ኣለዎም:: ህግደፍ ከምቲ ትፈልጦ ሰብ ኣጥፊኢ እታ ናይ ጥፋት ወምበር ይሕልዋ ኣሎ:: እንተ እቶም ዝተባህለም ዝገብ,hate,hate,hate,hate,hate
1508542024001077254,@USER ኪድ ቋሕማም፣ ንደቂ ክልልካ ዓጋመ ከምኡ እንዳበልካ ጽወዮም፣ሃሳስ,abuse,hate,abuse,abuse,abuse
1581721925323485186,@USER እንታይ ዝበለ ዕድል ይባሃል ግን ክልተ ሱፐር ከዳዓት ረኺብካ፧ ምዃን ዓይኒ ከዳዕ ነበዕ ስለዝኾነ ኣብ ኩሉ ጎሊሖም እዮም ዝራኣዩ። ጡፍ በሉሎም!,hate,hate,hate,hate,hate
1585659140046831617,"1/2: ""ኣራት ኪሎ ካብኡ ዓዲ ሃሎ"" ዝበለት ጭልፋ ባዕዳውያን ጃንዳ ወያነ፣ 'ወይ ኣነ' እንዳበለት ናብ በረኻታት ክልተ ኣውላዕሎ ህትፍ!!! ""ኢድ ሸናሒት ጸናሒት"" ዝባሃል ከምዚ ዓይነት መርገም እዩ። ን ኤርትራዊ፣ ሓውኹም ክንሱ፣ ክኸፍኣኩም ምስ ደርጊ፣ .",hate,hate,hate,hate,hate
1562888374238646272,@USER ብረት ዝዓጠቐ ሰራዊት ኣብ ሃገረይ ይገፍፍ ይጨዊ ይዕምጽ ይኣስር ኬላ ዘርጊሑ ናይ ህዝቢ ናይምንቅስቓስ ሓርነት ጨፍሊቑ ኣሎ ንሌባን መፍረስ ሕግን ብኸምኡ ብእ,hate,hate,hate,normal,hate
1595479597210124303,ከብድኻ ይብልዓ ኣዴታት ትግራይ ፈጣሪ ምሳኽን ይኹን እንበር፡ ህወሓትሲ ህዝቢ ለኪሙ ጠፊኡ! ማዋጽኦ ይፍጠረሉ!,hate,hate,hate,hate,hate
1490028242971111432,ንከብድኻ ክትብል ብጸላእቲ ተመዊልካ ንህዝቢ ኤርትራ ርእሱ ንምድናን ዝገበርካዩ ፍንፉን ተግባራትካ ዝርክዖ ሰብ የለን፡ ስጋዕ ወያነ ኣጸቢቓ ትቕበር ትግራይ ትስዕር ኢልካ ምቕጻል ይ,hate,hate,hate,abuse,hate
1492973619063963657,@USER @USER ንስካስ፥ ህግደፍ ዝሰጎግዎ፥ ህግደፍ ኢካ። ኣይንደልየካን ስለዝበሉካ ኢካ እምበር፥ ብወልሓደ ካብኦም ኣይትፍለን ኢካ።,hate,hate,abuse,abuse,hate
1581934534794170368,@USER @USER @USER ኣንታ ባዕኻኽ ኣርስኹም ከኣሉ። ዓድኻ ሰሪሕካ ኣርእየና። @USER እማ ብዛዕባ ዓዱ እዩ ዝሟጎት ዘሎ !!,hate,abuse,abuse,abuse,abuse
1511957897659494402,@USER ህግደፍ ደኣ እሞ እንታይ ክብሉ!!!!,normal,normal,normal,normal,normal
1496273304109391879,@USER ብሓቂ ትግራይ ካብ ጫፍ ናብ ጫፍ ካብ መድሓርሓርቲ ሓይልታትን ባንዳታትን ነፃ ክትወፅእ ኣለዋ,hate,normal,normal,abuse,normal
1641878805118701586,ምእንተ ዓድኹምን ህዝብኹምን ንዝኸፈልክምዎ ዋጋ ዓብይ ክብሪ ይግባአኩም . ክብረት ይሀበልና ?? #DoctorsDay #MuchRespect? #MuchLove Thank you for,normal,normal,normal,normal,normal
1481463622211571713,@USER ኣንቲ ጠዋይ ብዘይካ አቶም ዊሽማታትኪ ወያነ ካሊእ ተሮሪስት የሎን። ወያነ ኣሸበርቲ ዶ ኣይኮኑን ፈለስትን ቆልዑትን ዝደፍሩ ንብረት ዝዘምቱ ብጂምላ ንጹሃን ዝቀትሉ,hate,hate,hate,abuse,hate
1578297680077676544,@USER ሰለማዊ ጸርፊ ኢዮም ዝገብሩ እዚኦም ወዲ ደበሌ ሓሳዊ,abuse,abuse,abuse,abuse,abuse
1516419572714377216,ሻዕብያ ህግደፍ ረዚን እዩ፡ኣፍካ ዝሃበካ ጽረፍ ኢሉ ኣይልእኽን እዩ፡ኣንቂሕካ ወዲብንካ ኣብ ጎንኻ ኣሰልፍ እዩ ዝብል፡ዝጻረፍ እንተዝኸውን ውሑድ ኣይተጸርፈን!ኣይተጽሙኑና እስከ ኣብ,normal,normal,normal,normal,normal
1563811626859601920,@USER @USER @USER ሌባ ሌባ ተበልዎስ ሉባ መሲልዎ ፡፡ ተጋሩ ደኧ ፡ ጅግንነት ታሪኽ ፡ ግእዝ ፡ ሃይማኖት፡ኩሉ ናቶም። ቅድም 27,hate,normal,abuse,abuse,abuse
1491657984736378881,@USER እምታይ ሞ በዓል ንስኻ ኣምለኽቲ ኢሰያስ እንዶ ከፊኩምና፡ጀጋኑና ብላሽ ሕሊፎም፡ ከብድኹም ተዕብይሉ ኣሎኹም ኣንታ ሓሰማ ሽወደን።,hate,abuse,abuse,abuse,abuse
1499086488348368897,ግርም ተዋስኦ ?? ጭፍራ ህግደፍ ነቲ ኣብ ልዕሊ ህዝቢ #Eritrea ዝፈጸምኩሞ ገበን ንኽሽፍን ሓሶት ዝጽሕፍ ፕሮፓጋንዲስት ጊደዎን ብስም ቱሪዝም ምስክርነት ሂብኩሞ ?? ገበን ምሽፍን,hate,hate,hate,normal,hate
1502936193004150784,@USER ዩኤል ህግደፍ እንተኮነ ካብ ኣብራክ ህዝብና ዝወጸ ከምዝኮነ ዝረሳዕካ ይመስለኒ። ኣብ ሰነ ሓሳብ ምፍልላይ ክህሉ ኑቡር እንተኮነ ሓቂ ክዕምጸጽ ግን ልክዕ ኣይኮነን። ኣብዛ ጹሑፍካ ኣይሰማማዕን እየ።,normal,normal,normal,normal,normal
1545851678313922561,@USER ፍርያት ህግደፍ ?ጻማ 31 ዓመት,hate,normal,normal,normal,normal
1495095453578403844,1/2ግድል ኤርትራ ኢሳይያስ ወይ ህግደፍን ጥራይ ዘይኮነስ፡ ካብኡ ዝዓሞቐን ዝተሓላላኸን ኢዩ። ግድል ኤርትራ ኣብቲ ዝሳዕረረ ባህሊ ተማእዛዝነት፡ ኣንነት፡ ምልኪ፡ ምግላል፡ ስረዛ እቲ,hate,hate,normal,normal,hate
1619279932676530176,ኤርትራ፡ ነቲ ኣብ ቀርኒ ኣፍሪቃ ብኩሉ መዳያዊ ዕንጋለ (ቁጠማዊ ፖለቲካዊ ፊናንሳዊ ስለያዊ ወተሃደራዊ ዜናዊ) - ብዋሽንቶን ዝተመልመለ ከዳሚ ሓይሊ፡ ብምድምሳስን ምሕጻብን፡ ዘካየደቶ,normal,hate,normal,hate,hate
1594223495369596929,@USER @USER ሄርመላ ሸርሙጣ ናይ ኣምሓሩ ሱቅ በሊ ጋሕባ,abuse,abuse,abuse,abuse,abuse
1516792857327251460,@USER ንባርነይ ሕርያ ምባል ይሕሸካ ባርያ ህግደፍ,hate,hate,abuse,abuse,hate
1613771257736036354,@USER እቶም ናትና መራሕቲ ኩሉ ግዜ ብትፖለቲካ ምስ ተሰዓሩ እንዲዮም። እቲ ሐዚ ዘሎ ሓዱሽ ምንቅስቓስን በቲ ውዕል መሰረት ወረርቲ አምሓራን ኤርትራን ካብ ትግራይ ዘይምው,hate,normal,hate,hate,hate
1494071303808167941,@USER ኣቦኻ ኣሲሮምልካ ደምካ ዘይፍልሓካ፡ ናይ ሓበራዊ ታሪኽ ስለ ዝተሰረቐ ድቓስ ኣብዩካ፧ ዓሻ,hate,abuse,abuse,abuse,abuse
1526937711361331202,እዚ ናይ ወያነ ፈንጠርጠር፡ ካብቲ ክሳዳ ቆርጽካ ኣብ ጥስቲ ናይ ዝኸደንካያ ደርሆ ፈርፈር ዝፍለ የብሉን። ምኽንያቱ ናይ ኩሎም ዕምሪ ሓጽርዩ,hate,hate,hate,hate,hate
1637230059953205248,ኢንተርኔት ዝዓጸወ መራሒ ጉጅሌ ገበነኛታት ህግደፍ ከይሓፈረ ወፊሪ ኣብ ውሽጢ ሃገር ተመሊስኩም ግበሩ ይብል ኣሎ። #ይኣክል #kifaya #enough #pfdj #Eritrean,hate,hate,hate,hate,hate
1653108122725015554,እንዳ ተደምረናል(#ህግደፍ) : ኢትዮጵያውያን ምሳኹም ምድማር ኣየዋጽአናን : ካብ ጉዳይና ኢድኩም ኣክቡ ይብልኹም ኣለው :: ስለምንታይ ግን ሰላም ዘይትህብዎም ?!?? #Eritrea,hate,hate,hate,normal,hate
1586440872019001344,@USER ጸበል እዞም ቆማላት ዓጋመ ስለዝጠዓምካ ንስካ ጽቡቅ ዘለካ ይመስለካ ኣሎ ኣንታ መልመጺ ድስቲ,hate,hate,hate,hate,hate
1507626656449638407,መራሕቲ ወያነ ድሌታትኩም ካብ ኣድሙ ረዲኤት USAID እንተነሩስ ስለምንታይ ደኣ ልዕሊ 500 000 መንእሰያትን ቆልዑን ትግራይ ኣጥጊእኩሞም?ሕጂ ምስ ተከበብኩም ስርናይን ዘይትን ተተ,hate,hate,hate,normal,hate
1645155212410118144,@USER @USER @USER @USER ኣብ ዓለም ከም ኢሳያስ ኣፎርቅ ኣብራሃ መታለልን ሓሳውን ካሓድን ጠላምን ሰራቅን መጣፋፍን,hate,hate,abuse,abuse,hate
1574483683490385926,@USER @USER @USER ህወሓት ከምዚ ዝበለ ቅሉዕ ሓሶት ክትዛረብ እንተኾይና፣ ብዛዕባ ድኻ ህዝቢ ትግራይ እንተሓሲብካ ንምንታይ ናይ ሓሶት ኲናት ዞ,hate,hate,normal,normal,hate
1512848787445886981,@USER ኣሰጋገርቲ ስግረዶብ ዝነበሩ ውን ኣለው : ሕጂ ክኣ ወረ ናብ ህግደፍ የሰጋግሩ ነውራማት!,hate,hate,hate,abuse,hate
1517074203014569987,ስንክሳር ስነ ሓሳብ ወያነ ንህዝቡ ኣብ ዘይወጽእ ሽግርን ኣስጢምዋ ይርከብ። ሰብ ፉሉይ ረብሓ ትፋእ ወያነ ላሓስቲ ምስሉ ንከጸቡቁ ላዕልን ታሕትን ይብሉ ኣለዉ። እንተኮነ ዝሞተ ክምለ,hate,hate,hate,hate,hate
1489807691384033282,@USER ፈራዕራዕ ወያነ ሳዕሪሩ ናብ ጥረራ ባድመ ምስ በጽሐ ግብረመልስና ዘየናሕሲ ጽፍዒት ዩ ነሩ። ጽፍዒትና ከቢድዎም ኣብ ዓለም ከም ዘእዉዩ ጌሩ ሃለዋቶምካብ ኣጥፈኣ,hate,hate,hate,hate,hate
1556739130977140738,እዚ ሕቡን ህዝቢነቲ ብ4 መዓልቲ ብዋዕላ ውዳበታት ህግደፍ ዝጀመሮ ብድሙቅ ናይ ሰለስተ መዓልቲ ፈስቲቫል ድሕሪምጽንባል ናይ ቀጻሊ መደባትስርሑ ብምትላምን መደባቱ ብምሕንጻጽን ምስ ናፍ,normal,normal,normal,normal,normal
1557939187575361537,@USER @USER @USER @USER @USER ደሃዮ ዶ ኣለኻ ናይ ኣቦኻ ርሹን ኣታ ዕደ ዓጋመ ውራይ እታ ለማኒት ኣዴኻ ዶ ደኣ ከይትገብር ሓሳዊ ??,hate,hate,abuse,abuse,hate
1538564445546287106,@USER @USER @USER ንከዚኦም ዝበሉ ህግደፍ መደሃኒቶም,hate,hate,hate,abuse,hate
1492596085860311043,ዳወያነ ብናይ እኒእኒ ፖሎቲካ ክትከዱ ስርዓትዪ እንበር ህዝቢ ታይ ጌሩ ስርዓትዪ እንበር ሰራዊት እንታይ ጌሩ ዳበልኩም ህዝብና ኣወዲኩሞ ካብ ኩሉ ካኣ ምሩክ ትንከባከቡ ብፍላይ,normal,hate,hate,hate,hate
1548045070498115587,@USER @USER ህግደፍ ተጠሊዓ ከተጉርዕ ክሪኣ ከለኹ ኣዝየ እየ ዝሕጎስ ????,hate,hate,hate,hate,hate
1601841519484362759,@USER ካብ ወዲ ወዶገባ ካልእ ኣይንጽበን:: ፍንፉን ካልሲ ወያነ,abuse,hate,abuse,abuse,abuse
1632440672530702342,@USER ዝተረፈ ህዝብና ከህልቁ እንበር እዚኦም ህግደፍ ሃኒፅና ኢና ኣብ ሕቁፍና ፍትዊ ሓወይ??,hate,hate,hate,hate,hate
1616487023107244035,PFDJሰራዊትና ንጸላእቱ ደምሲሱ ናብ ዓዱ ይምለስ ኣሎ ዝብል ፕሮፖጋንዳ ይነዝሑ ኣለዉ። ኣብ ህዝቢ ትግራይ ዝተፈመ ግፍዒ ብዘይ ድኻም ምእማን ኢዩሞ :እዚ ዋዕዋዕታን ጉራን,hate,hate,hate,normal,hate
1502919025462063106,ተጋሩ ካብ ታሪኽ ዘይንምሀር ንፀላእትና ቂም ዘይብልና፣ረሳዕትን ሓዳጋትን ምኻንና ዕድመ ልክዕና አድምዩናን ዋጋ አኽፊሉናን የኽፍለናን አሎ። ብአውርኡ ድማ ጠባርን ጠምባርን ፓለቲካና።,hate,normal,normal,normal,normal
1488427356217913348,#TigrayIsSuffering ህዝቢ ትግራይ ?? ምስ ሃፍቲ ንብረቱ ብሰንኪ ወረርቲ ጠምዩ ?? #StopTigrayFamine #StopTigrayGenocide,hate,normal,normal,normal,normal
1644633439704940545,@USER ብጣዕም ጽብቕ እዩ ጎል ዓድኻ ኸምዚ ክትርእይ ከለኻ ሓንቲ ሕቶ ኣላትን ግን ካብዚ ተመርቃ ወጸያ ተኾይናስ business woman ኾይና ዲያ ትሰርሕ ወይስ ኣብ,normal,normal,normal,normal,normal
1586466114237628416,@USER ዓስካሪስ ኣስካሪኮ ልዕሊ ከብድኹም ምንም ተልእኾ ዘይብልኩም ተኣኪብኩም ፀገም መንነት ዘጥቅዐኩም ትግራይ መቓብርኩም እያ,hate,hate,hate,abuse,hate
1494765260909252612,ሓርነትና ሽግ ደደቢት ካብ ወለዶ ናብ ወለዶ ዝሰጋገር ዓብዪ ጅግንነትን ቃያናን ፉፁም ዘይዝንጋዕ ኣብ ሕድ ሕድ ትግራዋይ ካም ሓውልቲ ንዘልኣለም እናተዘከረን እናተኽበረን ዝነብር እዩ,normal,normal,normal,normal,normal
1634711486277861377,@USER ሃየ በሉ ደገፍቲ ህግደፍ ዓቢ ዕድል ከፊትልኩም ኣሎ ኣያኹም። #InvestInEritrea,hate,hate,normal,normal,hate
1495699190000893958,ኣቱም ህግደፍ እንዳበልኩ ሓላፍነት ደሊኹም ህዝቢ ተጥፍኡ ዘለኹም እንተተሰቆረኩም እስከ እዛ ቪድዮ ስምዕዋ።,hate,normal,normal,normal,normal
1612929641659891713,@USER ሃየ ኢቲ ዝሓመቀ ከምዚ ከማኻ ድኹም ሰብ ኣብ ኣመሪካ Antony ሙኽኑ ትፈልጥ ዶ ዓዛፍ,abuse,abuse,abuse,abuse,abuse
1486998132588261381,@USER እንታይ ምበልክዎ ኤርትራዊ መንነት አይኮነን ጸላኢ ህዝቢ ትግራይ ናይ ኢሳያስ ሓሳድ ገባቲ ህልኸኛ ቂምተኛ ባህርይ እዩ ጸላኢኹም እምበር ኢሳያስ ቀዳማይ ጸላኢ,hate,hate,hate,abuse,hate
1632473294623629312,@USER ኣብቲ ምኒስተር/ሚኒስተር ናይ ታይፒንግ ጌጋ ተቐቢለዮ ኣለኹ። ግን ነቲ ከዳዕ ብርሃነ ክሳብ ሕጂ ምኒስተር/ሚኒስተር ኢልካ ትጽውዖ ኣለኻ?,abuse,abuse,abuse,abuse,abuse
1639694113657200640,@USER #ቕዋምዶ ደኣ ከይትብል!!!!!! ህግደፍ ኣእዱግ ኡኹም። ከም ደርጊ!!!,hate,hate,hate,abuse,hate
1514516676796194816,@USER መን ዝበሃልዩ እዚ !! ኣብዚ ሰዓትዚ ንቀንዲ ኣባላት ወያነ ብጾተይ ዝብል ብሰንኪ ትዕቢትን ቅርሕንትን ወያነ ን ዝፈሰሰ ደም ንጹሃት ደቂ እዛ ሓቀኛን ሓላል ኤ,hate,hate,hate,hate,hate
1554557937582067713,@USER ምሳኹም ምስ ዓጋመ ሕነ ምፍዳይ እምበር ዝስበኽ ፍቅሪ የብልናን ደቂ እራይ ጠንቂ ስደትና ጠንቂ ሞት መንእሰያትና ጠንቂ እቲ ኩሉ ሽግራትና ዓጋመ,hate,hate,hate,hate,hate
1508971773680930824,@USER እንታይ ደአ የዕርፉምበር መሻኪን አይ አጥፊኦሞም እንድዮም በዓል ሰረቅቲ ምግበይ። ብሰላም ዕረፉ!!,abuse,abuse,abuse,abuse,abuse
1477783706706264065,ስቓይ ወገናትና ሎሚ እውን ይዛይድ ኣሎ። ካብ መረበቶም ብፋሽሽታውያንን ተስፋሕፋሕትን ተመዛቢሎም ተጋሩ ዝነብርሉ ዘሎ መዓስከር እሙራኩባ ሱዳን ሎሚ ቃፀሎ ኣጋጢሚ ብዙሕ ህዝቢ ብዘይመ,hate,hate,normal,normal,hate
1613395778407473152,ATV: ዋጋ ዕዳጋ ፖለቲካ ኣምሓራን ኢሳያሳዊ ህግደፍን ብዓሰብን ድሌት ህዝቢ ኤርትራን ክሳብ መዓስ? - ደብዳበ ኢ . via @USER,hate,hate,hate,normal,hate
1495117291486384128,#GEZATEGARUድምፂ ዓድኻን ኣዴኻን ንክትኾን ክትሓብር ግድን እዩ !! ነቲ ሓውኻ ስዓቦ ነታ ሓፍትኻ ስዓባ ነቲ ሓውኺ ስዓብዮ ነታ ሓፍትኺ ስዓብያ !! ???? #GEZATEGARU,hate,normal,normal,normal,normal
1491902834647961602,@USER እምበር ከ እቲ ሱር መሰረት ናይዚ ዞባና ጠንቂ ናይቲ ሽግር እንታይ ሙዃኑ ይርዳኣካ ድዩ? ወያነ ባዕሎም ዝፈረምሉ ናይ ሰላም ስምምዕ ተሓሲሞም ን20 ዓመት መሬትና ጎ,hate,hate,hate,normal,hate
1633151124927574018,@USER ነዚአቶምከኒ እንታይ ኢልኩም ክትምርቅዎም ኢኹም እንዳ ህግደፍ አምሰሉታት??,hate,hate,hate,normal,hate
1562349880101801984,እዚኣ ሞ ብትኽኽል ኣፍጫኣ ገጻ ኣፋ ዋላዉን ፋሻል አክስፕሬሽን እንተሪኢኻዮ ዓጋመ ትመስል። ስለዚ ካብ ደብረጽዮን እንታይ ትጽቨ,hate,hate,hate,hate,hate
1544755135540510721,@USER በስናዕ ጨናዊ አንጭዋ ኢመር ኪድ ድአዲካ ኾዓት እንታይ ካሊእ ትፈልጥ,abuse,abuse,abuse,abuse,abuse
1627407404131401728,@USER @USER @USER @USER ሓሳድ ልክእ ከም ካህዳም ጠላማይ ክፉእ ግብሪ ትገልፅ ቃል ትግሪኛ እምበር ዜግነት የብላን ዶንቆሮ ሓሳድ,abuse,abuse,abuse,abuse,abuse
1558153966390628353,ሕዚውን ብኦቦሳንጆ ዝምራሕ ናይ ሰላም ዘተ ክጎድአና ተዘይኮይኑአይጠቕመናን እዩ እዙይ ሰማዒ ተልዩ ግርም ተዘይኮይኑ ግን ሕዚውን ፀማም እዝኒ ሓብዎ ፅባሕ ከምልማድኹም ተጋጊና ከይትቡልና,hate,hate,normal,normal,hate
1488925366869757952,@USER ምዕቡላት ለመንቲ ስለቲ ሓበሬታኻ ነመስግን ብጻይ እምባ ሶይራ፡,hate,hate,abuse,abuse,hate
1515773456008232966,ኣብ ምዕራብ ትግራይ ወረዳ ከተማ ዓዲ ገሹ ብተስፋሕፋሕቲ ሓይሊ ኣ ም ሓ ራ ናይ ሰሊጥ ፖሎቲከኛታ ዝኾኑ ጉጅለ ኣብ ልዕሊ ተጋሩ ነበርቲ ዓዲ ገሹ ዝተፈፀመ ጨፍጫፍ ዘርኢ ትግረዋ,hate,hate,hate,hate,hate
1557774967990849537,@USER @USER @USER ነዚ ኩሉ መከራ ካብ ኣሽበርቲ ህግደፍ ምስ ረሓቅና እንደሞ ንርስዖ ኮይና።ጭካነ ህግደፍን ደኣ ክንደይ ኢልካ ክጽብጸብ።,hate,hate,hate,hate,hate
1490545256592551939,ዓፀቦ ጉድኣት ኣካል ህፃናትን ሕዱር ሕማምን ኣብ ወረዳ ቃፍታ ሑመራ ምውቕ ናብራ ዝነበራ ወይዘሮ ለተኪሮስ ዝሓለፈ ዓመት ግና ፋኖ ብዝተብሃሉ ተስፋሕፋሕቲ ዑጡቛት ኣምሓራ ካብ መረበታ,hate,hate,hate,normal,hate
1513193905910530048,@USER @USER @USER @USER ዳሃን፥ ሱቕ ኢልካ ናይ ቱይ ዓጋመ ኢሳያሰ ሽንቲ ምስ ኣቦኻ እናተቐባበልኩም ኣግሞጭሙጭ ። you can’t touch man.,hate,hate,hate,abuse,hate
1543651054054785027,ዓዲ 3 ኣብ #ዝደኸምካሉ ግዜ ሓልዮም ንከጥፋእኻ ዘይፍሕርዎ ዘይመሓዝውዎ ጸላኢ የለን ብርትዕ እንተይልካዮም #ተዋሊድና ኢና #እከለ_ኣባኢሶምና #ሰሜን_ንምድኻም ይስራሕ ኣሎ ይብሉ,hate,hate,hate,normal,hate
1488615686444404736,ህግደፋውያን ሓገዝ ብባሕርኹምስ ይትረፈናዋ ኣፍኩም፣ኢድኩም፣እግርኹምን ግብርኹም ኣክቡልና።ሰራዊት ኤርትራ ኣብ ትግራይ ዝፈፀሞን ይፍፅሞ ዘሎን ግፍዒ ኣፍ ኣውፂኡ/ኣ ዘይተቓወመ/ት ሰ,hate,hate,normal,normal,hate
1636426015978209282,ናይ ብሓቂ ኣገናዕ! እወ ህግደፍ ናይ ጽልኢ ስርዓት ኢዩ። ተሓቢኡላ ዘላ መንደቕ ጽልኢ ኣብ ልዕሊ ፍንጫሕ መሰንገለና ኣሕዋትና ተጋሩ ድማ ሃደሽደሽ ከነብሎ ኢና።,hate,normal,hate,hate,hate
1547587145946185728,ዕማም ህግደፍ ?ፋኖ?ሑቲ?ተቃወምቲ ስዳን,hate,normal,normal,normal,normal
1555083287017693184,#ይኣክል ዘውጽኦ ኣብ ፌስቲቫላት #ህግደፍ ንዝሳተፉ ስደተኛታት ናብ FBI ከም ዝሓሰዉሎም ዝገልጽ መፈራርሒ: መበገሲኡ #መጓሰኣዊ #ኣተሓሳስባ (Herd Mentality) ናይቲ ጸቢብ ጉጅለዩ! #ኤንብኤ #Eritrea,hate,hate,hate,abuse,hate
1502825445116547072,@USER ቅሰን brother ናይ ነዊሕ እዋን ተመኩሮ ኣለኒ ?? ?? ኣሽንባይ ገሪማ ወዲ ገርማ ኣብ ትውተር : ምስ ሃሱሳት 03 ህግደፍ ብኣካልን ብዙሕ ኣሕሊፍና እና :: ሕጂ ግዳ ደለይቲ ፍትሒ ሰሲና,hate,hate,hate,abuse,hate
1542236945006329857,@USER @USER ንእስነትካ ሳዋ ዘብለዮ ወዲ ህግደፍ ፍቶ ፅላእ ኢሳያስ ሓደ ወለዶ ሙሉእ ብሙሉእ ዝብሃል ኣፅኒትኩም እዩ:: ዘሕዝን ግን ሐዚውን ደገፍቲ ኣለውኹሞ?! ኣስመራ ምምፃእና ኣይተርፍን,hate,hate,hate,hate,hate
1612399564438249472,@USER ንህና ንጸልአ ዘለና ካብ ህዝቢ ኣሚጽካ ምብላአ፡ ከም ህግደፍን ፡ ሰኣብትን ዝገብርዎ አምበር! ሰሪሁ ዝበልአ ሰብ ሰንይዩ,hate,hate,hate,normal,hate
1514889749449822211,@USER 6)ኣድጊ ብዘይ ባርነት ጥቅሚ የብላን ዲያስፓራ ህግደፋውያን ዋላ ኣድጊኮ ህግደፍ ኢልካ ኣይትፅረፈኒ ካብ ኦምስ ይሓይሽ እየ እያ ትብል ሓቃ ከዓ ትሓይሽ እ,hate,hate,hate,hate,hate
1482484449178755074,@USER @USER @USER @USER @USER @USER @USER ተቐበል.Wedi welwel ውልዉል:ግዜ ትዕረቦ ምስ ህግደፍ ክወላወል:,hate,hate,hate,abuse,hate
1502717182664392711,ክክክክክክክክክክ ትግራዋይ ረሳሕ ፍጥረት ከምዚ ኣረሚናዊ ተግባር ክገብር ከሎ ተቀዳዲሙ እዩ መግለጺ ዘውጽእ መን ሓሪፍ መን ሪፍ፡ ካብ ኤርትራዊ ትወጽእ ትሞሉቅ ምስጢር ናይ ጃንዳ የላ,hate,hate,hate,hate,hate
1636847319831265280,ክቡር ተጋዳላይ ደብረፅዮን ገብረሚካኤል (ዶ/ር) ምእንተ ዓድኻን ህዝብኻን ክትብል ነዚ መሪር ቃልሲ ሓድነትን ጽንዓትን ተጋሩ ናይዚ ዘመን መምህር ኮይንካ ዝርኤኻዮ ንትውልዲ ዝወራረስ,normal,normal,normal,normal,normal
1512117487437066240,ገንዘቦም ናብ ባንኪ ኣታዊ ኣብ ዘይገብሩ ኣካላት ካብ ባሕቲ ሚያዝያ ጀሚሩ ሕጋዊ ስጉምቲ ክውሰድ እዩ _ፎረም ትካላት ፋይናንስ ትግራይ,normal,normal,normal,normal,normal
1608891798629527552,@USER ረሳሕ ድአ ርስሓት ይእክብምብር ታይ ድኣ። ናይ አቦ ኮይንዎም,hate,hate,abuse,abuse,hate
1617938206594592773,@USER ጉዳይ ኤርትራ ጸሊም ጸዕዳ ገሮም ዝርእዩዋ ብዙሓት ኢዩ፣ ህግደፍ እንተ ጺልእካ ትግራዋይ ይብሉኻ ትግራይ ሰብ ኣለዋ ጉዳይና ንግበር እንተ ኢልካ ኸኣ ህግደፋዊ ት,hate,hate,normal,normal,hate
1645482311863894016,ሕቶ፡ ክቡር ፕረዚደንት ከምቲ ኣብ 1ይ ክፋል ዝገለጽካዮ ዕብዳን ህግደፍ ንህዝቢ ትግራይ ብዙሕ ዋጋ ኣኽፊልዎ። ድሕሪ እዚ መሪር ተሞክሮ ኣብ ህዝቢ ትግራይ እንታይ ዓይነት ምዕባለ ክንጽበ ንኽእል?,hate,hate,hate,normal,hate
1506717459801419784,@USER ወድዛ ብድብድ ጨናዊ ሰብኣይ ድቃስ ዶ ኣብዮሞ ብሩህ መጻኢ ኣብ ምጽላም ተዋፊሩ ????,abuse,abuse,abuse,abuse,abuse
1515042285221601280,ንፁር ዕላማ፣ ዓቕሚ ዝእክብን ብፍልጠት ዝምራሕን መንገዲ-ንዓወት፤ ሓፂር ቃለ-መሕትት ምስ ኣይቶ ሃይሉ ከበደ - ሓላፊ ጉዳያት ወፃኢ ውድብ ሳልሳይ ወያነ ትግራይ (ሳወት) [ቀዳማይ,normal,normal,normal,normal,normal
1496757589220392962,@USER @USER ብኸመይ እዩ ኣብነት ክኸውን ዝኽእል እዚ ኣብ Eri????Tv ን10 ዓመት ሸሓነ የማነ ቻርሊ እንዳ ኣልኣመጸ ብባህርያት ጭፍራ ህግደፍ ተሃኒትጹ ፕሮፖ,hate,hate,abuse,abuse,hate
1500572159273578500,@USER እዘን ሃገራት ምዕራብ፡ ብዘይካ እተን ሓድ ክልተ ቁጠበአን ኩናት ክርከብ ከሎ እዩ ዝያዳ ዝበራበር። ዕግርግር ናይ ዕዳጋ ንሰራቂ ይምችእ ከም ዝተባህለ እዩ ነገ,hate,normal,normal,normal,normal
1487134767976001541,@USER ስምዑ ኣንቱም ሓሳዳት ሃላያት ማይ ዘይብሉ ሓምሓም ል ሽክናዝተሽከምኩም ጁንታትት እዚ ኣብ ገጸይ ትርኢዎ ጥባሓጥባሕ ከይመስለኩም ንዓመጸኛ መቀርደዲ ጉራድየ እዮ።,hate,hate,hate,abuse,hate
1619783539796623361,ኣብ ውሽጢ ኢትዮጵያ ኣብ ሕድሕዳዊ ባእሲ:ሕሉፍ ሓሊፉ ኣብ ኦርቶዶክስ እምነት ብዓሌት ዝባራዕ ዘሎ ሓዊ መንግስቲ ሓላፍነት ወሲዱ ኣብ ክንዲ ምጥፍኡ ጸማም እዝኒን ዑዉር ዓይኒን ምሃቡ ደጋፊኡዩ ዘጸውዖ!,normal,normal,normal,normal,normal
1485924297927536640,ኩሎም ካልኦት እውን ኣብ ገዛ ክትጸንሑ ምኸር። ኣብ ካርቱም ዝኾነ ኩነታት ምስ ዘጋጥም፡ በይዛኹም ናብ ናይ ዩኤንኤችሲኣር ናይ ሁጹጽ መስመራት ደውሉ። ??0900934474,normal,normal,normal,normal,normal
1636037405273645056,@USER @USER @USER @USER @USER @USER ድሕሪ እዚ ኹሉ ዝዘርዘርካዮ ጸገማት መን እሎ እንተደኣ ተባሂሉ፡ ወያነ ጎይ,normal,normal,hate,hate,hate
1571036848612610048,@USER ሰልጠነ ልኹመኛ ሓሳዊ ዕሱብ ወያነ 6ይ ወራር ሳሕል ሻዕብያ ጅግና ዝሰርሖ ታሪኽ ነይ ደርጊ ወተሃደራት ብ etv ከይተረፈ ዝመስከሩሉ ሻዕብያ ሲዒርና ኣብ 6,hate,hate,abuse,abuse,hate
1590841165624246278,@USER ገምሻሕ ለኽባጥ ክንደይ ግምባራት ዘፍረሰ ጅግና ከዳዕ ኢልኪ እቲ እኳ ኣብ ናይ ሓንቲ ደቒቕ ኲናት ዘይተሳተፈ ቆርማድ ጥሙይ ከም ጅግና ትቖጽርሉ ግዜ ከሕፍረክን ከፈምፍነክን እዩ። ቀሪቡ ዩ ድማ,hate,abuse,abuse,abuse,abuse
1618131272311934976,@USER ጁንታ ትፍክር ሻዕብያ ትድክር ሓሰና የዕገርግር። ጁንታ ኣብ ኢድካ ሞይታትካ ሓሳዊ ኩሉ ግዝየ ውዱቅ ኢዩ።#EritreaPrevails,hate,hate,hate,abuse,hate
1604965241611325440,ATV: እዋናዊ ዜና ካብ ኣስመራ - ዓይኒ የብለይ ስኒ የብለይ ግፋ ህግደፍ ኣይዝረቦን ዩ - ስድራ ተበታቲነ . via @USER,hate,hate,normal,normal,hate
1645651030787469312,ትግራይ ሰብ ስኣኢና ኢያ። ኣሉላ እኳ መሃይም፣ ደፋር፣ ሰብ እንታይ ይብለኒ ዘይፈልጥ ምኻኑ ይፈልጥ ነይረ እየ። ኣነ ዝገረመኒ ናይ ኣይተ ኣብራር ፍትዊ ጉድ እዩ። ሚድያ ረኺበ ኢሉ ትዝርብ ኣምሲዩ።,hate,abuse,abuse,abuse,abuse
1511487860863823872,@USER ጀልፍፍ ውጻልና ሐሶውትይ ናይ ዓድኹም ጉበሩ ናይ ትግራይ አየድልየናን እዩ ባዕልና አለና,hate,hate,abuse,abuse,hate
1647302920948568064,ኣብ ትሕቲ ስርዓት ኣልቦ ህግደፍ ዝመሓደር ጨንፈር ሕግን ስርዓትን ዞባ ማእከል ???? #Eritrea,hate,hate,hate,normal,hate
1551115733928648704,@USER @USER ክልቲኤን ሓለፍተን ብህዝቦም comedy ዝሰርሑለን ዘለዋ ሓንቲ ክልልን ፡ሃገርን ክርትም ሕዉሓተይ ድዩ ዝበለ ሕርር ደኣ በላ ጽግዕተኛታት ምስራሕ ልመዱ,hate,hate,hate,hate,hate
1658172630447403008,@USER ህግደፍ እኮ ቂም ይቋፅር እምበር ወድዓውነት ይኹን ክውንነት ብፍፅፍ ኣይቅበልን! ንሕናን ዕላማናን ንእትብል ናይ ህግደፍ ቀዳመይቲ መፅሓፍ ፖለቲካዊ ትርጉማ ንም,hate,hate,hate,hate,hate
1558383491330473987,@USER @USER እቲ ቐንዲ ባእሲ ኣብ ደቒ ትግሪኛ ስለዘሎ? መን ኣሎ ብዛዕባ እዚ ዝግበር ዘሎ ዕንደራ ህግደፍ ዝዛረብ ካልእ ብሄር?,hate,hate,hate,normal,hate
1499292175405924352,@USER @USER ስታሊን ደንቆሮ ነቲ ብጥምየት ዝመውት ዘለ ወገንካ ትግራዋይ ኣፍ ዘይትኾኖ፡ ከምዚ እዳገበርኩም ብደቂ ድኻታት ትጻወቱ ኣሎኹም፡,abuse,abuse,abuse,abuse,abuse
1488943108431695883,ሰራዊት ህግደፍ ካብ ኤርትራ ዘይኮነን መጺኡ?,hate,hate,normal,normal,hate
1490791709055324163,ህጅስ፡ወያነ፡እንታይ፡ይውሀጦ፡ቅድም ክብል፡ኤርትራሲ ካብአልም ዝተገለለት ሀገር ኢያ፡ይብል ኔሩ። ስብ ከምዘይብላ ጌሩዋ። ግን ኢሬና ማህፀን ለምለም ኢያ።ሳላ ጀጋኑ ኢሬና ሎሚ፡ሀፍ፡ሀፍ፡,hate,hate,hate,normal,hate
1492448552194396165,ገለ ካብቲ ገባቲ ውልቀመላኺ ኢሳያስ ቃል ዝአተዎ ንህዝቢ ኤርትራ ???? አብ ክተርክብዋ አብዘይ ትኽእልሉ ቦታ ክሰቅላ እየ አስመራ ሞቃድሾ ክገብራ እየ ነዛ ሃገር ጥርሓ ከ,hate,hate,normal,abuse,hate
1515380779559407623,ዋዕላ መንእሰያት ህግደፍ ያ ሰላም ጽቡቅ ኣሳልጦን ዓወትን ንምነየልኩም።,normal,normal,normal,normal,normal
1514884361430220801,@USER ኣምሓሩ ኣድጊ ንብሎም እምበር ከም ህግደፍ ኣድጊ ሰብ የለን ኣድጊ ህግደፍ 1)ኣድጊ ባርነት ትፈትው ህግደፋውያን ብጣልያን እና ብኢሳያስ ስለዝግዝኡ ክብሪ ይ,hate,hate,hate,hate,hate
1541865769910390785,ክሳብ ክንድዚ ዓሻ,abuse,abuse,abuse,abuse,abuse
1613905307331366914,@USER @USER ዋላ ኦሮሞ ረሳህ ሓሳር ሌባ ምካንክን ይፈልጣ እየን! ናይ ግዘ ጉዳይ ጥራህ እዩ . ብእዝንኻ ተወጢጥካ ዳግማይ ክትስጎግ ኢኻ . ህጂ ተአጊ,hate,hate,abuse,abuse,hate
1579745712149233664,@USER ኣንታ ድሁል ከልቢ ቶኽሲ ደንቆሮ ደኣ ንስኻ እንዲኻ ለማኒ በቅሓ ትግራወይቲ ሃተፍተፍ ዘብለካ ዘሎ ዑሱብ ናይ ዑሱባት።,abuse,abuse,abuse,abuse,abuse
1487878160347713536,ኤርትራ ብሮኪት ወያነ እናተደብደበት ነቲ ን20 ዓመታት መሬታ ዝውረረ ወያነ ገብረ መልሲ ሰለዝሃበት ምዕራብ ዓለም ጫቕ ኢሉ።ኣሜሪካ ምዕራብን እንግሊዝ ድማ ኣብ ጉዳይ ዩክሬን ወተሃደራ,hate,hate,normal,normal,hate
1495501901995163651,@USER ረሳሕ መንዳኣት ዝኮነ ፍጥረት ንሕዝቢ ኤርትራ ንኣዱን ንሕዝቡን ዘየክበረ ዝኮነ ውልቀሰብ ብካሎኣት ክከብር ማለት ዘበት።,hate,hate,abuse,abuse,hate
1600236480965664768,@USER @USER ኣንታ ህዝቢ ኣይተደንቁሩ! ንደገ ዝወጹ ሰራዊት ኤርትራ እኮ ህግደፍ ጽልኢ ዘሪኡ ስልጣኑ ከናውሕ ባዕሉ ዝገበሮ እከይ ተግባራት ምዃኑ እዮም ዝዛ,hate,hate,hate,hate,hate
1621805774274961408,እገርም እዩ! ናይ ህግደፋውያን ነገር ኣይጽወዮን እዩ። ዋላ ንዝመጽእ 100 ዓመት፡ ህግደፍ ኣጀንዳ እንተዘይቀይርሎም GAME OVER ክብሉ እዮም።,hate,hate,hate,hate,hate
1649804423302873088,@USER ዓጋመ ለኽባጥ ረሳሕ ፍጥረት ምኻኑ መትከል ትብሃል ነገር የብሉን፡ ኩሉ ግዜዩ ከም ነፋሒቶ ሕብሩ ዝቀያይር። እንታይ ክገብሩ ኢልካዮም ሕማቅ ውርሻ ኣቦታቶም,hate,hate,hate,hate,hate
1508167632155025411,@USER እሶም ጽብቕ ሽም ሃገርና ክሃንጹ፣ ህግደፍ ከፍርስ ኣረባራብ ኮይኑ,hate,hate,hate,hate,hate
1569618769852375040,ስብሓት?? #ሓማሴንካቢነ ምኒስተራት ብዘይ ጀነራል ስብሓት እዛ ጃጃዊት ጸባብ ዓሌታዊት ስርዓት ህግደፍ ድሕሪ እቲ ፍሹል ፈተነ ቅትለት ኣብ ልዕሊ ጀነራል ስብሓት ኤፍሬም ነቲ ስሩዕ ኣ,hate,hate,hate,hate,hate
1478871975221149696,@USER ኣታ እንታይ ሽግር ረከብና ብምስራቅኮ ተዋረድና በቃ ዘይ ናቶም ከቃሙቱ ዝይመሃሩ ሕብረተሰብ። ሰረቅቲ!!!,hate,hate,abuse,abuse,hate
1638987319742025728,@USER @USER ከመይ ኣለኹም ባርነት ዝመረጽኩም ፡ሰብ ክስልጥን ኩሉግዜ ማዓንጣኹም ምስተቐረጽኩም። ህዝቢና ህዝቢ ኤርትራ ሕዝኩሞ ናብዛ ከርፋሕ ናብራን,hate,hate,abuse,abuse,hate
1633175209871024131,ኣዞም ተቓመርት ህግደፍ ዲዮም ክብልዎ ሕጂ? ብዐይኒ ከደዐትን ተመዊሎም ዝሰርሑ ክርዳድ ማሕበረሰብ፡ ኩሉ ሃገረይ ዝበለ ህግደፍ እዮም ዝብልዎ። ህግደፍ በዐል መትከል ማለት ምኻኑ ኣይር,hate,hate,hate,abuse,hate
1586253630298292224,ቃል ጀነራል ስብሓት ኤፍሬም እንክዝከር፤ ንወያነ ከም ሓደ ሕሙም ውሰድዎ።በቲ ኦክስጅን በቲ ሓደ ክኣ ኢንፊዡን ዝተገብረሉ ሕሙም። ንወያነ ከም ሓደ ባቡር ውሰድዎ።ይኸይድ እሞ:ኣብ,hate,hate,hate,hate,hate
1554516688112156681,@USER ናይ ሰላም ይግበሮ ኮይኑ ህዝብና ብጣዕሚ ኣብ ፀገም ኣሎ አቱም መራሕትና ድፖሎማሲ እናፈራሕኩም ብቁልጡፍ መፍትሒ ክትገብርሉ ኣኩም ኣትሸውዱ ልተሸወድናዮ ይኣክል,hate,normal,normal,normal,normal
1558831634731991040,ኩናት ባህላዊ፡ ጸወታና ኢዩ እንዳበልካ፡ ደቆምን፡ቤተሰቦምን፡ኣብ ወጻኢ ብምቾት እንዳነበሩ፡ደቒ ድኻታትን፡ኣብ ኩናት ጠቢስካ፡ኣደዳ፡ ሞተን ሰንከልናን፡ምኳኖም፡ኣዘዩ፡ዘሕዝን፡ እዩ።ህ,hate,normal,normal,normal,normal
1598606572300771329,ትግራይ በዚ ሕዚ ዘሎ አመራርሓ ክትስእ እያ ኢልካ ምሕሳብ ካብ ደርሆ ፀባ ምፅባይ እዩ ዝከዉን ዘሎ ። ፖለቲካ እና ሃይማኖት ክፈላለዩ አለዎም በሃላይ እየ ። ህወሓት ትክተሎ መሪሕነት,hate,hate,hate,normal,hate
1642962215971028992,ህግደፍ ዕደ ፕሮጀክት ?መለስ ኢዳ ጠውያ ትዕዘብ,hate,hate,hate,hate,hate
1638089868969496577,@USER ሓቂ ምዝራብካ አድኒቀካ !!!! ንዓሻ ደርጉሓሉ ኢዩ ነገሩ,normal,normal,normal,normal,normal
1533261632658296832,አብይ ዝባሓል ሳሕሳሕ አድጊ ህዝውን ንህዝቢ ትግራይ ምፅራፍ አይገደፎን:ከም ንሱ ብኽእለቱ ናብ ስልጣን ዝመፅኤ ጌሩ ነቲ አምሂሩን ሰብ ጌሩንናብ ስልጣን ዘምፅኦ ህዝቢ ነቲ ጦርነት,abuse,abuse,abuse,abuse,abuse
1656554309914427394,እ ን ኳ ዕ ተ ወ ለ ድ ኪ ኣብ ከብዲ ኣዴኺ . ገና እናሃለኺ በትሪ ጨካናት . ህግደፍ ዓሪፉኪ ኣብቲ ሕማቕ ጊዜ.ኣብቲ ፀልማት እዋን ዝሓልፍ ዘይመስል.,hate,hate,hate,hate,hate
1609102140496089088,@USER @USER ስደዶም እሞ ለብሊብና ክንሰዶም ኢና እንታይ ግድኻ lol,hate,hate,abuse,abuse,hate
1490757073952559109,ንህዝቢ ኤርትራ ኣድጊ ክገብሮ የ ኢልካ እንተመጺእካዮ ጠይቂ ገይሩ ከምዝሰደካ ዘይምርሳዕ። ሓባል ሲ መጠመቲኣ ትኮሓል እዩ ነገሩ።,hate,hate,normal,abuse,hate
1551346544791719937,ህግደፍ ዓቢዳ ?? ኩላ መንእሰይ ምስ ኪሮስ ኢያ ዘላ። #Eritrea #PFDJTerroristGroup,hate,hate,hate,hate,hate
1544372759286906882,ድሕሪካ ኩሉ ?ፈታዊ ነብሱ ኮይኑ ?ኩሉ ክብርታት ባህሊ ?ኤርትራ ?ህግደፍ አዳኪምዋ,hate,normal,hate,hate,hate
1638467980760608768,@USER @USER @USER ሓፋር ህግደፍ! ካብ ንተቐወምቲ ምኒን ክትብል ትውዕል ግዜኻን ሓይላካን ንህግደፍ ኣብ ምቅላስ ከተውፍሮ እምረጽ።,hate,normal,abuse,abuse,abuse
1570700601847328768,@USER ያኢ ምስ ኣምሓሩ ኮንካ ምድኻር ይሓይሽ ተባሂሉለይ አዩ ካባኻስ ምስ ሓራድኩም ማይ ትሰትዩ አምበር ህዝቢ ትግራይ ፍንቻሕ መሰንገልና አዩ ሕርር በሉ ኣህባይ,hate,hate,abuse,abuse,hate
1640541288293613569,ኣተሓሳሳቢ ጉዳይ ብዛዕባ አለክትሮኒካዊ ምትካኽ ወይ ቨፒንግ,normal,normal,normal,normal,normal
1487526865732517897,I think Bereket Simon is by far better than the ስኒ ዓሻስ ቁሪ ወድኦ! ህዝቢ ኤርትራ ኣደዳ ሕማምን፣ ሞትን፣ ስቅያትን፣ ስደትን ጌሩዎ ክነሱስ ይጋየጸል,hate,hate,abuse,abuse,hate
1545839958262423554,@USER አለም ፀሊኡኩም አቶ ጨናዊ?? እያ ንህግደፍ መራሒ,hate,hate,abuse,abuse,hate
1510688542263058444,@USER ወዲ ዓሊ ሓሳዊ!,abuse,abuse,abuse,abuse,abuse
1641718610140844033,ኣብ 2015 ስርዓት ህግደፍ፣ሓደሽቲ ሕግታት ገበናውን ሲቪላውን ካልእን ነዲፈ እና በለ ብዙሕ ዋዕዋዕ ይብልን፣ብመድያታቱ የቃልሖን ነይሩ።እሞ እቲ ዝተነድፈ ሕግታት ነቲ ናይ ቀደም ካብ,hate,hate,normal,normal,hate
1588267825747005441,ደያስፖራ ትግራይ ልቢ ግበሩ፣ እቲ ስምምዕ ሰላም ብቐንዱ ነዘን ኣዴታትን ህጻናትን እዩ ዝጠቅም። ኣብ ዝሕሸኩም ተቐሚጥኩም ብዕድል ድኻ ህዝብኹም ኣይትጣልዑ። ጽቡቕ ዝበሃል ኲናት፣ ሕማ,normal,normal,normal,normal,normal
1548388468279033864,@USER ንኣብርሃም ኣፍወርቂ ህይወቱ ዝሰረቑዎ ህግደፍ ከም ዝኾኑ ኣይትፈልጥን ማለት ድዩ ? ፈለማ ኣቀታትላ ኣብርሃም ኣፍወርቂ ሕተት!,hate,hate,normal,normal,hate
1491293277626281986,@USER @USER @USER ንፍሽሽታውያን ልፍንቲ ህግደፍን ደርግን ጡዑም ዜና ከምዘይኮነ ንፈልጥ እና :: ሰይጣውንቲ ስለዝኾንኩም ሰላም,hate,hate,hate,hate,hate
1515414346381381640,ዋዕላ መንእሰያት ህግደፍ-ኤውሮጳ ኣብ ሮማ ይቃናዕ ኣሎ መበል 16 ዋዕላ መንእሰያት ህግደፍ - ኤውሮጳ፡ኣፍሪቃ-ለኸ ሓርነትን ፡መሪሕነት ብዕላማን ብዝብል ቴማ ፡ብሓላፊ ህግ,normal,normal,normal,normal,normal
1639353702719840266,@USER እሽታጊና ካብ መቀለ ቋንቋ ኣዲኡ ገዲፉ ርኹስ ኣምሓርኛ ክዛረብ ዝገበርኩሞ ኣቤቲ መርገምኩም ኣይንርኣዮ ። ሓሳኽ ጨናዊ ማትያስ ለኪሙኩም።ምሁር ተወብሃን ገሄር ሞይ,hate,hate,hate,hate,hate
1485002543143034891,@USER @USER 2 - የግዳስ ሓሳዳት መሳርሕቲ ኔሮማ ዘዝሰረሐቶ ብዓይኒ ቅንኢ ነብሳ ስለ ዝኻኣለት ዓይኖም ዘይገብረሎም መሳርሕታ ኮነ ኢሎም ካብ ስርሓ ክትሱጎ,abuse,abuse,abuse,abuse,abuse
1649345956058415107,ፋርማሲስት ሠናይ ፊውተራሪ ክፍለየሱስ፥ ናይ ቀረባ ዘመድ ኣደይ ኢዩ። ካብ 1994 ጀሚሩ ካብ መንግሥታዊ ሥራሕ ደስኪሉ ነይሩ። ኣብ መወዳእታ ኸኣ ብሥርዓት ህግደፍ ብዘይ ምኽንያት ተኣ,normal,normal,normal,normal,normal
1628308965342707718,ኩራዕ እምቦሕ በል ገዲፍካ ንምንታይ ዓደይ ከይደ ዘይምርዖ ስድራይ ዘይርእይ ንምንታይ ኣብ ኤርትራ ገዲፉ ህዝብና ሱዳን ኢትዮ ይኸይድ ኣሎ ሕተት ከም ብዕራይ እምቦሕ ምባል ናይ ብዕራይ,normal,abuse,hate,abuse,abuse
1613916716697899010,@USER ህግደፍ ካብ ምፍራስ ?ንላዕሊ ርእሰ የለን,hate,hate,hate,hate,hate
1488948513970999306,መሪር መግዛአቲ ኣብ ልዕሊ ህዝብና ዝሓደጎ በሰላ አዞም ጅግና ኣቦ ይገልጽዎ ዕድመ ክይገደቦም ንብዓትን ሓበንን ይዎረካ ከዳዓት ደቂ ሃገር አፍፍ ዓወት ንሓፋሽ አወ,hate,hate,hate,normal,hate
1548125929213374464,@USER ኣታ እልፊ ጸማም መሊኦም። ወዲ ጎንደር ዝጸሓፎ ዲዩ ኣብ መጠራ ዘሎ ወላስ ወዲ ጎጃም ዝሃነጾ ኣብ ኣዱሊሰ፧ ኣብ ቅድሚ ዋጣ ዝዋጢስ ኣይክዋጥን ከውጠጢ ከይኮ,hate,abuse,abuse,abuse,abuse
1578093757764861975,@USER ብጣዕሚ ልቢ ዝትንክፍ ዘረባ እዞም ደቆም አብ ኤሮጳ ደቆም ሐቑፎም ንውግእ ዘጫፍሩ ዘለው ደገፍቲ ህግደፍ ዓገብ ንበሎም,hate,hate,normal,normal,hate
1545154417921609731,@USER ህዝቢ ኤርትራ ክተሀምሉ ደሉኹም እንዳ ኣግኣዝያን? መራሕቲ ወያነ መዓልታው ዝብልዎ ዘለው ስማዕ። ህግደፍ off position ክብልኹም ሓቆምዮም።,hate,hate,normal,abuse,hate
1638928469194166272,@USER ሰብ ድኻ ህግደፍ መረጋገጺ ቅድም ኣቕርብ! ሽዑ ብዛዕባ ብዘይካ ምፍራስ እምበር ምህናጽ ዘይብርሃ ሻዓ-ብያ ክምህረካ።,hate,hate,hate,abuse,hate
1594042692253749251,@USER ኤርትራውያን ዳኣ ንዑቓት ስዱዳት ለመንቲ ሰረቕቲ ተኸፊልኩም ታዓሲብኩም ፈቖድኡ ትግተቱ እምበር እ ታይ ክብረት ኣለኩም? ወይለከ መንነትካ ረሲዕኻ ፈቖድኡ እናፀደፍካስ ሰብ ክትመስል ትግዕር? ረሳሕ,hate,hate,hate,hate,hate
1607456300354670592,@USER ህግደፍን ህወሓትን ሓደ ዓይነት ኣገላልፃ ዝወሃቦም ውድባት ኣይኮኑን፡፡ ን ክልቲኦም ኣጋንንቲ ምባል ዳርጋ ን ህግደፍ ኣምላክ ምባል እዩ፡፡ ዝነፃፀሩ ኣይኮኑን፡፡ ነ,hate,hate,hate,hate,hate
1617645544427622403,@USER #ወያነ ካብ ዓፋት አምሓራ ድሰረቐቶ እዚ,hate,hate,hate,hate,hate
1488971267189448705,እንኻዕ ተወለድኻ ዕድሜካ ዕድመ ማትሳል ይግበረልና።,normal,normal,normal,normal,normal
1565057202037178376,@USER መን ኢኻ ንስካ ጊላ ዓጋመ ተረፍ ዓሳ ??,hate,hate,hate,hate,hate
1568139306216079363,@USER ድምፂ ቕዳሕ ብሻዕብያ ዝተፈጠረ ድራማ ምዃኑ መረዳእታታት በፂሑና ኣሎ ሌባ ፀላኢ ሓሶት ከም ሓደ ስልቲ ውግእ እዩ ዝጥቀመሉ።?? በትሪ ወይን ግን ኣብ ስርሓ ኣላ ትግራይ ትሰዕር,hate,hate,hate,hate,hate
1588253950238953472,ንስለ እቲ ውጹዕ ህዝቢ ትግራይ ብዙሕ ሕድገታት ጌራ ትግራይ ፡ ንህግደፍ ሕረት ንኣብዪ ሓመድ ሕመድ ውርደት ኢዩ ካብ ሓርጭ ናብ ዘተ ሰላም በጺሕና ተሓጎሱ ፡ማለት ውርደት ኢዩ,hate,hate,normal,abuse,hate
1594743609546649600,@USER ብከብዱ ዚነብር ዘይጠቅም ባንዳ። ብዛዕባ ተጋሩ ሰባት ኣይትጭነቕን ኢኻ ሓሳዊ??,abuse,abuse,abuse,abuse,abuse
1483509309090762755,@USER @USER ወዮ ደኣ ስሕዉ ኢኻ እንበር ኣምሓሩ ኣሚኑ ቀዲሙ ዝወረረ እዚ ኻሕዳም ኢድ ዘኾለስዎ ዝነክስ ልማደኛ ጉጅለ ማለሊት እዩ።እንተኾነ ወያነን ተጎዝ,hate,hate,hate,abuse,hate
1598751754555883541,@USER ኣታ ረሳሕ ሰብ ኢካ እባ፡ ውርዝይ በል ብ ፎቲ ሾፕ ዝደናገር ሰብ የለን።,abuse,abuse,abuse,abuse,abuse
1549823314805260288,@USER @USER ብድፉኑ ንመሰል ዓርሰ ውሳነ ዝብል ኣቋም ሒዙ ምስ ፌደራሊስትን ኮንፌደራሊስትን ሓዱሽ ቃልኪዳን ክኣስር ዝጓየ ህወሓት ሰራዊት ትግራይ ናይ ምድኻም ምልክታትን ተኽእሎን ኣለዎ,hate,normal,normal,normal,normal
1485685479848792070,ኤርትራውያን ኮይንዎም ድዮም ብህግደፍ ዓዊሮም ???,hate,hate,hate,abuse,hate
1560459110751010816,@USER እዛ ዓዲ ክጠፍእ እያ ክትበታተን እያ አይበዝሔንዶ . ብቲንትን እላ ግብፂ ትእቶግዲ . ህወት ሐደ ትግራዋይ / ትግራወይቲ ይዓቢ ካብዛ ጠላም ዓዲ . ንዝውዳእ ዘሎ,hate,hate,hate,hate,hate
1574492983319314465,@USER @USER እዚ ኩናት ካብ ትግራይ ሓሊፉ ናብ ካልእ እንተዘይልሒሙ ኣሜርካን ኮራኹራን ብቐጠታ ኢደን ዘእትዋሉ ምኽንያት የብለንን:: ትግራይ ምድኻም እዩ ክኸውን::,hate,hate,hate,normal,hate
1601708944455761920,@USER @USER ቀናእ ስኒ ቀናእ ኣይበልካ ኣንታ ሓሳድ @USER,abuse,abuse,abuse,abuse,abuse
1494231824998051842,እቶም ከዚ ና ህወሓት ቀንዲ ፀላእቲ ሓሳዳት ኮይኖም ለለው ሰባት መብዛሕቲኦም ውድብ ለዕበየቶም ብኢዳ በሊዖም ልናኸሱ ነውራማት እዮም። ካባና ብላዕሊ ኣብሊዓ ፣ኣምሂራ ፣ መሰሉ ኣኽቢ,hate,abuse,abuse,abuse,abuse
1504187009107214340,@USER ርሑስ ልደት ይግበረልኻ ዙሓወይ እንኳዕ ተወለድኻ ዕድመይ ጥዕናይ ይሃብኻ ፋርቂ ሓሊፍኻ ??ሰብኣይስ መሊእኻ ኢኻ??,normal,normal,normal,normal,normal
1657664619773583364,እንኳዕ ኣብጽሓኪ #ኣደዋይ ኣደ ኩሉ ነገር እያ። ኣደ መምህር ኣደ ሓኪም! ኣደ ጽላል ኣደ ማሙቕ! ኣደ ካብ ከብድኻ ሓሊፋ ሕልናኻ ትመልእ! ሂወታ ተካፍል ለዋህ ፍጥረት! ቋንቋኣ ቋን,normal,normal,normal,normal,normal
1592238920879996928,@USER @USER ናይ ቀደም ሓሳዊ ባንዳ ብዋህዲ ጠመተ ዝሳቐ አነ ጥራይ ፈላጣይ ሃቀኛን ተገዳሳይን ብሃላይ እዩ ! ክህሱን ክክህድን ካኣ መኣት እዩ አይትገደሰሉ ኢግኖር ምግባር ይሃይሽ,abuse,abuse,abuse,abuse,abuse
1595880502350811137,@USER @USER እቲ ፊደላት ዐ& አ ኣበይን መኣስን ትጥቀመሉ ዘይፈለጥካስ ደንቆሮ ኢልካ ትጻረፍ? ደሓር ድማ ሰራዊተይ ሓየት ሙኻኑ መራሕትኻ ክበኽዩ ዶ ትርእዮም የለኻን?,abuse,hate,abuse,abuse,abuse
1561397801447301125,@USER @USER ሻሂ እስከ ኣስትዮ በጃካ፥ ነዚ ባሪያ ናይ ህግደፍ።,abuse,abuse,abuse,abuse,abuse
1478135060607864835,ካብ 4 ዓመታት ዩኒሸርሲቲ ምኻት 4 ሳዓታት ምስ ፕረሲደት ኢሰያስ ምውዓል: ቃል ኣብ ብባርዕ ጋሃነብ ዝቅሎ ዘሎ ተምላስ ጨናዊ,abuse,abuse,abuse,abuse,abuse
1488052846666956806,ኤርትራዊ እየ ብሕድሪን ደም ጀጋኑየን ዋጋ ዕዳጋ ዘይኣቱ። #ERITREAFIRST #ሕድሪኣሎናከየድፍራ #EPLF #ሻዕብያ #Eritrea,normal,normal,normal,normal,normal
1508545353972437003,ኣብ ኤርትራ ግፋ ብዝለዓለ መልክዑ ይቕጽል ኣሎ ዜና ቲቪ መለይ 28 መጋቢት 2022,normal,normal,normal,normal,normal
1514678738331521029,@USER ሓሳዊ ሌባ እዚ ድኣ ፎቶ ሾፕ እንድዩ ኣታ ጥማዕ ዓጋሜ,hate,hate,hate,abuse,hate
1492551726586548228,@USER @USER ንጥዕና፥ ታሪክ ክነግር ኢሉ መዓስ ኣምጺዎ መሲሉካ፥ ክሽቕጣ ኢሉዩ ኣምጺዎኾ። ህግደፍ፥ ሕማቃት ሸቃጥ!,hate,hate,hate,hate,hate
1498427453492142081,ጭፍራ ህግደፍ ምስ ሩስያ ወጊኑ No ምድማጹ : ጽባሕ ደቂ ዩኩሬን???? #Eritrea ኣንጻርና ኣድሚጻ እዮም ክብሉ እምበር ኢሳያስ ኣንጻርና ኣድሚጹ ኣይክብሉን::እዚ ድማ ሽፍታ ጉጅለ,hate,hate,hate,normal,hate
1625739034441007106,@USER @USER ቺድ ሓሳዊ። ደርሆን እንቋቑሖን ከይተረፈ እንዲኹም ሰሪቕኩም ዝኸድኩም። ሓሳዊ።,hate,abuse,abuse,abuse,abuse
1655487539745103872,እእእእእእ ድሕሪ 32 ዓመት ጽንተት ብግልጺ አፍ ዝከፈተ ጅግና ሰብአይ እንተኮነ ድራማ ህግደፍ ጽቡቅ ጌሩ ህዝቢ ይፈልጣ እዩ።ዓቅሊ ጽበት ከጋጥማ ኮሎ ዘይት ፍትኖ ጉድ የለን።,hate,hate,hate,normal,hate
1489725630560321537,ን20 ዐመት ንኤረትራውያን ከተምበርኽኹ ዘይገበርኩሞ ኣይነበረን። ወያነ ካብ ኣዲስ ኣበባ ተቐሊዐ ምስወጸት ኤርትራውያን ሕዋትና እዮም እንዳበልኩም ከተታልሉና ፈቲንኩም ኣይሰለጠኩምን።,hate,hate,hate,normal,hate
1495531984315195399,ERISAT: 1ይ ክፋል | ምስ ህግደፍ ዘለዉ ስነጥበባውያን ይድግፉ ዘይኮኑስ ይድገፉ እዮም ዘለዉ | ስነጥበባዊ ዓ . via @USER,hate,normal,normal,normal,normal
1482834396336078855,ህዝብና ይውዳእ ኣሎ በቶም ሓሳዳት??,hate,hate,hate,abuse,hate
1622359145163771905,@USER @USER ኣዮኻ ናይና ብጽሑፍካ ተቃሊዕካ፡ ኣብ ክንዲ ጸ ፅ ምጽሓፍካ ሳሕሳሕ ወያናይ ምዃንካ ፈሊጥትናካ፡ GAME OVER JUNTA!,hate,hate,hate,abuse,hate
1592963683248140288,@USER What? You really thanking God? Come on ተጋሩ ቅቲልካን የእሲርካን ዓድኻ ኣሕሊፍካ ዝሃብካ ባንዳስ ብዛዕባ ህዝቢ ዝተጨነቕካ ክትመስልስ ተመስግን? ሓሳዊ!,abuse,abuse,abuse,abuse,abuse
1561084036872712192,ዘይናትካ መሬት ምጥራር ዝለመድ መራሕቲ ወያነ ኣብ 1998 ንባድመን ካልኦት መሬት ኤርትራ ናብ ትግራይ ንምእታው ከመይ ይመስል . ዓቅልን:ትዕግስቲ ሓይልታት ምክልኻል ከ.ካብ,hate,hate,hate,hate,hate
1580064212369690624,@USER @USER አላ ህግደፍ መንደፍ መቸም ብአኩም ዓይኒ ኒተጋሩ ዝሕግዝ ኤረትራዊ ብዓይንኩም ዓጋመ እዩ ምሽ ደቂ ኢሱ በሉ ኪዱ ትፍእኩም ልሓሱ ምስ ደርግ,hate,hate,hate,hate,hate
1653119433718525955,ህዝቢ ሱዳን ደጀን ህዝብን ቃልስን ኤርትራ ዝነበረ ኢዩ። ኣብ ግዜ ጸገሙ: ንገነዝቲ ማሕበራት ንምስሳይ ዘይኮነ: ከም ባህልን ልምድን ኤርትራ መጠን: ምውዕዋዕ ዘይብሉ ዶባትና ክፉት:,normal,normal,normal,normal,normal
1649794572682141696,ህግደፍ አጥላዕ ባራ?ሕጂ ግርም,hate,hate,hate,hate,hate
1497670580803448838,@USER ኮንቶሞንቶ መንእሰይ ፣ ነቶም ስጋ ኤርትራዊ ሓሊፍዎም ፡ ዓጽሙ ዝግህጹ ዘለው ህግደፍ ግዳ ዘይተቓልዖም ። ሽለት,hate,hate,hate,hate,hate
1502947883376680962,ነውራማት ስርዓት ማሌሊት ጉጅለ ዓድዋ ስብሓት ነጋ ዝመረፁዎ ሽፍታ ዓብይ ዓሕመድ ንህዝብና የፅንት ኣሎ።,hate,hate,hate,hate,hate
1488197561508896772,@USER @USER ሓውና ተስፋይ ሕጅስባ ይኣኽለኩም የዕርፉ በለና።ንናጽነት ኤርትራ፣ ንሰላም ንዘመናት ተቓሊስና።እግዚኣብሄር ክገብር ንወያነ ኣብዚ ቀረባ እዋ,hate,hate,hate,abuse,hate
1485372072821985285,@USER ከምዚ ከማካ ዓሻ ጥራይ ኢዩ ክልተ ግዜ ዝሽካዕ።,abuse,abuse,abuse,abuse,abuse
1633940638797295621,@USER @USER ሓሳዊ፡ ካብ ጎሮቤቱ ጓና ዘኽብር ግዙእ ሕሱር፡,abuse,abuse,abuse,abuse,abuse
1532803213300310019,ሕቶ ል መንግስቲ ትግራይ ቃልስና እንታይ እዩ ዕላምኡ? እንታይ እናበልና ንቃለስ? መልሲ የድልየና @USER @USER @USER @USER,normal,normal,normal,normal,normal
1501834253453119488,ነታ ኣዴኻን ዓይንኻን ነታ ልቦናኻን ጉሮሮኻን ነታ መንነትኻን ሓረግኻን ነታ ህይወትኻን መኽሰብኻን ነታ ትስስዕላን ትነብዕላን ዓድኻ ትግራይ ምስ ኣሕዋትኻ ድምፂ ኹና,normal,normal,normal,normal,normal
1488648357652353024,ሓደ ካብ ጸገማት ጉጅለ ወያነ ሓባራዊ ዕብየትን ረብሓን ስለዘይደሊዩ። እቲ ጸቢብ ኣእምሮኡ ርሒብ ኣመለኻኽታ ከአንግድ ኣይክእልንዩ። - ፕ . ኢሰይያስ ጥቅምቲ 2009,hate,hate,hate,hate,hate
1482857946367336451,ነቶም ዝሓለፉ ነዚ ከይረአዩ ዝኸዱ ነዚ ኸይራአዩ ከይዶምኢልና ንጣዓሰሉ ንሕና ግን ዕድለኛታት ኢና ነዚ ዝረአና እንታይ ማለቱ እዩ #ኢሳያስ_ከዳዕ_እዩ #IsayasMustGo,hate,hate,hate,abuse,hate
1494795916628353030,እንቋዕ ንመበል 46 ዓመት በዓል 11 ለካቲት ኣብፃሓና::ህዝቢ ትግራይ ናይ መንነት ቃልሶ ከበርቲ ዓማጺ መሳፍንታውያን ሓይልታት ከንበርክክ ዘይ ዲሞክራስያውያን ሓይልታት ጸራሪጎ ክጎሖ,hate,normal,normal,normal,normal
1563093019913764870,@USER በርጌድ ንሓመዱ ኣብ ልዕሊ ግብረሽበራዊት ጉጅለ ህግደፍ ራዕዲ ፈጢሩ ከምዘሎ ኣብ ባይታ ተንጸባሪቑ ዘሎ ሓቂ እዩ :: ግን እዛ ሽፍታ ስዕረታ ስለዘይትቅበል ሓሶት 03 ፈ,hate,hate,hate,hate,hate
1575216408257957889,@USER አጆኩም እንታይ እዩ እሞ ዝግበሮ ዓለም ጠላም ክሓልፍ እዩ,normal,normal,normal,normal,normal
1543278040691752962,ኣታ ንመዓዝ ደኣኩም ተጋሩ ነበርቲ ኣኣ ይሕፈሱ ኣለዉ ኣቀድምና ንድምፂ ንኩን ንከይዉሰክ ኩላይ። @USER @USER @USER @USER,normal,normal,normal,normal,normal
1492983741949657088,@USER ሃላይ ዘይበትከሎም ዓዲ ንሓደ ውልቀሰብ ድዩ ዝውክል? ክርደኣካ ኣይክእልን። ደሓን ንሓደ ሰብ ይኹን እሞ ኣብ መሪር ሓዘን ኮይኑ ቃላት ስለዝደርበየ ከምኡ ክ,hate,abuse,abuse,abuse,abuse
1485382357704192001,@USER ኣቲ ሸርሙጣ፣ ብሽርሙጥና ተወሊድኪ ብሽርሙጥና ትዓብዪ ዘለኺ ሸርሙጣ፣ መን እዩ ኢዱ ንመን ክህብ? ሸርሙጣ።,abuse,abuse,abuse,abuse,abuse
1562330709951479809,ጓል ገበል ጅግናና ኣብ ሜዳ ኤርትራ ለለዋ ለይብላ ኢላ ነቦታቶምን ኣቦሓጎታቶምን ዘሰልጠነትሎም እያ።ግን ካብ ከዳዕን ጠላምን እንታይ ንጸበ?ኩልኻ ኤርትራዊ ሓድነትና ነደልድል ሕነ ጀ,hate,hate,normal,abuse,hate
1653508631894142980,@USER ብርግጽ ኣለዉ: ደላይ ፍትሒ ኤርትራዊ ግን ካብ ምሕጋዝ ሓሊፉ ዝኣበሶ የብሉን: ንህግደፍ ድላዮም ንሕና ውን ሓመድ ንገብሮም ኣለና ዘሕምቆ ኣለኒ በትረይ ሃቡኒ ግን እንታይ,hate,hate,hate,hate,hate
1630254856559632384,@USER ከመይ ዝበሉኻ ሓሳኽ ኢኻ ! ክክክክ ሳዱስት ጨናዊ ጳጳስ ማትያስ ድዩ ኸሙኡ በል ኢልካ ቁቁቂ ! ተጋሩ ህዝቢ ኢስጦጵያ ርኹስ ኣምሓርኛ ምሂርኩም ኣሳቂኹሞ ቒቂቁ,hate,hate,hate,hate,hate
1501594439344697344,እቶም ንህግደፍ ዋላ ምስ ሸይጣን ኮይና ከነጽድፎ ዝበልኩም ፡ እሞ ሃየ ምስ ዩክሬን 2ሽሕ እናተኸፍለኩም ተዋግኡ ።,hate,hate,hate,normal,hate
1638613387591426061,ህግደፍ ኣብ ጋይላ?ወያኔ አብ ፖርላማ,hate,hate,hate,normal,hate
1616489831936163873,@USER ዓሻሲ ገበጣ ክሳብ ዝውዳእ ይጻወት ጽወታ ተወዲኡ እዩ ወያነን ከደምቱን,hate,hate,abuse,abuse,hate
1637340764941467650,@USER So what ዎጮ እንተገልበጥካዮስ ዎጮ።ልዕሊ ሓደ ሚልዮን መንእሰያት ኣጥፊእኩምስ እግለ ወሪዱ እገለ ተመሪጹ ትብሉ ዘይትሓፍሩ ነውራማትን ኣገልገልቲ ምዕራባውያን።,hate,hate,hate,hate,hate
1562548139290005509,@USER ጉዳይ ትግራይ፥ ነቶም ላንጋ ላንጋ ዝፀንሑ መስመሮም ዘትሕዝ ወይ ናብ #ህግደፍ ዝመልስ እዩ ንሓቀኛ ተቃለስይ ግን ቃልሱ ብካልእ መንገዲ ከም ዝቅጽልም ዝያዳ ጻዕሪ ከም,hate,hate,normal,normal,hate
1509096439682678784,@USER @USER አታ ጡዑም ናይ ሰልጠነ ዘረባስ መርዘን ህግደፍ? ?? ስለዝፈተኻዮ ኢኻ እምበር ብጣዕሚ ሑሱር ሕብረተሰብ ብዓሌት ሃይማኖትን አብ ምንቃትን ምንእአስ,hate,hate,normal,abuse,hate
1581365537891708928,??ዝገርመኒ ግን ወያኔ ከዳሚት ክንሳ ከደምቲ ዘጥረየት ኣቤት ሕጂ ዘሎ ሕቡኡና #EritreaPrevails,hate,hate,hate,hate,hate
1635144755226251265,@USER ብወገነይ ኣብ ናይ ዝኾነ ዓዲ ፖለቲክስ ርኢቶኻ ንኽትፍንው ግድን ወዲ እቲ ዓዲ ክትከውን ኣሎካ ዝብል እምነት የብለይን፡፡ ሰባት ኣብ ጉዳይ ዓድኻ ንዝህቡኻ ውልቀ ኣታሓ,normal,normal,normal,normal,normal
1567613420467363841,እቶም ኤርትራውያን እና ትብሉ ግን ተረፍ ባዕዳውያን ደገፍቲ ህግደፍ : መላፍንቱኹም ልእላውነት ኤርትራ ኣብ ዝጥሕስሉ : ስለምንታይ ዘይትዛረቡ ? #Eritrea @USER,hate,hate,hate,hate,hate
1512823783538802692,@USER @USER ህዝቢ ኤርትራ ብሓሶት ህግደፍ ጸሚሙ መንገዱ ሲሒቱ ፈቖድኡ ፉሕ ኢሉ፣ ናብ ትግራይ ከይተረፈ ተሰዲዱ። ናይዚ ቡዳ ሰብኣይ ከኣ ዘረባ ተቆጺሩ።,hate,hate,abuse,abuse,hate
1618869241297637376,@USER ሓድነት #Eritrea ይደልድል ካብ ምባል: በቃ ማሕበር ኣንድነት ከም ኣባሓጎታትኩም መሪጽኩም? ዘይትገድፍዎ ህዝብና: ካብቲ ረሳሕ ፖለቲካ ናይ #Ethiopia ኣ,hate,hate,hate,hate,hate
1619181078773919746,አሜሪካ ካብ ስልጣን እትምሕወና: ፀግዒ ክትኮንና:: ኣብዪ ወደብ ተበለና : መኸታ ክትኮንና:: ወያነ ከይድህለና: ትከላኸልልና:: ኢልና ራሻ መፅእናኪ አለና ኣብ ግዜ እርጋንና::,normal,normal,hate,normal,normal
1617014255772909570,ትግራይ ሰላም ክትኸውን ቅድምሓሶት፥ስርቂ፥ዘይናትካ ምድላይ፥ክፋእ፥ ጥልመት፥ግደፉ። እዞም ኣስመራ ዝተወለድኩም ዝዓበኹም ህዝቢ ኤርትራ ንወለድኹም ኣዕቁቢ ንዓኹም የዕብዩ ዘምሃረ ሙኻኑ ረሲዕኩም,hate,hate,normal,normal,hate
1557800809387155456,ስርዓት ህግደፍ ኣብ ልዕሊ ህዝቢ ትግራይ ህዝቢ ወረዳ ሰገነይቲ ኣከለጉዛይ ካብ ሕሉፍ ዝመረረ ግፍዒ ይፍጽም ኣሎ። ዓገብ ንበል,hate,hate,hate,normal,hate
1542196750768799745,@USER @USER ኣንቲ ኣረጊት ሸርሙጣ ንስኪ ዳኣ እንታይ ኣለኪ ደቅኪ ደቂ ደቅኪ ሓቁፋኪ ወይልአን ኣዴታትና እንበር ረሳሕ ሕስርቲ ዘረባ ረኪበ ኢልኪ ዲኪ ህዝቢ ኤ,hate,abuse,abuse,abuse,abuse
1540420729623265280,ስርዓት ህግደፍ ዝኽተሎ ውቁብ ኣገባብ ዝኽሪ ስዉኣት ካለኦት ሰባት ንመስዋእቲ ድሉዋት ክገብር ኢሉ ኢዩ። ነዖኦም እንተዘይኣኽቢሩ ዝስወኣሉ ስለዘየለ ! ሽጣራ ወኻርያ !,hate,hate,hate,hate,hate
1509431428764811271,ምዝራብ ንጠንቀቅ ምክንያቱ ቀፃልነት የብሉን ብተወሳኪ ባዕልና ምስክርነት ንሕብ ኣለና በጃኩም ድምፂ ወያነን ትግራይ ቲቪን ተጠንቀቁ ሪኢኩም ከም ዘይራኣኩም ኩኑ።,normal,normal,normal,normal,normal
1502024184750383114,ድሮ እኳ ስደተኛታት ኤርትራ በትን በትን ዓፊኑ ዝወሰዶም ስደተኛታት ትግራይ እንዳበለ ክነግደሎም ጀሚሩ አሎ። ዓሻ ኩሉ ከም ባዕሉ እዪ ዝሓስቦ።,hate,normal,abuse,abuse,abuse
1596741823522779136,@USER @USER ህግደፍ ማለት፡ ስቕ ኢልካ ስራሕካ ጥራሕ ስራሕ፡ ወረ ወዲ ወረ ዝገብረልካ የብሉን፡ ህ . ምባል ግደፍ፡ ህ.ግደፍ፡ ማለት እዩ።,hate,normal,normal,normal,normal
1643709823169560581,@USER @USER ሌባ ሕልበት ጥራይ ኣብሊዕካ ክትነፍሓና ንዓካ ደኣ ሕልቡት።,abuse,abuse,abuse,abuse,abuse
1654013422722244610,@USER @USER ንስካ ዓምባክ ኢካ ምስ ኩስቶ ተራኪበ ምስ ኩስቶ ቆሪሰ ምባል ናይ ዓጋመ ባህሪ ዩ እንታይ ካልእ ዋራት ከይትገብር ዑዉር ጠምባር ከባቢያዊ ሰላም ሕሰብ ዑሱብ,hate,abuse,hate,hate,hate
1598082562030960640,ሽግርና ተረዲኡና ብኣግኡ ንምፍዋሱ ኣብ ሓደ ተዘይ መጺና ከምዚ ንርእዮ ዘለና እዚ ዓማጺ ስርዓት ኣብ ልዕሌና ወጽዓን ጭኮናን ክቕጽልዩ #Eritrea #JesticeforEritreans,hate,hate,hate,normal,hate
1610698285735346178,@USER ዊዒግን ናይ ስዩም መስፍን ንብረት ሒዘን ናብ ቴብየን ሒዘሞን ዝከዱ ወያነ ፡ኣታ ቆማል ትግራዋይ ኣስጦብያ ዝቶኮበትልኩም 10 ኣብላንስ ኣለዋ ሸር በለ ኣንታ ሓሳድ ቆማል ትግራዋይ ክክክክክክክክክክክክ,hate,hate,hate,hate,hate
1644752481816027141,@USER @USER @USER ክሳብ ኣፀቢቁ ዝበርሃልና ብዙሕ ትርፊ ነገራት እንተዘይንዛረብ!,normal,normal,normal,normal,normal
1615795980330471426,ሰራዊት ሓይልታት ምክልኻል ኤርትራን ኢትዮጵያን በዓል ጥምቀት ኣብ ዶብ ኤርትራን ኢትዮጵያ ብሓደ ኮይኖም ነቲ ዓመታዊ ክብሪ በዓል ጸንቢሎም። #ናቅፋ-ፕረስ #Eritrea,normal,normal,normal,normal,normal
1527309889080414208,@USER ሰራቂ ዘታለልካዩ ገንዘብ ምለስ መጀመሪያ ቅድሚ we all ምባልካ ሌባ.,abuse,abuse,abuse,abuse,abuse
1542612112383643655,መራሒ ጉጅለ ህግደፍ ኣብ ከቢድ ነዉጺ via @USER,hate,hate,normal,normal,hate
1492332972065783808,@USER @USER @USER ጻዕዳ ወያነ መዳከሪ ዝኮነ ሰብ ብዝኮነ ንፈልጦ ኢና ሃሱስ ኢዩ ብ ሽም journalist.??,hate,abuse,abuse,abuse,abuse
1649705558402912259,ኣኼባ መንእሰያት ህግደፍ #YPFDJ ተወዲኡዶ ይኸውን ????? #Eritrea,normal,normal,normal,normal,normal
1494417845043744769,@USER ርጉማት! ብሽም ኤርትራውያን ኣብ መላእ ዓለም ከምስደተኛ ትነብሩ ኣለኹም:: መኣስ እያ አታ ልብኹም ትቐንዕ?,hate,hate,hate,abuse,hate
1512330711663001600,ኤርትራዊ መንእሰይ ምኽሪ መዘናኻ ስማዕ ካብ ጸረ ህዝብኻን ሃገርካን ዝኾኑ ተጠንቀቅ። መሳርሒ ገበኛታት ከዳዓት ኣይትኹን። ካብ ሕሉፍ ተማሃር።#EritreaPrevails #NoMore,hate,normal,normal,normal,normal
1484082540004655104,@USER ኣታ እንታይ ኢዩ ኮርኪሕዎም? ከመይ ዝበልዎም ሓሳዳት ኢዮም። በቃ ዋላ በቲ ሰናይ ተግባርና ምኒን ክብሉ ጀሚሮም ?,hate,hate,hate,abuse,hate
1508005504412532740,ብሰበብ ግብረሽበራዊ ጁንታ ወያነ ድበጽሖ ደሎ ህዝቢ ትግራይ እዚ ይመስል::,hate,hate,hate,hate,hate
1594765762748620800,ስለትፀልእ ነቲ ስርዓቱ ንምድኻምዩ ነይሩ።ስለዝኾነ ትግራይ ሃገር ናይምዃን ድልየት ንክሳኻዕ ብዓይኒ መሰል ተይኾነስ ስይጥንና አብይን ኢሳያስን ብመረዳእታ ብምቅላዕ መራሕቲ ጥራሕ ተይ,hate,hate,hate,normal,hate
1594638826043064320,ሓበሬታ ?? ካብ ህግደፍ ን ሬሳ፡ @USER @USER,hate,normal,hate,hate,hate
1581574617533386752,Happy Birthday @USER . ጀግና ሓውና እንቋዕ ተወለድኻ። ነዊሕ ዕድመን ጥዕናን ይምነየለኻ። ኹርዓትና። ????,normal,normal,normal,normal,normal
1592102974360530944,@USER ወዲ ባህልቢ ዕሽው ኢሉ። ብዛዕባ ኤረ ጥራይ ግበር ዘይተዓደመ ጋሻ አይትኹን። ገልጣም ዓንጃል ሃላይ,abuse,abuse,abuse,abuse,abuse
1654549857724514306,ውን ኣመና ተጎሳቊላ ያ - ቅድሚ ኲናት ኣብ #ስለያዊ ስራሕቲ ዝተዋፈሩ ብሽም ስደተኛታት ነይሮም እቲ #ስሕተት ብዓብይኡ ናይና እዩ። #ህግደፍ ዝኣክል ጸረ-ወድሰብ ሽፍታ ጉጅለ ኣ,hate,hate,hate,hate,hate
1607543690909872129,@USER ስቕ ኢልካ ናብታ ትመልካ ስራሕ ቀደምካ ተመለስ በሎ፡ ለማኒ,abuse,abuse,abuse,abuse,abuse
1556407134715355138,@USER @USER ሳሕሳሕ ወያናይ እንታይ ኣፍሊጡካ ናይ ሓድነት፡ ብምወላ ግብረሽበራውያን ትነብር ዕጹው ሓንጎል፡ GAME OVER JUNTA!,hate,hate,abuse,abuse,hate
1559978030772232194,@USER 6-እታ ዓባይ መፍትሒት ኮይና ትስምዓኒ ኣብዚ ዘብጽሓኩም ምስ ኤርትራ ዘለኩም ኣጀንዳ እዩ። ስለዚ ሕጂውንን ተታሓሒዝና ንጥፋእ ዝብል መንገድኹም ገዲፍኩም ንጉዳ,hate,hate,normal,normal,hate
1492983358099496972,መሰረታዊት ጥበብ ፖሎቲካ ነታ ፍጻመ ኣብቲ ዓቢ ስእሊ የእቲካ ምጥማት ማለት እዩ።ወያነ :ወይጦታት:በይኖም ክንጥምቶም እንተጀሚርና ናብ ጌጋ የምርሓና።ታሪካዊ ድሕሪ ባይታ: ዕላምኡ:,hate,hate,hate,hate,hate
1497980016625426433,ዉዒላ ሓዲራ እታ ሓቂ ምውጽኣ ኣይተርፍን እዩ ክንብል ከለና! ወያነ ብምጥፍኡ ተጋሩ እቲ ምንታይ #Eritrea/ዊ መሲሎም ኣብ diaspora ሽም #Eritrea የጥፉኡ ከምዝነበሩ,hate,hate,hate,normal,hate
1489132610991370245,@USER ኣቲ በጊዕ ወያነ ኣብ ኤርትራ ሓደ ኢሰያስ ጥራይ ኣይኮነን ዘሎ ኩላትና ኢሰያስ ኣፎርቂ ኢና . እቲ ናይ ሞት ትምኒትክ ከኣ ናብ ስድራኺ ይውረድ ??ኩልሎም ን,hate,hate,abuse,abuse,hate
1653529382999277569,@USER @USER ሓሳውን ሰራቅን ስርዓት ሸፋቱ ህግደፍ ንዕኡ ዝመሰሉ ቆልዑን ባራዩን ጥራሕ ኢዩ ከፍሪ ዝኽእል።,hate,hate,hate,hate,hate
1598211013064663041,ባሃላይ ኣይትኹን ንዓይ ይጥዓመኒ,normal,normal,normal,normal,normal
1589516476482215936,@USER ደቃሉ እንታይ አእተወኩም ዱሁላት ናይ ባዕልኹም ግበሩ ዓድኹም አማዕዲኹም ትሪእዋ ዘለኹም ብድሑር ስርዓትኹም ቀንጠብጠብ አብዘይ ዳስኹም አይትሳዕስዑ ደቃሉ,hate,hate,abuse,abuse,hate
1548339360105242626,@USER @USER እንዳ ዓሻ ደርሆ ትፈልጦ,normal,normal,abuse,abuse,abuse
1489309685819662337,@USER @USER ኣንታ ረሳሕ ሻዕብያ፣ ፋንድያ! ነዕራብ ዝኽድም ዘሎ መንድዩ? ንስኻን ጐይታኻን ኢሳያስ ደይኮንኩምን? ኣንቱም ሰረቕቲ ማንካን መንቀርቀር ሓ,hate,hate,abuse,abuse,hate
1594380090875736064,@USER @USER ሰብኣዉነትን ፡ ሕነ ምፍዳይን ፍልልይ ኣለዎ!!!!! ንህዝቢ ባድመ ዝንበሩ፡ ሕጂኸ መሰሎም ክትህብዎም ፊኹም? ?? ኣየ ዳህግደፍ!!!!!,hate,hate,hate,normal,hate
1598734575038959616,@USER ዘሕዝን ስራሕ ህግደፍ ይፍጽም አሎ አታ ህዝቢ ኤርትራ ዓገብ በል,hate,hate,hate,normal,hate
1480306552758321156,@USER @USER @USER ወያነ ፖለቲካኹም ጥራሕ ኣይኮነን ኣበላሽይዎ፣ ወላ ሓንጎልኩም ኢዩ ተጋሲስዎ። ሕሰቡ ወያነ ስለምንታይ ምስ ኣምሓራ ፣ ዓፋር፣,hate,hate,hate,hate,hate
1563591340843159552,ምናልባት ንህግደፍ ዘጥቅዑ ዘለዉ ዝመስሎም ኣይሰኣኑን፣ ግን ብቐንዱ ነቶም ወረቐት ዘይብሎም፡ ናይ 3 ዓመት ግዝያዊ ወረቐት ዘለዎም፡ ስድራቤታዊ ምጥርናፍ ዝጽበዩ ዘለዉ ትሕቲ ዕድመ.,hate,normal,normal,normal,normal
1630256360108482562,@USER @USER ቶም መናእሰይ ብኢድ ህወሓት እንዮም ዘለው? ናምንታ ኢድ ፀላኢ ኢልካ ካብታሐታታይነት ምምላጥ . መረሕቲ ህወሓት ካብስልጣን ይውረዱ ናፍርዲ ይቕረቡ,hate,hate,normal,hate,hate
1620174682501812225,መስራቲ ጉባኤ ህግደፍ ጨንፈር ጀርመን፣ ኣብ ትሕቲ ሓድሽ መድረኽ ንዝበረኸ ዕብየት ዝብል ቴማ ብዕለት 28 ጥሪ 2023 ኣብ ከተማ ፍራንክፈርት ተቃኒዑ!,normal,normal,normal,normal,normal
1484804598057652224,@USER ኣቤት ሎቕመጽመጽ እዚ ኣብ ወጥሪ መምስ ኣተኹም ትጥቀምሉ መቃባጠሪ ነብስኹም መጸናንዒ ተጠቀምሉ ድሁላት ውድቀትኩም ቀሪቡ እዩ ህግደፋዉያን ረስሓት።,hate,hate,hate,hate,hate
1499230103519338497,@USER ፍረ ወይኒ ኤሬ እኮ እቲ superiority ቀቲሉዎም ! ትፈልጢ ክንእልል ከለና ሐደ መምህር አብ አስመራ ሸራሙጥ ትግራዎት እምበር ኤሬትርያውያን ሸርሙጣ,hate,hate,hate,hate,hate
1575239412468056065,እታን እንኻ ንህዝቢ ትግራይ ለይትን ቀትርን ዝፅዕራ ዘለዋ 1 ኣሜሪካ እያ 2 እዘን ይዕራብ ኢሮፓ እየን ካብዚኣተን ፍትሒ ምፅባይ ማለት ድኻም ብቻ እዩ ዘለና መማረፂ ንዚኣተን,hate,hate,normal,normal,hate
1617708953064071174,@USER ዓፋፍ ህግደፍ ዶ ስለያ ኢልካ ኣብ ሓዊ ጠቢስካዮም ኬድካስ ሕጂ ሓላዪ ክትመስል ትፍትን ዓንድሮቦ፣ ዋጋ ከኽፍለካ እዩ ኩሉ በብመዓልቱ።,hate,abuse,abuse,abuse,abuse
1652737954706599938,@USER @USER ኣይትግራዋይ ኣይህግደፍ ሰብ ኢየ,hate,hate,normal,normal,hate
1593654189892173827,@USER በዚ ኣነ ዝፈልጦ መራሒ ዲኻ ትዛረብ ዘለኻ ወላስ ካልእ ኤርትራ ኣላያ? እዛ ሃገርናን ህዝብናን እንዳፍቀርና በዚ ካንሰር ዝኾነ ቀታሊን ዓማጺን ስርዓት ብጥይት እን,hate,hate,hate,hate,hate
1543307044257660928,ራእሲ ኣሉላን ራእሲ መንገሻን (መሳፍንቲ ትግራይ ኣብ 19ክዘ) ካብ ምዕራባውያን ተስፋ ምስቆረጹ፡ መስገደል ተሰኪሞም ንሃጸይ ምኒሊክ ይቕሬታ ሓቲቶሞ። ሕጂኸ መራሕቲ ወያነ ብመስገደል,normal,hate,hate,normal,hate
1565445997005869056,@USER @USER @USER ስቕ በሊ ገምጃዕ ፡ ኪዲ ናይቲ ሃላይ ቮድካቸው ሪትዊት ግበሪ ። ዕዉር ንዕዉር እንተመርሖ ኩሎም ናብ ጉድጓድ ይጽውድፉ,hate,abuse,abuse,abuse,abuse
1490064204379869184,@USER @USER እዚ ክዘልል እቲ ካልእ ክጥሕል : እዚኣ ኣብ ዳንኬራ እታ ካልእ ኣብ መከራ :: እዚ ዲዩ ሓድነት ? ሓድነት ድሕሪ ውድቀት ሽፍታ ህግደፍ ኣብ,hate,hate,hate,hate,hate
1553399609652830209,ATV: ጣቋ ህግደፍ ደው በለለይ ክብለጸልካዩ ዝርርብ ምስ ዶር ገብረ,hate,hate,hate,normal,hate
1506141289590439936,መን እዩ መንግስቲ:ኤርትራ መንግቲ ኣለዋ ድዩ ሽፍታ እምበር።ሕጊ የብሉ ዝሓቶ የብሉ ስልጣን ኣለኒ ባሃሊ ሰብ ድላዩ ዝገብረካ ሃገር እዩኮ ፈጢሩ ህግደፍ።ብዛዕባ ኣብ ባይታ ዘሎ ሓቂ ከ,hate,hate,hate,hate,hate
1609852853874720769,@USER ኣየ ከመይ ሱሑት መዓልቲ ወዓሉ እዞም ወለድኻ ከመይ ዝበላ ሩጉማት ሽንቲ እየን በረክአን ከይኸዳ ነበራስ ሑልኩስ መሸከል ዘይብሉ ሰብ እየ ድኻ ግን ትብል ለ,abuse,abuse,abuse,abuse,abuse
1502820106648367108,@USER ዋእ! ኣይትፈልጦን ድኻ? ተኣምረ ማርያም? ኣደታትና ሰሚዐን ዘኢይፀግብኦ ልቢ ወለድ ኣምሓሩ። ተኣምረ ማርያም ሰሚዐ መፂአ ይብላ፥ ቅድሚአን ስጥሕ የብለናዋ።,hate,hate,hate,hate,hate
1507075509431193609,@USER @USER @USER ብጣዕሚ ተጋጊኻ ዛርቲ ኣይትበሃልን ድርባይ እያ ትበሃል,abuse,abuse,abuse,abuse,abuse
1518982350109040643,@USER መንግስተ ሰማያት የዋርስካ ንስራቤትን ፈተውትን ድማ ጽንዓት ይሃብኩም,normal,normal,normal,normal,normal
1614365036847468544,@USER ፍጹም ለማኒ ኸም ትኸውን ዚገብር: ብዘይ ቅድመ ዅነት ኢድካ ምሃብ:: እዚ ታሪኻዊ ፍጻመ ኢዩ: ኣብ መጻኢ ወለዶታት: ከኣ ኣብ ኣብያተ - ትምህርቲ ክመሃርዎን ክንገሮምን ኢዩ ።,hate,hate,hate,normal,hate
1493137860047867904,@USER ናይ ኣቦ ንመን ንሃቦ፡ ደቂ ማይ ጠላሚት እንድዮም ሰብ ደምና ርጉማት ቆማላት፡ ኣበይሞ ናብታ ሓላል መሬቶም ተዝምለሱ????,hate,hate,hate,hate,hate
1560669338868523009,ግበረሽበራዊ ጉጅለ #ህግደፍ ዘካየዶ ምዕሩይ ዝርግሐ ዘለዎ ሃገራዊ ዕንወት :: #Senafe ????#ሰንዓፈ #Eritrea,hate,hate,hate,hate,hate
1583572720767619072,@USER by the way ትዊተር ፓስዎርድኻ መዝጊብካ ኣብ ፖርቶፍልዮኻ ሓዞ ሰብ ከይተሸግር ከኣ በጃኹም ክፈቱልና ፓስዎርድ ረሲዐዮ እ ንዳበልካ ፋሪት ዓርከይ,abuse,abuse,abuse,abuse,abuse
1600785530945347587,@USER @USER ሓሳዊ ባርያ ፡መዳኸሪ እንታይ ብበሊሕ መላጸ ኪሓልፍ ደኣ፡ብዊስክን ጮማን ዝሓለፈ ፈታዊ ነብሱ ሱሱዕ እምበር፡እቶም ብበሊሕ መላጸ ዝሓለፉ ደኣ ኣብ ጎዳጉዲ ዒራዒሮ ኣስፊርክሞም ኣለኹም,abuse,abuse,abuse,abuse,abuse
1558487023207550976,ህግደፍ ጸረ ምንባር፤ኣብይሞ ሓደ መዓልቲ ብድሮንእንተዝጠፍኡ ጸረ ህላወ ዝኾኑ ፍጥረትዮም ህግደፍ ማለት,hate,hate,hate,hate,hate
1604532054754050049,@USER ፍርድኻ ብቕልጡፍ የርእየና አታ ዕቡድ ከልቢ,abuse,abuse,abuse,abuse,abuse
1576508872893702144,ኣብ #ኣዲስ_ኣበባ ጫት እናሓየኹ ዝተረከቡ መናእሰይ ኣብዪ ኣሕመድ ሓፊሱ ናብ #ግንባር እናወስዶም ይርከብ ዝተወሰሉ ኣምሊጦም ፖላዊስ #ሌባ ኣምሊጡና ይብሉዎ ንዝሓተተቶም ሰብ::,hate,normal,normal,normal,normal
1537198116658618369,ወያነ ከኣ ነዚ ቀይሕ መስመር’ዚ’ዩ ሰጊሩ። ልኡላውነት ህዝቢ ኤርትራ ጥሒሱ ወራር ብምፍጻም ህይወት ልዕሊ 20 ሽሕ ብሉጻት መእሰያትና ከምዝጠፍእ ገይሩ። ካብኡ ሓሊፉ’ውን፡ ነፍሲ-ወከፍ ኤርትራዊት ስድራ ሓደ .2/8,hate,normal,hate,hate,hate
1598751284298907653,@USER ዕንደራ ናይዚ ጠላም ህወሓት ኣብቂዑስ ዒጥቂ ጥራይ ዘይኮነስ ስሪኡ ፈቲሑ ኢዩ። ዒዳ ኣለኪ ምባል ገዲፍኩም እቲ ትገብርዎ ነገር ዘይትገብሩዎ ግዳይ፡ መርዛማት ጎሮበት!,hate,hate,hate,hate,hate
1632906954980065280,እቲ ፅልዒ አብ ተጋሩ አብ ውሻጠኦም ገይሮምህወሃትን ህግደፍ ሃደዬምይብሉኻ። ግና አብ ኩሉ መዳይ አብ ትግራይ ከም ክልል አብ ኤርትራ ከም ሃገር ዘሎን ዘየሎን ዝተጀመሩ ከወዳድሩ,hate,hate,normal,normal,hate
1630029428003569667,@USER አንታ ሓሳዊ ናትካ ግበር ዓባይ ትግራይ ኢልኩም ንኸንቱ ልዕሊ 800 ሽሕ መንእሰያት አጥፊኩምስ ተሳዒርኩምስ ንመን ኢኻ ከተደናግር ፈኸራ ጥራሕ ተሰዊእካ ወያ,hate,abuse,abuse,abuse,abuse
1556424135068327938,@USER ብሰንኪ ምሕደራ እዚ ሽፍታ ጉጅለ ኣብ ኤርትራውያን ዘይወረደ መዓት የለን:ንሱ ከይኣኽሎ ክኣ ዶብ ሰጊሩ ኣብ ልዕሊ ተጋሩ ዘስካሕክሕ ግፍዒ ፈጺሙ :: እዚ ህግደፍ,hate,hate,hate,hate,hate
1490794479158280198,@USER @USER ልክዕ: ኤርትራ ንኢትዮጵያውያን ባሕሪ አይትጥቀምሉን ኢኹም ኢላቶም አይትፈልጥን እያ: በንጻሩ መራሕቲ ጭፍራ ወያነ እዮም: ንኤርትራ ንምጉዳ,hate,hate,hate,hate,hate
1477860013846802437,@USER @USER @USER አዝዩ ከብድኻ ዝበልዕ ዘሕዝነ ነገር።ትግራየይ ርህይኪ የርእየና,normal,normal,normal,normal,normal
1543143631539912705,እታ ስድራቤታዊት ጉጅለ መንግስቲ ህግደፍ ዘመድ ወዲ ሓወቦ ዘይብላ እያ ስዉኡ ሓዊ ሓፍቲ የብላን ነቶም 2/4/7 ዘሰዋእና ደቂ ሃገር ኣሳጊጋትና ዓድና ኣሕዲጋትና መስዋእትና ክትድምስሶ,hate,hate,hate,hate,hate
1506927200443981830,@USER @USER ዓጋመ ሕጂ ተገጢምኩም ኢኹም፣ ኩላ ደቂ መሬት ኤርትራውያን ብሐደ ጠጠው!!,hate,hate,hate,hate,hate
1617226235024900100,@USER ኢድኻ ዘርጊሕካ ጥራይ ለምን ከም ቀደምካ 27 ዓመት ቀሊልዶ ሃሊልካ።,hate,abuse,abuse,abuse,abuse
1554163823283691526,@USER @USER @USER ሕልሚ ዓባይ ኢትዮጵያ ምስፈሸሎም ፣ ብሞራል ዝጠፈሹ ባጋሚኖታት መአከቢ ዝኾነ ህግደፍ ይጥርንፎም። ኤርትራ እንተኸይዱ ህ,hate,hate,hate,hate,hate
1490580431951044608,@USER @USER ወያነ ንናፅነትካ ደም ከፊሉ፤እታ ሃገር ኣብ ቅድሚ ዩኤን ሃገር ክትባሃል ኣፍልጦ ብምሃብ ወሳኒ ግደ ኣበርኪቱ፡፡ብኣንፃሩ ብዶብ ኣማኻንዩ,hate,normal,normal,normal,normal
1595470634229927936,@USER ታይ እሞ ሕጂ በቃ ከምዚ ዓቢ ነገር ዘምጸኻ ትመስል በቃ እራይ ምራይ ክትጽሕፍ ኢኻ ትዉዕል ወዲ ለማኒት።,abuse,abuse,abuse,abuse,abuse
1491301334771208193,@USER @USER ናይ ሾሻል እንዳበላዕካ ነቶም ትሕተ ቅርጺ ናይ ኤ/ራ ቦንቂሮም ዝወሰዱ ብዕዳውያን ወረርቲ እንግሊዛዉያን ከተመግን ምስ ሰማዕኩካ እየ እኮ ከልቢ ክሽነ,hate,abuse,abuse,abuse,abuse
1621034927436492802,@USER ይበሃል ኢላ ዱሙ ተኻሒላ . ካባኻስ ያኢ ተወርዚዩለይ ማለትዩ,normal,abuse,abuse,abuse,abuse
1491305805026820097,@USER ናትኩም ታሪኽ አኹል ኣሎኩም ብ ናትኪ ትሓበኒ ካብ ጽግዕተኛ ናይ ካልኦት ታሪኽ ሃሰው ምባል ዘይናትካ ኣይናትካን አዩ,normal,normal,abuse,abuse,normal
1609757274930651136,@USER ሓካስ ዘውረዮ ናይ ሓሶት ዘረባ ፈረስኞ ነይቅዲሞ ከም ዝባሃል አዞም በላዕት ሰጋ ሰብ ዝኮኑኩም ከዳሞት ጉሩላ ህግደፍ ኑዑ ተመለሱ በጃኩም ህዝቢኩምን ሃገርኩምን ኣ,hate,hate,hate,abuse,hate
1569433453715755010,@USER @USER እንድሕር ኢሰያስ ኣሲሩካ : ከምታ ናይ ሓደ ግዜ ክንሓተልካ ኢና ከምዞም ናይ የሕዎትካ/ና !!@USER ዎላ ንስኻ ኣታ ሌባ,abuse,abuse,abuse,abuse,abuse
1509609051243651073,ህፃውንቲ ትግራይ ! ብሰንኪ ግፍዐኛታት ወረርቲ ካብ መረበቶም ተመዛቢሎም ኣብ ከምዚ ዘውደቁ ሓይሊ ዋጋ እናኸፈሉ ክነብሩ እዩ።,hate,hate,normal,normal,hate
1549810715447394317,@USER ትኽኽል እንኳዕ ተወለድኻ ኽቡር ሓውና ነዊሕ ዕድመ ምስ ሙሉእ ጥዕና ይምነየልኻ። Enjoy your day,normal,normal,normal,normal,normal
1513563530791858176,ERISAT: ህግደፍ ንምንታይ’ዩ ንፈራድን ሓጋጊን ኣካላት ኣዕንዩ ? via @USER,hate,normal,normal,normal,normal
1612971561014665217,@USER @USER @USER ድሁል እንታይ ገደሰካ ኪድ ግዳ ይርዳእኻ.,abuse,abuse,abuse,abuse,abuse
1538809400349048832,@USER ገና ካብ ከምዚ ዝገለጽካዮ ሂወት ስለዘይተፈለና እኮዩ ሰማእታትና ተጠሊሞም ዘብለና ዘሎ። ህግደፍ ጁንታ !,hate,hate,hate,hate,hate
1648910634539536384,@USER @USER @USER ካድር ህግደፍ ጫውጫው ኣይትበሉ እቲ ረሳሕ ሓንጎልኩም ብበዓል ስልጠነ ግርማይ፣ ዮሴፍ ገ/ህይወት ፣ ጆሲን ካልኦት ቁኑዓትን ፈላጣ,hate,hate,abuse,abuse,hate
1507939481885753346,ኣብ ክሊ ዕድመ ደቂ ደቂ ደቀይ ብዝርከቡ ፀላእቲ እየ ተደፊረ ። ብወረርቲ ዝተዓመፃ ጓል 60 ዓመት ወላዲት - For More,hate,hate,normal,normal,hate
1489360173219131398,@USER @USER @USER @USER ??ብድሕሪኡ ግን ከምዚኣያ፡ ዓዋ ድኻ ኣይፈቱንዩ ኢሎምኻ!,normal,normal,abuse,abuse,normal
1487304749636636673,@USER ከም ናይ ህግደፍ ጋዕጋዕ ፖሎቲክ ( ኣሳራርሕ የለን) !!,hate,hate,hate,hate,hate
1511425326185861120,አፍ ምልአት ልቢ ይዛረብ . ዓጋመ ቀንዲ ጸገሞም ልቦምዩ። ነዚዮም ናይ ቀደም አቦታትና ንጥውይዋይ መገዲ ልቢ ትግራይ ዝበልዎ,hate,hate,hate,hate,hate
1500167831324930053,ጣልያን ኤረትራዊያን ፉሉያት ኢኹም እናበለ ን40 ዓመት ፣ምንሊክ ኣብ ድኻም ትግራይ ዓወት ዓድዋ ዝብል ተንኮል ፈጢሩ ናብዚ ድሑር ፖለቲካ ትግራይ በፂሕና። ሐዚ ውን ዓፈር ጀግና፣ኤ,hate,hate,hate,normal,hate
1487835215049502723,@USER ኣብ ቲዊተርን ፈይስቡክን ሰራቂ ኢልና ሪፖርት ንግበር አዚ ታሪክ ስውኣት ታሪክ ህዝቢ ኤርትራ ስለ ዝኮነ ንሕና ኢና ቅድሚ ኩሉ ኣብ ሚድያ ክንቃለስ ዝግባኣና።,hate,hate,abuse,abuse,hate
1624509688409718787,#ኣስመራ ኣብ 1968 ማዕረ ክንድዚ ምዕርግቲ ዝነበረት ከተማ እያ ሎሚ መጠነ ሰፊሕ ዕንወት ብጭፍራ #ህግደፍ ወሪድዋ :: #ኣስመራ #Eritrea @USER,hate,hate,hate,hate,hate
1564127859983147008,@USER የውድቀካ አሎ አኔ ኤርትራዊ ኢልካኒ እስካ ወያኔ ኢካ ሀሳዊ ኣኬ ህግደፍ ፓርት እዩ ግን ንሀገር ሂዙ ዝጋአዝ ዘሎ መን እዩ እስካ ድካ ትም በል ኣኬ አምልከተካን እዩ,hate,hate,abuse,abuse,hate
1482665328412962817,@USER @USER @USER ስቅ በሊ እንተፈቲክያ ልሓስያ ። እዛ ጎምጻጽ ናይ ወያነ ተጣባቂት መሰላት ዳእምበር ን ኤርትራዊ ኣይትውክልን እያ ። ኮይስ ዶ ? ተሓላቂት ጎምጻጽ ኢለኪ ኣለኩ ንዓኪ ድማ !!!!,hate,hate,abuse,abuse,hate
1612001740274139138,@USER ሓይልታት ምክልካል ህግደፍ እምበር ሓይልታት ምክልካል ኤሪትራ ዝበሃል የለን፥ ኣያ። እዚ ሰራዊት ከም ትካል፥ ዋንነቱ ምሉእ ብምሉእ ናይ ኢሰያስዩ። ዝኮነ ሕጊ ዝ,hate,hate,normal,normal,hate
1544781720033050625,@USER @USER @USER @USER @USER @USER ሰንዓፈ ሓገዝ ክትቅጽል : ህግደፍ ምስ ኮራኹራ ተጠሊዓ ከተእዊ : ተረባረብ ኮይኑ ????,hate,hate,hate,normal,hate
1622183155561111552,@USER ህግደፍ ዘብአኛ ሱቅ እልኩም ስራህኩም ስርሁ ማለት ደመ ከልስቢ ኩኑ ንሳቶም አብ ጠረቤዛ ችግሮም እንዳፈትሁ እዮም ። ለውጥ,hate,hate,hate,hate,hate
1550927331874820096,ናይ ሰብ ኢድ ምፅባይን ልመናን ዘሰክፎ፣ዘይ ታሪኹን ዘይ ናቱ እናሀለወ ብግዲ ተፀባይን ለማኒ ዝተገበረ ህዝቢ ትግራይ ዋይ ህዝበይ????,hate,normal,normal,normal,normal
1589915138270048256,@USER ንህዝብና ዘይውክሉ ኣብ ደገ ዘለዉ ሰዓብቱ ህግደፍ ክሕትተቱ ግድን ዘለዎም ዞም ዶናቁር???? ምስ ቲ ሰይጣን ዓዲ ሃሎ?,hate,hate,abuse,abuse,hate
1631206431851421696,@USER ከዛብ ሓሳዊ ሰራዊት ኤርትራ ከምቶም ሸፋቱ ኣያታትካ ኣይኮነን ብዲስፕሊን ዝተሃንጸ ሰራዊት እዩ፣ ብዓሎቕ ተላዕጢጥኩም ዘርኢመርገም ትስሕንዋ ከኣ ኣለኹም ኢድኩም ረኺብኩም።,hate,hate,abuse,abuse,hate
1593293212843663361,@USER @USER @USER @USER @USER ለማኒት፡ ተጋሩ ክትልምኑን ሕማቕ ክትምነዩን ጥራይ ክትነብሩ፡,hate,hate,hate,hate,hate
1553517043441438720,@USER @USER ኣሞራ ስርዓት ግበር ነቲ ናትካ ናብ ንጹሃት ኣይተላግቦ ሸርሙጣ ኤርትራዊት ስለ ዘየብልና ማዕጾ ተጋጊኻ ኣለኻ ይቅሬታ ኣታ ሰነፍ!!!,abuse,abuse,abuse,abuse,abuse
1598009347430236160,ERISAT: ዜና News | ህዝባዊ መጠንቀቕታ ንደገፍቲ ህግደፍ via @USER,hate,normal,normal,normal,normal
1512173717845168131,@USER ህግደፍ ጥዑይ፥ ልውጢ ዝገብር ዝኮነ ከበርክት ስለዘይክእል፥ ብሽዳዶ ብሸበጥ ጽልኢን ባእስን ክዕቢ ይፍትን።,hate,hate,hate,normal,hate
1638226663598362626,ኣሕዋተይን ኣሓተይን መዓረይ ምንም ኣብዘይ በላዕኹሙሉ ብሰንኪ ረሳሕ ፖለቲካዊ ውድቀት ኣካልኩምን ሂወትኩም ዝሰኣንኩም: ንዓኹም ዘዋፃእናዮ ገንዘብ ሰኣን ዝህበኩም መሕከሚ ስኢንኩም ኣደ,normal,normal,normal,normal,normal
1611460941874622464,@USER ኣይፋልካን! ተጋጊኻ። ብስም ኤርትራ ዝሽቅጥ ህግደፍን ሰዓብቱን ኢዮም። ህግደፍ ኣንጻር ሕዝቢ እዩ። ብዛዕባ ኣምሓሩ ዝበልካዮውን፡ ፈሊኻ ንዝምልከቶም ህረም እምበ,hate,hate,hate,normal,hate
1633135352360706050,@USER Cult!!! ዓዲ ኣበይቶ ብጻሕ ኣብኡ ሓደ ማዓልቲ ውዓል ወጽዓ ኣያታትካን ወለድኻን መንእሰያት ክትርኢ ኢኻ። ዝርእያ የዒንታ ኣበይ ከይህልዋኻ ዳኣምበር። ማሓዮ።,hate,normal,abuse,abuse,abuse
1489319474603827201,ERISAT:እዋናዊ ጉዳያት | ህግደፍ እታ እንኮ ተሪፋ ዝነበረት መሐበኒትና ኣንቁርና | Current Affairs via @USER,hate,hate,normal,normal,hate
1596690206475812869,ኻብ ህግደፍ ዝገደደ ነቃፅ ዝኮነ ውድብ ማለት እዚ ናህና ወዲ ጥንቲ ማላሊት እዩ። ነቂፅኩም ኣንቂፅኹምና ተቀየሩ የኣኪ! ህዚከ ምስ ትዮጲያ ታይ ለኩም?,hate,hate,hate,hate,hate
1585027460479201280,@USER ሞትን ቅትለትን ተጋሩ ብህግደፍ፥ ዘይሕመመካሲ ተጋሩ ተመኪሖም፥ ይሕሚሙካ! ካልኣይ፥ ዘመክሕ እንድዮም ዝሰርሑ ዘለዉ፥ ክምክሑ ዝመልክዓሎም ሕዝቢዮም።,hate,normal,normal,abuse,normal
1510735635111297024,ኣብ ምዕራብ ትግራይ ብሓይልታት ወረርቲ ብጃምላ ናይዝተረሸኑ ተጋሩ ኣስከሬን ካብዝተቐበሩሉ ናይ ጅምላ መቓብር እናተዃዕተ ብመካይን ተፃዒኑ ንክልል ሰለስተ ይኽይድ ክምዘሎ ይሕበር ኣሎ,hate,normal,normal,normal,normal
1625747489084084229,@USER ሕልሞም ከተግህድ ማለት ድዩ ፕሪቶሪያ ከም ዝኽስዱ ዘይፈለጥካ ከይትኸዉን,normal,normal,abuse,normal,normal
1659765116697473026,@USER ህግደፍን ዓመጽቲ ቖልዑ ኻቶሊኽን ሓደ እዮም,hate,hate,hate,hate,hate
1512173158035607561,@USER @USER @USER 4፡ ህዝቢ ኤርትራ ግን ወያነ እኳ እንተጠለመትና ኣምላኽ ግን ኣይሓደገናን። 80 ሚልዮን ሒዝኩም ወሪርኩምና፡ 20 ዓመት ፍትሒ,hate,hate,hate,hate,hate
1596965581508743168,@USER @USER @USER ህግደፍ መጨረሽታ ዝአመነን ?ዝክሓደን በብሓደ?ምእሳር?ምሕቃቅ?ሃንደበታዊ ሕማም ጌርካ ምውጋድ?ሕራይ ገበሩካ ንዝተረፋ,hate,hate,hate,hate,hate
1567618384090521616,@USER ጸማም ሓደ ደርፉ ኾይኑ ናይ ወያነ ነገር። ለባም ተሳኢኑ ኣብ ትግራይ።,hate,hate,hate,hate,hate
1510358197361692673,@USER @USER @USER ናይ ትግራይ ነገር ማይ ንዓቐብ እዩ። መራሕቲ ወያነ ኣብዚ እዋን ብጥምየት ዓጽሞም ክረአ ዝግበኦ። በንጻሩ ከም,hate,normal,hate,hate,hate
1640185195985883142,@USER @USER ንስኺ ጥራሕ ኣይኮንክን ዛሓፍተይ . ?? ኣነ’ውን ምስኦም ክነብር ለሚደ ብትግርኛ ከይተረፈ ከም ዓሻ ብመዓልቲ 10 ሻዕ ኣደይ ትሙት እናበ,normal,normal,normal,abuse,normal
1601818947833466880,@USER @USER እዛ ባዶ ርእሲ፣ ኩርኩር ህግደፍ ፣ ብሎክ ጌራትኒ,hate,hate,abuse,abuse,hate
1503995032109522945,@USER ቅድም ምጅማርካ ውግእ/ኹናት ብዛዕባ ውግእ ኸተንብብ ኔርካ።ዕንደራ ወያነ/ደቅ ዓድዋ መዕገት ተገሪሉ።,hate,hate,hate,hate,hate
1642425849885458432,@USER @USER ጥረ ስጋ ዝኮነ ምስጋና፡ ስማዕ ብኸብድኻ ኣይትገዛእ፡ እምበር ፍቃዶ በረኻታት ተምቤን ዘጓይኳ ዝነበሩ ብመሪሕነት ሰበ ስልጣን ኦሮሞ እዩ፡,hate,hate,abuse,abuse,hate
1493678116572696582,ጭፍራ #ህግደፍ ናይ ኢድኩም ኣይትስኣኑ ! መንእሰይ ኣብ ዓዱ ብሰላም ተማሂሩ ሃገሩ ከይሃንጽ ገለ ኣብ ኵናት ጠቢስኩም ንገለን ኣሰዲድኩም መስሓቕ ዓለም?? ገርኩምና ??:: ከይሓፈርኩም,hate,hate,hate,abuse,hate
1512588407008018433,@USER ኣግኣዝያን ዕደ ኣጻዕዲኻ ዶርጊሕካዮ ዶ ሕጅስ፡ ምሳኻስ ቃልሲ ንምንታይ ህግደፍ 1000 ዓመት ዘይገዝእ፥ ናይ ቀረባ ኣብነት ዶ ክነግረካ ቋንቋ መንነት ተቖጺርካዮ፡ ዩክሬንን ሩስያን ኡኳ ኣለዋ ሓመድ ይጋበራ,hate,normal,normal,abuse,normal
1490760662909390848,@USER ፍትሒ ስለ ዝደሊ እየ : እዞም ስልጣን ህግደፍ ኣናዊሖም ህዝቢ ዘጨፍጨፉ ክሕተቱ ኣለዎም ዝብል ዘለኹ :: ዶ እዚ ዝፈጸምዎ ገበን ከም መሰል ኢኻ ትሪኦ ?,hate,normal,normal,normal,normal
1631917872778706944,@USER ሻዕብያ ዘይኮንካስ ዕሉል ወይጦ ከዳዕ ኢኻ! ወይ ከኣ ክዳን ኤርትራ ዝተኸደንካ ትግራዋይ ኢኻ !,hate,abuse,abuse,abuse,abuse
1593316260669956103,@USER @USER @USER ዱሑል ወዲ ማእምን ሓሳድ እንዳ ሻእብያ ናትኩም ሸተኽ መተኽ ገዲፍኩም ናይ እንዳማትኩም ከበሮ ትሓርሙ እልፍ ቅንጭ ምንጭ,hate,abuse,abuse,abuse,abuse
1609066431223681025,@USER @USER ካብዞም ደገፍቲ ህግደፍ ዝፈልየኩም እኮ ኢጦብያውያን ምዃንኩም እዩ ደገፍቲ ሕዋሓት። ሓቂ ዩ። ብኸምኡ ዩ ተረሲዑ,hate,hate,hate,normal,hate
1581354634693685248,@USER @USER ሎቑማጽ ሓሳዊት እቲ ሓሶትሲ ከም ኣብ-ዘሰማያት ድኺ ትደጋግምዮ። ኤርትራ ሃገረና ንኸደምቲ ረመጽ እያ፡ እንተ ንደቓ ሓላልን መንግሰተ ሰማይን,abuse,abuse,abuse,abuse,abuse
1486291516138082307,@USER እዚ ዓንጓርስ ፕረዝደት ኢልካ ትጽውዖ,hate,abuse,abuse,abuse,abuse
1558534139749580806,@USER ኣወለይ ፋርስ ኣንጎድጒድካያ፣ እዘን ሓሳዳት ንሳ ኢያ ዓቕመን፣ እሞ ይጽግመና ድዩ ዝበሉ እንተበሉ ኣነ ዝበለ ፌስቲቫል እንድዩ ሓሊፉ፣,hate,hate,normal,hate,hate
1608507371441258500,@USER ሰራቂ ኩሊት ኪድ ነታ ዝተረስዐት ዓድኻ ሓሉ ጨናዊ ከዳሚ ናይ ኢሰያስ እንታይ ይምልከተካ ብዛዕባ ትግራ,hate,abuse,abuse,abuse,abuse
1489323037837176836,ዓሻ ዕንደራ ግርም ሃምበርገር እናዋሓጥካ እንዳማትካ መሬት ክትዘምት ምድላይ! እዞም ክልተ ሰባት ካብ አስፋሕፋሕቲ አምሓራ ብምንታይ ይፍለዩ? እንቋዕ እቲ ዝበዝሐ ሓው ህዝቢ ትግራይ ብ,hate,hate,hate,abuse,hate
1516664150889541643,@USER @USER ንኾራኩር ህግደፍ ድአ ክንእዶም ዲኻ ደሊኻኒ። ሸየጥቲ ዓዶምን ህዝቦምን።,hate,hate,hate,abuse,hate
1494406375606304773,@USER እሞ እዚኦም ኮ ናይ ቁጠባ ጸገም እምበር ናይ ፖለቲካ ጸገም የብሎምን ገድን ዩ ንሕና ህግደፍ ክብሉ ነስኻ ኽ እነታይ ጸገምካ ወላ w y n ኢኻ,hate,normal,normal,abuse,normal
1491665577626189824,@USER ህግደፍን ህግን ሓደ ሰባት እዮም። ሽም ምቕያሮምዩ ኣደናጊሩካ።,hate,hate,hate,normal,hate
1496233269410635776,ካብ ብዙሕ ሃብቲ ምስ ህውከት፥ ንእግዚኣቢሔር እናፈራሕካ ሒደት ይሓይሽ። መጽሓፍ ምሳሌ 15፥16,normal,normal,normal,normal,normal
1659409051384524802,@USER #Eri አታ እዚ አቶምከ በዓል መን ኢዮም፡ጎሓፋት።ንምር አዮም ጸገም። ጽንጽያ ዒባ ደምበ ዝዝዝዝዝድብሉ።በሉ ሃገርና ኤርትራ ንቕድሚት ትሕንበብ አላ።ንዓኻትኩም ዝኾውን,hate,hate,hate,hate,hate
1579544842992226307,@USER ምሽ ዶ ሓሳዊ ወዲ ዴቤሌ ???? ክንደይ እሱብ መንደላይ ሳዋ እንዳማቱ ይፀንት አሎ ?,abuse,abuse,abuse,abuse,abuse
1515421003664478219,@USER ሻዕብያ ዕላማ ዘይብሉ ከንቱ ፍጥረት ሰሪሑ ዘይበልዕ ሰራቒ ሓሳድ,hate,hate,hate,hate,hate
1615262810455564290,@USER @USER ካብ ደቂ ደደቢት እሞ እንታይ ቁም ነገር ከይርከቦዩ ብጀካ ስርቅን ቅትለትን፡ ብደደቢትን በቲ ደደብ ድዮም ዝብሉ ኣምሓሩ፡ መዓንፎ ዝኾነ መራሕ,hate,hate,hate,hate,hate
1627392846117367809,ኣብ እንዳ ህግደፍ ዘለኹም ባሮት ስነቐንጠብጠባውያን ካብ ባርነትን ፍርሕን ወጺኹም ከም እንዳ ገሬ እሙን ድምጺ ህዝቢ ኩኑ ን መንግስቲ ክትወቕሱ ክትእርሙ ትብዓት ወንኑ ይኣኽለኩም ባሮ,hate,hate,hate,abuse,hate
1614413723115966476,ክክክክክክክክክክ ስምዕዎ እዚ ረሳሕ ትግራዋይ ሕረዱ ቅተሉ ኢሉ ይእውጅ ኣሎ::,hate,hate,abuse,abuse,hate
1494774137268678660,ኢምበረ መጠን መንሽሮ !! የግዳስ ዓጋመጉዛይ ኮነ ሰራየ ዝብሃል ህዝቢ ወይ መንነት የለን ኔሩ ዉን ኣይፈልጥን፡ #ኤርትራ ካብ ጫፍ ንጫፍ ምድራ ኮነ ባሕራ ክሊ ኣየራ ናይቲ ዋንነት,hate,hate,normal,normal,hate
1478914363994132483,@USER @USER ኣነ ዝፈልጦ ኤረትራዊ ኣብኡ ተሰዊኡ ዩ ንምንታይ ሓሳዊ ትብሎaloka ን ዮሴፍ,hate,normal,normal,normal,normal
1557785805803978753,ህግደፍ ግደፍ.እንዶ.ዕረፍ ! ህግደፍ ኣብ ዝ/ዩ ከተማታትን ገጠራትን ኤርትራ ኣብ ዝርከቡ ዕድምኦም ዘይኣኸሎምን ዕድምኦም ዝደፍኡን ነበርቲ ንዳግም ወራር ትግራይ ምድላው ኵና,hate,hate,hate,hate,hate
1512986090378076162,@USER ኮሎኔል በዛብህ ጴጥሮስከ ምሩኽዶ ኣይኮነን ኔሩ ? ጀነራል ገብረመድህን ምሩኽ ኔሩ ወያነ ነጻ ምስ ለቀቀቶ ሻዕብያ ጨውያ ኣጥፊኣቶ። ጀነራል ማሞ ወረታኸ ኣብ ኩናት ም,hate,normal,normal,normal,normal
1498046446964256770,ብዘይ ሓንቲ ገበን ?ኣብ ማእስርቲ ህግደፍ ትሳቀ ዘላ መጋድልተይ ሰናይት ደበሳይ?ሓደ መዓልቲ ኣብ ኤርትራ ፍትሕን ሕጊ ዘለዋ ሃገር ንጽበ,hate,hate,hate,hate,hate
1638460055258296320,@USER ኣብ ትግራይ ሓሳብካ ናይ ምግላጽ ይኹን ሰልፊ ናይ ምግባር መሰል ከምዘሎ ጠፊኡኒ ድዩ ክሽፍኖ ዝፍትን ? ህግደፍውያን ነቲ ናይ ትግራይ ከም ፕሮፖጋንዳ ይጥቀ,hate,hate,hate,normal,hate
1489721510260625415,@USER እንታይሞ፣ እዞም ጀጋኑና ብህግደፍ ተኻሒዶሕፍም። ዋላ ሐንቲ ንእሽቶ መዘከርታ ሐወልቲ ከማን ተኸሊኦም። እታ ሽዳ ከማን ተላዒላ።,hate,hate,hate,normal,hate
1557505916571992065,ንናጽልኢ ፐሮፖጋዳ #ህግደፍ ጠጦው ክነብሎ ኩሉ ደላዪ ፍትሕን ፈታውን ብትብዓት ጸኒዑ ይቃለስ,hate,hate,hate,normal,hate
1486639105278676996,@USER @USER ብዘይ ምኽንያት ኣይኮነን ቃልሲ ደለይቲ ፍትሒ ከይተዓወተ 30 ዓመት ኣቑጺሩ:: ህግደፍ ወያነ እንተኢሉ ልሳኑ ደጊሞም ወያነ ዝብሉ ደለይቲ ፍት,hate,hate,hate,normal,hate
1504386081562763266,@USER @USER @USER ህግደፍ ጠላም ኮይኑ እንበር እቲ ቀደም ዓባይ ትግራይ ክንሰርሕ ኢና ኢሉ እዩ ካብ ህዝቢ ትግራይ ወያኔ ሓገዝ ዝረክብ ነሩ ብዘ,hate,hate,hate,normal,hate
1612517278842777600,ዘርኢ ህግደፍ ዝአከቦም?ጋላ ?ኦሮሞ?ጎንደሬ ደቃሉ ደቂ ኢስፖ ?ወደ ገባ ተረበሽና,hate,hate,hate,hate,hate
1633223858168778755,ብሓንቲ እገዳ ጸፊዖም ከም ኣመሎም ስርሖም ክቕጽሉዮም። ኣንታ ንሕና መኣስዩ ዝወግሓልና ህግደፍ ጠፊኡ ኢልና ንዓድናን ስድራናን ጠቅሊልና ክንኣቱ።,hate,hate,hate,normal,hate
1561462265387302918,@USER ክክክክክክ ብዓል ልሕቲ ንውፉይ ድኣ ኣብ ኩሉ ትረኽቦ። ግዳ ህግደፍ መንደፍ ቻው ካብ ኢሮጳ ኣብ ኤርትራ የራኽበና።,hate,hate,hate,hate,hate
1509625641569824774,ኣውሮፓ ዘለኹም ተጋሩ: - #EU #UK ከሓዲት ኢትዮጵያ ብ ኣማሓራን ኤርትራን እናተጎንጎነ ብዝወፅእ ክፍኣት ዘይጣን ዘንዕቕ ስርሖም ህዝብናን ሃፍትናን እናፅነቱ ብ የፈረንሳይ፣ ጣል,hate,hate,hate,hate,hate
1483507952887771140,@USER @USER @USER ሰክት፡ እዚ ሓድሽ ነገር ኣይኮነን። ንሕና 20 ዓመት ተቓሊሳናሉ ኢና። ነዞም ከማኻ ኮራኩር ወያነ ግን ድሕሪ ኤርትራን ኢትዮጵያን ሰላም ውዕል እዩ ዝራኣይኩም ዘሎ።,hate,hate,abuse,abuse,hate
1582123926867808256,@USER ኣሰይ ምሁረይ ክትድንቍር ከለኻ ከጸብቐልካ! ንህግደፍነት ግርም ጌርካ ሓንፍፎ፡ ግርም ጌርካ ደንቍር።,hate,abuse,abuse,abuse,abuse
1483429319686987781,ኣብ ኩሉ ኹርናዕ አለም እትርከቡ ተጋሩ እንኳዕ ንባዓል ጥምቀት አብፃሓኩም ናይ ሎሚ ዘበን ባዓል ብትግራይ ብርኪ ብብገዝኡ ክኽበር ተወሲኑ አሎ ምኽንያቱ ግልፂ እዩ ብዝኾነ እታ ሓሳዊት,hate,hate,normal,abuse,hate
1498039462563098631,@USER ነቲ ናይ ከደምቲ ከዳሚ ሃገራ ኣዕራብ ዝኾነ መራሒኻ ኢሳያስ ከምኡ በሎ :: ሃላይ !,hate,hate,abuse,abuse,hate
1505273923713253380,ከም ዘርኢ ክንነብር ዘይደልዩና ፀላእትና ናይ ምንባርና ምርግጋፅ ነርእየሉ ዲጅታል ቃልሲ አዩ ነፃነትና ብድጅታል ወያነ ምስ TDF @USER @USER,hate,normal,normal,normal,normal
1645508793675939843,@USER እንታይ ደኣ ማይ ድማ ዓድኻ ዘይከድካ ኣታ ጥሪት ናይ ህግደፍ ወላስ ወልፊ ናይ ምሕሳው ስለ ዘለካ ዳ ኢንተርነት ዳኸድካ ሓሶት ክትነዝ መታን ኣስመራ ኮፍ ኢልካ????,hate,abuse,abuse,abuse,abuse
1488611783019573250,ጥሜት ተወጺኢና ጠሚና ይብለው ህዝብና???? ብሰንኪ ወረርቲ ምስ ሃፍቱ ንብረቱ ንጥሜት ዝተፈረደ ህዝብና ፍታሕ እንታይ እዩ ዝግበሮ #TigrayIsSuggering #TigrayFamine,hate,normal,normal,normal,normal
1509998329559752707,@USER ኣየ ወያነ! ዕሱባት ወያነ ኤርትራውያን ጽልኢ ቋንቋ ዓረብ ኣበይ ተማሂሮሞ?,hate,hate,hate,hate,hate
1506717488200957963,@USER @USER ኣታድርባ ዕሱብ ናይ ኢሰያስ-በራድ ትግርኛዮም ተዓዊቶም ኤርትራውይ ኣይኮኑን።ወዲ ድቓላ።,hate,abuse,abuse,abuse,abuse
1504765014175059970,@USER ህግደፍ አኒማል ማዓልትኩም ቀሪባ እያ ሸፋቱ ሳሕል ህ,hate,hate,hate,hate,hate
1515104269317275649,@USER @USER ሻዕብያ እሞ ትፈልጦም ኢኻ ብጅግንነቶምን ቅየኦምን ኪኖ ስግር መረብን ኢዯም ዝፉለጡ:: ብድርቅንኦም ከኣ: እንታይ ግድኻ ሰብ ድርብ ጃኬትሲ,hate,normal,normal,normal,normal
1487701971595407362,ኣዝያ ኣገዳሲት እያሞ ኣቲና ፌርማና ነንብር። ባይቶ ሽወደን ብዛዕባዚ ኣብ ደገ ከም ስደተኛ ኮይንካ ተመሊስካ ምስ ስርዓት ህግደፍ ብምስራሕ ዝካየድ ድርብ መርገጺታት ንኽዘራረበሉ ፌርማታት ኣገዳሲ ስለዝኾነ፣,hate,hate,normal,normal,hate
1479951898840948742,ወያነ ካብ ንናዓቕ ኢና ናብ ንዕብልል ኢያ ኣብ መወዳእታ ህዝቢ ትግራይ ሒዞም ጠፊኦም ክቡር ፕረሲደንት,hate,hate,hate,abuse,hate
1615302770168299521,ምትእክካ ናይ ህዝቢ ዘየፍትወሎም ጸረ ህዝቢ ዝኾኑ ህግደፍ!በዛ ቪድዮ ከኣ ቀኒኦም ድቃስ ስኢኖም ይርከቡ።,hate,hate,hate,hate,hate
1515971147715776512,ዮሃና ዮሃና ንመበል 16 ዋዕላ መህግደፍ ኢታሊ። መንእሰይ ኤርትራ ኣብ ዝሃለወ ይሃሉ እናሓደረ ዝስስን ዘሐብን ዘኹርዕ ተቐባል ሕድሪ እዩ @USER #NoMore,normal,normal,normal,normal,normal
1634414947122937857,ብዙሕ ሰብ ንኪዳነ ኣመነ ክቕጥቅጦ ቀንዩ። ኪዳነ ህወሓትን ህግደፍን ዘነፃፀረሉ መንገዲ ብግልፂ ኣቕሚጡዩ። በጀካ advantage ዝወስዱ ውሑዳት እቲ እናወቐጦ ዝቐነየ ሓፋሽ ኣብ ፖለ,normal,normal,normal,normal,normal
1613560690563850241,2023 ብድምጺ አዴታት?ዝጀመረት ሃየ?ሳቮያ ነዚ ጉጅለ ዕዋላ ?ህግደፍ,hate,hate,normal,normal,hate
1492978415229669380,@USER ሃላይስ ንስኻ ደኣ ከይትኾን። ደቂ ዓድኻ ብዝፈፀምዎ ናይ ፅንተት ገበናት ኣብ ከቢድ ሓዘን እናሃለና ኣብ ክንዲ ካሊእካስ ናብ ፀርፊ እሞ ድማ ንሙሉእ ህዝቢ/ሃገ,abuse,abuse,abuse,abuse,abuse
1552372032100343809,@USER ዋይ ናይ ሰብ ግብዣ ኾይኑ ???? ወረ ኣነስ 2 ገዚአሉ ነይረ,normal,normal,normal,normal,normal
1595133094746787840,@USER እንዳ ህግደፍ ኮይንኩም ከም ህፃናት እከለ ከምዚ ገሩ እከለ በዚ ከይዱ ኮይኑ ስራሕኮም። እዋይ ድሕረት ሰላም ምስ ተብሃለ ሚሒር ከፊእኩም ምሽ? ኩፉኣት ፍጥረታት!,hate,hate,hate,hate,hate
1543667016837603328,. ++++++++++++++++++++++ ደለይቲ ፍትሒ ዝብሃል የለን ናይ ህግደፍ ስውራት ኤጀንት እዮም ብሩህ መፃኢ ፀኒሖ ናብ ፀልማት ዜሮም ኣለው,hate,hate,hate,hate,hate
1630405851092594690,@USER አላ ህግደፍ ፡ ብCognitive dissonance ዝሳቀዩ ፍጥረት ፡ ስጋብ ዝኾኑ መዕልቢ ስጋብ ዝረኽቡ፡ ዓው ቢሎም ነቲ obvious ዝኾነ መልሲ ስቅ ብልካ አወድአዮም።,hate,hate,hate,hate,hate
1578285256800862208,@USER ኣረግቶት ኣደታቲን ኣቦታቲን ኣብ ጊዘን ስእሊ እቲ ኣራዊት ኢስያስ መራሒ ህግደፍ ሒዞም ተዓዘቡዎም ዝበዝሑ ከኣ መነጸር ዓይኒ (eye glasses) ጌሮም ብርጌ,hate,hate,hate,hate,hate
1486411480442544138,@USER @USER ስቅል ደኣ የብልካ እምበር ጀጋኑና ደኣ እቶም ብጽልኢ ኣዕንትካ ኣዕዊሮምካ ዘለው ጠላማት እንድዮም ሰቂለሞም:: ሱቅ እስከ ኣክእሉና በጃኩም::,hate,hate,abuse,abuse,hate
1513389319268052996,@USER ገና ኣብ ከብድኽን ክንኣቱ ኢና ኣንትን ካሓድቲ ካድረታት ህውሓት መታለልቲ,hate,hate,hate,abuse,hate
1600047232840978432,ሑመራ ተከዘ ዝተፈፀመ ጨፍጫፍ እዩ . እዙይ እውን ከይርሳዕ,normal,normal,normal,normal,normal
1512553279150039040,@USER ሸቐጥ ጥራሕ እየ ዝብሎ እዚ ናይ ህግደፍ ስራሕ ናይ ጀማሪ ነጋዳይ ።,hate,hate,hate,hate,hate
1585184074280624129,@USER @USER ለንጀር ገርካ ምድራፍ ፋሽን ኮይኑ ኣብ እንዳ ህግደፍ።ደቂ 60/70 ዓመት፡ኣብ ቤት ማእሰርቲ ዝለመሱን ዓስከር ሒዝካሲ ክንድዚ ዝኸውን ፈኸራን,hate,hate,normal,normal,hate
1487356699396775940,@USER @USER መንግስቲ ኤርትራ ምስ መንግስቲ ኢትዮጵያ ተሓባቢሩ ንጁንታ ወያነ ምህራሙ ቅኑዕ እዩ፡ እቲምንታይ ናይ ክልቴና ጸላኢ ስለ ዝኾነ። መንግስቲ ካብኡ ሓ,hate,hate,hate,hate,hate
1590638829022908417,@USER እንታይድኻ ትፈልጦ አለካ ብዛዓባ መቐለ ጓሓፍ ባንዳ,abuse,abuse,abuse,abuse,abuse
1486977399220850688,ብጫማ ህግደፍ ተረጊጹ ከሎ . ካልሲ ወያነ ጨኒኒ:ኢሉ ዘማርር ትውልዲ እኮ’ዩ ገጢምና ዘሎ ጏዶች! ??,hate,hate,hate,hate,hate
1641245456675004417,@USER @USER አየ እወ ጌጋ ሓቤሬታ ሂብካያ ንጁንታ መዕረቢአ የዔዊትናዮም ከአ ይብል እዚ አንጭዋ ሓሳዊ ከጽልአካ ወዲ ከማን አይመስልን ገጽ ደብረጽዮን።,hate,abuse,abuse,abuse,abuse
1650584617454370818,@USER እወ ኣታ ድቓላ! እንታይኖኻ ተምፅእ ኢኻ ተጎራሚ,abuse,abuse,abuse,abuse,abuse
1516064841294913538,ንህዝቡ ገዲፉስ ምስ ኣራዊት ህግደፍ ጠጠው ዝበለ ኤርትራዊ ኣይሰብን። #FreeEritrea #TigrayGenocide #IsaiastotheICC,hate,hate,hate,hate,hate
1508273615250366468,አነ ትግረዋይ እየ ትግረዋይ ንትግረዋይ እውን ኢ/ያ ንትግራይ አይ ተድልያን ባሃላይ እየ።,hate,hate,normal,normal,hate
1628090260331560968,@USER ረሳሕ ፍጥረት፡ ዘይትጭበጥ ትግራይ ንምፍጣር ዓባይ ሃገር ከተድቅቑ ኔርኩም፡ምስታ ትጠፍእ ኢትዮጵያ ክትጠፍኡ ኢኹም፡ እቶም ዝተረፍኩም።,hate,hate,abuse,hate,hate
1611230067979595776,@USER ስርዓት ህግደፍ ንመንእሰያት ኣፍ ፈቐዶ ትግራይ እንዳዛሕዘሐት ፈጣሪ ስላም እየ ኢላ ትፍክ::,hate,hate,hate,hate,hate
1496935361318117380,ደምበ ዕንክሊል እዮም ንስደተኛታት ኣብ ሓደጋ ዘእትዉ ዘለዉ። ወይ ህግደፍ ኢኻ፡ ወይ ተቓዋሚ ኢኻ! ብዉጹዓት ስደተኛታት ጌርካ ፖለቲካ ምስራሕ የብቕዕ!!!!! ወጽዓ ናይ ባናናን፡,hate,hate,hate,normal,hate
1623809295073660930,@USER @USER @USER ሰይ ሓሳዊ ኣደራሽ ገዛ መዕነዊ ኣብ ስደት ኮንካስ ጥልመት ከኣ ትብለለይ ኣጻፊፎሙልካ መጺኦም ኣለዉ እዞም ጀጋኑ።,abuse,abuse,abuse,abuse,abuse
1619796774709006338,ካብ ዘበነ ባሊላ ናብ ዘበነ ኣድጊ ኣብ እዋን ህግደፍ . ኩራዕ ?? #Eritrea @USER @USER @USER @USER @USER,hate,hate,hate,hate,hate
1613470847943020544,@USER እሞ ምሽ ፈውሲ ሓሳዳት ኣሎኻ ዘይትዓጥኖም! ተዘይብልኻ ኸኣ @USER ፈይ ኸተብለኻ ትኽእል እያ ጠባይ ተገርኻ! ኣነ ዘልኹ ግን ዋይን ተኸፍትኻ ትሕጸን ኸምዘለኻ እየ ዝሓስቦ????,abuse,normal,abuse,abuse,abuse
1636119723334152198,@USER ዓሻኽን ድለያ ወይዘሮ ጨራም ኤርትራውያን ነቲ ክጎሓፍ ዝነበሮ ቦንቂሶም ጉሑፎሞ ኣለዉ እሞ ውሓጣኣ ኤርትራውያን እንታይ ንገብር ንዓና ይምልኩት።,normal,normal,abuse,abuse,normal
1506731418327601166,@USER መን ከምኡ ኢሊካ ሓሳዊ ለኪባጥ ኒጊዜ ጥራይ ነግደፉ ኢምበር ኣብዛ ሪኢስኪ ኪትግምጠል ኢያ ኩላ።,abuse,abuse,abuse,abuse,abuse
1628089309210214402,@USER @USER ኣየ ሓንጨመንጪ ሱቅ ኢልክን ንዩቱብ መእረይ ክኾነክን ሃለውለው ትብላ ኣለኽን። መን ዓሻ እሞ ኣሎ ቁምነግርን ሃለውለውን ምፍላይ ክስእን?,abuse,abuse,abuse,abuse,abuse
1605476653492158464,ንኣብነት: - 1) እዘን ባንኪታት ነባር መዝገብ ሒሳብ ንዓማዊላትን ክፉት ገይረን ገንዘቦም ከንቀሳቕሱ ኣኽኢለን ዶ? 2) ዓማዊል ንዓመታት ተቐይዱ ዝፀንሐ ገንዘቦም ኣውፂኦም ህይወ,normal,normal,normal,normal,normal
1562139084038017024,@USER ህውሓት ንኹናት ምሉእ ምድላው ትገብር ጥራይ ዘይኮነስ ንኣሽቱ ፈተነታት ትፈታትን ኣላ። ብቅድሚ ትማል ጠርቆሽ ፈተነ ጌራ ተመሊሳ ኣላ። ስርዓት ህግደፍ ስለምንታይን ንም,normal,normal,hate,normal,normal
1497677522405933059,ማህጸን አደ ጉራሙራ?መንእሰይ 70-80 ንናጽነት?ናይ ሕጂ መካዕበቲ ህግደፍ ንዶላር,hate,hate,normal,normal,hate
1505261306248630279,ከም ገብሩ ኣስራት ዝበለ ዓሻ ግን ይህሉ ዶ? 17 ዓመት ባሕሪ ናይ ኤርትራ እዩ ኢሉ መዓንጥኡ ገቲሩ ተቓሊሱ ፈሪሙ ሂቡ እንተብቅዕ ድሕሪ 10 ዓመት ተናሲሑ ባሕሪ ናይ ኢትዮጵያ,hate,hate,abuse,abuse,hate
1633121614249312259,@USER lack of nutrition ? ናይ ዓሳ ቋንጣ አተርኪሶም ግዳ ዘይበልዑ በለ ጥሪት ህግደፍ።,hate,hate,abuse,abuse,hate
1617991690081665024,በሉ እስከ ሕርርርርርርርር በሉ ኣብ ድራማን ሓሶትን ሓያላት እንዲኹም እወ ወሲድናዬ ከም ድሌትና ገና ኣሎ ብሕጂ ማዓናጥኹም ክንወስዶ ኢና ኣኸለ ረሳሓት ኪዱ ንባይደን ንገርዎ ኡይይይ,hate,hate,hate,hate,hate
1508196647284756481,@USER @USER @USER ህግደፍ ከ በየናይ ሞራልካ እዮ ሓሳብ ክትህብ.ኣብ ዓድኻ ቡጭቅ ናይ ምባል መሰል ዘይብልካ ደገ ወፂኻ ነፃነት እንታይ ሙዃኑ,hate,hate,hate,abuse,hate
1610735340058181650,እዚ ረሳሕ ኢሰያስ ኣፈውርቂ ( ለቲና )፡ግብረሰዶም ምዃኑ ንቓዕ ምስ ወጸን፡እቶም ንነዊሕ እዋን ኣትሒዞም ክሰርዎ ዝጸንሑ ሰቡኡት መነመን ምዃኖም ኣስማቶም ንግዳም ምስ ተቓለዐን፡ካብኡ,hate,hate,abuse,abuse,hate
1588445771376259072,@USER ገልዳም እቲ ረሳሕ ሰራዊትካንዶ ግዳይ አክብ።,hate,abuse,abuse,abuse,abuse
1628447813263654916,አስመራ ሽኮር ?ብህግደፍ ተረሚሳ,hate,hate,hate,normal,hate
1584993827940892672,@USER @USER @USER ዝገርም ብድዐ::እሞ ቴድሮስ ሕጅስ political comma ኣትያያ::ከም ጸማም ከማን ሓንቲ ደርፊ ኣይክህልዋንዩ??,normal,abuse,abuse,abuse,abuse
1609465095188516866,ዋይ! እዞም ተጓራት ሽረ ጻዕዳ ይፃወትዋ ኣለዉ በቲ ረሳሕ እግሮም!,hate,hate,abuse,abuse,hate
1632832493194813441,ሓሶት ዝባህላ ጭፍራ ህግደፍ ሰራዊትና ልዑል ድስፕሊንን ስነ-ምግባርን ኣለዎ ክትብል ትስማዕ ኣላ። ነቲ ባርያ ኢሳያስ ኮይኑ ዓዱ ዘፍረሰ ድሑር ሰራዊት፣ ነቲ ገዛ ዓጽዩ ቆልዓ ሰበይ,hate,hate,hate,hate,hate
1586072369449226240,@USER ጸማም ሓደ ደርፉ: እታ አብ ትግራይ እያ ዘላ: ብጃምላ ዝተቀብሩ መራሕቲ ጁንታ ዘለውዎ ብአሻሓት ዝቁጸሩ መቅቃብር ተረኺቡ አሎ: ነዚ ዲኻ ጀኖሳይድ ተፈጺሙ ኢልካ ክትእውጅ ሓሲብካ: ሓሶት,hate,hate,hate,abuse,hate
1625202085934338058,እቱ ዂናት ንናይ መለስ ኔትዎርክ ንምብላዕን ህዝብና ንምድኻምን እዩ ነይሩ ንብል ብመርትዖን መፅናዕትን እዩ ነይሩ።,hate,hate,normal,normal,hate
1492212045894369286,@USER @USER ሰረቅቲ ስለዝኾንኩም። ኣብ አውሮፕላን መለእ ዓለምን ኤርትራውያን ብስርቂ ኢኹም ትፍለጡ። ከመይ ገይርና ንብረትና ከምነምልስ ንምርኣይ የብፅሕኻ።,hate,hate,hate,hate,hate
1501646919961088009,@USER @USER @USER @USER ኣብቲ እንዳ ሓሰውቲ ኤሪሳት ከይዱ የጣቕዕ ሕጂ ????,abuse,abuse,abuse,abuse,abuse
1589345638491176960,@USER ተስፍጽዮን ዝፈጠሮ ባዶሽ ስግኣት : ንህግደፍ ኣረሲዑ : ለይትን መዓልትን ወያነ ከምትብል ገይሩካ ?? ሓቀይ ዶ ? ??,hate,hate,normal,abuse,hate
1587932369297715200,@USER ነዚ ንመዋዕሉ ክጠልመና ዝነብር ረሳሕ ውድብ ክንብል ኣይኮንናን ብ10 ኣሽሓት ዝቁፀሩ መንእሰይ ዝተሰወኡን ልዕሊ 500 000 ንፁሃት ከም ቆፅሊ ዝረገፉን።,hate,hate,hate,abuse,hate
1483849836885590016,@USER ናትካስ ይገርም ምስ ወያነ ኮይንካ ንህዝቢ ኤርትራ ጥፍኣት ትምህዘሉስ ሕጂ ከም ሓላይ ኮይንካ ክትቀርብ ትፍትን . ህዝብናስ ንዓኻን ንኸማኻን ዓኽ ጥፎ ኢልዎ እዮ :: ከዳዕ ሸያጢ ሃገሩን ህዝቡን ::,hate,hate,abuse,abuse,hate
1611883031073112064,ካብ ሰራቒ ጎረቤትሲ ፡ ገርገራን ደንደላን ደምበኻ ኣጽኒዕኻ ፡ ማዕጾኻ ሸጒርካ ተከላኸል። ካብ ሓሳዊ ፡ ልኹመኛን መላኽዒን ጎረቤትከ፧,hate,hate,hate,abuse,hate
1650418752058474497,@USER @USER ሳሕሳሕ ወያናይ ንሱስ ረጊጹዋ ኣብ ዝደለዮ እዋን.ውን ደጋጊሙ ክምለሳ.ዩ፡ ንስኻን ከማኻ ዝኣመሰሉን ዕሱባት ግን ምስ.ተን 32 ዲናርኩም ዋላ ምስ,hate,hate,abuse,abuse,hate
1501465654989402127,@USER @USER @USER @USER ሓሳዊት ጥራይ ኣኮነትን ተኣኪባ ንኣሰና ክትሓሚ ኢድ ከፍንጅ ዝተረኸበትሉ እዋን ውን ኣሎ :: ኢሳያስ እ,normal,abuse,abuse,abuse,abuse
1611107699319795712,እንታይሞ ሃገር ምስ ምስ ኢዚ ኩሉ ባህርያዊ ጸጋኣን ሃፍታን፥ ካብተን ዝጠመያን ዝደኸያን ግርኩማ እንዳ ህግደፍ።,hate,hate,hate,hate,hate
1516782383525154826,(2) ኣብ ኢድ ወረርቲ ዘሎ ምዕራብ ትግራይን ኽፋል ምብራቕን ሰሜን ሞራብን ትግራይ ሓራ ኣውፂእኻ ኣብ ትግራይ ብህዝቢ ተቐባልነት ዘለዎን ኩሎም ሰልፊታትን ዝውክል ባይቶ ገረብ መስሪት,hate,hate,normal,normal,hate
1508500842726449153,ደቂ ኤረይ! ካብ ዓይኒ ሓሳድን ቀናእን ይሰዉርኩም። ????,hate,normal,normal,normal,normal
1526334469367644171,@USER @USER በጃካ/ኪ ወይ ብትግርኛ/ እንግሊዝ ?ሓሳብካ ጸሓፍ እንተሽጊርካ አጆካ go fund be helpful ?ስም ህግደፍ ?ዓዲ ህግደፍ ?ሃ,normal,hate,normal,normal,normal
1559929654210924546,አበይ አሎ ህግደፍ ?አበይ አሎ ኢንባሲ ኤርትራ ?2 ጥራይ?አብ ጋይላ መንግስቲ ?አብ ሽግራት ሕቡእኒ,hate,hate,normal,normal,hate
1507838779540885510,@USER @USER @USER @USER ህግደፍ ማለት ውልቃዊ ንብረት ናይ ኢሳያስ እንዲዩ : ኢሳያስ ክኣ ንህዝቢ ኤርትራ ዝረግጾ ዘሎ ህዝቢ ኤርትራ ካ,hate,hate,hate,hate,hate
1572838038744727558,@USER ጨጓር ከልብስ ኣሎ ናበልካዮ ይመውት በሉ ወለዲ። ህግደፍ ከኣ፡ ኣለና ናልኩም ዕርበት ቀሪባትኩም።,hate,hate,hate,hate,hate
1494759057088995330,@USER @USER የቐንየለይ ሓወይ??,normal,hate,normal,normal,normal
1493356957138395137,ወያነ ሓሶት ባአህላዊ ጸወትሁ ጌርዎ አሎ! @USER @USER,hate,hate,hate,hate,hate
1629929152634851328,@USER ብፍቕሪ ፋሽስታውያን ካብ ትፅለል ፀኒሕኻ። ሕወሱኒ መንእሰይ እየ ዘይትብሎም?,abuse,abuse,abuse,abuse,abuse
1542016921742106624,@USER ኣብዚ ዘሎ ሓሳድ ዊዒጊን ከኣ፡ ነብሰ ምትሓት እዩ ጸገምካ፡ ክባን ዕጽዋን ከይ ኣሎ።,abuse,abuse,abuse,abuse,abuse
1641215531788148736,@USER ን ረብሓ ህግደፍ አምበር ን ኤርትራዊ ተባሂሉ ዝተኸፍተ ኢምባሲ የለን.,hate,hate,hate,normal,hate
1482531778191577538,@USER በረኸት፡ ዝዀነ ህዝቢ ኣይወጻዕ። ብኸመይ ነዚ ዓማጺ ንኣልዮ ድኣ ንሕሰብ እምበር፡ ንህዝቢ ኤርትራ ሓጢኣት ኣሰኪምና ዝመጽእ ረብሓ የለን። በቲ ወተሃደራት ኢትዮጵያ,hate,hate,hate,normal,hate
1494752426540285960,#SaveTigray እንቃዕ ንለካቲት 11 ኣብፅሓኩም እናበልና ንዕብየት ትግራይን ህዝብናን ንስማር ፡,normal,normal,normal,normal,normal
1539182171046522881,@USER ካብ ህግደፍ ንላዕሊ ፖልዮ አሎ,hate,hate,hate,hate,hate
1482851475432873991,ወያነ ሻዕብያ ኣይመስረተትናን ዝብሉ እንተኾይኖም ንወያነ ዝመሰርተ ወሳኒ ሰብ መሓሪ ተኽለ እዩ( ብሙሴ) ዝፍለጥ ተጋዳላይ ሻዕብያ ዝነበረ ሓፍቱ ኣነ ኤርትራዊት እየ ምስ ሻዕብያ ዝቃለ,hate,hate,normal,normal,hate
1483283203733422082,@USER ንኤርትራውያንን ንሃገሮም ከዕንዉ ለይትን መዐልትን ከይደቀሱ ዥሃድሩ አቶም ኣሸበርቲ ኣቦታትኪ ጁንታ ጥራሕ ኢዮም። ግን ኣይኮነልኩምን ሓሳዳት።,hate,hate,hate,hate,hate
1550359067876524033,ብአኻትኩም ተስፋ ቖሪፁ ዲያስፓራ ትግራይ ይብተንሎ። አብ ቲዊተር ዝነጥፍ ዝነበረ እንታብ 80 ቀኒሱ። ከሐድቲ። ንስየ አብርሃ ዘይኮነት ከዳዕ ወያነ፤ ንሕዝቢ ትግራይ ክትጠቅም አይ,hate,hate,hate,hate,hate
1590275494163152896,03ከም ዛርቲ ፃሕተርተር ምባል ጀሚረን ኣለዋ ከምቲ ናተን በሃም ኣተሓሳስባ መሲልወን ኣብ ሓድነት ተጋሩ ሓጓፍ ንምፍጣር ሃንደፍደፍ ክብላ ይረአያ ኣሎ ዝሸወዳ መሲልወን ተጋሩ መሲለን,hate,abuse,abuse,abuse,abuse
1643361408141205505,መጨረሽታ ህግደፍ እዚ ኩሉ ?ኤርትራዊ መንእሰይ አጢፊአ ?ጋቢ ተካሒሳ?ሂወት ኤርትራዊ ብጋቢ?ጫትን ተጋዚማ,hate,hate,hate,hate,hate
1557791544530403329,@USER ፓለቲካ ሀሁ ዘይትፈልጥ ድሁል ፓለቲካ ብቁማር እምበር ብህልክ ወይ ሓቂ ሒዝካ ኣይኮነን እንድሕር ምዕራብ ትግራይ ወፂኦም ድኣ እንታይ ሕቶ ኣድልዩና,hate,abuse,abuse,abuse,abuse
1512270077088968708,@USER ታሪኽን ጅግንነትን ኣቦታትናን ኣያታትና ዘርዚርካ ኣይውዳእን ዩ ፡ ወያነ ከሎ ገና ተዝስቆሮም ጽቡቕ ኔሩ ተዘይኪይኑ ግን ጽቡቕ ጌርና ክንሰቕሮም ኢና ።,hate,hate,hate,normal,hate
1510323173853904899,ብሰንኪ ፋሽሽታውያን ወረርቲ ደቂ ኣንስትዮ ትግራይ ግልጋሎት ሕክምና ስኢነን ይሞታ ኣለዋ ። - For More #TigrayGenocide,hate,hate,normal,normal,hate
1593499443474714680,ብዝኾነ፡ ኩልና ነዚ ሓቂ ተረዲእና፡ ህግደፍ ካብ መሬት ትግራይ ተፀራሪጉ ንክወፅእ፡ በቢዘለናዮ ነንኽእሎ ስራሕ ንስራሕ።,hate,hate,hate,normal,hate
1503779443839578114,እስራኤል???? ነዛ ረሳሕ ዓዲ ኢትዮጵያ ሀይማነታዊ ሽፋን ገይሮም ዑደት ንከይመፅእውዋ አጊዳታ,hate,hate,hate,hate,hate
1488630020058853385,ዳወያነ ክሳብ ሕጂ እዚ ዘይብሃል ህዝብና ኣብ ኪናትን ጦርነትን ተሰዊኡን ኣሎ መሬትና ገና ተጎቢጡ ሎ ብ ኤረትራን ብ ዓዲ ኣምሓራን ገና ህዝብና ኣብ ጥምየት ሃልቅ ኣሎ ክንሰብሮ,hate,hate,hate,hate,hate
1487293106345099266,ምዕራባውያን በሎም ጅንታውያን ከይፈለጡና ማዓልቶም በሊዖም እዮም ከይዶም!ኣብ ታሪኽ ሰውራታት ዓለም ብህድማን ኣውያትን ዝወድኡ ተቃለስቲ ኣልዮም እንተኾይኖም ወያነ እዮም።,hate,hate,hate,hate,hate
1554603294856810496,@USER @USER ወድ ዲቃላ ኣነ ከማካ ነምሓራይ የምልክ ኣይነበርኮን ምስ ኣምሓራይ ውን ትውልዲ የብለይን ከዳዕ ወድ ከዳዕ ኤርትራውነተይ የኮርዓኒ እዮ ቤኤርትራውነተይ ይኮርዕ ወድ ጥስጦስ ገይ,hate,hate,abuse,abuse,hate
1596638643279392768,ህግደፍ: ኤርትራ ክትህሉ ዘይደሊ ስርዓት እዩ::,hate,hate,hate,hate,hate
1490791860369080322,@USER @USER ህዝቢ #Eritrea ኣብ ሰብኣውነት ምሩኩስ ዝገበረ ጭዋ ባህልን ስነምግባርን ዝነበሮ ህዝቢ እዩ ነይሩ :: ሎሚ ግን ጭፍራ ህግደፍ ንኹሉ ስለ,hate,hate,hate,abuse,hate
1478524692537520135,ERISAT: ህግደፍ ኣብ ልዕሊ ህዝቢ ኤርትራ ጽንተት (Genocide) ይፍጽም ኣሎ። ዶ/ር ዮውሃንስ ሃይለ | Dr . via @USER,hate,hate,normal,normal,hate
1488347314922131456,ድምፂ ህዝብና ንኩን ተጋሩ ኮይንኩም ባዕልኩም ንባዕልኩም ትፃረፉ ዘለኩም ዓገብ ንህዝብና ነድሕን #StopTigrayFamine #StopTigrayBombing,normal,normal,normal,normal,normal
1604724913860128768,@USER ኣነስ ብስም ኤርትራን ኢሳያስን እናበሉ ድዬም ኣብቲ ዓዶም ዘጠምቕዎም ወግሐ ፅብሐ ኢሳያስ ኣይተልዑሉና ምድረ ጠቢብን ጥንቁልናን,hate,hate,abuse,abuse,hate
1599486677747130370,@USER ይዋእኽን ብሪሞት ገይሮም ህግደፍ ዝንብሕኽን ኣኽላባት ካብ ባዓል ማንኪ ዓስቢ እንተረኸብና ኢልክን ዲኽን ስለ መጻኢኽን ዝማጎቱ ኣቦታትክን ትጸርፋ ዘለኽን? በ,hate,hate,hate,hate,hate
1609408811361501186,@USER ሓቂ መራር ያ፡ ንስካስ ወዲ ሓደ ሰራቂ እንዳኢካ።,abuse,abuse,abuse,abuse,abuse
1565239081709232128,@USER ዓሻ ትግራዋይ ልቡ ከም ሃገሩ እናበልኩም ክትምስሉስ፡ ሃብሉ፡ ክዳና ሸይናትሉ ትበሃሉ ኣሎኹም፡፡ እምበር ውርደት፡፡,hate,hate,hate,normal,hate
1515400944963493899,@USER @USER ነታ ወረቐት ቀዲድካ ዘይረኣኻያ ድኣ ? ካብ እንዳ ህግደፍ ድኣ እንታይ ፍታሕ ክርከብ ?? እንቓዕ እሞ ብሰላም ወጻኻ :: ኣብ ጎድኒ ውጹዓት ከማን ኮይንካ ::,hate,normal,normal,normal,normal
1639445673354436608,@USER ሓደ ቅድሚ ጆሲ ኣሽሓት ተጋሩ ኢልናዮ ኢና ። ድማ ሓቂ እዮ ። ጆሲ ጉንዲ ህግደፍ ዋላ ብደንቢ ይዛረብ እዮ ተከታተል ። ጋዜጠኛ ምዃኑ ኣይትረስዕ ። ህወሓት,hate,abuse,abuse,abuse,abuse
1609405351203323906,@USER ኣዲስ ዲኣ ባዕሎም እንድዮም ንፕራይም ሚኒስትር ኣብይ ዝሕልውዎ ዘለዉ መንዩ ዝሓንቆም መሬት ትግራይ 90 ተቆጻጺሮሞ ሓሳዊ መቸም ሓሰት ስሪሕኩም እዩ።,hate,abuse,abuse,abuse,abuse
1629569224304631811,@USER መብዛሕቲኡ ዝበልካዮ ልክዕ እዩ . መፍቲሕኡ ካዓ ካብ ህወሓት ዝሓሽካ እምበር ህወሓት ዝፀልእ ህወሓት ኮይንካ ምርካብ ኣይኮነን . Tigray genocide ዝፈፀሙ ህግደፍን,hate,hate,normal,normal,hate
1617263375574073346,@USER ን ጠላም ጠላም ንሓሳዊ ሓሳዊ ምባል ፀርፊ ድዩ ? ወይስ ሓቂ ኣይትዛረቡ እዩ እቲ ነገር ????,normal,normal,normal,abuse,normal
1511046243312705546,@USER @USER ኣጆኺ ርስተይ፡ ጁንታ ናይ ኢዱ ረኺቡ ኢዩ፡ እቶም ተረፍ መረፍ ድማ ናይ ግዜ ሕቶ ኢዩ።,hate,hate,hate,hate,hate
1583570563884204033,@USER ጸዳል ለማኒት ፡ በጀካ ገንዘብ ካልእ ዘይትሓስብ እያ፡ ንፈልጣ ኢና፡ ካብ ኤርትራ ብዙሕ ገንዘብ ሓቲታ ኔራ።,abuse,abuse,abuse,abuse,abuse
1588269238686564353,@USER ትርጉም ምርጫ ዘይፈልጥ ገባቲ ስርዓት ንምንታይ ኢዩ ናይ ሓጎስ ምልእክቲ ዝሰድድ። ባዓል መሕፈሪ ዘብሎም!!!!,hate,hate,hate,normal,hate
1486745127632748552,@USER ነቶም ሰብ ናይ ምቕታልን ሃገር ናይ ምብታንን ልምዲ ዘለዎም ልፍንቲ ህግደፍን ደርግን ናይ ዶክተር ተድሮስ ዓወት ዓቢ ጽፊዒት እዩ ::,hate,hate,hate,hate,hate
1498360783096500235,@USER ስኮመሳ ምገበርኩ 2 ካብ ሚእቲ ኣይኮኑን እዬም ጹሩያት ኤርትራዉያን ዓጋመን ዘርኢ ዓጋመን እያ ኩላ ??,hate,hate,normal,normal,hate
1496272181902389249,ኢሰያስ፡ጀግና፡እዩ!!! ንወያነ፡ምፍላጡ፡ ፈሊጡ፡ምሕናቁ፥ ሐኒቁ፡ምቕታሉ፡ ቐቲሉ፡ምቅባሩ። Game Over !!????,hate,hate,hate,hate,hate
1605069365333954560,ንጣብ ቁም ነገር ምስራሕ፡ ዝበዝሕ መሬት አብ ትሕቲ ወረርቲ አሎ! መንግስቲ ትግራይ ሓበሬታ ከውፅእ አይኽእልን! ከተማ አብቶም ፒፒ ገጠር አብቶም አራዊት አሎ! ካብ ገጠር ከተማ ምካድ,normal,hate,normal,normal,normal
1490975964494548993,@USER @USER ግርም በል ነቶም ዘይፈለጥዎ አላልዮም መን ምኻኑ ነዚ ጠላም,abuse,abuse,abuse,abuse,abuse
1596086914817609729,ሻዓብያ ኣብ ጉዕዞ ቃልሲ ንናጽነት ሓንጋሪዶ ነይሩ ተሓንጋሪ? ኪናት ኢትዮ - ትግራይ ዝመሎሶ ሓቂ። ኣጭበርባሪ ሻዕብያ ናይ ሎሚ ህግደፍ ኣብ ሲቪል ህዝቢ ጥራይ ኢዩ ሓይሉ።,hate,hate,hate,hate,hate
1632770168219639808,ዩኩሬን ሓንቲ ንጃንዳ ወያነ ኣብ ግዜ ስልጣኖም ናይ ኢስትራጂኣክዊ ኣጽዋርን፡ፓይሎትን ትትሓጋገዝ ዝነበረት ኢያ። እሞ ሕጂ ናይ ኢዳ ረኺባ ኣላ።ከም ሃገር ኣቢቂዓ። ንህዝቢ ኤርትራ በዲሉ ዝሓደር የለን።,hate,hate,hate,hate,hate
1566344701959184387,@USER ለቦም ብኣፍ ዓሻ ገይሩ ይዛረብ ቢሂል ኣቦዋት። ወያነን ናይ ወያነ ስነ ሓሳብ ኣብ ልዕሊ ሃገርይ ከይተቀየረ ወያነን ካብ ስልጣን ምምሕዳር ትግራይ ክእለ ኣለዋ።,hate,hate,hate,hate,hate
1649847944147873804,@USER @USER ደጊምካ ቃለ መሕትት ናይቲ ሓሳድ ውልቀ መላኺኻ ስምዓዮ፣ ኣብ ስንባደን ፍርሕን ነይሩ።,hate,hate,abuse,abuse,hate
1530979531896520704,@USER @USER ኣላ ህግደፍ፡ ን ወያነ ከመይ ተድቕቕዋ እንዲኹም ሓቶኽ ትብሉ፡ ወይን ጎማ እግራስ ባ ታሪኽ እያ ሰሪሓ ፡ ኡይይይ ተብለኩም ኣላ ። ክትፈልጥ እዚ ስእሊ,hate,hate,hate,hate,hate
1658534139866521600,@USER ኣይፋልን እዚ ሓወይ! ግፍዒን ዕብዳንን ዕንደራን ህግደፍ ዓለም ዝመስከሮ እዩ! ክትክሕዶ ተፈተንካን: ጢቕን ፈንጠርጠን እንተብዛሕካ: ን ጓይላኻ የማሙቕልካ እ,hate,normal,normal,normal,normal
1607130272075743233,ዕንክሊል ህግደፍ: መንእሰያት ኣብ ዘይምልከቶም ውግእ ክኣትዉ ይግደዱ ይሞቱን ይስንክሉን ህግደፍ ካሕሳ ይግብት ህግደፍ ግፋ የጽዕቕ ናብ ውግእ ድማ ይጠብስ ካሕሳ ድማ ይድልብ ዕንኪሊል,hate,hate,hate,hate,hate
1493096748537061377,@USER እዚ ትፈልጥዮ ዶ ዑጉመይ? እዚ ኣውቲስታ ናይታ መኪና ኢዩ። ትግራዋይ ለማኒ ወተሃደር ናይ ወያነኺ ኢዩ። እሞሲ ምስጢርኪ ስለ ንፈልጦ ዑጉመይ ብዙሕ ኣይተህተፍትፊ,abuse,hate,hate,hate,hate
1654377759408525312,@USER ህግደፋውያን ንህዝቢ ኤርትራ ዘለዎም ንዕቀት ገደብ የብሉን። ባርያ ጥራይ ኮይኾነ ዓሻውን እዮም ዝገብርዎ።,hate,hate,hate,hate,hate
1495605797992247297,@USER መቋፅርቲ መን ሰብ ምስበለክን ትኳሓላ በለት እኖሓጎይ። ሸክሚ መዕረ ምስ ሰብ አወጊዕካ ማለት ድዩ እኒሀ? ኣይ ሓቃ አንድያ እኖሓጎይ ዓሻያ እንተዝሞተልካስ ዳርጋ ጎጆ ዝወፀልካ በለት።,hate,normal,abuse,abuse,abuse
1573228518351474688,Haha ወዮ ንኢሰያስ ክትግምትሉ ኣይኮንኩምን ንክልተ ሰብ ከማን ጋዶ?? @USER ፈራሕ ብሰበይት ዝድከር ሙካኑ ሓዙ:ብጆን ጃጅዩ እዛ ዝስሕቃ ዘሎ ሰሓቅ ፍርሓትያ: መን,hate,hate,abuse,abuse,hate
1501411904371187713,ናይ ህግደፍን ሚኒሊካዊያኒን አብይን ናይ ዲኽነቶምን ችግሮምን ዋና ምክኒያት እንታይ እዩ ዝብሉ? ወያነ / ህዝብ ትግራይ . ንሕናውን ናትና ዋና ፀገም ንሶም እዮም እንተበልና ካብኦም,hate,hate,hate,normal,hate
1561764002560196608,ንሕጊ ቅዋም ዘይብሉ ?ጉጅለ ህግደፍ እናዋጠካ?ጀርመን ሕጊ ከተክብር ምሕታት,hate,hate,hate,normal,hate
1599355022378033152,@USER ኣታ ቆርባዕ ለማኒ ቴድሮስ ኣድሓኖም ጸሎት ግበር እምበር ሓሶት ንህዝቢ ኣይድግፎን እዩ ሌባ ንኸብድኻ ክትብል ህዝቢ ትብድል ኣለኻ,abuse,abuse,normal,abuse,abuse
1560309969941016577,ብተግባርካ ስም ዝወጽኣካ እንተዝኸውን ህግደፍን ደለይቲ ፍትሕን ስሞም ኣይምኾነን።,hate,hate,normal,normal,hate
1508168612804116483,@USER ህግደፍሲ መሽሚሻያ ሕጅስ፣ ንኹሉ ንምዕንቃፍ ዓቕማ ዴይትኽእለሉ መድረኽ በጺሕና,hate,hate,hate,hate,hate
1550258039235780609,@USER ዓዲ ሃሎ ስራሕ?ሃብቲ ማይን ልምዓትን?ሕርሻ ሚኒስትሪ ?ገባቲ ስርዓት?ሕጊ አልቦ,hate,hate,normal,normal,hate
1594803495923752965,ህዝቢ #ኤርትራ ኣብ ትሕቲ #ህግደፍ ፥ ሕክምና ኣልቦ ምዃኑ ከይኣኽሎ፥ ጥዕንኡ ዘይትሓለ መግቢናቀለበ ኣደዳ ሕዱር ሕማም ገይርዎ ። እዚኦም ፍሉጣት ሰባትዩም ። እንተ ቲ ብዘይ ነጋ,hate,hate,hate,hate,hate
1577030605212372993,@USER ሓሰውቲ እንዳ ህግደፍ እዚ እዩ እቲ ቆልዓ ኣብ 21 ክፍለ ዘበን ስረ ዘይብሉ ቆልዓ ኣባድመ እዩ እቲ ሕፍረቱ ሸፊንካዮ ኣንታ መደናገሪ ሓሶትስ ናትኩምያ,hate,hate,abuse,abuse,hate
1489342711052357635,ኣፍደገ ባሕሪ ዘይብለን ሃገራት ብዙሓት እየን። ሃገር ክትምስርት ከኣ ግድን ኣይኮነን ባሕሪ ክትውንን ዘለካ።@USER ደደብ ሜድያ ከኣ ዝሓለምካዮ ጽውጽዋይ ምንጋር ኣቋርጹ,hate,hate,abuse,abuse,hate
1634666217846734848,@USER ኣደንቁርካን ኣጥሚኻን ግዛእ ስትራተጂ ህግደፍ ውጽኢቱ እዚዩ!,hate,hate,hate,hate,hate
1504581643020996614,ATV: ዓሳ ኤርትራ ብግብጻውያን፡ ሰብ ኤርትራ ብህግደፋውያን ይግፈፉ,hate,hate,normal,normal,hate
1612470693408407554,@USER በዛ ዝበልካያ ሓቅን እንኾን ስለ ዘይትሓቀሎም ብልቢ ንሂወርካ ከይተረፈ ይፈርሃላ ይክደን እብዛ ረሳሕ ዓለም። ዓወት፡ንዉጹዕ ህ/ግ/ሓ/ኤርትራ።,hate,hate,normal,normal,hate
1508979678937296901,@USER ንሓደ ወዲ ወያነ ቖልዐ፡ ኣቡኡ፡ ኣነንያ ወደይ፡ ምስ ዐበካ እንታይ ክትከውን ትደሊ ኢሉ ሐተቶ። ውዱ ከኣ፡ ሻዕቢያ ኢሉ መሊስሉ (inferiority complex-low self-esteem),hate,hate,hate,hate,hate
1598803902996316160,@USER ዝሕል ተበለካስከ ናይ ዕትሮ ማይ ስተ : ታይዝበልዎ ዓጀውጀውዩ ህውከት ::,normal,normal,abuse,abuse,normal
1482491675482025986,@USER ሓሶት ከም ክእለት ኣብ ዓ ዲ ወያነ!,hate,hate,hate,abuse,hate
1498363413596151810,@USER @USER ብርግጽ ! ኤርትራውያን ተጋሩን ዝሓለፈ ጌጋ ኣሪምና ንብህጎ ሰላምና ክንመልስ እና :: እዚ ብምግባር ድማ ነቶም ሓሳዳት ጸላእትና ክንስሮ,hate,normal,hate,hate,hate
1492738051084222467,@USER ወያነ ብሓሶት ጀሚራ ብሖሶት እያ ትውድእ ስጋብ አብ መቃብር ትኣቱ።,hate,hate,hate,hate,hate
1560023639352872960,@USER ጸማምም ሓደ ደርፉ በቃ ኢስያስ ጥራይ . ሎምስ ገለ ምስ ሰብ ኣብ ቁጽሪ ደትወኪ ሓሳብ አባ ኣምጽኢ ወዘሮ ሰንፈላል,hate,abuse,abuse,abuse,abuse
1508975174275719174,ህግደፍ ኣምንዝራ ደኣ ኣዋሪድናምበር ህዝቢ ኤርትራ ደኣ ኣይበልዐ ኣይሰተየ ወሪድዎ #Eritrea,hate,hate,hate,hate,hate
1610674121435652096,@USER ሓቂ ዘረባ። አብ ርእስና ሃገር ካብ ዝኾና ጸኒሕና አለና እቲ ዝተርፍ አብ መሬት እዩ። ግዳስ ንሕበር ንትረር። ዓብይ ስራሕ አብ ቅድሜና እዩ ዘሎ።,normal,normal,normal,normal,normal
1600793178264997888,እናዳሃለወ ከምዚ ዝበለ ዜና ሒዝካ ምድኻርስ ናይ ጥዕና ድዩ? እቶም ካልኦት ሞርሞ ካድረታት ህወሓት ሕሊነኦም ሸይጦም ሎሚ ንፋሽሽቲ ኣብይ ኣሕመድ እንተሰገዱስ እንጀራ ኮይንዎም። ክብሮ,hate,hate,hate,abuse,hate
1512851629766320137,@USER ህግደፍ ውዳበ ልክዕ ከምዚእም El Capos መራሒኦም Cartel Gangs ናይ ቕንጸላ፡ ሓሽሽ፡ ብረት፡ ገላዩ ኣሰጋገርቲ ፡ እዮም ዝሰርሑ ፣ ቐዳመይቲ ምዕራፍ መጽሓፎም ከኣ ቕተል ትብል ።,hate,hate,hate,hate,hate
1615514288076034049,@USER ናይ ወይንካ ግበር ኣንታ ናይ ከደምቲ ከዳሚ!,abuse,abuse,abuse,abuse,abuse
1608279579679940610,@USER ሀዚ ዶ ተረዲኡካ ሰልኪ ተዓፂዪ ከም ዝነበረ። ቤተስብካ ትትረክብ ደስ ዝብለካ ቤተስብካ ትትስእን እዉን ደስ ዝብለካ ዓሻ ኢካ። ዓሻ መቺዮዎ አሎ ሓዉ ዓሻ ከ,abuse,abuse,abuse,abuse,abuse
1539514845879582720,ህወሓት ዳፍም ስሑት ትንተና ይሰርሕ ኣሎ። @USER ምስ ድምፂ ወያነ ኣብ ዝገበሮ ቃለ መሕተት ፋሽሽቲ ኣብይ ኣሕመድ ኣብ ፓርማ ምስ ህወሓት ክንደራደር ድልቃት ኢና ምን,hate,normal,hate,hate,hate
1535896892235821056,ትፈልጡ ዶ ? ቅድሚ 70 ዓመታት ኤርትራ ባይቶን ፓርላማን ከምዝነበራ ፡ ኣብ 2022 ኣብ ትሕቲ ሕሱም መግዛእቲ ህግደፍ ግን ፓርላማን ባይቶን ዝበሃካ ቃላት ከማን ከምዘይፍለጣ !,hate,hate,hate,hate,hate
1607128705788436481,@USER ኣይኣታ ን ዘይፈልጠኩም ንስኹም ካብ ህግደፍ መን ትሕሹ አሉኩም.ካብኡ ከማን ትገዱ ኢኹም cuz ኣብ ወጻኢ ከለኹም ብ ሃይማኖት ኣውራጃ ብሄር ዝፈላለኩም ኣብ ዓዲ ኣቲኹም ካልእ ትገብሩ.,hate,normal,normal,abuse,normal
1491706739032571905,መሰረት ኣልቦ ስነሓሳብ ወያነ ኣዳኸርቶምን ኣብ ልዕሊ ኤርትራ እንዳበነነ ይኸይድ ኣሎ።ተሪፉ ዘሎ ውሕድ ስለ ዝኮነ ኣብ መትከል ኤርትራውነት ገጥ ክንብል ጊዚኡ እዩ። ኤርትራዊ ኩቡር መንነት።,hate,hate,hate,hate,hate
1483207383774027779,@USER ድርባይ በጀካ ምልማን ምስራቕ ምሕሳው ካልእ ዘይብልም ዐጋመ,hate,hate,hate,hate,hate
1505979233583124487,መብዛሕትኦም ጸላእትን ደመኛታት ህዝብን ሃገርን ኤርትራ ዝኮኑ መራሕቲ ወያነ ገሊኦም ማሪክናዮም ገሊኦም እውን ሰትዮማ እቶም ። እቶም ዝተረፍኩም ከኣ እታ ትፈልጥዋ ሓለንጊ ሓፋሽ ኣብ ቦታኣ ኣላ።,hate,hate,hate,hate,hate
1543288444977381376,@USER @USER ሃላይ ዓንሰባ ናይ ሰብ ንብረት ሰሪቕካ ብሰላም ክትነብር ምሕሳብ ሕልሚ እዩ። ኣንታ ጨምላቕ የሕዋትካ ብጥይት እንዳሳሐቱኻ ሃዲምካ መፂኻ ህዝቢ,abuse,abuse,abuse,abuse,abuse
1592802366503649281,@USER ኣብ ከብዲ ጽጉብ የለን ጥሙይ ከምዝብሃል ጉዳይ ስልጣንኩም እምበር ጉዳይ ህዝብን ሃገርን ከምዝይዓጠኩም በሪሁልና ኣሎ ።እዝጊ ምፍራሕ ገዲፍና ምስ ፈራሕናኩም ሽዑ ሞይትና,hate,hate,hate,normal,hate
1512480258314088452,@USER ህጅዉን አለው ባንዳታት ኮፍኢሎም ንህዝቢ ትግራይ ዘወዱኡ ህዝቢ ትግራይ ንቃህ መራሂ ትግራይ መን ከምዝኮነ ፍለጥ,hate,normal,abuse,abuse,abuse
1508686065170849795,@USER ከመይ ዘበሉካ ሓሳድ ኢካ ዘየለ ትምህዝ ከም ኤርትራዊ ጌሩ ብናቱ ዝሕበን ዘይናቱ ከአ ዘይደሊ ዘሎ አይመስለንን . ስለዚ ኩሉ ዝተዓወተ ናይና ክትብሉ ስለ ት,abuse,abuse,abuse,abuse,abuse
1572314436374863872,@USER @USER ከማኻ ነፋሒቶ ምዃን ኣይክኣሎን። ትማሊ ኣገልጋሊ ህግደፍ ሎሚ ኣገልጋሊ ህውሓት ምዃን ኩሉ ሰብ ኣይክእሎን እዩ።,abuse,abuse,abuse,abuse,abuse
1482747378067070983,Jstudio ሰራዊት ህግደፍ መቐለ ንምእታው ትእዛዝ ተቐቢሉ ድፋዕ ባድመ ፈሪሱ ሰራዊት ትግራይ ንዓፋር ኣጠንቂቑ via @USER,hate,hate,normal,normal,hate
1488647272992841730,@USER @USER @USER ኣበይ ዓድኻ እንተ ኢልካዮም ኣስመራ ጥራይ እዮም ክብሉ ዝኽእሉ ??,hate,normal,normal,normal,normal
1489071189129674759,@USER እዚ እቲ ሓቂ ወያነ ካብትፍጠር ክሳብ ሕጂ ካብ ወያኔ ዝመጽእ ጸገም እንበር ካብ ህግ ኣይረኣይናን,hate,hate,hate,hate,hate
1481055833643438084,ጥምዙዝ ስነ ሓሳብ ጭፍራ ወያነ ንህዝቢ ኤርትራ ንምስይጣን ክሰርሕ ጸኒሑን ኣሎን። ስለዚ ኣብዚ ግዜ እዚ ማንም ትግራዋይ ብወግዒ ጸላኢ ህዝቢ ኤርትራ ሙኻኑ ብግልጺ ኣብ ሜድያታት ይጋዋ,hate,hate,hate,hate,hate
1492553962180034568,@USER ሕሳብና ንግበር ነቲ አብ ገዛና ዘሎ ገበል እሞ መጀምርያ ነውግድ ድሐር ናይ ጎረቤት ክንገብር። ንወያነ ዘወግድ ወይ ዘየወግድ ህዝቦም እዩ።,hate,hate,normal,normal,hate
1612344483256975360,@USER ካብ ዕርበተ-ተስፋን፣ብስጭትን፣ነብሰ-ምትሓትን ዝመንጨወ ድኹም ውልቃዊ ጽሑፍካ ሒዝካ ክዓርብዩ!!! እታ ሓሳዳት ትብል ቃል ክኣ ውሽጥኻ እንዳፈለጠስ ንልብኻ ባዕል,abuse,abuse,abuse,abuse,abuse
1645275575609688068,@USER ገባቲ ሓንቲ ስደሪ መሬት ካብ ትግራይ ኣይትረክብን ሃህ ኢልካ ክተርፍ እንበር,hate,abuse,abuse,abuse,abuse
1487639114128179202,@USER @USER @USER Vaccine! ሳላ ህግደፍ ዝተሳእነ እንበር ዝተረኽበ የለን,hate,hate,hate,abuse,hate
1590441435136143360,@USER @USER @USER አጆኻ ህግደፍን ከማኻዓይነት ባራዩኡን ምስ ጠፍኡ ሰላም ክወርድዩ!! ቋንጣ,hate,abuse,abuse,abuse,abuse
1482807075470204940,@USER ነቶም አምሓሩ እንዳመርሑ ዘወድኡና ዝነበሩ ዓጋመ ምኻኖም አይትረስዕ,hate,hate,hate,hate,hate
1494777181523828738,ኣለና ዶ #ተጋሩ ኣሕዋተይ (#ድጂታል_ወያነ) ናብታ ብምክንያቱ ምጅማር በረታዊ ቃልሲ መበል 47 የካቲት 11 ዝታዳለወ ታሪካዊ ፕሮግራም #SaveTigray (#ትግራይና_ነድሕን) ንስ,hate,normal,normal,normal,normal
1599330353528729600,@USER ዓዲ በላሕቲ ከይደስ፡ ብልሐይ ጠፊኡኒ፡ በለ ሰብኣይ፡፡ ጠምባር ናጎ! ብልሕኻ፣ ሽጣረኻን ሽርሕኻንሲ፡ ካብ ዘሎኻዮ ሃገር ሰጊሩ፡ ኣብ ዘሎናዮ ከባቢ ደጊም ኣይሰርሕን ኢዩ፡፡ ኣብ ካልእካ ደውር፡፡,abuse,abuse,abuse,abuse,abuse
1588303922426482689,@USER ኣላ ያሬድ ዓሻ ወያነ እዬም እኮ ኣብቲ ኣብ 27 ዓመት ኣብ ስልጣን ዝነበርሉ ንኢትዬፕያ ሃፍታም ጌሮማ:: ሜልዬኔራት ፈጢሮም: ዬንፈርስቲ: ሃይወይ: መዕርፎ ነፈርቲ: ዝዓበ,normal,normal,abuse,abuse,normal
1595494634624815104,@USER ኣንታ ባንዳ ከሓዲ! ካብ ተጋሩ ገፅ ምርሓቅ ይሓሽካ። መዓልትኻ ተፀበይ፡ ጥራይ!,abuse,abuse,abuse,abuse,abuse
1504548776341651456,@USER @USER ኣንቱም ሕውስዋስ ተበለጽትን ደናቑርን ህግደፍ፣ ንህትቢ ኤርትራ ዘይተኸላኸልኩም ዶ ንኻልኦት ህዝብታት ክትከላኸሉ። ንብዱል ህዝቢ ክትከላኸል,hate,hate,hate,hate,hate
1555281597007642624,ዲፕሎማስያዊ ጦብሎቕሎቕ ህግደፍን ዋጋታቱን via @USER,hate,hate,hate,normal,hate
1516813837290328068,ቓልሲ ህዝቢ ኤርትራ ህዝባዊ ኔሩን ኣሎን፡ ፍትሒን ዴሞራሲን ከንግስ ድማ ክቕጽእዩ፡ ብሕጽር ዝበከ #ህግደፍ ።ብጀካ እዚ ግንባር ካልእ ኣብ ኤርትራ ክህሉ ይኽእል እዩ ኢልካ ምሕሳብ,normal,normal,normal,normal,normal
1576469792961097728,እግዚኣብሄር ኣምላክ ነቲ ዓማጺ ስርዓት #AbiyAhmedAli and #IsaiasAfeworki ክፈርዶም እዩ። እቲ ዝዓመጸስ ኣብ ክንዲ እቲ ዝዓመጾ ኺፍደ እዩ፡ ኣድልዎ ገጽውን የብሉን። ቆልሴ 3፡25,hate,hate,hate,normal,hate
1659335147660120065,@USER @USER ኸመይ ነቲ ረሳሕ ኣፍካ ጽሉል ከልቢ: ይሸነሉ!,abuse,abuse,abuse,abuse,abuse
1615156107101573120,@USER @USER ህግደፍ ?ዝተማህረ?ዝሃብተመ?ዝነቅሐ ?ቀዳማይ ጸላኢ ኢዩ,hate,hate,hate,hate,hate
1499487163901227019,@USER @USER ከናድድኻ እባ ህዝብና ብጥሜትን መድሓኒት ሳእናን እናረገፈስ ንዚኦም ከዘናግዑ ተራእዩዎም ኣታ ፖለቲካ እዩ ዲና ክንብሃል ነዙይ እውን እዋይ ሕራሮት,hate,normal,normal,normal,normal
1630073477632753664,@USER @USER ብወገነይ ተስፋጽዮን ሓደ ሃላው ሓሳዊ ከም ሃመማ ኣብ ኩሉ ዝዓልብ ምኻኑ ፈሊጡስ ናቱ መደምደምታ ክወስድ ሐቢረዮ፡ካብኡ ሓሊፈ ግን ኣብቲ ኣርእስቲ,abuse,abuse,abuse,abuse,abuse
1544061285351972864,ኤርትራ ኣብ ትሕቲ ህግደፍ ዝተጎናጸፈቶ ዓወታት ብስእሊ !!!,normal,normal,normal,normal,normal
1588099634521526272,ክነብር የብሉን ።እዛ ረሳሕ ሃገር ጽባሕ ነዚ እከይ ተግባራ ኣይትደግሞን ማለት ኣይኮነን። መራሕቲ ትግራይ ኣብዚ ወሳኒ እዋን ድምጺ ህዝቦም ክሰምዑ ኣለዎም። ኣብዚ ተጌሩ ዝበሃል ዘሎ,hate,hate,hate,hate,hate
1492241381905031168,ሕዱር ሕማም ኮይኑ ናትና ነገር ፤ ኣየህርስ ኣየሕርስ ናሞትና ምዕራይ ጠላም ሃገር ፤ ኣይትፅላእ ኣይትፍቀር ከይርሳዕ ከይድገም መሓልዎ ፤ እኽኽ በላ እኽኽ በልዎ ሞትና ሞት ዳርቻ ግበ,hate,hate,hate,normal,hate
1519428295095377920,@USER @USER ሕቶ። ኣብ ውሽጢ 30 ዓመት ዘመነ ስልጣኑ ወያነ ንትግራይ ዘይጠቐማ ሕጂ ኩናት ብምክያድ ንትግራይ እንታይ ዝጠቅም ነገር ክገብር እዩ እቲ ትጽቢት?,normal,normal,hate,normal,normal
1617076019143315457,@USER ብጀካ ጥፍአትን ምዕናውን ካልእ ዘይፈልጥ ስርዓት ህግደፍ,hate,hate,hate,hate,hate
1557442169669140480,ህግደፍ ጸረ ህዝቢ።ሎሚ እቶም ብህዝብና ዝላገጹ ዘለዉ በዓልመንዩም እንዳነጸረ እዩ ዝኸይድዘሎ ፈታውን ጸላእን!ህዝቢ ኤርትራ ኸምሎሚ ጌሩ ኣይነጸረን-ጻላኢኻ ምፍላጥ ፍርቂ ሓይሊዩ።,hate,hate,hate,normal,hate
1564150269323186178,@USER @USER በቃ ወላ ሕማም እንተ ሓሚምካ ህግደፍ ሃገረይ እንተ ኢልካ ህግደፍ ሕንትሽው እንተ ኢልካ ህግደፍ ዓድኻ እንተ ኸይድካ ህግደፍ ክክክክክክ,hate,hate,hate,normal,hate
1625238141794717697,@USER መንደላይ ኣራዊት ድዩ መልኣኽ? ኣይትጸበ፡ ኣራዊት ከኣ ባዕሎም ህግደፍ ዝብልዎዩ፡ ተጋሩ ኸኣ ንዘጋጠሞም በደል ብኣራዊት ምባል ይገልጽዎምበር ቡኡ ጥራይ ዝግለጽ ኣ,hate,hate,hate,abuse,hate
1592405952875356160,@USER ኣንታ ጸማም ኤርትራ ኣቲካ ዝዘመትካዮ ረሲዕካዮ,abuse,abuse,abuse,abuse,abuse
1617801524943650817,@USER ሰብ ማለት ሰብኣውነት ዝስምዖ ካብ በልካ አበይ ደኣ ኔርካ ዝሓለፉ ዓመታት? ን ኤርትራን ኤርትራውነትን ከተጥፍእ ምስ ወያነን ሰዓብታን እናተናበብካ ትሰርሖ ዝነ,hate,abuse,hate,abuse,hate
1488228931446751239,@USER @USER ወያነ ክህብን ክኸልእን ዐቕሚ የብሉን ነታ 4ኪሎ ከማን ብደገፍ ህዝዊ ግንባር እዩ ሒዙዋ ህዝቢ ኤርትራ ብቕልጽሙ እዩ ንጽነቱ ዝጨበጠ,hate,hate,hate,normal,hate
1509220992257724416,@USER @USER ድምጺ ወያነን ትግራይ ቲቪ ሓደራ,normal,normal,normal,normal,normal
1484086846321741825,@USER 30 ዓመት ዘዐዎቶ ወፍሪ ጭፍራ ህግደፍ,hate,hate,hate,hate,hate
1562146489207496709,@USER እሞ ከም ናትኪ ባርያ ናይቶም መወልትኺ ጽሓይ ዓሪባቶም መሬት ጸልሚትዎም ዘዕነንዩ ንዘለዉ ወያነ ባርያን ከዳሚትን ከደምቲ ህወሓት ምኻን ዶ ይሓይሽ ኢልክዮ ኢኺ ያያእ ኣይ ኤርትራዊነትን,hate,hate,abuse,abuse,hate
1516532035300765696,አብ ውሽጢ ሃገራዊያን ዝበሀሰላ ማሕበራዊ ሚዲያ ተላሕጎም ሕቡእ ተልእኮኦም ከተግብሩ ዝህንጠዮ ዝነደዮ ናይ ወያነ መጋበሪያ ነበር ካድራት ደንበ ዕንኪሊል ዓይኒ ሓፉሽ ይዕዘብ እዮ ዘሎ።,hate,hate,hate,abuse,hate
1491875504294703111,@USER መጀመርታ እዚ ሽፍታ እዩ ካልኣይ ድማ ካብ መዓስ እዩ ሽፍታ ኣሉላ ናብ ባሕሪ መጺኡ ዓጋመ ብቀትሪ ዝሓልምዎ ኣብዚ ኣይትድገሞ ! ዋእ,hate,hate,hate,hate,hate
1634592681769816067,ገጂፍ ሃፍቲ ናይዛ ሃገር ጥሪት ምጥራይ እዩ።። ኢ ያስ ኣፍጨርቂ 80-90 ኣካል ንግዲ ዓለም ባሕሪ ሒዝካስ ብዛዕባ ጠለ በጊዕ ምትንትታን ሲ ጧቋ ኣለዎ ታይ ግድኹም.! ኩራዕ,hate,hate,normal,abuse,hate
1640425223521435648,@USER ናይ ህግደፋውያን አተሓሳስባ ግን ብዛዕባ ዘይምልከቶም ጥራይ እዮም ዝዛረቡ ቅድሚ ኹሉ ፃዕዳ ነበረት ዓዶም ንምንታይ መሪታ ኢሎም አይሓቱን? ህግደፍ ጓሓፍ,hate,hate,hate,hate,hate
1557500762472583169,ብመቑሰልትን መስዋእትን ጀጋኑና ኣይትሸቅጡ፣ እያሱ በርሀ፣ ህወሓት ይቕረ በልልና፣ ሓያል ተቓውሞ ንፈስቲቫል ህግደፍ! #Tigrai #TDF #Eritrea,hate,normal,normal,normal,normal
1642944087409016868,@USER @USER እሞ ሕዋሕትስ ንህግደፍ ከም ኣሜሪካ ኮይኖሞ ማለት ድዩ፧ ብዝኾነ ግን ማዓስ ዩ ህዝቢ ኤርትራ ዝርህወሉ፧ ኣብ ራህዋ ዩ ዘሎ ትብለኒ መቸም ኣይመስለንን።,hate,normal,normal,normal,normal
1570350961545154560,ኣብ ከተማ መቐለ ትማሊ ናይ ህግደፍ ተላኣኣክቲ ለመንቲ መሲሎም ሰለልቲ ናይ ድሮን GPS ሒዞም ተረኪቦም ኣብ ትሕቲ ቐይዲ ዊዒሎም ኣለው። እቶም ሰባት ንዘመናት ኣብ መቐለ ከም ዝተቀመጡ ተገሊፀ ኣሎ።,normal,normal,hate,normal,normal
1500750409484357636,#ኣብ ታንኪ ወያነ ተወጢሑ ቡምባ ስለ ዘይተኮሰ እምበር እቲ ኣሎ ዝባሃል ቃላት ኩናት ኣብ ልዕሊ #ኤርትራውያንን ኤርትራውነትን ኩናት ኣውጁ ይዋጋእ ኢዩ ዘ,hate,hate,hate,hate,hate
1588651887905361920,@USER @USER @USER ድሁል እንታይ ዘይ ዝተሰቀ በሊዓ እየ ቁሩብ ወዘ ገይራ ዘላ ??! ሳላና,abuse,abuse,abuse,abuse,abuse
1514488843910754305,ብዕጡቓት ተስፋሕፋሕቲ ሓይልታት ትምክሕቲ ኣምሓራን ኣረሜንያዊ ሰራዊት ውልቀ መላኺ ኢሳያስ ኣፈወርቅን ዘስካሕክሕ ፆታዊ ዓመፅ ዝበፅሐን ደቂ ኣንስትዮ ነበርቲ ዞባ ምዕራብ ትግራይ ንዝተ,hate,hate,hate,hate,hate
1548418607398301706,ናይ @USER ዓዎት was absolutely complicated ወርቂ ተንፀፍካሉ ፋንድያ ንዝብል ሓሳድ ዓዲ ኮይኑ ክምዝገብ ከሎ ልፍዓትና ኣብ ንፋስ ልተበተነ ሑሩጭ ልኾነ,hate,hate,abuse,abuse,hate
1569410542552375299,@USER ህግደፍ ወዬ ናትኩምስ ንሓማትኩም ህግደፍ አርሜን ስርዓት ስሚ ቆልዓን ሰበይትን ኤርትራ ዓደይ ስፍራ ሸፋቱ ኮይና ብላሽ መስዋእቲ ኣሕዋትና,hate,hate,hate,hate,hate
1507815851646402569,@USER ዓዋተ እቲ ብዕሉግ ወጣጢ ገመር ደቒኣንስትዮ ዘየኽብር ።,abuse,abuse,abuse,abuse,abuse
1498115737604571142,ድኻታት ብጉልበትን Brainwashed ተጋሩ ብጥይት ይቁለቡ ብጥሜት ይሕመሱ ተረፍ ወየንቲ የኳሽሙን ብውስኪ ይገጫጨቡ:: እዚስ ንኤርትራ ዝከሓድዎን ዝበደልዎ ግፍኢ መርገም ዶ ይኸውን,hate,hate,hate,normal,hate
1564849864231424000,@USER ኣብርሃም በላይ ናይ ኢሳያስ ሰላሊ ህግደፍ ኤርትራዊ ስለዝኾነ ናይ ሓለቕኡ ናይ ወዲ መድሂን ብራድ ትእዛዝ ክሳብ ዝበጽሖ ገና ዝጸንሕ ይመስለኒ።,hate,hate,abuse,abuse,hate
1493711678025908228,ህዝቢ ትግራይ ፅልኡ ምስ ስርዓት ህግደፍ እዩ ዝብል ኣበሃህላ ንረብሓ መንፅር ፖለቲካዊ ንቡር [Principle] ጥራሕ ይጠቅም። ስርዓትህግደፍ መራሒ መንግስቲ ኤርትራ እዩ። በቲ ሐዚ,hate,hate,normal,normal,hate
1622006843898724353,@USER ከምታ ናይ ብስንባደ ዝሞተ ኣይኡ መለስ ጨናዊ ኣብ ኤርትራዝተዛረባ ገይርዋ። ሕማቕ ኣዕናዊ ተወራራሲ ባህሪ ተጋሩ ውዒጊን። ዓንጓር ዝብኢ No surprise at all!,hate,hate,hate,hate,hate
1598410485300338707,@USER ጅግና ?ሰባር ኖክራ?ካብ መንጋጋ ?ደቃሉ ህግደፍ,hate,hate,hate,abuse,hate
1516147775116873730,ብሰንኪ ዕፅዋ ፋሽሽታውያን ልዕሊ 80 ምስ ቫይረስ ኤችኣይቪ ዝነብሩ ወገናት ሞይቶም፡፡ - For More #StopTigraiGenocide,hate,hate,normal,normal,hate
1504525799562653709,ክፍለጥ ኣለዎ።ብፍላይ ኤርትራውያን ስደተኛታት፣ኣብ ናይ ብልፅግና ደንበ ዓስኪሮም ዝነበሩ ባንዳታትን ቤተሰባቶምን መቕርባቶምን፣ከምኡ እውን ኣብ ትግራይ ንነዊሕ ዓመት ዝፀንሑ ትግርኛ ዝ,hate,hate,abuse,abuse,hate
1609079687820763136,@USER ጁንቲት ስረኻ ፈቲሕካ ብሕፍረት ስለዝተሰኣርካ ብስጭት ኢዩ ዘዛርበካ ዘሎ። ወያነ ኣብ ኢድካ ሞይታትካ።,abuse,hate,hate,hate,hate
1510776134383947777,@USER ነደቂ ዓድኻ በሎም መደናገሪ ዓጋመ,hate,hate,abuse,abuse,hate
1652769501874716674,እቲ #ኲናት ኣበይ ይውዳእ? ኣእዳው #ህግደፍ ኣብ ምስባር። ምስ ተሰበረ ከ ኢትዮጲያ ናይ ባሕሪ በሪ/#ዓሰብ ትውንን። ባዕላ ዓርሰ #ቅትለት ዝፈጸመት ኤርትራ/ ብፍላይ ኣብ ልዕሊ,hate,hate,hate,hate,hate
1505645314304270338,@USER @USER @USER #TigrayGenocide?? ፈጣሪ ፍርድኻ አይዶንጉይ ናይ አቤል ደም ከም ልተቀበልካ ደሞሞ ተቀቢልካ ፍረድ,hate,normal,normal,abuse,normal
1629552161461010434,ተቃወምቲ ፖርትታት ንጸረ ዲሞክራሲያዊን ገባቲ ሓይሊ ህወሓት ዘይከውን ሓቛፊ ሓዋሕው ናይ ምፍጣር ከይዲ ገዲፎም ምስቱ ጄኖሳይደር መንግስቲ ጦብያ ተደራዲሮም ንህዝቦም ወኪሎም ቐፃሊ ረብሓ ከረጋግጹ ኣለዎም።,hate,hate,hate,normal,hate
1487723179485413382,@USER @USER @USER @USER ኤርትራዊ ኣይልምንን እዩ፡ኣይመሻኸንን ውን። ኤርትራዊ ኣብ ውሽጣዊ ዓቕሙ እዩ ዝኣምን፡ ወያነ ዎ ኣ,hate,hate,hate,hate,hate
1571034032649150464,@USER ፍቕሪ ህግደፍን ደርግን ዝገርም እዩ።,hate,hate,normal,normal,hate
1515014862203723787,@USER ደቂ ህግደፍ እንታት ጸገም ኣለኩም። ደቂ ኤርትራ ግና ብገዛእ ሃገሮም ተሾቕሪሮም ይነብሩ።,hate,hate,normal,normal,hate
1650700347843944448,ኣብ ቀርኒ ኣፍሪካ፡ ቀርኒ ኣፍሪካ ክብሎ ስለ ዝፈራሕኩየ፡ ትርጉም ጀግንነት ካብቲ ኣብ ካልእ ዓለም ዝፍለጥ ጅግንነት ፍልይ ዝበለዩ። ጀግና ሰብ ከመይ ገይሩ ኒ ኣሽሕት ዓመታት ምስ,normal,normal,normal,normal,normal
1492250835451002880,@USER @USER ዝገርም እዩ ህዝቢ ትግራይ ባኣካትኩም ክምራሕ። መን ሰራቂ ከምዝኾነ ባዕልኻ መልስካዮ ኢኻ ሓባል ብልያ ከይትቅድመኪ ነቲ ካላኣይ ነጥቢ ዘ,hate,normal,abuse,abuse,abuse
1508150337575739396,ፀላእቲ ባዕልቶም ጦርነት ከፊቶም ወያነ መጥቀቃዕቲ ከፊቱልና ምባሎም ዘይተርፍ እዩ። መንግስቲ ትግራይ ኣቐዲሚ ነቲ ዘሎ ናይ ፀላእቲ ምድላው ዓለም ማሕበረሰብ ክፈልጦ ግልፂ ተዝገብሮ ይ,normal,normal,normal,normal,normal
1502100705779367941,@USER ሰነፍ ሓሳድ መራሒ። ኣይኮነን ንህዝቡን ንብጾቱን፡ ንስድራቤቱን ንነብሱን ዘይከውን።,hate,abuse,abuse,abuse,abuse
1499430523806048265,ደረት ኣልቦ ጭካነ ጭፍራ ህግደፍ ኣብ ልዕሊ ኤርትራውያን ካብ ባሕሪ ብጭልፋ :: #Eritrea #Tigray #PFDJ,hate,hate,hate,hate,hate
1606704460662808583,@USER ኢሂታ ድሁል። ከምበዓል ንስኻ ታሪኽ ኣልቦ መዓስ እሞ ክትፈልጥዎ ንጽበ መሲሉካ። ደቅኻን ደቂ-ደቅኻን ንወለዶታት ጅግንነትን ጽንዓትን ተወፋይነትን ኤርትራውያን ክንገሮምዩ።,hate,abuse,abuse,abuse,abuse
1538624077388300291,ኣብ 2020 ካብ #ዛላምበሳ ሃዲሞም ኣብ #ሰንዓፈ ዝተራእዩ ሰራዊት ኢትዮጵያ :: መላፍንቲ ናይታ ሽፍታ #ህግደፍ #Eritrea #Tigray,hate,hate,hate,hate,hate
1608584386416640002,ህግደፍ፥ ብዕሊ ኣብ ትግራይ/ኢትዮጺያ ተስዒሩ!! #PFDJ #Isolated #Failed #Humuliated #Gameover!,normal,hate,normal,normal,normal
1483506394452180997,@USER ሃገር ሰብ ከምዘለዋ እሞ ን መራሕትኻ ወያነ ሕተቶም።,hate,hate,hate,abuse,hate
1647334108945629186,@USER ዘይወግሕ መሲልዋስ አብ ቦኽራ ትሓርእ ሓራኢ ባንዳ ቻ-ቻእ አድጊ አምሓራይ ዝብልን እምበር ተጋዳላይ በፊንፊኔ - ኦሮምያ ይዘፈናል እርምህን አውጣ ወ,hate,hate,abuse,abuse,hate
1512728653116882947,ቅልውላው ትግራይ፡ ኣመሪካ ኣብ ምዕራብ ትግራይ ዝተፈጸሙ ዓሌታዊ ግፍዕታት ከምዘሻቐላ ኣፍሊጣ #Tigray #Ethiopia #Amhara #Oromo,normal,normal,normal,normal,normal
1499459208751853568,ንዑ ናብ ገዛኹም ገዛ ተግሩ ምስ ጎራዙ/ኣጏብዝ ደቂ ዓድኹም ተላለዩ:: #GEZATEGARUTS #መኣዲ_ፍቅሪ_ትግራይ,normal,normal,normal,normal,normal
1491129610867773444,@USER @USER ፍሽሽታውያን ልፍንቲ ህግደፍን ደርግን ከምቲ ዝደለይዎ ዘይኮነ ክንገብር ዘለና : ከምቲ ንደልዮ እና ክንገበር ዘለና::ስለዚ ድማ ንፍቕርን ሰላም,hate,hate,hate,normal,hate
1597858906134704134,@USER ዞም ዓሻሹ ሕወሓት ዝበሃሉማ ፈጣሪ ልቢ ኣልቮ ገይሩ ፈጢርዎም። ኒኤርትራውያንስ ኒሕና ኢና ኒ 20 ዓመት ኣሲርናኩም ንሕና ኢና ንፈትሓኩም ናበሉ ይምካሕ ኣሎ።,hate,hate,hate,hate,hate
1482939041318600705,ውድባት 3 ወያነን ነፃነት ትግራይን ዘውፅዕዎ መግለፂ ስስግር መንግስቲ ሙቃም ሕዝቢ ትግራይ ብጥብቂ እዩ ክቃወሞን ክኩንኖን ዘለዎ ሕርፈት ስልጣን እምበር ሕርፈት ዐፀቦን ስቃይን ክኸ,hate,hate,hate,normal,hate
1623067606562525185,@USER እሞ ምስ ይፍታሄ ኮፍ ኢልና ከይንራታዕ ከኣስ.ዓዲ ኣርሒቕና። እቲ ረሳሕ ስርሓት ናይ ዲሜጥሮስ ግን.ብቐሊሉ ብኸምኡስ ኣይግነን፣ ኣያኒ,abuse,abuse,abuse,abuse,abuse
1539864881977069571,ኣብ መዓልቲ መርዓኦም ዝተኣሰሩ መርዓውቲ : #መርዓት ጓል ክልተ ስውኣት ተጋደልቲ እያ :: ኣብ ዘመነ ግብረ ሽበራዊ ጉጅለ ህግደፍ ዘይተፈጸመ ግፍዒ የለን :: #Eritrea,hate,hate,hate,hate,hate
1594385035888582656,ትግራዋይ ደኣ ጥላማት መርሕታ ሒዛ ኣን ኣምናን አና ናብ ዝደለናዮ ኽንከይድ ምን ይእውደና ኣሉላ ሓሳዊ እታይ ይምልኸተካ,hate,abuse,abuse,abuse,abuse
1587908875285585926,@USER ህግደፍ ኣብዚ እዋን ????,normal,normal,normal,normal,normal
1482606393962246149,@USER @USER ሳዕሪ ይበልዑ ነሮምሞ፥ ሳዕሪ ክንበልዕ ኣለና ከይትብለና። ዕብዳን ኣብ ደገፍቲ ህግደፍ ን ኣብዛ ሕብእቲ ሰልፍ ኣብ ተቃወምቲን ዘሎ ሕሉፍዩ።,hate,hate,hate,abuse,hate
1640282329250770949,@USER ወዶ ገባ ስብሓት ነጋ!!!!! ናይ ኣማኢት ኣሻሓት ደቂ ትግራይ-ኢትዮጵያ ሂወት ተሓታቲ እዩ ዚ፡ ፈራሕ ሙሽሙሽ,abuse,abuse,abuse,abuse,abuse
1478219712697937922,ATV: ኣብ እስራኤል ዝርከቡ ከብቲ ህግደፍ ብህላ የእዱግ ኢትዮጵያውነተይ ክብሉ ብእንድድሽ ሓቀኛ መንነቶም እንክገ . via @USER,hate,hate,hate,abuse,hate
1493438992800534533,@USER @USER @USER እንታይ በኸይቲ፣ ለመንቲ ዓሌት ኢኹም?,hate,hate,hate,hate,hate
1579194320384507904,ዘተ ብዛዕባ ግፍዕታት ህግደፍን ኣበሳ ኩናትን ምስ ተኸተልቲ ፕሮቲስታንት ኣገልጋሊ ሰለሙን ደበሳይን ኣገልጋሊ ሳሚኤ . via @USER,hate,hate,hate,normal,hate
1645997016877506561,@USER የአ.አ ዳቦ ፋብሪካ፣ ናይ ት/ት ቤት ወንበር ከይቀረየ ናብ መቐለ ተወሲዱ ኢሉ ኣብ መጽሓፉ ብምጽሓፍ ናይ ትግራይ ንብረት ንምጒሓል ቅድሚ ማንም ዝሰበከ ከዳዕ ሰብ,hate,normal,abuse,abuse,abuse
1598451881285767177,ኤርትራዊ ኣይዋሽም፡ኤርትራዊ ኣይሰርቅም፡ኤርትራዊ ይስራህ ሰው ነው ንሳ ኮ ኤርትራዊት ናት ንሱ ኮ ኤርትራዊ ነው ዝበሃል ብ ካልኦት ዜጋታት ኢትዮጲያ ብ ወያነ ግን ደም ክነብዕ ተገዲዱ,hate,hate,hate,hate,hate
1488602165337862148,@USER @USER ዝቀረዩ ካልኦት! ከመይ ወደይ ተቀርቂርካ ጥፋእ! ሓሳዊ ንህዝብካ ግን ሓቀኛ ኢካ ንሱ እንድዩ ሕላገትኩም::,hate,abuse,abuse,abuse,abuse
1490604149439873029,@USER @USER ህ.ግ በጽዋሩን ሰቡን ንወያነ ሓንጊሩ ኣራት ኪሎ ኣእትይዋስ ንትግራይ ጥራይ ዘይኮነ ንህዝቢ ኢትዮጽያን ንባዕሉ ንወያነ መንግስቲ ዝገበሮ ህ.,hate,hate,hate,normal,hate
1553309582390222849,@USER @USER መንደላይ ወይለካ ከዳዕ እዩ ዚብል ዘሎ,abuse,abuse,abuse,abuse,abuse
1609386805090213890,@USER ሸቀት ብ ቆልዓ ሰበይቲ ዶ ብ ህዝቢ ይትረፍካ፡ ኣብ ካብዚ ክንዲ እምባ ዝኮውን ናይ ጎይቶትካ ጌጋ ተማሃር ፡ ድሁል ሃዳሚ,hate,abuse,abuse,abuse,abuse
1561647795165175808,@USER @USER @USER @USER ትርኢትካን ስምዒትካን እፈትዎ እየ ። ምልኩዕን ሰብኣይን,normal,normal,normal,normal,normal
1616506133547520021,ብስንክልና ብመስዋእቲ ሓማሴኖት ኣብ ስደት ረሳሕ ሂወት ስደት እንዳሕለፍክን ኣብ ስደት ክትዋራዘያ ቆራዲዲ ዘይትአትዎኦ ኩናትን ሓውን ክትሕንጭጫ ስድራ ቤትክን ሙሉእ ንስደት ፈርጢጥክ,abuse,abuse,abuse,abuse,abuse
1631598943107706883,@USER @USER @USER አብ ዘለኻዮን ዝኸድኻዮን ምሳኻ አለና ብመንፈስ።ዓወት የሰንኻ ጽንዓትናንን ሐድነትና ዋሕስ ህላወና።ዝዓበና ብጾሎት ዝነአስና ብጉልበት ንኹሉ ከነጽርዮ ኢና።,normal,normal,normal,normal,normal
1487301818208108548,??? #Eritrea ህግደፍ መንደፍ ክንብል ኮለና ኮ ስቕ ኢልና ኣይኮናን ::??,hate,hate,hate,hate,hate
1580621944759541761,@USER ክላ ውጅቡር ኣባል ህግደፍ መንደፍ: ከምኡ ኢልካ ትዊት ግበር ኢሎምዶ ዕዮ ገዛ ሂቦምካዶ ኾይኖም .,hate,abuse,abuse,abuse,abuse
1515023588633554944,@USER ጊደዎን ጸይቂ! ናይተን ሰብ ከይሪአን ተሸፊነን ዝልምና ኣዴታት ስእልታት ደኣ ዘይትልጥፍ፣ ህዝቢ ጽቡቕ ኣሎ ጥዒምዎ ኣሎ ዘስምዕ ሕሱር ፕሮፓጋንዳ ህግደፍ ኣቋርጽ,hate,normal,abuse,abuse,abuse
1625784872462700544,@USER ህግደፍ ከምዘይትትስእ ከም ታይምል ታይገር ቁልቁል ኣፍካ ቀቢርካ ዩ ።,hate,hate,hate,abuse,hate
1588256713941323776,@USER ተረፍ ብስጭትክን ኢዩ፡ህግደፍ ጉሓፋት ክክክክክክ,hate,hate,hate,abuse,hate
1653890761329369088,@USER ናይ ክንደይ ሞደል የን እዘን መካይን? ሃግርርና ኣብ ግሃንብ የቲኩም ሲ ነጻነት። ስርዓት ፈራሕ፡ ዘይብቁዕ ዲክታቶር ሃገር ትሕተመታሕት የቲዋ ኣብ 32 ዓመት ብዘይፍረ መኪኑ ይጠፍእ ኣሎ,hate,hate,hate,normal,hate
1488590046009643008,ቅዋም ይተግበር ምልኪ ይፍረስ ህዝቢ ኢሪትራ ተባራበር መስልካ ሕተት ካብ ስነሐሳብ ህግደፍ ውጻእ,hate,hate,normal,normal,hate
1523130650768855041,ኣብ ምዕራብ ትግራይ ህዝብና ብተስፋሕፋሕቲ ኣምሓራ ክልተ ግዘ ብሂወቶምን አስካሬኖምን ብሓዊ ተቋፂሎም፣ ናብ ሩባ ተደርቢዮም፣ ብእሰካቫተር ምስ ሂወቶም ቀቢሮሞም፣ እኖታትና ብጉጅለ ደ,hate,hate,hate,hate,hate
1536352047162970114,@USER ቲኤምች ስለምንታይ ኢዩ ስለ አቶም ዘይጽብጽብ ? ናትና እንብሎ ሚድያ ጸጥ ኢሉ እናሃለወ ቪኦኤ ቀዲሙ ክጽብጽቦ ዘሕፍርዩ። ድሮ ናብ ኢትዮጵያ ሚድያ ሃዉስ ተቀ,hate,normal,normal,normal,normal
1582119807607918592,መስዋእቲ መቑሰልቲ ላዕሊ ታሕቲ ድኻም ፤ ጥሜት ፃምእ ቁሪ ኣብ ርእሲኡ ሕማም ። ክንደይ ዋዕሪት ጅግኒት ቁርፂ ሞት መኼዳ ሓዲጋ ዉላዳ ፤ ክንደይ ዕፈይ ብርኪ ሓፂን ሊሎ ሓድጊ ታሪኽ,normal,normal,normal,normal,normal
1615489768791629825,@USER ረሳሕ ሓንጎል ዝውኒን ጎረቤት መራሒ አድጊ ተሓጺቡ ናብ ሓመዱ ትግራዋይ ተማዒዱ ናብ ልማዱ,hate,hate,hate,hate,hate
1548326884995317762,Solo Media ኪሮስ ሌባ ሌባ እንተበልዎስ ሉባ ሉባ ዝበልዎ መሲልዎ via @USER,abuse,abuse,abuse,abuse,abuse
1592624519495430144,@USER የማነ ዘይ ትሓፍር ከ ብኻ ህግደፍ መሕፈሪ የብልኩምን ፡ንስኻትኩም ደኣ ክትሃንጹስ ይትረፍ ዝተሃንጸ ተፍርሱ ፡መብረስቲ ህዝብን ሃገርን ። ህዝቢ ኤርትራ ን 31 ዓመትን,hate,hate,abuse,abuse,hate
1487973303708962822,@USER እዞም ሰይጣውንቲ ሰብ እንዳቐተሉስ ኣይሰረቑን ወይ ኣይበልዑን ክብል ኣይደፍርን ግን እዚ ጽሑፍ ናይ ህግደፍ ኣይመስለንን:ምኽንያቱ እቲ ላህጃ ኣይራኸብን:ምስ ሰናይ ኣኽብሮት::,hate,hate,hate,abuse,hate
1594755826278875146,@USER ኣታ በላዒ ሰብ ኤርትራዊ ። ቡጅቡጅ ቀታሊ ህፃናትን ኣዴታትን ገባርን ። ጅግና እንተትኸውን ኔይርካ ንምንታይ ዳኣ 20 ዓመት ሙሉእ ተኾርሚኻ ኣሕሊፍካዮ ። ኣታ በላዒ ሰብ ። ረሳሕ ኤርትራዊ,hate,hate,hate,abuse,hate
1592645826882711552,@USER ክክክክክክክክክ ሩኹስ ሓሳድ ቆማል ዓጋመ ::ሕጂ ምስ ጎይተትካ ጃንዳ ወያኔ ክትቅበር ኢኻ ቀይሕ ባሕሪ ክኣ ኢልክን ትጽዉዓ ::ክበጽኦ ድኣ መንደላይ ኣሎ ::ክክክክ,hate,hate,abuse,abuse,hate
1487737102896934912,ደቂ ሰባት ንምሕጋዝ ከም ሰብ ምሕሳብ እኩል እዩ። ልፍንታውያን ወረርቲ ብዕፅዋን ክባን ንጥሜትን ሞትን እንተቃልዑ ከም ሰብ ዝሓሰብ ፍጡር ግን ብቃንዛ ካልኦት ደቃስ ይከልኦ።,hate,normal,normal,normal,normal
1487342008238751745,@USER @USER ኣየ ጭፍራ ማለሊት ነዚ ድዮም ማንካን ፋርኬታን ዝበልዎ። ነግሩ ወያነን ጭፍረኦምን ማንካን ፋርኬታን ስለ ዘይፈልጡ እዮም።ኤርትራውያን ፓስታ ብማንካ እዮም,hate,hate,hate,hate,hate
1523392865426341888,It is our duty to help the great Eritrean???? artist #WediTekul . ንጅግና በሃር ስነጥበባዊ ተጋዳላይ ኣቦናን ሓውናን #ወዲትኹል ንምሕጋዝ ኩልና,normal,normal,normal,normal,normal
1486034859499798534,ERISAT 2: ህዝባዊ ግንባርን ወያነን ናይ ታሪኽ ከሓድቲ እዮምን | ብ/ጀነራል ተኸስተ ሃይለ | General . via @USER,hate,hate,hate,hate,hate
1490058982660182016,@USER ሩኩስ ናይ ህግደፍ ከይ ራኣካስ ብሚሎናት ዝሃልቕ ዘሎ ህዝቢ ኤርትራ,hate,abuse,hate,abuse,hate
1608745223076876288,@USER ክላ ወድዛ ጠበቅ: ንዓካስ መን ምኳንካስ እዚ 30 ዓመት ከመይ ጌርና ኢና ዘይንፈልጥ ኔርና: ሓሳድ ቁርዲድ: ጠበቅ,abuse,abuse,abuse,abuse,abuse
1484623226261098502,@USER እዚ ናይ 60ዓመት ታሪኽ ጠላማት ዝበዝሕዎ ህዝቢ ፈጢሩ ቁኑዕ ህዝቢ ክትፈጥር ከኣ ልዕሊ 60ዓመት ከድሊ እዩ መን ከ እዩ ቁኑዕ ክፈጥር ጎባጥ ዝመለኦ ዓዲ,hate,hate,hate,normal,hate
1514659969089646596,ሕውሓት ናይ አቦታትና ባህሪን መሬትን ሸያጢ ከዳዕ ሃሳድ መንግስቲ ኢትዮጵያ ምስ ህወሓት ዋላ ሓንቲ ባእሲ ከምዘይብሉ ብዙሕ መርትዖታት ምቕራብ ይካኣል እዩ ታይዳኣ ህዝቢ ትግራይ ንም,hate,hate,hate,hate,hate
1634579981010448387,@USER መታለልቲ ህዝቢ ትግራይ 1 ሚሊዮን ዘጥፋኩምዎ ኸ መአስ እዩ ዝዝከር?,hate,hate,hate,hate,hate
1597281221217644549,@USER @USER ሕቶ ኣይመለስካን፡ ነቲ ሓመድን-ማይን በጽቢጹ ዝሰቲ እንስሳ ዓጋመ እንታይ ኢና ለሚንናዮ? ነቲ ሓመድ ፍሒሩ፡ ቀልቀል ኣንቂጹ፡ ዝቕለብ፡ ድኻ እንስ,hate,hate,hate,hate,hate
1490819696156983297,@USER ክላ ሱቅ በል ኣርትፊሻል ዓጋመ: ያኢ ለባም ኮንካ ዲኻ ብዛዕባ ልቦና ክትነግረና: ብዛዕባ ሃገርን ሃገራውነትካ ቅድም ኣጥዒኻ ፍለጥ: ካብኡ ምስ ጀጋኑ ዓደይ ክትዛረብ,hate,hate,hate,hate,hate
1503117970985299969,@USER ኣማኑኤል ማለት ሓደ ካብቶም ካብ ሰብኣውነት ናብ ህግደፋውነት(ሰይጣናዊ ግብሪ)ከይዝንብል ዱልዱል ማእገር ዝኾነኒ ተባዕን ቅኑዕን ሰብ እዩ:ኪኖ ምስጋና ካልእ ዝወሃብ እንተሎ ክህብ እውን ድሉው እየ!!!,hate,hate,normal,normal,hate
1554583253947932672,ATV: ህግደፍ ኣብ ካርቱም ብህዝቢ ንእትካየድ ነጻ ቤትምህርቲ ስደተኛታት ንምቊጽጻር ከካይዶ ዝጸንሐ ውዲታዊ ሽርሕታት ንቑጠባዊ ጸገማት ህዝቢ መዝሚዙ ኣግሂዱዎ,hate,hate,hate,hate,hate
1494768026486513667,ባጽዕ ሽኮር ዝዝክራ ሲኤና?ህግደፍ ሓሶት ሃይማኖቶም,hate,hate,hate,hate,hate
1489313354804084740,@USER ህግደፍ መዓስ ፈጥርዎ ንዕኡ ሕተቶ:: ኤርትራ ካብ ምስረታ ጣልያን ኣትሒዛ ኩቡር ባህሊ ስነምግባርን ዘኹርዕ ኤርትራዊ መንነት ነይሩ :: ሻፍቱ ስልጣን ምስ,hate,normal,normal,abuse,normal
1617018588287668225,@USER @USER @USER @USER @USER @USER @USER ኣየ ሓሳውያን ህግደፍ ብዘይካ ምሕሳውን ድንቁርናን,hate,hate,hate,hate,hate
1611548754838179840,@USER ንሕዝቡኩም ኣይተታልሉ። ሻዓብያን እምሓራን ንንጹሕ ሕዝቢ ዝቀትልሉ ምክንያት የብሎምን ብዘይኻ ካብዚ ጁንታ ክካላክልሎም። ሕዝቢ ትግራይ ኣይትዓሹ ነዞም ጸረ,hate,normal,hate,hate,hate
1651736719861923847,@USER @USER እዋእ ባዕሉኹምዶ ኣይኮንኩምን የሕዋት ኢና ጭፍላቕ ክልል ዓጋመ ካልኣይ ገዛኹምዩ፡ ድኻ ጭፍላቅ ክልል ትግራይን ሃገረ ኤርትራ ምስ ባ,hate,hate,hate,hate,hate
1612998428061216768,@USER ሎምስ እባ ኤርትራ ከይበልካ ወዲእካ መልእክትካ:: ቀጽሎ በል መልእክትኻ ናይ ዓድኻ ጥራይ ይኹን::,normal,normal,normal,normal,normal
1634600196163108867,@USER ዓሻ ድየ በራኪ?ቅድሚ ሕጂ ቁማር ኢልካ ?ሕጅ ከአ ንዝብኢ?ወርቂ ብሻ በሊዕካ ዬአክለካ,normal,normal,abuse,abuse,normal
1629426218264084481,@USER ነዛ ኤሪ-ጥራያ በርሳስ ዲኻ ዓደይ ትብላ ዘለኻ ክክክክክክ እስከ ቅድም ንስኻ ኪድ እተዋ ኣርእየኒ። ኣብኡ ኮንካ፡ ንዓ ናብ ዓድኻ እቶ! በለኒ። ሬሳ!,hate,hate,abuse,abuse,hate
1512861669504004103,ግብረ ሽበራዊት ጭፍራ ህግደፍ ወሪራ ቆርበታ ምስ ተቐልጠት : ክተት ትብል ኣላ ?? #Eritrea #Tigray,hate,hate,hate,hate,hate
1653093182337429505,@USER @USER ብዛዕባ እዚ ኣብ ዓዲ ሃኒጽዎ ዘሎ ከኣ ኣዘክርዎ ኢኹም ነዚ ዘልዛል ሓሳዊ ፕሮፖጋንዲስት??,abuse,abuse,abuse,abuse,abuse
1562363023494463488,@USER @USER ህግደፍ መንደፍ ፀረ ህዝቡ ንህዝብኻ ዘየሕንደኻዶ ንህዝቢ ትግራይ ክትገድፍ ግን ቅልፅም ህዝቢ ትግራይ ኣብ ዝኣተኻያ ኣትዩ ኣይለቀካን አንታ ሰራቂ ማንካ ።,hate,hate,hate,hate,hate
1492601642059022342,@USER @USER ዘበን ግርምቢጥ ኮይኑ #ኤልሳ በልዎ ማለት እንታይ ማለትኪ ኢኪ ንኤርትራውያን ኣብ ምዓስከ ዘለዉ ተዛሪብኪዮም ኣይትፈልጥን ንወያነ በየ,hate,normal,normal,abuse,normal
1596544527090712576,ካሕዳምን ስዕርትን ህወሓት ድጋፍ ብልፅግና ዝምልከት ኣብ መቐለ ሰልፊ ኣካይዳ! ፅንሕ ኢላ ንህግደፍን ን ኢሳያንስ ዝድግፍ ስለፊ ከም እትገብር ይግመት!,hate,hate,hate,hate,hate
1562890883082555392,@USER ኦይ ካብ እዞም መንድዓት ሃገር በሰላ ታሪኽ ዲኺ? ኪዲ በሊ mute ሂበኪ ኣለኹ።?? ረሳሕ።,hate,hate,abuse,abuse,hate
1652889622353965059,@USER ኣታ ጨምላቕ 360 ቤት ማእሰርቲ ዝሃነጸ መራሒ ሒዝካ ኣንጻር ህዝብና ዓጢቕካ ኣለካ፡ ሎሚ ጽባሕ ኣይኮንን፡ ክትሕነቕ ኢካ ወዲ ዛ ረሳሕ,hate,abuse,abuse,abuse,abuse
1548397576667275266,ተጋሩ ሓንቲ ክትርዱኡዎ ዘለኩም ኢሳያስን ስርዓቱን ክሳብ ዝሃለዉ ህዝቢ ትግራይ ቀሲኑ ክሓድር ማለት ዘበት ኢዩ። ህግደፍ ብተጋሩ ምስዓሩ ማለት፡ ህዝቢ ኤርትራ ጥራሕ ዘይኮነስ ፡እቲ ብ,hate,hate,hate,normal,hate
1488458670774104065,@USER ዶር፡ ኣቢ በጃኻ እቶም ዝጠፍኡ ዘለው ኣሕዋትካን ደቅኻን ወለድኻን እዮም ። ናብ ልብኻ ተመለስ። ንህዝብኻ ከሓሶ። ጀሚርካዮ ዘለኻ መገዲ ሰላም ቀጽለሉ። ታሪኽ,normal,normal,normal,normal,normal
1514775885261332489,@USER ገጹ ትከወል ኣዲኣ ገዲፉስ ሓትናኣ ትናፍቕ ከምዝባሃል ነቶም ንኾርዓሎም ጀጋኑ ቡጽቱ ነበር ብጽት ህዝባዊ ግንባር ገዲፉስ ናይነገር ከዳሚ ብጻይ ደብረጽዮን እማ ብጻይ,hate,abuse,abuse,abuse,abuse
1504187377807466506,@USER መስቆርቆሪ፧ መንዩ መስቆርቆሪ፡ ሓባል በልያ ከይቕድመኪዶ ጌርካያ ሓቀይ፧ ወይ ድማ፡ ብኣምሓርኛ፡ ሌባና ቆቅ፡ ስሙ እየጠራ ይሄዳል። ይብሃል። ሽምካ ዲኻ እንዳጸዋዕካ ትኸይድ ዘለኻ፧,abuse,abuse,abuse,abuse,abuse
1511438206063030274,@USER ማሕበራዊ ማዓርነት ኣብ ርእሲ ልግደፍ ነቲ ሃብታም ኣድኪኻ ን ድኻ ድኻ ምዃንካ ክትጸድቕ ኢኻ ይብልዎ ።,hate,hate,normal,normal,hate
1643750908763996161,@USER ምንም ሕፍረት ዘይብልኩም እዚ ኩሉ መንእሰይ ልዕሊ ሓደ ሚልዮንፈረቓን ኣጥፊኩምስን ትማራረጹን ትዋዳደሱን። ምዃንእኳ ደይ ንኸብድኹምን ንምዕራባውያን ምግልጋልን,hate,hate,hate,normal,hate
1495282393707520004,@USER እዚ ሰራቂ ናይ ሓሶት ጀነራል አብ ጉድጋድ ናይ አናጹ እንዳ ተሓብኣ መንእሰያት ትግራይ የጥፍእ አሎ።,hate,abuse,abuse,abuse,abuse
1613012318383931393,ERISAT 2: ህግደፍ ንኣወል ሲዒድ ነዚ መድረኽ እዚ ብቁዑ ኮይኑ እዮም ረኺቦሞ ኻልድ ዓብዱ via @USER,normal,normal,normal,normal,normal
1607446810028826626,ናይ ኩሉ ግዜ ሓሳዊ?ጸላኢ ህዝቢ ኤርትራ,abuse,abuse,abuse,abuse,abuse
1497491631137857546,@USER ባባ ኢሳያስ ሕጉስ ኣይኮነን። ከመይ ጌሩ ከምዘፍርሳ ከይደቀሰ ክሓድር እዩ። ንኣይ ዝቋወሙኒ ሓደ ከባቢ እዮም ዝብል መራሒ ክሳብ ክንደይ ፈራሕ ብነብሰ ምትሓት,hate,hate,abuse,abuse,hate
1636614181787926528,@USER ርእሲ ተጋሩ እንታይ ዓይነት ሓንጎል እዩ ሒዙ ዘሎ ዝገርም እዩ፡ እዚ ኩሉ ዕንክሊል ወያነ ፈጢርዎ፡ ንህዝቢ ኣብ ኩናት ኣጥፊእዎ፡ ሕቶኻ ናብ ወያነ ዝቐንዐ ክኸውን ኔርዎ፡,hate,hate,hate,hate,hate
1530479158303891464,ኤርትራውያን ነፃ ዝወፅሉ ዕለት ከክብሩ ከለው! ወዮ ጁንታ ናበይኸደ ናብ ጉድጓዱ ተቐቢሩ! ኣይበልናን ዶ . እንኳዕ ንናፅነት ማዓልቲ ኤርትራ ኣብፀሐኩም ዶ በሉ #DWtv,hate,hate,hate,hate,hate
1636463819575664675,@USER ኣንታ ሃሳስ ውላድ ወያነ: ሰሪሕና ሓሪስና ስገም ትግራይ ክንበልዕዶ ከይትብል። ካብ ተኾብቲ ትመርጽ። ህዝቢ ትግራይ ተወጺዕካ ብዓል ዳንኤል ብርሃነ ኮይኖም,abuse,abuse,hate,abuse,abuse
1502578160663207938,ኣብዝሓፀረ እዋን ስርዓት ህግደፍ ምእላይ ልዕሊ ኩሉን ቅድሚ ኩሉን ዋኒንና ክኸውን ይግባእ full stop ??,hate,hate,normal,normal,hate
1501956422283628545,እዚኣ ኢያ ኤርትራ ኣብትሕቲ ህግደፍ ንደቅንስትዮ ክብረት ዘይብላ #8መጋቢት ተኽብር,hate,hate,normal,abuse,hate
1598057453970919424,3 ገፀ ባህሪያት ህወሓት፥ (1) ሕወሓት ንሸዓቢ ረይጣጥ ኣንጭዋ እያ። ኣብ ዝመረፆ ክሳብ መፃወዲያ ኣእጢዩ ፈጥለቕ ዘብላ ኣንጭዋ! ህወሓት ሸዓቢያ እንትትሪ ከም ድሙ ወይ መፃወዲያ ዝረኣየት ኣንጭዋ ናብ ትኣትዎ ይጠፍኣ።,hate,hate,hate,hate,hate
1628628491393540101,@USER ትግራዋይ ለማኒ፡ ሰራቒ፡ ሓሳድ፡ ፍንፉናት ህዝቢ,hate,hate,hate,hate,hate
1655636647848062976,@USER ከዳዕ ንሙኻን ስሱዕ ሙኻን ጥራይ ኣኻሊ እዩ,normal,abuse,abuse,abuse,abuse
1601484343339540480,ህግደፍ ኮነ ኢሉ ህፃውንቲ ትግራይ ብዘይ ዘለዲ ዘክቲሞም ክቀርዩ ገይሩዎም። የሕዝን! ዝሰማዕካዮ ኩሉ ኣቦይ ሞይቱ እዩ ኣደይ ሞይታ እያ ዝብል ቃል ኢካ ትሰቃልዕ ቃንዛ እዩ።,hate,hate,normal,normal,hate
1609855123953442818,ቀደም ወፊሩ ዘይመለኦ ኣቦኻ መንእሰይ ሎሚ ዛዝሞ ባዕልኻ ሂወት ዝሓትት ኣይትግደፍ ድሕሬኻ ጽባሕ ከይከውን ኣምጻዮ ወድኻ ??,hate,normal,normal,normal,normal
1638975364620775462,@USER ካልእ ቋንቋ ተጠቀም ጸማም ሓደ ደርፉ!,abuse,abuse,abuse,abuse,abuse
1553800203169300481,ኣሎ ኣሎ እቲ ትማሊ ንጎልያድ ዘርዓድ ኣሎ ኣሎ እቲ ትማል ምኩሓት ዘስገደ ከይ መስሎ ንዓሻ ከይመስሎ እዚ ህዝቢ ኣብ መትከሉ ዩ ዘሎ ሃሙን ቀልቡን ወ #ዓደይ ዓደይ ይብል ኣሎ,normal,normal,normal,normal,normal
1627737246404157440,ለባም ሰብ ዝዛረብ፣ ዝዝረብ ስለዘለዎ፣ ዓሻ ሰብ ዝዛረብ፣ ክዛረብ ስለዘለዎ። ፕሌቶ,normal,normal,normal,normal,normal
1496885290429988872,ህግደፍ ጨንፈር ሽወደን ጉባኤ ብምክያድ፡ ሓዳስ ኣካያዲት ኣካል መሪጹ።,normal,normal,normal,normal,normal
1618294894149373954,@USER ኣብቲ 86 ኤርትራውያን ድዩ ኣምሓሩ መሪሖም ምምሕዳር ከቁሙ ድልየትካ? ነቶም ኣረመኔታት ጨፍጨፍቲ ሌባቡ ለለ መሪፆም ክሰዱልና? ከምቲ ዝሓለፈ?,hate,hate,hate,hate,hate
1650743480174403584,@USER ዓንጃል ከብቲ በቲ ኣብ ዓድኻ ዘሎ ድያብሎስ ሕስብ ንሶም ሲ ስላም ጌሮም እዮም ኣኸለ ። እቲ ርእስኹም ኣብ ስላም ክነብር ስለ ዘይክእል ዓቅልኹም ጸቢቡኩም ዓንጃል,hate,abuse,abuse,abuse,abuse
1507087781138477076,1 . ምዕራብ ትግራይ 2 . ዛላምበሳን 3 . ኢሮብ 4 . ብስሜናዊ ምዕራብ 5 . ብማእኸላይ ግዝኣት መሬት ትግራይ ብወረርቲ ሓይልታት ተታሒዙ አዚ መሬት ትግራይ ብ ምሻጥ ዘይሕመ ሓይሊ,hate,hate,normal,normal,hate
1560767968753106950,@USER ክትሃድም ንሓለፍቲ ህግደፍ ን?ራሻይዳ ስግረ ዶብ አሻሓት ከፊልካ !?ክትአቱ ?2 . ከፍላካ እንጉይ በል?ኩራዕ ኤርትራዊ,hate,hate,hate,hate,hate
1652778439311597571,@USER @USER @USER ህግደፍ ምስ ጥሪቶም ሕሱራት ሓሲሮም ሃገርናን ህዝብናን ኣሕሲሮሞ,hate,hate,hate,hate,hate
1564871998974590976,@USER @USER @USER @USER @USER @USER ብዛዕባ አብዚ ቀረባ ብልጽግና ዝሰጎጉዎም ናይ ህግደፍ ኮንትራባንዲስት እዩ ዝዛረብ ነሩ።,hate,normal,abuse,abuse,abuse
1501983388110053380,@USER @USER Bro ንዓኻ ናተሰከፍኹ ክሳብ ምንም የበልክዋይ ግን ፍቃድኹም ተኾይኑስ ኣይነህፍረኩምን,normal,normal,normal,normal,normal
1641555119262031874,@USER ኦይ ጎሓፍ ካባኻስ ተዛሪብካ ኢኻ ጓል ዲኺ ወዲ ወላ ክልቲኡ ??ቆፍቃፍ ዓጋመ ስነሓሳብ ዓጋመ ዘለዎ ውን ዓጋመ ኢዩ ንዓና ለማኒ . ??,hate,hate,hate,hate,hate
1492208919627841541,??#TigrayGenocide ዲጂታል ወያነ ታሪኽ ዝሰርሐሉ ጊዜ ሕጂ እዩ ኣውሮጳ እንነብር ተጋሩ ብራሰልስ ፊትንፊት EU February 17/2022 ሰልፊ ክግበር ትግራይ ትፅወዐና ኣላ,normal,normal,normal,normal,normal
1600006747954958336,@USER ረሳሕ ሓንጎልን ሰይጣናዊ አተሓሳስባን ጥራይ እዩ መሊሱ ጸላእትኩም መሊኡ የጥፍአልኩም ዝብል ከም ምረቃ ዝሓስቦ . ንተጋሩ ከም ህዝቢ ዝጸልእ ንነብሱ,hate,hate,normal,abuse,hate
1622880814789799936,#መቐለ ሰራሕተኛታት ባንኪ ንግዲ ኢትዮጵያ ንህዝቢ ግልጋሎት እንትህቡ! #TDF ??ይመስገን,normal,normal,normal,normal,normal
1487174430178652162,@USER ፋሽሽታውያን ኢሳያሳውያን/#Isaiasists ጸረ ሰላምን ድሕነትን ህዝቢ ትግራይ ጥራይ ዘይኮኑ፣ ጸረ ህዝቢ ኤርትራ ውን ኢዮም። ብሓፈሻ ኤርትራዊ ሃገራውነት,hate,hate,hate,hate,hate
1632294690425913344,@USER ጽንዓት ይሓብካ ኢልና ከይወዳዓና ልደት ጒልካ እንዳበልካ ትእንድር ጉዑዙይ ሓውኻ ደይኾነን ተረሺኑልካ ቀረባ ግዜ?,abuse,normal,abuse,abuse,abuse
1549447479267102724,ነዚ እናረኣዩ ንኢሰያስን ኣምሓሩን ገዲፎም ምስ ተጋሩ ዝበኣሱ ኤርትራውያን ምህላዎም ኣዝዩ የሕፍርን የደንግፅን። ናይ እንዳ-ህግደፍ ድንቁርና ዝገደደ ኢዩ!!!,hate,hate,hate,hate,hate
1500568111916933125,#ድኻ ኣተሓሳስባ እንበር #ድኻ ሰብ የለን ድኽነትን ሃብትን ኣብ ርእስ ሰብ እዩ ዘሎ:: ብድኽነትኻ ንባዕልኻ እንበር ንመግስቲ ኣትውቀስ!! #መፅሐፍ ቅዱስ: #ምሳሌ: 10:15 ን,normal,normal,normal,normal,normal
1487552004662702088,AAN ትበሃል ሓሳዊት ቻነል ብብርዒ ስም ማትዮስ ዘልኣለም ዝጥቀም ናስር ዑመር ከም ዝዝውራ ትፍለጥ ንG15 ኣብ ዝተኣሰርሉ ኣብ ወጻኢ ኮይኑ ዝጎስገሰ ዓንደብርሃ ክትሙጉስ ንዶ/ር ተ,hate,abuse,abuse,abuse,abuse
1605233884303613952,@USER ናይ ትግራይካ ግበር ወያነኻ ሰብ ብሂወቱ ኸሎ ይሓርድ ኣሎ,hate,hate,hate,hate,hate
1490083973011283972,ኣብ ዞባ ማእከል፡ መንእሰያትን ተመሃሮን ዝግብ፡ ወፈራታት ልምዓት ኣካዪዶም። ኣብ ዞባ ማእከል፡ መንእሰያትን ተመሃሮን ዝግብ፡ ኣብ ምዕቃብ ማይን ሓመድን ምጽጋን መስመራት መጓዓዝያን,normal,normal,normal,normal,normal
1627003019417030658,@USER ዓመት ዓመት ክደግማ እዩ ኣምባሳደር ኢትዮጵያ ኣብ ኤርትራ ኣደድ,normal,normal,abuse,normal,normal
1492634515969245184,ምስ ኢንተርፖል፣ ዩነስኮን ኢበይን፣ ብምትሕብባር ነቶም ወረርቲ ዕዳጋ ብምዕፃውን ብምርመራ ናብ ሕጊ ብምቕራብን እቲ ቅርስታት ትግራይ ንዓዱ ክምልስ ዝካኣለሉ ዕድል ስለዘሎ ኣይትዓድጉዋ,normal,normal,normal,normal,normal
1608386241896091648,@USER @USER ህግደፍ ?ቅዋም?ሕጊ?ፖሊስ አልቦ ጉጅለ ?መጨረሽታ ካብ ዓለም ተነጺልካ ሕልምልም,hate,hate,hate,hate,hate
1616125725156818965,@USER @USER @USER ሓራምዝ ክብኣሱ ሳዕሪ ይጉዳእ። ብሰንኪ ናይ ክልቲኣቶም ምትፍናን ኣብ ክልቲኡ ሃገራት ዝነበሩ ሰላማዊያን ሰባት ረዚን ዋጋ ከፊሎምን ይኸፍሉ ኣለዉን።,normal,normal,normal,normal,normal
1544017181620543493,@USER ኣድላይነት ህንድስና ኣይርኣየንን። ኣብ ልዕሊ እቲ ስልጡን ህዝቢ ንዕቐት ኢዩ። ዝጸንሐ ክብርታት ስለዘሎ ናብቲ ሰናይ ባህልና ንመለስ። ህግደፍን ስነሓሳቡን ይጸረግ።??,hate,hate,hate,hate,hate
1614212311404904453,@USER @USER ሀገር ተወሪራ ህዝባ ተፈናቂሉ ትግራይ ትስዕር እልካ ምጭዳር እንታይ ማለት ሙኻኑ ዘትፈልጥ እንተ ኮንካ፡ ብጠጠውካ ዝሞትካ ዉዱቅ ኢካ #ጠላም #ኸዳዕ #ኸዳሚ,hate,abuse,abuse,abuse,abuse
1482455593013157893,@USER ናይ ህግደፍ ጁባ ንምህጣር ኣብ ንግዲ ሓሽሽን ዕጸፉርስን ኣብ ኣመሪካ ክትተሓባበሮም ዝለጋገብዋ ዘለው ናይ ረብሓ ሰብ እያ ።,hate,hate,hate,abuse,hate
1492562799821832192,@USER @USER @USER ወዲ በራድ ባዕሎም እዮም ተኻቲኾም ዓጋመ ገለ መለ ምስ በልኩም እንሆ መን ዓጋመ ዘይኮነ። ኢሱ ወዲ በራድ ምስ ከደ ከምዚ ከማኻ ደይ ዓጋመዮ ኔሩ ክትብሉ ኢኹም።,hate,hate,hate,normal,hate
1499142473653886983,EmbassyMedia - ሃገረ ጻዕሪ ሃገረ ክብሪ ቃል ስውእ ተጋ/ኣልኣሚን መ/ስዒድ ጻሓፈ ህግደፍ Herois . #EmbassyMedia #Eritrea,normal,normal,normal,normal,normal
1500319709778042880,ዓሻስ ክንዲ ዝስተር ይግተር ይብሉ ኣቦታትና። ደገፍቲ ወልቀ-መካኺ ከኣ ሎምስ ዝርገጽን ዝጭፍለቅን ዘሎ ህዝቢ እሞ ይጽንሓልና፡ ኣመሪካኮ.ኣርኢናያ ስብእነትና። ንሩስያ መሪጽና ይብሉና ኣሎዉ። ሰብኣውነቶም ዝሸጡ።,hate,normal,hate,hate,hate
1561128256568451073,@USER @USER ዳሃይ ጀርመን ከመይ ነይሩ??ይህግደፍ መዓልታ ኣኺላ ??,hate,hate,hate,normal,hate
1607221502331744256,@USER @USER ሕዚ ነታ ሓቂ ካብ ከባቢኻ ኣልሽካ ረኺብካያ።መዋእልኹም ብስደት ዓለም ስለዝትፈልጠኩም ውልቀ ስሕት ኢሎም መንገድኹም ይጥቀሙሉ ይኾኑ።,hate,hate,normal,abuse,hate
1598601240036147200,ትግራዋይ ዝኾነኻ ኹሉኻ እዚ ኣብ ግምት ኣእቲና ቃልሰናን መደብናን ኣፅንዒና ንቃልሰ። ህግደፍ ከይጠፍአ ሰላም ትግራይ ኣይሕሰብን። ባህጊ ህግደፍ ኣብዚ ሊንክ ኣለኩም,hate,hate,hate,hate,hate
1648892234983407617,@USER ቆማል ዓጋመ ምስዚኦም ዝገበሮ ዝርርብ ከ ናበይ ከተብሎ ደሊኻ ሓሳዊ ??,hate,hate,abuse,abuse,hate
1550385329449979904,@USER @USER @USER ድሁል ናብ ኤርትራ ዝመጸካ አይነበረን ንስኻ ግን አብ ጥራሕ ጎልጎል ሐለዉለዉ ትብል አለኻ አብ እንዳማትካ ዓዲ አቲኻ,hate,abuse,abuse,abuse,abuse
1568153477158768643,@USER ቆላ ተንብን ሙርኩስኻ ሒዝካ ኪድ ድያቅን፡ ጋዘጠኛ ፡ ሓሳዊ፡ ፍጥረት ኢኻ ስታለን።,hate,abuse,abuse,abuse,abuse
1592636052912889856,@USER ኣበይ ያ ኣለኻ ዘይበልዎስ ኣብዚ ኣለኹ በለ ታዋይ ኢዩ እዚ ጋንድያ ኣብ ዓድማቱ ኣቲዩ ዝፍትፍት ? ናይ ዓድኻ እንዶ ግበር ሁከት ??,hate,abuse,abuse,abuse,abuse
1559591432935055361,@USER ወዲ በላይ ዘለቀ: እስኻ እንታይ ኢኻ: ግርኑብ ሆላንዳዊ ወይስ ግርኑብ ጀርመናዊ? ህግደፍ ምስ ኮራኹራ ምስ ጉጅለ ተወልጄ ድኣ ፈጥፈጥ እንድያ ኢላ ኣብ ሆላንድ:: ኣድጊ!,hate,abuse,abuse,abuse,abuse
1492427749218295808,@USER ሻዕብያ ኣብ 1991 ንሽዋ ብምልእታ ክቆጻጸራ 13 መዓልታት ኣይወሰደሉን። ወያነ ግን ኣብ 13 ኣዋርሕ እውን እንተኮነ ክሕዛ ኣይከኣለን ጥራይ ዘይኮነ ናብ ደጀኑ,hate,hate,hate,normal,hate
1599833553797525504,@USER @USER ውሓጦ እቲ ዘለካዮ ድኣ ከዳሚ ህግደፍ መንደፍ,hate,abuse,abuse,abuse,abuse
1484423037038792704,@USER @USER ን እዘን ናይ ህግደፍ መድያን መርድእን ቀብርን ጥራይ ድየን ክነግራ ክነብራ??? መስኪን ህዝበይ መጻወቲ ወኻሩ ኮይኑ,hate,hate,hate,abuse,hate
1489110533697646594,ጎረሮኡ ዓፂኻ እትቐትሎ ውልቀ ሰብ ክህሉ ይኽእል ይኸውን፣ጎረሮኡ ዓፂኻ እትቐትሎ ህዝቢ ግን ኣይክህሉን፤ተወዲቡ ክምክተካ እዪ።ስርዓት ህግደፍ ዝመርሖም ፀላእቲ ህዝቢ ትግራይ ድማ ጎሮረ,hate,hate,hate,hate,hate
1558895947739955202,@USER @USER @USER @USER ኡነቋዕ ተወለድኻ ጅግና ሓወይ መማቅርተይ መፃእኻ ይባረኽ ????,normal,normal,normal,normal,normal
1620845348674584577,@USER @USER @USER ኢዳና ዶ የኾነ ኣግንይና ወያነ ብላሽ ምስ ኩሉ ኣባኢስና,hate,hate,hate,hate,hate
1486105214717501447,ዘመን ህግደፍ መግዛእቲ ብቓንቓ ኣደ።,hate,hate,hate,hate,hate
1513034731620900864,ህወሓት ሆይ ከም ህግደፍ ትግራይ ዓዲ ገይርኩም ኣርኩቡና እሞ ዘላኣለምና ክነክብረኩም ትግራዋይ ሰነፍ ኣይኮነን ሻዑ ትግራይ ክትሪእዋ ኢኩም,hate,normal,normal,normal,normal
1490416759060402176,ንኸእትውሎም ንወያነ ። ኤርትራ ሃገረይ ከመይ እሉ ክሓልፈልኪ ምስ ባዓል እዝኦም,hate,hate,hate,hate,hate
1636051866755670016,@USER ጸማም ሓደ ደርፉ! ሰራዊት ኤርትራ መጥባሕቱ ወዲኡ ናብ ሃገሩ ተመሊሱ እዩ።,abuse,hate,hate,abuse,hate
1507663585002102788,@USER እንታይ የእተወካ ብዛዕባ ህዝቢ አልቦ ዝኾነት ዓድኻ ተዛረብ ሳሕሳሕ ድቃላ ::,hate,abuse,abuse,abuse,abuse
1565449674177351680,@USER ህግደፍ ወድቀትኩም ከምዝኣኸለ ፆቡቅ ጌሩ ተረዳካ ኣሎ ባሃመይ::,hate,abuse,abuse,abuse,abuse
1631899259678097410,@USER @USER ዛኪ ኣበይ ኣለኻ ህግደፍ/ሲራክ ካብ ዝቅይር ሽም ጸኒሑ እኮ,normal,normal,hate,normal,normal
1555480636365983744,@USER እሞ ዓጋመ ሓቂ ኢዮም ዝዛረቡ ንዓይ ሓቂ ስለዝጸሓፍኩ ከሙ እንተኢክካኒ ደኣ ! ካብ ሓሳዊ ህግደፋዊ ሓቂ ዝፈቱ ዓጋመ ይበልጽ። ናይ ኣህዛብ ዘይኮነ ሲ ፡ ናይ ሓቅን ሓሶትን ጉዳይ ስለዝኾነ፡፡,normal,hate,hate,hate,hate
1492963381476737024,@USER @USER @USER ዳዊት ህግደፍ ንዚ ኩነትት ክጥቀሙሉ እንተደልዮም፡ ክትርእዮም ኢኻ ብኣሽሓት ክጅምሩ እዮም። እዛ ትዊት ምስቲ ናትካ ርድኢት ወይ ድል,hate,normal,normal,abuse,normal
1514833294562574342,@USER @USER @USER ጽቡቕ ኣለኻ ይዝክር ብሓያል መልክዕ ይጉስጉሱ ነይሮም :: ዝበዝሕ ደቡባዊ ክፍል ሃገርና ወያነ ምስ ሓዘቶ ግን ብወያነ ዝተቐትለ ኣይሰማዕኩን ::,normal,normal,normal,normal,normal
1649789692454354945,@USER ኣብ እንዳ ህግደፍ ከ መን ጹቡቕ ኣሎ ????,hate,hate,normal,normal,hate
1623083773234491393,@USER ምኒን ክትብል ኣብ ዕረ ትቪ ልሚድካ ወያነ ክትብል። ድኹም,abuse,abuse,abuse,abuse,abuse
1544076286619942912,@USER @USER @USER ትግራዋይ ይቃለስ፡ ንስኻ ግን ኢድካ ሂብካ ወዲእኻ ኢኻ፡ ኣንታ ምሽክናይ ድሁል። ሕጂ ኣብዚእ ውሕ ውሕ ምባል፡ ዋጋ የብላን። ኣንታ ጽኑት ብጠጠዉ,hate,abuse,abuse,abuse,abuse
1511378220637163527,ኤርትራዊ መንነት ዝበሃል የለን ኤርትራዊ ዜግነት እነበር መንነት ኣይኾነን ።መምህር ተስፋጽዮን ዕድመ ጥዕና ይሓቦ እነበር ኢሳያስ ፈራሕ ተጻዊቱና ኔሪ ።,hate,normal,abuse,abuse,abuse
1603973309959372800,@USER ሓሳዊ ሕዝቢ ሓሳዊ መራሕቲ ይፈጥር።,hate,hate,hate,hate,hate
1488947257877618689,ጃንዳ ወያነ ብገዛእ ርእሳ 300 000 ኢላ ካብ ኣመነት ዘይተነግረ ወይ ዝሓብኣቶ ከኣ 200 000 ይህልዎ ይኸውን እምበር:: ኣየ ዕንደራ ክንድኡ ኣጥፊኣ ዘይትመሃር ምዄና እዩ ዝገር,hate,hate,hate,hate,hate
1645834381188112384,TMH ናብ ውድቀት መን አብፂሕዋ? ቦርድ ዳይሬክተረት ድዮስ እዛ ዘይትረብሕ መሪሕነት ሕወሓት? ናይ Youtube ዝዋሃባ ዝነበረ ገንዘብ መን ናብ ጅቡኡ የእትዎ ነይሩ? ዘዋፃናዮ ገንዘ,hate,hate,hate,hate,hate
1499492002861400066,ምስ ቀተልቲ ህዝብኻ መባድምቲ ዓድኻን ጓይላ ከፍቶም ሽሽሽ ዝስዕሱዑ ዘለዉ ጠላማት መራሕቲ ወጊንካ ህዝብኻ ንኽፀንት ክሃልቅ ምግባር?? ወስን/ወስኒ ህ,hate,hate,hate,abuse,hate
1600053970877161472,ውራ ንብረትን ጥሪትን - 499 ኣእዱግ፣ 161 ከፍቲ ፣ 94 መኻይን ፣ 7 ሽሕን 657 ደራሁ ብሰራዊት ኤርትራን ፋኖን ተጓሒለን ዛጊድ ቁፅሮም ዘይተፈለጠ ትራንስፎርመራት ፣ ቆፃሪ ማይን መብራህትን ፣,normal,normal,normal,normal,normal
1486084350630408199,ገበን ወያነ ክሳብ መዓስ ኢዩ ብሃገራት ምዕራብ ተዓቢጡ ክሓልፍ!! ንምንታይ ንማሕበረ ሰብ ዓለም ገበናት ወያነ ግልጺ ዘይኮነ ኣብ ማሕበራዊ መድያ ምዕራብ?,hate,hate,hate,hate,hate
1652897519528202240,@USER @USER @USER @USER ህግደፍ ብትክክል እኩልን ትርፉን ገንዘብ ህዝብን ሃገር ሒዙ ክልምን ዒብ እዩ።,hate,hate,hate,normal,hate
1486810593160048648,@USER @USER @USER @USER @USER @USER አዛብእ ቀትሪ ዝተባሃልኩም እኮ ሰሪቅኩም ስለዘይትጸግቡ እ,hate,hate,hate,abuse,hate
1564342383772409867,ህግደፍ ማለት ከም ሕሩጭ ተበቲኑ ካብ ኣደባባያት ሃዲሙ ኣብ ጎቦታት ጢቕጦቕ ዓሪዱ ዘሎ ሓይሊ እዩ። I salut you #ብርጌድ ንሓመዱ።,hate,hate,hate,normal,hate
1595876992163139599,@USER ሃገር ዝህልወካ ንምንታይ እዩ? ኣብ ስደት ኮንካ ክትንየተሉ :: ህግደፍ ምሉእ መልሲ።,hate,hate,hate,normal,hate
1561463793967894528,ንህግደፍን ደገፍቶምን ብኣልማማ ከም ጸላእቲ ዘቐምጥ ስትራተጂ ውጽኢቱ ሓድሕድ ኩናት ኢዩ! #ኤንብኤ #Eritrea,hate,normal,normal,normal,normal
1578091583785893890,መምዘኒ ስልጣነ ሓደ ሕብረተሰብ ፍልጠትን ብስለትን ናይ ኣባላቱ’ዩ። ቃል ምስክርነት ስውእ ጸሓፊ ህግደፍ ኣልኣሚን መሓመድ-ስዒድ። #Eritrea #EritreaPrevails,normal,normal,normal,normal,normal
1509823124069662745,@USER @USER ግርም! ?? የቐንየልና peace ሓፍትና ?? ጽቡቕቲ ንኢሳያስ ትኸውን ሽም :: ኢሳያስ ቅንቅናም ህግደፍ ውን ብምልእታ #ቅንቅናም እያ ::,hate,hate,hate,abuse,hate
1645983724364767239,@USER @USER ኣይዓደሙኻን ድኻ ኮሪኻ? ናይ ኤርትራዊያን እኮ ኢዩ ነይሩ። ጥስጡስ,abuse,abuse,abuse,abuse,abuse
1657835879417749509,እዛ ኩላ ድምጺ ኩን ና ኢላ ኣውያት ካብ ሊብያ ትሰደልና ዝነበረት ኣብ ኤምባሲ ህግደፍ ዳንኬራ ክትገብር እንተ ርአናያ ዝገርም ኣይኮነን??,hate,hate,hate,normal,hate
1477815232189845504,Day 426: #TigrayGenocideዶክተር ትግራይ ዝህቦ መድሓኒት ስኢኑ አብ ቕድሚ ህሙሙ እንትበኪ ካብ ምርዓይ ንላዓሊ መዓንጣ ከብድኻ ዝበትኽ ክህልው አይኽዕልን። ትግራይ አዝዩ,hate,normal,normal,normal,normal
1485691595445915649,አሪትራን ህዝባን በዲለ ደቂሰ ክሓድርየ ኢሉ ዝሓስብ እንተሎ ቊንቊኛ ህዝቢ አሪትራን ህዝባዊ ሰውርኡን ዘይፈልጥዩ ብክልተ ጥርዙ በሊሕ መላጸ ሰጊሩ ስርዓታት ሃይለስላሰንደርጊን ወያነን,hate,hate,hate,normal,hate
1502386276531642385,#ዉሑድ ስሙር ህዝባ ብጰበባን ሽግርን ዘይስነፍ ዝሓለፎ ዘመን ስኑ ነኪሱ ንከዳሚት ወያነ ጥራይ ዘይኮነስ ነቶም ልኣክቲ ማዕቀብን ታህዲድን ኤርትራ ዘይትጰዓድ ሃገር ሰማእታትን ሕድርን,hate,hate,hate,hate,hate
1644816762662158339,@USER እንኳዕ ይሕጎሰካ ገጽ ዓድኻን ገጽ ኣዲኻን ኣቦኻን ኣርአየካ ማዕበል ኣንበሳ፡ ንኹሎም መንእሰያት ብኽቱር ናፍቆት ዓደሙን ስድራቤቶምን እንዳተጨነቁ ከይቀሰኑ ዝነ,normal,normal,normal,normal,normal
1553552713652256769,@USER ድሕሪ ህድማ?ዋጣ ህግደፍ ?ኪድ ነዴካ ሓግዝ ወርቃ ሽይጣ ?ንራሻይዳ ዝከፈለትልካ,hate,abuse,abuse,abuse,abuse
1503185869133467649,@USER ሓሳድ፡ ሓሳዊ፡ ክንደይ ዲክቴቶር ሪኢና እሞ ከምዚ ሰነፍ የለን። ሓንቲ እኮ እዩ ዘይገበረ። ኣብ ቲቪ መጽዩ ዓዲ ዓንያናኢሉ ከይሓፈረ የስተማስል። ደርግ ዘረከቦ 34ትካላትን ፋብሪካን ከማን የዕኒዩወን።,hate,abuse,abuse,abuse,abuse
1516452870597615616,ብወያነ ጊዜ እንቋቑሖ ኣብ ኣዲስ ኣባባ ብ1.25 ይዕደግ ነይሩ ሕጂ ሕጂ ግን ብ10.75 ይዕደግ ኣሎ። በሉ ርኣዩ ጉድ እዩ ተረኺቡ ዝኒሀ።,normal,normal,normal,normal,normal
1643062110333616129,ደገፍቲ ህግደፍ መራሕትና ናብ ኣዲስ ኣበባ ከይዶም ብዝብል ኣብ ኩዳ ዓረዛ ተጸሚዶም እንትትርኢ ሓዱሽ ኣይኮነን። እንተኾነ ግዳ ዘየስተብሃልሉ ጉዳይ ነዞም ኣብ ልዑል ጸፍሒ ስልጣን,hate,hate,hate,normal,hate
1488929726584479754,@USER @USER @USER ብግብሪዶ የርእዩና የለዉን እንታይ ዘረባ ዓሻ ሰበይቲ ትዛረቢ ኣለኺ። እምበኣር ህግደፍ መንደፍሲ ሰማይ ዝሃገርኪ ነዚ ኹሉ ኣብ ኤርት,hate,normal,abuse,abuse,abuse
1611793927278919682,@USER Well done pal ! ዘይከም እዚኦም ውርደተኛታት ህግደፍ፥ ዓቢ ነገር ትገብር ኣለካ ስም ኤሪትራ ብክፋእ/ወራር/ዓመጽ ጥራይ ንከይለዓል።,hate,hate,hate,hate,hate
1514628995391922176,@USER @USER ትኽክለኛ ናይ ድምፂ ወያነ ኣካዉንት @USER እዩ።,normal,normal,normal,normal,normal
