text_id,text,annotator_1,annotator_2,annotator_3,label
yoruba_text_249_emotion_1,Carabao cup: Iheanacho gba góòlù wọlé láti ra Leicester city padà lọ́wọ́ ìfìdírẹmi,['joy'],['joy'],['joy'],['joy']
yoruba_text_1528_emotion_1,Kí ló dé tí àwọn èèyàn ṣe ń fi orúkọ Ibrahim Chatta gbowó lórí ayélujára?,['surprise'],[],['surprise'],['surprise']
yoruba_text_2683_emotion_1,"Ọpẹyẹmi loun jẹbi ẹsun ole jija, l’adajọ ba ni ko lọọ fẹwọn jura l’Ondo",['surprise'],['sadness'],['sadness'],['sadness']
yoruba_text_3200_emotion_1,Awọn adigunjale to yinbọn pa oṣiṣẹ ileepo Akurẹ d’ero ile-ẹjọ,[],"['anger', 'sadness']",[],[]
yoruba_text_4155_emotion_1,O n rugbo bọ o! Igbimọ to n gbọ ẹsun ibo aarẹ gba awọn iwe-ẹri Tinubu ti ẹgbẹ PDP ko kalẹ gẹgẹ bii ẹri,['fear'],[],['sadness'],[]
yoruba_text_2553_emotion_1,"Wumi Toriọla ṣile olowo nla, gbogbo aye lo n ki i ku oriire",['joy'],['joy'],['joy'],['joy']
yoruba_text_4824_emotion_1,"Ti Naijiria yoo ba goke agba, iṣẹ wa lọwọ adari atawọn ọmọlẹyin – Imaamu agba ilu Ọffa",['disgust'],[],[],[]
yoruba_text_2202_emotion_1,Èdè abínibí  ni kẹ́ẹ máa fi kọ́ àwọn ọmọ ilé ẹ̀kọ́ alákọbẹrẹ báyìí; Ìjọba pàṣẹ!,[],[],[],[]
yoruba_text_3376_emotion_1,"Ọkọ mi ti fẹẹ fi lilu pa mi, adajọ, ẹ tu wa ka-Ayisat","['anger', 'sadness']","['anger', 'fear', 'sadness']",['anger'],"['anger', 'sadness']"
yoruba_text_2155_emotion_1,Ṣ﻿é lóòtọ́ ni àwọn jàndùkú kọlu Atiku àti ikọ̀ ìpolongo rẹ̀ ní Borno?,['surprise'],[],['anger'],[]
yoruba_text_899_emotion_1,Osun Kidnap: Àwọn agbébọn ti jí àwọn arìnrìnàjò gbé ní ìpínlẹ̀ Osun,"['anger', 'sadness']",['sadness'],"['fear', 'sadness']",['sadness']
yoruba_text_3251_emotion_1,"Awọn ọdọ ṣewọde ‘June 12’ l’Ọjọta, lawọn ọlọpaa ba kọ lu wọn",['sadness'],"['anger', 'sadness']",['sadness'],['sadness']
yoruba_text_1515_emotion_1,Osun Hotel Murder: Ìyàwó Timothy Adegoke bú sẹ́kún pé àwọn kan ti ń fi owó lọ abúrò ọkọ òhun lórí ẹjọ́ yìí,['sadness'],['sadness'],['sadness'],['sadness']
yoruba_text_864_emotion_1,"Sunday Igboho: Ìkọlù tí ẹ̀ṣọ́ aláàbò ṣe sí Sunday Igboho, Inú wa kò dún sí ìjọba''","['anger', 'sadness']",['sadness'],['sadness'],['sadness']
yoruba_text_4289_emotion_1,Kọmiṣanna ọlọpaa tuntun bẹrẹ iṣẹ l’Ondo,['joy'],[],[],[]
yoruba_text_2996_emotion_1,"Nitori owo-oṣu tijọba jẹ wọn, awọn oṣiṣẹ ileeṣẹ omi fẹhonu han l’Ekoo",[],['anger'],['anger'],['anger']
yoruba_text_4292_emotion_1,Eyi lesi ayẹwo tijọba ipinlẹ Ọyọ ṣe fun Olubadan tuntun,[],[],[],[]
yoruba_text_3047_emotion_1,"Tinubu, awọn araalu ko ri ipa owo iranwọ epo tijọba rẹ n fun awọn gomina loṣooṣu o – TOM",['anger'],[],['sadness'],[]
yoruba_text_2580_emotion_1,"Ọpẹ o, awọn Fulani ti tu Basit, ọmọ Damilọla olorin Islam silẹ o",['joy'],['joy'],['joy'],['joy']
yoruba_text_1490_emotion_1,"Plane Crash: Ọkọ̀ báàlù ṣìnà, ó já wọ ilé onílé",['surprise'],['sadness'],['sadness'],['sadness']
yoruba_text_158_emotion_1,Yoruba Nation: Mo faramọ́ àtúntò 'Restructuring' tí kò lọ́wọ́ ìṣèlú nínú- Oba Ahmed Adekunle Makama ti Kuta,[],[],['anger'],[]
yoruba_text_111_emotion_1,Gun control in Nigeria: Wo ọ̀nà márùn ún tí o lè gbà dábòbò ara rẹ lọ́wọ́ ìjàmbá!,[],[],['joy'],[]
yoruba_text_4692_emotion_1,"Gomina ipinlẹ Ebonyi, David Umahi, ṣabẹwo si Buhari, o loun naa fẹẹ dupo aarẹ",['surprise'],[],[],[]
yoruba_text_250_emotion_1,Pakistan train fire: Iná ńlá ti pa ènìyàn 74,['sadness'],['sadness'],['sadness'],['sadness']
yoruba_text_938_emotion_1,Lebanon Explosion: Ibùdó tí igba èèyàn ti kú lóṣù kẹjọ ní iná míràn ti jó,[],['sadness'],['sadness'],['sadness']
yoruba_text_2362_emotion_1,Nigeria Police Force: Buhari buwọ́lu ẹkùn iléeṣẹ́ ọlọ́pàá márùn ún tuntun káàkiri Nàìjíríà,['surprise'],[],[],[]
yoruba_text_190_emotion_1,Ogun Flood: Ọ̀pọ́ Dúkìá ló sọnù ní 2019 lásìkò tí ìjọba ṣí dáàmù Ọyan,['sadness'],['sadness'],['sadness'],['sadness']
yoruba_text_2887_emotion_1,Awọn agbebọn pa adari ẹgbẹ APC ti wọn ji gbe lasiko tawọn fijilante fẹẹ doola ẹmi rẹ ni Kwara ,['sadness'],['sadness'],['sadness'],['sadness']
yoruba_text_703_emotion_1,"Paul Sodje: Ọjọ́rùú ló yẹ kó pé ẹni ọdun 55, amọ́ tó kú ikú àìròtẹ́lẹ̀",['sadness'],['sadness'],['sadness'],['sadness']
yoruba_text_4712_emotion_1,Makinde darapọ mọ ẹgbẹ APC l’Ondo,[],[],[],[]
yoruba_text_4544_emotion_1,Saheed Oṣupa kawe gboye ni Yunifasiti Ibadan,"['joy', 'surprise']",['joy'],['joy'],['joy']
yoruba_text_4463_emotion_1,Atiku Abubakar gba abẹrẹ ajẹsara Korona ni Dubai,[],[],[],[]
yoruba_text_4976_emotion_1,Ẹgbẹ PDP Ekiti ṣepade apero lori ibo 2022,[],[],[],[]
yoruba_text_2997_emotion_1,Awọn agbebọn ji iyawo atawọn ọmọ araalu oyinbo gbe ni Kwara ,"['sadness', 'surprise']",['sadness'],['sadness'],['sadness']
yoruba_text_881_emotion_1,Ọkọ lu ìyàwò pa nìpínlẹ̀ Ogun nítorí pé kò yọ̀nda ilé ẹ̀kọ́ tó kọ́ fún-ùn,"['sadness', 'surprise']","['anger', 'sadness']",['sadness'],['sadness']
yoruba_text_1824_emotion_1,Mali Coup: Ẹgbẹ̀lẹ́gbẹ̀ èèyàn tú jáde ní Bamako láti yọ̀ pé wọ́n rẹ́yìn ààrẹ àná,['joy'],['joy'],['joy'],['joy']
yoruba_text_2279_emotion_1,Iniobong Umoren story: Ìjọba Akwa Ibom pè fún ìdájọ́ òdodo lórí ìwádìí ikú ọ̀dọ̀bìnrin tó dàwátì tórí ó ń wá iṣẹ́,['sadness'],['fear'],['sadness'],['sadness']
yoruba_text_1663_emotion_1,"Ogun Police: Àwọn jàǹdùkú kọlu ọlọ́pàá, DPO faragbọta, ọlọ́pàá mẹ́rin di àwátì",['surprise'],['sadness'],['sadness'],['sadness']
yoruba_text_1395_emotion_1,Èèyàn mẹ́tàdínlógún farapa lẹ́yìn ìṣẹ̀lẹ̀ ilẹ̀ rírì ní Croatia,"['sadness', 'surprise']",['sadness'],['sadness'],['sadness']
yoruba_text_169_emotion_1,Ikoyi Collapsed Building: Dele Momodu bẹ̀bẹ̀ adura ki awọn to ha sabẹ ile to da wo jade l'ayọ,['sadness'],['fear'],"['fear', 'sadness']","['sadness', 'fear']"
yoruba_text_342_emotion_1,National grid collapse: Ìtàkùn àpapọ̀ iná mọ̀nàmọ́ná 'National grid'ní Nàìjíríà tún ti paná pi,['sadness'],['sadness'],['sadness'],['sadness']
yoruba_text_2410_emotion_1,Akomolede ati asa Yoruba: Ẹ wá kọ́ nípa àpòtí ìṣura èdè wa lórí BBC Yorùbá,[],[],[],[]
yoruba_text_1731_emotion_1,"NBA election 2020: Olumide Akpata di aàrẹ àjọ àwọn agbẹjọ́rò ní Nàìjíríà, Taiwo Taiwo, Ajibade àtàwọn míì kíi kú oríire",['joy'],[],[],[]
yoruba_text_2156_emotion_1,"Osinachi Nwachukwu: Ọkọ Osinachi, Peter Nwachukwu yóò fojú ba ilé ẹjọ́ lórí ikú ìyàwò rẹ̀",[],[],['sadness'],[]
yoruba_text_268_emotion_1,"Ta ni ọmọ ẹ̀lẹ̀ yìí, Olorì Tobi Phillips tó ṣẹ̀ṣẹ̀ wọ ààfin Ooni Ife?",['surprise'],[],['joy'],[]
yoruba_text_4749_emotion_1,Awọn adajọ bii mẹjọ ni yoo ṣoju Sunday Igboho nile-ẹjọ ni Benin,['surprise'],[],['joy'],[]
yoruba_text_4585_emotion_1,Eid-el-Malud: Ijọba apapọ kede ọjọ Aje to n bọ bii isinmi lẹnu iṣẹ,['joy'],[],[],[]
yoruba_text_996_emotion_1,“Mo ṣetán láti fi ọ̀kan nínú kíndìnrín mi sílẹ̀ fún ọmọ Ekweremadu”,[],[],[],[]
yoruba_text_4958_emotion_1,"Fathia Balogun fẹẹ ṣọjọọbi, ‘wan fifti taosan’ (150, 000) laṣọ ẹbi",['surprise'],['disgust'],['surprise'],['surprise']
yoruba_text_4259_emotion_1,Oluwoo pe awọn onimọ nipa ede Yoruba nija,[],[],[],[]
yoruba_text_3682_emotion_1,"O ṣẹlẹ, wahala nla bẹ silẹ laarin awọn ọmọ gomina Alao Akala, wọn ti gbera wọn lọ si kootu",['surprise'],"['disgust', 'fear']",['sadness'],[]
yoruba_text_57_emotion_1,Fight against corruption: Ọ̀rọ̀ Satguru Maharaj ji sí àwọn olóṣèlú Nàìjíríà lórí ìwà àjẹbánu,['anger'],['disgust'],[],[]
yoruba_text_852_emotion_1,Christmas Message: Wo bí o ṣe lè dáàbò bo ara rẹ lásòkò ọdún Keresimesi,[],[],[],[]
yoruba_text_2665_emotion_1,"Ọpẹ o! Toyin Araham ti tun loyun, oun ati ọkọ rẹ n reti ọmọ keji",['joy'],['joy'],['joy'],['joy']
yoruba_text_1880_emotion_1,Ekiti man to die by hanging: Wọ́n ṣèdájọ́ ikú fún ẹni ọdún 42 l'Ekiti lẹ́yìn tó pa Ọba aládé,['surprise'],['sadness'],['sadness'],['sadness']
yoruba_text_1725_emotion_1,#justiceforDonDavis: Orí ayélujára n gbóná janjan fún ariwo ìdájọ́ fún akẹ́kọ̀ọ́ kan níléèwé Kumuyi,['anger'],['anger'],['anger'],['anger']
yoruba_text_1693_emotion_1,Coronavirus: Ọmọ Nàìjíríà tó darí láti France wá labẹ àyẹwò lórí Coronavirus,[],[],[],[]
yoruba_text_130_emotion_1,Wo àwọn orílẹ̀ èdè mẹ́wàá tí kìí ṣe ayẹyẹ ọdún tuntun ní January 1,['surprise'],['surprise'],['surprise'],['surprise']
yoruba_text_1691_emotion_1,Major US Twitter accounts hacked: Ẹ wo bí àwọn gbájúẹ̀ ṣe ṣọṣẹ́ ní Amerika,['surprise'],['sadness'],['surprise'],['surprise']
yoruba_text_3948_emotion_1,"Laipẹ rara, ara maa tu awọn ọmọ orileede yii – Ijọba apapọ ",[],[],[],[]
yoruba_text_1892_emotion_1,"Wọn ti rí òku Ooreoluwa, ọmọ tọkọtaya tí wọ́n dáná sún ni Abeokuta lọ́jọ́ ọdún, wo ohun tí ọlọ́pàá Ogun tún sọ...",['sadness'],['sadness'],['sadness'],['sadness']
yoruba_text_2863_emotion_1,"Fasiti Ilọrin le akẹkọọ mẹsan-an danu, eyi lohun ti wọn ṣe",['surprise'],[],[],[]
yoruba_text_2843_emotion_1,"Ẹ gba mi o, baba mi fẹẹ fi mi lọkọ ni tipatipa-Fatima","['disgust', 'sadness']",['fear'],['surprise'],[]
yoruba_text_1847_emotion_1,Gunmen kidnap priests: Àwọn agbébọn jí fadá ìjọ Kátólíkì méjì gbé ní Katsina,['surprise'],['sadness'],['fear'],[]
yoruba_text_209_emotion_1,"Ikare Monarch: Ọdún méjìdínláàdọ́ta ní Oba Adegbite-Adedoyin ló lókè èèpẹ̀, kó tó mí kanlẹ̀","['sadness', 'surprise']",[],['sadness'],['sadness']
yoruba_text_2550_emotion_1,"Akọrin ẹmi, Yinka Alaṣeyọri, bimọ obinrin!",['joy'],['joy'],['joy'],['joy']
yoruba_text_2687_emotion_1,O ṣẹlẹ! Awọn agbebọn ji ọga agba feto iṣuna ati ẹbi rẹ gbe sa lọ ,"['sadness', 'surprise']",['sadness'],['sadness'],['sadness']
yoruba_text_4208_emotion_1,Wọn ma ni Tinubu ti pada de lati London,['surprise'],['surprise'],['surprise'],['surprise']
yoruba_text_207_emotion_1,Kayode Olabode killed in Ondo : Opó àti àbúrò olóògbé ní ikú Kayode Olabode kìí ṣe àtọ̀runwá,"['anger', 'sadness']",['sadness'],['sadness'],['sadness']
yoruba_text_2811_emotion_1,"Makinde ti banki, otẹẹli atawọn to jẹ ijọba ni gbese pa n’Ibadan",['surprise'],['anger'],[],[]
yoruba_text_1503_emotion_1,Lagos state; Ó kéré tán ẹran N328 bilionu ni àwọn ará Eko ń jẹ ní ọdọọdún,['surprise'],[],['surprise'],['surprise']
yoruba_text_1396_emotion_1,Mysterious palm tree with 42 heads: Ọ̀pẹ Umalẹ̀ tàbí olórí yéye tó ń ṣ'àmín s'ádurà àwọn èèyàn,['surprise'],[],[],[]
yoruba_text_3693_emotion_1,"Ẹ wo Wasiu atawọn ọrẹ ẹ, ipinlẹ mẹta ọtọọtọ ni wọn ti lọọ ja wọn lole ọkada",['surprise'],"['anger', 'sadness']",['surprise'],['surprise']
yoruba_text_2300_emotion_1,PDP 2021 Convention: Wo alága àtàwọn ọmọ igbìmọ̀ alákòsóo tuntun fún PDP tó wọlé níbi ìbò abẹ́nú,[],[],[],[]
yoruba_text_4102_emotion_1,"Ibo abẹlẹ APC Ọyọ: Fọlarin jawe olubori, Adelabu gba ẹgbẹ SDP lọ",[],[],['joy'],[]
yoruba_text_2211_emotion_1,Abeokuta poison Obada: Sé lóòtọ́ ní ẹni ọdún 14 yìí fi májèlé sí oúnjẹ mọ̀lẹ́bí tó ń bá gbé ní Obada Oko? ohun tí a mọ̀ rèé..,['surprise'],['fear'],['surprise'],['surprise']
yoruba_text_3907_emotion_1,"Ipinlẹ Ogun ni Mumini ti ji owo lanledi rẹ, Oṣogbo lọwọ awọn Amọtẹkun ti tẹ ẹ ",['surprise'],['anger'],['surprise'],['surprise']
yoruba_text_2172_emotion_1,Yusuf Buhari and Zahra Bayero wedding :wo àwòrán àwòdamiẹnu níbi ìgbéyàwó ọmọ ààrẹ Buhari,[],[],['surprise'],[]
yoruba_text_3245_emotion_1,"Nitori bata lasan, ọrẹ meji gun Ekene lọbẹ pa n’Iganmu","['sadness', 'surprise']",['sadness'],['sadness'],['sadness']
yoruba_text_83_emotion_1,Divorce: Ilé ẹjọ́ tú ìgbéyàwó ọdún mọ́kànlá ká nítórí pé ìyàwó fí ìbálòpọ̀ dun ọkọ rẹ̀,['surprise'],"['disgust', 'sadness']","['sadness', 'surprise']","['surprise', 'sadness']"
yoruba_text_4000_emotion_1,Awọn aṣofin ni kawọn alaga ijọba ibilẹ mẹtala lọọ rọọkun nile l’Ọyọọ,[],['anger'],['surprise'],[]
yoruba_text_1744_emotion_1,Sunday Igboho: Agbẹjọ́rò Igboho ní ìjọba Benin kò tíì rí ẹ̀sùn ọ̀daràn kankan fi kàn án láti oṣù mẹ́ta tó ti wà lẹ́wọ̀n,['sadness'],[],"['joy', 'sadness']",['sadness']
yoruba_text_352_emotion_1,Ẹni ọdún 27 tó ṣá bàbá rẹ̀ pa l'Ogun dèrò àtìmalé,"['sadness', 'surprise']",['sadness'],['sadness'],['sadness']
yoruba_text_997_emotion_1,"Oyo Politics: Àwọn Jàǹdùkú kọlù alága àjọ tó ń ṣètò eré ìdárayá ní ìpínlẹ̀ Oyo, Gbenga Adewusi",['surprise'],['sadness'],['sadness'],['sadness']
yoruba_text_643_emotion_1,"Òṣìsẹ̀ 170 tí Ajimobi lé ni Lautech ni ń o gbà padà, owó osù márun wọ́n yoo di sísan- Gómínà Oyo",['joy'],['joy'],['joy'],['joy']
yoruba_text_4340_emotion_1,Sanwoolu ṣeto ma-da-mi-dofo fawọn agba oṣere Yoruba,[],[],[],[]
yoruba_text_3239_emotion_1,"Eeyan kan ku, ọpọ fara pa ninu ijamba ọkọ to waye lori biriiji Third-Mainland l’Ekoo",['sadness'],['sadness'],['sadness'],['sadness']
yoruba_text_1895_emotion_1,Yomi Fabiyi: Fíìmù ‘Owó orí ẹlẹ́wọ̀n’ jẹ́ ká mọ̀ pé ìgbà ìpọ́njú làá mọ ọ̀rẹ́,[],[],[],[]
yoruba_text_4171_emotion_1,Eyi lohun tijọba mi ti ṣe laarin ọgọrun-un ọjọ l’Ọṣun-Gomina Adeleke,[],[],['joy'],[]
yoruba_text_1117_emotion_1,Oyo Reistgrar: Ilé ẹjọ jú akọwe kọotù tẹ́lẹ̀ri sẹwọ̀n ọdun márùn fu ẹsun olè jíjà,['surprise'],['disgust'],['sadness'],[]
yoruba_text_3027_emotion_1,Wọn ba oku ọmọkunrin kan ninu kilaasi ileewe alakọọbẹrẹ l’Ekiti,"['sadness', 'surprise']",['sadness'],[],['sadness']
yoruba_text_2931_emotion_1,"Eyi ni bi awọn janduku ọlọkada ṣe fibinu fọ ọga ọlọpaa lori l’Ekoo, wọn pa a patapata",['sadness'],['sadness'],['sadness'],['sadness']
yoruba_text_2530_emotion_1,Iwuri nla lo jẹ fun mi: MC Olumọ ki ọmọ rẹ to kawe jade ni yunifasiti,['joy'],[],['joy'],['joy']
yoruba_text_4785_emotion_1,Awọn gomina ẹgbẹ PDP marun-un (G-5) wọle ipade l’Ekoo,[],[],[],[]
yoruba_text_1428_emotion_1,Mbaka missing: Father Ejike Mbaka ti ṣí aṣọ lójú àwọn tó sọ ọ́ dàwátì,['surprise'],[],[],[]
yoruba_text_3093_emotion_1,"Eemọ ree o! Timothy ji iyawo ile gbe, odidi ọsẹ mẹta lo fi ba a laṣepọ ko too lọ ja a soju titi n’Ileefẹ","['disgust', 'sadness']","['anger', 'sadness']",['surprise'],['sadness']
yoruba_text_1438_emotion_1,Unilag VC: Folasade Ogunsola ni obìnrin àkọ́kọ́ tó jẹ ọ̀gá àgbà fún ibùdó ẹ̀kọ́ṣẹ́ ìṣègùn Fáṣítì Eko,"['joy', 'surprise']",[],[],[]
yoruba_text_147_emotion_1,Doctors‘ Strike: Àwọn dókítà tó ń woṣẹ́ níran ní UCH sọ̀rọ̀ lórí ẹ̀dùn ọkàn wọn,['sadness'],['sadness'],[],['sadness']
yoruba_text_335_emotion_1,When can I get the Covid vaccine: Ó ṣeéṣe kí ìjọba Naijiria dáwọ́ gbígbà abẹrẹ Covid-19 dúró kí abala kejì tó dé,['fear'],[],[],[]
yoruba_text_2309_emotion_1,"Liverpool vs Chelsea: Ayé àkámarà! Liverpool laná ní Anfield, Chelsea pa òkúta sí gaàrí wọn","['sadness', 'surprise']",[],"['sadness', 'surprise']","['sadness', 'surprise']"
yoruba_text_1335_emotion_1,Mi ò rò wí pé mà á tẹ̀síwájú láti máa gbá bọ́ọ̀lù fún Brazil - Neymar,[],[],[],[]
yoruba_text_2064_emotion_1,World Cancer Day: Onímọ̀ sáyẹ́ńsì ní ká tètè ṣe àwárí àrùn jẹjẹrẹ ọyàn ni ọ̀nà àbájọ,[],[],['fear'],[]
yoruba_text_896_emotion_1,"Makinde: Ẹgbẹ́ òṣèlú PDP ní àwọn kò padà lẹ́yìn Seyi Makinde, gómìnà ìpínlẹ̀ Ọ̀yọ́",[],[],['joy'],[]
yoruba_text_3295_emotion_1,Ijọba ologun Burkina Faso tileeṣẹ redio to sọrọ odi sawọn soja to gbajọba ni Niger pa,['anger'],[],[],[]
yoruba_text_516_emotion_1,Fani-Kayode: Kò sẹ́ni tó mọ ìgbà táwọn ọmọ Nàíjíríà yóò fárígá láti kọ ìyà tó ń jẹ wọ́n,"['anger', 'sadness']",['fear'],['fear'],['fear']
yoruba_text_748_emotion_1,Bank alert scam: EFCC gbé ọkùnrin kan tó ná N20m tó ṣàdéédéé gba ''alert'' rẹ̀,['surprise'],['anger'],[],[]
yoruba_text_128_emotion_1,Domestic Violence: Ǹkan mẹ́jọ tó máa kọ́kọ́ ṣẹlẹ̀ kí olólùfẹ́ méjì tó pa ara wọn,[],[],['sadness'],[]
yoruba_text_1727_emotion_1,Police brutality: Tola ní inú òun kò bá dùn tí wọ́n bá le fi àwọn ọlọ́pàá tó lù òun jófin yàtọ̀ sí 5m tí wọ́n fẹ́ fún òun,['sadness'],[],['sadness'],['sadness']
yoruba_text_4537_emotion_1,Ekiti 2022: Esi idibo awọn araalu ni yoo sọ ẹni ti wọn fẹ nipo- Ẹlẹka,[],[],[],[]
yoruba_text_496_emotion_1,À ń ṣọ́ àwọn gómìnà ní Naijiria lórí bí wọ́n ṣe ń kó Náírà pamọ́ sí ilé – EFCC,['anger'],[],[],[]
yoruba_text_1214_emotion_1,Ikú dóró! Wo bí àwọn ajínigbé ṣe pa òṣìṣẹ́ Hótẹ́ẹ̀lì tó jẹ́ akẹ́kọ̀ọ́ LAUTECH àti oníṣòwò lẹ́yìn tí wọ́n gba N5m,['sadness'],['sadness'],['sadness'],['sadness']
yoruba_text_3087_emotion_1,"Lẹyin tawọn ọmọ ẹgbẹ okunkun ja oni POS lole l’Oṣogbo, wọn tun pa ọkunrin kan",['sadness'],['sadness'],['sadness'],['sadness']
yoruba_text_3695_emotion_1,Awọn ọdọ pariwo ole le Pasuma lori nibi ti wọn ti n ṣewọde ta ko SARS l’Ekoo,['anger'],['disgust'],[],[]
yoruba_text_4329_emotion_1,"Bassirou, Aarẹ tọjọ ori rẹ kere ju lorileede Senegal ti gori aleefa",['surprise'],[],[],[]
yoruba_text_15_emotion_1,Failed Kidnap attempt: Ọwọ́ ọlọ́pàá tẹ ìyàwó ilé tó gbìmọ̀ pọ̀ pẹ̀lú àwọn kan láti jí ọkọ rẹ̀ gbé,['surprise'],['disgust'],['sadness'],[]
yoruba_text_2729_emotion_1,"Gende marun-un bọ sọwọ ọlọpaa n’Ifọ, ipaniyan ati ole jija ni wọn mu wọn fun",['surprise'],['disgust'],[],[]
yoruba_text_3502_emotion_1,Awọn adigunjale mẹta pade iku ojiji lasiko ti awọn ọdẹ at’ọlọpaa doju ibọn kọ wọn,"['sadness', 'surprise']",['sadness'],[],['sadness']
yoruba_text_1030_emotion_1,"OAU Aishat Adesina : Àwọn aláṣẹ fásitì OAU ṣí iléèwé náà padà lẹ́yìn ikú akẹ́kọ̀ọ́, Aishat Adesina tó fa ìfẹ̀hónúhàn",['sadness'],"['joy', 'sadness']",['joy'],"['sadness', 'joy']"
yoruba_text_4328_emotion_1,Ọga agbẹjọro kan lati orileede France ni yoo ṣiwaju awọn lọọya ti yoo duro fun Sunday Igboho ni kootu Benin,[],[],['joy'],[]
yoruba_text_1997_emotion_1,Queen Elizabeth and Nigeria at 60: Obabinrin Elizabeth kí Nàìjíríà kú oríire òmìnira ọgọ́ta ọdún,['joy'],[],['joy'],['joy']
yoruba_text_3024_emotion_1,"‘Akẹkọọ Fasiti Eko to gun ọga agba ileeṣẹ tẹlifiṣan lọbẹ pa, awọn awọn kan lo wa nidii ẹ’",['sadness'],['disgust'],['sadness'],['sadness']
yoruba_text_1413_emotion_1,Girl Child Day 2022: Inú mi dùn pé ọmọ obinrin nìkan ni mo bi -Tawakalitu Olawale,['joy'],['joy'],['joy'],['joy']
yoruba_text_1851_emotion_1,Nigeria vs Madagascar: Super Eagles ń gbáradì fún ọjọ́ àìkù,[],[],[],[]
yoruba_text_2508_emotion_1,Ọpẹ o! Awọn akẹkọọ Fasiti Kogi ti wọn ji gbe ti gba itusilẹ,['joy'],['joy'],['joy'],['joy']
yoruba_text_4635_emotion_1,Awọn aṣofin Eko ni idasilẹ ọlọpaa ipinlẹ lọna abayọ seto aabo to mẹhẹ,[],[],[],[]
yoruba_text_3711_emotion_1,"Eyi le o! Obinrin kan da ọmọ mẹta silẹ niwaju teṣan ọlọpaa, lo ba lọọ binu para ẹ  ","['sadness', 'surprise']",['sadness'],['sadness'],['sadness']
yoruba_text_1201_emotion_1,Revolution protest: Àjọ DSS ṣàlàyé ìdí tí wọ́n fi gbé Sowore,[],[],[],[]
yoruba_text_2495_emotion_1,"Tiago Isola, akẹ́kọ̀ọ́ Fásitì Ibadan: Èdè Yorùbá dùn ún gbọ́ àti láti sọ, mo sì fẹ́ràn kí n máa sọ ọ́ ní ọ̀pọ̀lọpọ̀ ìgbà",['joy'],[],[],[]
yoruba_text_409_emotion_1,Ogun state landgrabbers:Àwọn ajagungbalẹ̀ gba ilẹ̀ tó yẹ fún kíkọ́ iléèwé girama ní ìpínlẹ̀ Ogun,['surprise'],['disgust'],"['sadness', 'surprise']",['surprise']
yoruba_text_378_emotion_1,"Corruption in Nigeria: Ojíṣẹ Ọlọ́run kan ní báwọn òbí ṣe ń jí owó ìlú kò, ní wọ́n ń fi lé ọmọ lọ́wọ́",['sadness'],['disgust'],['sadness'],['sadness']
yoruba_text_2200_emotion_1,Oyo APC crisis: Ìwà màdàrú àti ẹlẹ́yàmẹ̀yà ni kò jẹ́ kí ẹgbẹ́ òṣèlú APC tòrò ní ìpínlẹ̀ Oyo - Akintola,"['disgust', 'sadness']",['sadness'],"['joy', 'sadness']",['sadness']
yoruba_text_4539_emotion_1,Adajọ da awọn ẹsun kan ti Atiku fi kan Tinubu nu,['surprise'],[],[],[]
yoruba_text_819_emotion_1,Lagos-Ibadan road accident: Ìjàmbá ọkọ̀ gbẹ̀mí èèyàn mẹ́tàdínlógún lọ́nà Ibadan,"['sadness', 'surprise']",['sadness'],['sadness'],['sadness']
yoruba_text_3916_emotion_1,"Eemọ ree o, baba agbalagba fun ọmọọmọ ẹ loyun l’Ado-Odo",['disgust'],['disgust'],['surprise'],['disgust']
yoruba_text_1491_emotion_1,Mike Bamiloye pá àrokò ìkìlọ ránṣẹ sí àwọn ọkùnrin Nàìjíríà lórí àgbèrè ṣíṣe,['sadness'],[],[],[]
yoruba_text_1213_emotion_1,"""Local barbers vs Clipper: Ó pé mi láti lo abẹ fi fá orí mi ju """"Clipper"""" bábà lọ""",[],[],[],[]
yoruba_text_1001_emotion_1,Revolution Now bẹ̀rẹ̀ ní agbègbè Ojota ní ìpínlẹ̀ Eko,[],[],[],[]
yoruba_text_3870_emotion_1,"Awọn ọmọ ẹgbẹ okunkun Ikorodu kọju ija si t’Odogbolu, lawọn ọlọpaa ba ko wọn",[],"['anger', 'sadness']",['sadness'],['sadness']
yoruba_text_1728_emotion_1,Abiola Ajimobi: Ẹ wo àwòrán bí ìsìnkú Abiola Ajimobi ṣe lọ!,[],[],[],[]
yoruba_text_1267_emotion_1,À﻿làyé rèé lórí ohun tó ń fa awuyewuye láàrin Tinubu àti Obi,[],[],[],[]
yoruba_text_3911_emotion_1,"Obinrin yii ji ọmọ gbe n’llọrin, o ta a fawọn to n fọmọ ṣowo ẹru l’Abuja ","['sadness', 'surprise']",['disgust'],['sadness'],['sadness']
yoruba_text_2973_emotion_1, Awọn agbebọn ji baba ati ọmọ gbe lọ ni Ọ̀sẹ́,['sadness'],['sadness'],['sadness'],['sadness']
yoruba_text_2457_emotion_1,Nigeria's debt: Ìjọba Buhari fi N2.02tn san èlé orí gbèsè láàrin oṣù mẹ́fà,['surprise'],['disgust'],['surprise'],['surprise']
yoruba_text_4440_emotion_1,Alabi Abiọdun Sylvester di Kọmiṣanna ọlọpaa tuntun nipinlẹ Eko,[],[],['joy'],[]
yoruba_text_2340_emotion_1,EndSARS: Ìdí tí MC Oluomo fi ní kí ẹ kó òkú èèyàn yín jáde tó bá dáa yín lójú pé sọ́jà pa wọ́n ní Lekki Tollgate rèé,['sadness'],[],[],[]
yoruba_text_3927_emotion_1,Ko daju pe Tobi Amusan yoo kopa ninu idije ere sisa agbaye tawọn obinrin lọdun yii,[],[],['fear'],[]
yoruba_text_2485_emotion_1,EndSARS report: Àwọn ọmọ ẹgbẹ́ òṣèlú tó kéré jù lọ nílé asòfin sọ pé ìjọba àpapọ̀ ní ẹjọ́ láti jẹ lórí ìpànìyàn Lekki Tollgate,[],"['anger', 'fear']",[],[]
yoruba_text_2906_emotion_1,"Eyi le o, awọn apanijaye ka iyawo Abacha mọle, niṣeju ọmọ ẹ ni wọn ti fun un lọrun pa","['disgust', 'sadness']",['sadness'],['sadness'],['sadness']
yoruba_text_4213_emotion_1,Ọba tuntun jẹ ni Lafiagi ,['joy'],['joy'],['joy'],['joy']
yoruba_text_1938_emotion_1,"Oyebade Adebimpe: Kò ṣeéṣe kí n lóyún, kí n sì gbe pamọ́ lọ́jọ́ orí mi",[],[],[],[]
yoruba_text_3475_emotion_1,Ọpọ fara pa nibi ija Fulani darandaran atawọn agbẹ ni Kwara ,['sadness'],['sadness'],['sadness'],['sadness']
yoruba_text_187_emotion_1,Orúkọ ọmọ ni Yorùbá gbà pé ó máa ń ro ọmọ nílẹ̀ Oodua,[],[],[],[]
yoruba_text_4435_emotion_1,Tinubu ṣepade pẹlu awọn olori eto aabo gbogbo nilẹ wa,[],[],[],[]
yoruba_text_2344_emotion_1,Ọmọ Nàíjíríà yarí torí Joshua Dariye tó fẹ́ dupò lẹ́yìn tó tẹ̀wọ̀n dé,"['anger', 'surprise']",['anger'],['anger'],['anger']
yoruba_text_3708_emotion_1,"Omiyale fọpọ dukia ṣòfò l’Akurẹ, Ọrẹ ati Okitipupa",['sadness'],['sadness'],['sadness'],['sadness']
yoruba_text_4237_emotion_1,Ọṣun 2022: Ajọ eleto idibo gbe orukọ awọn ti yoo dupo gomina ati igbakeji wọn jade,[],[],[],[]
yoruba_text_1968_emotion_1,"Ọwọ́ ti tẹ ọkunrin abani fi ẹru ránṣẹ kan, Emmanuel Samuel, lasiko to n sa lọ pẹlu ọkada ileesẹ to fi n sisẹ",['surprise'],['joy'],['sadness'],[]
yoruba_text_165_emotion_1,Bad road: NLC àtàwọn èèyàn Sango-Ota ti òpópónà Eko sí Abeokuta pa nítorí ọ̀nà tí kò dára,['anger'],['anger'],['anger'],['anger']
yoruba_text_1310_emotion_1,New Year Prophesy: Àwọn olóṣèlú Nàìjíríà naa máa n ṣàbèwò si awọn wòólì wón ko le fofin de àsọtẹ́lẹ̀ ọdun tuntun,[],[],[],[]
yoruba_text_4481_emotion_1,Wọn ti yan igbakeji gomina tuntun l’Ondo,[],[],['joy'],[]
yoruba_text_2032_emotion_1,Alaafin Aole: Ṣé òótọ́ ni pé èpè Alaafin Aole ń ja Yorùbá títí di òní?,['surprise'],[],['surprise'],['surprise']
yoruba_text_4558_emotion_1,O tan! Ayu n lọ bi a ti kọwe rẹ lẹgbẹ PDP,['surprise'],[],['sadness'],[]
yoruba_text_4332_emotion_1,Ko gbọdọ si ikojọpọ tabi iwọde kankan l’Ekoo- Ileeṣẹ ọlọpaa,[],[],['anger'],[]
yoruba_text_3551_emotion_1,Awọn agbebọn ji alaga kansu tẹlẹ atawọn mẹrin mi-in gbe l’Ekiti,['sadness'],['sadness'],['sadness'],['sadness']
yoruba_text_3252_emotion_1,"O ma ṣe, o eeyan mọkanla jona ku nipinlẹ Kogi",['sadness'],['sadness'],['sadness'],['sadness']
yoruba_text_2734_emotion_1,"Ọlọpaa le awakọ yii sẹnu ọkọ BRT, ni wọn ba lu u laludaku",['sadness'],['sadness'],['surprise'],['sadness']
yoruba_text_1485_emotion_1,Àwọn alárùn ọpọlọ tí gba ètò ìjọba Orílẹ̀èdè Nàìjíríà kan - Peter Obi,"['anger', 'sadness']","['disgust', 'sadness']","['anger', 'sadness']","['anger', 'sadness']"
yoruba_text_271_emotion_1,Nimota Akanbi: Ọlọ́pàá tó gbé oúnjẹ tẹ̀lé ènìyàn nínú fọ́nrán tó gba ìgboro yóò fojú winá òfin,['anger'],['anger'],['anger'],['anger']
yoruba_text_2949_emotion_1," Ọwọ tẹ Monday, ọmọ ogun ọdun to fipa ṣe ‘kinni’ fun’ya arugbo n’Ifọn",['disgust'],['sadness'],[],[]
yoruba_text_829_emotion_1,"Ebenezer Obey: Iléesẹ́ rẹ́kọ́ọ̀dù tí mo ti bẹ̀bẹ̀ láti kọrin, padà di tèmi lónìí - Ebenezer Obey",['joy'],['joy'],['joy'],['joy']
yoruba_text_2284_emotion_1,"Adájọ́ kú sórí òrùlé Ṣọ́ọ̀ṣì lẹ́yìn tí wọ́n ní ó pa ìyàwó rẹ̀, tún bá òkú rẹ̀ sún lójú àwọn ọmọ wọn","['sadness', 'surprise']","['disgust', 'sadness']",['sadness'],['sadness']
yoruba_text_2925_emotion_1,Ọwọ tẹ Rasaki ati Wasiu nibi ti wọn ti n ja awọn onimọto lole lori biriiji Ọtẹdọla,['joy'],['disgust'],[],[]
yoruba_text_3478_emotion_1,"Jamiu to gun oloṣo to ba lo pọ pa l’Abẹkuta ni: Ẹ ba mi bẹ ijọba ki wọn ma pa mi, mi o fẹẹ ku",['disgust'],['fear'],[],[]
yoruba_text_2896_emotion_1,Awọn akẹkọọ fasiti yii lu ẹlẹgbẹ wọn pa nitori foonu l’Ọyọọ,"['sadness', 'surprise']",['sadness'],[],['sadness']
yoruba_text_1695_emotion_1,"Anthony Olatunfe: Ọlọ́pàá ní Pásítọ̀ náà ta fóónù ẹni tí wọn ń wá ní ₦1,500",['surprise'],['sadness'],['sadness'],['sadness']
yoruba_text_2943_emotion_1,Wọn ti mu wọn o! Oogun oloro rẹpẹtẹ lawọn eleyii ko sinu agolo ounjẹ ọmọ,['surprise'],['disgust'],"['joy', 'surprise']",['surprise']
yoruba_text_19_emotion_1,Kayode Badru: Gbogbo àwọn tí ọ̀rọ̀ ikú Kayode Badru kàn tó fí mọ́ ''Oluṣọ Ebony'' ló wà ní àtìmọ́lé,"['anger', 'sadness']",['sadness'],"['sadness', 'surprise']",['sadness']
yoruba_text_1802_emotion_1,Iléèṣẹ́ ọlọ́pàá mú ọkùnrin ẹni ọdún 55 tó gé ẹ̀yà ara èèyàn nílẹ̀ ìsìnkú ṣọ́ọ̀ṣì l'Ogun,"['disgust', 'surprise']",['disgust'],['surprise'],"['disgust', 'surprise']"
yoruba_text_2357_emotion_1,Radio Nigeria attack: Àwọn jàndùkú ba ọ̀kẹ́ àìmoye dúkìá jẹ́ lásìkò ìkọlù sí Amuludun FM n'Ibadan,"['sadness', 'surprise']",['sadness'],['sadness'],['sadness']
yoruba_text_1638_emotion_1,Mo kìlọ̀ fún àwọn ọmọ Naijiria ṣáájú ìbò 2015 pé rúgúdù ń bọ̀ àmọ́ wọn kò gbọ́nran – Oyedepo,['sadness'],[],['sadness'],['sadness']
yoruba_text_2164_emotion_1,Sunday Igboho released: Ìdọ̀bálẹ̀ gbalaja ní Igboho wà tó ń dúpẹ́ pé mo mú ìlérí mi ṣẹ- Oloye Banji Akintoye,['joy'],[],[],[]
yoruba_text_4591_emotion_1,Ọṣinbajo yoo ṣi ibudo aṣa ati iṣẹmbaye Yoruba n’Ibadan,[],[],['joy'],[]
yoruba_text_1658_emotion_1,Governors 100 days: Gbadamosi ní àwọn ojú ọ̀nà Eko ń bàjẹ́ si lásìkò Sanwo-Olu,['sadness'],[],['sadness'],['sadness']
yoruba_text_1389_emotion_1,"Ìjàmbá ọkọ̀ mú ẹ̀mí èèyàn mẹ́fà lọ l’Ondo, mẹ́rin dèrò ilé ìwòsàn",['sadness'],['sadness'],['sadness'],['sadness']
yoruba_text_2928_emotion_1,"Ẹyin tẹ ẹ n ra waini, ẹ fura o: NAFDAC tun ṣawari ibi ti wọn ti n pọn ayederu waini, eeyan mẹwaa lọwọ tẹ ",['surprise'],['fear'],['fear'],['fear']
yoruba_text_2741_emotion_1,"O ṣẹlẹ! Pasitọ n ba ọmọde yii sun, o tun n fun un loogun ti ko fi ni i loyun","['disgust', 'sadness']",['disgust'],['surprise'],['disgust']
yoruba_text_4246_emotion_1,"Amọtẹkun bẹrẹ iṣẹ l’Ọyọọ, Makinde ko wọn jade bii ọmọ tuntun",['joy'],[],['joy'],['joy']
yoruba_text_4156_emotion_1," Lẹyin ọsẹ kan to bimọ sọgba ẹwọn, ile-ẹjọ gba beeli Kẹmi ti wọn mu lasiko iwọde SARS l’Akurẹ",[],['joy'],['sadness'],[]
yoruba_text_639_emotion_1,"Baba Ijesha: Àwọn ọlọ́paàá àti àwọn agbẹjọ́rò kan ló fẹ́ gba owó, kí wọ́n to fi Omiyinka sílẹ̀",['surprise'],['fear'],['surprise'],['surprise']
yoruba_text_38_emotion_1,"Nkechi Blessing: Gbajúmọ̀ òṣèré, Nkechi Blessing ṣàlàyé pé òun ti kán lu agbami ìfẹ́ míràn lẹ́yín ìjákulẹ̀ àjọṣepọ̀ rẹ̀ pẹ̀lú Opeyemi Falegan","['joy', 'sadness']",['joy'],['joy'],['joy']
yoruba_text_296_emotion_1,Ṣọ́ọ̀bù alájà mẹ́ta tó wọ́ mú ẹ̀mí ènìyàn méjì lọ ní Abuja,['sadness'],['sadness'],['sadness'],['sadness']
yoruba_text_2036_emotion_1,Ìdí tí mo fi dákẹ́ lóríi ìdàrúdàpọ̀ inú ẹgbẹ́ òṣèlú PDP nìyìí - Saraki,[],[],[],[]
yoruba_text_4696_emotion_1,Atiku yoo ṣepade pẹlu awọn gomina marun-un tinu n bi ninu ẹgbẹ wa laipẹ -Okowa,[],[],['joy'],[]
yoruba_text_1318_emotion_1,EFCC Ibadan Conviction: Ọmọ yahoo-yahoo mẹ́ta rí ẹ̀wọ̀n he lórí ẹ̀sùn jìbìtì ayélujára,['surprise'],['sadness'],['disgust'],[]
yoruba_text_2069_emotion_1,Yoruba film: Obìnrin tó bá ń gbé bùkátà kò l'ọ́kọ kódà kó wà nílé ọkọ - Kemi Afolabi,[],[],['sadness'],[]
yoruba_text_3995_emotion_1,"Digbi ni mo ṣi wa lẹyin Wike, mi o ṣetan lati gba ipo kankan lọwọ Atiku-Mimiko",[],[],['anger'],[]
yoruba_text_3893_emotion_1,   Ọrọ Ezekiel yii ki i ṣoju lasan o: Lẹyin to tẹwọn de lo tun lọọ ji ẹrọ amule-tutu gbe ni Sango,['surprise'],['disgust'],['sadness'],[]
yoruba_text_2062_emotion_1,Ọjọ Ogbo: Àwọn òṣèré tíátà kan ṣàfihàn fọ́tò ọjọ́ ogbó wọn,['surprise'],[],[],[]
yoruba_text_1674_emotion_1,Ohun márùn ún tí ejò ń jẹ,[],[],[],[]
yoruba_text_3286_emotion_1,Kwara: Wọn ti ọsibitu ile ijọba pa nitori iku Aminu Logun,[],[],[],[]
yoruba_text_4090_emotion_1,Awa jagunjagun ibilẹ le daabo bo ilu wa ju awọn agbofinro ijọba lọ-Ọmọluabi,[],[],[],[]
yoruba_text_4590_emotion_1,"Makẹta ti Tọpẹ bimọ fun b’ALAROYE sọrọ: N ko ni ẹjọ kankan pẹlu Ayọmikun, Tọpẹ ni ko jade waa sọrọ",['anger'],['anger'],['anger'],['anger']
yoruba_text_4175_emotion_1,"Nitori owo iranwọ epo ti wọn yọ, awọn akẹkọọ ati oṣiṣẹ yoo maa wọkọ ọfẹ ni Kwara",['joy'],['joy'],['joy'],['joy']
yoruba_text_2692_emotion_1,"Nitori ifọrọwerọ to ṣe, Portable yẹyẹ iya ọmọ rẹ nita gbangba",['surprise'],['disgust'],"['anger', 'sadness']",[]
yoruba_text_547_emotion_1,Abortion law: Àwọn aṣòfin ti fòǹtẹ̀ lu ṣíṣẹ́ oyún tí kò í pé oṣù mẹ́ta ní ìlú yìí,['surprise'],[],['joy'],[]
yoruba_text_1248_emotion_1,"Ogun farmers and herders clash: Ìkọlù darandaran àti àgbẹ̀ wáyé ní Ògùn, ẹni márùn-ún, ọ̀pọ̀ ilé bá ìṣẹ̀lẹ̀ náà lọ","['fear', 'sadness']",['sadness'],['sadness'],['sadness']
yoruba_text_2220_emotion_1,"Kidnapping: Àwọn ajínigbé jí àlùfáà ìjọ àti ọmọ rẹ̀ gbé, bèrè mílíọ̀nù mẹ́wàá náírà gẹ́gẹ́ bí owó ìtúsílẹ̀ ní ìpínlẹ̀ Ondo",['surprise'],['sadness'],['sadness'],['sadness']
yoruba_text_2591_emotion_1,"Buhari ti ki Obaseki ku oriire, o loun naa ba a yọ gidi",['joy'],[],['joy'],['joy']
yoruba_text_3363_emotion_1,Ileewe awọn ọlọpaa ni Babangida atawọn ẹgbẹ ẹ ti lọọ jale,['surprise'],['disgust'],[],[]
yoruba_text_2285_emotion_1,Buhari: PDP àtàwọn àjọ míì figbe ta lórí èsì ìwádìí Amẹ́ríkà nípa ìjọba Buhari,['surprise'],[],['anger'],[]
yoruba_text_595_emotion_1,"Ẹ sọ fún Ademọla Adeleke kó yé sáré kìtìkìtì, sáré kàtàkàtà mọ́, kó gbára dúró gba ìwé ìpẹ̀jọ́ mi – Gómìnà Oyetola",['anger'],['disgust'],['anger'],['anger']
yoruba_text_1525_emotion_1,"Ibadan Refuse: Kọmísánà fọ́rọ̀ àyíká ní ìṣẹ̀lẹ̀ náà ní bó ṣe jẹ́, kò ṣàdédé wáyé",[],[],[],[]
yoruba_text_3752_emotion_1,NYSC banujẹ lori agunbanirọ tawọn janduku yinbọn pa,['sadness'],['sadness'],['sadness'],['sadness']
yoruba_text_1596_emotion_1,Ààrẹ fí ọwọ́ òsì júwe ilé fún Mínísítà tó ń gba owó oṣù láì ṣiṣẹ́,['anger'],['sadness'],['anger'],['anger']
yoruba_text_4247_emotion_1,Aarẹ Buhari fun Ize-Iyamu ni asia ẹgbẹ APC lati dije sipo gomina l’Edo,[],[],['joy'],[]
yoruba_text_3544_emotion_1,Ẹjẹ eeyan lawọn eleyii rọ sinu kẹẹgi ti wọn ba lọwọ wọn,"['disgust', 'surprise']",['disgust'],['sadness'],['disgust']
yoruba_text_3747_emotion_1,"Ọwọ tẹ iyaale ile yii, ẹran ẹlẹran lo n ji laarin ilu",['surprise'],['disgust'],['sadness'],[]
yoruba_text_3965_emotion_1,"Ijọba Eko ni kawọn akẹkọọ ọlọdun mẹta akọkọ (JSS3), wọle lọjọ kẹwaa, oṣu yii ",[],[],[],[]
yoruba_text_3875_emotion_1,"Ọdun ku dẹdẹ ko pari, ọmọ Mọla gun iyaale ile pa l’Ekoo",['sadness'],['sadness'],['sadness'],['sadness']
yoruba_text_721_emotion_1,Ronke Odusanya: Àwọn olólùfẹ́ Ronke Odusanya Ìdídowó ti ń fọnmú lórí àṣẹ àyẹ̀wò DNA tí iléẹjọ́ pa lórí ọmọ tó bí fún Saheed,[],[],['sadness'],[]
yoruba_text_4883_emotion_1,Awọn to n jijagbara fun Yoruba Nation n tanra wọn jẹ ni-Akeredolu,['anger'],['disgust'],['anger'],['anger']
yoruba_text_593_emotion_1,Insecurity: Monguno ní àsìkò ti tó láti f'òpin sí Almajiri ní Nàìjíríà,['anger'],['fear'],['disgust'],[]
yoruba_text_3756_emotion_1,"Muyideen atọrẹ ẹ ji tẹgbọn-taburo gbe, inu igbo ti wọn so wọn mọ ni wọn ku si l’Oṣogbo",['sadness'],['sadness'],"['sadness', 'surprise']",['sadness']
yoruba_text_1220_emotion_1,"Àwọn Olùdíje, Òjísẹ́ Ọlọ́run gbàdúrà nínú òjò ṣáájú ìbò 2023",[],[],['fear'],[]
yoruba_text_2637_emotion_1,"Sawoolu pade awọn ọmọbinrin meji ti wọn ko rowo ileewe san, lo ba loun yoo maa gbọ bukaata ileewe wọn","['joy', 'surprise']",['joy'],"['joy', 'surprise']","['joy', 'surprise']"
yoruba_text_1593_emotion_1,"Agbekoya Protest: Kò sí àtúnṣe òfin 1999, kò sí ìbò ní 2023",['anger'],[],[],[]
yoruba_text_182_emotion_1,"Nigeria Independence Day: Ìyàpa ẹ̀yà, èdè àti ẹ̀sìn ló mú akùdé bá ìṣọ̀kan Nàíjíríà",['sadness'],['fear'],['sadness'],['sadness']
yoruba_text_2255_emotion_1,Ibadan Bullion Van Robbery: Olùbádámọ̀ràn fétò àbò fún gómìnà Oyo ṣí aṣọ lójú àwọn tó ṣe onígbọ̀wọ́ ìdigunjalè ọkọ̀ agbówórìn,[],[],[],[]
yoruba_text_760_emotion_1,"Seyi Makinde gba olùkọ́ 129, tí Ajimobi lé lẹ́nu iṣẹ́ padà","['joy', 'surprise']",['joy'],['joy'],['joy']
yoruba_text_2962_emotion_1,Banki apapọ yoo fofin de ile ifowopamọ to ba n sanwo atijọ faraalu,[],['anger'],['anger'],['anger']
yoruba_text_4908_emotion_1,"Ile-ẹjọ da Sunday Igboho lare, o ni kawọn DSS san biliọnu lọna ogun Naira fun un",[],['joy'],['joy'],['joy']
yoruba_text_4471_emotion_1,"Nitori bo ṣe ni eto idibo to kọja yii lo daa ju, ẹgbẹ Afẹnifẹre sọkọ ọrọ si Lai Mohammed",['anger'],['anger'],['anger'],['anger']
yoruba_text_632_emotion_1,Coronavirus: Ẹ tilẹ̀kùn ṣọ́ọ̀ṣì àti mọ́ṣáláṣí yín tí èrò bá ju 50 lọ láti dẹ́kun Coronavirus - ìjọba Eko,[],[],['fear'],[]
yoruba_text_2612_emotion_1,"Ṣọọṣi Ridiimu pese aaye itọju aisan kindirin si ọsibitu OOUTH, wọn tun ra irinṣẹ si i","['joy', 'surprise']",[],['joy'],['joy']
yoruba_text_4866_emotion_1,"Wasiu Ayinde ti tun ni aya tuntun lọọdẹ, Emmanuella niyawo ọṣingin",['surprise'],[],['surprise'],['surprise']
yoruba_text_1546_emotion_1,"""Wakili Arrest: """"Nnkan ibanujẹ ni bi ọlọpaa ṣe ti awọn ọmọ ẹgbẹ OPC mọle nitori Wakili""""- Adari ẹgbẹ́ OPC""",['sadness'],['sadness'],['sadness'],['sadness']
yoruba_text_2976_emotion_1,"Baba fi ibalopọ fa idi ọmọ bibi inu ẹ ya l’Akinyẹle, n’Ibadan",['disgust'],['sadness'],['sadness'],['sadness']
yoruba_text_1700_emotion_1,"Nyesom Wike kò ní kúrò ní PDP, ó dá mi lójú – Saraki fèsì",[],[],[],[]
yoruba_text_4392_emotion_1,"Awọn lọọya mẹta gba kootu lọ, wọn ni ki INEC wọgi le Tinubu, Atiku ati Obi gẹgẹ bii oludije",['anger'],['disgust'],['sadness'],[]
yoruba_text_1761_emotion_1,"Saki Earth tremor: Ilẹ̀ mímì nílu Saki ti sọ àwọn olugbé ibẹ̀ sínú hílàhílo, ọ̀pọ̀ olùgbé ń sá fìlú sílẹ̀","['fear', 'surprise']",['fear'],"['fear', 'sadness']",['fear']
yoruba_text_3858_emotion_1,"O ma ṣe o,  awọn janduku pa eeyan mẹtala ninu mọlẹbi kan naa ni Kogi",['sadness'],['sadness'],['sadness'],['sadness']
yoruba_text_4809_emotion_1,Ipinlẹ Ekiti yoo bẹrẹ ayẹwo fawọn to fẹẹ darapọ mọ ikọ Amọtẹkun lọjọ Aje,[],[],[],[]
yoruba_text_518_emotion_1,"Ogun iphone theft: Ọkùnrin kan dèrò ẹ̀wọ̀n lẹ́yìn tó jí ẹ̀rọ ìbáraẹnsọ̀rọ̀ tí iye owó rẹ̀ tó ₦950,000",['surprise'],['sadness'],['sadness'],['sadness']
yoruba_text_3091_emotion_1,Tirela tẹ oṣiṣẹ FRSC pa loju ọna Ṣagamu s’Ijẹbu-Ode,['sadness'],['sadness'],['sadness'],['sadness']
yoruba_text_3231_emotion_1,"Laarin wakati diẹ ti wọn kede iku Akeredolu, awọn ọmọlẹyin rẹ mẹta kọwe fipo silẹ","['sadness', 'surprise']",['sadness'],['sadness'],['sadness']
yoruba_text_3049_emotion_1,"Ile ti Ayọmide ti lọọ ṣiṣẹ lo ti ji jẹnẹretọ, ọwọ Amọtẹkun ti tẹ oun ati Hausa to ta a fun l’Oṣogbo",['surprise'],[],[],[]
yoruba_text_1406_emotion_1,New Minimum Wage: Aráàlú fẹ́ kíjọba dín owó olóṣèlú kù dípò owó oṣù òṣìṣẹ́,['anger'],[],[],[]
yoruba_text_154_emotion_1,"Hackney Wick bar floor collapse: Àjà ilé ọtí dàwó ní Hackney Wick, mẹ́tàlá nínú àwọn oníbàárà farapa",['surprise'],['sadness'],['sadness'],['sadness']
yoruba_text_255_emotion_1,Insecurity in Nigeria: Soyinka ní Buhari kò le jókòó síle ìjọba láti dojú Boko Haram bolẹ̀,['anger'],['anger'],['anger'],['anger']
yoruba_text_2528_emotion_1,"Ọpẹ o, wọn ti ri awọn arinrinajo tawọn ajinigbe ji gbe loju-ọna Oṣogbo si Ibokun",['joy'],['joy'],['joy'],['joy']
yoruba_text_1004_emotion_1,Owolabi Ajasa police in Yoruba film: Irungbọ̀n tí mi ò ní ló mú mi ṣe oríire kíkó'pa ọlọ́pàá,[],[],['joy'],[]
yoruba_text_2726_emotion_1,"Oju ti pọn awọn Fulani ju ni Naijiria yii, afi ka tọju wọn atawọn maaluu wọn-Sheikh Gumi",[],['disgust'],['sadness'],[]
yoruba_text_4223_emotion_1,"Nitori eto aabo, ẹṣọ Amọtẹkun Ondo ati Ọṣun bẹrẹ ajọṣepọ lẹnu aala wọn",[],[],[],[]
yoruba_text_4703_emotion_1,"Ọṣun 2022: Bisi Akande fun Oyetọla ni ẹṣin, o ni ko gun un wọle agbara",['surprise'],[],['joy'],[]
yoruba_text_401_emotion_1,Ondo: Àwọn afurasí mẹ́rin ti wà ní àhámọ́ lórí ikú ọkùnrin kan ní Igbokoda - Iléeṣẹ́ ọlọ́pàá ìpínlẹ̀ Ondo,['surprise'],['fear'],[],[]
yoruba_text_808_emotion_1,"El-Rufai: Inú mí dùn bí wọ́n ṣe mú Nnamdi Kanu, yóò kọ́ àwọn yóòkù tí wọ́n fẹ́ pín Naijiria ní ọgbọ́n",['joy'],[],['joy'],['joy']
yoruba_text_405_emotion_1,Olorì Aláàfin kan kú lẹ́yìn oṣù kejì tí Ọba Adeyemi wàjà,['surprise'],['sadness'],['sadness'],['sadness']
yoruba_text_1639_emotion_1,"Ibadan flood: Omi gbé arákùnrin ẹni ọdún 28 kan lọ ní Ibadan, Gómìnà Makinde bá mọ̀lẹ́bí kẹ́dùn",['sadness'],['sadness'],['sadness'],['sadness']
yoruba_text_4151_emotion_1,"Ẹyin ara Yewa, nipinlẹ Ogun, ẹ ku amojuba Sunday Igboho",['joy'],[],[],[]
yoruba_text_2539_emotion_1,Ọpẹ o! Awọn ajinigbe ti yọnda pasitọ ijọ Ridiimu ti wọn ji gbe,['joy'],['joy'],['joy'],['joy']
yoruba_text_3373_emotion_1,A maa ṣewadii ẹsun pe ọlọpaa ti wọn lu bajẹ ji apoti ibo gbe sa lọ- Ileeṣẹ ọlọpaa,[],[],[],[]
yoruba_text_2383_emotion_1,"#PantamiMustResign, Isa Pantami: Àwọn ọmọ Naijiria ń fẹ́ ìyọnípò mínístà fún ọ̀nà ìbáraẹnisọ̀rọ̀ nítorí ọ̀rọ̀ tó sọ nípa àwọn agbésùnmọ̀mí",['anger'],[],['anger'],['anger']
yoruba_text_4951_emotion_1,Ọlọpaa gba eeyan mẹta kalẹ lọwọ awọn ajinigbe l’Ogun,['joy'],['joy'],['joy'],['joy']
yoruba_text_1404_emotion_1,Accountant-general N80billion arrest: Ka nípa ẹní tí ìjọba Nàìjíría yàn láti di ipò olùṣirò owó àgbà mu lẹyìn aṣemáṣe Ahmed Idris,[],[],[],[]
yoruba_text_3314_emotion_1,Ile-ẹjọ faini DPO to lu telọ rẹ lalubami n’Ibadan,['surprise'],['disgust'],[],[]
yoruba_text_2598_emotion_1, Tinubu yoo ṣatunṣe sileeṣẹ eto ilera to ba di aarẹ- APC,[],[],[],[]
yoruba_text_77_emotion_1,"""Tope Alabi: Ẹni tó kọ orin """"Oniduro Mi E se o"""" fèsì""",[],[],[],[]
yoruba_text_3434_emotion_1,"Ile akọku ni Jamiu mu ọmọ ọdun mẹsan-an lọ n’llọrin, o si fipa ba a laṣepọ",['disgust'],['sadness'],['sadness'],['sadness']
yoruba_text_2667_emotion_1,"Lẹyin ọjọ mọkanla, Fayẹmi bọ lọwọ Korona",['joy'],['joy'],['joy'],['joy']
yoruba_text_362_emotion_1,"National Prayer: Àjọ́ CAN pàṣẹ ètò àdúrà ọlọ́jọ́ mẹ́tà fún Naijiria , ẹ wo kókó àdúrá...",['surprise'],[],['surprise'],['surprise']
yoruba_text_1052_emotion_1,Lagos School reopening: Ìjóba ìpínlẹ̀ Eko kéde ṣíṣí àwọn ilé ìwé padà,[],[],[],[]
yoruba_text_375_emotion_1,Oluwo Divorce: Olúwòó ilú Iwo: Èèwọ! Ọba aláde o gbọdọ kọ aya rẹ̀ sílẹ̀,['anger'],['disgust'],['anger'],['anger']
yoruba_text_193_emotion_1,Eji Gbadero: Ó pa Raji Oba nítorí ilẹ̀ nìjọba bá yẹgi fún un,"['anger', 'disgust']",['sadness'],"['sadness', 'surprise']",['sadness']
yoruba_text_2986_emotion_1,Ọwọ tẹ awọn Fulani mẹta pẹlu nnkan ija oloro l’Akurẹ,['joy'],['anger'],[],[]
yoruba_text_1439_emotion_1,Nigeria Army: Ọmọ ogún Nàìjíríà tó n lẹ̀dí àpò pọ̀ pẹ̀lú ISWAP ṣekú pa ará rẹ̀ lẹyìn tí àṣírí tú,['surprise'],['sadness'],['sadness'],['sadness']
yoruba_text_2029_emotion_1,Railway workers'strike: Wo ìdí tí àwọn òṣìṣẹ́ ọ̀kọ̀ Reluwé ṣe da iṣẹ́ sílẹ̀ jákèjádò Nàìjíríà,[],['sadness'],[],[]
yoruba_text_4409_emotion_1,Adeleke fi ipilẹ ile awọn alalaaji lelẹ l’Ọṣun,['joy'],[],['joy'],['joy']
yoruba_text_3527_emotion_1,Eeyan meji ku lasiko ti awọn Hausa ati tọọgi kọju ija sira wọn niluu Ẹdẹ,['sadness'],['sadness'],['sadness'],['sadness']
yoruba_text_853_emotion_1,International Women's day 2020: Àwọn obìnrin tọ́kasí pàtàkì ìbáraẹnidọ́gba láárin ọmọnìyàn,[],[],[],[]
yoruba_text_1993_emotion_1,Ìbẹ̀rẹ̀ akòbá fún ìlera ni kí oorun rẹ̀ má pé wákàtí márùn-ún,['surprise'],['fear'],[],[]
yoruba_text_1259_emotion_1,Igisekele: Àwọn àgbà ọ̀jẹ̀ akọrin Fuji ń ṣèdárò Amoo Igisekele tó jáde láyé,['sadness'],['sadness'],['sadness'],['sadness']
yoruba_text_1472_emotion_1,"Oyo law unchained dog owner arrest: Tú ajá rẹ sílẹ̀, kí o fi ẹ̀wọ̀n oṣù mẹ́fà jura ní ìpínlẹ̀ Oyo",['surprise'],[],[],[]
yoruba_text_965_emotion_1,Policeman dies in Gbenga Daniel‘s House: Àya ọlọ́pàá tó kú ní òun kọ N1m tí wọn fún òun,"['sadness', 'surprise']",['sadness'],['sadness'],['sadness']
yoruba_text_998_emotion_1,"Ondo crime: Happiness tó fọ́gi mọ́ orogún rẹ̀, Blessing Emmanuel lórí tó fi kú l'Ondo ti wà láhámọ́ ọlọ́pàá",['surprise'],['sadness'],['sadness'],['sadness']
yoruba_text_2405_emotion_1,Election Tribunal: Atiku kùnà! Buhari ló borí ní ìgbẹ́jọ́ ìdìbò 2019,['surprise'],[],['sadness'],[]
yoruba_text_4772_emotion_1,Makinde fun ijọ Musulumi moṣalaaṣi Ọja’ba ni bọọsi nla,['surprise'],['joy'],['joy'],['joy']
yoruba_text_3156_emotion_1,Eeyan mẹrindinlọgọrin ṣegbe lasiko ijamba ọkọ oju omi ni Anambra,['sadness'],['sadness'],['sadness'],['sadness']
yoruba_text_849_emotion_1,K﻿í ló dé táwọn èèyàn kan fi ń ro ikú ro Kemi Afolabi?,['fear'],['fear'],"['sadness', 'surprise']",['fear']
yoruba_text_4799_emotion_1,"Lẹyin ti Funkẹ Akindele dibo tan, eyi niṣẹ to ran si awọn ololufẹ ẹ",[],[],[],[]
yoruba_text_2717_emotion_1,Ijọba gbọdọ pẹjọ ta ko idajọ kootu Ko-tẹ-mi-lọrun to ni ki wọn tu Sọtitobirẹ silẹ-Ogele,['anger'],['disgust'],['anger'],['anger']
yoruba_text_3099_emotion_1,"Maaluu ti Ojo yoo fi ṣegbeyawo lo fẹẹ lọọ ra ti wọn fi pa a, ti wọn si ge ẹya ara rẹ lọ ni Kwara","['disgust', 'sadness']",['sadness'],['sadness'],['sadness']
yoruba_text_2707_emotion_1,NDLEA mu awọn meji to n ta egboogi oloro fawọn agbebọn ni Kwara,['surprise'],['disgust'],['joy'],[]
yoruba_text_1846_emotion_1,Dejo Tunfulu: Àwọn òṣèré tíátà bẹ̀rẹ̀ kíkọ́ ilé sórí ilẹ̀ gbajúgbajà adẹ́rìnínpòṣónú tó papò dà,"['joy', 'sadness']",[],[],[]
yoruba_text_1501_emotion_1,RevolutionNow: Falana àtàwọn míì ṣe àpérò l'Eko lẹ́yìn tí DSS kọ́kọ́ ti gbọ̀ngàn tí wọ́n fẹ́ lò pa,[],[],[],[]
yoruba_text_3078_emotion_1,Awọn ajinigbe ji igbakeji ọba ilu Ijan-Ekiti gbe,['surprise'],['sadness'],['sadness'],['sadness']
yoruba_text_680_emotion_1,Lagos Police: Ọwọ́ sìnkún ọlọ́pàá tẹ ọkùnrin tó so onígbèsè rẹ̀ mọ́lẹ̀ pẹ̀lú igi,"['sadness', 'surprise']",['sadness'],['sadness'],['sadness']
yoruba_text_906_emotion_1,Jumoke Oyeleke: Wo ẹ̀bùn ńlá tí ìjọba fi ta ìyá tó pàdánù ọmọ rẹ̀ lásìkò ìwọ́de lọ́rẹ,['joy'],['joy'],['surprise'],['joy']
yoruba_text_854_emotion_1,"Olutoye: Ọmọ ọdọ̀ àgbà ni mí, kò sì yẹ kí èdè Yorùbá parun",['sadness'],[],['sadness'],['sadness']
yoruba_text_1534_emotion_1,Dare Adeboye news: Ìyàwó Adeboye fojú hàn níta lẹ́yìn ikú ọmọ wọn Dare,['sadness'],[],[],[]
yoruba_text_1398_emotion_1,MMA: Àwọn èrò ní ìwà àjẹbánu ní kò jẹ́ kí Nàíjíríà ní ohun èèlò tó yẹ ní pápákọ̀ òfurufú,['sadness'],['disgust'],['sadness'],['sadness']
yoruba_text_3323_emotion_1,"Tori burẹdi ati omi ti Samson ji, adajọ sọ ọ sẹwọn ọdun mẹta",['surprise'],['disgust'],['surprise'],['surprise']
yoruba_text_97_emotion_1,Fayose: APC Ekiti ní àwọn olóṣèlú tó ti fìdírẹmi kò le è ráyè láàrin àwọn,[],['anger'],['disgust'],[]
yoruba_text_3761_emotion_1,O ṣẹlẹ! Wọn ni ayederu iwe-ẹri ileewe girama ni gomina Ondo n gbe kiri,['surprise'],['disgust'],['surprise'],['surprise']
yoruba_text_825_emotion_1,Falana on Timothy Adegoke Case: Ìjọba ìpínlẹ̀ Osun láwọn ti buwọ́lu ìwé àṣẹ fún Fálànà láti sójú ìdílé Timothy,[],[],[],[]
yoruba_text_1_emotion_1,FIFA: A fi òfin de ẹ̀yin eléré ìdárayá mẹ́ta wọ̀nyí láti ilẹ̀ Adúláwọ̀ títí ayé,['anger'],['anger'],['anger'],['anger']
yoruba_text_2924_emotion_1,"O ma ṣe o, kọntena ṣubu le mọto akero ati kẹkẹ Marwa mọlẹ, eeyan mẹrin lo ku",['sadness'],['sadness'],['sadness'],['sadness']
yoruba_text_559_emotion_1,Yorùbá dùn Egypt: Bàálù méjì yóò kún tí ìjọba bá ṣèrànwọ́ láti kó wa kúrò ní Egypt,['sadness'],[],[],[]
yoruba_text_1443_emotion_1,Russia-Ukraine War: Ohun tí a fẹ́ ṣe láti dènà ìyàn oúnjẹ ní Naijiria rè é,[],[],[],[]
yoruba_text_2829_emotion_1,"Fulani deegun ẹja si wọn lọrun l’Ayetẹ, o ni pipa loun yoo pa Yoruba to ba gba ọna ile oun kọja",['surprise'],['fear'],['anger'],[]
yoruba_text_3505_emotion_1,"Gbese ree o, ijọba gba ọja lori awọn to n taja loju titi l’Ekoo, ni wọn ba bu sẹkun",['sadness'],['sadness'],['sadness'],['sadness']
yoruba_text_3391_emotion_1,"Awọn tọọgi kọ lu kọmiṣanna Oyetọla n’Ileṣa, eeyan marun-un dero ọsibitu",['surprise'],['sadness'],['sadness'],['sadness']
yoruba_text_3990_emotion_1,Eyi lohun tileewe Fasiti KWASU sọ nipa akẹkọọ wọn to dawati,['sadness'],['sadness'],[],['sadness']
yoruba_text_4594_emotion_1,"Ọọni atawọn ọba kaakiri Naijira wa l’Abuja bayii, Buhari ni wọn wa lọ",[],[],[],[]
yoruba_text_4674_emotion_1,Ijọba apapọ kede isinmi ọjọ mẹta fun ayẹyẹ ọdun,[],['joy'],[],[]
yoruba_text_4607_emotion_1,Baba Faṣọranti fẹyin ti gẹgẹ bii olori ẹgbẹ Afẹnifẹre,[],[],['joy'],[]
yoruba_text_1190_emotion_1,UNIOSUN : Ètò ìgbaniwọlé orí ayélujára fáwọn akẹ́kọ̀ọ́ tuntun ní fásitì UNIOSUN kò dín iyì ilé ẹ̀kọ́ gíga kù fáwọn akẹ́kọ̀ọ́ wa- VC UNIOSUN,[],[],[],[]
yoruba_text_4339_emotion_1,Oṣu kẹsan-an ọdun yii nipinlẹ Ọṣun yoo ko awọn Amọtẹkun rẹ jade ,[],[],['joy'],[]
yoruba_text_2248_emotion_1,Prematured Menopause: Òògùn lílò àti àwọn nkan mìí tó le mú kí nkan oṣù obìnrin dáwọ́ dúró láìpé ọjọ́,['surprise'],['fear'],[],[]
yoruba_text_1456_emotion_1,Atiku vs Buhari: Adájọ́ yóò ṣẹ̀dájọ́ lóní lórí ìbò ààrẹ Naijiria,[],[],[],[]
yoruba_text_2977_emotion_1,Adajọ ju Dauda ati Ibrahim to ji maaluu gbe sẹwọn ọdun marun l’Odigbo,['surprise'],['sadness'],['sadness'],['sadness']
yoruba_text_1808_emotion_1,Alleged Sexual harassment: Ẹ̀gbọ́n baba Barakat ṣàlàyé bó ti gbé e lọ sílé kọmísọ́nà Ogun tí wọ́n ní kó lọ rọ́kún ńlé,['sadness'],['sadness'],[],['sadness']
yoruba_text_689_emotion_1,Bolivia: Ẹ̀rù kò bà mí láti padà sí Bolivia- Evo Morales,[],[],[],[]
yoruba_text_383_emotion_1,APC Oyo: Àkọsílẹ̀ rere wà pé Ajimobi ni gómìnà tó dáńtọ́ jùlọ ní Ọyọ,['joy'],[],['joy'],['joy']
yoruba_text_1268_emotion_1,"Ìgbẹ́jọ́ ikú olórin ẹ̀mí Osinachi Nwachukwu tẹ̀síwájú lónìí, wo ohun tó ti ṣẹ́lẹ̀",[],[],[],[]
yoruba_text_3831_emotion_1,"Wọn ti dajọ iku fun ọlọpaa to pa lọọya nni, Ọmọbọlanle Raheem",['surprise'],['sadness'],[],[]
yoruba_text_4294_emotion_1,Ijọba apapọ kede ọjọ Aje gẹgẹ bii isinmi lẹnu iṣẹ,[],[],[],[]
yoruba_text_1768_emotion_1,Aráàlú dáná sún afurasí méjì 'tó jí ọ̀kadà' ní Ibadan,"['anger', 'surprise']",['sadness'],"['anger', 'sadness']","['anger', 'sadness']"
yoruba_text_1099_emotion_1,"Isiaka Jimoh EndSars Ogbomoso: Èmí kò ní kí wọ́n pa ọlọ́pàá tó pa Isiaka, ṣùgbọ́n...- Ramota, Iya Isiaka",['sadness'],[],['sadness'],['sadness']
yoruba_text_3221_emotion_1,"Lẹyin oṣu meje to ti wa lọsibitu, Favour ti Robinson fipa ba lo pọ l’Agbara ti ku o",['sadness'],['sadness'],['sadness'],['sadness']
yoruba_text_3649_emotion_1,"O ti doju ẹ o: Agbebọn da ọkọ ero lọna, wọn ji awọn mẹẹẹdogun to wa ninu ẹ gbe lọ",['sadness'],"['fear', 'sadness']","['fear', 'sadness']","['sadness', 'fear']"
yoruba_text_3910_emotion_1,Awọn oloṣelu kan ti n ko awọn akekọọ jọ lati ṣewọde tabuku ijọba Tinubu- DSS,[],[],[],[]
yoruba_text_4738_emotion_1,Awọn ajinigbe ti tu eeyan marun-un ti wọn ji l’Ekiti silẹ,['joy'],['joy'],['joy'],['joy']
yoruba_text_773_emotion_1,Kaduna-Abuja Train Attack: Àwọn aṣòfin ní yóò dáa káwọn dara pọ̀ mọ́ ASUU nínú ìyanṣẹ́lódì torí ọ̀rọ̀ àwọn ti sú aráàlú,[],[],['sadness'],[]
yoruba_text_350_emotion_1,Ojisẹ Ọlọ́run fún osere tíátà ni ₦8m láti ṣiṣẹ abẹ,"['joy', 'surprise']",['joy'],['surprise'],"['joy', 'surprise']"
yoruba_text_99_emotion_1,"Ẹgbẹ́ òṣìṣẹ́ fẹ́ gùnlé ìyanṣẹ́lódì aláìní gbèdéke, ìdí rèé",['surprise'],['fear'],['surprise'],['surprise']
yoruba_text_1680_emotion_1,Itunu Babalọla Death: Ìjọba Nàíjìríà fèsì sí ìbéèrè Baba Itunu Babalola lórí òkú ọmọ rẹ̀!,['sadness'],[],[],[]
yoruba_text_589_emotion_1,Ritual Murder: Bàbá akẹ́kọ̀ọ́bìnrin LASU tí ọ̀rẹ́kùnrin rẹ̀ fi ṣ'òògùn owó ń bèèrè fún ìdájọ́ òdodo,"['anger', 'sadness']","['anger', 'sadness']",['sadness'],"['anger', 'sadness']"
yoruba_text_1944_emotion_1,Kemi Remi Dairo: Iṣẹ́ abẹ nínú ọpọlọ àti ẹ̀rọ ni mo fi ń gbọ́ ọ̀rọ̀ báyìí,['surprise'],[],['sadness'],[]
yoruba_text_4690_emotion_1,Eyi lorukọ awọn ti yoo dije dupo gomina Ondo ti ajọ INEC fi sita,[],[],[],[]
yoruba_text_4168_emotion_1,Ayedatiwa di Adele gomina l’Ondo,[],[],[],[]
yoruba_text_4112_emotion_1,O ṣẹlẹ! Portable ati Pasuma ti da wahala silẹ ni ṣọọṣi Sẹlẹ o,['surprise'],['fear'],['sadness'],[]
yoruba_text_573_emotion_1,"Kí ló fa ìfaǹfà láàrín Biola Adekunle, gbajúmọ̀ òṣèré àti alágbàtà fíìmù tó fi bú sẹ́kún?",['surprise'],"['fear', 'surprise']",['surprise'],['surprise']
yoruba_text_4954_emotion_1,"Oyetọla yan ọmọ Bisi Akande ni kọmiṣanna, o tun fiyawo rẹ ṣe oluranlọwọ lọfiisi ọkọ ẹ",['surprise'],[],['joy'],[]
yoruba_text_258_emotion_1,Gómìnà Zamfara ní kò sí ìdáríjí fún àwọn jàndùkú mọ́ ní ìpínlẹ̀ òun,['anger'],['anger'],['anger'],['anger']
yoruba_text_4647_emotion_1,"‘Ko sohun to maa di Atiku lọwọ, yoo dije pẹlu Tinubu lọdun 2027’",[],[],[],[]
yoruba_text_3318_emotion_1,"Pasitọ yii ru posi kaakiri Eko, o ni ami pe Ọlọrun ti binu sijọba Buhari ni",['surprise'],['disgust'],['surprise'],['surprise']
yoruba_text_617_emotion_1,Lizzy Anjorin ti dásí ìjà fún Oduduwa Republic tí Sunday Igboho ń darí ẹ̀,[],[],[],[]
yoruba_text_1631_emotion_1,Akure Murder: Ọlọ́pàá bẹ̀rẹ̀ ìwádìí àwọn olólùfẹ́ yìí tí wọ́n bá okú wọn ní ilé ìgbọ̀nsẹ̀ wọn,"['sadness', 'surprise']",[],[],[]
yoruba_text_1721_emotion_1,Insecurity in Nigeria: Fayemi ní ìṣẹ̀lẹ̀ àwọn agbésùnmọ̀mí bíì Boko Haram ti dínkù lásìkò ìjọba Buhari,[],[],['joy'],[]
yoruba_text_2419_emotion_1,"Adewole Adebayo, Olùdíje sípò Aàrẹ lẹ́gbẹ́ SDP: Mo faramọ́ ọlọ́pàá ìpínlẹ̀ láti mójútó aàbò Nàìjíríà lásìkò yìí",[],[],[],[]
yoruba_text_565_emotion_1,"Sotitobire: Ọkọ mi kò mọ̀ Jegede PDP rí, kódà kò fa ẹnikẹ́ni kalẹ̀ dípò Akeredolu- Bisola ìyàwó Alfa Sotitobire",['sadness'],[],['sadness'],['sadness']
yoruba_text_4881_emotion_1,Gbogbo ohun to ba gba la maa fun un lati ri awọn to pa Oluwabamiṣe-Sanwoolu   ,['sadness'],['sadness'],['anger'],['sadness']
yoruba_text_2226_emotion_1,"Ooni: EFCC, ẹ se àtúnse sí ìgbé ayé àwọn ọdaràn tẹ bá mú",[],[],[],[]
yoruba_text_2454_emotion_1,Ibadan NTA Tanker explosion: Ọkọ̀ méjì jóná ráùráú níbi tí ọkọ̀ tó gbé bẹntiróò ti gbiná ní Ibadan,['surprise'],['sadness'],['sadness'],['sadness']
yoruba_text_2548_emotion_1,"Opẹ o, wọn ti tu Sunday Igboho silẹ lahaamọ",['joy'],['joy'],['joy'],['joy']
yoruba_text_3167_emotion_1,"Akẹkọọ fasiti yii ma daju o, ọrẹbirin rẹ lo fun ni majele jẹ",['sadness'],['anger'],['sadness'],['sadness']
yoruba_text_1028_emotion_1,"Ọ̀lẹ ní àwọn DSS ní Naijiria, TV ni wọ́n máa ń wò nígbà tí mo wà ní páńpẹ́ wọn- Ṣowore",['surprise'],['disgust'],['anger'],[]
yoruba_text_4796_emotion_1,Akẹkọọ to jẹ aditi ta awọn abarapa yọ ni Fasiti Ibadan,[],[],['surprise'],[]
yoruba_text_4032_emotion_1,"Tinubu ki i ṣọmọ Eko, wọn mu mi deleewe to lọ n’Iragbiji – Bọde George   ",[],[],['surprise'],[]
yoruba_text_3125_emotion_1,"Eeyan mẹjọ ku, mẹfa fara pa, nibi ijamba ọkọ ni Kwara ",['sadness'],['sadness'],['sadness'],['sadness']
yoruba_text_667_emotion_1,Nse Ikpe-Etim sọ̀rọ̀ lórí ìpènijà rẹ̀ lẹ́yìn tó pàdánù ilé ọmọ rẹ̀,['sadness'],['sadness'],['sadness'],['sadness']
yoruba_text_1656_emotion_1,"Ajah-Lagos Mayhem: Ọkọ̀ àjàgbé tẹ ọlọ́kadà àti èrò rẹ̀ pa L'Eko, wàhálà bẹ́ sílẹ̀","['sadness', 'surprise']",['sadness'],['sadness'],['sadness']
yoruba_text_466_emotion_1,"Gómìnà ìpínlẹ̀ Benue, Samuel Ortom ti parí ìjà láàrin akọ̀ròyìn Channels TV, Pius Angbo àti Ifeyinwa Angbo, ìyàwó rẹ̀",['joy'],['joy'],['joy'],['joy']
yoruba_text_3833_emotion_1,"Jidah fọgi mọ Khadija lori titi to fi ku ni Kwara, o lajẹẹ ni",['disgust'],['sadness'],['sadness'],['sadness']
yoruba_text_2384_emotion_1,Ibadan new born kidnap: Monsurat Lateef ṣàlàyé fún BBC bí obinrin kan ṣe jí ọmọ rẹ̀ gbé àti ibi tí ọ̀rọ̀ dé dúró,['sadness'],[],[],[]
yoruba_text_4925_emotion_1,"APC lo wọle ibo ni Kwara, awọn PDP lawọn ko ni i gba",['anger'],['anger'],['anger'],['anger']
yoruba_text_1702_emotion_1,Ile Arugbo Saraki: Ìjọba AbdulRazaq ti wólé aláànúú wa ní Ilorin,[],[],['sadness'],[]
yoruba_text_4075_emotion_1,Ọdun 2024 ni ireti eyin araalu yoo tubọ pada wa si imuṣẹ – Gomina AbdulRasaq ,[],[],[],[]
yoruba_text_3448_emotion_1,"Nitori ẹẹdẹgbẹta Naira, wọn l’ẹsọọ Amọtẹkun lu ọmọọdun mẹrinla pa l’Ondo","['sadness', 'surprise']",['sadness'],['sadness'],['sadness']
yoruba_text_1867_emotion_1,PDP South West: Fayose ní àwọn aṣojú dìbò ju bó ṣe yẹ níbi ìpàgọ́ PDP,[],[],[],[]
yoruba_text_4580_emotion_1,Gomina Ayedatiwa gba awọn ọba Yoruba nimọran,[],[],[],[]
yoruba_text_1138_emotion_1,"Akungba Suicide: Ẹbí, ọ̀rẹ́ àti ọ̀gá iléẹ̀kọ́ sọ̀rọ̀ lórí irú èèyàn tí Feranmi Fasunle jẹ́",['sadness'],[],['joy'],[]
yoruba_text_560_emotion_1,Ghana Election 2020: Ẹ dín iye ìgbà tẹ n gorí obìnrin kù kẹ́ẹ lè lágbára...,[],[],[],[]
yoruba_text_3426_emotion_1,"Nitori ti wọn ko gba awọn ti ko sanwo ileewe laaye lati ṣedanwo, awọn akẹkọọ Poli Ọffa ṣewọde",['anger'],['anger'],[],['anger']
yoruba_text_4977_emotion_1,"Oludamọran Fayẹmi lori eto oṣelu kọwe fipo silẹ, o darapọ mo ẹgbẹ SDP",['surprise'],[],['sadness'],[]
yoruba_text_2890_emotion_1,Ile-ẹjọ to ga ju lọ fontẹ lu ẹwọn ọdun mẹwaa fun Joshua Dariye,[],[],[],[]
yoruba_text_8_emotion_1,Former NFF president dies: Ààrẹ NFF tẹ́lẹ̀ri Oneya jáde láyé lẹ́ni ọdún 73,"['sadness', 'surprise']",['sadness'],['sadness'],['sadness']
yoruba_text_2439_emotion_1,"Yoruba Nation: Gómìnà Akeredolu ní àná Ìgbò ní òun, òun sì tako ìyapa Nàíjíríà",[],[],[],[]
yoruba_text_421_emotion_1,Seyi Makinde: Àwọn obìrin tó dé láti Lebanon sọ ọmọ wọn tuntun jòjòló ní Seyi Makinde,['surprise'],['joy'],['surprise'],['surprise']
yoruba_text_2292_emotion_1,Polio: Bàbá kọ abẹ́rẹ́ àjẹsára kí ọmọ rẹ̀ tó ní àìsàn polio!,['sadness'],['sadness'],['sadness'],['sadness']
yoruba_text_331_emotion_1,"Covid-19 Vaccine: Obìnrin kán sọ ìdí tí kò fi gba àjẹ́rẹ́ àjẹsára, tó sì pàdánù ìṣẹ́ rẹ̀","['sadness', 'surprise']",['sadness'],['surprise'],"['sadness', 'surprise']"
yoruba_text_323_emotion_1,SoundSultan is dead: Àwọn olórin ti ń ṣèdárò Olanrewaju Fasasi tó dágbére fáyé,['sadness'],['sadness'],['sadness'],['sadness']
yoruba_text_1435_emotion_1,Sex: Àwọn onímọ̀ ìjínlẹ́ ṣàlàyé ohun tó lè fa ikú òjijì lásìkò ìbálòpọ̀,['surprise'],[],[],[]
yoruba_text_253_emotion_1,"Tinubu presidency and olubadan visit: Ìyàwó Olubadan tuntun pariwo síta, Òni ọkọ ohun kò gbọ́wọ́ le Tinubu fún ipò ààrẹ lọ́dun 2023",['surprise'],['fear'],[],[]
yoruba_text_3401_emotion_1,Ile-ẹjọ ni ki wọn yọ Adele-ọba Irele nipo bii ẹni yọ jiga,[],['anger'],[],[]
yoruba_text_1616_emotion_1,"E má ṣìwágbọ́, Orí ayélujára ní èsì ìdìbò yóò ti máa jáde ní 2023– INEC",[],[],[],[]
yoruba_text_2025_emotion_1,Genort Rohr: A ò ní já ẹ̀yin alátìlẹ́yìn wa kulẹ̀ lónìí,[],[],[],[]
yoruba_text_159_emotion_1,Àlàyé rèé lórí ohun tó wáyé láàrin èmi àtàwọn DSS lọ́jọ́ tí wọn ká mí mọ́lé lóru mọ́jú - Sunday Igboho,['surprise'],[],['surprise'],['surprise']
yoruba_text_59_emotion_1,Deborah Samuel Killed in Sokoto: Àwon ìròyìn òfégè nípa ikú Deborah ní Sokoto rèé ati ìkọlù sí Bishop Kukah,"['fear', 'sadness']",['sadness'],['disgust'],['sadness']
yoruba_text_3421_emotion_1,Ọjọ akọkọ ti Tawa bẹrẹ si i kọṣẹ lo ji ọmọ ọga rẹ lọ,['surprise'],['sadness'],['surprise'],['surprise']
yoruba_text_2993_emotion_1,"L’Ọṣun, awọn janduku pa Qudus, wọn tun dana sun aafin ",['surprise'],['sadness'],['sadness'],['sadness']
yoruba_text_2647_emotion_1,"Bi ilu ṣe ri lo jẹ ki n maa ta iru, ṣugbọn iṣẹ naa pada pe mi daadaa-Lukman","['joy', 'sadness']",[],"['joy', 'sadness']","['joy', 'sadness']"
yoruba_text_3116_emotion_1,"Nitori ti wọn dari alaisan lọ si ọsibitu aladaani, ijọba da dokita ati nọọsi duro nipinlẹ Ọyọ",['surprise'],['anger'],[],[]
yoruba_text_4165_emotion_1,"Haa, Obi gbe Tinubu lulẹ l’Ekoo",['surprise'],[],['surprise'],['surprise']
yoruba_text_4454_emotion_1,Awọn oluranlọwọ igbakeji gomina Kwara ti ko arun Korona,['surprise'],['sadness'],['sadness'],['sadness']
yoruba_text_1872_emotion_1,"Irọ́ ni wọ́n pa mọ́ mi, mi ò gbé Atiku lọ ilé ẹjọ́ – Wike",[],['sadness'],['anger'],[]
yoruba_text_3058_emotion_1,Awọn meji ku sinu kanga ti wọn n gbẹ l’Abẹokuta,['sadness'],['sadness'],['sadness'],['sadness']
yoruba_text_3838_emotion_1,O ma waa ga o! Wọn tun ka ori ati ọwọ eeyan tutu mọ Aafaa Hasaan lọwọ n’Ibadan,"['disgust', 'sadness']",['disgust'],['surprise'],['disgust']
yoruba_text_933_emotion_1,"Koko iroyin: Ìjọ Àgùdà ni ẹ̀jẹ̀ pọ̀ ní Nàíjíríà, Àwọn asòfin gbára wọn lẹ̀sẹ́ l‘Ondo",['surprise'],['fear'],['sadness'],[]
yoruba_text_4342_emotion_1,Oyebanji di gomina Ekiti tuntun,"['joy', 'surprise']",[],['joy'],['joy']
yoruba_text_1736_emotion_1,Border closure: Wo àwọn ọ̀nà àràméèrírí táwọn èèyàn fi ń kó ìrẹsì wọ Nàìjíríà,['surprise'],['surprise'],['surprise'],['surprise']
yoruba_text_2574_emotion_1,"Ọbasanjọ ṣabẹwo si Oyetọla, o ni onirẹlẹ ati ọmọluabi tootọ ni",[],[],[],[]
yoruba_text_3545_emotion_1,"Abdulrahman ti ha o, kẹkẹ Marwa lo lọọ ji gbe ni mọṣalaaṣi",['surprise'],"['fear', 'sadness']",['sadness'],['sadness']
yoruba_text_1586_emotion_1,Ibadan: Olóòlù kò ni kọ́ja agboolé rẹ̀ fún ọdún eégún ìlú Ibadan tọdún yìí,[],[],[],[]
yoruba_text_4126_emotion_1,PDP yoo ṣeto idibo abẹle funpo aarẹ ninu oṣu karun-un,[],[],[],[]
yoruba_text_681_emotion_1,Kòkòrò àìsàn tó ń jẹ ẹran ara láti pa èèyàn láàrin ọjọ́ méjì tún gbalẹ̀,"['fear', 'surprise']",['fear'],['fear'],['fear']
yoruba_text_254_emotion_1,Police: Aago méjìlá òru ní afurasí náà bẹ́ sí ọ̀sà àmọ́ kò kú,"['joy', 'surprise']",['fear'],"['joy', 'surprise']","['joy', 'surprise']"
yoruba_text_5_emotion_1,"Buhari sacks Emefiele: Ṣé lóòtọ́ ni Ààrẹ Buhari ti gbaṣẹ́ lọ́wọ́ gómìnà Báǹkì àpapọ̀ Nàìjíríà, Godwin Emefiele?",['surprise'],[],['surprise'],['surprise']
yoruba_text_580_emotion_1,Adesanya UFC253: Wo ìlúmọ̀ọ́ká akànṣẹ́ mẹ́ta ọmọ Nàìjíríà tó ń ṣe bẹbẹ lágbàáyé,[],[],['surprise'],[]
yoruba_text_1106_emotion_1,"Àwùjọ àgbàyé, ẹ fìyà tó tọ́ jẹ Russia, kẹ sì fi Putin jófin ìyà ìṣekúpani - Zelensky",['anger'],['anger'],['anger'],['anger']
yoruba_text_2953_emotion_1,Inu Awolọwọ ko le dun lọrun si bi Naijiria ṣe ri loni-in- Tokunbọ Awolọwọ,['sadness'],"['anger', 'sadness']",['sadness'],['sadness']
yoruba_text_2785_emotion_1,"Eyi ni bi ile ti wọn n kọ lọwọ ṣe wo paayan n’Ibadan, o tun ṣe ẹni kan leṣe",['sadness'],['sadness'],['sadness'],['sadness']
yoruba_text_2907_emotion_1,"Baba atọmọ pa Gbenga, wọn kun ẹya ara ẹ si wẹwẹ l’Akurẹ",['disgust'],['sadness'],['sadness'],['sadness']
yoruba_text_4023_emotion_1,"Ẹ ma gbero pe ki Naijiria pin, ka wa niṣọkan lo daa- Alake ilẹ Ẹgba",[],[],[],[]
yoruba_text_3737_emotion_1,"Emmanuel yii ma laya o, ọlọpaa lo fẹẹ yinbọn mọ n’llọrin ti wọn fi mu un",['surprise'],['disgust'],['sadness'],[]
yoruba_text_534_emotion_1,"Plane crash in Abuja: Bàbá ṣì wà, ìyá wà, ìyàwó àtàwọn ọmọ ló kúnlẹ̀ yìí",[],['sadness'],['sadness'],['sadness']
yoruba_text_2903_emotion_1,Awọn mẹrin to lọwọ si rogbodiyan to waye lasiko iwọde SARS l’Okitipupa dero ẹwọn,[],['sadness'],[],[]
yoruba_text_4706_emotion_1,"Awọn ileewe girama ijọba apapọ yoo wọle lọjọ kejila, oṣu yii",[],[],[],[]
yoruba_text_3470_emotion_1,"Yahaya fẹẹ gbẹsan ija ti Kabiru ba a ja, lo ba gun un lọbẹ pa l’Ebute Mẹta",['disgust'],"['anger', 'sadness']",['sadness'],['sadness']
yoruba_text_3699_emotion_1,"O ma ṣe o, Fadeyi Oloro onitiata ti ku o!",['sadness'],['sadness'],['sadness'],['sadness']
yoruba_text_2440_emotion_1,Children's Day 2021: Wo àwọn ọmọdé tó gbọ́ èdè abínibí rẹ jù ẹ lọ,['surprise'],[],['surprise'],['surprise']
yoruba_text_2086_emotion_1,Báyìí ni àwọn alátìlẹ́yìn Super Eagles ṣe ń dá músò ṣáájú ìdíje tòní,[],[],['joy'],[]
yoruba_text_2433_emotion_1,A kò ní fààyè gba ọtí títà àti rírà lásìkò ìdíje ife ẹ̀yẹ àgbáyé – Ijọba Qatar,[],[],[],[]
yoruba_text_3977_emotion_1,APC yan awọn oloye ẹgbẹ kaakiri wọọdu ni Kwara ,[],[],[],[]
yoruba_text_3687_emotion_1,Ibọn onike ni John fẹẹ fi gbowo lọwọ oni-POS n’Ikorodu tọwọ fi tẹ ẹ,['surprise'],[],['surprise'],['surprise']
yoruba_text_4717_emotion_1,"Awọn aṣofin Eko ti fofin de fifi maaluu jẹko ni gbangba, wọn tun ṣofin lori VAT",['surprise'],['anger'],[],[]
yoruba_text_752_emotion_1,R﻿úkèrúdò ẹgbẹ́ òṣèlú PDP l‘Osun tún búrẹ́kẹ́ si,"['sadness', 'surprise']",['fear'],['sadness'],['sadness']
yoruba_text_2936_emotion_1,"Ọlayinka lẹdi apo pọ pẹlu babalawo, ni wọn ba lu oniṣowo kan ni jibiti miliọnu mejidinlọgbọn naira n’Ilọrin",['surprise'],['sadness'],[],[]
yoruba_text_245_emotion_1,Sheffield vs Chelsea: Ayé le! Sheffield faṣọ iyì ya mọ́ Chelsea lára lọ́nà ìrìnàjò sí Champions League,"['sadness', 'surprise']",['sadness'],['sadness'],['sadness']
yoruba_text_368_emotion_1,Sokoto Canoe Mishap: Baálẹ̀ abúlé pàdánù ọmọ 5 sínú ìjàmbá ọkọ̀ oju omi tó mú ẹ̀mí 28 lọ,"['sadness', 'surprise']",['sadness'],['sadness'],['sadness']
yoruba_text_4623_emotion_1,"Lati din ọwọngogo ounjẹ ku, eyi lohun ti Tinubu paṣẹ pe ki wọn ṣe kiakia",[],[],[],[]
yoruba_text_710_emotion_1,Ẹni mẹ́ta wọ gbaga ọlọpàá nítori ajílẹ̀ tí wọ́n kó tà ní ọja Daleko ní Mushin,"['disgust', 'surprise']",['sadness'],['sadness'],['sadness']
yoruba_text_2658_emotion_1,"Ọlaiya dọbalẹ, o yi gbiiri, nigba ti MC Oluọmọ fun un ni kọkọrọ mọto tuntun","['joy', 'surprise']",[],['surprise'],['surprise']
yoruba_text_4439_emotion_1,Awọn ileewe Eko yoo ṣi loṣu to n bọ,[],[],[],[]
yoruba_text_3276_emotion_1,Ọwọ ọlọpaa tẹ ogbologboo adigunjale meji to n yọ wọn lẹnu n’llọrin ,['joy'],[],['joy'],['joy']
yoruba_text_3063_emotion_1,Ogun miliọnu lawọn agbebọn to ji agbẹ mẹrin gbe n’Ifọn n beerewọn,['surprise'],[],['sadness'],[]
yoruba_text_3018_emotion_1,Baba agbalagba tọwọ tẹ nibi to ti n hu oku olokuu l’Ondo ti foju bale-ẹjọ,['disgust'],[],[],[]
yoruba_text_72_emotion_1,Jonathan the tortoise: Wo ìjàpá ọdún 190 tó jẹ́ ẹranko oríilẹ̀ tó dàgbà jù láyé,['surprise'],[],['surprise'],['surprise']
yoruba_text_1015_emotion_1,Raped for nine months: Oṣù mẹ́sàn-án ni wọ́n fi jí mi gbé tí wọ́n ń fipá bá mi lòpọ̀ títí tó fi di oyún,['sadness'],"['disgust', 'sadness']",['sadness'],['sadness']
yoruba_text_4281_emotion_1,"ABIYAMỌ TOOTỌ, ABACHA TUN FOWO RANṢẸ SAWỌN ỌMỌ NAIJIRIA LAT’ỌRUN   Owe Yoruba to sọ pe oku ọlọmọ ki i sun gbagbe, ti ṣe ṣe mọ gbogbo ọmọ Naijiria lara bayii, pẹlu bi ọkan lara awọn olori orileede wa to ti ku ṣe dide nigba to ri gbogbo wahala ati ipọnju ta a n la kọja ni Naijiria, to si taari owo gọbọi si wa pe ka fi gbọ bukaata wa. Ko kuku sẹni meji ta a n peri ju Ọgagun Sani Abacha lọ, olori orileede wa laye ologun, laipẹ yii lo fi owo ranṣẹ si Naijiria, owo kekere kọ o, owo tabua ni, miliọnu mẹtalelogun owo dọla  to jẹ ti wọn ba ṣẹ ẹ sowo Naira, owo ti i dẹru boṣi gidi ni, orileede Amẹrika lo fowo naa ran si wa lọtẹ yii. Eyi si kọ nigba akọkọ tọkunrin to nifẹẹ awọn eeyan rẹ daadaa yii yoo kọju si wa ṣe loore, afi bii ẹni pe o ti mọ ipọnju tawọn eeyan orileede yoo doju kọ lọjọ iwaju, bawọn obi ṣe n tọju ogun pamọ de ọmọ wọn lọjọ iwaju, bẹẹ ni Oloogbe Sanni ha owo Naijiria kaakiri awọn orileede agbaye kan, to n da a pada fun wa kọngbẹ-kọngbẹ bi lilo ba ti kan an. Ta lo n jiyan pe ko ri bẹẹ? Lọdun 2000 to fowo sọwọ si wa kẹyin, miliọnu lọna ọọdunrun owo dọla ($311.7 million) o le mọkanla ati aabọ l’Amẹrika taari si Naijiria, wọn lara owo Abacha to tọju sọdọ awọn ni. Ni 2018, orileede Switzerland la ti gba owo lọdun yẹn, miliọnu okoolelọọọdunrun ati meji ($322 million), wọn lowo t’Abacha ni ki wọn da pada fun wa niyẹn. Lọdun 2014, orileede Leichtenstein, l’Abacha ran, miliọnu lọna okoolerugba ati meje owo dọla ($227 million) lo fi ran wọn si wa. Boya o ti ṣe saa diẹ to ti fowo ṣọwọ si wa gbẹyin lo jẹ kowo naa pọ to bẹẹ, tori oun mẹjọ ṣaaju asiko naa, ọdun 2006 lo ti fi miliọnu mẹrinlelogoji ($44.1) ṣọwọ kẹyin latorileede Switzerland, ati miliọnu ọtalenirinwo le ẹyọ kan to fi ran wọn lọdun 2005. Awọn famili Abacha kan naa jẹwọ pe owo Abacha kan ha sawọn lọwọ, owo nla ni, ajọ EFCC lo tọpasẹ ẹ debẹ, awọn si fẹẹ ko o kalẹ, n ni wọn ba yọnda biliọnu kan ati igba kalẹ ($1.2b). Ko tan sibẹ o, orileede meji l’Abacha fowo ran lọdun 2003 si Naijiria, awọn mejeeji lo si jiṣẹ, Jersey jiṣẹ ọgọjọ miliọnu dọla ($160 million), Switzerland naa jiṣẹ miliọnu mejidinlaaadọrun-un dọla ($88 million), yatọ si miliọnu mẹrinlelọgọta mi-in ti wọn kọkọ fi jiṣẹ fun wa lọdọdun 2000. Nibi t’Abacha fẹran awọn ọmọ Naijiria de, gẹrẹ to ku loṣu Kẹfa, ọdun 1998, ọdun naa ni wọn ti bẹrẹ si i gba owo wa lọwọ awọn mọlẹbi ẹ, miliọnu ẹẹdẹgbẹrin aabọ dọla ($750 million) ni wọn kọkọ fi bẹrẹ lọdun naa, nigba ti Ajagunfẹyinti Abdulsalami Abubakar gbajọba. Ẹnikan ti inu rẹ ko ni i dun si bi Abacha ṣe n fowo abu ṣe Abu lalejo yii ni Aarẹ wa, Muhammadu Buhari, tori tipẹtipẹ sẹyin ni Buhari ti sọ pe Abacha ko jiwo Naijiria o, bẹẹ ni ko jale rara, o kan palẹ awọn owo kan mọ kuro nilẹ lọna aitọ ni, bo tilẹ jẹ pe ọrọ ti Buhari sọ nigba naa bi ọpọ eeyan ninu, wọn adape ole lọmọ mi n fẹwọ, adape agbere ni ṣina. Ṣa, niṣe ni ka maa dupẹ lọwọ Abacha, ka si tun maa dupẹ pataki lọwọ awọn orileede to fowo ran, ti wọn si fi jiṣẹ, ka parọwa sawọn orileede yooku ti owo baba wa lọdọ wọn, ki wọn ma jafara lati ba wa ko o, tori a ṣi nilo owo lati gbọ bukaata wa, ka waa bẹ ijọba wa ki wọn dakun nawo ti Dadi wa, abiyamọ tootọ ti ko gbagbe awọn ọmọ ẹ, n taari si wa yii, fun anfaani wa, nile loko.",['surprise'],['surprise'],['joy'],['surprise']
yoruba_text_1170_emotion_1,Bauchi Police: Ẹ wá wó arákùnrin tó pa ọmọ-ọmọ rẹ̀ tuntun jòjòló nítorí nípa ibálòpọ̀ ni wọ́n fi lóyún rẹ̀!,"['fear', 'surprise']","['disgust', 'sadness']",['sadness'],['sadness']
yoruba_text_553_emotion_1,"Òkò rùgùdù lórí Portable torí Small Doctor, àwọn ọdọ Agege kọjú oro si lóde ijó",['anger'],['anger'],['anger'],['anger']
yoruba_text_1587_emotion_1,Babajide Sanwo-olu: Mo ti fi ọgbọ̀n ọdún ṣe iṣẹ́ púlọ́mbà,['surprise'],[],[],[]
yoruba_text_3680_emotion_1,"Eeyan mẹta ku, ọpọ fara pa, nibi ija agba awọn ọmọ ẹgbẹ okunkun n’Ilọrin ",['sadness'],['sadness'],['sadness'],['sadness']
yoruba_text_3022_emotion_1,Wọn ti dana sun too geeti Lekki-Ikoyi,['surprise'],['disgust'],[],[]
yoruba_text_4309_emotion_1,"Ọṣinbajo ṣi oriṣiiriṣii iṣẹ akanṣe nipinlẹ Borno, o ṣabẹwo sawọn Boko Haram to ti ronupiwada",['joy'],[],[],[]
yoruba_text_871_emotion_1,Wo àwọn àgbábọ́ọ̀lù tí kò ní kópa nínú  ìdíje ife ẹ̀yẹ bọ́ọ̀lù àgbáyé nítorí wọn farapa,[],[],['sadness'],[]
yoruba_text_2821_emotion_1," Abẹẹ ri ọlọkada yii, ọmọkunrin ẹgbẹ ẹ lo fipa ṣe ‘kinni’ fun l’Akurẹ","['disgust', 'surprise']",['disgust'],['surprise'],"['disgust', 'surprise']"
yoruba_text_2871_emotion_1,"Ọpọ eeyan ku, aimọye dukia ṣofo, ninu ijamba ina to ṣẹlẹ l’Ekoo",['sadness'],['sadness'],['sadness'],['sadness']
yoruba_text_4450_emotion_1,Ayẹwo ti fihan pe ọmọ mi gan mọna nileewe Chrisland ni o-Adeniran,['sadness'],['sadness'],['sadness'],['sadness']
yoruba_text_2640_emotion_1,"Awọn ọdẹ dara pọ mọ awọn to n ṣewọde SARS l’Ọṣun, wọn lawọn yoo pese aabo fun wọn",['joy'],[],['surprise'],[]
yoruba_text_4681_emotion_1,"Ọṣinbajo, Tinubu, Arẹgbẹṣọla, Omiṣore atawọn agbaagba Yoruba wọle ipade l’Ekoo",[],[],[],[]
yoruba_text_3292_emotion_1,"Mọto pa ọmọ ọdun mẹwaa l’Ọṣunjẹla, lawọn araalu ba fẹhonu han","['anger', 'sadness']",['sadness'],[],['sadness']
yoruba_text_4905_emotion_1, Ẹṣọ Amọtẹkun fi panpẹ ofin gbe awọn Fulani darandaran mẹta pẹlu ogoji maaluu,['surprise'],['anger'],['surprise'],['surprise']
yoruba_text_2788_emotion_1,Ọwọ tẹ wọn o: awọn to n fi ọkada ja foonu gba nIlọrin,['joy'],"['joy', 'sadness']",['joy'],['joy']
yoruba_text_3264_emotion_1,"Idaamu Baba Ijẹṣa: Adajọ da ẹjọ kotẹmilọrun to pe nu, wọn ni dandan ni ko lo ọdun marun-un lẹwọn",[],['sadness'],['sadness'],['sadness']
yoruba_text_4006_emotion_1,Buhari fami-ẹyẹ da Wasiu Ayinde lọla,['surprise'],[],['joy'],[]
yoruba_text_2791_emotion_1,"Ọlọpaa yii ti wọ gau, igbo lo n mu lọwọ lẹnu iṣẹ ti wọn fi mu un n’Ijọra",['surprise'],['fear'],['fear'],['fear']
yoruba_text_4260_emotion_1,"Nitori ki eto aabo le gbopọn si i, awọn araalu ro fijilante lagbara ni Kwara ",[],[],[],[]
yoruba_text_433_emotion_1,Plane crash in Abuja: Àwọn kan sọ pé ejò lọ́wọ́ nínú lórí ìjàmbá ọkọ̀ bàálù náà - Alàgbà Julius Olasunkanmi,"['sadness', 'surprise']",['fear'],['sadness'],['sadness']
yoruba_text_3920_emotion_1,"Awọn ọmọ Naijiria yii n lọ bii oko rọba, kokeeni ni wọn ka mọ wọn lọwọ ni Nairobi",[],[],['sadness'],[]
yoruba_text_1766_emotion_1,Ibrahim Mantu ti dágbére fáyé lẹ́yìn àìsàn ọjọ́ mẹ́wàá,['sadness'],['sadness'],['sadness'],['sadness']
yoruba_text_1056_emotion_1,Bí Babaláwo ṣe fí àdá ṣá alábàgbé rẹ̀ lójú òórùn nìpínlẹ̀ Ogun ti ariwo sọ,['surprise'],['sadness'],"['sadness', 'surprise']","['surprise', 'sadness']"
yoruba_text_2444_emotion_1,APC Aspirants Screening: Wo ọjọ́ tí ìgbìmọ̀ àyẹwò yóò bẹ̀rẹ̀ iṣẹ lórí àwọn olùdíje tí wọn fí fọ́ọ̀mù ṣọ̀wọ̀ fun ipò labẹ àsìá APC,[],[],[],[]
yoruba_text_1750_emotion_1,Ta ló wó ọ̀pọ̀ ṣọ́ọ̀bù ní Dugbe àti Ogunpa tí ariwo fi sọ?,['surprise'],['fear'],['surprise'],['surprise']
yoruba_text_2557_emotion_1,"Ọpẹ o, abẹrẹ ajẹsara arun Korona wọ Naijiria latoke-okun",['joy'],['joy'],['joy'],['joy']
yoruba_text_990_emotion_1,Joseph Yobo ni igbákejì akọ́nimọ̀ọ́gbá Super Eagles tuntun - NFF,['joy'],[],[],[]
yoruba_text_4414_emotion_1,"Fi aṣeyọri ẹ ṣe aye loore, Ọbasanjọ gba Obaseki nimọran",[],[],[],[]
yoruba_text_3381_emotion_1,"Lẹyin ti wọn fi maaluu jẹ oko rẹ, awọn Fulani tun pa Sunday nipakupa l’Akoko",['sadness'],['sadness'],['sadness'],['sadness']
yoruba_text_4709_emotion_1,Akeredolu di gomina Ondo lẹẹkeji,['joy'],['joy'],['joy'],['joy']
yoruba_text_1446_emotion_1,Pakistan rape sentence: Ilé ẹjọ́ dájọ́ ikú fún ọkùnrin méjì tó fi ipá bá obìnrin kan lòpọ̀ lójú àwọn ọmọ rẹ̀,"['disgust', 'sadness']","['disgust', 'sadness']",['sadness'],"['disgust', 'sadness']"
yoruba_text_3328_emotion_1,"Aṣiri tu, wọn layederu ni sabukeeti Chicago Yunifasiti ti Tinubu ko fun INEC",['surprise'],['disgust'],['surprise'],['surprise']
yoruba_text_1780_emotion_1,India vs Pakistan: Kí ni ìdí tí ìjọba Gẹ̀ẹ́sì fí yà India àti Pakistan lọ̀tọ̀ọ̀tọ̀ ní ọdún márùndínlọ́gọ́rin sẹyin?,[],[],[],[]
yoruba_text_4129_emotion_1,Magu kuro lahaamọ lẹyin ọjọ kẹwaa,[],['joy'],['joy'],['joy']
yoruba_text_2908_emotion_1,Eyi ni bi ijamba ina ṣe fi ọkẹ aimọye dukia ṣofo l’Ọffa ,['sadness'],['sadness'],['sadness'],['sadness']
yoruba_text_49_emotion_1,Islamic State' ní Nàìjíríà bẹ́ àwọn Kristiẹni lórí ní ìpínlẹ̀ Bornu,"['fear', 'sadness']",['sadness'],['sadness'],['sadness']
yoruba_text_858_emotion_1,Niger school kidnap: Àwọn jàndùkù ajínigbé mú bábá tó gbé owó ìtúsílẹ̀ lọ fáwọn akẹ́kọ̀ọ́ tí wọ́n jígbé mọ́lẹ̀,['surprise'],['sadness'],['sadness'],['sadness']
yoruba_text_3229_emotion_1,"Ibọn pa meji ninu awọn to fọle itaja n’Ijẹbu-Ode, wọn mu ọkan laaye",[],['sadness'],['joy'],[]
yoruba_text_984_emotion_1,"Àwọn èèkàn ẹgbẹ́ ní ilẹ̀ Yorùbá ní bí nǹkan ṣe rí pẹ̀lú àbò ní Nàìjíríà, bí aráàlú bá ní ìbọn fún àbò ara wọn kò burú o",[],['anger'],['anger'],['anger']
yoruba_text_913_emotion_1,Wo àtúnṣe òpópónà tíjọba fẹ́ ná ₦248bn lé lórí lọ́dún 2023,['surprise'],[],"['anger', 'surprise']",['surprise']
yoruba_text_188_emotion_1,Ọ̀gá ọlọ́pàá tó ń wo ìhòhò obìnrin dèrò ẹ̀wọ̀n ọdún mẹ́ta,['disgust'],"['disgust', 'sadness']","['sadness', 'surprise']","['disgust', 'sadness']"
yoruba_text_2823_emotion_1,"Nitori to gba igbakeji rẹ leti ni gbangba, ijọba fofin de alaga ajọ ere bọọlu Eko",['surprise'],[],['anger'],[]
yoruba_text_3155_emotion_1,"Nitori awọn agbẹ onirẹsi mẹtalelogoji tawọn Boko Haram bẹ lori ni Borno, PDP sọko ọrọ si Buhari",['anger'],"['anger', 'sadness']",['anger'],['anger']
yoruba_text_775_emotion_1,"N kò ní kọyán olùdíje kankan kéré lásìkò ìbò, mo kórira ìrẹ́jẹ - Buhari",[],[],[],[]
yoruba_text_4460_emotion_1, A o ti i yan Gbadegẹṣin sipo Alaafin o- Ọyọmesi,[],[],['anger'],[]
yoruba_text_3131_emotion_1,Awọn ajinigbe n beere aadọta miliọnu lori mọlẹbi kan ti wọn ji gbe l’Ekiti,['surprise'],['sadness'],['sadness'],['sadness']
yoruba_text_4852_emotion_1,Ole mẹtala tun ko sakolo ọlọpaa l’Ekoo,['surprise'],['anger'],['joy'],[]
yoruba_text_3430_emotion_1,A maa fiya jẹ awọn banki ti wọn ba kọ owo Naira to ti gbo lọwọ araalu- Banki Apapọ,['anger'],['anger'],['anger'],['anger']
yoruba_text_4429_emotion_1,"Oluwo ṣọtun sosi, ko ba ibi kan jẹ, eyi lawọn orukọ to sọ ọmọ rẹ",[],[],[],[]
yoruba_text_4568_emotion_1,Wọn ri ọmọ ọdun meji he l’Ọṣun,['surprise'],['sadness'],"['sadness', 'surprise']","['surprise', 'sadness']"
yoruba_text_3888_emotion_1,"Ẹ woju wọn, awọn ni wọn pa Barakat, ti wọn tun pa alaboyun atawọn mi-in l’Akinyẹle, n’Ibadan",[],['sadness'],['sadness'],['sadness']
yoruba_text_4296_emotion_1,Awọn aṣofin Eko ni kijọba sanwo fawọn teeyan wọn ku ninu ajalu ile to wo n’Ikoyi,['sadness'],[],[],[]
yoruba_text_1836_emotion_1,Sowore: Àjọ DSS tọrọ àforíjìn lórí ìwà ti wọ́n hù nílé ẹjọ- Femi Falana,[],['sadness'],[],[]
yoruba_text_4917_emotion_1,"Pasito Kumuyi, olori ijọ Deeper Life, kọ Bibeli tuntun",['surprise'],[],['surprise'],['surprise']
yoruba_text_1101_emotion_1,Domestic Violence: Afurasí apààyàn ṣàlàyé ìdí tó fi fọ́ orí ọmọ rẹ̀ oṣù kan mọ́lẹ̀,"['disgust', 'surprise']",['sadness'],['sadness'],['sadness']
yoruba_text_4520_emotion_1,Nibi tawọn ọmọ ẹgbẹ okunkun yii ti n ṣepade lawọn ọlọpaa ti ko wọn l’Ekoo,[],['anger'],['joy'],[]
yoruba_text_2911_emotion_1,Awọn ajinigbe tun ji soja atawọn meji mi-in gbe n’Ibadan,['fear'],['sadness'],['sadness'],['sadness']
yoruba_text_113_emotion_1,"Lizzy Anjorin: Ẹ̀yin tẹ bímọ fún ọkọ mi, ẹ kó ọmọ wa ká ṣe àyẹ̀wò DNA fún wọn",['anger'],"['anger', 'fear']","['anger', 'fear']","['anger', 'fear']"
yoruba_text_3439_emotion_1,"Ọwọ ba Sugar ati Stainless ni Mushin, ibọn ni wọn fi n digunjale",['joy'],['anger'],[],[]
yoruba_text_1583_emotion_1,Afenifere sọ̀rọ̀ àbùkù sí agbẹnusọ Buhari lẹ́yìn tó tako àwọn tó ń bu ẹnu àtẹ́ lu ìjọba rẹ̀,['anger'],['anger'],['anger'],['anger']
yoruba_text_1242_emotion_1,Abeokuta Sagamu cult clash: Oúnjẹ ni Tommy lọ rà fún olólùfẹ́ rẹ̀ táwọn ọmọ ẹgbẹ́ òkùnkùn fi pa á,['sadness'],['sadness'],['sadness'],['sadness']
yoruba_text_3728_emotion_1,Oju ole ree: Lati ipinlẹ Anambra ni Chidi ati Obinna ti wa n ja ọkada gba l’Owode Yewa,['surprise'],['disgust'],[],[]
yoruba_text_654_emotion_1,Tinubu 2023 Presidency: Ẹ kà nípa òhun tí ẹgbẹ́ ọmọ Igbo sọ lórí èròngbà Tinubu láti du ipò ààrẹ Nàìjíríà,[],[],[],[]
yoruba_text_387_emotion_1,Davido: Kí ló fa ariwo lórí ìdọ́rẹ́ òun àti Chioma aya rẹ̀ lójú òpó Instagram?,['anger'],['disgust'],['surprise'],[]
yoruba_text_2008_emotion_1,Bukunmi Oluwashina: Àlàyé rèé lórí ohun tó fàá tí òṣèrébìnrin yìí fi ń wa ẹkùn mu,[],[],[],[]
yoruba_text_2479_emotion_1,"Sunday Igboho sọ̀rọ̀ nílú Ibadan, Ó ní k'ọ́mọ Yorùbá lọ fọkàn balẹ̀, òun ń bọ̀ nílé láìpẹ́",[],[],[],[]
yoruba_text_3152_emotion_1, Lẹyin ti lanledi pa tẹnanti rẹ tan lo ju oku rẹ si kanga l’Oke-Agbe,"['disgust', 'surprise']",['sadness'],['sadness'],['sadness']
yoruba_text_4967_emotion_1,INEC gbe orukọ awọn ti yoo dije funpo gomina nipinlẹ Ọṣun jade,[],[],[],[]
yoruba_text_3629_emotion_1,Biliọnu lọna ẹẹdẹgbẹta Naira lowo tijọba apapọ padanu lasiko iwọde ita gbangba tawọn ọdọ ṣe- Minisita Tinubu,[],['sadness'],['sadness'],['sadness']
yoruba_text_2470_emotion_1,Lesbianism: Àwọn ará South-Africa yarí 'torí gbọ̀ngàn kọ̀ ìgbéyàwó abo-sábo,['anger'],['disgust'],['anger'],['anger']
yoruba_text_3458_emotion_1,"EFCC lọọ jalẹkun ile awọn ọmọ yahoo loru, lawọn yẹn ba kọju ija si wọn l’Ọṣogbo",['surprise'],['anger'],"['sadness', 'surprise']",['surprise']
yoruba_text_4242_emotion_1,"O tan, Portable ti wa latimọle ọlọpaa   ",['surprise'],['disgust'],['sadness'],[]
yoruba_text_4076_emotion_1,"Isinmi ranpẹ ni ẹgbẹ APC lọ l’Ọṣun, ọdun 2026 ni opin PDP",[],[],[],[]
yoruba_text_2937_emotion_1,"Wọn paayan meji, wọn ṣe ọpọ agbofinro leṣe ninu ija Fúlàní ati Yorùbá ni ipinlẹ Ọyọ",['sadness'],['sadness'],['sadness'],['sadness']
yoruba_text_627_emotion_1,"Kò sí ìsinmi, ọjoojúmọ́ là ń ṣiṣẹ́ láti àárọ̀ títí di alẹ́– Àwọn tó ń ṣiṣẹ́ ọmọ-ọ̀dọ̀ ní Qatar ké gbajarè!",['sadness'],['sadness'],"['anger', 'sadness']",['sadness']
yoruba_text_977_emotion_1,Iganmu shanty demolition: Oníṣẹ́ ibi pọ̀ tó ń ṣọṣẹ́ lábẹ́ afárá Iganmu yìí ti pẹ́ ṣùgbọ́n.,[],['disgust'],"['fear', 'sadness']",[]
yoruba_text_452_emotion_1,Video of student burnt in sokoto: Ìjọba Sokoto kéde òfin kóníléógbélé lẹ́yìn ìfẹ̀hónúhàn tó wáyé níbẹ̀,['surprise'],['fear'],['anger'],[]
yoruba_text_928_emotion_1,Èèyàn mẹ́jọ farapa nínú ìjàmbá ọkọ̀ l'Ondo,['sadness'],['sadness'],['sadness'],['sadness']
yoruba_text_1296_emotion_1,"Amarachi Nwachukwu: Ibi padà di ire fún olómi ‘Pure Water’ tó dákú, ó bá àánú ńlá pàdé",['joy'],['joy'],['joy'],['joy']
yoruba_text_160_emotion_1,NigeriaRoadAccident- Ọkọ àjàgbé kọlu obìnrin kan lórí ọkadá ó sì kú,['sadness'],['sadness'],"['sadness', 'surprise']",['sadness']
yoruba_text_2916_emotion_1,"Awọn tọọgi ya bo sẹkiteriati APC l’Ọṣun, alubami ni wọn lu awọn ọmọ ẹgbẹ",['surprise'],['disgust'],['sadness'],[]
yoruba_text_1635_emotion_1,Prince Malik Ado Ibrahim: Wo bí Adama Indimi àti Prince Malik Ado ọmọ Ọba Ohinoyi ilẹ Ebira ṣe fa ayélujára ya,[],[],['surprise'],[]
yoruba_text_3607_emotion_1,Ọja ni Iya Abdulrahman ni ko lọọ gbe fun onibaara rẹ n’llọrin ti wọn fi pa a,['sadness'],['sadness'],['sadness'],['sadness']
yoruba_text_3743_emotion_1,"Wahala l’Ararọmi Owu, araalu lawọn ko fẹ ọba to wa nipo, lawọn janduku ba dana sun aafin",['surprise'],['disgust'],['sadness'],[]
yoruba_text_3315_emotion_1,Adajọ ni ki wọn lọọ ju ọmọ ọdun mẹtadinlogun to fipa ba ọmọ ọdun mẹta lo pọ satimọle,['disgust'],['disgust'],[],['disgust']
yoruba_text_4244_emotion_1, Tinubu ko ẹri rẹpẹtẹ siwaju ile-ẹjọ to n gbọ ẹsun idibo,[],[],[],[]
yoruba_text_2111_emotion_1,"Saudi Arabia: Jí foonu ọkọ rẹ̀ wò, kóo fi ẹ̀wọ̀n jura",['surprise'],['disgust'],[],[]
yoruba_text_1425_emotion_1,Muhammadu Buhari: Ọ̀pọ̀ ọmọ Naijiria ló ń jìyà nítorí ìwà àjẹbánu tó wà ní ẹ̀ka ètò ìlera - SERAP,['sadness'],['sadness'],['sadness'],['sadness']
yoruba_text_1526_emotion_1,Lizzy Anjorin: Kìí ṣe ẹ̀ṣẹ̀ kí obìnrin gba ọmọ tọ́ tàbí kó san owó fún ẹni tí yóò ba gbé oyún,[],[],[],[]
yoruba_text_1436_emotion_1,Sunday Igboho: Àwa ni à ń ná 95% owó ẹjọ́ láti tú Igboho àtàwọn ajìjàgbara míì sílẹ̀ látìmọ́lé,['sadness'],[],['sadness'],['sadness']
yoruba_text_2493_emotion_1,Timothy Adegoke: Ṣé lóòtọ́ ni àbájáde ìwádìí òkú 'autopsy' Timothy Adegoke tí wọ́n pa sílé ìtura Hilton hotel nílé Ife ti jáde?,[],[],['surprise'],[]
yoruba_text_3996_emotion_1,Igbakeji ọga ọlọpaa Ẹkun kọkanla bẹrẹ iṣẹ,[],[],['joy'],[]
yoruba_text_3670_emotion_1,Aadọta naira ni baba agbalagba yii fi tan ọmọ ọdun mẹsan-an to fipa ba lo pọ ni Kwara,['disgust'],['disgust'],['sadness'],['disgust']
yoruba_text_402_emotion_1,"Yoruba Nation: Ẹ̀yin òṣìṣẹ́ ìjọba, ìyà ń bọ̀ fúń yín bí Nàìjíríà bá túká pẹ́rẹ́ - Oluwo","['fear', 'sadness']",['fear'],['fear'],['fear']
yoruba_text_705_emotion_1,"Ohun tí àwọn èèyàn ń sọ rèé lẹ́yìn tí adari àwọn agbésùnmọ́mí Zamfara, Bello Turji ní òun ti ronúpìwàdà",[],[],['surprise'],[]
yoruba_text_3444_emotion_1,Awọn janduku kọ lu ile Sunday Igboho n’Ibadan,['surprise'],['sadness'],['sadness'],['sadness']
yoruba_text_828_emotion_1,COVID-19 in Lagos: Wo ìdí tó fi ṣeéṣe kí ìjọba àpapọ̀ ó kéde àkọ̀tun ìséde n'ipínlẹ̀ Eko,[],[],[],[]
yoruba_text_1337_emotion_1,Ondo Election 2020: Mo ṣèlérí N500 lóṣooṣù fún gbogbo ọmọ tuntun - Adeleye AAC,['surprise'],[],[],[]
yoruba_text_3925_emotion_1,"Idaamu ba awọn aṣẹwo ni Maiduguri, eyi lohun ti Gomina Zulum ṣe fun wọn",[],[],[],[]
yoruba_text_1174_emotion_1,Chris Oyakhilome: Wọn tí fòfin de iléeṣẹ́ ìròyìn Chris Oyakhilome lẹ́yìn tó sọ pé 5G lọ ṣokùnfà Coronavirus,[],['sadness'],['sadness'],['sadness']
yoruba_text_461_emotion_1,Soun Ogbomosho Controversy: Èmi tí mò ń sọ̀rọ̀ yìí lẹ́tọ̀ sí òyè Soun àmọ...,"['anger', 'sadness']",['sadness'],['anger'],"['anger', 'sadness']"
yoruba_text_1952_emotion_1,Ikoyi house collapse: Ẹni kọ̀ọ̀kan tó fẹ́ rà nínú ilé alájà 21 tó wó l'Eko ti ṣàdéhùn láti san N206m sí N1.24bn kó tó wó,['surprise'],['sadness'],['sadness'],['sadness']
yoruba_text_831_emotion_1,"Dare Adeboye, #PDee àti #NotTodaySatan, I'm not leaving God: Ẹ wo bí Leke Adeboye, àwọn ọ̀dọ́ ìjọ RCCG ṣe gẹ irun wọn láti bú ọlá fún olóògbé Dare Adeboye",['sadness'],['sadness'],['sadness'],['sadness']
yoruba_text_2151_emotion_1,Ohun tí à ń fẹ́ kí ìjọba ṣe rèé – Àwọn tó farapa lásìkò ìwọ́de EndSARS,[],[],[],[]
yoruba_text_519_emotion_1,Ukraine- Russia Conflict: Mọ̀ síi nípa ipa tí àáwọ́ Ukraine àti Russia lè ní lórí owó epo àti àwọn akẹ́kọ̀ọ́ nílẹ̀ Afrika,[],[],['fear'],[]
yoruba_text_2474_emotion_1,Ibarapa Fulani herdsmen attack: Ìdí gaan tí àwọn ìlú Ibarapa ṣe yarí pé àwọn ò fẹ́ Fulani nílùú mọ́ rèé,[],[],[],[]
yoruba_text_3616_emotion_1,"Oku Blessing tawọn eeyan ba ni yara ẹ ko pe mọ, wọn ti ge ori, ọmu ati oju ara ẹ lọ",['disgust'],['sadness'],['sadness'],['sadness']
yoruba_text_581_emotion_1,Boko Haram: Serap kọ̀ jálẹ̀ lórí bí ìjọba ṣe fẹ̀ rán Boko Haram nílé èkọ́ l'òkun,[],['anger'],['anger'],['anger']
yoruba_text_3423_emotion_1,O ma ṣe o! Wọn si pa ọga awọn oṣiṣẹ ijọba ipinlẹ Ọyọ yii sinu ile ẹ n’Ibadan,['sadness'],['sadness'],['sadness'],['sadness']
yoruba_text_887_emotion_1,Is Bola Tinubu still alive: Sanwo-Olu ní ìròyìn ikú Tinubu ló mú òun ṣàbẹ̀wò si ní London,['fear'],['fear'],['surprise'],['fear']
yoruba_text_3068_emotion_1,Ọdaju ni ijọba APC pẹlu bi wọn ṣe tun fowo kun owo epo -PDP ,['anger'],['anger'],['sadness'],['anger']
yoruba_text_3971_emotion_1,Eyi ni idi temi atawọn gomina PDP kan fi duro gbaagbaagba lẹyin Tinubu,[],[],[],[]
yoruba_text_1234_emotion_1,"Ogun murder: Ganiyu gún ìya ìyàwó rẹ̀ lọ́bẹ pa lọ́sàán àwẹ, ọwọ́ bá tẹ̀ ẹ́","['sadness', 'surprise']",['sadness'],['sadness'],['sadness']
yoruba_text_1751_emotion_1,World Sickle Cell Day: Àwọn ǹkan ti alárùn SS kò gbọdọ̀ ṣe fún alááfíà ara - Dókítà Igbekele,[],[],[],[]
yoruba_text_2464_emotion_1,2023 Presidential Election: CAN bẹ olóṣèlú láti máṣe káyà aráàlú sókè lásìkò ìpolongo ìbò,[],[],[],[]
yoruba_text_3084_emotion_1,"O ma ṣe o, lọjọ Aiku, niku mu eeyan meji lọ ninu ijamba mọto loju-ọna Ipetujeṣa",['sadness'],['sadness'],['sadness'],['sadness']
yoruba_text_2769_emotion_1,Igbimọ tijọba gbe kalẹ lori awọn ọmọ-kewu ti wọn fiya jẹ ni Kwara ni ọna ti wọn gba lu wọn ko daa,[],['sadness'],[],[]
yoruba_text_4352_emotion_1,Ijọba Ọṣun yoo bẹrẹ si i san owo-oṣu oṣiṣẹ to kere ju tuntun laipẹ – Adeleke,['joy'],[],['joy'],['joy']
yoruba_text_3134_emotion_1,Ewu nla n rọ dẹdẹ lori Naijiria pẹlu bi wọn o ṣe fi Sunday Igboho silẹ yii- Ẹgbẹ Oodua Worldwide   ,['fear'],['fear'],['fear'],['fear']
yoruba_text_3242_emotion_1,"O ma ṣe o, tẹgbọn-taburo lọọ wẹ lodo, ni wọn ba bomi lọ lọjọ ọdun Keresi",['sadness'],['sadness'],['sadness'],['sadness']
yoruba_text_2367_emotion_1,Timothy Adegoke's court case: Kí ló dé tí agbẹjọ́rò mọ́lẹ́bí Timothy Adegoke kò ṣe farahàn nílé ẹjọ́ ní Abuja?,['surprise'],[],['surprise'],['surprise']
yoruba_text_4203_emotion_1,Ọṣun Oṣogbo: Ẹ jokoo sibi ti ẹ ba wa ki ẹ maa wo ayẹyẹ naa,[],[],[],[]
yoruba_text_3089_emotion_1,Ṣoworẹ gbe awọn oloṣelu to n ra ẹrọ ata faraalu ṣepe,['anger'],['anger'],['anger'],['anger']
yoruba_text_4359_emotion_1,"Eto isinku Bamidele Olumilua bẹrẹ, oku oloogbe kọja si Ekiti",['sadness'],[],['sadness'],['sadness']
yoruba_text_4119_emotion_1,Awọn ọba alaye tuntun gbọpa aṣẹ l’Ondo,['joy'],[],['joy'],['joy']
yoruba_text_804_emotion_1,Ukraine Returnee: Oreoluwa Opalana sọ bí Ọlọ́run ṣe kóo yọ tí ó sá kúrò ní Ukraine padà wá Nàìjíríà,['joy'],['joy'],['joy'],['joy']
yoruba_text_841_emotion_1,Ọlatunbọsun Blessing Damilọla: Ẹ dẹkún fífi ẹni tó bá kọ ilà sójú ṣe yẹ̀yẹ́ láwùjọ,['anger'],[],['sadness'],[]
yoruba_text_2268_emotion_1,Wo àwọn àṣà tó gbalẹ̀ kan lọ́dún 2022,[],[],[],[]
yoruba_text_1399_emotion_1,Ammended Terrorism prevention Act: Ẹ̀wọ̀n gbére tàbíì dájọ́ ikú fún ajínigbé títí ẹ̀mí yóò fi bọ́ ni àbájadé òfin túntun lórí ìjínigbé,['surprise'],[],[],[]
yoruba_text_252_emotion_1,Kakwenza Rukirabashaija: Òǹkọ̀wé tó dèrò àtìmọ́lé nítorí ó bú Ààrẹ lórí Twitter gba ìtúsílẹ̀,['joy'],['joy'],['joy'],['joy']
yoruba_text_4015_emotion_1,Tinubu ta ko aba Atiku pe ki wọn ṣafihan igbẹjọ eto aarẹ faraalu,[],['anger'],[],[]
yoruba_text_1937_emotion_1,Ọ̀pọ̀ òkú sùn bí ajínigbé ṣe fi ìbọn da ọkọ̀ ojú omi nù torí báwọn èèyàn ṣe sá mọ́ wọn lọ́wọ́,['sadness'],['sadness'],['sadness'],['sadness']
yoruba_text_4386_emotion_1,Ijọba Ogun paṣẹ isinmi apapandodo fawọn ileewe girama mejila,['surprise'],[],['sadness'],[]
yoruba_text_4740_emotion_1,Awọn ajinigbe ti tu awọn arinrin-ajo ti wọn gbe l’Ẹrin-Ijeṣa silẹ,['joy'],['joy'],['joy'],['joy']
yoruba_text_4382_emotion_1,Lori abọ iwadii EndSARS: Sanwo-Olu parọwa sawọn ọdọ lati jẹ ki alaafia jọba,[],[],[],[]
yoruba_text_357_emotion_1,Nigeria insecurity: David Jemibewon faraya lórí báwọn jàǹdùkú ṣe ń borí ọmọogun Nàíjíríà,['anger'],['anger'],['surprise'],['anger']
yoruba_text_2980_emotion_1,"Awọn eeyan ma daju o, wọn ge ori ọga agba ileeṣẹ ijọba lọ l’Akurẹ",['disgust'],['sadness'],['sadness'],['sadness']
yoruba_text_3281_emotion_1,Oogun oloro: Ajọ NDLEA ṣekilọ fawọn ọdaran lẹyin tọwọ tẹ mọkandinlaaadọfa,[],[],[],[]
yoruba_text_1415_emotion_1,Two Lawyers fighting: Ki ló mú kí agbẹjọ́rò méjì fí ẹsẹ yọ eyin ará wọ́n níwájú adájọ ní Gombe,['surprise'],['disgust'],['surprise'],['surprise']
yoruba_text_1482_emotion_1,Ogun Amotekun: Dapo Abiodun fa ikọ̀ aláàbò létí láti ṣọ́raṣe lórí ìkọjá àyè,[],[],[],[]
yoruba_text_3994_emotion_1,"Ọba Ọlakulẹyin fitan balẹ, eyi lohun to ṣe nile Olubadan to waja",[],['surprise'],[],[]
yoruba_text_4804_emotion_1,Oluọmọ tun di olori awọn aṣofin ipinlẹ Ogun,['surprise'],[],['surprise'],['surprise']
yoruba_text_4087_emotion_1,"Tinubu ti tun tẹkọ leti lọ siluu oyinbo, eyi lohun to n lọọ ṣe",[],[],['sadness'],[]
yoruba_text_761_emotion_1,OAU VC: Mọ̀ nípa ìlànà tí wọ́n n gbà yan VC fasítì ní Naijiria,[],[],[],[]
yoruba_text_4595_emotion_1,Ori ko oṣiṣẹ INEC yọ lọwọ awọn ajinigbe,['joy'],['fear'],['joy'],['joy']
yoruba_text_3360_emotion_1,"Ina sọ nile-ẹjọ giga ipinlẹ Kwara, ọpọ dukia jona gburugburu","['sadness', 'surprise']",['sadness'],['sadness'],['sadness']
yoruba_text_4394_emotion_1,Adajọ ni ki wọn da Kanu pada si orileede Kenya ti wọn ti gbe e wale,['surprise'],[],"['anger', 'joy']",[]
yoruba_text_91_emotion_1,Ìpènijà márùn ún tí yóò kojú olóòtú ìjọba tuntun ní UK,['surprise'],['fear'],['fear'],['fear']
yoruba_text_3796_emotion_1, Ẹya yoowu to ba fẹẹ yapa kuro ni Naijiria n wa iparun ni-Pasitọ Iyunade,[],['fear'],['anger'],[]
yoruba_text_664_emotion_1,Mile 12: Èèyàn kan kú nínú ìjà tó n wáyé ní Mile 12 láti bíi ọ̀sẹ̀ kan,['sadness'],['disgust'],['sadness'],['sadness']
yoruba_text_3061_emotion_1,"Azeez niyawo oun n yan ale, lo ba lu u pa toyun-toyun ni Ṣaki","['disgust', 'sadness']",['sadness'],['surprise'],['sadness']
yoruba_text_3146_emotion_1,"Ẹgbẹ oṣiṣẹ kilọ fun ijọba, wọn ni wọn ko gbọdọ le awọn oṣiṣẹ ile aṣofin",['anger'],['anger'],['anger'],['anger']
yoruba_text_2247_emotion_1,Pogba: Ikọ̀ Real Madrid ń gbáradì láti kó £70m lé Paul Pogba lórí,[],[],['surprise'],[]
yoruba_text_539_emotion_1,"""Ire Poly Student: Akẹ́kọ̀ọ́ Poly kú l'Osun """"lẹ́yìn tó ti ilé ọ̀rẹ́kùnrin rẹ̀ dé""","['sadness', 'surprise']",['sadness'],['sadness'],['sadness']
yoruba_text_4781_emotion_1,"Awọn eeyan Ijẹbu-Jeṣa ṣedaro Orlando Julius, wọn lo mu orukọ ilu naa la agbaye ja",['sadness'],[],['sadness'],['sadness']
yoruba_text_4514_emotion_1,Eyi nidi ti mo ṣe fidi-rẹmi ninu idibo gomina-Fọlarin,[],['sadness'],['sadness'],['sadness']
yoruba_text_2049_emotion_1,Ọwọ́ tẹ̀ Abubakar tó wà ní JSS 3 lẹ́yìn tó jí ọmọ ọdún mẹrin ìbátan rẹ̀ gbé ní Katsina,['surprise'],['sadness'],['sadness'],['sadness']
yoruba_text_2805_emotion_1,"Ilẹ ya bo ọpọlọpọ awọn awakusa lojiji, nibi ti wọn ti n wa goolu lai gbaṣẹ","['sadness', 'surprise']",['sadness'],['surprise'],"['sadness', 'surprise']"
yoruba_text_2608_emotion_1,Tọpẹ Alabi dupẹ lọwọ gbogbo awọn ololufẹ ẹ fun aduroti wọn,['joy'],[],[],[]
yoruba_text_2067_emotion_1,Pregnancy sleep tips: Wo ìgbésẹ̀ mẹ́wàá fún aláboyún láti rí oorun ṣùn lálẹ́,['surprise'],[],[],[]
yoruba_text_1451_emotion_1,"Mourinho kò ọ́rọ́ rẹ̀ jẹ,o padà wá dì akọ́nimọ̀ọ́gbá tuntun fún ikọ̀ Tothenham",['surprise'],[],[],[]
yoruba_text_4778_emotion_1,Ẹgbẹ oṣere Naijiria fawọn ọmọ Oloogbe Racheal Oniga ni miliọnu mẹrin naira,"['joy', 'surprise']",['joy'],['joy'],['joy']
yoruba_text_3582_emotion_1,"Ọdaju ma ni Kayọde yii o, iyawo baba rẹ lo fipa ba laṣepọ l’Ayetoro-Ekiti",['disgust'],"['anger', 'sadness']",['sadness'],['sadness']
yoruba_text_1717_emotion_1,AFCON 2021: Ajọ CAF kéde pé òun yóò ṣàmúlò ẹ̀rọ ayàwòrán VAR ní ìdíjé nàá ní Cameroon,[],[],[],[]
yoruba_text_956_emotion_1,"Coronavirus: Wọ́n ti gbé olóòtú ìjọba ilẹ̀ Gẹẹsi, Boris Johnson lọ sí wọ́ọ̀dù aláísàn tó lágbára",['surprise'],['sadness'],['sadness'],['sadness']
yoruba_text_3227_emotion_1,Iru kileyi! Ẹyẹ abami to n ke lọganjọ oru ni Peter le lọ tile fi wo pa a patapata,['surprise'],['sadness'],['sadness'],['sadness']
yoruba_text_2204_emotion_1,Kwara Local Government: EFCC jú alága ìjọba ibílẹ̀ 16 si àhámọ́,['surprise'],['sadness'],[],[]
yoruba_text_2972_emotion_1,"Bamiṣe: Andrew fa aṣọ mi ya, atẹyin lo ti fipa ba mi lo pọ ninu ọkọ BRT-Ẹlẹrii",['disgust'],['sadness'],['sadness'],['sadness']
yoruba_text_4273_emotion_1,Wọn fi oye Ọmowe da Sunday Igboho lola ni yunifasiti Amẹrika,['surprise'],['joy'],['joy'],['joy']
yoruba_text_697_emotion_1,Food Poison: Àwọn oúnjẹ́ mẹ́fà tó lè di májèlé ní àgọ́ ara ta bá jẹ wọ́n papọ̀,"['fear', 'surprise']",['fear'],['surprise'],"['fear', 'surprise']"
yoruba_text_3672_emotion_1,"Nitori to kuro ninu ẹgbẹ wọn, PDP fẹẹ yọ igbakeji gomina Ọyọ nipo",['surprise'],[],['anger'],[]
yoruba_text_4316_emotion_1,ṢEYIN NAA TI GBỌ IKILỌ TI BỌLA TINUBU ṢE FUN ỌBA ONIRU TUNTUN,['surprise'],[],['surprise'],['surprise']
yoruba_text_3296_emotion_1,"Awọn eleyii ti ha o, aṣẹwo ti wọn fẹẹ ba sun ni wọn ja lole",['surprise'],['disgust'],[],[]
yoruba_text_3145_emotion_1,"Ija orogun: Maryam fọmọ-odo fọ iyaale rẹ lori, niyẹn ba ku patapata","['disgust', 'sadness']","['anger', 'sadness']","['sadness', 'surprise']",['sadness']
yoruba_text_2732_emotion_1,Ibi ti Alaaji ti to fun epo bẹntiroolu lo ti ku sinu mọtọ ẹ nileepo kan n’Ibadan,"['sadness', 'surprise']",['sadness'],['sadness'],['sadness']
yoruba_text_1228_emotion_1,Drug Abuse in Nigeria: Afurasí ṣàlàyé bí òun ṣ̣e ń lo òògùn olóró fún àwọn adìyẹ,"['disgust', 'surprise']",['disgust'],['surprise'],"['disgust', 'surprise']"
yoruba_text_4349_emotion_1,Mi o ni i ja Aarẹ Tinubu atawọn aṣofin orile-ede yii kulẹ – Keyamo,[],[],['joy'],[]
yoruba_text_4538_emotion_1,Ọṣun 2022: Awọn oludije funpo gomina ẹgbẹ APC fara han niwaju igbimọ l’Abuja,[],[],[],[]
yoruba_text_2713_emotion_1,Aye ti waa bajẹ o! Wọn ba ọkan eeyan meji lọwọ Wasiu atawọn ọrẹ ẹ,"['disgust', 'sadness']",['disgust'],['sadness'],"['disgust', 'sadness']"
yoruba_text_2635_emotion_1,"Ẹ maa gun kẹkẹ, o dara fun ilera ara yin- FRSC ",[],[],[],[]
yoruba_text_4941_emotion_1,Ile-ẹjọ ti da ẹjọ DPO to fiya jẹ telọ rẹ n’Ibadan nu,[],[],['sadness'],[]
yoruba_text_1535_emotion_1,Farmers-Herders Clash: Darandaran tó fẹ yìnbọn pa olókó rí ẹ̀wọ̀n gbéré he l‘Ekiti,['joy'],['sadness'],['joy'],['joy']
yoruba_text_2720_emotion_1,"Ika buruku ni oludasilẹ ileewe yii o, ohun to ṣe fọmọ ọdun mẹrin yii ko ṣee sọ sita!","['disgust', 'sadness']","['anger', 'disgust']",['disgust'],['disgust']
yoruba_text_812_emotion_1,Pastor Adeboye on 2023 Election: Wọ́n bi mi pé ta ni yóò di ààrẹ Nàìjíríà lọ́dún 2023,[],[],[],[]
yoruba_text_3917_emotion_1,"Ọkunrin yii ti dero ọgba ẹwọn o, iyawo alajọgbele ẹ lo n ba ṣere gele",['surprise'],['disgust'],['sadness'],[]
yoruba_text_3850_emotion_1," Eedi ree o! Ibọn ọlọdẹ ṣeeṣi yin, o pa ọmọde mẹta, awọn mẹrin wa nileewosan","['sadness', 'surprise']",['sadness'],['sadness'],['sadness']
yoruba_text_4867_emotion_1,Ipo olori aṣofin: Ẹni to ba kunju oṣuwọn ni Gomina Adeleke gbọdọ ṣatilẹyin fun- Ọladapọ,[],[],[],[]
yoruba_text_3773_emotion_1,Ilukulu bii ewure lawọn iyaale ile n lu ọkọ wọn bayii l’Ekoo,['surprise'],"['anger', 'sadness']",['surprise'],['surprise']
yoruba_text_3213_emotion_1,"‘Wọn de mi lọwọ lẹsẹ fun ọjọ meji gbako ninu ojo, mi o gbadura iru iriri bẹẹ f’ọtaa mi’",['sadness'],['sadness'],['sadness'],['sadness']
yoruba_text_4252_emotion_1,Aago mọkanla alẹ ni ki gbogbo ṣọọṣi pari isin aisun ọdun tuntun l’Ekoo – CAN,[],[],[],[]
yoruba_text_2531_emotion_1,"Ọpẹ o, wọn ti ri dokita ati nọọsi ti wọn ji gbe n’Imẹkọ gba pada",['joy'],['joy'],['joy'],['joy']
yoruba_text_2382_emotion_1,"Ilegal Road Blocks in Nigeria: Gbogbo ọlọ́pàá tó ń gbégidínà lọ́nà àìtọ́, ẹ yọ wọ́n kúrò",['anger'],[],['anger'],['anger']
yoruba_text_2529_emotion_1," Lẹyin ọjọ mejila nigbekun, aburo aṣofin ti wọn ji gbe bọ lọwọ awọn ajinigbe","['joy', 'surprise']",['joy'],['joy'],['joy']
yoruba_text_4885_emotion_1,"Awọn ọlọpaa Ghana da ọmọ Barrista lare, wọn ni ko mọ nipa iku ọrẹ ẹ",['joy'],['joy'],['joy'],['joy']
yoruba_text_3775_emotion_1,"Eedi ree, iyaale ile yii fibinu fun ọmọ ẹ ni majele jẹ, o ni ko ni baba","['disgust', 'sadness']","['anger', 'sadness', 'surprise']","['sadness', 'surprise']","['sadness', 'surprise']"
yoruba_text_1235_emotion_1,"Prince Charles and Camilla royal visit: BBC gbàlejò orí adé ilẹ̀ Gẹ̀ẹ́sì, ka bí wọn ṣé kàn sáárá sí àwọn akọroyin",[],[],[],[]
yoruba_text_508_emotion_1,"JSS 3 boy hits his head in CAC school Akure: Dókìtà tó yẹ̀ ẹ́ wò ní ó pẹ́ tó ti kú, àlàyé la bèrè, kí ló dé tí wọ́n gbé owó jáde pé ká gbà?",['sadness'],['sadness'],"['sadness', 'surprise']",['sadness']
yoruba_text_3212_emotion_1,"Nitori bi ojo ṣe ba ọpọlọpọ dukia jẹ niluu, Oluwoo rawọ ẹbẹ sijọba",['sadness'],['sadness'],[],['sadness']
yoruba_text_1705_emotion_1,Ààrẹ South Africa sọ̀rọ̀ sókè lẹ́yìn tí wọ́n fẹ̀sùn lílu $4m ní póńpó kàn án,[],[],['sadness'],[]
yoruba_text_629_emotion_1,Yoruba-Fulani crisis: Miyetti ní àwọn ò ní fààye gba kíkó oúnjẹ lọ sílẹ̀ Yorùbá,['anger'],['anger'],['anger'],['anger']
yoruba_text_2670_emotion_1,Tinubu ni Aarẹ to jẹ akinkanju ju lọ ninu awọn olori ti orileede yii ti ni – Oluwoo,['joy'],[],[],[]
yoruba_text_4276_emotion_1,Ikọ Amọtẹkun mu afurasi ajinigbe l’Ekiti,['joy'],[],['joy'],['joy']
yoruba_text_3422_emotion_1,"O ma ṣe o, ibọn ba ẹṣọ so-safe kan nibi ti wọn ti lọọ koju ajinigbe, lo ba gbabẹ ku",['sadness'],['sadness'],['sadness'],['sadness']
yoruba_text_592_emotion_1,Obasanjo: Àwọn èèyàn ìpínlẹ̀ Ogun ní iṣẹ́ ṣì pọ̀ fún Ọbasanjọ láti ṣe fún mẹ̀kúnù Nàìjírìà,['sadness'],[],[],[]
yoruba_text_3491_emotion_1,Eyi nidi ti a ko fi le ran Mohbad lọwọ lati gba ẹtọ rẹ lọwọ Naira Marley-PMAN,[],['sadness'],['sadness'],['sadness']
yoruba_text_2387_emotion_1,Bàbá onílé tó fi ipá bá ọmọ ọdún mẹ́sàn-àn lòpọ̀ gba ẹ̀wọ̀n gbére,['disgust'],"['disgust', 'sadness']",['sadness'],"['disgust', 'sadness']"
yoruba_text_389_emotion_1,Ogun Cholera: Ọdọọdún ni àrùn onígbá-méjì máa n ṣọṣẹ́ ní Nàìjíríà -NCDC,['sadness'],['fear'],['fear'],['fear']
yoruba_text_416_emotion_1,Wo àwọn gómìnà tó tí jẹ ní ìpínlẹ̀ Osun,[],[],['surprise'],[]
yoruba_text_2807_emotion_1,"Obinrin to gun ọkọ rẹ lọbẹ pa ti dero ẹwọn, wọn lo larun ọpọlọ ni","['sadness', 'surprise']",['sadness'],[],['sadness']
yoruba_text_175_emotion_1,Afghanistan: Taliban kò jẹ́ káwọn obìnrin wọlé lẹ́yìn tí ilé ẹ̀kọ́ di ṣíṣí padà ní Afghanistan,['surprise'],['sadness'],"['sadness', 'surprise']","['surprise', 'sadness']"
yoruba_text_84_emotion_1,"Adeyẹye Ẹnitan Ogunwusi, Ọjaja keji: Ooni Ile Ife fẹ́ gbìyànjú láti gbẹ̀mí ara rẹ̀, àlàyé tó ṣe nípa rẹ̀ nìyí","['sadness', 'surprise']",['sadness'],['surprise'],"['sadness', 'surprise']"
yoruba_text_766_emotion_1,Local Flight: Àyípadà tó bá pápákọ̀ òfurufú Abuja rèé bí ìrìnà òfurufú abẹ́lé ṣe bẹ̀rẹ̀,[],[],['surprise'],[]
yoruba_text_2718_emotion_1,"Nitori aaye igbọkọsi, ọmọ lanlọọdu gun ayalegbe baba rẹ pa","['sadness', 'surprise']","['disgust', 'sadness']",['sadness'],['sadness']
yoruba_text_257_emotion_1,Easter Celebration: Olórí Celestial lágbàyéé ní kò yẹ kí Krìstíẹ́nì fi ọwọ́ yẹpẹrẹ mú ọdún àjíǹde,"['anger', 'sadness']",[],[],[]
yoruba_text_3092_emotion_1,"Nbi ti wọn ti n le adigunjale, sifu difẹnsi yinbọn pa iyaale ile kan lasiko to fẹẹ kirun Yidi",['sadness'],['sadness'],['sadness'],['sadness']
yoruba_text_4612_emotion_1,"Tinubu lẹtọọ daadaa lati di aarẹ, ṣugbọn… Ọṣọba ",[],[],[],[]
yoruba_text_328_emotion_1,Chrisland School girl Video: Ẹ̀kọ́ tí a rí kọ́ rèé lórí ìṣẹ̀lẹ̀ ìbálòpọ̀ láàárín àwọn akẹ́kọ̀ọ́,['sadness'],['disgust'],[],[]
yoruba_text_3290_emotion_1,Nibi ti wọn ti n pari ija lawọn agbebọn pa oludasilẹ ṣọọṣi yii si,['sadness'],['sadness'],['sadness'],['sadness']
yoruba_text_3472_emotion_1,Awọn kan lọọ yọ geeti abawọle ileewe C&S n’Ilọrin loru,['surprise'],['fear'],['sadness'],[]
yoruba_text_1537_emotion_1,PDP Primaries 2023: Banky Wellington jáwé olúborí láti díje ṣojú Eti Osa nílé ìgbìmọ̀ aṣòfin ni Eko,"['joy', 'surprise']",[],[],[]
yoruba_text_772_emotion_1,RCCG members kidnap: Ọlọ́pàá ní àwọn kò gbọ́ ohun kan nípa bó yá àwọn agbébọn jí ọmọ ìjọ RCCG mẹ́jọ,[],[],['sadness'],[]
yoruba_text_4543_emotion_1,Awọn ẹlẹsin abalaye fẹẹ ran Makinde lọwọ lori ipenija eto aabo,['surprise'],[],[],[]
yoruba_text_1108_emotion_1,"EndSARS Protest Update: Seun Kuti dá ẹgbẹ́ tí baba rẹ̀, Fela Kuti dá silẹ̀ ní ọdún 1979 padà",['surprise'],[],[],[]
yoruba_text_3383_emotion_1,"Nitori ẹsun jibiti ori ẹrọ ayelujara, adajọ sọ akẹkọọ LAUTECH atawọn meji mi-in sẹwọn n’lọrin ",['surprise'],['sadness'],[],[]
yoruba_text_975_emotion_1,"Tafa Oloyede: ₦200 ní owó oṣù àkọ́kọ́ mi nìdí iṣẹ́ tíátà, mo sì ní àṣọ mẹ́ta péré",['surprise'],[],[],[]
yoruba_text_740_emotion_1,Kílò fa èdè àìyedè láàrin ìjọba àti àwọn ọmọ lẹ́yìn El-Zakzaky?,[],[],['surprise'],[]
yoruba_text_967_emotion_1,"Olubadan of Ibadan dead: Ààfin Olubadan sọ̀rọ̀ sókè, wọ́n ní àrùn COVID-19 kọ́ ló pa Olubadan, Saliu Adetunji- Adeola Oloko",['surprise'],[],[],[]
yoruba_text_2721_emotion_1,"Eeyan meji ku awọn mẹwaa fara pa yannayanna ninu ijamba mọto lori biriiji Kara, l’Ekoo",['sadness'],['sadness'],['sadness'],['sadness']
yoruba_text_4490_emotion_1,”A ko ni i gba ẹnikẹni laaye lati da ogun silẹ laarin ilu Ifẹ ati Mọdakẹkẹ” ,[],['anger'],['anger'],['anger']
yoruba_text_2926_emotion_1,"Ọrọ ijọba ibilẹ ni Naijiria nilo adura, ojoojumọ lo n buru si i fun wọn- Ọbasanjọ",['sadness'],['fear'],['sadness'],['sadness']
yoruba_text_542_emotion_1,Terrorism in Nigeria: Ìjọba àná lo jẹ Nàìjíríà run lórúkọ ìgbógun ti ìgbésùmọ̀mí - Malami,['anger'],['disgust'],['sadness'],[]
yoruba_text_4040_emotion_1,"O tan, Fẹmi Fani Kayọde ti pada sinu ẹgbẹ APC o",['surprise'],[],['surprise'],['surprise']
yoruba_text_2480_emotion_1,Ìjọba Eko pàṣẹ kí ọlọ́pàá mú agbaṣẹ́ṣe tó ń kọ́ ilé alájà méje tó dàwó,[],['sadness'],['anger'],[]
yoruba_text_3881_emotion_1,Ile ti wọn gba Barnabas ko maa ṣọ lo ti n ja wọn lole l’Akurẹ,['surprise'],"['anger', 'sadness']",[],[]
yoruba_text_105_emotion_1,Nigeria vs Netherlands: Àtilẹ ló yẹ kí ìjọba ti máa mu ìdàgbàsókè bá eré bọ́ọ̀lù-Onigbinde,[],[],[],[]
yoruba_text_694_emotion_1,"Lizzy Anjorin: Fún ayẹyẹ ọdún kan ìgbéyàwó wọ́n, ọkọ Lizzy fi ọkọ̀ tá lọ́rẹ","['joy', 'surprise']",['joy'],['joy'],['joy']
yoruba_text_3398_emotion_1,Lẹyin ti ọkọ ti tọju ọmọ fun ọdun mẹfa niyawo ṣẹṣẹ sọ pe ale lo ni in l’Ago-Arẹ,['surprise'],"['anger', 'sadness']","['sadness', 'surprise']","['surprise', 'sadness']"
yoruba_text_1175_emotion_1,"Oyè ibadan kìí ṣe fún títà, Ganduje lẹ́tọ́ọ̀ sí i - Olubadan sọ̀rọ̀ lórí oyè Fiwajoye",[],[],['anger'],[]
yoruba_text_2121_emotion_1,Samuel Ortom: A ti fi kún owó ìtanràn fún ẹni tó ba da ẹran jẹ̀ nígboro Benue- Gómìnà Ìpínlẹ̀ Benue,[],[],['anger'],[]
yoruba_text_1760_emotion_1,"Ogbomosho shooting, End Sars, End SWAT: Isiaka Jimoh fi ọmọbìnrin kan àti ìyàwó tó lóyún sínú sílẹ̀ ló- Òbí Isiaka",['surprise'],['sadness'],['sadness'],['sadness']
yoruba_text_2219_emotion_1,PDP gbọn Dotun Babayemi yọ nínú ẹgbẹ́ bí jìga,[],[],[],[]
yoruba_text_637_emotion_1,Yoruba films: Gbogbo bó ṣe lọ rèé lágbo òṣéré láàrín ọ̀sẹ̀ yìí,[],[],[],[]
yoruba_text_4443_emotion_1,   Ijọba Ekiti ṣefilọlẹ irinṣẹ eto ilera ọọdunrun miliọnu,['joy'],[],['joy'],['joy']
yoruba_text_2331_emotion_1,Yoruba traditon: Ohun tí Yorùbá ń pè ní Èṣù yàtọ̀ sí Sàtánì nítorí Èṣù ní iṣẹ́ rere lọ́wọ́ -Ejùgbọ̀nà ìlú Rẹ́mọ,[],[],[],[]
yoruba_text_2827_emotion_1,Ẹ kilọ fun Fayẹmi ko ma ta ilẹ wa fawọn Fulani o-PDP Ekiti ,['anger'],[],['anger'],['anger']
yoruba_text_292_emotion_1,Ọ̀pọ̀ àṣeyọrí Funke Akindele ló ń já Tinubu láyà tó fi ń sọ̀rọ̀ ìwọ̀sí nípa rẹ̀ – Jandor,[],['disgust'],"['anger', 'sadness']",[]
yoruba_text_304_emotion_1,"""""""Ọkọ mi kò ráyè wọ ojú ara mi láti já ìbálé lẹ́yìn oṣù kan ta ṣe ìgbéyàwó""""""","['sadness', 'surprise']",['sadness'],"['sadness', 'surprise']","['sadness', 'surprise']"
yoruba_text_4383_emotion_1,"Loootọ ni mo fẹ iyawo Alaafin, ọba lemi naa-Portable",['surprise'],[],[],[]
yoruba_text_2015_emotion_1,Àwọn agbébọn jí ìyàwó bàbá Sẹ́nétọ̀ Abbo tó lu obìnrin nílùú Abuja gbé ní Adamawa,['surprise'],['sadness'],['sadness'],['sadness']
yoruba_text_4948_emotion_1,Emi ni mo kunju oṣuwọn ju ninu awọn oludije sipo gomina ninu ẹgbẹ APC l’Ekiti-Ọpẹyẹmi Bamidele,[],['joy'],[],[]
yoruba_text_3183_emotion_1,James atọrẹ ẹ yin Adefisayọ lọrun pa lẹyin ti wọn fipa ba a lo pọ tan l’Ogijo,"['disgust', 'sadness']",['sadness'],['sadness'],['sadness']
yoruba_text_1393_emotion_1,Kí ló pa dókítà àjọ FIFA tó kú níbí ìdíje Ghana vs Nigeria ní Abuja? Àjọ NFF sọ̀rọ̀,['surprise'],['sadness'],['surprise'],['surprise']
yoruba_text_1959_emotion_1,Abuja Cholera Outbreak: Ìjọba ní gbogbo agbègbè tó wà ní Abuja ní Kọ́lẹ́rà dé,"['fear', 'sadness', 'surprise']",['fear'],['sadness'],"['fear', 'sadness']"
yoruba_text_1123_emotion_1,Ọwọ́ Amotekun Osun tẹ afurasí mọkálíìkì tó n wú òkú fún ètùtù ọlà,"['disgust', 'surprise']",['sadness'],['sadness'],['sadness']
yoruba_text_3862_emotion_1,Muhammadu to fipa ba ọmọ ọdun mẹwaa lo pọ n’Ilọrin ni iṣẹ eṣu ni,['disgust'],['disgust'],['surprise'],['disgust']
yoruba_text_3992_emotion_1,Aworan mi ni awọn alatilẹyin Aṣiwaju n gbe kiri ti wọn n pe ni Tinubu -Donald Duke,[],['surprise'],['sadness'],[]
yoruba_text_2815_emotion_1,"Eyi ni bawọn Fulani ṣe tun ya wọnu oko oloko n’Ibadan, eeyan mẹta ni wọn  ji gbe",['sadness'],"['disgust', 'sadness']",['sadness'],['sadness']
yoruba_text_380_emotion_1,Ṣé àwọn ikọ̀ aláàbò tí ìjọba ìpínlẹ̀ dá sílẹ̀̀ lè tán ìṣòro ìpèníjà aàbò tí Nàìjíríà ń kojú?,['sadness'],['fear'],"['anger', 'sadness']",['sadness']
yoruba_text_2317_emotion_1,Kano Gorilla: Òṣìṣẹ́ 10 wọ gàù lórí ọ̀rọ̀ Ìnàkí tí wọ́n ló gbé owó tí wọn pa lásìkò ìtúnu ààwẹ̀,['surprise'],[],['sadness'],[]
yoruba_text_2044_emotion_1,Domestic Violence: Obìnrin kan wọ gàù lẹ́yìn tó kan ìṣó mọ́ ọmọ ọ̀dọ̀ rẹ̀ lórí ní Enugu,"['disgust', 'sadness', 'surprise']",['sadness'],[],['sadness']
yoruba_text_4381_emotion_1,"Nitori ibo Satide, ijọba kede Furaidee gẹgẹ bii ọjọ isinmi lẹnu iṣẹ l’Ondo",[],[],[],[]
yoruba_text_4787_emotion_1,"Lori ọrọ Igangan, mo gba gbogbo ẹbi tẹ ẹ da mi, ṣugbọn iru ẹ ko ni i waye mọ-Makinde",['sadness'],['sadness'],[],['sadness']
yoruba_text_3735_emotion_1,"Amọtẹkun mu Fẹmi ati babalawo ẹ, ọmọdebinrin kan ni wọn fẹẹ fi ṣogun owo l’Ekiti",['surprise'],['disgust'],[],[]
yoruba_text_2265_emotion_1,Notorious Armed Robbers in Nigeria: Lára àwọn ọ̀daràn méje ni Mufu Oloosa Oko àti Godogodo,['surprise'],[],[],[]
yoruba_text_1277_emotion_1,Ogun road accidents: Ìjàmbá ọkọ̀ ṣe gbẹ̀mí èèyàn 265 ní ìpínlẹ̀ Ogun,"['sadness', 'surprise']",['sadness'],['sadness'],['sadness']
yoruba_text_1531_emotion_1,Ohun tó fa rògbòdìyàn lẹ́yìn tí wọ́n yan Ọba tuntun ní Ikirun rèé,[],[],['surprise'],[]
yoruba_text_284_emotion_1,Bamise BRT bus Court case: Ohun tó ń ṣẹlẹ̀ nílé ẹjọ́ tí dẹ́rẹ́bà ọkọ̀ BRT tí Bamise wọ ti jẹ́jọ́ rèé,['surprise'],[],['surprise'],['surprise']
yoruba_text_1455_emotion_1,Lekki Massacre Panel Reports: - Adegboruwa ní wọn ti ṣá ọmọ ìgbìmọ̀ olùwádìí kan ní ìṣákúṣàá,"['sadness', 'surprise']",['sadness'],['sadness'],['sadness']
yoruba_text_4765_emotion_1,Ṣeyi Makinde atawọn agba ẹgbẹ PDP fẹẹ fi Gbenga Daniel ṣe adari ẹgbẹ naa nipinlẹ Ogun,['surprise'],[],[],[]
yoruba_text_754_emotion_1,D﻿ino Melaye àti Peter Obi gbéná wojú ara wọn níbí ìtàkurọ̀sọ àwọn olùdíjé sípò ààrẹ,['anger'],['anger'],['anger'],['anger']
yoruba_text_3015_emotion_1,"Awọn adigunjale kọ lu banki mẹta n’Ikẹrẹ-Ekiti, eeyan mẹta ni wọn pa",['sadness'],['sadness'],['sadness'],['sadness']
yoruba_text_3154_emotion_1,"Tori ijamba ina nla, ijọba ti biriiji Apọngbọn pa l’Ekoo, wọn le awọn ontaja danu",[],"['anger', 'fear']",[],[]
yoruba_text_4664_emotion_1,"Ọba Ẹlẹkọle ti Ikọle dawati laafin, ni gbogbo ara ilu ba n jaya","['fear', 'surprise']",['fear'],['anger'],['fear']
yoruba_text_2065_emotion_1,"BBC Africa Eye: Ìyá mi, bí mo bá rántí ikú rẹ lásìkò ìrọbí, àìbímọ tèmí ń pa mí kú díẹ̀díẹ̀",['sadness'],['sadness'],['sadness'],['sadness']
yoruba_text_1814_emotion_1,Abuja accidents: Àjọ FRSC ní ọ̀kànlélúgba èèyàn(201) ló dèrò ọ̀run nínú ìjàmbá ọkọ̀ l'Abuja,['sadness'],['sadness'],['sadness'],['sadness']
yoruba_text_478_emotion_1,Dowen College: Àwọn mọ̀lẹ́bí Sylvester Oromoni bẹ Femi Falana lọ́wẹ̀ lórí ikú ọmọ wọn,['sadness'],['sadness'],['sadness'],['sadness']
yoruba_text_4148_emotion_1,"Nitori ọrọ aabo, Gomina Dapọ Abiọdun ati Ṣeyi Makinde fẹẹ ṣeto awọn agbofinro ẹnuubode",['joy'],[],[],[]
yoruba_text_4862_emotion_1,Ibo gomina Adamawa: Ọjọ Tọsidee la maa kede ẹni to jawe olubori-INEC,[],[],[],[]
yoruba_text_2376_emotion_1,Yollywood artists: Mide Martins ní Kìí ṣe gbogbo ìgbéyàwó ló ń túká nítorí àgbèrè,[],[],[],[]
yoruba_text_30_emotion_1,"US Consulate: Ojú lálákàn fí n ṣọ́ri l‘Eko báyìí, wo ìlànà tó tẹ̀lé fún ààbò ẹ̀mí rẹ",['fear'],['fear'],['fear'],['fear']
yoruba_text_791_emotion_1,Coronavirus in Nigeria: K1 de Ultimate ní káwọn ọmọ Nàìjíríà tí kò bá ńidìí láti jáde ó gbé inú ilé wọn,[],[],['anger'],[]
yoruba_text_3991_emotion_1,"Awọn eeyan Oro, ni Kwara, ti sọrọ soke: Yoruba pọnbele ni wa, ‘Orileede Oodua’ la fara mọ o",[],['anger'],[],[]
yoruba_text_3591_emotion_1,Ṣọja yinbọn pa ọlọpaa to da ọkọ ti ọkan ninu wọn ko igbo sinu rẹ duro,['surprise'],"['anger', 'sadness']",[],[]
yoruba_text_2448_emotion_1,"Kidnapping in Nigeria: Ara sọ́ọ́bù oníṣòwò ni wọn ti rí nọ́ńbà ìpè rẹ̀, tí wọn sì tàn-án jáde lásìkò ìsìn",[],"['fear', 'sadness']",['sadness'],['sadness']
yoruba_text_2684_emotion_1,"Eeyan mẹta ku, ọpọ fara pa, ninu ijamba ọkọ Jẹbba si Bode-Saadu, ni Kwara ",['sadness'],['sadness'],['sadness'],['sadness']
yoruba_text_2510_emotion_1,Oriire nla: Victor Osimhen gba ade agbabọọlu to daa ju lọ nilẹ Afrika lọdun yii,"['joy', 'surprise']",['joy'],['joy'],['joy']
yoruba_text_4884_emotion_1,Wọn yan ọmọ Yoruba gẹgẹ bii akọwe agba nipinlẹ Anambra ,['surprise'],['surprise'],['surprise'],['surprise']
yoruba_text_1114_emotion_1,Sadio Mane: Wọ́n ti fi orúkọ̀ agbábọ́ọ̀lù Liverpool sọ pápá ìṣeré kan ní Senegal,"['joy', 'surprise']",[],['joy'],['joy']
yoruba_text_2188_emotion_1,Àwọn obìnrin orílẹ̀-èdè Iran ti lè wo bọ́ọ̀lù aláfẹsẹ̀gbá báyìí,['surprise'],['joy'],['joy'],['joy']
yoruba_text_4639_emotion_1,Awọn agbaagba Yoruba fẹẹ ṣeranti Ogun Kiriji n’Ibadan,[],[],[],[]
yoruba_text_4470_emotion_1,Ijọba apapọ ni kawọn akẹkọọ wọle lọjọ Aje to n bọ,[],[],[],[]
yoruba_text_1018_emotion_1,King burnt in Ogun State: Ọwọ́ ọlọ́pàá ìpínlẹ̀ Ogun tẹ afurasí 11 tó dáná sun ọba nílú Agodo,['surprise'],['sadness'],['joy'],[]
yoruba_text_2163_emotion_1,"Ọ̀pọ̀lọpọ̀ Dókítà, àtàwọn òṣìṣẹ́ wá kọ̀wé fipò sílẹ̀ láti ‘Japa’ lọ sí ìlú Òyìnbó - UCH Ibadan",['sadness'],['sadness'],['sadness'],['sadness']
yoruba_text_514_emotion_1,Sunday Igboho: Àwọn èèkàn ọmọ Yorùbá fárígá lórí ìkọlù ìgbà gbogbo sílé ajìjàgbara,['anger'],['anger'],['anger'],['anger']
yoruba_text_220_emotion_1,"Van Persie vs Solskjaer: Ole bínú tán, ó lóun ò mọ Van Persie rí, bẹ́l kò lẹ́tọ̀ọ́ láti sọ̀rọ̀ s'óun",['anger'],['anger'],['anger'],['anger']
yoruba_text_3023_emotion_1,"Jonathan n rin ni bebe ẹwọn o, ọmọ ọdun mẹẹẹdogun lo fipa ṣe ‘kinni’ fun ni Badagry",['disgust'],['disgust'],[],['disgust']
yoruba_text_2787_emotion_1,"Ijamba gaasi paayan mẹta n’Ishaga, ọpọ ile ati mọto lo jona",['sadness'],['sadness'],['sadness'],['sadness']
yoruba_text_3214_emotion_1,Wọn le olukọ-agba ti ko wa sileewe lọjọ Isinmi kuro lẹnu iṣẹ lEkiti,['surprise'],"['anger', 'sadness']",[],[]
yoruba_text_194_emotion_1,"Ibadan killing, Linus Onwuamana: Àwọn jàndùkú agbébọn yìnbọn pa ọkùnrin oníṣòwò kan nílùú Ibadan","['fear', 'sadness', 'surprise']",['sadness'],['sadness'],['sadness']
yoruba_text_2998_emotion_1,Mimu omi kanga lasiko omiyale yii lewu gidi o – Ijọba Ogun,['fear'],['fear'],[],['fear']
yoruba_text_3535_emotion_1,"Ẹ wo Jimọh to ṣẹyun fọmọ aburo ẹ lẹẹmeji l’Abẹokuta, o tun ti fun un loyun ẹlẹẹkẹta","['disgust', 'sadness']","['anger', 'sadness']",['sadness'],['sadness']
yoruba_text_3938_emotion_1,"Nitori ikọlu Fulani, awọn gomina ilẹ Yoruba fẹẹ pawọ-pọ lori eto aabo",[],[],[],[]
yoruba_text_1062_emotion_1,Cities of illegal death: Wo àwọn ìlú tó jẹ́ ẹ̀ṣẹ̀ ni kí ènìyàn kú níbẹ̀,['surprise'],['surprise'],['surprise'],['surprise']
yoruba_text_1133_emotion_1,Seyi Makinde: Wo ìdí tí gómìnà Oyo fi pàṣẹ ìdádúró iṣẹ́ fún kọmíṣọ́nà rẹ̀,[],[],[],[]
yoruba_text_3388_emotion_1,Awọn ọdọ dana sun eeyan meji ti wọn ba ori eeyan lọwọ wọn l’Ọja-Ọdan,['anger'],['anger'],[],['anger']
yoruba_text_4174_emotion_1,Ọmọọba Makinde di Ọwa Igbajọ,[],[],['joy'],[]
yoruba_text_3357_emotion_1,Iwọde lori owo tuntun: Ṣọja yinbọn pa ọlọkada n’Ibadan,['sadness'],"['disgust', 'sadness']",['sadness'],['sadness']
yoruba_text_2400_emotion_1,"Youths attack police station in ondo: Ọlọ́pàá kọ́ ló pa baálẹ̀ àtàwọn méjì tó kú ní Kajola, wọ́n ṣoríkunkun sí òfin ìrìnna ni - Ọlọ́pàá Ondo",['anger'],[],['sadness'],[]
yoruba_text_890_emotion_1,Ekiti rape case: Ẹ̀ṣọ́ ìyàwó Gómìnà Ekiti Bisi Fayemi bọ́ sọ́wọ́ ọlọ́pàá lórí ẹ̀sùn ìfipábánilòpọ̀ l'Abuja,['surprise'],"['disgust', 'sadness']",['sadness'],['sadness']
yoruba_text_584_emotion_1,Nigeria Police: Ìwádìí ti bẹ̀rẹ̀ lórí ọlọ́pàa'tó lo ‘POS’ fi gba rìbá’,['surprise'],[],['joy'],[]
yoruba_text_4608_emotion_1,Ẹẹmeji ọtọọtọ ni Ọlọrun fi han mi pe mo maa di gomina ipinlẹ Ọṣun- Oyetọla,['surprise'],[],['joy'],[]
yoruba_text_1067_emotion_1,Ẹ má ṣe àṣìṣe láti dìbò yan àwọn apààyàn lọ́dún 2023 – Jonathan,['anger'],[],[],[]
yoruba_text_3810_emotion_1,"Ẹ wo Tolu ọmọ Poli, wọn ni Aafa Yusuf ti fi ọmọ-odo lu u pa o",['surprise'],"['disgust', 'sadness']","['sadness', 'surprise']","['surprise', 'sadness']"
yoruba_text_1076_emotion_1,"Man selling body parts, Ibadan: Ọwọ́ ikọ̀ Amọtẹkun ba Mutiu Abdul-Rasheed, afurasí tó ń ta ẹ̀yà ara èèyàn ní Ibadan","['disgust', 'surprise']",['disgust'],['surprise'],"['disgust', 'surprise']"
yoruba_text_4909_emotion_1,Ijọba pin nnkan ija loriṣiiriṣii fawọn ẹṣọ alaabo l’Ekiti,[],[],[],[]
yoruba_text_869_emotion_1,Iléeṣẹ́ ọlọ́pàá kéde ẹ̀bùn #2.5 mílíọ̀nù fún ẹni tó bá mọ́ bí wọ́n ṣe lè mú àwọn jàǹdùkú wọ́nyìí,['surprise'],[],['joy'],[]
yoruba_text_1775_emotion_1,Visa free: Àwọn Orílẹ-èdè tí wọn fún ọmọ Nàìjíríá lánfàní ìwé igbeluu ọ̀fẹ́,[],[],[],[]
yoruba_text_1777_emotion_1,Ìyàwó tuntun Olori Temitope Ogunwusi ti wọ Ààfin o! Ẹ fójú l'óúnjẹ́,['surprise'],[],[],[]
yoruba_text_3987_emotion_1,Ọwọngogo owo tuntun: Awọn gomina APC rawọ ẹbẹ si Buhari,[],['fear'],['sadness'],[]
yoruba_text_3354_emotion_1,"O ti ṣẹlẹ! Lori ẹsun ikowojẹ, Tinubu gbaṣẹ lọwọ ọkan ninu awọn minisita ẹ",['surprise'],['disgust'],['surprise'],['surprise']
yoruba_text_2615_emotion_1,"Leyin ti wọn so yigi, iyawo gomina Kwara tun gba ile ati ṣọọbu fun Risikatu, obinrin toju rẹ yatọ",['surprise'],[],['surprise'],['surprise']
yoruba_text_1357_emotion_1,"Otuoke attack: Ààrẹ Buhari ní àbò wà fún ẹ̀mí ààrẹ́ àná, Goodluck Jonathan",[],[],[],[]
yoruba_text_3707_emotion_1,"Lẹyin ti wọn pa ọlọpaa to n ṣọ wọn, awọn Hausa ji oyinbo mẹta gbe l’Ọṣun",['surprise'],['sadness'],['sadness'],['sadness']
yoruba_text_3103_emotion_1,Wọn ti dajọ iku fun Ibrahim to ge ori ọmọ ọdun meji l’Owode-Ẹgba,"['disgust', 'sadness']","['anger', 'sadness']",[],['sadness']
yoruba_text_4445_emotion_1,"Awọn ọba Eko bẹ Sanwoolu: Ẹ fun wa ni ogunjọ, oṣu Kẹjọ, gẹgẹ bii ayajọ ọjọ Iṣẹṣe",[],[],[],[]
yoruba_text_1666_emotion_1,"Àwọn agbénipaṣètùtùọlà pa ìyá ẹni ọdún 65, yọ ojú rẹ̀ ní Ilesa","['disgust', 'sadness']","['disgust', 'sadness']",['sadness'],"['disgust', 'sadness']"
yoruba_text_1358_emotion_1,"Nigerians doing good abroad: Yoruba ń mókè, wọ́n ń gbéṣẹ́ ńlá ṣe lókè òkun",['joy'],[],['joy'],['joy']
yoruba_text_1628_emotion_1,Ooni Ife's New Princess: Ooni Ogunwusi ní òun nífẹ̀ẹ́ ìyá tó bí ọmọbìnrin náà púpọ̀,['joy'],[],['joy'],['joy']
yoruba_text_1945_emotion_1,Nigeria Gospel musician: Nǹkan kò burú tó báyìí ní ọgbọ̀n ọdún sẹ́yìn tí mo kọrin pé kí Ọlọ́run- Funmi Aragbaye,['sadness'],['sadness'],['sadness'],['sadness']
yoruba_text_1568_emotion_1,Ì﻿dí mẹ́rin tí sísùn ní ìhòhò fi dára fún ìlera rẹ,['surprise'],[],[],[]
yoruba_text_3595_emotion_1,"Niṣe lawọn eleyii maa ṣe bii ero ọkọ, foonu awọn ero ni wọn maa n dọgbọn ja gba",['surprise'],['sadness'],['surprise'],['surprise']
yoruba_text_1634_emotion_1,"Ilé tó dàwó ń sọ̀kò, òpó ilé sì yẹ̀, kílé tó wó lulẹ̀ láago méjì òru - Óṣojúmìikòró",['surprise'],['fear'],[],[]
yoruba_text_503_emotion_1,"Dele Ewe US Fraud: Ọmọ Nàíjíríà bíi Hushpuppi, Dele Ewe tún rí ẹ̀wọ̀n oṣù 30 he ní Amerika fún ẹ̀sùn 419","['sadness', 'surprise']",['sadness'],['surprise'],"['sadness', 'surprise']"
yoruba_text_3730_emotion_1,"Ileeṣẹ mi ti wọn jo, awọn ọta mi nidii oṣelu ni o – Bola Tinubu",['sadness'],"['disgust', 'sadness']",['sadness'],['sadness']
yoruba_text_1287_emotion_1,Dino Melaye vs Iyabo Ojo: Sẹ́nétọ̀ ní lórí irọ́ ní ọ̀rọ̀ ìfẹ́ tí wọn ló wà láàrin òun àtàwọn òṣèré tíátà,['anger'],[],[],[]
yoruba_text_2132_emotion_1,Wo àwọn ode eré tí Davido ti pa tì nínú oṣù Kọ́kànlá yìí látàrí ikú Ifeanyi ọmọ rẹ̀,['sadness'],[],['sadness'],['sadness']
yoruba_text_955_emotion_1,"Insecurity in Nigeria: Ọba alayé rawọ́ ẹ̀bẹ̀ sí ìjọba láti dẹ́kun ìkọlù afurasí Fulani, kó tó di làásìgbò ńlá",['fear'],['fear'],"['anger', 'fear']",['fear']
yoruba_text_148_emotion_1,Osun PDP primaries: Ilé ẹjọ́ wọ́gílé ìdìbò tó gbé Ademola Adeleke wọlé gẹ́gẹ́ bí olùdíjé PDP ní Osun,['surprise'],[],['sadness'],[]
yoruba_text_1050_emotion_1,School reoppening date: Ìjọ́ba ìpínlẹ̀ Kwara kéde pé ki àwọn akẹ́kọ̀ọ́ ilé ìwé wọlé padà,[],[],[],[]
yoruba_text_1221_emotion_1,Americans in Africa: Wo ìdí tí àwọn ọmọ ilẹ̀ Amẹ́ríkà kan ṣe ń kó bọ̀ wá fi ilẹ̀ Áfríkà sebùgbé,['surprise'],[],['surprise'],['surprise']
yoruba_text_206_emotion_1,"Oyo state: 615, nọ́mbà tuntun fún ìdáàbòbò àwọn èèyàn ìpínlẹ̀ Ọ̀yọ̀",[],[],['joy'],[]
yoruba_text_662_emotion_1,Àwọn ‘olè ọ̀lẹ’ ló wà ní ìdí ìkọlù Ọ̀wọ̀ - Ààrẹ Buhari,['sadness'],['anger'],"['anger', 'sadness']","['sadness', 'anger']"
yoruba_text_3900_emotion_1,"Nitori ti wọn n gbe ohun ija oloro kiri lọna aitọ, adajọ sọ ọmọ ẹgbẹ okunkun meji sẹwọn n’llọrin",[],['disgust'],['sadness'],[]
yoruba_text_2072_emotion_1,Abuja-Kaduna Train Attack: Àwọn èèyàn torí kó yọ nínú rélùwèé Kaduna si Abuja bá BBC sọ̀rọ̀ nípa bí ìṣẹ̀lẹ̀ náà ṣe wáyé,[],['joy'],[],[]
yoruba_text_454_emotion_1,Elon Musk jábọ́ kúrò nípò ẹni tó lówó jù lágbáàyé; Wo olówó tuntun tí Forbes kéde,['surprise'],['surprise'],['anger'],['surprise']
yoruba_text_1426_emotion_1,"Ọmọ ẹgbẹ́ márùn ún lọ́dún mẹ́rin, Kí ló ń fa ikú ọ̀wọọ̀wọ́ lẹ́yìn Davido?","['sadness', 'surprise']",['fear'],['surprise'],['surprise']
yoruba_text_1785_emotion_1,"Coronavirus Cases in Africa: Àráàlú ló kù, ìjọba ń tiraka lórí àrùn Coronavirus",[],[],['sadness'],[]
yoruba_text_2246_emotion_1,Lekki Toll gate: Àwọn awakọ̀ Lekki sọ èrò wọn nípa ìrìnà ọ̀fẹ́ ní ibodè Lekki,[],[],[],[]
yoruba_text_3887_emotion_1,"Awọn ọmọ ẹgbẹ okunkun ṣọṣẹ n’Ikẹrẹ-Ekiti, eeyan mẹfa jade laye",['sadness'],['sadness'],['sadness'],['sadness']
yoruba_text_524_emotion_1,Baba Ijesha: Amòfin Ogunlana ní kò tọ́ bí wọn ṣe fi béèlì Omiyinka kọ́ ọrùn ìyanṣẹ́lódì òṣìṣẹ́ iléẹjọ́,[],['disgust'],['sadness'],[]
yoruba_text_1710_emotion_1,"Baba mí fí ọwọ́ sí Folarin gẹ́gẹ́ bíi Gómìnà, ọ̀rẹ́ tímọ́tímọ́ àwọn méjèèjì- Ọmọ Alao Akala",[],[],[],[]
yoruba_text_2059_emotion_1,ICC: Ẹ̀rí wà pé àwọn ológun Nàíjíríà ń hùwà ìka sí Boko Haram àti ọmọnìyàn,['sadness'],[],['sadness'],['sadness']
yoruba_text_4230_emotion_1,Emi ni ẹgbẹ APC maa fa kalẹ lati dupo aarẹ lọdun 2023-Yahaya Bello,[],[],[],[]
yoruba_text_3034_emotion_1,"‘’O yẹ ki Tinubu fi Truss ṣe awokọṣe, ko kọwe fipo silẹ’’",[],[],[],[]
yoruba_text_4293_emotion_1,   Ọlanrewaju di kọmiṣanna ọlọpaa tuntun nipinlẹ Eko,[],[],[],[]
yoruba_text_4030_emotion_1,Ijọba fẹẹ ṣe afikun ijọba ibilẹ to wa nipinlẹ Ondo,[],[],[],[]
yoruba_text_1570_emotion_1,Sunday Igboho: Ilé ẹjọ́ fi ìyàwó Igboho sílẹ̀ pé kò lẹ́jọ́ jẹ́ àmọ́ ìgbẹ́jọ́ ọkọ rẹ̀ ń tẹ̀síwájú lọ́jọ́ Aje,[],[],[],[]
yoruba_text_1465_emotion_1,Timothy Adegoke: Mọ̀lẹ́bí sọ ìdí tí wọn ṣe fẹ́ sin olóògbé,['sadness'],[],[],[]
yoruba_text_1061_emotion_1,Ghana: Kàyééfì! Ẹ wó ìyàwó tó ṣán ọkọ rẹ̀ mọ́lẹ̀ tó sí bẹ lórí !,"['disgust', 'surprise']","['sadness', 'surprise']",['surprise'],['surprise']
yoruba_text_413_emotion_1,Bank Fraud: Ọ̀gá báńkì rí ẹ̀wọ̀n ọdún 18 he lórí jìbìtì N219m owó oníbàárà,['surprise'],['sadness'],['sadness'],['sadness']
yoruba_text_991_emotion_1,"Olagunsoye Oyinlola: Kí Olorun dáríjì wá lórí ọ̀rọ̀ yíi, a ti kùnà ìlérí wa fún ìran Yorùbá",['sadness'],['fear'],['sadness'],['sadness']
yoruba_text_3843_emotion_1,"Ẹwọn n run nimu Ayọdeji, iyawo atawọn ọmọ ẹ lo ti mọle fọjọ meji n’Ileefẹ",['surprise'],['disgust'],[],[]
yoruba_text_2793_emotion_1,Niṣe lo yẹ ki wọn maa ge nnkan ọmọkunrin ẹni to ba fipa baayan lo pọ sọnu-Kuyẹ,['anger'],['anger'],['anger'],['anger']
yoruba_text_462_emotion_1,Anti-Open Grazing law: Gómìnà ìpínlẹ̀ Ondo buwọ́lu òfín máfi ẹran jẹko láàrín ìgboro,[],['joy'],['joy'],['joy']
yoruba_text_4945_emotion_1," Ẹ gbagbe nipa pinpin Naijiria, ẹ ja fun iṣọkan wa-Ọbasanjọ",[],[],[],[]
yoruba_text_2046_emotion_1,Yoruba Nation protest: Olùwọ́de 47 nínú àwọn tí ọlọ́pàá kó ní ìwọ́de Yoruba Nation ti gba ìtúsílẹ̀ láhámọ́ ọlọ́pàá,['joy'],[],['joy'],['joy']
yoruba_text_143_emotion_1,Pius Adesanmi: Òní ni ẹ̀bí akọni Pius Adesanmi n ṣètò ìkẹyìn fún ogbontarigi náà,['sadness'],['sadness'],['sadness'],['sadness']
yoruba_text_2818_emotion_1,"Awọn Ibo binu tan, wọn ti gbogbo ṣọọbu wọn pa n’llọrin, wọn lawọn o taja mọ",['anger'],['anger'],['anger'],['anger']
yoruba_text_1646_emotion_1,"Òpin dé bá ilé ìjo, ̀̀Ọkadà alẹ́! Wo ìdí tí Ì﻿jọba ìpínlẹ̀ Ondo fi fòfin dè wọ́n",[],[],['surprise'],[]
yoruba_text_3584_emotion_1,"Mutiu Ajamajẹbi ti jẹbi o, ole lo ja ti wọn fi sọ ọ si atimọle ni Ṣaki",['surprise'],['anger'],['disgust'],[]
yoruba_text_2782_emotion_1,Wọn ti mu Ahmed to pa alaabagbe rẹ nitori abọ ounjẹ n’llọrin ,"['disgust', 'sadness']","['anger', 'disgust', 'sadness']",['joy'],"['disgust', 'sadness']"
yoruba_text_3347_emotion_1,"Awọn ọdọ fẹhonu han n’Ibadan nitori owo Naira ati epo bẹntiroolu, wọn ba dukia rẹpẹtẹ jẹ",['anger'],"['disgust', 'sadness']",['anger'],['anger']
yoruba_text_1885_emotion_1,Wo àwọn ọna tí o le gbà tó bá jẹ́ pé alábágbé ilé rẹ ń yọ ọ lẹnu,[],[],[],[]
yoruba_text_1269_emotion_1,N﻿DLEA rí agbésùnmọ̀mí mẹ́jọ mú nínú ìgbó Akure lásìkò tí wọn ń wá àwọn tó ń gbé òògùn olóró,['joy'],[],['joy'],['joy']
yoruba_text_70_emotion_1,Bolaji Amusan: TAMPAN ń ṣiṣẹ́ lórí 'minimum wage àti insurance' òṣèré báyìí- Mr Latin,[],[],['joy'],[]
yoruba_text_2094_emotion_1,Iran ti jáwọ nínú ìlù ogun tó n lù -Trump,['joy'],['joy'],[],['joy']
yoruba_text_2192_emotion_1,"Osun Monarch: Ogunsua ìlú Modakeke, Ọba Moses Oladejo Oyediran wàjà",['sadness'],['sadness'],['sadness'],['sadness']
yoruba_text_2922_emotion_1,"Ijọba Buhari yii lo n sọ awọn ọmọ Naijiria dọta ara wọn, Ọbasanjọ lo sọ bẹẹ",['sadness'],[],['sadness'],['sadness']
yoruba_text_3908_emotion_1,"Wọn ti yinbọn pa Gulak, amugbalẹgbẹẹ Aarẹ Jonathan tẹlẹ",['sadness'],['sadness'],['sadness'],['sadness']
yoruba_text_2738_emotion_1,"O ma ṣe o, ijamba ọkọ gbẹmi eeyan mọkandinlogun ni Kwara ","['sadness', 'surprise']",['sadness'],['sadness'],['sadness']
yoruba_text_2519_emotion_1,"Ọpẹ o, wọn ti ri akẹkọọ Fasiti Ilọrin ti wọn ji gbe pada, eyi ni bi wọn ṣe ri i",['joy'],['joy'],['joy'],['joy']
yoruba_text_1307_emotion_1,Ìjọba Ọyọ: Igba náírà péré làwọn ọlọ́kadà yóò máa san lójúmọ́ fáwọn adarí ibùdókọ̀ tuntun,[],[],[],[]
yoruba_text_1161_emotion_1,Sowore Revolution Now: Nǹkan tó yẹ kí o mọ̀ nípà Omoyele Sowore tó ń ṣe agbátẹrù ìfẹ̀hónú hàn jákèjádo Nàìjíríà,[],[],[],[]
yoruba_text_4868_emotion_1,"Ijọba ṣafikun rẹpẹtẹ si owo-oṣu Aarẹ, gomina, atawọn oloṣelu gbogbo",['surprise'],[],['surprise'],['surprise']
yoruba_text_737_emotion_1,Peter Fatomilola ní àìsí ẹ̀kọ́ to yẹ ló ń mú káwọn òṣèré tíátà ó máá ṣe oun tí kò tọ́,['sadness'],['sadness'],[],['sadness']
yoruba_text_2236_emotion_1,Nǹkan ńlá tí ọkọ mi ṣe fún mi jùlọ ní ìgbéyàwó ta ṣe ní ṣọ́ọ́ṣì lẹ́yìn ọdún 21 ta ṣe ìgbéyàwó ní kóòtù - Florence Ajimobi,['joy'],['joy'],['surprise'],['joy']
yoruba_text_1144_emotion_1,Twitter ban in nigeria: Kò bá òfin mu bí ìjọba Naijiria ṣe gbẹ́sẹ̀lé Twitter - Ẹgbẹ́ ajàfẹ́tọ́,['anger'],['disgust'],['sadness'],[]
yoruba_text_4790_emotion_1,Olubadan tuntun: Mi o ni i ja awọn eeyan ilu Ibadan ati Naijiria kulẹ,[],[],[],[]
yoruba_text_1874_emotion_1,Kazeem Alli: Àwọn tọ jí alága NURTW Osun gbé ti bèèrè 15 mílíọ̀nù owó ìtúsílẹ̀,['surprise'],['sadness'],['fear'],[]
yoruba_text_1998_emotion_1,"Yewande Adekoya: N kò fẹ́ ní òkú èèyàn lọ́rùn, ẹ má bú ọkọ́ mi lórí ayélujára mọ́",['anger'],[],['anger'],['anger']
yoruba_text_1655_emotion_1,“Gbogbo àwọn tó bá kọ ‘proposal’ olólùfẹ̀ wọn yóò bẹ̀rẹ̀ sí ń san owó ìtanràn”,['surprise'],['anger'],"['anger', 'disgust']",['anger']
yoruba_text_3332_emotion_1,"Amọtẹkun yinbọn paayan n’Ibadan, lawọn ọdọ ba fẹhonu han",['anger'],['sadness'],[],[]
yoruba_text_1580_emotion_1,Mowe death: Lẹ́yìn tí ọkùnrin yìí gbé òkú obìnrin náà sínú ọkọ̀ ló pa ara rẹ̀- Oyeyemi agbófinró,['surprise'],['sadness'],['sadness'],['sadness']
yoruba_text_1189_emotion_1,Ghana election: Ààrẹ Akufo-Addo la Mahama mọ́lẹ̀ wọlé ìbò ààrẹ Ghana fún sáà kejì,['surprise'],[],['joy'],[]
yoruba_text_1733_emotion_1,"Satchet Alcohol ban: Ìjọba àpapọ̀ yóò fòfin de títà àti rírà ọtí inú ọ̀rá bíi 'pẹlẹbẹ', 'pàrágà'",['surprise'],[],[],[]
yoruba_text_2014_emotion_1,Anti-vaccine mandate protests: Canada ṣetán láti gbẹ́sẹ̀ lé àkáùntì àwọn tó ń ṣẹ ìwọ́de táko abẹ́rẹ́ covid-19,[],[],[],[]
yoruba_text_1274_emotion_1,Benue Protest: Àwọn olọ́kadà ti gba àwọn ìyàwó wa tán nítorí a kò lówó lọ́wọ́- Àwọn òṣìṣẹ́fẹ̀yìntì ni Benue,[],"['fear', 'sadness']",['sadness'],['sadness']
yoruba_text_4774_emotion_1,Awọn ọdẹ ibilẹ pa ọkan lara awọn ajinigbe to n daamu wọn Itapaji-Ekiti ,['surprise'],[],['joy'],[]
yoruba_text_420_emotion_1,Bí wọ́n ṣe ṣàwárí òkú ọmọ ipínlẹ̀ Anambra kan nílé ìtura Bauchi rèé,['surprise'],['sadness'],['surprise'],['surprise']
yoruba_text_3957_emotion_1,"Agbara ijọba Bẹnẹ kọ lo mu mi silẹ o, o wu Ọlọrun Ọba bẹẹ ni o-Sunday Igboho",[],[],[],[]
yoruba_text_3495_emotion_1,"Ọkunrin yii ma daju o, lẹyin to fipa ba ọmọdebinrin yii sun tan lo tun ṣeku pa a","['disgust', 'sadness']","['anger', 'sadness']",['sadness'],['sadness']
yoruba_text_178_emotion_1,Kizito Mihigo: Akọrin tó fẹ́ lọ darapọ̀ mọ́ ìkọ̀ ajìjàgbara gbẹ̀mí ará rẹ̀ làhàmọ́,"['sadness', 'surprise']",['sadness'],['surprise'],"['sadness', 'surprise']"
yoruba_text_2880_emotion_1,"O ma ṣe o, ina ẹlẹntiriiki pa akẹkọọ ileewe girama lasiko to n lọọ pọnmi",['sadness'],['sadness'],['sadness'],['sadness']
yoruba_text_1749_emotion_1,COZA: Wo ohun tó ṣẹlẹ̀ ni ṣọ́ọ́ṣì COZA láàrọ́ yìí,[],[],[],[]
yoruba_text_2435_emotion_1,Kagara school kidnap: Onímọ̀ tako Fayemi tó ní àfi kí ìjọba má báwọn jàndùkù ajínigbé sọ̀rọ̀,['anger'],['disgust'],['anger'],['anger']
yoruba_text_3201_emotion_1,"Wọn ti gbaṣọ lọrun ọlọpaa yii o, o lọọ fipa gbowo lakaunti ẹni to fẹsun kan",['surprise'],['anger'],"['sadness', 'surprise']",['surprise']
yoruba_text_167_emotion_1,Kukah Vs Buhari: Bíṣọ́bù Kukah ní ìfowóṣòfò lásán ní okoòwò tí ẹnikẹ́ni bá ṣe ní Nàíjíríà,"['anger', 'sadness']",['fear'],['anger'],['anger']
yoruba_text_3865_emotion_1,"Iru ki waa leleyii, ọkada meji fori sọ tirela l’Abẹokuta, lo ba tẹ wọn pa",['sadness'],['sadness'],['sadness'],['sadness']
yoruba_text_3755_emotion_1," Iya gbe miliọnu mẹta ti wọn fẹẹ fi ṣiṣẹ abẹ fọmọ ẹ sa lọ, lọmọ ọdun mẹta naa ba dagbere faye","['sadness', 'surprise']","['disgust', 'sadness']",['sadness'],['sadness']
yoruba_text_1899_emotion_1,Sylvester Oromoni: Nọ́ọ̀sì tó ń ṣiṣẹ́ ní Dowen College jẹ́rìí nílé ẹjọ́ lórí ikú akẹ́kọ̀ọ́ náà,[],[],[],[]
yoruba_text_3963_emotion_1,Gomina Oyetọla ko ẹṣọ Amọtẹkun jade l’Ọṣun,[],[],[],[]
yoruba_text_2929_emotion_1,"Awa la ṣeeṣi yinbọn si abule ti eeyan mẹwaa ti ku, tọpọ fara pa, nipinlẹ Yobe- Ileeṣẹ ologun ofurufu",['sadness'],['sadness'],[],['sadness']
yoruba_text_3164_emotion_1,"Ibo ku ọjọ kan, wọn ji oludije sipo igbakeji gomina gbe",['surprise'],['fear'],['sadness'],[]
yoruba_text_2353_emotion_1,"Lagos COVID-19: Ará òkè òkun tó ń wọlé sí Nàíjíríà, Ẹ ṣọ́ra fún gbígba ayédèrú ìwé ẹ̀rí àyẹ̀wò COVID-19",['fear'],[],['fear'],['fear']
yoruba_text_4008_emotion_1,Sanwo-Olu wọgi le sisan owo ifẹyinti fawọn gomina ati igbakeji l’Ekoo,['surprise'],[],['surprise'],['surprise']
yoruba_text_2242_emotion_1,"Timothy Adegoke: Woléwolé ní òkú olóògbé ti ń jẹrà, làwọn ṣe sin-ín","['sadness', 'surprise']",['disgust'],[],[]
yoruba_text_3030_emotion_1,"Awọn afọbajẹ yari n’Iwoo, wọn l’Oluwoo gbọdọ kuro nipo ọba",['anger'],['anger'],[],['anger']
yoruba_text_4555_emotion_1,Sanwo-Olu yege lati dupo gomina lẹẹkan si i lorukọ APC,[],['joy'],['joy'],['joy']
yoruba_text_2568_emotion_1,"Ọpẹ o, ijọba ti ṣi gbogbo ileewe pada nipinlẹ Eko",['joy'],['joy'],['joy'],['joy']
yoruba_text_2275_emotion_1,Covid-19 Wedding: Ọkọ àti Ìyàwó yìí ti dájọ́ sọ́ná ṣáájú Coronavirus,[],[],[],[]
yoruba_text_3345_emotion_1,Ṣẹyin naa ti gbọ: Iku lere ẹṣẹ fẹnikẹni to ba gbe oogun oloro wọlu bayii,['surprise'],[],[],[]
yoruba_text_994_emotion_1,Fulani herders: Ṣé lóòtọ́ọ́ láwọn Fulani tún ṣá aráàlú Igangan méjì ládàá nínú ilé wọn?,['fear'],['sadness'],['surprise'],[]
yoruba_text_4533_emotion_1,Atiku ṣabẹwo si Ọbasanjo l’Abẹokuta   ,[],[],[],[]
yoruba_text_2351_emotion_1,"""Marathon Sex Poly Student: Irọ́ ni ìròyìn pé ìbálòpọ̀ """"11 rounds"""" ni Oromidayo David àti olólùfẹ́ rẹ̀ ní tó pa wọ́n""",['surprise'],['disgust'],[],[]
yoruba_text_4390_emotion_1,"Nitori idibo aarẹ, Gomina Adeleke kede ọjọ Furaidee fun isinmi lẹnu iṣẹ",[],[],[],[]
yoruba_text_1263_emotion_1,Happy new year 2022: Ohun tí CAN fi ṣíde ọdún 2022 fún gbogbo ọmọ Nàìjíríà nìyí,['joy'],[],[],[]
yoruba_text_1654_emotion_1,Ibadan Gas tanker accident: Ọdọọdún la máa ń gbé igbá àgbo lọ́jà Bode àmọ́ àwọn kan kọ̀ lọ,[],[],[],[]
yoruba_text_2987_emotion_1,"Awọn janduku ya wọ teṣan ọlọpaa n’Ibadan, wọn yinbọn pa kọburu kan","['sadness', 'surprise']",['sadness'],['sadness'],['sadness']
yoruba_text_3686_emotion_1,"Nitori foonu, Yakubu pa Sikiru, lo ba lọọ ju oku ẹ si ṣalanga","['disgust', 'sadness']","['disgust', 'sadness']",['surprise'],"['disgust', 'sadness']"
yoruba_text_2794_emotion_1,"Oṣiṣẹ banki mẹrin lọọ sin gbese, ni wọn ba luyawo onigbese pa!",['surprise'],['sadness'],['sadness'],['sadness']
yoruba_text_3147_emotion_1,Nnkan de! Awọn afẹmiṣofo ti ya wọ awọn igbo kaakiri ilẹ Yoruba,['fear'],['fear'],['surprise'],['fear']
yoruba_text_2625_emotion_1,Awọn Aṣofin Eko fẹẹ ṣeranwọ fawọn to padanu dukia wọn lasiko iwọde SARS,"['joy', 'sadness']",[],[],[]
yoruba_text_3749_emotion_1,"Pasitọ wọ gau, ọmọ ijọ ni wọn lo lu ni jibiti",['surprise'],['disgust'],[],[]
yoruba_text_1074_emotion_1,Ẹ pa APC àti PDP tì kẹ́ẹ fa ọgbọ́n orí tuntun mọ́ra - Sowore tún ti ń fọhùn lórí òṣèlú,[],[],[],[]
yoruba_text_162_emotion_1,Ondo election 2020: Àwọn ara ìpínlẹ̀ Ondo ránṣẹ́ sí Akeredolu ohun ti wọ́n ń retí ní báyìí,[],[],['anger'],[]
yoruba_text_3510_emotion_1,"Iru ki waa leleyii, Mustapha pa lanledi rẹ nibi to ti fẹẹ fipa ba a lo pọ l’Akurẹ","['disgust', 'sadness']",['sadness'],"['sadness', 'surprise']",['sadness']
yoruba_text_779_emotion_1,Ọkọ mi ń fi oorun dùn mí ni mo ṣe ní kí wọ́n jigbé – afurasí,"['disgust', 'surprise']","['disgust', 'sadness']","['sadness', 'surprise']","['disgust', 'surprise', 'sadness']"
yoruba_text_3661_emotion_1,"Opurọ buruku ni Eyitayọ Jẹgẹdẹ, ko sẹni to fẹẹ pa a – Akeredolu",['anger'],['disgust'],['disgust'],['disgust']
yoruba_text_2346_emotion_1,Resident doctors strike in Nigeria: Ẹgbẹ́ àwọn dókítà àti ìjọba tako ara wọn l'Oyo lórí ìyanṣẹ́lódì,[],[],['sadness'],[]
yoruba_text_4723_emotion_1,Gomina Adeleke fẹẹ ṣatunṣe awọn ileewe ẹkọṣẹ ọwọ to wa l’Ọṣun,[],[],[],[]
yoruba_text_1143_emotion_1,Ọ﻿lọ́pàá kan fi 'scissors' gún akẹgbẹ́ rẹ̀ pa ní  téésàn,['surprise'],"['disgust', 'sadness']",['sadness'],['sadness']
yoruba_text_986_emotion_1,Russia sẹ́ pé àwọn kọ́ ló ju àdó olóró sí Poland ṣùgbọ́n Zelensky ni pé Ó jù sí Ukraine lásìkò tí ìpàdé G20 ń lọ lọ́wọ́,[],[],[],[]
yoruba_text_2205_emotion_1,Garba Shehu: Inú aráàlú kò dùn sí ìwọ́dé Yoruba Nation àti IPOB tó wáyé l‘Amẹ́ríkà,['sadness'],['sadness'],['anger'],['sadness']
yoruba_text_4059_emotion_1,Wọn ri foonu olukọ Fasiti Ilọrin to dawati ni Lafiagi ,['surprise'],['sadness'],['sadness'],['sadness']
yoruba_text_4864_emotion_1,Oke pa ọrẹ ẹ nitori ọọdunrun Naira,"['sadness', 'surprise']","['disgust', 'sadness']",['sadness'],['sadness']
yoruba_text_2352_emotion_1,"Mercy Aigbe and Adekaz: Ṣé lóòtọ́ ni Mercy Aigbe ti sẹ ìgbéyàwó pẹ̀lú Adekaz, àbọ̀ ìwádìí wa rèé",['surprise'],[],['surprise'],['surprise']
yoruba_text_506_emotion_1,Kogi PDP Primaries: Wada fẹ̀yìn Dino gbálẹ̀ nínú ìbò abẹ́lé PDP fún ìpò gómìnà ní Kogi,['surprise'],[],['joy'],[]
yoruba_text_1564_emotion_1,"Rotimi Akeredolu bu ẹnu àtẹ́ lu àwọn tó sọ pé ó ti kú , ó ní ṣáká lara òun dá",['anger'],[],['anger'],['anger']
yoruba_text_2981_emotion_1,"Ọwọ tẹ awọn ọrẹ mẹta yii, ẹya ara oku ni wọn ba lọwọ wọn l’Ekoo ",['disgust'],"['anger', 'sadness']",['sadness'],['sadness']
yoruba_text_3956_emotion_1,"Awọn oniṣẹṣe rọ Makinde lati sọ ogunjọ, oṣu Kẹjọ, di ọjọ isinmi awọn ẹlẹsin abalaye ",[],[],[],[]
yoruba_text_1036_emotion_1,"Ibadan Petrol tanker accident: Tánkà agbépo bẹntíróò ṣubú n'Ibadan, àwọn èèyàn ń gbọ́n epo láì bẹ̀rù iná",['surprise'],['fear'],['fear'],['fear']
yoruba_text_1561_emotion_1,"King Millie: Mo mọ ọsàn hó ní ìyàwó mí ṣe bá mi ṣọrẹ ní kékeré, a sì padà fẹra",['surprise'],[],[],[]
yoruba_text_1149_emotion_1,"Sunday Igboho: Mo ṣé iṣẹ́ mọkaliki ri, bẹ́ẹ̀ sì ní mò tí ṣiṣẹ́ aponmità kí n tó rìnnà ko oríire","['joy', 'sadness']",['joy'],['joy'],['joy']
yoruba_text_813_emotion_1,"Hajia Dada Habi Yar'Adua: Pàtàkì wo láwọn olóṣèlú so mọ́ ṣíṣe àbẹ̀wò sí ìyá ààrẹ tẹ̀lẹ́, Umaru Musa Yar Adua",[],[],['surprise'],[]
yoruba_text_4618_emotion_1,"Afi ki ijọba tete san ṣokoto wọn giri lọdun tuntun yii, ko gbọdọ si awawi kankan mọ-Atiku",['anger'],['anger'],['anger'],['anger']
yoruba_text_4412_emotion_1,Awọn aafaa Ilọrin ti sọrọ: Idi taaye fi gba Yeye Ọṣun ree o,[],[],[],[]
yoruba_text_4047_emotion_1,Eyi ni ohun ti Ọba Ọgọmbọ sọ nipa bi Aṣiwaju Tinubu ṣe jawe olubori,[],[],[],[]
yoruba_text_3618_emotion_1,"Awọn Ọmọọba binu si lemọọmu agba Ogbomọṣọ, wọn lo ṣe ohun tẹnikan ko ṣe ri  ",['anger'],['anger'],[],['anger']
yoruba_text_4766_emotion_1,"Ọjọ kejidinlogun, oṣu yii, lawọn ileewe alakọọbẹrẹ ati girama yoo wọle l’Ekoo",[],[],[],[]
yoruba_text_3086_emotion_1,Awọn ajinigbe tun ji ọba alaye gbe ni Kogi,['surprise'],['sadness'],['sadness'],['sadness']
yoruba_text_3792_emotion_1,"Alice wọle tọ ọrẹkunrin ẹ loru, lo ba gun un lọbẹ pa",['surprise'],['anger'],['sadness'],[]
yoruba_text_2627_emotion_1,"Ọpẹyẹmi, ọmọ Alabi Pasuma, gbaṣẹ ologun  l’Amẹrika, ṣinkin ninu Paso n dun",['surprise'],[],['joy'],[]
yoruba_text_1513_emotion_1,Àlàyé rèé lórí fọ́nrán fídíò tó ṣàfihàn ẹ̀kun omi lórí afárá Thirdmainland,[],[],[],[]
yoruba_text_1080_emotion_1,Kayode Fayemi: Alágídí àti oníwàkuwà ni Oshatuyi tó fi ókọ̀ gbá mi tó tún ń pariwo pé gómìnà rán agbófinró láti na òun,['anger'],['disgust'],['anger'],['anger']
yoruba_text_1151_emotion_1,Anthony Joshua: AJ ní òun ṣetán láti bá Tyson Fury jà lẹ́yìn tí Usyk fìyà jẹ ẹ́,[],[],[],[]
yoruba_text_2854_emotion_1,"Awọn janduku ja ile ẹru l’Apapa, gbogbo ounjẹ COVID-19 ni wọn n ko sa lọ","['sadness', 'surprise']",['disgust'],[],[]
yoruba_text_3364_emotion_1,                                                                                                                                                                                                                                                                                      ‘Emi ni mo ṣa akẹkọọ fasiti yii pa nitori mo ti fi owo to ni ki n ba oun fi wale ta tẹtẹ’                                                                                             ‘Emi ni mo ṣa akẹkọọ fasiti yii pa nitori mo ti fi owo to ni ki n ba oun fi wale ta tẹtẹ’,['disgust'],['disgust'],[],['disgust']
yoruba_text_3643_emotion_1,"Ọlasunkanmi at’ọrẹ ẹ dero ẹwọn, ile-epo ni wọn lu ni jibiti miliọnu rẹpẹtẹ l’Ekiti",['surprise'],['disgust'],[],[]
yoruba_text_588_emotion_1,Fuel Hike: Wo iye tí epo bẹtiróò jẹ́ láwọn ìpínlẹ̀ Nàìjíríà,[],[],['surprise'],[]
yoruba_text_1806_emotion_1,Mozambique corruption trial: Ààrẹ àná Armando Guebuza jẹ́jọ́ lórí ẹ̀sùn ìwà àjẹbánu tí wọ́n fi kan ọmọ rẹ̀,[],[],['surprise'],[]
yoruba_text_3194_emotion_1,"Nitori bo ṣe purọ mọ ọga rẹ, adajọ ju Pasitọ Abiọdun sẹwọn ọdun meji l’Akurẹ",['surprise'],['anger'],['sadness'],[]
yoruba_text_75_emotion_1,Apostle Suleiman vs Chioma: Apostle Suleiman ti sọ̀rọ̀ lórí ẹ̀sùn ti Chioma fi kan,[],[],['surprise'],[]
yoruba_text_728_emotion_1,"Ojodu Kidnapper: Ọwọ́ pálábá afurasí ajọ́mọ́gbé méjì ségi ní Eko, bí wọ́n ṣe fẹ́ jí akẹ́kọ̀ọ́ gbé lẹ́nu ọ̀nà iléẹ̀kọ́",['surprise'],['joy'],['joy'],['joy']
yoruba_text_2822_emotion_1,Ijamba ina fọpọ dukia ṣofo ni oteẹli Ọọni Ifẹ,['sadness'],['sadness'],['sadness'],['sadness']
yoruba_text_1684_emotion_1,"Mercy Aigbe: Lanre Gentry fi àwòràn àtijọ́ síta tó sọ bí àjọṣepọ̀ rẹ̀ àti Mercy pẹ̀lú Adekaz, ọkọ tuntun àti ìyàwó onítọ̀ún ṣe dán mọ́rán sí",['surprise'],[],[],[]
yoruba_text_3471_emotion_1,"Ẹ wo awọn gende-kunrin yii, awọn to ba fẹẹ gbowo nidii ATM ni wọn n lu ni jibiti",['surprise'],"['disgust', 'sadness']","['sadness', 'surprise']","['surprise', 'sadness']"
yoruba_text_4825_emotion_1,"Eyi ni bi Pasitọ Adeboye ṣe ta ami ororo le Ṣoun Ogbomọṣọ lori, to si sure fun un",[],[],[],[]
yoruba_text_1735_emotion_1,Ọba tí wọ́n jí gbé láàfin rẹ̀ nípìnlẹ̀ Ondo gba òmìnira,['joy'],['joy'],['joy'],['joy']
yoruba_text_1782_emotion_1,NULGE election: Ẹgbẹ́ NULGE Oyo dìbò yan olóyè ẹgbẹ́ tuntun èyí tó tako àṣẹ iléẹjọ́,[],[],['surprise'],[]
yoruba_text_2234_emotion_1,"Àṣà àti èdè Yorùbá dùn púpọ̀, o ní ìtumọ̀ kíkún",['joy'],[],[],[]
yoruba_text_512_emotion_1,"Alaafin of Oyo dead: 'Aláàfin ti rí ikú rẹ̀ ṣáájú ọjọ́ tó wàjà, ó sọ̀rọ̀ sílẹ̀ kó tó kú'","['sadness', 'surprise']",['sadness'],['surprise'],"['sadness', 'surprise']"
yoruba_text_1578_emotion_1,"PDP Crisis: Ologbondiyan ní ìjà inú ẹgbẹ́ náà kò sẹ̀yìn ìbò 2023, kìí ṣe nǹkan bàbàrà",[],[],[],[]
yoruba_text_1910_emotion_1,"B﻿alógun ikọ̀ Tunisia, Khazri gbàgbọ́ pé ìdíje World Cup yóò ṣẹnure",['joy'],[],[],[]
yoruba_text_3706_emotion_1,Wọn ti mu Emmanuel to fipa ba obinrin laṣepọ lẹyin to ja a lole tan n’Ibadan,"['disgust', 'surprise']",['joy'],['joy'],['joy']
yoruba_text_1896_emotion_1,"Lizzy Anjorin: Ẹ má bú mi, ọ̀pọ̀ òṣèré tíátà ni kìí bá mi yọ̀ fún ire mi","['anger', 'sadness']",['fear'],['sadness'],['sadness']
yoruba_text_3097_emotion_1,"Eyi le o! Obinrin yii ji ara ẹ gbe, o loun fẹẹ fi gbowo lọwọ ẹgbọn oun ni",['surprise'],"['disgust', 'surprise']",['surprise'],['surprise']
yoruba_text_4705_emotion_1,Eto ikaniyan yoo mu igba ọtun wọ ilẹ Naijiria – Hundeyin ,[],[],['joy'],[]
yoruba_text_2748_emotion_1,"Nitori wahala pipaarọ owo atijọ si tuntun, awọn ọdọ binu dana sun banki kan","['anger', 'surprise']","['anger', 'disgust']",['anger'],['anger']
yoruba_text_743_emotion_1,Komla Dumor: Solomon Serwanjja jáwé olúborí nínú Àmì ẹ̀yẹ BBC,['joy'],['joy'],['joy'],['joy']
yoruba_text_2003_emotion_1,"Àwọn ọlọ́pàá Hisbah yawọ ibi ìgbéyàwó akọsákọ, wọ́n mú eèyàn 19 sátìmọ́lé ní Kano",['surprise'],['disgust'],[],[]
yoruba_text_3632_emotion_1,"Imaamu jade lọ ko wọle mọ, oku ẹ ni wọn ri lọjọ keji n’ijẹbu-Ode",['surprise'],['sadness'],['sadness'],['sadness']
yoruba_text_611_emotion_1,Yoruba movie: Kìí ṣe Iya Esabod tó fẹ máa fi wa pawo lóríi YouTube rẹ ló má máa da ẹgbẹ TAMPAN rú,['anger'],['disgust'],['sadness'],[]
yoruba_text_345_emotion_1,Ó ń rúgbó bọ̀! Ẹ wo ohun tí ẹgbẹ́ ASUU dá lárà níbi ìwọ̀dé Fásitì Ibadan àti ohun tí wọ́n sọ fún ìjọba,['surprise'],['fear'],['surprise'],['surprise']
yoruba_text_4333_emotion_1,Awọn aṣofin Ogun dabaa pe ki ayajọ ọjọ Iṣẹṣe maa jẹ ọjọ isinmi lẹnu iṣẹ,[],[],[],[]
yoruba_text_1068_emotion_1,"IPOB: Abia ń gbóná jain lọ́wọ́, Kumiyi kò gbọdọ̀ wá ṣe ìpàdé gbàgede tó fẹ́ ṣe!",['fear'],['fear'],['fear'],['fear']
yoruba_text_4863_emotion_1,Ṣẹyin naa ti gbọ ohun ti ọba ilu Fiditi ti wọn rọ loye ṣe?,[],[],['surprise'],[]
yoruba_text_4892_emotion_1,Ọlọrun ṣe ojuṣaaju fun Ọba Balogun- Sẹnetọ Rashidi Ladọja,['sadness'],[],['surprise'],[]
yoruba_text_1726_emotion_1,Timothy Adegoke: Rahmon Adedoyin ti sọ̀rọ̀ lórí àbájáde ìwádìí òkú ‘autopsy’ Timothy Adegoke tó kú sílé ìtura rẹ̀ nílé Ifẹ̀,[],['sadness'],[],[]
yoruba_text_2104_emotion_1,"Ẹ̀yin gómìnà, ẹ fún wa láàyè láti kojú àwọn agbébọn lòpópónà Èkó sí Ìbàdàn",['anger'],[],['anger'],['anger']
yoruba_text_1405_emotion_1,Davido: Davido ní Wema Bank ń pe òun fún ìpàdé nítorí ẹ̀dáwó N1milion tó pè sí àṣùwọ̀n wọn,[],[],[],[]
yoruba_text_3127_emotion_1,"Ọmọ ọdun mọkandinlogun yii ba iyawo oniyawo lo pọ, lọkọ ba gun un pa","['sadness', 'surprise']",['sadness'],['sadness'],['sadness']
yoruba_text_4210_emotion_1,Eyi lohun tẹ ẹ gbọdọ ṣe ko too di pe a gba yin laaye lati ṣewọde-Egbẹtokun,[],[],[],[]
yoruba_text_1338_emotion_1,Air polution: WHO ní mílíọ́nù méje èèyàn ni ìdọ̀tì inú afẹ́fẹ́ ń pa lọ́dọodún,['surprise'],[],"['fear', 'sadness']",[]
yoruba_text_4357_emotion_1,Ko sohun to kan ọga ọlọpaa patapata lori agbekalẹ ikọ Amọtẹkun -Oyelẹyẹ,[],[],['anger'],[]
yoruba_text_4743_emotion_1,Ori ko akẹkọọ ile-ẹkọ awọn eleto ilera yọ lọwọ awọn ajinigbe l’Ọṣun,"['joy', 'surprise']",['joy'],['joy'],['joy']
yoruba_text_4499_emotion_1,"‘June 12’ : Ẹ rin sibi to ba wu yin, a ti pese aabo -Ileeṣẹ ọlọpaa Kwara ",[],['joy'],['joy'],['joy']
yoruba_text_1007_emotion_1,T.B. Joshua: S.K. Abiara sọ̀rọ̀ nípa ìgbésí-ayé T.B. Joshua níbi ìsìn ìdúpẹ́,[],[],['joy'],[]
yoruba_text_739_emotion_1,"Ẹ̀yin òṣìṣẹ́, ẹ gba owó oṣù kẹtàlá, ẹ má dá àwọn alátakò lóhùn– Makinde",[],[],[],[]
yoruba_text_424_emotion_1,"Cameroon Atrocity, BBC Africa Eye: Ẹwọ́n ọdún méjìlá ni wọ́n fún àwọn sója mẹ́rin tó pa ìyá àti ọmọ méjì ní Cameroon",['surprise'],['sadness'],"['sadness', 'surprise']","['surprise', 'sadness']"
yoruba_text_4973_emotion_1,"Osun 2022: Ẹru ko ba mi rara, ọwọ Ọlọrun atawọn araalu ni saa keji mi wa – Oyetọla",[],[],[],[]
yoruba_text_4523_emotion_1,"Alarafa tuntun, Mercy Aigbe ti lọ si Mecca o",['surprise'],[],['joy'],[]
yoruba_text_2517_emotion_1,"Lẹyin idajọ ile-ẹjọ to ga ju lọ: Ijo, ilu at’orin lawọn oṣiṣẹ fi ki Adeleke kaabọ s’ọfiisi l’Ọṣun ",['joy'],[],['joy'],['joy']
yoruba_text_574_emotion_1,"""Kemi Afolabi Adesipe: Oṣù kan ni mo fi gba """"Oxygen"""" àmọ́ síbẹ̀ Olúwa dára!""","['joy', 'sadness']",['joy'],['joy'],['joy']
yoruba_text_1378_emotion_1,"""Bola Are Gospel Artiste: Ọlọ́run ni kí ń kìlọ̀ fún ẹni tó kọ orin """"kò wo bí mo ṣe ń hùwà""""""",['surprise'],[],['fear'],[]
yoruba_text_4193_emotion_1,Tinubu gba awọn ọdọ nimọran: Ẹ yee ba dukia jẹ lasiko tẹ ẹ ba n fehonu han,[],[],[],[]
yoruba_text_4376_emotion_1,Awọn aṣofin Ondo ti da awọn ẹgbẹ wọn mẹrin ti wọn yọ nipo pada,['joy'],[],['joy'],['joy']
yoruba_text_283_emotion_1,"EndSARS Protest: Àwọn olùwọ́de ní ''májèlè ni oúnjẹ tí MC Oluomo gbé wá fún wa, a ò jẹ''","['anger', 'fear']",['fear'],['disgust'],['fear']
yoruba_text_937_emotion_1,Itunu Babalola's autopsy rejected: Bàbá Itunu kọ èsì àyẹ̀wò òkú ọmọ rẹ̀ tí Cote d'Ivoire fi ráńṣẹ́,"['anger', 'sadness']",['anger'],['anger'],['anger']
yoruba_text_1000_emotion_1,EndSARS: Lai Mohammed ní ìjọba kò ní gba èsì ìgbìms náà wọlé nítorí ó tako ẹ̀rí tó wà nílẹ̀,[],[],['anger'],[]
yoruba_text_191_emotion_1,Ilé ẹjọ́ tó ga jùlọ ní America wọ́gilé oyún ṣíṣẹ́ fún àwọn obìnrin,['surprise'],['joy'],"['joy', 'sadness']",['joy']
yoruba_text_4396_emotion_1,Ẹgbẹ oṣelu APC bura fawọn oloye tuntun ni Kwara ,[],[],['joy'],[]
yoruba_text_4218_emotion_1,Gani Adams ṣefilọlẹ ẹṣọ alaabo Oodua ni Kwara ,[],[],['joy'],[]
yoruba_text_4335_emotion_1,Ọṣinbajo atiyawo ẹ dibo n’Ikẹnnẹ,[],[],[],[]
yoruba_text_4758_emotion_1,Peter Obi wọle ni ibudo idibo akọkọ ni Aso Rock,[],[],['joy'],[]
yoruba_text_1643_emotion_1,Kí ló fàá tí àwọn olóṣèlú kò fi ń lo àwòrán Buhari lórí ìwé ìpolongo ìbò wọn?,[],[],['surprise'],[]
yoruba_text_4517_emotion_1,Ile-ẹjọ paṣẹ fun ajọ eleto idibo lati bẹrẹ iforukọsilẹ pada,[],['anger'],[],[]
yoruba_text_3729_emotion_1,"Iyawo mi lọọ fi iwe ile ti mo kọ yawo lai sọ fun mi, mi o fẹ ẹ mọ-Bọboye",['anger'],['disgust'],['anger'],['anger']
yoruba_text_1120_emotion_1,Obìnrin tó ń pín fídíò ìbálòpọ̀ lórí ayélujára ní Saudi Arabia wọ gàù,"['disgust', 'surprise']",[],['surprise'],['surprise']
yoruba_text_1857_emotion_1,Ikọ̀ agbésùnmọ̀mí tó ṣèkọlù sí ọgbà ẹ̀wọn Kuje ní ohun ìjà jù wálọ - Ìjọba Naijiria,['sadness'],['sadness'],['fear'],['sadness']
yoruba_text_3419_emotion_1,"Baaluu agberapaa ja bọ sori ile kan n’Ikẹja, eeyan meji lo ku",['sadness'],['sadness'],['sadness'],['sadness']
yoruba_text_1370_emotion_1,Lekki Toll Gate: Wọ́n ti fi iṣẹ́ ikú ránṣẹ́ sí Mr macaroni torí ó tako ṣíṣí ẹnu bodè Lekki padà,['anger'],['fear'],['fear'],['fear']
yoruba_text_4315_emotion_1,A o ni i lo Amọtẹkun lasiko idibo ijọba ibilẹ- Ajọ eleto idibo ipinlẹ Ọyọ,[],[],[],[]
yoruba_text_3056_emotion_1,A maa gbẹsan iku awọn Fulani darandaran ti wọn pa nilẹ Ibo- Ẹgbẹ Miyetti Allah,['anger'],['anger'],['anger'],['anger']
yoruba_text_3076_emotion_1," Loootọ nijọba jẹbi, ẹyin ọdọ, a tọrọ aforiji-Ọsinbajo",['sadness'],['sadness'],[],['sadness']
yoruba_text_4974_emotion_1,"Kọmiṣanna Ambode fi ẹgbẹ APC silẹ, o loun naa fẹẹ di gomina  Eko",['surprise'],[],['surprise'],['surprise']
yoruba_text_1270_emotion_1,Baba Ijesha: Ilẹẹjọ́ fagilé ẹ̀bẹ̀ Baba Ijesha tó ní pẹ̀lú ipá ni òun fi kọ ọ̀rọ̀ sílẹ̀ ní àgọ́ ọlọ́pàá,[],[],['sadness'],[]
yoruba_text_3509_emotion_1,"Bi nnkan ba n lọ bo ṣe n lọ yii, ọjọ kan la maa ji torileede yii maa dawati– Fani-Kayọde",['sadness'],['fear'],['fear'],['fear']
yoruba_text_1354_emotion_1,Ogun Flood: Wákàtí méjìdínlógún ni òjò fi rọ̀ èyí tó mú ẹ̀kún omi lọ́wọ́,['surprise'],[],['sadness'],[]
yoruba_text_2970_emotion_1,"Reluwee fori sọ bọọsi BRT l’Ekoo, eeyan meji ku, ọpọ fara pa yannayanna",['sadness'],['sadness'],['sadness'],['sadness']
yoruba_text_2797_emotion_1,"O ma waa ga o, agbebọn mura bii ẹlẹhaa, lo ba pa ọga ọlọpaa meji danu","['sadness', 'surprise']","['sadness', 'surprise']",['surprise'],"['sadness', 'surprise']"
yoruba_text_600_emotion_1,Ketu Market Violence: Rògbòdìyàn bẹ́ sílẹ̀ nigba táwọn òǹtàjà kọjú ìjà sí àjọ Task Force,"['sadness', 'surprise']",['sadness'],['anger'],['sadness']
yoruba_text_2133_emotion_1,"₦2m ní Seyi Makinde ń fún Olopoeyan lọ́sẹ̀, wọ̀bìà ló mú kó kúrò nínú PDP - Auxillary",['anger'],['disgust'],[],[]
yoruba_text_153_emotion_1,Okùnrin ẹni ọdú 45 kó sí gbaga ọlọ́pàá lẹ́yìn tó jí ọmọ gbé nínú ṣọ́ọ̀ṣì,"['disgust', 'surprise']",['anger'],['sadness'],[]
yoruba_text_960_emotion_1,"Kano couple: Bí ìyàwó mi ẹni ọdún 84 bá bí ìbejì, Hussaina ati Hassana la ó sọ wọ́n",['surprise'],[],['joy'],[]
yoruba_text_1729_emotion_1,Nollywood: Àwọn òṣèré Yorùbá kan rèé tí kò sí lójú ìwòran mọ́ ṣùgbọ́n tí wọ́n ṣì wà láyé,[],[],[],[]
yoruba_text_3010_emotion_1,Josiah to ju ọga rẹ si kanga lẹyin to pa a tan l’Akurẹ ti dero kootu,['disgust'],[],[],[]
yoruba_text_1454_emotion_1,Suzzanne Wenger: Obìnrin òyìnbó tó mọ ojú òrìṣà Osun ju ọmọ Yorùbá lọ,[],['surprise'],[],[]
yoruba_text_612_emotion_1,Ọlọ́pàá ṣàlàyé lórí ìbẹ̀rù pé agbébọn fẹ́ ṣe ìkọlù sí àdúgbò kan l'Eko,['fear'],['fear'],['fear'],['fear']
yoruba_text_3256_emotion_1,"Wasiu ko ẹgbẹrun mẹwaa Naira fun agbanipa, o ni ko fi payawo oun toyun-toyun l’Ogijo","['disgust', 'sadness']","['anger', 'sadness']",['surprise'],['sadness']
yoruba_text_1832_emotion_1,"Premier league: Ìjà orogún London, Arsenal ati Tottenham ranjú mọ ara wọn, ṣùgbọn iná ojú wọn kò ran tábà",[],['anger'],[],[]
yoruba_text_3465_emotion_1,"Nitori ẹsun jibiti ori ẹrọ ayelujara, ọmọ ‘Yahoo’ mọkandinlọgbọn ko sọwọ EFCC l’Ọffa","['sadness', 'surprise']",['anger'],[],[]
yoruba_text_3854_emotion_1,"Nitori ọrọ ti ko nnkan, Azeez yọ eyin meji lẹnu ọrẹ rẹ",['surprise'],"['anger', 'sadness']",['sadness'],['sadness']
yoruba_text_2087_emotion_1,Baba Ijesha: Àkójọpọ̀ ìwádìí wa rèé nípa gbígbá béèlì Olanrewaju Omiyinka,[],[],[],[]
yoruba_text_1014_emotion_1,"Olùkọ́ Kano sọ abiyamọ sí ìbànújẹ́, Ó lu akẹ́kọ̀ọ́ ọmọ ọdún mẹ́sàn án pa","['sadness', 'surprise']",['sadness'],['sadness'],['sadness']
yoruba_text_4763_emotion_1,Akeredolu ṣe ifilọlẹ ikọ Amọtẹkun l’Ondo,['joy'],[],[],[]
yoruba_text_3190_emotion_1,Wọn yinbọn pa ẹni kan nibi ti wọn ti n ka ibo n’Idanre,['sadness'],['sadness'],['sadness'],['sadness']
yoruba_text_651_emotion_1,Ondo Murder: Awọn ọlọ́pàá kò tíì mọ ibi tí wọn sin òkú ọmọ náà sí,['surprise'],['sadness'],"['sadness', 'surprise']","['surprise', 'sadness']"
yoruba_text_4821_emotion_1," Lẹyin ọdun mọkanla ti ọba wọn ti waja, wọn yan Onirun t’Irun Akoko tuntun",['surprise'],['joy'],['joy'],['joy']
yoruba_text_2709_emotion_1,Wọn ni bireeki to kọṣẹ lo jẹ ki ọkọ ijọba fẹmi alaboyun atawọn mẹta mi-in ṣofo ni Ketu,"['sadness', 'surprise']","['disgust', 'sadness']",['sadness'],['sadness']
yoruba_text_1029_emotion_1,Diego Maradona lọ̀! Ẹ jẹ́ ká gbafẹ́ pẹ̀lú àwọn àwòdamiẹnu àwòrán nípa ìgbé ayé rẹ,['sadness'],[],['joy'],[]
yoruba_text_3160_emotion_1,Wọn ti ji ọba alade kan at’iyawo ẹ gbe o,['surprise'],['sadness'],"['sadness', 'surprise']","['surprise', 'sadness']"
yoruba_text_4737_emotion_1,"Sanwo-Olu ṣe afikun owo-oṣu awọn oṣiṣẹ LAWMA, o ni ki wọn dibo fun ẹgbẹ APC",['surprise'],[],['joy'],[]
yoruba_text_3121_emotion_1,Ajọ SERAP kilọ fun Buhari: Tete yaa sọ fun ijọba Niger Republic ki wọn da owo to o fun wọn pada,['anger'],['anger'],['anger'],['anger']
yoruba_text_3984_emotion_1,Ileegbimọ aṣofin Ogun fẹ ki ofin ma-fẹran-jẹko ni gbangba bẹrẹ kia,[],[],[],[]
yoruba_text_4652_emotion_1,Ẹbun Adelesi di Kọmisanna ọlọpaa  tuntun ni Kwara ,[],[],['joy'],[]
yoruba_text_2842_emotion_1,Wọn ju ayalegbe to kina bọ ile lanlọọdu rẹ sẹwọn l’Ọyọọ,['surprise'],[],[],[]
yoruba_text_2883_emotion_1,"Akẹkọọ poli gbe majele jẹ, nitori tọrẹkunrin ẹ loun ko ṣe mọ","['sadness', 'surprise']",['sadness'],"['sadness', 'surprise']","['sadness', 'surprise']"
yoruba_text_4261_emotion_1,O digba ta a ba ṣe ohun to yẹ ka ṣe ki iṣoro aabo yii too dopin – Babangida,[],[],['sadness'],[]
yoruba_text_4725_emotion_1,Esi idibo Eko: Eyi ni iṣẹ ti Tinubu ran si awọn ololufẹ rẹ   ,[],[],[],[]
yoruba_text_3776_emotion_1,"Irọ lawọn ọlọpaa n pa, a ko ba wọn já ti ọga wọn fi yinbọn mọ wa l’Orílé-Igbọ́n – Ọga Amọtẹkun",['anger'],['anger'],"['anger', 'sadness']",['anger']
yoruba_text_4668_emotion_1,Eyi ni bi wọn ṣe ṣayẹyẹ ọjọ ede ati aṣa Yoruba nipinlẹ Ondo,[],['joy'],[],[]
yoruba_text_1363_emotion_1,"Unknown gunmen attack: Àwọn agbébọn kọlu àgọ́ ọlọ́pàá ní Anambra, wọ́n tún pa ẹ̀ṣọ́ aláàbò kan ní Enugu","['fear', 'sadness']",['sadness'],['sadness'],['sadness']
yoruba_text_2420_emotion_1,"PDP crisis: Yánpọnyánrin PDP ń fẹjú síi, Uche Secondus ní òun kò bẹ̀rù àṣẹ ilé ẹjọ́, kí ẹgbẹ́ má bàjẹ́ ni tòun",[],[],['sadness'],[]
yoruba_text_3619_emotion_1,"Ọlọpaa kan ọlọkada lẹsẹ, lawọn araalu ba lu u lalubami l’Oṣogbo",['sadness'],['anger'],['sadness'],['sadness']
yoruba_text_2237_emotion_1,"Àgbà òṣèré míì ń ṣàìsàn, ó nílò àdúrà yín - Foluke Daramola",['sadness'],['sadness'],['sadness'],['sadness']
yoruba_text_4857_emotion_1,"Sanwoolu p’ohun da lori ọjọ mẹrinla to fun awọn Hausa to wa ni Alaba-Rago, o ni ki wọn maa ba iṣẹ wọn lọ",['surprise'],[],['joy'],[]
yoruba_text_4613_emotion_1,"Lori eto idibo 2023, ajọ eleto idibo ṣe idanilẹkọọ fawọn oniroyin l’Ondo",[],[],[],[]
yoruba_text_4106_emotion_1,Ifẹhonu han la maa fi ayẹyẹ ‘June 12’ tọdun yii ṣe- Ẹgbẹ Akẹkọọ,[],['anger'],['anger'],['anger']
yoruba_text_1382_emotion_1,Ansoogun jagunjagun Iresa Adu Ogbomoso tó máa ń bínú gba ẹbọ- Oloye James Olawale,[],['anger'],[],[]
yoruba_text_4355_emotion_1,Yoruba Wikipedia bẹrẹ ajọṣepọ pẹlu Yoruba World Centre ,['joy'],[],[],[]
yoruba_text_1798_emotion_1,World Stroke Day: Ọ̀nà méje rèé láti borí àìsàn rọpá-rọṣẹ̀ tó ń pa àwọn ènìyàn ní àgbáyé!,[],[],['joy'],[]
yoruba_text_1523_emotion_1,Kí ló ń fa èdè aìyedè nílé ìgbìmọ̀ aṣòfin ìpínlẹ̀ Osun lórí àkọ́sọ̀ ọ̀rọ̀ tí Gómìnà Adeleke sọ?,[],[],['surprise'],[]
yoruba_text_1377_emotion_1,Ìwọ́de Iran ń gba ọ̀nà míì yọ báwọn akẹ́kọ̀ọ́ fásítí wọ́de lórí akẹẹgbẹ́ wọn tó wà ní àhámọ́,['anger'],['anger'],"['anger', 'surprise']",['anger']
yoruba_text_3742_emotion_1,Eeyan meje padanu ẹmi wọn nibi ti wọn ti n gba irẹsi tawọn kọsitọọmu n pin,['sadness'],['sadness'],['sadness'],['sadness']
yoruba_text_3143_emotion_1,"Nitori ẹsun jibiti ori ẹrọ ayelujara, adajọ ni kawọn ọdaran meji gbalẹ ọgba Fasiti Ilọrin foṣu mẹta",['surprise'],[],[],[]
yoruba_text_951_emotion_1,Buruji Kashamu: Gómínà Dapo Abiodun tí lọ ṣàbẹ̀wò ìbánikẹ́dùn sí àwọn ẹbí Kashamu,['sadness'],['sadness'],['sadness'],['sadness']
yoruba_text_2418_emotion_1,"2020 in Retrospect: Ajibade Babalade, Michael Ojo, Razak Oyadeyi wà lára àwọn tó kú lọdún yìí",['sadness'],['sadness'],['sadness'],['sadness']
yoruba_text_440_emotion_1,Transgender: Ilé ìwòsàn wọ gàù torí kò sọ ewu tó wà nídìí ìyípadà ìṣẹ̀dá kan sí òmíràn,['surprise'],['fear'],['sadness'],[]
yoruba_text_2652_emotion_1,"Ife-ẹyẹ agbaye:Morocco gbo ewuro soju Spain, wọn wọ kọta faina",['surprise'],[],['joy'],[]
yoruba_text_3983_emotion_1,Dandan ni abẹrẹ ajẹsara Korona fun gbogbo oṣiṣẹ ipinlẹ Ondo-Akeredolu,[],[],[],[]
yoruba_text_465_emotion_1,Senato Francis Fadahunsi sọ ohun tó ń ṣẹlẹ̀ lórí kíkó ẹ̀rù wọlé láti ẹnubodè Nàìjíríà báyìí,[],[],['sadness'],[]
yoruba_text_1517_emotion_1,Priapism: Àìsàn ǹkan ọmọkùnrin tó ń lè gìdìgbà láì rọlẹ̀ níí ṣe pẹ̀lú ẹ̀jẹ̀,['surprise'],[],[],[]
yoruba_text_1141_emotion_1,India: Ẹ wo ọmọ tuntun jòjòló tí wọ́n gbé sin láàyè nínú ìkòkò,"['sadness', 'surprise']","['disgust', 'sadness']",['sadness'],['sadness']
yoruba_text_4779_emotion_1,"‘Jibiti ni ofin ọdun 1999, afi ki wọn fagi le e’",['anger'],['disgust'],[],[]
yoruba_text_884_emotion_1,Yoruba Nation rally: ''Ìwọ́de Yorùbá Nation kò ní wáyé mọ́ nílùú Igboho torí a kò fẹ́ wàhálà'',[],[],['fear'],[]
yoruba_text_3222_emotion_1,"Sunday yii ma laya o, wolii obinrin lo lọọ fipa ba sun mọ’nu ṣọọṣi rẹ","['disgust', 'surprise']",['sadness'],['surprise'],['surprise']
yoruba_text_1236_emotion_1,Nigerian Traffic Laws: Ohùn tó yẹ ní mímọ nípa òfin ojú pópó,[],[],[],[]
yoruba_text_4789_emotion_1,Eyi niye tileeṣẹ NNPC yoo maa ta epo kaakiri Naijiria bayii o,[],[],[],[]
yoruba_text_1559_emotion_1,"Gani Adams: Bí Buhari bá ń yáwó lemọ́lemọ́, òpin yóò dé bá Naijria láìpẹ́",['sadness'],['fear'],['disgust'],[]
yoruba_text_1422_emotion_1,PDP Oyo àti Seyi Makinde fìjà pẹ́ẹ́ta torí àtakò tó ń ṣe fún Atiku,['anger'],['anger'],['anger'],['anger']
yoruba_text_4916_emotion_1,"Ile-ẹjọ ti da Rọpo, iyawo Sunday Igboho, silẹ o",['joy'],['joy'],['joy'],['joy']
yoruba_text_678_emotion_1,Oduduwa Nation: Kunle Olajide ní kìí ṣe gbogbo ọmọ Yorùbá ló fara mọ ìyapa Nàíjíríà,[],[],['sadness'],[]
yoruba_text_557_emotion_1,Àwọn obìnrin tó fẹ́ bá mi ya fọ́tò máa ń fẹ́ kí n da ara lé àwọn,['disgust'],['disgust'],['surprise'],['disgust']
yoruba_text_509_emotion_1,Military plane crash: Ọkọ̀ òfurufú tó kó ọmọogun méjìléláàdọ́rùn ún tó fẹ lọ́ kojú àwọn alakatakiti ẹsín já lulẹ̀,['surprise'],['sadness'],['sadness'],['sadness']
yoruba_text_180_emotion_1,"Femi Adesina: Afenifere àti Ohaneze Ndigbo fún Adesina lésì bó ṣe fi Buhari wé Awolowo, Azikwe",['anger'],['anger'],['anger'],['anger']
yoruba_text_4167_emotion_1,Ina jo ileeṣẹ SUBEB l’Akurẹ,['sadness'],['disgust'],['sadness'],['sadness']
yoruba_text_270_emotion_1,Allen Onyema: Iro ni ile Amerika pa mo mi lori esun jibiti,"['anger', 'sadness']","['fear', 'sadness']",['sadness'],['sadness']
yoruba_text_4965_emotion_1,A ko gbọdọ da iṣẹ idagbasoke ilu da ijọba nikan – Salakọ,[],[],[],[]
yoruba_text_1743_emotion_1,Ogun Monarch Killing: ọlọ́pàá tú kẹ́kẹ́ ọ̀rọ̀ lórí iye èèyàn tí jàndùkú dáná sun pẹlú Kábíyèsí Agodo,['surprise'],['sadness'],['sadness'],['sadness']
yoruba_text_4217_emotion_1,Igbẹjọ Oyetọla/Adeleke: Kootu gba ẹrọ idibo ati iwe-ẹri awọn ileewe ti Adeleke lọ gẹgẹ bii ẹri,[],[],[],[]
yoruba_text_4952_emotion_1,Ohun akọkọ ni lati ṣatunṣe siwee ofin ilẹ wa ti mo ba di aarẹ Naijiria-Atiku,[],[],[],[]
yoruba_text_3950_emotion_1,"Igbẹjọ ti bẹrẹ nile-ẹjọ to ga ju lọ lori ọrọ Tinubu, Atiku ati Peter Obi",[],[],[],[]
yoruba_text_3287_emotion_1,"Tori MC Oluọmọ ati Portable, awọn eeyan fẹsun ṣiṣe ojuṣaaju kan ileeṣẹ ọlọpaa",['sadness'],[],[],[]
yoruba_text_1360_emotion_1,Ilé ẹjọ́ rán igbákejì Ààrẹ Argentina lẹ́wọ̀n ọdún mẹ́fà lórí ẹ̀sùn àjẹbánu,['surprise'],[],['sadness'],[]
yoruba_text_4374_emotion_1,Awọn agbebọn ti tu Biṣọọbu Aderọgba atiyawo rẹ silẹ lahaamọ,['joy'],['joy'],['joy'],['joy']
yoruba_text_3270_emotion_1,"Awọn agbebọn tun gboro ni Jos, wọn paayan mẹwaa, wọn dana sun’le rẹpẹtẹ",['sadness'],['sadness'],['sadness'],['sadness']
yoruba_text_4130_emotion_1,"Atiku gba ijọba nimọran: Lati dena itankalẹ Korona, ẹ fofin de awọn ọkọ ofurufu lati ilẹ Gẹẹsi",[],['fear'],[],[]
yoruba_text_4550_emotion_1,O yẹ ki Tinubu fun awa naa nipo ninu ijọba rẹ- Miyetti Allah,[],[],['sadness'],[]
yoruba_text_459_emotion_1,"Afurasí ọkùnrin tó pa obìnrin ẹni ọdún 71, tó tún ta ọrùn ọwọ́ àti ẹsẹ̀ rẹ ní ìpínlẹ̀ Ogun bọ́ sọ́wọ́ Ọlọ́pàá","['disgust', 'sadness', 'surprise']","['anger', 'disgust']",['joy'],['disgust']
yoruba_text_4815_emotion_1,Ẹkọ ede Yoruba ti di dandan fun gbogbo akẹkọọ bayii- Fasiti ipinlẹ Eko,['surprise'],[],['joy'],[]
yoruba_text_4775_emotion_1,Ile ori oke kan tun da wo lu awọn to n ṣiṣẹ lọwọ ni Badagry,['sadness'],['sadness'],['sadness'],['sadness']
yoruba_text_1786_emotion_1,Kalashnikov AK-47: Ohun mẹ́fà tó yẹ kí o mọ̀ nípa ìbọn AK-47 rèé,[],[],[],[]
yoruba_text_3389_emotion_1,"Eyi ni bi awọn agbebọn ṣe yinbọn pa ọlọpaa ati arinrin-ajo meji, ti wọn si ji awọn mi-in gbe",['sadness'],['sadness'],[],['sadness']
yoruba_text_1440_emotion_1,Oluwo: Àwọn Alfa ń ‘copy’ mi ni wọ́n ṣe yan Waziri míràn,[],[],[],[]
yoruba_text_1026_emotion_1,Bobrisky: Mompha àti Bobrisky ti sọ̀rọ̀ sókè lórí àhesọ ọ̀rọ̀ pé wọ́n ń fẹ́ ara wọn,[],['disgust'],[],[]
yoruba_text_2231_emotion_1,Àwọn ọmọ Nàìjíríà kò gbọdọ̀ gba PDP láyè láti ṣàkóso ọrọ̀ orílẹ̀ èdè yìí mọ́ - Tinubu,[],[],[],[]
yoruba_text_1223_emotion_1,Amotekun: Aro tó wá láti ilú Ọyọ ló máa ń fi ẹranko náà dojú ìjà kọ àwọn ọ̀tá,[],[],[],[]
yoruba_text_2223_emotion_1,"Minimum Wage: Ìjọba ìpínlẹ̀ Kogi buwọ́lu ₦30,000 owó oṣù òṣìṣẹ́ tó kéré jùlọ",['joy'],[],[],[]
yoruba_text_504_emotion_1,Canada Asylum: Ọ̀pọ̀ ọ̀dọ́ Nàíjíríà ń bèèrè láti ṣàtìpó ní Canada,"['sadness', 'surprise']",[],['sadness'],['sadness']
yoruba_text_1963_emotion_1,Shasha crisis aftermath: Alága àwọn òntàjà lóun pàdánù N20m níbi ìjà tó ṣẹlẹ̀,['sadness'],['sadness'],['sadness'],['sadness']
yoruba_text_4346_emotion_1,Tiriliọnu kan ati diẹ ni ipinlẹ Eko yoo na lọdun to n bọ fun iṣẹ ilu,[],[],[],[]
yoruba_text_3705_emotion_1,Adajọ ju ọga onimọto to fipa ba ọmọ ọdun mẹrindinlogun lo pọ sẹwọn gbere,['disgust'],"['disgust', 'sadness']",[],['disgust']
yoruba_text_4239_emotion_1,Ijọba ipinlẹ Kwara fẹẹ gba ẹgbẹrun kan abọ olukọ siṣẹ,"['joy', 'surprise']",[],['joy'],['joy']
yoruba_text_3310_emotion_1,"O ma ṣe o, ijamba ọkọ akẹru paayan mẹrin l’Ọyọọ",['sadness'],['sadness'],['sadness'],['sadness']
yoruba_text_3929_emotion_1,"Agboọla sọrẹnda, o loun yoo da ọkọ ijọba to wa lọwọ oun pada",[],[],[],[]
yoruba_text_4408_emotion_1,"Lẹyin ti Wike kede ẹbun ogun miliọnu Naira, ọwọ tẹ ogbologboo ajinigbe ti wọn n wa l’Abuja",['surprise'],"['anger', 'joy']","['joy', 'surprise']","['surprise', 'joy']"
yoruba_text_1403_emotion_1,"Nigerian Labour Congress: Ewú ńbẹ! tí ìjọba ìpínlẹ̀ bá sàkóso gbèndéke owó oṣù òṣìṣẹ́,wọ́n ò ní san N30,000, N10,000 ní wọ́n má á san",['sadness'],['fear'],['fear'],['fear']
yoruba_text_3414_emotion_1,"Eeyan mẹfa ku, ọwọ tẹ mọkadinlogun, nibi ija awọn ọmọ ẹgbẹ okunkun ni Dalemọ ati Alakukọ",['sadness'],"['fear', 'sadness']",['sadness'],['sadness']
yoruba_text_3454_emotion_1,"Oṣere tiata tawọn ọlọpaa yinbọn lu, eyi nipo to wa lọsibitu ti wọn gbe e lọ",[],[],['sadness'],[]
yoruba_text_2545_emotion_1,Ọwọngogo epo: Ṣọọṣi Ridiimu pin epo bẹntiroolu fawọn ọmọ ijọ wọn lọfeẹ,['surprise'],[],['surprise'],['surprise']
yoruba_text_2509_emotion_1,"Akeredolu ṣatilẹyin fun iwọde SARS, o tun gbe igbimọ oluwadii kalẹ",['joy'],[],['surprise'],[]
yoruba_text_3135_emotion_1,"Ayuba ti dero ẹwọn o, apo eedu ati foonu lo ji gbe",['surprise'],['disgust'],[],[]
yoruba_text_259_emotion_1,"À﻿rá sán lù ojú òpó ìgbéra ní pápákọ̀ òfúrúfú, kò sí bàálù tó lé gbéra","['fear', 'sadness']",['sadness'],['fear'],"['fear', 'sadness']"
yoruba_text_522_emotion_1,Ondo killing: Ta ló pa ẹbí olùrànlọ́wọ́ Gómìnà Rotinmi Akeredolu sórí oko rẹ̀ l'Ondo?,['surprise'],['sadness'],['sadness'],['sadness']
yoruba_text_1576_emotion_1,Akẹ́kọ̀ọ́ girama mẹ́ta fípá bá akẹ́kọ̀ọ́ ọmọ ọdún 14 lòpọ̀ ní Akure,"['disgust', 'sadness', 'surprise']","['disgust', 'sadness']",['sadness'],"['disgust', 'sadness']"
yoruba_text_44_emotion_1,Amotekun security network: Gani Adams rọ gómìnà Yahaya Bello láti dá Amotekun sílẹ̀ ní Kogi,[],[],[],[]
yoruba_text_1154_emotion_1,China plane crash: Ọkọ̀ bàálù tó gbé èèyàn 133 já lórí àpáta Guangxi,['sadness'],['sadness'],['sadness'],['sadness']
yoruba_text_3959_emotion_1,Ijọba ti mu awọn ti wọn lọọ ṣakọlu sile Adajọ-binrin Odili l’Abuja,[],[],['joy'],[]
yoruba_text_1887_emotion_1,Èèyàn mẹsan an pàdánù ẹ̀mi wọn nínú ìwọ́de tako Hijab ní Iran,"['sadness', 'surprise']",['sadness'],['sadness'],['sadness']
yoruba_text_962_emotion_1,"Kí ló dé táwọn pásítọ̀ gbé àsọtẹ́lẹ̀ jáde tàbí ń bèèrè òkú Ifeanyi, ọmọ Davido?",[],['fear'],['surprise'],[]
yoruba_text_4078_emotion_1,Mi o ni i ṣafikun idile to n jẹ Alaafin Ọyọ-Makinde,[],[],[],[]
yoruba_text_690_emotion_1,Boko Haram sponsors: Àsírí èèyàn 96 tó n gbọ́ búkàátà ìgbésùnmọ̀mí ní Naijiria tú sí ìjọba lọ́wọ́,['surprise'],[],['joy'],[]
yoruba_text_395_emotion_1,Pa Olabode Olajide: Dẹ́rẹ́bà Awolowo ti jáde láyé l'ẹni ọdún 89,"['sadness', 'surprise']",['sadness'],['sadness'],['sadness']
yoruba_text_4689_emotion_1,"Minisita fọrọ awọn oṣiṣẹ, Ngige, loun ko dupo aarẹ mọ o",['surprise'],['sadness'],"['sadness', 'surprise']","['surprise', 'sadness']"
yoruba_text_3240_emotion_1,"‘Nitori korona, ẹ yẹra fun ikorajọ ati orin aisun alẹ Keresi lọdun yii o’",[],['fear'],[],[]
yoruba_text_244_emotion_1,Rape survivor: Ìyá mi ni ń kò gbọdọ̀ sọ̀rọ̀ kí ilé má bà á dàrú- Oluwatobi Raji,['sadness'],['fear'],[],[]
yoruba_text_3846_emotion_1,Awọn mẹta yii ja Tọpẹ Alabi lole owo nla,['surprise'],"['disgust', 'sadness']",['surprise'],['surprise']
yoruba_text_4161_emotion_1,"Sunday Igboho sọrọ lati Kutọnu: Ẹ jẹ ka para wa pọ, ka gba ilẹ wa lọwọ awọn eeyan yii ko too pẹ ju",[],[],['sadness'],[]
yoruba_text_4466_emotion_1,"Aago ọwọ kan ṣoṣo ti mo mọ Aarẹ Tinubu lo n ṣi n wọ, ile mi daa ju tiẹ lọ – Shettima",['surprise'],['surprise'],[],['surprise']
yoruba_text_1226_emotion_1,"Tinubu lẹ́bọ lẹ́rù, a kò lè máa fi òun àti Atiku wé ara wọn – Dino Melaye",[],['disgust'],['anger'],[]
yoruba_text_4176_emotion_1,Ọpẹ o! Ajeji ti wọn ji gbe n’Ibadan ti bọ lọwọ awọn ajinigbe,['joy'],['joy'],['joy'],['joy']
yoruba_text_4441_emotion_1,Ijọba Ogun bẹrẹ abẹrẹ ajẹsara to n dena arun digbolugi lara aja,['joy'],[],['joy'],['joy']
yoruba_text_2773_emotion_1,Gbogbo ọmọ meje tiyawo mi bi fun mi lo ku ni mo ṣe tilẹkun mọ ọn mọnu ile f’ọdun meji-Isah,"['sadness', 'surprise']",['disgust'],['anger'],[]
yoruba_text_4516_emotion_1,"Bisi Akande gbalejo Tinubu, Arẹgbẹṣọla ati Gomina Oyetọla, wọn ni ija ni wọn lọọ pari",['surprise'],[],[],[]
yoruba_text_1066_emotion_1,"Teenage Armed Robbers: Àwọn ọ̀dọ́ adigunjalè ní gbogbo nǹkán táwọn bá jí gbé, àwọn ìyá àwọn làwọn ń ko fún","['sadness', 'surprise']",['disgust'],['surprise'],['surprise']
yoruba_text_4344_emotion_1,"Lẹyin ọjọ mẹsan-an lakata awọn ajinigbe, oyinbo Chinese ti wọn ji gbe gbominira ni Kwara ",['joy'],['joy'],['joy'],['joy']
yoruba_text_163_emotion_1,Jurgen Klopp: Akọ́nimọ̀ọ́gbá Liverpool tọwọ́ bọ̀wé àdéhùn tuntun tí yóò múu wà nípò di ọdún 2026,[],[],[],[]
yoruba_text_4851_emotion_1,"Ki Fọlarin ati Adelabu ma wulẹ fowo wọn ṣofo, Makinde ni yoo wọle-Aladelolu",[],[],[],[]
yoruba_text_870_emotion_1,Police searching for bear: Kí ló le fàá tí àwọn ọlọ́pàá fi ń wá ẹranko Bíárì?,[],[],['surprise'],[]
yoruba_text_603_emotion_1,Lagos Yoruba Nation rally: Ìwádìí wa fihàn pé kìí ṣe òkú tútú ni ọmọ tí wọ́n sọ pé a pa ní Ojota - Ọlọ́pàá Eko,['anger'],[],[],[]
yoruba_text_923_emotion_1,Nigeria at 61: Ẹ wo àwọn olóṣèlú méje pàtàkì tó jà fún òmìnira Nàìjíríà,[],[],['joy'],[]
yoruba_text_376_emotion_1,Unilorin Student Beats Lecturer: Iléẹ̀kọ́ fásitì Ilorin tí jáwé máa lọ sílé rẹ fún akẹ́kòó tó dá sẹ̀ríà fún lẹ́kíṣọ́rà rẹ̀,['surprise'],['disgust'],['anger'],[]
yoruba_text_2691_emotion_1,Awọn ṣọja gbe oku awọn ti wọn pa ni Lẹki pamọ ni o,['sadness'],"['disgust', 'sadness']",['surprise'],['sadness']
yoruba_text_2661_emotion_1,"Idunnu ṣubu layọ ni Yunifasiti Eko, nigba ti Ọjọgbọn Ogundipẹ bẹrẹ iṣẹ pada",['joy'],['joy'],['joy'],['joy']
yoruba_text_4186_emotion_1,Tokunbọ Abiru ni APC fa kalẹ lati dije rọpo “Pẹpẹrito” to ku,[],[],['disgust'],[]
yoruba_text_3312_emotion_1,"O ma ṣe o, Gomina Rotimi Akeredolu ti ku o!",['sadness'],['sadness'],['sadness'],['sadness']
yoruba_text_121_emotion_1,"Oyo security: Àwọn agbébọn pa ìyàwò èèkàn olóṣèlú ní Ibadan, ọlọ́pàá ní adigunjalè ní wọ́n","['fear', 'sadness']",['sadness'],['sadness'],['sadness']
yoruba_text_1098_emotion_1,"Banditry in Nigeria: Lai Muhammed ní torí pé agbébọn ń gbowó ilẹ̀ ní Ariwa, kò túmọ̀ pé wọn ti gba àkóso",[],[],['anger'],[]
yoruba_text_4839_emotion_1,Ibo alaga kansu Ọyọ: PDP ti wọle nijọba ibilẹ mejilelọgbọn,['surprise'],[],['joy'],[]
yoruba_text_4279_emotion_1,Ireti wa fun orileede wa lati goke agba ti a ba le gbogun ti awọn nnkan to n fa iyapa laarin wa – Oyetọla,['sadness'],[],[],[]
yoruba_text_3634_emotion_1,"Lẹyin tawọn meje ti lọ, sẹnetọ mejidinlogun tun fẹẹ binu kuro lẹgbẹ oṣelu APC",[],[],['sadness'],[]
yoruba_text_1497_emotion_1,"Ilé ti sú ọmọ mi torí ìdaṣẹ́sílẹ̀ ASUU ló ṣe lọ ṣiṣẹ́ nílé ìtura, tó fi pàdé ikú òjijì - Màmá Rachel Opadele",['sadness'],['sadness'],['sadness'],['sadness']
yoruba_text_1352_emotion_1,UK Covid Vaccine: Abẹ́rẹ́ àjẹsára Covid-19 yóò dé sí Nàìjíríà nínú oṣù kíní ọdún 2021,[],[],['joy'],[]
yoruba_text_493_emotion_1,Bandits Attacks: Àwọn aṣòfin àpapọ̀ fọnmú pé ọwọ́ àwọn ológun kò mọ́ lórí ìkọlù agbébọn,[],['anger'],[],[]
yoruba_text_4843_emotion_1,"Ṣẹgun Oni ti darapọ pọ mọ SDP l’Ekiti, o ni oludije mẹrin ninu ẹgbẹ APC lo maa tẹle oun",[],[],[],[]
yoruba_text_1045_emotion_1,"Ojogbon Banji Akitoye: A ti kọ lẹ́tà sí ìjọba pé à ń ló kúrò ní Nàìjíríà, gbèndéké àsìkò ní à n dúrò dé kí a tó gbé ìgbésẹ̀ tó kàn",[],[],[],[]
yoruba_text_3944_emotion_1,Iwọde ‘Oodua Nation’ yoo waye niluu Eko ni Satide-Sunday Igboho,[],[],[],[]
yoruba_text_3349_emotion_1,"Wọn ti mu eeyan mẹta lori iku Dapọ Ọjọra, ẹgbọn iyawo Bukọla Saraki, ti wọn lo yinbọn para ẹ",['surprise'],[],[],[]
yoruba_text_4565_emotion_1,"O n rugbo bọ o, gomina Oke-Ọya yii lawọn ko ni i ko ounjẹ lọ sawọn ipinlẹ mi-in mọ","['anger', 'fear']",['fear'],['fear'],['fear']
yoruba_text_4848_emotion_1,"Lẹyin ipade ti wọn ba Buhari ṣe, APC ti gba pe ilẹ Hausa ni alaga wọn yoo ti jade ",[],[],[],[]
yoruba_text_2868_emotion_1,"Adajọ ti ni ki Dauda lọọ lo iyooku aye ẹ lọgba ẹwọn, aarun ibalopọ lo ko ran ọmọ kekere to fipa ba sun","['disgust', 'sadness']","['disgust', 'sadness']",['sadness'],"['disgust', 'sadness']"
yoruba_text_1820_emotion_1,Tinubu: Lára ìdí tí mo ṣe fẹ jẹ ààrẹ Nàíjíríà ni láti wá ọjọ́ ọ̀la tó jiire fún ìran tó ń bọ̀,[],[],[],[]
yoruba_text_601_emotion_1,"Sunday Igboho: YCE rọ àwọn ọ̀dọ́ láti ṣọ́ra, ki wọ́n má baà di ẹran àmúso lọ́dọ̀ ìjọba bíí Igboho",['sadness'],['fear'],['sadness'],['sadness']
yoruba_text_3481_emotion_1,"‘Eeyan mẹrin la ti ta ẹya ara wọn fun oogun owo, bọọlu la n pe agbari, transifọma la n pe ọkan, faanu ni ọwọ’",['disgust'],"['disgust', 'sadness']",['sadness'],"['disgust', 'sadness']"
yoruba_text_2135_emotion_1,Alec Baldwin: Ohun táa mọ̀ nípà òṣèré tó ṣèèṣì yìnbọn pààyàn lórí ìtàgé rèé,['surprise'],['sadness'],[],[]
yoruba_text_1759_emotion_1,EndSARS rememberance: Ohun táwọn afẹhóúhàn bèrè fún ní Lekki lónìí rèé,[],[],[],[]
yoruba_text_3625_emotion_1,Eeyan mẹrin padanu ẹmi wọn ni marosẹ Eko s’Ibadan,['sadness'],['sadness'],['sadness'],['sadness']
yoruba_text_2595_emotion_1,"2023: Tinubu jafafa, o si ni iriri lati gbe orileede yii goke agba – Oyetọla",[],[],[],[]
yoruba_text_494_emotion_1,"Ogun kiliing: Ọmọ olóògbé ní oúnjẹ ni bàbá òun ń jẹ nínú ṣọ́ọ́bù, kí ìbọn tó bàá",['sadness'],['sadness'],['sadness'],['sadness']
yoruba_text_2921_emotion_1,Nitori obinrin igbakeji pasitọ Sẹlẹ gun ọga rẹ pa sinu sọọṣi n’Ileefẹ,['disgust'],['disgust'],"['sadness', 'surprise']",['disgust']
yoruba_text_2150_emotion_1,"Ẹ̀sùn àìmọ̀dí gbé Theophilous dọ́gbà ẹ̀wọ̀n, ìwé ẹ̀rí ìmọ̀ ìjìnlẹ̀ méjì ló gbé jáde",['sadness'],['sadness'],['sadness'],['sadness']
yoruba_text_4890_emotion_1,2023: Ẹgbẹ TOTT rọ Tinubu atawọn oludije yooku lati panu pọ gbe Ọṣinbajo kalẹ,[],[],[],[]
yoruba_text_4625_emotion_1,"Lẹyin ti wọn pa meji ninu wọn, awọn ajinigbe tu eeyan mẹrinlelaaadọrin silẹ lọjọ kan ṣoṣo","['sadness', 'surprise']",['joy'],['joy'],['joy']
yoruba_text_2820_emotion_1,"Buhari ti paṣẹ: Ẹnikẹni tẹ ẹ ba ti ri pẹlu ibọn AK-47, ẹ yinbọn pa a",['surprise'],[],['anger'],[]
yoruba_text_1933_emotion_1,Ẹṣọ oju-popo ti a ba ri ju 500 naira lọwọ re wọ gau,['surprise'],[],['anger'],[]
yoruba_text_3606_emotion_1,Ibi tawọn ajagungbalẹ mẹta yii ti n yinbọn mọ araalu n’Igbẹsa lọlọpaa ti ko wọn,[],"['anger', 'sadness']",[],[]
yoruba_text_2199_emotion_1,2023 Presidency: Adelé alága APC l'Eko ní àdéhùn wà láàrín Buhari àti Tinubu lórí ìdíje ipò ààrẹ lọ́dún 2023,[],[],[],[]
yoruba_text_1495_emotion_1,"Sunday Igboho: Oluwo ní káwọn Ọba, àgbààgbà Yoruba rọ Buhari kó tú Igboho sílẹ̀",['sadness'],[],[],[]
yoruba_text_2394_emotion_1,Oúnjẹ alẹ́ lẹ́yìn aago mẹ́sàn án leè fa àrùn jẹjẹrẹ,['surprise'],['fear'],[],[]
yoruba_text_2167_emotion_1,"Police shooting in Osogbo: Ọlọ́pàá MOPOL yìnbọn fún Ọlabomi, ọlọ́kadà nílùú Osogbo",['surprise'],['sadness'],['sadness'],['sadness']
yoruba_text_3849_emotion_1,"Ẹ woju awọn ọdaran tọwọ tẹ l’Ekoo, oku ọrun lawọn maa n ja lole owo nla",['disgust'],[],['surprise'],[]
yoruba_text_500_emotion_1,Child Abuse: Amòfin ní ọmọbìnrin náà leè rí ara rẹ̀ bíi ẹni tí kò wúlò,['sadness'],['sadness'],['fear'],['sadness']
yoruba_text_2160_emotion_1,Baba Ijesha in court: Iléẹjọ́ sún ìgbẹ́jọ́ Baba Ijesha di oṣu kẹ́jọ lẹ́yìn tí wọ́n fọ̀rọ̀ wá ọmọ́débìnrin tọ́rọ̀ kàn lẹ́nuwò,[],[],[],[]
yoruba_text_4677_emotion_1,Ijọba ni ki gbogbo oṣiṣẹ pada sẹnu iṣẹ l’Ekoo,[],['joy'],[],[]
yoruba_text_2173_emotion_1,Wife set husband's mistress ablaze: Ìyàwó tó dáná sun àlè ọkọ rẹ̀ kó sí gbaga Ọlapàá nípinlẹ̀ Ogun,['surprise'],"['disgust', 'sadness']",[],[]
yoruba_text_4654_emotion_1,Ẹṣọ Amọtẹkun da awọn Fulani ti wọn ya wọ ipinlẹ Ondo pada siluu wọn,[],['anger'],[],[]
yoruba_text_2294_emotion_1,"Kò bá à jẹ́ Tinubu tàbí Obi, à ní kí ipò ààrẹ bọ́ sẹ́kún gúúsù ló jà jù - Akeredolu",[],[],[],[]
yoruba_text_1888_emotion_1,"Waste to Wealth: Ẹ̀gbin tìrẹ ni èròjà táwọn èèyàn míràn fi n ṣiṣẹ́ ajé, okoòwò ńlá ni",['surprise'],[],[],[]
yoruba_text_1449_emotion_1,Kidnapped Baptist Church Members: Àwọn ọmọ ìjọ Emmanuel Baptist Church tí wọ́n jí gbé ní Kaduna ti gba ìtúsílẹ̀,['joy'],['joy'],['joy'],['joy']
yoruba_text_2774_emotion_1,"Ohun ti Isah ṣe fawọn ọmọleewe ẹ marun-un yii ko ṣee sọ sita o, o buru jai",['disgust'],"['disgust', 'sadness']",['sadness'],"['disgust', 'sadness']"
yoruba_text_3492_emotion_1,Ọlọpaa yinbọn pa meji ninu awọn ajinigbe ti wọn fẹẹ ṣọṣẹ n’Itori,[],['sadness'],['joy'],[]
yoruba_text_1150_emotion_1,2023 Presidency: Mo faramọ́ kí ìjọba sún lọ si ìhà Gúúsù - Masari,[],[],[],[]
yoruba_text_3498_emotion_1,Ọwọ tẹ ayederu ọmọ ogun oju omi to n lu awọn eeyan ni jibiti l’Ekoo,"['joy', 'surprise']","['anger', 'fear', 'sadness']",['joy'],['joy']
yoruba_text_3157_emotion_1,Awọn agbebọn ji olori adugbo atawọn mẹta mi-in gbe l’Ọwọ,['sadness'],['sadness'],['sadness'],['sadness']
yoruba_text_1169_emotion_1,Àlàyé rèé lórí ìdí tí mo fi dara pọ̀ mọ́ ẹgbẹ́ òṣèlú - Dele Odule,[],[],[],[]
yoruba_text_4356_emotion_1,"Ero rẹpẹtẹ lẹyin Ọṣinbajo lasiko to ṣabẹwo si Ogbomọṣọ, Ibadan",['surprise'],[],['joy'],[]
yoruba_text_408_emotion_1,Ogun Tanker explosion: Òhun táa mọ̀ nípa ìbúgbàmù ọkọ̀ aképo ní Lafenwa l'Òwúrọ̀ ọjọ́ Àìkú réè,['surprise'],['fear'],['sadness'],[]
yoruba_text_4662_emotion_1,Eto ẹkọ wa lara ohun to jẹ mi logun ju lọ- Tinubu,[],[],[],[]
yoruba_text_932_emotion_1,Ogun: Ọkùnrín márùn ún fojúbalé ẹjọ́ lórí ẹ̀sùn ijà àti igbó fífà,['surprise'],['disgust'],['sadness'],[]
yoruba_text_2974_emotion_1,Ẹlerii ti wọn mu lori iku tọkọ-taya tawọn agbanipa sun mọle l’Abokuta ti sa lọ,['surprise'],['sadness'],[],[]
yoruba_text_2290_emotion_1,Sanya Adegbaye blind Yoruba teacher: Torí kí ojú mi lè là ni gbogbo owó Kòkó bàbá mi run sí,['sadness'],['sadness'],['sadness'],['sadness']
yoruba_text_3467_emotion_1,Ileṣa lawọn Fulani to ji ọmọ gbe n’Igbara-Odo lọọ gbe e pamọ si,['surprise'],"['fear', 'sadness']","['sadness', 'surprise']","['surprise', 'sadness']"
yoruba_text_780_emotion_1,Guinea coup: ECOWAS f'òfin de àwọn ológun tó dìtẹ̀ gbàjọba ní Guinea,[],['anger'],['anger'],['anger']
yoruba_text_4935_emotion_1,"Ọbasanjọ tun gba Buhari nimọran, o lo dara ko ṣe ohun tawọn ọdọ n fẹ",[],[],[],[]
yoruba_text_3890_emotion_1,"Eleyii gbẹnu tan! Alaaji Mashood ki ọmọ bibi inu ẹ mọlẹ, o ṣe ‘kinni’ fun un ni Kwara ",['disgust'],['disgust'],"['sadness', 'surprise']",['disgust']
yoruba_text_39_emotion_1,"Gómínà ìpínlẹ̀ Ondo Rotimi Akeredolu ní àdánù ńlá ni ikú Ogunbodede, amúgbálẹ́gbẹ́ rẹ̀ tó kú nínú ìjàmbá ọkọ̀ wò",['sadness'],['sadness'],['sadness'],['sadness']
yoruba_text_644_emotion_1,Ghana couple buries son alive: Ọkọ àti ìyàwó ri ọmọ ọdún kan àbọ mọlẹ láàyè,"['disgust', 'surprise']",['disgust'],"['sadness', 'surprise']","['disgust', 'surprise']"
yoruba_text_2695_emotion_1,"Fọlọrunsho kọja aaye ẹ, adajọ ti ni ko lọọ maa gbatẹgun lọgba ẹwọn Kirikiri",['surprise'],['sadness'],['anger'],[]
yoruba_text_1595_emotion_1,#EndSARS: Amẹrika ń fẹ́ ìdájọ́ òdodo lórí ìwàdìí ìṣẹ̀lẹ̀ ìwọ́de #EndSARS ní Lekki toll gate,[],[],[],[]
yoruba_text_972_emotion_1,Lauretta Onochie: Àwọn ará ìlú lẹ́tọ̀ọ́ lábẹ̀ òfin láti fi ẹjọ́ ẹni tó ń náwó yàlàyòlò sun agbófinró,[],[],[],[]
yoruba_text_4070_emotion_1,A ti ṣetan lati ṣeto owo ta a le fi ran awọn darandaran lọwọ – Tinubu,[],[],[],[]
yoruba_text_497_emotion_1,Violence against women: Ọkọ mi bẹ̀rẹ̀ sí ní lù mí lẹ́yìn tí mo lòdì sí ibálọ̀pọ̀ láti ihò ìdí lẹ́yìn,"['disgust', 'sadness']",['sadness'],['sadness'],['sadness']
yoruba_text_2341_emotion_1,A ti parí ìgbésẹ̀ láti gbé gbogbo àwọn ọlọ́pàá àgọ́  Ajah- Iléeṣẹ́ ọlọ́pàá Eko,[],[],[],[]
yoruba_text_982_emotion_1,Ikeja gas fire: Dúkìá sòfò níbi ti iná ti ṣẹ́yọ lágbègbè Sheraton ní Ikeja l'Eko,['sadness'],['sadness'],['sadness'],['sadness']
yoruba_text_2664_emotion_1,"Tinubu tun ṣabẹwo si Buhari l’Abuja, o ni inu oun dun si bawọn ondije funpo aarẹ ṣe n pọ si i",['joy'],[],['joy'],['joy']
yoruba_text_1086_emotion_1,"Láàrin wákàtí mẹ́ta, wọ́n dá ₦4m fún àkàndá ẹ̀dá tó kópa nínú ìwọ́de","['joy', 'surprise']",['joy'],"['joy', 'surprise']","['joy', 'surprise']"
yoruba_text_4456_emotion_1,"Tẹ ẹ ba fẹẹ ṣe pati l’Ọṣun, eyi lawọn nọmba tẹ ẹ gbọdọ pe kẹ ẹ too dana ariya",[],[],['anger'],[]
yoruba_text_3370_emotion_1,2023: PFN ko ni i dibo fun ẹgbẹ oṣelu to ba fẹẹ fi Musulumi ṣe aarẹ ati igbakeji lorileede yii – Wale Oke,[],['disgust'],['anger'],[]
yoruba_text_3191_emotion_1,"Ọkọ mi waa lu mi lọfiisi, o tun lọọ lu’ya mi mọle, ẹ tu wa ka – Ronkẹ","['anger', 'sadness']","['anger', 'sadness']",['anger'],"['anger', 'sadness']"
yoruba_text_3723_emotion_1,"Wọn ti ko ‘ma-mu-gaari’ si Abubakar lọwọ, ọlọpaa lo fọ leti n’llọrin ",['surprise'],[],[],[]
yoruba_text_3543_emotion_1,"Eeyan mẹrin ku ninu mọlẹbi kan, majele ni wọn jẹ mọ ounjẹ ni Kwara",['sadness'],['sadness'],['sadness'],['sadness']
yoruba_text_3873_emotion_1,Agbẹjọro to fọbẹ gbigbona jo ọmọ aburo ẹ lara tori ẹẹdẹgbẹta Naira ti dero ẹwọn,"['disgust', 'sadness']","['anger', 'sadness']",[],['sadness']
yoruba_text_1884_emotion_1,Aya ààrẹ àná rí ẹ̀wọ̀n ọdún mẹ́wàá he lẹ́yìn ọjọ́ díẹ̀ tọ̀kọ rẹ̀ lọ sẹ́wọ̀n ọdún méjìla,['surprise'],[],['sadness'],[]
yoruba_text_4453_emotion_1,"Gbajabiamila ṣabẹwo si Sanwo-Olu, Akiolu ati Tinubu, o ṣeleri iranlọwọ",[],[],[],[]
yoruba_text_4228_emotion_1,"Aarẹ Buhari ti fi oṣu mẹta kun asiko ọga ọlọpaa patapata, Muhammed Adamu",['surprise'],[],['joy'],[]
yoruba_text_1126_emotion_1,"Wọ́n rẹ ọrùn ọmọ ọdun méjìlá, gbé òkú rẹ̀ sín àpótí","['disgust', 'sadness']",['sadness'],['sadness'],['sadness']
yoruba_text_4017_emotion_1,Akeredolu siju aanu wo awọn ẹlẹwọn mọkanla fun ayajọ ọdun tuntun,"['joy', 'surprise']",['joy'],['joy'],['joy']
yoruba_text_2527_emotion_1,"Lẹyin ọdun mọkanla ninu okunkun, Adeleke tun ẹrọ amunawa ṣe fawọn eeyan Obokun",['joy'],['joy'],['joy'],['joy']
yoruba_text_2646_emotion_1,Ọpẹ o! Ijọba ti ni ki wọn maa ta epo rọbi fun ileeṣẹ ifọpo Dangote,['joy'],['joy'],['joy'],['joy']
yoruba_text_1339_emotion_1,Bethel Baptist kidnap: Àwọn ajínigbé tú 28 nínú akẹ́kọ̀ọ́ 121 Bethel Baptist tí wọ́n jígbé sílẹ̀,['joy'],['sadness'],['joy'],['joy']
yoruba_text_989_emotion_1,WAEC: ANCOPSS ní òun àti ẹgbẹ́ olùkọ́ yóò ṣèpàdé lọ́jọ́ Ẹti lórí ìpínu ìjọba àpapọ̀,[],[],[],[]
yoruba_text_4923_emotion_1,Emi o yọ biliọnu marun-un kankan ninu aṣunwọ ijọba Ọṣun-Adeleke,[],[],[],[]
yoruba_text_326_emotion_1,"Ọmọ ọdún mẹ́rin tó wa ọkọ̀ ìyá rẹ̀, kọlu ọkọ̀ méjì míì",['surprise'],['sadness'],"['disgust', 'surprise']",['surprise']
yoruba_text_3100_emotion_1,"Abiru ki waa leleyii, baale ile lu iyawo ẹ pa n’lọrin","['sadness', 'surprise']",['sadness'],['sadness'],['sadness']
yoruba_text_202_emotion_1,Supreme court judgement on Ondo election: Ilé ẹjọ́ tó ga jùlọ ní Nàìjíríà dá Akeredolu láre lórí ìdìbò gómìnà ìpínlẹ̀ Ondo,['joy'],['joy'],['joy'],['joy']
yoruba_text_2540_emotion_1,Ibo Ọṣun: Oyetọla jawe olubori ni kootu,['joy'],[],['joy'],['joy']
yoruba_text_571_emotion_1,"OAU Ile Ife: Àwọn nǹkan tó ka akẹ́kọ̀ọ́ fásitì OAU Ile Ife, Emmanuel Adedeji láya ló mú kó gbẹ̀mí ara rẹ̀",['sadness'],['sadness'],['sadness'],['sadness']
yoruba_text_471_emotion_1,"Ifetedo FC: Ọ̀rẹ́ olóògbé ní Damilola kò sàìsàn, ó ń gbá bọ́ọ̀lu lọ́wọ́ ló kú",['sadness'],['sadness'],['surprise'],['sadness']
yoruba_text_2831_emotion_1,"Adua wọ ile onile, ikoko ọbẹ ti wọn ṣẹṣẹ se lo ji gbe lọ l’Ondo",['surprise'],['disgust'],"['sadness', 'surprise']",['surprise']
yoruba_text_4713_emotion_1,"Ile-ẹjọ tu nọọsi ti wọn lo ṣeku pa Sẹnetọ Isiaka Adeleke lọjọsi sile, wọn ni ko mọ nnkan kan nipa rẹ",['surprise'],['joy'],[],[]
yoruba_text_3681_emotion_1,"Bisọla da omi gbigbona sọkọ ẹ lara l’Ọta, o lọmuti ni","['sadness', 'surprise']",['disgust'],['surprise'],['surprise']
yoruba_text_1706_emotion_1,EFCC ń dún mọ̀huru mọ́ àwọn òṣìṣẹ́ ìjọba wa lásán ni - Ìjọba ìpínlẹ̀ Oyo,['anger'],['anger'],['disgust'],['anger']
yoruba_text_1163_emotion_1,AFCON 2019 final: Kọ̀lọ̀kọ̀lọ̀ Algeria là kìnìún Senegal mọ́ lẹ̀ lẹ́ẹ̀kejì gba ife,['surprise'],[],"['joy', 'surprise']",['surprise']
yoruba_text_3025_emotion_1,"Ọkunrin yii ku sori opo ina ni Kọbapẹ, wọn lo fẹẹ ji waya ni",['sadness'],['disgust'],"['sadness', 'surprise']",['sadness']
yoruba_text_4650_emotion_1,Makinde forukọ awọn kọmiṣanna tuntun ranṣẹ sawọn aṣofin l’Ọyọọ,[],[],[],[]
yoruba_text_608_emotion_1,AFCON 2019: Wo àbájáde èsì àsọtẹ́lẹ̀ rẹ,['surprise'],[],"['joy', 'sadness']",[]
yoruba_text_3721_emotion_1,"Awọn Fulani yii maa n ṣe bii darandaran lọsan-an, wọn maa n da awọn eeyan lona lalẹ",[],['fear'],['sadness'],[]
yoruba_text_2954_emotion_1,Ọṣun Oṣogbo: Wọn lu fijilante lalubami nitori to gba ọmọ OPC loogun ,['surprise'],['sadness'],['sadness'],['sadness']
yoruba_text_3497_emotion_1,"O ma ṣe o, awọn to n feeyan ṣoogun owo pa John ni Ọbantoko, oju ati ọwọ rẹ ni wọn ge lọ","['disgust', 'sadness']",['sadness'],['sadness'],['sadness']
yoruba_text_2622_emotion_1,Akẹkọọ Fasiti Bowen jẹ ẹbun ọkọ ayọkẹlẹ ninu idije arokọ tijọba ipinlẹ Ọṣun ṣe,['surprise'],[],['joy'],[]
yoruba_text_333_emotion_1,FG Covid Palliatives: Àjọ SERAP ń wá ìdájọ́ tó tọ́ lórí rògbòdìyàn jíjí ǹkan ìrànwọ́ Covid-19,['anger'],['disgust'],[],[]
yoruba_text_2267_emotion_1,Church Reopening in Ogun: Àwọn ọmọlẹ́yìn Kristi dunnú bí sọ́ọ́sì ṣe di ṣíṣí padà,['joy'],['joy'],['joy'],['joy']
yoruba_text_2978_emotion_1,"Awọn mọlẹbi wolii Sẹlẹ ti ọmọọṣẹ rẹ dana sun n’Ileefẹ ni: Ẹ gba wa o, awọn oloṣelu kan ti fẹẹ doju ẹjọ ru",['sadness'],['fear'],['fear'],['fear']
yoruba_text_2022_emotion_1,"Seriki Williams Abass: Ọba Badagry tó jẹ́ ẹrú, tó tún padà di olówò ẹrú",['surprise'],[],['surprise'],['surprise']
yoruba_text_948_emotion_1,Iya Jogbo Dead: Ọ̀pọ̀ olólùfẹ́ Emmanuella Pobeni Adepoju kẹ́dùn ikú rẹ̀,['sadness'],['sadness'],['sadness'],['sadness']
yoruba_text_1035_emotion_1,AstraZeneca vaccine side effects: Wo ìhùwàsí àwọn tó ti gba abẹ́rẹ́ àjẹsára Covid-19,[],[],['surprise'],[]
yoruba_text_3884_emotion_1,"Nitori tawọn alaṣẹ ileewe ko gba ki wọn lo ijaabu, awọn ọmọ ileewe ṣewọde lọ sile-ijọba n’llọrin ",['anger'],['anger'],[],['anger']
yoruba_text_3438_emotion_1,Wọn lawọn Fulani tun dana sun ina oorun (Solar) tawọn araalu Awowo n lo,['sadness'],['sadness'],['sadness'],['sadness']
yoruba_text_732_emotion_1,Sunday Igboho: Oba Ogunwusi rọ Igboho láti máṣe dá òfin ṣe lọ́wọ́ ara rẹ̀,[],[],[],[]
yoruba_text_3340_emotion_1,Awọn agbebọn tun ko ọmọleewe ati tiṣa lọ ni Kaduna,['sadness'],['sadness'],['sadness'],['sadness']
yoruba_text_4693_emotion_1,Ijọba Ọṣun yan alaga ẹgbẹ APC gẹgẹ bii Ọwa Igbajọ tuntun,[],[],[],[]
yoruba_text_3675_emotion_1,Onifayawọ yinbọn pa aṣọbode lẹnu iṣẹ,['surprise'],['sadness'],['sadness'],['sadness']
yoruba_text_1156_emotion_1,"Dudu Heritage Kò sí ń nǹkan tí ó ṣòro tó kí ènìyàn pàdánù ọkọ, Bimbo Oshin kọ ọrọ ìdárò lẹyin ikú ọkọ rẹ tó d'oloogbe",['sadness'],['sadness'],['sadness'],['sadness']
yoruba_text_1412_emotion_1,Toyin Abraham: Ẹ wo ohun báwọn ọmọ ìṣọta ṣe ya bó màmá Ire lẹ́nu iṣẹ́,[],['sadness'],['fear'],[]
yoruba_text_2459_emotion_1,Naijiria ló gba ipò kẹwàá nínú orilẹ-ede tó ni ẹ̀gbin ju- Ìwádìí,"['sadness', 'surprise']",[],[],[]
yoruba_text_736_emotion_1,Child marriage: Wo ọmọbìnrin ọdún méjìlá tó ṣè'gbéyàwó pẹ̀lú ọkùnrin méjì láàrin oṣù kan,['surprise'],"['disgust', 'surprise']",['surprise'],['surprise']
yoruba_text_2157_emotion_1,Soun Ogbomoso's daughter dies: Ikú tó mú Soun Ogbomosho tún ti mú àkọ́bí rẹ̀ lọ o!,"['sadness', 'surprise']",['sadness'],['sadness'],['sadness']
yoruba_text_2518_emotion_1,Eto idibo to daa ju ninu itan orileede yii nijọba Buhari ṣe lọdun – Adeṣina,['joy'],[],[],[]
yoruba_text_3420_emotion_1,"Ọjọ keji ti wọn ti n wa Dele, oku ẹ ni wọn ri l’Ekoo",['sadness'],['sadness'],['sadness'],['sadness']
yoruba_text_2885_emotion_1,Ọrọ Taju yii ki i ṣoju lasan o! Lẹyin to lo ọdun mẹrin lẹwọn lo tun lọọ jale ni mọṣalaaṣi kan l’Oṣogbo,['surprise'],['sadness'],"['disgust', 'sadness']",['sadness']
yoruba_text_842_emotion_1,Yakubu Dogara: Gómìnà Bauchi da ₦4bn owóyàá ìlú sápò iléeṣẹ́ àdáni kan,['joy'],['disgust'],['sadness'],[]
yoruba_text_4326_emotion_1,Papa iṣere Ilọrin la ti maa ṣe ayẹyẹ ‘Durbar’ ọdun yii – Ilọrin Emirate ,[],[],['joy'],[]
yoruba_text_4366_emotion_1,"A maa yọ owo iranwọ ori epo danu, aabo si maa duro digbi lasiko yii-Tinubu",[],[],[],[]
yoruba_text_2374_emotion_1,"Ojodu accident: Ìjọba ti iléẹ̀kọ́ Ojodu pa, Ó ní àlàyé ohun tó ṣókùnkùn nípa ìjàmbà tírélà tó pa akẹ̀kọ̀ọ́ níbẹ̀ ńbọ̀ láipẹ̀",[],[],[],[]
yoruba_text_671_emotion_1,I﻿gbákejì olórí ẹgbẹ́ Ilana Ọmọ Oodua kọ̀wé fi ipò sílẹ̀,['surprise'],[],"['sadness', 'surprise']",['surprise']
yoruba_text_1183_emotion_1,Àwọn oníṣòwò èròjà ìbóra ti rógo torí àrùn jẹjẹrẹ tó di méjì kọ́bọ̀ – NAFDAC,['fear'],['fear'],['fear'],['fear']
yoruba_text_3277_emotion_1,Hijaabu: Eyi ni bawọn Musulumi ṣe kọ lu wa -Rẹfurẹẹni Dada,[],[],[],[]
yoruba_text_4110_emotion_1,Ọga ọlọpaa patapata paṣẹ eto aabo to rinlẹ kaakiri awọn ileewe ,[],['fear'],[],[]
yoruba_text_712_emotion_1,Kwara State Suicide Attempt: Àìníṣẹ́ lọ́wọ́ ló mú mi pokùnso -Olayinka,['sadness'],"['fear', 'sadness']",['sadness'],['sadness']
yoruba_text_3946_emotion_1,"Ẹ ma wulẹ fa wahala kankan, ẹ pe Tinubu kẹ ẹ ki i ku oriire-APC",[],[],['joy'],[]
yoruba_text_2106_emotion_1,"PENGASSAN Strike: Bí ìjọba bá dá wà lohùn lórí IPPIS láàrin wákàtí mẹ́rìnlélógún, a o so ìyanṣẹ́lódì rọ̀",['anger'],[],[],[]
yoruba_text_3272_emotion_1,Nikẹ  fi mọto paayan meji nibi ti wọn ti n ṣewọde SARS l’Ekoo,['sadness'],['sadness'],['sadness'],['sadness']
yoruba_text_4298_emotion_1,INEC fi ọjọ mẹfa kun ọjọ idibo abẹle awọn ẹgbẹ oṣelu ilẹ wa,[],[],[],[]
yoruba_text_2597_emotion_1,"Tinubu rọ awọn ara ilu oyinbo: Ẹ maa pada bọ wale, Naijiria ti daa ju bẹẹ ṣe ro lọ",[],[],[],[]
yoruba_text_1481_emotion_1,Domestic Violence: Ọlópàá mú ìyàwó ilé tó bínú gún ìbátan ọkọ rẹ̀ lọ́bẹ pa nítorí pé o fọ̀ dígí rẹ̀,"['disgust', 'sadness', 'surprise']",['sadness'],['sadness'],['sadness']
yoruba_text_2950_emotion_1,"Boya ni Dare ati Felix yoo bọ ninu okun adajọ o, awọn ọmọ keekeeke ni wọn fipa ba lo pọ l’Akurẹ",['disgust'],['sadness'],['sadness'],['sadness']
yoruba_text_444_emotion_1,Idanre Kingship tussle:Adelé Ọba Idanre ní Ọba Aroloye wà lórí ìtẹ́ nígbà tí àwọn jàndùkú lù ú,"['fear', 'surprise']",['sadness'],"['fear', 'sadness']","['fear', 'sadness']"
yoruba_text_469_emotion_1,"Ibadan robbery: Àgbègbè Secretariat ni adigunjalè ti gba ₦446,000 lọ́wọ́ oníbàárà báńki tí wọ́n pa","['fear', 'sadness']",['sadness'],['sadness'],['sadness']
yoruba_text_1783_emotion_1,"Adebayo Alao-Akala: 'Mo ti dàgbà ọ̀jẹ̀, n kò ní díje fún ipò gómìnà ìpínlẹ̀ Oyo mọ́'",[],[],[],[]
yoruba_text_1983_emotion_1,Kenyan Woman: Aláboyún fi bílédìì gbé ọmọ jádé nínú ara a rẹ̀ ní Tanzania,"['disgust', 'surprise']",['surprise'],['surprise'],['surprise']
yoruba_text_3380_emotion_1,O ma ṣe o! Ijamba ọkọ gbẹmi akẹkọọ Poli l’Ọṣun,['sadness'],['sadness'],['sadness'],['sadness']
yoruba_text_3128_emotion_1," Obinrin yii ji ọmọ gbe ni Nasarawa, lo ba gbe e sa lọ si Benue",['surprise'],['anger'],"['sadness', 'surprise']",['surprise']
yoruba_text_135_emotion_1,"Nigerian Doctors Crisis: Àwọn dókítà tó kúrò ní Nàíjíríà lọ sílẹ̀ UK, US àti Saudi sọ ìrírí ayọ̀ tí wọn ń ní",['joy'],['joy'],['joy'],['joy']
yoruba_text_2225_emotion_1,"Àdó olóró North Korea fò gba Japan kọjá, aráàlú fẹsẹ̀ fẹ",['fear'],['fear'],['fear'],['fear']
yoruba_text_4667_emotion_1,Igbimọ agba ẹgbẹ APC Eko fontẹ lu saa keji Sanwo-Olu,[],[],[],[]
yoruba_text_2245_emotion_1,Biodun Okeowo: Kò sí ohun tó jọ eré ìfẹ́ láàrín èmi àti Dino Melaye,['disgust'],[],['anger'],[]
yoruba_text_251_emotion_1,Osun 2022: Iléeṣẹ́ ọlọ́pàá nawọ́ gán afurasí ọ̀daràn 18,['joy'],[],['joy'],['joy']
yoruba_text_1345_emotion_1,"June 12 protest: Ọlọ́pàá yin tíá gaàsì lu àwọn olùwọ́de l'Eko, wọ́n ní ìjà àráàlù","['disgust', 'sadness']",['sadness'],['sadness'],['sadness']
yoruba_text_2035_emotion_1,Omicron variant: Ìjọba Naijria ní kò sí ẹ̀ní tó ní ẹ̀dà covid-19 tuntun Omicron Variant ní Naijiria,['joy'],[],['joy'],['joy']
yoruba_text_4311_emotion_1,O ṣee ṣe ki orileede Benin ma yọnda Sunday Igboho fun ijọba Naijiria,['surprise'],['sadness'],[],[]
yoruba_text_1965_emotion_1,"Dagrin: Ikú Dagrin pé ọdún méjìlá, wo àwọn ǹkan mánigbàgbé nípa rẹ̀",['sadness'],[],[],[]
yoruba_text_290_emotion_1,Àrá sán pa ọ̀dọ́kùnrin mẹ́rin tó ń gbá bọ́ọ̀lù nínú òjò l'Ondo,"['sadness', 'surprise']",['sadness'],"['sadness', 'surprise']","['sadness', 'surprise']"
yoruba_text_958_emotion_1,"Seun Egbegbe: Ipò wo ni Seun Egbegbe, Olóòtú eré wà báyìí lẹ́wọ̀n?",[],['fear'],['sadness'],[]
yoruba_text_4508_emotion_1,"Lati le mu ki alaafia jọba, ajọ to n ri si gareeji fẹẹ le awọn oniparaga atawọn ọmọọta nipinlẹ Ogun",[],['anger'],['joy'],[]
yoruba_text_3533_emotion_1,Iru ki waa leleyii! Wọn pa baba agbalagba sinu igbo l’ Ọyẹ-Ekiti,['sadness'],['sadness'],"['sadness', 'surprise']",['sadness']
yoruba_text_1548_emotion_1,"Tinubu: Buhari ti ṣí ọ̀nà oríire sílẹ̀ fún wa, àwọn aráàlú yóò sọ rere nípa rẹ̀ lẹ́yìn sáà rẹ̀",['joy'],[],['joy'],['joy']
yoruba_text_2230_emotion_1,Easter celebration: Osinbajo gbàdúrà ìgbéǹde àti ọrọ̀ fún Nàìjíríà,[],[],[],[]
yoruba_text_2631_emotion_1,"Ọpẹ o, awọn OPC ti mu Wakili, Fulani to n da wọn laamu l’Ayetẹ",['joy'],['joy'],['joy'],['joy']
yoruba_text_3129_emotion_1,"Wọn fẹẹ lu Taju pa n’Ibadan, iyawo ẹ lo purọ ole mọ ọn ",['surprise'],['sadness'],['sadness'],['sadness']
yoruba_text_4187_emotion_1,Mama Rainbow dẹni ọgọrin ọdun laye,['joy'],[],['joy'],['joy']
yoruba_text_64_emotion_1,"Social media abuse: Oyedepo ní àlòjù Twitter, Facebook àti Instagram máa ń ṣàkóbá fún àyànmọ́ ẹ̀dá",['surprise'],['fear'],['fear'],['fear']
yoruba_text_3777_emotion_1,"Eeyan meji, mọto mejila jona gburugburu ni Sango",['sadness'],['sadness'],['sadness'],['sadness']
yoruba_text_2968_emotion_1,"Chidinma ṣe pati daran, wọn sọ ọ sẹwọn ọdun meji tori bẹntiroolu to ha fawọn alejo ẹ","['sadness', 'surprise']",['sadness'],['sadness'],['sadness']
yoruba_text_2850_emotion_1,"EFCC mu ọmọleegbimọ aṣofin fẹsun jibiti, owo rẹpetẹ ni wọn ba lọwọ ẹ",['surprise'],[],[],[]
yoruba_text_1157_emotion_1,Ètò ìdìbò tó ń bọ̀ lágbára látí tún Nàìjíríà ṣe tàbí kí ńkan tún bàjẹ́ síi– Ajimobi,['fear'],[],[],[]
yoruba_text_138_emotion_1,'Bí ọ̀pọ̀ ọ̀dọ́ àti obìnrin ṣe forúkọ sílẹ̀ fún PVC kò wúlò tí ...',['anger'],[],"['anger', 'sadness']",['anger']
yoruba_text_2536_emotion_1,"Inu mi dun bile-ẹjọ ṣe da mi lare, ma a lọọ ṣiṣẹ lori orukọ mi ti wọn tabuku si – Kẹmi Adeọsun","['joy', 'sadness']",[],['joy'],['joy']
yoruba_text_3343_emotion_1,Ko si Aarẹ to ṣe daadaa fawọn araalu to Buhari -Ganduje,['joy'],[],[],[]
yoruba_text_1302_emotion_1,"Malaysia Church: Ilé Ẹjọ́ fìdájọ́ lélẹ̀, Krìstẹ́nì lẹ́tọ̀ọ́ gẹ́gẹ́ bí àwọn Mùsùlùmí láti pe Ọlọ́run ní Allah",['surprise'],[],['joy'],[]
yoruba_text_4212_emotion_1,"Nitori eto idibo, ijọba apapọ fun awọn akẹkọọ ileewe giga fasiti lọlude",[],[],['surprise'],[]
yoruba_text_2125_emotion_1,Àṣìṣe márùn ún tí àwọn lọ́kọláyà ńṣe nípa owó àti níní ìmọ̀ nípa ara wọn,[],[],[],[]
yoruba_text_4567_emotion_1,Sunday Igboho yoo fara han nile-ẹjọ lorileede Benin,[],[],[],[]
yoruba_text_1373_emotion_1,"Nigeria SWAT team, EndSars, End SWAT: Àfiwé owó oṣù ọlọ́oàá Nàìjíríà pẹ̀lú akẹgbẹ́ wọn lókè òkun",[],[],['sadness'],[]
yoruba_text_545_emotion_1,NSCDC ṣèèṣì yìnbọ̀n pa ọlọ́pàá ọ̀tẹlẹ̀múyẹ́ DSS l'Osun,"['sadness', 'surprise']",['sadness'],['sadness'],['sadness']
yoruba_text_278_emotion_1,Kaduna strike : NLC fòpin sí ìyanṣẹ́lódì Ọlọ́jọ́ mẹ́rin ní Kaduna,['surprise'],['joy'],['joy'],['joy']
yoruba_text_1128_emotion_1,"Wo ọkùnrin tó ní ìpèníjà ara, tó tún ń jà fún ẹ̀tọ́ ọmọnìyàn",['surprise'],['surprise'],"['sadness', 'surprise']",['surprise']
yoruba_text_713_emotion_1,Seyi Makinde vs ALGON: Àwọn alága káńsù ní ìpínlẹ̀ Oyo fẹ́ pẹjọ́ kòtẹ́milọ́rùn lórí bígómìnà Seyi Makinde ṣe yọ wọ́n nípò,['anger'],['anger'],['anger'],['anger']
yoruba_text_12_emotion_1,"Oyo PDP: Olórí ọ̀dọ́ farapa ni, ẹni tó wa ọ̀kọ́ ló kú",['sadness'],['sadness'],['sadness'],['sadness']
yoruba_text_3377_emotion_1,"Ẹ wo David to n pera ẹ lọlọpaa, aṣe igbo lo n ta l’Alaba",['surprise'],['surprise'],['surprise'],['surprise']
yoruba_text_1488_emotion_1,Kéére o! Ilé ẹjọ́ wọ́gilé ìdìbò ìjọba ìbílẹ̀ ní ìpínlẹ̀ Osun,['surprise'],[],['surprise'],['surprise']
yoruba_text_1625_emotion_1,Baba Ijesha: Iyabo Ojo àti Nkechi Blessing gbà alàáfíà láàyè,['joy'],['joy'],['joy'],['joy']
yoruba_text_4257_emotion_1,Awọn eeyan ipinlẹ Ọṣun ti n reti ipadabọ ẹgbẹ APC – Oyetọla,[],[],[],[]
yoruba_text_4197_emotion_1,Ayedatiwa ni yoo ṣe igbakeji Gomina Akeredolu ninu eto idibo ti yoo waye loṣu kẹwaa,[],[],[],[]
yoruba_text_1897_emotion_1,Igbo Olodumare: Ohun gbogbo tó wà nínú ìwé Fagunwa ló wà nínú igbó náà,[],[],[],[]
yoruba_text_2366_emotion_1,Adebayo Adelabu: Mo ti ṣetán láti gba ìjọba lọ́wọ́ Makinde lọ́dún 2023,[],[],[],[]
yoruba_text_2792_emotion_1,"Ọmọ Yahoo fi mọto tẹ eeyan mẹta pa l’Akurẹ, ni wọn ba lu oun naa pa","['sadness', 'surprise']",['sadness'],['surprise'],"['sadness', 'surprise']"
yoruba_text_699_emotion_1,MC Oluomo: Iléeṣẹ́ ọlọ́pàá Eko kìlọ̀ fún NURTW lórí ìwọ́de tí wọ́n ń múra rẹ̀,[],['anger'],['anger'],['anger']
yoruba_text_4526_emotion_1,Gomina AbdulRasaq atawọn ọba alaye ti pari ija Ibaruba ati Yoruba Kwara,['joy'],['joy'],['joy'],['joy']
yoruba_text_3744_emotion_1,"Nitori owu jijẹ, Happiness la igi mọ iyawo ọkọ rẹ lori l’Akurẹ, niyẹn ba gba’bẹ ku","['disgust', 'sadness']","['disgust', 'sadness']",['sadness'],"['disgust', 'sadness']"
yoruba_text_2503_emotion_1,"Lẹyin ọjọ mẹwaa nigbele, akọwe ijọba ipinlẹ Ọṣun bọ lọwọ arun Koronafairọọsi",['joy'],['joy'],['joy'],['joy']
yoruba_text_2099_emotion_1,Queen: Obabinrin Elizabeth ṣàfihàn orí adé mẹ́ta tó lè jé lẹ́yìn rẹ̀,['surprise'],[],[],[]
yoruba_text_263_emotion_1,Fuel scarcity: SERAP kọ̀wé sí Buhari pé kó tan iná wádìí gbogbo owó tí wọ́n ti ná lórí ibùdó ìfọpo ní Nàìjíríà,['anger'],[],[],[]
yoruba_text_4098_emotion_1,Ko si aburu kankan laafin Ọọni o – Ọlafare,[],[],[],[]
yoruba_text_3626_emotion_1,"Nitori ọga UNIOSUN to fẹyinti, awọn oṣiṣẹ din akara, wọn lawọn rẹyin ọta",['surprise'],"['anger', 'joy']","['sadness', 'surprise']",['surprise']
yoruba_text_134_emotion_1,Petrol Pump Price: Ọmọ Nàíjíríà ń bèèrè pé níbo ni oúnjẹ́ Kérésì yóò ti wá torí lítà epo tó di ₦170,"['fear', 'sadness']",['fear'],[],['fear']
yoruba_text_1006_emotion_1,"Igboora: Wòlíì ni mí, ṣùgbọ́n àwọn ọ̀gá tó kọ́ mi níṣẹ́ òògùn owó ní kí n má dárúkọ",['surprise'],[],['fear'],[]
yoruba_text_2339_emotion_1,Majek Fashek: Mọlẹbí nìkan ló péjú síbi ìsìnkú gbajúgbajà olórin reggae náà ní Amẹ́ríkà,['sadness'],[],"['sadness', 'surprise']",['sadness']
yoruba_text_1715_emotion_1,Aisha Buhari: Ẹni tí wọ́n ní ọkọ mi fẹ́ fẹ́ kò mọ̀ pé ìgbéyàwó kò ní wáyé,[],['surprise'],[],[]
yoruba_text_473_emotion_1,O﻿hun táa mọ̀ lórí rògbòdìyàn tó wáyé ní ààfin Ikirun rèé,['surprise'],[],['fear'],[]
yoruba_text_3878_emotion_1,Ẹgbẹ PDP lo ti da wahala iṣẹ ati oṣi pẹlu eto aabo to mẹhẹ yii silẹ lasiko ti wọn fi n ṣejọba-Bamidele,[],['anger'],['sadness'],[]
yoruba_text_587_emotion_1,Sunday Igboho: Wo ìdí tí ọdọ̀ Yorùbá ṣé fẹ́ kí ìlànà Omo Oódua gbajumọ́ Yoruba Agenda lọ́dún 2023 dipo Yoruba Nation,[],[],[],[]
yoruba_text_2258_emotion_1,"Adeleke, èsì ìbò fihàn pé aráàlú fẹ́ràn rẹ̀, jọ̀ọ́ san oore padà fún wọn - Ooni",['joy'],[],[],[]
yoruba_text_861_emotion_1,Hate Speech: Àwọn ọmọ Nàìjíríà ní kí ìjọba lọ wá'bi jókòó sí lórí àbádòfin ọ̀rọ̀ ìkóríra,['anger'],['disgust'],['anger'],['anger']
yoruba_text_308_emotion_1,Baba Ijesha rape case: Ilé ẹjọ́ ti sún ìgbẹ́jọ́ sí ọjọ́ Kejìlá oṣù yìí,[],[],[],[]
yoruba_text_2130_emotion_1,Timothy Adegoke: Àlàyé rèé lórí ìdí tí ẹbí olóògbé ṣẹ́ fẹ́ kí ìgbẹ́jọ́ àwọn afurasí wáyé ní Osun,[],[],[],[]
yoruba_text_2281_emotion_1,"Kazeem Tiamiyu: Mo fọṣọ, fọ ilẹ̀, ta omi tútù láti fi tọ Kazeem àtàwọn tó kù - Òbí Kazeem",['sadness'],['sadness'],['sadness'],['sadness']
yoruba_text_4172_emotion_1,"Dandan ni ki APC bori ibo 2023, a o fẹẹ pẹjọ rara – Adamu",[],[],[],[]
yoruba_text_782_emotion_1,"UI robbers attack: Ọmọ ilé ẹ̀kọ́ UI méjì fórí kó ọta ìbọn lọ́jọ́ kan ṣoṣo, wọ́n tún pàdánù ẹ̀mí wọn",['sadness'],['sadness'],['sadness'],['sadness']
yoruba_text_4603_emotion_1,"Lẹyin oṣu kan aabọ, awọn oṣiṣẹ kootu ipinlẹ Ogun fagi le iyanṣẹlodi",['surprise'],['joy'],['joy'],['joy']
yoruba_text_2572_emotion_1,Ileeṣẹ Aarẹ gboṣuba fawọn ọtẹlẹmuyẹ: Bẹ ẹ ṣe mu awọn ọmọ Sunday Igboho ati Nnamdi Kanu lo daa   ,['joy'],[],[],[]
yoruba_text_3666_emotion_1,Awọn ọdọ ilu dana sun Gaa Seriki awọn Fulani n’Igangan,['anger'],"['disgust', 'sadness']",['sadness'],['sadness']
yoruba_text_3186_emotion_1,Adajọ ju ọlọkada to lu ọlọpaa sẹwọn l’Ọsun,['surprise'],['anger'],[],[]
yoruba_text_2148_emotion_1,"ASUU strike: Kí ló wáyé níbi ìpàdé NANS àti ìjọba àpapọ̀, àlàyé rèé",[],[],[],[]
yoruba_text_2468_emotion_1,Ìgbìmọ̀ tó gbọ́ awuyewuye ìbò ààrẹ ní Kenya bẹ̀rẹ̀ ìjọ́kòó,[],[],[],[]
yoruba_text_196_emotion_1,"Sunday Igboho: Àwọn olórí Fulani tọrọ àforíjìn, wọ̀n ń fẹ́ ibagbepọ̀ àlàáfíà ni Ibarapa",['joy'],[],[],[]
yoruba_text_3745_emotion_1,"Ọwọ ba Akibu, olori ẹgbẹ okunkun tawọn ọlọpaa n wa l’Ogijo",['joy'],['joy'],[],['joy']
yoruba_text_3624_emotion_1,Ẹgbẹ alatako ni oṣelu ni Akeredolu fẹẹ fi owo ileewe fasiti to din ku l’Ondo ṣe,[],['fear'],[],[]
yoruba_text_4286_emotion_1,Awọn ọlọpaa ti fun Baba Ijẹṣa ni beeli,['surprise'],[],['joy'],[]
yoruba_text_2983_emotion_1,"Fulani darandaran ya bo abule Mọlege, l’Ondo, wọn yinbọn paayan mẹta, wọn tun dana sun ọpọlọpọ ile",['sadness'],['sadness'],['sadness'],['sadness']
yoruba_text_1868_emotion_1,Dare Adeboye burial: Pásítọ̀ Adeboye bẹ̀bẹ̀ fún àdúrà fún ìdílé rẹ̀ àti ẹbí olóògbé Dare Adeboye,['sadness'],[],['sadness'],['sadness']
yoruba_text_2848_emotion_1,Tunde Bello ti wọn lo fipa ba obinrin sun lẹyin to ji i gbe ti wa l’Eleweeran,"['disgust', 'joy']",[],[],[]
yoruba_text_2304_emotion_1,"Admin staff raped college student: Iléeṣẹ ọlọpàá mú Olawale Jamiu, ti iléèkó College of Health lorí pé o fipá bá akẹkọọ lò pọ","['disgust', 'sadness']",['disgust'],[],['disgust']
yoruba_text_4149_emotion_1,Ọjọ mẹrin lawọn oṣiṣẹ yoo fi maa lọ sibi iṣẹ bayii nipinlẹ Kaduna,[],[],['joy'],[]
yoruba_text_936_emotion_1,"""Àìsàn tó ń mú èèyàn fa irun ara rẹ̀ tu - Ohun tó yẹ kí o mọ̀ nípa """"Trichotillomania"""" nìyí""",['surprise'],['fear'],['fear'],['fear']
yoruba_text_3622_emotion_1,"Ojoojumọ lọrọ Buhari n jọ mi loju, nitori ki i ṣe Buhari ti mo mọ niyi-Ọbasanjọ",['sadness'],['sadness'],"['sadness', 'surprise']",['sadness']
yoruba_text_2945_emotion_1,"Ọmọ Ibo kan wọ wahala l’Ekiti, obinrin lo ge lọmu jẹ",['disgust'],['sadness'],['sadness'],['sadness']
yoruba_text_3050_emotion_1,Ọwọ tẹ Muhammed at’ọrẹ ẹ to n fi ayederu dọla ṣe paṣipaarọ fawọn eeyan,['surprise'],[],[],[]
yoruba_text_2964_emotion_1,O ma ṣe o! Awọn agbebọn tun ran eeyan mẹfa sọrun ojiji,['sadness'],['sadness'],['sadness'],['sadness']
yoruba_text_4753_emotion_1,Ṣẹgun Oni wọ alaga ajọ eleto idibo ipinlẹ Ekiti lọ sile-ẹjọ,[],[],[],[]
yoruba_text_548_emotion_1,Xenophobia Attack - Ilẹ South Afrika kò ní gbàgbé Nàìjíríà fún àtìlẹyìn wọn.,['joy'],['joy'],['joy'],['joy']
yoruba_text_4178_emotion_1,Mi o ṣetan lati yi ipinnu mi pada lori ofin fifi ẹran jẹko ti mo fọwọ si-Akeredolu,[],[],['anger'],[]
yoruba_text_4080_emotion_1,"Ti ẹ ba ni kawọn Fulani ma fi maaluu jẹko ni gbangba mọ, ẹ ni lati wa ọna miiran fun wọn-Gomina Kwara ",[],[],"['anger', 'sadness']",[]
yoruba_text_4221_emotion_1,RRS doola ẹmi ọmọbinrin to fẹẹ binu ko somi l’Ekoo,['joy'],['joy'],['joy'],['joy']
yoruba_text_4413_emotion_1,"Olowo Eko, Ọba Rilwan Akiolu, ti pada saafin ẹ l’Ekoo",[],['joy'],['joy'],['joy']
yoruba_text_81_emotion_1,"Warplane caught fire in Yobe:: Báàlù ológun tó já, to ṣekú pa àwọn ará ìlú Buhari ṣẹlẹ̀ nítòòtọ́- Nigerian Air Force","['sadness', 'surprise']",['sadness'],['sadness'],['sadness']
yoruba_text_411_emotion_1,"Ẹ parapọ, ka jọ gbe Osun larugẹ",['joy'],[],['joy'],['joy']
yoruba_text_3547_emotion_1,Awọn ileewe to n fa wahala lori Hijaabu di abawọle ileewe wọn pa n’Ilọrin,[],"['anger', 'sadness']",['sadness'],['sadness']
yoruba_text_4879_emotion_1,Olori awọn aṣofin Eko gbaṣẹ lọwọ awọn amugbalẹgbẹẹ rẹ mẹrin,['surprise'],['sadness'],['sadness'],['sadness']
yoruba_text_1626_emotion_1,Damola Olatunji fojú balé ẹjọ́ lórí ẹ̀sùn pé ó dúnkookò mọ́ ọlọ́pàá àtàwọn ẹ̀sùn míì,['surprise'],['sadness'],[],[]
yoruba_text_3317_emotion_1,Ikunlẹ abiyamọ o! Akẹkọọ ogun jona ku nigba tileewe wọn gbina,['sadness'],['sadness'],['sadness'],['sadness']
yoruba_text_2233_emotion_1,"T﻿áńkà agbépo gbiná ní Kogi, ẹ̀mí èèyàn 20 ba lọ","['sadness', 'surprise']",['sadness'],['sadness'],['sadness']
yoruba_text_1402_emotion_1,Ọmọ ọdún mẹ́rìndínlógún dèrò àtìmọ́lé lẹ́yìn tó bú gómìnà ìpínlẹ̀ Yobe lórí ayélujára,['surprise'],['sadness'],['sadness'],['sadness']
yoruba_text_909_emotion_1,ICPC vs Kashamu: Irọ́ ni ICPC ń pa mọ́ Kashamu lórí ọ̀rọ̀ ọkọ̀ áńbúlàǹsì àti ẹ̀rọ amúnáwá,['anger'],"['anger', 'fear']",['disgust'],['anger']
yoruba_text_176_emotion_1,Ghana Witches: Wò bí wọ́n ṣe pa ìyá ẹni ọdún 90 tí wọ́n pè ní àjẹ́,"['sadness', 'surprise']","['disgust', 'sadness']",['surprise'],"['sadness', 'surprise']"
yoruba_text_3210_emotion_1,Awọn agbebọn yinbọn pa awakọ nibi to ti n sa fawọn ajinigbe l’Akunnu Akoko,['sadness'],['sadness'],['sadness'],['sadness']
yoruba_text_992_emotion_1,"Iyabo Ojo: Tiwa Savage fun ní N500,000, àwọn míì fi màálù méjì, ọtí wáìnì ránṣẹ",['surprise'],[],['joy'],[]
yoruba_text_94_emotion_1,Measles: Àwọn ọmọdé mẹ́rìnlá pàdánù ẹ̀mí wọn ní ìpínlẹ̀ Anambra,['sadness'],['sadness'],['sadness'],['sadness']
yoruba_text_4373_emotion_1,"O ti deewọ fawọn Iya Ọṣun, Iya Ibeji ki wọn maa tọrọ owo ninu ọja-Iyalọja Kwara ",['surprise'],['disgust'],['sadness'],[]
yoruba_text_397_emotion_1,Airbus A380: Ṣé o ti gbọ́ nípa bàálù tó n fi òróró ìsebẹ̀ fò? Mọ̀ nípa rẹ̀ níbí,['surprise'],['surprise'],['surprise'],['surprise']
yoruba_text_811_emotion_1,"Messis vs Ronaldo: Jurgen Klopp ní àràmọ̀ndà agbábọ́ọ̀lù tó ń jẹ Messi, ó ju Ronaldo lọ lórí pápá",['surprise'],[],['joy'],[]
yoruba_text_4665_emotion_1,Ijọba mi ko ni i gba gbẹrẹ fẹni kan – Buhari,[],['anger'],['anger'],['anger']
yoruba_text_4029_emotion_1,Ọwọ ọlọpaa atawọn ọlọdẹ tẹ ikọ adigunjale ti wọn jẹ obinrin l’Oṣogbo,['joy'],['anger'],[],[]
yoruba_text_468_emotion_1,EndSARS Protest: Samuel Ogundeji gba ẹ̀bùn ẹ̀kọ́ ọ̀fẹ́ lẹ́yìn tí SARS fọ́ ojú rẹ̀,"['sadness', 'surprise']","['joy', 'surprise']",['sadness'],"['sadness', 'surprise']"
yoruba_text_355_emotion_1,Shiite: Àwa kọ́ la yìnbọn pa ọ̀gá ọlọ́pàá àti akọ̀ròyìn,['anger'],['fear'],['sadness'],[]
yoruba_text_2498_emotion_1,"Endsars Protest: Àwa ò bẹ̀rù, a ó ṣèrántí ọdún kan tí ìjọba Naijiria f'ẹ̀mí ṣòfò lásíkò ìfẹ́hónúhàn Endsars - Soworo, Falz","['anger', 'sadness']",[],['anger'],['anger']
yoruba_text_2492_emotion_1,Ṣé lóòtọ́ ni àwọn ọmọ ogun Naijiria ń pa àwọn àgbẹ̀ nínú oko wọn nílẹ̀ Ibo?,['surprise'],[],['surprise'],['surprise']
yoruba_text_4986_emotion_1,Tinubu loun faramọ bi Sanwo-Olu ṣe fagile owo ifẹyinti awọn gomina Eko,['surprise'],[],['joy'],[]
yoruba_text_2731_emotion_1,"Ẹ woju wọn, aṣọ ṣọja ni wọn fi n lu jibiti kiri ipinlẹ Eko",['anger'],['disgust'],['disgust'],['disgust']
yoruba_text_4633_emotion_1,Ija n bọ! Tinubu fẹẹ gba Wike lọwọ PDP,['fear'],['fear'],['fear'],['fear']
yoruba_text_669_emotion_1,I﻿ndia fòfin de iléeṣẹ́ tó pèsè oògun ikọ́ tó pa ọmọdé 69,['sadness'],['anger'],"['anger', 'sadness']","['sadness', 'anger']"
yoruba_text_2648_emotion_1,"Ọpẹ o, awọn ololufe Lalude ra mọto fun un",['joy'],['joy'],['joy'],['joy']
yoruba_text_2961_emotion_1,"Awọn adigunjale fọ banki niluu l’Okuku, wọn kowo nla lọ",['surprise'],['sadness'],['sadness'],['sadness']
yoruba_text_1013_emotion_1,Hirsutism: Wo ohun tí ojú obìnrin tó ní irun ní gbogbo ara ń rí torí ó dà bí ọkùnrin,[],[],['sadness'],[]
yoruba_text_3446_emotion_1,"Nitori aabọ owo-osu t’Akeredolu n san fawọn oṣiṣẹ, awọn dokita bẹrẹ iyansẹlodi l’Ondo ",['anger'],['anger'],[],['anger']
yoruba_text_3062_emotion_1,"Nitori ti won ko lo ibomu, awọn alaṣẹ ileewe le akẹkọọ meji danu nipinlẹ Ọyọ",['surprise'],[],[],[]
yoruba_text_3901_emotion_1,Awọn agbebọn tun ti ji awọn arinrin-ajo gbe l’Ọṣun,['surprise'],['sadness'],['sadness'],['sadness']
yoruba_text_318_emotion_1,"How well Sign Board: Ògidì ọmọ Yorùbá, ẹ súnmọ́ ibi kí ẹ wá dán ara wò..",[],[],['joy'],[]
yoruba_text_3206_emotion_1,"‘Ko sohun ti APC ko fi ni i wọle ibo 2023, gbogbo aye lo ri i pe iṣejọba Buhari peregede’",['joy'],[],[],[]
yoruba_text_1738_emotion_1,Fadlullah Adebayo Death in Ukraine: Mọ̀lẹ́bí figbe ta pé ejò lọ́wọ́ nínú lórí ikú akẹ́kọ̀ọ́ tó kú lọ́jọ́ kejì tó dé ilé ẹ̀kọ́ nílẹ̀ òkèèrè,['sadness'],['sadness'],"['anger', 'sadness']",['sadness']
yoruba_text_4874_emotion_1,"Wọn gbaṣọ lọrun ṣọja yii, eyi lohun to ṣe",['surprise'],"['disgust', 'sadness']",['sadness'],['sadness']
yoruba_text_2068_emotion_1,"Adebayo Shittu: Ọ̀rọ̀ Boko Haram ti kọjá Buhari nìkan, àwọn èèyàn kan lókèrè ló fẹ́ ba iṣẹ́ Buhari jẹ́",['sadness'],['fear'],['sadness'],['sadness']
yoruba_text_4622_emotion_1,Akeredolu ati Fayẹmi ṣabẹwo si Tinubu ni London,[],[],[],[]
yoruba_text_3241_emotion_1,"Adigunjale ya wọ ile awọn akẹkọọ Poli Ilaro, wọn ba awọn akẹkọọ-binrin wọn lo pọ","['disgust', 'sadness']","['fear', 'sadness']",['sadness'],['sadness']
yoruba_text_2250_emotion_1,"Ẹ̀nikan fi ọ̀rọ̀ ọkọ bú mi àmọ́, Ọlọ́run ṣe oore tó já ayé láyà – Olorì Ooni Tobiloba","['joy', 'sadness']",['joy'],['joy'],['joy']
yoruba_text_338_emotion_1,Wo àwọn tí ayé ń wò pé ó le gba ipò igbákejì Atiku nínú PDP,['surprise'],[],['surprise'],['surprise']
yoruba_text_1350_emotion_1,Lassa Fever: Wo iye ibùdó ìtójú ibà Lassa tó wà ní Nàìjíríà,[],[],"['sadness', 'surprise']",[]
yoruba_text_4013_emotion_1,"Wọn ni Tinubu ti ko Korona, ṣugbọn baba naa ni ṣaka lara oun da",['surprise'],[],['joy'],[]
yoruba_text_3006_emotion_1,"Iru ki waa leleyii, ọmọkunrin yii si para ẹ niwaju iya ẹ ni Surulere","['sadness', 'surprise']","['fear', 'sadness']",['surprise'],"['sadness', 'surprise']"
yoruba_text_2522_emotion_1,"Lẹyin ọdun mẹẹẹdogun: Ọbasanjọ ati Gani Adams pari ija, nitori iṣọkan ilẹ Yoruba",['surprise'],[],['joy'],[]
yoruba_text_4380_emotion_1,"Ogunṣua tuntun gbọpa aṣẹ, o ni fun idagbasoke Mọdakẹkẹ ni – Oyetọla",[],[],['joy'],[]
yoruba_text_4734_emotion_1,Adeleke gbe igbimọ kalẹ lati yanju wahala ẹgbẹ oṣiṣẹ kootu ati adajọ agba l’Ọṣun,[],[],[],[]
yoruba_text_2323_emotion_1,Fire accident victim: AbdulQudus Bello ṣàlàyé bí òun ṣe dí aláàbọ̀ ara nítorí pọpọ́ọ̀fù àti ìbínú jàǹdùkù àdúgbò,['sadness'],['sadness'],['sadness'],['sadness']
yoruba_text_1927_emotion_1,Church founders allegedly kill member in fellowship: Bí olùdásílẹ̀ ìjọ méjì ṣe sin òkú ọmọ ìjọ láì sọ f'Ọ́lọ́pàá,['surprise'],"['disgust', 'sadness']",['surprise'],['surprise']
yoruba_text_4572_emotion_1,"Lẹyin ọjọ marun-un lahaamọ, Ile-ẹjọ gba beeli Babaimọle tijọba Kwara lo ba awọn lorukọ jẹ",['joy'],[],['joy'],['joy']
yoruba_text_1385_emotion_1,"Buhari ti gbìyànjú lórí ètò aàbò, ó ti gé ìyẹ́ apa ISWAP ṣùgbọ́n má a gbìyànjú síi- Bola Tinubu",[],[],[],[]
yoruba_text_4756_emotion_1,"Joshua fiya jẹ Pulev, ogbologboo abẹṣẹ-ku-bii-ojo",['surprise'],[],['joy'],[]
yoruba_text_301_emotion_1,Tírélà ti gba àárín èmi àti Ooni Ogunwusi rí àmọ́ ohun tó ṣẹlẹ̀ rèé -  Olori Tobi Phillips,"['anger', 'sadness']",['sadness'],[],['sadness']
yoruba_text_4164_emotion_1,Ile-ẹjọ fagi le bi wọn ṣe da APC lọwọ kọ lori apero gbogbogboo wọn,[],[],[],[]
yoruba_text_4384_emotion_1,Tunde Bakare loun ti bẹrẹ ipolongo atunto Naijiria lakọtun,[],[],[],[]
yoruba_text_4752_emotion_1,Ijọba apapọ ṣe ifilọlẹ owo Naira ori ẹrọ ayelujara (eNaira),[],[],[],[]
yoruba_text_3017_emotion_1,"Awọn ajijagbara ‘Yoruba Nation’ fipa gbakoso redio Amuludun, n’Ibadan, ọlọpaa ti mu ninu wọn",[],[],[],[]
yoruba_text_661_emotion_1,"Gba “Yahoo boy” sílé rẹ kí o fi ẹ̀wọ̀n ọdún 15 jura, EFCC  kìlọ̀ fún àwọn oníle",['anger'],['fear'],['anger'],['anger']
yoruba_text_1079_emotion_1,"Burundi government fires workers with side chics: 'Bóo bá yan àlè lẹ́nu iṣẹ́ Ọba níbí, gbígba ilé lọ yá fún ọ nìyẹn!'",['surprise'],['disgust'],['surprise'],['surprise']
yoruba_text_2825_emotion_1,"Awọn agbebọn pa ọkunrin to ni Falọla Hotel, n’Ileṣa",['sadness'],['sadness'],['sadness'],['sadness']
yoruba_text_2874_emotion_1,Ta lo n purọ: Owo dija silẹ laarin Gomina Makinde ati ileewosan UCH,['surprise'],[],['surprise'],['surprise']
yoruba_text_2430_emotion_1,"EndSARS report: Buhari ti sọ̀rọ̀ sókè lórí àbájáde ìwádìí EndSARS, Ó ní ohun táwọn ìpínlẹ̀ bá mú bọ̀ lòun ń retí",[],[],[],[]
yoruba_text_3579_emotion_1,Awakọ to ba fa wahala nipinlẹ Ọyọ yoo jẹ baba nla iya- Ọmọlẹwa,[],['anger'],['anger'],['anger']
yoruba_text_4113_emotion_1,A ko fọwọ si awọn to n lọ kaakiri ileewe pe ki ominira wa fun ilẹ Yoruba- Ijọba Ọṣun,[],['anger'],"['disgust', 'sadness']",[]
yoruba_text_3633_emotion_1,Eyi nidi tawọn ọmọ Naijiria ko ṣe nigbagbọ ninu ijọba- Imaamu Fasiti Ibadan,[],[],[],[]
yoruba_text_262_emotion_1,"Mother with six set of twins: Ọkọ sá fún mi, ẹbí kọ̀ mí nítórí pé mo bí ìbejì lẹ́ẹ̀mẹfà",['sadness'],['sadness'],['sadness'],['sadness']
yoruba_text_4425_emotion_1,Awa ọba gbọdọ yago fun iwa ẹlẹyamẹya ti a ba fẹ ki ifẹ jọba lorileede yii – Oluwo ,[],[],"['anger', 'sadness']",[]
yoruba_text_3555_emotion_1,EndSARS: Ọlọpaa ṣafihan awọn afurasi to da wahala silẹ l’Ekiti,[],['anger'],[],[]
yoruba_text_4007_emotion_1,"Nitori Korona, gomina Eko sun iwọle awọn oṣiṣẹ siwaju",[],['fear'],['sadness'],[]
yoruba_text_3117_emotion_1,"Eeyan mẹta ku, ọpọ fara pa, ninu ijamba ọkọ l’Akurẹ",['sadness'],['sadness'],['sadness'],['sadness']
yoruba_text_3874_emotion_1,Ijọba ṣekilọ: Ẹni to ba kọ lati lo ibomu l’Ekoo le fẹwọn jura o,[],['anger'],['anger'],['anger']
yoruba_text_2165_emotion_1,Kí ló dé tí orúkọ̀ ọ̀daràn tó sá kúrò lọ́gbà ẹ̀wọ̀n Kuje ṣe wà lára àwọn agbébọn tó kọlu ṣọ́ọ̀ṣì Owo?,['surprise'],[],['surprise'],['surprise']
yoruba_text_1664_emotion_1,"Classroom collapse on pupils in Ogun: Muinat Ilebiyi gbẹ́mìí mì lójú ẹsẹ̀, ipò táwọn méjì tó kù wà rèé","['sadness', 'surprise']",['sadness'],['sadness'],['sadness']
yoruba_text_2196_emotion_1,Osogbo JTF vs Youth Protest: Àwọn ẹbí Idris Ajibola ń fẹ́ ìdájọ́ lórí ikú ọmọ wọn,"['anger', 'sadness']",['sadness'],[],['sadness']
yoruba_text_2804_emotion_1,"Adajọ ti ran Victor lẹwọn ọdun mẹta, jẹnẹretọ lo ji gbe l’Akurẹ",['surprise'],['sadness'],"['sadness', 'surprise']","['surprise', 'sadness']"
yoruba_text_882_emotion_1,Iléeṣẹ́ ọlọ́pàá dóòlà ọmọ oṣù kan tí wọ́n gbé e sọnù l'Eko,['sadness'],['joy'],"['joy', 'sadness']","['sadness', 'joy']"
yoruba_text_3516_emotion_1,"Eeyan meje lo ku, wọn tun dan sun ọpọlọpọ ile ninu wahala Ilobu ati Ẹrin-Ọṣun",['sadness'],['sadness'],['sadness'],['sadness']
yoruba_text_398_emotion_1,"Disability: Kò sẹ́ni tó kọ́ mi bí wọ́n ṣe ń fi ọwọ́ sọ̀rọ̀, ìmísí yẹn kàn wá ni - Tola","['joy', 'surprise']",['surprise'],[],['surprise']
yoruba_text_3479_emotion_1,"Ọmọleewe fa’gbo yo, lo ba ki baba ẹ mọlẹ, o si lu u pa","['sadness', 'surprise']",['sadness'],"['sadness', 'surprise']","['sadness', 'surprise']"
yoruba_text_2175_emotion_1,"Kidnap cases in Nigeria: Iléeṣẹ́ ọ̀lọ́pàá ní ọwọ́ tẹ afurasí méjì, méjì míì sálọ",[],[],[],[]
yoruba_text_1540_emotion_1,Àwọn dókítà ti ń káyà sókè torí ìlera Ọ﻿babìnrin Elizabeth Keji,"['fear', 'sadness']",['fear'],['fear'],['fear']
yoruba_text_2704_emotion_1,"Awọn ọmọ yahoo mẹrin rẹwọn he, igbo ni wọn n fa lotẹẹli kan ni Kwara ",['surprise'],['disgust'],[],[]
yoruba_text_3253_emotion_1,"Nitori akọlu awọn tọọgi, apapọ ẹgbẹ oṣelu rawọ ẹbẹ si Buhari l’Ondo",['fear'],['fear'],['fear'],['fear']
yoruba_text_312_emotion_1,Roheem Bamimore: Ìlú Saki gbóná fún ìwọ́de nígbà tí wọn rí òkú ọmọ ọdún mẹ́jọ tí wọn jí gbé,"['sadness', 'surprise']",['anger'],"['anger', 'sadness']","['sadness', 'anger']"
yoruba_text_807_emotion_1,Christmas: Ẹni ti ọdun ba ti bá láyé yẹ kó dúpẹ́,['joy'],[],['joy'],['joy']
yoruba_text_3553_emotion_1,"Ẹwọn n run nimu Gbenga,  ọmọbinrin to muti yo lo fipa ba lo pọ",['disgust'],"['anger', 'sadness']",['sadness'],['sadness']
yoruba_text_4617_emotion_1,Ọọni yan Toyin Kọlade ni Iyalaje Oodua,[],['joy'],['joy'],['joy']
yoruba_text_798_emotion_1,Lagos Okada ban: Àwọn àkàndá ẹ̀dá ní àwìn làwọn gba kẹ̀kẹ́ táwọn fi ń jẹun,[],['sadness'],['sadness'],['sadness']
yoruba_text_2308_emotion_1,South Africa killings: Ìjọba àpapọ̀ ní kò sóun tó jọ ìbúgbàmù àdó olóró níléeṣẹ́ ìjọba South Africa tó wà nílùú Abuja,[],[],[],[]
yoruba_text_856_emotion_1,Serena Williams: Wang tún da àlá Ife ẹ̀yẹ kẹrìnlélógùn fún Serena Williams rú,['sadness'],['sadness'],['sadness'],['sadness']
yoruba_text_1739_emotion_1,Tọkọtaya wọ “jẹsí” Messi àti Mbappe lọ́jọ́ ìgbéyàwó,['surprise'],[],[],[]
yoruba_text_1329_emotion_1,"Nkechi Blessing, Mr Latin, Damola Olatunji: Ẹ̀ṣẹ̀ Nkechi àti ìjìyà tí a fún un ló fi ń yí ọ̀rọ̀ mọ́ ara wọn",['anger'],[],[],[]
yoruba_text_3739_emotion_1,Iru ki waa leleyii! Wọn yinbọn pa olukọ Fasiti Ibadan,['sadness'],['sadness'],['sadness'],['sadness']
yoruba_text_3538_emotion_1,"Adajọ ju Ariyibi sẹwọn ọdun marun-un, kokeeni lo gbe",['surprise'],['anger'],['sadness'],[]
yoruba_text_3238_emotion_1,"Bọkọ mi ko ba gbẹjẹ lara mi, ki i fi mi silẹ, mi o ṣe mọ – Mariam",['sadness'],"['anger', 'sadness']","['anger', 'sadness']","['sadness', 'anger']"
yoruba_text_2948_emotion_1,"Awọn bọis n ja si ọmọge kan, ni wọn ba ba mọto mẹẹẹdọgbọn jẹ n’Ilọrin",['surprise'],['sadness'],[],[]
yoruba_text_1493_emotion_1,Emefiele presidency ambition: Emefele kò lè ní kí INEC má bẹ́gi dínà èróngbà òun láti díje du ipò Ààre gẹ́gẹ́ bíi gómìnà CBN - Ilé ẹjọ́,[],[],['anger'],[]
yoruba_text_3217_emotion_1," O ma ṣe o, wọn yinbọn pa alaga APC atawọn eeyan rẹpẹtẹ  ",['sadness'],['sadness'],['sadness'],['sadness']
yoruba_text_3919_emotion_1,"Ẹwọn n run nimu ọmọkunrin yii, ayederu owo Naira ni wọn ba lọwọ ẹ",['surprise'],['disgust'],['sadness'],[]
yoruba_text_3337_emotion_1,"O maṣe o, were ṣa ọmọ ọdun meje pa l’Ado-Ekiti",['sadness'],['sadness'],['sadness'],['sadness']
yoruba_text_3042_emotion_1,   Ọlọpaa n wa Ganiyu to figo gun ibatan rẹ pa l’Ekoo ,"['disgust', 'sadness']",[],[],[]
yoruba_text_2009_emotion_1,"Ọlatunji, akẹ́kọ̀ọ́gboyè 'graduate' tó ń ta àkàrà 'Ó ta lẹ́nu' nílùú Osogbo",['surprise'],[],['surprise'],['surprise']
yoruba_text_351_emotion_1,"Irọ́ lo pa! Ariwo Yorùbá Nation rẹ̀, ọgbọ́n àti dá ọmọ Yorùbá sínú láàsìgbò ni - Tinubu fún Akintoye lésì",['anger'],"['anger', 'fear']",['anger'],['anger']
yoruba_text_3452_emotion_1,"Ibudo itọju arun Covid-19 Kwara jona, ọpọlọpọ dukia lo ṣofo","['sadness', 'surprise']",['sadness'],['sadness'],['sadness']
yoruba_text_2905_emotion_1,"Wahala owo Naira: Awọn ọdọ fibinu dana sun banki meji, wọn ba dukia jẹ l’Ogun",['surprise'],['anger'],['anger'],['anger']
yoruba_text_3012_emotion_1,Awọn agbebọn ti pa mẹta ninu awọn akẹkọọ fasiti ti wọn ji gbe ni Kaduna,['sadness'],['sadness'],['sadness'],['sadness']
yoruba_text_1261_emotion_1,"Gorillas in Nigeria: Orí àwọn Ìnàkí náà kéré, ọwọ́ wọn gùn, tí irun wọn sì funfun",[],[],['surprise'],[]
yoruba_text_4306_emotion_1,Nitori aigbọra-ẹni-ye awọn ọmọ APC kan ya lọ sinu ẹgbẹ YPP ni Kwara ,['anger'],['disgust'],['sadness'],[]
yoruba_text_2194_emotion_1,"Ijó tí mo jó níwájú Ooni Ife ti ayé ń pariwo ẹ̀ kiri, N250,000 ni mo fi pa– Nkechi Blessing Sunday",['surprise'],[],"['joy', 'sadness']",[]
yoruba_text_2525_emotion_1,Iroyin ayọ ree o! Tinubu yoo pin gilaasi oju to le  ni miliọnu marun-un fawọn ọmọ Naijiria,['joy'],['joy'],['joy'],['joy']
yoruba_text_4615_emotion_1,Ibo gomina Ọṣun: Ile-ẹjọ to ga ju lọ yoo gbe idajọ kalẹ lọjọ Tusidee,[],['fear'],['fear'],['fear']
yoruba_text_2390_emotion_1,Akinyele murder: Àwọn aṣekúpani tún ti pa ọmọ ọdún 16 ní Akinyele nípìnlẹ̀ Oyo,"['fear', 'sadness']",['sadness'],['sadness'],['sadness']
yoruba_text_2786_emotion_1,Ọlọpaa obinrin lawọn Fulani onimaaluu yii ji gbe o,['surprise'],['sadness'],"['anger', 'surprise']",['surprise']
yoruba_text_551_emotion_1,2022 Electoral Act: Malami ń forí ilé ẹjọ́ gba ara wọn lórí òfin ètò ìdìbò,[],['sadness'],[],[]
yoruba_text_1162_emotion_1,"5G network: Báyìí tí ìjọba Nàìjíríà ti buwọ́lù ìfilọ́lẹ̀ 5G, kí làwọn ǹkan tó yẹ kó o mọ̀ nípa rẹ̀?",[],[],[],[]
yoruba_text_377_emotion_1,Ọjà Enugu dahoro tórí ókú ọ̀pọ̀ ẹyẹ igún tó balẹ̀,"['sadness', 'surprise']",['fear'],['surprise'],['surprise']
yoruba_text_1864_emotion_1,Wo èèyàn mẹ́wàá tí ọlọ́pàá ta níbọn lọ́dún 2022,['sadness'],['sadness'],['surprise'],['sadness']
yoruba_text_3351_emotion_1,Eeyan meji ku lasiko ti ṣọọṣi kan da wo lulẹ nipinlẹ Ọṣun,['sadness'],['sadness'],['sadness'],['sadness']
yoruba_text_2228_emotion_1,Lagos bulding collapse: Mo gbàdúrà kí Ọlọrun tu gbogbo ẹbí Osibona nínú - Abiodun,['sadness'],['sadness'],['sadness'],['sadness']
yoruba_text_4540_emotion_1,"Gomina Ọṣun fẹẹ pin irẹsi ọdun faraalu, o tun kede sisan owo-oṣu Kejila awọn oṣiṣẹ",['joy'],['joy'],['joy'],['joy']
yoruba_text_809_emotion_1,World Malaria Day 2022: Wo àwọn nkan ti o lé ṣe láti dáàbò bo ara rẹ lọ́wọ́ oró àìsàn ibà,[],['joy'],[],[]
yoruba_text_865_emotion_1,Oyo Chieftancy Coronation: Ìpapòda Aláàfin kò ní dá ètò ìfinijoyè Femi Gbajabiamila dúró- Ọyọmesi,[],[],[],[]
yoruba_text_2502_emotion_1,"Ọpẹ o, lẹyin ọpọlọpọ ọdun to ti n wa ọmọ, Biọla Eyinọka bimọ ọkunrin","['joy', 'surprise']",['joy'],['joy'],['joy']
yoruba_text_3614_emotion_1,"Oluwatosin atawọn ẹgbẹ ẹ ja tirela to kun fun simẹnti gba, wọn ṣa dẹrẹba ladaa yannayanna",['sadness'],['sadness'],['sadness'],['sadness']
yoruba_text_3174_emotion_1, Eeyan meji ku ninu ijamba ọkọ loju ọna marosẹ Eko si Abẹokuta,['sadness'],['sadness'],['sadness'],['sadness']
yoruba_text_862_emotion_1,"Fayoṣe: Gómìnà Fayemi kò nílò ẹjọ́, torí àti ṣe ohun ti ìjọba àná kò leè ṣe ní wọ́n fi dìbò fún un",['anger'],[],['anger'],['anger']
yoruba_text_3604_emotion_1,Ọwọ tẹ awọn ọrẹ mẹta to n ja ero inu ọkọ lole ni Koṣọfẹ,['surprise'],"['anger', 'sadness']",[],[]
yoruba_text_886_emotion_1,"9ice Marriage: Ẹ ba mi bẹ ìyàwó mi, òun ni igi lẹ́yìn ọgbà mi",['sadness'],[],['fear'],[]
yoruba_text_1452_emotion_1,Ọmọ́táyọ̀ Olútóyè: Àwọn ǹkan tó yẹ kí ẹ mọ̀ nípa Ọ̀jọ̀gbọ́n obìnrin àkọ́kọ́ nínú ẹ̀kọ́ èdè Yorùbá lágbàyé,['surprise'],[],[],[]
yoruba_text_1818_emotion_1,Wo àwọn olóṣèlú tí àwọn ọmọ Naijiria ti fi aṣọ wọn ṣe yẹ̀yẹ́ rèé...,[],[],[],[]
yoruba_text_3410_emotion_1, Ẹẹmeji ni mo daku nigba ti mo kọkọ laju ri oku iyawo mi ni mọsuari-Ọlakunrin,['sadness'],['sadness'],['sadness'],['sadness']
yoruba_text_729_emotion_1,"Buhari: Bí kìí bá ṣe ìpàdé ìgbìmọ̀ aláṣẹ tí à ń ṣe, ìpayà kò bá bá mi kí ìgbẹ́jọ́ tó wáyé",[],['fear'],['joy'],[]
yoruba_text_3568_emotion_1,"O ga o, awọn agbebọn tun kogun ja ọlọpaa ni teṣan wọn, wọn pa mẹta danu",['sadness'],['sadness'],['sadness'],['sadness']
yoruba_text_1577_emotion_1,"Ogun School Collapse: Ìjọba Ogun wó iléẹ̀kọ́ Nazareth High School, Imeko tó wó pa ọmọ orùkan",['sadness'],[],['sadness'],['sadness']
yoruba_text_1486_emotion_1,"Osun, Ekiti guber polls: N22.5m lowó fọ́ọ̀mù àti díje fún ipò gómìnà lẹ́gbẹ́ APC",['surprise'],[],['surprise'],['surprise']
yoruba_text_1121_emotion_1,Human Rights Day: Wo àwọn ẹ̀tọ́ rẹ lábẹ́ òfin,[],[],[],[]
yoruba_text_1499_emotion_1,LASTMA: Ìwà tí LASTMA àtàwọn ọlọ́pàá hù tí ìyáwó mi fi pàdánú oyún inú rẹ̀ - Onyemaechi,['sadness'],['sadness'],['sadness'],['sadness']
yoruba_text_4912_emotion_1,"Lati ṣami ayẹyẹ ọdun Iṣẹṣe, ijọba Eko kede ọjọ Aje bii isinmi lẹnu iṣẹ",[],[],[],[]
yoruba_text_260_emotion_1,"Bí ìjọba bá tẹ̀síwájú láti máa yan ọba, ìlú kò lè tòrò láíláí - Àwọn oníṣẹ̀se",['sadness'],['anger'],['anger'],['anger']
yoruba_text_3140_emotion_1,"Iya atọmọ balẹ satimole, nitori iya ọgọta ọdun ti wọn pa l’Ojodu Abiọdun","['sadness', 'surprise']",['sadness'],"['sadness', 'surprise']","['sadness', 'surprise']"
yoruba_text_4234_emotion_1,"Lẹyin ọjọ marun-un lọdọ awọn ajinigbe, awọn mọkanla ti wọn ji gbe gbominira ni Kwara ",['joy'],['joy'],['joy'],['joy']
yoruba_text_1313_emotion_1,Yoruba Language: BBC Yoruba ń gbìyànjú kí èdè má parun,['joy'],[],[],[]
yoruba_text_3052_emotion_1,"Nitori ẹsun ipaniyan, adajọ sọ baba arugbo sẹwọn ni Kwara ",['surprise'],[],['sadness'],[]
yoruba_text_3662_emotion_1,Iyawo David ti aṣita ibọn ọlọpaa pa ni Ṣagamu n bẹbẹ fun iranlọwọ,['sadness'],['sadness'],['sadness'],['sadness']
yoruba_text_1489_emotion_1,"Ibrahim Magu: Ọ̀gá àgbà báńkì tẹ́lẹ̀ rojọ́ tako alága EFCC tẹ́lẹ̀, ó fẹ̀ṣùn ìbàjẹ́ kàn-án",['anger'],['anger'],['surprise'],['anger']
yoruba_text_3841_emotion_1,"Wọle ati Saheed ko sakolo ọlọpaa, ole ni wọn n ja loju popo l’Ekoo",['surprise'],"['disgust', 'joy']",[],[]
yoruba_text_3712_emotion_1,"Eyi ni bi baba mi ṣe ku, dokita lo pa a – Ọmọ Dẹjọ Tunfulu",['sadness'],['sadness'],['sadness'],['sadness']
yoruba_text_1027_emotion_1,Lagos Flood: Omíyalé gbẹ́mìí ọmọ ìyá mẹ́ta àti àgbálàgbá mẹ́rin - NEMA,['sadness'],['sadness'],['sadness'],['sadness']
yoruba_text_3967_emotion_1,"Ijọba, ẹgbẹ oṣiṣe fọwọ si owo oṣu tuntun l’Ekiti",[],['joy'],[],[]
yoruba_text_1681_emotion_1,Olóṣèlú bẹ̀rẹ̀ àpárá tórí ọ̀pọ̀ olùwọ́de lẹ́yìn Peter Obi,[],[],[],[]
yoruba_text_833_emotion_1,Sola Sobowale: Iṣẹ́ tí Ọlọ́run kọ mọ́ mi ni mò ń ṣe,['joy'],[],['joy'],['joy']
yoruba_text_3637_emotion_1,Ijọba fi oṣu mẹfa kun igbele awọn alaga kansu fẹsun ṣiṣe owo ilu baṣubaṣu,[],['disgust'],[],[]
yoruba_text_4570_emotion_1,"Ọga INEC  ni bilionu mejidinlogun lawọn yoo fi ṣeto idibo Kogi, Bayelsa ati Imo",[],[],[],[]
yoruba_text_1410_emotion_1,Aisha Yesufu: Àbúrò ìyá mí tó ti wà di olùṣọ àgùntàn lóni fojú mí rí mọbo,['sadness'],['sadness'],['sadness'],['sadness']
yoruba_text_347_emotion_1,Buhari: Baba 'Go slo' ní ìṣèjọba alágbádá ti ń falẹ̀ jù fún ipinnu òun gbogbo,['sadness'],['disgust'],"['anger', 'sadness']",['sadness']
yoruba_text_981_emotion_1,BBC Africa Eye: Ìwádìí tú àṣírí bí ààrẹ orílẹ̀-èdè DR Congo ṣé lú owó aráàlú ní pónpó,['surprise'],[],['sadness'],[]
yoruba_text_2466_emotion_1,Sylvester Oromoni: Iléeṣẹ́ ọlọ́pàá Eko ti kó àwọn ọlọ́pàá kògbéregbè lọ síléẹ̀kọ́ Dowen College tí Sylvester Oromoni tó kú lọ,[],[],[],[]
yoruba_text_3000_emotion_1,‘’Iya gidi ni yoo jẹ ọlọpaa to ba yẹ foonu araalu wo loju titi’’,['anger'],['anger'],['anger'],['anger']
yoruba_text_3819_emotion_1,Ọmọ ọdun mẹẹẹdogun gun iyawo ẹgbọn ẹ to loyun oṣu mẹjọ pa,"['sadness', 'surprise']",['sadness'],['sadness'],['sadness']
yoruba_text_212_emotion_1,Bobrisky: Òntàjà góòlù wọ́ Bobrisky nìlẹ̀ pé ó ra góòlù àwìn tó wọ̀ lọ́jọ́ ìbí rẹ̀ láì san owó pé,['anger'],['disgust'],"['sadness', 'surprise']",[]
yoruba_text_412_emotion_1,Kogi alleged rape: Agbẹjọ́rò fún arábìnrin tó fẹ̀sùn ìfipábánilòpọ̀ kan kọmíṣọ́nà Kogi ní ó ṣeéṣe kí ìyípadà rẹ̀ lórí ẹ̀sùn náà ó lọ́wọ́ àwọn alágbára nínú,['surprise'],['fear'],['sadness'],[]
yoruba_text_3674_emotion_1,"Wọn ti mu Pasitọ Adebolu, awọn ọmọ ijọ rẹ lo lu ni jibiti owo nla  l’Akurẹ",['surprise'],['disgust'],[],[]
yoruba_text_4088_emotion_1,Ko si atako ati ibanilorukọjẹ to le ni ki n ma dupo aarẹ- Tinubu,[],['anger'],['anger'],['anger']
yoruba_text_3077_emotion_1,"Ẹ gbadura fun  Kollington Ayinla o, wọn lẹsẹ-kan-aye ẹsẹ-kan-ọrun lo wa lọsibitu bayii!",['sadness'],['sadness'],['sadness'],['sadness']
yoruba_text_2391_emotion_1,Zamfara Bandits Attacks: Agbébọn pa ogún èèyàn torí wọn kò rí N40m ìsákọ́lẹ̀ abúlé wọn san,['sadness'],['sadness'],['sadness'],['sadness']
yoruba_text_3506_emotion_1,"Wọn dajọ iku fun Solomon atawọn ọrẹ ẹ, ọga ṣọja ni wọn pa n’Ibadan",['surprise'],"['anger', 'sadness']",[],[]
yoruba_text_4472_emotion_1,Ọọni Ileefe rọ awọn ọdọ lati gba alaafia laaye,[],[],[],[]
yoruba_text_1457_emotion_1,Obateru Akinruntan: Wíwá ohun tá jẹ títí láé ló gbé wa kúrò nílé Ife,[],[],[],[]
yoruba_text_3688_emotion_1,Amọtẹkun tẹ Afeez ati ọrẹ rẹ ti wọn fipa ba ọmọbinrin to n ṣe nnkan oṣu lo pọ n’Iwoo,['disgust'],[],"['joy', 'sadness']",[]
yoruba_text_2904_emotion_1,"O ti ju ọdun mẹfa lọ ti ọkọ mi ti ṣe ‘kinni’ fun mi gbẹyin, mi o fẹ ẹ mọ-Dorcas","['sadness', 'surprise']",['anger'],['anger'],['anger']
yoruba_text_2920_emotion_1,"Usman fẹẹ fiyawo rẹ ṣoogun owo, lo ba lẹdi apo pọ pẹlu babalawo lati ji i gbe n’Ilọrin","['disgust', 'surprise']","['disgust', 'sadness']",['surprise'],"['disgust', 'surprise']"
yoruba_text_1893_emotion_1,Teenagers arrested for money ritual: 'Orí Facebook ni mo ti kọ́ nípa òògùn owó táà gé orí Sofiat fún ní Abeokuta',"['sadness', 'surprise']","['disgust', 'sadness']",['fear'],['sadness']
yoruba_text_2789_emotion_1,"O ma ṣe o, awọn meji ku nibi ti wọn ti n ṣewọde SARS l’Akurẹ",['sadness'],['sadness'],['sadness'],['sadness']
yoruba_text_2772_emotion_1,Awọn janduku ji eeyan mejidinlogun gbe lẹẹkan ṣoṣo lọna Eruwa,"['fear', 'sadness']",['sadness'],"['sadness', 'surprise']",['sadness']
yoruba_text_2195_emotion_1,Obi Cubana: Ilé ijó 'Hustle and Bustle' di tìtì pa lẹ́yìn ikú olùgbafẹ́ kan,['surprise'],['sadness'],['disgust'],[]
yoruba_text_3690_emotion_1,Eyi ni bi ọkọ Dangote ṣe tẹ ọmọ iya mẹta pa l’Akungba Akoko,['sadness'],['sadness'],['sadness'],['sadness']
yoruba_text_358_emotion_1,"Abiola Ajimobi one year memorial: Yemi Osinbajo, Aregbesola, Ganduje péjú síbi ìrántí ọdún kan Ajimobi, wọ́n ní àwọn ń sàárò ọgbọ́n ìṣèjọba àti òṣèlú rẹ̀",['sadness'],['sadness'],['sadness'],['sadness']
yoruba_text_2442_emotion_1,"Bàbá ìyàwó ní ìfẹ́ wà láàrin ọmọ́ òun àti ọkọ rẹ̀, inú àwọn sì dùn sí ìgbeyàwó náà",['joy'],['joy'],['joy'],['joy']
yoruba_text_3307_emotion_1,Peter Obi koro oju si bi Sanwo-Olu ṣe da awọn ọmọ ipinlẹ Ọṣun kan pada sile,['anger'],['disgust'],['anger'],['anger']
yoruba_text_3137_emotion_1,Awọn Fulani ji pasitọ Ridiimu atawọn mẹtala mi-in gbe l’Eruwa,['sadness'],['sadness'],['sadness'],['sadness']
yoruba_text_3615_emotion_1,"Idajọ oju-ẹsẹ, awọn araalu binu dana sun afurasi adigunjale kan",['surprise'],['anger'],['anger'],['anger']
yoruba_text_2021_emotion_1,"Oyo Fire: Dukia ṣófo, ọmọ ọdún mẹ́rìnlá faragbọta níbí iná tó jó ọjà Akesan",['sadness'],['sadness'],['sadness'],['sadness']
yoruba_text_4258_emotion_1,"Ọkunrin yii gbe awọn ibẹta niyawo lọjọ kan naa, o ni wọn ti jọra wọn ju   ",['surprise'],['surprise'],['surprise'],['surprise']
yoruba_text_2381_emotion_1,"Ikọ̀ ọ̀tẹlẹ̀múyẹ́ Amẹrika, FBI, ló gbé òkú àbúrò mi lọ sin lọ́dọ̀ wọn - Ayorinde Owolabi",['sadness'],[],['sadness'],['sadness']
yoruba_text_34_emotion_1,"21 years after Bola Ige's death: ọdún mọ́kànlélógún lẹ́yìn ikú Bola Ige, ìjọba kò tíì kéde ẹni tó yìnbọn pa á ní Ibadan","['sadness', 'surprise']",['sadness'],"['sadness', 'surprise']","['sadness', 'surprise']"
yoruba_text_826_emotion_1,"Latifat Tijani: Ìjọba Naijiria ń ṣèlérí láti mọ́ rírì mi àmọ́ láti 2016, pàbó ló ń já sí",['sadness'],"['fear', 'sadness']",['sadness'],['sadness']
yoruba_text_1041_emotion_1,Àwọn mọ̀lẹ́bí Sammie Okposo sọ̀rọ̀ lórí ikú rẹ̀,[],['sadness'],[],[]
yoruba_text_961_emotion_1,Akomolede ati Asa lori BBC: Olùkọ́ Bolanle Adekanmi kọ́ wa nípa oríṣíi Àròkọ Yorùbá tó wà,[],[],[],[]
yoruba_text_3136_emotion_1,Nnkan de! Wọn ti ji kọmiṣanna kan ati ana ẹ gbe lọ,['sadness'],['sadness'],['surprise'],['sadness']
yoruba_text_4914_emotion_1,Halimat Ayinla Ọmọwura fẹẹ ṣayẹyẹ iranti ọdun kọkanlelogoji baba ẹ l’Abẹokuta,[],[],[],[]
yoruba_text_891_emotion_1,2023 Election: Femi Falana ní òfin kò faàyè gba kí Goodluck Jonathan dupò Ààrẹ,[],[],[],[]
yoruba_text_784_emotion_1,El-Zakzaky: Àwọn ọmọ Nàìjíría fẹ́ òfin Islam ju ìjọba awarawa lọ,"['sadness', 'surprise']",[],[],[]
yoruba_text_1023_emotion_1,"A﻿gbénipa bẹ́ orí, wọ́n tún la àyà òṣìṣẹ́ ìjọba ní Akure","['disgust', 'sadness']",['sadness'],"['sadness', 'surprise']",['sadness']
yoruba_text_3891_emotion_1,"Ijamba ọkọ gbẹmi eeyan kan, awọn meji mi-in fara pa n’llọrin ",['sadness'],['sadness'],['sadness'],['sadness']
yoruba_text_3817_emotion_1,Awọn agbebọn tun paayan marundinlogoji ni Jos,"['fear', 'sadness']",['sadness'],['sadness'],['sadness']
yoruba_text_3559_emotion_1,"Awọn ọta Oluwoo taṣiiri ẹ, wọn lo fẹẹ gbowo lọwọ gomina fun igbeyawo to fẹẹ ṣe",['surprise'],['anger'],[],[]
yoruba_text_2182_emotion_1,"Messi fi ìtàn lélẹ̀, Ife ẹ̀yẹ àgbáyé di ti Argentina lẹ́yìn ọdún 36","['joy', 'surprise']",['joy'],['joy'],['joy']
yoruba_text_1762_emotion_1,À﻿ṣà tó burú jáì ni dídénà àwọn obìnrin láti má rí ogún bàbá wọn jẹ- Wike,['sadness'],['sadness'],['sadness'],['sadness']
yoruba_text_4209_emotion_1,"Ọrọ baba atọmọ lọrọ emi ati Ọọni  Ifẹ, mo ti pe wọn lori foonu-Sunday Igboho",[],[],[],[]
yoruba_text_1153_emotion_1,"Alimotu Pelewura: Akọni ajìjàgbara obìnrin, ìyálọ́jà àti olóṣèlú tó sun àtìmalé torí owó orí",[],"['disgust', 'sadness']",['sadness'],['sadness']
yoruba_text_4085_emotion_1, Wọn lawọn obi yoo maa tọwọ bọwe adehun alaafia lori awọn akekọọ girama l’Ogun,[],['fear'],[],[]
yoruba_text_927_emotion_1,"Michael Oluronbi: Ẹranko tó da àṣọ èèyàn bora ní mí, mo jẹ̀bi ohun tó ṣẹlẹ̀",['sadness'],['disgust'],['surprise'],[]
yoruba_text_3945_emotion_1,Fayẹmi gbe ọpa aṣẹ fun ọba tuntun ni Ijan-Ekiti,[],[],['joy'],[]
yoruba_text_4792_emotion_1,"Loootọ ni ara Ọlaiya Igwe ko ya, ṣugbọn ọkunrin naa ko ku o",[],[],[],[]
yoruba_text_925_emotion_1,Independence Day Nigeria: Lamido Sanusi gbóṣùbà fún ìjọba lórí bó ṣe yọwọ́ ìrànwọ́ epo,['joy'],[],['joy'],['joy']
yoruba_text_2689_emotion_1,Ibo Ondo: Wọn lawọn janduku ti n yinbọn l’Akurẹ o,"['fear', 'sadness']",['fear'],['fear'],['fear']
yoruba_text_4571_emotion_1,"Fani Kayọde ni Sunday Igboho ti bẹ Ọọni, o lọrọ toun sọ ja bọ ni",['sadness'],['sadness'],[],['sadness']
yoruba_text_4621_emotion_1,O ṣẹlẹ! Akeredolu sọrẹnda,['surprise'],['sadness'],['sadness'],['sadness']
yoruba_text_3644_emotion_1,"Iru ki waa leleyii! Wọn ge ori atọwọ baale kan n’Ilọrin, wọn ju oku ẹ sinu kanga","['disgust', 'sadness']","['disgust', 'sadness']",['sadness'],"['disgust', 'sadness']"
yoruba_text_1720_emotion_1,Kà nípa àwọn Gomina míì tó tí fi agbára sọ́wọ́ ìgbákejì wọn lásìkò tí wọ́n lọ fún ìsinmi lẹ́nu iṣẹ́,[],[],[],[]
yoruba_text_4780_emotion_1,"Ifa o fọre fun Secondus o, ile-ẹjọ lawọn o le da apero PDP duro",[],[],['sadness'],[]
yoruba_text_1158_emotion_1,Rumuekpe Port Harcout explosion: Èèyàn 25 jóná níbi ọ̀pá epo tó fọ́,"['fear', 'sadness']",['sadness'],['sadness'],['sadness']
yoruba_text_2808_emotion_1,"Wọn pa Fulani darandaran sinu oko, wọn tun ge ẹya ara rẹ lọ ni Kwara ","['disgust', 'sadness']",['sadness'],['sadness'],['sadness']
yoruba_text_498_emotion_1,"Ondo kidnappers: Àwọn agbébọn pa èèyàn méjì l’Akure, wọ́n ṣá ẹlòmíràn ní àdá lórí","['fear', 'surprise']",['sadness'],['sadness'],['sadness']
yoruba_text_2892_emotion_1,"Nitori to lu jibiti lori ẹrọ ayelujara, adajọ sọ Gideon sẹwọn ọgbọn ọjọ n’llọrin",['surprise'],['anger'],[],[]
yoruba_text_4711_emotion_1,"Ti mo ba tun aye wa, Yinka ni ma a fẹ – Joe Odumakin",[],[],['sadness'],[]
yoruba_text_442_emotion_1,Cardi B leaked video: Cardi B ṣàlàyé ohun tó gbé fọ́tò ìhòhò rẹ̀ d'órí ayélujára Instagram,['surprise'],['disgust'],['sadness'],[]
yoruba_text_2617_emotion_1,"Ọpẹ o, awọn ọlọpaa ti ri Sunday to n paayan l’Akinyẹle to sa lọ n’Ibadan mu",['joy'],['joy'],['joy'],['joy']
yoruba_text_48_emotion_1,"Ọmọọba ní èmi náà, mo sì lẹ́tọ̀ọ́ láti jẹ Aláàfin - Bíṣọ́ọ̀bù Ladigbolu",[],[],['anger'],[]
yoruba_text_4601_emotion_1,Iwọde nla yoo waye l’Abẹokuta lọjọ Aje,['surprise'],['anger'],[],[]
yoruba_text_3394_emotion_1,"O ṣẹlẹ, babalawo ku sori iyawo pasitọ to gbe lọ sotẹẹli",['surprise'],"['disgust', 'sadness']","['sadness', 'surprise']","['surprise', 'sadness']"
yoruba_text_572_emotion_1,Police rescue: Àwọn ọlọ́pàá ti dóòlà ọmọbìnrin tí àwọn òbí rẹ̀ so mọ́lẹ̀ fún ọdún 10,"['sadness', 'surprise']",['joy'],['joy'],['joy']
yoruba_text_3786_emotion_1,"Buhari bawọn ọmọ Naijiria sọrọ, o ni, ‘Awọn kan ro pe ọlẹ ati oku ojo lasan ni wa’",[],['sadness'],[],[]
yoruba_text_2629_emotion_1,"Ọpẹ o, awọn ẹṣọ alaabo doola ẹmi Olori Oba ti wọn pa, wọn mu afurasi mẹtala ",['joy'],['joy'],['joy'],['joy']
yoruba_text_2259_emotion_1,BBC World: Iléeṣẹ́ BBC fi ètò tuntun lọ́lẹ̀ fún àwọn àkàndá,['joy'],[],[],[]
yoruba_text_641_emotion_1,Nigeria Borders open: Onímọ̀ ọrọ̀ ajé ní ìlànà tẹ́tẹ́ títa ní ìjọba ń lò fétò ọ̀rọ̀ ajé,[],['disgust'],['sadness'],[]
yoruba_text_1291_emotion_1,"Alapinni Oosa ṣàdúrà fún gbogbo ọmọ kúoótù, oò jíire bí?",[],[],[],[]
yoruba_text_3943_emotion_1,Kaadi idibo: Ijọba kede ọjọ Ẹti gẹgẹ bii isinmi fawọn oṣiṣẹ l’Ọṣun,[],[],[],[]
yoruba_text_2375_emotion_1,Insecurity in Yorubaland: Olugbon ní àwọn ọba ṣetán láti ti olóòtọ́ọ́ oníṣẹ̀ṣé lẹ́yìn lórí ìpèsè àbò,[],[],[],[]
yoruba_text_2447_emotion_1,Nigerian Spider Man Jonathan Olakunle: Naijiria nílò ènìyàn tó fẹ́ràn ìmọ́tótó bii tèmi,[],[],[],[]
yoruba_text_4127_emotion_1,"Nitori ‘Yoruba Nation’, iwọde nla yoo waye lọdọ ajọ Iṣọkan Agbaye l’Amẹrika",[],['anger'],[],[]
yoruba_text_2604_emotion_1,"Mo fọwọ si Ọṣinbajo lati dupo aarẹ, eeyan daadaa ni, o si ni ero rere-Babangida",[],[],[],[]
yoruba_text_3182_emotion_1,"Ẹlẹtan ni Oyetọla, ko gbe igbesẹ alaafia kankan pẹlu wa – Awọn TOP",['anger'],['anger'],['sadness'],['anger']
yoruba_text_4479_emotion_1,Amaechi ti juwọ silẹ: Tinubu ati Yẹmi Ọṣinbajo ni yoo koju ara wọn bayii,[],[],['sadness'],[]
yoruba_text_4308_emotion_1,Ẹgbẹ Labour fẹẹ da owo fọọmu oludije wọn to ku lojiji pada fawọn mọlẹbi rẹ,"['sadness', 'surprise']",[],['sadness'],['sadness']
yoruba_text_3415_emotion_1,Awọn ti mi o ba rowo ji nile wọn ni mo maa n ba iyawo tabi ọmọọdọ wọn lo pọ – Adeniyi,"['disgust', 'sadness']",['anger'],[],[]
yoruba_text_103_emotion_1,Àwọn agbésùmọ̀mí tú èèyàn méje míì sílẹ̀ lára àwọn tí wọ́n jí gbé lójú ọ̀nà Abuja-Kaduna,"['fear', 'joy']",['joy'],['joy'],['joy']
yoruba_text_4845_emotion_1,"Ẹ lẹtọọ labẹ ofin lati ṣewọde ita gbangba, ṣugbọn ẹ ma fi ba dukia ijọba jẹ-Ijọba Eko",[],[],[],[]
yoruba_text_874_emotion_1,"Dino Melaye: Ẹ̀yin ara Ondo, ẹ kígbe pé kò fẹ́ èrú ìbò, kí ìbò yín má ba à wọmi",[],[],['anger'],[]
yoruba_text_818_emotion_1,BBC Investigation on IPOB: Mọ̀ síi nípa IPOB tó ń gbé orí ayélujára dá rúgúdú sílẹ̀ nítorí ọ̀rọ̀ Biafra,[],[],[],[]
yoruba_text_1022_emotion_1,"SW Security: Ìpàdé ààbò wáyé nílẹ̀ Yorùbá, wọ́n fẹnu ọ̀rọ̀ jóná pẹ̀lú ilééṣẹ́ ọlọ́pàá",[],[],[],[]
yoruba_text_4871_emotion_1,Eto idibo le ma waye ti… –INEC,[],[],[],[]
yoruba_text_3837_emotion_1,"O ti ṣẹlẹ, awọn ẹgbẹ Ajẹ lorileede Naijiria kilọ fun Ọṣinbajo, wọn ni ko ma dupo aarẹ",['surprise'],['disgust'],['surprise'],['surprise']
yoruba_text_4447_emotion_1,Ori ko eeyan mejidinlogun yọ lọwọ iku ojiji lasiko ti mọto ero gbina ni Kwara ,['joy'],['joy'],['joy'],['joy']
yoruba_text_537_emotion_1,Bisi Alimi: Inú mi dùn sí bí Gabon ṣe fòǹtẹ̀ lu òfin pé kí akọ máa fẹ́ akọ,['joy'],['joy'],['joy'],['joy']
yoruba_text_3392_emotion_1,"Bireeki tanka epo feeli, lo ba tẹ awọn ọmọleewe mẹẹẹdogun pa",['sadness'],['sadness'],['sadness'],['sadness']
yoruba_text_3691_emotion_1,"Ẹwọn n run nimu Ọladipọ, ile adiẹ lo ti fipa ṣe ‘kinni’ fun ọmọbinrin kan",['disgust'],['disgust'],[],['disgust']
yoruba_text_324_emotion_1,"Ọwọ́ tẹ olóyún, ìyálọ́mọ àtàwọn afurasí míì tó gbé òògùn olóró",['surprise'],['joy'],['surprise'],['surprise']
yoruba_text_1600_emotion_1,Deborah Killed in Sokoto: Olùṣọ́ ìjọ tí wọ́n jó ṣọ́ọ̀ṣì pátápátá ní Sokoto sòrò sókè!,['sadness'],[],['anger'],[]
yoruba_text_2681_emotion_1,Idanwo WAEC: ọga ileewe tabi olukọ to ba ṣe eru idanwo ni Kwara yoo da ara rẹ lẹbi,[],[],['anger'],[]
yoruba_text_631_emotion_1,"Cameroon wa ìyà mu bíi gaàrí lọ́wọ́ England, 3-0 ló bá dé",['surprise'],[],"['joy', 'sadness']",[]
yoruba_text_356_emotion_1,Ondo Deeper life cleaner killed: Wọ́n gé gògòńgò ìyá wa lọ lẹ́yìn tí wọ́n pa a- Omo Iya deeper Life,['sadness'],['sadness'],['sadness'],['sadness']
yoruba_text_321_emotion_1,Olubadan stool: Rashidi Ladoja ní àṣà ilẹ̀ Ibadan kò nó dàrú lórí òun,['sadness'],[],['surprise'],[]
yoruba_text_4959_emotion_1,"Oluwoo ṣọdun Olodumare, o ni Musulumi ati Onigbagbọ ko gbọdọ jija ẹsin, ọmọ iya kan naa ni wọn",[],[],[],[]
yoruba_text_3798_emotion_1,"Sikiru binu ṣa baba ẹ pa l’Abẹokuta, tori tiyẹn ni ko lọọ waṣẹ ṣe","['disgust', 'sadness', 'surprise']","['disgust', 'sadness']",['sadness'],"['disgust', 'sadness']"
yoruba_text_2273_emotion_1,"Timothy Adegoke: Àwọn ọ̀dọ́ Eruwa ké sí Buhari, Makinde láti tako kí wọn dabarú ìwádìí ikú olóògbé",['sadness'],[],['anger'],[]
yoruba_text_1512_emotion_1,Gender Based Violence: Àjàkálẹ̀ àrùn míì ní ìfìpábánilòpọ̀ níbí pẹ̀lú adúrú obìnrin tí wọ́n ṣeé sí,['surprise'],['fear'],['sadness'],[]
yoruba_text_1379_emotion_1,"Ẹ̀hun ọ̀rọ̀ ni, kò sí ẹrí tó fíhàn pé ISWAP ló ṣé ikọlù sí ilé ìjósìn Owo -Fayemi",[],[],['anger'],[]
yoruba_text_1831_emotion_1,EFCC- Diezani: Ilé ẹjọ́ ti gbéjilé ẹ̀ṣọ́ ara Diezani tó tó $40m pátápátá,['surprise'],[],['surprise'],['surprise']
yoruba_text_1341_emotion_1,Boko Haram Sponsors: Ẹbí àwọn ọmọ Nàìjíríà mẹ́fa tó rí ẹ̀wọ̀n he ní UAE nítorí Boko Haram sọ pé àkóba ni ọ̀rọ̀ nàá,['surprise'],['sadness'],['sadness'],['sadness']
yoruba_text_1520_emotion_1,Àwoͅn awakòͅ ìgboro ti fagilé ìyansͅéͅlódì oͅlóͅsèͅ kan ní ìlú Eko,['joy'],['joy'],['joy'],['joy']
yoruba_text_1171_emotion_1,"Ogun Pastor rapes choir member: Èmi àti ọmọ ẹgbẹ́ akọrin wa jọ yó ìfẹ́ ara wa ni, mi ò jẹ̀bi",['surprise'],['disgust'],['surprise'],['surprise']
yoruba_text_1532_emotion_1,Ìjọba Nàìjíríà yí ìpinnu rẹ̀ padà lórí àjọ eré ìdárayá bọ́ọ̀lù alápẹ̀rẹ̀ tó bẹ́gilé tẹ́lẹ̀,[],[],['joy'],[]
yoruba_text_3406_emotion_1,Awọn eeyan Oriade ni ọlọpaa ko gbọdọ fi Jombo to n lẹdi apo pọ pẹlu awọn ajinigbe silẹ,[],['anger'],[],[]
yoruba_text_3236_emotion_1,"Nitori ọrọ Hushpuppi, wọn ti jawee gbele-ẹ fun Abba Kyari",['surprise'],['sadness'],[],[]
yoruba_text_894_emotion_1,Atiku Appeal: Ilé ẹjọ́ tó ga jùlọ ní Nàìjíríà yóò gbẹjọ́ kòtẹ́milọ́rùn PDP lọ́jọ́rùú,[],[],[],[]
yoruba_text_3826_emotion_1,"Ganiyu ti jẹ eewọ, ọmọ bibi inu ẹ lo fun loyun, lo ba tun fẹẹ ba a ṣẹ ẹ",['disgust'],['disgust'],"['disgust', 'sadness']",['disgust']
yoruba_text_2967_emotion_1,"Awọn Fulani kọ lu baba agbẹ ninu oko rẹ n’Ikakumọ Akoko, wọn gun un yannayanna",['disgust'],['sadness'],['sadness'],['sadness']
yoruba_text_315_emotion_1,"OPC: Àwọn àgbà ilẹ̀ Yoruba ní OPC àti Boko Haram kò jọra, kí wọn má fi ewúrẹ́ wé ẹkùn",['anger'],"['anger', 'disgust']",['anger'],['anger']
yoruba_text_691_emotion_1,Àwọn nǹkan méje tí Peter Obi ní òun fẹ́ ṣe tó bá di Ààrẹ nìyí,[],[],[],[]
yoruba_text_2393_emotion_1,"Bayelsa: Douye Diri di gómìnà Bayelsa lẹ́yìn ìbúrawọlé, iléeṣẹ́ ọlọ́pàá kéde kóńlé ó gbélé",[],[],[],[]
yoruba_text_1907_emotion_1,King of Bahrain robot bodyguard: Wo ohun tó yẹ kí o mọ̀ nípa ‘rọ́bọ́ọ̀tì Ọba Bahrain’,[],[],[],[]
yoruba_text_625_emotion_1,Olu of Warri Emiko coronation: Ogiame Atuwatse III yí gbogbo ègún to ba ipò rẹ̀ gẹgẹ bi ọba rin,['surprise'],[],[],[]
yoruba_text_2803_emotion_1,Eyi le o! Wọn ju Kabiyesi sẹwọn ọdun mẹwaa,['surprise'],['sadness'],['surprise'],['surprise']
yoruba_text_2417_emotion_1,"Abisayo Fakiyesi breast cancer survivor: 'Gbogbo irun orí, ti abẹ́, abíyá pátá ló fá lọ, ahọ́n àti èékáná mi dúdú!",['surprise'],[],['sadness'],[]
yoruba_text_4699_emotion_1,"Ile-ẹjọ da ẹjọ Ṣoworẹ ati Bakare nu, wọn ni ko lẹsẹ nilẹ rara",['surprise'],"['anger', 'surprise']",['sadness'],['surprise']
yoruba_text_172_emotion_1,"Sasa crisis, MURIC: Ó yẹ kí ìjọba sanwó gbà mábínú fún darandaran àtàwọn àgbẹ̀ tó faragbá nínú rògbòdòdìyàn Sasa","['anger', 'sadness']",['sadness'],['anger'],"['anger', 'sadness']"
yoruba_text_2093_emotion_1,"Aláàfin: Àìrí iṣẹ́ ṣe ọ̀dọ́ lágbègbè mi ń peléke, ó sì nílò àmójútó",['sadness'],"['fear', 'sadness']",['sadness'],['sadness']
yoruba_text_3710_emotion_1,"Awọn Fulani darandaran ya wọnu ọja, wọn paayan mejidinlogun",['sadness'],['sadness'],['sadness'],['sadness']
yoruba_text_79_emotion_1,Uterus Didelphys: Elizabeth Amoaa sọ̀rọ̀ nípa ìrírí rẹ̀ pẹ̀lú ojú ara méjì àti ilé ọmọ méjì,['surprise'],['surprise'],['surprise'],['surprise']
yoruba_text_755_emotion_1,Side effects of birth control: Wo ipa tí òògùn ìfètò sọ́mọ́ bíbí le ní lára rẹ,[],['fear'],"['fear', 'surprise']",['fear']
yoruba_text_4684_emotion_1,Oluwoo we lawani fun Imaamu Agba tuntun niluu Iwo,['joy'],[],[],[]
yoruba_text_2639_emotion_1,TOM gba Adeleke nimọran: Tẹsiwaju ninu awọn eto rere tijọba Oyetọla ba ṣe,[],[],[],[]
yoruba_text_1554_emotion_1,"Ogun Cultist: Ọwọ́ tẹ afurasí ọmọ ẹgbẹ́ òkùnkùn ní ilé ìtura, wo nǹkan tí ọlọ́pàá ká mọ lọ́wọ́",[],[],['surprise'],[]
yoruba_text_1712_emotion_1,Timothy Adegoke: Kò pẹ́ táa bẹ̀rẹ̀ ẹ̀jọ́ lórí ikú àbúrò mi ni Adedoyin tó ni hòtẹ́ẹ̀lì rán lawyer kó gbé owó wá - Ẹ̀gbọ́n Timothy,['surprise'],['disgust'],['sadness'],[]
yoruba_text_1992_emotion_1,Sunday Igboho: Ẹgbẹ́ Afenifere fèsì sí ẹ̀sùn pé wọ́n fi Igboho wé Ànọ́bì Muhammed (S.A.W),[],[],['anger'],[]
yoruba_text_1815_emotion_1,Venus Williams virginity: Ṣé lóòtọ́ọ́ ni Venus Williams kò tíì mọ ọkùnrin lọ́mọ ọdún 41?,['surprise'],['surprise'],['surprise'],['surprise']
yoruba_text_515_emotion_1,"Falana sòkò ọ̀rọ̀ sì agbẹnusọ Ọlọ́pàá tó ní aráàlù kò le gbẹ̀san, bí ọlọ́pàá bá gbá a létí",['anger'],['anger'],['anger'],['anger']
yoruba_text_834_emotion_1,Adejare Adeboye: Olúwa yóò dá gbogbo ohun ta sọnù ní 2020 padà ní ilọ́po méje fún wa,['joy'],[],[],[]
yoruba_text_2725_emotion_1,Ija rẹpẹtẹ laarin ẹgbẹ onimọto Eko: Awọn ọmọ Oṣodi lawọn o fẹ MC Oluọmọ nipo mọ,['surprise'],['disgust'],['anger'],[]
yoruba_text_3574_emotion_1,Kayeefi! Awọn agbebọn ji ọba ati olori rẹ gbe lọ,['surprise'],['fear'],"['sadness', 'surprise']",['surprise']
yoruba_text_2176_emotion_1,"""""""Ẹsẹ̀ mí kẹ̀, ó dojú kọ ara wọn bíi pẹ́rẹ́gi, ìṣẹ́ abẹ kẹta ló mú kó nà padà""""""",['sadness'],['joy'],['surprise'],[]
yoruba_text_4616_emotion_1,"Laarin oṣu meji, Ọọni Ogunwusi ṣe mọmi-n-mọ-ọ fun olori mẹrin",['surprise'],['surprise'],['surprise'],['surprise']
yoruba_text_3393_emotion_1,"   Nibi to ti n pẹwọ fun ọlọkada, ọkọ akoyanrin tẹ eeyan mẹta pa l’Ekoo",['sadness'],['sadness'],['sadness'],['sadness']
yoruba_text_3004_emotion_1,"Ẹlẹwọn kan, Amọtẹkun meji pẹlu ṣọja kan ku nibi ikọlu awọn agbebọn si ọgba ẹwọn Ọyọ",['sadness'],['sadness'],['sadness'],['sadness']
yoruba_text_4367_emotion_1,"Oyebamiji lo wọle ibo Ekiti, ṣugbọn Ṣẹgun Oni loun ko ni i gba",['anger'],['disgust'],[],[]
yoruba_text_2587_emotion_1,Latigba ti Buhari ti gbajọba ni wahala Boko Haram ti lọ silẹ-Fẹmi Adeṣina ,['joy'],[],[],[]
yoruba_text_3366_emotion_1,"Awọn ṣọja ṣawari ileeṣẹ ti wọn ti n ta ọmọ tuntun, ọpọlọpọ aboyun ni wọn  ko kuro nibẹ",['surprise'],['disgust'],[],[]
yoruba_text_2897_emotion_1,"O ṣẹlẹ, ọmọọdun mẹtadinlogun gbe majele jẹ nitori owo ọga rẹ to ṣe baṣubaṣu","['sadness', 'surprise']",['sadness'],[],['sadness']
yoruba_text_3098_emotion_1,"Ọlọpaa tọ n ṣọ Gbajabiamila, olori awọn aṣoju-ṣofin, yinbọn pa fẹndọ l’Abuja",['surprise'],['sadness'],['sadness'],['sadness']
yoruba_text_4325_emotion_1,Ọna kan pataki lati da ogo ati ọrọ-aje orile-ede Naijiria pada ni ki ẹ dibo fun mi-Tinubu,[],[],[],[]
yoruba_text_3378_emotion_1,Awọn aṣofin Ondo ba mọlẹbi awọn to ku sinu ijamba ọkọ l’Akungba Akoko kẹdun,['sadness'],['sadness'],['sadness'],['sadness']
yoruba_text_4143_emotion_1,Awọn ileewe ilẹ Yoruba yoo ṣi loṣu to n bọ,[],[],[],[]
yoruba_text_4767_emotion_1,Jandor fesi ọrọ Tinubu: Ko si obi rere kan ti ko ni i fọmọ bii Funkẹ Akindele yangan,['anger'],[],['anger'],['anger']
yoruba_text_2475_emotion_1,Oluwo of Iwo land God Festival: Jumoke Odetola bá Oluwo pé Ọba Yorùbá kìí ṣe aláṣẹ ìkejì Orìṣà mọ́ látòní lọ,[],[],[],[]
yoruba_text_1194_emotion_1,"Aráàlú, ẹ nàka sáwọn agbébọn tó pa ọlọ́pàá, wọn kò ní lọ láìjìyà – Buhari",['anger'],['anger'],['anger'],['anger']
yoruba_text_4886_emotion_1,"Buhari paṣẹ fawọn gomina: Ẹ pada sile, ẹ lọọ ṣeto pẹlu awọn ọba alaye lori eto aabo",[],[],['sadness'],[]
yoruba_text_970_emotion_1,Tope Ajogbajesu: Mọ̀lẹ́bí kan ní orin ikú ọdún yìí fò mí ru ní Tope kọ láàrin ọ̀sẹ̀ tó kú,['sadness'],['sadness'],[],['sadness']
yoruba_text_2573_emotion_1,"Ọpẹ o, lẹyin ọjọ mẹrin lakata awọn ajinigbe, wọn ti tu alaga PDP silẹ",['joy'],['joy'],['joy'],['joy']
yoruba_text_4125_emotion_1,Buhari ṣi ọna reluwee Eko s’Ibadan,['joy'],['joy'],['joy'],['joy']
yoruba_text_566_emotion_1,Coronavirus lockdown: Ìyàtọ̀ láàrín ìgbélé ní Nàìjíríà àti ilẹ̀ òkèèrè,[],[],[],[]
yoruba_text_2360_emotion_1,Díẹ̀ lára ìgbà tí Amotekun ti mú àwọn afurasí ọ̀dàrán ní Ondo,[],[],[],[]
yoruba_text_3791_emotion_1,Ija ni wọn ni ki ọlọpaa yii waa la to fi yinbọn paayan l’Ogbomọṣọ,['surprise'],"['anger', 'sadness']",['sadness'],['sadness']
yoruba_text_3073_emotion_1,"Yunkẹyunkẹ ti su Yẹmi, lo ba fọbẹ ge ‘’kinni’’ ọkọ ẹ nipinlẹ Ogun","['disgust', 'sadness']",['sadness'],['surprise'],['sadness']
yoruba_text_35_emotion_1,Kunle Afolayan: Òun àti Mike Ezuruonye ń gbéná wojú ara wọn lórí ayélujára,['anger'],[],['anger'],['anger']
yoruba_text_4648_emotion_1,2023: Ibo miliọnu kan lawa obinrin maa fun Tinubu/Shettima l’Ọṣun- Iyawo Oyetọla,[],[],[],[]
yoruba_text_788_emotion_1,"Ondo robbers vs Army attack: Adigunjalẹ̀ kolu sójà ní Ondo, wọ́n yìnbọn lú wọ́n ní àyà àti ní apá","['fear', 'surprise']",['sadness'],['sadness'],['sadness']
yoruba_text_1799_emotion_1,Peter Fatomilola: Mo ṣe àìgbọràn sí ìyá mi púpọ̀ nítorí ẹran ìrúbọ ati ẹ̀bùn ọ̀fẹ́,['surprise'],[],[],[]
yoruba_text_1566_emotion_1,Lassa Fever: Ibà Lassa tún ti rán èèyàn mẹ́rin s'ọ́run ní ìpínlẹ̀ Kogi,['sadness'],['sadness'],['sadness'],['sadness']
yoruba_text_1124_emotion_1,Civilian JTF: Kí ló mú aṣáájú Yorùbá tako ìgbésẹ ológun láti gbà ọdẹ́ ìbílẹ̀ JTF ṣiṣẹ ní Borno?,[],[],['surprise'],[]
yoruba_text_242_emotion_1,"Wọ́n fẹ́ fi ìgbálẹ̀ àti pankẹ́rẹ́ lé mi kúrò láàfin torí Adeleke, Ọlọrun ló yọ mí  – Ataoja Osogbo",['fear'],['fear'],['joy'],['fear']
yoruba_text_838_emotion_1,Taaooma Mariam Apaokagi: Ìbáṣepọ̀ mi pẹ̀lú àwọn òbí mi yàtọ̀ sí bí mó ṣé n polongo nínú fídíò mi,[],[],"['joy', 'sadness']",[]
yoruba_text_295_emotion_1,MC Oluomo NURTW: Ìjọba ìpínlẹ̀ Eko yan MC Oluomo gẹ́gẹ́ bí alága ìgbìmọ̀ adarí ẹgbẹ́ awakọ̀ Èkó,"['disgust', 'surprise']",[],[],[]
yoruba_text_3036_emotion_1,"Awọn ọdọ adugbo dana sun ọkunrin kan, wọn lo ji ọmọ araadugbo awọn gbe Amuloko, n’Ibadan","['sadness', 'surprise']",['sadness'],['anger'],['sadness']
yoruba_text_911_emotion_1,"Gani Adams: Iléesẹ́ ọlọ́pàá Oyo ṣe àfihàn àwọn afurasí, òníjìbìtì",[],[],['sadness'],[]
yoruba_text_2607_emotion_1,Dapọ Abiọdun fun akẹkọọ Ogun to yege ju lọ ni LASU ni miliọnu meji naira ati ile kan,"['joy', 'surprise']",['joy'],['joy'],['joy']
yoruba_text_2019_emotion_1,"Titus Badejo, ibadan broadcaster murder: A ti fún Makinde ní gbèdeké ọjọ́ mẹ́ta láti fojú àwọn tó pa Ejanla hàn- NUJ",['anger'],['anger'],['anger'],['anger']
yoruba_text_3365_emotion_1, Tirela Dangote tun tẹ ọpọ eeyan pa l’Akungba Akoko,['sadness'],['sadness'],['sadness'],['sadness']
yoruba_text_3676_emotion_1,"Awọn agbebon ji Aafaa Jẹlili atọrẹ ẹ gbe l’Ayetoro, ni wọn ba n beere miliọnu mẹẹẹdogun leyin ti wọn pari ọbẹ tiyawo ẹ sẹsẹ se",['surprise'],['disgust'],['sadness'],[]
yoruba_text_1911_emotion_1,"SK Abiara rumoured death: Ṣé ẹ mọ̀ npé onígbàgbọ́ ni wá, ohun táa ṣe fún oníròyin náà nìyìí",[],[],[],[]
yoruba_text_3718_emotion_1,"Ounjẹ ọdun ni wọn ni ki Bimpe lọọ gbe fun Waheed, lo ba fipa ba a lo pọ n’Ibadan","['disgust', 'sadness']","['sadness', 'surprise']",['sadness'],['sadness']
yoruba_text_361_emotion_1,Ikoyi house collapse: Bíríkìlà t'órí kó yọ ní òun rò pé òun máa kú ni lẹ́yìn tí ó wà lábẹ́ ògiri àlàpà fún ọjọ́ kan,"['joy', 'surprise']",['fear'],"['joy', 'surprise']","['joy', 'surprise']"
yoruba_text_4020_emotion_1,"Ayọ abara tintin, obinrin yii bi ọmọ mẹsan-an lẹẹkan!","['joy', 'surprise']","['joy', 'surprise']",['joy'],"['joy', 'surprise']"
yoruba_text_1464_emotion_1,"10,000 Police constables: Ilé ẹjọ́ wọ́gilé ètò ìgbanisíṣẹ́ tí ọgá ọlọ́pàá ṣé lọdun 2019",[],[],['surprise'],[]
yoruba_text_2201_emotion_1,"Nyesom Wike yan olùbádámọ̀ràn, olùrànlọ́wọ́  42,000 torí ètò ìdìbò ọdún 2023",['surprise'],[],['surprise'],['surprise']
yoruba_text_1709_emotion_1,"Èèmọ̀ wọ̀lú! Àwọn jàndùkú agbébọn pa kọmíṣọ́nnà àti ọlọ́pàá, wọ́n dáná sun àgọ́ ọlọ́pàá","['fear', 'surprise']",['sadness'],['surprise'],['surprise']
yoruba_text_3289_emotion_1,"Awọn ọdọ ṣewọde ni Kutọ, wọn ni ki Buhari maa lọ",['anger'],[],['anger'],['anger']
yoruba_text_4068_emotion_1,"Aarẹ wa balẹ si Bamako, ni Buhari ba bo imu ẹ pinpin",[],[],['surprise'],[]
yoruba_text_3597_emotion_1,Awọn ajinigbe ji arinrin-ajo mẹfa gbe ni aala ipinlẹ Ondo ati Ekiti,['sadness'],['sadness'],['sadness'],['sadness']
yoruba_text_102_emotion_1,"Alaafin Oyo's burial: Oba Lamidi Adeymi darapọ̀ mọ́ àwọn àgbà ìṣáájú, ọ̀pọ̀ ń dárò Kábíèsí",['sadness'],['sadness'],['sadness'],['sadness']
yoruba_text_2134_emotion_1,Sokoto Blasphemy Killing: Wo ìdí tí ìjọba Kaduna fi fòfin de ìwọ́de èyíkéyìí tó bá lọ́wọ́ ẹ̀sìn nínú ní ìpínlẹ̀ wọn,[],[],[],[]
yoruba_text_4655_emotion_1,Ibẹru Ọlọrun la fi maa ṣejọba tẹ ẹ ba fibo yin gbe wa wọle-Funkẹ Akindele,[],[],[],[]
yoruba_text_4651_emotion_1,"Ẹṣọ alaabo pa agbebọn kan, wọn tun gba awọn ti wọn ji gbe silẹ l’Akoko",['joy'],"['anger', 'joy']",['joy'],['joy']
yoruba_text_1555_emotion_1,Florence Ajimobi: Àwọn Káfíńtà ti kó igi dé láti tún òrùlé ilé ìtajà tó jóná ṣe,[],[],['joy'],[]
yoruba_text_677_emotion_1,Ariwo kò yẹ kóo máa gbé Kùránì dání pẹ̀lú iṣẹ́ aṣẹ́wó tí ò ń se ní wọ́n pa kí wọ́n tó dáná sun òkú náà,['surprise'],['sadness'],[],[]
yoruba_text_3235_emotion_1,Ọpọlọpọ egboogi oloro ti ọmọkunrin yii fẹẹ gbe sọda siluu oyinbo lo ti ya jade lakata NDLEA,[],"['disgust', 'sadness']",[],[]
yoruba_text_756_emotion_1,Murder in Anambra: Àjọ CAN ní ̀ìṣekúpani aláboyún Harira àti ọmọ mẹ́rin ti kọjá àlà,"['anger', 'sadness']","['disgust', 'sadness']",['sadness'],['sadness']
yoruba_text_4611_emotion_1,"Ojubọrọ ko ṣee gbọmọ lọwọ ekurọ, awa la fi wọn sipo, awa la maa rọpo wọn-Tinubu",[],[],['anger'],[]
yoruba_text_4707_emotion_1,Eeyan mẹtadinlogun ti gba fọọmu lati dije dupo aarẹ ninu ẹgbẹ APC,['surprise'],[],[],[]
yoruba_text_3922_emotion_1,Ija Yoruba ati Hausa bẹ silẹ n’Iyana Ejigbo tori alaga kẹkẹ Maruwa ti wọn gun lọbẹ pa,['surprise'],"['disgust', 'sadness']",['sadness'],['sadness']
yoruba_text_1837_emotion_1,"Myrtle Corbin: Obìnrin tó ló àìdàpé ara rẹ̀, sọ ara rẹ̀ di olówó",['surprise'],[],[],[]
yoruba_text_799_emotion_1,Gómìnà Oyetola fẹ́ fi ìbò ìjọba ìbílẹ̀ rán ìpínlẹ̀ Osun sínú ọ̀gbun gbèsè tuntun ni - PDP Osun,"['anger', 'sadness']",['fear'],['sadness'],['sadness']
yoruba_text_1364_emotion_1,Premier League: Liverpool fẹ́ gbafe yìí ṣá! Premier League yóò bẹ̀rẹ̀ padà lóṣù kẹfà,[],[],['joy'],[]
yoruba_text_3306_emotion_1,"Awọn Fulani tun ya wọ oko Olu Falae l’Akurẹ, wọn ba gbogbo nnkan ọgbin rẹ jẹ",['sadness'],['sadness'],['sadness'],['sadness']
yoruba_text_4427_emotion_1,Ṣẹyin naa ti gbọ ohun to sẹlẹ laarin Olubadan tuntun ati igbakeji ẹ n’Ibadan,[],[],['surprise'],[]
yoruba_text_4483_emotion_1,Ọmọ Wasiu Ayinde di Oludamọran pataki si Gomina Sanwo-Olu,['surprise'],[],['joy'],[]
yoruba_text_2690_emotion_1,Baba ẹni ọdun mọkandinlọgọrin yii yoo farugba ara sẹwọn gbere tadajọ sọ ọ si,"['sadness', 'surprise']",['sadness'],['sadness'],['sadness']
yoruba_text_3159_emotion_1,Asiri baba to n ba iyawo ọmọ ẹ laṣepọ tu ni Ṣaki lo ba sa lọ,"['disgust', 'surprise']",['disgust'],[],['disgust']
yoruba_text_3895_emotion_1,Nnkan de! Awọn afẹmiṣofo ti ya wọ awọn aginju igbo kaakiri ilẹ Yoruba,['fear'],['fear'],['fear'],['fear']
yoruba_text_3750_emotion_1,"Eeyan mẹrinla mi-in tun ko Korona ni Ọsibitu Ọlabisi Ọnabanjọ, ni wọn ba ti ẹka ayẹwo ibẹ pa",['surprise'],['fear'],['sadness'],[]
yoruba_text_3149_emotion_1,"Ẹ wo Taiwo, awọn oni POS lo n lu ni jibiti n’Ilọrin ",['surprise'],['sadness'],['surprise'],['surprise']
yoruba_text_2103_emotion_1,Coronavirus recovery cases: Ìrírí ọkùnrin kan tó ní àrùn coronavirus ní ilẹ̀ Gẹ̀ẹ́sì rèé,[],[],[],[]
yoruba_text_3733_emotion_1,"Arun Korona n le si i l’Ekoo, eeyan mẹsan-an ku lọjọ kan",['sadness'],"['fear', 'sadness']",['sadness'],['sadness']
yoruba_text_1598_emotion_1,"Nkechi Blessing: Ọ̀rọ̀ ọkọ mí, ọkọ mí tí àwọn Yoruba ma ń pe àfẹ́ṣònà ló kó bá mi",['sadness'],['sadness'],['sadness'],['sadness']
yoruba_text_3019_emotion_1,Ọta ilọsiwaju lawọn ti wọn maa n ba dukia ijọba jẹ lasiko rogbodiyan – Arẹgbẹṣọla,['anger'],[],['sadness'],[]
yoruba_text_487_emotion_1,Hate Speech: Àwọn ọ̀dọ́ Nàìjíríà kẹ̀yìn sí ìjọba lórí ofin sísọ̀rọ̀ àlùfànsá,['anger'],['anger'],['anger'],['anger']
yoruba_text_448_emotion_1,"Aàrẹ, igbákejì aàrẹ àti aàrẹ ilé ìgbìmọ̀ aṣòfin kọ̀wé fipò sílẹ̀ lọ́jọ́ kan náà",['surprise'],['surprise'],['surprise'],['surprise']
yoruba_text_435_emotion_1,Wo àwọn gbajúgbajà òṣèré tó ti di olóṣèlú,['surprise'],[],['surprise'],['surprise']
yoruba_text_272_emotion_1,Nigeria Army: Bàbá Adamu tó jẹ́ ọmọ ogun Nàìjíríà tó dàgbà jùlọ jáláìsí,['sadness'],['sadness'],['sadness'],['sadness']
yoruba_text_2011_emotion_1,Dayo Kujore: Ọmọ olóògbé olórin Juju fi àidunnú rẹ̀ lẹ́yìn tó ní àwọn èèyàn kò kẹ́dùn pẹ̀lú ẹbí rẹ̀,['sadness'],['sadness'],['anger'],['sadness']
yoruba_text_1467_emotion_1,Ọwọ tí tẹ mẹ́rin lára àwọn jàǹdùkú to ṣé ìkọlù sí ọkọ̀ ipolongo Adelabu ní ìpínlẹ̀ Oyo,['joy'],['joy'],['joy'],['joy']
yoruba_text_241_emotion_1,"""Demilade Fadare: A jókò sí iwájú ilé àwọn Pásítọ̀ di ago mẹ́ta òru ká tó rí òkú ọmọ wa, Demilade tó ti gún un pa sínú """"cooler""""""","['disgust', 'sadness']","['disgust', 'sadness']",['sadness'],"['disgust', 'sadness']"
yoruba_text_3170_emotion_1,"Awon aṣofin yari, wọn ni: ‘Buhari, tete sọrọ soke’",['anger'],['anger'],['anger'],['anger']
yoruba_text_4760_emotion_1, Ọwọ tẹ awọn ajinigbe meji l’Akoko,['surprise'],['joy'],['joy'],['joy']
yoruba_text_4971_emotion_1,Sanwo-Olu yan igbimọ ileeṣẹ to n ri si ọrọ ijọba ibilẹ tuntun,[],[],[],[]
yoruba_text_228_emotion_1,"Diezani Alison-Madueke: Ìjọba lu kọ́mú, góòlù àti ilé mínísítà epo rọ̀bì tẹ́lẹ̀ Diezani ní gbàǹjo",['surprise'],"['anger', 'disgust']","['joy', 'sadness']",[]
yoruba_text_365_emotion_1,Baba Ijesha Rape Case: Yomi Fabiyi ní òun nìkàn lòun rí ara òun tó dúró tí Baba Ijesha,['sadness'],['sadness'],"['sadness', 'surprise']",['sadness']
yoruba_text_3358_emotion_1,"Igbeyawo Zainab daru n’Ibadan, aisan ibalopọ lo da wahala silẹ",['surprise'],['disgust'],['sadness'],[]
yoruba_text_2570_emotion_1,Mẹjọ ninu awọn ọmọ ẹgbẹ akọrin ti wọn ji gbe ti gba itusilẹ,['joy'],['joy'],['joy'],['joy']
yoruba_text_2505_emotion_1,"Tori owo ti wọn bun un to fẹẹ fi ta awọn ọmọ orukan lọrẹ, ijọba Eko gboṣuba fun Davido",['joy'],['surprise'],[],[]
yoruba_text_3447_emotion_1,"Nitori ti ko tọju ounjẹ saari fun un, baale ile lu iyawo ẹ toyun-toyun n’Ibadan","['disgust', 'sadness']","['anger', 'sadness']",['sadness'],['sadness']
yoruba_text_805_emotion_1,Insecurity in Nigeria: Lára àwọn tí agbébọn jí gbé ni ọ̀dọ́ 25 tó ń ti ayẹyẹ ìgbeyàwó bọ̀ ní Taraba,['surprise'],['sadness'],['sadness'],['sadness']
yoruba_text_3304_emotion_1,Awakọ pa ọlọkada sori afara niluu Ilọrin ,['sadness'],['sadness'],[],['sadness']
yoruba_text_221_emotion_1,"Toyin Abraham: Ìyálàyá gbogbo yin, mo mọ àwọn olólùfẹ́ mi tí wọn ń gba tèmi",['anger'],['anger'],['anger'],['anger']
yoruba_text_217_emotion_1,Wakili Arrest: Iléeṣẹ́ ọlọ́pàá ti tú àwọn ọmọ ẹgbẹ́ OPC tó mú Wakili sílẹ̀,[],['joy'],['joy'],['joy']
yoruba_text_256_emotion_1,Gbogbo eͅnu la fi sóͅ pé a wà léͅyìn Peter Obi fún ààreͅ lóͅdún 2023 – Aféͅniféͅre,['joy'],[],['joy'],['joy']
yoruba_text_1931_emotion_1,"Ẹ﻿ yé tẹ òfin lójú mọ́lẹ̀ EFCC, ẹ kó láṣẹ láti fòfin gbé wa - àwọn aṣòfin Oyo sí EFCC",['anger'],[],['anger'],['anger']
yoruba_text_753_emotion_1,NFF kò ti san owó tó jẹ Super Falcons ní Morocco títí di àsìkò yìí,['surprise'],['fear'],"['anger', 'sadness']",[]
yoruba_text_3583_emotion_1, Ogo eto ẹkọ ti sọnu lasiko ijọba to kogba wọle ni Kwara – Gomina Abdulrazak ,[],['sadness'],['sadness'],['sadness']
yoruba_text_4931_emotion_1,"Latari idajọ ile-ẹjọ to ga ju lọ, idunnu ṣubu l’ayọ ni Kano",['joy'],['joy'],['joy'],['joy']
yoruba_text_1222_emotion_1,Israel Olagadeyo free school on the street: Ẹ̀kọ́ ilé la kọ́kọ́ fi bẹ̀rẹ̀ kó tó di báyìí mó wa lọ́wọ́,[],[],['sadness'],[]
yoruba_text_3124_emotion_1,"Awọn tọọgi da ipolongo ibo Jẹgẹdẹ ru l’Ọwọ, eeyan marun-un lo fara pa",['surprise'],['sadness'],['sadness'],['sadness']
yoruba_text_3673_emotion_1,"Nitori fiimu ‘Ọkọ Iyabọ, TAMPAN fofin de Yọmi Fabiyi",[],[],['anger'],[]
yoruba_text_1362_emotion_1,"Ayede Polytechnic, Oyo: Soun Ogbomọṣọ àti Sunday Dare gbóríyìn fún Buhari lórí 'Polytechnic' Ayede",['joy'],[],['joy'],['joy']
yoruba_text_3225_emotion_1,Ibi ayẹyẹ igbeyawo lawọn kan ti n bọ tawọn agbebọn fi ji marun-un ninu wọn l’Omu-Aran,['sadness'],['sadness'],['sadness'],['sadness']
yoruba_text_4783_emotion_1,Atiku ṣa fẹẹ fọwọ ara ẹ ṣera ẹ ṣaa,[],['disgust'],['sadness'],[]
yoruba_text_2218_emotion_1,"Major General Huseini Ahmed ti wọ káà ilẹ̀ sùn, ó digbéré!",['sadness'],['sadness'],['sadness'],['sadness']
yoruba_text_4411_emotion_1,Gomina AbdulRazaq forukọ komiṣanna ogun ranṣẹ sawọn aṣofin,[],[],[],[]
yoruba_text_618_emotion_1,EndSARS Protest: Ojú àwọn ọmọ Nàìjíríà tí yóò farahàn níwájú adájọ́ rèé,[],['fear'],[],[]
yoruba_text_1212_emotion_1,Bear attack Alaska woman: Bí ẹranko igbó ṣe bu ìdí obìnrin tó ń ṣe gáá lọ́wọ́ jẹ,"['sadness', 'surprise']",['sadness'],"['sadness', 'surprise']","['sadness', 'surprise']"
yoruba_text_1543_emotion_1,Farmers-Herdsmen Clashes in Oyo: Àwọn afurasí Fulani mú ọ̀kan lára ọwọ́ fijilańté tí wọn gé lọ,['sadness'],['sadness'],['sadness'],['sadness']
yoruba_text_4351_emotion_1,Eyi nidi ti mo fi n ṣọdun Olodumare – Oluwoo,[],[],['surprise'],[]
yoruba_text_2902_emotion_1,Eedi ree o! Mustapha gun ọrẹ ẹ lọbẹ pa l’Ọrẹ,"['disgust', 'sadness']",['sadness'],['surprise'],['sadness']
yoruba_text_1361_emotion_1,Ìyanṣẹ́lódì ASUU kò gbọdọ̀ wáyé mọ́ ní Naijiria – Gbajabiamila,['anger'],[],"['anger', 'fear']",['anger']
yoruba_text_1882_emotion_1,"Adájọ́ pàṣẹ́ kí LASTMA sàn N750,000 fún awakọ tí wọn gbà N20,000 lọ́wọ́ rẹ",['joy'],['anger'],[],[]
yoruba_text_3986_emotion_1," Lẹyin ọpọlọpọ awuyewuye, Ọmọdewu di alaga APC ipinlẹ Ọyọ",[],['joy'],['joy'],['joy']
yoruba_text_4048_emotion_1,Wolii fun ọmọ Mohbad ni miliọnu mẹwaa Naira,['joy'],['joy'],"['joy', 'sadness']",['joy']
yoruba_text_921_emotion_1,"UN Plane Crash: Èèyàn méjì, tó fi mọ́ ọmọ ọdún márùn-ún ló kú nínú bàálù tó já ní Borno",['sadness'],['sadness'],['sadness'],['sadness']
yoruba_text_3111_emotion_1,"Pasitọ Ajayi n lọ sẹwọn ba a ṣe kọwe rẹ, ọmọ tẹnanti rẹ lo fipa ṣe ‘kinni’ fun",['disgust'],['disgust'],[],['disgust']
yoruba_text_4051_emotion_1,Ojuṣe gbogbo ọmọ ilu ni lati ri i pe opopo Kwara mọ roro- Ijọba,[],[],[],[]
yoruba_text_3309_emotion_1,Ọsibitu aladaani to ba tọju alarun Korona l’Ọṣun yoo jiyan rẹ niṣu- Ẹgbẹmọde,['anger'],['anger'],['anger'],['anger']
yoruba_text_388_emotion_1,Nigeria debt with China: ÌJọba Naijiria ti yá $2b lọ́wọ́ China láàrín ọdún mẹ́fà,['surprise'],['fear'],['surprise'],['surprise']
yoruba_text_3529_emotion_1,"Nitori idibo ijọba ibilẹ to n bọ, awọn tọọgi APC fi ada ati kumọ da ipade awọn SDP ru n’Idanre",['surprise'],['anger'],['sadness'],[]
yoruba_text_4038_emotion_1,"Ọpẹ o! Ija pari laarin awọn afọbajẹ Ibadan, Ladọja loun ko ba wọn ṣẹjọ mọ",['joy'],['joy'],['joy'],['joy']
yoruba_text_837_emotion_1,Salawa Abẹni: ₦50 péré làwọn èèyàn fí ń pè mí fún ayẹyẹ nígbà tí mó bẹ̀rẹ̀ orin kíkọ̀,['surprise'],['disgust'],['sadness'],[]
yoruba_text_4282_emotion_1,Igbimọ oluwadii ni Abba Kyari ki i ṣe onijibiti o,[],[],[],[]
yoruba_text_2873_emotion_1,"Fulani yinbọn pa ẹṣọ Amọtẹkun meji niluu Ọwọ, wọn tun gbe ọkan ninu wọn sa lọ",['sadness'],['sadness'],['sadness'],['sadness']
yoruba_text_4564_emotion_1,Ẹgbẹ PDP Ọyọ: Makinde fi ẹlomi-in rọpo igbakeji rẹ,[],[],[],[]
yoruba_text_4502_emotion_1,Wisdom fi miliọnu mẹta owo ileeṣẹ ọga rẹ ta tẹtẹ,['surprise'],['sadness'],['sadness'],['sadness']
yoruba_text_1265_emotion_1,Ọ﻿lọ́run ní kò sí iṣẹ́ tí màá ṣe tí yòó là mí àfi ajíhìnrere - Ojo Ade,['surprise'],[],[],[]
yoruba_text_2276_emotion_1,"Fashola EndSARS Protest: Fashola rí kámẹ́rà he ní ibùdó ìṣẹ̀lẹ̀ Lekki Tollgate, àwọn ọmọ Nàìjíríà bá figbe ta",[],['sadness'],['anger'],[]
yoruba_text_2023_emotion_1,Mọ nípa àwọn ìfẹsẹ̀wọnsẹ̀  líìgì Ilẹ̀ Gẹ̀ẹ́sì tó wáyé ní Ọjọ́rùú,[],[],[],[]
yoruba_text_2278_emotion_1,Shina Rambo: Mọ̀ síi nípa ọmọ Sọ́jà adigunjalè tó di òjíṣẹ́ Ọlọ́run lọ́gbà ẹ̀wọn,['surprise'],[],['surprise'],['surprise']
yoruba_text_1622_emotion_1,"Ooni of Ife's surprise birthday: Olorì Wòlíì Silekunola Naomi wú olólùfẹ́ rẹ̀, Ooni ti Ile Ife lórí","['joy', 'surprise']",[],['joy'],['joy']
yoruba_text_3585_emotion_1,"Pasitọ to n ba ọmọ ọdun mẹta ṣerekere ninu ṣọọṣi ti dero Kirikiri, l’Ekoo",['disgust'],['anger'],['sadness'],[]
yoruba_text_4637_emotion_1,Tinubu lo n lewaju nipinlẹ Sokoto,['surprise'],['surprise'],['joy'],['surprise']
yoruba_text_3904_emotion_1,Awọn SARS lo pa aburo mi-Mosun Filani,[],['sadness'],['sadness'],['sadness']
yoruba_text_2109_emotion_1,"Boko Haram: Ọdún 2017 ni ìjọba Naijiria bẹ̀rẹ̀ ìgbẹ́jọ́ nǹkan bíi agbésùmọ̀mí 6,000",[],[],[],[]
yoruba_text_1294_emotion_1,Retired head teacher found in Lagos: Ìyá tíṣà tó sọnù ní Ajegunle di rírí padà lẹ́yìn ọjọ́ mẹ́wàá,['joy'],['joy'],['joy'],['joy']
yoruba_text_2938_emotion_1,"Kayeefi kan ree! Awọn obinrin yii n digunjale, wọn tun n fipa ba ọkunrin laṣepọ","['disgust', 'surprise']",['surprise'],['surprise'],['surprise']
yoruba_text_4814_emotion_1,Eyi ni idi ti mo fi da awọn kọmiṣanna mi silẹ-Makinde,[],[],[],[]
yoruba_text_673_emotion_1,Iran plane crash: Ẹ wo ìgbà mẹ́jọ tí wọ́n fi àdó olóró já bàálù akérò lulẹ̀,['surprise'],['sadness'],['surprise'],['surprise']
yoruba_text_2227_emotion_1,Fake Naira: DSS gbé afurasí mẹ́jọ tó tẹ ayédèrú ₦98m àti $1.5m lọ sílé ẹjọ́,['surprise'],[],[],[]
yoruba_text_1381_emotion_1,Abuja rice pyramid fact check: Ẹ̀ka àṣewádìí BBC ti tú isu dé ìsàlẹ̀ kòkò ìrẹsì gogoro tí Ààrẹ Buhari ṣe ìfilọlẹ̀ rẹ̀,[],[],[],[]
yoruba_text_693_emotion_1,Actors who remarried: Àwọn òṣèré sinimá tí wọ́n ti rìnrìnàjò ìfẹ́ lẹ́ẹ̀méjì,[],[],['surprise'],[]
yoruba_text_876_emotion_1,Sale of baby born by mentally challenged wowan: Òṣìṣẹ́ ìjọba méjì tó ta ọmọ aláàrùn ọpọlọ l'Ondo fojú bálé ẹjọ́,['joy'],['sadness'],['sadness'],['sadness']
yoruba_text_4598_emotion_1,Ibo aarẹ: Ile-ẹjọ gba awọn iwe esi idibo ti Peter Obi ko lọ si kootu gẹgẹ bii ẹri,[],[],['joy'],[]
yoruba_text_4933_emotion_1,"Tinubu, Sanwoolu wọle ni ibudo idibo wọn",[],['joy'],['joy'],['joy']
yoruba_text_3033_emotion_1,Oyun ibeji lo wa nikun ọmọ mi tọlọpaa yinbọn pa -Iya Ọmọbọlanle,['sadness'],['sadness'],['sadness'],['sadness']
yoruba_text_4336_emotion_1,Ma a ba Tinubu ṣiṣẹ pọ to ba ranṣẹ si mi – Bọde George,[],[],[],[]
yoruba_text_4184_emotion_1,Awọn ọdọ ilẹ Hausa lawọn fara mọ ki Ọṣinbajo di aarẹ ni 2023,['surprise'],[],[],[]
yoruba_text_3176_emotion_1,Wọn ṣa Kudirat pa sinu oko lẹyin ti wọn fipa ba a lo pọ tan l’Ondo,"['disgust', 'sadness']",['sadness'],['sadness'],['sadness']
yoruba_text_2456_emotion_1,"Child abuse: Bàbá ẹni ọdún 60 bá ọmọ ọdún méjìlá tó jẹ́ adití àti odi lòpọ̀, ó dèrò àtìmọ́lé","['disgust', 'sadness']","['disgust', 'sadness']",['sadness'],"['disgust', 'sadness']"
yoruba_text_1829_emotion_1,Funsho Adeolu: Ìwọ̀kuwọ̀ àti ìrìnkurìn obìnrin míì ń fa ìfipábánilòpọ̀,['sadness'],"['disgust', 'sadness']",[],['sadness']
yoruba_text_4853_emotion_1,"Lẹyin ti wọn gba owo nla, awọn ajinigbe tu akẹkọọ mẹrin ti wọn ji gbe l’Akoko silẹ","['joy', 'sadness']",['joy'],['joy'],['joy']
yoruba_text_905_emotion_1,Money Ritual: Ẹnìkan tó ṣe òògùn owó ní èèyàn kò gbọdọ̀ bèèrè ìrúfẹ́ ẹ̀jẹ́ tí wọn bá gbé lé àwọn lọ́wọ́ torí ọ̀rẹ́ òun tó bèèrè irú rẹ̀ kú ni,['surprise'],['sadness'],"['fear', 'surprise']",['surprise']
yoruba_text_4679_emotion_1,"Adajọ agba ilẹ wa, Tanko Muhammad ti kọwe fipo silẹ",['surprise'],['sadness'],['sadness'],['sadness']
yoruba_text_2656_emotion_1,"Ọgbọn, imọ ati oye oṣelu ti mo kọ lọdọ Buhari lo jẹ ki n ṣaṣeyọri nipo gomina-Fayẹmi",[],[],[],[]
yoruba_text_4141_emotion_1,"Awọn eeyan n ba iṣẹ aje wọn lọ ni Kwara, ko si iwọde “June 12”",[],[],['joy'],[]
yoruba_text_2995_emotion_1,"Temitọpẹ at’ọrẹ ẹ lọọ ji mọto gbe nipinlẹ Delta, Ekiti lọwọ ti tẹ wọn",['surprise'],"['anger', 'sadness']",['sadness'],['sadness']
yoruba_text_2594_emotion_1,Ileeṣẹ ọlọpaa doola ẹmi arinrin-ajo mẹrin ninu mẹfa tawọn ajinigbe ji gbe ni Kwara ,['joy'],['joy'],['joy'],['joy']
yoruba_text_3437_emotion_1,"Ogbologboo adigunjale lọmọkunrin yii, ọkọ ayọkẹlẹ meji lo fibọn gba laarin iṣẹju diẹ l’Ekoo",['surprise'],['fear'],[],[]
yoruba_text_1130_emotion_1,"Òǹwòran bọ́ọ̀lù tó kú di 174, 191 ló fara gbọgbẹ́",['sadness'],['sadness'],['sadness'],['sadness']
yoruba_text_3812_emotion_1,"Ọlọpaa ka ale mọ ori iyawo ẹ, lo ba yinbọn pa awọn mejeeji","['sadness', 'surprise']","['disgust', 'sadness']",['sadness'],['sadness']
yoruba_text_492_emotion_1,Abba Kyari arrested: Iléeṣẹ́ ọlọ́pàá fa Kyari àtàwọn agbófinró mẹ́rin míì lé àjọ NDLEA lọ́wọ́,['surprise'],[],[],[]
yoruba_text_1629_emotion_1,Anthony Joshua vs Pulev highlights: Ẹ̀bùn ọdún Kérésìmesì ni àseyọrí Joshua lẹ́yìn tó na Pulev lálùbolẹ̀ - Dapo Abiodun,['joy'],['joy'],['joy'],['joy']
yoruba_text_2282_emotion_1,Ikoyi Collapsed Building: Àwọn ohun pàtàkì nípa Femi Osibona rèé,[],[],[],[]
yoruba_text_4101_emotion_1,Awọn ẹlẹwọn mẹjọ ri idariji gba l’Ondo,['joy'],['joy'],['joy'],['joy']
yoruba_text_3764_emotion_1,Wọn ti mu dẹrẹba mọto to ko awọn ọmọ Naijiria mẹfa wọlu Libya fun okoowo ẹru,['surprise'],['anger'],[],[]
yoruba_text_446_emotion_1,Woman killed in front of Deeper Life Oka: Ọmọ olóògbé ní aago márùn-ún sí mẹ́fà àárọ̀ ọjọ́ ìsinmi ní màmá máa ń lọ sí ṣọ́ọ̀ṣì láti tún ibẹ̀ ṣe ṣaájú ìsìn,['sadness'],['sadness'],['sadness'],['sadness']
yoruba_text_2662_emotion_1,"Ọpẹ o, wọn ti tu awọn ọmọ ijọ Ridiimu tawọn agbebọn ji gbe ni Kaduna silẹ",['joy'],['joy'],['joy'],['joy']
yoruba_text_1624_emotion_1,Abdulazeez Olajide Adediran Jandor: O ṣeni láànú pé owó Eko kò ṣiṣẹ́ fún ará Eko,['sadness'],['fear'],['sadness'],['sadness']
yoruba_text_4265_emotion_1,Gomina Abdurazaq bura fawọn kọmisanna tuntun ni Kwara ,[],[],[],[]
yoruba_text_903_emotion_1,Nigerian Navy Ondo: Ikọ̀ ọmọogun orí omi fi páńpẹ́ mú olè mẹ̀rìnlélógún tó ń jí epo rọ̀bì,['surprise'],[],['joy'],[]
yoruba_text_1356_emotion_1,Revolution Now: NLC ní bí agbófinró ṣe mú Soworẹ àti àwọn yókù rẹ̀ sí àhámọ́ tẹ ẹ̀tọ́ ọmọnìyàn lójú,[],['anger'],"['anger', 'sadness']",['anger']
yoruba_text_3291_emotion_1,"Idibo 2023: ijọba fẹsun ibanilorukọjẹ kan ẹgbẹ oselu PDP, ni Kwara",[],[],[],[]
yoruba_text_1919_emotion_1,Osun spider man: Mo ń ṣe ìtanijí láti gbógunti ìdọ̀tí láwùjọ ló sún mi dé ìdí 'Spider-man',['surprise'],[],[],[]
yoruba_text_1685_emotion_1,Nítòótọ́ ni à máa ṣe 'Stop and Search' sùgbọ́n à kò gbé agbègbè kankan tìpa ni Eko rárá- Iléeṣẹ́ ọlọ́pàá Eko,[],[],[],[]
yoruba_text_4506_emotion_1,"Ọwọ pada tẹ Tosin, olori ọmọ ẹgbẹ okunkun to n yọ wọn lẹnu n’Igbọkọda",['joy'],['anger'],['joy'],['joy']
yoruba_text_569_emotion_1,ASUU strike: Ìjọba Nàìjíríà ti gbà láti san N30b owó àjẹmọ́nú fún ASUU,['surprise'],['joy'],['joy'],['joy']
yoruba_text_2243_emotion_1,Fulani herdsmen: Ìjọba Naijiria ti kùnà nínú ojúṣe rẹ̀ lóri ètò aàbò- Bode George,['sadness'],['fear'],['sadness'],['sadness']
yoruba_text_441_emotion_1,Mobolaji Johnson: Olùfọkànsìn ilẹ̀ Nàìjíríà ni gómìnà àkọ́kọ́ ìpínlẹ̀ Eko - Sanwo-Olu,['joy'],[],['joy'],['joy']
yoruba_text_2416_emotion_1,Akomolede ati Aṣa lori BBC Yoruba: Wo díẹ̀ nípa àbùdá Olodumare- Iyabo Ayinde,[],[],[],[]
yoruba_text_2866_emotion_1,Awọn adigunjale ni Kọlapọ n f’ọkada ẹ gbe n’Ikire tọwọ fi tẹ ẹ,[],[],['sadness'],[]
yoruba_text_2870_emotion_1,Nibi tawọn ọmọkunrin bii ọgọrun-un yii ti n ṣegbeyawo akọ-si-akọ lawọn ọlọpaa ti ko wọn,['surprise'],['disgust'],['sadness'],[]
yoruba_text_3441_emotion_1,"Aṣiri tu, wọn ni Tinubu ti ni ki Ayedatiwa kọwe ifipo silẹ ti ko ni deeti",['surprise'],['fear'],[],[]
yoruba_text_3400_emotion_1,"Ọwọ tẹ Onyekachi, ileeṣẹ nla kan lo lọọ ja lole l’Owode-Ẹgba",['surprise'],"['anger', 'sadness']",[],[]
yoruba_text_2833_emotion_1,"L’Orile-Agege, awọn ọdọ fibinu dana sun afurasi ajinigbe pẹlu ọkọ ayọkẹlẹ ẹ","['anger', 'surprise']",['sadness'],['anger'],['anger']
yoruba_text_4163_emotion_1,"Dapọ Abiọdun fun ẹgbẹ awọn ologun to ṣubu loju ija lowo, ọkada meji ati ọkọ ayọkẹlẹ kan","['joy', 'surprise']",['joy'],['joy'],['joy']
yoruba_text_2494_emotion_1,Sunday Igboho: Ọlọ́run lọ́wọ́ sí bí mo ṣe lọ dojú kọ apààyàn Fulani ní Ibarapa,[],[],[],[]
yoruba_text_327_emotion_1,DR Congo Ebola: Òṣìṣẹ́ ìlera méje kú torí ibínú àwọn èèyàn nípa Ebola,['sadness'],['sadness'],['sadness'],['sadness']
yoruba_text_4069_emotion_1,Ganduje bẹ awọn Hausa Eko: Tinubu ati Shettima ni kẹ ẹ fibo gbe wọle,[],[],[],[]
yoruba_text_3847_emotion_1,Tori pe ṣọja fọ ọrẹ wa leti lo jẹ ka lu u pa-Sambo,"['disgust', 'surprise']",['disgust'],['anger'],['disgust']
yoruba_text_2077_emotion_1,Bayern vs PSG: Haaland báwo? Mbappe ló dáná sun Bayern Munich ráúráú nílé wọn,[],['disgust'],['surprise'],[]
yoruba_text_3678_emotion_1,Awọn agbebọn tun ji akẹkọọ ọgọrun-un meji gbe nileewe kan ni Niger,['sadness'],['sadness'],['sadness'],['sadness']
yoruba_text_4835_emotion_1, Amọtẹkun bẹrẹ idanilẹkọọ fawọn oṣiṣẹ tuntun l’Ondo,[],[],[],[]
yoruba_text_4458_emotion_1,"Ba a ṣe yọ Oluọmọ ko kan gomina, eyi nidi ta a fi yọ ọ – Ṣonẹyẹ",[],['anger'],['anger'],['anger']
yoruba_text_4145_emotion_1,Ẹni to ba ni ẹri pe mo gba owo-oṣu gẹgẹ bii gomina fọdun mẹjọ ko mu un jade – Arẹgbẹṣọla,[],['anger'],['anger'],['anger']
yoruba_text_2979_emotion_1,"Lateef n lọ sẹwọn gbere ba a ṣe kọwe rẹ, ọmọ kekere lo fipa ba lo pọ l’Aramọkọ-Ekiti",['disgust'],"['anger', 'disgust', 'sadness']",[],['disgust']
yoruba_text_42_emotion_1,Ohun tí a mọ̀ rèé nípa ẹ̀sùn ìfipábánilòpọ̀ tí olóyún fi kan sọ̀rọ̀sọ̀rọ̀ lórí rédíò Gbenga Filani,"['disgust', 'surprise']",['disgust'],[],['disgust']
yoruba_text_745_emotion_1,Fulani herdsmen: A lé wọn kúrò l'Ondo nítorí wọn kò lè ṣàlàyé ohun tí wọ́n wá ṣe - Amotekun,[],['anger'],['anger'],['anger']
yoruba_text_1826_emotion_1,"Oyo drivers'crisis: Auxiliary ń ní wá lára pẹ̀lú gbígba owó aitọ, a ń ko ọkọ̀ wa kúrò lójú pópó - Awakọ èrò",['sadness'],['fear'],['sadness'],['sadness']
yoruba_text_591_emotion_1,Kwara Hijab Crisi: Abdulrazaq ní òun tẹ̀lé ìdájọ́ ilé ẹ̀jọ́ lórí lílo Hijab,[],[],['joy'],[]
yoruba_text_1696_emotion_1,"Àwọn iléeṣẹ́ bàlúù ní Nàìjíríà yí ohùn padà lórí wíwọ́gié ìrìnnà òfúrufú nítórí owó epo bàlúù, wọ́n ní àwọn ti da ọ̀rọ̀ náà rò",[],['joy'],[],[]
yoruba_text_2575_emotion_1,"Sanw-Olu ti dariji Funkẹ Akindele ati ọkọ ẹ, o ti fawe ẹwọn wọn ya",['joy'],['joy'],[],['joy']
yoruba_text_4911_emotion_1,"Aarẹ ati igbakeji ẹlẹsin kan naa ko nitumọ, adari to maa ṣejọba rere ni ka yan – Ọbasa",[],[],[],[]
yoruba_text_4147_emotion_1,Ijọba fofin de awọn alumọjiri to n tọrọ baara loju popo n’llọrin,[],[],['anger'],[]
yoruba_text_3931_emotion_1,"Nitori Korona, Sanwo-Olu sun iwọle awọn oṣiṣẹ siwaju",[],[],[],[]
yoruba_text_1913_emotion_1,Ilé ẹjọ́ tú ìgbéyàwó ọdún mẹ́wàá ká nítorí ẹ̀sùn ìbálòpọ̀ ọlọ́jọ́ gbọọrọ àti òògùn owó,"['sadness', 'surprise']",['disgust'],['sadness'],['sadness']
yoruba_text_3829_emotion_1,A maa gbẹsan iku Fulani ati maalu wọn ti wọn pa nilẹ Yoruba – Miyetti Allah,['anger'],['anger'],['anger'],['anger']
yoruba_text_2365_emotion_1,"Igangan attacks: Gani Adams ní ó tó ọjọ́ mẹ́ta tí OPC ti ń pariwo pé àwọn agbébọn kan ńgbèrò àti kọlu Ibarapa, àwọn agbófinro kò dáhùn ni","['anger', 'sadness']",['sadness'],['sadness'],['sadness']
yoruba_text_2189_emotion_1,Ondo rape apologist: Olùkọ́ kan di èrò ọgbà ẹ̀wọ̀n fún fífipá bá ọmọ ọdún mẹ́wàá lòpọ̀ ní ìpínlẹ̀ Ondo,"['sadness', 'surprise']",['sadness'],['sadness'],['sadness']
yoruba_text_4461_emotion_1,Ijọba Buhari ti da Ọga yunifasiti Eko pada sipo  ẹ,['joy'],[],['joy'],['joy']
yoruba_text_3336_emotion_1,Ọwọ tẹ awọn akẹkọọ ileewe girama mẹta to fipa ba ẹlẹgbẹ wọn lo pọ l’Akurẹ,['disgust'],[],[],[]
yoruba_text_4389_emotion_1,"Awọn Oniṣẹṣe rawọ ẹbẹ sijọba Ondo, wọn lawọn n fẹ ayajọ ọdun iṣẹṣe",[],[],[],[]
yoruba_text_170_emotion_1,Kogi 2019: Àwọn ará ìlú sọ̀rọ̀ lórí ìrètí wọn lọ́wọ́ Yahaya Bello,[],[],[],[]
yoruba_text_4554_emotion_1,"Nitori Sunday Igboho, ẹgbẹ Agbẹkọya fẹhonu han n’Ibadan",['anger'],['anger'],['anger'],['anger']
yoruba_text_4077_emotion_1,Ijọba ti bẹrẹ si i palẹ abọ onifukẹfukẹ mọ lawọn ọja ipinlẹ Eko,[],['anger'],['sadness'],[]
yoruba_text_360_emotion_1,"Buhari, ìhàlẹ̀ lásán ni ìdúnkòkò rẹ̀, a kò padà sí kíláàsì – ASUU yarí",['anger'],['anger'],['anger'],['anger']
yoruba_text_1659_emotion_1,2021 roundup Nigerian Celebrities Scandal: Wo àwọn Sẹlẹ́bírítì fíìmù àti Olórin Yorùbá tí ọ̀rọ̀ ìbálòpọ̀ wọ́n àti ìṣẹ̀lẹ̀ míì dagbro rú lọ́dún 2021,[],['sadness'],[],[]
yoruba_text_4791_emotion_1,Alawada ni oṣiṣẹ to ba gba ipo tuntun lọwọ Oyetọla,[],['disgust'],[],[]
yoruba_text_3993_emotion_1,2025 ni idibo ijọba ibilẹ yoo waye l’Ọṣun – OSIEC,[],[],[],[]
yoruba_text_1865_emotion_1,Àwọn agbébọn sẹ fídíò bí wọ́n sẹ n na àwọn arìnrìnàjò Abuja sí Kaduna,['sadness'],['disgust'],['sadness'],['sadness']
yoruba_text_4180_emotion_1,Igbanisiṣẹ fun ikọ Amọtẹkun bẹrẹ l’Ekiti,[],[],[],[]
yoruba_text_859_emotion_1,Ọwọ́ Ọlọ́pàá tẹ àlùfáà ìjọ tó fun ọmọ ọdún méjìlá lóyún,"['sadness', 'surprise']",['sadness'],"['joy', 'sadness']",['sadness']
yoruba_text_1630_emotion_1,Rògbòdìyàn ìlú sí ìlú gbẹ̀mí káńsílọ̀ àti fijilanté l’Ondo,['surprise'],['sadness'],['sadness'],['sadness']
yoruba_text_3638_emotion_1,Nibi tawọn eleyii ti fẹẹ gbe egboogi oloro kọja papakọ ofurufu n’Ikẹja lọwọ ti tẹ wọn,['surprise'],[],[],[]
yoruba_text_598_emotion_1,Kashimawo Laloko: Gbajúgbajà akọ́nimọ̀ọ́gbá eré bọ́ọ̀lù Laloko tó ṣàwárí Mikel Obi àti Osaze dágbére fáyé,['sadness'],['sadness'],[],['sadness']
yoruba_text_1328_emotion_1,"Olota Of Ota: N kò fara mọ́ ìyapa Nàíjíríà, ìṣèjọba ẹlẹ́kùnjẹkùn ní ọ̀nà àbáyọ",[],[],['anger'],[]
yoruba_text_624_emotion_1,Kogi Fraca: Àwọn ẹni àìrí kan ló já iná ilé mi ní ilé Ijọba.,['surprise'],['anger'],['surprise'],['surprise']
yoruba_text_1286_emotion_1,Ogun Auto Crash Robbers: Ọwọ́ tẹ adigunjalè mẹta nínú ìjàmbá ọkọ̀ ní Ìpínlẹ̀ Ogun,[],['joy'],"['joy', 'sadness']",['joy']
yoruba_text_3014_emotion_1,"Korona burẹkẹ l’Ekoo, eeyan mẹfa ku, aadọrin le lẹẹẹdẹgbẹta tun ko o",['fear'],['fear'],['sadness'],['fear']
yoruba_text_3395_emotion_1,Bi iya yii ṣe maa n ju’di ẹ to ba n rin lọ lo jẹ ki n fipa ba a sun,['disgust'],['disgust'],[],['disgust']
yoruba_text_1016_emotion_1,Kí ló mú Portable sún sínú pòsí lọ sóde eré?,['surprise'],['disgust'],['surprise'],['surprise']
yoruba_text_1601_emotion_1,"Ẹ﻿ dákun, ẹ yé bímọ 100 láàrin oṣù kan - Ààrẹ Tanzania rawọ́ ẹ̀bẹ̀",['fear'],[],['sadness'],[]
yoruba_text_474_emotion_1,"''Ó ti di òfin, tísà ìjọba kankan kò gbọdọ̀ fi ọmọ rẹ̀ sí iléẹ̀kọ́ aládàni''",['anger'],['disgust'],"['fear', 'surprise']",[]
yoruba_text_2958_emotion_1,"Adiẹ ti jẹ’fun ara wọn o: Umar pa Fulani ẹgbẹ ẹ l’Akoko, o lo n gbero lati ji oun gbe",['surprise'],['sadness'],['surprise'],['surprise']
yoruba_text_1260_emotion_1,Yobe Lawan: Wọ́n ti ní kí Baalẹ̀ Yobe lọ rọọ́kún nílé torí ẹ̀sùn pé o fipá bá ọmọdé sùn,[],['sadness'],['anger'],[]
yoruba_text_1055_emotion_1,À﻿wọn èèyàn kan faraya bí Peter Obi ṣe ṣe àbẹ̀wò sí Gumi,['anger'],['anger'],['anger'],['anger']
yoruba_text_2449_emotion_1,Adesina Ogunlana: Ìjọba kò mọ̀ pé ikọ̀ olùwádìí EndSARS yóò sọ òtítọ̀ ló fi gbe kalẹ̀,[],[],['sadness'],[]
yoruba_text_2532_emotion_1,Ipinlẹ Ogun ni nnkan amayedẹrun yoo pọ si ju ni Naijiria laipẹ – Abiọdun,['joy'],[],[],[]
yoruba_text_1660_emotion_1,Nigeria lockdown: Kí ni àwọn kókó tí Ààrẹ Buhari tẹnumọ́ nínú ọ̀rọ̀ tó bá àwọn ọmọ Nàìjíríà sọ lọ́jọ́ Àìkú?,[],[],['surprise'],[]
yoruba_text_3026_emotion_1,Wọn ṣa adari ẹgbẹ PDP pa siwaju ile baba ẹ l’Ọyọọ,['disgust'],['disgust'],['sadness'],['disgust']
yoruba_text_458_emotion_1,PDP yóò wọ́de lọ́jọ́ Ajé nítorí ìdájọ́ ìdìbò gómìnà ìpínlẹ̀ Imo,[],['anger'],['anger'],['anger']
yoruba_text_4982_emotion_1,"Iru ki waa leleyii, lọjọ ti Habeeb ṣayẹyẹ ikẹkọọ-jade ni Kwara Poli, lo dawati n’llọrin","['sadness', 'surprise']",['sadness'],"['sadness', 'surprise']","['sadness', 'surprise']"
yoruba_text_3740_emotion_1,"Adajọ ni ki Evans, ogbontarigi ajinigbe, atawọn ọrẹ ẹ lọọ lo iyooku aye wọn lọgba ẹwọn   ",[],[],[],[]
yoruba_text_2994_emotion_1,Itusilẹ ni Pasitọ Matthew loun fẹẹ ṣe f’ọmọ ijọ rẹ to fi fipa ba a lo pọ l’Ogijo,['surprise'],['sadness'],['sadness'],['sadness']
yoruba_text_597_emotion_1,Afurasí Fulani darandaran gún èèyàn kan pa l‘Eko torí pé ọkọ̀ pa màálù kan,"['sadness', 'surprise']",['sadness'],['sadness'],['sadness']
yoruba_text_200_emotion_1,"Lẹ́yìn tó dárapọ̀ mọ́ ẹgbẹ́ òṣèlú APC, igbákejì Gómìnà Oyo bẹ̀rẹ̀ isẹ́ l'ọ́fíìsì tuntun","['joy', 'surprise']",[],['joy'],['joy']
yoruba_text_141_emotion_1,Ibrahim Chatta: Ó gba àwọn òṣèré tíátà nímọ̀ràn láti máa ṣaájò ẹgbẹ́ wọn,[],[],[],[]
yoruba_text_4887_emotion_1,‘O yẹ ki ayẹwo ọpọlọ wa fun ẹnikẹni to ba fẹẹ darapọ mọ iṣẹ agbofinro lorileede yii’,[],[],[],[]
yoruba_text_282_emotion_1,Oyo prison break: Ìbúgbàmù ọ̀hún kò mú ẹ̀mí ẹnikẹ́ni lọ,['joy'],['joy'],['joy'],['joy']
yoruba_text_747_emotion_1,"Rohingya sue Facebook: Àwọn ẹ̀yà kan rèé tó pe iléeṣẹ́ Facebook lẹ́jọ́, wọ́n ń bèrè $150b owó gbà mábìnú",['surprise'],['anger'],['surprise'],['surprise']
yoruba_text_1100_emotion_1,"Mo nífẹ̀ẹ́ ọkọ mi, àmọ́ ọ̀lẹ ni lórí bẹ́ẹ́dì ni mo ṣe bá ẹ̀gbọ́n rẹ lòpọ̀",['surprise'],['disgust'],['sadness'],[]
yoruba_text_2556_emotion_1,"Koko lara mi le, mo le ṣe aarẹ Naijiria daadaa- Tinubu",[],[],[],[]
yoruba_text_821_emotion_1,Adunni Ade: Lóòtọ́ọ́ ní àwọn adarí eré máa ń ní àjọṣepọ̀ pẹ̀lú àwọn òṣèré-bìnrin àmọ́ kò ṣẹlẹ̀ sí mi,[],[],[],[]
yoruba_text_1670_emotion_1,Ibrahim Babangida: Buhari ní Nàìjíríà kò lè gbàgbé iṣẹ́ ribiribi tí IBB ṣe láéláé bí ó ti pé ẹni ọdún 79 lónìí,['joy'],[],['joy'],['joy']
yoruba_text_4869_emotion_1,Ko ti i si ijọba kan ni Naijiria yii to gbogun ti iṣẹ ati oṣi bii tiwa o – Buhari lo wi bẹẹ,['surprise'],[],[],[]
yoruba_text_3975_emotion_1,"Dokita Amẹrika ti ni ki wọn ma sọ pe ko soogun fun korona mọ, oogun ẹ wa o jare",[],[],[],[]
yoruba_text_4527_emotion_1,"Oṣinbajo fẹẹ ṣepade pẹlu gbogbo alaga APC, wọn lọrọ ati dupo aarẹ lo fẹẹ ba wọn sọ",[],[],[],[]
yoruba_text_2107_emotion_1,2023 presidency: Wo àwọn ọmọ Yorùbá mẹ́fà tí ẹnu ń kùn lórí ìbò ààrẹ ọdún 2023,[],[],[],[]
yoruba_text_2320_emotion_1,Sunday Igboho: Wo àwọn èròjà àti orúkọ àwọn èèyàn tí DSS kó nílé Sunday Igboho,[],[],['surprise'],[]
yoruba_text_1955_emotion_1,"Bobrisky: Ẹyin mi ti lọ, inú ń dùn mí, ìrora yìí pọ̀ jù",['sadness'],['sadness'],['sadness'],['sadness']
yoruba_text_1330_emotion_1,Opebi aircraft crash: Ìgbìmọ̀ olùwádìí ni epo ló tán nínú bàálù tó já l'Eko,['surprise'],[],"['sadness', 'surprise']",['surprise']
yoruba_text_2154_emotion_1,"Ìyálé Mercy Aigbe kìlọ̀ fún un pé kó yé ya àwòrán nínú ilé tí òun fi ìláàgùn kọ́, ọkọ rẹ̀ fún un lésì…",['anger'],['disgust'],['anger'],['anger']
yoruba_text_4056_emotion_1,Adeleke fagi le irinajo si Oke-Okun fawọn lọgaalọgaa lẹnu iṣẹ nipinlẹ Ọṣun,['surprise'],[],['sadness'],[]
yoruba_text_1344_emotion_1,Entertainers who died within five months: BBC Yorùbá ṣe àkójọpọ̀ àwọn amúlùúdùn mẹ́fà tó kú láàrin oṣù márùn-ún,['sadness'],['sadness'],['sadness'],['sadness']
yoruba_text_243_emotion_1,Ondo workers salary: Ìyà ń jẹ́ wá! Owó osù mẹ́jọ́ há sọ́wọ́ Akeredolu,"['anger', 'sadness']",['sadness'],['sadness'],['sadness']
yoruba_text_2377_emotion_1,Expired goods in Nigeria: Jíjẹ tàbí lílo nkan tí ọjọ́ ti lọ lórí rẹ̀ le fa àìsàn tàbí ikú,['fear'],[],['fear'],['fear']
yoruba_text_964_emotion_1,"Lassa Fever: Àjèjì ààrùn tó ń pani ní Nàìjíríà bàyìí kìí ṣe CoronaVirus, Lassa, tàbí Ebola",['fear'],['fear'],['surprise'],['fear']
yoruba_text_1315_emotion_1,Ẹgbẹ́ òṣèlú tó bá yan olùdíje ààrẹ àti igbákejì rẹ̀ nínú ẹ̀sìn kan ṣoṣo yóò kùnà - CAN,['anger'],[],['anger'],['anger']
yoruba_text_926_emotion_1,"Lẹyin iku Ginimbi ọrẹ rẹ, Davido ni asan lohun meremere aye jẹ",['sadness'],['sadness'],['sadness'],['sadness']
yoruba_text_656_emotion_1,Anthony Joshua vs Andy Ruiz Jr: AJ lóun ṣetán láti kojú Ruiz nínú ìjà ọjọ́ Sátidé,[],[],[],[]
yoruba_text_2319_emotion_1,"Ẹ ṣọ́ra, Monkeypox tún lè dàbí àjàkálẹ̀ ààrùn bíi Coronavirus ní àgbáyé - WHO",['fear'],['fear'],['fear'],['fear']
yoruba_text_2942_emotion_1,"Maaluu mejidinlaaadọrun-un ya wọ oko oloko n’Igangan, wọn ba agbado eeka mẹwaa jẹ","['sadness', 'surprise']",['sadness'],['sadness'],['sadness']
yoruba_text_4646_emotion_1,Igbakeji gomina Ogun ni yoo dari igbimọ ipolongo idibo ijọba ibilẹ APC,[],[],[],[]
yoruba_text_3757_emotion_1," Nitori alaisan to ku sọdọ wọn, awọn mọlẹbi lu oṣiṣẹ ọsibitu ijọba lalubami l’Akurẹ",['surprise'],"['disgust', 'sadness']",[],[]
yoruba_text_2838_emotion_1,"Ọwọngogo Naira:Awọn ọmọlooku lawọn ko gba owo atijọ, ni wọn ba gbe POS kalẹ fawọn eeyan",['surprise'],[],['surprise'],['surprise']
yoruba_text_3274_emotion_1,Ẹgbẹ oṣelu PDP Ọṣun lawọn ko ni i kopa ninu idibo ijọba ibilẹ ti OSIEC fẹẹ ṣe,[],[],['anger'],[]
yoruba_text_192_emotion_1,"Wón ní àwọn ni Lébìrà, Lébìrà ní wón á ṣe ...! - Tinubu sọ òkò ọ̀rọ̀ sì ẹgbẹ́ òṣèlú Labour Party",['anger'],"['anger', 'disgust']","['anger', 'sadness']",['anger']
yoruba_text_1184_emotion_1,PDP Primaries: Gbọ́ nkán tí ẹgbẹ́ PDP sọ nípa ìròyìn tó gbòde pé ìdìbò owó lọ́wọ́ ẹyìn nílẹ̀ ní wọn n ṣé l'Abuja,[],[],[],[]
yoruba_text_4873_emotion_1, Gowon gba Atiku ati Obi nimọran lori ẹjọ idibo aarẹ ti wọn pe,[],[],[],[]
yoruba_text_1083_emotion_1,"Easter Celebration robbery in Anambra: Àwọn adigunjalè gba fóònù, ohun ìní àwọn ènìyàn nílé oúnjẹ",['surprise'],['sadness'],['surprise'],['surprise']
yoruba_text_2886_emotion_1,"  Tirela kọ lu bọọsi n’Ijẹbu-Ode, lo ba pa eeyan mẹrin lẹsẹkẹsẹ",['sadness'],['sadness'],['sadness'],['sadness']
yoruba_text_3970_emotion_1,Ifowoṣofo ni iforukọsilẹ awọn ọmọ ẹgbẹ ti APC n ṣe lasiko yii-Bisi Akande,[],['sadness'],['sadness'],['sadness']
yoruba_text_1347_emotion_1,Wo òògùn ikọ́ mẹ́rin tó ti gbẹ̀mí ọmọdé 66 l‘Áfíríkà - WHO,"['sadness', 'surprise']",['sadness'],['sadness'],['sadness']
yoruba_text_1971_emotion_1,Ìwọ́de Shiite: Ọwọ́ ọlọ́pàá tẹ ogójì ọmọ ẹgbẹ́ Shiite lẹ́yìn ìwọ́de,['joy'],[],[],[]
yoruba_text_606_emotion_1,Israel Adesanya: Romero yóò jìyà bí mo bá gbá a mú,['anger'],['anger'],['anger'],['anger']
yoruba_text_757_emotion_1,"Bamise Ayanwola missing in Lagos BRT: Irọ́ ni pé wọ́n gbé ìbọn sí dẹ́rẹ́bà yẹn léti, oun tó ṣẹlẹ̀ gangan bí Bamise ṣe wọ ọkọ yẹn rèé",[],[],"['anger', 'sadness']",[]
yoruba_text_449_emotion_1,Serena Williams gba ife ẹ̀yẹ àkọ́kọ́ láàrin ọdún mẹ́ta sẹ́yìn,"['joy', 'surprise']",['joy'],[],['joy']
yoruba_text_2159_emotion_1,"OAU student's death: O dun OAU pé Heritage kú, agbìyànjú láti gbé e délé ìwòsàn ṣùgbọ́n...",['sadness'],['sadness'],['sadness'],['sadness']
yoruba_text_2401_emotion_1,Michigan school shooting: Ọlọ́pàá fi ṣìkún òfin mú àwọn òbí ọmọ tó yìnbọn pa èèyàn mẹ́rin nílé ẹ̀kọ́,"['joy', 'surprise']",['sadness'],[],[]
yoruba_text_726_emotion_1,"Nàíjíríà tóbi jù fún ìjọba àpapọ̀ láti darí, ẹ jẹ́ kí kálukú darí ẹkùn tiẹ̀ - Ladoja",[],['fear'],['anger'],[]
yoruba_text_4431_emotion_1,"Mo mọ pe ara n ni yin o, amọ ẹ dibo fun Tinubu ki iṣakoso wa le tẹsiwaju-Buhari",['sadness'],[],[],[]
yoruba_text_3055_emotion_1,"Awọn agbebọn kọ lu teṣan ọlọpaa ni Benue, wọn ba pa mẹrinla ninu wọn",['surprise'],['sadness'],['joy'],[]
yoruba_text_3727_emotion_1,Baba to ṣeku pa ọmọ ẹ lẹyin to ji i gbe ti ko sọwọ ọlọpaa,['surprise'],['disgust'],['joy'],[]
yoruba_text_796_emotion_1,Davido and Dele Adeleke: Njẹ́ ọ̀rọ̀ ipò gómínà Osun ní 2022 kò fẹ́ ẹ̀ da ẹbí Adeleke rú báyìí?,['surprise'],['fear'],['surprise'],['surprise']
yoruba_text_3578_emotion_1,"O doju ẹ! Ija igboro buruku ṣẹlẹ laarin ilu Ilobu ati Ifọn, ọlọpaa mẹrin lo fara pa","['fear', 'sadness']",['sadness'],['sadness'],['sadness']
yoruba_text_790_emotion_1,"Mò ń bọ̀ láìpẹ́ láti tú àṣìrí PDP, Atiku – Gomina Wike",[],[],[],[]
yoruba_text_4001_emotion_1,Adegoke: Ijọba apapọ sọ pe oun ko ba Adedoyin ṣẹjọ mọ,[],['sadness'],['surprise'],[]
yoruba_text_4629_emotion_1,"Baba Ijẹṣa maa pada sile-ẹjọ l’Ọjọbọ, Tọsidee, ọsẹ yii",[],[],[],[]
yoruba_text_4589_emotion_1,Ijọba ko ni i kede ofin konile-gbele nitori arun Koronafairọọsi- Lai Muhammed,[],[],['anger'],[]
yoruba_text_281_emotion_1,Canada ń ṣọ̀fọ̀ lẹ́yìn tí wọ́n rí òkú akẹ́kọ̀ọ́ 215 nílé ẹ̀kọ́ kan,['sadness'],['sadness'],['sadness'],['sadness']
yoruba_text_2137_emotion_1,"EndSARS, EndSWAT Protests: Òbí agbábọ́ọ̀lù Kazim Tiamiyu Kaka àtàwọn míì tí ọlọ́pàá pa sọ̀rọ̀, omijé bọ́ lójú",['sadness'],['sadness'],['sadness'],['sadness']
yoruba_text_1032_emotion_1,"Poverty in Nigeria: SERAP ní aráàlú ló ń jẹ ìyà torí ìwà àjẹbánu ní ẹ̀ká ìlérá, ètò ẹ̀kọ́ àti ìpèsè omi",['sadness'],['sadness'],['sadness'],['sadness']
yoruba_text_3232_emotion_1,"Ọrẹ meji gbadajọ ẹwọn ọdun mọkanlelogun, nitori ẹsun idigunjale",['surprise'],['sadness'],[],[]
yoruba_text_185_emotion_1,World Cup qualifier: Senegal àti Egypt yóò wáàkò fún tíkẹ́ẹ̀tì ife ẹ̀yẹ àgbáyé Qatar 2022,['joy'],[],['fear'],[]
yoruba_text_4345_emotion_1,"Lẹyin to ti bibeji, ẹ wo obinrin to bimọ mẹwaa lẹẹkan naa","['joy', 'surprise']",['surprise'],['surprise'],['surprise']
yoruba_text_4720_emotion_1,"Peter Obi da Tinubu loun: Mo le lahun loootọ, ṣugbọn ọwọ mi ko kun fun iwa ibajẹ",['anger'],[],['anger'],['anger']
yoruba_text_2694_emotion_1,Lẹyin ti Emmanuel gun ọrẹbinrin rẹ pa tan lo fẹẹ bẹ si kanga l’Ekoo,"['disgust', 'surprise']","['disgust', 'sadness']","['sadness', 'surprise']","['disgust', 'surprise', 'sadness']"
yoruba_text_4477_emotion_1,Makinde yan Ọjọgbọn Fasiti Ibadan gẹgẹ bii akọwe ijọba Ọyọ,['surprise'],[],[],[]
yoruba_text_181_emotion_1,Òyìnbó lásán ni 'consequential adjustment' ẹ ò tún gbọdọ̀ gé owó oṣù ní ìpínlẹ̀ mọ́ - NLC,['anger'],['disgust'],['anger'],['anger']
yoruba_text_2334_emotion_1,Afghanistan Women vs Taliban: Ìdí rèé tí Taliban fí gbé òfin kalẹ èyí tó de kí obìnrin dá rírìn àjò tó kọjá 45 miles,[],[],[],[]
yoruba_text_3162_emotion_1,"Ibalopọ lo dija silẹ, l’Ọdunayọ ba fibinu gun ọkọ ẹ pa","['disgust', 'surprise']",['sadness'],['sadness'],['sadness']
yoruba_text_1042_emotion_1,Ìjàmbá Eko: Ṣúnkẹrẹ fàkẹrẹ gba òpópónà Berger kan torí ìjàmbá ọkọ̀,[],['disgust'],['sadness'],[]
yoruba_text_4375_emotion_1," Igbimọ olugbẹjọ da ẹjọ Jẹgẹdẹ nu, wọn l’Akeredolu lo yege",[],[],"['joy', 'sadness']",[]
yoruba_text_2302_emotion_1,"Olugbon of Igbon: ‘Rubber Stamp’ làwọn aṣòfin àpapọ̀, wọn kò ṣojú aráàlú",['sadness'],['sadness'],[],['sadness']
yoruba_text_1627_emotion_1,Domestic violence: ‘Ẹ̀rù ayé mi sì ń bà mí’ – obìnrin tí ọkọ gé imú rẹ̀,"['disgust', 'sadness', 'surprise']",['fear'],['fear'],['fear']
yoruba_text_1199_emotion_1,"Timothy Adegoke: Lẹyìn o rẹyin, mọ̀lẹ́bí kéde ọjọ́ tí olóògbé yóò wọ káà ilẹ̀ lọ",['sadness'],['sadness'],"['joy', 'sadness']",['sadness']
yoruba_text_1470_emotion_1,"Kàyééfì Promo: Ìyá, ọmọ tuntun àti olubi ló wà níbùdó ìgbókùsí, àmọ́ òkú ọmọ di àwátì",['surprise'],['sadness'],['surprise'],['surprise']
yoruba_text_2048_emotion_1,Osun PDP Crisis: Kí ló fa làásìgbò níbí ìpàdé PDP tó mu kí ọmọ ẹgbẹ́ kan náà doju ìja kọ ara wọn?,['surprise'],['anger'],['surprise'],['surprise']
yoruba_text_4432_emotion_1,Ipo Aarẹ 2023: Faṣhọla rọ ẹgbẹ oṣelu APC lati tẹle adehun,[],[],[],[]
yoruba_text_3313_emotion_1,"O ma ṣe o, oṣere tiata Yoruba ku lojiji!",['sadness'],['sadness'],['sadness'],['sadness']
yoruba_text_1683_emotion_1,Sylvester Oromoni: Ìyàwó Gómìnà sọ èrò ọkàn rẹ̀ lórí ikú akẹ́kọ̀ọ́ omo ọdún méjìlá Sylvester Oromoni,['sadness'],['sadness'],[],['sadness']
yoruba_text_1861_emotion_1,Ondo killing: Ilé ẹ̀jọ́ ni Akure ti ni ki afurasi Victor Akinwa sì wà ní àhámọ́ títí ìwádìí lórí ikú bàbá rẹ̀ á fi parí,[],[],['sadness'],[]
yoruba_text_3107_emotion_1,Iwadii n lọ lori olukọ ti wọn lo fẹẹ fipa ba akẹkọọ lo pọ ni Fasiti Ifẹ-Awọn Alaṣẹ,[],['sadness'],[],[]
yoruba_text_4604_emotion_1,Sunday Igboho: Ọlọrun to ja fun Yoruba laye Abacha yoo ja fun wa lasiko yii-Kọle Ọmọlolu,[],['fear'],['sadness'],[]
yoruba_text_924_emotion_1,"EndSARS Protes Updatet: Aláàfin Ọyọ ní ọ̀dọ́ ìwòyí kò gba gbẹ̀rẹ́, kíjọba yé halẹ̀ mọ́ wọn",['anger'],[],['anger'],['anger']
yoruba_text_214_emotion_1,DSS on IPOB Akunyili killing: Ikú Dókítà Chike ṣòkùnkùn sí wá ṣùgbọ́n a o ṣé ìwádìí àwọn tó pa,['sadness'],['sadness'],[],['sadness']
yoruba_text_246_emotion_1,"Yoruba Nation kọ́ ló pa Jumoke l‘Ojota, Ọlọ́pàá ni - Ìgbìmọ̀ olùwádìí",[],['sadness'],[],[]
yoruba_text_3258_emotion_1,"Agbara Tinubu ko le gbe wahala ipo aarẹ, o yẹ ko lọọ fẹyinti ni-Ẹgbẹ Arewa Oke-Ọya",['sadness'],['fear'],[],[]
yoruba_text_2809_emotion_1,"Awọn adigunjale ya wọ ṣọọṣi mẹrin ọtọọtọ l’Ogun, wọn ji ohun eelo ibẹ ko lọ",['surprise'],['sadness'],[],[]
yoruba_text_4682_emotion_1,Awọn ọmọleewe ipinlẹ Ogun yoo wọle pada lọjọ kọkanlelogun oṣu yii o,[],[],['joy'],[]
yoruba_text_935_emotion_1,Ta ló pa ọmọ ẹgbẹ́ PDP l‘Oyo èyì tó fẹ́ fa wàhálà sílẹ̀ láàrin PDP àti APC?,[],[],['surprise'],[]
yoruba_text_3224_emotion_1,"Mo kọwe sileeṣẹ ọlọpaa pe mi o ṣiṣẹ mọ, wọn o jẹ ki n lọ, iya ni wọn fi n jẹ mi – Fauzziyah",['sadness'],"['anger', 'sadness']",['sadness'],['sadness']
yoruba_text_3592_emotion_1,"Blessing tu aṣiri nla: Loootọ ni baba at’ọmọ n ba mi sun, pẹlu awọn ọkunrin mẹta mi-in laduugbo wa",['disgust'],"['disgust', 'sadness']",['sadness'],"['disgust', 'sadness']"
yoruba_text_3305_emotion_1,Awọn agbebọn ṣa baale ile pa mọnu ile ọti n’Ibadan,"['disgust', 'sadness']",['sadness'],['sadness'],['sadness']
yoruba_text_4241_emotion_1,Awọn aṣofin Eko tun yọ ninu orukọ ti Sanwo-Olu fi ranṣẹ danu,[],[],['sadness'],[]
yoruba_text_36_emotion_1,Akinyele killings: Ọwọ́ ọlọ́pàá ti tẹ Toheed Ganiyu tí wọ́n ló pa Mary Daramola ẹni ọdún 18 l'Akinyele ní ìlú Ibadan,"['sadness', 'surprise']",['sadness'],['joy'],['sadness']
yoruba_text_2761_emotion_1,"Eeyan mẹrin gan mọ’na, ọpọ fara pa, lasiko ajọdun ni ṣọọṣi Kerubu l’Abule-Ẹgba","['sadness', 'surprise']",['sadness'],['sadness'],['sadness']
yoruba_text_4290_emotion_1,"Ọọni loun ko binu si Sunday Igboho mọ, oun ko si ni i sọrọ lori ohun to ṣe",[],[],['joy'],[]
yoruba_text_3257_emotion_1,Olukọ ileewe giga fi foto obinrin lu oyinbo ni jibiti niluu Ọffa,['surprise'],['sadness'],[],[]
yoruba_text_1575_emotion_1,Yahoo Boys: Àwọn afurasí ọmọ Yahoo gbé òkú ọmọṣẹ́ wọn tó mu Colorado sórí afárá l'Abeokuta,['sadness'],"['disgust', 'sadness']",['sadness'],['sadness']
yoruba_text_4586_emotion_1,Wọn fa aworan ti wọn fi ki Aregbeṣọla ku oriire ọjọọbi ya l’Oṣogbo,['surprise'],['anger'],['sadness'],[]
yoruba_text_2153_emotion_1,A kò mọ ohunkóhun pé wọ́n mú afurasí  lórí ìkọlù agbébọn ní Owo - ọlọ́pàá,[],[],['surprise'],[]
yoruba_text_3668_emotion_1,"Wahala n’Ikire: Awọn janduku kọlu Ọba Akire, wọn tun ja awọn oloye ẹ lole rẹpẹtẹ","['fear', 'sadness']","['disgust', 'sadness']",['sadness'],['sadness']
yoruba_text_3123_emotion_1,Wọn ti mu tiṣa to fipa ba akẹkọọ rẹ lo pọ n’Ilọrin,['joy'],"['anger', 'sadness']",[],[]
yoruba_text_623_emotion_1,Antonio Oladeinde Fernandez: Ìtàn ìgbé ayé ọmọ Naijiria to ni ọkọ̀ òfúrufú mẹ́fà àti owó ní báǹkì láwọn orílẹ̀-ède méje,['surprise'],[],[],[]
yoruba_text_3778_emotion_1,Kẹmiisi yii ti ko bara ẹ poo! Ohun to ṣe fun ọmọ ọdun mẹsan-an ti wọn ni ko tọju buru jai,[],"['anger', 'disgust', 'sadness']",['sadness'],['sadness']
yoruba_text_2814_emotion_1,"Adajọ ju akẹkọọ fasiti to n ṣe Yahoo sẹwọn, ọpọ eeyan lo ti lu ni jibiti ",['surprise'],[],[],[]
yoruba_text_2933_emotion_1,Awọn adigunjale pa ọlọdẹ lẹyin ti wọn ko ọja rẹpẹtẹ ninu ṣọọbu to n ṣọ l’Oṣogbo,['sadness'],['sadness'],['sadness'],['sadness']
yoruba_text_4553_emotion_1,"Emi ki i ṣe ọmọ Maria o, ẹ ma fi mi we Jesu-Tinubu",[],[],['disgust'],[]
yoruba_text_555_emotion_1,"Imam ìjọ Shafaudeen in Islam, Sabit Olagoke gbàdúrà pé kò sí olólùfẹ́ BBC Yorùbá tó máa ṣìrìn lọ́dùn 2023",['joy'],[],['joy'],['joy']
yoruba_text_3720_emotion_1,"Ọwọ osun ni mo fi n nu ogiri gbigbẹ lati ọdun kẹrin, ti su mi, ẹ tu wa ka- Kafayat ",['sadness'],['disgust'],['sadness'],['sadness']
yoruba_text_4938_emotion_1,"Lẹyin ti wọn gba miliọnu marun-un, awọn ajinigbe tu ara ilu oyinbo ti wọn ji gbe silẹ","['joy', 'surprise']",['joy'],['joy'],['joy']
yoruba_text_529_emotion_1,"Olubadan of Ibadan coronation: Olúbàdàn tuntun, Ọba Lekan Balogun Ali Okùmádé kejì ṣèlérí lẹ́yìn tó gbọ̀pá àṣẹ",['joy'],[],['joy'],['joy']
yoruba_text_549_emotion_1,Ẹ gbé àwọn Ahmed Idiris àti àwọn yòókù rẹ̀ lọ sí ọgbà ẹ̀wọ̀n Kuje- Adajọ Adeyemi Ajayi,['anger'],[],['anger'],['anger']
yoruba_text_1862_emotion_1,À﻿wọn jàndùkú dáná sun ọ́fíìsì INEC tó wà nípìnlẹ̀ Ogun,['surprise'],['disgust'],['sadness'],[]
yoruba_text_195_emotion_1,Soyombo yẹ fún àyẹ́sí gẹ́gẹ́ bí ògbóǹtagì oníròyìn - Aregbesola,['joy'],[],['joy'],['joy']
yoruba_text_1987_emotion_1,Ondo police accident: Ọlọ́pàá mẹ́sàn án tó farapa nínú ìjàmbá ọkọ̀ Akure t'éèyàn méjì ti kú sì wà nílé ìwòsàn,['sadness'],['sadness'],['sadness'],['sadness']
yoruba_text_3771_emotion_1,"Nitori to le maaluu kuro ninu oko irẹsi rẹ, Fulani ge ọwọ agbẹ ja bọ ni Kwara ","['disgust', 'sadness']","['anger', 'sadness']",['sadness'],['sadness']
yoruba_text_3586_emotion_1,Awọn gomina PDP pariwo: Owo tijọba Buhari n ya yii ti pọ ju o,['fear'],['fear'],['fear'],['fear']
yoruba_text_3385_emotion_1,Wọn ti dajọ iku fun pasitọ ijọ to pa ọmọ ẹgbẹ akọrin ṣọọṣi rẹ to fun loyun,"['sadness', 'surprise']","['anger', 'sadness']",['sadness'],['sadness']
yoruba_text_1975_emotion_1,Wo ìlú kan ní Italy tó ṣetán láti fún ọ ní N13.6 mílíọ̀nù tí o bá gbà láti gbé níbẹ̀,['surprise'],['surprise'],['surprise'],['surprise']
yoruba_text_4889_emotion_1,Ori ko oludije gomina ipinlẹ Ọyọ yọ lọwọ awọn agbanipa,['joy'],['joy'],['joy'],['joy']
yoruba_text_1054_emotion_1,"Herbalist: Babaláwo rí ẹ̀wọ̀n he! lẹ́yìn tó ṣe ìwòsàn fún obìnrin pẹ̀lu tábà fífí, ló bá kú lójijì!",['surprise'],['sadness'],['sadness'],['sadness']
yoruba_text_1805_emotion_1,Aisha Lawal: Ẹni tó kéde pé mo kú yóò rí ìbínú Ọlọ́run,['anger'],['anger'],['anger'],['anger']
yoruba_text_1480_emotion_1,Adewole Oniluola: Tunde Kelani ni ikú àgbà Àyàn náà tún mú kí ilẹ̀ Yorùbá sọ ohun rere nù,['sadness'],['sadness'],['sadness'],['sadness']
yoruba_text_1791_emotion_1,Á júwe ilé fún Niyi Akintola tó bá tẹ̀síwájú láti ṣiṣẹ́ tako wá - APC l‘Oyo,['anger'],[],['anger'],['anger']
yoruba_text_1711_emotion_1,Babatunde Olatunji: Alùlùgbayì ọmọ Nàìjíríà tó fìlù kojú ìdẹ́yẹsí ní Amẹ́ríkà,"['joy', 'surprise']",[],[],[]
yoruba_text_4473_emotion_1,Awọn adari ẹgbẹ APC l’Abuja gbe isakoso ẹgbẹ le Akala lọwọ nipinlẹ Ọyọ,['surprise'],[],[],[]
yoruba_text_3855_emotion_1,Ko daa bi Aarẹ ṣe fipa gbaṣẹ lọwọ awọn ọga ologun ilẹ yii – Sadeeq Shehu,['sadness'],['anger'],['sadness'],['sadness']
yoruba_text_939_emotion_1,Twitter ban in Naijiria: Ìjọba Nàìjíríà ṣàlàyé ibi tí ìjíròrò pẹ̀lú Twitter dé dúró àti ìgbà tó ṣeéṣe kí Twitter padà sẹ́nu iṣẹ́ ní Nàìjíríà,[],[],[],[]
yoruba_text_60_emotion_1,Ọlọ́run fẹ́ gbé Ekiti gorí ẹṣin ló ṣe ní kí ń díje gómìnà nínú ẹ́gbẹ́ ẹlẹ́ṣin - Segun Oni,['joy'],[],['joy'],['joy']
yoruba_text_2108_emotion_1,"Àwọn agbébọn pa ènìyàn méjì ní ìpínlẹ̀ Kwara, jí ọ̀pọ̀ gbé lọ","['fear', 'sadness', 'surprise']",['sadness'],['sadness'],['sadness']
yoruba_text_1264_emotion_1,Àwọn Krìstẹ́ní Yoruba Nation kọ̀wé sí CAN láti pínyà!,[],['fear'],"['anger', 'sadness']",[]
yoruba_text_2736_emotion_1,O ma waa ga o! Ṣẹgun naa tun fipa ba ọmọ bibi inu ẹ laṣepọ l’Abẹokuta,"['disgust', 'sadness']",['disgust'],['sadness'],"['disgust', 'sadness']"
yoruba_text_3767_emotion_1,Awọn agbebọn ji iya olori awọn oṣiṣẹ ọba ipinlẹ Kogi lọ,['surprise'],['sadness'],['sadness'],['sadness']
yoruba_text_3187_emotion_1,"Tirela lọọ ya ba awọn obinrin oniṣowo mẹwaa ninu ọja, lo ba tẹ wọn pa",['sadness'],['sadness'],['sadness'],['sadness']
yoruba_text_2824_emotion_1,Ẹnikẹni to ba sọrọ ti ko yẹ si Aarẹ Tinubu ko ni i faraa re lọ -Minisita feto aabo,['anger'],[],['anger'],['anger']
yoruba_text_4525_emotion_1,"Tadenikawo, Adesọji, Aderẹmi lorukọ ọmọ Ọọni tuntun",[],['joy'],['joy'],['joy']
yoruba_text_4416_emotion_1,"Aarẹ Tinubu n lọ sorileede Equatorial Guinea, eyi lohun to fẹẹ lọọ ṣe",[],[],[],[]
yoruba_text_3244_emotion_1,"Wahala l’Ado-Ekiti, ibọn ba ọlọpaa lasiko rogbodiyan, wọn lawọn ẹgbẹ ẹ lo yinbọn pa a",['surprise'],"['fear', 'sadness']",['sadness'],['sadness']
yoruba_text_3327_emotion_1,"Awọn eleyii ti rẹwọn he o, owo Naira tuntun ni wọn n ta n’llọrin ",['surprise'],['disgust'],['surprise'],['surprise']
yoruba_text_3460_emotion_1,Wọn yinbọn lu Baba Adinni lasiko tawọn eleegun lọọ da mọṣalaaṣi kan ru l’Oṣogbo,"['sadness', 'surprise']","['fear', 'sadness']",['sadness'],['sadness']
yoruba_text_3504_emotion_1,Adajọ sọ awọn ọmọ ‘Yahoo’ mẹwaa sẹwọn n’Ilọrin ,['surprise'],['sadness'],[],[]
yoruba_text_1237_emotion_1,Israel dáwọ́ ìkọlù sí Gaza dúró lẹ́yìn  ọjọ́ mẹ́ta,[],['joy'],['joy'],['joy']
yoruba_text_4036_emotion_1,Alagba Tunde Kelani fẹẹ gbe fiimu igbesi aye Ayinla Ọmọwura ati ilu Ẹgba jade,['surprise'],[],[],[]
yoruba_text_344_emotion_1,Olusegun Obasanjo: Màá fi ìyókù ayé mi sin Ọlọ́run áti ènìyàn,['joy'],[],[],[]
yoruba_text_4487_emotion_1,Abass di olori awọn aṣoju-ṣofin apapọ,[],[],[],[]
yoruba_text_815_emotion_1,Ron Jeremy: Òṣèré tó ti ṣe ''Blue film'' fún ọdún 40 ti wọ gàù pẹ̀lú ẹ̀sùn ìfipábánilòpọ̀,"['disgust', 'surprise']","['disgust', 'sadness']",['sadness'],"['disgust', 'sadness']"
yoruba_text_2711_emotion_1,"Iku n rọ dẹdẹ lori ọmọ Naijiria yii o, egboogi oloro lo gbe tọwọ ọlọpaa fi tẹ ẹ ni India tẹ ẹ",['surprise'],['disgust'],['fear'],[]
yoruba_text_495_emotion_1,"Nigeria School resumption Update: Bí àwọn akẹ́kọ̀ọ́ ṣe ń wọlé, wo bí o ṣe lè dáàbò bo ọmọ rẹ níléèwé",[],[],[],[]
yoruba_text_71_emotion_1,Nollywood: Gbajugbaja òṣèré ''Toromagbe'' nínú fíìmù ''Arelu'' ti jáde láyé,['sadness'],['sadness'],['sadness'],['sadness']
yoruba_text_885_emotion_1,"Liz Truss ní olóòtú  ìjọba tí sáà rẹ̀ kéré jùlọ nínú ìtàn ilẹ̀ UK, ọjọ́ 45 ló lò nípò",[],[],['surprise'],[]
yoruba_text_2441_emotion_1,Bola Tinubu: Mo dúpẹ́ pé mo padà délé láyọ̀,['joy'],['joy'],['joy'],['joy']
yoruba_text_4379_emotion_1,Emi ni ma a kẹsẹ bọ bata Buhari gẹgẹ bii aarẹ Naijiria lọdun 2023-Tinubu,[],[],[],[]
yoruba_text_4_emotion_1,Sunday Igboho: Ẹ fún mi ní ₦500bn lórí dúkìá mi tẹ bàjẹ́ àti títẹ ẹ̀tọ́ mi lójú mọ́lẹ̀,['anger'],['anger'],['anger'],['anger']
yoruba_text_1988_emotion_1,"Tí ẹ̀yin gómìnà bá fọwọ́ lẹ́rán, Yorùbá yóò já fún ara wọn  - Ooni","['anger', 'sadness']",[],['anger'],['anger']
yoruba_text_4742_emotion_1,Jijẹ ọmọ Naijiria pe mi ju jijẹ ọmọ orilẹ-ede Olominira Yoruba lọ,[],[],['anger'],[]
yoruba_text_359_emotion_1,Ondo kidnap: Àwọn jàndùkú agbébọn jí èrò ọkọ̀ 18 tó ń lọ sí ìlú Eko láti Ondo lọ,['fear'],['sadness'],['sadness'],['sadness']
yoruba_text_695_emotion_1,"Amitabh Bachchan: Òṣèré India, Amitabh Bachchan tó lùgbàdì ààrùn Coronavirus ti móríbọ́",['joy'],['joy'],['joy'],['joy']
yoruba_text_6_emotion_1,"Nkechi Blessing: Jide Kosoko, pè mí ní ọmọ àlè tí Ọlọ́run kò bá ṣiṣẹ́ takò ọ́",['anger'],['anger'],['anger'],['anger']
yoruba_text_1094_emotion_1,Airforce Plane crash in Abuja: Iléeṣé ológùn ti ń sìnkú àwọn akọni tó bá ìjàmbá ọkọ̀ Bàálù lọ ní Abuja,['sadness'],['sadness'],['sadness'],['sadness']
yoruba_text_3161_emotion_1,"Samson yii ma daju o, o tan onikẹkẹ Marwa mẹta lọ sile ẹ, o pa wọn, o si ji kẹkẹ wọn lọ",['sadness'],"['anger', 'sadness']",['sadness'],['sadness']
yoruba_text_568_emotion_1,"Onítíàtà, ẹ tún ààrọ̀ yín ṣe, kẹ́ yé tọ̀rọ̀ owó kiri tí àìsàn bá dé lọ́jọ́ alẹ́ - Toyin Aṣẹ́wó tó re Mecca",['anger'],[],['anger'],['anger']
yoruba_text_1196_emotion_1,Road accident: Èèyàn mẹ́jọ jónà ráúráú nínú ìjàmbá ọkọ̀ akérò tó ṣẹlẹ̀ ní mọ́rosẹ̀ Eko sí Ibadan,"['sadness', 'surprise']",['sadness'],['sadness'],['sadness']
yoruba_text_949_emotion_1,Aarẹ Pakistan: Idájọ ikú ni wọ́n fun Musharraf nitorí ẹ̀sùn Iditẹ̀ gbà ìjọba,['surprise'],['sadness'],"['anger', 'sadness']",['sadness']
yoruba_text_2306_emotion_1,Pastor Adeboye ṣáájú ìwọ́de àdúrà lòdí sí ìpànìyàn ní Nàìjíríà,['surprise'],[],[],[]
yoruba_text_1002_emotion_1,Sunday Igboho: Olùgbé Benin Republic ní káwọn ọba Yorùbá máa tètè pariwo pé Igboho kò lẹ́ṣẹ̀ lọ́rùn,['sadness'],[],[],[]
yoruba_text_1939_emotion_1,EndSARS kò tíì tán torí ìjọba kò tíì fi ọlọ́pàá àrúfin kankan jófin - Mr Macaroni,"['anger', 'sadness']",['anger'],['anger'],['anger']
yoruba_text_4299_emotion_1,Ibo Ọṣun: Ile-ẹjọ Ko-tẹ-mi-lọrun yoo gba ẹtọ wa pada fun wa-Adeleke,[],[],['joy'],[]
yoruba_text_820_emotion_1,"Jumoke Odetola: Ọ́pọ̀ òṣèré koro ojú sí àṣehàn lásán lẹ́yìn ikú akẹẹgbẹ́ wọn, Williams Aanuoluwapo, Kumbalee",[],['anger'],"['anger', 'sadness']",['anger']
yoruba_text_3148_emotion_1,Adajọ ti ju Adebọwale ọlọkada to fipa ba ọmọ ọdun mẹtala sun n’Ileefẹ sẹwọn,"['disgust', 'joy']","['anger', 'sadness']",['sadness'],['sadness']
yoruba_text_1991_emotion_1,Idiroko Border Reopening: Àwọn èèyàn Idiroko ń fẹ́ kí iṣẹ́ tètè bẹ̀rẹ̀,[],[],[],[]
yoruba_text_2162_emotion_1,"Baba Ijesha: Iyabo Ojo fèsì fún Bukky Black, Ó ní ọ̀rọ̀ rírùn ló sọ, ìtìjú ńlá ló jẹ́ fún ìran obìnrin àti ìyá",['anger'],['disgust'],['anger'],['anger']
yoruba_text_2775_emotion_1,"O ma ṣe o, dokita ti wọn yinbọn fun lasiko tawọn afẹmiṣofo kọ lu reluwee to n lọ lati Abuja si Kaduna ti ku o  ",['sadness'],['sadness'],['sadness'],['sadness']
yoruba_text_873_emotion_1,Sunday Igboho sues federal government: Ilé ẹjọ́ pàṣẹ pé ìjọba kò gbọdọ̀ yọ Igboho lẹ́nu di ọjọ́ ìgbẹ́jọ́ míràn,['joy'],[],['anger'],[]
yoruba_text_3226_emotion_1,Tọkọ-tiyawo to lu jibiti owo nla dero ẹwọn n’Ibadan,['surprise'],['sadness'],['sadness'],['sadness']
yoruba_text_709_emotion_1,K﻿ílódé tí ìgbẹ́jọ́ kò fi wáyé lórí ẹ̀bẹ̀ Adedoyin láti lọ tọ́jú ara rẹ̀?,[],['fear'],"['anger', 'sadness']",[]
yoruba_text_2744_emotion_1,"Nitori Sunday Igboho, ijọba fẹẹ fofin de ẹgbẹ Ilana Ọmọ Oodua, wọn fẹẹ kede ẹ bii ẹgbẹ afẹmiṣofo",[],[],[],[]
yoruba_text_1974_emotion_1,Lagos sexual offences: Àwọn afurasí afipábánilòpọ̀ 206 wọ gàu l'Eko,"['joy', 'surprise']",['anger'],['sadness'],[]
yoruba_text_341_emotion_1,Ǹ kò wó 'Social media' mọ nítorí èébú tí wọ́n ń bù mí tí pọ̀jù- Tinubu,['sadness'],['disgust'],"['anger', 'sadness']",['sadness']
yoruba_text_3197_emotion_1,Ikunlẹ abiyamọ o! Eeyan mẹwaa ku ninu ijamba ọkọ lojuna Marosẹ Eko s’Ibadan,['sadness'],['sadness'],['sadness'],['sadness']
yoruba_text_1081_emotion_1,Olubadan Coronation: Olubadan tuntun kéde pé oyè Ibadan kìí ṣe fún títà,[],[],[],[]
yoruba_text_4735_emotion_1,"Ijọba fẹẹ fofin de ọti inu ọra (pẹlẹbẹ), ati igo keekeeke",['surprise'],[],[],[]
yoruba_text_1935_emotion_1,Ife Modakeke crisis: Ìpànìyàn tó wáye ni abúle Toro kìí ṣe ìjà láàrín Ife ati Modakeke - Ooni Ile Ife,[],[],[],[]
yoruba_text_348_emotion_1,Ikoyi Collapse Building: Ọ̀pọ́ ẹ̀bí àwọn tó sì wà ní abẹ́ ilé tó wó ló ti ń fẹ̀hónúhàn pé iṣẹ́ náà ń falẹ̀ jù,"['anger', 'sadness']",['fear'],['sadness'],['sadness']
yoruba_text_367_emotion_1,"Mothers day: Lẹ́yìn Olorun, Ìyá mi ló kù- Papa Ajasco, Abiodun Ayeyinka",['joy'],[],[],[]
yoruba_text_877_emotion_1,A ó ṣe ìfẹ̀họ́núhàn káàkiri Naijiria bẹ̀rẹ̀ láti óní lórí ààbọ̀ owó oṣù tí ìjọba san fún wa– ASUU,[],[],['anger'],[]
yoruba_text_3783_emotion_1,O n rugbo bọ: Awọn agbebọn ji awọn ọmọleewe ati tiṣa gbe l’Edo,"['fear', 'sadness']",['sadness'],['fear'],"['fear', 'sadness']"
yoruba_text_2514_emotion_1,"Ọpẹ o, Olori Silẹkunọla Ogunwusi bi ọmọkunrin lanti lanti",['joy'],['joy'],['joy'],['joy']
yoruba_text_2923_emotion_1,Awọn ajinigbe gbe iyawo ọga-agba ileeṣẹ ijọba Ekiti tẹlẹ,['surprise'],['sadness'],['sadness'],['sadness']
yoruba_text_4150_emotion_1,"Ọpẹ o, wọn ya awọn ibeji ti wọn lẹ pọ nilewoosan Fasiti Ilọrin","['joy', 'surprise']",['joy'],['joy'],['joy']
yoruba_text_2145_emotion_1,Obìnrin tó bá Ẹkùn jà torí pé ó fẹ́ gbé ọmọ rẹ̀ farapa yánna-yànna,"['sadness', 'surprise']",['sadness'],['sadness'],['sadness']
yoruba_text_1891_emotion_1,Okeho Robbery: Ó tó 60 mílíọ̀nù tí àwọn olè jí ṣùgbọ́n a kò rí kọ́bọ̀ gbà padà- Òṣìṣẹ́ banki,[],['sadness'],['sadness'],['sadness']
yoruba_text_3039_emotion_1,"Bi ọlọpaa tabi ṣọja ba fiya jẹ Yoruba kan lọna aitọ, a maa sọ ọ dogun mọ wọn lọwọ ni- Sunday Igboho",['anger'],"['anger', 'disgust', 'fear']",['anger'],['anger']
yoruba_text_3820_emotion_1,"Awọn tọọgi dana sun Sekiteeria Ajerọmi, wọn tu kọ lu teṣan Cele, lawọn ọlọpaa ba fere ge e",['fear'],['disgust'],['sadness'],[]
yoruba_text_322_emotion_1,Abakaliki hotel suspected gang rape: Ìwádìí bẹ̀rẹ̀ láti mọ àwọn tó fipá bá Ulochi sùn tó fi kú ní Abakaliki,"['sadness', 'surprise']",['disgust'],['joy'],[]
yoruba_text_3930_emotion_1,Kọmiṣanna ọlọpaa tuntun l’Ondo ni: Ko si agbofinro kan labẹ iṣakoso mi ti yoo tẹ ẹtọ awọn araalu loju mọlẹ,[],[],[],[]
yoruba_text_1876_emotion_1,"Boko Haram: Oluwatobi Adeigba, Ọkọ mi ń lọ siṣẹ́ fún àjọ INEC ló kàgbákò ikú - Opó Adeigba",['sadness'],['sadness'],['sadness'],['sadness']
yoruba_text_1949_emotion_1,Afurasí Ajínigbé wa ẹkún mu bíi bèbí nígbà tó kó sọ́wọ́ Amotekun n‘Ibadan,['joy'],['disgust'],[],[]
yoruba_text_546_emotion_1,India: Arakunrin ti wọn doola ẹmi rẹ kuro ni Ile igbokusi pada jade laye,['sadness'],['sadness'],['sadness'],['sadness']
yoruba_text_2849_emotion_1,"Wolii awọn onirọ ni Lai Muhammed, ojumọ kan, irọ kan ni-Aṣofin Kwara",['anger'],[],['anger'],['anger']
yoruba_text_918_emotion_1,"Ghana Floods: Omiyalé ní Ghana, èèyàn 28 dolóògbé!","['sadness', 'surprise']",['sadness'],['sadness'],['sadness']
yoruba_text_1772_emotion_1,"Ìjoba fìyà jẹ el-Zakzaky lọ́nà àìtọ́, ṣùgbọ́n a fa gbogbo rẹ̀ lé Ọlọrun lọ́wọ́ - Islamic Movemnent of Nigeria",['sadness'],['sadness'],['sadness'],['sadness']
yoruba_text_82_emotion_1,Akure incest Momoh Usman case: Láti ẹni ọdún mẹ́tàlà ni Bàbá mi ti ń ba mi sùn- Fatimah Us,"['disgust', 'sadness']","['disgust', 'sadness']",['sadness'],"['disgust', 'sadness']"
yoruba_text_1262_emotion_1,Yemi Osinbajo: Èrò ọmọ Nàíjíríà ṣọ̀tọ̀ọ̀tọ̀ lórí ìkéde Osinbajo láti dupò ààrẹ Nàìjíríà,[],[],[],[]
yoruba_text_3866_emotion_1,Atunto ti Ajimọbi ṣe ti ba eto ọba jijẹ n’Ibadan jẹ-Baalẹ Ekotẹdo,['sadness'],['anger'],['sadness'],['sadness']
yoruba_text_3556_emotion_1,Ekiti tun ti padanu ẹni kan sọwọ Korona,['sadness'],['sadness'],['sadness'],['sadness']
yoruba_text_2484_emotion_1,"ASP Olufemi Ajisafe: Ọlọ́pàá tó ti fẹ̀yìn tì ní ọlọ́pàá ẹgbẹ́ mi jú òun sẹ́wọ̀n torí òun kọ̀ láti fún un ní N100,000 owó rìbá","['sadness', 'surprise']",['sadness'],['sadness'],['sadness']
yoruba_text_620_emotion_1,"Yomi Alliyu SAN: Wo àwọn nkan tó yẹ kí o mọ̀ nípa Yomi Alliyu, agbẹjọ́rò fún Sunday Igboho",[],[],[],[]
yoruba_text_2088_emotion_1,Seyi Makinde: Màá ṣa ipá láti mú káwọn aráàlú nígbẹkẹ̀lé nínú ìjọba mi,[],[],[],[]
yoruba_text_4754_emotion_1,"Tori ọrọ to sọ, Fani-Kayọde ko si wahala tuntun",['surprise'],['fear'],[],[]
yoruba_text_974_emotion_1,"EndSARS: Àwọn ọ̀dọ́ tẹ̀ ẹ́ pa, àmọ́ wo ìkílọ̀ Ìjọba àpapọ̀, Ọlọ̀pàá àti Gómìnà Sanwoolu",[],[],['anger'],[]
yoruba_text_4716_emotion_1,"Ta ni n lo tọọgi lOndo nitori ibo to n bọ, Akeredolu ni abi Jẹgẹdẹ?",['surprise'],['fear'],['anger'],[]
yoruba_text_2992_emotion_1,"Awọn gomina PDP kilọ: Tinubu, to o ba le ṣejọba orileede yii mọ, gbe e ju silẹ ",['anger'],['anger'],['anger'],['anger']
yoruba_text_4100_emotion_1,Ọwọ ijọba lo wa ti iwa ifipabanilopọ yoo ba dẹkun lorileede yii – Ẹlẹbuibọn,[],[],['sadness'],[]
yoruba_text_3130_emotion_1,Awọn araalu binu dana sun afurasi ajinigbe mẹfa tọwọ tẹ,['surprise'],['anger'],['anger'],['anger']
yoruba_text_3861_emotion_1,"“Baba nla ole ati akowojẹ ni yin,” PDP lo sọ bẹẹ fawọn APC",['anger'],['surprise'],['anger'],['anger']
yoruba_text_1469_emotion_1,"Pastor allegedly demand N310,000 from members: Ọlọ́pàá Ekiti fi ọ̀rọ̀ síta tó tàn 'mọ́lẹ̀ sí ẹ̀sùn Pásítọ tó fẹ́ gba N310K fi kó ọmọ ìjọ lọ s'ọ́run",['surprise'],[],['surprise'],['surprise']
yoruba_text_3594_emotion_1,"Ismaila yii nika ninu o, ẹgbọn ẹ lo sa pa nitori ọrọ ti ko to nnkan ni Kwara ","['disgust', 'sadness']","['anger', 'sadness']",['sadness'],['sadness']
yoruba_text_3331_emotion_1,"Ẹgbẹ Arewa fẹsun kan Tinubu, wọn ni ọdalẹ ni",['anger'],['anger'],[],['anger']
yoruba_text_1353_emotion_1,"Àjọ NRC gbẹ́sẹ̀lé ìrìnnà reluwé lójú òpó Eko, Abuja, Kano àti Ajaokuta",[],[],['sadness'],[]
yoruba_text_3335_emotion_1,"L’Abẹokuta, Ṣeyi ta mọto ti wọn ni ko tunṣe, lo ba fowo gbọ bukaata ara ẹ",['surprise'],"['disgust', 'surprise']",[],['surprise']
yoruba_text_4631_emotion_1,"Gomina Ademọla Adeleke dibo l’Ọṣun, o gboṣuba funjọba Buhari",['joy'],[],['joy'],['joy']
yoruba_text_942_emotion_1,FRSC thunder strike: Lẹ́yìn ìwádìí ìkú àrà tó sán pa òṣìṣẹ́ FRSC mẹ́ta lọ̀rọ̀ ètùtù kò ṣe ètùtù tó lè wáyé,['surprise'],"['fear', 'sadness']","['fear', 'sadness']","['fear', 'sadness']"
yoruba_text_4579_emotion_1,"Ami-ẹyẹ ko ti i tọ si mi bayii, mi o ti i gbija Yoruba debi aṣeyọri – Sunday Igboho",[],[],[],[]
yoruba_text_2262_emotion_1,Tanker Accident: Ọ̀pọ̀ èèyàn tó ń lọ sẹ́nu iṣẹ́ àti okoòwò ló tàn sílẹ̀,['sadness'],[],['sadness'],['sadness']
yoruba_text_4818_emotion_1,Abẹwo Ladọja si Ọba Balogun: Emi o ni ikunsinu kankan si Olubadan ilẹ Ibadan tuntun,[],[],[],[]
yoruba_text_2407_emotion_1,"Seyi Makinde: Ọmọ ẹgbẹ́ PDP Oyo tó bá ń bínú, ẹ kó mo kó mo rò yín wá ká yanjú ẹ̀",[],[],['anger'],[]
yoruba_text_3102_emotion_1,Nibi ti obinrin kan duro si jẹẹjẹ rẹ ni ọkọ ayọkẹlẹ ti lọọ tẹ ẹ pa n’llọrin ,['sadness'],['sadness'],['sadness'],['sadness']
yoruba_text_2944_emotion_1,"Oṣiṣẹ ileewosan alabọọde ko Korona ni Meiran, nijọba ba ti ibẹ pa",[],['sadness'],['sadness'],['sadness']
yoruba_text_3379_emotion_1,Nibi ti Alabi ti n ko ọpọlọpọ ewurẹ to lọọ ji ko sinu apo ni wọn ti mu un  l’Akurẹ,['surprise'],['anger'],[],[]
yoruba_text_2372_emotion_1,Ọlọ́run ti fi hàn mí pé máa padà sípò gómìnà Osun - Oyetola,[],[],[],[]
yoruba_text_25_emotion_1,Wo ìgbésẹ̀ tí Falana gbé láti ṣàfikún ẹ̀sùn tí wọ́n fi kan Adedoyin lórí ikú Timothy Adegoke àti ohun tí àwọn agbẹjọ́rò rẹ̀ ṣe,['surprise'],[],[],[]
yoruba_text_2602_emotion_1,"Makinde ṣabẹwo si Oyetọla, o ni oun mọriri ipa to ko lori ọrọ LAUTECH",[],[],[],[]
yoruba_text_2345_emotion_1,Sunday Igboho: DSS kò jẹ́ ki mọ̀lẹ́bí tàbí agbẹjọ́rò rí àwọn èèyàn tí wọn ko nílé mi,['sadness'],[],['sadness'],['sadness']
yoruba_text_3002_emotion_1,Awọn ibeji lu ẹgbọn wọn pa nitori ogun baba wọn,['sadness'],"['disgust', 'sadness']",['surprise'],['sadness']
yoruba_text_332_emotion_1,Àwọn eèyàn PDP àti APC ti ba ǹkan jẹ́ púpọ̀ ni mo ṣe kúrò níbẹ̀- Rabiu Kwankwaso,"['disgust', 'sadness']",['disgust'],['sadness'],"['disgust', 'sadness']"
yoruba_text_2452_emotion_1,Lagos lockdown update: Ayodeji Tinubu ní àìsí àǹfàní ẹ̀kọ́ ayélujára t'íjọba ń pariwo fáwọn ọmọdé agbègbè òun lòun fi di olùkọ́ fún wọn,['sadness'],[],[],[]
yoruba_text_208_emotion_1,Rita Amenze Italy murder: Ìjọba àpapọ̀ sọ̀rọ̀ lórí ikú ọmọ Naijiria ní Italy,"['sadness', 'surprise']",['sadness'],['sadness'],['sadness']
yoruba_text_2251_emotion_1,Jaiye Kuti: Ọ̀pọ̀ ìgbà ni mò n fi ẹ̀rín bo omijé mọ́lẹ̀ láti bo àṣírí ara mi,['sadness'],['sadness'],['sadness'],['sadness']
yoruba_text_2487_emotion_1,"Ẹ ṣọ́ra o, agbénipajayé kan wà nígboro tó ń pa tọ̀dọ́-tarúgbó báyìí - Ọlọ́pàá",['fear'],['fear'],['fear'],['fear']
yoruba_text_2606_emotion_1,Awọn dokita orileede Saudi-Arabia fiṣẹ abẹ ya ibeji ilẹ wa ti wọn lẹ pọ,['surprise'],[],['surprise'],['surprise']
yoruba_text_2666_emotion_1,"Dọlapọ, iyawo Ọṣinbajo ki ọkọ rẹ: Ọmọluabi ni ọ, iwuri nla lo jẹ fun mi",['joy'],[],['joy'],['joy']
yoruba_text_3856_emotion_1,"Nitori owo olowo ti wọn ji mọ ọn lọwọ, Abraham binu bẹ somi n’Ilọrin",['sadness'],['sadness'],['sadness'],['sadness']
yoruba_text_731_emotion_1,Aláboyún: Fọ́tò ọmọ ìyá mẹ́ta tí wọ́n lóyún lu ayélujára pa,['surprise'],[],"['sadness', 'surprise']",['surprise']
yoruba_text_4117_emotion_1,"Lọdun 2023, iha Oke-Ọya lo ṣi maa bọ sipo aarẹ – Gomina Bauchi",[],[],[],[]
yoruba_text_558_emotion_1,Ọwọ́ ọlọ́pàá tẹ afurasí apààyàn mẹ́fà tó gbìmọ̀ pọ̀ pẹ̀lú Ọmọọba láti ṣekúpa Ọba alayé kan ní ìpínlẹ̀ Ogun,['surprise'],['sadness'],['joy'],[]
yoruba_text_1956_emotion_1,"Ọ̀mọ̀wé ní wá, àìríṣẹ́ṣe ló mú ká máa gun ọ̀kadà, ẹ yé fòfin dè wá - Accomoran","['anger', 'sadness']",['disgust'],['sadness'],['sadness']
yoruba_text_4575_emotion_1,Adura ati ifọwọsowọpọ wa pẹlu ọga ṣọja ni Naijiria fi le bọ ninu wahala eto aabo – Oluwoo,['sadness'],['fear'],['fear'],['fear']
yoruba_text_4518_emotion_1,"Olori Alaafin Ọyọ ṣọjọọbi, o tun ṣile olowo nla","['joy', 'surprise']",['joy'],['joy'],['joy']
yoruba_text_186_emotion_1,"Yoruba Nation agitation: Ilana Omo Oodua kò lọ́wọ́ sí ẹjọ́ ìbò 'Refrendum' kankan, àwọn tó ń ṣe é ń jíṣẹ́ ara wọn ni",['anger'],"['anger', 'disgust']",['anger'],['anger']
yoruba_text_1388_emotion_1,Enìyàn mẹ́ta kú nínú ìjàmbá ọkọ̀ ní'lù Abuja,['sadness'],['sadness'],['sadness'],['sadness']
yoruba_text_4305_emotion_1,Mo lọọ ṣalaye fun Buhari pe mo fẹẹ dupo aarẹ Naijiria ni-Tinubu   ,[],[],[],[]
yoruba_text_3407_emotion_1,Lẹyin ọdun mẹta ti Adeyẹmi ti lu jibiti lawọn ọlọpaa gba a mu l’Oṣogbo,['joy'],['joy'],[],['joy']
yoruba_text_4569_emotion_1,Eyi lawọn ohun to ṣẹlẹ nibi aṣekagba ọdun Ọṣun Oṣogbo,[],[],[],[]
yoruba_text_4317_emotion_1,"Nnkan n bẹ o, awọn ṣọja lo doola ẹmi obinrin yii nibi to ti fẹẹ bẹ somi ọsa",['sadness'],['joy'],['sadness'],['sadness']
yoruba_text_3928_emotion_1,Afojusun wa ni lati sọ ipinlẹ Ọṣun di Saudi ati Jerusalem lori ọrọ aṣa- Adeleke,[],[],[],[]
yoruba_text_1466_emotion_1,"Sunday Igboho: Ẹgbẹ́ YORNCA ní ìjọba ti kùnà lórí ìpèsè ààbò, Yorùbá fẹ́ ààbò nílànà ìbílẹ̀",['sadness'],[],['sadness'],['sadness']
yoruba_text_3139_emotion_1,Awọn alaṣẹ fẹẹ ṣewadii b’awọn ọmọ ẹgbẹ okunkun ṣe yinbọn mọra wọn ni Poli Ibadan ,[],[],['sadness'],[]
yoruba_text_3886_emotion_1,"Awọn araalu fẹhonu han l’Ọgbẹsẹ, wọn lawọn ajinigbe ko jẹ ki awọn sinmi","['anger', 'fear']",['fear'],['anger'],"['anger', 'fear']"
yoruba_text_1902_emotion_1,Woman pushing police inspector: Obìnrin kan tó ti Ọ̀gá Ọlọ́pàá lulẹ̀ dèrò ilé ẹjọ́ Badagry,['surprise'],['sadness'],[],[]
yoruba_text_26_emotion_1,Ikoyi collapsed building: Sanwo-Olu ní ìjọba ìpínlẹ̀ Eko yóò ṣiṣẹ́ lórí àbọ̀ ìgbìmọ̀ olùwádìí ilé alájà 21 tó wó ní Ikoyi,[],[],['joy'],[]
yoruba_text_447_emotion_1,"Yoruba Nation: Sunday Igboho kò le wà ní àhámọ́ kí èmi máa ṣe wẹ̀jẹ-wẹ̀mu - Ọ̀jọ̀gbọ́n Banji Akintoye, Olórí Ẹgbẹ̀ ìlànà ọmọ Oòduà",['sadness'],['fear'],['sadness'],['sadness']
yoruba_text_2564_emotion_1,"Nitori bi nnnkan ṣe ri nita, Portable olorin pin ounjẹ fawọn eeyan",['surprise'],[],[],[]
yoruba_text_1097_emotion_1,Lagos -Ogun Tanker Explosion: Ọkọ̀ agbépo kan tí gbiná lórí afárá Magboro,"['fear', 'surprise']",['fear'],['sadness'],['fear']
yoruba_text_236_emotion_1,"Nigeria movie industry: Àgbà òṣèré, Lere Paimo ní àìgbọràn ló ń da ọ̀pọ̀lọpọ̀ àwọn òṣèrè sinimá láàmú",['sadness'],"['disgust', 'sadness']",['sadness'],['sadness']
yoruba_text_2144_emotion_1,Fani Kayode defects to APC: Sheikh Gumi ní Judasi ìran Yorùbá ni Fani-Kayode,['anger'],['disgust'],[],[]
yoruba_text_2762_emotion_1,Ijamba mọto fọpọ ẹmi ṣofo lojuna marosẹ Eko s’Ibadan,['sadness'],['sadness'],['sadness'],['sadness']
yoruba_text_3552_emotion_1,"Babatunde ati Akinpẹlu lu oyinbo ni jibiti, wọn ti mu wọn o","['joy', 'surprise']",['anger'],['sadness'],[]
yoruba_text_4551_emotion_1,Gomina Ademọla Adeleke di Aṣiwaju ilu Ẹdẹ,['joy'],['joy'],['joy'],['joy']
yoruba_text_1557_emotion_1,"Ó kéré tán, ó yẹ kí èèyàn máa pààrọ̀ ìfọyín rẹ̀ lẹ́ẹ̀kan láàrín oṣù mẹ́ta - Dókítà eyín",[],[],[],[]
yoruba_text_3442_emotion_1,"Adetoro n lọ sẹwọn ọdun marun-un, ọmọ ọdun meji lo ji gbe l’Ọta",['disgust'],"['anger', 'sadness']",[],[]
yoruba_text_2325_emotion_1,Sunday Igboho: Ọwọ́ ọlọ́pàá Cotonou tẹ akọ̀royìn tó fi fọ́nran ohùn Sunday Igboho síta,['surprise'],[],[],[]
yoruba_text_3683_emotion_1,"O ṣẹlẹ! Tiribuna yọ gomina Kano nipo, wọn ni APC lo wọle",['surprise'],[],['surprise'],['surprise']
yoruba_text_3879_emotion_1,"MC Oluọmọ kilọ fawọn Ibo l’Ekoo: Tẹ o ba ti ni i dibo fun Sanwo-Olu, ẹ jokoo sile yin o",['anger'],"['anger', 'fear']",['anger'],['anger']
yoruba_text_16_emotion_1,Nigerian Senators deaths: Àwọn sẹ́nẹ́tọ̀ mẹ́rin tó jáde láyé ní Nàìjíríà láàrin oṣù mẹ́fà sẹ́yìn rèé,"['sadness', 'surprise']",['sadness'],['sadness'],['sadness']
yoruba_text_2287_emotion_1,"Damilola Olofingboyegun: Gbenga Olofingboyegun kò sí aàbò mọ́, ìrànlọ́wọ́ ni à n fẹ́ lórí ikú Gbenga Olofingboyegun",['sadness'],['sadness'],['sadness'],['sadness']
yoruba_text_110_emotion_1,Èèyàn bí ogún jóná kú lásìkò tí 'tanker' gbina ní Kogi,"['fear', 'sadness']",['sadness'],"['sadness', 'surprise']",['sadness']
yoruba_text_621_emotion_1,Àwọn agbébọn jí alága ẹgbẹ́ òsèlú PDP gbé ní Kogi,['surprise'],['sadness'],['sadness'],['sadness']
yoruba_text_2085_emotion_1,"June12 Protest: Ọlọ́pàá ní kí aráàlú jòkó sílé wọn, tí aráàlú sì takú pé ẹ̀tọ́ àwọn ni láti wọ́de",['anger'],['anger'],['anger'],['anger']
yoruba_text_161_emotion_1,"Boko Haram: Obìnrin mẹ́fà, ọmọ mẹ́sàn-án rin kílómítà àádọ́rún fún ọjọ́ mẹ́fà láti Yobe sí Bornu","['sadness', 'surprise']",['sadness'],"['sadness', 'surprise']","['sadness', 'surprise']"
yoruba_text_652_emotion_1,Olufon ti Ifon Murder: Àwọn agbébọn tó pá Olufon ti Ifon ti ṣe ohun èèwọ̀ ní ilẹ̀ Yoruba,['anger'],['anger'],['anger'],['anger']
yoruba_text_4561_emotion_1,"Sunday Igboho ṣi wa ni Cotonou, awọn agbẹjọro kaakiri orileede ti dide atilẹyin fun un",['joy'],['sadness'],['joy'],['joy']
yoruba_text_1017_emotion_1,Shasha violence in Ibadan: Kíni àwọn gómínà láti Àríwá Naijiria sọ lórí ìjà ẹlẹ́yàmẹ̀yà ní Shasha?,[],[],[],[]
yoruba_text_4813_emotion_1,"Buhari ki Joe Biden ku oriire, o ni o kaabọ sawujọ awọn aarẹ agbaye",['joy'],['joy'],['joy'],['joy']
yoruba_text_3885_emotion_1,"Ajalu buruku leleyii o, idibo gomina k’ọla ni alaga kansu Kogi yii ṣubu lulẹ, lo ba ku patapata","['sadness', 'surprise']",['sadness'],['sadness'],['sadness']
yoruba_text_3665_emotion_1,Ọmọ ẹgbẹ onimọto ti wọn pa nibi ija awọn oloṣelu da ibẹru-bojo silẹ l’Ekiti,['fear'],['fear'],['anger'],['fear']
yoruba_text_4653_emotion_1,Miliọnu mẹta eeyan forukọ silẹ fun N-Power,['surprise'],[],[],[]
yoruba_text_2790_emotion_1,"Mo fẹ ki awọn agbofinro wa ọlọpaa to pa ọmọ mi, ki wọn si san biliọnu marun-un naira fun ẹbi mi – Iya Idris","['anger', 'sadness']",['anger'],['anger'],['anger']
yoruba_text_2719_emotion_1,Nnkan de! Sunday ti wọn mu pe o n pa awọn eeyan l’Akinyẹle ti sa lọ lagọọ ọlọpaa n’Ibadan,['fear'],['disgust'],['surprise'],[]
yoruba_text_2638_emotion_1,"Ọpẹ o, wọn ti tu awọn akẹkọọ-binrin ti wọn ji gbe ni Zamfara silẹ o",['joy'],['joy'],['joy'],['joy']
yoruba_text_3732_emotion_1,Wahala ree o! Awọn akẹkọọ mejidinlogun jẹ majele ninu ounjẹ nileewe l’Ọṣun,"['sadness', 'surprise']",['sadness'],['sadness'],['sadness']
yoruba_text_2560_emotion_1,Dapọ Abiọdun fun awọn olukọ to fakọ yọ lẹbun ile ati owo nla nipinlẹ Ogun,['surprise'],['joy'],['joy'],['joy']
yoruba_text_1240_emotion_1,"Ojude Oba festiva 2021: Nítorí ẹ̀dà tuntun COVID-19, Awujale Ijebu Ode, Ọba Adetona wọ́gilé àjọ̀dún Ojude Oba tọdún yìí",['sadness'],['fear'],['sadness'],['sadness']
yoruba_text_1059_emotion_1,"Lahanmi: Kí ló fa èlé owó orí ọjà, ipa rẹ̀ lórí ìdílé, ẹ̀bí ta ni àti ọ̀nà àbáyọ",[],[],['surprise'],[]
yoruba_text_1843_emotion_1,Ìgbìmọ̀ afọbajẹ ìlú Oyo já 61 dànù lára àwọn tó ń dupò Aláàfin,['surprise'],[],[],[]
yoruba_text_1348_emotion_1,Marburg Virus: Ìlànilọ́yẹ̀ rèé láti dènà àrùn pọ̀jẹ̀pọ̀jẹ̀ tó gbòde ní àgbàyé,[],[],[],[]
yoruba_text_803_emotion_1,Lagos Yoruba Nation rally: Ìjọba Eko jáwọ́ nínú ẹ̀sùn ìpànìyàn tó fi kan Ọba Ogboni,[],[],[],[]
yoruba_text_149_emotion_1,Iran plane crash: Ìfẹ̀hónúhàn ṣẹ́yọ lẹyìn tí Iran ní oun ló já bàálù Ukrain lulẹ̀,"['anger', 'sadness']",['anger'],"['anger', 'sadness']","['anger', 'sadness']"
yoruba_text_2847_emotion_1,Agbebọn pa ọmọ ọga awọn to n ṣẹto alalaaji,['surprise'],['sadness'],['sadness'],['sadness']
yoruba_text_2589_emotion_1,Gani Adams ni bi  Akeredolu ṣe le awọn Fulani darandaran kuro ninu igbo ọba l’Ondo lo dara ju,[],[],[],[]
yoruba_text_4507_emotion_1,"Awọn ọlọpaa lẹtọọ lati gbe ibọn, ki wọn le fi daabo bo araalu lọwọ ewu-Adamu",[],[],[],[]
yoruba_text_609_emotion_1,China ultramarathon: Òjò àrọ̀rọ̀dá gbẹ̀mí àwọn ènìyàn 25 tó ń ṣeré ìdárayá,"['fear', 'sadness', 'surprise']",['sadness'],['sadness'],['sadness']
yoruba_text_50_emotion_1,Odion Ighalo: Ẹlẹ́sẹ̀ ayò Ighalo ń ronú láti padà sí Super Eagles láìpẹ́,[],[],['joy'],[]
yoruba_text_666_emotion_1,Ooni Ogunwusi kéde ìpèníjà tó ń kojú lásìkò ọjọ́ ìbí rẹ̀,[],['sadness'],[],[]
yoruba_text_2411_emotion_1,Bobrisky ní òun gba Ọlọrun gbọ́ ju bí àwọn èèyan ṣe lérò lọ,['surprise'],[],[],[]
yoruba_text_3412_emotion_1,"Lori bo ṣe fẹẹ sa iyawo rẹ pa l’Okitipupa, adajọ ju Kalẹjaye sẹwọn ọdun marundinlaaadọta",['surprise'],"['anger', 'sadness']",[],[]
yoruba_text_4037_emotion_1," Nitori Akeredolu, awọn ọba alade wọle adura l’Ondo",[],['fear'],['sadness'],[]
yoruba_text_291_emotion_1,"""Mo ti ń làágùn gidi báyìí lórí ọ̀wọ́ngógó """"diesel"""" tó bá Nàìjíríà - Obasanjo""",['sadness'],['fear'],['sadness'],['sadness']
yoruba_text_1218_emotion_1,Ondo Gunmen attack: Èèyàn máàrún lo kàgbákò ikú òjijì,['sadness'],['sadness'],['sadness'],['sadness']
yoruba_text_29_emotion_1,Iya Woli Asafa Salamot: Gbọ́ àsọtẹ́lẹ̀ látẹnu Small Mummy tó fi àwàdà dárà,['joy'],[],['surprise'],[]
yoruba_text_583_emotion_1,Ohun tí a mọ̀ lórí ọkùnrin kan tó kú sílé ìtura kan ní ìpínlẹ̀ Ondo rèé,"['sadness', 'surprise']",['sadness'],['surprise'],"['sadness', 'surprise']"
yoruba_text_586_emotion_1,A ti tú akẹ́kọ̀ọ́bìnrin Chibok méjì míì sílẹ̀ àmọ́ wọ́n ti bímọ ... – Ológun,['surprise'],"['disgust', 'joy', 'sadness']","['joy', 'sadness']","['joy', 'sadness']"
yoruba_text_4685_emotion_1,Iru ẹgbẹ APC to lagbara yii lo gbọdọ maa ṣakoso awọn ipinlẹ ni gbogbo Naijiria-Ganduje,[],[],[],[]
yoruba_text_1953_emotion_1,I﻿rú ààbò tó wà ní Naijiria lásìkò yìí ló tì dara jù láti ìgbà díẹ̀ sẹ́yìn - Lai Mohammed,['joy'],[],[],[]
yoruba_text_3184_emotion_1,"Nitori Bobrisky, ija nla bẹ silẹ laarin awọn oṣere tiata, epe ni wọn n gbera wọn ṣẹ",['surprise'],['anger'],[],[]
yoruba_text_3770_emotion_1,"N’Ijẹbu-Ode, lanlọọdu fibinu so ọmọ tẹnanti mọlẹ, lo ba na wọn bii ẹran","['sadness', 'surprise']","['anger', 'sadness']",['sadness'],['sadness']
yoruba_text_3259_emotion_1,Ẹwọn ọdun mejilelogun ni Ṣẹgun ati Sanmi ti wọn n fọmọ ọlọmọ ṣowo ẹru yoo ṣe,['surprise'],"['anger', 'sadness']",['anger'],['anger']
yoruba_text_1297_emotion_1,"Bobrisky: Ìnira iṣẹ́ abẹ ìdí kìí ṣe kèrémí, ẹyin ti Elédùà fún ni ìkébè, ooré ńla ni",[],['sadness'],['sadness'],['sadness']
yoruba_text_2859_emotion_1,Awọn janduku dana sun ọfiisi INEC l’Abẹokuta,['surprise'],['disgust'],[],[]
yoruba_text_2875_emotion_1,Oni POS ni Victor lu ni jibiti tọwọ fi tẹ ẹ n’llọrin,['surprise'],[],['sadness'],[]
yoruba_text_3905_emotion_1,O tan! Ọba Sokoto binu si Buhari,['fear'],['anger'],['surprise'],[]
yoruba_text_3639_emotion_1,"Mo ka iyawo mi pẹlu ale rẹ m’ori bẹẹdi ta a jọ n sun, mi o fẹ ẹ mọ-Ọṣundeyi",['anger'],"['disgust', 'sadness']",['anger'],['anger']
yoruba_text_1139_emotion_1,Nigeria border closure: Ìdí tí Ààrẹ Buhari kò ṣe tíì ṣí ibodè tó tì pa rèé,[],[],[],[]
yoruba_text_3399_emotion_1,"Ole mẹta ja mọto gba l’Ondo, wọn lasidẹnti l’Ogun, lẹnikan ba ku ninu wọn",['surprise'],['sadness'],['surprise'],['surprise']
yoruba_text_2765_emotion_1,Ohun to ṣẹlẹ nibi idibo abẹle l’Ọṣun fihan pe Oyetọla ko ṣetan fun idibo gomina – Najeem Salam,['sadness'],['sadness'],[],['sadness']
yoruba_text_3468_emotion_1,"Wọn ti kọ lu ọfiisi SARS l’Ekoo, niṣe ni wọn dana sun ẹru ti wọn ba nibẹ",['surprise'],['anger'],['sadness'],[]
yoruba_text_900_emotion_1,Bí ọkọ mi ṣe ti èmi àti ọmọ mi méjì mọ́ ilé fún ọdún 17 leléyìí…,['surprise'],['sadness'],['sadness'],['sadness']
yoruba_text_2728_emotion_1,Awọn agbebọn tun ti ji awọn agbẹ mẹta mi-in gbe ninu oko wọn,['sadness'],"['fear', 'sadness']","['fear', 'sadness']","['sadness', 'fear']"
yoruba_text_1852_emotion_1,Sunday Igboho: Ẹgbẹ́ CAN ké gbànjarè sí ìjọba àpapọ̀ Nàìjíríà lórí àwọn Pásítọ̀ tí o wà lọ́wọ́ ajínigbe,['sadness'],"['fear', 'sadness']",['sadness'],['sadness']
yoruba_text_21_emotion_1,Europe Returnee: Fatmata ní oṣù mẹ́fà ni wọn fi bá òun ṣùn ní aṣálẹ̀ Sahara,"['sadness', 'surprise']",['disgust'],"['disgust', 'sadness']","['sadness', 'disgust']"
yoruba_text_107_emotion_1,Ìtàn ayé Aposteli Timothy Obadare: Afọ́jú oníwàásù tó wo ọ̀pọ̀ sàn lọ́wọ́ àjàkálẹ̀ ìkọ́ ní Iléṣà,['surprise'],[],['surprise'],['surprise']
yoruba_text_1342_emotion_1,Uttar Pradesh: Èèyàn mẹ́tàlá jáde láyé léyìn tó wọ́n já sínú kànga níbi ayẹyẹ ìgbéyàwó,['sadness'],['sadness'],['sadness'],['sadness']
yoruba_text_173_emotion_1,"Biafra Day Celebration, May 30: Àwọn ajìjàngbara Biafra kéde ìsìnmi fáwọn Ibo láti ṣ'àyájọ́ Biafra",['joy'],"['joy', 'surprise']",['surprise'],"['joy', 'surprise']"
yoruba_text_3021_emotion_1,Dubai lawọn eleyii ti waa ṣe ‘Yahoo’ l’Ekoo ti EFCC fi mu gbogbo wọn,['surprise'],[],['surprise'],['surprise']
yoruba_text_423_emotion_1,"Osusan Oluwatobi tricycle accident: 'Ìgbà tí mo máa fi lajú sáyé padà, ọ̀fọ̀ ikú mi ní wọ́n ń kígbe'",['sadness'],['surprise'],['surprise'],['surprise']
yoruba_text_4202_emotion_1,Gomina gboriyin fawọn obinrin to dawo kọ ileewe ni Kwara,['joy'],['joy'],['joy'],['joy']
yoruba_text_1204_emotion_1,Delta Accident: Orí yọ dírẹ́bà ọkọ̀ tó jóná ráúráú ní Delta,['joy'],['joy'],['joy'],['joy']
yoruba_text_2239_emotion_1,FA Cup final Arsenal vs Chelsea: Lampard laná! Arsenal fa Chelsea ya pẹ́rẹpẹ̀rẹ gba ife FA Cup,['surprise'],[],['surprise'],['surprise']
yoruba_text_4152_emotion_1,"Gomina Matawalle lulẹ ni Zamfara, Lawal lo wọle",[],[],['joy'],[]
yoruba_text_2349_emotion_1,"Risikat Azeez: Aya gómìnà tún fẹ́ gba sọ́ọ́bù, ra ọjà fún obìnrin olójú búlúù","['joy', 'surprise']",[],['surprise'],['surprise']
yoruba_text_61_emotion_1,Ogun Ritual murder: Ìjà ni tọkọtaya ní àwọn fẹ́ bá àbúrò mi àti ọ̀rẹ́kùnrin rẹ̀ parí kí wọ́n tó dá ẹ̀mí rẹ̀ légbodò - ẹ̀gbọ́n olóògbé,['sadness'],['sadness'],['sadness'],['sadness']
yoruba_text_1522_emotion_1,Ukraine war: 'Àwọn ọmọ orílẹ̀-èdè Africa tí ebi n pa ló n jíyà ogun',['sadness'],['sadness'],['sadness'],['sadness']
yoruba_text_334_emotion_1,Àwọn olówó Naijiria 5 tí owó wọn ju owó ìsúnná Naijiria lọ!,['surprise'],[],['surprise'],['surprise']
yoruba_text_219_emotion_1,Amotekun ìpínlẹ̀ Ondo ti ń wá àwọn òṣìṣẹ́ ojú ọ̀nà mẹ́ta tí wọ́n jí gbé lágbègbè Akoko,[],['sadness'],['sadness'],['sadness']
yoruba_text_3525_emotion_1,Wọn pa obinrin agbẹ kan at’ọmọ rẹ sinu oko ni Mọdakẹkẹ,['sadness'],['sadness'],['sadness'],['sadness']
yoruba_text_343_emotion_1,Ilorin accident: Èèyàn mẹ́sàn án jóná kọjá mímọ̀ nínú ìjàmbá ọkọ̀ nílùú Ilorin,"['sadness', 'surprise']",['sadness'],['sadness'],['sadness']
yoruba_text_3196_emotion_1,"Ọkọ mi o lowo lọwọ, emi ni mo n gbọ gbogbo bukaata ninu ile, ẹ tu wa ka- Bashirat ","['anger', 'sadness']",['anger'],"['anger', 'sadness']","['anger', 'sadness']"
yoruba_text_4962_emotion_1,Ọṣun 2022: Ile-ẹjọ ni Ademọla Adeleke ni oludije fun ẹgbẹ oṣelu PDP,[],[],"['joy', 'sadness']",[]
yoruba_text_1817_emotion_1,Mo yá $50k fún ìgbáradì ìdíje 2022 World Championships – Tobi Amusan,['surprise'],[],[],[]
yoruba_text_4052_emotion_1,"Ẹ dibo fun mi, emi ni mo kunju oṣuwọn ju lati mu Naijiria de ilẹ ileri-Tinubu",[],[],[],[]
yoruba_text_68_emotion_1,"Sunday Igboho lulẹ̀ nílé ẹjọ́, adájọ́ sọ̀kò ọ̀rọ̀ sí ajìjàgbara","['anger', 'surprise']",['anger'],['joy'],['anger']
yoruba_text_279_emotion_1,Baba Suwe: Fún ojú lóúnjẹ nípa àwọn gbajúmọ̀ òṣèré tó yọjú síbi ìsìnkú Baba Suwe,['surprise'],[],['surprise'],['surprise']
yoruba_text_2055_emotion_1,"EndSARS protest Update: Afẹnifẹre ní ara ti kan àwọn èèyàn, ìjọba sì ló fà á",['sadness'],['anger'],[],[]
yoruba_text_844_emotion_1,Mother allegedly set daughter ablaze in Ogun: Ó gbẹnután! Ìyá da bẹntiró sí ará ọmọ ọdún mẹ́wàá tó sì dáná sun ún,"['sadness', 'surprise']","['disgust', 'sadness']",['surprise'],"['sadness', 'surprise']"
yoruba_text_2745_emotion_1,Awada lasan ni bi awọn Mayetti Allah ba lawọn yoo koju ija si Yoruba-Gani Adams,['disgust'],[],['disgust'],['disgust']
yoruba_text_1447_emotion_1,"N kò gbà pé omi ló wọ́ ọmọ mi lọ, wọ́n pa á ni - Bàbá Daniel",['sadness'],['sadness'],['sadness'],['sadness']
yoruba_text_4330_emotion_1,Buhari yoo ṣiṣọ loju owo Naira wa ti wọn fẹẹ pa awọn rẹ da,[],[],[],[]
yoruba_text_764_emotion_1,Àwọn olùfẹ́hónúhàn dáná sun ọ̀pọ̀ ṣọ́ọ̀ṣì mẹ́ta àti mọ́ṣáláṣí ní Ethiopia,['anger'],['sadness'],['anger'],['anger']
yoruba_text_2146_emotion_1,"Ogun Killing: Ọmọ ọdún 23 jẹ́wọ́ bó ṣe pa ẹ̀gbọ́n ìyá rẹ́, ẹni ọdún 60 nípinlẹ̀ Ogun","['disgust', 'sadness']","['disgust', 'sadness']",['sadness'],"['disgust', 'sadness']"
yoruba_text_2795_emotion_1,"Dẹrẹba ọkọ ero dana sun oṣiṣẹ ajọ to n dari ọkọ, eyi lohun to fa a",['disgust'],['sadness'],"['sadness', 'surprise']",['sadness']
yoruba_text_211_emotion_1,"Ọba ìlú àtàwọn mẹ́ta kàgbákò ajínigbé, ìbọn ba awakọ̀ wọn l'Ondo","['fear', 'sadness', 'surprise']",['sadness'],['sadness'],['sadness']
yoruba_text_3193_emotion_1,Kootu ti ọkunrin yii ti ji batiri mọto yọ naa ni wọn ti ju u satimọle,['surprise'],"['anger', 'sadness']",['sadness'],['sadness']
yoruba_text_2450_emotion_1,"Murphy Afolabi: Kò dùn mí tí wọn bá ṣe yẹ̀yẹ́ mi torí mò ǹ fi sí pe ṣí, èdè Osogbo ìlú mi ni",[],[],[],[]
yoruba_text_1312_emotion_1,Nollywood Yoruba epic movies: Wo àwọn sinimá mẹ́wàá tó gbé sinimá Yorùbá sáyé lọ́pọ́ ọdún sẹ́yìn,[],[],['surprise'],[]
yoruba_text_4583_emotion_1,"Lẹyin ti Hakeem Muri-Okunọla kọwe fipo silẹ, Agoro di olori awọn oṣiṣẹ l’Ekoo",[],[],['sadness'],[]
yoruba_text_3462_emotion_1,Mi o fẹẹ ri awon to n gbe egboogi oloro ati ọmọ ẹgbẹ okunkun mọ nipinlẹ Ogun-Abiọdun,['anger'],['anger'],['anger'],['anger']
yoruba_text_1737_emotion_1,"Kogi Prison: Kò sí ẹ̀mí kankan tó nù, a sì tí rí lára àwọn tó fẹsẹ̀ fẹ́ ẹ",['joy'],[],['joy'],['joy']
yoruba_text_4573_emotion_1,Ileeṣẹ ologun ṣafihan awọn Boko Haram to le lọọọdunrun ti wọn lawọn sọrẹnda,['surprise'],['joy'],['joy'],['joy']
yoruba_text_390_emotion_1,Arise TV yóò san owó ìtanràn lórí ìròyìn ẹlẹ́jẹ̀ tí wọ́n gbé nípa Tinubu – NBC,['anger'],['anger'],['anger'],['anger']
yoruba_text_4798_emotion_1,Ofin ma fẹran jẹko ni gbangba yoo mu iṣẹ wa rọrun ni -Seriki Fulani Ọṣun,[],[],[],[]
yoruba_text_109_emotion_1,Lóòtọ́ orin mi àti Lagbaja jọra ṣùgbọ́n ìyàtọ̀ díẹ̀ wà níbẹ - Labule,[],[],['surprise'],[]
yoruba_text_2010_emotion_1,"Ikoyi house collapse: Wọ́n tún ti yọ òkú èèyàn méjì síi níbi ilé tó wó l'Eko, èèyàn mẹ́ẹ̀dógún ló mórí bọ́",['sadness'],['sadness'],['sadness'],['sadness']
yoruba_text_213_emotion_1,Nigeria's Under-19: Ẹ wo bí Ikọ̀ Cricket Naijiria ṣé mí àgbáyé titi,"['joy', 'surprise']",[],['surprise'],['surprise']
yoruba_text_2324_emotion_1,Okunade Sijuwade: Ìfẹ́ tí Sarun tó súnmọ́ Ooni jù láyé ní sí í ló sọ ọ́ di abọ́bakú- Adeyeye Adesiyan Lowa Adimula,[],[],[],[]
yoruba_text_3966_emotion_1,"Ile-ẹjọ ni ki ọlọpaa san owo itanran fun Agboọla, igbakeji gomina Ondo tẹlẹ",[],['anger'],[],[]
yoruba_text_1293_emotion_1,Shepherd Bushiri church pastor shot dead: Bí wọ́n ṣe yìnbọn pa Pasitọ kan lórí òkè,"['sadness', 'surprise']",['sadness'],['sadness'],['sadness']
yoruba_text_4641_emotion_1,Ẹ wo ohun tijọba Kwara ṣe fun Muka Ray,['surprise'],[],"['joy', 'sadness']",[]
yoruba_text_4888_emotion_1,Gbogbo ohun to ba wa ni ikapa mi ni ma a ṣe lati mu orileede yii pada bọ sipo-Tinubu,[],[],[],[]
yoruba_text_2310_emotion_1,"Attempted Murder: Ọwọ́ sìkún àjọ ọlọ́pàá ba Wòlíì Akute, Pasitọ Ayodele Omope tó yìnbọn lu ẹní tó sá wọ ilé ìjọsìn rẹ̀",['surprise'],['sadness'],['joy'],[]
yoruba_text_1159_emotion_1,APC àti PDP kọ́ ni ọ̀nà àbáyo - Sẹnétọ̀ Okunrounmu,[],[],[],[]
yoruba_text_4501_emotion_1,Buhari fọwọ si i ki ipo aarẹ lọ si iha Guusu,['surprise'],[],['joy'],[]
yoruba_text_3384_emotion_1,"Awọn Fulani ya wọ oko nla kan n’Ibadan, wọn ji ọmọ oloko gbe",['sadness'],['sadness'],['sadness'],['sadness']
yoruba_text_2810_emotion_1,"Jumọkẹ binu para ẹ l’Ondo, nitori ti wọn fun un niwee gbele ẹ lẹnu iṣẹ",['sadness'],['sadness'],['sadness'],['sadness']
yoruba_text_3204_emotion_1,"Idibo wọọdu di wahala lẹgbẹ PDP l’Ọṣun, eeyan meji ku, ọpọlọpọ fara pa","['sadness', 'surprise']","['anger', 'sadness']",['sadness'],['sadness']
yoruba_text_2208_emotion_1,"COVID19Nigeria: Èèyàn mẹ́rin kú, 747 míràn tún lùgbàdì aàrùn náà ní Nàìjíria","['fear', 'sadness']",['sadness'],['sadness'],['sadness']
yoruba_text_2601_emotion_1,Sanwo-Olu ṣeleri iranlọwọ fawọn ontaja Lẹkki ti wọn ba ṣọọbu wọn jẹ,['sadness'],[],[],[]
yoruba_text_2083_emotion_1,"'Ẹ gba owó lọ́wọ́ olóṣèlú tó bá fẹ́ ra ìbò ní 2023, àmọ́ ẹ dìbò fún ẹni tó kójú òsùnwọ̀n'",[],[],[],[]
yoruba_text_3941_emotion_1,"Naijiria wa lara orilẹ-ede to n fun Singapore lounjẹ, to n fun wọn laṣọ, ki nnkan too yiwọ fun wa-Akintọla",['sadness'],['sadness'],['sadness'],['sadness']
yoruba_text_749_emotion_1,Ẹni tó wu Aláàfin pé kó jẹ ààrẹ Nàíjíríà rèé - Akeem Adeyemi,[],[],[],[]
yoruba_text_1326_emotion_1,Obasanjo ń jowú àṣeyọrí Buhari lọ ṣe ń kọ ìkọkúkọ nípa rẹ̀ - Iléeṣẹ́ ààrẹ,['anger'],['anger'],['anger'],['anger']
yoruba_text_1678_emotion_1,Military Plane Crash: Opó Alfred Onifade ń ṣèdárò ikú ọkọ rẹ̀ pẹ̀lú ohùn arò,['sadness'],['sadness'],['sadness'],['sadness']
yoruba_text_2090_emotion_1,"M﻿o ní kí wọ́n sin ọmọ mi márààrún pẹ̀lú òkú ọkọ mi, mo ni ayé ti parẹ́ - Màmá Rainbow",['sadness'],['sadness'],['sadness'],['sadness']
yoruba_text_1355_emotion_1,Igangan Massacre; Orílẹ̀ède 174 káàkiri àgbáyé ní ìwọ́de Yoruba Nation yóò tí wáyé ní June 12,[],[],['fear'],[]
yoruba_text_1227_emotion_1,South Korean Dogs: Wo bi ọbẹ̀ ẹran ajá ṣe dùn tó,['surprise'],[],"['joy', 'surprise']",['surprise']
yoruba_text_1838_emotion_1,"K﻿oko ni ara mi le, mo ṣetán láti sìn Nàíjíríà - Bola Tinubu",['joy'],[],[],[]
yoruba_text_1754_emotion_1,Ó ṣeéṣe kí àwọn ẹlẹ́wọ̀n ó dìbò lọ́dún 2023,['surprise'],[],[],[]
yoruba_text_1530_emotion_1,"Nigeria debt profile: Níbi tí ìjọba àpapọ̀ ń bọ́rọ́ lọ àfàìmọ̀ káwọn tí Nàìjíríà jẹ ní gbèsè ó má fi ṣọfà, Atiku Abubakar ṣèkìlọ̀",[],['fear'],"['fear', 'sadness']",['fear']
yoruba_text_4901_emotion_1,Mo fọwọ si i kawọn ẹlẹsin abalaye naa maa mura lọ sileewe nibaamu pẹlu ẹsin wọn -Ẹlẹbuibọn,[],['surprise'],['surprise'],['surprise']
yoruba_text_69_emotion_1,"Timothy Adegoke: Kọmíṣọ́nà ọlọ́pàá Osun ní ọmọbíbí Rahmon Adedoyin tó ni ilé ìtura tí Adegoke kú sí, ló jù òkú rẹ̀ sígbó","['disgust', 'sadness']",['sadness'],['sadness'],['sadness']
yoruba_text_140_emotion_1,Nigeria Insecurity: Àwọn ọdọ́ Arewa ké sáwọn aṣáájú láti pe ìpàdé àjọ tó ńi ìrònú lórí Nàíjíríà,"['anger', 'fear']",['fear'],[],['fear']
yoruba_text_1909_emotion_1,Xenophobia: Àwọn ọ̀dọ́ kan ń ṣèwọ́de láti pè fún lílé àwọnjì kúrò ní South Africa,['anger'],[],['anger'],['anger']
yoruba_text_4300_emotion_1,"Ladọja ṣabẹwo si Olubadan ilẹ Ibadan, eyi lohun tawọn mejeeji jọ sọ",[],[],[],[]
yoruba_text_4124_emotion_1,"   Ijọba fagi le owo-ori irẹsi, agbado, ọka-baba atawọn ounjẹ mi-in",['joy'],['joy'],[],['joy']
yoruba_text_3311_emotion_1,"Ọwọ tẹ Intercessor, ọkunrin to n ji iṣu awọn agbẹ wa ni Ṣaki",['surprise'],[],[],[]
yoruba_text_1053_emotion_1,EndSARS School Resumption: Àwọn akẹ́kọ̀ọ́ lè padà sílé ìwé láti ọjọ́ Ajé - Ìjọba ìpińlẹ̀ Eko,[],[],[],[]
yoruba_text_878_emotion_1,Okada ban in Lagos: Ẹ̀mí ọ̀gá ọlọ́pàá sọnù lásìkò tí wọ́n lọ fi ṣìkún òfin mú àwọn ọlọ́kadà nílùú Eko,"['disgust', 'surprise']",['sadness'],['sadness'],['sadness']
yoruba_text_2783_emotion_1,Wọn ba oku ọmọ baalẹ at’obinrin kan nihooho ninu mọto n’Idiroko ,['surprise'],['sadness'],['sadness'],['sadness']
yoruba_text_660_emotion_1,Greenfield University: Àwọn akẹ́kọ̀ọ́ fásitì tí wọ́n jí gbé ní Kaduna ti gba òmìnira,['joy'],['joy'],['joy'],['joy']
yoruba_text_3181_emotion_1,Ọwọ ọlọpaa tẹ ọmọ ọdun mẹtadinlogun to fun obinrin mẹwaa loyun,['surprise'],['anger'],[],[]
yoruba_text_126_emotion_1,Ademola Adeleke: Ta ni olùdíje gómìnà fún PDP tó gbégbá orókè láti tukọ̀ ìpínlẹ́ Osun,['surprise'],[],['joy'],[]
yoruba_text_4142_emotion_1,Eyi ni lẹta tuntun ti Ọbasanjọ kọ si Buhari,[],[],[],[]
yoruba_text_2301_emotion_1,6 die at carnival auto crash: Bí èèyàn mẹ́fà ṣe kú lẹ́yìn tí ọkọ̀ yà wọ àárín èrò tó ń ṣe òde kánífà,['sadness'],['sadness'],"['sadness', 'surprise']",['sadness']
yoruba_text_4942_emotion_1,Ọgbọn biliọnu Naira nijọba apapọ fawọn gomina lati yanju wahala ounjẹ to n fojoojumọ wọn-Akpabio,['joy'],[],['sadness'],[]
yoruba_text_2113_emotion_1,"""""""Arọ kan dìde rìn, nígbà tí à ń lé wèrè kúrò nílùú""""""","['joy', 'surprise']",[],['surprise'],['surprise']
yoruba_text_1665_emotion_1,"PDP Oyo: Igun tó ń bínú ní kìí ṣe olóṣèlú níkàn ló ń bínú sí Makinde, aráàlú gan kò fẹ",['anger'],['anger'],['anger'],['anger']
yoruba_text_4361_emotion_1,A ko ni i ran awọn kan to n ṣaisan ninu wa lọwọ nitori…-Mr Latin,[],[],['anger'],[]
yoruba_text_4278_emotion_1,"Lati le fopin si iwa ibajẹ, EFCC ati ọlọpaa jẹẹjẹ ifọwọsowọpọ ni Kwara ",[],[],[],[]
yoruba_text_269_emotion_1,Sexual abuse: Ọkùnrin méjì dèrò àtìmọ́lé lẹ́yìn tí wọ́n fipá bá ọmọ alábágbé wọn tó jẹ́ ẹni ọdún 16 lòpọ̀,"['disgust', 'sadness']","['disgust', 'sadness']",['sadness'],"['disgust', 'sadness']"
yoruba_text_1463_emotion_1,"Sunday Igboho: Bí ń kò bá jẹ́ èèyàn dáadáa, Ọlọ́run kò ní ṣe oun dáadáa fún mi",['sadness'],[],['joy'],[]
yoruba_text_13_emotion_1,Fulani herdsmen attack: Ẹ gbọ́ ọ̀rọ̀ láti ẹnu ọba ìlú tí ìṣẹ̀lẹ̀ náà ti wáyé,"['fear', 'sadness']",[],[],[]
yoruba_text_679_emotion_1,Yoruba film celebrities: Wo àwọn ọ̀rọ̀ tó ki pọ́pọ́ tí Lateef Adedimeji fi kọrin ọjọ́ ìbí 23 fún Adebimpe,[],['joy'],['joy'],['joy']
yoruba_text_1930_emotion_1,"Husand, wife kidnap baby: Tọkọtaya kó sí gbaga ọlọ́pàá fẹ́sùn jíjí ọmọ ọjọ́ mẹ́fà gbé","['sadness', 'surprise']","['disgust', 'sadness']",['sadness'],['sadness']
yoruba_text_287_emotion_1,Ọ̀pọ̀ dẹ́yẹ sí ni mo ti ri nítori mó ni ààrún ori pípa- Liliya Kukushkina,['sadness'],['sadness'],"['anger', 'sadness']",['sadness']
yoruba_text_3612_emotion_1,Ki ẹnikẹni tọwọ ba tẹ pe o ṣẹ sofin ijọba lori arun Korona maa mura ẹwọn oṣu mẹta- Ijọba Ondo,[],['anger'],['anger'],['anger']
yoruba_text_1529_emotion_1,Potash: Mọ̀ síi nípa àǹfàní àti àléébù káún lílò nínú oùnjẹ- Okandeji Niniola,[],[],[],[]
yoruba_text_247_emotion_1,"Violence against Women: Wo iye obìnrin lágbàáye tó ń kojú ìwà ipá, àti ohun tó ń ṣokùnfà ẹ̀?",[],['sadness'],['surprise'],[]
yoruba_text_4302_emotion_1,Emir Katisina sọ fun Ọṣinbajo: Gbọn-in gbọn-in la wa lẹyin rẹ lati di aarẹ Naijiria,[],[],[],[]
yoruba_text_4493_emotion_1,Eyi lawọn ohun to yẹ kẹ ẹ mọ nipa itan igbesi-aye Gomina Rotimi Akeredolu,[],[],[],[]
yoruba_text_1669_emotion_1,"Sunday Igboho: Gbẹ̀fẹ́ ní àkókò tí mo lò lọ́gbà ẹ̀wọ̀n, àìsúnmọ́ aya mi nìkan ní ìyàtọ̀ pé ń kò sí nílé",['sadness'],[],[],[]
yoruba_text_1478_emotion_1,"El-Zakzaky: Buhari ló ní kí wọn pa mi, inú rẹ̀ kò sì dùn títí tó fi gbọ́ pé wọn ti sun ilé mi",['sadness'],['sadness'],['sadness'],['sadness']
yoruba_text_1982_emotion_1,"Obìnrin kán gan mọ́ná ní ibùdó ìgbafẹ́ ọmọdé lọ́jọ́ kejì Kérésì, ìjọba Eko faraya","['sadness', 'surprise']","['anger', 'sadness']",['sadness'],['sadness']
yoruba_text_1637_emotion_1,Jimoh Odutola: Gbajúmọ̀ olókoòwò tó n sọ àlòkù táyà di tuntun ní Afíríkà,['surprise'],[],[],[]
yoruba_text_1957_emotion_1,"Pẹ̀lú gbogbo rògbòdìyàn tó ń ṣẹlẹ̀ ní Nàìjíríà, APC kójú òṣùwọ̀n láti borí ìdìbò 2023- Adamu",[],[],[],[]
yoruba_text_767_emotion_1,Shisha smoking students: Àwọn akẹ́kọ̀ọ́bìnrin méjì tó ń fa shisha ti padà sẹ́nu ẹ̀kọ́ wọn,[],"['disgust', 'surprise']",['joy'],[]
yoruba_text_3567_emotion_1,"Nitori afikun owo-epo bẹntiroolu ati ina ijọba, awọn eeyan bẹrẹ ifẹhonu han l’Ọṣun",['anger'],['anger'],[],['anger']
yoruba_text_4478_emotion_1,Oni nigbẹjọ Adedoyin atawọn oṣiṣẹ rẹ yoo bẹrẹ niluu Oṣogbo,[],[],[],[]
yoruba_text_3150_emotion_1,"Ọwọ tẹ Ayọmide l’Oṣogbo, waya ile onile lo lọọ ji tu",['surprise'],['anger'],['sadness'],[]
yoruba_text_1636_emotion_1,Ọ̀kan nínú àwọn ọmọ mẹ́rin tó fi Rofia ṣòògùn owó ti sùnlọ níbi tí wọ́n ti n jó orí rẹ- Olóri fijilante Abeokuta,"['disgust', 'sadness', 'surprise']",['sadness'],['surprise'],"['sadness', 'surprise']"
yoruba_text_2095_emotion_1,Dino Melaye: Àsìkò ti to fún ọ̀rọ̀ ''Zoning'' ipò ààrẹ ní Naijiria láti dópin,['anger'],[],[],[]
yoruba_text_184_emotion_1,"Mothers Day: Adebunmi Adeyeye ní òun jẹ gbèsè gbọ́múléláńtà, ìdí iṣẹ́ kabúkabú ni òun ti ri san",['sadness'],['joy'],['joy'],['joy']
yoruba_text_2999_emotion_1,"Wọn pa Adebari si yara ẹ, wọn tun ge ọwọ osi ẹ lọ l’Abẹokuta ",['disgust'],['sadness'],['sadness'],['sadness']
yoruba_text_3057_emotion_1,Sidika tọju kokeeni sinu bata to n wọ lọ si Mẹka,['surprise'],['disgust'],['surprise'],['surprise']
yoruba_text_2714_emotion_1,Ẹ wo ọmọ iya meta ti wọn n digunjale n’Ijẹbu,['surprise'],['disgust'],['surprise'],['surprise']
yoruba_text_4173_emotion_1,"Ṣeun Kuti di afadura-jagun lahaamọ, Daddy G.O ni wọn n pe e bayii",['surprise'],['surprise'],['surprise'],['surprise']
yoruba_text_1200_emotion_1,Ikeja Electric blackout: ọ̀sẹ̀ mẹ́jọ bẹ̀rẹ̀ láti Oct 11 ní àwọn agbègbè kan ní ìpínlẹ̀ Eko kò ní gbádùn iná ọ̀ba,[],['fear'],['sadness'],[]
yoruba_text_4542_emotion_1,Eyi lohun to ṣẹlẹ nigba ti Portable olorin ati Pasuma kọrin ni ṣọọṣi Sẹlẹ,[],[],[],[]
yoruba_text_152_emotion_1,Oyo APC Crisis: Wàhálà awuyewuye ẹgbẹ́ òṣèlú APC gba ọnà míì yọ pẹlú ìyànsípò alága igun ìkejì,['surprise'],['anger'],"['fear', 'surprise']",['surprise']
yoruba_text_1834_emotion_1,Ǹkan márùn ún tí Atiku ní òun yóò ṣe nìyìí tó bá di Ààrẹ,[],[],[],[]
yoruba_text_4817_emotion_1,Ileegbimọ aṣofin agba mejeeji buwọ lu aba eto iṣuna ọdun 2021,[],[],[],[]
yoruba_text_3046_emotion_1,"Wahala ṣẹlẹ nile Akeredolu n’Ibadan, awọn ọmọ oloogbe binu gidigidi sawọn akọroyin",['anger'],['disgust'],[],[]
yoruba_text_619_emotion_1,"Kwara Hijab Crisis: Ìjọbá ńi akẹ́kọ̀ọ́bìnrin Mùṣùlùmí le lo ìbòrí gẹ́gẹ́ bó ṣe ń wáyé l‘Eko, Osun, Oyo",['surprise'],[],[],[]
yoruba_text_4254_emotion_1,Mi o ni i ṣatilẹyin fun aarẹ lati ilẹ Hausa – El-Rufai,['surprise'],['disgust'],[],[]
yoruba_text_1827_emotion_1,"Ban on Okada: Báwọn èèyàn kan ṣe tako òfin kí ọ̀kadà má rìn l‘Eko, làwọn míì faramọ́ọ",[],[],[],[]
yoruba_text_3935_emotion_1,"Lẹyin to wọle ibo, Sanwo-Olu kede ẹkunwo fawọn oṣiṣẹ ọba l’Ekoo",['surprise'],['joy'],['joy'],['joy']
yoruba_text_3260_emotion_1,Awọn agbebọ  tun pa eeyan mọkanla ni abule kan nipinlẹ Plateau,"['fear', 'sadness']",['sadness'],['sadness'],['sadness']
yoruba_text_3396_emotion_1,"Alẹsanmi lu ẹgbọn rẹ pa ni Kiribo, ọmọ-odo lo la mọ ọn lori","['disgust', 'sadness']",['sadness'],['sadness'],['sadness']
yoruba_text_4250_emotion_1,"Gbogbo ẹyin tẹ ẹ ti gba abẹrẹ Koro, ẹ si tẹsiwaju lati maa lo ibomu yin o – ijọba Kwara",[],[],['fear'],[]
yoruba_text_1856_emotion_1,"Nigerian Drone Maker: Roqeeb Aderogba ní ìgbà mẹ́fà l‘òun kùnà láti ṣe dírónù, kó tó yege","['joy', 'surprise']",[],['joy'],['joy']
yoruba_text_1215_emotion_1,"Sotitobire: Àwọn ọmọ ìjọ yarí, wọ́n ní ejò lọ́wọ́ nínú lórí ìdájọ́ tí wọ́n dá fún Alfa Babatunde",['anger'],['anger'],['anger'],['anger']
yoruba_text_3177_emotion_1,Awọn Hausa ṣi n fọ ile ti wọn ko ounjẹ pamọ si kiri l’Abuja,[],['anger'],['sadness'],[]
yoruba_text_4393_emotion_1,Ẹgbẹ APC kede orukọ awọn oludije to kunju oṣuwọn lati kopa ninu ibo abẹle l’Ondo,[],[],[],[]
yoruba_text_1247_emotion_1,Tegina Attack: A ti rí ọmọ ilé kéú 11 míì nínú àwón tí agbébọn jí gbé ní ìpínlẹ̀ Niger,['joy'],['joy'],['joy'],['joy']
yoruba_text_2451_emotion_1,"Òṣèré tíátà, ẹ má jẹ́ kí àbùkù wọ ìlàkàkà yín láti kó ọrọ̀ jọ - Ajirebi",[],[],[],[]
yoruba_text_3302_emotion_1,"Ọlọpaa mẹrin wọ gau ni Kwara, agunbanirọ ni wọn fipa gbowo lọwọ ẹ ",['surprise'],['disgust'],[],[]
yoruba_text_4939_emotion_1,"Ẹgbẹ onimọto Ọyọ: Makinde yan Ọmọlẹwa, Tokyo, Ejiogbe rọpo Auxiliary",[],[],[],[]
yoruba_text_4715_emotion_1,Olubadan sọ baalẹ mẹrinlelọgbọn d’ọba alade n’Ibadan,['surprise'],['joy'],['surprise'],['surprise']
yoruba_text_4402_emotion_1,Gomina AbdulRazaq fun iyawo atawọn ọmọ Aafa Aboto ni miliọnu mẹwaa Naira,['surprise'],['joy'],['joy'],['joy']
yoruba_text_4522_emotion_1,Awọn to n gba Buhari nimọran lo n ṣi i lọna- Lawan   ,['sadness'],['sadness'],[],['sadness']
yoruba_text_4353_emotion_1,Akeredolu pasẹ pe kawọn ileewe maa kọrin ibilẹ Yoruba,['surprise'],[],[],[]
yoruba_text_2659_emotion_1,"Peter Obi ṣabẹwo sawọn ti ṣọja ilẹ wa ju bombu fun, o fun wọn lẹbun owo","['joy', 'surprise']",[],['sadness'],[]
yoruba_text_4451_emotion_1,Polongo ibo nile ẹsin ko o rẹwọn he – INEC,[],['anger'],['fear'],[]
yoruba_text_4860_emotion_1,"Ọlọpaa ko le da wa duro, dandan ni ka ṣewọde fun iṣọkan Yoruba l’Ọṣun ni Satide – Ọba Ogboni",[],['anger'],['anger'],['anger']
yoruba_text_4275_emotion_1,"Ọjọ keji lẹyin to ṣọjọọbi, Ṣọla Kosọkọ bimọ ọkunrin lantilanti","['joy', 'surprise']",['joy'],['joy'],['joy']
yoruba_text_2562_emotion_1,Ọpẹ o! Ọwọ ti tẹ awọn to pa olori awọn oṣiṣẹ ijọba ipinlẹ Ọyọ tẹlẹ,['joy'],['joy'],['joy'],['joy']
yoruba_text_2274_emotion_1,Osun Kidnap rescue: Àwọn ọlọ́pàá dóòlà ẹ̀mí arìnrìnàjò méje tí wọ́n jígbé ní Ibokun,['joy'],['joy'],['joy'],['joy']
yoruba_text_4846_emotion_1,Eyi lawọn ohun to ṣẹlẹ nibi akanṣe adura ọjọ mẹjọ ti wọn ṣe fun Akeredolu nile rẹ to wa l’Ọwọ,[],[],[],[]
yoruba_text_55_emotion_1,Wo àwọn nǹkan tó yẹ kóo mọ̀ nípa Dókítà Rasaq Oyelami ti NNPP tó ń díje dupò gómìnà Osun,['surprise'],[],[],[]
yoruba_text_2076_emotion_1,Seye Malaolu: Mo ta gbogbo dúkìá mi kí ń tó rí N7m owó ìtọ́jú èmi àti ọmọ mi,"['sadness', 'surprise']",['sadness'],['sadness'],['sadness']
yoruba_text_4182_emotion_1,Ijọba ti ṣafikun owo awọn agunbanirọ,['joy'],['joy'],['joy'],['joy']
yoruba_text_670_emotion_1,"A﻿kẹ́kọ̀ọ́jáde LAUTECH dá ìwé ẹ̀rí padà, ó fẹ́ kíléẹ̀kọ́  dá gbogbo owó ẹ̀kọ́ tó san padà",['surprise'],['surprise'],['surprise'],['surprise']
yoruba_text_4548_emotion_1,Onidaajọ Ariwoọla da si ọrọ oye Emir ilu Kano,[],[],[],[]
yoruba_text_486_emotion_1,Mathematics Education: Fasiti Ibadan f'orin tàkasúfèé wá ojúùtú si ìṣòro ẹ̀kọ́ ìṣirò,['surprise'],['surprise'],['surprise'],['surprise']
yoruba_text_4894_emotion_1,Eyi ni ọrọ Tinubu si gbogbo ọmọ Naijiria ninu ọdun tuntun,[],[],[],[]
yoruba_text_888_emotion_1,"Ondo Amotekun: Kí ni ọ̀dọ́ àríwá 18 tó dirá ìjà ń wá l‘Ondo, tí wọn fi dojú ìjà kọ Àmọ̀tẹ́kùn?","['anger', 'surprise']",[],['anger'],['anger']
yoruba_text_3322_emotion_1,Ọran nla! Awọn agbebọn ji Imaamu agba gbe ni Kogi,['surprise'],['disgust'],['sadness'],[]
yoruba_text_4035_emotion_1,Igbimọ to n ṣewadii ẹsun awọn ti SARS fiya jẹ pari ijokoo wọn lẹyin ọdun kan,[],[],['sadness'],[]
yoruba_text_633_emotion_1,"T.B Joshua: ...Àwọn ọmọ ẹ̀yin ń sọ̀fọ̀, ìdá mẹ́ta àǹgẹ́lì Olorun dójútí Lucifa tó lọ- Pasito Chris Okotie",['sadness'],[],['disgust'],[]
yoruba_text_2899_emotion_1,"Ina ṣẹ yọ nileefowopamọ FCMB, n’llọrin, ọpọ dukia lo jona ","['sadness', 'surprise']",['sadness'],['sadness'],['sadness']
yoruba_text_382_emotion_1,Catholics in Nigeria: Father Mbaka ní kò sí wàhálà láàrín òun àti ìjọ Kátólìkì,[],[],['joy'],[]
yoruba_text_314_emotion_1,"R﻿ussia ṣe ìkọlù ìdájí sí Ukraine, ó tún fóńtẹ̀ lu agbègbè mẹ́rin tó fipá gbà",['surprise'],['sadness'],['sadness'],['sadness']
yoruba_text_239_emotion_1,Wanted by EFCC: Mompha fèsì Ó ní ìdúnkokò ni wọ́n ń ṣe láti gba N140m  lọ́wọ́ òun,[],"['anger', 'sadness']",['fear'],[]
yoruba_text_1500_emotion_1,2023 Presidential Election: Mí o búwọlu ìdupo ààrẹ ọdún 2023 fún Tinubu-Foluke Daramola,['anger'],[],[],[]
yoruba_text_3999_emotion_1,Lori ọrọ SARS: Sanwo-Olu gbe igbimọ oluwadii kalẹ fun idajọ ododo,[],[],['joy'],[]
yoruba_text_3356_emotion_1,Awọn agbebọn lati ilẹ okeere ti gbakoso awọn ibi kan nilẹ Yoruba- Akintoye,['sadness'],['fear'],['sadness'],['sadness']
yoruba_text_1325_emotion_1,"Wo àwọn asọ ìgbèyàwó àràmọ́ndà, kóo fojú lóúnjẹ òpin ọ̀sẹ̀",[],[],[],[]
yoruba_text_4022_emotion_1,Awọn gomina ilẹ Hausa ti gba pe ki oludije funpo aarẹ APC wa lati iha Guusu,[],['joy'],[],[]
yoruba_text_1842_emotion_1,"Ondo Fulani ultimatum: Gbogbo ẹ̀yin Fulani darandaran tó wà ní ìgbó ìjọba ní Ondo, ọjọ méje lẹní láti pòórá - Gomina Akeredolu",['anger'],['anger'],['anger'],['anger']
yoruba_text_3570_emotion_1,Wọn ti ko ‘ma-mu-gaari’ sọwọ ṣọja to gun DPO lọbẹ ni Kwara,['surprise'],"['anger', 'sadness']",[],[]
yoruba_text_4318_emotion_1,Eyi lohun ti Gomina Adeleke ni kawọn oṣiṣẹ ijọba ṣe layaajọ ọdun Falẹntain l’Ọṣun,[],[],[],[]
yoruba_text_3108_emotion_1,"Eemọ ree! Nitori ẹsun agbere, ọkunrin kun iyawo rẹ bii ẹran, o lo n ṣ’agbere","['disgust', 'surprise']","['anger', 'sadness']",['surprise'],['surprise']
yoruba_text_4588_emotion_1,Buhari bẹ awọn ọdọ: Ẹ ni suuru fun mi ki n fi ṣatunṣe si gbogbo ohun to n bi yin ninu,[],[],[],[]
yoruba_text_2894_emotion_1,"Ọmọ ẹgbẹ okunkun mẹjọ wọ gau n’Ifọ, lẹyin iku ọkan ninu wọn ti wọn yinbọn pa",[],['sadness'],[],[]
yoruba_text_1331_emotion_1,"Covid-19 vaccines: Gómìnà Gboyega Oyetọla, aya rẹ̀ Kafayat gba abẹ́rẹ́ àjẹsára COVID-19 ní ìpínlẹ̀ Ọṣun",[],[],[],[]
yoruba_text_4661_emotion_1,Awọn ọmọọṣẹ Tinubu bẹrẹ ipolongo ibo aarẹ ọdun 2023 lorukọ rẹ,[],[],[],[]
yoruba_text_339_emotion_1,Ogun Police: Ọwọ́ ọlọ́pàá tẹ àwọn ajínigbé ní bi tí wọ́n ti ń gba owó,"['joy', 'surprise']",['joy'],['joy'],['joy']
yoruba_text_1621_emotion_1,Otedola bridge fire: Ọkọ̀ akẹ́rù rí ìjánu rẹ̀ já ló kọlù ọkọ̀ agbépo tó fa ìjàmbá iná ní Otedola lópópónà Lagos-Ibadan- LASEMA,['surprise'],['sadness'],['sadness'],['sadness']
yoruba_text_1703_emotion_1,Int'l Day for Persons with Disability: Iléeṣẹ́ ọlọ́pàá ṣetán láti máa gbàwọn àkàndá ẹ̀dá ṣíṣẹ́,['surprise'],[],['joy'],[]
yoruba_text_4657_emotion_1,Ija dopin! Igbakeji gomina Ọṣun ra mọto ṣọja tawọn janduku bajẹ n’Ikire pada,['surprise'],['joy'],['joy'],['joy']
yoruba_text_3815_emotion_1,"Awọn agbebọn ya bo ṣọọṣi Sẹlẹ ni Mowe, wọn ji eeyan meji gbe lọ",['surprise'],['sadness'],['sadness'],['sadness']
yoruba_text_4560_emotion_1,"Ọpẹ o, oṣere tiata yii bi ibeji",['joy'],['joy'],['joy'],['joy']
yoruba_text_3924_emotion_1,Ọlọpaa n wa awọn to fibọn gba ogun miliọnu lọwọ awọn oṣiṣẹ ijọba Ekiti,[],[],[],[]
yoruba_text_4534_emotion_1,APC lo yege ibo alaga kansu ni gbogbo ijọba ibilẹ ogun nipinlẹ Ogun,['joy'],[],[],[]
yoruba_text_952_emotion_1,Àṣírí tú! Ì﻿lò ìyà ni wọ́n ń lo àwọn dókítà ọmọ Nàìjíríà tó ń lọ sí UK fún iṣẹ́,"['sadness', 'surprise']",['disgust'],['sadness'],['sadness']
yoruba_text_4099_emotion_1,"Oyetọla dupẹ pe Tinubu wọle aarẹ, o loun naa maa pada sipo gomina laipẹ",['joy'],['joy'],['joy'],['joy']
yoruba_text_1653_emotion_1,Proposed Police Strike: Iléeṣẹ́ ọlọ́pàá ní àhesọ̀ ní pé àwọn òṣìṣẹ́ òun kan fẹ́ da iṣẹ́ sílẹ̀,[],[],['anger'],[]
yoruba_text_1828_emotion_1,Àwọn tí wọ́n ò tíì bí bàbà wọn nígbà tí mo gbé Tinubu jáde ló ń bú mi pé mò ń jowú rẹ̀ – Ayo Adebajo,['sadness'],['sadness'],['anger'],['sadness']
yoruba_text_1849_emotion_1,King of Satan: Mọ̀ si nípa Ọba Sátánì tó fẹ́ ìyàwó 57 kí ó tó jáde láyé,['surprise'],[],[],[]
yoruba_text_1129_emotion_1,Sex Addiction: Mò ń ba obìnrin mẹ́fà dọ́rẹ̀ ìbálopọ̀ lẹ́ẹ̀kàn ṣoṣo pẹ̀lú aṣẹ́wó mẹ́ta láàrìn ọ̀ṣẹ̀ kan,"['disgust', 'surprise']",['disgust'],['surprise'],"['disgust', 'surprise']"
yoruba_text_3248_emotion_1,"Ẹẹmeji niyawo mi ṣẹyun to ni fun mi danu, mi o fẹ ẹ mọ-Yinusa",['anger'],"['anger', 'sadness']",['sadness'],"['anger', 'sadness']"
yoruba_text_85_emotion_1,"""Kano female vigilante: Wo àwọn obìnrin ''fijilanté"""" tí wọ́n ṣetán à ti kojú ẹnikẹ́ni ní Kano""",['surprise'],['surprise'],['surprise'],['surprise']
yoruba_text_1474_emotion_1,Taribo West: Agbábọ́ọ̀lù Nàìjíríà wọ gàu lọ́wọ́ ọmọ Náìjíríà lórí àsọtẹ́lẹ̀ pé Trump yóò wọlé ìbò ààrẹ Amerika,['anger'],"['anger', 'sadness']",['surprise'],['anger']
yoruba_text_4932_emotion_1,"Ẹfun abeedi: Oyinbo Amẹrika yii ro o pin, o fẹẹ bẹ sodo ọsa l’Ekoo",['sadness'],['sadness'],['surprise'],['sadness']
yoruba_text_1445_emotion_1,"Maduka Okoye: Wo ohun tí o lè má mọ̀ nípa Maduka Okoye, aṣọ́lé Nàìjíríà tó ń dá àwọn obìnrin lọ́rùn",['joy'],[],[],[]
yoruba_text_2777_emotion_1,"Azeez ṣa baba agbalagba kan pa, lo ba wọ oku ẹ lọ sinu igbo n’llọrin ","['disgust', 'sadness']",['sadness'],['sadness'],['sadness']
yoruba_text_3753_emotion_1,"Ẹnu iṣẹ ni nọọsi yii wa to ti ṣubu, lojiji, lo ba dagbere faye",['sadness'],['sadness'],['sadness'],['sadness']
yoruba_text_422_emotion_1,Anthony Joshua vs Pulev: Anthony Joshua rọ̀jò ẹ̀ṣẹ́ lu Pulev,"['joy', 'surprise']",[],"['joy', 'surprise']","['joy', 'surprise']"
yoruba_text_540_emotion_1,Ilé ẹ́jọ́ tó ń gb'ẹ́sùn ìdìbò wọ́gilé ẹjọ́ tí Ajimọbi pè tako Kọla Balogun,['surprise'],[],"['joy', 'sadness']",[]
yoruba_text_2610_emotion_1,"Ọpẹ o, Kẹmi Afọlabi ti de lati Amẹrika to ti lọọ gba’tọju",['joy'],['joy'],['joy'],['joy']
yoruba_text_4403_emotion_1,Ẹni ti yoo dari ibo Ondo ki i ṣe ọrẹ Gomina Akeredolu – INEC,[],[],['sadness'],[]
yoruba_text_3889_emotion_1,"Ẹfun abeedi, ọmọkunrin kan yinbọn pa ẹgbọn ẹ nitori ogun baba wọn","['sadness', 'surprise']","['disgust', 'sadness']",['surprise'],"['sadness', 'surprise']"
yoruba_text_3601_emotion_1,"Tijani yii yoo pẹ lẹwọn o, ibọn lo lọọ fi ka awọn ọmọ fasiti mọle n’Iworoko-Ekiti",['surprise'],['anger'],[],[]
yoruba_text_1914_emotion_1,"""Coronavirus Update in Nigeria: 'Ẹ sọ́ra fún """"Christmas Carol"""", ẹ̀yin tẹ́ẹ sì wà lókè òkun ẹ má wálé o!'""",['fear'],['fear'],['fear'],['fear']
yoruba_text_3180_emotion_1,"Awakọ tirela gba oni-Maruwa lẹṣẹẹ, niyẹn ba ku patapata","['sadness', 'surprise']",['sadness'],['surprise'],"['sadness', 'surprise']"
yoruba_text_394_emotion_1,Promise Akinlade: ọmọ ọdún mọ́kànlá tó ń fi ìlù dárà bíi àgbàlagbà sọ̀rọ̀ nípa tálẹ́ǹtì rẹ̀,['surprise'],[],['surprise'],['surprise']
yoruba_text_2856_emotion_1,Awọn ọmọ ẹgbẹ okunkun ṣa Quadri pa l’Oṣogbo,['disgust'],['sadness'],['sadness'],['sadness']
yoruba_text_3851_emotion_1,"Wọn gun ọkunrin yii lọbẹ ni o, nile idibo l’Akurẹ",['sadness'],['sadness'],"['sadness', 'surprise']",['sadness']
yoruba_text_1697_emotion_1,"Ojú gbàmí tì fún un yín, ẹ̀yin asòfin –Aliyu Wabara",['sadness'],['anger'],['anger'],['anger']
yoruba_text_2712_emotion_1,"Eeyan keeyan l’Elisha yii o, ọmọ ọdun mẹrin lo fipa ba lo pọ ni Warewa","['anger', 'disgust']",['disgust'],['disgust'],['disgust']
yoruba_text_1650_emotion_1,Ọ̀mùtí Ṣójà wa ọkọ̀ pa ọ̀gá rẹ̀ nínu báráàkì ní Eko,['surprise'],['sadness'],['sadness'],['sadness']
yoruba_text_4044_emotion_1,Ẹgbẹrun mẹjọ tijọba Tinubu fẹẹ faraalu to lati ṣe nnkan ire o-Gomina Sule,[],[],[],[]
yoruba_text_2578_emotion_1,"Pasitọ Adeboye fọkan awọn ọmọ Naijiria balẹ, o lowo naira n bọ waa lagbara bii dọla",['joy'],[],[],[]
yoruba_text_4232_emotion_1,"Lẹyin ti wọn gbowo, ajinigbe tu awọn ọmọ iya mẹta ti wọn gbe silẹ",['joy'],['joy'],['joy'],['joy']
yoruba_text_1107_emotion_1,"Jubril Martins-Kuye: Mínísítà lẹ́ẹ̀méjí, Jubril Martins-Kuye ti jáde láyé",['sadness'],['sadness'],['sadness'],['sadness']
yoruba_text_711_emotion_1,Kaduna killings: Gómìnà El-Rufai kẹ́dùn pẹ̀lú ẹbí àwọn tó kú,['sadness'],['sadness'],['sadness'],['sadness']
yoruba_text_2641_emotion_1,"Idajọ kootu: Tinubu, Oyetọla ki Adeleke ku oriire",['joy'],[],[],[]
yoruba_text_2918_emotion_1,Awọn mẹrin ku ninu ijamba ọkọ l’Ọrẹ,['sadness'],['sadness'],['sadness'],['sadness']
yoruba_text_305_emotion_1,Stephenie Rodriguez yóò padà wá sí Naijiria lẹ́yìn tó pàdánù ẹsẹ̀ rẹ̀ méjèjì lọ́wọ́ àìsàn ibà,['sadness'],['sadness'],['sadness'],['sadness']
yoruba_text_3952_emotion_1,"Fulani lọkọ mi loootọ, ṣugbọn ko si lara ẹya awọn to n paayan-Titi Atiku",[],[],[],[]
yoruba_text_2266_emotion_1,Nkechi Blessing: Gbajúgbajà òṣèré ní ó sàn fún òun láì tíì lọ́kọ báyìí ju kí òun lọ́kọ láì láyọ lọ,[],[],['surprise'],[]
yoruba_text_2636_emotion_1,"Gomina Sanwo-Olu sọ Iya Awẹro di lanlọọdu l’Ekoo, o fun un ni fulaati kan","['joy', 'surprise']",['joy'],['joy'],['joy']
yoruba_text_4624_emotion_1,"Kaosarah, ẹni ọdun mẹrinlelogun, di kọmiṣanna ni Kwara",['surprise'],['joy'],['joy'],['joy']
yoruba_text_1072_emotion_1,NBC fọnmú lórí ìdásílẹ̀ Rédíò ìjàǹgbara fún ìpolongo Yoruba Nation,[],['anger'],['anger'],['anger']
yoruba_text_607_emotion_1,"Oúnjẹ àràmọ̀ǹdà mọ́kànlá tí wọ́n ń jẹ lágbààyé rèé, ẹ tẹ́wọ́ gbàá",[],[],['surprise'],[]
yoruba_text_2131_emotion_1,"Aráàlù fọnmú lórí Pásítọ̀ tó ń gbẹ̀bí, pèsè ‘omi ayẹta’ fọ́mọ ìjọ",['surprise'],['anger'],['anger'],['anger']
yoruba_text_1195_emotion_1,Ogun Church Kidnapping: Agbébọn ń bèèrè N6m lórí èèyàn mẹ́ta tí wọn gbé ní ṣọ́ọ́ṣì,[],['sadness'],['sadness'],['sadness']
yoruba_text_1642_emotion_1,Ọlọ́pàá tó bá ìyàwó Atiku gbé báàgì lóde kan ìjàngbọ̀n,['surprise'],"['fear', 'sadness']",['sadness'],['sadness']
yoruba_text_1905_emotion_1,Johnson & Johnson baby powder: Iléeṣẹ́ apoògùn wọ́gilé ìpara ọmọdé ‘baby powder’ lẹ́yìn tí àwọn èèyàn ní ó ń fa àrùn jẹjẹrẹ,['surprise'],['sadness'],[],[]
yoruba_text_2369_emotion_1,Maiduguri IDP camp Atrocities: Ọmọ ọdún 14 gún ara rẹ̀ pa lẹ́yìn tí okùnrin ẹni ọdún 35 fi ipá balòpọ̀,['sadness'],"['disgust', 'sadness']",['sadness'],['sadness']
yoruba_text_1392_emotion_1,"DR Congo Meningitis: Àrùn yínrùnyínrùn bẹ́ sílẹ́ ní DR Congo, àjọ WHO ní ìgbàgbọ́ àwọn èèyàn pé 'àwọn àjẹ́' ló wà nídí rẹ̀ ń dènà ìtọ́jú","['fear', 'sadness', 'surprise']",['sadness'],['sadness'],['sadness']
yoruba_text_3880_emotion_1,"Ọlalere fọlọpaa mu iyawo ẹ n’Ibadan,  o lo fẹẹ jalẹkun ile oun",['surprise'],['anger'],[],[]
yoruba_text_954_emotion_1,Sunday Igboho: Ẹgbẹ́ ìlànà ọmọ Oodua ní kí Yorùbá túbọ̀ kún fún àdúrà kí ayọ̀ náà le dé,[],[],['joy'],[]
yoruba_text_917_emotion_1,"W﻿ọ́n so òògùn ìbílẹ̀ àti àgádágodo mọ́ ẹnu ọ̀nà ààfin ní Ikirun, ọba tuntun kò rọ́nà wọlé",['surprise'],['disgust'],"['fear', 'sadness']",[]
yoruba_text_4287_emotion_1,Sifu Difẹnsi ipinlẹ Ogun ṣi ẹka imọ ẹrọ ti yoo maa mojuto iwa ọdaran lori ayelujara,[],[],[],[]
yoruba_text_1266_emotion_1,"Police Parade Kidnap syndicates:Wo bí ọwọ́ ọlọ́pàá ṣé tẹ́ àwọn ìkọ ajínigbé tó jí akẹ́kọ̀ọ́ fásítì, ìyàwó tuntun gbé",['surprise'],[],['surprise'],['surprise']
yoruba_text_4812_emotion_1,Korona paayan marun-un lọjọ kan ṣoṣo nipinlẹ Ọyọ,"['sadness', 'surprise']",['sadness'],['sadness'],['sadness']
yoruba_text_2730_emotion_1," Latari bi wọn ṣe n digun ja awọn ileepo lole l’Akurẹ, ijọba tun fofin de ọkada gigun nipinlẹ Ondo",[],[],[],[]
yoruba_text_4961_emotion_1,Eyi lọrọ ti Aarẹ Tinubu sọ lori idajọ ile-ẹjọ to ga ju lọ,[],[],[],[]
yoruba_text_787_emotion_1,Nkechi Blessing: Àgbo tí yóò mú mi tíírín ti jẹ́ kí ìbàdí mi lọ sílẹ̀,"['sadness', 'surprise']",[],[],[]
yoruba_text_3713_emotion_1,"Tirela Dangote pa ọmọleewe n’Ilaro, lawọn eeyan ba dana sun un",['surprise'],['sadness'],['sadness'],['sadness']
yoruba_text_265_emotion_1,Seyi Makinde: Inú mi dùn láti rí àwọn ìjòyè lẹ́yìn Olúbàdàn,['joy'],['joy'],['joy'],['joy']
yoruba_text_1999_emotion_1,"FRSC Covid 19 laws: Awakọ̀ ojú pópó san N26,000 nítorí ó lu òfin tó de ìtànkálẹ̀ ààrùn Covid-19",['surprise'],[],[],[]
yoruba_text_3013_emotion_1,"Ọlọpaa n wa awọn ọmọ ọba meji, nitori ade iṣẹmabaye ti wọn ji lọ",['surprise'],['disgust'],[],[]
yoruba_text_2193_emotion_1,"Buhari lifts Twitter ban: Buhari fún ọmọ Naijiria lẹ́bùn ayẹyẹ òmìnira, ó gbẹ́sẹ̀ kúró lórí Twitter pẹ̀lú ìkìlọ̀",['joy'],['joy'],['joy'],['joy']
yoruba_text_4496_emotion_1,"Ile-ẹjọ to ga ju lọ da Lawan lare, wọn loun loludije funpo sẹnetọ tawọn faṣẹ si",['surprise'],[],['joy'],[]
yoruba_text_3863_emotion_1,O ma ṣe o: Ọkọ tẹ ọmọ iya meji pa n’Ikẹrẹ-Ekiti,['sadness'],['sadness'],['sadness'],['sadness']
yoruba_text_4146_emotion_1,"Ibo abẹle APC:Awọn gomina, igbimọ apaṣẹ ni iha Guusu loludije sipo aarẹ yoo ti wa",[],[],[],[]
yoruba_text_3523_emotion_1,"ICPC mu olorin taka-sufee nni, D’banj, fẹsun jibiti",['surprise'],['anger'],[],[]
yoruba_text_3631_emotion_1,"PDP fa ibinu yọ l’Ondo, wọn ni INEC ti gbabọde",['anger'],['anger'],[],['anger']
yoruba_text_2499_emotion_1,"Seyi Makinde tara-pòrò lórí ìkọlù Owo, ó ké sáwọn tọ́rọ̀ ààbò kàn láti yé fọ́wọ́ lẹ́rán lórí ìkọlù agbébọn",['fear'],"['anger', 'fear', 'sadness']",[],['fear']
yoruba_text_3906_emotion_1, Ọwọ tẹ ọmọ Yahoo pẹlu ori eeyan tutu atawọn eya ara mi-in l’Ondo,"['disgust', 'surprise']",['disgust'],['sadness'],['disgust']
yoruba_text_3463_emotion_1,Ọmọ ọdun mejila ti wọn ji ifun inu rẹ lasko iṣẹ abẹ ti ku,"['disgust', 'sadness']",['sadness'],['sadness'],['sadness']
yoruba_text_1538_emotion_1,FIFAWWCUP: Wo ohun mẹ́rin tó jẹ́ ki America tún gbá ife ẹ̀yẹ àgbáyé,[],[],[],[]
yoruba_text_1605_emotion_1,"Kara Bridge: Ó kéré tán, ọkọ̀ yóò lo wákàtí mẹ́ta kó tó bọ́ lójú ọ̀nà Kara tó dí pa",[],[],[],[]
yoruba_text_1877_emotion_1,"Ìyà gé orí ọmọ ara rẹ̀ tó jẹ́ ọmọ Oṣù mẹ́wàá, bí ọwọ́ ọlọpàá ṣe tẹ̀ẹ́ nìyí","['sadness', 'surprise']",['sadness'],[],['sadness']
yoruba_text_171_emotion_1,"A kú ìrọ́jú l‘Osun, ìyà ti pọ̀jú, ojojúmọ́ ní mò ń sunkún – Adeleke",['sadness'],['sadness'],['sadness'],['sadness']
yoruba_text_2632_emotion_1,"Ori ko eeyan meji yọ lọwọ ajinigbe n’Idoani, lẹyin ọjọ meji ti wọn ti wa nigbekun wọn",['joy'],['joy'],['joy'],['joy']
yoruba_text_3515_emotion_1,Arẹwa obinrin kan gbẹmi ara rẹ l’Ekoo,['sadness'],['sadness'],['sadness'],['sadness']
yoruba_text_3799_emotion_1,"Taya tanka fọ, o ja wọ ṣọọbu oniṣọọbu n’llọrin, eeyan mẹta lo fara pa yannayanna ",['sadness'],['sadness'],['sadness'],['sadness']
yoruba_text_4104_emotion_1,Ẹgbẹ Akọmọlede rọ ijọba: Ẹ sọ ẹkọ ede Yoruba di dandan lawọn ileewe,[],[],[],[]
yoruba_text_4016_emotion_1,"Aarẹ Tinubu ṣabẹwo sipinlẹ Borno, eyi lohun to sọ nibẹ",[],[],[],[]
yoruba_text_4277_emotion_1,"Nitori eto idibo to n bọ, Ọbasanjọ ati Mimiko ṣepade bonkẹlẹ",[],[],['surprise'],[]
yoruba_text_431_emotion_1,Premier League: Southampton dáná sun Stamford Bridge pẹ̀lú àmì ayò 2-0,['surprise'],['sadness'],['joy'],[]
yoruba_text_3550_emotion_1,Adajọ ju aafaa ajanasi ilu Ẹdẹ to lu jibiti miliọnu mẹwaa sẹwọn  ,['surprise'],['anger'],[],[]
yoruba_text_3321_emotion_1,"Nnkan de, ọmọ Naijiria yii ti ha si India, egboogi oloro lo gbe lọ",['surprise'],['disgust'],"['sadness', 'surprise']",['surprise']
yoruba_text_2881_emotion_1,"Akẹkọọ ki olukọ rẹ mọlẹ ni Fasiti Ilọrin, o lu u bii aṣọ ofi",['surprise'],['sadness'],"['sadness', 'surprise']","['surprise', 'sadness']"
yoruba_text_22_emotion_1,"Lassa Fever: Ìwádìí ní èèyàn 219 ni ibà Lassa pa lọ́dún tó lọ́, 29 lọ́dún yìí, tètè dènà rẹ̀","['sadness', 'surprise']",['sadness'],"['fear', 'sadness']",['sadness']
yoruba_text_4484_emotion_1,"Igbimọ Imaamu Ogbomọṣọ ti sọrọ: Ṣọun lo ni mọṣalaaṣi, oun lo gbọdọ fi imaamu jẹ",[],[],['anger'],[]
yoruba_text_3660_emotion_1,"O ma ṣe o, baba, iya atawọn ọmọ mẹta ku sinu ijamba ọkọ l’Akurẹ",['sadness'],['sadness'],['sadness'],['sadness']
yoruba_text_2152_emotion_1,Gobirawa: Àwọn èèyàn kan ní Sokoto àti Zamfara ní àwọn agbésùmọ́mí ti gbàjọba lágbègbè wọn,[],['fear'],['sadness'],[]
yoruba_text_3845_emotion_1,FIDIO: Wọn dana sun mọto BRT l’Ekoo,[],['disgust'],[],[]
yoruba_text_2197_emotion_1,IPOB: A kò tún gbọdọ̀ rán àwọn ọmọ wá létí pé wọ́n wà lábé amunisin nípa kíkọ orin orilẹ ède Nàìjíría,['sadness'],['disgust'],"['anger', 'fear', 'sadness']",['sadness']
yoruba_text_215_emotion_1,Adene Oluwabukola Deborah: Bàbá mi kò kọ́kọ́ fọwọ́ sí iṣẹ́ ìlù lílù ṣùgbọ́n....,[],[],['joy'],[]
yoruba_text_3613_emotion_1,"Ẹ ba mi wa ṣọja to lu ọmọ mi pa jade o, Baba Yinka figbe bọnu n’Ileṣa",['sadness'],"['anger', 'sadness']","['anger', 'sadness']","['sadness', 'anger']"
yoruba_text_4271_emotion_1,Olubadan rọ ọkan ninu awọn baalẹ rẹ loye,['surprise'],['disgust'],['sadness'],[]
yoruba_text_1372_emotion_1,"Oludare Alaba, akẹ́kọ̀ọ́ LAUTECH ṣàlàyé ìdí tó fi dá ìwé ẹ̀rí rẹ̀ padà sí Fásitì tó ti ṣetán",[],[],[],[]
yoruba_text_2187_emotion_1,Yinka Ayefele radio robbed: Ọwọ́ ọlọ́pàá tẹ afurasí tó dárí ikọ̀ tó ja rédíò Ayefele lólè,"['joy', 'surprise']",['sadness'],['joy'],['joy']
yoruba_text_1424_emotion_1,Twitter ban: Èrò ọmọ Naijiria ṣọ̀tọ̀tọ̀ lórí ìgbésẹ̀ ìjọba àpapọ̀ láti gbẹ́sẹ̀ kúrò lórí Twitter,[],[],[],[]
yoruba_text_4882_emotion_1,Saraki gba Buhari nimọran lori eto aabo to mẹhẹ,[],[],[],[]
yoruba_text_3646_emotion_1,"Oju oorun ni Dauda ti dide, o si ja bọ latori ile alaja mẹta n’Ilọrin, lo ba ku patapata ",['sadness'],['sadness'],['sadness'],['sadness']
yoruba_text_501_emotion_1,"Lassa fever: Ìjọba Eko ní akẹ́kọ̀ọ́ fásitì Ebonyi tó wá kẹ́kọ́ ìmọ̀ òfin, ní wọ́n bá Lassa lára rẹ̀",['surprise'],[],['surprise'],['surprise']
yoruba_text_2295_emotion_1,N5mílíọ̀nù ni Chidinma wọ́ kúrò ní àsùwọ̀n owó Usifo Ataga lọ́jọ́ tó kú – Óṣojúmikòró,['sadness'],[],['sadness'],['sadness']
yoruba_text_4372_emotion_1,"Mọgaji agboole fa irun abẹ tẹgbọn-taburo n’Ibadan, o loun fẹẹ fi tun ọjọọwaju wọn ṣe ní",['disgust'],['disgust'],['surprise'],['disgust']
yoruba_text_4321_emotion_1,Okonjo-Iweala di obinrin akọkọ nipo ọga agba Ajọ Olokoowo Agbaye (WTO),"['joy', 'surprise']",['joy'],['joy'],['joy']
yoruba_text_1179_emotion_1,Tábìlì àmì ẹ̀yẹ Olympic Tokyo 2020,[],[],[],[]
yoruba_text_2611_emotion_1,"Akẹkọọ Poli Ọṣun fitan balẹ lagbaaye, o ka iwe ọgọrun-un laarin ọjọ mẹwaa",['surprise'],[],['surprise'],['surprise']
yoruba_text_155_emotion_1,Bashiru Olokada: Ọwọ́ ọlọ́pàá tẹ afurasí ọdọmọkùnrin mẹ́ta tó se'kú pa Bashiru ọlọ́kadà ní Ogere,"['joy', 'sadness']",['sadness'],['joy'],"['joy', 'sadness']"
yoruba_text_941_emotion_1,Pasuma sacks manager: Ohun tí a mọ̀ nípa ìjà tó ń wáyé láàrín Pasuma Ajibola àti 'Manager' rẹ̀ rèé,[],[],[],[]
yoruba_text_3982_emotion_1,"Eto idibo alaga ibilẹ ati kansilọ yoo waye lọjọ kẹrinlelogun, oṣu keje, nipinlẹ Ogun",[],[],[],[]
yoruba_text_2930_emotion_1,"Lasiko tiyawo baale ile yii lọ fun odun Ileya lo gbe ale wale, niyẹn ba gun un pa",['surprise'],['disgust'],[],[]
yoruba_text_3455_emotion_1,"Nitori bi wọn ṣe fi kun owo ile awọn akẹkọọ, ẹgbẹ ajafẹtọọ binu sawọn alaṣẹ Fasiti Ibadan",['anger'],"['anger', 'disgust']",[],['anger']
yoruba_text_1581_emotion_1,Àwọn aya Yekeen Ajileye ló fa ìpinyà láàrin wa débi pé mo fẹ́ pa ara mi - Abija,['sadness'],"['disgust', 'fear', 'sadness']",['sadness'],['sadness']
yoruba_text_2957_emotion_1,"Kayeefi, sọja kan pokunso, o ni ile aye ti su oun",['surprise'],['sadness'],['surprise'],['surprise']
yoruba_text_3051_emotion_1,"Aisan kọlẹra pa eeyan mọkanla nijọba ibilẹ Lagelu, n’Ibadan",['sadness'],['sadness'],['sadness'],['sadness']
yoruba_text_410_emotion_1,Queen Elizabeth II: Wo bí àwọn ìlànà ìsìnkú Ọbabìnrin yóò ṣe wáyé lónìí,[],[],['sadness'],[]
yoruba_text_1280_emotion_1,Áńkọ́fù ológun kéré fún ọwọ́ mi àmọ́ wọ́n fi okùn dì mí kúrò nílé lọ sí bárékè Odogbo,['surprise'],['sadness'],['sadness'],['sadness']
yoruba_text_3059_emotion_1,"Mo mọ pe iku lere ohun ti mo ṣe yii, ṣugbọn ẹ jọwọ, ẹ dariji mi-Ayọmide",['sadness'],[],[],[]
yoruba_text_2122_emotion_1,Femi Fani Kayode ti kúrò nínú ẹgbẹ́ PDP wá sí APC - Yahaya Bello,[],[],[],[]
yoruba_text_4978_emotion_1,"Nitori ija oun ati Tinubu: Alaafin, Ọọni ṣepade pẹlu Arẹgbẹṣọla",[],[],[],[]
yoruba_text_867_emotion_1,19 month old pupil flogged by teacher: Olùkọ́ lu akẹ́kọ̀ọ́ rẹ ọmọ ọdún kan àti oṣù méje pa ní ìpínlẹ̀ Delta,"['sadness', 'surprise']",['sadness'],"['sadness', 'surprise']","['sadness', 'surprise']"
yoruba_text_3494_emotion_1,Ọmọ ẹgbẹ okunkun yinbọn lu awọn ọlọpaa to da a duro,['surprise'],['sadness'],['sadness'],['sadness']
yoruba_text_1958_emotion_1,Buhari Oloto: Gbajúmọ̀ ọba tó lo sàá lágbo fàájì ìlú Eko fún ogójì ọdún ó le,['surprise'],[],[],[]
yoruba_text_3651_emotion_1,"Isiaq at’ọrẹ ẹ yoo pẹ lẹwọn o, kòkò ìdáná, kula ounjẹ ati ọkada ni wọn ji gbe",['surprise'],['disgust'],['sadness'],[]
yoruba_text_2063_emotion_1,Iwo ritual killining: Monsuru ní ọtí lòun fi owó mu lẹ́yìn tí òun bá ta ẹ̀yà ara àwọn tí òun bá pa,"['disgust', 'sadness']",['sadness'],['sadness'],['sadness']
yoruba_text_1506_emotion_1,"Ẹ̀yà ara tó ń gbogun ti ọ̀fìnkìn, le tako àrùn Covid-19",[],[],[],[]
yoruba_text_1980_emotion_1,Mo gbíyànjú títí kí ọmọ mi jáwọ́ nínú òògùn olóró àti ọtí kó tó kú àmọ́ ... - Ebenezer Obey,['sadness'],"['fear', 'sadness']",['sadness'],['sadness']
yoruba_text_763_emotion_1,Tortured to death: Ilẹeṣẹ́ ìròyìn BBC tú àsírí bí àwọn ọmọ ogun Myanmar ṣe pa àwọn aráàlú,['surprise'],['sadness'],['sadness'],['sadness']
yoruba_text_275_emotion_1,"LASTMA, Alleged impersonation: Àjọ LASTMA ní ó ṣòro púpọ̀ láti mọ ayédèrú òṣìṣẹ́ àjọ náà l'Eko",['sadness'],['fear'],['surprise'],[]
yoruba_text_2816_emotion_1,"O ma ṣe o: Oṣu keji lẹyin iku Mohbad, ọdọmọkunrin olorin mi-in tun ku lojiji","['sadness', 'surprise']",['sadness'],"['sadness', 'surprise']","['sadness', 'surprise']"
yoruba_text_1110_emotion_1,2nd wave Covid-19 in Nigeria: Ìjọba ìpínlẹ̀ Eko ti f'òfin de ìpéjọpọ̀ tó bá ju àádọ́ta (50) èèyàn lọ torí coronavirus,[],['fear'],['sadness'],[]
yoruba_text_1239_emotion_1,Benue Killing: Gómìnà Ortom yarí mọ́ Buhari lọ́wọ́ lórí àkọ̀tun ìpànìyàn tó wáyé ní ìpínlẹ̀ rẹ̀,['anger'],['anger'],['anger'],['anger']
yoruba_text_4504_emotion_1,Yoruba World Centre fẹẹ ṣeto nla fun Olubadan,[],[],['joy'],[]
yoruba_text_2140_emotion_1,Christmas celebration: Èèyàn méje kú nínú ìjàmbá ọkọ̀ tó ṣẹlẹ̀ ní àárọ̀ Kérésìmesì lọ́nà Sagamu sí Ijebu Ode,"['sadness', 'surprise']",['sadness'],['sadness'],['sadness']
yoruba_text_1003_emotion_1,"Ajínigbé ẹlẹ́ni mẹ́fà gbé ọkùnrin kan níwájú ilé rẹ̀ l’Ogun, bí àṣírí wọn ṣe tú rèé",['surprise'],[],['sadness'],[]
yoruba_text_1134_emotion_1,"Goriola Hassan: ‘Tattoo’ tó wà lára mi, kò dí ọba jíjẹ lọ́wọ́, ara oge ṣíṣe ni",[],[],[],[]
yoruba_text_4834_emotion_1,Awọn ‘Iya ooṣa’ naa jade fun iwọde ‘Yoruba Nation’,['surprise'],['surprise'],['surprise'],['surprise']
yoruba_text_1641_emotion_1,Lightning kills family: Àrá sań pa èèyan mẹ́rin nínú ìdílé kan ṣoṣ,"['sadness', 'surprise']",['sadness'],"['sadness', 'surprise']","['sadness', 'surprise']"
yoruba_text_4158_emotion_1,Ibo abẹle APC: Wọn ti din awọn ti yoo dije ku si marun-un,[],[],[],[]
yoruba_text_3095_emotion_1,Eeyan mẹrinla tun ti lugbadi arun  Koronafairọọsi l’Ekiti,"['fear', 'surprise']",['sadness'],['sadness'],['sadness']
yoruba_text_1374_emotion_1,Male infertility: Àwọn ìdí márùn-ún tó ṣe sọ̀ro fún ọkùnrin láti fún obìnrin lóyún láyé òde òní,[],[],['surprise'],[]
yoruba_text_1024_emotion_1,"2023: Màá pèsè iṣẹ́ tó tó 66,000 tí n bá di Gómìnà ìpínlẹ̀ Oyo – Adelabu",['surprise'],[],['joy'],[]
yoruba_text_4227_emotion_1,Adajọ ni ki wọn sanwo ‘gba ma binu’ fawọn aṣofin Ondo,[],[],[],[]
yoruba_text_3628_emotion_1,"Fijilante yii ti daran o, afurasi ti wọn fa le e lọwọ lo dana sun",['disgust'],['sadness'],['sadness'],['sadness']
yoruba_text_1840_emotion_1,O parí! Joe Biden ní Covid-19 dohun ìgbàgbé l‘Amẹ́ríkà ṣùgbọ́n...,['surprise'],[],[],[]
yoruba_text_3909_emotion_1,"Awọn ọlọpaa ti mu Musa o, iya ẹni ọdun marundinlọgọrin lo fipa ba lo pọ titi tiyẹn fi ku mọ ọn labẹ","['disgust', 'sadness']",['disgust'],['sadness'],"['disgust', 'sadness']"
yoruba_text_3918_emotion_1,"Lẹyin wakati mẹrin to sọ funyawo rẹ pe aye ṣu oun, Fisayọ pokunso n’Ifẹ",['sadness'],"['disgust', 'sadness']",['sadness'],['sadness']
yoruba_text_3640_emotion_1,"Bi ẹnikẹni ba kọlu yin, ẹyin naa ẹ kọlu wọn – Ọga ọlọpaa patapata",[],[],['anger'],[]
yoruba_text_4687_emotion_1,A maa ṣamulo ọgbọn ibilẹ ati tigbalode fun iṣẹ Amọtẹkun – Kọmọlafẹ,[],[],[],[]
yoruba_text_1794_emotion_1,"Ondo Election tribunal judgment: Ilé ẹjọ́ kótẹ́milọ́rùn ló kù, dídùn lọsàn á sò- Ondo PDP",[],[],['joy'],[]
yoruba_text_4195_emotion_1,"Ile-ẹjo ko le fofin de Abiru l’Ekoo, APC lo sọ bẹẹ",[],[],['anger'],[]
yoruba_text_286_emotion_1,"Timothy Adegoke: Ramon Adedoyin t'ọ́lọ́pàá mú nítorí ikú Timothy Adegoke gba ilé ẹjọ́ lọ, Ó ní ara òun kò yá",['surprise'],['fear'],['surprise'],['surprise']
yoruba_text_1434_emotion_1,"WASSCE time table 2020: Àwọn akẹ́kọ̀ọ́ da ìdánwò WAEC rú ni Ghana, wọn gún infijilátọ̀","['sadness', 'surprise']",['sadness'],['sadness'],['sadness']
yoruba_text_4557_emotion_1,Iyawo Cute Abiọla bimọ ọkunrin si Mecca,"['joy', 'surprise']",['joy'],['joy'],['joy']
yoruba_text_4027_emotion_1,Ile-ẹjọ to ga ju lọ buwọ lu lilo hijaabu lawọn ileewe nipinlẹ Eko,[],[],[],[]
yoruba_text_2686_emotion_1,"Awọn dokita lugbadi arun Korona lọsibitu ijọba n’Ibadan, ni wọn ba ti i pa",['surprise'],['sadness'],['sadness'],['sadness']
yoruba_text_2002_emotion_1,Akure Fishsellers protest: Àwon olórí wa ń fi ayé ni wá lára - Ẹgbẹ́ ẹlẹ́ja ìlú Akure,"['anger', 'sadness']",['sadness'],['sadness'],['sadness']
yoruba_text_4577_emotion_1, Sunday pa baba to fun un nilẹ ko fi maa dako l’Ọṣun,['sadness'],['sadness'],['sadness'],['sadness']
yoruba_text_1245_emotion_1,Tanzania bans babies from classrooms: Ìjọba Tanzania fòfin de gbígbé ọmọ wá sí kíláàsì ìkẹ́kọ̀ọ́,[],[],[],[]
yoruba_text_840_emotion_1,Osusan Oluwatobi tricycle accident: Ààrin ìṣẹ́jú kan tí mo wọ 'Maruwa' ni ìjàmbá tó gbá ẹsẹ̀ mi wáyé,['sadness'],['sadness'],['sadness'],['sadness']
yoruba_text_337_emotion_1,"Happy Independence day nigeria 2021: Bí a ṣe fòfin mú Sunday Igboho, Nnamdi Kanu ti tú àṣírí àwọn tó ń ṣagbátẹrù wọn",['surprise'],[],['surprise'],['surprise']
yoruba_text_520_emotion_1,Àjọ NSCDC mú àwọn ọ̀dọ́ tó ń jó ijókíjó  ní Gombe 'nítorí ó ń dúnkookò mọ́ ètò ààbò',['surprise'],['disgust'],[],[]
yoruba_text_3118_emotion_1," Eeyan meje ku, mewaa farapa yanna-yanna, nibi ile to wo l’Ekoo",['sadness'],['sadness'],['sadness'],['sadness']
yoruba_text_1411_emotion_1,Ìyàwó: Ọkọ mi kúndùn ìbálòpọ̀ kọjá sísọ lẹ́yìn ìgbeyàwó ogun ọdún,['surprise'],[],['sadness'],[]
yoruba_text_1946_emotion_1,"Flooding: Ọ̀pọ̀ ẹ̀mí ṣòfò, tí dúkìá àìmoye mílíọ̀nú naira sì bá ẹ̀kún omi lọ",['sadness'],['sadness'],['sadness'],['sadness']
yoruba_text_1542_emotion_1,"Ogun House of Assembly Crisis: Dare Kadiri ní òun kìí ṣe olè, wọ́n lo ayédèrú ìbuwọ́lù òun láti gbé ₦50m jáde",['surprise'],[],['sadness'],[]
yoruba_text_3158_emotion_1,Wọn fẹẹ fi rogbodiyan to ṣẹlẹ l’Ekoo din agbara ilẹ Yoruba ku ni-Akeredolu,['sadness'],['anger'],['sadness'],['sadness']
yoruba_text_4808_emotion_1,"Sanwo-Olu paṣẹ pe kawọn ileejọsin di ṣiṣi lati ọjọ keje, oṣu yii, l’Ekoo",[],['joy'],[],[]
yoruba_text_3974_emotion_1,"Laaarọ yii, Buhari pade Jonathan ninu Aso Rock",[],[],[],[]
yoruba_text_526_emotion_1,"Man United vs Chelsea: Chelsea fún Man U lóújẹ àbùkù jè, Cuppy bínú yí jọ̀lọ́ọ̀fù dànù",['surprise'],[],['joy'],[]
yoruba_text_4531_emotion_1,"Eyi lohun to yẹ ko o mọ nipa Olukayọde, Alaga EFCC tuntun",[],[],[],[]
yoruba_text_2876_emotion_1,"Yatọ si ti ọmọ Princess, ẹsun ifipabanilopọ mi-in tun n duro de Baba Ijẹṣa – Ileeṣẹ ọlọpaa",['surprise'],[],['sadness'],[]
yoruba_text_1591_emotion_1,"Baba Ijesha: Princess ní òun yóò borí, ó le má wáyé lójú ẹsẹ̀ àmọ́ ó di dandan",['sadness'],[],[],[]
yoruba_text_374_emotion_1,Risikat Ilorin blue eyes woman: Inú èmí àti Òbí mi dùn nígbà ti Risi bí ọmọ olójú búlù àmọ́ ... - Wasiu,"['joy', 'sadness']",['fear'],['joy'],['joy']
yoruba_text_1320_emotion_1,Northern Youths in Lagos: Iléeṣẹ́ ọlọ́pàá pàṣẹ fún ikọ̀ fijilańté láti wá àwọn ọ̀dọ́ àríwá tó dìhámọ́ra jáde,['fear'],[],['anger'],[]
yoruba_text_198_emotion_1,A﻿wuyewuye súyọ lórí ọ̀rọ̀ ìbánikẹ́dùn Oluwo lórí ikú ọmọ̀ Davido tí Dele Momodu gbé síta,['surprise'],['disgust'],"['sadness', 'surprise']",['surprise']
yoruba_text_3534_emotion_1, Ọwọ tẹ Abednego ati ọrẹ ẹ ti wọn n fi ọkada jale l’Akurẹ,['joy'],"['anger', 'sadness']",[],[]
yoruba_text_4219_emotion_1,Iyabọ Oko tun pada ji saye lẹyin wakati mẹta ti wọn kede pe o ti ku,"['joy', 'surprise']","['disgust', 'joy', 'surprise']",['surprise'],"['joy', 'surprise']"
yoruba_text_1468_emotion_1,Ademodi Maria 12 year old boxer: Mo máa kọ́kọ́ bí ẹ́ pé ṣé o lè nà mí kí n tó wá fi àgbà hàn ẹ́,['surprise'],[],[],[]
yoruba_text_4073_emotion_1,Buhari ṣide eto ipolongo ibo aarẹ fun Tinubu,[],[],['joy'],[]
yoruba_text_1254_emotion_1,"Pneumonia in Nigeria: Ó kéré tán ọmọdé 142,000 sí 160,000 ní àìsàn otútú àyà ń pa lọ́dọọdún ní Nàìjíríà","['sadness', 'surprise']",['sadness'],['sadness'],['sadness']
yoruba_text_1311_emotion_1,Odeda Oko Kidnap: Ìyá ọmọ tó sọnù ní ajínigbé ni òun kò gbọdọ̀ sọ iyé owó ìtúsílẹ̀ tí wọn gbà,[],"['fear', 'sadness']",[],[]
yoruba_text_846_emotion_1,"Èrò ọmọ Nàìjíríà ṣọ̀tọ̀ọ̀tọ̀ lórí àforíjìn Adamu, akẹ́kọ̀ọ́ fásiti tó sọ̀kò ọ̀rọ̀ sí Aisha Buhari",['anger'],[],[],[]
yoruba_text_145_emotion_1,HPV Infection: Àpẹ́rẹ́ àìsàn tó ń fa àrùn jẹjẹrẹ pọ̀ lára àwọn obinrin tó wà ní ìlú Ibadan - Ìwádìí fìhàn,"['fear', 'surprise']",['fear'],"['fear', 'surprise']","['fear', 'surprise']"
yoruba_text_2053_emotion_1,"Ondo rape case: Àwọn ara Ondo lu olè, Emmanuel Joseph tó ń jí ǹkan lọ́wọ́ arúgbó sí ẹsẹ̀ kan ayé, ẹsẹ̀ kan ọ̀run- ọ̀gá ọlọ́pàá Ikoro","['sadness', 'surprise']",['anger'],['sadness'],['sadness']
yoruba_text_1830_emotion_1,End SARS Protest: Babangida ní ejò lọ́wọ́ nínú lórí ìsẹ̀lẹ̀ rògbòdìyàn tó ń wáyé káàkiri Nàìjíríà,['sadness'],['fear'],['sadness'],['sadness']
yoruba_text_4291_emotion_1,Aarẹ bii Buhari ni Ọlọrun yoo tun fun wa ni 2023- Gomina Ebonyi,[],[],[],[]
yoruba_text_3284_emotion_1,Awọn gomina to ta ko gbedeke nina owo Naira atijọ fẹẹ fowo ra ibo ni -Muiz Banirẹ,[],[],[],[]
yoruba_text_1031_emotion_1,"Oludare Alaba: Akẹ́kọ̀ọ́ LAUTECH tó dá ìwé ẹ̀rí padà rí ẹ̀bùn owó N500,000:00 gbà lọ́wọ́ Onilede Solomon",['surprise'],['joy'],['joy'],['joy']
yoruba_text_4968_emotion_1,"Oore la ṣe fun alagba ijọ yii ta a fi gba a sile, eyi lohun to fi san an fun wa-Sunday",['sadness'],['sadness'],['sadness'],['sadness']
yoruba_text_3587_emotion_1,Wahala mi-in tun n bọ laarin ASUU ati ijọba apapọ ,['fear'],['fear'],['fear'],['fear']
yoruba_text_2960_emotion_1,"Ẹmi kan lo n ti mi lati maa fipa b’awọn obinrin lo pọ, ma a ti ṣe e tan koju mi too walẹ ….. John",['sadness'],['sadness'],['sadness'],['sadness']
yoruba_text_4331_emotion_1,Awọn gomina PDP mẹrin ṣepade pẹlu Mimiko l’Ondo,[],[],[],[]
yoruba_text_3265_emotion_1,"Awọn ọlọkada l’ọmọkunrin yii maa n pa, ti yoo si ji ọkada wọn gbe lọ","['disgust', 'sadness']",['sadness'],['sadness'],['sadness']
yoruba_text_3262_emotion_1,Ọwọ aṣọbode tẹ dẹrẹba oniṣowo to n ta ayederu oogun nipinlẹ Ọyọ,[],['anger'],[],[]
yoruba_text_3530_emotion_1,Ọmọọba ti ọlọpaa kogberegbe yinbọn lu l’Oṣogbo ti ku o,['sadness'],['sadness'],['sadness'],['sadness']
yoruba_text_1797_emotion_1,Auxillary Kidnap Attempt: Akọ̀wé ẹgbẹ́ PMS ní àwọn ọmọ ẹgbẹ́ ọhún ni kò jẹ́ kí wọ́n rí Auxilliary gbé lọ,[],['joy'],[],[]
yoruba_text_136_emotion_1,"Adeleke yóò gbà isẹ lọ́wọ́ 12,000 òṣìṣẹ́ tí Oyetola ṣẹ̀ṣẹ̀ gbà - PDP","['fear', 'sadness']","['fear', 'sadness']",['sadness'],"['fear', 'sadness']"
yoruba_text_28_emotion_1,Abuja kidnap: ''N15m làwọn Fulani ajínigbé kọ́kọ́ bèèrè kí wọ́n tó gba N2.5m ọ́wọ́ wa l'Abuja'',"['fear', 'surprise']",['sadness'],['sadness'],['sadness']
yoruba_text_3219_emotion_1,Bi Kinsley ṣe fẹẹ wọn ṣọọṣi ni Festac lawọn agbebọn ji i gbe lọ l’Ekoo,['sadness'],['sadness'],['sadness'],['sadness']
yoruba_text_1970_emotion_1,Ẹ gbọdọ̀ mú PVC yín wá tí ẹ bá n padà bọ̀ lẹ́nu iṣẹ́ – Ìjọba Eko kéde ìsinmi ọjọ́ mẹ́rin,['joy'],[],[],[]
yoruba_text_2299_emotion_1,Christmas: Ohun márùn ún tó yẹ kóo mọ̀ nípa ìtàn Kérésì,[],[],[],[]
yoruba_text_417_emotion_1,"Ọwọ́ ọlọ́pàá tẹ Páṣítọ̀ tó lu ìyàwó rẹ̀ pa, tó tún sin òkú rẹ̀ sílé wọn",['surprise'],['sadness'],"['joy', 'sadness']",['sadness']
yoruba_text_4166_emotion_1,"Nitori ọda ojo, awọn Musulumi wọle adura l’Ọṣun",[],[],[],[]
yoruba_text_1614_emotion_1,"""Yoruba World Centre: Ìdíje fún sísọ àwọn akẹ́kọ̀ọ́ Yorùbá nílé ẹ̀kọ́ girama dí """"Millionaire"""" lọ́dọọdún gbéra sọ""",[],[],[],[]
yoruba_text_640_emotion_1,35th Lisabi Day: Àwòkọ́se rere ni Lisabi jẹ́ fún ọ̀dọ́ láti jẹ́ ògo Ẹ́gbá àti ilẹ̀ Yorùbá lapapo- Oba Gbadebo,['joy'],[],[],[]
yoruba_text_507_emotion_1,Sinikiwe Kademaunga Wedding photos: Ọmọ orílẹ̀-èdè Zimbabwe tí kò ní ọwọ́ àti ẹsẹ̀ ṣe ìgbéyàwó,['surprise'],['joy'],"['joy', 'surprise']","['surprise', 'joy']"
yoruba_text_2832_emotion_1,"Awọn ọdọ to n ṣewọde SARS binu si MC Oluọmọ, wọn loun lo dẹ tọọgi sawọn",['anger'],[],['anger'],['anger']
yoruba_text_1615_emotion_1,Kogi attack: èèyàn mọ́kàndínlógún pàdánù ẹmi wọ́n ninu ikọlù náà,"['sadness', 'surprise']",['sadness'],['sadness'],['sadness']
yoruba_text_3785_emotion_1,"Wahala ni Muṣin, ọlọpaa atawọn ọmọọta koju ija sira wọn",['fear'],['fear'],['fear'],['fear']
yoruba_text_379_emotion_1,Tí ìgbẹ́ tóò ń yà bá rí báyìí? Àìsàn jẹjẹrẹ ikùn ló dé o! Wo bí wàá ṣe dàa mọ̀,[],['fear'],"['fear', 'sadness']",['fear']
yoruba_text_406_emotion_1,Coronavirus: Àjọ WHO ní àìsàn pàjáwìrì gbogbo àgbaye ló dé yìí,"['fear', 'sadness']",['fear'],['fear'],['fear']
yoruba_text_776_emotion_1,Ẹ wá gbọ bí òwe Yoruba ṣe dùn lẹnu ọmọ Igbo,['surprise'],['surprise'],"['joy', 'surprise']",['surprise']
yoruba_text_3572_emotion_1,Aye ti bajẹ o! Ọmọọdun mẹtala fipa ba ọmọọdun mẹfa laṣepọ l’Ekoo,['disgust'],"['anger', 'sadness']",['sadness'],['sadness']
yoruba_text_32_emotion_1,"Rògbòdìyàn Iraq fẹjú si, àdó olóró àti ìbọn ń dún lákọlákọ",['fear'],['sadness'],"['fear', 'sadness']","['fear', 'sadness']"
yoruba_text_479_emotion_1,"Èèyàn kan jóná kọjá mímọ̀ lẹ́yìn tí iná sọ lára ‘generator’ ní Victoria Island, Eko","['sadness', 'surprise']",['sadness'],"['sadness', 'surprise']","['sadness', 'surprise']"
yoruba_text_2363_emotion_1,"Domestic Violence: Ẹ dákun, ẹ má jẹ́ kí ọkọ mi fi lílù pamí - Ìyàwó kan rawọ́ ẹ̀bẹ̀ sí ilé ẹjọ́","['fear', 'sadness']","['fear', 'sadness']",['fear'],"['fear', 'sadness']"
yoruba_text_3897_emotion_1,Ẹsun gbigbe oogun oloro: Afi ki Tinubu jade ko waa wẹ ara ẹ mọ– Peter Obi,['anger'],[],[],[]
yoruba_text_414_emotion_1,Dino Melaye: Ilé iṣẹ́ ọlọ́pàá yóò ṣèwádìí fídíò tí Dino ti ń náwó fún olórin kan,['surprise'],[],[],[]
yoruba_text_2263_emotion_1,Sheik Ahmad Gumi: Ẹ wo èsì tó fún iléeṣẹ́ ọmọogun Nàìjíríà lórí ẹ̀sùn kòbákùngbé,[],[],[],[]
yoruba_text_4676_emotion_1,Idi ti ko fi yẹ ki ilẹ Yoruba ṣe alaini – Oyetọla,[],[],[],[]
yoruba_text_2722_emotion_1,Wọn ṣi n wa mọlẹbi obinrin kan ti wọn pa sinu igbo l’Abẹokuta,['sadness'],['sadness'],['sadness'],['sadness']
yoruba_text_1397_emotion_1,End SARS protest: Àwọn olùwọ́de EndSARS bíi mẹ́sàn án ló ṣì wà ní àhámọ́ lẹ́yìn oṣù mẹ́jọ - Ajàfẹ́tọ́,"['anger', 'surprise']",['sadness'],['sadness'],['sadness']
yoruba_text_2812_emotion_1,Apo meji aabọ Naira lawọn tiṣa ipinlẹ Ekiti n da lati gba olukọ ẹgbẹ wọn silẹ lọwọ ajinigbe,['surprise'],"['sadness', 'surprise']",[],['surprise']
yoruba_text_2214_emotion_1,Petrol tanker accident: Èèyàn méjì àti ọkọ̀ 29 ló jóná níbi ìṣẹ̀lẹ̀ táńkà agbépo tó gbiná ní mọ́rosẹ̀ Eko sí Ibadan,['sadness'],['sadness'],['sadness'],['sadness']
yoruba_text_668_emotion_1,Bandits killings: Àwọn jàndùkú agbébọn gbẹ̀mí èèyàn 24 ní Kaduna àti Katsina lópin ọ̀sẹ̀,"['fear', 'sadness', 'surprise']",['sadness'],['sadness'],['sadness']
yoruba_text_4067_emotion_1,Mr Macaroni rọ awọn ọmọ Naijiria lati dan ẹgbẹ oṣelu mi-in wo yatọ si APC ati PDP,[],[],[],[]
yoruba_text_523_emotion_1,"Àwọn nọ́ọ̀sì ní UK gùn lé ìyanṣẹ́lódì, pè fún ẹ̀kúnwó","['anger', 'surprise']",[],['surprise'],['surprise']
yoruba_text_2630_emotion_1,"Awọn eeyan gboriyin fun Ọbasanjọ, nitori bo ṣe kunlẹ ki ọba Warri tuntun",['surprise'],[],[],[]
yoruba_text_3611_emotion_1,"Idowu atọrẹ ẹ yọ ẹya ara baba agbalagba lọ, wọn lawọn fẹẹ fi ṣoogun owo",['disgust'],"['anger', 'sadness']",['sadness'],['sadness']
yoruba_text_89_emotion_1,Muyiwa Ademola: A ó jọ rọ́ọ̀kì ọdún 2021 papọ̀ ni lágbára Ọlọ́run,['joy'],[],['joy'],['joy']
yoruba_text_3664_emotion_1,Awọn agbebọn ji iyawo olori ọdọ APC ipinlẹ Ọyọ gbe niṣeju ọkọ ẹ n’Ibadan,['surprise'],"['disgust', 'sadness']",['sadness'],['sadness']
yoruba_text_2397_emotion_1,"Christian Eriksen: Agbábọ́ọ̀lù Denmark, Christian Eriksen, tó dákú lórí pápá ti jí padà níléèwòsàn",['joy'],['joy'],['joy'],['joy']
yoruba_text_1178_emotion_1,Buhari: Ọwọ́ fẹ́rẹ̀ tẹ àwọn agbébọn lókè Ọya,[],[],[],[]
yoruba_text_4644_emotion_1,Ayẹyẹ ọjọọbi aadọrin ọdun: Awọn eeyan rọjo adura le Tinubu lori,['joy'],['joy'],['joy'],['joy']
yoruba_text_1941_emotion_1,Tshegofatso Pule: Ilé ẹjọ́ ní lóòótọ́ ọ̀rẹ́kùnrin olóògbé ló sanwó pé kí wọn pa aláboyún naá,"['disgust', 'surprise']",['sadness'],['sadness'],['sadness']
yoruba_text_2404_emotion_1,‘Àjẹkún ìyà yóò jẹ ẹ̀yin aráàlú báa bá ń fi àwọn aláílóye òṣèlú silẹ̀ kí wọ́n máà ṣeé ní Oyo’,['anger'],['fear'],['fear'],['fear']
yoruba_text_2471_emotion_1,"Ẹ tí sọ̀rọ̀, mo sí tí gbọ́ ọ̀rọ̀ tí PDP, Fayose sọ!  – Atiku Fesi",[],[],[],[]
yoruba_text_1878_emotion_1,Violence against Women: Àlùfáà Joel Olugbenga: Bíbélì kò ní kéèyàn dúró títí ọkọ rẹ̀ yóò fi lù ú pa,['sadness'],[],['anger'],[]
yoruba_text_87_emotion_1,"Ogun Technician kills Union member: Babatunde lọ bá adari Hoteeli ṣe àjọyo, ó pade iku ọbẹ gbígbóna","['sadness', 'surprise']",['sadness'],"['sadness', 'surprise']","['sadness', 'surprise']"
yoruba_text_4981_emotion_1,"Eyi lohun to yẹ kẹ ẹ mọ nipa Adeniyi, ọga agba ileeṣẹ kọsitọọmu tuntun",[],[],[],[]
yoruba_text_2056_emotion_1,"‘Èmi kọ́ ni mo ń jí ènìyàn gbé, tèmi ni láti fi ilé woͅn hàn'",[],[],[],[]
yoruba_text_830_emotion_1,"Ẹ wo èrò àwọn ènìyàn lórí bí Gòmìná Akeredolu ṣe fòfin de NURTW, RTEAN nípínlẹ̀ Ondo",[],[],['surprise'],[]
yoruba_text_2422_emotion_1,"Fuel Scarity in Nigeria: NNPC kó èpo tuntun wọ Nàìjíríà, o kéde bí epo àdàlù bẹntiró ṣe wọ Nàìjíríà",['joy'],[],[],[]
yoruba_text_1507_emotion_1,"Olu Jacobs: Joke Silva sọ̀rọ̀ lórí ìlera ọkọ rẹ̀, ó ní ó ń bá àìsàn tó ń mú ni gbàgbé nǹkan ló ń ba jà",['sadness'],['sadness'],['sadness'],['sadness']
yoruba_text_1278_emotion_1,"Xenophobia: Àwọn ọmọ South Africa ní àwọn kò rí ìṣẹ́ ṣe, kí àjèjì máa lọ",['anger'],['sadness'],['anger'],['anger']
yoruba_text_1272_emotion_1,"ASUU Strike, learn handi work: Wo àwọn iṣẹ́ méje tí o lè kọ́ láàrín oṣù mẹ́ta ti ASUU da iṣẹ́ sílẹ̀",['surprise'],[],[],[]
yoruba_text_1187_emotion_1,Ọwọ́ ọlọ́pàá tẹ akẹ́kọ̀ọ́ tó mú ìbọn ìléwọ́ lọ ilé ìwé ni Cross River,['surprise'],['joy'],"['joy', 'sadness']",['joy']
yoruba_text_3255_emotion_1,"L’Ọṣun, awọn ọmọ ẹgbẹ okunkun ṣọ Job lọ sibi idibo abẹle APC, ni wọn ba yinbọn pa a",['sadness'],['sadness'],['sadness'],['sadness']
yoruba_text_4826_emotion_1,"Kọmiṣanna ọlọpaa tuntun bẹrẹ iṣẹ nipinlẹ Ọyọ, o ni ko saaye fun iwa ọdaran lasiko toun",[],['anger'],[],[]
yoruba_text_2001_emotion_1,"Ayẹyẹ ọdún Sango lẹ̀yìn ìpapòdà Alaafin Lamidi Adeyemi III wáyé, ohun tó ṣẹlẹ̀ níbẹ̀ rèé",[],[],[],[]
yoruba_text_4898_emotion_1,"Ẹ ni suuru diẹ fun ijọba Buhari, Lai Mohammed bẹ gbogbo ọmọ Naijiria",[],[],[],[]
yoruba_text_144_emotion_1,Olùdásílẹ̀ ilé ìtura Hilton Rahmon Adedoyin ló ní kí n sọ fawọn ọlọ́pàá pé Timothy Adegoke kò sùn ilé ìtura wà,['fear'],['disgust'],['sadness'],[]
yoruba_text_4947_emotion_1,"Wọn ti gba beeli Abba Kyari o, ọga ọlọpaa ti wọn fẹsun iwa ọdaran kan",['surprise'],[],['joy'],[]
yoruba_text_3989_emotion_1,"Kootu paṣẹ fun MC Oluọmọ, ijọba Eko: Ẹ o gbọdọ ja tikẹẹti tabi gbowo lọwọ onimọto kankan mọ",[],['anger'],[],[]
yoruba_text_189_emotion_1,MKO Abiola death: Abdulsalami ní ìjọba kọ́ ló pa Abiola bí ọ̀pọ̀ ṣe gbàgbọ́,['surprise'],[],[],[]
yoruba_text_1109_emotion_1,Iyabo Ojo: Ojú ọkọ mi ní àwọn adigunjalè ti fipá bá mi lòpọ̀ ní ìgbà karùn-ún,['sadness'],['sadness'],['sadness'],['sadness']
yoruba_text_3560_emotion_1," Iwa ti Baba Ijẹṣa hu buru, o si riiyan lara pẹlu-Abikẹ Dabiri",['disgust'],['anger'],['sadness'],[]
yoruba_text_2642_emotion_1,Ṣẹyin naa ti gbọ: Ijẹba apapọ fẹẹ maa fun awọn mẹkunnu ni ẹgbẹrun marundinlọgọrin Naira,['joy'],[],['surprise'],[]
yoruba_text_4406_emotion_1,Kekere lohun to ṣẹlẹ yii lẹgbẹẹ eyi to n bọ- Tunde Bakare,[],['fear'],['fear'],['fear']
yoruba_text_2710_emotion_1,Owo lọmọbinrin yii n ṣa nilẹ nile-ijo ti wọn fi lu u pa,['sadness'],"['disgust', 'surprise']",['sadness'],['sadness']
yoruba_text_2700_emotion_1,"Ẹwọn n run nimu Samuel at’ọrẹ ẹ yii o, awọn kan ni wọn lọọ lu ni jibiti owo nla l’Ado-Ekiti","['sadness', 'surprise']",['disgust'],[],[]
yoruba_text_1369_emotion_1,SARS: Ẹgbẹ́ agbábọ́ọ̀lù Remo Stars ní ikọ̀ SARS ló pa agbábọ́ọ́lú òun,['anger'],['sadness'],['sadness'],['sadness']
yoruba_text_2116_emotion_1,Coronvirus in Nigeria: Àjọ NCDC ti kede pé ènìyàn méji míran ti ni àrun náà,"['fear', 'surprise']","['fear', 'sadness']",['sadness'],"['fear', 'sadness']"
yoruba_text_1049_emotion_1,"Irọ́ ni pé àṣìta ìbọn ló pa Bolanle Raheem, kò sí ohun tó ń jẹ́ àsìta ìbọn - Police PRO",[],['disgust'],['anger'],[]
yoruba_text_20_emotion_1,"Tope Alabi: Mo ti tọrọ aṣọ àti yẹtí etí rí, kí n tó leè ṣe àwo orin","['sadness', 'surprise']",['surprise'],['surprise'],['surprise']
yoruba_text_2975_emotion_1,Ile-ẹjọ to ga ju lọ maa da ibo aarẹ to kọja yii nu bii omi iṣanwọ ni – Atiku,[],['anger'],['disgust'],[]
yoruba_text_179_emotion_1,"Nigerians in Oman: Ààrẹ Buhari, ẹ̀yin gómìnà ìpínlẹ̀ Yorùbá, ẹ rántí wa ní Oman, àwọn ọmọ Nàìjíríà",[],['fear'],['fear'],['fear']
yoruba_text_4457_emotion_1,"Ekiti, Ogun atawọn ipinlẹ meji mi-in ni kọmiṣanna ọlọpaa tuntun",[],[],[],[]
yoruba_text_464_emotion_1,Coronavirus Update: WHO tí kéde pé Ó ṣeéṣe kí àrùn Coronavirus tànkálẹ̀ gba inú afẹ́fẹ,['fear'],['fear'],['fear'],['fear']
yoruba_text_575_emotion_1,Yoruba Nation: Abdulsalam Abubakar sọ ìdí tí kò fi ṣeéṣe láti pín Nàíjíríà sí wẹ́wẹ́,[],[],[],[]
yoruba_text_2373_emotion_1,Alaafin Adeyemi: Lára àwọn òrékelẹ́wà ayaba náà ló dẹnu ìfẹ́ kọ Ọba Adeyemi fúnra wọn kí Kabiesi tó wàjà,[],[],[],[]
yoruba_text_3762_emotion_1,"Wọn ti ge owo ifẹyinti awọn gomina Eko ku si idaji, awọn aṣofin tun wọgile ile kikọ fun wọn",['surprise'],['joy'],[],[]
yoruba_text_1012_emotion_1,"Lady Peller: Ọjọ́ ni ọjọ́ tí idán yíwọ́ fún ọkọ mi lẹ́yìn tó gé mi sí méjì, mo kú tán",['surprise'],['surprise'],['fear'],['surprise']
yoruba_text_3215_emotion_1,Ọwọ tẹ awọn to doju ija kọ awọn oṣiṣẹ ijọba to n mu ọlọkada l’Ekoo,['joy'],['anger'],[],[]
yoruba_text_3294_emotion_1,"Lawrence gun iyawo ẹ pa, o ni ko pọnmi sile",['disgust'],"['disgust', 'sadness']",['sadness'],"['disgust', 'sadness']"
yoruba_text_1349_emotion_1,"Ondo Elections 2020: Ọgọ́rùn-ún ọjọ́ àkọ́kọ́ tí a máa lò lórí oyè l'Ondo, ẹ ó rí àrà - Ojon YPP",[],[],['joy'],[]
yoruba_text_4081_emotion_1,Endsars: Ijọba Ọṣun fẹẹ san owo gba-ma-binu fawọn ti ọlọpaa huwa abuburu si,[],['joy'],['joy'],['joy']
yoruba_text_4045_emotion_1,Ọba fẹ Ọmọọba:Oluwoo ilẹ Iwo ṣegbeyawo pẹlu Ọmọọba Kano,['surprise'],['joy'],['sadness'],[]
yoruba_text_3902_emotion_1,"Oṣere yii pariwo: Ẹ gba mi o, gbogbo ẹru mi ni getimaanu ti mo gba ti ko lọ o",['sadness'],"['disgust', 'sadness']",['sadness'],['sadness']
yoruba_text_995_emotion_1,"EndSARS Protest: Wo bí olùwọ́de EndSARS, Eremosele Adene ṣe gba òmìnira lọ́wọ́ ọlọ́pàá",[],['joy'],['joy'],['joy']
yoruba_text_1609_emotion_1,"Lateef Adedimeji: Mo ri iṣẹ́ Ọlọ́run, omijé gbọ̀n mí, mo sì rí ìdí tí ọpẹ́ fi tọ́ sí mi",['joy'],['joy'],['joy'],['joy']
yoruba_text_2569_emotion_1,"Ọpẹ o, Azeez Ijaduade tawọn ọlọpaa yinbọn fun ti kuro l’ọsibitu",['joy'],['joy'],['joy'],['joy']
yoruba_text_2147_emotion_1,Nigeria vs Egypt: Iheanacho gba fújà lọ́wọ́ Salah bí Nàìjíríà ti ṣé tẹ Egypt lórí mọ́lẹ̀,[],[],['joy'],[]
yoruba_text_3802_emotion_1,Wọn ni pasitọ Ridiimu atawọn oṣiṣẹ rẹ mejilelogun wa ninu awọn ti ile wo pa n’Ikoyi,['sadness'],['sadness'],['sadness'],['sadness']
yoruba_text_3652_emotion_1,"Ọkunrin yii fẹẹ ji tiransifọma adugbo tu, lo ba gan pa!",['surprise'],['disgust'],['surprise'],['surprise']
yoruba_text_1645_emotion_1,"Tọkọ-taya tó ta ọmọ wọn ní ₦50,000 dèrò àtìmọ́lé l'Ogun","['disgust', 'sadness', 'surprise']",['disgust'],['sadness'],"['disgust', 'sadness']"
yoruba_text_1961_emotion_1,Nigeria vs Benin: Paul Onuacha ló fi góòlù ra iyì fún Super Eagles,['joy'],[],['joy'],['joy']
yoruba_text_4462_emotion_1,"Abọru bọye ki i ṣe tawọn onifa, ede Yoruba pọnnbele ni – Tọpẹ Alabi",[],[],['anger'],[]
yoruba_text_4642_emotion_1,Ọjọgbọn Adebayọ Bamirẹ di ọga agba tuntun fun Fasiti Ifẹ,[],[],['joy'],[]
yoruba_text_950_emotion_1,Jacob Zuma: Iléẹjọ́ tó gá jùlọ ní South Africa sọ̀ aarẹ́ àná sẹ́wọ̀n oṣù mẹ́ẹ̀dógún,[],['sadness'],['sadness'],['sadness']
yoruba_text_3319_emotion_1,Awọn ajinigbe ji oniṣowo epo bẹntiroolu n’Iṣan-Ekiti,['sadness'],['sadness'],['sadness'],['sadness']
yoruba_text_1391_emotion_1,Rahama Sadau blasphemy: Ẹ̀kúnrẹ́rẹ́ ìròyìn rèé nípa bóyá wọ́n dájọ́ ikú fún òṣeré Kannywood,[],[],[],[]
yoruba_text_3168_emotion_1,"Nitori ẹsun jibiti, gende mọkanla ha sọwọ EFCC l’Ekoo",['surprise'],"['anger', 'sadness']",[],[]
yoruba_text_4448_emotion_1,Gomina Abdulrazak gbe igbimọ ti yoo yanju aawọ Ọffa ati Ẹrinle kalẹ  ,[],[],[],[]
yoruba_text_1021_emotion_1,"Boko Haram Insurgency: Ẹ̀yin oníròyìn ẹ rọra máa pariwo ẹ̀kúnrẹ́rẹ́ nípa àwọn adigunjalè, ẹ ń kóbá iṣẹ́ agbófinró - Àjọ NBC",[],['fear'],['anger'],[]
yoruba_text_4347_emotion_1,"Agbẹjọro lọ si kootu pẹlu aṣọ ẹsin abalaye, o ni idajọ ile-ẹjọ to ga ju lọ loun tẹle",['surprise'],[],['surprise'],['surprise']
yoruba_text_1652_emotion_1,"""""""Ó ti di ènìyàn mẹ́tà tí ìwádìí ní ọ̀gá dókítà ní Kwara ti pa""""""",['sadness'],['sadness'],['sadness'],['sadness']
yoruba_text_112_emotion_1,Siblings kidnapped in Abuja: Ọmọ ìyá kan nàá mẹ́ta di àwátì ní ilé-ẹ̀kọ́ wọ́n nílùú Abuja,"['fear', 'surprise']","['fear', 'sadness']",['sadness'],"['fear', 'sadness']"
yoruba_text_602_emotion_1,"Ogun King Killing: Baálẹ̀ Agodo ní ààrin Ẹ̀gẹ́ ni òun sùn mọ́jú, tí òun kò sì rí aya, ọmọ","['fear', 'sadness']",['sadness'],['sadness'],['sadness']
yoruba_text_3517_emotion_1,"Awọn agbaagba APC Ondo buwọ lu Ayedatiwa, lawọn oludije yooku ba n binu",['anger'],['sadness'],[],[]
yoruba_text_3053_emotion_1,Idasilẹ ọlọpaa ipinlẹ: Awọn aṣofin Eko ta ko ipinnu ọga ọlọpaa patapata,['anger'],[],[],[]
yoruba_text_289_emotion_1,"Fake Lawyer: ₦300,000 ló gbà lọ́wọ́ obìnrin kan, tó sì fẹsẹ̀ fẹ",['surprise'],['sadness'],"['sadness', 'surprise']","['surprise', 'sadness']"
yoruba_text_2733_emotion_1,Awọn ọlọpaa ti mu Joseph to yin iyawo ẹ lọrun pa sinu ile l’Abuja,"['disgust', 'sadness']","['disgust', 'sadness']",[],"['disgust', 'sadness']"
yoruba_text_4054_emotion_1,"Tinubu dibo n’Ikẹja, o lo da oun loju pe oun maa wọle",[],[],[],[]
yoruba_text_1990_emotion_1,Celebrities 2022 greetings: Wo bí àwọn gbajúmọ̀ tí ẹ̀ fẹ́ràn yìí ṣe tẹ̀ẹ́ wọ́nú ọdún 2022 àtí ohun t'Ọ́lọ́hun gbé wọn borí,[],[],['surprise'],[]
yoruba_text_3923_emotion_1,"Ọwọ tẹ Adeolu at’ọrẹ ẹ, awọn ti mọto wọn ba bajẹ soju ọna lalẹ ni wọn maa n ja lole",['surprise'],[],['sadness'],[]
yoruba_text_1745_emotion_1,"Àwọn tó ń fi àìsàn bú Tinubu ti lulẹ̀, ó dàgbà lóọ̀tọ́ọ́, àmọ́ kò ṣàìsàn - APC",['joy'],[],['joy'],['joy']
yoruba_text_3348_emotion_1,"Wọn fẹsun kan ọba Ilẹ Oluji, wọn ni kabiyesi  ko awọn ọdọ kan jọ fun ẹgbẹ okunkun",['surprise'],['disgust'],[],[]
yoruba_text_2424_emotion_1,"Ikoyi collapsed building: Ta ló ń so Igbákejì ààrẹ, Yemi Osinbajo pọ̀ mọ́ ìṣẹ̀lẹ̀ ilé alájà púpọ̀ tó dà wó ní Eko?",[],[],['surprise'],[]
yoruba_text_1584_emotion_1,Cow rustlers caught: Ọwọ́ tẹ́ àwọn ọkùnrin mẹ́ta tí wọ́n jí Màálù kó ní Ogbomọṣọ- Àjọ NSCDC,['joy'],['joy'],[],['joy']
yoruba_text_957_emotion_1,"Ìgbéyàwó gbajúgbajà òṣèré tíátà, Yomi Gold tí forí sánpọ́n lẹ́yìn ọdún kan!","['sadness', 'surprise']",['sadness'],['sadness'],['sadness']
yoruba_text_2455_emotion_1,Sylvester Oromoni: Mọ̀lẹ́bí Buruji Kashamu sọ̀rs sókè lórí ẹ̀sùn pé ọmọ rẹ̀ wà lára àwọn tó fìyà jẹ olóògbé,['anger'],[],['anger'],['anger']
yoruba_text_741_emotion_1,Xenophobia: Alùpùpù ni wọ́n fi gbé epo pẹtiró wá dáná ṣun iléeṣẹ́ MTN,"['sadness', 'surprise']",['sadness'],['sadness'],['sadness']
yoruba_text_1433_emotion_1,"Nigerian doctor shoots wife: Dr Benjamin Okigbo pa ìyàwó rẹ̀, pokùnso lẹ́yìn tó gbìyànjú láti pa ọmọ","['disgust', 'surprise']",['sadness'],['sadness'],['sadness']
yoruba_text_106_emotion_1,Ì﻿jọba ti ṣọ́ọ̀ṣì tí wọ́n ti n ta 'omi ayẹta ìbọn' fun àwọn olùjọ́sìn ní Kogi,['sadness'],['anger'],['surprise'],[]
yoruba_text_62_emotion_1,"Woman, Ethiopia's Tigray crisis: Ọmọbìnrin ọdún 18 ṣàlàyé bí ó ti gé lọ́wọ́ nígbà tí sọ́jà kan fẹ́ fipá bá a lòpọ̀","['disgust', 'sadness']",['sadness'],['sadness'],['sadness']
yoruba_text_3207_emotion_1," Awọn ololufẹ Pasuma n binu si Taye Currency, wọn ni ko gbọdọ wa s’Ekoo o",['anger'],['anger'],['anger'],['anger']
yoruba_text_2045_emotion_1,Oyo traders crisis: Ẹgbẹ́ oníṣòwò ṣèwọ́de lórí ìyànsípò YK Abass gẹ́gẹ́ bí bàbálọ́jà tuntun,['anger'],['anger'],['anger'],['anger']
yoruba_text_785_emotion_1,Festus Keyamo: Amòfin ní Mínísítà kò ṣẹ̀ sí òfin bó ṣe fi nọ́mbà Eedris Abdulkareem sórí ayélujára,[],[],[],[]
yoruba_text_2516_emotion_1,Ijọba ipinlẹ Ekiti fun awọn ẹlẹwọn mejila lominira ,['joy'],['joy'],['joy'],['joy']
yoruba_text_174_emotion_1,Dead body dumped beside church in Akure: Bí wọ́n ṣe bá òkú arábìnrin lójú pópó,"['disgust', 'surprise']","['disgust', 'sadness', 'surprise']",['surprise'],"['disgust', 'surprise']"
yoruba_text_4546_emotion_1,"Ọọni Ile-Ifẹ, Ọba Adeyẹye Ọgunwusi, fun Ajobiewe ni mọto nla",['surprise'],['joy'],['joy'],['joy']
yoruba_text_1271_emotion_1,"Sunday Igboho: Àpapọ̀ gómínà ilé Yoruba fòfin de kí ọlọ́pàá, sójà, DSS dédé wọ ìpínlẹ̀ wọn",[],[],[],[]
yoruba_text_1148_emotion_1,Queen Elizabeth II: Wo ǹkan míì tí àwọn eèyàn ń sọ̀ nípa ìgbé ayé Obabìnrin ilẹ̀ Gẹ̀ẹ́sì,[],[],[],[]
yoruba_text_1390_emotion_1,Kíni ìdí tí ìjọba Nàìjíría kìí fí ṣé àmúṣẹ ìdájọ ikú fáwọn ọ̀daràn?,[],['anger'],['surprise'],[]
yoruba_text_142_emotion_1,Ọmọ ọdún mẹ́sàn-án tó n gbé àṣà Yorùbá lárugẹ́ sọ nkan tó jẹ́ ìwúrí fún tó fi n ṣe bẹ̀ẹ́,"['joy', 'surprise']",[],['surprise'],['surprise']
yoruba_text_2760_emotion_1,"Wọn ti mu Adamu o, maaluu mẹtalelogun lo lọọ ji ko",['surprise'],['joy'],['surprise'],['surprise']
yoruba_text_2542_emotion_1," Lẹyin ọdun mejila ti ko ti sina, ijọba fẹẹ da ina ẹlẹntiriiki pada si ẹkun Guusu ipinlẹ Ondo","['joy', 'surprise']",[],[],[]
yoruba_text_3546_emotion_1,"Oludasilẹ ijọ ji awọn ọmọ ijọ rẹ meji gbe, o pa ọkan ninu wọn l’Ogun",['sadness'],['sadness'],['sadness'],['sadness']
yoruba_text_2386_emotion_1,"Maina N2bn Fraud: Agbẹjọ́rò Maina yọ ọwọ́ nínú ìgbẹ́jọ́, Ó lóun kò ṣé mọ̀",['surprise'],[],['sadness'],[]
yoruba_text_1082_emotion_1,EndSARS: Àwọn ìyàwó àwọn ọlọ́pàá tó kú lásìkò ìwọ́de EndSARS ní sọ̀wédowo tí ọ̀gá àgbà ọlọ́pàá fún wọn kò gbówó jáde ní báǹkì,['surprise'],['sadness'],['surprise'],['surprise']
yoruba_text_897_emotion_1,Zamfara kidnapping: A ti bẹ̀rẹ̀ ìgbésẹ̀ ètò aà[bò míràn tó máa fi ará ìlú lọ́kàn balẹ̀- Hadi Sirika,[],[],['joy'],[]
yoruba_text_482_emotion_1,Kwam 1 dá àwọn tó ń wọ́ ọ tuurutu nílẹ̀ pé ó jẹ́ gbèsè dollar iṣẹ́ orin kan l'Amẹ́rika,['anger'],['disgust'],['anger'],['anger']
yoruba_text_4003_emotion_1,Ọbasa wọle ibo aṣofin ipinlẹ Eko lẹẹkẹfa,[],[],['surprise'],[]
yoruba_text_1281_emotion_1,Student commits suicide: Ṣé lóòtọ́ọ́ ni akẹ́kọ̀ọ́ fásítì Akungba gbẹ̀mí ara rẹ̀?,"['sadness', 'surprise']",['sadness'],['surprise'],"['sadness', 'surprise']"
yoruba_text_4729_emotion_1,Buhari fọwọ si atunṣe owo-oṣu ati ọdun tawọn tiṣa yoo maa lo lẹnu iṣe ,"['joy', 'surprise']",['joy'],['joy'],['joy']
yoruba_text_1180_emotion_1,Justice for Ochanya: ìjọba Benue á bẹ̀rẹ̀ ẹjọ́ ẹni tó fipá bá ọmọ ọdún 13 lò lẹ́yìn ikú rẹ̀,['sadness'],['sadness'],['sadness'],['sadness']
yoruba_text_1682_emotion_1,Queen Elizabeth II: Wo ìkéde tí olú iléeṣẹ́ ìjọba Gẹ̀ẹ́sì gbé síta nípa kíkẹ́dùn ikú Ọbabìrin Elizabeth II ní Nàìjíríà,[],['sadness'],[],[]
yoruba_text_3233_emotion_1,"Ẹwọn n run nimu Kingsley, ọmọ ọdun mẹtala lo fipa ba laṣepọ ni Kwara",['disgust'],"['anger', 'disgust']",[],['disgust']
yoruba_text_4204_emotion_1,Iwọde ominira Yoruba la maa fi ‘June 12’ ṣe-Sunday Igboho,[],[],['anger'],[]
yoruba_text_3514_emotion_1,"Awọn tọọgi ya wọ aafin Ṣọun Ogbomọṣọ, ori lo ko Kabiesi ati minisita kan yọ",['surprise'],"['fear', 'sadness']",['joy'],[]
yoruba_text_800_emotion_1,"Garba Shehu: Ẹ ò kàn mọ̀ ni, Ààrẹ Buhari ń ran ètò ìjọba àwa ara wa lọ́wọ́ ní Nàìjíríà",[],[],[],[]
yoruba_text_3926_emotion_1,Sanwo-Olu gbe aba eto iṣuna ọdun 2023 kalẹ fawọn aṣofin,[],[],[],[]
yoruba_text_4420_emotion_1,Ọmọ Yoruba atata kan ṣoṣo to le gba ijọba lọwọ Aarẹ Buhari ni Tinubu-Adeyẹye,[],[],[],[]
yoruba_text_248_emotion_1,"T﻿o bá ń ta Naira tàbí ra Naira lójú agbo ìnáwó, o ti wọ gàù - CBN",['anger'],['fear'],['fear'],['fear']
yoruba_text_1509_emotion_1,Wo àwọn nǹkan mẹ́wàá tó ṣe láti ní ìbọn ní Naijiria,[],[],[],[]
yoruba_text_1552_emotion_1,Yellow Fever in Nigeria: Àrún ibà pónjú ti pa ènìyàn 172 ni Nàìjíríà - WHO,['surprise'],['sadness'],['sadness'],['sadness']
yoruba_text_4057_emotion_1,"Obinrin to ba ṣẹṣẹ bimo ni ipinlẹ Ọyọ, oṣu mẹfa ni yoo fi sinmi nile",[],['joy'],['joy'],['joy']
yoruba_text_2110_emotion_1,"Coronavirus in Nigeria: Àwọn ọmọ Nàìjíríà bu ẹnu àtẹ́ lu ètò ìsìnkú Abba Kyari, wọ́n ní ó tako ìlànà ìjìnàsíraẹni",['anger'],['disgust'],['anger'],['anger']
yoruba_text_4865_emotion_1,"Iyawo Ọmọọba Harry kọ lẹta si Oluwoo o, eyi lohun to wa nibẹ",[],[],[],[]
yoruba_text_4055_emotion_1,"Mo gbọdọ lo awọn iriri ti mo ti ni, oye mi, ati anfaani ti mo ni fun Naijiria ati ẹyin ọmọ Naijiria",[],[],[],[]
yoruba_text_4762_emotion_1,"Ọpẹ o, meji lara awọn mẹrin ti Fulani ji ko l’Ekiti ti gba iyọnda",['joy'],['joy'],['joy'],['joy']
yoruba_text_4423_emotion_1,"Ẹgbẹ APC yoo ṣepade lori eto idibo abẹle wọn ni ogunjọ, oṣu Kẹrin",[],[],[],[]
yoruba_text_3353_emotion_1,"Ọkọ mi fẹẹ fi ibalopọ pa mi, mi o fẹ ẹ mọ-Ọlamide",['anger'],['disgust'],['anger'],['anger']
yoruba_text_4877_emotion_1,Aarẹ Buhari ṣafihan owo Naira tuntun,[],[],['joy'],[]
yoruba_text_2644_emotion_1,"Awọn araalu ṣi fẹran ẹgbẹ APC gan-an, a maa ṣejọba kọja 2023 – Tinubu",[],[],[],[]
yoruba_text_4266_emotion_1,Adeleke gbọpa aṣẹ l’Ọṣun,['joy'],[],['joy'],['joy']
yoruba_text_2984_emotion_1,"Nitori fọto ihooho obinrin kan to loun ni lọwọ, Kazeem fi jibiti gba miliọnu meje naira lọwọ rẹ n’Ijẹbu-Ode",['surprise'],"['disgust', 'sadness']",['sadness'],['sadness']
yoruba_text_1967_emotion_1,"Sokoto Deborah Blasphemy: Ìjọ Kátólìkì ní Sokoto fèsì sí ikọlù s'àwon ilé ìjósìn,wo ohun tí Kukah sọ",[],[],['anger'],[]
yoruba_text_3864_emotion_1,Awọn agbebọn ṣeku pa olori awọn Fulani labule kan ni Kwara ,['sadness'],['sadness'],['sadness'],['sadness']
yoruba_text_1498_emotion_1,"Obasanjọ's Birthday: Nàìjíríà yóò túbọ̀ máa wojú ààrẹ àná Olusegun Obasanjo fún ẹkọ́, ọgbọ́n àti ìmọ̀ láti tukọ̀ orílẹ̀-èdè yìí- Buhari",['joy'],[],[],[]
yoruba_text_686_emotion_1,India: Ọkùnrin kan yọ kindinrin ìyàwó rẹ,['surprise'],"['disgust', 'sadness']",['surprise'],['surprise']
yoruba_text_4320_emotion_1,Sanwo-Olu ni yoo ṣaaju ipolongo ibo Akeredolu l’Ondo,[],[],[],[]
yoruba_text_1458_emotion_1,Muhammadu Buhari: PDP ṣàlàyé àwọn ẹ̀ṣẹ̀ ààrẹ bó ṣe ń ṣàjọyọ̀ ọ̀jọ́ ìbí,[],[],['anger'],[]
yoruba_text_4428_emotion_1,Eyi nidi ti mo fi fẹran lati maa ṣira mi silẹ-Zainab,['surprise'],[],[],[]
yoruba_text_4943_emotion_1,Emi nile-ẹjọ maa ni ki wọn bura fun sipo gomina ipinlẹ Anambra-Oludije ẹgbẹ APC,[],[],[],[]
yoruba_text_3780_emotion_1,"Awọn ọmọ ẹgbẹ okunkun ‘Black Axe’gbe iṣe wọn de Germany, mọkanla ni wọn ti mu ninu wọn",[],"['anger', 'sadness']",['sadness'],['sadness']
yoruba_text_4980_emotion_1,"N ko ti i mọ oludije fun’po gomina Ọṣun lọdun to n bọ, ṣugbọn mo mọ pe ẹgbẹ wa maa wọle pada – Bisi Akande",[],[],[],[]
yoruba_text_4343_emotion_1,"Lẹyin to ti Mecca de, Oluwoo b’ALAROYE sọrọ nipa Tinubu, idi to fi ṣi ori silẹ ni Saudi",[],[],[],[]
yoruba_text_2127_emotion_1,Kìí ṣe Fulani nìkan ló wà nínú àwọn ọ̀daràn táa mú – Amotekun Ondo,[],[],['surprise'],[]
yoruba_text_2343_emotion_1,Elegushi Romance Fraud: Ọwọ́ tẹ abánikunlé tó fi orúkọ Ọba Elegushi lu obìnrin kan ní jìbìtì ₦51m,['surprise'],[],['joy'],[]
yoruba_text_3569_emotion_1,Wọn ji oṣiṣẹ banki ati awakusa gbe n’Ibadan,['sadness'],['sadness'],['sadness'],['sadness']
yoruba_text_3461_emotion_1,"Akẹkọọ Fasiti Ifẹ meji gbe majele jẹ, ọkan ti ku ninu wọn",['sadness'],['sadness'],['sadness'],['sadness']
yoruba_text_4160_emotion_1,Aṣiri nla! Idi ti Pasitọ Bakare fi d’ọrẹ Tinubu lojiji ree o,['surprise'],[],['surprise'],['surprise']
yoruba_text_4111_emotion_1,"Ẹ jade lati dibo fẹni to ba wu yin, a ti ṣeto aabo to peye-Kọmisanna ọlọpaa Kwara ",[],[],[],[]
yoruba_text_4031_emotion_1,Ibo aarẹ 2023: Buhari fẹẹ fi Pastor Bakare rọpo Tinubu o,[],['fear'],[],[]
yoruba_text_723_emotion_1,Nigeria rape cases: Ìyá àgbà ní ọkùnrin tó mutí yó náà fipá lòpọ̀ pẹ̀lú òun lójú oorun,"['disgust', 'sadness']","['disgust', 'sadness']",['sadness'],"['disgust', 'sadness']"
yoruba_text_4245_emotion_1,"Oṣere yii pariwo: Ẹ ma ko ba mi o, ko si nnkan kan laarin emi ati MC Oluọmọ",['anger'],['fear'],['sadness'],[]
yoruba_text_1573_emotion_1,Shiloh 2020: Oyedepo ní òun kò le tòṣì láéláé! Ẹni tó bá ń bínú kàn ń bínú lásán ni,[],[],['anger'],[]
yoruba_text_3808_emotion_1,Inu mọto tawọn ọmọ iya mẹta ti n ṣere looru mu wọn pa si n’llọrin,['sadness'],['sadness'],['sadness'],['sadness']
yoruba_text_3536_emotion_1,"Ẹwa Ruth lo wọ mi loju ti mo fi fipa ba a laṣepọ, kaṣiiri ma baa tu ni mo ṣe pa a-Friday",['disgust'],"['anger', 'sadness']",[],[]
yoruba_text_203_emotion_1,"""EndSARS: Ìgbé """"a kò fẹ́ SARS mọ́"""" lára ìlú gbé lọ bá Akarigbo ìlú Remo""",['anger'],"['anger', 'fear']",['sadness'],['anger']
yoruba_text_742_emotion_1,"Ó yẹ kí a wádìí ikú tó pa Oba Lamidi Adeyemi, Baba gbọ́dọ̀ padà- Sat Guru Maharaj-ji",['sadness'],[],['anger'],[]
yoruba_text_3432_emotion_1,Aye le o! Ọmọ ọdun mẹrindinlogun ji pata obinrin mẹrinla l’Ayetoro,['surprise'],['anger'],"['sadness', 'surprise']",['surprise']
yoruba_text_3352_emotion_1,"Eyi o daa o, lẹyin oṣu kan to ṣegbeyawo lawọn Fulani darandaran pa ọkunrin yii",['sadness'],['sadness'],['sadness'],['sadness']
yoruba_text_1177_emotion_1,Dejo Tunfulu: Yomi Fabiyi ní olóògbé kò dúró gba owó iṣẹ́ tí wọ́n jọ ṣe kẹ́yìn nítorí àisàn rẹ̀,['sadness'],['sadness'],['sadness'],['sadness']
yoruba_text_613_emotion_1,Goriola Hassan: Ilé Aṣòfin Ogun ní kí Hassan wá dàhùn ẹ̀sùn tí ẹgbẹ́ ọmọbíbí ìlú rẹ̀ fi kàn-án lórí ọba tó jẹ,['anger'],['anger'],['anger'],['anger']
yoruba_text_2566_emotion_1,Palietiifu: Adeleke kede afikun ẹgbẹrun mẹẹẹdogun Naira fawọn oṣiṣẹ ijọba,"['joy', 'surprise']",['joy'],[],['joy']
yoruba_text_738_emotion_1,"James Bond: Gbajúgbajà òṣèré, Sean Connery tó ṣe fíìmù James Bond tí jáde láyé lẹ́ní ọdún 90",['sadness'],['sadness'],['sadness'],['sadness']
yoruba_text_4494_emotion_1,Sanwo-Olu ṣeleri ipese ohun amayedẹrun to pọ si i lọdun 2021,['joy'],[],[],[]
yoruba_text_758_emotion_1,"Sheu Sani kò lu jibiti, irọ́ ńlá ní wọ́n ń pa mọ́ọ- Agbẹnusọ Shehu Sani",['anger'],['sadness'],['sadness'],['sadness']
yoruba_text_3189_emotion_1,O ma ṣe o! Maaluu kan akẹkọọ-jade fasiti pa,['sadness'],['sadness'],['sadness'],['sadness']
yoruba_text_770_emotion_1,Ta bá fẹ́ rí ojú rere Ọlọ́run. Yorùbá gbọdọ̀ wẹ ara rẹ̀ mọ́ lọ́wọ́ ègún àti èpè - Akintoye,['sadness'],[],['sadness'],['sadness']
yoruba_text_1471_emotion_1,Àwọn agbésùmọ̀mí kọlu ibùdó àwọn ológun nílùú Abuja,['surprise'],['sadness'],['sadness'],['sadness']
yoruba_text_4284_emotion_1,Iku nikan lo le ni ki n ma dupo aarẹ mọ- Atiku,['surprise'],[],['anger'],[]
yoruba_text_439_emotion_1,Domestic Violence in Nigeria: Ọkùnrin tó fi sísọ́ọ̀sì gún aya rẹ̀ pa kó sí gbaga ọlọ́pàá l‘Ogun,"['disgust', 'sadness', 'surprise']",['sadness'],[],['sadness']
yoruba_text_4891_emotion_1,Awọn ọdọ kan fẹẹ ra fọọmu lati dupo aarẹ fun Tinubu,['surprise'],[],[],[]
yoruba_text_2221_emotion_1,Amotekun: Olórí ikọ̀ Amotekun l’Oyo ní àwọn ọ̀tá ìtẹ̀síwájú ń sa ipá láti ba ikọ̀ Amotekun lórúkọ jẹ́,['sadness'],[],[],[]
yoruba_text_578_emotion_1,Buhari: Femi Falana ní àṣírí ti tú pé $2.1bn owó ohun ìjagun làwọn ọ̀gá ológun pín mọ́ ara wọn lọ́wọ́,['surprise'],['disgust'],['anger'],[]
yoruba_text_4793_emotion_1,Ọṣun 2022: Awọn ẹgbẹ oṣelu kọwọ bọwe adehun alaafia pẹlu ileeṣẹ ọlọpaa,[],[],[],[]
yoruba_text_2674_emotion_1," Laycon di aṣoju ọdọ l’Ogun, gomina tun fun un ni miliọnu marun-un, ile tuntun",['surprise'],[],[],[]
yoruba_text_1132_emotion_1,"Sotitobire church news: Ilé ẹjọ́ sún ìgbẹ́jọ́ pásítọ̀ ìjọ Sotitobire sí ọjọ kẹrinla, oṣu Kẹsàn án",[],[],['sadness'],[]
yoruba_text_232_emotion_1,Ọmọ ogun orí omi gún ọlọ́pàá pa l’Ekoo,['surprise'],['sadness'],['sadness'],['sadness']
yoruba_text_561_emotion_1,"Amotekun: Toogun ní àwọn sá fún ariwo ni wọ́n ṣe ń ṣàyẹ̀wò fún ọ̀dọ́ 47,000 tó bèèrè iṣẹ́",[],['fear'],[],[]
yoruba_text_313_emotion_1,'Ikú yá ju ẹ̀sín lọ ni mo ṣe dáná sun ara mi',['sadness'],['sadness'],['sadness'],['sadness']
yoruba_text_266_emotion_1,"Air Peace: 'Rárá o, kó bá 'má jẹ́ Onyema, èyí àtàwọn ọ̀rọ̀ míì tó ń yọjú",['surprise'],[],"['anger', 'sadness']",[]
yoruba_text_3813_emotion_1,"Ẹgbẹ oṣiṣẹ yari l’Ekiti, wọn lawọn o ni i gba ki Fayẹmi ge owo-oṣu awọn ku",['anger'],['anger'],['anger'],['anger']
yoruba_text_1928_emotion_1,Àwọn ajínigbé ń bèèrè owó tuntun láti tú ẹni tí wọ́n jígbé sílẹ̀,['surprise'],"['disgust', 'sadness']",['sadness'],['sadness']
yoruba_text_391_emotion_1,Teenagers arrested in Ogun for rituals: Ilé ẹjọ́ ju ọmọkùnrin mẹ́rin tó fi olólùfẹ́ ọ̀kan lára wọn ṣe òògùn owó sí ẹ̀wọ̀n,"['sadness', 'surprise']",['disgust'],['sadness'],['sadness']
yoruba_text_4368_emotion_1,"Awọn oludije ẹgbẹ PDP kẹyin si Atiku, aworan Tinubu ni wọn n gbe sara posita wọn",['surprise'],[],['sadness'],[]
yoruba_text_4773_emotion_1,Nitori Korona: Ijọ Ridiimu fagi le isin aisun-ọdun tuntun,[],[],['disgust'],[]
yoruba_text_1246_emotion_1,Àtúntò ni Nàìjíríà nílò jùlọ lásìkò yìí fún ìdàgbàsókè - Atiku,[],[],[],[]
yoruba_text_2124_emotion_1,Brazil vs Nigeria: Ọ̀mì aláyò kọ̀ọ̀kan lakitiyan Super Eagles pẹ̀lú Brazil jásí,[],[],['sadness'],[]
yoruba_text_2089_emotion_1,Fulani Herdsmen Killing: Ẹran dídà káàkiri di ẹ̀ṣẹ̀ ní Oyo àti Ogun,['joy'],['disgust'],[],[]
yoruba_text_510_emotion_1,Sudan Coup: Mọ̀ si nípa ọ̀gágun Abdel Fattah al-Burhan tó darí ìdìtẹ̀gbàjọba ní Sudan,[],[],[],[]
yoruba_text_959_emotion_1,Death penalty for rapists: Wo ìpínlẹ̀ tó ṣẹ̀ṣẹ̀ buwọ́lu ìdájọ́ ikú f'ẹ́nikẹ́ni tó fipá báàyàn lòpọ̀,[],[],['surprise'],[]
yoruba_text_1334_emotion_1,"'Ikú ọmọ kò tíì kúrò lára mi tán, bí wọ́n ṣe tún pa ọkọ mi sínú ilé yìí kan náà lójú mi kòrókòró rèé'",['sadness'],['sadness'],['sadness'],['sadness']
yoruba_text_3978_emotion_1,Bisi Akande atawọn agbaagba APC ilẹ Yoruba kan ṣepade bonkẹlẹ pẹlu Buhari,[],[],[],[]
yoruba_text_1252_emotion_1,Baba Suwe: Ọmọ olóògbé ní wàhálà tí bàbá òun kojú lọ́wọ́ NDLEA kò tán lára rẹ́ tó fí kú,['sadness'],['sadness'],['sadness'],['sadness']
yoruba_text_3480_emotion_1,"Lẹyin ti mo fipa ba ọrẹbinrin mi lo pọ tan ni mo ni ki aburo mi naa ṣe bẹe, ọti ti mo mu lo fa a– Ọlajuwọn",['disgust'],['sadness'],['sadness'],['sadness']
yoruba_text_1547_emotion_1,Akure Lady Suicide: A kò ní ṣe ìwádìí kankan lórí òṣìṣẹ́ Shoprite tí wọ́n ló gba ẹ̀mí ara rẹ̀ nílùú Akure-Ọlọ́páà,['surprise'],[],[],[]
yoruba_text_4903_emotion_1,Funkẹ Akindele ra mọto olowo nla,['surprise'],['joy'],['joy'],['joy']
yoruba_text_1774_emotion_1,Omohtee Twitter: Ìrora púpọ̀ ni mo là kọjá lẹ́yìn iṣẹ́ abẹ tí mo ṣe láti jẹ́ kí ìdí mi tóbi sii - Omotola Taiwo,"['sadness', 'surprise']",['sadness'],[],['sadness']
yoruba_text_116_emotion_1,"“Kátàkárà ní ìbò gómìnà Osun, ’ìkòkò ọbẹ̀‘ àti ‘ọmọ́bọ́láńlé’ ló fi owó dárà láàrin ara wọn”",[],['disgust'],['disgust'],['disgust']
yoruba_text_2330_emotion_1,"Ọ﻿lọ́pàá ìpínlẹ̀ nìkan ló le tan ìṣòro ààbò, àwọn gómìnà 19 bọ́hùn",['sadness'],[],['anger'],[]
yoruba_text_1092_emotion_1,Ọwọ Ọlọ́pàá tẹ Oníṣègùn tó fipá bá òníbárà rẹ́ sún,['surprise'],[],"['joy', 'sadness']",[]
yoruba_text_4578_emotion_1, Ọwọ tẹ awọn ọmọ ẹgbẹ okunkun mẹta lasiko ti wọn fẹẹ lọọ kọ lu awọn OPC l’Akurẹ,['joy'],"['anger', 'sadness']",['joy'],['joy']
yoruba_text_599_emotion_1,Rape cases in Nigeria: Ọmọ ọdun 5 àti 14 ni Kalu wà nígbà tí obìnrin fipá ba lòpọ̀,"['disgust', 'sadness']","['disgust', 'sadness']",['sadness'],"['disgust', 'sadness']"
yoruba_text_1602_emotion_1,Ikoyi house collapse: Ìjọba ìpínlẹ̀ Eko sọ̀rọ̀ lórí ẹni tó ni ilé alájá 21 tó dà wó ní Ikoyi,[],[],[],[]
yoruba_text_4369_emotion_1,Oyetọla ni ile-ẹkọ awọn olukọni agba niluu Ileṣa yoo di fasiti laipẹ,"['joy', 'surprise']",[],['joy'],['joy']
yoruba_text_692_emotion_1,"Olubadan of Ibadan dead: Wọ́n ti gbé Olubadan wọ káà ilẹ̀, bí ìsìnkú Ọba Adetunji ṣe lọ nìyí",['sadness'],['sadness'],['sadness'],['sadness']
yoruba_text_4159_emotion_1,Aṣofin mẹta tun darapọ mọ APC l’Ogun,[],[],['surprise'],[]
yoruba_text_945_emotion_1,Ibrahim Babangida: Mo rọ àwọn adarí wa láti jẹ́ àwòkaṣẹ́ rere fún aráàlú,[],[],[],[]
yoruba_text_65_emotion_1,Osun Bank Robbery: Àwọn adigunjalè ti kọlu báǹkì kan ní ìpínlẹ̀ Osun,"['fear', 'surprise']",['sadness'],['sadness'],['sadness']
yoruba_text_1282_emotion_1,"""""""Àlàyé rèé lórí ìpàdé tí wọn ló wáyé láàrin Tinubu àti Wike""""""",[],[],[],[]
yoruba_text_4606_emotion_1,"Awọn ọdọ gba teṣan ọlọpaa n’Ibadan lọwọ awọn ọmọọta, wọn ko jẹ ki wọn dana sun un",['surprise'],['anger'],['joy'],[]
yoruba_text_1205_emotion_1,Ukraine and Russia crisis: Àwọn akẹ́kọ́ọ̀ dèrò àtìmọ́lé lórí ìwọ́de tako ogun tí Russia gbé ti Ukraine,['sadness'],['sadness'],['sadness'],['sadness']
yoruba_text_919_emotion_1,NINAS UN Protest: Yoruba Nation béèrè kókó nǹkan mẹ́fà lọ́wọ́ Buhari ṣáájú ìwọ́de níwájú àjọ UN,[],[],['anger'],[]
yoruba_text_1722_emotion_1,"Dare Adeboye news: Ìdílé Pásítọ̀ Dare, ọmọ́ Pásítọ̀ Adeboye fẹ́ dá wà lásìkò yìí",['sadness'],['sadness'],[],['sadness']
yoruba_text_2078_emotion_1,Ifá ti mọ ẹni tí yóò jẹ ààrẹ Naìjíríà pẹ̀lú iyì àti ìdùnnú - Àdìmúlà Ila Orangun,[],[],[],[]
yoruba_text_3250_emotion_1,Ọwọ tẹ mọkandilogun lara awọn ọmọ ẹgbẹ okunkun to n yọ awọn ara Ogun lẹnu,['joy'],['joy'],['joy'],['joy']
yoruba_text_4671_emotion_1,Ẹ maa na gbogbo owo atijọ ati tuntun lọ titi dipari ọdun yii-Ile-ẹjọ to ga ju lọ,[],['joy'],['joy'],['joy']
yoruba_text_2649_emotion_1,"Ọpẹ o, Saraki sanwo itọju ọkunrin onitiata to dubulẹ aisan",['joy'],['joy'],['joy'],['joy']
yoruba_text_2599_emotion_1,"Ohun ti Ọbasanjọ o le ṣe, ti Jonathan o le ṣe, wọn ni Buhari ti ṣe e o",['surprise'],[],['joy'],[]
yoruba_text_2618_emotion_1,"Lẹyin to ti lo ọdun mẹta lẹwọn, kootu tu Malachy silẹ, wọn ni ko jẹbi","['sadness', 'surprise']","['disgust', 'joy']","['joy', 'sadness']","['sadness', 'joy']"
yoruba_text_698_emotion_1,Ẹgbẹ́ agbẹjọ́rò NBA fọnmú lórí  bí ọlọ́pàá ṣe pa ọmọ ẹgbẹ́ rẹ̀ l‘Eko,"['anger', 'sadness']","['anger', 'sadness']",['anger'],"['anger', 'sadness']"
yoruba_text_1741_emotion_1,Tithing: Daddy Freeze àtàwọn ọmọ Nàìjíríà míì ta gbá òjíṣẹ́ Ọlọ́run torí ègún ìdá mẹ́wàá,['anger'],[],['anger'],['anger']
yoruba_text_2577_emotion_1,"Oṣere yii pariwo: Ẹ ba mi dupẹ, emi naa ti lade ori o",['joy'],['joy'],['joy'],['joy']
yoruba_text_4747_emotion_1,Wọn ti mu marun-un ninu awọn apaayan to kọ lu ṣọọṣi Katoliiki Ọwọ lọjọsi,['joy'],['joy'],['joy'],['joy']
yoruba_text_4697_emotion_1,Idajọ ile-ẹjọ to ga ju lọ ki i ṣe opin irin-ajo mi nidii oṣelu- Peter Obi,['sadness'],[],['sadness'],['sadness']
yoruba_text_3528_emotion_1,"Nitori pe wọn tapa si ofin Korona, ijọba ti ile-igbafẹ Queens Park, wọn tun gba iwe aṣẹ wọn",['surprise'],"['anger', 'fear', 'sadness']",['sadness'],['sadness']
yoruba_text_875_emotion_1,PDP convention: Ìpàdé ìdìbò 'convention' ẹgbẹ́ òṣèlú PDP ń gbìnàyá l'Abuja,[],[],[],[]
yoruba_text_1147_emotion_1,World Cancer Day: Mo pàdánù ọkọ àti ọ̀rẹ́ bí mo ṣe ni 'Cancer'- Iwalade Adebimpe Adetunji,['sadness'],['sadness'],['sadness'],['sadness']
yoruba_text_4673_emotion_1,"Ileya: Ijọba Kwara fagi le ipejọpọ Yidi, ṣiṣi ile itaja atawọn ibudo igbafẹ lasiko ọdun",[],['fear'],[],[]
yoruba_text_4960_emotion_1,"Nitori ayẹyẹ ọdun Hijirah, ijọba Ọṣun kede isinmi lọla  ",[],[],[],[]
yoruba_text_1289_emotion_1,Kí ló fa awuyewuye láàrín Adeleke àti Oyetola lórí ìṣákọ́lẹ̀ ìwakùsà l’Osun?,[],[],['surprise'],[]
yoruba_text_4574_emotion_1,"Ẹyin ọkunrin gidi da, Ẹniọla Badmus loun n w’ọkọ o",['surprise'],[],['surprise'],['surprise']
yoruba_text_4788_emotion_1,"Oore nla de fun Iyabọ Ojo, Jaiye Kuti ati Bọsẹ Akinọla",['surprise'],['joy'],['joy'],['joy']
yoruba_text_4675_emotion_1,Obi nikan lo pegede ju lọ lati di aarẹ Naijiria – Afẹ Babalọla,[],[],[],[]
yoruba_text_31_emotion_1,"'Àgbà ló ń ṣe Fasoranti, tó bá yá yóò ronúpìwàdà'",['anger'],"['disgust', 'sadness']",[],[]
yoruba_text_4858_emotion_1,"Ijọba gba ọkada rẹpẹtẹ nidii awọn ọlọkada niluu Eko, eyi lohun ti wọn fi i ṣe",[],[],['sadness'],[]
yoruba_text_3788_emotion_1,"Awọn araalu pariwo l’Ọṣun: Iya yii ti pọ ju, ṣe lawọn elepo mọ-ọn-mọ n gbe e pamọ o",['sadness'],['sadness'],['sadness'],['sadness']
yoruba_text_2910_emotion_1,"Ẹ wo Saliu, ọkada lo ji gbe ni teṣan ọlọpaa l’Ekoo",['surprise'],[],[],[]
yoruba_text_2701_emotion_1,"Awọn agbebọn kogun ja ilu yii, eeyan mẹfa ni wọn pa lọjo ọdun Ileya    ","['fear', 'sadness']",['sadness'],['sadness'],['sadness']
yoruba_text_4424_emotion_1,Nitori ki n le baa fun ọkọ mi lọmu mu ni mo ṣe fẹẹ bimọ kẹrin,['surprise'],[],[],[]
yoruba_text_2079_emotion_1,"Aisha Buhari: Afenifere, PDP, ajàfẹ́tọ̀ọ́ ẹni ni àgbà Buhari kò tolé",[],[],['anger'],[]
yoruba_text_3596_emotion_1,Ẹgbẹrun mẹwaa naira lawọn Fulani lawọn yoo san fun oko ẹgẹ eeka mẹfa ti wọn fi maaluu jẹ n’Igangan,['surprise'],"['anger', 'sadness']",['sadness'],['sadness']
yoruba_text_4183_emotion_1,PDP maa fara mọ abajade esi idibo ti INEC ba kede-Tambuwal,[],[],[],[]
yoruba_text_1779_emotion_1,Domestic Violence: Ṣe lóòtọ́ ni pé àwọn obìnrin máa n lù ọkùnrin nínú ilé gẹ́gẹ́ bi olólùfẹ́,['surprise'],[],['surprise'],['surprise']
yoruba_text_3243_emotion_1,Ki lo n ṣẹlẹ: Ijọba Buhari fẹẹ gba Amọtẹkun lọwọ awọn Yoruba!,['surprise'],['fear'],['anger'],[]
yoruba_text_2740_emotion_1,"Wọn ti ri i mu o, dẹrẹba to pa tọkọ-tiyawo sinu ile wọn l’Abuja",['joy'],"['fear', 'sadness']",['joy'],['joy']
yoruba_text_1539_emotion_1,Mother Language Day: Ẹgbẹ́ Akọ́mọlédè l‘Eko ṣe káre sí BBC Yorùbá fún àgbéga àṣà,['joy'],[],['joy'],['joy']
yoruba_text_848_emotion_1,Iskilu Wakili arrested: Ṣé èèyàn máa ń gba ìran ẹ̀ sílẹ̀ kó di ogun ní? - Oyo OPC,[],[],"['fear', 'sadness']",[]
yoruba_text_1323_emotion_1,Ẹbí fi mí ṣe ẹlẹ́yà torí mo yan iṣẹ́ télọ̀ láàyò sí ẹ̀kọ́ ìwé,['sadness'],['sadness'],['sadness'],['sadness']
yoruba_text_2673_emotion_1,"Buhari ko lahun rara, o fun mi lọpọlọpọ owo dọla nigba kan – Fẹmi Adeṣina",[],[],[],[]
yoruba_text_2749_emotion_1,"Awọn Fulani ti kọyin si ofin ‘ma-fẹran-jẹko’, wọn ti tun n da maaluu kiri igboro l’Ondo",['surprise'],[],[],[]
yoruba_text_2097_emotion_1,Nigeria vs Benin: Àwọn ọmọ Nàìjíríà bu ẹnu ẹ̀tẹ́ lu NTA lórí ìgbóhùnsáfẹ́fẹ́ wọn,['sadness'],[],['anger'],[]
yoruba_text_124_emotion_1,Divorce: Ilé ẹjọ́ tú ìgbéyàwó ọdún mẹ́tàdínlógún ká nítorí ààlè yíyàn,"['sadness', 'surprise']",['sadness'],['sadness'],['sadness']
yoruba_text_4698_emotion_1,A fara mọ bi Peter Obi ṣe lọ si ile-ẹjọ to ga ju lọ-Ẹgbẹ Afẹnifẹre,[],[],['joy'],[]
yoruba_text_4944_emotion_1,Aṣiri ohun ti wọn ko ṣe kọlu Aafin mi ree- Oluwoo,[],[],['surprise'],[]
yoruba_text_2776_emotion_1,"Nitori to ji foonu ero to gbe sa lọ, wọn lu onikẹkẹ Maruwa lalubami n’llọrin ","['disgust', 'sadness']",['sadness'],['sadness'],['sadness']
yoruba_text_1563_emotion_1,‘’Ọ̀ga mí pàṣẹ kí ń ma bá ó kéré tán ọkùnrin mẹ́wàá sùn lójúmọ́’’- Ọmọ ọdún mẹ́rìnlá,"['disgust', 'sadness', 'surprise']",['disgust'],['sadness'],"['disgust', 'sadness']"
yoruba_text_288_emotion_1,Rotten Tomatoes: Ìdí tí Tòmátò ẹ̀sà kò ṣe dára fún ìlera yín; wo àwọn kókó márùn-ún yìí,[],['fear'],['surprise'],[]
yoruba_text_1460_emotion_1,"Lateef Adedimeji: Adebimpe Oyebade kọ́ ni àfẹ́sọ́nà mi, ọ̀rẹ́ lásán la jẹ́",[],[],['surprise'],[]
yoruba_text_17_emotion_1,Ọwọ́ agbófinró tẹ Olùkọ́ tó jí aṣọ ọlọ́pàá kó ní Abeokuta ṣùgbọ́n tó ń díbọ́n bíi ọlọ́pàá ní Ibadan,['surprise'],"['disgust', 'joy']",['surprise'],['surprise']
yoruba_text_1873_emotion_1,ASUU Strike: Ẹ má torí ìyansẹ́lódì ASUU dá ètò òṣèlú rú- Ààrẹ ilé aṣòfin àgbà sì ẹgbẹ́ akẹ́kọ̀ọ́ NANS,['anger'],[],['fear'],[]
yoruba_text_3801_emotion_1,"Eyi ni bi igbakeji ọga ọlọpaa patapata ṣe ṣubu lulẹ ninu ọfiisi rẹ, to si ku patapata",['sadness'],['sadness'],['sadness'],['sadness']
yoruba_text_907_emotion_1,Bola Tinubu: Buhari gba 50m ọ̀dọ́ síṣẹ́ ológun láti pèsè iṣẹ́ àti kojú ìwà ọ̀daràn,[],[],['joy'],[]
yoruba_text_2763_emotion_1,"Abass ta mọto fun Emmanuel, bo ṣe gbowo tan lo gun un labẹrẹ pa","['sadness', 'surprise']",['sadness'],['sadness'],['sadness']
yoruba_text_1005_emotion_1,Àlàyé rèé lórí bí 'Popular Jingo' ṣé dí inagijẹ akọrin Juju tó bí Wale Thompson 'Lalalẹ Friday',[],[],['joy'],[]
yoruba_text_4131_emotion_1,Buhari gbe igbimọ ti yoo ṣe amulo ofin tuntun lori ọrọ-epo bẹntiroolu kalẹ,[],[],[],[]
yoruba_text_4170_emotion_1,"Nitori owo-ori (VAT) ati ofin ma fẹran-jẹko, awọn ọba ati gomina Oke-Ọya wọle ipade",[],[],['joy'],[]
yoruba_text_3503_emotion_1,"Ọbasanjọ ni Buruji Kaṣamu sa fawọn ọlọpaa aye, ṣugbọn ko le sa fawọn ọlọpaa ọrun",[],['anger'],[],[]
yoruba_text_2912_emotion_1,Wahala mi-in tu n bọ o! Awọn aafaa Ilọrin fẹẹ gbena woju obinrin to n ṣe ẹṣin Musulumi ati Kirisitẹni papọ,['anger'],['fear'],['surprise'],[]
yoruba_text_3557_emotion_1,Awọn aṣọbode atijọba n fi ayẹwo Korona lu wa ni jibiti ni o – Kunle Afọlayan,['sadness'],['fear'],['anger'],[]
yoruba_text_2735_emotion_1,"Lai Muhammed kọlu awọn to sọna sileeṣẹ Tinubu, o ni ọta oniroyin ati dẹmokiresi ni wọn",['anger'],[],['anger'],['anger']
yoruba_text_1519_emotion_1,Bi adẹrinpoṣonu Stephen Sotonwa ṣé kàgbákò ikú nínú ìjàmbá ọkọ̀ ní Ondo nìyìí,['sadness'],['sadness'],['sadness'],['sadness']
yoruba_text_3326_emotion_1,Ọwọ ti tẹ ọkan ninu awọn ajinigbe to yinbọn pa awakọ l’Akunnu Akoko,['sadness'],['joy'],['joy'],['joy']
yoruba_text_1152_emotion_1,"Afghanistan: Taliban gbé òfin kalẹ̀ lórí àwọn Obìnrin atọ́kùn ètò, bó ojú rẹ tóo bá fẹ́ ka ìròyìn bí bẹ́ẹ̀ kọ́.....",['surprise'],[],['anger'],[]
yoruba_text_3371_emotion_1,"Ẹ ṣọra fun jijẹ tọki ati ṣinkin ti wọn ko sinu yinyin wa lati ilẹ okeere, kẹmika ti wọn n lo ni mọṣuari ni wọn n fi si i- NAFDAC",['surprise'],['fear'],['fear'],['fear']
yoruba_text_855_emotion_1,"Florence Onwuasoanya: Mo jẹ́ àsejẹ, mo mu àgbo tí kò ṣe e fẹnu sọ kí ń lè gbé ọmọ jó ṣùgbọn...",['sadness'],['surprise'],['sadness'],['sadness']
yoruba_text_2356_emotion_1,Ọwó ọlọpàá tẹ adigunjalè márun un àti babaláwo tó ń ṣògùn fún wọn ni Imo,['surprise'],['joy'],['joy'],['joy']
yoruba_text_1492_emotion_1,Ibadan Violence: Bí ìkọlù jàǹdùkú sí àgọ ọlọ́pàá Mapo ní Ibadan ṣe wáyé rèé,[],[],[],[]
yoruba_text_4920_emotion_1,Laide Bakare ṣayẹyẹ ọjọọbi alarinrin fun Toyọsi Adesanya,[],['joy'],['joy'],['joy']
yoruba_text_1475_emotion_1,Lagos-Ibadan Expressway Fire: Kíló fa iná tó sọ ní òpópónà Ibadan sí Eko tó gbẹ̀mí ènìyàn tí ọ̀pọ̀lọpọ̀ ọkọ̀ sì jóná?,"['sadness', 'surprise']",['sadness'],['disgust'],['sadness']
yoruba_text_4626_emotion_1,"Ọrọ Sunday Igboho: A o ni i sọ iṣẹ ti a n ṣe lori ẹ sita, ṣugbọn a ko dakẹ rara – Afẹnifẹre",[],[],[],[]
yoruba_text_2412_emotion_1,"Sunday Igboho in Benin republic: Ẹ máṣe dágunlá, nǹkan àmúṣagbára ìṣẹ̀mbáyé ilẹ̀ Yorùbá ṣì wà bíi ti àtijọ́ -Ààrẹ ọ̀nà kakanfò Gani Adams",[],[],[],[]
yoruba_text_634_emotion_1,Arsenal fọ́ Sevilla lẹ́nu pẹ̀lú góòlù 6-0,['surprise'],[],['joy'],[]
yoruba_text_1483_emotion_1,"Christmas celebrations: Báyìí ni Odunlade Adekọla, Mide Martins, Mercy Aigbe àtàwọn òṣèré fíìmù Yorùbá míràn kí àwọn olólùfẹ́ wọn kú ọdún",[],[],[],[]
yoruba_text_371_emotion_1,"N kò fi Peter Obi ṣe ààyò olùdíje ààrẹ, máà kéde èròǹgbà mi fún Nàíjíríà láìpẹ́ – Obasanjo",[],[],[],[]
yoruba_text_847_emotion_1,"Sunday Igboho: Àwọn ẹgbẹ́ aláriwo tó gbìyànjú láti fún mi ní ówó gan, mo kọ̀ọ́- Agbẹ́jòrò Sunday Igboho",[],[],['anger'],[]
yoruba_text_4123_emotion_1,Omi ma ti fẹẹ gbe wọn lọ ni Lafiagi,['sadness'],['fear'],"['sadness', 'surprise']",['sadness']
yoruba_text_4238_emotion_1,Eyi nidi ti mo ṣe bọra sihooho leti okun nitori Tinubu-Ọlaiya Igwe,['surprise'],[],[],[]
yoruba_text_3548_emotion_1,"Nitori ọgọrun-un Naira, kọndọkitọ fẹṣẹ yọ eyin ero ọko Adewale Adeoye",['surprise'],['sadness'],['sadness'],['sadness']
yoruba_text_4307_emotion_1,Olubadan gbe awọn oloye Ibadan kan ga,['joy'],['joy'],['joy'],['joy']
yoruba_text_2889_emotion_1,"Irọ lawọn ọlọpaa n pa, a o dana sun-unyan mọle ni Gaa Wakili, awọn ni wọn kọkọ yinbọn mọ wa – OPC",['anger'],['anger'],[],['anger']
yoruba_text_4185_emotion_1,"Ẹgbẹ awọn gomina sọ fun NNPCL: Ẹ yee mowo ile lọ sita, ẹ ṣatilẹyin fun ileeṣẹ epo Dangote",[],[],[],[]
yoruba_text_3981_emotion_1,Buhari n lọ si Mali loni-in o,[],[],[],[]
yoruba_text_183_emotion_1,"Tí ń bà di gómìnà, ń kó ní máa sálọ Abuja láti gba owó fi ṣé ìjọba  - Teslim Folarin",[],[],[],[]
yoruba_text_2184_emotion_1,"Corruption: Eni, eji, ẹta gómìnà tẹ̀lẹ̀rí tó ti ṣẹ̀wọ̀n nítorí ẹ̀sùn ìkówó jẹ",['surprise'],[],['surprise'],['surprise']
yoruba_text_1051_emotion_1,Timothy Adegoke: Àwọn ọ̀dọ́ Ìbàràpá yarí wọ́n tú jáde fún ìfẹ̀hónúhàn lórí ìdájọ́ ikú Timothy,['anger'],['anger'],['anger'],['anger']
yoruba_text_3537_emotion_1,Ikunlẹ abiyamọ o! Wọn gun akẹkọọ Poli Iree pa sinu ile rẹ l’Ọṣun,['sadness'],['sadness'],['sadness'],['sadness']
yoruba_text_3119_emotion_1,"O ṣẹlẹ, Yẹmi my Lover fẹsun kan Tọpẹ Alabi, o ni alaimoore ni",['anger'],['anger'],['surprise'],['anger']
yoruba_text_1790_emotion_1,Àlá àti ìlépa mi láti gba ife ẹ̀yẹ ‘World Cup’ ti dópin – Cristiano Ronaldo,[],['sadness'],['sadness'],['sadness']
yoruba_text_1633_emotion_1,Assited suicide in Austria: Mọ̀ nípa òfin tuntun tó lé mú kí èèyàn rí ìrànlọ́wọ́ ìjọ̀ba láti gbẹ̀mí ara rẹ̀ ní Austria,['surprise'],[],['surprise'],['surprise']
yoruba_text_4304_emotion_1,Ẹgbẹ to n ṣatilẹyin fun Ọṣinbajo ki Tinubu ku oriire,[],[],['joy'],[]
yoruba_text_4498_emotion_1,Cute Abiọla pin owo-oṣu rẹ akọkọ nipo oludamọran fawọn opo ati arugbo ni Kwara ,['surprise'],['surprise'],['joy'],['surprise']
yoruba_text_1816_emotion_1,Wọ́n ti iléèwòsàn pa nítorí àwọn àlùjànú tó n fi ipá bá àwọn nọ́ọ́sì lòpọ̀,['surprise'],['disgust'],['surprise'],['surprise']
yoruba_text_164_emotion_1,"Ọlọ́pàá Eko kéde orúkọ ọlọ́pàá tó ṣíná ìbọn bolẹ̀ nílé ọtí, téèyàn méjì fi kú níbi àṣeyẹ ọjọ́ ìbí 'Obama'","['disgust', 'fear']",['sadness'],"['joy', 'sadness']",['sadness']
yoruba_text_2415_emotion_1,"Igbẹ́jọ́ lórí ikú Timothy Adegoke kọ̀ láti wáyé lónì, ohun tí wọ́n sọ fáwọn Akọ̀ròyìn rèé",[],[],[],[]
yoruba_text_1516_emotion_1,Open Grazing: Làásìgbò bẹ́ sílẹ̀ lẹ́bàá Ogbomoso torí màálù tó pa bàbá ìkókó ní ìkómọ ku ọ̀la,['sadness'],"['fear', 'sadness']",['sadness'],['sadness']
yoruba_text_1367_emotion_1,Kidnapping in Ekiti: Àwọn ajínigbé kó sí gbaga ọlọ́pàá ní ìpínlẹ̀ Ekiti,[],['joy'],[],[]
yoruba_text_4861_emotion_1,Eyi ni ọrọ ti Funkẹ Akindele sọ lẹyin esi idibo gomina Eko,[],[],[],[]
yoruba_text_655_emotion_1,EndSARS Protest Update: Ìjọba ìpínlẹ̀ Eko ní àwọn ń wádìí èèyàn 229 lọ́wọ́ lórí làásìgbò tó wáyé l'Eko,[],[],[],[]
yoruba_text_3450_emotion_1,"Nitori ẹsun ifipabanilopọ, adajọ sọ agbẹ kan sẹwọn n’llọrin",['disgust'],"['anger', 'sadness']",[],[]
yoruba_text_4135_emotion_1,"Nitori ifẹhonuhan awọn Musulumi, eyi lohun ti Ṣọun Ogbomọṣọ ṣe",[],[],[],[]
yoruba_text_4417_emotion_1,"Ara gomina Eko ti ya patapata, wọn ni Koro ti kuro lara ẹ",['joy'],['joy'],['joy'],['joy']
yoruba_text_2779_emotion_1,Ọwọ ti tẹ ọkan lara awọn agbebọn to yinbọn pa Dokita ni Kwara lọjọsi   ,['joy'],"['joy', 'sadness']",['joy'],['joy']
yoruba_text_1675_emotion_1,Sean Imonioro Chukwuemeka: Oyìnbó ẹni ọdún 56 tí mo fẹ́ ní ìhùwàsí gidi ju ọ̀dọ́bìnrin ọmọ Nàìjíríà lọ,['surprise'],[],[],[]
yoruba_text_2706_emotion_1,Akẹkọọ bii ọgọrun-un daku nileewe ijọba n’Ijero-Ekiti,['surprise'],['sadness'],['surprise'],['surprise']
yoruba_text_1301_emotion_1,"Ẹ﻿̀yin afurasí ọmọ Yahoo tẹ ṣèwọ́de, a kò ní dẹ́kun àti mú u yín - EFCC",['anger'],['anger'],['anger'],['anger']
yoruba_text_4122_emotion_1,Ẹ la awọn araalu lọyẹ ki ẹ too maa mu wọn fun ẹsun ṣiṣe Naira baṣubaṣu-Oluwoo  ,[],[],[],[]
yoruba_text_385_emotion_1,"Samo Baba: Eléréepá ní mi láti kékere, ẹjọ́ sí pọ̀",['joy'],[],['joy'],['joy']
yoruba_text_4597_emotion_1,"Ọdun Itunu Aawẹ: Tinubu ko irẹsi ranṣẹ si wọn ni Kano, Nasarawa",['joy'],['joy'],['joy'],['joy']
yoruba_text_1040_emotion_1,Housemaid allegedly kills Mistress‘s Baby: Ọmọ ọ̀dọ̀ jẹ́wọ́ pé ẹgbẹ́ àjẹ́ tí òun wà ló ní kí òun mú ẹ̀jẹ̀ ọmọ ọ̀gá òun wá,"['disgust', 'surprise']","['disgust', 'sadness']",['surprise'],"['disgust', 'surprise']"
yoruba_text_762_emotion_1,Blind Oniru: Muinat Abdulfatai ní òun ro ara òun pin àmọ́ irú títà fún òun ní ìrètí ọ̀tun,"['joy', 'sadness']",[],['joy'],['joy']
yoruba_text_3435_emotion_1,"Lẹyin ọjọ kẹka ti wọn n wa wọn, wọn ba oku akẹkọọ meji nihooho ni KWASU   ",['sadness'],['sadness'],['sadness'],['sadness']
yoruba_text_1746_emotion_1,NDLEA visa clearance: Ọwọ́ agbófinró tẹ obìnrin tó gbé 'cocaine' sínú ojú ara rẹ̀ l'Abuja,"['disgust', 'surprise']",['disgust'],['sadness'],['disgust']
yoruba_text_839_emotion_1,Oyo Jailbreak: Wo ọṣẹ́ tí àwọn ẹlẹ́wọ̀n Abolongo ṣe fáwọn ará Oyo àti bí wọn ṣe rí wọn mú,[],[],['sadness'],[]
yoruba_text_373_emotion_1,"Ìwọ́ to ń gbé ìròyìn irọ́ pé mó ń ní ìbálòpọ̀ pẹ̀l'áwọn Òṣèré, wàá parẹ́ dànù! – Apostle Suleman",['anger'],['disgust'],['anger'],['anger']
yoruba_text_2291_emotion_1,"Ìjàmbá ọkọ̀ gba ẹ̀mí èèyàn mẹ́rìnlá, àwọn mẹ́ta fun farapa ní òpópónà Eko sí Ibadan",['sadness'],['sadness'],['sadness'],['sadness']
yoruba_text_222_emotion_1,A ti bẹ̀rẹ̀ ètò báyìí lát bẹ́ àwọn Bàbá ńlá wa lọ́wẹ̀ sáwọn tó ṣe ìkọlù sí Ọwọ- Olowo,['anger'],['anger'],['anger'],['anger']
yoruba_text_2027_emotion_1,Àwọn nǹkan ti yóò ṣẹlẹ̀ àti èyí tí kò níí wáyé níbi ètò ìsìnkú Pope Benedict XVI,[],[],[],[]
yoruba_text_2171_emotion_1,Premature babies: Ọ̀nà tí orin gbígbọ́ fi ń ṣèrànwọ́ f'ọpọlọ ọmọ ìkókó rèé,['surprise'],[],[],[]
yoruba_text_616_emotion_1,"Wọ́n fi ẹyin adìyẹ lé Ike Ekweremadu, kúrò níbi àṣeyẹ kan ní Germany",['surprise'],['disgust'],['surprise'],['surprise']
yoruba_text_2671_emotion_1,"Joe Biden tun ti gba Pennsylvania mọ Trump lọwọ, diẹ lo ku ti yoo fi di aarẹ America",['surprise'],[],[],[]
yoruba_text_2507_emotion_1,Sanwo-Olu kede iwosan ọfẹ fawọn opo ati arugbo l’Ekoo,"['joy', 'surprise']",['joy'],['joy'],['joy']
yoruba_text_370_emotion_1,"""""""Àna mi, ọmọ rẹ̀ méjì ló kú pẹ̀lú ọkọ́ ìyàwó tuntun àtàwọn ọ̀rẹ́ rẹ̀ lọ́jọ́ kejì ìgbéyàwó""""""",[],['sadness'],['sadness'],['sadness']
yoruba_text_1333_emotion_1,"Police vs Olokada: Kí ló fa rúgúdù láárín ọlọ́pàá àtàwọn ọlọ́kadà ní Obalende, l'Eko?",[],[],['surprise'],[]
yoruba_text_7_emotion_1,EFCC: Pàṣípáàrọ̀ owó ni Mompha fi ń bojú láti ṣe gbájúẹ̀ àti 419,"['anger', 'disgust']",['disgust'],[],['disgust']
yoruba_text_4919_emotion_1,"Obinrin to ba bimọ nipinlẹ Ọyọ, oṣu mẹfa ni yoo maa lo nile, ijọba ti fẹẹ fọwọ si i","['joy', 'surprise']",[],['joy'],['joy']
yoruba_text_4924_emotion_1,"Ọmọọba Ọlagunsoye Oyinlọla ṣọjọọbi, Alaafin ati Ọoni ki i ku oriire",['joy'],['joy'],[],['joy']
yoruba_text_47_emotion_1,"Ilẹ̀ ń j'ẹ̀nìyàn, ìyá ìyàwó gómìnà ìpínlẹ̀ Oyo tẹ́lẹ̀ Florence Ajimobi jáde láyé","['sadness', 'surprise']",['sadness'],"['sadness', 'surprise']","['sadness', 'surprise']"
yoruba_text_2082_emotion_1,"Yemi Ayebo, Yemi My Lover: Ìdí rèé tí orin kíkọ fi máa ń pò nínú sinimá mi...",[],[],[],[]
yoruba_text_1119_emotion_1,"“APC, ẹ má kábàámọ̀ lórí èsì ìbò Osun, àtúntò la nílò fajọ́ ìwájú”",['anger'],[],['sadness'],[]
yoruba_text_1973_emotion_1,June 12: Àwọn Ẹgba àti Owu ní ojúṣe Abiola yọ sílẹ̀ lẹ́yìn ọ̀pọ̀ ọdún tó jáde láyé,['sadness'],['sadness'],['sadness'],['sadness']
yoruba_text_1915_emotion_1,A ti ra ọkọ̀ akérò BRT tí yóò rọ́pò àwọn ọkọ̀ dáńfó l'EKo - Sanwo-Olu,['joy'],[],[],[]
yoruba_text_4138_emotion_1,"Ile-ẹjọ to ga ju lọ sun igbẹjọ lori nina Naira atijọ pẹlu tuntun si ọjọ kẹta, oṣu Kẹta",[],[],[],[]
yoruba_text_2616_emotion_1,Iyanu nla! Iyawo Yinka Odumakin bi ibeji s’Amẹrika,['joy'],"['joy', 'surprise']","['joy', 'surprise']","['joy', 'surprise']"
yoruba_text_2335_emotion_1,R﻿ishi Sunak di olóòtú ìjọba UK tuntun,['joy'],[],['joy'],['joy']
yoruba_text_4089_emotion_1,Ṣẹyin naa ti gbọ ohun to ṣẹlẹ laarin Funkẹ Akindele ati ṣọọṣi Sẹlẹ,['surprise'],[],['surprise'],['surprise']
yoruba_text_1168_emotion_1,"Baba Ijesha: TAMPAN ní Iyabo Ojo, Nkechi Blessing àtàwọn míì tó bá tàbùkù ẹgbẹ́ rugi oyin",['anger'],['anger'],['anger'],['anger']
yoruba_text_1901_emotion_1,Protest On Nigeria Independence Day: Aráàlú tú ẹlẹ́wọ̀n sílẹ̀ láti fẹ̀hónú hàn lọ́jọ́ àjọdún òmìnira,['surprise'],[],['anger'],[]
yoruba_text_1450_emotion_1,"Sunday Igboho: Àwọn ọmọ ogun, ọ̀tẹlẹ̀múyẹ́ DSS àtawọn òṣìṣẹ́ NSCDC ló dá mi lọ́nà",['sadness'],[],['sadness'],['sadness']
yoruba_text_1978_emotion_1,Ghana Reverend Father Kiss: Àlùfáà Obeng Larbi tọrọ àforíjì lọ́wọ́ àwọn akẹ́kọ̀ọ́ tó fi ẹnu kò lẹ́nu,"['disgust', 'surprise']",[],[],[]
yoruba_text_1193_emotion_1,"Togo Elections: Ààrẹ Gnassingbe díje fún sáà kẹ́rin, òun àti bàbá rẹ̀ ti ṣèjọba Togo fún àádọ́ta ọdún lé",['surprise'],[],['sadness'],[]
yoruba_text_400_emotion_1,Adio Atawẹwẹ: Orin Fuji ló gba iwé kíkà lọ́wọ́ mi,"['joy', 'surprise']",[],['sadness'],[]
yoruba_text_1146_emotion_1,Coronavirus: Ọmọ ilẹ̀ Italy tó kó Coronavirus wọ Naijiria kò ní àrùn náà mọ́,[],[],['surprise'],[]
yoruba_text_2628_emotion_1,"Pasuma fọmọ rẹ f’ọkọ, o ni Ayọ̀ nla ni foun",['joy'],['joy'],['joy'],['joy']
yoruba_text_683_emotion_1,"Kí ló dé táwọn àkàndá ẹ̀dá ṣe ń fẹ̀hónúhàn, èyí tó fa rògbòdìyàn l‘Eko?",[],[],['sadness'],[]
yoruba_text_3795_emotion_1," Tijani, ayederu afaa to n lu awọn obinrin ni jibiti l’Ondo ti ha",['surprise'],['anger'],['sadness'],[]
yoruba_text_550_emotion_1,Oníṣòwò ọ̀ọ̀nì àti ejò ní ẹran náà ń ṣe ara lóore láì wo èèwọ̀ àṣà àti ẹ̀sìn tó rọ̀ mọ,['sadness'],['disgust'],[],[]
yoruba_text_3301_emotion_1,"Ẹfun abeedi! Sodiq gbẹmi ara ẹ, inu kanga lo bẹ si",['sadness'],['sadness'],['surprise'],['sadness']
yoruba_text_4072_emotion_1,"Lasiko ti wọn fẹẹ gbowo itusilẹ, ẹṣọ alaabo mu awọn ajinigbe meji balẹ ni Kwara    ",['joy'],['anger'],['joy'],['joy']
yoruba_text_1649_emotion_1,"Gas Explosion: Ẹ̀mí kan bọ́, èèyàn mẹ́ta fara pa nínú ìṣẹ̀lẹ̀ ìbúgbàmù gáàsì tó wáyé l‘Eko","['disgust', 'sadness']",['sadness'],['sadness'],['sadness']
yoruba_text_2699_emotion_1,"Ọwọ tẹ Ọlamide atawọn ọrẹ ẹ, oni POS ni wọn lu ni jibiti n’llọrin",['surprise'],['disgust'],[],[]
yoruba_text_1800_emotion_1,Wo ohun ti gómìnà Akeredolu sọ nípa ìkọlù tuntun tó wáyé nílùú Owo,[],[],[],[]
yoruba_text_1085_emotion_1,Olúdije sípò gómìnà tí wọ́n ṣẹ̀ṣẹ̀ yàn jáde láyé,['sadness'],['sadness'],['sadness'],['sadness']
yoruba_text_1305_emotion_1,Ará adúgbò rí egungun Onílé lẹ́yìn ọdún mérin tó ti kú,['surprise'],['sadness'],['fear'],[]
yoruba_text_4984_emotion_1,Awọn gomina ilẹ Yoruba gba lati ṣeto isinku Akeredolu,[],[],[],[]
yoruba_text_1295_emotion_1,Dele Momodu: Mo ni gbogbo àmúyẹ láti tukọ̀ orílẹ̀-èdè Nàìjíríà ní 2023,[],[],[],[]
yoruba_text_2328_emotion_1,Victoria Aguiyi-Ironsi ti fi ayé sílẹ̀,['sadness'],['sadness'],['sadness'],['sadness']
yoruba_text_4837_emotion_1,Idi ti mo fi ṣedasilẹ ‘Alternative High School’ fawọn ọmọbinrin l’Ọṣun -Rẹmi Tinubu,[],[],[],[]
yoruba_text_3857_emotion_1,"   Pasitọ Adebayọ si tan akọrin ṣọọṣi rẹ wọ yara, lo ba  fipa ba a lo pọ l’Agbado",['disgust'],"['disgust', 'sadness']",['sadness'],"['disgust', 'sadness']"
yoruba_text_3271_emotion_1,"Ajalu buruku leleyii o, ṣọja mọkanlegun ti wọn ṣẹṣẹ wọṣẹ ologun ku ninu ijamba ọkọ",['sadness'],['sadness'],['sadness'],['sadness']
yoruba_text_716_emotion_1,"Ìdí tí èmi Pásítọ̀ ṣe ń bu owó tabua fáwọn ọ̀dọ́ ní Ṣọ́ọ̀ṣì mi, tí mo tún ń bá olórin Davido, Portable Zazzu ṣe rèé",['surprise'],[],[],[]
yoruba_text_2521_emotion_1,Ijọba apapọ kede reluwee ọfẹ lasiko Keresi ati ọdun tuntun,['joy'],['joy'],['joy'],['joy']
yoruba_text_2057_emotion_1,Gabon youth coach arrested: Olùkọ́ni ẹgbẹ́ agbábọ́ọ́lù U-17 ní Gabon dèrò àtìmọ́lé fún ẹ̀sùn fífipá bá àwọn agbábọ́ọ́lù ọ̀kùnrin sùn,"['disgust', 'surprise']",['sadness'],['sadness'],['sadness']
yoruba_text_1763_emotion_1,Saki Crisis: Yorùbá àti Bòròró ń tako ara wọn ẹni tó pa èèyàn,['anger'],[],[],[]
yoruba_text_3669_emotion_1,Wọn dana sun ileeṣẹ iwe iroyin ‘The Nation’,['surprise'],['disgust'],['sadness'],[]
yoruba_text_2663_emotion_1,Mo ti dariji gbogbo awọn to ṣẹ mi-Adeleke,['sadness'],[],[],[]
yoruba_text_929_emotion_1,Sunday Igboho: Oloye Toluwalase ti ìlú Àjàṣé-Ilé ní ẹ̀wọ̀n ní ìjìyà fún ṣiṣe ayédèrú ''Passport'' ní Benin Republic,['anger'],[],[],[]
yoruba_text_4407_emotion_1,O yẹ ki Tinubu ati gbogbo ọmọ Naijiria ṣatilẹyin fun Ọṣinbajo-Abba Aji,[],[],['sadness'],[]
yoruba_text_1781_emotion_1,Afe Babalola 2023 Elections: Wo ìdí tí àgbà amòfin fI ní ọ̀nà àbáyọ n kí Nàìjíríà ṣètò ìjọba fìdíhẹẹ́ àti ìwé òfin tuntun,[],[],['surprise'],[]
yoruba_text_4950_emotion_1, N ko kabaamọ rara pe mo kuro lọfiisi gẹgẹ bii igbakeji gomina Ondo-Agboọla,['joy'],[],[],[]
yoruba_text_1661_emotion_1,"Dead body dumped beside church in Akure: Gbogbo èèyàn jí bá òkú náà nílẹ̀ ni, kẹ́nikẹ́ni má sọ ohun tí wọn kò mọ̀","['anger', 'surprise']",['sadness'],['anger'],['anger']
yoruba_text_481_emotion_1,Lagos one-day governor: Gómìnà Sanwo-Olu gba pẹ̀lú gómìna ọlọ́jọ́ kan fún ìpínlẹ̀ Eko dámọ̀ràn lórí ìdàgbàsókè ètò ẹ̀kọ́,[],[],[],[]
yoruba_text_1165_emotion_1,Synagogue Fire Incident: Ilé ìjọsìn Synagogue ní àwọn ti pa iná náà,[],[],['surprise'],[]
yoruba_text_1408_emotion_1,Wọ́n ti bẹ̀rẹ̀ ètò ìsìnkú Asẹ́yìn tí ìlú Iseyin Oba Abdulganiy Salawudeen Adekunle Oloogunebi tó wàjà,['sadness'],['sadness'],['sadness'],['sadness']
yoruba_text_3581_emotion_1,"Lẹyin oṣu meji tawọn agbofinro gba a lọwọ awọn to fẹẹ lu u pa, ọmọkunrin yii tun lọọ ji foonu",['surprise'],"['anger', 'sadness']",['sadness'],['sadness']
yoruba_text_570_emotion_1,"Abija: Yekeen Ajileye, ọ̀gá mi nínú iṣẹ́ tíátà ṣẹ̀ mí, ó ṣẹ ẹlẹ́dàá mi","['anger', 'sadness']","['anger', 'sadness']",['anger'],"['anger', 'sadness']"
yoruba_text_704_emotion_1,Ayo Adebanjo tú pẹrẹpẹ́rẹ̀ ọ̀rọ̀ rẹ̀ lórí ìdí tí ìpó Ààrẹ ṣe tọ́ sí ẹ̀yà Igbo,[],[],['surprise'],[]
yoruba_text_4108_emotion_1,Ọbasanjọ ti sọ iye ọdun to wu u lati lo laye o,[],[],['surprise'],[]
yoruba_text_1418_emotion_1,Building Collapses In Lagos: Àlàyé lẹ́nu ará àdúgbò níbi ilé alájà mẹ́ta dàwó l'Eko,[],[],[],[]
yoruba_text_2277_emotion_1,Murder In Ibarapa: Aborode tó tún jẹ́ olóṣèlú kàgbákò ikú òjijì lọ́nà oko,['sadness'],['sadness'],['sadness'],['sadness']
yoruba_text_2423_emotion_1,Ondo election: Rotimi Akeredolu ti yan Lucky Orimisan Aiyedetiwa gẹ́gẹ́ bíi igbákejì tí wọ́n yóò jọ díje ní Ondo,[],[],[],[]
yoruba_text_3830_emotion_1,Wọn ni ina ẹlẹntiriiki to ṣẹju lo fa ijamba ina to jo ile kan gburugburu n’lọrin ,['surprise'],['sadness'],['sadness'],['sadness']
yoruba_text_2105_emotion_1,Niger School Fire: Àlàyé rèé lórí bí iná ṣe jó ogún akẹ́ẹ̀kọ́ alákọ́bẹ̀rẹ̀ pa níléèwé,"['sadness', 'surprise']",['sadness'],[],['sadness']
yoruba_text_1788_emotion_1,Yoruba Council of Elders: Ìgbìmọ̀ Àgbààgbà Yorùbá ké sí Ààrẹ Buhari pé kó kọ̀wé fipò sílẹ̀ lórí ipò tí Nàìjíríà wà,"['anger', 'sadness']","['disgust', 'sadness']",['anger'],"['anger', 'sadness']"
yoruba_text_2966_emotion_1,Ajọ NECO ti sun eto idanwo to n lọ lọwọ si ọjọ mi-in ọjọọre,[],['sadness'],[],[]
yoruba_text_4268_emotion_1,"Lati le gba kaadi idibo, Akeredolu kede isinmi ọjọ kan fawọn oṣiṣẹ ipinlẹ Ondo",[],[],[],[]
yoruba_text_470_emotion_1,Ilé ẹjọ́ Sharia ní Kaduna tú ìgbéyàwó ká nítorí àìbọ̀wọ̀ fún àna,['surprise'],['disgust'],['sadness'],[]
yoruba_text_4312_emotion_1,Ọdun Ọlọjọ: Asiko ti to fun awa ọmọ ilẹ Afrika lati wa ni iṣọkan- Bonge ,[],[],[],[]
yoruba_text_1597_emotion_1,"Taiwo Hassan Ogogo: Àwọn èèyàn kan ní Cocaine ló tú sínú mi, àwọn míì ní mo ní HIV ni",['sadness'],['disgust'],['sadness'],['sadness']
yoruba_text_418_emotion_1,"Ológun dòòlà àwọn arìnrìn àjò tó bọ́ sọ́wọ́ ajínigbé, wọ́n pa gbajúmọ̀ àjínigbé mẹ́ta",['surprise'],['joy'],['joy'],['joy']
yoruba_text_3443_emotion_1,"Nnkan de, baale ile bu sẹkun ni kootu: Fadeyi oloro niyawo mi, gbogbo ẹbi mi lo bẹru ẹ",['sadness'],['fear'],['surprise'],[]
yoruba_text_4419_emotion_1,"Ẹ gba bi mo ṣe sọ, wahala awọn Fulani ilu Igangan yoo dopin lọsẹ yii – Alaga ijọba ibilẹ Ariwa Ibarapa",[],['anger'],[],[]
yoruba_text_4410_emotion_1,Ọrẹ ki i y’ọrẹ: Aarẹ Buhari ati Tinubu pade ni London,[],[],['joy'],[]
yoruba_text_2565_emotion_1,"Ijọba mi yoo faaye gba awọn oniṣowo gbogbo nilẹ yii, ki okoowo wọn le burẹkẹ si i- Tinubu",[],[],[],[]
yoruba_text_946_emotion_1,Boko Haram: Iléeṣẹ́ ọlọ́pàá ní òun fẹ́ lo ẹṣin àti Ọ̀kadà láti ṣọ́ ìlú Abuja,[],[],[],[]
yoruba_text_963_emotion_1,Obadiah Mailafia: DSS ti fi igbákejì gómìnà CBN tó ní gómìnà kan ní Àríwá Naijiria ní Ọ̀gá Boko Haram sílẹ̀,['surprise'],[],[],[]
yoruba_text_2315_emotion_1,Indian girl killed: Bí àwọn ẹbí ọmọdébìnrin yìí ṣe nàá títí tó fi gbé ẹ̀mí mì,['sadness'],"['disgust', 'sadness']",['sadness'],['sadness']
yoruba_text_1657_emotion_1,Ilorin Killing: Ọmọ kan ṣoṣo lọ́wọ́ ìyá rẹ̀ dèrò ọrun torí ááwọ̀ báńgà ní Mọ́ṣáláṣí,['sadness'],['sadness'],['sadness'],['sadness']
yoruba_text_1366_emotion_1,"Yoruba kings that died recently: Alaafin, àti ọba ilẹ̀ Yorùbá márùn-ún mìí tó wàjà láàrin oṣù márùn-ùn péré","['sadness', 'surprise']",['sadness'],['sadness'],['sadness']
yoruba_text_4449_emotion_1,Ọlọrun lo paṣẹ fun mi pe ki n lọ seti okun nihooho lati gbadura fun Aṣiwaju-Ọlaiya Igwe,['surprise'],['disgust'],[],[]
yoruba_text_3599_emotion_1,Ile-ẹjọ ṣekilọ: Buhari ati CBN ko gbọ fi kun ọjọ ti wọn yoo fi paarọ owo atijọ mọ,[],['anger'],['anger'],['anger']
yoruba_text_1020_emotion_1,Ondo Doctors strike: Àwọn aláìsàn ń padà lọ sílé lẹ́yìn tí àwọn Dókítà bẹ̀rẹ̀ ìyànṣẹ́lódì ní Ondo,['sadness'],['sadness'],['sadness'],['sadness']
yoruba_text_426_emotion_1,Ohun tí ó yé kóò kọ́ nípa ìròyìn òfégè ṣáájú ìdìbò 2023,[],[],[],[]
yoruba_text_4455_emotion_1,"Nitori ipo igbakeji gomina, awọn oludije n pada lẹyin Jẹgẹdẹ lọkọọkan",['sadness'],['sadness'],[],['sadness']
yoruba_text_3698_emotion_1,Eeyan kan dero ọrun nibi ija agba awọn ọmọ ẹgbẹ okunkun n’llọrin ,['sadness'],['sadness'],['sadness'],['sadness']
yoruba_text_2757_emotion_1,"Makinde ti ileeṣẹ awọn Chinese pa n’Ibadan, o tun sọ awọn oṣiṣẹ wọn satimọle",['surprise'],['sadness'],[],[]
yoruba_text_3541_emotion_1,Iru ki waa leleyii! Wọn ṣa eeyan marun-un pa ni Mọdakẹkẹ,['sadness'],['sadness'],['sadness'],['sadness']
yoruba_text_1033_emotion_1,Mama Rainbow: iṣẹ́ tíátà kò ta sánsán mọ́ bíi ti ayé àtijọ́,[],['fear'],['sadness'],[]
yoruba_text_1940_emotion_1,Àwọn afurasí ajínigbé bẹ́ orí kánsélọ̀ tó lọ dóòlà ará ìlú rẹ̀ tí wọ́n jígbé,['sadness'],['sadness'],['sadness'],['sadness']
yoruba_text_1210_emotion_1,Professor Peller: Ọlọ́wọ́ idán àkọ́kọ́ nílẹ̀ Áfíríkà tó ń pidán fáwọn aṣaájú orílẹ̀èdè,['surprise'],[],[],[]
yoruba_text_4468_emotion_1,Idi ti oludije fun’po aarẹ fi gbọdọ wa lati Aarin-Gbungbun Ariwa ilẹ wa ni 2023 ree-Baraje ,[],[],[],[]
yoruba_text_2588_emotion_1,Ileeṣẹ Quickteller Paypoint fun awọn alagbata wọn lẹbun rẹpẹtẹ,['surprise'],[],[],[]
yoruba_text_2826_emotion_1,Lẹyin ti baale ile yii pa iyawo ẹ tan loun naa gbe majele jẹ,"['sadness', 'surprise']",['sadness'],['sadness'],['sadness']
yoruba_text_3172_emotion_1,Awọn agbebọn tun ji akẹkọọ fasiti meji gbe sa lọ  nipinlẹ Taraba,['sadness'],['sadness'],['sadness'],['sadness']
yoruba_text_2040_emotion_1,"Badirat Ajoke sọ pé òun fínnú-fíndọ̀ fi ààfìn Oyo sílẹ̀ ni, wọ́n kò lé òun",[],[],['anger'],[]
yoruba_text_3554_emotion_1,Ọkunrin ti wọn ka ẹya ara eeyan mọ lọwọ l’Ọṣun ni akoba ni,"['disgust', 'surprise']",['fear'],[],[]
yoruba_text_2445_emotion_1,Russia Boxer: Abẹ̀ṣẹ́kùbíòjò dágbére fáyé lásìkó ìjà rẹ,['sadness'],['sadness'],['sadness'],['sadness']
yoruba_text_3011_emotion_1,"Iyawo olori ileegbimọ aṣofin Ọṣun tẹlẹ, Najeem Salaam, ti ku o",['sadness'],['sadness'],['sadness'],['sadness']
yoruba_text_307_emotion_1,Motilola Adekunle: Èmi àti ọkọ́ mi ti gbà láti yàgò fún ara wa,"['sadness', 'surprise']",['sadness'],['sadness'],['sadness']
yoruba_text_2307_emotion_1,Seyi Makinde: Ọ̀sẹ̀ àkọ́kọ́ ní December ni màá sìnkú ìyá mí,['sadness'],[],['sadness'],['sadness']
yoruba_text_4200_emotion_1," Bo ba jẹ emi ni aarẹ Naijiria, eyi lohun ti ma a ṣe lori mọto tawọn aṣofin ra- Peter Obi",[],[],['sadness'],[]
yoruba_text_4301_emotion_1,Wọn ti tu Imaamu agba ti wọn ji gbe ni Ùsò silẹ,['joy'],['joy'],['joy'],['joy']
yoruba_text_1841_emotion_1,Timothy Adegoke: Falana sọ fún ọ̀gá ọlọ́pàá láti dáwọn afurasí lórí ikú Timothy Adegoke padà sí Osun,[],[],[],[]
yoruba_text_4201_emotion_1,Korona yoo dohun igbagbe nilẹ wa laipẹ – Ọọni Ogunwusi,[],[],[],[]
yoruba_text_3835_emotion_1,"Abẹẹ ri Wasiu, niṣe lo jira rẹ gbe pamọ n’llọrin, lo ba n beere owo itusilẹ lọwọ obi ẹ ",['surprise'],['disgust'],['surprise'],['surprise']
yoruba_text_3853_emotion_1,Ẹwọn gbere ni adajo ju baale ile to fipa b’ọmọ ọdun marun-un sun l’Ekoo si,['disgust'],['disgust'],"['anger', 'joy']",['disgust']
yoruba_text_765_emotion_1,Ẹ̀rọ CCTV tú àsírí ọkùnrin ẹni ọgbọ̀n ọdún tó fi ipá bá ọmọ ọdún mọ́kànlá lòpọ̀,"['disgust', 'sadness', 'surprise']","['disgust', 'sadness']",['sadness'],"['disgust', 'sadness']"
yoruba_text_4721_emotion_1,Idasilẹ ọlọpaa ibilẹ lọna abayọ si iṣoro eto aabo-Ajulọ,[],[],[],[]
yoruba_text_3408_emotion_1,"Akin gbe ọrẹbinrin rẹ lọ sile Kabiru, lẹyin to fipa ba a lo pọ tan ni wọn ge e si wẹwẹ l’Apomu",['disgust'],['sadness'],['sadness'],['sadness']
yoruba_text_37_emotion_1,Yoruba Nation: Kò sí ẹni tàbí ohun tó le mú mi yi ìpinnu padà lórí Yorùbá Nation - Banji Akintoye,['anger'],[],[],[]
yoruba_text_4730_emotion_1,Eto idibo to gbe mi depo lo daa ju ninu itan orileede yii-Tinubu,['joy'],[],['joy'],['joy']
yoruba_text_2913_emotion_1,"Awọn araalu yari, wọn ni dandan ni ki Ọba Ọlọta Odo-Ọwa fipo silẹ",['anger'],[],['anger'],['anger']
yoruba_text_1514_emotion_1,Ibadan Murder: Shagbada pa ọ̀rẹ́bìnrin torí kò gbà kó bá a lò pọ̀,"['sadness', 'surprise']",['sadness'],['sadness'],['sadness']
yoruba_text_3067_emotion_1,Ọwọ ọlọpaa tẹ baale ile to n pọn ọti ayederu faraalu mu,"['joy', 'surprise']",['sadness'],[],[]
yoruba_text_1912_emotion_1,Tanzania church crusade: Àwọn ọmọ ìjọ náà ń sáré lọ 'wájú pẹpẹ láti gba ìfàmì òróró hàn,[],[],[],[]
yoruba_text_4137_emotion_1,   Ijọba Ogun ti gbe fọọmu sode fẹni to ba fẹẹ darapọ mọ ẹṣọ Amọtẹkun,[],[],[],[]
yoruba_text_973_emotion_1,Ogun Insecurity: Kí ló mú kí wọn dáná sun oríadé àti èèyàn mẹ́ta míì?,['surprise'],['sadness'],['surprise'],['surprise']
yoruba_text_966_emotion_1,FRSC: Ọkọ̀ agbépo tó da epo sílẹ̀ fa súnkẹrẹ-fàkẹrẹ ní Eko sí Ibadan,[],[],[],[]
yoruba_text_4532_emotion_1, Gomina Akeredolu ati Arẹgbẹṣọla pari ija ọlọjọ pipẹ to wa laarin wọn,['joy'],['joy'],['joy'],['joy']
yoruba_text_2322_emotion_1,"Ìbọn bá Olóòtú ìjọba Pakistan tẹ́lẹ̀, Imran Kahn níbi ìfẹ̀hónúhàn",['surprise'],['sadness'],['sadness'],['sadness']
yoruba_text_2264_emotion_1,"Mr Macaroni: Mo rọ àwọn ọ̀dọ́ láti múra síṣẹ́, kí wọn má sì tẹ́ńbẹ́lú ẹnikẹ́ni",[],[],[],[]
yoruba_text_4840_emotion_1,"   Ọlọpaa o le sọ pe ka ma ṣewọde ayajọ EndSARS, a maa ṣe e -Oduala",['anger'],['anger'],['anger'],['anger']
yoruba_text_1723_emotion_1,"Bunmi Akinnanu: Ọlọ́run kìí fún èèyàn méjì ní orin ẹ̀mí kan ṣoṣo, ẹ jẹ́ ká ṣe sùúrù",[],[],[],[]
yoruba_text_3876_emotion_1,"O ga o, akẹkọọ Poli Ado-Ekiti binu gbe majele jẹ nitori to fidi-rẹmi ninu idanwo rẹ",['sadness'],['sadness'],['sadness'],['sadness']
yoruba_text_95_emotion_1,Lautech: Ìjọba Ọ̀ṣun ní òun kò jẹ òṣìṣẹ́ fásitì náà lówó oṣù,[],[],['surprise'],[]
yoruba_text_4975_emotion_1,"Nibi ti mo ba a de yii, nnkan to maa ṣe ilu lanfaani ni mo maa ṣe, nitori ọpọ nnkan ni mo ri ti ẹyin ko ri",[],[],[],[]
yoruba_text_4724_emotion_1,"Lẹyin ọpọlọpọ ọdun ti wọn ti pa a ti, atunṣe bẹrẹ loju ọna Oṣogbo, Iwo si Ibadan",['joy'],['joy'],['joy'],['joy']
yoruba_text_156_emotion_1,"ILana Omo Oodua: Ẹgbẹ́ IOO jáwé gbélé ẹ fún Otunba Olukoya, fòǹtẹ̀ lu Adeleye àti Akinwande",['surprise'],['anger'],[],[]
yoruba_text_3748_emotion_1,"Nitori tiyẹn loun ko fẹ ẹ mọ, Bamiyọ pa ololufẹ rẹ l’Ode-Irele",['surprise'],"['disgust', 'sadness']",['surprise'],['surprise']
yoruba_text_1860_emotion_1,"Àìsàn onígbáméjì “Cholera” bẹ́ sílẹ̀, ogún ènìyàn ti bá a lọ","['fear', 'sadness']","['fear', 'sadness']",['sadness'],"['fear', 'sadness']"
yoruba_text_3041_emotion_1,"Awọn janduku la yin taju-taju si, ki i ṣe awọn to n ṣewọde EndSARS-Kọmiṣanna ọlọpaa Eko",[],[],[],[]
yoruba_text_576_emotion_1,''Àìsí ìṣọ̀kan láàrin Afenifere kò le ṣe àkóbá ìbò fún Tinubu'',['anger'],[],[],[]
yoruba_text_484_emotion_1,"Ìdẹ̀rùn yóò báwọn ọmọ Nàìjíríà, tí Tinubu bá di Ààrẹ - Aisha Buhari",[],[],['joy'],[]
yoruba_text_2917_emotion_1,"Ọrẹ meji dero ẹwọn ni Kwara, ọrẹ wọn ni wọn lu pa nitori ẹgbẹrun mẹrindinlọgọta Naira",['sadness'],['disgust'],[],[]
yoruba_text_3048_emotion_1,"Baba Ijẹsa ko gbadun rara lahaamọ to wa, o ti ru, ko lokun mọ rara, bẹẹ lo n tiro rin-Lọọya",['sadness'],['sadness'],['sadness'],['sadness']
yoruba_text_93_emotion_1,Kemi Afolabi on Lupus: Wo bí Kemi Afolabi ṣe ń dúpẹ́ lọ́wọ́ àwọn tó ti kàn síì pẹ̀lú owó ìtọ́jú àìsàn Lupus,"['joy', 'surprise']",['joy'],['surprise'],"['joy', 'surprise']"
yoruba_text_4196_emotion_1,2023: Mo fi ori-ade bẹ ẹyin agbaagba Yoruba lati ma ṣe jẹ ki anfaani nla yii fo wa ru-Oluwoo,[],[],['sadness'],[]
yoruba_text_2490_emotion_1,"Ikorodu Festival: Àwọn olórò ní ọdún Màgbó ló ń gbá ibi lọ, kó ire wọlé ní Ikorodu",[],[],[],[]
yoruba_text_1046_emotion_1,Salawa Abeni:Ọwọ́ ọlọ́pàá ti tẹ ẹni tó fẹ́ ba Queen Waka lórúkọjẹ́ lọ́jọ́sí,['joy'],['joy'],['joy'],['joy']
yoruba_text_1623_emotion_1,"Janet Jackson's Yoruba song: Tony Ade ti wọ́n bí sí Amẹ́ríkà ti fẹ́ padà wá Nàìjíríà, ìdí tó fi fẹ́ darí wálé rèé",['surprise'],[],[],[]
yoruba_text_2862_emotion_1,Albert ni kiyawo mu omi ti wọn fi wẹ oku ẹgbọn ẹ ti ko ba mo si iku ẹ,"['disgust', 'sadness']",['disgust'],[],['disgust']
yoruba_text_1444_emotion_1,Seyi Makinde: ₦60m ní mo gbé kalẹ̀ fún ìtọ́jú àwọn akẹ́kọ̀ọ́ ìmọ̀ òfin fún ọdún kan,['surprise'],[],[],[]
yoruba_text_1019_emotion_1,Ṣé lóòótọ́ ní pé àjọ elétò ìdìbò INEC láwọn ibùdó ìforúkọsílẹ̀ olùdìbò ti wọ́n yà sọtọ ní Niger Republic?,[],[],['surprise'],[]
yoruba_text_688_emotion_1,Who are the Talibans: Àwọn wo gan ni Taliban to da ojú ìjọba bolẹ̀ ní Afganistan?,[],['fear'],['anger'],[]
yoruba_text_1401_emotion_1,Bishop Oyedepo: Ifedayo Olarinde tó ń jẹ́ Daddy Freeze tọrọ àforíjì pé o sọ ọ̀rọ̀ ẹ̀gbin sí David Oyedepo,['surprise'],[],[],[]
yoruba_text_1951_emotion_1,Council Of Obas: Akeredolu yan Deji Akure gẹ́gẹ́ bi alága ìgbìmọ̀ àwọn ọba ni Ondo,['joy'],[],[],[]
yoruba_text_403_emotion_1,"Lassa Fever, Corona Virus: Ṣé lílo ìbòjú tàbí ìbòmú lèé dènà kíkó àjàkálẹ̀ àrùn?",[],[],['disgust'],[]
yoruba_text_2378_emotion_1,Tinubu kò bẹ̀rù àti forígbárí pẹ̀lú ẹnikẹ́ni – Femi Fani-Kayode,[],[],[],[]
yoruba_text_3998_emotion_1,Ijọba kede Ọjọruu ati Ọjọbọ gẹgẹ bii isinmi ọdun Itunu aawẹ,[],[],['joy'],[]
yoruba_text_3096_emotion_1,Awọn to n ta ko awọn gomina Guusu lori ofin fifi maaluu jẹko n fina ṣere – Fani-Kayọde,['anger'],['anger'],['anger'],['anger']
yoruba_text_1898_emotion_1,EndSARS Protest: Àwọn olùwọ́de Endsars ló já sọ́ọ̀bù kìí ṣe torí ebi - Femi Adesina,['surprise'],[],['sadness'],[]
yoruba_text_3936_emotion_1,"Eeyan meji pere ni mo ti fibọn mi pa lọdun yii, mo fi n daabo bo ara mi -Jẹmbẹ",['disgust'],['disgust'],[],['disgust']
yoruba_text_1088_emotion_1,"Ohun tí a mọ̀ nípa ìṣẹ̀lẹ̀ ikú ìyàwó adarí òṣìṣẹ́ ní ìlú Eko, Adedoyin Raliat Ayinde",[],['sadness'],[],[]
yoruba_text_2705_emotion_1, Eeyan meji ku ninu ijamba tirela ati kẹkẹ NAPEP n’Ibadan,['sadness'],['sadness'],['sadness'],['sadness']
yoruba_text_2802_emotion_1,Awọn agbebọn pa olori ilu atawọn ọmọ rẹ mẹrin,"['sadness', 'surprise']",['sadness'],['sadness'],['sadness']
yoruba_text_3417_emotion_1,"Lasiko ti wọn n fẹhonu han nitori SARS, awọn ọdọ gbe posi lorukọ Buhari l’Oṣogbo",['surprise'],['anger'],['surprise'],['surprise']
yoruba_text_3836_emotion_1,Awọn adigunjale yinbọn pa eeyan meji lasiko ti wọn kọ lu banki l’Aramọkọ-Ekiti   ,['sadness'],['sadness'],['sadness'],['sadness']
yoruba_text_636_emotion_1,APC Presidential Candidate 2023: Oluwo ní kò sí ìṣọ̀kan láàrín àwọn ọmọ Yorùbá tó ń díje ní APC,['sadness'],['fear'],['sadness'],['sadness']
yoruba_text_1572_emotion_1,"Ondo bullion van attack: Adigunjalè kọlu ''bullion van'' tó gbówó l'Ondo fún ìgbà kẹ́rin lóṣù méjì, èèyàn méjì tún kú",['sadness'],['sadness'],['sadness'],['sadness']
yoruba_text_4207_emotion_1,Ibo abẹle APC: Buhari tun wọle ipade pẹlu awọn gomina ilẹ Hausa,[],[],"['sadness', 'surprise']",[]
yoruba_text_1037_emotion_1,Àwọn ẹ̀rí kàbìtì tó ní oògùn olóró nínú tó rọ̀ mọ Abba Kyari rèé - NDLEA,[],[],['surprise'],[]
yoruba_text_663_emotion_1,Ogun rape case: Iléeṣẹ́ ọlọ́pàá ìpínlẹ̀ Ogun mú afurasí tó fipá bá èèyàn lòpọ̀ nínú ṣọ́ọ̀ṣì,['surprise'],['surprise'],['sadness'],['surprise']
yoruba_text_1118_emotion_1,Ìjọba Sanwo-Olu ṣe àgbékalẹ̀ ètò adójútòfò ìlera f'áwọn àgbààgbà òṣèré tíátà Yorùbá,['joy'],[],['joy'],['joy']
yoruba_text_3436_emotion_1,Awọn ọdọmọkunrin to bẹ ori ọrẹbinrin ọkan ninu wọn lati fi ṣoogun owo l’Abẹokuta ti foju ba kootu,['disgust'],['sadness'],[],[]
yoruba_text_3603_emotion_1,"L’Ondo, adajọ ni ki Wisdom sare lọọ lo ọdun mẹfa lẹwọn pẹlu iṣẹ aṣekara",[],['anger'],[],[]
yoruba_text_1560_emotion_1,Àwọn ajagunfẹ̀yìntì ṣe ìfẹ̀hónúhàn lórí owó oṣù àti àjẹmọ́nú wọn,['anger'],[],['anger'],['anger']
yoruba_text_1948_emotion_1,"Wo àwọn ohun tí o kò kà sí nípa mátírẹ́sì tí o ń sùn, ṣùgbọ́n tó ń ní ipa nínú ayé rẹ",['surprise'],[],['surprise'],['surprise']
yoruba_text_2217_emotion_1,Femi Adesina: Àwọn pásítọ̀ mííràn ti sọ orí pẹpẹ di ibi ti wọ́n ti ń ba ìjọba l'Órúkọ jẹ́,['sadness'],['disgust'],['sadness'],['sadness']
yoruba_text_2333_emotion_1,Ariwo Yoruba Nation yóò lólẹ́ tí Tinubu bá di Ààrẹ - Folarin,[],[],[],[]
yoruba_text_2120_emotion_1,Sowore: Àwọn olùwọ́de gbé pátákó ìkéde lọ sí ọọ́físí àjọ ọ̀tẹ́lẹ̀múyẹ́,['anger'],[],[],[]
yoruba_text_2254_emotion_1,Èèyàn méjì tó ṣẹ̀ṣẹ̀ gba Jesu gún pasítọ̀ ìjọ RCCG pa nínú ṣọ́ọ́ṣì l'Eko,"['sadness', 'surprise']",['sadness'],"['sadness', 'surprise']","['sadness', 'surprise']"
yoruba_text_2460_emotion_1,Timothy Adegoke death case: Àwọn ẹbí Rahmon Adedoyin àti Timothy Adegoke ju òkò ọ̀rọ̀ lu ara wọn nílé ẹjọ́,['anger'],['disgust'],['anger'],['anger']
yoruba_text_3969_emotion_1,"Njẹ ẹ ti gbọ, ileeṣẹ Dangote ti bẹrẹ si i fọ epo bẹntiroolu bayii o",['surprise'],['joy'],"['joy', 'surprise']","['surprise', 'joy']"
yoruba_text_3892_emotion_1,"To ba n lọ bo ṣe n lọ yii, awọn agbebọn maa fẹyin Naijiria balẹ laipẹ – Gomina Ortom",['fear'],['fear'],['fear'],['fear']
yoruba_text_2472_emotion_1,Zlatan sọ ìtumọ̀ òrin rẹ̀ tó gbòde kan,[],[],[],[]
yoruba_text_1155_emotion_1,Sunday Igboho: Amòfin ní Benin Republic kò ní fa Igboho lé Nàíjíríà lọ́wọ́ torí àdéhùn ọdún 1984,[],[],[],[]
yoruba_text_3179_emotion_1,Ẹ gba wa o! Awọn Ibaruba Kwara n dunkooko mọ ẹmi wa – Igbimọ Yoruba ,['fear'],['fear'],['fear'],['fear']
yoruba_text_3797_emotion_1,Atẹnujẹ ko ba awọn eleyii: Ọgbọn eeyan padanu ẹmi wọn nibi ti wọn ti lọọ fọ agba epo bẹntiroolu,['sadness'],"['disgust', 'sadness']",['sadness'],['sadness']
yoruba_text_2313_emotion_1,Kíni Gómìnà Sanwo-Olu sọ nípa ìṣẹ̀lẹ̀ ìpànìyàn Lekki tó ń mú awuyewuye wà lórí ayélujára?,[],[],[],[]
yoruba_text_4832_emotion_1,Ọmọ Pasitọ Adeboye dara pọ mọ awọn ọdọ to n ṣewọde SARS,[],['surprise'],['surprise'],['surprise']
yoruba_text_2318_emotion_1,"Abba Kyari: Adájọ́ ṣe àfikún sáà tí afurasí yóò ló ní àhámọ́, kó le rọrùn fún NDLEA láti ṣe ìwádìí ẹ̀sùn rẹ̀ lókè òkun",[],[],[],[]
yoruba_text_3823_emotion_1,Aye ti bajẹ o! Ọga ọlọpaa fipa ba ọmọọdun mẹtala sun mọ’nu ofiisi rẹ,['disgust'],['disgust'],['sadness'],['disgust']
yoruba_text_3719_emotion_1,Iwa tawọn tawọn DSS hu si Sunday Igboho le ṣakoba fun iṣọkan orilẹ-ede Naijiria-Awọn ọba Yoruba,['sadness'],['fear'],"['anger', 'sadness']",['sadness']
yoruba_text_2012_emotion_1,"Dapo Ojora: Ẹ̀gbọ́n ìyàwó Bukola Saraki kú l'Eko, èdè aìyedè wà lórí bó ṣe kú",['surprise'],['sadness'],['sadness'],['sadness']
yoruba_text_2486_emotion_1,Yoruba Nation: Ọ̀pọ̀ ọmọ Nàíjíríà ló ń fi ìbẹ̀rù hàn lórí ìwọ́de Yoruba Nation tí yóò wáyé ní Eko lónìí,['fear'],[],['fear'],['fear']
yoruba_text_457_emotion_1,"Daddy Freeze ti sọ̀rọ̀ lórí ẹjọ́ àgbèrè tó ṣe pẹ̀lú ìyàwó Paul Odekina, Benedicta Elechi",['surprise'],['disgust'],[],[]
yoruba_text_1732_emotion_1,Girl killed in Sokoto: Ọdún yìí ló yẹ kí Deborah parí ẹ̀kọ́ rẹ̀ kí wọ́n tó gbẹ̀mí rẹ̀ - Bàbá olóògbé,['sadness'],['sadness'],['sadness'],['sadness']
yoruba_text_3658_emotion_1,Ojowu buruku: Iyaale ile la nnkan mọ ọkọ rẹ lori nitori to n ba obinrin mi-in sọrọ lori foonu,['surprise'],"['disgust', 'sadness']",['disgust'],['disgust']
yoruba_text_1417_emotion_1,Babangida: Èròǹgbà ọmọ Nàíjíríà pọ̀ èyí tó ṣòro láti bá pàdé,['sadness'],['sadness'],['sadness'],['sadness']
yoruba_text_835_emotion_1,52 year old man rapes daughter: Ọwọ́ tẹ bàbá ẹni ọdún 52 tó ti ń bá ọmọ rẹ̀ lòpọ̀ fún ọdún,"['disgust', 'sadness', 'surprise']",['sadness'],['sadness'],['sadness']
yoruba_text_2563_emotion_1,"Ẹ fọkan balẹ, a ti pari gbogbo eto, Sunday Igboho o ni i pẹẹ kuro ninu ahamọ – Lọọya Igboho",['joy'],[],[],[]
yoruba_text_3805_emotion_1,"Ọlọpaa dero atimọle l’Ekiti, eeyan meji lo yinbọn pa",['sadness'],"['disgust', 'sadness']",[],['sadness']
yoruba_text_717_emotion_1,Afghanistan crisis: Dele Farotimi ní àwọn agbésùnmọ̀mí le gbàjọba Nàíjíríà tí ìjọba kò bá jáwọ́ nínú ojúṣàájú àti ẹlẹ́yàmẹ̀yà,['sadness'],['fear'],['sadness'],['sadness']
yoruba_text_4810_emotion_1,"Ademọla Adeleke balẹ sipinlẹ Ọṣun, o ni ki  Oyetọla maa palẹ ẹru rẹ mọ l’Abere",['surprise'],[],[],[]
yoruba_text_4053_emotion_1,Awọn akẹkọọ Musulumi lẹtọọ si lilo hijaabu ni Kwara – Ijọba,[],[],['anger'],[]
yoruba_text_2326_emotion_1,Depression: Akẹ́kọ̀ọ́ Auchi Poly tó wà ni ND2 pokùnso ní ìpínlẹ̀ Edo,"['sadness', 'surprise']",['sadness'],['sadness'],['sadness']
yoruba_text_3751_emotion_1,Adajọ ni ki ileeṣẹ ọlọpaa san miliọnu marun-un naira fun obinrin ti wọn fiya jẹ niluu Iwo lasiko igbele Korona,['joy'],[],[],[]
yoruba_text_541_emotion_1,"Ìjà ńlá bẹ́ẹ̀ sílẹ̀ láàrin ọlọ́jà àti agbèrò ni Alaba l‘Eko, ọ̀pọ̀ èèyàn fara pa, dúkìá bàjẹ́","['sadness', 'surprise']",['sadness'],['sadness'],['sadness']
yoruba_text_3714_emotion_1,"Eeyan meji ku lojiji l’Abule-Ẹgba, mọto to n ko ọti kiri lo pa wọn",['sadness'],['sadness'],['sadness'],['sadness']
yoruba_text_3209_emotion_1,"Wahala nbọ o, awọn alaṣẹ Fasiti Ifẹ atawọn eeyan ilu naa fẹẹ gbena woju ara wọn nitori ọrọ ilẹ",['anger'],['anger'],['fear'],['anger']
yoruba_text_233_emotion_1,"Nkechi Blessing: Gbogbo ẹ̀yin tó n dúró de àwòrán kí ẹ tó gbàgbọ́ pé mo ti ṣe ìgbéyàwó, ẹ má dúró pẹ́",['anger'],['anger'],['anger'],['anger']
yoruba_text_2988_emotion_1,"Inu otẹẹli lawọn SARS pa ọmọ mi si n’Iwoo, wọn tun ji miliọnu mẹrin naira rẹ lọ-Ayinla",['sadness'],['sadness'],['sadness'],['sadness']
yoruba_text_1105_emotion_1,"Ondo Accident: Kíní ọ̀nà àbáyọ sí ìjàmbá ọkọ̀ tó ń wáyé lemọ́lemọ́ ní Ọjà Akungba,ní Ondo?",['sadness'],[],['sadness'],['sadness']
yoruba_text_4253_emotion_1,Idije imọ Ede Yoruba to le sọ awọn akẹkọọ ileewe girama di miliọnia bẹrẹ ,['joy'],[],['joy'],['joy']
yoruba_text_4786_emotion_1,"Oyetọla, Adeoti ati Lasun fara han niwaju igbimọ ti yoo ṣeto idibo abẹle l’Ọṣun",[],[],[],[]
yoruba_text_1322_emotion_1,"Ibadan shoprite killing: Ọmọ tí mo tọ́ tí mo mọ̀ f'ọ́dún 21, bí wọ́n ṣe wá bá igbó lápò rẹ kò yé mi - Iya Akintunde",['sadness'],"['fear', 'sadness']",['sadness'],['sadness']
yoruba_text_4314_emotion_1,Gbenga Daniel darapọ mọ ẹgbẹ APC,[],[],[],[]
yoruba_text_3608_emotion_1,"Awọn janduku ya wọ ileeṣẹ redio Amuludun n’Ibadan, wọn ba mọto ati dukia jẹ",['surprise'],['sadness'],['sadness'],['sadness']
yoruba_text_1767_emotion_1,Ghanaian inmate bit off testicles: Ẹlẹ́wọ̀n kan wọ gàù lẹ́yìn tó gé kórópọ̀n ẹlẹ́wọn míràn,"['disgust', 'surprise']",['disgust'],['sadness'],['disgust']
yoruba_text_46_emotion_1,Akomolede: Akuko Gagara ni ìwé tó ṣàfìhàn ohun tó ń ṣẹlẹ̀ ní Nàìjíríà lásìkò yìí- Fatimo Bola Owokunle,[],[],[],[]
yoruba_text_4495_emotion_1,Ijọba ko san kọbọ fawọn ajinigbe ti wọn fi tu awọn akẹkọọ Kaduna silẹ – Minisita eto ẹkọ,['joy'],['surprise'],['surprise'],['surprise']
yoruba_text_3416_emotion_1,Adajọ sọ Maina to kowo awọn ọṣiṣẹ-fẹyinti jẹ sẹwọn ọdun mọkanlelọgọta,['surprise'],['anger'],[],[]
yoruba_text_2463_emotion_1,Emere celebration: Wo ohun tó ṣẹlẹ̀ níbi àjọ̀dún ẹgbẹ́ Emèrè Onítẹ̀síwájú l'Osogbo,[],[],[],[]
yoruba_text_4157_emotion_1,Ibo abẹle APC: Ọṣinbajo ṣepade pẹlu awọn ọmọ ẹgbẹ nipinlẹ Ọyọ,[],[],[],[]
yoruba_text_4162_emotion_1,Ladọja atawọn agba ijoye Ibadan ti yan Balogun gẹgẹ bii ọmọ oye Olubadan,[],[],[],[]
yoruba_text_605_emotion_1,Omoniyi and Elizabeth Oke Blind Couple in Ado-Ekiti: Tọkọ-taya Oke ní Ọ́ba òkè ló fi àwọn dá àrà tó wù ú,['surprise'],['surprise'],['sadness'],['surprise']
yoruba_text_467_emotion_1,Diego Maradona: Ọlọ́pàá 200 ni yóò máa ṣọ́ ibojì Maradona torí àwọn olè,['surprise'],['fear'],"['sadness', 'surprise']",['surprise']
yoruba_text_4528_emotion_1,Ọga ọlọpaa tuntun bẹrẹ iṣẹ nipinlẹ Ọyọ,[],[],[],[]
yoruba_text_2877_emotion_1,"Ọkunrin yii gun ọmọ ẹkọṣẹ telọ ni sisọọsi to ti rẹ loogun pa niluu Iwo, wọn lo fẹẹ fi i ṣoogun owo ni","['disgust', 'surprise']",['disgust'],['sadness'],['disgust']
yoruba_text_1164_emotion_1,Biodun Fatoyinbo COZA: Kò sí ààyè fún àíléso nínú isẹ́ Olúwa,[],[],['anger'],[]
yoruba_text_1116_emotion_1,Osun APC crisis: Gomina Oyetola ti pè fún alàáfíà láàrin àwọn ọmọ ẹgbẹ́ APC tí Gboyega Famodun gbé lọ sílé ẹjọ́,[],[],[],[]
yoruba_text_3997_emotion_1,Makinde da igbimọ to n mojuto eto imọtoto ayika nipinlẹ Ọyọ duro,[],['anger'],['anger'],['anger']
yoruba_text_4732_emotion_1,Eyi ni idi ti mo fi yan Okowa ni igbakeji mi-Atiku,[],[],[],[]
yoruba_text_1384_emotion_1,"Man sets girlfriend ablaze: Saka dáná sun 'ààlè' rẹ̀ tọmọ-tọmọ n'Ibadan, òun nàá tún jóná kú","['sadness', 'surprise']",['sadness'],['sadness'],['sadness']
yoruba_text_988_emotion_1,Kí ló fa kí ìbínú obìnrin burú ju ti ọkùnrin lọ láti ọdún 2017?,[],[],['surprise'],[]
yoruba_text_4828_emotion_1,Wọn ṣebura fawọn adajọ mẹjọ nile-ẹjọ to ga ju lọ,[],[],[],[]
yoruba_text_2852_emotion_1,"Olowo lawọn eeyan n pe Alaaji Ramọni ni Kwara, aṣe ajinigbe ni, ọpọlọpọ owo ni wọn ka mọ ọn  lọwọ",['surprise'],['disgust'],"['disgust', 'surprise']","['surprise', 'disgust']"
yoruba_text_2388_emotion_1,"Yoruba Nation Agitation: Ọ̀pọ̀ ẹgbẹ́ ajìjàgbara kóra sábẹ́ àbùradà kan, Ilana Omo Oodua takété",[],[],[],[]
yoruba_text_4714_emotion_1,Goodluck Jonathan ṣabẹwo si alaga APC l’Abuja,[],[],[],[]
yoruba_text_455_emotion_1,"Obìnrin méjì tó ni ibùdó tí wọ́n ti ń ta ọmọ ní N400,000 rugi oyin l‘Ogun","['disgust', 'surprise']","['anger', 'disgust']",['sadness'],['disgust']
yoruba_text_3109_emotion_1,Nibi ti Ṣẹgun atawọn ọrẹ ẹ ti n ṣepade oko ole ti wọn fẹẹ lọ lawọn ọlọpaa ka wọn mọ,['joy'],['joy'],[],['joy']
yoruba_text_3955_emotion_1,Eyi nidi ti Makinde fi rọ ọba Ibadan yii loye,[],[],[],[]
yoruba_text_4422_emotion_1,Biṣọọbu Ladigbolu naa wa ninu awọn to fẹẹ dupo Alaafin,['surprise'],['surprise'],['surprise'],['surprise']
yoruba_text_4930_emotion_1,"Makinde yoo kede Olubadan tuntun lọjọ Aje, Mọnde ",['surprise'],['joy'],['joy'],['joy']
yoruba_text_1432_emotion_1,Amotekun: Ìdí táwọn àgbà Nàìjíríà fi ń forí gbárí àti ohun tó yẹ,[],[],[],[]
yoruba_text_707_emotion_1,Coronavirus pandemic: Toyin Abrahams ṣàlàyé pé ọ̀pọ̀ àhesọ ọ̀rọ̀ tí kò ní àǹfàní ló ń jáde nípa ààrùn Coronavirus,[],[],['sadness'],[]
yoruba_text_2061_emotion_1,Samuel Okwaraji: Ó pé ọdún mọ́kànlélọ́gbọ̀n tí Samuel Okwaraji ṣubú lójú ìjà,['sadness'],['sadness'],['sadness'],['sadness']
yoruba_text_4475_emotion_1,"Oṣere ilẹ wa, Biọla Adebayọ (Eyin ọka), ṣegbeyawo",['joy'],['joy'],['joy'],['joy']
yoruba_text_3827_emotion_1,"Ẹ woju ajinigbe to pa Nabeeha, ọkan ninu awọn ọmọbinrin mẹfa ti wọn ji",['sadness'],[],['surprise'],[]
yoruba_text_1176_emotion_1,Lagos Flood: Wọ́n ṣì ń wa àwọn ọmọ méjì tí àgbàrá òjò wọ́ lọ ní Ketu l'Eko,['sadness'],['sadness'],['sadness'],['sadness']
yoruba_text_3934_emotion_1,"London ni Olugbenga n lọ, ṣugbọn ọwọ awọn apaniṣowo lo bọ si   ",['sadness'],['sadness'],['sadness'],['sadness']
yoruba_text_2489_emotion_1,Child sexual abuse: Ìdí rèé tí mi ò fi sọ̀rọ̀ nígbà tí ìbátan mi fipá bá mi lopọ̀ l'ọdún 67 sẹ́yìn,['surprise'],[],['sadness'],[]
yoruba_text_1688_emotion_1,"Ogun Police: Bàbá fìdí ọmọ ọdún márùn ún jó sítóòfù gbígbònà, ó di aláàbọ̀ara torí ó jí ẹja","['disgust', 'sadness', 'surprise']",['sadness'],['sadness'],['sadness']
yoruba_text_4844_emotion_1,Awọn aṣọbode ba ọdun Ileya jẹ mọ awọn fayawọ oniṣowo ipinlẹ Ọyọ ati Ọṣun lọwọ,['sadness'],['sadness'],['sadness'],['sadness']
yoruba_text_4562_emotion_1,Ẹkọ ede Yoruba ati Itan (History) yoo di dandan kaakiri ileewe nipinlẹ Ọṣun – Eluwọle ,[],[],[],[]
yoruba_text_3338_emotion_1,Awọn ọmọ ẹgbẹ okunkun pa eeyan mẹta l’Oṣogbo,['sadness'],['sadness'],['sadness'],['sadness']
yoruba_text_4870_emotion_1,Ileegbimọ aṣofin gbe abọ iwadii jade lori Onidaajọ Adepele Ojo,[],[],[],[]
yoruba_text_132_emotion_1,Timothy Adegoke Vs Rahmon Adedoyin: Ẹbí Adedoyin korò ojú sí ọ̀rọ̀ tó ń lọ lórí ayelujára nípa ìgbẹ́jọ́ wọn,['sadness'],['anger'],['anger'],['anger']
yoruba_text_1258_emotion_1,"Wọ́n lù mí, kódà wọ́n ya aṣọ mọ́ mi lọ́rùn ní Alaba- Lawal Waheed",['surprise'],['sadness'],['sadness'],['sadness']
yoruba_text_1203_emotion_1,Yoruba nation rally: Ìwọ́de Yorùbá Nation tẹ̀sìwàjú nílùú Sunday Igboho lọ́jọ́ Sátidé,[],[],['anger'],[]
yoruba_text_4512_emotion_1,"Ijọba apapọ ṣi ẹnubode mẹrin, o ni kawọn yooku ṣi wa ni titi",[],[],"['joy', 'sadness']",[]
yoruba_text_2169_emotion_1,Flood: O kéré tán ènìyàn 80 ló ti d'òkú nítori òjò àrọ̀rọdá tó fa omí yalé agbara ya sọọbù,"['fear', 'sadness']",['sadness'],['sadness'],['sadness']
yoruba_text_2668_emotion_1,Sanwo-Olu fun iyawo awọn ọlọpaa to ku lasiko SARS ni miliọnu mẹwaa naira ati ẹkọ-ọfẹ fawọn ọmọ wọn,"['sadness', 'surprise']",['joy'],['joy'],['joy']
yoruba_text_4784_emotion_1,Ijọba Ogun fọwọ si iyansipo Adebajo gẹgẹ bii Orimọlusi  tuntun,[],[],[],[]
yoruba_text_4744_emotion_1,Patako ipolongo Ọṣinbajo fun ipo aarẹ lu ipinlẹ Kwara pa,[],[],[],[]
yoruba_text_4535_emotion_1,"Awọn to kọ lu redio Amuludun, n’Ibadan, ti dero ọgba ẹwọn",['joy'],"['anger', 'sadness']",[],[]
yoruba_text_2491_emotion_1,Boko Haram: Oúnjẹ́ tí wọn kó pamọ́ sínú iléẹ̀kọ́ ló mú kí wọn ṣe ìkọlù síbẹ̀,['surprise'],[],[],[]
yoruba_text_3198_emotion_1,"Ọlọpaa sa kuro ni teṣan l’Akurẹ, nitori awọn ọlọkada to fẹẹ gbẹsan iku ẹlẹgbẹ wọn ti wọn pa",['fear'],['fear'],"['anger', 'sadness']",['fear']
yoruba_text_1044_emotion_1,"Bukola Odufuwa: Mo ń ta oúnjẹ fáwọn akẹ́kọ̀ọ́, gbálẹ̀, fọ aṣọ, pọnmi láì tọrọ agbe jẹun",['sadness'],[],['joy'],[]
yoruba_text_3341_emotion_1,Awọn ajinigbe to ji Emir ni Kaduna n beere igba miliọnu naira,['surprise'],['disgust'],['sadness'],[]
yoruba_text_1103_emotion_1,Kééré o! Ilé aṣòfin America buwọ́lu ìgbèyáwò akọsákọ àti abosábo,['surprise'],[],['surprise'],['surprise']
yoruba_text_2402_emotion_1,Ilé  ẹjọ́ ti gbà pé arákùnrin tí aṣòfin àgbà Nàìjíríà kan gbé lọ  UK láti lo ẹ̀yà ara rẹ̀ kìí ṣe ọmọdé,[],[],[],[]
yoruba_text_872_emotion_1,Nasarawa lecturer viral video: Ọlọ́pàá mú olùkọ́ fásitì Lafia tí òun àti ọmọ rẹ̀ já ọmọ obìnrin kàn sí ìhòhò,"['disgust', 'surprise']","['disgust', 'sadness']",['sadness'],"['disgust', 'sadness']"
yoruba_text_2314_emotion_1,Òṣìṣẹ́ ètò ìlèra yóò jẹ́jọ́ lórí ikú Maradona,[],[],[],[]
yoruba_text_3418_emotion_1,"Nitori ọrọ ti ko to nnkan, onimọto fibinu tẹ ọlọkada pa n’Ibadan ",['sadness'],['sadness'],['sadness'],['sadness']
yoruba_text_4011_emotion_1,"Araalu kọyin si reluwee ijọba, ero kan ṣoṣo lo wọ ọ lọjọ akọkọ",[],['anger'],['anger'],['anger']
yoruba_text_2005_emotion_1,Diezani Madueke: Díẹ̀ lára ohun ìni Diezani tí ilé ẹjọ́ gbẹ́sẹ̀ lé,[],[],[],[]
yoruba_text_4722_emotion_1,"Oyetọla dẹrin-in pẹẹkẹ awọn oṣiṣẹ l’Ọṣun, o loun yoo bẹrẹ si i san owo-oṣu tuntun loṣu to n bọ",['joy'],['joy'],['joy'],['joy']
yoruba_text_453_emotion_1,Wọ̀n tẹ̀ èèyàn méjì pàá nílé jọ́sìn kan nìpínlẹ̀ Eko,"['sadness', 'surprise']",['sadness'],['sadness'],['sadness']
yoruba_text_1142_emotion_1,"Àwọn ọdẹ àtàwọn ajínigbé rọ òjò ìbọn fúnra wọn ní Akunnu-Akoko, ẹ̀mi ajínigbé kan sọnù",['fear'],['fear'],['sadness'],['fear']
yoruba_text_1145_emotion_1,Ohun tó ṣẹlẹ̀ rèé tí Adedoyin kò fi yọjú sílé ẹjọ́ l‘Ọjọ́rùú,[],[],[],[]
yoruba_text_294_emotion_1,"Ilé wó lu Bisi, ọmọ ẹ̀yìn rẹ̀ kú, wọ́n gé ẹsẹ̀ rẹ̀ tó ń jẹrà, inú ìrora ló wà ṣùgbọ́n Dókítà tún ń sọ pé...",['sadness'],['sadness'],['sadness'],['sadness']
yoruba_text_1131_emotion_1,Kaduna killings: Afurasí mẹ́jọ ti wọ gbaga agbófinró nítorí ìpànìyàn Gúúsù Kaduna,[],['sadness'],['sadness'],['sadness']
yoruba_text_2857_emotion_1,"Ni Mọdakẹkẹ, Hammed ati Ayọbami ṣa Wasiu pa, wọn lo n fowo to ri nidii iṣẹ Yahoo ṣakọ sawọn","['disgust', 'sadness']",['sadness'],['sadness'],['sadness']
yoruba_text_1308_emotion_1,Oba Adedokun Abolarin ti Oke Ila: Ó ya ọ̀pọ̀ tó súnmọ́ mi lẹ́nu bí mo ṣe ń kọ́ àwọn akẹ́kọ̀ọ́ pẹ̀lú ipò Ọba,['surprise'],['surprise'],['surprise'],['surprise']
yoruba_text_1257_emotion_1,Young widows' experience: Àwọn ọ̀dọ́ opó l'obìnrin sọ ìrírí wọn l'awùjọ àti irú ìṣẹ̀lẹ̀ tó ti gbomijé lójú wọn lẹ́yìn ikú ọkọ wọn,['sadness'],['sadness'],['sadness'],['sadness']
yoruba_text_3405_emotion_1,"Pasitọ fẹẹ kọ iyawo rẹ silẹ ni Ṣaki, lobinrin naa ba ni o ti fẹ ẹlomi-in ni",['surprise'],['anger'],[],[]
yoruba_text_2462_emotion_1,Oyo PDP Crisis: Abass Oloko ní igun tó ń fapá jánú kò le dá borí ìbò tẹ́lẹ̀ kí Seyi Makinde tó dé,[],[],[],[]
yoruba_text_3075_emotion_1,"Ijamba ina ṣẹlẹ laafin Ọọni, ọpọ dukia lo ṣofo",['sadness'],['sadness'],['sadness'],['sadness']
yoruba_text_3486_emotion_1,"Awọn agbebọn kọ lu awọn oloye ilu Ọwọ, wọn pa ẹni kan, wọn ṣe ẹlomi-in leṣe",['sadness'],['sadness'],['sadness'],['sadness']
yoruba_text_3867_emotion_1,"Portable bori ọta ẹ, o fẹṣẹ da batani si oṣere tiata yii lara",['surprise'],['disgust'],['joy'],[]
yoruba_text_3671_emotion_1,Iyanṣẹlodi: A maa da eto idibo ipinlẹ Ọṣun ati Ekiti duro- Ẹgbẹ Akẹkọọ,['anger'],[],['anger'],['anger']
yoruba_text_299_emotion_1,EURO 2020: Ẹgbẹ́ agbábọ́ọ̀lù England gbàgbọ́ pé àwọn lè gba ife ẹ̀yẹ EURO,['surprise'],[],[],[]
yoruba_text_1172_emotion_1,Pastor rapes member in Ogun: Pásítọ̀ tó fi tipá bá omidan lòpọ̀ tórí ìtúsílẹ̀ ọkọ ọrun ní ẹ̀mí ló bà lé òun,"['disgust', 'surprise']",['disgust'],['sadness'],['disgust']
yoruba_text_1219_emotion_1,"""""""Ẹ wo àwòkọ́ṣe Osinbajo, ẹ dẹ́kun lílọ sókè òkun fétó ìwòsàn""""""",[],[],['anger'],[]
yoruba_text_2198_emotion_1,"Àwọn ọmọ ìyàwó Abiola, Kudirat, wọ́ Buhari lọ iléẹjọ́, wo nǹkan tí wọ́n bèrè fún",[],['anger'],['surprise'],[]
yoruba_text_2619_emotion_1,"Ọpẹ o, awọn ajinigbe ti yọnda awọn dokita ti wọn ji gbe n’Idoani",['joy'],['joy'],['joy'],['joy']
yoruba_text_346_emotion_1,"ALGON Oyo: Aleshinloye ní ìdájọ́ ilé ẹjọ́ tó ga jùlọ làwọn ń tẹ̀lé, kò sì yẹ kó fa ìjà",[],[],[],[]
yoruba_text_45_emotion_1,Ọ̀gá Bello: Àìgbọ́n ló ń da àwọn òsèré tíátà tó ń jà lórí ayélujára láàmú,"['anger', 'disgust']",['disgust'],['anger'],"['anger', 'disgust']"
yoruba_text_122_emotion_1,Áfíríkà làwọn ènìyàn ti ń gbẹ̀mí ara wọn jùlọ lágbàáyé - WHO,"['sadness', 'surprise']",['fear'],"['fear', 'sadness', 'surprise']","['sadness', 'surprise', 'fear']"
